filter,pool_name,fee_percent,has_rewards,volume_24h,liquidity,fees_24h,apr_24h,epoch_time
All Pools,AVAX - USDC,0.05,False,1065845.0,406898.0,550.24,49.36,1785544278
All Pools,sAVAX - AVAX,0.01,False,100982.0,62057.0,10.21,6.01,1785544278
All Pools,AVAX - USDt,0.2,False,78780.0,127616.0,158.65,45.38,1785544278
All Pools,USDt - USDC,0.01,False,60365.0,162744.0,4.864,1.09,1785544278
All Pools,BTC.b - USDC,0.05,False,60202.0,565954.0,47.23,3.05,1785544278
All Pools,AUSD - USDC,0.01,False,56036.0,115958.0,5.785,1.82,1785544278
All Pools,ARENA - AVAX,0.01,False,45977.0,189790.0,4.585,0.88,1785544278
All Pools,WETH.e - USDC,0.15,False,32383.0,9929.74,48.75,179.2,1785544278
All Pools,USDt - USDC,0.005,False,31675.0,159871.0,2.27,0.52,1785544278
All Pools,JOE - USDC.e,0.3,False,26070.0,240918.0,65.17,9.87,1785544278
All Pools,JOE - AVAX,0.3,False,20234.0,194839.0,50.59,9.48,1785544278
All Pools,FOLKS - AVAX,0.25,False,16928.0,35487.0,43.94,45.19,1785544278
All Pools,AVAX - USDC,0.3,False,16232.0,342960.0,40.58,4.32,1785544278
All Pools,COQ - AVAX,0.3,False,15133.0,400273.0,37.83,3.45,1785544278
All Pools,AVAX - USDT.e,0.3,False,13888.0,464078.0,34.72,2.73,1785544278
All Pools,USDC.e - AVAX,0.3,False,12724.0,360648.0,31.81,3.22,1785544278
All Pools,JOE - USDC,0.1,False,11917.0,0.0,11.91,,1785544278
All Pools,WBTC - BTC.b,0.03,False,11724.0,66758.0,3.534,1.93,1785544278
All Pools,USDT.e - USDt,0.02,False,10936.0,44313.0,2.19,1.8,1785544278
All Pools,NXUSD - WXT,0.3,False,10627.0,446935.0,26.57,2.17,1785544278
All Pools,NOCHILL - AVAX,0.3,False,10288.0,45857.0,25.72,20.47,1785544278
All Pools,AAVE.e - AVAX,0.3,False,9712.83,255654.0,24.28,3.47,1785544278
All Pools,HOTEMIN - USDC,0.3,False,9469.4,14544.0,23.67,59.41,1785544278
All Pools,QI - AVAX,0.3,False,8945.33,114928.0,22.36,7.1,1785544278
All Pools,XAUt0 - USDt,0.04,False,8129.7,27361.0,3.709,4.95,1785544278
All Pools,USDT.e - USDC,0.02,False,7876.66,50931.0,1.59,1.14,1785544278
All Pools,USDC.e - USDC,0.02,False,7196.72,9698.87,0.72376,2.72,1785544278
All Pools,COQ - COQAI,0.3,False,5416.42,18855.0,13.54,26.21,1785544278
All Pools,AVAX - BTC.b,0.05,False,5412.47,25974.0,2.937,4.13,1785544278
All Pools,WETH.e - AVAX,0.3,False,4699.05,371027.0,11.75,1.16,1785544278
All Pools,EURC - USDC,0.03,False,3860.3,11802.0,2.016,6.24,1785544278
All Pools,JOE - USDT.e,0.3,False,3755.85,48266.0,9.39,7.1,1785544278
All Pools,USDC - XAVA,0.3,False,3016.43,417568.0,7.541,0.66,1785544278
All Pools,HUNDRED - USDC,0.3,False,2872.82,486774.0,7.182,0.54,1785544278
All Pools,MIM - AVAX,0.3,False,2346.79,128296.0,5.867,1.67,1785544278
All Pools,JOE - USDC,0.3,False,2136.99,21960.0,5.342,8.88,1785544278
All Pools,JPYC - USDC,0.04,False,2072.78,3349.14,1.244,13.56,1785544278
All Pools,KIMBO - AVAX,0.3,False,2036.09,38689.0,5.09,4.8,1785544278
All Pools,DAI.e - USDC,0.02,False,1790.45,26520.0,0.34847,0.48,1785544278
All Pools,ALOT - AVAX,0.3,False,1761.27,6555.47,4.403,24.52,1785544278
All Pools,BTC.b - AVAX,0.3,False,1727.93,105856.0,4.32,1.49,1785544278
All Pools,WBTC.e - AVAX,0.3,False,1710.82,129233.0,4.277,1.21,1785544278
All Pools,MUON - AVAX,0.3,False,1655.59,37410.0,4.139,4.04,1785544278
All Pools,GUN - AVAX,0.25,False,1543.34,8267.38,10.71,47.29,1785544278
All Pools,BUSD - USDC,0.25,False,1361.38,6572.26,3.392,18.84,1785544278
All Pools,QI - AVAX,0.25,False,1294.96,8477.01,3.281,14.13,1785544278
All Pools,NXPC - USDC,0.8,False,1246.25,406.49,10.12,908.69,1785544278
All Pools,ORNG - AVAX,0.3,False,1215.17,16385.0,3.038,6.77,1785544278
All Pools,USDt - AVAX,0.3,False,1201.93,38164.0,3.005,2.87,1785544278
All Pools,XAVA - USDC,0.8,False,1176.1,72625.0,9.435,4.74,1785544278
All Pools,AUSD - USDt,0.01,False,1167.61,53761.0,0.13353,0.09,1785544278
All Pools,BEAM - USDC,0.3,False,1105.57,62961.0,2.764,1.6,1785544278
All Pools,JEWEL - USDC,0.3,False,967.04,3846.2,2.418,22.94,1785544278
All Pools,LINK.e - AVAX,0.3,False,833.57,38555.0,2.084,1.97,1785544278
All Pools,SB - AVAX,0.3,False,833.05,5940.7,2.083,12.8,1785544278
All Pools,XAVA - AVAX,0.8,False,787.71,101752.0,6.356,2.28,1785544278
All Pools,AVAX - DAI.e,0.3,False,765.89,28205.0,1.915,2.48,1785544278
All Pools,USDT.e - USDC,0.02,False,643.53,895.24,0.07355,3.0,1785544278
All Pools,BEAM - AVAX,0.25,False,594.36,13210.0,1.5,4.14,1785544278
All Pools,BIG - AVAX,0,False,543.57,163.43,0.0,0.0,1785544278
All Pools,USDC.e - USDC,0.02,False,512.32,3886.78,0.10283,0.97,1785544278
All Pools,USDC.e - USDC,0.3,False,501.05,480226.0,1.253,0.1,1785544278
All Pools,WOLF - AVAX,0.3,False,500.58,26312.0,1.251,1.74,1785544278
All Pools,XAVA - AVAX,0.25,False,488.42,2266.77,1.245,20.05,1785544278
All Pools,AVAX - SWAP.e,0.3,False,456.93,18060.0,1.142,2.31,1785544278
All Pools,AVAX - GEC,0.3,False,432.58,25394.0,1.081,1.55,1785544278
All Pools,ZRO - AVAX,0.25,False,336.34,1501.98,0.92365,22.45,1785544278
All Pools,MU - AVAX,0.1,False,326.6,653.65,0.32678,18.25,1785544278
All Pools,BAM - AVAX,0.1,False,326.46,653.36,0.32664,18.25,1785544278
All Pools,SPYAI - AVAX,0.1,False,326.46,653.36,0.32664,18.25,1785544278
All Pools,YAPSTER - AVAX,0.1,False,326.46,653.36,0.32664,18.25,1785544278
All Pools,IT - AVAX,0.1,False,326.46,653.36,0.32664,18.25,1785544278
All Pools,STARECAT - AVAX,0.1,False,326.46,653.36,0.32664,18.25,1785544278
All Pools,TOKABU - AVAX,0.1,False,325.54,651.52,0.32572,18.25,1785544278
All Pools,SS - AVAX,0.1,False,325.53,651.51,0.32571,18.25,1785544278
All Pools,S100 - AVAX,0.1,False,325.53,651.51,0.32571,18.25,1785544278
All Pools,OCADA - AVAX,0.1,False,325.53,651.51,0.32571,18.25,1785544278
All Pools,LUIGI - AVAX,0.1,False,325.53,651.51,0.32571,18.25,1785544278
All Pools,MONA - AVAX,0.1,False,325.53,651.51,0.32571,18.25,1785544278
All Pools,POU - AVAX,0.1,False,325.53,651.51,0.32571,18.25,1785544278
All Pools,HELIX - AVAX,0.1,False,325.2,650.85,0.32538,18.25,1785544278
All Pools,LORE - AVAX,0.1,False,325.2,650.85,0.32538,18.25,1785544278
All Pools,BLACKCOIN - AVAX,0.1,False,325.2,650.85,0.32538,18.25,1785544278
All Pools,FATAL - AVAX,0.1,False,325.16,650.77,0.32534,18.25,1785544278
All Pools,CTDA - AVAX,0.1,False,325.04,650.53,0.32522,18.25,1785544278
All Pools,DADDY - AVAX,0.1,False,325.04,650.53,0.32522,18.25,1785544278
All Pools,BURRRD - AVAX,0.1,False,325.04,650.53,0.32522,18.25,1785544278
All Pools,$PEOW - AVAX,0.1,False,325.04,650.53,0.32522,18.25,1785544278
All Pools,SOLITO - AVAX,0.1,False,324.68,649.8,0.32486,18.25,1785544278
All Pools,SKY - AVAX,0.1,False,324.53,649.51,0.32471,18.25,1785544278
All Pools,BEEPE - AVAX,0.1,False,324.53,649.51,0.32471,18.25,1785544278
All Pools,UNO - AVAX,0.1,False,324.53,649.51,0.32471,18.25,1785544278
All Pools,LIZARD - AVAX,0.1,False,324.53,649.51,0.32471,18.25,1785544278
All Pools,DEFAI - AVAX,0.1,False,324.35,649.14,0.32452,18.25,1785544278
All Pools,KAMABLA - AVAX,0.1,False,324.35,649.14,0.32452,18.25,1785544278
All Pools,BABYPNUT - AVAX,0.1,False,324.35,649.14,0.32452,18.25,1785544278
All Pools,SYNAP - AVAX,0.1,False,324.14,648.73,0.32432,18.25,1785544278
All Pools,NOTIFAI - AVAX,0.1,False,324.09,648.62,0.32427,18.25,1785544278
All Pools,PURRON - AVAX,0.1,False,324.09,648.62,0.32427,18.25,1785544278
All Pools,EAGLE - AVAX,0.1,False,324.09,648.62,0.32427,18.25,1785544278
All Pools,CHILLFAM - AVAX,0.1,False,323.96,648.37,0.32414,18.25,1785544278
All Pools,TODD - AVAX,0.1,False,323.96,648.37,0.32414,18.25,1785544278
All Pools,GIRAFFES - AVAX,0.1,False,323.96,4.995,0.32414,2368.68,1785544278
All Pools,LILA - AVAX,0.1,False,323.96,648.37,0.32414,18.25,1785544278
All Pools,PTP - AVAX,0.1,False,323.96,648.37,0.32414,18.25,1785544278
All Pools,BABYASTER - AVAX,0.1,False,323.96,648.37,0.32414,18.25,1785544278
All Pools,KIRAI - AVAX,0.1,False,323.96,648.37,0.32414,18.25,1785544278
All Pools,SERSH - AVAX,0.1,False,323.87,4.902,0.32405,2413.05,1785544278
All Pools,SHELLRAISER - AVAX,0.1,False,323.87,648.18,0.32405,18.25,1785544278
All Pools,TROLLICTO - AVAX,0.1,False,323.87,648.18,0.32405,18.25,1785544278
All Pools,STACY - AVAX,0.1,False,323.87,648.18,0.32405,18.25,1785544278
All Pools,THE - AVAX,0.1,False,323.78,648.0,0.32396,18.25,1785544278
All Pools,OWO - AVAX,0.1,False,323.77,647.98,0.32395,18.25,1785544278
All Pools,LOD3 - AVAX,0.1,False,323.77,647.98,0.32395,18.25,1785544278
All Pools,ICM - AVAX,0.1,False,323.7,647.85,0.32388,18.25,1785544278
All Pools,GAY - AVAX,0.1,False,323.7,647.85,0.32388,18.25,1785544278
All Pools,REBIRTH - AVAX,0.1,False,323.7,647.85,0.32388,18.25,1785544278
All Pools,GOLDEN - AVAX,0.1,False,323.7,647.85,0.32388,18.25,1785544278
All Pools,TINGUS - AVAX,0.1,False,323.68,647.81,0.32386,18.25,1785544278
All Pools,SOLNAV - AVAX,0.1,False,323.68,647.81,0.32386,18.25,1785544278
All Pools,SOFAC - AVAX,0.1,False,323.68,647.81,0.32386,18.25,1785544278
All Pools,PJN - AVAX,0.1,False,323.68,647.81,0.32386,18.25,1785544278
All Pools,ZEREPY - AVAX,0.1,False,323.63,647.69,0.3238,18.25,1785544278
All Pools,VALEO - AVAX,0.1,False,323.63,647.69,0.3238,18.25,1785544278
All Pools,PROMPT - AVAX,0.1,False,323.63,647.69,0.3238,18.25,1785544278
All Pools,USD100 - AVAX,0.1,False,323.56,647.57,0.32374,18.25,1785544278
All Pools,TRT - AVAX,0.1,False,323.56,647.57,0.32374,18.25,1785544278
All Pools,POLAR - AVAX,0.1,False,323.56,647.57,0.32374,18.25,1785544278
All Pools,KAERU - AVAX,0.1,False,323.46,647.36,0.32364,18.25,1785544278
All Pools,ELVIS - AVAX,0.1,False,323.46,647.36,0.32364,18.25,1785544278
All Pools,CIF - AVAX,0.1,False,323.46,647.36,0.32364,18.25,1785544278
All Pools,SPERM - AVAX,0.1,False,323.46,647.36,0.32364,18.25,1785544278
All Pools,L - AVAX,0.1,False,323.44,647.33,0.32362,18.25,1785544278
All Pools,SCRIBBLI - AVAX,0.1,False,323.44,647.33,0.32362,18.25,1785544278
All Pools,PRINT - AVAX,0.1,False,323.44,647.33,0.32362,18.25,1785544278
All Pools,SHEEP - AVAX,0.1,False,323.44,647.33,0.32362,18.25,1785544278
All Pools,AICRYNODE - AVAX,0.1,False,323.44,647.33,0.32362,18.25,1785544278
All Pools,COMRADES - AVAX,0.1,False,323.44,647.33,0.32362,18.25,1785544278
All Pools,DOG8004 - AVAX,0.1,False,323.39,647.22,0.32356,18.25,1785544278
All Pools,WQ - AVAX,0.1,False,323.39,647.22,0.32356,18.25,1785544278
All Pools,BNBET - AVAX,0.1,False,323.39,647.22,0.32356,18.25,1785544278
All Pools,PUNCH - AVAX,0.1,False,323.39,647.22,0.32356,18.25,1785544278
All Pools,WAGMI - AVAX,0.1,False,323.38,647.2,0.32355,18.25,1785544278
All Pools,PBB - AVAX,0.1,False,323.38,647.2,0.32355,18.25,1785544278
All Pools,BEACON - AVAX,0.1,False,323.38,647.2,0.32355,18.25,1785544278
All Pools,RETARDIA - AVAX,0.1,False,323.38,647.2,0.32355,18.25,1785544278
All Pools,ALGOAI - AVAX,0.1,False,323.33,647.1,0.32351,18.25,1785544278
All Pools,IF - AVAX,0.1,False,323.33,647.1,0.32351,18.25,1785544278
All Pools,SNAPCAT - AVAX,0.1,False,323.33,647.1,0.32351,18.25,1785544278
All Pools,SHAKEY - AVAX,0.1,False,323.33,647.09,0.3235,18.25,1785544278
All Pools,LINGYAN - AVAX,0.1,False,323.33,647.09,0.3235,18.25,1785544278
All Pools,SFIT - AVAX,0.1,False,323.33,647.09,0.3235,18.25,1785544278
All Pools,MUSK - AVAX,0.1,False,323.33,647.09,0.3235,18.25,1785544278
All Pools,AINL - AVAX,0.1,False,323.31,647.07,0.32349,18.25,1785544278
All Pools,PEMDAS - AVAX,0.1,False,323.31,647.07,0.32349,18.25,1785544278
All Pools,AQUA - AVAX,0.1,False,323.31,647.07,0.32349,18.25,1785544278
All Pools,ROCKY - AVAX,0.1,False,323.26,646.97,0.32344,18.25,1785544278
All Pools,ABE - AVAX,0.1,False,323.26,646.97,0.32344,18.25,1785544278
All Pools,DREAM - AVAX,0.1,False,323.26,646.97,0.32344,18.25,1785544278
All Pools,ASPEN - AVAX,0.1,False,323.26,646.97,0.32344,18.25,1785544278
All Pools,WOW - AVAX,0.1,False,323.18,646.8,0.32336,18.25,1785544278
All Pools,TONIC - AVAX,0.1,False,323.18,646.8,0.32336,18.25,1785544278
All Pools,AUDIT - AVAX,0.1,False,323.18,646.8,0.32336,18.25,1785544278
All Pools,SHDZ - AVAX,0.1,False,323.18,646.8,0.32336,18.25,1785544278
All Pools,VIBE - AVAX,0.1,False,323.18,646.8,0.32336,18.25,1785544278
All Pools,BBB - AVAX,0.1,False,323.17,646.79,0.32335,18.25,1785544278
All Pools,IONX - AVAX,0.1,False,323.17,646.79,0.32335,18.25,1785544278
All Pools,UWU - AVAX,0.1,False,323.17,646.79,0.32335,18.25,1785544278
All Pools,IMPERFECT - AVAX,0.1,False,323.17,646.79,0.32335,18.25,1785544278
All Pools,DAVIDO - AVAX,0.1,False,323.17,646.79,0.32335,18.25,1785544278
All Pools,RAGE - AVAX,0.1,False,323.07,646.59,0.32325,18.25,1785544278
All Pools,LORIA - AVAX,0.1,False,323.05,646.54,0.32323,18.25,1785544278
All Pools,USDFI - AVAX,0.1,False,323.05,646.54,0.32323,18.25,1785544278
All Pools,SIMON - AVAX,0.1,False,323.05,646.54,0.32323,18.25,1785544278
All Pools,CUT - AVAX,0.1,False,323.05,646.54,0.32323,18.25,1785544278
All Pools,CT - AVAX,0.1,False,323.05,646.54,0.32323,18.25,1785544278
All Pools,FREGO - AVAX,0.1,False,323.04,646.53,0.32322,18.25,1785544278
All Pools,SAFEGROK - AVAX,0.1,False,323.04,646.53,0.32322,18.25,1785544278
All Pools,BIRDEI - AVAX,0.1,False,323.04,646.53,0.32322,18.25,1785544278
All Pools,ARCOS - AVAX,0.1,False,323.04,4.075,0.32322,2895.12,1785544278
All Pools,BFLOKI - AVAX,0.1,False,323.0,646.44,0.32317,18.25,1785544278
All Pools,DRU - AVAX,0.1,False,323.0,646.44,0.32317,18.25,1785544278
All Pools,MEMES - AVAX,0.1,False,323.0,646.44,0.32317,18.25,1785544278
All Pools,GAJAE - AVAX,0.1,False,323.0,646.44,0.32317,18.25,1785544278
All Pools,BULLS - AVAX,0.1,False,323.0,646.44,0.32317,18.25,1785544278
All Pools,JANRO - AVAX,0.1,False,322.97,646.39,0.32315,18.25,1785544278
All Pools,MPUP - AVAX,0.1,False,322.97,646.39,0.32315,18.25,1785544278
All Pools,ZERO - AVAX,0.1,False,322.97,646.39,0.32315,18.25,1785544278
All Pools,KNIGHT - AVAX,0.1,False,322.97,646.39,0.32315,18.25,1785544278
All Pools,CRISP - AVAX,0.1,False,322.97,646.39,0.32315,18.25,1785544278
All Pools,GATO - AVAX,0.1,False,322.95,646.34,0.32312,18.25,1785544278
All Pools,UNBAGGED - AVAX,0.1,False,322.95,646.34,0.32312,18.25,1785544278
All Pools,JANNY - AVAX,0.1,False,322.95,646.34,0.32312,18.25,1785544278
All Pools,HOONI - AVAX,0.1,False,322.95,646.34,0.32312,18.25,1785544278
All Pools,CHIBI - AVAX,0.1,False,322.95,646.34,0.32312,18.25,1785544278
All Pools,T8008 - AVAX,0.1,False,322.95,646.34,0.32312,18.25,1785544278
All Pools,ARTTO - AVAX,0.1,False,322.94,646.32,0.32312,18.25,1785544278
All Pools,KLINK - AVAX,0.1,False,322.91,646.27,0.32309,18.25,1785544278
All Pools,$KEK - AVAX,0.1,False,322.91,646.27,0.32309,18.25,1785544278
All Pools,SHITCOIN - AVAX,0.1,False,322.91,646.27,0.32309,18.25,1785544278
All Pools,WUKONG - AVAX,0.1,False,322.88,646.21,0.32306,18.25,1785544278
All Pools,ROSSCOIN - AVAX,0.1,False,322.88,646.21,0.32306,18.25,1785544278
All Pools,MET - AVAX,0.1,False,322.88,646.21,0.32306,18.25,1785544278
All Pools,JASPER - AVAX,0.1,False,322.88,646.21,0.32306,18.25,1785544278
All Pools,TEST - AVAX,0.1,False,322.88,646.21,0.32306,18.25,1785544278
All Pools,BNTY - AVAX,0.1,False,322.84,646.13,0.32302,18.25,1785544278
All Pools,UNW - AVAX,0.1,False,322.84,646.13,0.32302,18.25,1785544278
All Pools,BRUV - AVAX,0.1,False,322.84,646.13,0.32302,18.25,1785544278
All Pools,GRAM - AVAX,0.1,False,322.84,646.13,0.32302,18.25,1785544278
All Pools,DEAI - AVAX,0.1,False,322.82,646.09,0.323,18.25,1785544278
All Pools,RICHGUY - AVAX,0.1,False,322.82,646.09,0.323,18.25,1785544278
All Pools,PIGWIF - AVAX,0.1,False,322.82,646.09,0.323,18.25,1785544278
All Pools,RIZZMASEVE - AVAX,0.1,False,322.82,646.09,0.323,18.25,1785544278
All Pools,$SCARF - AVAX,0.1,False,322.82,646.09,0.323,18.25,1785544278
All Pools,HENTAI - AVAX,0.1,False,322.82,646.09,0.323,18.25,1785544278
All Pools,BUTTPLUG - AVAX,0.1,False,322.81,646.07,0.32299,18.25,1785544278
All Pools,OLIVIA - AVAX,0.1,False,322.8,646.05,0.32298,18.25,1785544278
All Pools,BTCWIZ - AVAX,0.1,False,322.8,646.05,0.32298,18.25,1785544278
All Pools,COININI - AVAX,0.1,False,322.8,646.05,0.32298,18.25,1785544278
All Pools,USAID - AVAX,0.1,False,322.8,646.05,0.32298,18.25,1785544278
All Pools,SUICY - AVAX,0.1,False,322.8,646.05,0.32298,18.25,1785544278
All Pools,PFVS - AVAX,0.1,False,322.8,3.834,0.32298,3074.46,1785544278
All Pools,READ - AVAX,0.1,False,322.8,646.05,0.32298,18.25,1785544278
All Pools,USH - AVAX,0.1,False,322.79,646.02,0.32297,18.25,1785544278
All Pools,BUTTCOIN - AVAX,0.1,False,322.79,646.02,0.32297,18.25,1785544278
All Pools,GLMPS - AVAX,0.1,False,322.79,3.82,0.32297,3085.65,1785544278
All Pools,VAULT - AVAX,0.1,False,322.79,646.02,0.32297,18.25,1785544278
All Pools,LEIA - AVAX,0.1,False,322.79,646.02,0.32297,18.25,1785544278
All Pools,BOSSU - AVAX,0.1,False,322.79,646.02,0.32297,18.25,1785544278
All Pools,LIFE - AVAX,0.1,False,322.79,3.818,0.32297,3087.24,1785544278
All Pools,KIRBY - AVAX,0.1,False,322.79,646.02,0.32297,18.25,1785544278
All Pools,DUCK - AVAX,0.1,False,322.79,646.02,0.32297,18.25,1785544278
All Pools,PSYOP - AVAX,0.1,False,322.79,646.02,0.32297,18.25,1785544278
All Pools,FARTHER - AVAX,0.1,False,322.75,645.95,0.32293,18.25,1785544278
All Pools,$PRIME - AVAX,0.1,False,322.75,645.95,0.32293,18.25,1785544278
All Pools,ADION - AVAX,0.1,False,322.75,645.95,0.32293,18.25,1785544278
All Pools,SNAKE2025 - AVAX,0.1,False,322.75,645.95,0.32293,18.25,1785544278
All Pools,$KITA - AVAX,0.1,False,322.75,3.784,0.32293,3115.12,1785544278
All Pools,BDOGE - AVAX,0.1,False,322.75,645.95,0.32293,18.25,1785544278
All Pools,RAMEN - AVAX,0.1,False,322.75,3.778,0.32292,3119.98,1785544278
All Pools,SPERG - AVAX,0.1,False,322.75,645.94,0.32292,18.25,1785544278
All Pools,GLP1 - AVAX,0.1,False,322.75,645.94,0.32292,18.25,1785544278
All Pools,SPECU - AVAX,0.1,False,322.66,645.76,0.32284,18.25,1785544278
All Pools,BUMPER - AVAX,0.1,False,322.66,645.76,0.32284,18.25,1785544278
All Pools,FOG - AVAX,0.1,False,322.66,645.76,0.32284,18.25,1785544278
All Pools,ALTSEASON - AVAX,0.1,False,322.66,645.76,0.32284,18.25,1785544278
All Pools,NICK - AVAX,0.1,False,322.66,645.76,0.32284,18.25,1785544278
All Pools,FUR - AVAX,0.1,False,322.63,645.69,0.3228,18.25,1785544278
All Pools,T7 - AVAX,0.1,False,322.63,645.69,0.3228,18.25,1785544278
All Pools,$SOULS - AVAX,0.1,False,322.63,645.69,0.3228,18.25,1785544278
All Pools,NFTBS - AVAX,0.1,False,322.63,645.69,0.3228,18.25,1785544278
All Pools,DOV - AVAX,0.1,False,322.63,645.69,0.3228,18.25,1785544278
All Pools,WIN - AVAX,0.1,False,322.61,645.67,0.32279,18.25,1785544278
All Pools,NEU - AVAX,0.1,False,322.61,645.67,0.32279,18.25,1785544278
All Pools,CLAWORCL - AVAX,0.1,False,322.61,645.67,0.32279,18.25,1785544278
All Pools,ASTRADAO - AVAX,0.1,False,322.61,645.67,0.32279,18.25,1785544278
All Pools,SPQR - AVAX,0.1,False,322.61,645.67,0.32279,18.25,1785544278
All Pools,PAPERCLIPS - AVAX,0.1,False,322.61,645.67,0.32279,18.25,1785544278
All Pools,MC - AVAX,0.1,False,322.61,645.67,0.32279,18.25,1785544278
All Pools,CUR - AVAX,0.1,False,322.61,645.67,0.32279,18.25,1785544278
All Pools,AISCII - AVAX,0.1,False,322.61,645.67,0.32279,18.25,1785544278
All Pools,LSD - AVAX,0.1,False,322.61,645.67,0.32279,18.25,1785544278
All Pools,BOOBS - AVAX,0.1,False,322.61,645.67,0.32279,18.25,1785544278
All Pools,LOWCAP - AVAX,0.1,False,322.54,645.53,0.32272,18.25,1785544278
All Pools,PEGECOIN - AVAX,0.1,False,322.53,645.5,0.32271,18.25,1785544278
All Pools,SOLANA - AVAX,0.1,False,322.53,645.5,0.32271,18.25,1785544278
All Pools,SUGAR - AVAX,0.1,False,322.53,645.5,0.32271,18.25,1785544278
All Pools,BCAT - AVAX,0.1,False,322.53,645.5,0.32271,18.25,1785544278
All Pools,$HUSKY - AVAX,0.1,False,322.53,645.5,0.32271,18.25,1785544278
All Pools,BLUE - AVAX,0.1,False,322.53,645.5,0.32271,18.25,1785544278
All Pools,ENTROPY - AVAX,0.1,False,322.48,645.41,0.32266,18.25,1785544278
All Pools,BRATT - AVAX,0.1,False,322.48,645.41,0.32266,18.25,1785544278
All Pools,CHOCCY - AVAX,0.1,False,322.48,645.41,0.32266,18.25,1785544278
All Pools,MRLN - AVAX,0.1,False,322.48,645.41,0.32266,18.25,1785544278
All Pools,MORPH - AVAX,0.1,False,322.48,3.514,0.32266,3351.03,1785544278
All Pools,SCRIPT - AVAX,0.1,False,322.48,645.4,0.32266,18.25,1785544278
All Pools,TRUST - AVAX,0.1,False,322.48,645.4,0.32266,18.25,1785544278
All Pools,BASED - AVAX,0.1,False,322.48,645.4,0.32266,18.25,1785544278
All Pools,CLOUD - AVAX,0.1,False,322.48,645.4,0.32266,18.25,1785544278
All Pools,RM9000 - AVAX,0.1,False,322.48,645.4,0.32266,18.25,1785544278
All Pools,VIVEK - AVAX,0.1,False,322.48,645.4,0.32266,18.25,1785544278
All Pools,ROCKET - AVAX,0.1,False,322.48,645.4,0.32266,18.25,1785544278
All Pools,JAPAN - AVAX,0.1,False,322.46,645.37,0.32264,18.25,1785544278
All Pools,CRAB - AVAX,0.1,False,322.46,645.37,0.32264,18.25,1785544278
All Pools,MEOW - AVAX,0.1,False,322.46,645.37,0.32264,18.25,1785544278
All Pools,KIGU - AVAX,0.1,False,322.46,3.494,0.32264,3370.49,1785544278
All Pools,FOID - AVAX,0.1,False,322.46,645.37,0.32264,18.25,1785544278
All Pools,FLY - AVAX,0.1,False,322.46,645.36,0.32264,18.25,1785544278
All Pools,FRED - AVAX,0.1,False,322.45,645.35,0.32263,18.25,1785544278
All Pools,BURN - AVAX,0.1,False,322.45,3.484,0.32263,3380.16,1785544278
All Pools,HIM - AVAX,0.1,False,322.45,645.35,0.32263,18.25,1785544278
All Pools,SBF - AVAX,0.1,False,322.45,645.35,0.32263,18.25,1785544278
All Pools,MOTH - AVAX,0.1,False,322.45,645.34,0.32263,18.25,1785544278
All Pools,PEPEX - AVAX,0.1,False,322.45,645.34,0.32263,18.25,1785544278
All Pools,BLACKSWAN - AVAX,0.1,False,322.45,645.34,0.32263,18.25,1785544278
All Pools,KAKA - AVAX,0.1,False,322.45,645.34,0.32263,18.25,1785544278
All Pools,LSD - AVAX,0.1,False,322.45,645.34,0.32263,18.25,1785544278
All Pools,GGG - AVAX,0.1,False,322.45,645.34,0.32263,18.25,1785544278
All Pools,$POOKU - AVAX,0.1,False,322.45,645.34,0.32263,18.25,1785544278
All Pools,GUT - AVAX,0.1,False,322.45,3.48,0.32263,3384.31,1785544278
All Pools,CMEM - AVAX,0.1,False,322.45,645.34,0.32263,18.25,1785544278
All Pools,MGAMES - AVAX,0.1,False,322.45,645.34,0.32263,18.25,1785544278
All Pools,$DCAY - AVAX,0.1,False,322.44,645.32,0.32262,18.25,1785544278
All Pools,NYX - AVAX,0.1,False,322.44,3.472,0.32262,3391.87,1785544278
All Pools,WATER - AVAX,0.1,False,322.44,645.32,0.32262,18.25,1785544278
All Pools,INVITE - AVAX,0.1,False,322.44,645.32,0.32262,18.25,1785544278
All Pools,TIAI - AVAX,0.1,False,322.44,645.32,0.32262,18.25,1785544278
All Pools,AI - AVAX,0.1,False,322.44,645.32,0.32262,18.25,1785544278
All Pools,XOGE - AVAX,0.1,False,322.44,645.32,0.32262,18.25,1785544278
All Pools,NEROBOSS - AVAX,0.1,False,322.44,645.32,0.32262,18.25,1785544278
All Pools,WCD - AVAX,0.1,False,322.44,645.32,0.32262,18.25,1785544278
All Pools,COLLA - AVAX,0.1,False,322.44,645.32,0.32262,18.25,1785544278
All Pools,T1FLR - AVAX,0.1,False,322.44,645.32,0.32262,18.25,1785544278
All Pools,CUP - AVAX,0.1,False,322.44,645.32,0.32262,18.25,1785544278
All Pools,MANYU - AVAX,0.1,False,322.43,645.3,0.32261,18.25,1785544278
All Pools,WIZ - AVAX,0.1,False,322.43,3.461,0.32261,3401.93,1785544278
All Pools,EMATE - AVAX,0.1,False,322.43,645.3,0.32261,18.25,1785544278
All Pools,PEPE - AVAX,0.1,False,322.43,645.3,0.32261,18.25,1785544278
All Pools,STONKS - AVAX,0.1,False,322.43,645.3,0.32261,18.25,1785544278
All Pools,ANON - AVAX,0.1,False,322.43,645.3,0.32261,18.25,1785544278
All Pools,CONVO - AVAX,0.1,False,322.43,645.3,0.32261,18.25,1785544278
All Pools,SOLBOX - AVAX,0.1,False,322.43,645.3,0.32261,18.25,1785544278
All Pools,PEPEWIFHAT - AVAX,0.1,False,322.42,645.28,0.32259,18.25,1785544278
All Pools,NAMI - AVAX,0.1,False,322.42,645.28,0.32259,18.25,1785544278
All Pools,LEPER - AVAX,0.1,False,322.42,645.28,0.32259,18.25,1785544278
All Pools,G - AVAX,0.1,False,322.42,645.28,0.32259,18.25,1785544278
All Pools,MAXI - AVAX,0.1,False,322.42,645.28,0.32259,18.25,1785544278
All Pools,STELAI - AVAX,0.1,False,322.41,645.26,0.32259,18.25,1785544278
All Pools,ICC - AVAX,0.1,False,322.41,645.26,0.32259,18.25,1785544278
All Pools,BBRETT - AVAX,0.1,False,322.41,645.26,0.32259,18.25,1785544278
All Pools,HUCH - AVAX,0.1,False,322.41,645.26,0.32259,18.25,1785544278
All Pools,CAP - AVAX,0.1,False,322.41,645.26,0.32259,18.25,1785544278
All Pools,GIF - AVAX,0.1,False,322.41,645.26,0.32259,18.25,1785544278
All Pools,CORN - AVAX,0.1,False,322.4,645.23,0.32257,18.25,1785544278
All Pools,FITCOIN - AVAX,0.1,False,322.4,645.23,0.32257,18.25,1785544278
All Pools,BRUVS - AVAX,0.1,False,322.4,645.23,0.32257,18.25,1785544278
All Pools,NOVA - AVAX,0.1,False,322.4,645.23,0.32257,18.25,1785544278
All Pools,BLOCK - AVAX,0.1,False,322.4,645.23,0.32257,18.25,1785544278
All Pools,DARK - AVAX,0.1,False,322.4,645.23,0.32257,18.25,1785544278
All Pools,DARKHORSE - AVAX,0.1,False,322.32,645.08,0.3225,18.25,1785544278
All Pools,GOF - AVAX,0.1,False,322.32,645.08,0.3225,18.25,1785544278
All Pools,KOI - AVAX,0.1,False,322.32,645.08,0.3225,18.25,1785544278
All Pools,BUNNY - AVAX,0.1,False,322.32,645.08,0.3225,18.25,1785544278
All Pools,LIDUM - AVAX,0.1,False,322.32,645.08,0.3225,18.25,1785544278
All Pools,AGF - AVAX,0.1,False,322.32,645.08,0.3225,18.25,1785544278
All Pools,SHIB - AVAX,0.1,False,322.31,645.07,0.32249,18.25,1785544278
All Pools,SEDUX - AVAX,0.1,False,322.31,645.07,0.32249,18.25,1785544278
All Pools,PUMPKIN - AVAX,0.1,False,322.31,645.07,0.32249,18.25,1785544278
All Pools,FETCHR - AVAX,0.1,False,322.31,645.07,0.32249,18.25,1785544278
All Pools,LOCK - AVAX,0.1,False,322.31,645.07,0.32249,18.25,1785544278
All Pools,ECHON - AVAX,0.1,False,322.3,645.04,0.32247,18.25,1785544278
All Pools,SOLCAT - AVAX,0.1,False,322.3,645.04,0.32247,18.25,1785544278
All Pools,MONEY - AVAX,0.1,False,322.3,645.04,0.32247,18.25,1785544278
All Pools,NOTHING - AVAX,0.1,False,322.3,645.04,0.32247,18.25,1785544278
All Pools,PING - AVAX,0.1,False,322.29,645.02,0.32246,18.25,1785544278
All Pools,KIWI - AVAX,0.1,False,322.29,645.02,0.32246,18.25,1785544278
All Pools,TKNZ - AVAX,0.1,False,322.29,645.02,0.32246,18.25,1785544278
All Pools,$BIRDFLU - AVAX,0.1,False,322.28,645.0,0.32245,18.25,1785544278
All Pools,LOGOS - AVAX,0.1,False,322.28,645.0,0.32245,18.25,1785544278
All Pools,GOONER - AVAX,0.1,False,322.28,645.0,0.32245,18.25,1785544278
All Pools,LOS - AVAX,0.1,False,322.28,645.0,0.32245,18.25,1785544278
All Pools,MAFIA - AVAX,0.1,False,322.28,645.0,0.32245,18.25,1785544278
All Pools,CAMEL - AVAX,0.1,False,322.28,645.0,0.32245,18.25,1785544278
All Pools,SSX - AVAX,0.1,False,322.28,644.99,0.32245,18.25,1785544278
All Pools,FPEPE - AVAX,0.1,False,322.28,644.99,0.32245,18.25,1785544278
All Pools,SPX6969 - AVAX,0.1,False,322.28,644.99,0.32245,18.25,1785544278
All Pools,GRODT - AVAX,0.1,False,322.28,644.99,0.32245,18.25,1785544278
All Pools,MCEN - AVAX,0.1,False,322.27,644.98,0.32244,18.25,1785544278
All Pools,USDP - AVAX,0.1,False,322.27,644.98,0.32244,18.25,1785544278
All Pools,REBA - AVAX,0.1,False,322.27,644.98,0.32244,18.25,1785544278
All Pools,TESSERA - AVAX,0.1,False,322.27,644.98,0.32244,18.25,1785544278
All Pools,BTA - AVAX,0.1,False,322.27,644.98,0.32244,18.25,1785544278
All Pools,SUKI - AVAX,0.1,False,322.27,644.98,0.32244,18.25,1785544278
All Pools,BURGLAR - AVAX,0.1,False,322.27,644.97,0.32244,18.25,1785544278
All Pools,SHIRO - AVAX,0.1,False,322.27,644.97,0.32244,18.25,1785544278
All Pools,VALENTINE - AVAX,0.1,False,322.27,3.297,0.32244,3570.11,1785544278
All Pools,WOLVERINE - AVAX,0.1,False,322.27,644.97,0.32244,18.25,1785544278
All Pools,SOLPAC - AVAX,0.1,False,322.27,644.97,0.32244,18.25,1785544278
All Pools,BOGE - AVAX,0.1,False,322.27,644.97,0.32244,18.25,1785544278
All Pools,ONEZEROS - AVAX,0.1,False,322.26,644.96,0.32244,18.25,1785544278
All Pools,PUMLX - AVAX,0.1,False,322.26,3.288,0.32244,3578.83,1785544278
All Pools,CFX - AVAX,0.1,False,322.26,644.96,0.32244,18.25,1785544278
All Pools,AICM - AVAX,0.1,False,322.22,644.89,0.3224,18.25,1785544278
All Pools,HIGHKEY - AVAX,0.1,False,322.22,644.89,0.3224,18.25,1785544278
All Pools,ABU - AVAX,0.1,False,322.22,644.89,0.3224,18.25,1785544278
All Pools,POPO - AVAX,0.1,False,322.22,644.89,0.3224,18.25,1785544278
All Pools,BEAT - AVAX,0.1,False,322.22,644.89,0.3224,18.25,1785544278
All Pools,SUGAR - AVAX,0.1,False,322.22,644.89,0.3224,18.25,1785544278
All Pools,SKINUT - AVAX,0.1,False,322.22,644.89,0.3224,18.25,1785544278
All Pools,MEVBTC - AVAX,0.1,False,322.22,644.89,0.3224,18.25,1785544278
All Pools,SENT - AVAX,0.1,False,322.22,644.89,0.3224,18.25,1785544278
All Pools,LCP - AVAX,0.1,False,322.22,644.89,0.3224,18.25,1785544278
All Pools,WCC - AVAX,0.1,False,322.21,644.87,0.32239,18.25,1785544278
All Pools,OUSTON - AVAX,0.1,False,322.21,644.87,0.32239,18.25,1785544278
All Pools,SOOTCASE - AVAX,0.1,False,322.21,644.87,0.32239,18.25,1785544278
All Pools,YUPFUN - AVAX,0.1,False,322.21,644.87,0.32239,18.25,1785544278
All Pools,BEE - AVAX,0.1,False,322.21,644.87,0.32239,18.25,1785544278
All Pools,CATFU - AVAX,0.1,False,322.21,644.87,0.32239,18.25,1785544278
All Pools,TOKE - AVAX,0.1,False,322.21,644.86,0.32239,18.25,1785544278
All Pools,SERIOUS - AVAX,0.1,False,322.21,644.86,0.32239,18.25,1785544278
All Pools,SYNTH - AVAX,0.1,False,322.18,644.81,0.32236,18.25,1785544278
All Pools,WOLF - AVAX,0.1,False,322.17,644.79,0.32235,18.25,1785544278
All Pools,CHICKY - AVAX,0.1,False,322.17,644.79,0.32235,18.25,1785544278
All Pools,DNA - AVAX,0.1,False,322.17,644.79,0.32235,18.25,1785544278
All Pools,JUSTICE - AVAX,0.1,False,322.17,644.79,0.32235,18.25,1785544278
All Pools,XP - AVAX,0.1,False,322.17,644.79,0.32235,18.25,1785544278
All Pools,SHIB - AVAX,0.1,False,322.17,644.79,0.32235,18.25,1785544278
All Pools,CHEDDA - AVAX,0.1,False,322.17,3.203,0.32235,3672.86,1785544278
All Pools,SILLYCAT - AVAX,0.1,False,322.15,644.73,0.32232,18.25,1785544278
All Pools,X1000 - AVAX,0.1,False,322.14,644.72,0.32231,18.25,1785544278
All Pools,ALR - AVAX,0.1,False,322.14,644.72,0.32231,18.25,1785544278
All Pools,FLAG - AVAX,0.1,False,322.14,644.72,0.32231,18.25,1785544278
All Pools,MATO - AVAX,0.1,False,322.14,644.72,0.32231,18.25,1785544278
All Pools,REPLACEMENT - AVAX,0.1,False,322.14,644.72,0.32231,18.25,1785544278
All Pools,NIRE - AVAX,0.1,False,322.14,644.72,0.32231,18.25,1785544278
All Pools,DAWAE - AVAX,0.1,False,322.11,644.66,0.32229,18.25,1785544278
All Pools,GIB - AVAX,0.1,False,322.11,644.66,0.32229,18.25,1785544278
All Pools,RIDDLE - AVAX,0.1,False,322.11,644.66,0.32229,18.25,1785544278
All Pools,AKIRA - AVAX,0.1,False,322.11,644.66,0.32229,18.25,1785544278
All Pools,OMNI - AVAX,0.1,False,322.11,644.66,0.32229,18.25,1785544278
All Pools,MAYA - AVAX,0.1,False,322.11,644.66,0.32229,18.25,1785544278
All Pools,PUNK3493 - AVAX,0.1,False,322.11,644.66,0.32229,18.25,1785544278
All Pools,$MAMA - AVAX,0.1,False,322.11,3.14,0.32229,3746.1,1785544278
All Pools,DC - AVAX,0.1,False,322.11,644.66,0.32229,18.25,1785544278
All Pools,HUHCAT - AVAX,0.1,False,322.11,644.66,0.32229,18.25,1785544278
All Pools,$BLUE - AVAX,0.1,False,322.11,644.66,0.32229,18.25,1785544278
All Pools,DOJO - AVAX,0.1,False,322.11,644.66,0.32229,18.25,1785544278
All Pools,GPECTRA - AVAX,0.1,False,322.1,644.64,0.32228,18.25,1785544278
All Pools,SHORTCOIN - AVAX,0.1,False,322.1,644.64,0.32228,18.25,1785544278
All Pools,$KOLT - AVAX,0.1,False,322.1,644.64,0.32228,18.25,1785544278
All Pools,BANJO - AVAX,0.1,False,322.1,644.64,0.32228,18.25,1785544278
All Pools,SHIRO - AVAX,0.1,False,322.1,644.64,0.32228,18.25,1785544278
All Pools,CHIP - AVAX,0.1,False,322.1,644.64,0.32228,18.25,1785544278
All Pools,GCAT - AVAX,0.1,False,322.09,644.63,0.32227,18.25,1785544278
All Pools,CULTS - AVAX,0.1,False,322.09,644.63,0.32227,18.25,1785544278
All Pools,WONDER - AVAX,0.1,False,322.09,644.63,0.32227,18.25,1785544278
All Pools,BWULL - AVAX,0.1,False,322.09,644.63,0.32227,18.25,1785544278
All Pools,TROLLHOUSE - AVAX,0.1,False,322.09,644.63,0.32227,18.25,1785544278
All Pools,SNS - AVAX,0.1,False,322.09,644.63,0.32227,18.25,1785544278
All Pools,MOOCAT - AVAX,0.1,False,322.09,644.62,0.32227,18.25,1785544278
All Pools,POLLUK - AVAX,0.1,False,322.09,644.62,0.32227,18.25,1785544278
All Pools,BRAT - AVAX,0.1,False,322.09,644.62,0.32227,18.25,1785544278
All Pools,LEGIT - AVAX,0.1,False,322.09,3.119,0.32227,3771.1,1785544278
All Pools,DUCKY - AVAX,0.1,False,322.09,644.62,0.32227,18.25,1785544278
All Pools,PEARL - AVAX,0.1,False,322.07,644.58,0.32224,18.25,1785544278
All Pools,HOODRAT - AVAX,0.1,False,322.07,644.58,0.32224,18.25,1785544278
All Pools,WSB - AVAX,0.1,False,322.07,644.58,0.32224,18.25,1785544278
All Pools,F - AVAX,0.1,False,322.07,644.58,0.32224,18.25,1785544278
All Pools,BLARP - AVAX,0.1,False,322.07,644.58,0.32224,18.25,1785544278
All Pools,HOPPY - AVAX,0.1,False,322.07,644.58,0.32224,18.25,1785544278
All Pools,UFO - AVAX,0.1,False,322.01,644.46,0.32219,18.25,1785544278
All Pools,YAKA - AVAX,0.1,False,322.01,644.46,0.32219,18.25,1785544278
All Pools,LTD - AVAX,0.1,False,322.01,644.46,0.32219,18.25,1785544278
All Pools,FOREHEAD - AVAX,0.1,False,322.01,644.46,0.32219,18.25,1785544278
All Pools,$INTERN - AVAX,0.1,False,322.01,644.46,0.32219,18.25,1785544278
All Pools,LAMBOW - AVAX,0.1,False,322.01,644.46,0.32219,18.25,1785544278
All Pools,METAL - AVAX,0.1,False,322.01,644.46,0.32219,18.25,1785544278
All Pools,LENS - AVAX,0.1,False,321.96,644.37,0.32214,18.25,1785544278
All Pools,$AGENCY - AVAX,0.1,False,321.96,644.37,0.32214,18.25,1785544278
All Pools,$MARU - AVAX,0.1,False,321.96,644.37,0.32214,18.25,1785544278
All Pools,QUBIT - AVAX,0.1,False,321.96,644.37,0.32214,18.25,1785544278
All Pools,SUPA - AVAX,0.1,False,321.96,2.995,0.32214,3926.52,1785544278
All Pools,NDAS - AVAX,0.1,False,321.96,644.37,0.32214,18.25,1785544278
All Pools,ZEUZ - AVAX,0.1,False,321.96,644.37,0.32214,18.25,1785544278
All Pools,YFI - AVAX,0.1,False,321.96,644.37,0.32214,18.25,1785544278
All Pools,CLUB - AVAX,0.1,False,321.96,644.37,0.32214,18.25,1785544278
All Pools,FARM2 - AVAX,0.1,False,321.96,644.37,0.32214,18.25,1785544278
All Pools,RATWIF - AVAX,0.1,False,321.96,644.37,0.32214,18.25,1785544278
All Pools,WAG - AVAX,0.1,False,321.95,644.35,0.32213,18.25,1785544278
All Pools,NAZAREAI - AVAX,0.1,False,321.95,644.35,0.32213,18.25,1785544278
All Pools,ALASKA - AVAX,0.1,False,321.95,644.35,0.32213,18.25,1785544278
All Pools,FUND - AVAX,0.1,False,321.95,644.35,0.32213,18.25,1785544278
All Pools,ASTA - AVAX,0.1,False,321.95,644.35,0.32213,18.25,1785544278
All Pools,BRAINROT - AVAX,0.1,False,321.95,644.34,0.32213,18.25,1785544278
All Pools,WESLEY - AVAX,0.1,False,321.95,644.34,0.32213,18.25,1785544278
All Pools,PONKEI - AVAX,0.1,False,321.95,644.34,0.32213,18.25,1785544278
All Pools,DREAM - AVAX,0.1,False,321.95,644.34,0.32213,18.25,1785544278
All Pools,BHAD - AVAX,0.1,False,321.93,644.31,0.32211,18.25,1785544278
All Pools,MEC - AVAX,0.1,False,321.93,644.29,0.3221,18.25,1785544278
All Pools,MUTE - AVAX,0.1,False,321.93,644.29,0.3221,18.25,1785544278
All Pools,MONKEY - AVAX,0.1,False,321.92,644.29,0.3221,18.25,1785544278
All Pools,ROGUE - AVAX,0.1,False,321.9,2.933,0.32208,4008.42,1785544278
All Pools,QOAT - AVAX,0.1,False,321.9,644.25,0.32208,18.25,1785544278
All Pools,TIME - AVAX,0.1,False,321.9,644.25,0.32208,18.25,1785544278
All Pools,BINARY - AVAX,0.1,False,321.89,644.23,0.32207,18.25,1785544278
All Pools,LILMIQUELA.BASE.ETH - AVAX,0.1,False,321.89,644.23,0.32207,18.25,1785544278
All Pools,NAMT - AVAX,0.1,False,321.89,644.21,0.32206,18.25,1785544278
All Pools,EARLY - AVAX,0.1,False,321.89,644.21,0.32206,18.25,1785544278
All Pools,BERT - AVAX,0.1,False,321.88,644.19,0.32205,18.25,1785544278
All Pools,NAVAL - AVAX,0.1,False,321.87,644.19,0.32205,18.25,1785544278
All Pools,MAGAPEPE - AVAX,0.1,False,321.87,644.19,0.32205,18.25,1785544278
All Pools,GROKINU - AVAX,0.1,False,321.87,644.17,0.32204,18.25,1785544278
All Pools,MICROWAVED - AVAX,0.1,False,321.87,644.17,0.32204,18.25,1785544278
All Pools,TIBO - AVAX,0.1,False,321.87,644.17,0.32204,18.25,1785544278
All Pools,TISM - AVAX,0.1,False,321.87,644.17,0.32204,18.25,1785544278
All Pools,SUCCESSKID - AVAX,0.1,False,321.85,644.15,0.32203,18.25,1785544278
All Pools,DPCORE - AVAX,0.1,False,321.85,644.15,0.32203,18.25,1785544278
All Pools,YAPE - AVAX,0.1,False,321.85,644.15,0.32203,18.25,1785544278
All Pools,TRUSTMEBRO - AVAX,0.1,False,321.85,644.15,0.32203,18.25,1785544278
All Pools,FLASH - AVAX,0.1,False,321.85,644.15,0.32203,18.25,1785544278
All Pools,ALIENS - AVAX,0.1,False,321.85,644.15,0.32203,18.25,1785544278
All Pools,SKULL - AVAX,0.1,False,321.85,644.15,0.32203,18.25,1785544278
All Pools,PLUTO - AVAX,0.1,False,321.85,644.15,0.32203,18.25,1785544278
All Pools,DGRWON - AVAX,0.1,False,321.85,644.15,0.32203,18.25,1785544278
All Pools,SBTC - AVAX,0.1,False,321.85,644.15,0.32203,18.25,1785544278
All Pools,GOAI - AVAX,0.1,False,321.85,644.15,0.32203,18.25,1785544278
All Pools,FELICETTE - AVAX,0.1,False,321.85,644.15,0.32203,18.25,1785544278
All Pools,INDI - AVAX,0.1,False,321.84,644.12,0.32202,18.25,1785544278
All Pools,PYRO - AVAX,0.1,False,321.84,644.12,0.32202,18.25,1785544278
All Pools,DND - AVAX,0.1,False,321.84,644.12,0.32202,18.25,1785544278
All Pools,SHRUBIUS - AVAX,0.1,False,321.84,644.12,0.32202,18.25,1785544278
All Pools,LIFE - AVAX,0.1,False,321.84,644.12,0.32202,18.25,1785544278
All Pools,NUERO - AVAX,0.1,False,321.84,644.12,0.32202,18.25,1785544278
All Pools,BSOP - AVAX,0.1,False,321.84,644.12,0.32201,18.25,1785544278
All Pools,KEVIN - AVAX,0.1,False,321.84,644.12,0.32201,18.25,1785544278
All Pools,SAMBA - AVAX,0.1,False,321.84,644.12,0.32201,18.25,1785544278
All Pools,JOJO - AVAX,0.1,False,321.84,644.12,0.32201,18.25,1785544278
All Pools,SHIKA - YAN - AVAX,0.1,False,321.84,644.12,0.32201,18.25,1785544278
All Pools,PDF - AVAX,0.1,False,321.84,644.12,0.32201,18.25,1785544278
All Pools,FIJI - AVAX,0.1,False,321.83,644.1,0.32201,18.25,1785544278
All Pools,ELGNT - AVAX,0.1,False,321.83,644.1,0.32201,18.25,1785544278
All Pools,BAKSO - AVAX,0.1,False,321.81,644.07,0.32199,18.25,1785544278
All Pools,IRLCOIN - AVAX,0.1,False,321.81,644.07,0.32199,18.25,1785544278
All Pools,BUG - AVAX,0.1,False,321.79,644.03,0.32197,18.25,1785544278
All Pools,H2W6GM6JZ - AVAX,0.1,False,321.79,644.03,0.32197,18.25,1785544278
All Pools,M2 - AVAX,0.1,False,321.79,644.03,0.32197,18.25,1785544278
All Pools,RABBIT - AVAX,0.1,False,321.79,644.03,0.32197,18.25,1785544278
All Pools,WAT - AVAX,0.1,False,321.79,644.03,0.32197,18.25,1785544278
All Pools,HANBAO - AVAX,0.1,False,321.79,644.03,0.32197,18.25,1785544278
All Pools,SCRL - AVAX,0.1,False,321.79,644.03,0.32197,18.25,1785544278
All Pools,ERGONE - AVAX,0.1,False,321.78,644.01,0.32196,18.25,1785544278
All Pools,SHRIMPS - AVAX,0.1,False,321.78,644.01,0.32196,18.25,1785544278
All Pools,SPROUT - AVAX,0.1,False,321.78,644.01,0.32196,18.25,1785544278
All Pools,RWA - AVAX,0.1,False,321.78,644.01,0.32196,18.25,1785544278
All Pools,HAPPI - AVAX,0.1,False,321.78,644.01,0.32196,18.25,1785544278
All Pools,DSTOCK - AVAX,0.1,False,321.77,643.98,0.32195,18.25,1785544278
All Pools,ION - AVAX,0.1,False,321.77,643.98,0.32195,18.25,1785544278
All Pools,MINIDOGE - AVAX,0.1,False,321.74,643.93,0.32192,18.25,1785544278
All Pools,MIYA - AVAX,0.1,False,321.74,643.93,0.32192,18.25,1785544278
All Pools,FLOWER - AVAX,0.1,False,321.74,643.93,0.32192,18.25,1785544278
All Pools,STICKMAN - AVAX,0.1,False,321.74,643.93,0.32192,18.25,1785544278
All Pools,BOSSBURGER - AVAX,0.1,False,321.74,643.93,0.32192,18.25,1785544278
All Pools,TRALALERO - AVAX,0.1,False,321.69,643.82,0.32187,18.25,1785544278
All Pools,REEE - AVAX,0.1,False,321.69,643.82,0.32187,18.25,1785544278
All Pools,RICE - AVAX,0.1,False,321.69,643.82,0.32187,18.25,1785544278
All Pools,CHILLGIRL - AVAX,0.1,False,321.67,643.79,0.32185,18.25,1785544278
All Pools,WABUU - AVAX,0.1,False,321.67,643.79,0.32185,18.25,1785544278
All Pools,MONA - AVAX,0.1,False,321.66,2.691,0.32184,4365.68,1785544278
All Pools,$RIPPER - AVAX,0.1,False,321.66,643.76,0.32184,18.25,1785544278
All Pools,GOOMPY - AVAX,0.1,False,321.66,643.76,0.32184,18.25,1785544278
All Pools,BTCAT - AVAX,0.1,False,321.66,643.76,0.32184,18.25,1785544278
All Pools,XANIMALS - AVAX,0.1,False,321.66,643.76,0.32184,18.25,1785544278
All Pools,SYNTH - AVAX,0.1,False,321.66,643.75,0.32183,18.25,1785544278
All Pools,HOOF - AVAX,0.1,False,321.66,643.75,0.32183,18.25,1785544278
All Pools,MOB - AVAX,0.1,False,321.66,643.75,0.32183,18.25,1785544278
All Pools,CRUNCH - AVAX,0.1,False,321.66,643.75,0.32183,18.25,1785544278
All Pools,UNTIL - AVAX,0.1,False,321.66,643.75,0.32183,18.25,1785544278
All Pools,BULL - AVAX,0.1,False,321.66,643.75,0.32183,18.25,1785544278
All Pools,JEET - AVAX,0.1,False,321.64,643.72,0.32182,18.25,1785544278
All Pools,PLANETS - AVAX,0.1,False,321.64,643.72,0.32182,18.25,1785544278
All Pools,TAO - AVAX,0.1,False,321.63,643.69,0.3218,18.25,1785544278
All Pools,LAB - AVAX,0.1,False,321.63,643.69,0.3218,18.25,1785544278
All Pools,MORFEY - AVAX,0.1,False,321.62,643.68,0.3218,18.25,1785544278
All Pools,BORK - AVAX,0.1,False,321.62,643.68,0.3218,18.25,1785544278
All Pools,MIA - AVAX,0.1,False,321.62,643.68,0.3218,18.25,1785544278
All Pools,BOF - AVAX,0.1,False,321.62,643.68,0.3218,18.25,1785544278
All Pools,KEYFI - AVAX,0.1,False,321.62,643.68,0.3218,18.25,1785544278
All Pools,CUB - AVAX,0.1,False,321.6,643.65,0.32178,18.25,1785544278
All Pools,CHIKUN - AVAX,0.1,False,321.6,643.65,0.32178,18.25,1785544278
All Pools,$ONION - AVAX,0.1,False,321.6,643.65,0.32178,18.25,1785544278
All Pools,CHRONOEFFE - AVAX,0.1,False,321.6,643.65,0.32178,18.25,1785544278
All Pools,KRETT - AVAX,0.1,False,321.6,643.65,0.32178,18.25,1785544278
All Pools,TIM - AVAX,0.1,False,321.6,643.65,0.32178,18.25,1785544278
All Pools,TICKERON - AVAX,0.1,False,321.59,643.61,0.32176,18.25,1785544278
All Pools,SUPFRIEND - AVAX,0.1,False,321.59,643.61,0.32176,18.25,1785544278
All Pools,ANERI - AVAX,0.1,False,321.59,643.61,0.32176,18.25,1785544278
All Pools,JEWELS - AVAX,0.1,False,321.59,643.61,0.32176,18.25,1785544278
All Pools,STC - AVAX,0.1,False,321.59,643.61,0.32176,18.25,1785544278
All Pools,TIME - AVAX,0.1,False,321.58,643.61,0.32176,18.25,1785544278
All Pools,ROCKET - AVAX,0.1,False,321.58,643.61,0.32176,18.25,1785544278
All Pools,PARAM - AVAX,0.1,False,321.57,643.58,0.32175,18.25,1785544278
All Pools,RHUN - AVAX,0.1,False,321.57,643.58,0.32175,18.25,1785544278
All Pools,SKAI - AVAX,0.1,False,321.57,643.58,0.32175,18.25,1785544278
All Pools,HUDDLE - AVAX,0.1,False,321.57,643.58,0.32175,18.25,1785544278
All Pools,NICO - AVAX,0.1,False,321.57,643.58,0.32175,18.25,1785544278
All Pools,CFXSOL - AVAX,0.1,False,321.57,643.58,0.32175,18.25,1785544278
All Pools,BLOB - AVAX,0.1,False,321.56,643.56,0.32174,18.25,1785544278
All Pools,BERRYBOY - AVAX,0.1,False,321.56,2.589,0.32174,4536.4,1785544278
All Pools,TUCKER - AVAX,0.1,False,321.56,643.56,0.32174,18.25,1785544278
All Pools,PLANKTON - AVAX,0.1,False,321.56,643.56,0.32174,18.25,1785544278
All Pools,MOONVEMBER - AVAX,0.1,False,321.53,2.558,0.3217,4590.92,1785544278
All Pools,FLIP - AVAX,0.1,False,321.53,643.5,0.3217,18.25,1785544278
All Pools,WYFION - AVAX,0.1,False,321.53,643.5,0.3217,18.25,1785544278
All Pools,LZM - AVAX,0.1,False,321.53,643.5,0.3217,18.25,1785544278
All Pools,PALIE - AVAX,0.1,False,321.53,2.558,0.3217,4590.92,1785544278
All Pools,GOOBY - AVAX,0.1,False,321.51,2.545,0.32169,4614.2,1785544278
All Pools,BTSLR - AVAX,0.1,False,321.51,643.47,0.32169,18.25,1785544278
All Pools,USDWON - AVAX,0.1,False,321.51,643.47,0.32169,18.25,1785544278
All Pools,FIREBALL - AVAX,0.1,False,321.51,643.47,0.32169,18.25,1785544278
All Pools,TIM - AVAX,0.1,False,321.51,643.47,0.32169,18.25,1785544278
All Pools,DESS - AVAX,0.1,False,321.51,643.47,0.32169,18.25,1785544278
All Pools,ZYGO - AVAX,0.1,False,321.51,643.47,0.32169,18.25,1785544278
All Pools,AEONBOOK - AVAX,0.1,False,321.51,643.46,0.32169,18.25,1785544278
All Pools,CEICAT - AVAX,0.1,False,321.51,643.46,0.32169,18.25,1785544278
All Pools,EMULITES - AVAX,0.1,False,321.51,643.46,0.32169,18.25,1785544278
All Pools,SANG - AVAX,0.1,False,321.51,643.46,0.32169,18.25,1785544278
All Pools,CARTEL - AVAX,0.1,False,321.51,643.46,0.32169,18.25,1785544278
All Pools,APES - AVAX,0.1,False,321.51,643.46,0.32168,18.25,1785544278
All Pools,EAGLE - AVAX,0.1,False,321.51,643.46,0.32168,18.25,1785544278
All Pools,RIG - AVAX,0.1,False,321.51,643.46,0.32168,18.25,1785544278
All Pools,CNET - AVAX,0.1,False,321.51,643.46,0.32168,18.25,1785544278
All Pools,PERK - AVAX,0.1,False,321.5,643.44,0.32167,18.25,1785544278
All Pools,SWOGE - AVAX,0.1,False,321.5,643.44,0.32167,18.25,1785544278
All Pools,NOELCLAW - AVAX,0.1,False,321.5,643.43,0.32167,18.25,1785544278
All Pools,NEWB - AVAX,0.1,False,321.5,643.43,0.32167,18.25,1785544278
All Pools,BLEU - AVAX,0.1,False,321.5,643.43,0.32167,18.25,1785544278
All Pools,DOKY - AVAX,0.1,False,321.5,643.43,0.32167,18.25,1785544278
All Pools,CHONKERS - AVAX,0.1,False,321.5,643.43,0.32167,18.25,1785544278
All Pools,PFFT - AVAX,0.1,False,321.48,643.41,0.32166,18.25,1785544278
All Pools,BABYCATE - AVAX,0.1,False,321.48,643.41,0.32166,18.25,1785544278
All Pools,FARTDADDY - AVAX,0.1,False,321.48,643.41,0.32166,18.25,1785544278
All Pools,STABUL - AVAX,0.1,False,321.48,643.4,0.32166,18.25,1785544278
All Pools,AERA - AVAX,0.1,False,321.48,643.4,0.32166,18.25,1785544278
All Pools,WMDR - AVAX,0.1,False,321.48,643.4,0.32166,18.25,1785544278
All Pools,PIXIE - AVAX,0.1,False,321.48,643.4,0.32166,18.25,1785544278
All Pools,COIN - AVAX,0.1,False,321.48,643.4,0.32166,18.25,1785544278
All Pools,HTERM - AVAX,0.1,False,321.48,643.4,0.32166,18.25,1785544278
All Pools,DADDYCHILL - AVAX,0.1,False,321.43,643.31,0.32161,18.25,1785544278
All Pools,$KOKU - AVAX,0.1,False,321.43,643.31,0.32161,18.25,1785544278
All Pools,ANDY - AVAX,0.1,False,321.43,643.31,0.32161,18.25,1785544278
All Pools,KUMANEENE - AVAX,0.1,False,321.43,643.31,0.32161,18.25,1785544278
All Pools,HODL - AVAX,0.1,False,321.43,643.31,0.32161,18.25,1785544278
All Pools,DOPE - AVAX,0.1,False,321.43,643.31,0.32161,18.25,1785544278
All Pools,KURT - AVAX,0.1,False,321.43,643.3,0.32161,18.25,1785544278
All Pools,RIZZ - AVAX,0.1,False,321.43,643.3,0.32161,18.25,1785544278
All Pools,GECKY - AVAX,0.1,False,321.43,643.3,0.32161,18.25,1785544278
All Pools,WOTF - AVAX,0.1,False,321.43,643.3,0.32161,18.25,1785544278
All Pools,POG - AVAX,0.1,False,321.42,643.29,0.3216,18.25,1785544278
All Pools,PLANCK - AVAX,0.1,False,321.42,643.29,0.3216,18.25,1785544278
All Pools,SOLUNA - AVAX,0.1,False,321.42,643.29,0.3216,18.25,1785544278
All Pools,DOGE2 - AVAX,0.1,False,321.42,643.29,0.3216,18.25,1785544278
All Pools,REBELZ - AVAX,0.1,False,321.42,643.27,0.32159,18.25,1785544278
All Pools,EMBRACE - AVAX,0.1,False,321.42,643.27,0.32159,18.25,1785544278
All Pools,PLANKTON - AVAX,0.1,False,321.42,643.27,0.32159,18.25,1785544278
All Pools,COPE - AVAX,0.1,False,321.42,643.27,0.32159,18.25,1785544278
All Pools,GOLDENWHALE - AVAX,0.1,False,321.42,643.27,0.32159,18.25,1785544278
All Pools,TEDDY - AVAX,0.1,False,321.42,643.27,0.32159,18.25,1785544278
All Pools,FIRE - AVAX,0.1,False,321.4,643.25,0.32158,18.25,1785544278
All Pools,$BBT - AVAX,0.1,False,321.4,643.25,0.32158,18.25,1785544278
All Pools,CGO - AVAX,0.1,False,321.4,643.25,0.32158,18.25,1785544278
All Pools,FOUR - AVAX,0.1,False,321.4,643.25,0.32158,18.25,1785544278
All Pools,EGG - AVAX,0.1,False,321.36,643.16,0.32154,18.25,1785544278
All Pools,BUNNY - AVAX,0.1,False,321.36,643.16,0.32154,18.25,1785544278
All Pools,MTP - AVAX,0.1,False,321.36,643.16,0.32154,18.25,1785544278
All Pools,NOSEY - AVAX,0.1,False,321.19,642.83,0.32137,18.25,1785544278
All Pools,KORO - AVAX,0.1,False,321.19,642.83,0.32137,18.25,1785544278
All Pools,IMGX2 - AVAX,0.1,False,321.19,642.83,0.32137,18.25,1785544278
All Pools,VFI - AVAX,0.1,False,321.19,642.83,0.32137,18.25,1785544278
All Pools,DVINCI - AVAX,0.1,False,321.19,642.83,0.32137,18.25,1785544278
All Pools,GOAT - AVAX,0.1,False,321.17,642.78,0.32135,18.25,1785544278
All Pools,BUMPY - AVAX,0.1,False,321.17,642.78,0.32135,18.25,1785544278
All Pools,TPU - AVAX,0.1,False,321.17,642.78,0.32135,18.25,1785544278
All Pools,PILLZUMI - AVAX,0.1,False,321.17,642.78,0.32135,18.25,1785544278
All Pools,TOPIA - AVAX,0.1,False,321.17,642.78,0.32135,18.25,1785544278
All Pools,MORTI - AVAX,0.1,False,321.17,642.78,0.32135,18.25,1785544278
All Pools,MEMETIC - AVAX,0.1,False,321.15,2.182,0.32133,5376.12,1785544278
All Pools,PIPEIQ - AVAX,0.1,False,321.15,2.182,0.32133,5376.12,1785544278
All Pools,GOV - AVAX,0.1,False,321.15,642.74,0.32133,18.25,1785544278
All Pools,POG - AVAX,0.1,False,321.15,642.74,0.32133,18.25,1785544278
All Pools,SIGNS - AVAX,0.1,False,321.05,642.53,0.32122,18.25,1785544278
All Pools,ZORBY - AVAX,0.1,False,321.05,642.53,0.32122,18.25,1785544278
All Pools,RUG - AVAX,0.1,False,320.59,641.62,0.32076,18.25,1785544278
All Pools,ETHARDIO - AVAX,0.1,False,320.59,641.62,0.32076,18.25,1785544278
All Pools,GFLY - AVAX,0.1,False,320.59,641.62,0.32076,18.25,1785544278
All Pools,KOLZ - AVAX,0.1,False,320.59,641.62,0.32076,18.25,1785544278
All Pools,RDOG - AVAX,0.1,False,320.59,641.62,0.32076,18.25,1785544278
All Pools,WOOF - AVAX,0.1,False,320.59,641.62,0.32076,18.25,1785544278
All Pools,ZEE - AVAX,0.1,False,320.59,641.62,0.32076,18.25,1785544278
All Pools,WIZARD - AVAX,0.1,False,320.51,641.46,0.32069,18.25,1785544278
All Pools,WOLF - AVAX,0.1,False,320.51,641.46,0.32069,18.25,1785544278
All Pools,CRX - AVAX,0.1,False,320.51,641.46,0.32069,18.25,1785544278
All Pools,OSCAR - AVAX,0.1,False,320.46,641.37,0.32064,18.25,1785544278
All Pools,REKTOBER - AVAX,0.1,False,320.46,641.37,0.32064,18.25,1785544278
All Pools,MIZUKI - AVAX,0.1,False,320.46,641.37,0.32064,18.25,1785544278
All Pools,$ANTY - AVAX,0.1,False,320.46,641.37,0.32064,18.25,1785544278
All Pools,MILK - AVAX,0.1,False,320.46,641.37,0.32064,18.25,1785544278
All Pools,CBNB - AVAX,0.1,False,320.38,641.2,0.32056,18.25,1785544278
All Pools,BUDDY - AVAX,0.1,False,320.38,641.2,0.32056,18.25,1785544278
All Pools,DALE - AVAX,0.1,False,320.38,1.412,0.32056,8288.3,1785544278
All Pools,GRUG - AVAX,0.1,False,320.38,641.2,0.32056,18.25,1785544278
All Pools,LAX - AVAX,0.1,False,320.38,641.2,0.32056,18.25,1785544278
All Pools,ROCK - AVAX,0.1,False,320.38,641.2,0.32056,18.25,1785544278
All Pools,CLARITY - AVAX,0.1,False,320.22,640.89,0.3204,18.25,1785544278
All Pools,LAND - AVAX,0.1,False,320.22,640.89,0.3204,18.25,1785544278
All Pools,AAXN - AVAX,0.1,False,320.22,640.89,0.3204,18.25,1785544278
All Pools,RINTARO - AVAX,0.1,False,320.22,640.89,0.3204,18.25,1785544278
All Pools,PNET - AVAX,0.1,False,320.22,640.89,0.3204,18.25,1785544278
All Pools,CAT - AVAX,0.1,False,320.18,640.8,0.32036,18.25,1785544278
All Pools,SNARDLER - AVAX,0.1,False,320.18,640.8,0.32036,18.25,1785544278
All Pools,HEXA - AVAX,0.1,False,320.18,640.8,0.32036,18.25,1785544278
All Pools,PUNCH - AVAX,0.1,False,320.18,640.8,0.32036,18.25,1785544278
All Pools,TILLY - AVAX,0.1,False,320.18,640.8,0.32036,18.25,1785544278
All Pools,HARIKO - AVAX,0.1,False,320.18,640.8,0.32036,18.25,1785544278
All Pools,NINJA - AVAX,0.1,False,320.16,640.75,0.32033,18.25,1785544278
All Pools,HACHI - AVAX,0.1,False,320.16,640.75,0.32033,18.25,1785544278
All Pools,T000 - AVAX,0.1,False,320.16,640.75,0.32033,18.25,1785544278
All Pools,KAPPA - AVAX,0.1,False,320.13,640.7,0.32031,18.25,1785544278
All Pools,PLEB - AVAX,0.1,False,320.13,640.7,0.32031,18.25,1785544278
All Pools,POSEIDON - AVAX,0.1,False,320.13,640.7,0.32031,18.25,1785544278
All Pools,$KEYDOG - AVAX,0.1,False,320.13,640.7,0.32031,18.25,1785544278
All Pools,USDC.e - sSB,0.3,False,248.25,832.41,0.62063,27.21,1785544278
All Pools,HATCHY - AVAX,0.3,False,221.14,6178.75,0.55286,3.27,1785544278
All Pools,XSGD - USDC,0.05,False,210.63,1988.39,0.06433,1.18,1785544278
All Pools,AVAX - TOPIA,0.3,False,189.16,1602.81,0.47291,10.77,1785544278
All Pools,SYN - AVAX,0.3,False,171.99,3304.2,0.42998,4.75,1785544278
All Pools,SolvBTC - BTC.b,0.04,False,167.97,179267.0,0.09651,0.02,1785544278
All Pools,HERESY - AVAX,0.3,False,166.52,14335.0,0.41631,1.06,1785544278
All Pools,AI - AVAX,0.3,False,162.8,3040.94,0.40701,4.89,1785544278
All Pools,WETH.e - USDC.e,0.3,False,161.35,11008.0,0.40339,1.34,1785544278
All Pools,MIM - SB,0.3,False,155.2,1570.45,0.38801,9.02,1785544278
All Pools,APIX - ARENA,0.3,False,151.19,1983.53,0.37796,6.96,1785544278
All Pools,AVAX - XAVA,0.3,False,149.58,10882.0,0.37396,1.25,1785544278
All Pools,WBTC.e - BTC.b,0.03,False,148.96,225006.0,0.05506,0.01,1785544278
All Pools,WTHT - USDC,0.8,False,132.31,105.52,1.986,686.82,1785544278
All Pools,gOHM - AVAX,0.3,False,131.42,125743.0,0.32854,0.1,1785544278
All Pools,KLO - AVAX,0.3,False,114.69,7208.28,0.28673,1.45,1785544278
All Pools,GURS - AVAX,0.3,False,110.28,5054.98,0.27571,1.99,1785544278
All Pools,PSHARE - AVAX,0.3,False,103.05,118.39,0.25764,79.43,1785544278
All Pools,BLSEYE🎯 - AVAX,0.3,False,90.49,4595.1,0.22624,1.8,1785544278
All Pools,AVAX - UST,0.3,False,87.53,6446.15,0.21882,1.24,1785544278
All Pools,DAI.e - USDC,0.02,False,87.27,2286.61,0.01779,0.28,1785544278
All Pools,GMX - AVAX,0.3,False,86.87,3910.89,0.21718,2.03,1785544278
All Pools,USDC.e - USDC,0.02,False,81.34,1944.97,0.01625,0.3,1785544278
All Pools,FLD - AVAX,0.3,False,76.93,35450.0,0.19232,0.2,1785544278
All Pools,TECH - AVAX,0.3,False,75.18,8865.43,0.18794,0.77,1785544278
All Pools,BLSEYE🎯 - ARENA,0.3,False,68.65,1164.59,0.17162,5.38,1785544278
All Pools,APIX - USDt,0.3,False,67.66,5361.51,0.16915,1.15,1785544278
All Pools,BUSD - AVAX,0.3,False,55.95,330.04,0.13989,15.47,1785544278
All Pools,XSEED - AVAX,0.3,False,52.88,7683.37,0.13219,0.63,1785544278
All Pools,UST - AVAX,0.3,False,51.05,5440.9,0.12764,0.86,1785544278
All Pools,yes - AVAX,0.3,False,50.15,902.86,0.12538,5.07,1785544278
All Pools,w3ULL - AVAX,0.3,False,47.51,47237.0,0.11877,0.09,1785544278
All Pools,TRESR - AVAX,0.3,False,42.07,8546.07,0.10516,0.45,1785544278
All Pools,AVAX - JUICY,0.3,False,39.11,1693.71,0.09777,2.11,1785544278
All Pools,AVAX - AMI,0.3,False,38.62,378.7,0.09655,9.31,1785544278
All Pools,USDt - ncash,0.3,False,35.61,956.2,0.08902,3.4,1785544278
All Pools,YEEHAW - CHAMP,0.3,False,34.3,980.33,0.08574,3.19,1785544278
All Pools,NoR - AVAX,0.3,False,33.62,133.27,0.08406,23.02,1785544278
All Pools,APIX - USDC,0.3,False,33.42,2678.98,0.08355,1.14,1785544278
All Pools,HUSKY - AVAX,0.3,False,32.62,2072.89,0.08154,1.44,1785544278
All Pools,APIX - ID,0.3,False,32.39,17277.0,0.08097,0.17,1785544278
All Pools,PNG - AVAX,0.3,False,31.28,788.74,0.07821,3.62,1785544278
All Pools,USDt - USDC,0,False,30.79,14.93,0.0,0.0,1785544278
All Pools,USDt - USDC,0.02,False,29.8,2230.57,0.00602,0.1,1785544278
All Pools,BTC.b - TOPIA,0.3,False,29.58,556.01,0.07394,4.85,1785544278
All Pools,HOWDY - AVAX,0.3,False,28.25,6849.51,0.07061,0.38,1785544278
All Pools,gOHM - FRAX,0.3,False,27.6,3473.26,0.06899,0.72,1785544278
All Pools,GUN - BLSEYE🎯,0.3,False,27.54,395.27,0.06884,6.36,1785544278
All Pools,XETA - USDC,0.3,False,26.15,5418.69,0.06537,0.44,1785544278
All Pools,Balln - AVAX,0.3,False,25.95,4224.07,0.06487,0.56,1785544278
All Pools,HOWDY - AMI,0.3,False,25.23,1453.8,0.06306,1.58,1785544278
All Pools,BNB - AVAX,0.3,False,23.86,2873.49,0.05966,0.76,1785544278
All Pools,XPOW - AVAX,0.8,False,22.6,603.87,0.18289,11.05,1785544278
All Pools,AVAX - JUICE,0.3,False,20.22,9903.53,0.05055,0.19,1785544278
All Pools,AVAX - ALVA,0.3,False,19.37,671.87,0.04841,2.63,1785544278
All Pools,YEEHAW - HOWDY,0.3,False,17.77,7441.71,0.04441,0.22,1785544278
All Pools,GUN - AVAX,0.3,False,16.9,170.55,0.04225,9.04,1785544278
All Pools,MIM - USDT.e,0.3,False,16.86,1069.71,0.04214,1.44,1785544278
All Pools,HOWDY - USDC,0.3,False,14.93,3115.25,0.03732,0.44,1785544278
All Pools,SHRAP - AVAX,0.8,False,14.63,7745.17,0.11735,0.55,1785544278
All Pools,HEFE - AVAX,0.3,False,14.36,27157.0,0.0359,0.05,1785544278
All Pools,ARENA - AVAX,2.5,False,14.09,401.14,0.35336,32.15,1785544278
All Pools,AVAX - aXEN,0.3,False,13.68,148.97,0.03419,8.38,1785544278
All Pools,XPOW - AVAX,0.3,False,12.33,1123.18,0.03082,1.0,1785544278
All Pools,MIM - USDC.e,0.3,False,12.23,544.68,0.03058,2.05,1785544278
All Pools,SECOND - AVAX,0.3,False,12.13,1411.79,0.03033,0.78,1785544278
All Pools,SECOND - USDC,0.3,False,12.13,6868.76,0.03032,0.16,1785544278
All Pools,STG - USDC,0.3,False,11.98,1135.67,0.02995,0.96,1785544278
All Pools,MYST - AVAX,0.3,False,11.59,592.23,0.02897,1.79,1785544278
All Pools,JOE - USDT,0.3,False,11.27,255.49,0.02816,4.02,1785544278
All Pools,AVAX - FRAX,0.3,False,11.17,666.5,0.02793,1.53,1785544278
All Pools,COQ - AVAX,0.8,False,10.48,2938.04,0.08453,1.05,1785544278
All Pools,ISA - AVAX,0.3,False,10.46,16565.0,0.02614,0.06,1785544278
All Pools,ISA - USDC.e,0.3,False,10.45,1425.77,0.02613,0.67,1785544278
All Pools,OSAK - AVAX,0.3,False,10.13,3201.13,0.02533,0.29,1785544278
All Pools,EGG - AVAX,0.3,False,9.722,15327.0,0.0243,0.06,1785544278
All Pools,FITFI - USDT.e,0.3,False,9.631,63.06,0.02408,13.94,1785544278
All Pools,ROY - AVAX,0.3,False,9.113,3704.15,0.02278,0.22,1785544278
All Pools,RGOGLZ - USDC,0.3,False,8.987,1318.38,0.02247,0.62,1785544278
All Pools,YAK - AVAX,0.3,False,8.773,2336.09,0.02193,0.34,1785544278
All Pools,Gladiator - ARENA,0.3,False,8.557,518.47,0.02139,1.51,1785544278
All Pools,Gladiator - USDC,0.3,False,8.477,320.05,0.02119,2.42,1785544278
All Pools,ACS - AVAX,0.3,False,8.39,167.21,0.02097,4.58,1785544278
All Pools,AVAX - ARENA,0.3,False,7.968,74.5,0.01992,9.76,1785544278
All Pools,MIM - WETH.e,0.3,False,7.866,354.9,0.01966,2.02,1785544278
All Pools,PNG - JOE,0.3,False,6.802,107.82,0.01701,5.76,1785544278
All Pools,MOR - AVAX,0.3,False,6.498,58.94,0.01624,10.06,1785544278
All Pools,DCAU - AVAX,0.3,False,5.952,997.31,0.01488,0.54,1785544278
All Pools,KINGSHIT - AVAX,0.3,False,5.901,3513.18,0.01475,0.15,1785544278
All Pools,UST - USDC,0.3,False,5.559,414.36,0.0139,1.22,1785544278
All Pools,HUSKY - JOE,0.3,False,5.378,87.7,0.01345,5.6,1785544278
All Pools,STG - AVAX,0.3,False,5.198,940.98,0.013,0.5,1785544278
All Pools,MYST - USDC,0.3,False,5.138,200.05,0.01285,2.34,1785544278
All Pools,PIGGY - AVAX,0.3,False,4.842,214.14,0.0121,2.06,1785544278
All Pools,AVAX - EROL,0,False,4.814,52.76,0.0,0.0,1785544278
All Pools,DCAU - USDT.e,0.3,False,4.392,4984.77,0.01098,0.08,1785544278
All Pools,agEUR - USDC,0.3,False,4.364,59.6,0.01091,6.68,1785544278
All Pools,APOW - XPOW,0.3,False,4.248,1325.11,0.01062,0.29,1785544278
All Pools,YEEHAW - TOPIA,0.3,False,4.151,143.75,0.01038,2.64,1785544278
All Pools,APOW - AVAX,0.3,False,4.134,1534.96,0.01033,0.25,1785544278
All Pools,AVAX - PEFI,0.3,False,4.037,3163.37,0.01009,0.12,1785544278
All Pools,PIGGY - PSHARE,0.3,False,3.956,4.289,0.00989,84.15,1785544278
All Pools,3QF - D - AVAX,0.3,False,3.853,1318.96,0.00963,0.27,1785544278
All Pools,3QF - D - WETH.e,0.3,False,3.841,2488.03,0.0096,0.14,1785544278
All Pools,ORNG - FLUX,0.3,False,3.749,102.61,0.00937,3.33,1785544278
All Pools,AMI - TOPIA,0.3,False,3.436,202.41,0.00859,1.55,1785544278
All Pools,Psychic - AVAX,0.3,False,3.311,866.81,0.00828,0.35,1785544278
All Pools,ORNG - SAI,0.3,False,3.164,103.2,0.00791,2.8,1785544278
All Pools,avUSD - sAVAX,0.3,False,3.121,202.84,0.0078,1.4,1785544278
All Pools,SWIFT - USDC.e,0.3,False,3.116,488.33,0.00779,0.58,1785544278
All Pools,SWIFT - WETH.e,0.3,False,3.06,1319.66,0.00765,0.21,1785544278
All Pools,LINK.e - USDT.e,0.3,False,2.986,221.28,0.00746,1.23,1785544278
All Pools,JOE - KRW,0.3,False,2.948,133.61,0.00737,2.01,1785544278
All Pools,KRW - AVAX,0.3,False,2.947,302.98,0.00737,0.89,1785544278
All Pools,BLSEYE🎯 - BEAM,0.3,False,2.877,270.73,0.00719,0.97,1785544278
All Pools,ORNG - JUCI,0.3,False,2.728,236.21,0.00682,1.05,1785544278
All Pools,AVAX - EROL,0.3,False,2.652,28.3,0.00663,8.55,1785544278
All Pools,ZRO - AVAX,0.3,False,2.568,123.44,0.00642,1.9,1785544278
All Pools,COQ - BLSEYE🎯,0.3,False,2.548,152.21,0.00637,1.53,1785544278
All Pools,ABC - AVAX,0.3,False,2.403,448.75,0.00601,0.49,1785544278
All Pools,AVAX - AKITAX,0.3,False,2.377,385.18,0.00594,0.56,1785544278
All Pools,VPND - AVAX,0.3,False,2.304,17750.0,0.00576,0.01,1785544278
All Pools,JOE - EXP,0.3,False,2.297,9741497.0,0.00574,,1785544278
All Pools,REDWOLF - USDC,0.3,False,2.194,185.26,0.00548,1.08,1785544278
All Pools,APIX - LAMBO,0.3,False,2.133,363.78,0.00533,0.53,1785544278
All Pools,DATCM - ORNG,0.3,False,2.058,222.95,0.00514,0.84,1785544278
All Pools,LINK.e - USDC.e,0.3,False,2.046,183.96,0.00512,1.01,1785544278
All Pools,HOWDY - ARENA,0.3,False,2.04,51.79,0.0051,3.59,1785544278
All Pools,GB - AVAX,0.3,False,2.031,1769.04,0.00508,0.1,1785544278
All Pools,JPYC - USDC,0.3,False,2.017,377.02,0.00504,0.49,1785544278
All Pools,YAK - USDC.e,0.3,False,1.918,150.15,0.0048,1.17,1785544278
All Pools,ORNG - MOOM,0.3,False,1.894,181.4,0.00473,0.95,1785544278
All Pools,gOHM - SB,0.3,False,1.886,16.91,0.00471,10.18,1785544278
All Pools,NOCHILL - OX,0.3,False,1.805,10011.0,0.00451,0.02,1785544278
All Pools,AVAX - CLY,0.3,False,1.803,21441.0,0.00451,0.01,1785544278
All Pools,XTAG - AVAX,0.3,False,1.721,39.52,0.0043,3.97,1785544278
All Pools,BEAM - AVAX,0.3,False,1.641,358.95,0.0041,0.42,1785544278
All Pools,HUSKY - AMI,0.3,False,1.621,47.17,0.00405,3.14,1785544278
All Pools,REDWOLF - AVAX,0.3,False,1.606,381.6,0.00402,0.38,1785544278
All Pools,AAVE.e - REDWOLF,0.3,False,1.581,148.28,0.00395,0.97,1785544278
All Pools,XROSS - ORNG,0.3,False,1.541,225.67,0.00385,0.62,1785544278
All Pools,WETH - USDC.e,0.3,False,1.536,205.32,0.00384,0.68,1785544278
All Pools,USDC.e - MU,0.3,False,1.52,13109.0,0.0038,0.01,1785544278
All Pools,BNZ - AVAX,0.3,False,1.495,143.58,0.00374,0.95,1785544278
All Pools,SWIFT - AVAX,0.3,False,1.491,234.33,0.00373,0.58,1785544278
All Pools,AVAX - ELK,0.3,False,1.483,1273.73,0.00371,0.11,1785544278
All Pools,SOL - USDC,0.3,False,1.479,20.7,0.0037,6.52,1785544278
All Pools,MU - COQAI,0.3,False,1.467,5.55,0.00367,24.13,1785544278
All Pools,COQ - OX,0.3,False,1.46,11949.0,0.00365,0.01,1785544278
All Pools,AVAX - USDT,0.3,False,1.447,1672.81,0.00362,0.08,1785544278
All Pools,USDC.e - WXT,0.3,False,1.329,184.79,0.00332,0.66,1785544278
All Pools,BRO - COQ,0.3,False,1.312,135.07,0.00328,0.89,1785544278
All Pools,BRO - AVAX,0.3,False,1.31,97790.0,0.00327,0.0,1785544278
All Pools,RPEPE - AVAX,0.3,False,1.302,3655.03,0.00326,0.03,1785544278
All Pools,ALOT - USDC.e,0.3,False,1.292,4.842,0.00323,24.35,1785544278
All Pools,USDC.e - ONION,0.3,False,1.289,370.02,0.00322,0.32,1785544278
All Pools,AVAX - ELK,0.3,False,1.286,46.1,0.00322,2.55,1785544278
All Pools,Now - BLACK,0.3,False,1.285,201.69,0.00321,0.58,1785544278
All Pools,Psychic - BLACK,0.3,False,1.284,221.94,0.00321,0.53,1785544278
All Pools,TOPIA - PTOP600,0.3,False,1.225,147.22,0.00306,0.76,1785544278
All Pools,CHAMP - AMI,0.3,False,1.209,28.38,0.00302,3.89,1785544278
All Pools,Psychic - XAUt0,0.3,False,1.203,5712.92,0.00301,0.02,1785544278
All Pools,CATCH - AVAX,0.3,False,1.185,495.4,0.00296,0.22,1785544278
All Pools,CHAMP - ARENA,0.3,False,1.157,17.69,0.00289,5.97,1785544278
All Pools,YUSD - AVAX,0.3,False,1.108,115.87,0.00277,0.87,1785544278
All Pools,WBTC.e - USDT.e,0.3,False,1.105,154.59,0.00276,0.65,1785544278
All Pools,WETH.e - USDT.e,0.3,False,1.099,149.62,0.00275,0.67,1785544278
All Pools,WETH.e - ONION,0.3,False,1.083,234.88,0.00271,0.42,1785544278
All Pools,DFIAT - AVAX,0.3,False,1.018,5934.96,0.00255,0.02,1785544278
All Pools,BLS - USDt,0.3,False,0.98348,128.65,0.00246,0.7,1785544278
All Pools,WETH.e - REDWOLF,0.3,False,0.9701,83.03,0.00243,1.07,1785544278
All Pools,MAJIN - AVAX,0.3,False,0.96819,2827.67,0.00242,0.03,1785544278
All Pools,USDT.e - ONION,0.3,False,0.96009,740.2,0.0024,0.12,1785544278
All Pools,APOW - AVAX,0.3,False,0.95574,836.59,0.00239,0.1,1785544278
All Pools,WBTC.e - ONION,0.3,False,0.9346,350.09,0.00234,0.24,1785544278
All Pools,GRO - AVAX,0.3,False,0.91067,185.68,0.00228,0.45,1785544278
All Pools,GRO - MOR,0.3,False,0.89462,5.766,0.00224,14.16,1785544278
All Pools,DPS - USDC,0.3,False,0.88914,1795.69,0.00222,0.05,1785544278
All Pools,DPS - AVAX,0.3,False,0.88842,179.53,0.00222,0.45,1785544278
All Pools,USDC - aXEN,0.3,False,0.88809,8.113,0.00222,9.99,1785544278
All Pools,AVAX - BLACK,0.3,False,0.87811,2.819,0.0022,28.43,1785544278
All Pools,sAVAX - COQ,0.3,False,0.87103,61.76,0.00218,1.29,1785544278
All Pools,COQ - NOCHILL,0.3,False,0.86636,7.294,0.00217,10.84,1785544278
All Pools,PTOP500 - TOPIA,0.3,False,0.82463,128.52,0.00206,0.59,1785544278
All Pools,USDC - GAU,0.3,False,0.81037,641.44,0.00203,0.12,1785544278
All Pools,LF - AVAX,0.3,False,0.80949,232.75,0.00202,0.32,1785544278
All Pools,MAGICK - USDC,0.3,False,0.80772,223.66,0.00202,0.33,1785544278
All Pools,MAGICK - AVAX,0.3,False,0.80708,275.67,0.00202,0.27,1785544278
All Pools,MIM - LF,0.3,False,0.80582,231.8,0.00201,0.32,1785544278
All Pools,AMI - COQAI,0.3,False,0.7868,2.937,0.00197,24.45,1785544278
All Pools,HOWDY - USDt,0.3,False,0.78496,182.92,0.00196,0.39,1785544278
All Pools,FITFI - AVAX,0.3,False,0.7635,5.572,0.00191,12.5,1785544278
All Pools,APOW - USDC,0.3,False,0.75546,156.82,0.00189,0.44,1785544278
All Pools,UNI.e - REDWOLF,0.3,False,0.74126,11.15,0.00185,6.07,1785544278
All Pools,BTC.b - IMPACT2,0.3,False,0.71257,1423.24,0.00178,0.05,1785544278
All Pools,DCAU - USDC,0.3,False,0.70347,142.75,0.00176,0.45,1785544278
All Pools,ABC - HOWDY,0.3,False,0.68523,472.56,0.00171,0.13,1785544278
All Pools,AVAX - ONION,0.3,False,0.68475,146.7,0.00171,0.43,1785544278
All Pools,AVAX - MU,0.3,False,0.68316,73.06,0.00171,0.85,1785544278
All Pools,PTOP400 - TOPIA,0.3,False,0.67058,131.39,0.00168,0.47,1785544278
All Pools,$Td - AVAX,0.3,False,0.58715,3509.06,0.00147,0.02,1785544278
All Pools,BTC.b - REDWOLF,0.3,False,0.5678,97.02,0.00142,0.53,1785544278
All Pools,AVAX - IMPACT2,0.3,False,0.55225,140.75,0.00138,0.36,1785544278
All Pools,NOCHILL - KET,0.3,False,0.5413,6.58,0.00135,7.51,1785544278
All Pools,BUSD - USDC,0.3,False,0.53945,7.26,0.00135,6.78,1785544278
All Pools,oXAUT - AVAX,0.3,False,0.53532,405.31,0.00134,0.12,1785544278
All Pools,BTC.b - oXAUT,0.3,False,0.53513,311.42,0.00134,0.16,1785544278
All Pools,2024 - AVAX,0.3,False,0.52417,145.92,0.00131,0.33,1785544278
All Pools,USDC.e - AVVO,0.3,False,0.52173,222.03,0.0013,0.21,1785544278
All Pools,DCAU - MIM,0.3,False,0.51288,79.41,0.00128,0.59,1785544278
All Pools,BORK - AVAX,0.3,False,0.47874,993.97,0.0012,0.04,1785544278
All Pools,MEOW - AVAX,0.3,False,0.47372,7565.53,0.00118,0.01,1785544278
All Pools,GUN - AMI,0.3,False,0.46499,8.248,0.00116,5.14,1785544278
All Pools,bCASH - NOCHILL,0.3,False,0.45485,10.93,0.00114,3.8,1785544278
All Pools,LINK.e - REDWOLF,0.3,False,0.44373,69.52,0.00111,0.58,1785544278
All Pools,Psychic - Now,0.3,False,0.44122,458.19,0.0011,0.09,1785544278
All Pools,AVAX - DOMI,0.3,False,0.42879,10283.0,0.00107,0.0,1785544278
All Pools,FERT - AVAX,0.3,False,0.41405,465.27,0.00104,0.08,1785544278
All Pools,TECH - OX,0.3,False,0.4017,4590.89,0.001,0.01,1785544278
All Pools,AVAX - KET,0.3,False,0.39005,20.6,,1.73,1785544278
All Pools,WHEAT - AVAX,0.3,False,0.35964,194.26,,0.17,1785544278
All Pools,YOU - ORNG,0.3,False,0.35827,1310.68,,0.02,1785544278
All Pools,USDC.e - WMATIC,0.3,False,0.3565,15.3,,2.13,1785544278
All Pools,MIM - MU,0.3,False,0.35205,67.11,,0.48,1785544278
All Pools,DEVS - AVAX,0.3,False,0.34042,2579.28,,0.01,1785544278
All Pools,WHEAT - MOR,0.3,False,0.33333,4.37,,6.96,1785544278
All Pools,COLA - AVAX,0.3,False,0.32784,781.1,,0.04,1785544278
All Pools,AVAX - SPELL,0.3,False,0.31599,1460.97,,0.02,1785544278
All Pools,USDT.e - EXP,0.3,False,0.31353,45165613.0,,,1785544278
All Pools,LUNA - USDC.e,0.3,False,0.30991,309.54,,0.09,1785544278
All Pools,GURS - ARENA,0.3,False,0.30926,6.345,,4.45,1785544278
All Pools,SMRTr - AVAX,0.3,False,0.30614,25188.0,,0.0,1785544278
All Pools,SMRTr - USDC.e,0.3,False,0.30609,103.22,,0.27,1785544278
All Pools,UNIQOC - AVAX,0.3,False,0.30387,792.17,,0.04,1785544278
All Pools,aDXN - aXEN,0.3,False,0.29743,4.928,,5.51,1785544278
All Pools,UNIQOC - COQ,0.3,False,0.2935,35.29,,0.76,1785544278
All Pools,USDC - SDOG,0.3,False,0.29269,345.67,,0.08,1785544278
All Pools,$Td - AMI,0.3,False,0.2918,21.93,,1.21,1785544278
All Pools,Gravity - AVAX,0.3,False,0.29163,237.68,,0.11,1785544278
All Pools,SHRAP - DOMI,0.3,False,0.28708,140.53,,0.19,1785544278
All Pools,COQ - AMI,0.3,False,0.28588,8.886,,2.94,1785544278
All Pools,Orange - DivineFeminine,0.3,False,0.28191,765.88,,0.03,1785544278
All Pools,DivineFeminine - Gravity,0.3,False,0.28164,1621.31,,0.02,1785544278
All Pools,Orange - Now,0.3,False,0.28123,457.79,,0.06,1785544278
All Pools,COQ - JUICE,0.3,False,0.27464,28.1,,0.89,1785544278
All Pools,NOCHILL - AMI,0.3,False,0.27322,3.016,,8.27,1785544278
All Pools,MIM - SDOG,0.3,False,0.27181,61.13,,0.41,1785544278
All Pools,JOE - ZABU,0.3,False,0.2633,11.93,,2.01,1785544278
All Pools,BLSEYE🎯 - MEOW,0.3,False,0.26128,887.74,,0.03,1785544278
All Pools,USDC.e - USDT.e,0.3,False,0.25963,39872.0,,,1785544278
All Pools,ACS - USDC.e,0.3,False,0.257,5.123,,4.58,1785544278
All Pools,YEEHAW - AVAX,0.3,False,0.25697,12.29,,1.91,1785544278
All Pools,BANKSY - USDT.e,0.3,False,0.24999,1511.4,,0.02,1785544278
All Pools,BANKSY - AVAX,0.3,False,0.24974,141.07,,0.16,1785544278
All Pools,DAI.e - ONION,0.3,False,0.23651,331.0,,0.07,1785544278
All Pools,WETH.e - SURE,0.3,False,0.23561,877.03,,0.02,1785544278
All Pools,MIM - PEFI,0.3,False,0.22649,46.59,,0.44,1785544278
All Pools,AVAX - SQRCAT,0.3,False,0.21769,4177.16,,0.0,1785544278
All Pools,AMI - SQRCAT,0.3,False,0.21691,10.96,,1.81,1785544278
All Pools,USDT.e - CLY,0.3,False,0.21651,178.39,,0.11,1785544278
All Pools,YEEHAW - BTC.b,0.3,False,0.21303,52.33,,0.37,1785544278
All Pools,STATIK - AVAX,0.3,False,0.21289,29.23,,0.66,1785544278
All Pools,aDXN - AVAX,0.3,False,0.21123,55.71,,0.35,1785544278
All Pools,USDC - SHRAP,0.3,False,0.20505,20.22,,0.93,1785544278
All Pools,Psychic - AftermathsKobe,0.3,False,0.20155,241.95,,0.08,1785544278
All Pools,AftermathsKobe - AVAX,0.3,False,0.20131,210.54,,0.09,1785544278
All Pools,APOW - USDt,0.3,False,0.20067,156.24,,0.12,1785544278
All Pools,TRYB - USDC.e,0.3,False,0.19655,31.75,,0.56,1785544278
All Pools,WETH.e - USDC,0.3,False,0.19038,20.49,,0.85,1785544278
All Pools,USDt - IMPACT2,0.3,False,0.18995,71.0,,0.24,1785544278
All Pools,ARENA - MU,0.3,False,0.18967,3.549,,4.88,1785544278
All Pools,AVAX - ZUBAX,0.3,False,0.18484,90.83,,0.19,1785544278
All Pools,Trinity - AVAX,0.3,False,0.18013,719.55,,0.02,1785544278
All Pools,NOCHILL - REDWOLF,0.3,False,0.17767,1.957,,8.29,1785544278
All Pools,AVAX - SNOB,0.3,False,0.17458,743.1,,0.02,1785544278
All Pools,USDC - SOCK,0.3,False,0.16882,420.65,,0.04,1785544278
All Pools,AVAX - SOCK,0.3,False,0.16864,2397.34,,0.01,1785544278
All Pools,CANS - AVAX,0.3,False,0.15969,7.828,,1.86,1785544278
All Pools,Now - AVAX,0.3,False,0.15899,186.69,,0.08,1785544278
All Pools,BTC.b - HOWDY,0.3,False,0.15751,63.8,,0.23,1785544278
All Pools,KIMBO - CANS,0.3,False,0.15637,202.3,,0.07,1785544278
All Pools,WBTC - AVAX,0.3,False,0.15515,30.61,,0.46,1785544278
All Pools,XPOW - USDC,0.3,False,0.15148,17.78,,0.78,1785544278
All Pools,BENIS - NOCHILL,0.3,False,0.14999,2.088,,6.55,1785544278
All Pools,AVAX - mYAK,0.3,False,0.14697,33.51,,0.4,1785544278
All Pools,BENIS - AVAX,0.3,False,0.14618,9.064,,1.47,1785544278
All Pools,KIWI - USDC,0.3,False,0.14359,297.27,,0.04,1785544278
All Pools,KIWI - AVAX,0.3,False,0.1434,93.1,,0.14,1785544278
All Pools,SYN - REDWOLF,0.3,False,0.13996,3.346,,3.82,1785544278
All Pools,HATCHY - AMI,0.3,False,0.13899,2.734,,4.64,1785544278
All Pools,HUSKY - MUG,0.3,False,0.13809,13.65,,0.92,1785544278
All Pools,Now - Propriety,0.3,False,0.13702,625.15,,0.02,1785544278
All Pools,AVAX - Propriety,0.3,False,0.13679,61.73,,0.2,1785544278
All Pools,JOE - ZUBAX,0.3,False,0.13536,5.974,,2.07,1785544278
All Pools,USDt - XPOW,0.3,False,0.13513,17.71,,0.7,1785544278
All Pools,USDt - USDT.e,0.3,False,0.13505,20358.0,,,1785544278
All Pools,Hopi - Now,0.3,False,0.13328,500.41,,0.02,1785544278
All Pools,Hopi - AVAX,0.3,False,0.13316,152.21,,0.08,1785544278
All Pools,PSHARE - USDC.e,0.3,False,0.13136,0.08773,,136.63,1785544278
All Pools,USDC.e - SOL,0.3,False,0.12957,35.08,,0.34,1785544278
All Pools,JOE - CRA,0.3,False,0.12943,6.501,,1.82,1785544278
All Pools,CRA - AVAX,0.3,False,0.12923,7047.36,,0.0,1785544278
All Pools,DREGG - USDT.e,0.3,False,0.12915,509.18,,0.02,1785544278
All Pools,SURE - DAI.e,0.3,False,0.12913,24.75,,0.48,1785544278
All Pools,HOST - DAI.e,0.3,False,0.12903,2516.49,,0.0,1785544278
All Pools,DREGG - AVAX,0.3,False,0.12881,143.82,,0.08,1785544278
All Pools,MIM - USDC,0.3,False,0.12665,21.0,,0.55,1785544278
All Pools,AVAX - AVVO,0.3,False,0.12538,224.77,,0.05,1785544278
All Pools,Now - Mentor,0.3,False,0.12444,624.7,,0.02,1785544278
All Pools,AVAX - Mentor,0.3,False,0.1243,61.79,,0.18,1785544278
All Pools,APOW - USDt,0.3,False,0.12389,24.98,,0.45,1785544278
All Pools,NOCHILL - MU,0.3,False,0.12234,1.308,,8.53,1785544278
All Pools,IMPACT2 - EURC,0.3,False,0.12034,42.15,,0.26,1785544278
All Pools,USDC - USDT.e,0.3,False,0.11859,154.26,,0.07,1785544278
All Pools,COQ - OSAK,0.3,False,0.11837,17.78,,0.61,1785544278
All Pools,WBTC.e - REDWOLF,0.3,False,0.11708,48.03,,0.22,1785544278
All Pools,DAI - USDT,0.3,False,0.11444,403.18,,0.03,1785544278
All Pools,Trinity - Psychic,0.3,False,0.11235,394.43,,0.03,1785544278
All Pools,$ALPHA - AVAX,0.3,False,0.10962,44.1,,0.23,1785544278
All Pools,BrideOfChrist - BLACK,0.3,False,0.10793,15.0,,0.66,1785544278
All Pools,APOW - USDC,0.3,False,0.10583,25.0,,0.39,1785544278
All Pools,USDC - USD+,0.3,False,0.1054,30.47,,0.32,1785544278
All Pools,AVAX - SMRT,0.3,False,0.10213,1611.5,,0.01,1785544278
All Pools,LUNA - AVAX,0.3,False,0.09907,113.66,,0.08,1785544278
All Pools,COQ - REDWOLF,0.3,False,0.09881,8.699,,1.04,1785544278
All Pools,USDt - RUX,0.3,False,0.09289,15956.0,,,1785544278
All Pools,RUX - AVAX,0.3,False,0.09284,25.29,,0.34,1785544278
All Pools,USDT.e - SMRT,0.3,False,0.09004,87.74,,0.09,1785544278
All Pools,ACS - USDt,0.3,False,0.08876,0.92834,,8.72,1785544278
All Pools,SURE - USDC.e,0.3,False,0.08673,21.23,,0.37,1785544278
All Pools,MM - USDC,0.3,False,0.08661,49.5,,0.16,1785544278
All Pools,MM - AVAX,0.3,False,0.0866,66.04,,0.12,1785544278
All Pools,FEDS - AVAX,0.3,False,0.08648,485.3,,0.02,1785544278
All Pools,HH - AVAX,0.3,False,0.08643,231.81,,0.03,1785544278
All Pools,AVAX - LYLY,0.3,False,0.08625,49.98,,0.16,1785544278
All Pools,HH - ARENA,0.3,False,0.08544,2.144,,3.64,1785544278
All Pools,COQ - LYLY,0.3,False,0.08199,9.804,,0.76,1785544278
All Pools,MaryMagdalene - AVAX,0.3,False,0.08198,169.98,,0.04,1785544278
All Pools,TruthClosure - BLACK,0.3,False,0.08086,10.58,,0.7,1785544278
All Pools,MIM - TIME,0.3,False,0.08061,17.06,,0.43,1785544278
All Pools,CQK - AVAX,0.3,False,0.08051,95.71,,0.08,1785544278
All Pools,CQK - USDC,0.3,False,0.08051,30.68,,0.24,1785544278
All Pools,CNR - AVAX,0.3,False,0.07773,49.25,,0.14,1785544278
All Pools,OPSY - AVAX,0.3,False,0.07539,15.17,,0.45,1785544278
All Pools,USDC - CHAM,0.3,False,0.07493,46.21,,0.15,1785544278
All Pools,AVAX - CHAM,0.3,False,0.07491,25.39,,0.27,1785544278
All Pools,Psychic - Serpentarius,0.3,False,0.07431,241.34,,0.03,1785544278
All Pools,Serpentarius - AVAX,0.3,False,0.07424,210.77,,0.03,1785544278
All Pools,GURS - NOCHILL,0.3,False,0.07336,0.94812,,7.06,1785544278
All Pools,SYN - USDC.e,0.3,False,0.07314,1.721,,3.88,1785544278
All Pools,YEEHAW - USDC,0.3,False,0.07181,5.815,,1.13,1785544278
All Pools,sAVAX - AVAX,0.3,False,0.07006,169233.0,,,1785544278
All Pools,BLS - SHRAP,0.3,False,0.06824,7.626,,0.82,1785544278
All Pools,LIBRE - USDC.e,0.3,False,0.06788,11.89,,0.52,1785544278
All Pools,MIM - DAI.e,0.3,False,0.06736,13.82,,0.44,1785544278
All Pools,KIMBO - AMI,0.3,False,0.06615,2.499,,2.42,1785544278
All Pools,ZUBAX - USDT.e,0.3,False,0.06434,171.14,,0.03,1785544278
All Pools,DCAR - USDC,0.3,False,0.06383,55.93,,0.1,1785544278
All Pools,bCASH - TECH,0.3,False,0.06274,10.16,,0.56,1785544278
All Pools,ZRO - USDC,0.3,False,0.06197,4.165,,1.36,1785544278
All Pools,WOLF - AMI,0.3,False,0.06098,2.475,,2.25,1785544278
All Pools,REDWOLF - SOL,0.3,False,0.06061,57.0,,0.1,1785544278
All Pools,Ush - AVAX,0.3,False,0.05975,2009.13,,0.0,1785544278
All Pools,MAXWELL - AVAX,0.3,False,0.05959,0.23065,,23.57,1785544278
All Pools,BrideOfChrist - AVAX,0.3,False,0.05804,61.87,,0.09,1785544278
All Pools,KOVIN - AVAX,0.3,False,0.05739,2056.45,,0.0,1785544278
All Pools,BOI - AVAX,0.3,False,0.05738,22.0,,0.24,1785544278
All Pools,GATOR - ARENA,0.3,False,0.0573,2.135,,2.45,1785544278
All Pools,CNR - REDWOLF,0.3,False,0.0566,15.5,,0.33,1785544278
All Pools,COQ - MCV,0.3,False,0.05621,6.355,,0.81,1785544278
All Pools,MCV - AVAX,0.3,False,0.05604,280.25,,0.02,1785544278
All Pools,gOHM - JOE,0.3,False,0.05505,2.993,,1.68,1785544278
All Pools,WETH.e - yyAVAX,0.3,False,0.05484,14.42,,0.35,1785544278
All Pools,REDWOLF - GEC,0.3,False,0.05484,3.037,,1.65,1785544278
All Pools,NOCHILL - WAIFU,0.3,False,0.05477,125.78,,0.04,1785544278
All Pools,GENI - USDC,0.3,False,0.05432,1094.21,,0.0,1785544278
All Pools,GENI - AVAX,0.3,False,0.05426,46.07,,0.11,1785544278
All Pools,AVAX - DAI,0.3,False,0.05368,54.51,,0.09,1785544278
All Pools,50 - USDC,0.3,False,0.053,111.41,,0.04,1785544278
All Pools,50 - AVAX,0.3,False,0.05291,59.06,,0.08,1785544278
All Pools,WOLF - MU,0.3,False,0.05216,3.684,,1.29,1785544278
All Pools,KALM - USDC,0.3,False,0.05204,76.85,,0.06,1785544278
All Pools,KALM - AVAX,0.3,False,0.05198,95.94,,0.05,1785544278
All Pools,KIMBO - KOVIN,0.3,False,0.05161,2.943,,1.6,1785544278
All Pools,BTC.b - MU,0.3,False,0.05103,9.906,,0.47,1785544278
All Pools,MaryMagdalene - BrideOfChrist,0.3,False,0.05022,89.17,,0.05,1785544278
All Pools,AVAX - ZABU,0.3,False,0.04918,23.04,,0.19,1785544278
All Pools,USDT.e - ZABU,0.3,False,0.04901,43.93,,0.1,1785544278
All Pools,COQ - ARENA,0.3,False,0.04895,1.045,,4.27,1785544278
All Pools,AVAX - SHRAP,0.3,False,0.0489,10.57,,0.42,1785544278
All Pools,Degen - AVAX,0.3,False,0.04882,1340.52,,0.0,1785544278
All Pools,ELE - AVAX,0.3,False,0.04803,87.15,,0.05,1785544278
All Pools,WBTC.e - USDC.e,0.3,False,0.04676,8.0,,0.53,1785544278
All Pools,KLO - USDT.e,0.3,False,0.04671,3.285,,1.3,1785544278
All Pools,MIM - wsOHM,0.3,False,0.04544,97.23,,0.04,1785544278
All Pools,AVAX - FORT,0.3,False,0.04509,8.932,,0.46,1785544278
All Pools,MIM - FORT,0.3,False,0.04478,1316.77,,0.0,1785544278
All Pools,USDT.e - XAVA,0.3,False,0.04457,9.093,,0.45,1785544278
All Pools,MIM - GRAPE,0.3,False,0.04441,59.46,,0.07,1785544278
All Pools,HEFE - AMI,0.3,False,0.04421,2.186,,1.85,1785544278
All Pools,JOE - REDWOLF,0.3,False,0.04397,2.537,,1.58,1785544278
All Pools,MU - DAI.e,0.3,False,0.04389,234.28,,0.02,1785544278
All Pools,LINK.e - MU,0.3,False,0.04337,6.864,,0.58,1785544278
All Pools,AAVE.e - USDT.e,0.3,False,0.04329,2.609,,1.51,1785544278
All Pools,meGNX - AVAX,0.3,False,0.04328,13.05,,0.3,1785544278
All Pools,ARENA - AMI,0.3,False,0.04298,1.225,,3.2,1785544278
All Pools,ABC - AMI,0.3,False,0.04138,2.466,,1.53,1785544278
All Pools,AVAX - TIME,0.3,False,0.04135,521.57,,0.01,1785544278
All Pools,COQ - MU,0.3,False,0.04121,3.467,,1.08,1785544278
All Pools,YEEHAW - ARENA,0.3,False,0.04095,1.169,,3.2,1785544278
All Pools,QI - LYLY,0.3,False,0.04059,1.856,,2.0,1785544278
All Pools,FollowTheWhiteRabbit - AVAX,0.3,False,0.04032,113.96,,0.03,1785544278
All Pools,FollowTheWhiteRabbit - TruthClosure,0.3,False,0.0403,28.17,,0.13,1785544278
All Pools,USDT.e - MU,0.3,False,0.04009,248.75,,0.01,1785544278
All Pools,PNG - REDWOLF,0.3,False,0.03935,3.414,,1.05,1785544278
All Pools,USDt - REDWOLF,0.3,False,0.0393,13.6,,0.26,1785544278
All Pools,COQ - SNP,0.3,False,0.03915,16.37,,0.22,1785544278
All Pools,SNP - AVAX,0.3,False,0.03903,7.718,,0.46,1785544278
All Pools,GRELF[ava] - AVAX,0.3,False,0.03879,874.0,,0.0,1785544278
All Pools,COQ - BOOTY,0.3,False,0.03873,6.568,,0.54,1785544278
All Pools,BOOTY - AVAX,0.3,False,0.03856,1430.82,,0.0,1785544278
All Pools,LUNA - USDC.e,0.3,False,0.03746,601.48,,0.01,1785544278
All Pools,ZH - JOE,0.3,False,0.03691,1.92,,1.75,1785544278
All Pools,ZH - USDC.e,0.3,False,0.03664,22.02,,0.15,1785544278
All Pools,Gladiator - AVAX,0.3,False,0.03551,1.786,,1.81,1785544278
All Pools,LoveIsTheKey - AVAX,0.3,False,0.03518,10.1,,0.32,1785544278
All Pools,AMI - EROL,0.3,False,0.03502,0.46444,,6.88,1785544278
All Pools,DFIAT - USDT.e,0.3,False,0.03437,26.63,,0.12,1785544278
All Pools,COQ - KOVIN,0.3,False,0.03404,7.782,,0.4,1785544278
All Pools,FINANCE - NOCHILL,0.3,False,0.03389,337.04,,0.01,1785544278
All Pools,AMI - MU,0.3,False,0.03346,1.35,,2.26,1785544278
All Pools,AAVE.e - meGNX,0.3,False,0.03331,3.617,,0.84,1785544278
All Pools,SYN - WETH.e,0.3,False,0.03327,0.85129,,3.57,1785544278
All Pools,QI - REDWOLF,0.3,False,0.03308,1.181,,2.56,1785544278
All Pools,PTOP1300 - TOPIA,0.3,False,0.03294,155.25,,0.02,1785544278
All Pools,CHRB - AVAX,0.3,False,0.03233,,,3663.12,1785544278
All Pools,MaryMagdalene - XAUt0,0.3,False,0.03204,1641.59,,0.0,1785544278
All Pools,YEEHAW - AMI,0.3,False,0.032,3.49,,0.84,1785544278
All Pools,REDWOLF - WMATIC,0.3,False,0.03134,1.921,,1.49,1785544278
All Pools,AVAX - aSOCK,0.3,False,0.03133,9.667,,0.3,1785544278
All Pools,AMI - aSOCK,0.3,False,0.03112,1.694,,1.68,1785544278
All Pools,SYN - USDT.e,0.3,False,0.02994,0.91672,,2.98,1785544278
All Pools,AVAX - NaughtiusMaximus,0.3,False,0.0297,333.07,,0.01,1785544278
All Pools,AprilFoolsDay - NaughtiusMaximus,0.3,False,0.02964,99.97,,0.03,1785544278
All Pools,AprilFoolsDay - AVAX,0.3,False,0.02958,74.86,,0.04,1785544278
All Pools,wsOHM - USDC.e,0.3,False,0.02861,14.01,,0.19,1785544278
All Pools,AVAX - SPT,0.3,False,0.02831,0.15679,,16.48,1785544278
All Pools,HIGHER - AMI,0.3,False,0.02738,2.079,,1.2,1785544278
All Pools,BTC.b - USDC,0.3,False,0.02721,4.187,,0.59,1785544278
All Pools,AVAX - MUG,0.3,False,0.02689,245.95,,0.01,1785544278
All Pools,CNR - USDC,0.3,False,0.02677,4.644,,0.53,1785544278
All Pools,BNZ - KET,0.3,False,0.02652,2.188,,1.11,1785544278
All Pools,AVAX - BLANC,0.3,False,0.02557,4.998,,0.47,1785544278
All Pools,USDC - yyAVAX,0.3,False,0.02547,11.95,,0.19,1785544278
All Pools,MIM - BLANC,0.3,False,0.02533,611.37,,0.0,1785544278
All Pools,DICK - AVAX,0.3,False,0.02453,5.762,,0.39,1785544278
All Pools,MIM - DICK,0.3,False,0.02446,1.436,,1.55,1785544278
All Pools,KIMBO - COQ,0.3,False,0.02373,0.94419,,2.29,1785544278
All Pools,EHCNALAVA - AVAX,0.3,False,0.02365,1062.58,,0.0,1785544278
All Pools,KIMBO - EHCNALAVA,0.3,False,0.02343,1.723,,1.24,1785544278
All Pools,Priory - AVAX,0.3,False,0.02325,53.2,,0.04,1785544278
All Pools,FollowTheWhiteRabbit - Priory,0.3,False,0.02318,632.38,,0.0,1785544278
All Pools,RUG - USDT.e,0.3,False,0.02313,9.711,,0.22,1785544278
All Pools,LoveIsTheKey - FollowTheWhiteRabbit,0.3,False,0.02309,42.89,,0.05,1785544278
All Pools,LoveIsTheKey - BLACK,0.3,False,0.02288,3.498,,0.6,1785544278
All Pools,TruthClosure - AVAX,0.3,False,0.02236,7.25,,0.28,1785544278
All Pools,JPYC - USDC.e,0.3,False,0.02213,5.127,,0.39,1785544278
All Pools,FLAKE - AVAX,0.3,False,0.02205,17.1,,0.12,1785544278
All Pools,FLAKE - USDT.e,0.3,False,0.02198,48.57,,0.04,1785544278
All Pools,JOE - AVE,0.3,False,0.02195,1.083,,1.85,1785544278
All Pools,NOCHILL - ARENA,0.3,False,0.02178,0.29332,,6.78,1785544278
All Pools,MELT - AVAX,0.3,False,0.02164,19.95,,0.1,1785544278
All Pools,Strength - BLACK,0.3,False,0.02159,2.214,,0.89,1785544278
All Pools,MELT - USDT.e,0.3,False,0.02157,29.54,,0.07,1785544278
All Pools,Hydrogen - AVAX,0.3,False,0.0214,184.86,,0.01,1785544278
All Pools,Stolen - BLACK,0.3,False,0.02132,2.477,,0.79,1785544278
All Pools,Hydrogen - BLACK,0.3,False,0.0213,2.239,,0.87,1785544278
All Pools,SNO Token - JOE,0.3,False,0.02114,43.55,,0.04,1785544278
All Pools,SNO Token - AVAX,0.3,False,0.02106,1.045,,1.84,1785544278
All Pools,Degen - AMI,0.3,False,0.021,0.79592,,2.41,1785544278
All Pools,PAPA - AVAX,0.3,False,0.0208,7.986,,0.24,1785544278
All Pools,ZUM - NOCHILL,0.3,False,0.02072,0.64905,,2.91,1785544278
All Pools,MIM - PAPA,0.3,False,0.02061,34.48,,0.05,1785544278
All Pools,JOE - SNLP,0.3,False,0.02052,0.96688,,1.94,1785544278
All Pools,SNLP - AVAX,0.3,False,0.02044,2559.75,,,1785544278
All Pools,LINK - USDT,0.3,False,0.02033,8.962,,0.21,1785544278
All Pools,NineHundred - AVAX,0.3,False,0.0202,98.18,,0.02,1785544278
All Pools,WINK - NOCHILL,0.3,False,0.02014,0.27302,,6.73,1785544278
All Pools,NineHundred - BLACK,0.3,False,0.02011,2.215,,0.83,1785544278
All Pools,Blue - AVAX,0.3,False,0.01999,183.86,,0.01,1785544278
All Pools,Blue - BLACK,0.3,False,0.01987,2.228,,0.81,1785544278
All Pools,MIM - AUSD,0.3,False,0.01978,7.502,,0.24,1785544278
All Pools,AVAX - SDOG,0.3,False,0.01936,6.096,,0.29,1785544278
All Pools,MIM - VOLT,0.3,False,0.01924,9.37,,0.19,1785544278
All Pools,BENSI - AMI,0.3,False,0.01907,2.292,,0.76,1785544278
All Pools,TECH - AMI,0.3,False,0.01906,1.651,,1.05,1785544278
All Pools,GURS - AMI,0.3,False,0.01905,1.275,,1.36,1785544278
All Pools,HIGHER - AVAX,0.3,False,0.01875,1.213,,1.41,1785544278
All Pools,Gil - AVAX,0.3,False,0.01859,13.57,,0.12,1785544278
All Pools,Trinity - TruthClosure,0.3,False,0.01854,6.096,,0.28,1785544278
All Pools,WINK - AVAX,0.3,False,0.018,33.21,,0.05,1785544278
All Pools,AVAX - SantaGospel,0.3,False,0.01781,93.83,,0.02,1785544278
All Pools,BLACK - SantaGospel,0.3,False,0.01771,2.195,,0.74,1785544278
All Pools,WABBIT - AVAX,0.3,False,0.01746,3970.23,,,1785544278
All Pools,Gil - DAI.e,0.3,False,0.01734,26.38,,0.06,1785544278
All Pools,WABBIT - AMI,0.3,False,0.01734,0.81434,,1.94,1785544278
All Pools,wsOHM - AVAX,0.3,False,0.01708,6.134,,0.25,1785544278
All Pools,wMEMO - AVAX,0.3,False,0.01703,5.959,,0.26,1785544278
All Pools,DAI.e - VOLT,0.3,False,0.01686,37.82,,0.04,1785544278
All Pools,AVAX - GAU,0.3,False,0.01682,4.327,,0.35,1785544278
All Pools,Go - AVAX,0.3,False,0.01677,98.24,,0.02,1785544278
All Pools,Go - BLACK,0.3,False,0.01668,2.211,,0.69,1785544278
All Pools,WOO.e - AVAX,0.3,False,0.01606,63.19,,0.02,1785544278
All Pools,USDC - AMI,0.3,False,0.01595,0.54455,,2.67,1785544278
All Pools,AVAX - GG,0.3,False,0.0153,3.734,,0.37,1785544278
All Pools,MIM - GG,0.3,False,0.0152,36.82,,0.04,1785544278
All Pools,JEWEL - AVAX,0.3,False,0.01481,0.15908,,8.49,1785544278
All Pools,AAVE.e - USDC.e,0.3,False,0.01478,1.261,,1.07,1785544278
All Pools,Yellow - AVAX,0.3,False,0.01476,185.5,,0.01,1785544278
All Pools,WDAO - AVAX,0.3,False,0.01446,8.765,,0.15,1785544278
All Pools,WDAO - MIM,0.3,False,0.01435,3.368,,0.39,1785544278
All Pools,MIM - WINE,0.3,False,0.01435,85.96,,0.02,1785544278
All Pools,USDC.e - WISE,0.3,False,0.01417,41.12,,0.03,1785544278
All Pools,AVAX - WISE,0.3,False,0.01416,58.9,,0.02,1785544278
All Pools,Trinity - FourFourFour,0.3,False,0.01411,3.232,,0.4,1785544278
All Pools,LOIQ - AMI,0.3,False,0.01398,0.39726,,3.21,1785544278
All Pools,Who - AVAX,0.3,False,0.01389,98.06,,0.01,1785544278
All Pools,Who - BLACK,0.3,False,0.01383,2.211,,0.57,1785544278
All Pools,Balln - AMI,0.3,False,0.01344,0.53258,,2.3,1785544278
All Pools,Psychic - daVinci,0.3,False,0.01336,46.05,,0.03,1785544278
All Pools,Degen - DEGEN404,0.3,False,0.01317,224.7,,0.01,1785544278
All Pools,QI - USDC.e,0.3,False,0.01313,0.66564,,1.8,1785544278
All Pools,Psychic - Partment,0.3,False,0.01294,46.04,,0.03,1785544278
All Pools,Orange - AVAX,0.3,False,0.0127,60.95,,0.02,1785544278
All Pools,Psychic - Diamonds,0.3,False,0.0127,47.85,,0.02,1785544278
All Pools,Orange - BLACK,0.3,False,0.01262,1.863,,0.62,1785544278
All Pools,JOE - QI,0.3,False,0.0125,0.54914,,2.08,1785544278
All Pools,Psychic - OneOneOne,0.3,False,0.01241,46.06,,0.02,1785544278
All Pools,Psychic - SevenSevenSeven,0.3,False,0.0124,46.05,,0.02,1785544278
All Pools,SURE - AVAX,0.3,False,0.01233,5.396,,0.21,1785544278
All Pools,Psychic - Checkmate,0.3,False,0.0123,46.16,,0.02,1785544278
All Pools,Psychic - Artemis,0.3,False,0.01228,46.19,,0.02,1785544278
All Pools,Psychic - WhoWho,0.3,False,0.01226,46.05,,0.02,1785544278
All Pools,Psychic - KekiusMaximus,0.3,False,0.01224,46.06,,0.02,1785544278
All Pools,Psychic - Six,0.3,False,0.01222,46.05,,0.02,1785544278
All Pools,Psychic - Sequence,0.3,False,0.01221,46.06,,0.02,1785544278
All Pools,Psychic - Crypt,0.3,False,0.01218,46.02,,0.02,1785544278
All Pools,Psychic - Numbers,0.3,False,0.01217,46.06,,0.02,1785544278
All Pools,Psychic - Lock,0.3,False,0.01215,46.04,,0.02,1785544278
All Pools,Psychic - ElmoSunkGematria,0.3,False,0.01207,46.07,,0.02,1785544278
All Pools,Psychic - WhoWhoWho,0.3,False,0.01204,46.01,,0.02,1785544278
All Pools,Psychic - PennyTrinity,0.3,False,0.01197,46.06,,0.02,1785544278
All Pools,SBR - AVAX,0.3,False,0.01197,2.897,,0.38,1785544278
All Pools,Psychic - [In]finity,0.3,False,0.01193,46.04,,0.02,1785544278
All Pools,MIM - SBR,0.3,False,0.01185,6.145,,0.18,1785544278
All Pools,Psychic - KatzJoel,0.3,False,0.01178,46.03,,0.02,1785544278
All Pools,Psychic - TheArcher,0.3,False,0.01174,46.07,,0.02,1785544278
All Pools,Psychic - Solved,0.3,False,0.01173,46.06,,0.02,1785544278
All Pools,Psychic - QuetzalCoatl,0.3,False,0.01172,46.06,,0.02,1785544278
All Pools,AMI - JUICY,0.3,False,0.0116,0.50142,,2.11,1785544278
All Pools,Merovingian - AVAX,0.3,False,0.01157,6.639,,0.16,1785544278
All Pools,Now - Merovingian,0.3,False,0.01156,48.38,,0.02,1785544278
All Pools,Psychic - TwinFlames,0.3,False,0.01149,46.58,,0.02,1785544278
All Pools,AMI - MOOCH,0.3,False,0.01146,0.38639,,2.71,1785544278
All Pools,Psychic - RefZip,0.3,False,0.01144,46.06,,0.02,1785544278
All Pools,TheArcher - BLACK,0.3,False,0.01143,1.054,,0.99,1785544278
All Pools,COQ - KOVIN,0.3,False,0.01133,7.782,,0.13,1785544278
All Pools,Psychic - BirthingCode,0.3,False,0.01133,46.05,,0.02,1785544278
All Pools,Psychic - Alice,0.3,False,0.01122,46.03,,0.02,1785544278
All Pools,GG - AVAX,0.3,False,0.01117,4.857,,0.21,1785544278
All Pools,Psychic - Mirror,0.3,False,0.01116,46.04,,0.02,1785544278
All Pools,Psychic - Oracle,0.3,False,0.01116,46.07,,0.02,1785544278
All Pools,MIM - GG,0.3,False,0.01106,2.958,,0.34,1785544278
All Pools,LoveIsTheKey - Gravity,0.3,False,0.01093,28.64,,0.03,1785544278
All Pools,BLACK - Alice,0.3,False,0.01085,1.055,,0.94,1785544278
All Pools,Psychic - Thick,0.3,False,0.01077,46.03,,0.02,1785544278
All Pools,Psychic - Equal,0.3,False,0.0107,46.05,,0.02,1785544278
All Pools,HATCHY - SNOB,0.3,False,0.0106,0.2978,,3.25,1785544278
All Pools,GAINS - AVAX,0.3,False,0.0104,30.11,,0.03,1785544278
All Pools,KIMBO - GAINS,0.3,False,0.01031,0.86311,,1.09,1785544278
All Pools,AVAX - NADO,0.3,False,0.00995,1.796,,0.51,1785544278
All Pools,AVAX - WSPP,0.3,False,0.00993,2.311,,0.39,1785544278
All Pools,USDC - WSPP,0.3,False,0.00988,42.18,,0.02,1785544278
All Pools,MIM - NADO,0.3,False,0.00985,85.89,,0.01,1785544278
All Pools,WETH.e - meGNX,0.3,False,0.00981,5.26,,0.17,1785544278
All Pools,HIGHER - NOCHILL,0.3,False,0.00978,0.16513,,5.4,1785544278
All Pools,YAK - JOE,0.3,False,0.00953,0.5973,,1.46,1785544278
All Pools,COQ - JUICY,0.3,False,0.00913,0.36835,,2.26,1785544278
All Pools,UST - UST,0.3,False,0.009,1.323,,0.62,1785544278
All Pools,SHERPA - AVAX,0.3,False,0.00882,91.2,,0.01,1785544278
All Pools,Psychic - Bonfire,0.3,False,0.00863,46.06,,0.02,1785544278
All Pools,Gladiator - AMI,0.3,False,0.00855,1.357,,0.57,1785544278
All Pools,SMRT - XAVA,0.3,False,0.00836,1.905,,0.4,1785544278
All Pools,Psychic - Happy,0.3,False,0.00811,46.06,,0.02,1785544278
All Pools,COQ - EGG,0.3,False,0.00805,0.36448,,2.02,1785544278
All Pools,TRACTOR - JOE,0.3,False,0.00786,1.033,,0.69,1785544278
All Pools,Trinity - Stolen,0.3,False,0.00782,20.71,,0.03,1785544278
All Pools,USDC.e - UST,0.3,False,0.00782,1.481,,0.48,1785544278
All Pools,TRACTOR - AVAX,0.3,False,0.00779,10379.0,,,1785544278
All Pools,KOVIN - MU,0.3,False,0.00776,2.317,,0.31,1785544278
All Pools,MEOW - AMI,0.3,False,0.00763,0.33579,,2.07,1785544278
All Pools,Naughty - AVAX,0.3,False,0.00755,167.16,,0.0,1785544278
All Pools,USDC - SPT,0.3,False,0.00726,0.21062,,3.14,1785544278
All Pools,Psychic - Self,0.3,False,0.00723,47.91,,0.01,1785544278
All Pools,WETH.e - MU,0.3,False,0.00722,1.797,,0.37,1785544278
All Pools,COQ - COFI,0.3,False,0.00705,1.204,,0.53,1785544278
All Pools,Stolen - AVAX,0.3,False,0.00705,12.38,,0.05,1785544278
All Pools,AVAX - COFI,0.3,False,0.007,428.22,,0.0,1785544278
All Pools,GMX - JOE,0.3,False,0.00697,0.27811,,2.29,1785544278
All Pools,Trinity - IngersollLockwood,0.3,False,0.00669,0.58976,,1.03,1785544278
All Pools,JOE - aXEN,0.3,False,0.00663,0.14543,,4.16,1785544278
All Pools,Psychic - Stolen,0.3,False,0.00656,62.68,,0.01,1785544278
All Pools,Quet - AVAX,0.3,False,0.00654,0.12506,,4.77,1785544278
All Pools,Naughty - HIGHER,0.3,False,0.00648,0.29529,,2.0,1785544278
All Pools,AMI - KONG,0.3,False,0.0064,0.28079,,2.08,1785544278
All Pools,MIM - ICY,0.3,False,0.0064,6.436,,0.09,1785544278
All Pools,JOE - USDt,0.3,False,0.00634,0.59513,,0.97,1785544278
All Pools,HERESY - MEOW,0.3,False,0.00633,0.18611,,3.1,1785544278
All Pools,USDC - NXUSD,0.3,False,0.00617,3.173,,0.18,1785544278
All Pools,sAVAX - AMI,0.3,False,0.00612,0.26591,,2.1,1785544278
All Pools,AVAX - WAN,0.3,False,0.00612,4.767,,0.12,1785544278
All Pools,yes - ARENA,0.3,False,0.00601,0.04181,,13.12,1785544278
All Pools,JOE - CNR,0.3,False,0.006,0.71205,,0.77,1785544278
All Pools,MU - KET,0.3,False,0.00569,0.84593,,0.61,1785544278
All Pools,Quet - ARENA,0.3,False,0.00567,0.49721,,1.04,1785544278
All Pools,PNG - USDT.e,0.3,False,0.0055,0.78245,,0.64,1785544278
All Pools,JOE - AMI,0.3,False,0.00536,0.14658,,3.33,1785544278
All Pools,JOE - USDR,0.3,False,0.00529,0.50236,,0.96,1785544278
All Pools,xARENA - ARENA,0.3,False,0.00526,1.319,,0.36,1785544278
All Pools,MIM - DB,0.3,False,0.00525,0.50123,,0.96,1785544278
All Pools,WETH.e - USDR,0.3,False,0.00519,2.434,,0.19,1785544278
All Pools,BTC.b - SPT,0.3,False,0.00501,0.15317,,2.99,1785544278
All Pools,DB - AVAX,0.3,False,0.00499,0.70318,,0.65,1785544278
All Pools,WETH - AVAX,0.3,False,0.00491,1.008,,0.44,1785544278
All Pools,BAWLS - AVAX,0.3,False,0.00481,11.55,,0.04,1785544278
All Pools,REDWOLF - SHRAP,0.3,False,0.00461,0.74185,,0.57,1785544278
All Pools,FTOMB - AVAX,0.3,False,0.00461,6379.46,,,1785544278
All Pools,COQ - SNOWY,0.3,False,0.00452,0.87623,,0.47,1785544278
All Pools,GMX - USDC,0.3,False,0.00433,0.84368,,0.47,1785544278
All Pools,TECH - REDWOLF,0.3,False,0.00432,0.58372,,0.67,1785544278
All Pools,HUSKY - SNOWY,0.3,False,0.00431,0.14914,,2.64,1785544278
All Pools,FEED - AMI,0.3,False,0.00418,0.14806,,2.58,1785544278
All Pools,UNIQOC - WOLF,0.3,False,0.00415,0.27873,,1.36,1785544278
All Pools,CAI - AVAX,0.3,False,0.00412,1254.72,,,1785544278
All Pools,CAI - AMI,0.3,False,0.00408,0.35527,,1.05,1785544278
All Pools,AVAX - VYBE,0.3,False,0.004,1.474,,0.25,1785544278
All Pools,MIM - VYBE,0.3,False,0.00396,0.54147,,0.67,1785544278
All Pools,COQ - BMC,0.3,False,0.00395,0.05892,,6.12,1785544278
All Pools,MIM - SMRT,0.3,False,0.00379,0.36855,,0.94,1785544278
All Pools,JOE - aDXN,0.3,False,0.00362,0.28172,,1.17,1785544278
All Pools,KIMBO - UNIQOC,0.3,False,0.00354,0.43679,,0.74,1785544278
All Pools,GAINS - DWC,0.3,False,0.00349,0.68791,,0.46,1785544278
All Pools,GAINS - TECH,0.3,False,0.00344,0.40789,,0.77,1785544278
All Pools,YETI - WINE,0.3,False,0.0034,0.126,,2.46,1785544278
All Pools,YETI - AVAX,0.3,False,0.00336,653.18,,,1785544278
All Pools,BNZ - WINK,0.3,False,0.00327,0.19293,,1.55,1785544278
All Pools,zJoe - AMI,0.3,False,0.00313,0.12081,,2.36,1785544278
All Pools,BIRD - AVAX,0.3,False,0.00304,0.00934,,29.68,1785544278
All Pools,UST - WINE,0.3,False,0.00286,0.07831,,3.34,1785544278
All Pools,MU - WAIFU,0.3,False,0.00286,124.27,,0.0,1785544278
All Pools,xARENA - USDC,0.3,False,0.00286,0.15584,,1.67,1785544278
All Pools,USDC.e - XAVA,0.3,False,0.00282,0.28999,,0.89,1785544278
All Pools,BOI - AMI,0.3,False,0.00275,0.28266,,0.89,1785544278
All Pools,Orem - AVAX,0.3,False,0.00273,75.01,,0.0,1785544278
All Pools,Trinity - Orem,0.3,False,0.00272,4.438,,0.06,1785544278
All Pools,UNIQOC - GEC,0.3,False,0.00271,0.21989,,1.13,1785544278
All Pools,Trinity - BLACK,0.3,False,0.00269,0.14535,,1.69,1785544278
All Pools,TEDDY - AVAX,0.3,False,0.00269,12.75,,0.02,1785544278
All Pools,BNB - REDWOLF,0.3,False,0.00263,0.32278,,0.74,1785544278
All Pools,WOLF - REDWOLF,0.3,False,0.00257,0.22898,,1.03,1785544278
All Pools,DEV - AVAX,0.3,False,0.00256,3.344,,0.07,1785544278
All Pools,WBTC.e - USDC,0.3,False,0.00253,0.3967,,0.58,1785544278
All Pools,xARENA - AVAX,0.3,False,0.00252,0.06059,,3.8,1785544278
All Pools,DEV - ARENA,0.3,False,0.0025,0.04527,,5.04,1785544278
All Pools,CANS - AMI,0.3,False,0.00233,0.13305,,1.6,1785544278
All Pools,Anon - USDC,0.3,False,0.00229,0.61724,,0.34,1785544278
All Pools,WOLFI - AMI,0.3,False,0.0021,2.621,,0.07,1785544278
All Pools,MAJIN - AMI,0.3,False,0.00206,0.10032,,1.87,1785544278
All Pools,AVAX - STICK,0.3,False,0.00205,1108.32,,,1785544278
All Pools,BRUH - AVAX,0.3,False,0.00204,872.47,,,1785544278
All Pools,STICK - AMI,0.3,False,0.00202,0.15921,,1.16,1785544278
All Pools,AVAX - MOOCH,0.3,False,0.00202,0.2882,,0.64,1785544278
All Pools,BRUH - AMI,0.3,False,0.002,0.08959,,2.04,1785544278
All Pools,AVAX - DWC,0.3,False,0.00195,4019.92,,,1785544278
All Pools,DWC - AMI,0.3,False,0.00192,0.08205,,2.14,1785544278
All Pools,YEEHAW - MU,0.3,False,0.00188,0.12735,,1.35,1785544278
All Pools,JOE - zJoe,0.3,False,0.00188,893.38,,,1785544278
All Pools,MIM - YAK,0.3,False,0.00177,0.07935,,2.04,1785544278
All Pools,LIRA - AVAX,0.3,False,0.00176,10.09,,0.02,1785544278
All Pools,STINU - AVAX,0.3,False,0.00176,25.04,,0.01,1785544278
All Pools,YAK - USDT.e,0.3,False,0.00174,0.37927,,0.42,1785544278
All Pools,LAMA - AVAX,0.3,False,0.00173,8236.88,,,1785544278
All Pools,APEX - AVAX,0.3,False,0.00172,0.4976,,0.32,1785544278
All Pools,STINU - AMI,0.3,False,0.00172,0.0702,,2.23,1785544278
All Pools,PUSH - AVAX,0.3,False,0.0017,0.37273,,0.42,1785544278
All Pools,BUSD - USDT.e,0.3,False,0.00169,0.07314,,2.11,1785544278
All Pools,LAMA - AMI,0.3,False,0.00169,0.06994,,2.21,1785544278
All Pools,APEX - AMI,0.3,False,0.00168,0.08087,,1.89,1785544278
All Pools,PUSH - AMI,0.3,False,0.00166,0.11073,,1.37,1785544278
All Pools,Liquidity Traded Fund - AVAX,0.3,False,0.00161,0.05188,,2.83,1785544278
All Pools,CREAMA - AVAX,0.3,False,0.00159,0.08308,,1.74,1785544278
All Pools,CREAMA - USDt,0.3,False,0.00157,0.04981,,2.88,1785544278
All Pools,ABOB - AVAX,0.3,False,0.00155,583.81,,,1785544278
All Pools,Liquidity Traded Fund - LTF.ALOT,0.3,False,0.00153,1.498,,0.09,1785544278
All Pools,ABOB - AMI,0.3,False,0.00152,0.09512,,1.46,1785544278
All Pools,CARCA - AVAX,0.3,False,0.00147,0.24777,,0.54,1785544278
All Pools,ALOT - LTF.ALOT,0.3,False,0.00145,0.03624,,3.66,1785544278
All Pools,FITFI - USDC,0.3,False,0.00144,0.07465,,1.76,1785544278
All Pools,GRAPE - AVAX,0.3,False,0.00141,0.06745,,1.91,1785544278
All Pools,GRAPE - WINE,0.3,False,0.00141,0.07191,,1.78,1785544278
All Pools,HIGHER - Degen,0.3,False,0.00137,0.07367,,1.69,1785544278
All Pools,zJoe - AVAX,0.3,False,0.00132,0.0794,,1.52,1785544278
All Pools,WOLF - USDt,0.3,False,0.00131,0.07989,,1.5,1785544278
All Pools,AMI - GEC,0.3,False,0.00128,0.04433,,2.64,1785544278
All Pools,KIMBO - MU,0.3,False,0.00126,0.07005,,1.64,1785544278
All Pools,AVANET - AVAX,0.3,False,0.00125,0.02654,,4.29,1785544278
All Pools,UNI.e - AVAX,0.3,False,0.00124,0.03297,,3.42,1785544278
All Pools,ALOT - AVANET,0.3,False,0.00123,0.01173,,9.61,1785544278
All Pools,USDt - USDC,0.3,False,0.00121,148.99,,,1785544278
All Pools,COQ - USDt,0.3,False,0.0012,0.04184,,2.62,1785544278
All Pools,BLUB - MU,0.3,False,0.00117,0.1378,,0.78,1785544278
All Pools,HUSKY - MU,0.3,False,0.00116,0.03603,,2.93,1785544278
All Pools,MU - GEC,0.3,False,0.00114,0.07414,,1.4,1785544278
All Pools,LEO - AVAX,0.3,False,0.00113,1158.44,,,1785544278
All Pools,LEO - AMI,0.3,False,0.0011,0.04404,,2.28,1785544278
All Pools,FLOT - AVAX,0.3,False,0.00105,2824.85,,,1785544278
All Pools,FLOT - FTOMB,0.3,False,0.00103,0.0476,,1.97,1785544278
All Pools,Naughty - AMI,0.3,False,0.00101,0.02603,,3.54,1785544278
All Pools,WINK - AMI,0.3,False,,0.04281,,2.11,1785544278
All Pools,SUPER - BLSEYE🎯,0.3,False,,0.20998,,0.38,1785544278
All Pools,BALLZ - AVAX,0.3,False,,322.24,,,1785544278
All Pools,BALLZ - AMI,0.3,False,,0.02846,,2.7,1785544278
All Pools,Quet - WETH.e,0.3,False,,0.02169,,3.35,1785544278
All Pools,WETH.e - USDt,0.3,False,,0.06727,,1.07,1785544278
All Pools,ARENA - JUICY,0.3,False,,0.02447,,2.56,1785544278
All Pools,SOB - AVAX,0.3,False,,380.97,,,1785544278
All Pools,DONK - AVAX,0.3,False,,21.46,,0.0,1785544278
All Pools,MNT - AVAX,0.3,False,,0.03151,,1.83,1785544278
All Pools,DONK - NOCHILL,0.3,False,,0.00787,,7.17,1785544278
All Pools,BTC.b - DEG,0.3,False,,0.00489,,11.53,1785544278
All Pools,MIM - MNT,0.3,False,,0.05428,,1.03,1785544278
All Pools,AIVAX - AVAX,0.3,False,,0.01903,,2.87,1785544278
All Pools,DEG - AVAX,0.3,False,,192.07,,,1785544278
All Pools,AIVAX - AMI,0.3,False,,0.08887,,0.59,1785544278
All Pools,AVAX - WOLF,0.3,False,,53.19,,,1785544278
All Pools,GOLD - AVAX,0.3,False,,4.502,,0.01,1785544278
All Pools,TSD - WOLF,0.3,False,,0.00948,,5.01,1785544278
All Pools,sAVAX - USDC.e,0.3,False,,0.11173,,0.42,1785544278
All Pools,AVAX - AXIAL,0.3,False,,587.48,,,1785544278
All Pools,AVAX - ncash,0.3,False,,0.00641,,6.96,1785544278
All Pools,HATCHY - AXIAL,0.3,False,,0.00847,,5.09,1785544278
All Pools,HUSKY - HIGHER,0.3,False,,0.00875,,4.78,1785544278
All Pools,USDT.e - WAN,0.3,False,,0.00947,,4.26,1785544278
All Pools,CAPY - AVAX,0.3,False,,0.00498,,7.7,1785544278
All Pools,MUME - USDC.e,0.3,False,,0.49103,,0.08,1785544278
All Pools,SHOE - USDC,0.3,False,,0.01051,,3.47,1785544278
All Pools,MUME - MIM,0.3,False,,0.00888,,4.05,1785544278
All Pools,AVE - SPELL,0.3,False,,0.00631,,5.66,1785544278
All Pools,WORM - AVAX,0.3,False,,239.74,,,1785544278
All Pools,CAPY - ARENA,0.3,False,,9732.13,,,1785544278
All Pools,BLZZ - USDC.e,0.3,False,,0.07066,,0.49,1785544278
All Pools,WORM - AMI,0.3,False,,0.02084,,1.63,1785544278
All Pools,UNIQOC - NOCHILL,0.3,False,,0.00446,,7.57,1785544278
All Pools,BLZZ - WXT,0.3,False,,0.0053,,6.04,1785544278
All Pools,aDXN - AGF,0.3,False,,0.00437,,7.09,1785544278
All Pools,STRAMI - AVAX,0.3,False,,0.00676,,4.39,1785544278
All Pools,AVAX - Light,0.3,False,,0.01622,,1.81,1785544278
All Pools,SOB - TECH,0.3,False,,0.00413,,7.01,1785544278
All Pools,AVAX - AGF,0.3,False,,127.18,,,1785544278
All Pools,SOB - FERT,0.3,False,,0.00395,,7.19,1785544278
All Pools,COQ - STRAMI,0.3,False,,0.02175,,1.28,1785544278
All Pools,Now - Light,0.3,False,,0.00472,,5.73,1785544278
All Pools,Now - AVAX,0.3,False,,0.01561,,1.6,1785544278
All Pools,OSAK - AVAX,0.3,False,,0.58996,,0.04,1785544278
All Pools,QI - XAVA,0.3,False,,0.00312,,7.28,1785544278
All Pools,BOFA - AVAX,0.3,False,,0.00271,,8.38,1785544278
All Pools,OSAK - COQ,0.3,False,,0.00673,,3.29,1785544278
All Pools,sAVAX - WETH.e,0.3,False,,0.00983,,2.18,1785544278
All Pools,STG - REDWOLF,0.3,False,,0.00248,,8.6,1785544278
All Pools,AQUID - AVAX,0.3,False,,0.00271,,7.37,1785544278
All Pools,BOFA - ARENA,0.3,False,,0.00557,,3.51,1785544278
All Pools,SYN - sAVAX,0.3,False,,0.0023,,8.35,1785544278
All Pools,AQUID - ARENA,0.3,False,,0.01167,,1.55,1785544278
All Pools,ARMOR - AVAX,0.3,False,,0.00248,,6.22,1785544278
All Pools,USDC.e - SPELL,0.3,False,,0.00456,,3.2,1785544278
All Pools,MUME - DAI.e,0.3,False,,0.007,,2.06,1785544278
All Pools,MIM - ARMOR,0.3,False,,0.00246,,5.5,1785544278
All Pools,FEED - AVAX,0.3,False,,5779.94,,,1785544278
All Pools,MEAT - MEOW,0.3,False,,0.0011,,12.1,1785544278
All Pools,MIM - MUME,0.3,False,,,,13.59,1785544278
All Pools,MAG - USDT.e,0.3,False,,,,16.66,1785544278
All Pools,MEAT - AVAX,0.3,False,,2945.31,,,1785544278
All Pools,YAK - USDC,0.3,False,,,,15.01,1785544278
All Pools,MAG - AVAX,0.3,False,,0.00663,,1.44,1785544278
All Pools,MIM - FEED,0.3,False,,,,11.32,1785544278
All Pools,TRUMP - AVAX,0.3,False,,,,17.52,1785544278
All Pools,AVAX - POST,0.3,False,,4.207,,0.0,1785544278
All Pools,FATE - USDC,0.3,False,,448051.0,,,1785544278
All Pools,AVAX - MILO,0.3,False,,780.92,,,1785544278
All Pools,WOMAN - AVAX,0.3,False,,0.12915,,,1785544278
All Pools,BEAR - AVAX,0.3,False,,4987.03,,,1785544278
