filter,pool_name,fee_percent,has_rewards,volume_24h,liquidity,fees_24h,apr_24h,epoch_time
All Pools,AVAX - USDC,,False,511557.0,374691.0,276.13,26.9,1783816114
All Pools,sAVAX - AVAX,,False,48918.0,57850.0,4.892,3.09,1783816114
All Pools,USDt - USDC,,False,41594.0,162839.0,3.417,0.77,1783816114
All Pools,USDt - USDC,,False,35701.0,165021.0,2.524,0.56,1783816114
All Pools,AUSD - USDt,,False,26544.0,110646.0,2.837,0.94,1783816114
All Pools,BTC.b - USDC,,False,26147.0,583291.0,18.33,1.15,1783816114
All Pools,AUSD - USDC,,False,21196.0,102457.0,2.145,0.76,1783816114
All Pools,AAVE.e - AVAX,,False,14231.0,263034.0,35.58,4.94,1783816114
All Pools,USDC - XAVA,,False,10069.0,493401.0,25.17,1.86,1783816114
All Pools,NXUSD - WXT,,False,9506.63,482741.0,23.77,1.8,1783816114
All Pools,XAVA - AVAX,,False,9028.05,170719.0,72.59,15.52,1783816114
All Pools,ARENA - AVAX,,False,8123.55,95395.0,0.81236,0.31,1783816114
All Pools,AVAX - USDT.e,,False,7660.06,467535.0,19.15,1.5,1783816114
All Pools,AVAX - USDC,,False,7556.78,344237.0,18.89,2.0,1783816114
All Pools,FOLKS - AVAX,,False,7265.93,35000.0,18.39,19.18,1783816114
All Pools,DAI.e - USDC,,False,7138.8,29712.0,1.492,1.83,1783816114
All Pools,WBTC.e - BTC.b,,False,6847.8,228882.0,2.084,0.33,1783816114
All Pools,USDC.e - AVAX,,False,6561.13,363876.0,16.4,1.65,1783816114
All Pools,AVAX - BTC.b,,False,6553.7,26510.0,7.102,9.78,1783816114
All Pools,USDt - QUILL,,False,4957.43,49412.0,12.39,9.16,1783816114
All Pools,USDT.e - USDC,,False,4676.76,50067.0,0.94877,0.69,1783816114
All Pools,COQ - AVAX,,False,4629.64,399929.0,11.57,1.06,1783816114
All Pools,GUN - AVAX,,False,4560.99,9715.98,26.27,98.7,1783816114
All Pools,WETH.e - AVAX,,False,4161.1,366010.0,10.4,1.04,1783816114
All Pools,AVAX - USDt,,False,4138.93,99218.0,8.368,3.08,1783816114
All Pools,BTC.b - AVAX,,False,3773.4,107280.0,9.434,3.21,1783816114
All Pools,JOE - USDC.e,,False,3502.56,261930.0,8.756,1.22,1783816114
All Pools,JOE - AVAX,,False,2811.28,212879.0,7.028,1.21,1783816114
All Pools,LINK.e - AVAX,,False,2333.09,38100.0,5.833,5.59,1783816114
All Pools,gOHM - AVAX,,False,2324.83,122680.0,5.812,1.73,1783816114
All Pools,USDT.e - USDt,,False,2294.77,44427.0,0.45921,0.38,1783816114
All Pools,BEAM - USDC,,False,2210.78,65896.0,5.527,3.06,1783816114
All Pools,QI - AVAX,,False,2175.95,131473.0,5.44,1.51,1783816114
All Pools,XSEED - AVAX,,False,1828.65,14979.0,4.572,11.14,1783816114
All Pools,GUN - AVAX,,False,1808.94,17914.0,6.523,13.29,1783816114
All Pools,XAUt0 - USDt,,False,1732.68,25106.0,0.80917,1.18,1783816114
All Pools,WBTC.e - AVAX,,False,1673.4,130914.0,4.184,1.17,1783816114
All Pools,BEAM - AVAX,,False,1655.4,14536.0,4.411,11.08,1783816114
All Pools,ORNG - AVAX,,False,1434.91,16672.0,3.587,7.85,1783816114
All Pools,MIM - AVAX,,False,1161.0,187918.0,2.902,0.56,1783816114
All Pools,KIMBO - AVAX,,False,983.1,38329.0,2.458,2.34,1783816114
All Pools,ZRO - AVAX,,False,906.53,1668.45,2.319,50.73,1783816114
All Pools,QI - AVAX,,False,850.02,8218.23,2.138,9.5,1783816114
All Pools,HUNDRED - USDC,,False,848.0,496121.0,2.12,0.16,1783816114
All Pools,SB - AVAX,,False,817.66,5915.66,2.044,12.61,1783816114
All Pools,NOCHILL - AVAX,,False,809.77,55030.0,2.024,1.34,1783816114
All Pools,USDC.e - USDC,,False,749.73,3884.83,0.15024,1.41,1783816114
All Pools,USDt - AVAX,,False,652.33,38361.0,1.631,1.55,1783816114
All Pools,DAI.e - USDC,,False,574.34,2617.34,0.12073,1.68,1783816114
All Pools,JOE - USDT.e,,False,567.01,52564.0,1.418,0.98,1783816114
All Pools,HEFE - AVAX,,False,536.94,26843.0,1.342,1.83,1783816114
All Pools,AVAX - DAI.e,,False,445.04,28425.0,1.113,1.43,1783816114
All Pools,USDC.e - sSB,,False,394.58,809.93,0.98645,44.46,1783816114
All Pools,SolvBTC - BTC.b,,False,381.33,177371.0,0.1196,0.02,1783816114
All Pools,JOE - USDC,,False,373.15,23843.0,0.93288,1.43,1783816114
All Pools,AVAX - JUICE,,False,344.75,9339.32,0.86188,3.37,1783816114
All Pools,SYN - AVAX,,False,301.79,5600.89,0.75446,4.92,1783816114
All Pools,PRIME - AVAX,,False,285.02,159518.0,1.134,0.26,1783816114
All Pools,XETA - USDC,,False,226.38,5798.78,0.56595,3.56,1783816114
All Pools,USDC.e - USDC,,False,215.55,9713.94,0.02171,0.08,1783816114
All Pools,USDC.e - USDC,,False,211.79,1950.81,0.04253,0.8,1783816114
All Pools,MIM - SB,,False,185.61,2269.7,0.46402,7.46,1783816114
All Pools,gOHM - FRAX,,False,174.97,3362.92,0.43742,4.75,1783816114
All Pools,GURS - AVAX,,False,168.48,5620.96,0.42119,2.74,1783816114
All Pools,AVAX - XAVA,,False,161.75,12941.0,0.40438,1.14,1783816114
All Pools,XPOW - AVAX,,False,142.67,239.13,1.44,219.8,1783816114
All Pools,USDT.e - USDC,,False,141.19,897.18,0.0144,0.59,1783816114
All Pools,HATCHY - AVAX,,False,136.31,6536.39,0.34077,1.9,1783816114
All Pools,AI - AVAX,,False,128.82,3133.51,0.32204,3.75,1783816114
All Pools,WETH.e - USDC.e,,False,122.67,10811.0,0.30668,1.04,1783816114
All Pools,MUON - AVAX,,False,96.78,41351.0,0.24196,0.21,1783816114
All Pools,SWORLD - AVAX,,False,92.06,2110.86,0.23015,3.98,1783816114
All Pools,AVAX - aXEN,,False,89.67,162.37,0.22417,50.39,1783816114
All Pools,AVAX - UST,,False,81.54,6821.02,0.20385,1.09,1783816114
All Pools,XSGD - USDC,,False,81.51,872.61,0.01309,0.55,1783816114
All Pools,GMX - AVAX,,False,76.27,3803.6,0.19068,1.83,1783816114
All Pools,BLSEYE🎯 - AVAX,,False,71.13,4403.03,0.17782,1.47,1783816114
All Pools,USDt - ncash,,False,68.3,1010.72,0.17076,6.17,1783816114
All Pools,FLD - AVAX,,False,68.22,34860.0,0.17056,0.18,1783816114
All Pools,GUN - BLSEYE🎯,,False,66.4,440.29,0.16601,13.76,1783816114
All Pools,XAVA - AVAX,,False,63.29,459.67,0.50869,40.39,1783816114
All Pools,APIX - ID,,False,56.57,16833.0,0.14142,0.31,1783816114
All Pools,AVAX - TOPIA,,False,55.52,1061.09,0.1388,4.77,1783816114
All Pools,ZOO - AVAX,,False,53.75,1420.22,0.13437,3.45,1783816114
All Pools,OSAK - AVAX,,False,51.37,3375.99,0.12842,1.39,1783816114
All Pools,UST - AVAX,,False,49.99,5864.86,0.12499,0.78,1783816114
All Pools,SHRAP - AVAX,,False,49.19,8892.03,0.39549,1.62,1783816114
All Pools,TECH - AVAX,,False,42.11,9662.7,0.10528,0.4,1783816114
All Pools,rsAVAX - AVAX,,False,40.99,701.68,0.0423,2.2,1783816114
All Pools,GUN - AVAX,,False,40.58,200.29,0.10144,18.49,1783816114
All Pools,APIX - USDt,,False,40.52,5829.42,0.1013,0.63,1783816114
All Pools,w3ULL - AVAX,,False,38.2,51471.0,0.09549,0.07,1783816114
All Pools,AVAX - DOMI,,False,37.4,10845.0,0.09349,0.31,1783816114
All Pools,HAT - AVAX,,False,36.64,7428.02,0.0916,0.45,1783816114
All Pools,USDC - LODE,,False,35.91,895.93,0.08979,3.66,1783816114
All Pools,ALOT - AVAX,,False,33.54,10156.0,0.08384,0.3,1783816114
All Pools,JPYC - USDC,,False,31.9,3269.7,0.01238,0.14,1783816114
All Pools,WBTC - BTC.b,,False,31.67,82289.0,0.0121,0.01,1783816114
All Pools,sAVAX - JACK,,False,30.2,273110.0,0.07551,0.01,1783816114
All Pools,HUSKY - AVAX,,False,29.9,2028.51,0.07476,1.35,1783816114
All Pools,WOLF - AVAX,,False,26.62,27271.0,0.06656,0.09,1783816114
All Pools,BEAM - AVAX,,False,25.33,378.39,0.06334,6.11,1783816114
All Pools,STG - USDC,,False,25.27,1289.6,0.06318,1.79,1783816114
All Pools,APIX - LAMBO,,False,23.68,440.51,0.0592,4.91,1783816114
All Pools,KLO - AVAX,,False,23.46,11700.0,0.05864,0.18,1783816114
All Pools,BOOTY - AVAX,,False,21.87,1517.02,0.05467,1.32,1783816114
All Pools,STG - AVAX,,False,21.3,1076.74,0.05326,1.81,1783816114
All Pools,ABC - AVAX,,False,19.88,528.6,0.0497,3.43,1783816114
All Pools,APIX - USDC,,False,19.59,2910.16,0.04898,0.61,1783816114
All Pools,Balln - AVAX,,False,19.2,3787.32,0.04801,0.46,1783816114
All Pools,AVAX - ALVA,,False,18.73,771.18,0.04682,2.22,1783816114
All Pools,CDK - AVAX,,False,18.45,3540.47,0.04619,0.48,1783816114
All Pools,AVAX - AMI,,False,17.35,345.59,0.04338,4.58,1783816114
All Pools,FITFI - USDT.e,,False,17.34,144.02,0.04334,10.98,1783816114
All Pools,USDC.e - WMATIC,,False,17.17,16.47,0.04294,95.13,1783816114
All Pools,ISA - AVAX,,False,16.52,16711.0,0.04129,0.09,1783816114
All Pools,ALOT - AVAX,,False,16.43,1374.38,0.13183,3.5,1783816114
All Pools,Psychic - AVAX,,False,12.75,882.58,0.03186,1.32,1783816114
All Pools,SECOND - USDC,,False,12.16,6946.71,0.03039,0.16,1783816114
All Pools,SECOND - AVAX,,False,12.14,1436.87,0.03035,0.77,1783816114
All Pools,JEWEL - USDC,,False,12.11,3720.55,0.03027,0.3,1783816114
All Pools,ROCO - AVAX,,False,11.95,1294.27,0.02987,0.84,1783816114
All Pools,ISA - USDC.e,,False,11.86,1430.57,0.02965,0.76,1783816114
All Pools,BTC.b - TOPIA,,False,11.32,445.59,0.0283,2.32,1783816114
All Pools,MIM - USDT.e,,False,11.1,1560.69,0.02776,0.65,1783816114
All Pools,RGOGLZ - USDC,,False,10.68,1318.44,0.0267,0.74,1783816114
All Pools,PNG - AVAX,,False,10.36,793.53,0.02589,1.19,1783816114
All Pools,STOMB - AVAX,,False,9.524,5293.1,0.02381,0.16,1783816114
All Pools,USDC.e - USDC,,False,8.867,481150.0,0.02217,0.0,1783816114
All Pools,DCAU - USDT.e,,False,8.73,5020.73,0.02182,0.16,1783816114
All Pools,Psychic - XAUt0,,False,8.306,5826.55,0.02076,0.13,1783816114
All Pools,APIX - ARENA,,False,8.287,1604.38,0.02072,0.47,1783816114
All Pools,DCAU - AVAX,,False,8.155,1008.4,0.02039,0.74,1783816114
All Pools,MAI - AVAX,,False,8.098,1580.67,0.02025,0.47,1783816114
All Pools,3QF - D - AVAX,,False,7.244,1294.85,0.01811,0.51,1783816114
All Pools,3QF - D - WETH.e,,False,7.225,2380.73,0.01806,0.28,1783816114
All Pools,YAK - AVAX,,False,7.196,3291.92,0.01799,0.2,1783816114
All Pools,BLSEYE🎯 - ARENA,,False,7.175,828.48,0.01794,0.79,1783816114
All Pools,AVAX - FRAX,,False,6.426,669.57,0.01607,0.88,1783816114
All Pools,USDC.e - MU,,False,5.994,13140.0,0.01499,0.04,1783816114
All Pools,BLSEYE🎯 - BEAM,,False,5.682,270.56,0.0142,1.92,1783816114
All Pools,MIM - USDC.e,,False,5.374,794.2,0.01344,0.62,1783816114
All Pools,USDC - aXEN,,False,5.17,8.787,0.01293,53.69,1783816114
All Pools,TOPIA - PTOP10000,,False,5.158,117.55,0.0129,4.0,1783816114
All Pools,MYST - AVAX,,False,5.151,647.82,0.01288,0.73,1783816114
All Pools,AVAX - PEFI,,False,4.923,3214.45,0.01231,0.14,1783816114
All Pools,sAVAX - AVAX,,False,4.519,170966.0,0.0113,0.0,1783816114
All Pools,YOU - ORNG,,False,4.454,1354.21,0.01114,0.3,1783816114
All Pools,AVAX - SPELL,,False,4.337,1962.72,0.01084,0.2,1783816114
All Pools,ORNG - FLUX,,False,4.255,108.45,0.01064,3.58,1783816114
All Pools,AVAX - ELK,,False,4.157,1286.46,0.01039,0.29,1783816114
All Pools,UST - USDC,,False,4.067,435.69,0.01017,0.85,1783816114
All Pools,USV - DAI.e,,False,3.993,3939.87,0.00998,0.09,1783816114
All Pools,ZRO - AVAX,,False,3.936,137.41,0.00984,2.61,1783816114
All Pools,DATCM - ORNG,,False,3.621,232.93,0.00905,1.42,1783816114
All Pools,ORNG - JUCI,,False,3.577,243.2,0.00894,1.34,1783816114
All Pools,MONKE - AVAX,,False,3.531,1080.49,0.00883,0.3,1783816114
All Pools,USDC.e - WXT,,False,3.448,195.76,0.00862,1.61,1783816114
All Pools,avUSD - sAVAX,,False,3.401,224.09,0.0085,1.39,1783816114
All Pools,AVAX - KONG,,False,3.354,5609.6,0.00838,0.05,1783816114
All Pools,CAPY - ARENA,,False,3.16,18503.0,0.0079,0.02,1783816114
All Pools,L - Swing - aXEN,,False,3.119,51.32,0.0078,5.55,1783816114
All Pools,TRESR - AVAX,,False,3.115,7956.44,0.00779,0.04,1783816114
All Pools,MYST - USDC,,False,3.056,217.36,0.00764,1.28,1783816114
All Pools,AVAX - SOCK,,False,2.976,2394.92,0.00744,0.11,1783816114
All Pools,USDC - SOCK,,False,2.974,417.32,0.00744,0.65,1783816114
All Pools,MIM - WETH.e,,False,2.951,506.88,0.00738,0.53,1783816114
All Pools,ORNG - SAI,,False,2.861,108.83,0.00715,2.4,1783816114
All Pools,LINK.e - USDC.e,,False,2.777,181.12,0.00694,1.4,1783816114
All Pools,DEVS - AVAX,,False,2.768,2647.5,0.00692,0.1,1783816114
All Pools,LINK.e - USDT.e,,False,2.741,217.97,0.00685,1.15,1783816114
All Pools,BUSD - AVAX,,False,2.725,336.02,0.00681,0.74,1783816114
All Pools,Psychic - BLACK,,False,2.696,257.64,0.00674,0.95,1783816114
All Pools,VPND - AVAX,,False,2.632,17937.0,0.00658,0.01,1783816114
All Pools,PUSS - AVAX,,False,2.619,2023.43,0.00655,0.12,1783816114
All Pools,AAVE.e - REDWOLF,,False,2.558,153.25,0.00639,1.52,1783816114
All Pools,XROSS - ORNG,,False,2.516,232.43,0.00629,0.99,1783816114
All Pools,EGG - AVAX,,False,2.396,16546.0,0.00599,0.01,1783816114
All Pools,SWIFT - USDC.e,,False,2.336,479.25,0.00584,0.44,1783816114
All Pools,REDWOLF - AVAX,,False,2.174,387.65,0.00544,0.51,1783816114
All Pools,HUSKY - JOE,,False,2.014,92.74,0.00504,1.98,1783816114
All Pools,ORNG - MOOM,,False,1.944,185.95,0.00486,0.95,1783816114
All Pools,REDWOLF - USDC,,False,1.94,186.87,0.00485,0.95,1783816114
All Pools,COQ - COQAI,,False,1.936,19020.0,0.00484,0.01,1783816114
All Pools,MPEPE - AVAX,,False,1.788,490.55,0.00447,0.33,1783816114
All Pools,SWIFT - AVAX,,False,1.77,231.09,0.00442,0.7,1783816114
All Pools,REDWOLF - WMATIC,,False,1.765,2.086,0.00441,77.24,1783816114
All Pools,AVAX - TIME,,False,1.716,568.49,0.00429,0.28,1783816114
All Pools,USDT.e - CLY,,False,1.671,181.31,0.00418,0.84,1783816114
All Pools,LUNA - USDC.e,,False,1.668,669.27,0.00417,0.23,1783816114
All Pools,YAK - USDC.e,,False,1.62,210.67,0.00405,0.7,1783816114
All Pools,DPS - USDC,,False,1.614,1799.54,0.00404,0.08,1783816114
All Pools,DPS - AVAX,,False,1.611,181.06,0.00403,0.81,1783816114
All Pools,SWIFT - WETH.e,,False,1.608,1268.73,0.00402,0.12,1783816114
All Pools,AVAX - CLY,,False,1.58,21895.0,0.00395,0.01,1783816114
All Pools,HOST - DAI.e,,False,1.577,2494.33,0.00394,0.06,1783816114
All Pools,AVAX - SWAP.e,,False,1.549,20682.0,0.00387,0.01,1783816114
All Pools,WETH - USDC.e,,False,1.525,200.85,0.00381,0.69,1783816114
All Pools,AVAX - NaughtiusMaximus,,False,1.501,335.22,0.00375,0.41,1783816114
All Pools,L - Swing - SWAP.e,,False,1.501,47.99,0.00375,2.85,1783816114
All Pools,FITFI - AVAX,,False,1.481,12.79,0.0037,10.57,1783816114
All Pools,AVAX - ChristMark,,False,1.479,269.67,0.0037,0.5,1783816114
All Pools,aDXN - AVAX,,False,1.471,50.39,0.00368,2.66,1783816114
All Pools,aDXN - aXEN,,False,1.469,4.81,0.00367,27.87,1783816114
All Pools,LUNA - USDC.e,,False,1.453,334.64,0.00363,0.4,1783816114
All Pools,XAUt0 - ChristMark,,False,1.441,587.42,0.0036,0.22,1783816114
All Pools,HOTL1s - USDC,,False,1.438,0.00435,0.00359,30163.74,1783816114
All Pools,APOW - AVAX,,False,1.433,616.16,0.00358,0.21,1783816114
All Pools,XAUt0 - NaughtiusMaximus,,False,1.398,893.85,0.00349,0.14,1783816114
All Pools,PNG - JOE,,False,1.373,117.31,0.00343,1.07,1783816114
All Pools,USDC.e - AVVO,,False,1.338,224.34,0.00334,0.54,1783816114
All Pools,Ush - AVAX,,False,1.33,2115.02,0.00333,0.06,1783816114
All Pools,AVAX - STICK,,False,1.329,1451.72,0.00332,0.08,1783816114
All Pools,JOE - USDT,,False,1.321,283.53,0.0033,0.43,1783816114
All Pools,COQ - BLSEYE🎯,,False,1.261,144.31,0.00315,0.8,1783816114
All Pools,WETH.e - USDT.e,,False,1.223,147.09,0.00306,0.76,1783816114
All Pools,AVAX - ONION,,False,1.192,146.61,0.00298,0.74,1783816114
All Pools,AVAX - FRAX,,False,1.157,225.58,0.00289,0.47,1783816114
All Pools,GCNOOT - AVAX,,False,1.148,677.14,0.00287,0.15,1783816114
All Pools,BTC.b - oXAUT,,False,1.142,315.12,0.00285,0.33,1783816114
All Pools,oXAUT - AVAX,,False,1.138,409.66,0.00284,0.25,1783816114
All Pools,MAGICK - USDC,,False,1.125,225.1,0.00281,0.46,1783816114
All Pools,MAGICK - AVAX,,False,1.122,279.35,0.00281,0.37,1783816114
All Pools,ABC - HOWDY,,False,1.112,538.38,0.00278,0.19,1783816114
All Pools,GUN - AMI,,False,1.11,8.797,0.00277,11.51,1783816114
All Pools,USDC.e - ONION,,False,1.101,368.07,0.00275,0.27,1783816114
All Pools,WETH.e - ONION,,False,1.092,228.79,0.00273,0.44,1783816114
All Pools,FTOMB - AVAX,,False,1.077,6748.18,0.00269,0.01,1783816114
All Pools,GB - AVAX,,False,1.071,1759.14,0.00268,0.06,1783816114
All Pools,Trinity - AVAX,,False,1.063,729.33,0.00266,0.13,1783816114
All Pools,FXS - AVAX,,False,1.036,287.9,0.00259,0.33,1783816114
All Pools,Trinity - Psychic,,False,0.99465,401.96,0.00249,0.23,1783816114
All Pools,YUSD - AVAX,,False,0.97349,115.88,0.00243,0.77,1783816114
All Pools,XAUt0 - Now,,False,0.97266,573.58,0.00243,0.15,1783816114
All Pools,USDT.e - ONION,,False,0.94334,736.81,0.00236,0.12,1783816114
All Pools,LINDA - AVAX,,False,0.93547,1560.56,0.00234,0.05,1783816114
All Pools,BANKSY - USDT.e,,False,0.9254,1516.23,0.00231,0.06,1783816114
All Pools,BANKSY - AVAX,,False,0.92309,142.09,0.00231,0.59,1783816114
All Pools,Now - AVAX,,False,0.90994,191.75,0.00227,0.43,1783816114
All Pools,SMRTr - USDC.e,,False,0.89423,104.87,0.00224,0.78,1783816114
All Pools,SMRTr - AVAX,,False,0.89251,25730.0,0.00223,0.0,1783816114
All Pools,Now - BLACK,,False,0.88908,236.14,0.00222,0.34,1783816114
All Pools,YEEHAW - HOWDY,,False,0.88712,7077.14,0.00222,0.01,1783816114
All Pools,DREGG - USDT.e,,False,0.87028,512.34,0.00218,0.16,1783816114
All Pools,DREGG - AVAX,,False,0.86802,145.31,0.00217,0.55,1783816114
All Pools,gOHM - SB,,False,0.83273,16.26,0.00208,4.67,1783816114
All Pools,MaryMagdalene - AVAX,,False,0.79862,172.9,0.002,0.42,1783816114
All Pools,RDOG - AVAX,,False,0.76987,450.76,0.00192,0.16,1783816114
All Pools,AVAX - IMPACT2,,False,0.76671,139.29,0.00192,0.5,1783816114
All Pools,AVAX - EROL,,False,0.76019,37.93,0.0,0.0,1783816114
All Pools,APOW - USDt,,False,0.7363,114.46,0.00184,0.59,1783816114
All Pools,TSD - AVAX,,False,0.71838,180.42,0.0018,0.36,1783816114
All Pools,HUSKY - AMI,,False,0.7098,41.84,0.00177,1.55,1783816114
All Pools,AVAX - AVVO,,False,0.70934,228.26,0.00177,0.28,1783816114
All Pools,APOW - USDC,,False,0.6997,114.71,0.00175,0.56,1783816114
All Pools,BTC.b - IMPACT2,,False,0.69462,1301.7,0.00174,0.05,1783816114
All Pools,BLUB - AVAX,,False,0.69093,11682.0,0.00173,0.01,1783816114
All Pools,MIM - USDC,,False,0.67895,30.57,0.0017,2.03,1783816114
All Pools,AVAX - MU,,False,0.67476,73.54,0.00169,0.84,1783816114
All Pools,HOST - AVAX,,False,0.67365,88.14,0.00168,0.7,1783816114
All Pools,YEEHAW - TOPIA,,False,0.66777,112.62,0.00167,0.54,1783816114
All Pools,MaryMagdalene - XAUt0,,False,0.66607,1671.6,0.00167,0.04,1783816114
All Pools,MIM - MU,,False,0.66029,97.81,0.00165,0.62,1783816114
All Pools,AVAX - SMRT,,False,0.63314,1633.83,0.00158,0.04,1783816114
All Pools,BRO - COQ,,False,0.61576,135.95,0.00154,0.41,1783816114
All Pools,L - Swing - AVAX,,False,0.61575,109.97,0.00154,0.51,1783816114
All Pools,BRO - AVAX,,False,0.61431,99677.0,0.00154,0.0,1783816114
All Pools,AMI - TOPIA,,False,0.61397,147.97,0.00153,0.38,1783816114
All Pools,DOM - AVAX,,False,0.61087,1004.88,0.00153,0.06,1783816114
All Pools,USDT.e - SMRT,,False,0.60713,88.55,0.00152,0.63,1783816114
All Pools,KIWI - USDC,,False,0.59953,297.6,0.0015,0.18,1783816114
All Pools,FXS - L - Swing,,False,0.59836,27.65,0.0015,1.97,1783816114
All Pools,KIWI - AVAX,,False,0.59815,93.81,0.0015,0.58,1783816114
All Pools,Gravity - AVAX,,False,0.59772,241.42,0.00149,0.23,1783816114
All Pools,XAUt0 - Gravity,,False,0.57081,319.33,0.00143,0.16,1783816114
All Pools,Psychic - Wej,,False,0.56881,242.16,0.00142,0.21,1783816114
All Pools,AVAX - Wej,,False,0.56771,210.21,0.00142,0.25,1783816114
All Pools,LYD - L - Swing,,False,0.54842,60.53,0.00137,0.83,1783816114
All Pools,SYMBIOT - AVAX,,False,0.53558,74.68,0.00134,0.65,1783816114
All Pools,USDC - SDOG,,False,0.52396,368.61,0.00131,0.13,1783816114
All Pools,agEUR - USDC,,False,0.51816,60.68,0.0013,0.78,1783816114
All Pools,LINK.e - REDWOLF,,False,0.51256,68.99,0.00128,0.68,1783816114
All Pools,DCAU - USDC,,False,0.51231,143.4,0.00128,0.33,1783816114
All Pools,SYMBIOT - DAI.e,,False,0.50273,443.27,0.00126,0.1,1783816114
All Pools,Anon - AVAX,,False,0.49685,8.051,0.00124,5.63,1783816114
All Pools,MEOW - AVAX,,False,0.49263,7643.32,0.00123,0.01,1783816114
All Pools,DEXTF - AVAX,,False,0.49043,17.8,0.00123,2.51,1783816114
All Pools,AVAX - ZUBAX,,False,0.48848,91.61,0.00122,0.49,1783816114
All Pools,MAXI - DAI.e,,False,0.48504,221.13,0.00121,0.2,1783816114
All Pools,WETH.e - REDWOLF,,False,0.47992,82.18,0.0012,0.53,1783816114
All Pools,MIM - SDOG,,False,0.4786,95.0,0.0012,0.46,1783816114
All Pools,JOE - KRW,,False,0.47742,149.46,0.00119,0.29,1783816114
All Pools,KRW - AVAX,,False,0.47731,313.62,0.00119,0.14,1783816114
All Pools,LUNA - AVAX,,False,0.47411,123.49,0.00119,0.35,1783816114
All Pools,ZUBAX - USDT.e,,False,0.47145,171.89,0.00118,0.25,1783816114
All Pools,meGNX - AVAX,,False,0.4599,12.96,0.00115,3.24,1783816114
All Pools,USDC - GAU,,False,0.45225,837.16,0.00113,0.05,1783816114
All Pools,DCAU - MIM,,False,0.45114,116.25,0.00113,0.35,1783816114
All Pools,UST - USDC.e,,False,0.4484,677.15,0.00112,0.06,1783816114
All Pools,Psychic - Prometheus,,False,0.44127,235.6,0.0011,0.17,1783816114
All Pools,AVAX - Prometheus,,False,0.4404,204.78,0.0011,0.2,1783816114
All Pools,sAVAX - COQ,,False,0.42473,61.55,0.00106,0.63,1783816114
All Pools,Psychic - MeaningOfNumbers,,False,0.42124,242.18,0.00105,0.16,1783816114
All Pools,AVAX - MeaningOfNumbers,,False,0.42051,209.52,0.00105,0.18,1783816114
All Pools,Psychic - AftermathsKobe,,False,0.41211,245.02,0.00103,0.15,1783816114
All Pools,GENI - USDC,,False,0.41187,1175.21,0.00103,0.03,1783816114
All Pools,AftermathsKobe - AVAX,,False,0.411,212.06,0.00103,0.18,1783816114
All Pools,GENI - AVAX,,False,0.41097,49.78,0.00103,0.75,1783816114
All Pools,CANS - AVAX,,False,0.40218,7.906,0.00101,4.64,1783816114
All Pools,TOPIA - PTOP600,,False,0.4017,115.92,0.001,0.32,1783816114
All Pools,aAvaWAVAX - meGNX,,False,0.3963,3.053,0.0,11.85,1783816114
All Pools,CATWIF - AVAX,,False,0.38839,2337.51,0.0,0.02,1783816114
All Pools,JOE - EXP,,False,0.38689,10569391.0,0.0,0.0,1783816114
All Pools,AVAX - EROL,,False,0.38557,20.32,0.0,1.73,1783816114
All Pools,bCASH - LINK.e,,False,0.37888,302.61,0.0,0.11,1783816114
All Pools,ALPHA.e - AVAX,,False,0.37806,62.41,0.0,0.55,1783816114
All Pools,USDt - USDC.e,,False,0.37571,14.19,0.0,2.42,1783816114
All Pools,KALM - USDC,,False,0.36773,76.98,0.0,0.44,1783816114
All Pools,KALM - AVAX,,False,0.36684,96.73,0.0,0.35,1783816114
All Pools,50 - USDC,,False,0.36416,111.55,0.0,0.3,1783816114
All Pools,50 - AVAX,,False,0.36327,59.51,0.0,0.56,1783816114
All Pools,REDWOLF - SOL,,False,0.35465,59.62,0.0,0.54,1783816114
All Pools,Psychic - ArniStitch,,False,0.34597,242.35,0.0,0.13,1783816114
All Pools,ArniStitch - AVAX,,False,0.34462,209.73,0.0,0.15,1783816114
All Pools,Psychic - BlackAndGold,,False,0.34353,241.26,0.0,0.13,1783816114
All Pools,AVAX - BlackAndGold,,False,0.34281,210.15,0.0,0.15,1783816114
All Pools,APOW - AVAX,,False,0.33612,1316.44,0.0,0.02,1783816114
All Pools,XPOW - AVAX,,False,0.31224,1313.44,0.0,0.02,1783816114
All Pools,BTC.b - REDWOLF,,False,0.30216,98.68,0.0,0.28,1783816114
All Pools,Psychic - CommieSukey,,False,0.29717,241.87,0.0,0.11,1783816114
All Pools,CommieSukey - AVAX,,False,0.29689,209.93,0.0,0.13,1783816114
All Pools,miMatic - USDC.e,,False,0.27741,24.27,0.0,1.04,1783816114
All Pools,ROY - AVAX,,False,0.26572,4049.43,0.0,0.01,1783816114
All Pools,WBTC.e - ONION,,False,0.26557,350.24,0.0,0.07,1783816114
All Pools,USDC - SHRAP,,False,0.26334,22.0,0.0,1.09,1783816114
All Pools,WBTC.e - renBTC,,False,0.258,3.764,0.0,6.25,1783816114
All Pools,AVAX - ARENA,,False,0.25799,55.74,0.0,0.42,1783816114
All Pools,KIMBO - CANS,,False,0.25233,200.07,0.0,0.12,1783816114
All Pools,Psychic - Meaning,,False,0.25211,236.0,0.0,0.1,1783816114
All Pools,Meaning - AVAX,,False,0.25128,326.12,0.0,0.07,1783816114
All Pools,BNB - AVAX,,False,0.24865,2789.96,0.0,0.01,1783816114
All Pools,DAI.e - ONION,,False,0.24836,329.53,0.0,0.07,1783816114
All Pools,MM - USDC,,False,0.24705,49.61,0.0,0.45,1783816114
All Pools,MM - AVAX,,False,0.2463,66.64,0.0,0.34,1783816114
All Pools,AMPL - AVAX,,False,0.24583,202.01,0.0,0.11,1783816114
All Pools,AVAX - rsAVAX,,False,0.22941,163.77,0.0,0.13,1783816114
All Pools,STATIK - AVAX,,False,0.22914,30.96,0.0,0.68,1783816114
All Pools,MU - DAI.e,,False,0.2286,235.09,0.0,0.09,1783816114
All Pools,AVAXAI - USDC,,False,0.22742,1542.87,0.0,0.01,1783816114
All Pools,CGS - AVAX,,False,0.22449,53.21,0.0,0.39,1783816114
All Pools,CGS - USDC.e,,False,0.22374,150.62,0.0,0.14,1783816114
All Pools,BLS - USDt,,False,0.22274,127.8,0.0,0.16,1783816114
All Pools,WBTC.e - REDWOLF,,False,0.21876,48.83,0.0,0.41,1783816114
All Pools,NOCHILL - OX,,False,0.21768,13766.0,0.0,0.0,1783816114
All Pools,WBTC - AVAX,,False,0.21319,30.89,0.0,0.63,1783816114
All Pools,AVAX - USDT,,False,0.20879,1704.3,0.0,0.01,1783816114
All Pools,APOW - USDC,,False,0.20039,21.29,0.0,0.86,1783816114
All Pools,XPOW - USDC,,False,0.20024,20.65,0.0,0.88,1783816114
All Pools,AVAX - GEC,,False,0.20004,27547.0,0.0,0.0,1783816114
All Pools,COQ - OX,,False,0.19857,13644.0,0.0,0.0,1783816114
All Pools,CQK - USDC,,False,0.19851,30.8,0.0,0.59,1783816114
All Pools,USDC - USD+,,False,0.19847,28.1,0.0,0.64,1783816114
All Pools,CQK - AVAX,,False,0.19788,96.74,0.0,0.19,1783816114
All Pools,AVAX - SNOB,,False,0.19578,766.42,0.0,0.02,1783816114
All Pools,USDt - RUX,,False,0.19337,15938.0,0.0,0.0,1783816114
All Pools,RUX - AVAX,,False,0.19278,25.37,0.0,0.69,1783816114
All Pools,DFIAT - USDT.e,,False,0.1924,26.84,0.0,0.65,1783816114
All Pools,DFIAT - AVAX,,False,0.19163,6008.62,0.0,0.0,1783816114
All Pools,HOWDY - AVAX,,False,0.19107,6699.87,0.0,0.0,1783816114
All Pools,USDC.e - WISE,,False,0.19071,41.22,0.0,0.42,1783816114
All Pools,AVAX - WISE,,False,0.19018,59.32,0.0,0.29,1783816114
All Pools,WETH.e - SURE,,False,0.18878,838.25,0.0,0.02,1783816114
All Pools,LUNA - AVAX,,False,0.18508,14.3,0.0,1.18,1783816114
All Pools,GLOBA - AVAX,,False,0.18474,39.78,0.0,0.42,1783816114
All Pools,USDC - CHAM,,False,0.17888,46.38,0.0,0.35,1783816114
All Pools,USDT.e - DUO,,False,0.17845,50.6,0.0,0.32,1783816114
All Pools,AVAX - DUO,,False,0.17787,52.52,0.0,0.31,1783816114
All Pools,SLUSH - USDT.e,,False,0.17777,55.21,0.0,0.29,1783816114
All Pools,SOL - USDC,,False,0.17776,20.75,0.0,0.78,1783816114
All Pools,AVAX - KET,,False,0.17725,23.41,0.0,0.69,1783816114
All Pools,SLUSH - AVAX,,False,0.1771,45.38,0.0,0.36,1783816114
All Pools,MIM - wsOHM,,False,0.17518,188.96,0.0,0.08,1783816114
All Pools,GLOBA - DAI.e,,False,0.17356,47.35,0.0,0.33,1783816114
All Pools,Beyond - AVAX,,False,0.17332,63.65,0.0,0.25,1783816114
All Pools,Beyond - Now,,False,0.17322,329.42,0.0,0.05,1783816114
All Pools,VEE - USDC,,False,0.16949,31.27,0.0,0.49,1783816114
All Pools,COQ - OSAK,,False,0.16427,18.53,0.0,0.81,1783816114
All Pools,MAI - TOMB,,False,0.16302,127.84,0.0,0.12,1783816114
All Pools,UNIQOC - AVAX,,False,0.16247,802.8,0.0,0.02,1783816114
All Pools,Psychic - DogL,,False,0.1604,241.98,0.0,0.06,1783816114
All Pools,DogL - AVAX,,False,0.15993,210.86,0.0,0.07,1783816114
All Pools,LF - AVAX,,False,0.15879,287.01,0.0,0.05,1783816114
All Pools,UNIQOC - COQ,,False,0.15714,35.3,0.0,0.41,1783816114
All Pools,SYN - REDWOLF,,False,0.15375,5.693,0.0,2.46,1783816114
All Pools,PTOP500 - TOPIA,,False,0.15224,106.58,0.0,0.13,1783816114
All Pools,USDC.e - SOL,,False,0.15014,36.47,0.0,0.38,1783816114
All Pools,MIM - LF,,False,0.15003,414.18,0.0,0.03,1783816114
All Pools,HEFE - CANS,,False,0.14973,4.647,0.0,2.94,1783816114
All Pools,NOCHILL - KET,,False,0.14821,8.869,0.0,1.52,1783816114
All Pools,USDC - MXNB,,False,0.14771,17.88,0.0,0.75,1783816114
All Pools,HUSKY - MUG,,False,0.14738,13.57,0.0,0.99,1783816114
All Pools,AVAI - AVAX,,False,0.14647,19.76,0.0,0.68,1783816114
All Pools,MIM - DAI.e,,False,0.14645,20.2,0.0,0.66,1783816114
All Pools,AVAT - USDC,,False,0.14592,37.42,0.0,0.36,1783816114
All Pools,BLSEYE🎯 - MEOW,,False,0.14357,697.83,0.0,0.02,1783816114
All Pools,USDt - USDT.e,,False,0.14093,20444.0,0.0,0.0,1783816114
All Pools,WETH.e - USDC,,False,0.14048,19.94,0.0,0.64,1783816114
All Pools,ElvisJackpot - BLACK,,False,0.13892,10.08,0.0,1.26,1783816114
All Pools,TRYB - USDC.e,,False,0.13749,31.65,0.0,0.4,1783816114
All Pools,APOW - USDt,,False,0.13748,21.31,0.0,0.59,1783816114
All Pools,MaryMagdalene - FollowTheWhiteRabbit,,False,0.13375,157.12,0.0,0.08,1783816114
All Pools,rloop - AVAX,,False,0.13339,4563.12,0.0,0.0,1783816114
All Pools,FollowTheWhiteRabbit - AVAX,,False,0.13329,116.44,0.0,0.1,1783816114
All Pools,YEEHAW - BTC.b,,False,0.13321,51.51,0.0,0.24,1783816114
All Pools,AVVO - DAI.e,,False,0.13249,34.61,0.0,0.35,1783816114
All Pools,WETH.e - yyAVAX,,False,0.1304,14.22,0.0,0.84,1783816114
All Pools,Psychic - Now,,False,0.13018,473.39,0.0,0.03,1783816114
All Pools,USDC - BVAX,,False,0.12691,25.84,0.0,0.45,1783816114
All Pools,AVAX - CHAM,,False,0.12686,25.66,0.0,0.45,1783816114
All Pools,GAINS - AVAX,,False,0.12672,31.08,0.0,0.37,1783816114
All Pools,XAUt0 - ElvisJackpot,,False,0.12475,285.88,0.0,0.04,1783816114
All Pools,Silver - Now,,False,0.12367,654.99,0.0,0.02,1783816114
All Pools,MELT - AVAX,,False,0.12363,19.93,0.0,0.57,1783816114
All Pools,Silver - AVAX,,False,0.12354,62.84,0.0,0.18,1783816114
All Pools,gOHM - wsOHM,,False,0.12254,17.45,0.0,0.64,1783816114
All Pools,USDT.e - EXP,,False,0.11721,44991139.0,0.0,0.0,1783816114
All Pools,AVAX - ZABU,,False,0.11715,23.29,0.0,0.46,1783816114
All Pools,USDt - XPOW,,False,0.1137,20.61,0.0,0.5,1783816114
All Pools,COQ - JUICE,,False,0.11281,26.19,0.0,0.39,1783816114
All Pools,MU - WMATIC,,False,0.1082,0.14154,0.0,69.76,1783816114
All Pools,AprilFoolsDay - NaughtiusMaximus,,False,0.10769,100.18,0.0,0.1,1783816114
All Pools,Gold - Now,,False,0.10744,653.85,0.0,0.01,1783816114
All Pools,Gold - AVAX,,False,0.10727,63.86,0.0,0.15,1783816114
All Pools,AprilFoolsDay - AVAX,,False,0.10726,75.52,0.0,0.13,1783816114
All Pools,USDt - MILO,,False,0.1065,14.02,0.0,0.69,1783816114
All Pools,AVAX - MILO,,False,0.10604,789.12,0.0,0.01,1783816114
All Pools,Psychic - Blue,,False,0.10417,62.5,0.0,0.15,1783816114
All Pools,Blue - AVAX,,False,0.10417,190.15,0.0,0.05,1783816114
All Pools,TOMB - USDC,,False,0.10378,10.01,0.0,0.95,1783816114
All Pools,SURE - USDC.e,,False,0.10299,20.71,0.0,0.45,1783816114
All Pools,USDC - yyAVAX,,False,0.10252,12.0,0.0,0.78,1783816114
All Pools,COQ - NOCHILL,,False,0.10158,8.659,0.0,1.07,1783816114
All Pools,USDT.e - ZABU,,False,0.10026,44.2,0.0,0.21,1783816114
All Pools,HEFE - GAINS,,False,0.09733,7.981,0.0,1.11,1783816114
All Pools,SYN - USDC.e,,False,0.09699,2.907,0.0,3.04,1783816114
All Pools,FLAKE - USDT.e,,False,0.09556,48.27,0.0,0.18,1783816114
All Pools,FLAKE - AVAX,,False,0.09515,17.07,0.0,0.51,1783816114
All Pools,HATCHY - AMI,,False,0.09469,2.542,0.0,3.4,1783816114
All Pools,AVAX - MUG,,False,0.09427,253.07,0.0,0.03,1783816114
All Pools,WBTC.e - USDT.e,,False,0.09313,156.09,0.0,0.05,1783816114
All Pools,TECH - OX,,False,0.09256,5771.13,0.0,0.0,1783816114
All Pools,DAI - USDT,,False,0.09034,417.47,0.0,0.02,1783816114
All Pools,SUB - USDC,,False,0.08997,11.36,0.0,0.72,1783816114
All Pools,SURE - DAI.e,,False,0.08834,24.16,0.0,0.33,1783816114
All Pools,AVAT - AVAX,,False,0.0871,16.7,0.0,0.48,1783816114
All Pools,MELT - USDC.e,,False,0.08689,29.62,0.0,0.27,1783816114
All Pools,USDt - DXN,,False,0.08605,213.65,0.0,0.04,1783816114
All Pools,MIM - VOLT,,False,0.08111,14.78,0.0,0.5,1783816114
All Pools,SPC - DAI.e,,False,0.07968,19.44,0.0,0.37,1783816114
All Pools,MIM - GRAPE,,False,0.07854,126.51,0.0,0.06,1783816114
All Pools,wsOHM - USDC.e,,False,0.07791,18.68,0.0,0.38,1783816114
All Pools,bECH - AVAX,,False,0.07684,16.89,0.0,0.42,1783816114
All Pools,USDt - IMPACT2,,False,0.07406,69.92,0.0,0.1,1783816114
All Pools,AVAX - STRAW,,False,0.07309,14.19,0.0,0.47,1783816114
All Pools,WLRS - GRAPE,,False,0.07297,9.292,0.0,0.72,1783816114
All Pools,WLRS - USDC.e,,False,0.0717,4030.99,0.0,0.0,1783816114
All Pools,DAI.e - VOLT,,False,0.07154,41.15,0.0,0.16,1783816114
All Pools,METAG - AVAX,,False,0.07144,19.59,0.0,0.33,1783816114
All Pools,BANKSY - USDC.e,,False,0.07076,29.1,0.0,0.22,1783816114
All Pools,BANKSY - AVAX,,False,0.07048,18.28,0.0,0.35,1783816114
All Pools,Trinity - BrideOfChrist,,False,0.07017,56933669.0,0.0,0.0,1783816114
All Pools,BrideOfChrist - BLACK,,False,0.07003,17.69,0.0,0.36,1783816114
All Pools,YEEHAW - AVAX,,False,0.06919,12.01,0.0,0.53,1783816114
All Pools,USDT.e - XAVA,,False,0.06905,10.78,0.0,0.58,1783816114
All Pools,DAI.e - STRAW,,False,0.06872,35.85,0.0,0.17,1783816114
All Pools,BNPL - AVAX,,False,0.06719,6.246,0.0,0.98,1783816114
All Pools,ZRO - USDC,,False,0.06691,4.608,0.0,1.32,1783816114
All Pools,Gil - AVAX,,False,0.06578,13.54,0.0,0.44,1783816114
All Pools,Christmas - AVAX,,False,0.06513,181.22,0.0,0.03,1783816114
All Pools,SURE - AVAX,,False,0.06479,5.291,0.0,1.12,1783816114
All Pools,USDC - USDT.e,,False,0.06357,154.63,0.0,0.04,1783816114
All Pools,Gil - DAI.e,,False,0.06184,26.2,0.0,0.22,1783816114
All Pools,YEEHAW - USDC,,False,0.06072,5.644,0.0,0.98,1783816114
All Pools,AVAX - BLACK,,False,0.05934,3.249,0.0,1.67,1783816114
All Pools,ABC - AMI,,False,0.05589,2.642,0.0,1.93,1783816114
All Pools,AVAX - Sinterklaas,,False,0.05547,101.15,0.0,0.05,1783816114
All Pools,Psychic - Sinterklaas,,False,0.05535,242.01,0.0,0.02,1783816114
All Pools,MIM - TIME,,False,0.05376,26.92,0.0,0.18,1783816114
All Pools,KIMBO - KOVIN,,False,0.05239,3.075,0.0,1.55,1783816114
All Pools,USDt - NEMO,,False,0.05197,95.82,0.0,0.05,1783816114
All Pools,AVAX - NEMO,,False,0.05173,6.503,0.0,0.73,1783816114
All Pools,COQ - BOOTY,,False,0.05156,6.856,0.0,0.69,1783816114
All Pools,AVAX - ELK,,False,0.05139,48.06,0.0,0.1,1783816114
All Pools,BTC.b - yyAVAX,,False,0.04934,4.185,0.0,1.08,1783816114
All Pools,AVAX - GAU,,False,0.04842,5.685,0.0,0.78,1783816114
All Pools,USDt - REDWOLF,,False,0.04755,13.75,0.0,0.32,1783816114
All Pools,bCASH - TECH,,False,0.04721,10.93,0.0,0.39,1783816114
All Pools,METAG - USDT.e,,False,0.04644,47.18,0.0,0.09,1783816114
All Pools,bCASH - NOCHILL,,False,0.04525,12.98,0.0,0.32,1783816114
All Pools,USDC.e - WOLF,,False,0.04511,7.535,0.0,0.55,1783816114
All Pools,AVAX - WOLF,,False,0.04488,53.45,0.0,0.08,1783816114
All Pools,SLIME - USDt,,False,0.04468,6.094,0.0,0.67,1783816114
All Pools,SLIME - AVAX,,False,0.04441,15049.0,0.0,0.0,1783816114
All Pools,KLO - USDT.e,,False,0.04439,5.313,0.0,0.76,1783816114
All Pools,gOHM - JOE,,False,0.04431,3.157,0.0,1.28,1783816114
All Pools,Christmas - ChristMark,,False,0.04416,113.64,0.0,0.04,1783816114
All Pools,AVAI - USDC.e,,False,0.04411,26.74,0.0,0.15,1783816114
All Pools,NOCHILL - REDWOLF,,False,0.04392,2.358,0.0,1.7,1783816114
All Pools,ICUBE - USDT.e,,False,0.04377,107.2,0.0,0.04,1783816114
All Pools,ICUBE - AVAX,,False,0.04352,5.31,0.0,0.75,1783816114
All Pools,DUO - USDT.e,,False,0.04342,6.154,0.0,0.64,1783816114
All Pools,GAS - AVAX,,False,0.04312,131.44,0.0,0.03,1783816114
All Pools,AVAX - SDOG,,False,0.04303,6.545,0.0,0.6,1783816114
All Pools,MELT - USDC.e,,False,0.04258,5.934,0.0,0.65,1783816114
All Pools,MELT - AVAX,,False,0.04236,805.48,0.0,0.0,1783816114
All Pools,LINK.e - MU,,False,0.04149,6.753,0.0,0.56,1783816114
All Pools,Hydrogen - AVAX,,False,0.04135,190.61,0.0,0.02,1783816114
All Pools,Psychic - Hydrogen,,False,0.04125,62.92,0.0,0.06,1783816114
All Pools,AVAX - LODE,,False,0.0412,0.87219,0.0,4.31,1783816114
All Pools,YAK - SPORE,,False,0.04048,5.107,0.0,0.72,1783816114
All Pools,BLS - SHRAP,,False,0.03998,8.246,0.0,0.44,1783816114
All Pools,CNR - USDC,,False,0.03989,4.44,0.0,0.82,1783816114
All Pools,BNZ - AVAX,,False,0.03929,154.18,0.0,0.02,1783816114
All Pools,Yellow - AVAX,,False,0.03917,191.98,0.0,0.02,1783816114
All Pools,Psychic - Yellow,,False,0.03908,63.03,0.0,0.06,1783816114
All Pools,JOE - aXEN,,False,0.03876,0.17186,0.0,20.58,1783816114
All Pools,FRENXEN - aXEN,,False,0.03811,0.26055,0.0,13.35,1783816114
All Pools,FRENXEN - USDC,,False,0.03805,8.647,0.0,0.4,1783816114
All Pools,HEFE - AMI,,False,0.03753,1.961,0.0,1.75,1783816114
All Pools,MELT - USDT.e,,False,0.03725,29.39,0.0,0.12,1783816114
All Pools,ACS - USDC.e,,False,0.03712,5.474,0.0,0.62,1783816114
All Pools,LIBRE - USDC.e,,False,0.037,12.37,0.0,0.27,1783816114
All Pools,NOCHILL - AMI,,False,0.037,3.29,0.0,1.03,1783816114
All Pools,ACS - AVAX,,False,0.03695,179.69,0.0,0.02,1783816114
All Pools,BENIS - NOCHILL,,False,0.0368,2.953,0.0,1.14,1783816114
All Pools,BENIS - AVAX,,False,0.03607,10.81,0.0,0.3,1783816114
All Pools,SYN - WETH.e,,False,0.03537,1.414,0.0,2.28,1783816114
All Pools,ALOT - USDC.e,,False,0.03493,7.468,0.0,0.43,1783816114
All Pools,SYN - USDT.e,,False,0.03456,1.556,0.0,2.03,1783816114
All Pools,BTC.b - MU,,False,0.03452,9.992,0.0,0.32,1783816114
All Pools,wMEMO - AVAX,,False,0.03343,6.496,0.0,0.47,1783816114
All Pools,AMI - SQRCAT,,False,0.03279,10.14,0.0,0.3,1783816114
All Pools,AVAX - SQRCAT,,False,0.03264,4259.93,0.0,0.0,1783816114
All Pools,SUB - AVAX,,False,0.03222,14.86,0.0,0.2,1783816114
All Pools,MPL - USDt,,False,0.03184,29.82,0.0,0.1,1783816114
All Pools,MPL - AVAX,,False,0.03167,5.041,0.0,0.57,1783816114
All Pools,KIMBO - AMI,,False,0.03147,2.249,0.0,1.28,1783816114
All Pools,AVAX - sSB,,False,0.0312,0.41026,0.0,6.94,1783816114
All Pools,AAVE.e - USDT.e,,False,0.03069,2.677,0.0,1.05,1783816114
All Pools,COQ - KOVIN,,False,0.03067,8.209,0.0,0.34,1783816114
All Pools,Anon - USDC,,False,0.02991,0.69304,0.0,3.94,1783816114
All Pools,LoveIsTheKey - Gravity,,False,0.02907,29.51,0.0,0.09,1783816114
All Pools,LoveIsTheKey - BLACK,,False,0.02892,4.125,0.0,0.64,1783816114
All Pools,MIM - TSNFTGM,,False,0.02847,3.601,0.0,0.72,1783816114
All Pools,WETH.e - meGNX,,False,0.02846,5.096,0.0,0.51,1783816114
All Pools,RUG - USDT.e,,False,0.02846,10.61,0.0,0.24,1783816114
All Pools,AAVE.e - meGNX,,False,0.02825,3.655,0.0,0.71,1783816114
All Pools,CNR - AVAX,,False,0.02798,47.44,0.0,0.05,1783816114
All Pools,AAVE.e - USDC.e,,False,0.02775,1.292,0.0,1.96,1783816114
All Pools,TruthClosure - AVAX,,False,0.02764,7.692,0.0,0.33,1783816114
All Pools,TruthClosure - BLACK,,False,0.02762,12.79,0.0,0.2,1783816114
All Pools,Milk - USDT.e,,False,0.02709,13.75,0.0,0.18,1783816114
All Pools,Milk - AVAX,,False,0.02688,5.31,0.0,0.46,1783816114
All Pools,TSNFTGM - DAI.e,,False,0.02628,29.77,0.0,0.08,1783816114
All Pools,GURS - NOCHILL,,False,0.02558,1.252,0.0,1.86,1783816114
All Pools,METAG - USDt,,False,0.02535,15.37,0.0,0.15,1783816114
All Pools,Orange - AVAX,,False,0.0253,62.99,0.0,0.04,1783816114
All Pools,Orange - BLACK,,False,0.02528,2.193,0.0,1.05,1783816114
All Pools,UNI.e - REDWOLF,,False,0.02516,11.26,0.0,0.2,1783816114
All Pools,USDT.e - TMT,,False,0.02488,25.25,0.0,0.09,1783816114
All Pools,Psychic - Chrism,,False,0.02484,49.77,0.0,0.05,1783816114
All Pools,AVAX - TMT,,False,0.02472,5.792,0.0,0.39,1783816114
All Pools,USDT.e - BOREA,,False,0.02414,25.56,0.0,0.09,1783816114
All Pools,wsOHM - AVAX,,False,0.024,8.223,0.0,0.27,1783816114
All Pools,AVAX - BOREA,,False,0.02393,5.417,0.0,0.4,1783816114
All Pools,COQ - LYLY,,False,0.02384,9.887,0.0,0.22,1783816114
All Pools,AVAX - LYLY,,False,0.02373,51.04,0.0,0.04,1783816114
All Pools,BLACK - SantaGospel,,False,0.02218,2.594,0.0,0.78,1783816114
All Pools,USDC.e - RUG,,False,0.02217,17.84,0.0,0.11,1783816114
All Pools,MIM - RUG,,False,0.022,6.454,0.0,0.31,1783816114
All Pools,GURS - ARENA,,False,0.02198,5.245,0.0,0.38,1783816114
All Pools,Christmas - SantaGospel,,False,0.02091,671.4,0.0,0.0,1783816114
All Pools,NOCHILL - MU,,False,0.02078,1.563,0.0,1.21,1783816114
All Pools,USDT.e - GOT,,False,0.02027,12.26,0.0,0.15,1783816114
All Pools,AVAX - GOT,,False,0.02011,4.216,0.0,0.44,1783816114
All Pools,BTC.b - GMX,,False,0.01984,1.266,0.0,1.43,1783816114
All Pools,EHCNALAVA - AVAX,,False,0.01948,1091.29,0.0,0.0,1783816114
All Pools,KIMBO - EHCNALAVA,,False,0.01911,1.732,0.0,1.01,1783816114
All Pools,COQ - MCV,,False,0.01883,6.437,0.0,0.27,1783816114
All Pools,JOE - aDXN,,False,0.01883,0.27565,0.0,6.23,1783816114
All Pools,MCV - AVAX,,False,0.01875,287.44,0.0,0.01,1783816114
All Pools,BGLD - USDT.e,,False,0.01819,16.35,0.0,0.1,1783816114
All Pools,BGLD - AVAX,,False,0.01804,3.55,0.0,0.46,1783816114
All Pools,USDC.e - SPADE,,False,0.01802,15.44,0.0,0.11,1783816114
All Pools,AVAX - SPADE,,False,0.01791,4.878,0.0,0.33,1783816114
All Pools,WOLF - MU,,False,0.0178,3.792,0.0,0.43,1783816114
All Pools,WOLF - USDT.e,,False,0.01749,3.171,0.0,0.5,1783816114
All Pools,USDR - USDC,,False,0.01737,39.93,0.0,0.04,1783816114
All Pools,WOLF - AVAX,,False,0.01736,46.2,0.0,0.03,1783816114
All Pools,CATWIF - MU,,False,0.01707,2.99,0.0,0.52,1783816114
All Pools,SMRT - XAVA,,False,0.01673,2.269,0.0,0.67,1783816114
All Pools,MUMO - WMATIC,,False,0.01671,0.02619,0.0,58.24,1783816114
All Pools,HEFE - Always,,False,0.01651,1.373,0.0,1.1,1783816114
All Pools,AVAX - AMONKS,,False,0.01632,1153.31,0.0,0.0,1783816114
All Pools,REDWOLF - AMONKS,,False,0.01632,5.696,0.0,0.26,1783816114
All Pools,3ULL - USDt,,False,0.01615,2.154,0.0,0.68,1783816114
All Pools,Gravity - SaintGermain,,False,0.01606,17.85,0.0,0.08,1783816114
All Pools,ElvisJackpot - Gravity,,False,0.01606,14.52,0.0,0.1,1783816114
All Pools,COQ - SNP,,False,0.01605,16.41,0.0,0.09,1783816114
All Pools,3ULL - AVAX,,False,0.01599,33.92,0.0,0.04,1783816114
All Pools,SNP - AVAX,,False,0.01598,7.829,0.0,0.19,1783816114
All Pools,COQ - AMI,,False,0.01595,8.071,0.0,0.18,1783816114
All Pools,AVAX - SHRAP,,False,0.01594,11.6,0.0,0.13,1783816114
All Pools,KIMBO - COQ,,False,0.01579,0.92508,0.0,1.56,1783816114
All Pools,MAJIN - MU,,False,0.01575,3.624,0.0,0.4,1783816114
All Pools,MAJIN - AVAX,,False,0.01568,2971.87,0.0,0.0,1783816114
All Pools,USDT.e - AVVO,,False,0.01568,3.614,0.0,0.4,1783816114
All Pools,SaintGermain - BLACK,,False,0.01565,1.298,0.0,1.1,1783816114
All Pools,wALGO - USDC,,False,0.01563,2.39,0.0,0.6,1783816114
All Pools,wALGO - AVAX,,False,0.01551,115.16,0.0,0.01,1783816114
All Pools,Psychic - Alice,,False,0.01536,47.3,0.0,0.03,1783816114
All Pools,Psychic - RefZip,,False,0.01526,47.32,0.0,0.03,1783816114
All Pools,KIMBO - GAINS,,False,0.01522,0.87168,0.0,1.59,1783816114
All Pools,Psychic - Mirror,,False,0.01519,47.3,0.0,0.03,1783816114
All Pools,Psychic - OneOneOne,,False,0.01514,47.32,0.0,0.03,1783816114
All Pools,Psychic - Seminole,,False,0.0151,47.29,0.0,0.03,1783816114
All Pools,BLACK - Alice,,False,0.01507,1.244,0.0,1.1,1783816114
All Pools,Psychic - Luck,,False,0.01499,47.33,0.0,0.03,1783816114
All Pools,RefZip - BLACK,,False,0.01497,1.239,0.0,1.1,1783816114
All Pools,BUSD - USDC,,False,0.01494,7.348,0.0,0.19,1783816114
All Pools,OneOneOne - BLACK,,False,0.01484,1.238,0.0,1.09,1783816114
All Pools,Seminole - BLACK,,False,0.01478,1.245,0.0,1.08,1783816114
All Pools,JOE - ZABU,,False,0.01478,13.03,0.0,0.1,1783816114
All Pools,BLACK - Luck,,False,0.01467,1.235,0.0,1.08,1783816114
All Pools,Loyalty - Psychic,,False,0.01466,47.3,0.0,0.03,1783816114
All Pools,Mirror - BLACK,,False,0.01466,1.243,0.0,1.08,1783816114
All Pools,Flection - Psychic,,False,0.01449,47.33,0.0,0.03,1783816114
All Pools,Psychic - Who,,False,0.0144,47.33,0.0,0.03,1783816114
All Pools,Loyalty - BLACK,,False,0.01436,1.244,0.0,1.05,1783816114
All Pools,Flection - BLACK,,False,0.01419,1.235,0.0,1.05,1783816114
All Pools,ZUM - NOCHILL,,False,0.01405,0.79113,0.0,1.62,1783816114
All Pools,USDC.e - BAVA,,False,0.01391,2.639,0.0,0.48,1783816114
All Pools,Who - BLACK,,False,0.01388,1.236,0.0,1.03,1783816114
All Pools,AVAX - BAVA,,False,0.0138,8.596,0.0,0.15,1783816114
All Pools,XOMB - USDT.e,,False,0.01338,2.083,0.0,0.59,1783816114
All Pools,XOMB - AVAX,,False,0.01327,15.52,0.0,0.08,1783816114
All Pools,ORNG - JUICE,,False,0.01322,1.346,0.0,0.9,1783816114
All Pools,USDT.e - iBONE,,False,0.01307,4.415,0.0,0.27,1783816114
All Pools,Psychic - Number,,False,0.01306,47.34,0.0,0.03,1783816114
All Pools,AVAX - iBONE,,False,0.01296,4.177,0.0,0.28,1783816114
All Pools,Number - BLACK,,False,0.01293,1.232,0.0,0.96,1783816114
All Pools,PNG - REDWOLF,,False,0.01289,3.448,0.0,0.34,1783816114
All Pools,ARA - AVAX,,False,0.01282,2.313,0.0,0.51,1783816114
All Pools,[i]Lluminati - BLACK,,False,0.01278,1.285,0.0,0.91,1783816114
All Pools,BSGG - AVAX,,False,0.01271,2.541,0.0,0.46,1783816114
All Pools,Psychic - PoPo,,False,0.01247,47.33,0.0,0.02,1783816114
All Pools,Psychic - PennyTrinity,,False,0.01245,47.35,0.0,0.02,1783816114
All Pools,Psychic - Alphabet,,False,0.01241,47.34,0.0,0.02,1783816114
All Pools,Psychic - Vampire,,False,0.01239,47.33,0.0,0.02,1783816114
All Pools,Psychic - Codes,,False,0.01239,47.34,0.0,0.02,1783816114
All Pools,PoPo - BLACK,,False,0.01233,1.232,0.0,0.91,1783816114
All Pools,Psychic - PlotTwist,,False,0.01231,48.39,0.0,0.02,1783816114
All Pools,PennyTrinity - BLACK,,False,0.01227,1.23,0.0,0.91,1783816114
All Pools,JOE - ZUBAX,,False,0.01227,6.511,0.0,0.17,1783816114
All Pools,Alphabet - BLACK,,False,0.01216,1.233,0.0,0.9,1783816114
All Pools,Codes - BLACK,,False,0.01216,1.234,0.0,0.9,1783816114
All Pools,Vampire - BLACK,,False,0.01215,1.235,0.0,0.9,1783816114
All Pools,USDT.e - NORTH,,False,0.01213,27.2,0.0,0.04,1783816114
All Pools,PlotTwist - BLACK,,False,0.01212,1.259,0.0,0.88,1783816114
All Pools,Psychic - TrumpCard,,False,0.01205,47.34,0.0,0.02,1783816114
All Pools,AVAX - XPOW,,False,0.01204,0.75271,0.0,1.46,1783816114
All Pools,Psychic - Hexagon,,False,0.01203,47.33,0.0,0.02,1783816114
All Pools,AVAX - NORTH,,False,0.01203,1.812,0.0,0.61,1783816114
All Pools,Psychic - Oracle,,False,0.01202,47.33,0.0,0.02,1783816114
All Pools,Psychic - Penny,,False,0.01202,47.33,0.0,0.02,1783816114
All Pools,TECH - AMI,,False,0.01201,1.634,0.0,0.67,1783816114
All Pools,Psychic - WhoWhoWho,,False,0.01201,47.3,0.0,0.02,1783816114
All Pools,Psychic - Aquarius,,False,0.012,47.34,0.0,0.02,1783816114
All Pools,Psychic - Nine,,False,0.01198,47.31,0.0,0.02,1783816114
All Pools,ELE - AVAX,,False,0.01189,89.63,0.0,0.01,1783816114
All Pools,KOVIN - AVAX,,False,0.01187,2196.42,0.0,0.0,1783816114
All Pools,TrumpCard - BLACK,,False,0.01187,1.23,0.0,0.88,1783816114
All Pools,Psychic - ElmoSunkGematria,,False,0.01185,47.34,0.0,0.02,1783816114
All Pools,Psychic - KekiusMaximus,,False,0.01185,47.33,0.0,0.02,1783816114
All Pools,Psychic - Abracadabra,,False,0.01182,47.31,0.0,0.02,1783816114
All Pools,Psychic - BiTonic,,False,0.01182,47.41,0.0,0.02,1783816114
All Pools,TRACTOR - USDT.e,,False,0.01181,1.66,0.0,0.65,1783816114
All Pools,Psychic - Zero,,False,0.01181,47.31,0.0,0.02,1783816114
All Pools,Psychic - Qubit,,False,0.0118,47.3,0.0,0.02,1783816114
All Pools,Psychic - Happy,,False,0.01179,47.33,0.0,0.02,1783816114
All Pools,Psychic - Confusion,,False,0.01179,47.33,0.0,0.02,1783816114
All Pools,Penny - BLACK,,False,0.01177,1.234,0.0,0.87,1783816114
All Pools,Hexagon - BLACK,,False,0.01177,1.234,0.0,0.87,1783816114
All Pools,Aquarius - BLACK,,False,0.01176,1.242,0.0,0.86,1783816114
All Pools,Oracle - BLACK,,False,0.01176,1.233,0.0,0.87,1783816114
All Pools,WhoWhoWho - BLACK,,False,0.01175,1.24,0.0,0.86,1783816114
All Pools,BLACK - Nine,,False,0.01175,1.239,0.0,0.87,1783816114
All Pools,TRACTOR - AVAX,,False,0.01171,10504.0,0.0,0.0,1783816114
All Pools,USDC.e - WISE,,False,0.01168,6.72,0.0,0.16,1783816114
All Pools,BLACK - ElmoSunkGematria,,False,0.01168,1.23,0.0,0.87,1783816114
All Pools,KekiusMaximus - BLACK,,False,0.01167,1.232,0.0,0.86,1783816114
All Pools,Psychic - Numbers,,False,0.01165,47.33,0.0,0.02,1783816114
All Pools,Happy - BLACK,,False,0.01161,1.23,0.0,0.86,1783816114
All Pools,AVAX - WISE,,False,0.01158,2.231,0.0,0.47,1783816114
All Pools,USDC.e - TUSK,,False,0.01158,9.352,0.0,0.11,1783816114
All Pools,Confusion - BLACK,,False,0.01158,1.235,0.0,0.86,1783816114
All Pools,Abracadabra - BLACK,,False,0.01156,1.238,0.0,0.85,1783816114
All Pools,Chrism - BLACK,,False,0.01156,1.305,0.0,0.81,1783816114
All Pools,Zero - BLACK,,False,0.01155,1.238,0.0,0.85,1783816114
All Pools,BiTonic - BLACK,,False,0.01155,1.234,0.0,0.85,1783816114
All Pools,Qubit - BLACK,,False,0.01153,1.241,0.0,0.85,1783816114
All Pools,AVAX - TUSK,,False,0.01148,2.02,0.0,0.52,1783816114
All Pools,Numbers - BLACK,,False,0.01144,1.229,0.0,0.85,1783816114
All Pools,Psychic - Line,,False,0.0114,47.99,0.0,0.02,1783816114
All Pools,KOVIN - MU,,False,0.01135,2.459,0.0,0.42,1783816114
All Pools,Eye - Psychic,,False,0.01127,47.33,0.0,0.02,1783816114
All Pools,Psychic - Verse,,False,0.01126,47.31,0.0,0.02,1783816114
All Pools,Psychic - Artemis,,False,0.01125,47.47,0.0,0.02,1783816114
All Pools,Psychic - Time,,False,0.01124,47.33,0.0,0.02,1783816114
All Pools,MU - SOL,,False,0.01124,1.128,0.0,0.91,1783816114
All Pools,Psychic - IAmThatIAm,,False,0.01124,47.33,0.0,0.02,1783816114
All Pools,Psychic - SevenSevenSeven,,False,0.01123,47.34,0.0,0.02,1783816114
All Pools,Psychic - KatzJoel,,False,0.01123,47.31,0.0,0.02,1783816114
All Pools,Psychic - Lock,,False,0.01122,47.32,0.0,0.02,1783816114
All Pools,Psychic - WhoWho,,False,0.01122,47.33,0.0,0.02,1783816114
All Pools,Psychic - Thick,,False,0.01122,47.32,0.0,0.02,1783816114
All Pools,SatoshiNakamoto - Psychic,,False,0.01122,47.33,0.0,0.02,1783816114
All Pools,Psychic - Gematria,,False,0.0112,47.33,0.0,0.02,1783816114
All Pools,GRELF[ava] - AVAX,,False,0.01117,899.41,0.0,0.0,1783816114
All Pools,Line - BLACK,,False,0.01117,1.068,0.0,0.95,1783816114
All Pools,MUMO - USDC,,False,0.01112,7.908,0.0,0.13,1783816114
All Pools,CNR - USDt,,False,0.0111,4.46,0.0,0.23,1783816114
All Pools,Eye - BLACK,,False,0.01109,1.231,0.0,0.82,1783816114
All Pools,Artemis - BLACK,,False,0.01107,1.245,0.0,0.81,1783816114
All Pools,Thick - BLACK,,False,0.01104,1.234,0.0,0.82,1783816114
All Pools,Psychic - Diamonds,,False,0.01104,49.18,0.0,0.02,1783816114
All Pools,SatoshiNakamoto - BLACK,,False,0.01103,1.23,0.0,0.82,1783816114
All Pools,Gematria - BLACK,,False,0.01099,1.234,0.0,0.81,1783816114
All Pools,SevenSevenSeven - BLACK,,False,0.01099,1.231,0.0,0.81,1783816114
All Pools,USDC.e - SMRT,,False,0.01098,1.822,0.0,0.55,1783816114
All Pools,BLACK - Verse,,False,0.01098,1.238,0.0,0.81,1783816114
All Pools,KatzJoel - BLACK,,False,0.01098,1.238,0.0,0.81,1783816114
All Pools,BLACK - IAmThatIAm,,False,0.01098,1.232,0.0,0.81,1783816114
All Pools,Lock - BLACK,,False,0.01097,1.236,0.0,0.81,1783816114
All Pools,Time - BLACK,,False,0.01097,1.232,0.0,0.81,1783816114
All Pools,WhoWho - BLACK,,False,0.01095,1.232,0.0,0.81,1783816114
All Pools,TEST - USDT.e,,False,0.01091,3.844,0.0,0.26,1783816114
All Pools,Diamonds - BLACK,,False,0.01083,1.276,0.0,0.77,1783816114
All Pools,Psychic - Six,,False,0.01071,47.34,0.0,0.02,1783816114
All Pools,MIM - TEST,,False,0.01066,0.5255,0.0,1.85,1783816114
All Pools,NOCHILL - WAIFU,,False,0.01054,146.76,0.0,0.01,1783816114
All Pools,Six - BLACK,,False,0.01054,1.229,0.0,0.78,1783816114
All Pools,HUSKY - aXEN,,False,0.01038,0.04356,0.0,21.75,1783816114
All Pools,FINANCE - NOCHILL,,False,0.01016,379.29,0.0,0.0,1783816114
All Pools,TokenZ - USDC,,False,0.00964,3.548,0.0,0.25,1783816114
All Pools,BIRD - AVAX,,False,0.00963,0.0097,0.0,90.58,1783816114
All Pools,TokenZ - AVAX,,False,0.00956,1.893,0.0,0.46,1783816114
All Pools,USDC - WSPP,,False,0.00953,41.93,0.0,0.02,1783816114
All Pools,GOOD - GAINS,,False,0.00948,2.818,0.0,0.31,1783816114
All Pools,AVAX - WSPP,,False,0.00948,2.313,0.0,0.37,1783816114
All Pools,GOOD - AVAX,,False,0.00942,106.18,0.0,0.01,1783816114
All Pools,aAvaWAVAX - AVAX,,False,0.00939,0.18806,0.0,4.55,1783816114
All Pools,PNG - USDT.e,,False,0.00908,0.78509,0.0,1.06,1783816114
All Pools,WETH - AVAX,,False,0.00907,0.9913,0.0,0.83,1783816114
All Pools,AMPL - MIM,,False,0.00888,0.47543,0.0,1.71,1783816114
All Pools,XIO - USDC,,False,0.00887,23.97,0.0,0.03,1783816114
All Pools,LF - USDT.e,,False,0.00884,0.99862,0.0,0.81,1783816114
All Pools,XIO - AVAX,,False,0.00883,2.319,0.0,0.35,1783816114
All Pools,AVAX - USDR,,False,0.00873,2.444,0.0,0.33,1783816114
All Pools,WETH.e - USDR,,False,0.0086,2.386,0.0,0.33,1783816114
All Pools,Stolen - AVAX,,False,0.00859,12.83,0.0,0.06,1783816114
All Pools,BEAM - MU,,False,0.00858,0.95015,0.0,0.82,1783816114
All Pools,Stolen - BLACK,,False,0.00854,2.927,0.0,0.27,1783816114
All Pools,USDC - COSMIC,,False,0.00854,53.83,0.0,0.01,1783816114
All Pools,USDC.e - UST,,False,0.00851,1.56,0.0,0.5,1783816114
All Pools,AVAX - COSMIC,,False,0.00847,1.043,0.0,0.74,1783816114
All Pools,UST - UST,,False,0.00818,1.492,0.0,0.5,1783816114
All Pools,AVAX - JUICY,,False,0.00817,2010.33,0.0,0.0,1783816114
All Pools,REDWOLF - GEC,,False,0.008,3.305,0.0,0.22,1783816114
All Pools,KOKSAL - USDC,,False,0.00786,4.449,0.0,0.16,1783816114
All Pools,KOKSAL - AVAX,,False,0.00782,2.77,0.0,0.26,1783816114
All Pools,AUSD - HUSKY,,False,0.00766,0.45049,0.0,1.55,1783816114
All Pools,SHERPA - AVAX,,False,0.00757,94.16,0.0,0.01,1783816114
All Pools,YEEHAW - AMI,,False,0.00756,3.101,0.0,0.22,1783816114
All Pools,XETA - AVAX,,False,0.00738,0.18797,0.0,3.58,1783816114
All Pools,VSO - AVAX,,False,0.00734,70.47,0.0,0.01,1783816114
All Pools,USDC - TT,,False,0.0073,1.989,0.0,0.33,1783816114
All Pools,AVAX - TT,,False,0.00724,1.612,0.0,0.41,1783816114
All Pools,DCAR - USDC,,False,0.0072,55.91,0.0,0.01,1783816114
All Pools,DCAR - AVAX,,False,0.00714,0.92318,0.0,0.71,1783816114
All Pools,DUA - USDC,,False,0.0068,11.43,0.0,0.05,1783816114
All Pools,AVAX - DUA,,False,0.00676,1.721,0.0,0.36,1783816114
All Pools,aAvaLINK - AVAX,,False,0.00676,7.415,0.0,0.08,1783816114
All Pools,aAvaLINK - LINK.e,,False,0.00676,1.578,0.0,0.39,1783816114
All Pools,WITCH - USDC,,False,0.00669,1.552,0.0,0.39,1783816114
All Pools,WITCH - AVAX,,False,0.00664,2.097,0.0,0.29,1783816114
All Pools,GAINS - BOBS,,False,0.00649,1.74,0.0,0.34,1783816114
All Pools,AVAX - BOBS,,False,0.00646,3946.54,0.0,0.0,1783816114
All Pools,APOW - XPOW,,False,0.00625,0.37023,0.0,1.54,1783816114
All Pools,MAJIN - REDWOLF,,False,0.0062,5.397,0.0,0.1,1783816114
All Pools,KIMBO - UNIQOC,,False,0.00584,0.43292,0.0,1.23,1783816114
All Pools,NXPC - AVAX,,False,0.00552,0.99252,0.0,0.51,1783816114
All Pools,AVAX - Always,,False,0.00521,0.52652,0.0,0.9,1783816114
All Pools,HATCHY - SNOB,,False,0.00477,0.31051,0.0,1.4,1783816114
All Pools,FITFI - USDC,,False,0.00473,0.17253,0.0,2.5,1783816114
All Pools,WETH.e - MU,,False,0.00464,1.763,0.0,0.24,1783816114
All Pools,MU - KET,,False,0.00462,0.95566,0.0,0.44,1783816114
All Pools,BTC.b - WETH.e,,False,0.00449,0.42936,0.0,0.95,1783816114
All Pools,WINK - NOCHILL,,False,0.00445,0.41214,0.0,0.98,1783816114
All Pools,PTP - REDWOLF,,False,0.0044,1.999,0.0,0.2,1783816114
All Pools,WINK - AVAX,,False,0.00439,42.26,0.0,0.01,1783816114
All Pools,PTP - AVAX,,False,0.00439,2548.41,0.0,0.0,1783816114
All Pools,WOLFI - AMI,,False,0.00428,1.862,0.0,0.21,1783816114
All Pools,USDC.e - GG,,False,0.00386,0.38027,0.0,0.93,1783816114
All Pools,AVAX - GG,,False,0.00382,5.32,0.0,0.07,1783816114
All Pools,WETH.e - ETHM,,False,0.00353,0.4906,0.0,0.66,1783816114
All Pools,ETHM - AVAX,,False,0.00352,25.75,0.0,0.01,1783816114
All Pools,NOCHILL - ARENA,,False,0.00311,0.26214,0.0,1.08,1783816114
All Pools,HIGHER - NOCHILL,,False,0.00292,0.1965,0.0,1.36,1783816114
All Pools,HIGHER - AVAX,,False,0.00287,1.216,0.0,0.22,1783816114
All Pools,USDC.e - XAVA,,False,0.00274,0.34376,0.0,0.73,1783816114
All Pools,WETH.e - SPELL,,False,0.00255,0.21484,0.0,1.08,1783816114
All Pools,OLIVE - AVAX,,False,0.00255,0.00113,0.0,206.11,1783816114
All Pools,USDC.e - NXUSD,,False,0.00254,1.499,0.0,0.15,1783816114
All Pools,AVAX - NXUSD,,False,0.00251,0.37303,0.0,0.61,1783816114
All Pools,TSD - USDT.e,,False,0.00221,0.1749,0.0,1.15,1783816114
All Pools,FITFI - USDC.e,,False,0.00217,0.09254,0.0,2.14,1783816114
All Pools,MIM - YAK,,False,0.00208,0.16221,0.0,1.17,1783816114
All Pools,SMOKA - AVAX,,False,0.00188,0.25164,0.0,0.68,1783816114
All Pools,MIM - SMOKA,,False,0.00185,0.24336,0.0,0.69,1783816114
All Pools,ZRX.e - USDC.e,,False,0.00175,0.04255,0.0,3.74,1783816114
All Pools,CHAMP - ARENA,,False,0.00167,13.07,0.0,0.01,1783816114
All Pools,AVME - AVAX,,False,0.00151,0.00163,0.0,84.21,1783816114
All Pools,AVAX - SantaGospel,,False,0.0013,97.34,0.0,0.0,1783816114
All Pools,WBTC.e - USDC,,False,0.00127,0.18907,0.0,0.61,1783816114
All Pools,BOI - AVAX,,False,0.00119,36.72,0.0,0.0,1783816114
All Pools,AVAX - MOOCH,,False,0.00114,0.30197,0.0,0.34,1783816114
All Pools,AAVE.e - MU,,False,0.00104,0.04498,0.0,2.11,1783816114
All Pools,WETH.e - STATIK,,False,0.00103,0.9826,0.0,0.1,1783816114
All Pools,AVAX - Lukhanyo,,False,0.00101,7.807,0.0,0.01,1783816114
All Pools,Gravity - Lukhanyo,,False,0.001,1.514,0.0,0.06,1783816114
All Pools,Gravity - BLACK,,False,0.0,0.25419,0.0,0.35,1783816114
All Pools,BANKSY - AVAX,,False,0.0,0.15583,0.0,0.5,1783816114
All Pools,BANKSY - USDT.e,,False,0.0,0.65865,0.0,0.12,1783816114
All Pools,HUSKY - TRESR,,False,0.0,0.02143,0.0,3.43,1783816114
All Pools,AAVE.e - BTCBR,,False,0.0,0.10127,0.0,0.71,1783816114
All Pools,Trinity - ElvisJackpot,,False,0.0,1.838,0.0,0.03,1783816114
All Pools,MaryMagdalene - BLACK,,False,0.0,0.01142,0.0,4.21,1783816114
All Pools,WETH.e - MUi,,False,0.0,0.02308,0.0,1.24,1783816114
All Pools,ORDER - AVAX,,False,0.0,0.06342,0.0,0.23,1783816114
All Pools,MUi - WAIFU,,False,0.0,1.75,0.0,0.01,1783816114
All Pools,WETH.e - JOE,,False,0.0,0.02524,0.0,0.36,1783816114
All Pools,USDt - MU,,False,0.0,0.08195,0.0,0.1,1783816114
All Pools,ALTD - AVAX,,False,0.0,1.014,0.0,0.01,1783816114
All Pools,COQ - USDt,,False,0.0,0.04169,0.0,0.13,1783816114
All Pools,WY - AVAX,,False,0.0,0.00806,0.0,0.56,1783816114
All Pools,FATE - USDC,,False,0.0,465354.0,0.0,0.0,1783816114
All Pools,FUEL - AVAX,,False,0.0,0.04723,0.0,0.0,1783816114
All Pools,[i]Lluminati - Chrism,,False,0.0,0.0,0.0,0.0,1783816114
All Pools,AVAX - USDC,0.05,False,511557.0,374691.0,276.13,26.9,1783816181
All Pools,sAVAX - AVAX,0.01,False,48918.0,57850.0,4.892,3.09,1783816181
All Pools,USDt - USDC,0.01,False,41594.0,162839.0,3.417,0.77,1783816181
All Pools,USDt - USDC,0.005,False,35701.0,165021.0,2.524,0.56,1783816181
All Pools,AUSD - USDt,0.01,False,26544.0,110646.0,2.837,0.94,1783816181
All Pools,BTC.b - USDC,0.05,False,26147.0,583291.0,18.33,1.15,1783816181
All Pools,AUSD - USDC,0.01,False,21196.0,102457.0,2.145,0.76,1783816181
All Pools,AAVE.e - AVAX,0.3,False,14231.0,263034.0,35.58,4.94,1783816181
All Pools,USDC - XAVA,0.3,False,10069.0,493401.0,25.17,1.86,1783816181
All Pools,NXUSD - WXT,0.3,False,9506.63,482741.0,23.77,1.8,1783816181
All Pools,XAVA - AVAX,0.8,False,9028.05,170719.0,72.59,15.52,1783816181
All Pools,ARENA - AVAX,0.01,False,8123.55,95395.0,0.81236,0.31,1783816181
All Pools,AVAX - USDT.e,0.3,False,7660.06,467535.0,19.15,1.5,1783816181
All Pools,AVAX - USDC,0.3,False,7556.78,344237.0,18.89,2.0,1783816181
All Pools,FOLKS - AVAX,0.25,False,7265.93,35000.0,18.39,19.18,1783816181
All Pools,DAI.e - USDC,0.02,False,7138.8,29712.0,1.492,1.83,1783816181
All Pools,WBTC.e - BTC.b,0.03,False,6847.8,228882.0,2.084,0.33,1783816181
All Pools,USDC.e - AVAX,0.3,False,6561.13,363876.0,16.4,1.65,1783816181
All Pools,AVAX - BTC.b,0.05,False,6553.7,26510.0,7.102,9.78,1783816181
All Pools,USDt - QUILL,0.3,False,4957.43,49412.0,12.39,9.16,1783816181
All Pools,USDT.e - USDC,0.02,False,4676.76,50067.0,0.94877,0.69,1783816181
All Pools,COQ - AVAX,0.3,False,4629.64,399929.0,11.57,1.06,1783816181
All Pools,GUN - AVAX,0.25,False,4560.99,9715.98,26.27,98.7,1783816181
All Pools,WETH.e - AVAX,0.3,False,4161.1,366010.0,10.4,1.04,1783816181
All Pools,AVAX - USDt,0.2,False,4138.93,99218.0,8.368,3.08,1783816181
All Pools,BTC.b - AVAX,0.3,False,3773.4,107280.0,9.434,3.21,1783816181
All Pools,JOE - USDC.e,0.3,False,3502.56,261930.0,8.756,1.22,1783816181
All Pools,JOE - AVAX,0.3,False,2811.28,212879.0,7.028,1.21,1783816181
All Pools,LINK.e - AVAX,0.3,False,2333.09,38100.0,5.833,5.59,1783816181
All Pools,gOHM - AVAX,0.3,False,2324.83,122680.0,5.812,1.73,1783816181
All Pools,USDT.e - USDt,0.02,False,2294.77,44427.0,0.45921,0.38,1783816181
All Pools,BEAM - USDC,0.3,False,2210.78,65896.0,5.527,3.06,1783816181
All Pools,QI - AVAX,0.3,False,2175.95,131473.0,5.44,1.51,1783816181
All Pools,XSEED - AVAX,0.3,False,1828.65,14979.0,4.572,11.14,1783816181
All Pools,GUN - AVAX,0.1,False,1808.94,17914.0,6.523,13.29,1783816181
All Pools,XAUt0 - USDt,0.04,False,1732.68,25106.0,0.80917,1.18,1783816181
All Pools,WBTC.e - AVAX,0.3,False,1673.4,130914.0,4.184,1.17,1783816181
All Pools,BEAM - AVAX,0.25,False,1655.4,14536.0,4.411,11.08,1783816181
All Pools,ORNG - AVAX,0.3,False,1434.91,16672.0,3.587,7.85,1783816181
All Pools,MIM - AVAX,0.3,False,1161.0,187918.0,2.902,0.56,1783816181
All Pools,KIMBO - AVAX,0.3,False,983.1,38329.0,2.458,2.34,1783816181
All Pools,ZRO - AVAX,0.25,False,906.53,1668.45,2.319,50.73,1783816181
All Pools,QI - AVAX,0.25,False,850.02,8218.23,2.138,9.5,1783816181
All Pools,HUNDRED - USDC,0.3,False,848.0,496121.0,2.12,0.16,1783816181
All Pools,SB - AVAX,0.3,False,817.66,5915.66,2.044,12.61,1783816181
All Pools,NOCHILL - AVAX,0.3,False,809.77,55030.0,2.024,1.34,1783816181
All Pools,USDC.e - USDC,0.02,False,749.73,3884.83,0.15024,1.41,1783816181
All Pools,USDt - AVAX,0.3,False,652.33,38361.0,1.631,1.55,1783816181
All Pools,DAI.e - USDC,0.02,False,574.34,2617.34,0.12073,1.68,1783816181
All Pools,JOE - USDT.e,0.3,False,567.01,52564.0,1.418,0.98,1783816181
All Pools,HEFE - AVAX,0.3,False,536.94,26843.0,1.342,1.83,1783816181
All Pools,AVAX - DAI.e,0.3,False,445.04,28425.0,1.113,1.43,1783816181
All Pools,USDC.e - sSB,0.3,False,394.58,809.93,0.98645,44.46,1783816181
All Pools,SolvBTC - BTC.b,0.04,False,381.33,177371.0,0.1196,0.02,1783816181
All Pools,JOE - USDC,0.3,False,373.15,23843.0,0.93288,1.43,1783816181
All Pools,AVAX - JUICE,0.3,False,344.75,9339.32,0.86188,3.37,1783816181
All Pools,SYN - AVAX,0.3,False,301.79,5600.89,0.75446,4.92,1783816181
All Pools,PRIME - AVAX,0.4,False,285.02,159518.0,1.134,0.26,1783816181
All Pools,XETA - USDC,0.3,False,226.38,5798.78,0.56595,3.56,1783816181
All Pools,USDC.e - USDC,0.02,False,215.55,9713.94,0.02171,0.08,1783816181
All Pools,USDC.e - USDC,0.02,False,211.79,1950.81,0.04253,0.8,1783816181
All Pools,MIM - SB,0.3,False,185.61,2269.7,0.46402,7.46,1783816181
All Pools,gOHM - FRAX,0.3,False,174.97,3362.92,0.43742,4.75,1783816181
All Pools,GURS - AVAX,0.3,False,168.48,5620.96,0.42119,2.74,1783816181
All Pools,AVAX - XAVA,0.3,False,161.75,12941.0,0.40438,1.14,1783816181
All Pools,XPOW - AVAX,0.8,False,142.67,239.13,1.44,219.8,1783816181
All Pools,USDT.e - USDC,0.02,False,141.19,897.18,0.0144,0.59,1783816181
All Pools,HATCHY - AVAX,0.3,False,136.31,6536.39,0.34077,1.9,1783816181
All Pools,AI - AVAX,0.3,False,128.82,3133.51,0.32204,3.75,1783816181
All Pools,WETH.e - USDC.e,0.3,False,122.67,10811.0,0.30668,1.04,1783816181
All Pools,MUON - AVAX,0.3,False,96.78,41351.0,0.24196,0.21,1783816181
All Pools,SWORLD - AVAX,0.3,False,92.06,2110.86,0.23015,3.98,1783816181
All Pools,AVAX - aXEN,0.3,False,89.67,162.37,0.22417,50.39,1783816181
All Pools,AVAX - UST,0.3,False,81.54,6821.02,0.20385,1.09,1783816181
All Pools,XSGD - USDC,0.05,False,81.51,872.61,0.01309,0.55,1783816181
All Pools,GMX - AVAX,0.3,False,76.27,3803.6,0.19068,1.83,1783816181
All Pools,BLSEYE🎯 - AVAX,0.3,False,71.13,4403.03,0.17782,1.47,1783816181
All Pools,USDt - ncash,0.3,False,68.3,1010.72,0.17076,6.17,1783816181
All Pools,FLD - AVAX,0.3,False,68.22,34860.0,0.17056,0.18,1783816181
All Pools,GUN - BLSEYE🎯,0.3,False,66.4,440.29,0.16601,13.76,1783816181
All Pools,XAVA - AVAX,0.8,False,63.29,459.67,0.50869,40.39,1783816181
All Pools,APIX - ID,0.3,False,56.57,16833.0,0.14142,0.31,1783816181
All Pools,AVAX - TOPIA,0.3,False,55.52,1061.09,0.1388,4.77,1783816181
All Pools,ZOO - AVAX,0.3,False,53.75,1420.22,0.13437,3.45,1783816181
All Pools,OSAK - AVAX,0.3,False,51.37,3375.99,0.12842,1.39,1783816181
All Pools,UST - AVAX,0.3,False,49.99,5864.86,0.12499,0.78,1783816181
All Pools,SHRAP - AVAX,0.8,False,49.19,8892.03,0.39549,1.62,1783816181
All Pools,TECH - AVAX,0.3,False,42.11,9662.7,0.10528,0.4,1783816181
All Pools,rsAVAX - AVAX,0.1,False,40.99,701.68,0.0423,2.2,1783816181
All Pools,GUN - AVAX,0.3,False,40.58,200.29,0.10144,18.49,1783816181
All Pools,APIX - USDt,0.3,False,40.52,5829.42,0.1013,0.63,1783816181
All Pools,w3ULL - AVAX,0.3,False,38.2,51471.0,0.09549,0.07,1783816181
All Pools,AVAX - DOMI,0.3,False,37.4,10845.0,0.09349,0.31,1783816181
All Pools,HAT - AVAX,0.3,False,36.64,7428.02,0.0916,0.45,1783816181
All Pools,USDC - LODE,0.3,False,35.91,895.93,0.08979,3.66,1783816181
All Pools,ALOT - AVAX,0.3,False,33.54,10156.0,0.08384,0.3,1783816181
All Pools,JPYC - USDC,0.04,False,31.9,3269.7,0.01238,0.14,1783816181
All Pools,WBTC - BTC.b,0.03,False,31.67,82289.0,0.0121,0.01,1783816181
All Pools,sAVAX - JACK,0.3,False,30.2,273110.0,0.07551,0.01,1783816181
All Pools,HUSKY - AVAX,0.3,False,29.9,2028.51,0.07476,1.35,1783816181
All Pools,WOLF - AVAX,0.3,False,26.62,27271.0,0.06656,0.09,1783816181
All Pools,BEAM - AVAX,0.3,False,25.33,378.39,0.06334,6.11,1783816181
All Pools,STG - USDC,0.3,False,25.27,1289.6,0.06318,1.79,1783816181
All Pools,APIX - LAMBO,0.3,False,23.68,440.51,0.0592,4.91,1783816181
All Pools,KLO - AVAX,0.3,False,23.46,11700.0,0.05864,0.18,1783816181
All Pools,BOOTY - AVAX,0.3,False,21.87,1517.02,0.05467,1.32,1783816181
All Pools,STG - AVAX,0.3,False,21.3,1076.74,0.05326,1.81,1783816181
All Pools,ABC - AVAX,0.3,False,19.88,528.6,0.0497,3.43,1783816181
All Pools,APIX - USDC,0.3,False,19.59,2910.16,0.04898,0.61,1783816181
All Pools,Balln - AVAX,0.3,False,19.2,3787.32,0.04801,0.46,1783816181
All Pools,AVAX - ALVA,0.3,False,18.73,771.18,0.04682,2.22,1783816181
All Pools,CDK - AVAX,0.25,False,18.45,3540.47,0.04619,0.48,1783816181
All Pools,AVAX - AMI,0.3,False,17.35,345.59,0.04338,4.58,1783816181
All Pools,FITFI - USDT.e,0.3,False,17.34,144.02,0.04334,10.98,1783816181
All Pools,USDC.e - WMATIC,0.3,False,17.17,16.47,0.04294,95.13,1783816181
All Pools,ISA - AVAX,0.3,False,16.52,16711.0,0.04129,0.09,1783816181
All Pools,ALOT - AVAX,0.8,False,16.43,1374.38,0.13183,3.5,1783816181
All Pools,Psychic - AVAX,0.3,False,12.75,882.58,0.03186,1.32,1783816181
All Pools,SECOND - USDC,0.3,False,12.16,6946.71,0.03039,0.16,1783816181
All Pools,SECOND - AVAX,0.3,False,12.14,1436.87,0.03035,0.77,1783816181
All Pools,JEWEL - USDC,0.3,False,12.11,3720.55,0.03027,0.3,1783816181
All Pools,ROCO - AVAX,0.3,False,11.95,1294.27,0.02987,0.84,1783816181
All Pools,ISA - USDC.e,0.3,False,11.86,1430.57,0.02965,0.76,1783816181
All Pools,BTC.b - TOPIA,0.3,False,11.32,445.59,0.0283,2.32,1783816181
All Pools,MIM - USDT.e,0.3,False,11.1,1560.69,0.02776,0.65,1783816181
All Pools,RGOGLZ - USDC,0.3,False,10.68,1318.44,0.0267,0.74,1783816181
All Pools,PNG - AVAX,0.3,False,10.36,793.53,0.02589,1.19,1783816181
All Pools,STOMB - AVAX,0.3,False,9.524,5293.1,0.02381,0.16,1783816181
All Pools,USDC.e - USDC,0.3,False,8.867,481150.0,0.02217,0.0,1783816181
All Pools,DCAU - USDT.e,0.3,False,8.73,5020.73,0.02182,0.16,1783816181
All Pools,Psychic - XAUt0,0.3,False,8.306,5826.55,0.02076,0.13,1783816181
All Pools,APIX - ARENA,0.3,False,8.287,1604.38,0.02072,0.47,1783816181
All Pools,DCAU - AVAX,0.3,False,8.155,1008.4,0.02039,0.74,1783816181
All Pools,MAI - AVAX,0.3,False,8.098,1580.67,0.02025,0.47,1783816181
All Pools,3QF - D - AVAX,0.3,False,7.244,1294.85,0.01811,0.51,1783816181
All Pools,3QF - D - WETH.e,0.3,False,7.225,2380.73,0.01806,0.28,1783816181
All Pools,YAK - AVAX,0.3,False,7.196,3291.92,0.01799,0.2,1783816181
All Pools,BLSEYE🎯 - ARENA,0.3,False,7.175,828.48,0.01794,0.79,1783816181
All Pools,AVAX - FRAX,0.3,False,6.426,669.57,0.01607,0.88,1783816181
All Pools,USDC.e - MU,0.3,False,5.994,13140.0,0.01499,0.04,1783816181
All Pools,BLSEYE🎯 - BEAM,0.3,False,5.682,270.56,0.0142,1.92,1783816181
All Pools,MIM - USDC.e,0.3,False,5.374,794.2,0.01344,0.62,1783816181
All Pools,USDC - aXEN,0.3,False,5.17,8.787,0.01293,53.69,1783816181
All Pools,TOPIA - PTOP10000,0.3,False,5.158,117.55,0.0129,4.0,1783816181
All Pools,MYST - AVAX,0.3,False,5.151,647.82,0.01288,0.73,1783816181
All Pools,AVAX - PEFI,0.3,False,4.923,3214.45,0.01231,0.14,1783816181
All Pools,sAVAX - AVAX,0.3,False,4.519,170966.0,0.0113,0.0,1783816181
All Pools,YOU - ORNG,0.3,False,4.454,1354.21,0.01114,0.3,1783816181
All Pools,AVAX - SPELL,0.3,False,4.337,1962.72,0.01084,0.2,1783816181
All Pools,ORNG - FLUX,0.3,False,4.255,108.45,0.01064,3.58,1783816181
All Pools,AVAX - ELK,0.3,False,4.157,1286.46,0.01039,0.29,1783816181
All Pools,UST - USDC,0.3,False,4.067,435.69,0.01017,0.85,1783816181
All Pools,USV - DAI.e,0.3,False,3.993,3939.87,0.00998,0.09,1783816181
All Pools,ZRO - AVAX,0.3,False,3.936,137.41,0.00984,2.61,1783816181
All Pools,DATCM - ORNG,0.3,False,3.621,232.93,0.00905,1.42,1783816181
All Pools,ORNG - JUCI,0.3,False,3.577,243.2,0.00894,1.34,1783816181
All Pools,MONKE - AVAX,0.3,False,3.531,1080.49,0.00883,0.3,1783816181
All Pools,USDC.e - WXT,0.3,False,3.448,195.76,0.00862,1.61,1783816181
All Pools,avUSD - sAVAX,0.3,False,3.401,224.09,0.0085,1.39,1783816181
All Pools,AVAX - KONG,0.3,False,3.354,5609.6,0.00838,0.05,1783816181
All Pools,CAPY - ARENA,0.3,False,3.16,18503.0,0.0079,0.02,1783816181
All Pools,L - Swing - aXEN,0.3,False,3.119,51.32,0.0078,5.55,1783816181
All Pools,TRESR - AVAX,0.3,False,3.115,7956.44,0.00779,0.04,1783816181
All Pools,MYST - USDC,0.3,False,3.056,217.36,0.00764,1.28,1783816181
All Pools,AVAX - SOCK,0.3,False,2.976,2394.92,0.00744,0.11,1783816181
All Pools,USDC - SOCK,0.3,False,2.974,417.32,0.00744,0.65,1783816181
All Pools,MIM - WETH.e,0.3,False,2.951,506.88,0.00738,0.53,1783816181
All Pools,ORNG - SAI,0.3,False,2.861,108.83,0.00715,2.4,1783816181
All Pools,LINK.e - USDC.e,0.3,False,2.777,181.12,0.00694,1.4,1783816181
All Pools,DEVS - AVAX,0.3,False,2.768,2647.5,0.00692,0.1,1783816181
All Pools,LINK.e - USDT.e,0.3,False,2.741,217.97,0.00685,1.15,1783816181
All Pools,BUSD - AVAX,0.3,False,2.725,336.02,0.00681,0.74,1783816181
All Pools,Psychic - BLACK,0.3,False,2.696,257.64,0.00674,0.95,1783816181
All Pools,VPND - AVAX,0.3,False,2.632,17937.0,0.00658,0.01,1783816181
All Pools,PUSS - AVAX,0.3,False,2.619,2023.43,0.00655,0.12,1783816181
All Pools,AAVE.e - REDWOLF,0.3,False,2.558,153.25,0.00639,1.52,1783816181
All Pools,XROSS - ORNG,0.3,False,2.516,232.43,0.00629,0.99,1783816181
All Pools,EGG - AVAX,0.3,False,2.396,16546.0,0.00599,0.01,1783816181
All Pools,SWIFT - USDC.e,0.3,False,2.336,479.25,0.00584,0.44,1783816181
All Pools,REDWOLF - AVAX,0.3,False,2.174,387.65,0.00544,0.51,1783816181
All Pools,HUSKY - JOE,0.3,False,2.014,92.74,0.00504,1.98,1783816181
All Pools,ORNG - MOOM,0.3,False,1.944,185.95,0.00486,0.95,1783816181
All Pools,REDWOLF - USDC,0.3,False,1.94,186.87,0.00485,0.95,1783816181
All Pools,COQ - COQAI,0.3,False,1.936,19020.0,0.00484,0.01,1783816181
All Pools,MPEPE - AVAX,0.3,False,1.788,490.55,0.00447,0.33,1783816181
All Pools,SWIFT - AVAX,0.3,False,1.77,231.09,0.00442,0.7,1783816181
All Pools,REDWOLF - WMATIC,0.3,False,1.765,2.086,0.00441,77.24,1783816181
All Pools,AVAX - TIME,0.3,False,1.716,568.49,0.00429,0.28,1783816181
All Pools,USDT.e - CLY,0.3,False,1.671,181.31,0.00418,0.84,1783816181
All Pools,LUNA - USDC.e,0.3,False,1.668,669.27,0.00417,0.23,1783816181
All Pools,YAK - USDC.e,0.3,False,1.62,210.67,0.00405,0.7,1783816181
All Pools,DPS - USDC,0.3,False,1.614,1799.54,0.00404,0.08,1783816181
All Pools,DPS - AVAX,0.3,False,1.611,181.06,0.00403,0.81,1783816181
All Pools,SWIFT - WETH.e,0.3,False,1.608,1268.73,0.00402,0.12,1783816181
All Pools,AVAX - CLY,0.3,False,1.58,21895.0,0.00395,0.01,1783816181
All Pools,HOST - DAI.e,0.3,False,1.577,2494.33,0.00394,0.06,1783816181
All Pools,AVAX - SWAP.e,0.3,False,1.549,20682.0,0.00387,0.01,1783816181
All Pools,WETH - USDC.e,0.3,False,1.525,200.85,0.00381,0.69,1783816181
All Pools,AVAX - NaughtiusMaximus,0.3,False,1.501,335.22,0.00375,0.41,1783816181
All Pools,L - Swing - SWAP.e,0.3,False,1.501,47.99,0.00375,2.85,1783816181
All Pools,FITFI - AVAX,0.3,False,1.481,12.79,0.0037,10.57,1783816181
All Pools,AVAX - ChristMark,0.3,False,1.479,269.67,0.0037,0.5,1783816181
All Pools,aDXN - AVAX,0.3,False,1.471,50.39,0.00368,2.66,1783816181
All Pools,aDXN - aXEN,0.3,False,1.469,4.81,0.00367,27.87,1783816181
All Pools,LUNA - USDC.e,0.3,False,1.453,334.64,0.00363,0.4,1783816181
All Pools,XAUt0 - ChristMark,0.3,False,1.441,587.42,0.0036,0.22,1783816181
All Pools,HOTL1s - USDC,0.3,False,1.438,0.00435,0.00359,30163.74,1783816181
All Pools,APOW - AVAX,0.3,False,1.433,616.16,0.00358,0.21,1783816181
All Pools,XAUt0 - NaughtiusMaximus,0.3,False,1.398,893.85,0.00349,0.14,1783816181
All Pools,PNG - JOE,0.3,False,1.373,117.31,0.00343,1.07,1783816181
All Pools,USDC.e - AVVO,0.3,False,1.338,224.34,0.00334,0.54,1783816181
All Pools,Ush - AVAX,0.3,False,1.33,2115.02,0.00333,0.06,1783816181
All Pools,AVAX - STICK,0.3,False,1.329,1451.72,0.00332,0.08,1783816181
All Pools,JOE - USDT,0.3,False,1.321,283.53,0.0033,0.43,1783816181
All Pools,COQ - BLSEYE🎯,0.3,False,1.261,144.31,0.00315,0.8,1783816181
All Pools,WETH.e - USDT.e,0.3,False,1.223,147.09,0.00306,0.76,1783816181
All Pools,AVAX - ONION,0.3,False,1.192,146.61,0.00298,0.74,1783816181
All Pools,AVAX - FRAX,0.3,False,1.157,225.58,0.00289,0.47,1783816181
All Pools,GCNOOT - AVAX,0.3,False,1.148,677.14,0.00287,0.15,1783816181
All Pools,BTC.b - oXAUT,0.3,False,1.142,315.12,0.00285,0.33,1783816181
All Pools,oXAUT - AVAX,0.3,False,1.138,409.66,0.00284,0.25,1783816181
All Pools,MAGICK - USDC,0.3,False,1.125,225.1,0.00281,0.46,1783816181
All Pools,MAGICK - AVAX,0.3,False,1.122,279.35,0.00281,0.37,1783816181
All Pools,ABC - HOWDY,0.3,False,1.112,538.38,0.00278,0.19,1783816181
All Pools,GUN - AMI,0.3,False,1.11,8.797,0.00277,11.51,1783816181
All Pools,USDC.e - ONION,0.3,False,1.101,368.07,0.00275,0.27,1783816181
All Pools,WETH.e - ONION,0.3,False,1.092,228.79,0.00273,0.44,1783816181
All Pools,FTOMB - AVAX,0.3,False,1.077,6748.18,0.00269,0.01,1783816181
All Pools,GB - AVAX,0.3,False,1.071,1759.14,0.00268,0.06,1783816181
All Pools,Trinity - AVAX,0.3,False,1.063,729.33,0.00266,0.13,1783816181
All Pools,FXS - AVAX,0.3,False,1.036,287.9,0.00259,0.33,1783816181
All Pools,Trinity - Psychic,0.3,False,0.99465,401.96,0.00249,0.23,1783816181
All Pools,YUSD - AVAX,0.3,False,0.97349,115.88,0.00243,0.77,1783816181
All Pools,XAUt0 - Now,0.3,False,0.97266,573.58,0.00243,0.15,1783816181
All Pools,USDT.e - ONION,0.3,False,0.94334,736.81,0.00236,0.12,1783816181
All Pools,LINDA - AVAX,0.3,False,0.93547,1560.56,0.00234,0.05,1783816181
All Pools,BANKSY - USDT.e,0.3,False,0.9254,1516.23,0.00231,0.06,1783816181
All Pools,BANKSY - AVAX,0.3,False,0.92309,142.09,0.00231,0.59,1783816181
All Pools,Now - AVAX,0.3,False,0.90994,191.75,0.00227,0.43,1783816181
All Pools,SMRTr - USDC.e,0.3,False,0.89423,104.87,0.00224,0.78,1783816181
All Pools,SMRTr - AVAX,0.3,False,0.89251,25730.0,0.00223,0.0,1783816181
All Pools,Now - BLACK,0.3,False,0.88908,236.14,0.00222,0.34,1783816181
All Pools,YEEHAW - HOWDY,0.3,False,0.88712,7077.14,0.00222,0.01,1783816181
All Pools,DREGG - USDT.e,0.3,False,0.87028,512.34,0.00218,0.16,1783816181
All Pools,DREGG - AVAX,0.3,False,0.86802,145.31,0.00217,0.55,1783816181
All Pools,gOHM - SB,0.3,False,0.83273,16.26,0.00208,4.67,1783816181
All Pools,MaryMagdalene - AVAX,0.3,False,0.79862,172.9,0.002,0.42,1783816181
All Pools,RDOG - AVAX,0.3,False,0.76987,450.76,0.00192,0.16,1783816181
All Pools,AVAX - IMPACT2,0.3,False,0.76671,139.29,0.00192,0.5,1783816181
All Pools,AVAX - EROL,0,False,0.76019,37.93,0.0,0.0,1783816181
All Pools,APOW - USDt,0.3,False,0.7363,114.46,0.00184,0.59,1783816181
All Pools,TSD - AVAX,0.3,False,0.71838,180.42,0.0018,0.36,1783816181
All Pools,HUSKY - AMI,0.3,False,0.7098,41.84,0.00177,1.55,1783816181
All Pools,AVAX - AVVO,0.3,False,0.70934,228.26,0.00177,0.28,1783816181
All Pools,APOW - USDC,0.3,False,0.6997,114.71,0.00175,0.56,1783816181
All Pools,BTC.b - IMPACT2,0.3,False,0.69462,1301.7,0.00174,0.05,1783816181
All Pools,BLUB - AVAX,0.3,False,0.69093,11682.0,0.00173,0.01,1783816181
All Pools,MIM - USDC,0.3,False,0.67895,30.57,0.0017,2.03,1783816181
All Pools,AVAX - MU,0.3,False,0.67476,73.54,0.00169,0.84,1783816181
All Pools,HOST - AVAX,0.3,False,0.67365,88.14,0.00168,0.7,1783816181
All Pools,YEEHAW - TOPIA,0.3,False,0.66777,112.62,0.00167,0.54,1783816181
All Pools,MaryMagdalene - XAUt0,0.3,False,0.66607,1671.6,0.00167,0.04,1783816181
All Pools,MIM - MU,0.3,False,0.66029,97.81,0.00165,0.62,1783816181
All Pools,AVAX - SMRT,0.3,False,0.63314,1633.83,0.00158,0.04,1783816181
All Pools,BRO - COQ,0.3,False,0.61576,135.95,0.00154,0.41,1783816181
All Pools,L - Swing - AVAX,0.3,False,0.61575,109.97,0.00154,0.51,1783816181
All Pools,BRO - AVAX,0.3,False,0.61431,99677.0,0.00154,,1783816181
All Pools,AMI - TOPIA,0.3,False,0.61397,147.97,0.00153,0.38,1783816181
All Pools,DOM - AVAX,0.3,False,0.61087,1004.88,0.00153,0.06,1783816181
All Pools,USDT.e - SMRT,0.3,False,0.60713,88.55,0.00152,0.63,1783816181
All Pools,KIWI - USDC,0.3,False,0.59953,297.6,0.0015,0.18,1783816181
All Pools,FXS - L - Swing,0.3,False,0.59836,27.65,0.0015,1.97,1783816181
All Pools,KIWI - AVAX,0.3,False,0.59815,93.81,0.0015,0.58,1783816181
All Pools,Gravity - AVAX,0.3,False,0.59772,241.42,0.00149,0.23,1783816181
All Pools,XAUt0 - Gravity,0.3,False,0.57081,319.33,0.00143,0.16,1783816181
All Pools,Psychic - Wej,0.3,False,0.56881,242.16,0.00142,0.21,1783816181
All Pools,AVAX - Wej,0.3,False,0.56771,210.21,0.00142,0.25,1783816181
All Pools,LYD - L - Swing,0.3,False,0.54842,60.53,0.00137,0.83,1783816181
All Pools,SYMBIOT - AVAX,0.3,False,0.53558,74.68,0.00134,0.65,1783816181
All Pools,USDC - SDOG,0.3,False,0.52396,368.61,0.00131,0.13,1783816181
All Pools,agEUR - USDC,0.3,False,0.51816,60.68,0.0013,0.78,1783816181
All Pools,LINK.e - REDWOLF,0.3,False,0.51256,68.99,0.00128,0.68,1783816181
All Pools,DCAU - USDC,0.3,False,0.51231,143.4,0.00128,0.33,1783816181
All Pools,SYMBIOT - DAI.e,0.3,False,0.50273,443.27,0.00126,0.1,1783816181
All Pools,Anon - AVAX,0.3,False,0.49685,8.051,0.00124,5.63,1783816181
All Pools,MEOW - AVAX,0.3,False,0.49263,7643.32,0.00123,0.01,1783816181
All Pools,DEXTF - AVAX,0.3,False,0.49043,17.8,0.00123,2.51,1783816181
All Pools,AVAX - ZUBAX,0.3,False,0.48848,91.61,0.00122,0.49,1783816181
All Pools,MAXI - DAI.e,0.3,False,0.48504,221.13,0.00121,0.2,1783816181
All Pools,WETH.e - REDWOLF,0.3,False,0.47992,82.18,0.0012,0.53,1783816181
All Pools,MIM - SDOG,0.3,False,0.4786,95.0,0.0012,0.46,1783816181
All Pools,JOE - KRW,0.3,False,0.47742,149.46,0.00119,0.29,1783816181
All Pools,KRW - AVAX,0.3,False,0.47731,313.62,0.00119,0.14,1783816181
All Pools,LUNA - AVAX,0.3,False,0.47411,123.49,0.00119,0.35,1783816181
All Pools,ZUBAX - USDT.e,0.3,False,0.47145,171.89,0.00118,0.25,1783816181
All Pools,meGNX - AVAX,0.3,False,0.4599,12.96,0.00115,3.24,1783816181
All Pools,USDC - GAU,0.3,False,0.45225,837.16,0.00113,0.05,1783816181
All Pools,DCAU - MIM,0.3,False,0.45114,116.25,0.00113,0.35,1783816181
All Pools,UST - USDC.e,0.3,False,0.4484,677.15,0.00112,0.06,1783816181
All Pools,Psychic - Prometheus,0.3,False,0.44127,235.6,0.0011,0.17,1783816181
All Pools,AVAX - Prometheus,0.3,False,0.4404,204.78,0.0011,0.2,1783816181
All Pools,sAVAX - COQ,0.3,False,0.42473,61.55,0.00106,0.63,1783816181
All Pools,Psychic - MeaningOfNumbers,0.3,False,0.42124,242.18,0.00105,0.16,1783816181
All Pools,AVAX - MeaningOfNumbers,0.3,False,0.42051,209.52,0.00105,0.18,1783816181
All Pools,Psychic - AftermathsKobe,0.3,False,0.41211,245.02,0.00103,0.15,1783816181
All Pools,GENI - USDC,0.3,False,0.41187,1175.21,0.00103,0.03,1783816181
All Pools,AftermathsKobe - AVAX,0.3,False,0.411,212.06,0.00103,0.18,1783816181
All Pools,GENI - AVAX,0.3,False,0.41097,49.78,0.00103,0.75,1783816181
All Pools,CANS - AVAX,0.3,False,0.40218,7.906,0.00101,4.64,1783816181
All Pools,TOPIA - PTOP600,0.3,False,0.4017,115.92,0.001,0.32,1783816181
All Pools,aAvaWAVAX - meGNX,0.3,False,0.3963,3.053,,11.85,1783816181
All Pools,CATWIF - AVAX,0.3,False,0.38839,2337.51,,0.02,1783816181
All Pools,JOE - EXP,0.3,False,0.38689,10569391.0,,,1783816181
All Pools,AVAX - EROL,0.3,False,0.38557,20.32,,1.73,1783816181
All Pools,bCASH - LINK.e,0.3,False,0.37888,302.61,,0.11,1783816181
All Pools,ALPHA.e - AVAX,0.3,False,0.37806,62.41,,0.55,1783816181
All Pools,USDt - USDC.e,0.3,False,0.37571,14.19,,2.42,1783816181
All Pools,KALM - USDC,0.3,False,0.36773,76.98,,0.44,1783816181
All Pools,KALM - AVAX,0.3,False,0.36684,96.73,,0.35,1783816181
All Pools,50 - USDC,0.3,False,0.36416,111.55,,0.3,1783816181
All Pools,50 - AVAX,0.3,False,0.36327,59.51,,0.56,1783816181
All Pools,REDWOLF - SOL,0.3,False,0.35465,59.62,,0.54,1783816181
All Pools,Psychic - ArniStitch,0.3,False,0.34597,242.35,,0.13,1783816181
All Pools,ArniStitch - AVAX,0.3,False,0.34462,209.73,,0.15,1783816181
All Pools,Psychic - BlackAndGold,0.3,False,0.34353,241.26,,0.13,1783816181
All Pools,AVAX - BlackAndGold,0.3,False,0.34281,210.15,,0.15,1783816181
All Pools,APOW - AVAX,0.3,False,0.33612,1316.44,,0.02,1783816181
All Pools,XPOW - AVAX,0.3,False,0.31224,1313.44,,0.02,1783816181
All Pools,BTC.b - REDWOLF,0.3,False,0.30216,98.68,,0.28,1783816181
All Pools,Psychic - CommieSukey,0.3,False,0.29717,241.87,,0.11,1783816181
All Pools,CommieSukey - AVAX,0.3,False,0.29689,209.93,,0.13,1783816181
All Pools,miMatic - USDC.e,0.3,False,0.27741,24.27,,1.04,1783816181
All Pools,ROY - AVAX,0.3,False,0.26572,4049.43,,0.01,1783816181
All Pools,WBTC.e - ONION,0.3,False,0.26557,350.24,,0.07,1783816181
All Pools,USDC - SHRAP,0.3,False,0.26334,22.0,,1.09,1783816181
All Pools,WBTC.e - renBTC,0.3,False,0.258,3.764,,6.25,1783816181
All Pools,AVAX - ARENA,0.3,False,0.25799,55.74,,0.42,1783816181
All Pools,KIMBO - CANS,0.3,False,0.25233,200.07,,0.12,1783816181
All Pools,Psychic - Meaning,0.3,False,0.25211,236.0,,0.1,1783816181
All Pools,Meaning - AVAX,0.3,False,0.25128,326.12,,0.07,1783816181
All Pools,BNB - AVAX,0.3,False,0.24865,2789.96,,0.01,1783816181
All Pools,DAI.e - ONION,0.3,False,0.24836,329.53,,0.07,1783816181
All Pools,MM - USDC,0.3,False,0.24705,49.61,,0.45,1783816181
All Pools,MM - AVAX,0.3,False,0.2463,66.64,,0.34,1783816181
All Pools,AMPL - AVAX,0.3,False,0.24583,202.01,,0.11,1783816181
All Pools,AVAX - rsAVAX,0.3,False,0.22941,163.77,,0.13,1783816181
All Pools,STATIK - AVAX,0.3,False,0.22914,30.96,,0.68,1783816181
All Pools,MU - DAI.e,0.3,False,0.2286,235.09,,0.09,1783816181
All Pools,AVAXAI - USDC,0.3,False,0.22742,1542.87,,0.01,1783816181
All Pools,CGS - AVAX,0.3,False,0.22449,53.21,,0.39,1783816181
All Pools,CGS - USDC.e,0.3,False,0.22374,150.62,,0.14,1783816181
All Pools,BLS - USDt,0.3,False,0.22274,127.8,,0.16,1783816181
All Pools,WBTC.e - REDWOLF,0.3,False,0.21876,48.83,,0.41,1783816181
All Pools,NOCHILL - OX,0.3,False,0.21768,13766.0,,0.0,1783816181
All Pools,WBTC - AVAX,0.3,False,0.21319,30.89,,0.63,1783816181
All Pools,AVAX - USDT,0.3,False,0.20879,1704.3,,0.01,1783816181
All Pools,APOW - USDC,0.3,False,0.20039,21.29,,0.86,1783816181
All Pools,XPOW - USDC,0.3,False,0.20024,20.65,,0.88,1783816181
All Pools,AVAX - GEC,0.3,False,0.20004,27547.0,,,1783816181
All Pools,COQ - OX,0.3,False,0.19857,13644.0,,0.0,1783816181
All Pools,CQK - USDC,0.3,False,0.19851,30.8,,0.59,1783816181
All Pools,USDC - USD+,0.3,False,0.19847,28.1,,0.64,1783816181
All Pools,CQK - AVAX,0.3,False,0.19788,96.74,,0.19,1783816181
All Pools,AVAX - SNOB,0.3,False,0.19578,766.42,,0.02,1783816181
All Pools,USDt - RUX,0.3,False,0.19337,15938.0,,0.0,1783816181
All Pools,RUX - AVAX,0.3,False,0.19278,25.37,,0.69,1783816181
All Pools,DFIAT - USDT.e,0.3,False,0.1924,26.84,,0.65,1783816181
All Pools,DFIAT - AVAX,0.3,False,0.19163,6008.62,,0.0,1783816181
All Pools,HOWDY - AVAX,0.3,False,0.19107,6699.87,,0.0,1783816181
All Pools,USDC.e - WISE,0.3,False,0.19071,41.22,,0.42,1783816181
All Pools,AVAX - WISE,0.3,False,0.19018,59.32,,0.29,1783816181
All Pools,WETH.e - SURE,0.3,False,0.18878,838.25,,0.02,1783816181
All Pools,LUNA - AVAX,0.3,False,0.18508,14.3,,1.18,1783816181
All Pools,GLOBA - AVAX,0.3,False,0.18474,39.78,,0.42,1783816181
All Pools,USDC - CHAM,0.3,False,0.17888,46.38,,0.35,1783816181
All Pools,USDT.e - DUO,0.3,False,0.17845,50.6,,0.32,1783816181
All Pools,AVAX - DUO,0.3,False,0.17787,52.52,,0.31,1783816181
All Pools,SLUSH - USDT.e,0.3,False,0.17777,55.21,,0.29,1783816181
All Pools,SOL - USDC,0.3,False,0.17776,20.75,,0.78,1783816181
All Pools,AVAX - KET,0.3,False,0.17725,23.41,,0.69,1783816181
All Pools,SLUSH - AVAX,0.3,False,0.1771,45.38,,0.36,1783816181
All Pools,MIM - wsOHM,0.3,False,0.17518,188.96,,0.08,1783816181
All Pools,GLOBA - DAI.e,0.3,False,0.17356,47.35,,0.33,1783816181
All Pools,Beyond - AVAX,0.3,False,0.17332,63.65,,0.25,1783816181
All Pools,Beyond - Now,0.3,False,0.17322,329.42,,0.05,1783816181
All Pools,VEE - USDC,0.3,False,0.16949,31.27,,0.49,1783816181
All Pools,COQ - OSAK,0.3,False,0.16427,18.53,,0.81,1783816181
All Pools,MAI - TOMB,0.3,False,0.16302,127.84,,0.12,1783816181
All Pools,UNIQOC - AVAX,0.3,False,0.16247,802.8,,0.02,1783816181
All Pools,Psychic - DogL,0.3,False,0.1604,241.98,,0.06,1783816181
All Pools,DogL - AVAX,0.3,False,0.15993,210.86,,0.07,1783816181
All Pools,LF - AVAX,0.3,False,0.15879,287.01,,0.05,1783816181
All Pools,UNIQOC - COQ,0.3,False,0.15714,35.3,,0.41,1783816181
All Pools,SYN - REDWOLF,0.3,False,0.15375,5.693,,2.46,1783816181
All Pools,PTOP500 - TOPIA,0.3,False,0.15224,106.58,,0.13,1783816181
All Pools,USDC.e - SOL,0.3,False,0.15014,36.47,,0.38,1783816181
All Pools,MIM - LF,0.3,False,0.15003,414.18,,0.03,1783816181
All Pools,HEFE - CANS,0.3,False,0.14973,4.647,,2.94,1783816181
All Pools,NOCHILL - KET,0.3,False,0.14821,8.869,,1.52,1783816181
All Pools,USDC - MXNB,0.3,False,0.14771,17.88,,0.75,1783816181
All Pools,HUSKY - MUG,0.3,False,0.14738,13.57,,0.99,1783816181
All Pools,AVAI - AVAX,0.3,False,0.14647,19.76,,0.68,1783816181
All Pools,MIM - DAI.e,0.3,False,0.14645,20.2,,0.66,1783816181
All Pools,AVAT - USDC,0.3,False,0.14592,37.42,,0.36,1783816181
All Pools,BLSEYE🎯 - MEOW,0.3,False,0.14357,697.83,,0.02,1783816181
All Pools,USDt - USDT.e,0.3,False,0.14093,20444.0,,,1783816181
All Pools,WETH.e - USDC,0.3,False,0.14048,19.94,,0.64,1783816181
All Pools,ElvisJackpot - BLACK,0.3,False,0.13892,10.08,,1.26,1783816181
All Pools,TRYB - USDC.e,0.3,False,0.13749,31.65,,0.4,1783816181
All Pools,APOW - USDt,0.3,False,0.13748,21.31,,0.59,1783816181
All Pools,MaryMagdalene - FollowTheWhiteRabbit,0.3,False,0.13375,157.12,,0.08,1783816181
All Pools,rloop - AVAX,0.3,False,0.13339,4563.12,,0.0,1783816181
All Pools,FollowTheWhiteRabbit - AVAX,0.3,False,0.13329,116.44,,0.1,1783816181
All Pools,YEEHAW - BTC.b,0.3,False,0.13321,51.51,,0.24,1783816181
All Pools,AVVO - DAI.e,0.3,False,0.13249,34.61,,0.35,1783816181
All Pools,WETH.e - yyAVAX,0.3,False,0.1304,14.22,,0.84,1783816181
All Pools,Psychic - Now,0.3,False,0.13018,473.39,,0.03,1783816181
All Pools,USDC - BVAX,0.3,False,0.12691,25.84,,0.45,1783816181
All Pools,AVAX - CHAM,0.3,False,0.12686,25.66,,0.45,1783816181
All Pools,GAINS - AVAX,0.3,False,0.12672,31.08,,0.37,1783816181
All Pools,XAUt0 - ElvisJackpot,0.3,False,0.12475,285.88,,0.04,1783816181
All Pools,Silver - Now,0.3,False,0.12367,654.99,,0.02,1783816181
All Pools,MELT - AVAX,0.3,False,0.12363,19.93,,0.57,1783816181
All Pools,Silver - AVAX,0.3,False,0.12354,62.84,,0.18,1783816181
All Pools,gOHM - wsOHM,0.3,False,0.12254,17.45,,0.64,1783816181
All Pools,USDT.e - EXP,0.3,False,0.11721,44991139.0,,,1783816181
All Pools,AVAX - ZABU,0.3,False,0.11715,23.29,,0.46,1783816181
All Pools,USDt - XPOW,0.3,False,0.1137,20.61,,0.5,1783816181
All Pools,COQ - JUICE,0.3,False,0.11281,26.19,,0.39,1783816181
All Pools,MU - WMATIC,0.3,False,0.1082,0.14154,,69.76,1783816181
All Pools,AprilFoolsDay - NaughtiusMaximus,0.3,False,0.10769,100.18,,0.1,1783816181
All Pools,Gold - Now,0.3,False,0.10744,653.85,,0.01,1783816181
All Pools,Gold - AVAX,0.3,False,0.10727,63.86,,0.15,1783816181
All Pools,AprilFoolsDay - AVAX,0.3,False,0.10726,75.52,,0.13,1783816181
All Pools,USDt - MILO,0.3,False,0.1065,14.02,,0.69,1783816181
All Pools,AVAX - MILO,0.3,False,0.10604,789.12,,0.01,1783816181
All Pools,Psychic - Blue,0.3,False,0.10417,62.5,,0.15,1783816181
All Pools,Blue - AVAX,0.3,False,0.10417,190.15,,0.05,1783816181
All Pools,TOMB - USDC,0.3,False,0.10378,10.01,,0.95,1783816181
All Pools,SURE - USDC.e,0.3,False,0.10299,20.71,,0.45,1783816181
All Pools,USDC - yyAVAX,0.3,False,0.10252,12.0,,0.78,1783816181
All Pools,COQ - NOCHILL,0.3,False,0.10158,8.659,,1.07,1783816181
All Pools,USDT.e - ZABU,0.3,False,0.10026,44.2,,0.21,1783816181
All Pools,HEFE - GAINS,0.3,False,0.09733,7.981,,1.11,1783816181
All Pools,SYN - USDC.e,0.3,False,0.09699,2.907,,3.04,1783816181
All Pools,FLAKE - USDT.e,0.3,False,0.09556,48.27,,0.18,1783816181
All Pools,FLAKE - AVAX,0.3,False,0.09515,17.07,,0.51,1783816181
All Pools,HATCHY - AMI,0.3,False,0.09469,2.542,,3.4,1783816181
All Pools,AVAX - MUG,0.3,False,0.09427,253.07,,0.03,1783816181
All Pools,WBTC.e - USDT.e,0.3,False,0.09313,156.09,,0.05,1783816181
All Pools,TECH - OX,0.3,False,0.09256,5771.13,,0.0,1783816181
All Pools,DAI - USDT,0.3,False,0.09034,417.47,,0.02,1783816181
All Pools,SUB - USDC,0.3,False,0.08997,11.36,,0.72,1783816181
All Pools,SURE - DAI.e,0.3,False,0.08834,24.16,,0.33,1783816181
All Pools,AVAT - AVAX,0.3,False,0.0871,16.7,,0.48,1783816181
All Pools,MELT - USDC.e,0.3,False,0.08689,29.62,,0.27,1783816181
All Pools,USDt - DXN,0.3,False,0.08605,213.65,,0.04,1783816181
All Pools,MIM - VOLT,0.3,False,0.08111,14.78,,0.5,1783816181
All Pools,SPC - DAI.e,0.3,False,0.07968,19.44,,0.37,1783816181
All Pools,MIM - GRAPE,0.3,False,0.07854,126.51,,0.06,1783816181
All Pools,wsOHM - USDC.e,0.3,False,0.07791,18.68,,0.38,1783816181
All Pools,bECH - AVAX,0.3,False,0.07684,16.89,,0.42,1783816181
All Pools,USDt - IMPACT2,0.3,False,0.07406,69.92,,0.1,1783816181
All Pools,AVAX - STRAW,0.3,False,0.07309,14.19,,0.47,1783816181
All Pools,WLRS - GRAPE,0.3,False,0.07297,9.292,,0.72,1783816181
All Pools,WLRS - USDC.e,0.3,False,0.0717,4030.99,,0.0,1783816181
All Pools,DAI.e - VOLT,0.3,False,0.07154,41.15,,0.16,1783816181
All Pools,METAG - AVAX,0.3,False,0.07144,19.59,,0.33,1783816181
All Pools,BANKSY - USDC.e,0.3,False,0.07076,29.1,,0.22,1783816181
All Pools,BANKSY - AVAX,0.3,False,0.07048,18.28,,0.35,1783816181
All Pools,Trinity - BrideOfChrist,0.3,False,0.07017,56933669.0,,,1783816181
All Pools,BrideOfChrist - BLACK,0.3,False,0.07003,17.69,,0.36,1783816181
All Pools,YEEHAW - AVAX,0.3,False,0.06919,12.01,,0.53,1783816181
All Pools,USDT.e - XAVA,0.3,False,0.06905,10.78,,0.58,1783816181
All Pools,DAI.e - STRAW,0.3,False,0.06872,35.85,,0.17,1783816181
All Pools,BNPL - AVAX,0.3,False,0.06719,6.246,,0.98,1783816181
All Pools,ZRO - USDC,0.3,False,0.06691,4.608,,1.32,1783816181
All Pools,Gil - AVAX,0.3,False,0.06578,13.54,,0.44,1783816181
All Pools,Christmas - AVAX,0.3,False,0.06513,181.22,,0.03,1783816181
All Pools,SURE - AVAX,0.3,False,0.06479,5.291,,1.12,1783816181
All Pools,USDC - USDT.e,0.3,False,0.06357,154.63,,0.04,1783816181
All Pools,Gil - DAI.e,0.3,False,0.06184,26.2,,0.22,1783816181
All Pools,YEEHAW - USDC,0.3,False,0.06072,5.644,,0.98,1783816181
All Pools,AVAX - BLACK,0.3,False,0.05934,3.249,,1.67,1783816181
All Pools,ABC - AMI,0.3,False,0.05589,2.642,,1.93,1783816181
All Pools,AVAX - Sinterklaas,0.3,False,0.05547,101.15,,0.05,1783816181
All Pools,Psychic - Sinterklaas,0.3,False,0.05535,242.01,,0.02,1783816181
All Pools,MIM - TIME,0.3,False,0.05376,26.92,,0.18,1783816181
All Pools,KIMBO - KOVIN,0.3,False,0.05239,3.075,,1.55,1783816181
All Pools,USDt - NEMO,0.3,False,0.05197,95.82,,0.05,1783816181
All Pools,AVAX - NEMO,0.3,False,0.05173,6.503,,0.73,1783816181
All Pools,COQ - BOOTY,0.3,False,0.05156,6.856,,0.69,1783816181
All Pools,AVAX - ELK,0.3,False,0.05139,48.06,,0.1,1783816181
All Pools,BTC.b - yyAVAX,0.3,False,0.04934,4.185,,1.08,1783816181
All Pools,AVAX - GAU,0.3,False,0.04842,5.685,,0.78,1783816181
All Pools,USDt - REDWOLF,0.3,False,0.04755,13.75,,0.32,1783816181
All Pools,bCASH - TECH,0.3,False,0.04721,10.93,,0.39,1783816181
All Pools,METAG - USDT.e,0.3,False,0.04644,47.18,,0.09,1783816181
All Pools,bCASH - NOCHILL,0.3,False,0.04525,12.98,,0.32,1783816181
All Pools,USDC.e - WOLF,0.3,False,0.04511,7.535,,0.55,1783816181
All Pools,AVAX - WOLF,0.3,False,0.04488,53.45,,0.08,1783816181
All Pools,SLIME - USDt,0.3,False,0.04468,6.094,,0.67,1783816181
All Pools,SLIME - AVAX,0.3,False,0.04441,15049.0,,,1783816181
All Pools,KLO - USDT.e,0.3,False,0.04439,5.313,,0.76,1783816181
All Pools,gOHM - JOE,0.3,False,0.04431,3.157,,1.28,1783816181
All Pools,Christmas - ChristMark,0.3,False,0.04416,113.64,,0.04,1783816181
All Pools,AVAI - USDC.e,0.3,False,0.04411,26.74,,0.15,1783816181
All Pools,NOCHILL - REDWOLF,0.3,False,0.04392,2.358,,1.7,1783816181
All Pools,ICUBE - USDT.e,0.3,False,0.04377,107.2,,0.04,1783816181
All Pools,ICUBE - AVAX,0.3,False,0.04352,5.31,,0.75,1783816181
All Pools,DUO - USDT.e,0.3,False,0.04342,6.154,,0.64,1783816181
All Pools,GAS - AVAX,0.3,False,0.04312,131.44,,0.03,1783816181
All Pools,AVAX - SDOG,0.3,False,0.04303,6.545,,0.6,1783816181
All Pools,MELT - USDC.e,0.3,False,0.04258,5.934,,0.65,1783816181
All Pools,MELT - AVAX,0.3,False,0.04236,805.48,,0.0,1783816181
All Pools,LINK.e - MU,0.3,False,0.04149,6.753,,0.56,1783816181
All Pools,Hydrogen - AVAX,0.3,False,0.04135,190.61,,0.02,1783816181
All Pools,Psychic - Hydrogen,0.3,False,0.04125,62.92,,0.06,1783816181
All Pools,AVAX - LODE,0.3,False,0.0412,0.87219,,4.31,1783816181
All Pools,YAK - SPORE,0.3,False,0.04048,5.107,,0.72,1783816181
All Pools,BLS - SHRAP,0.3,False,0.03998,8.246,,0.44,1783816181
All Pools,CNR - USDC,0.3,False,0.03989,4.44,,0.82,1783816181
All Pools,BNZ - AVAX,0.3,False,0.03929,154.18,,0.02,1783816181
All Pools,Yellow - AVAX,0.3,False,0.03917,191.98,,0.02,1783816181
All Pools,Psychic - Yellow,0.3,False,0.03908,63.03,,0.06,1783816181
All Pools,JOE - aXEN,0.3,False,0.03876,0.17186,,20.58,1783816181
All Pools,FRENXEN - aXEN,0.3,False,0.03811,0.26055,,13.35,1783816181
All Pools,FRENXEN - USDC,0.3,False,0.03805,8.647,,0.4,1783816181
All Pools,HEFE - AMI,0.3,False,0.03753,1.961,,1.75,1783816181
All Pools,MELT - USDT.e,0.3,False,0.03725,29.39,,0.12,1783816181
All Pools,ACS - USDC.e,0.3,False,0.03712,5.474,,0.62,1783816181
All Pools,LIBRE - USDC.e,0.3,False,0.037,12.37,,0.27,1783816181
All Pools,NOCHILL - AMI,0.3,False,0.037,3.29,,1.03,1783816181
All Pools,ACS - AVAX,0.3,False,0.03695,179.69,,0.02,1783816181
All Pools,BENIS - NOCHILL,0.3,False,0.0368,2.953,,1.14,1783816181
All Pools,BENIS - AVAX,0.3,False,0.03607,10.81,,0.3,1783816181
All Pools,SYN - WETH.e,0.3,False,0.03537,1.414,,2.28,1783816181
All Pools,ALOT - USDC.e,0.3,False,0.03493,7.468,,0.43,1783816181
All Pools,SYN - USDT.e,0.3,False,0.03456,1.556,,2.03,1783816181
All Pools,BTC.b - MU,0.3,False,0.03452,9.992,,0.32,1783816181
All Pools,wMEMO - AVAX,0.3,False,0.03343,6.496,,0.47,1783816181
All Pools,AMI - SQRCAT,0.3,False,0.03279,10.14,,0.3,1783816181
All Pools,AVAX - SQRCAT,0.3,False,0.03264,4259.93,,,1783816181
All Pools,SUB - AVAX,0.3,False,0.03222,14.86,,0.2,1783816181
All Pools,MPL - USDt,0.3,False,0.03184,29.82,,0.1,1783816181
All Pools,MPL - AVAX,0.3,False,0.03167,5.041,,0.57,1783816181
All Pools,KIMBO - AMI,0.3,False,0.03147,2.249,,1.28,1783816181
All Pools,AVAX - sSB,0.3,False,0.0312,0.41026,,6.94,1783816181
All Pools,AAVE.e - USDT.e,0.3,False,0.03069,2.677,,1.05,1783816181
All Pools,COQ - KOVIN,0.3,False,0.03067,8.209,,0.34,1783816181
All Pools,Anon - USDC,0.3,False,0.02991,0.69304,,3.94,1783816181
All Pools,LoveIsTheKey - Gravity,0.3,False,0.02907,29.51,,0.09,1783816181
All Pools,LoveIsTheKey - BLACK,0.3,False,0.02892,4.125,,0.64,1783816181
All Pools,MIM - TSNFTGM,0.3,False,0.02847,3.601,,0.72,1783816181
All Pools,WETH.e - meGNX,0.3,False,0.02846,5.096,,0.51,1783816181
All Pools,RUG - USDT.e,0.3,False,0.02846,10.61,,0.24,1783816181
All Pools,AAVE.e - meGNX,0.3,False,0.02825,3.655,,0.71,1783816181
All Pools,CNR - AVAX,0.3,False,0.02798,47.44,,0.05,1783816181
All Pools,AAVE.e - USDC.e,0.3,False,0.02775,1.292,,1.96,1783816181
All Pools,TruthClosure - AVAX,0.3,False,0.02764,7.692,,0.33,1783816181
All Pools,TruthClosure - BLACK,0.3,False,0.02762,12.79,,0.2,1783816181
All Pools,Milk - USDT.e,0.3,False,0.02709,13.75,,0.18,1783816181
All Pools,Milk - AVAX,0.3,False,0.02688,5.31,,0.46,1783816181
All Pools,TSNFTGM - DAI.e,0.3,False,0.02628,29.77,,0.08,1783816181
All Pools,GURS - NOCHILL,0.3,False,0.02558,1.252,,1.86,1783816181
All Pools,METAG - USDt,0.3,False,0.02535,15.37,,0.15,1783816181
All Pools,Orange - AVAX,0.3,False,0.0253,62.99,,0.04,1783816181
All Pools,Orange - BLACK,0.3,False,0.02528,2.193,,1.05,1783816181
All Pools,UNI.e - REDWOLF,0.3,False,0.02516,11.26,,0.2,1783816181
All Pools,USDT.e - TMT,0.3,False,0.02488,25.25,,0.09,1783816181
All Pools,Psychic - Chrism,0.3,False,0.02484,49.77,,0.05,1783816181
All Pools,AVAX - TMT,0.3,False,0.02472,5.792,,0.39,1783816181
All Pools,USDT.e - BOREA,0.3,False,0.02414,25.56,,0.09,1783816181
All Pools,wsOHM - AVAX,0.3,False,0.024,8.223,,0.27,1783816181
All Pools,AVAX - BOREA,0.3,False,0.02393,5.417,,0.4,1783816181
All Pools,COQ - LYLY,0.3,False,0.02384,9.887,,0.22,1783816181
All Pools,AVAX - LYLY,0.3,False,0.02373,51.04,,0.04,1783816181
All Pools,BLACK - SantaGospel,0.3,False,0.02218,2.594,,0.78,1783816181
All Pools,USDC.e - RUG,0.3,False,0.02217,17.84,,0.11,1783816181
All Pools,MIM - RUG,0.3,False,0.022,6.454,,0.31,1783816181
All Pools,GURS - ARENA,0.3,False,0.02198,5.245,,0.38,1783816181
All Pools,Christmas - SantaGospel,0.3,False,0.02091,671.4,,0.0,1783816181
All Pools,NOCHILL - MU,0.3,False,0.02078,1.563,,1.21,1783816181
All Pools,USDT.e - GOT,0.3,False,0.02027,12.26,,0.15,1783816181
All Pools,AVAX - GOT,0.3,False,0.02011,4.216,,0.44,1783816181
All Pools,BTC.b - GMX,0.3,False,0.01984,1.266,,1.43,1783816181
All Pools,EHCNALAVA - AVAX,0.3,False,0.01948,1091.29,,0.0,1783816181
All Pools,KIMBO - EHCNALAVA,0.3,False,0.01911,1.732,,1.01,1783816181
All Pools,COQ - MCV,0.3,False,0.01883,6.437,,0.27,1783816181
All Pools,JOE - aDXN,0.3,False,0.01883,0.27565,,6.23,1783816181
All Pools,MCV - AVAX,0.3,False,0.01875,287.44,,0.01,1783816181
All Pools,BGLD - USDT.e,0.3,False,0.01819,16.35,,0.1,1783816181
All Pools,BGLD - AVAX,0.3,False,0.01804,3.55,,0.46,1783816181
All Pools,USDC.e - SPADE,0.3,False,0.01802,15.44,,0.11,1783816181
All Pools,AVAX - SPADE,0.3,False,0.01791,4.878,,0.33,1783816181
All Pools,WOLF - MU,0.3,False,0.0178,3.792,,0.43,1783816181
All Pools,WOLF - USDT.e,0.3,False,0.01749,3.171,,0.5,1783816181
All Pools,USDR - USDC,0.3,False,0.01737,39.93,,0.04,1783816181
All Pools,WOLF - AVAX,0.3,False,0.01736,46.2,,0.03,1783816181
All Pools,CATWIF - MU,0.3,False,0.01707,2.99,,0.52,1783816181
All Pools,SMRT - XAVA,0.3,False,0.01673,2.269,,0.67,1783816181
All Pools,MUMO - WMATIC,0.3,False,0.01671,0.02619,,58.24,1783816181
All Pools,HEFE - Always,0.3,False,0.01651,1.373,,1.1,1783816181
All Pools,AVAX - AMONKS,0.3,False,0.01632,1153.31,,0.0,1783816181
All Pools,REDWOLF - AMONKS,0.3,False,0.01632,5.696,,0.26,1783816181
All Pools,3ULL - USDt,0.3,False,0.01615,2.154,,0.68,1783816181
All Pools,Gravity - SaintGermain,0.3,False,0.01606,17.85,,0.08,1783816181
All Pools,ElvisJackpot - Gravity,0.3,False,0.01606,14.52,,0.1,1783816181
All Pools,COQ - SNP,0.3,False,0.01605,16.41,,0.09,1783816181
All Pools,3ULL - AVAX,0.3,False,0.01599,33.92,,0.04,1783816181
All Pools,SNP - AVAX,0.3,False,0.01598,7.829,,0.19,1783816181
All Pools,COQ - AMI,0.3,False,0.01595,8.071,,0.18,1783816181
All Pools,AVAX - SHRAP,0.3,False,0.01594,11.6,,0.13,1783816181
All Pools,KIMBO - COQ,0.3,False,0.01579,0.92508,,1.56,1783816181
All Pools,MAJIN - MU,0.3,False,0.01575,3.624,,0.4,1783816181
All Pools,MAJIN - AVAX,0.3,False,0.01568,2971.87,,,1783816181
All Pools,USDT.e - AVVO,0.3,False,0.01568,3.614,,0.4,1783816181
All Pools,SaintGermain - BLACK,0.3,False,0.01565,1.298,,1.1,1783816181
All Pools,wALGO - USDC,0.3,False,0.01563,2.39,,0.6,1783816181
All Pools,wALGO - AVAX,0.3,False,0.01551,115.16,,0.01,1783816181
All Pools,Psychic - Alice,0.3,False,0.01536,47.3,,0.03,1783816181
All Pools,Psychic - RefZip,0.3,False,0.01526,47.32,,0.03,1783816181
All Pools,KIMBO - GAINS,0.3,False,0.01522,0.87168,,1.59,1783816181
All Pools,Psychic - Mirror,0.3,False,0.01519,47.3,,0.03,1783816181
All Pools,Psychic - OneOneOne,0.3,False,0.01514,47.32,,0.03,1783816181
All Pools,Psychic - Seminole,0.3,False,0.0151,47.29,,0.03,1783816181
All Pools,BLACK - Alice,0.3,False,0.01507,1.244,,1.1,1783816181
All Pools,Psychic - Luck,0.3,False,0.01499,47.33,,0.03,1783816181
All Pools,RefZip - BLACK,0.3,False,0.01497,1.239,,1.1,1783816181
All Pools,BUSD - USDC,0.3,False,0.01494,7.348,,0.19,1783816181
All Pools,OneOneOne - BLACK,0.3,False,0.01484,1.238,,1.09,1783816181
All Pools,Seminole - BLACK,0.3,False,0.01478,1.245,,1.08,1783816181
All Pools,JOE - ZABU,0.3,False,0.01478,13.03,,0.1,1783816181
All Pools,BLACK - Luck,0.3,False,0.01467,1.235,,1.08,1783816181
All Pools,Loyalty - Psychic,0.3,False,0.01466,47.3,,0.03,1783816181
All Pools,Mirror - BLACK,0.3,False,0.01466,1.243,,1.08,1783816181
All Pools,Flection - Psychic,0.3,False,0.01449,47.33,,0.03,1783816181
All Pools,Psychic - Who,0.3,False,0.0144,47.33,,0.03,1783816181
All Pools,Loyalty - BLACK,0.3,False,0.01436,1.244,,1.05,1783816181
All Pools,Flection - BLACK,0.3,False,0.01419,1.235,,1.05,1783816181
All Pools,ZUM - NOCHILL,0.3,False,0.01405,0.79113,,1.62,1783816181
All Pools,USDC.e - BAVA,0.3,False,0.01391,2.639,,0.48,1783816181
All Pools,Who - BLACK,0.3,False,0.01388,1.236,,1.03,1783816181
All Pools,AVAX - BAVA,0.3,False,0.0138,8.596,,0.15,1783816181
All Pools,XOMB - USDT.e,0.3,False,0.01338,2.083,,0.59,1783816181
All Pools,XOMB - AVAX,0.3,False,0.01327,15.52,,0.08,1783816181
All Pools,ORNG - JUICE,0.3,False,0.01322,1.346,,0.9,1783816181
All Pools,USDT.e - iBONE,0.3,False,0.01307,4.415,,0.27,1783816181
All Pools,Psychic - Number,0.3,False,0.01306,47.34,,0.03,1783816181
All Pools,AVAX - iBONE,0.3,False,0.01296,4.177,,0.28,1783816181
All Pools,Number - BLACK,0.3,False,0.01293,1.232,,0.96,1783816181
All Pools,PNG - REDWOLF,0.3,False,0.01289,3.448,,0.34,1783816181
All Pools,ARA - AVAX,0.3,False,0.01282,2.313,,0.51,1783816181
All Pools,[i]Lluminati - BLACK,0.3,False,0.01278,1.285,,0.91,1783816181
All Pools,BSGG - AVAX,0.3,False,0.01271,2.541,,0.46,1783816181
All Pools,Psychic - PoPo,0.3,False,0.01247,47.33,,0.02,1783816181
All Pools,Psychic - PennyTrinity,0.3,False,0.01245,47.35,,0.02,1783816181
All Pools,Psychic - Alphabet,0.3,False,0.01241,47.34,,0.02,1783816181
All Pools,Psychic - Vampire,0.3,False,0.01239,47.33,,0.02,1783816181
All Pools,Psychic - Codes,0.3,False,0.01239,47.34,,0.02,1783816181
All Pools,PoPo - BLACK,0.3,False,0.01233,1.232,,0.91,1783816181
All Pools,Psychic - PlotTwist,0.3,False,0.01231,48.39,,0.02,1783816181
All Pools,PennyTrinity - BLACK,0.3,False,0.01227,1.23,,0.91,1783816181
All Pools,JOE - ZUBAX,0.3,False,0.01227,6.511,,0.17,1783816181
All Pools,Alphabet - BLACK,0.3,False,0.01216,1.233,,0.9,1783816181
All Pools,Codes - BLACK,0.3,False,0.01216,1.234,,0.9,1783816181
All Pools,Vampire - BLACK,0.3,False,0.01215,1.235,,0.9,1783816181
All Pools,USDT.e - NORTH,0.3,False,0.01213,27.2,,0.04,1783816181
All Pools,PlotTwist - BLACK,0.3,False,0.01212,1.259,,0.88,1783816181
All Pools,Psychic - TrumpCard,0.3,False,0.01205,47.34,,0.02,1783816181
All Pools,AVAX - XPOW,0.3,False,0.01204,0.75271,,1.46,1783816181
All Pools,Psychic - Hexagon,0.3,False,0.01203,47.33,,0.02,1783816181
All Pools,AVAX - NORTH,0.3,False,0.01203,1.812,,0.61,1783816181
All Pools,Psychic - Oracle,0.3,False,0.01202,47.33,,0.02,1783816181
All Pools,Psychic - Penny,0.3,False,0.01202,47.33,,0.02,1783816181
All Pools,TECH - AMI,0.3,False,0.01201,1.634,,0.67,1783816181
All Pools,Psychic - WhoWhoWho,0.3,False,0.01201,47.3,,0.02,1783816181
All Pools,Psychic - Aquarius,0.3,False,0.012,47.34,,0.02,1783816181
All Pools,Psychic - Nine,0.3,False,0.01198,47.31,,0.02,1783816181
All Pools,ELE - AVAX,0.3,False,0.01189,89.63,,0.01,1783816181
All Pools,KOVIN - AVAX,0.3,False,0.01187,2196.42,,,1783816181
All Pools,TrumpCard - BLACK,0.3,False,0.01187,1.23,,0.88,1783816181
All Pools,Psychic - ElmoSunkGematria,0.3,False,0.01185,47.34,,0.02,1783816181
All Pools,Psychic - KekiusMaximus,0.3,False,0.01185,47.33,,0.02,1783816181
All Pools,Psychic - Abracadabra,0.3,False,0.01182,47.31,,0.02,1783816181
All Pools,Psychic - BiTonic,0.3,False,0.01182,47.41,,0.02,1783816181
All Pools,TRACTOR - USDT.e,0.3,False,0.01181,1.66,,0.65,1783816181
All Pools,Psychic - Zero,0.3,False,0.01181,47.31,,0.02,1783816181
All Pools,Psychic - Qubit,0.3,False,0.0118,47.3,,0.02,1783816181
All Pools,Psychic - Happy,0.3,False,0.01179,47.33,,0.02,1783816181
All Pools,Psychic - Confusion,0.3,False,0.01179,47.33,,0.02,1783816181
All Pools,Penny - BLACK,0.3,False,0.01177,1.234,,0.87,1783816181
All Pools,Hexagon - BLACK,0.3,False,0.01177,1.234,,0.87,1783816181
All Pools,Aquarius - BLACK,0.3,False,0.01176,1.242,,0.86,1783816181
All Pools,Oracle - BLACK,0.3,False,0.01176,1.233,,0.87,1783816181
All Pools,WhoWhoWho - BLACK,0.3,False,0.01175,1.24,,0.86,1783816181
All Pools,BLACK - Nine,0.3,False,0.01175,1.239,,0.87,1783816181
All Pools,TRACTOR - AVAX,0.3,False,0.01171,10504.0,,,1783816181
All Pools,USDC.e - WISE,0.3,False,0.01168,6.72,,0.16,1783816181
All Pools,BLACK - ElmoSunkGematria,0.3,False,0.01168,1.23,,0.87,1783816181
All Pools,KekiusMaximus - BLACK,0.3,False,0.01167,1.232,,0.86,1783816181
All Pools,Psychic - Numbers,0.3,False,0.01165,47.33,,0.02,1783816181
All Pools,Happy - BLACK,0.3,False,0.01161,1.23,,0.86,1783816181
All Pools,AVAX - WISE,0.3,False,0.01158,2.231,,0.47,1783816181
All Pools,USDC.e - TUSK,0.3,False,0.01158,9.352,,0.11,1783816181
All Pools,Confusion - BLACK,0.3,False,0.01158,1.235,,0.86,1783816181
All Pools,Abracadabra - BLACK,0.3,False,0.01156,1.238,,0.85,1783816181
All Pools,Chrism - BLACK,0.3,False,0.01156,1.305,,0.81,1783816181
All Pools,Zero - BLACK,0.3,False,0.01155,1.238,,0.85,1783816181
All Pools,BiTonic - BLACK,0.3,False,0.01155,1.234,,0.85,1783816181
All Pools,Qubit - BLACK,0.3,False,0.01153,1.241,,0.85,1783816181
All Pools,AVAX - TUSK,0.3,False,0.01148,2.02,,0.52,1783816181
All Pools,Numbers - BLACK,0.3,False,0.01144,1.229,,0.85,1783816181
All Pools,Psychic - Line,0.3,False,0.0114,47.99,,0.02,1783816181
All Pools,KOVIN - MU,0.3,False,0.01135,2.459,,0.42,1783816181
All Pools,Eye - Psychic,0.3,False,0.01127,47.33,,0.02,1783816181
All Pools,Psychic - Verse,0.3,False,0.01126,47.31,,0.02,1783816181
All Pools,Psychic - Artemis,0.3,False,0.01125,47.47,,0.02,1783816181
All Pools,Psychic - Time,0.3,False,0.01124,47.33,,0.02,1783816181
All Pools,MU - SOL,0.3,False,0.01124,1.128,,0.91,1783816181
All Pools,Psychic - IAmThatIAm,0.3,False,0.01124,47.33,,0.02,1783816181
All Pools,Psychic - SevenSevenSeven,0.3,False,0.01123,47.34,,0.02,1783816181
All Pools,Psychic - KatzJoel,0.3,False,0.01123,47.31,,0.02,1783816181
All Pools,Psychic - Lock,0.3,False,0.01122,47.32,,0.02,1783816181
All Pools,Psychic - WhoWho,0.3,False,0.01122,47.33,,0.02,1783816181
All Pools,Psychic - Thick,0.3,False,0.01122,47.32,,0.02,1783816181
All Pools,SatoshiNakamoto - Psychic,0.3,False,0.01122,47.33,,0.02,1783816181
All Pools,Psychic - Gematria,0.3,False,0.0112,47.33,,0.02,1783816181
All Pools,GRELF[ava] - AVAX,0.3,False,0.01117,899.41,,0.0,1783816181
All Pools,Line - BLACK,0.3,False,0.01117,1.068,,0.95,1783816181
All Pools,MUMO - USDC,0.3,False,0.01112,7.908,,0.13,1783816181
All Pools,CNR - USDt,0.3,False,0.0111,4.46,,0.23,1783816181
All Pools,Eye - BLACK,0.3,False,0.01109,1.231,,0.82,1783816181
All Pools,Artemis - BLACK,0.3,False,0.01107,1.245,,0.81,1783816181
All Pools,Thick - BLACK,0.3,False,0.01104,1.234,,0.82,1783816181
All Pools,Psychic - Diamonds,0.3,False,0.01104,49.18,,0.02,1783816181
All Pools,SatoshiNakamoto - BLACK,0.3,False,0.01103,1.23,,0.82,1783816181
All Pools,Gematria - BLACK,0.3,False,0.01099,1.234,,0.81,1783816181
All Pools,SevenSevenSeven - BLACK,0.3,False,0.01099,1.231,,0.81,1783816181
All Pools,USDC.e - SMRT,0.3,False,0.01098,1.822,,0.55,1783816181
All Pools,BLACK - Verse,0.3,False,0.01098,1.238,,0.81,1783816181
All Pools,KatzJoel - BLACK,0.3,False,0.01098,1.238,,0.81,1783816181
All Pools,BLACK - IAmThatIAm,0.3,False,0.01098,1.232,,0.81,1783816181
All Pools,Lock - BLACK,0.3,False,0.01097,1.236,,0.81,1783816181
All Pools,Time - BLACK,0.3,False,0.01097,1.232,,0.81,1783816181
All Pools,WhoWho - BLACK,0.3,False,0.01095,1.232,,0.81,1783816181
All Pools,TEST - USDT.e,0.3,False,0.01091,3.844,,0.26,1783816181
All Pools,Diamonds - BLACK,0.3,False,0.01083,1.276,,0.77,1783816181
All Pools,Psychic - Six,0.3,False,0.01071,47.34,,0.02,1783816181
All Pools,MIM - TEST,0.3,False,0.01066,0.5255,,1.85,1783816181
All Pools,NOCHILL - WAIFU,0.3,False,0.01054,146.76,,0.01,1783816181
All Pools,Six - BLACK,0.3,False,0.01054,1.229,,0.78,1783816181
All Pools,HUSKY - aXEN,0.3,False,0.01038,0.04356,,21.75,1783816181
All Pools,FINANCE - NOCHILL,0.3,False,0.01016,379.29,,0.0,1783816181
All Pools,TokenZ - USDC,0.3,False,0.00964,3.548,,0.25,1783816181
All Pools,BIRD - AVAX,0.3,False,0.00963,0.0097,,90.58,1783816181
All Pools,TokenZ - AVAX,0.3,False,0.00956,1.893,,0.46,1783816181
All Pools,USDC - WSPP,0.3,False,0.00953,41.93,,0.02,1783816181
All Pools,GOOD - GAINS,0.3,False,0.00948,2.818,,0.31,1783816181
All Pools,AVAX - WSPP,0.3,False,0.00948,2.313,,0.37,1783816181
All Pools,GOOD - AVAX,0.3,False,0.00942,106.18,,0.01,1783816181
All Pools,aAvaWAVAX - AVAX,0.3,False,0.00939,0.18806,,4.55,1783816181
All Pools,PNG - USDT.e,0.3,False,0.00908,0.78509,,1.06,1783816181
All Pools,WETH - AVAX,0.3,False,0.00907,0.9913,,0.83,1783816181
All Pools,AMPL - MIM,0.3,False,0.00888,0.47543,,1.71,1783816181
All Pools,XIO - USDC,0.3,False,0.00887,23.97,,0.03,1783816181
All Pools,LF - USDT.e,0.3,False,0.00884,0.99862,,0.81,1783816181
All Pools,XIO - AVAX,0.3,False,0.00883,2.319,,0.35,1783816181
All Pools,AVAX - USDR,0.3,False,0.00873,2.444,,0.33,1783816181
All Pools,WETH.e - USDR,0.3,False,0.0086,2.386,,0.33,1783816181
All Pools,Stolen - AVAX,0.3,False,0.00859,12.83,,0.06,1783816181
All Pools,BEAM - MU,0.3,False,0.00858,0.95015,,0.82,1783816181
All Pools,Stolen - BLACK,0.3,False,0.00854,2.927,,0.27,1783816181
All Pools,USDC - COSMIC,0.3,False,0.00854,53.83,,0.01,1783816181
All Pools,USDC.e - UST,0.3,False,0.00851,1.56,,0.5,1783816181
All Pools,AVAX - COSMIC,0.3,False,0.00847,1.043,,0.74,1783816181
All Pools,UST - UST,0.3,False,0.00818,1.492,,0.5,1783816181
All Pools,AVAX - JUICY,0.3,False,0.00817,2010.33,,,1783816181
All Pools,REDWOLF - GEC,0.3,False,0.008,3.305,,0.22,1783816181
All Pools,KOKSAL - USDC,0.3,False,0.00786,4.449,,0.16,1783816181
All Pools,KOKSAL - AVAX,0.3,False,0.00782,2.77,,0.26,1783816181
All Pools,AUSD - HUSKY,0.3,False,0.00766,0.45049,,1.55,1783816181
All Pools,SHERPA - AVAX,0.3,False,0.00757,94.16,,0.01,1783816181
All Pools,YEEHAW - AMI,0.3,False,0.00756,3.101,,0.22,1783816181
All Pools,XETA - AVAX,0.3,False,0.00738,0.18797,,3.58,1783816181
All Pools,VSO - AVAX,0.3,False,0.00734,70.47,,0.01,1783816181
All Pools,USDC - TT,0.3,False,0.0073,1.989,,0.33,1783816181
All Pools,AVAX - TT,0.3,False,0.00724,1.612,,0.41,1783816181
All Pools,DCAR - USDC,0.3,False,0.0072,55.91,,0.01,1783816181
All Pools,DCAR - AVAX,0.3,False,0.00714,0.92318,,0.71,1783816181
All Pools,DUA - USDC,0.3,False,0.0068,11.43,,0.05,1783816181
All Pools,AVAX - DUA,0.3,False,0.00676,1.721,,0.36,1783816181
All Pools,aAvaLINK - AVAX,0.3,False,0.00676,7.415,,0.08,1783816181
All Pools,aAvaLINK - LINK.e,0.3,False,0.00676,1.578,,0.39,1783816181
All Pools,WITCH - USDC,0.3,False,0.00669,1.552,,0.39,1783816181
All Pools,WITCH - AVAX,0.3,False,0.00664,2.097,,0.29,1783816181
All Pools,GAINS - BOBS,0.3,False,0.00649,1.74,,0.34,1783816181
All Pools,AVAX - BOBS,0.3,False,0.00646,3946.54,,,1783816181
All Pools,APOW - XPOW,0.3,False,0.00625,0.37023,,1.54,1783816181
All Pools,MAJIN - REDWOLF,0.3,False,0.0062,5.397,,0.1,1783816181
All Pools,KIMBO - UNIQOC,0.3,False,0.00584,0.43292,,1.23,1783816181
All Pools,NXPC - AVAX,0.3,False,0.00552,0.99252,,0.51,1783816181
All Pools,AVAX - Always,0.3,False,0.00521,0.52652,,0.9,1783816181
All Pools,HATCHY - SNOB,0.3,False,0.00477,0.31051,,1.4,1783816181
All Pools,FITFI - USDC,0.3,False,0.00473,0.17253,,2.5,1783816181
All Pools,WETH.e - MU,0.3,False,0.00464,1.763,,0.24,1783816181
All Pools,MU - KET,0.3,False,0.00462,0.95566,,0.44,1783816181
All Pools,BTC.b - WETH.e,0.3,False,0.00449,0.42936,,0.95,1783816181
All Pools,WINK - NOCHILL,0.3,False,0.00445,0.41214,,0.98,1783816181
All Pools,PTP - REDWOLF,0.3,False,0.0044,1.999,,0.2,1783816181
All Pools,WINK - AVAX,0.3,False,0.00439,42.26,,0.01,1783816181
All Pools,PTP - AVAX,0.3,False,0.00439,2548.41,,,1783816181
All Pools,WOLFI - AMI,0.3,False,0.00428,1.862,,0.21,1783816181
All Pools,USDC.e - GG,0.3,False,0.00386,0.38027,,0.93,1783816181
All Pools,AVAX - GG,0.3,False,0.00382,5.32,,0.07,1783816181
All Pools,WETH.e - ETHM,0.3,False,0.00353,0.4906,,0.66,1783816181
All Pools,ETHM - AVAX,0.3,False,0.00352,25.75,,0.01,1783816181
All Pools,NOCHILL - ARENA,0.3,False,0.00311,0.26214,,1.08,1783816181
All Pools,HIGHER - NOCHILL,0.3,False,0.00292,0.1965,,1.36,1783816181
All Pools,HIGHER - AVAX,0.3,False,0.00287,1.216,,0.22,1783816181
All Pools,USDC.e - XAVA,0.3,False,0.00274,0.34376,,0.73,1783816181
All Pools,WETH.e - SPELL,0.3,False,0.00255,0.21484,,1.08,1783816181
All Pools,OLIVE - AVAX,0.3,False,0.00255,0.00113,,206.11,1783816181
All Pools,USDC.e - NXUSD,0.3,False,0.00254,1.499,,0.15,1783816181
All Pools,AVAX - NXUSD,0.3,False,0.00251,0.37303,,0.61,1783816181
All Pools,TSD - USDT.e,0.3,False,0.00221,0.1749,,1.15,1783816181
All Pools,FITFI - USDC.e,0.3,False,0.00217,0.09254,,2.14,1783816181
All Pools,MIM - YAK,0.3,False,0.00208,0.16221,,1.17,1783816181
All Pools,SMOKA - AVAX,0.3,False,0.00188,0.25164,,0.68,1783816181
All Pools,MIM - SMOKA,0.3,False,0.00185,0.24336,,0.69,1783816181
All Pools,ZRX.e - USDC.e,0.3,False,0.00175,0.04255,,3.74,1783816181
All Pools,CHAMP - ARENA,0.3,False,0.00167,13.07,,0.01,1783816181
All Pools,AVME - AVAX,0.3,False,0.00151,0.00163,,84.21,1783816181
All Pools,AVAX - SantaGospel,0.3,False,0.0013,97.34,,0.0,1783816181
All Pools,WBTC.e - USDC,0.3,False,0.00127,0.18907,,0.61,1783816181
All Pools,BOI - AVAX,0.3,False,0.00119,36.72,,0.0,1783816181
All Pools,AVAX - MOOCH,0.3,False,0.00114,0.30197,,0.34,1783816181
All Pools,AAVE.e - MU,0.3,False,0.00104,0.04498,,2.11,1783816181
All Pools,WETH.e - STATIK,0.3,False,0.00103,0.9826,,0.1,1783816181
All Pools,AVAX - Lukhanyo,0.3,False,0.00101,7.807,,0.01,1783816181
All Pools,Gravity - Lukhanyo,0.3,False,0.001,1.514,,0.06,1783816181
All Pools,Gravity - BLACK,0.3,False,,0.25419,,0.35,1783816181
All Pools,BANKSY - AVAX,0.3,False,,0.15583,,0.5,1783816181
All Pools,BANKSY - USDT.e,0.3,False,,0.65865,,0.12,1783816181
All Pools,HUSKY - TRESR,0.3,False,,0.02143,,3.43,1783816181
All Pools,AAVE.e - BTCBR,0.3,False,,0.10127,,0.71,1783816181
All Pools,Trinity - ElvisJackpot,0.3,False,,1.838,,0.03,1783816181
All Pools,MaryMagdalene - BLACK,0.3,False,,0.01142,,4.21,1783816181
All Pools,WETH.e - MUi,0.3,False,,0.02308,,1.24,1783816181
All Pools,ORDER - AVAX,0.3,False,,0.06342,,0.23,1783816181
All Pools,MUi - WAIFU,0.3,False,,1.75,,0.01,1783816181
All Pools,WETH.e - JOE,0.3,False,,0.02524,,0.36,1783816181
All Pools,USDt - MU,0.3,False,,0.08195,,0.1,1783816181
All Pools,ALTD - AVAX,0.3,False,,1.014,,0.01,1783816181
All Pools,COQ - USDt,0.3,False,,0.04169,,0.13,1783816181
All Pools,WY - AVAX,0.3,False,,0.00806,,0.56,1783816181
All Pools,FATE - USDC,0.3,False,,465354.0,,,1783816181
All Pools,FUEL - AVAX,0.3,False,,0.04723,,0.0,1783816181
All Pools,[i]Lluminati - Chrism,0.3,False,0.0,0.0,0.0,0.0,1783816181
