filter,pool_name,fee_percent,has_rewards,volume_24h,liquidity,fees_24h,apr_24h,epoch_time
All Pools,AVAX - USDC,0.05,False,424358.0,434231.0,234.09,19.68,1785630664
All Pools,WBTC.e - BTC.b,0.03,False,83134.0,225236.0,25.01,4.05,1785630664
All Pools,sAVAX - AVAX,0.01,False,41927.0,59614.0,4.225,2.59,1785630664
All Pools,COQ - AVAX,0.3,False,31454.0,391050.0,78.64,7.34,1785630664
All Pools,DAI.e - USDC,0.02,False,28563.0,26894.0,7.777,10.55,1785630664
All Pools,FOLKS - AVAX,0.25,False,27579.0,35073.0,71.8,74.72,1785630664
All Pools,ARENA - AVAX,0.01,False,21849.0,175509.0,2.181,0.45,1785630664
All Pools,USDt - USDC,0.01,False,19182.0,163002.0,1.544,0.35,1785630664
All Pools,AVAX - USDT.e,0.3,False,19180.0,458230.0,47.95,3.82,1785630664
All Pools,AUSD - USDC,0.01,False,18816.0,53040.0,1.86,1.28,1785630664
All Pools,USDT.e - USDt,0.02,False,17923.0,44460.0,3.655,3.0,1785630664
All Pools,AVAX - USDt,0.2,False,16982.0,95421.0,34.62,13.24,1785630664
All Pools,USDT.e - USDC,0.02,False,14556.0,51088.0,3.381,2.42,1785630664
All Pools,AVAX - USDC,0.3,False,12722.0,337803.0,31.8,3.44,1785630664
All Pools,USDC.e - AVAX,0.3,False,12715.0,355873.0,31.79,3.26,1785630664
All Pools,USDt - USDC,0.005,False,12502.0,160141.0,0.90834,0.21,1785630664
All Pools,JOE - USDC.e,0.3,False,9806.73,242334.0,24.52,3.69,1785630664
All Pools,AAVE.e - AVAX,0.3,False,9049.86,247616.0,22.62,3.33,1785630664
All Pools,BTC.b - USDC,0.05,False,8811.31,564939.0,4.504,0.29,1785630664
All Pools,WETH.e - USDC,0.15,False,6831.51,9860.35,10.28,38.06,1785630664
All Pools,JOE - AVAX,0.3,False,5942.68,192681.0,14.86,2.81,1785630664
All Pools,USDC - XAVA,0.3,False,5037.53,415572.0,12.59,1.11,1785630664
All Pools,WETH.e - AVAX,0.3,False,4488.52,363837.0,11.22,1.13,1785630664
All Pools,USDC.e - USDC,0.02,False,4445.97,9720.85,0.44982,1.69,1785630664
All Pools,QI - AVAX,0.3,False,4364.58,114443.0,10.91,3.48,1785630664
All Pools,XAUt0 - USDt,0.04,False,4321.74,25779.0,2.067,2.93,1785630664
All Pools,AVAX - BTC.b,0.05,False,4160.55,25245.0,3.176,4.59,1785630664
All Pools,WBTC.e - AVAX,0.3,False,3309.2,127446.0,8.273,2.37,1785630664
All Pools,NXUSD - WXT,0.3,False,2855.79,432446.0,7.139,0.6,1785630664
All Pools,DAI.e - USDC,0.02,False,2472.52,2301.47,0.64237,10.19,1785630664
All Pools,MIM - AVAX,0.3,False,2271.77,125496.0,5.679,1.65,1785630664
All Pools,gOHM - AVAX,0.3,False,2191.24,123537.0,5.478,1.62,1785630664
All Pools,NOCHILL - AVAX,0.3,False,2064.97,46913.0,5.162,4.02,1785630664
All Pools,BTC.b - AVAX,0.3,False,2024.33,104291.0,5.061,1.77,1785630664
All Pools,XAVA - AVAX,0.8,False,2012.63,123210.0,16.41,4.86,1785630664
All Pools,USDt - AVAX,0.3,False,1513.77,37640.0,3.784,3.67,1785630664
All Pools,NXPC - USDC,0.8,False,1508.0,557.28,12.22,800.25,1785630664
All Pools,BEAM - USDC,0.3,False,1409.29,63197.0,3.523,2.03,1785630664
All Pools,JOE - USDT.e,0.3,False,1396.93,48579.0,3.492,2.62,1785630664
All Pools,JPYC - USDC,0.04,False,1209.73,3371.36,0.60847,6.59,1785630664
All Pools,ORNG - AVAX,0.3,False,1194.64,16252.0,2.987,6.71,1785630664
All Pools,XAVA - USDC,0.8,False,1174.97,152102.0,9.406,2.26,1785630664
All Pools,SYN - AVAX,0.3,False,1138.15,3045.51,2.845,34.1,1785630664
All Pools,USDC.e - USDC,0.02,False,1108.61,3891.1,0.22237,2.09,1785630664
All Pools,AUSD - USDt,0.01,False,1068.91,53825.0,0.13386,0.09,1785630664
All Pools,USDt - ncash,0.3,False,1029.3,664.76,2.573,141.29,1785630664
All Pools,BEAM - AVAX,0.25,False,897.8,13355.0,2.288,6.25,1785630664
All Pools,ALOT - AVAX,0.3,False,786.32,399.71,1.966,179.51,1785630664
All Pools,SOL - USDC,0.1,False,657.71,169.27,3.134,675.83,1785630664
All Pools,JOE - USDC,0.3,False,647.16,22050.0,1.618,2.68,1785630664
All Pools,USDC.e - USDC,0.02,False,599.31,1947.74,0.12151,2.28,1785630664
All Pools,MUON - AVAX,0.3,False,568.13,37301.0,1.42,1.39,1785630664
All Pools,AVAX - DAI.e,0.3,False,555.57,27796.0,1.389,1.82,1785630664
All Pools,XSGD - USDC,0.05,False,532.37,2087.5,0.29648,5.18,1785630664
All Pools,XAVA - AVAX,0.25,False,520.01,2220.5,1.315,21.62,1785630664
All Pools,GUN - AVAX,0.25,False,474.04,7982.39,1.211,5.54,1785630664
All Pools,KIMBO - AVAX,0.3,False,448.22,36907.0,1.121,1.11,1785630664
All Pools,LINK.e - AVAX,0.3,False,446.12,37740.0,1.115,1.08,1785630664
All Pools,SB - AVAX,0.3,False,442.7,5814.81,1.107,6.95,1785630664
All Pools,SOL - USDC,0.3,False,427.62,20.55,1.069,1899.25,1785630664
All Pools,SolvBTC - BTC.b,0.04,False,425.45,173887.0,0.15266,0.03,1785630664
All Pools,USDT.e - USDC,0.02,False,422.7,897.95,0.04888,1.99,1785630664
All Pools,YEEHAW - CHAMP,0.3,False,412.22,940.56,1.031,39.99,1785630664
All Pools,BIG - AVAX,0.0,False,400.36,158.49,0.0,0.0,1785630664
All Pools,HUNDRED - USDC,0.3,False,398.18,481071.0,0.99545,0.08,1785630664
All Pools,EURC - USDC,0.03,False,397.79,10324.0,0.105,0.37,1785630664
All Pools,CHAMP - ARENA,0.3,False,386.69,16.47,0.96672,2142.24,1785630664
All Pools,WOLF - AVAX,0.3,False,334.65,24985.0,0.83663,1.22,1785630664
All Pools,GMX - AVAX,0.3,False,301.19,3789.11,0.75299,7.25,1785630664
All Pools,QI - AVAX,0.25,False,288.27,8357.15,0.7283,3.18,1785630664
All Pools,AVAX - JUICE,0.3,False,276.22,9816.18,0.69054,2.57,1785630664
All Pools,ZRO - AVAX,0.25,False,267.48,1465.61,0.68928,17.17,1785630664
All Pools,AI - AVAX,0.3,False,264.45,3007.05,0.66113,8.02,1785630664
All Pools,AVAX - GEC,0.3,False,228.21,24252.0,0.57052,0.86,1785630664
All Pools,HEFE - AVAX,0.3,False,226.6,26646.0,0.5665,0.78,1785630664
All Pools,PRIME - AVAX,0.4,False,212.01,92605.0,3.185,1.26,1785630664
All Pools,KLO - AVAX,0.3,False,206.2,6569.75,0.51549,2.86,1785630664
All Pools,COQ - COQAI,0.3,False,203.08,18511.0,0.50769,1.0,1785630664
All Pools,AVAX - XAVA,0.3,False,160.04,10667.0,0.40009,1.37,1785630664
All Pools,w3ULL - AVAX,0.3,False,147.62,45811.0,0.36906,0.29,1785630664
All Pools,DAI.e - USDt,0.25,False,146.74,20508.0,0.34042,0.61,1785630664
All Pools,WTHT - USDC,0.8,False,131.94,186.17,1.971,386.5,1785630664
All Pools,STG - AVAX,0.3,False,106.6,923.73,0.26649,10.53,1785630664
All Pools,ISA - AVAX,0.3,False,99.14,15815.0,0.24785,0.57,1785630664
All Pools,STG - USDC,0.3,False,96.38,1131.39,0.24095,7.77,1785630664
All Pools,UST - AVAX,0.3,False,90.0,5352.39,0.225,1.53,1785630664
All Pools,BLSEYE🎯 - AVAX,0.3,False,88.53,4491.37,0.22132,1.8,1785630664
All Pools,MIM - SB,0.3,False,85.62,1549.82,0.21406,5.04,1785630664
All Pools,WETH.e - USDC.e,0.3,False,83.49,10980.0,0.20872,0.69,1785630664
All Pools,AVAX - TOPIA,0.3,False,81.87,1488.85,0.20468,5.02,1785630664
All Pools,GGP - AVAX,0.3,False,79.55,15455.0,0.19888,0.47,1785630664
All Pools,FLD - AVAX,0.3,False,76.67,34495.0,0.19168,0.2,1785630664
All Pools,JEWEL - USDC,0.3,False,72.67,3890.62,0.18168,1.7,1785630664
All Pools,gOHM - FRAX,0.3,False,67.76,3415.72,0.1694,1.81,1785630664
All Pools,SHRAP - AVAX,0.8,False,55.05,7512.34,0.44375,2.16,1785630664
All Pools,XPOW - AVAX,0.3,False,54.52,1097.26,0.1363,4.53,1785630664
All Pools,MEAT - AVAX,0.3,False,52.77,2726.75,0.13192,1.77,1785630664
All Pools,AVAX - DOMI,0.3,False,52.74,10071.0,0.13184,0.48,1785630664
All Pools,XSEED - AVAX,0.3,False,51.08,7389.71,0.12769,0.63,1785630664
All Pools,WBTC - BTC.b,0.03,False,49.6,66578.0,0.01689,0.01,1785630664
All Pools,SWORLD - AVAX,0.3,False,49.09,2087.53,0.12272,2.15,1785630664
All Pools,USDV - AVAX,0.25,False,46.03,2471.23,0.56044,8.28,1785630664
All Pools,GURS - AVAX,0.3,False,44.12,4931.05,0.11029,0.82,1785630664
All Pools,BLSEYE🎯 - ARENA,0.3,False,40.99,1104.86,0.10249,3.39,1785630664
All Pools,APOW - AVAX,0.3,False,39.56,1550.48,0.0989,2.33,1785630664
All Pools,AVAX - UST,0.3,False,39.3,6306.8,0.09826,0.57,1785630664
All Pools,HOWDY - USDC,0.3,False,37.67,3039.09,0.09419,1.13,1785630664
All Pools,ROCO - AVAX,0.3,False,37.12,1295.82,0.09279,2.61,1785630664
All Pools,YAK - AVAX,0.3,False,36.85,2269.37,0.09213,1.48,1785630664
All Pools,AVAX - aXEN,0.3,False,36.83,141.34,0.09208,23.78,1785630664
All Pools,AVAX - HOOF,0.3,False,36.19,1542.32,0.09047,2.14,1785630664
All Pools,APOW - XPOW,0.3,False,35.63,1346.22,0.08908,2.42,1785630664
All Pools,FITFI - USDT.e,0.3,False,34.18,67.47,0.08545,46.22,1785630664
All Pools,Psychic - AVAX,0.3,False,33.82,850.97,0.08455,3.63,1785630664
All Pools,TECH - AVAX,0.3,False,31.49,8529.7,0.07872,0.34,1785630664
All Pools,AVAX - AMI,0.3,False,30.88,357.21,0.0772,7.89,1785630664
All Pools,HOWDY - AVAX,0.3,False,29.44,6581.09,0.0736,0.41,1785630664
All Pools,XPOW - AVAX,0.8,False,24.53,387.35,0.20095,18.94,1785630664
All Pools,ROY - AVAX,0.3,False,22.34,3621.54,0.05585,0.56,1785630664
All Pools,HERESY - AVAX,0.3,False,21.98,13818.0,0.05495,0.15,1785630664
All Pools,ISA - USDC.e,0.3,False,21.9,1384.04,0.05476,1.44,1785630664
All Pools,BTC.b - TOPIA,0.3,False,20.61,524.51,0.05153,3.59,1785630664
All Pools,USDV - AVAX,0.8,False,19.99,1.814,0.18137,3649.16,1785630664
All Pools,APIX - ARENA,0.3,False,19.95,18.74,0.04988,97.17,1785630664
All Pools,Psychic - XAUt0,0.3,False,19.79,5702.86,0.04948,0.32,1785630664
All Pools,BNB - AVAX,0.3,False,18.79,2737.88,0.04697,0.63,1785630664
All Pools,MIM - USDT.e,0.3,False,18.0,1064.93,0.045,1.54,1785630664
All Pools,PNG - AVAX,0.3,False,16.08,770.74,0.04019,1.9,1785630664
All Pools,COQ - AVAX,0.8,False,15.8,2879.89,0.13658,1.73,1785630664
All Pools,SECOND - USDC,0.3,False,15.7,6883.02,0.03924,0.21,1785630664
All Pools,SECOND - AVAX,0.3,False,15.67,1393.97,0.03917,1.03,1785630664
All Pools,ABC - AVAX,0.3,False,14.91,407.03,0.03727,3.34,1785630664
All Pools,HOWDY - AMI,0.3,False,14.61,1357.8,0.03651,0.98,1785630664
All Pools,LF - AVAX,0.3,False,14.39,233.13,0.03596,5.63,1785630664
All Pools,RGOGLZ - USDC,0.3,False,14.35,1291.3,0.03586,1.01,1785630664
All Pools,USDt - USDC,0.02,False,13.75,2234.52,0.00275,0.04,1785630664
All Pools,USDt - INFRA.e,0.3,False,13.73,24301.0,0.03432,0.05,1785630664
All Pools,USDt - USDC,0.0,False,13.07,14.95,0.0,0.0,1785630664
All Pools,APIX - USDt,0.3,False,12.34,41.02,0.03084,27.44,1785630664
All Pools,YEEHAW - HOWDY,0.3,False,12.03,7042.97,0.03006,0.16,1785630664
All Pools,OSAK - AVAX,0.3,False,11.24,3101.34,0.02809,0.33,1785630664
All Pools,AVAX - FRAX,0.3,False,11.16,647.93,0.02791,1.57,1785630664
All Pools,APIX - ID,0.3,False,11.16,88.27,0.0279,11.54,1785630664
All Pools,CHAMP - AMI,0.3,False,11.03,26.94,0.02757,37.36,1785630664
All Pools,MIM - USDC.e,0.3,False,10.98,541.92,0.02745,1.85,1785630664
All Pools,DGLD - AVAX,0.1,False,10.53,635.13,0.01054,0.61,1785630664
All Pools,DCAU - USDT.e,0.3,False,10.43,4972.94,0.02607,0.19,1785630664
All Pools,YUSD - AVAX,0.3,False,10.15,114.1,0.02538,8.12,1785630664
All Pools,DCAU - AVAX,0.3,False,9.032,978.23,0.02258,0.84,1785630664
All Pools,Gladiator - ARENA,0.3,False,8.561,472.83,0.0214,1.65,1785630664
All Pools,USV - DAI.e,0.3,False,8.342,3972.71,0.02086,0.19,1785630664
All Pools,Gladiator - USDC,0.3,False,8.222,305.26,0.02056,2.46,1785630664
All Pools,VPND - AVAX,0.3,False,8.221,17453.0,0.02055,0.04,1785630664
All Pools,GB - AVAX,0.3,False,7.854,1705.54,0.01964,0.42,1785630664
All Pools,SPORE - USDC,0.3,False,7.746,1352.24,0.01937,0.52,1785630664
All Pools,HUSKY - AVAX,0.3,False,7.671,2022.63,0.01918,0.35,1785630664
All Pools,ABC - HOWDY,0.3,False,7.67,437.21,0.01917,1.6,1785630664
All Pools,AVAX - FRAX,0.3,False,7.651,198.37,0.01913,3.52,1785630664
All Pools,BUSD - AVAX,0.3,False,6.589,313.68,0.01647,1.92,1785630664
All Pools,APIX - USDC,0.3,False,6.581,19.99,0.01645,30.03,1785630664
All Pools,HATCHY - AVAX,0.3,False,6.459,5999.97,0.01615,0.1,1785630664
All Pools,AVAX - ELK,0.3,False,6.436,1244.23,0.01609,0.47,1785630664
All Pools,COQ - BLSEYE🎯,0.3,False,6.14,149.8,0.01535,3.74,1785630664
All Pools,MIM - LF,0.3,False,6.027,233.99,0.01507,2.35,1785630664
All Pools,GUN - BLSEYE🎯,0.3,False,5.992,385.3,0.01498,1.42,1785630664
All Pools,EGG - AVAX,0.3,False,5.861,15062.0,0.01465,0.04,1785630664
All Pools,3QF - D - AVAX,0.3,False,5.215,1266.21,0.01304,0.38,1785630664
All Pools,3QF - D - WETH.e,0.3,False,5.203,2413.24,0.01301,0.2,1785630664
All Pools,BRO - AVAX,0.3,False,5.171,94480.0,0.01293,0.0,1785630664
All Pools,AVAX - PEFI,0.3,False,5.16,3069.36,0.0129,0.15,1785630664
All Pools,BRO - COQ,0.3,False,5.146,131.36,0.01287,3.57,1785630664
All Pools,USDV - REDWOLF,0.3,False,4.787,15.92,0.01197,27.45,1785630664
All Pools,REDWOLF - AVAX,0.3,False,4.758,371.19,0.0119,1.17,1785630664
All Pools,MaryMagdalene - AVAX,0.3,False,4.706,166.65,0.01176,2.58,1785630664
All Pools,USDC.e - WXT,0.3,False,4.568,182.12,0.01142,2.29,1785630664
All Pools,USDC - SOCK,0.3,False,4.543,407.26,0.01136,1.02,1785630664
All Pools,AVAX - SOCK,0.3,False,4.542,2286.83,0.01136,0.18,1785630664
All Pools,Now - AVAX,0.3,False,4.443,180.61,0.01111,2.24,1785630664
All Pools,ORNG - MOOM,0.3,False,4.413,184.88,0.01103,2.18,1785630664
All Pools,AVAX - NaughtiusMaximus,0.3,False,4.374,322.38,0.01093,1.24,1785630664
All Pools,BEAM - AVAX,0.3,False,4.37,354.98,0.01093,1.12,1785630664
All Pools,XROSS - ORNG,0.3,False,4.363,229.8,0.01091,1.73,1785630664
All Pools,PTOP900 - TOPIA,0.3,False,3.982,158.91,0.00996,2.29,1785630664
All Pools,AVAX - AKITAX,0.3,False,3.969,380.13,0.00992,0.95,1785630664
All Pools,DATCM - ORNG,0.3,False,3.937,226.71,0.00984,1.58,1785630664
All Pools,MYST - AVAX,0.3,False,3.818,576.09,0.00954,0.6,1785630664
All Pools,USDC.e - MU,0.3,False,3.569,13157.0,0.00892,0.02,1785630664
All Pools,avUSD - sAVAX,0.3,False,3.439,197.18,0.0086,1.59,1785630664
All Pools,ORNG - JUCI,0.3,False,3.397,237.56,0.00849,1.3,1785630664
All Pools,AVAX - ARENA,0.3,False,3.373,70.2,0.00843,4.38,1785630664
All Pools,USDt - USDT.e,0.3,False,3.209,20446.0,0.00802,0.01,1785630664
All Pools,FITFI - AVAX,0.3,False,3.044,5.863,0.00761,47.38,1785630664
All Pools,GUN - AVAX,0.3,False,3.038,165.07,0.00759,1.68,1785630664
All Pools,MaryMagdalene - XAUt0,0.3,False,2.975,1636.56,0.00744,0.17,1785630664
All Pools,Balln - AVAX,0.3,False,2.97,4075.73,0.00742,0.07,1785630664
All Pools,AVAX - ChristMark,0.3,False,2.947,261.35,0.00737,1.03,1785630664
All Pools,MIM - WETH.e,0.3,False,2.891,350.91,0.00723,0.75,1785630664
All Pools,LINK.e - USDT.e,0.3,False,2.861,220.39,0.00715,1.18,1785630664
All Pools,XAUt0 - NaughtiusMaximus,0.3,False,2.839,873.27,0.0071,0.3,1785630664
All Pools,MOO - AVAX,0.3,False,2.789,513.8,0.00697,0.5,1785630664
All Pools,REDWOLF - USDC,0.3,False,2.706,182.9,0.00677,1.35,1785630664
All Pools,ORNG - FLUX,0.3,False,2.704,105.11,0.00676,2.35,1785630664
All Pools,XAUt0 - Now,0.3,False,2.658,548.74,0.00665,0.44,1785630664
All Pools,UST - USDC,0.3,False,2.636,411.61,0.00659,0.58,1785630664
All Pools,HOST - DAI.e,0.3,False,2.6,2495.01,0.0065,0.1,1785630664
All Pools,ORNG - SAI,0.3,False,2.591,107.03,0.00648,2.21,1785630664
All Pools,Gravity - AVAX,0.3,False,2.568,230.88,0.00642,1.02,1785630664
All Pools,APOW - AVAX,0.3,False,2.546,816.38,0.00637,0.28,1785630664
All Pools,BLSEYE🎯 - BEAM,0.3,False,2.544,269.66,0.00636,0.86,1785630664
All Pools,DPS - USDC,0.3,False,2.443,1807.37,0.00611,0.12,1785630664
All Pools,DPS - AVAX,0.3,False,2.434,178.05,0.00609,1.25,1785630664
All Pools,JOE - USDT,0.3,False,2.332,251.24,0.00583,0.85,1785630664
All Pools,XAUt0 - ChristMark,0.3,False,2.293,578.36,0.00573,0.36,1785630664
All Pools,Trinity - AVAX,0.3,False,2.263,699.73,0.00566,0.3,1785630664
All Pools,MYST - USDC,0.3,False,2.254,197.5,0.00563,1.04,1785630664
All Pools,LINK.e - USDC.e,0.3,False,2.242,183.15,0.0056,1.12,1785630664
All Pools,USDC - aXEN,0.3,False,2.241,7.812,0.0056,26.18,1785630664
All Pools,sAVAX - COQ,0.3,False,2.227,60.33,0.00557,3.37,1785630664
All Pools,LUNA - USDC.e,0.3,False,2.187,308.63,0.00547,0.65,1785630664
All Pools,L - Swing - aXEN,0.3,False,2.148,42.51,0.00537,4.61,1785630664
All Pools,AVAX - RPG,0.3,False,2.13,26.22,0.00532,7.41,1785630664
All Pools,HOTEMIN - USDC,0.3,False,2.118,14533.0,0.00529,0.01,1785630664
All Pools,UST - USDC.e,0.3,False,2.117,631.05,0.00529,0.31,1785630664
All Pools,FXS - AVAX,0.3,False,2.107,281.11,0.00527,0.68,1785630664
All Pools,YEEHAW - TOPIA,0.3,False,2.095,131.5,0.00524,1.45,1785630664
All Pools,AVAX - USDT,0.3,False,2.031,1614.34,0.00508,0.11,1785630664
All Pools,L - Swing - AVAX,0.3,False,2.012,100.67,0.00503,1.82,1785630664
All Pools,USDT.e - CLY,0.3,False,2.002,174.85,0.005,1.04,1785630664
All Pools,YOU - ORNG,0.3,False,1.973,1329.25,0.00493,0.14,1785630664
All Pools,HOWDY - USDt,0.3,False,1.97,178.68,0.00493,1.01,1785630664
All Pools,KINGSHIT - AVAX,0.3,False,1.963,3448.34,0.00491,0.05,1785630664
All Pools,SWIFT - AVAX,0.3,False,1.957,229.11,0.00489,0.78,1785630664
All Pools,AVAX - CLY,0.3,False,1.921,20662.0,0.0048,0.01,1785630664
All Pools,YAK - USDC.e,0.3,False,1.851,148.29,0.00463,1.14,1785630664
All Pools,USDC.e - AVVO,0.3,False,1.84,221.82,0.0046,0.76,1785630664
All Pools,XAUt0 - Gravity,0.3,False,1.814,310.29,0.00454,0.53,1785630664
All Pools,Trinity - Psychic,0.3,False,1.794,387.83,0.00449,0.42,1785630664
All Pools,AAVE.e - REDWOLF,0.3,False,1.721,143.94,0.0043,1.09,1785630664
All Pools,ZRO - AVAX,0.3,False,1.625,119.96,0.00406,1.24,1785630664
All Pools,AMI - TOPIA,0.3,False,1.622,182.75,0.00405,0.81,1785630664
All Pools,SWIFT - USDC.e,0.3,False,1.596,485.44,0.00399,0.3,1785630664
All Pools,APOW - USDC,0.3,False,1.581,155.31,0.00395,0.93,1785630664
All Pools,AVAX - ONION,0.3,False,1.553,144.19,0.00388,0.98,1785630664
All Pools,USDT.e - ONION,0.3,False,1.44,739.94,0.0036,0.18,1785630664
All Pools,BTC.b - oXAUT,0.3,False,1.425,305.33,0.00356,0.43,1785630664
All Pools,oXAUT - AVAX,0.3,False,1.417,391.29,0.00354,0.33,1785630664
All Pools,APOW - USDt,0.3,False,1.416,155.08,0.00354,0.83,1785630664
All Pools,AVAX - MU,0.3,False,1.415,72.13,0.00354,1.79,1785630664
All Pools,MAGICK - AVAX,0.3,False,1.409,270.84,0.00352,0.47,1785630664
All Pools,MAGICK - USDC,0.3,False,1.403,223.02,0.00351,0.57,1785630664
All Pools,FEED - AVAX,0.3,False,1.377,5576.61,0.00344,0.02,1785630664
All Pools,SMRTr - AVAX,0.3,False,1.317,24428.0,0.00329,0.0,1785630664
All Pools,SMRTr - USDC.e,0.3,False,1.31,101.78,0.00327,1.17,1785630664
All Pools,BANKSY - USDT.e,0.3,False,1.303,1511.76,0.00326,0.08,1785630664
All Pools,BANKSY - AVAX,0.3,False,1.296,138.74,0.00324,0.85,1785630664
All Pools,PNG - JOE,0.3,False,1.289,107.39,0.00322,1.1,1785630664
All Pools,DREGG - USDT.e,0.3,False,1.172,510.43,0.00293,0.21,1785630664
All Pools,HOWDY - ARENA,0.3,False,1.172,48.29,0.00293,2.21,1785630664
All Pools,DREGG - AVAX,0.3,False,1.167,141.76,0.00292,0.75,1785630664
All Pools,AVAX - AVVO,0.3,False,1.143,220.87,0.00286,0.47,1785630664
All Pools,STOMB - AVAX,0.3,False,1.106,4845.93,0.00277,0.02,1785630664
All Pools,SYN - REDWOLF,0.3,False,1.049,3.091,0.00262,30.98,1785630664
All Pools,AVAX - IMPACT2,0.3,False,1.006,137.31,0.00252,0.67,1785630664
All Pools,Psychic - BLACK,0.3,False,1.004,219.42,0.00251,0.42,1785630664
All Pools,AVAX - SMRT,0.3,False,0.96889,1554.97,0.00242,0.06,1785630664
All Pools,USDT.e - SMRT,0.3,False,0.95867,86.11,0.0024,1.02,1785630664
All Pools,HOST - AVAX,0.3,False,0.94904,86.51,0.00237,1.0,1785630664
All Pools,USDC.e - DAI.e,0.3,False,0.93882,22166.0,0.00235,0.0,1785630664
All Pools,YEEHAW - BTC.b,0.3,False,0.93295,50.8,0.00233,1.68,1785630664
All Pools,KIWI - USDC,0.3,False,0.92726,297.57,0.00232,0.28,1785630664
All Pools,BLUB - AVAX,0.3,False,0.92384,10975.0,0.00231,0.01,1785630664
All Pools,UNIQOC - AVAX,0.3,False,0.91624,765.93,0.00229,0.11,1785630664
All Pools,aDXN - aXEN,0.3,False,0.9079,4.709,0.00227,17.59,1785630664
All Pools,KIWI - AVAX,0.3,False,0.90435,91.83,0.00226,0.9,1785630664
All Pools,UNIQOC - COQ,0.3,False,0.90084,34.34,0.00225,2.39,1785630664
All Pools,AVAX - Enigma404,0.3,False,0.88714,1252.58,0.00222,0.06,1785630664
All Pools,USDC.e - sSB,0.3,False,0.87468,812.15,0.00219,0.1,1785630664
All Pools,aDXN - AVAX,0.3,False,0.86749,54.49,0.00217,1.45,1785630664
All Pools,LUNA - AVAX,0.3,False,0.84815,111.46,0.00212,0.69,1785630664
All Pools,AVAX - EROL,0.0,False,0.8458,52.55,0.0,0.0,1785630664
All Pools,Psychic - Meaning,0.3,False,0.83669,225.92,0.00209,0.34,1785630664
All Pools,APOW - USDC,0.3,False,0.83305,25.62,0.00208,2.97,1785630664
All Pools,Meaning - AVAX,0.3,False,0.83008,310.43,0.00208,0.24,1785630664
All Pools,APOW - USDt,0.3,False,0.81966,25.66,0.00205,2.92,1785630664
All Pools,JOE - KRW,0.3,False,0.81025,131.52,0.00203,0.56,1785630664
All Pools,KRW - AVAX,0.3,False,0.80765,292.67,0.00202,0.25,1785630664
All Pools,NaughtiusMaximus - Seventeen,0.3,False,0.80054,651.42,0.002,0.11,1785630664
All Pools,AVAX - Seventeen,0.3,False,0.79695,195.72,0.00199,0.37,1785630664
All Pools,ZUBAX - USDT.e,0.3,False,0.78517,171.5,0.00196,0.42,1785630664
All Pools,AVAX - ZUBAX,0.3,False,0.7638,89.49,0.00191,0.78,1785630664
All Pools,COQ - OSAK,0.3,False,0.75921,17.34,0.0019,4.0,1785630664
All Pools,SYMBIOT - AVAX,0.3,False,0.73083,73.02,0.00183,0.91,1785630664
All Pools,ACS - AVAX,0.3,False,0.72945,162.41,0.00182,0.41,1785630664
All Pools,$Td - AVAX,0.3,False,0.72898,3373.03,0.00182,0.02,1785630664
All Pools,gOHM - SB,0.3,False,0.72443,16.76,0.00181,3.94,1785630664
All Pools,Psychic - Ducks,0.3,False,0.72379,231.76,0.00181,0.28,1785630664
All Pools,Ducks - AVAX,0.3,False,0.72148,199.43,0.0018,0.33,1785630664
All Pools,NOCHILL - OX,0.3,False,0.71272,10264.0,0.00178,0.01,1785630664
All Pools,SLIME - AVAX,0.3,False,0.70794,14349.0,0.00177,0.0,1785630664
All Pools,COQ - JUICE,0.3,False,0.70725,28.03,0.00177,2.3,1785630664
All Pools,MAXI - DAI.e,0.3,False,0.70629,221.24,0.00177,0.29,1785630664
All Pools,HUSKY - AMI,0.3,False,0.69767,44.74,0.00174,1.42,1785630664
All Pools,SYMBIOT - DAI.e,0.3,False,0.6863,441.67,0.00172,0.14,1785630664
All Pools,DCAU - USDC,0.3,False,0.66921,142.1,0.00167,0.43,1785630664
All Pools,GENI - USDC,0.3,False,0.65267,1100.17,0.00163,0.05,1785630664
All Pools,GENI - AVAX,0.3,False,0.64938,45.63,0.00162,1.3,1785630664
All Pools,Psychic - BlackAndGold,0.3,False,0.64413,231.45,0.00161,0.25,1785630664
All Pools,Psychic - MeaningOfNumbers,0.3,False,0.64234,231.63,0.00161,0.25,1785630664
All Pools,AVAX - BlackAndGold,0.3,False,0.64214,200.48,0.00161,0.29,1785630664
All Pools,AVAX - MeaningOfNumbers,0.3,False,0.63753,199.27,0.00159,0.29,1785630664
All Pools,COQ - OX,0.3,False,0.63572,11809.0,0.00159,0.0,1785630664
All Pools,KALM - USDC,0.3,False,0.62764,76.31,0.00157,0.75,1785630664
All Pools,KALM - AVAX,0.3,False,0.62455,93.83,0.00156,0.61,1785630664
All Pools,WETH - USDC.e,0.3,False,0.61227,203.44,0.00153,0.27,1785630664
All Pools,BTC.b - IMPACT2,0.3,False,0.61149,1410.04,0.00153,0.04,1785630664
All Pools,TSD - AVAX,0.3,False,0.61087,149.89,0.00153,0.37,1785630664
All Pools,HUSKY - JOE,0.3,False,0.608,87.23,0.00152,0.64,1785630664
All Pools,ALOT - USDC.e,0.3,False,0.60247,4.563,0.00151,12.05,1785630664
All Pools,FollowTheWhiteRabbit - AVAX,0.3,False,0.59939,111.41,0.0015,0.49,1785630664
All Pools,Psychic - Serpentarius,0.3,False,0.5933,234.36,0.00148,0.23,1785630664
All Pools,AVAX - SPELL,0.3,False,0.59282,1398.6,0.00148,0.04,1785630664
All Pools,Serpentarius - AVAX,0.3,False,0.58916,202.43,0.00147,0.27,1785630664
All Pools,Psychic - AftermathsKobe,0.3,False,0.58194,235.33,0.00145,0.23,1785630664
All Pools,AftermathsKobe - AVAX,0.3,False,0.57942,202.53,0.00145,0.26,1785630664
All Pools,WETH.e - USDT.e,0.3,False,0.57106,149.28,0.00143,0.35,1785630664
All Pools,AVAX - TheGospelOfMary,0.3,False,0.56987,110.44,0.00142,0.47,1785630664
All Pools,Psychic - NeatestQuackery,0.3,False,0.569,231.64,0.00142,0.22,1785630664
All Pools,NeatestQuackery - AVAX,0.3,False,0.56713,199.08,0.00142,0.26,1785630664
All Pools,50 - USDC,0.3,False,0.54882,111.25,0.00137,0.45,1785630664
All Pools,50 - AVAX,0.3,False,0.54622,58.09,0.00137,0.86,1785630664
All Pools,LUNA - USDC.e,0.3,False,0.54526,600.8,0.00136,0.08,1785630664
All Pools,Psychic - Prometheus,0.3,False,0.54407,225.08,0.00136,0.22,1785630664
All Pools,Matter - AVAX,0.3,False,0.54241,53.46,0.00136,0.93,1785630664
All Pools,AVAX - Prometheus,0.3,False,0.54041,194.53,0.00135,0.25,1785630664
All Pools,WETH.e - ONION,0.3,False,0.53206,233.26,0.00133,0.21,1785630664
All Pools,Psychic - All,0.3,False,0.52506,232.18,0.00131,0.21,1785630664
All Pools,AVAX - All,0.3,False,0.52248,201.24,0.00131,0.24,1785630664
All Pools,CGS - AVAX,0.3,False,0.52,51.58,0.0013,0.92,1785630664
All Pools,CGS - USDC.e,0.3,False,0.51748,149.17,0.00129,0.32,1785630664
All Pools,Now - BLACK,0.3,False,0.50982,196.5,0.00127,0.24,1785630664
All Pools,Orange - Now,0.3,False,0.50863,440.14,0.00127,0.11,1785630664
All Pools,Psychic - Xmas,0.3,False,0.50499,216.91,0.00126,0.21,1785630664
All Pools,MaryMagdalene - TheGospelOfMary,0.3,False,0.50402,204.14,0.00126,0.23,1785630664
All Pools,Psychic - Hopi,0.3,False,0.50224,204.72,0.00126,0.22,1785630664
All Pools,Xmas - AVAX,0.3,False,0.50169,187.1,0.00125,0.24,1785630664
All Pools,Hopi - AVAX,0.3,False,0.49854,146.44,0.00125,0.31,1785630664
All Pools,DAI.e - ONION,0.3,False,0.497,330.29,0.00124,0.14,1785630664
All Pools,XPOW - AVAX,0.3,False,0.49298,242.57,0.00123,0.19,1785630664
All Pools,MaryMagdalene - FollowTheWhiteRabbit,0.3,False,0.48806,151.29,0.00122,0.29,1785630664
All Pools,Psychic - DogL,0.3,False,0.48713,231.31,0.00122,0.19,1785630664
All Pools,DogL - AVAX,0.3,False,0.48418,200.26,0.00121,0.22,1785630664
All Pools,BTC.b - REDWOLF,0.3,False,0.46951,95.84,0.00117,0.45,1785630664
All Pools,SYN - USDC.e,0.3,False,0.46923,1.613,0.00117,26.54,1785630664
All Pools,XPOW - APOW,0.3,False,0.46469,211.64,0.00116,0.2,1785630664
All Pools,USDC - SDOG,0.3,False,0.46092,346.57,0.00115,0.12,1785630664
All Pools,STATIK - AVAX,0.3,False,0.46021,28.84,0.00115,1.46,1785630664
All Pools,Psychic - DiamondbackGall,0.3,False,0.45686,231.11,0.00114,0.18,1785630664
All Pools,Trinity - Gravity,0.3,False,0.45686,1664.57,0.00114,0.03,1785630664
All Pools,MEOW - AVAX,0.3,False,0.45472,7304.36,0.00114,0.01,1785630664
All Pools,DiamondbackGall - AVAX,0.3,False,0.45423,200.1,0.00114,0.21,1785630664
All Pools,AVAX - EROL,0.3,False,0.44862,28.18,0.00112,1.45,1785630664
All Pools,AVAX - SING,0.3,False,0.43715,105.65,0.00109,0.38,1785630664
All Pools,COQ - NOCHILL,0.3,False,0.43315,7.513,0.00108,5.26,1785630664
All Pools,Psychic - CommieSukey,0.3,False,0.43209,230.75,0.00108,0.17,1785630664
All Pools,Psychic - Wej,0.3,False,0.43151,231.56,0.00108,0.17,1785630664
All Pools,AVAX - Wej,0.3,False,0.42912,199.79,0.00107,0.2,1785630664
All Pools,MM - AVAX,0.3,False,0.42889,64.54,0.00107,0.61,1785630664
All Pools,USDT.e - SING,0.3,False,0.4273,1198.31,0.00107,0.03,1785630664
All Pools,MM - USDC,0.3,False,0.42682,49.11,0.00107,0.79,1785630664
All Pools,CommieSukey - AVAX,0.3,False,0.42675,199.08,0.00107,0.2,1785630664
All Pools,USDC.e - SOL,0.3,False,0.42512,34.48,0.00106,1.13,1785630664
All Pools,AVAX - Sinterklaas,0.3,False,0.42246,94.93,0.00106,0.41,1785630664
All Pools,MerryXmas - AVAX,0.3,False,0.41427,184.14,0.00104,0.21,1785630664
All Pools,WETH.e - REDWOLF,0.3,False,0.41195,81.61,0.00103,0.46,1785630664
All Pools,REDWOLF - SOL,0.3,False,0.40451,55.25,0.00101,0.67,1785630664
All Pools,BTC.b - HOWDY,0.3,False,0.40434,62.28,0.00101,0.59,1785630664
All Pools,Psychic - ArniStitch,0.3,False,0.40064,231.19,0.001,0.16,1785630664
All Pools,ArniStitch - AVAX,0.3,False,0.39853,198.86,,0.18,1785630664
All Pools,WBTC.e - USDT.e,0.3,False,0.39771,155.11,,0.23,1785630664
All Pools,MIM - SDOG,0.3,False,0.39109,60.87,,0.59,1785630664
All Pools,Psychic - RedFolder,0.3,False,0.39065,232.19,,0.15,1785630664
All Pools,Psychic - Sinterklaas,0.3,False,0.38983,228.61,,0.16,1785630664
All Pools,AVAX - RedFolder,0.3,False,0.38864,200.17,,0.18,1785630664
All Pools,GOOD - AVAX,0.3,False,0.38417,99.79,,0.35,1785630664
All Pools,USDt - RUX,0.3,False,0.38116,16071.0,,0.0,1785630664
All Pools,GOOD - COQ,0.3,False,0.38098,59.41,,0.59,1785630664
All Pools,MIM - MU,0.3,False,0.37922,66.77,,0.52,1785630664
All Pools,RUX - AVAX,0.3,False,0.37823,25.03,,1.38,1785630664
All Pools,SWIFT - WETH.e,0.3,False,0.36669,1303.74,,0.03,1785630664
All Pools,$Td - AMI,0.3,False,0.3609,20.48,,1.61,1785630664
All Pools,Christmas - ChristMark,0.3,False,0.36029,106.86,,0.31,1785630664
All Pools,Christmas - AVAX,0.3,False,0.35775,168.3,,0.19,1785630664
All Pools,AVAX - KET,0.3,False,0.35545,19.98,,1.62,1785630664
All Pools,Psychic - Now,0.3,False,0.35356,448.17,,0.07,1785630664
All Pools,Orange - Matter,0.3,False,0.35307,5916.92,,0.01,1785630664
All Pools,WBTC - AVAX,0.3,False,0.35289,30.02,,1.07,1785630664
All Pools,MaryMagdalene - Gravity,0.3,False,0.34845,97.38,,0.33,1785630664
All Pools,CQK - USDC,0.3,False,0.34413,30.33,,1.04,1785630664
All Pools,CQK - AVAX,0.3,False,0.34136,93.17,,0.33,1785630664
All Pools,Psychic - Jjj,0.3,False,0.33973,231.01,,0.13,1785630664
All Pools,Jjj - AVAX,0.3,False,0.33814,198.85,,0.16,1785630664
All Pools,DCAU - MIM,0.3,False,0.33071,78.51,,0.38,1785630664
All Pools,USDt - IMPACT2,0.3,False,0.32296,70.45,,0.42,1785630664
All Pools,COQ - AMI,0.3,False,0.32041,8.438,,3.46,1785630664
All Pools,USDT.e - DUO,0.3,False,0.31662,49.87,,0.58,1785630664
All Pools,AVAX - DUO,0.3,False,0.31453,50.66,,0.57,1785630664
All Pools,USDC - USD+,0.3,False,0.31443,29.97,,0.96,1785630664
All Pools,LUNA - AVAX,0.3,False,0.31416,12.56,,2.28,1785630664
All Pools,BLS - USDt,0.3,False,0.31209,128.96,,0.22,1785630664
All Pools,DFIAT - USDT.e,0.3,False,0.30649,26.04,,1.07,1785630664
All Pools,LINK.e - REDWOLF,0.3,False,0.30505,68.2,,0.41,1785630664
All Pools,DFIAT - AVAX,0.3,False,0.3046,5702.68,,0.0,1785630664
All Pools,SLUSH - USDT.e,0.3,False,0.30272,54.48,,0.51,1785630664
All Pools,SLUSH - AVAX,0.3,False,0.30068,43.83,,0.63,1785630664
All Pools,USDC.e - WISE,0.3,False,0.30026,40.51,,0.68,1785630664
All Pools,USDC - BVAX,0.3,False,0.29995,25.14,,1.09,1785630664
All Pools,BrideOfChrist - AVAX,0.3,False,0.29978,60.41,,0.45,1785630664
All Pools,AVAX - WISE,0.3,False,0.29829,57.04,,0.48,1785630664
All Pools,CANS - AVAX,0.3,False,0.28722,7.568,,3.46,1785630664
All Pools,WBTC.e - REDWOLF,0.3,False,0.27657,47.47,,0.53,1785630664
All Pools,MaryMagdalene - BrideOfChrist,0.3,False,0.27324,87.99,,0.28,1785630664
All Pools,USDC - GAU,0.3,False,0.2707,637.22,,0.04,1785630664
All Pools,AVAI - AVAX,0.3,False,0.258,18.83,,1.25,1785630664
All Pools,AVAXAI - USDC,0.3,False,0.25735,1433.33,,0.02,1785630664
All Pools,YEEHAW - AVAX,0.3,False,0.25275,11.75,,1.96,1785630664
All Pools,Orange - AVAX,0.3,False,0.2478,58.77,,0.38,1785630664
All Pools,SYN - USDT.e,0.3,False,0.24082,0.85953,,25.57,1785630664
All Pools,KOVIN - AVAX,0.3,False,0.24031,1977.11,,0.01,1785630664
All Pools,GLOBA - AVAX,0.3,False,0.23948,38.39,,0.57,1785630664
All Pools,Now - Propriety,0.3,False,0.23781,600.33,,0.04,1785630664
All Pools,AVAX - Propriety,0.3,False,0.23694,59.47,,0.36,1785630664
All Pools,TECH - OX,0.3,False,0.22805,4478.25,,0.0,1785630664
All Pools,GLOBA - DAI.e,0.3,False,0.22511,46.57,,0.44,1785630664
All Pools,miMatic - USDC.e,0.3,False,0.22503,21.92,,0.94,1785630664
All Pools,Psychic - MerryXmas,0.3,False,0.22327,213.45,,0.1,1785630664
All Pools,MIM - USDC,0.3,False,0.22287,20.86,,0.97,1785630664
All Pools,GAIA - USDC.e,0.3,False,0.22228,399.74,,0.05,1785630664
All Pools,WBTC.e - ONION,0.3,False,0.22194,349.63,,0.06,1785630664
All Pools,COQ - KOVIN,0.3,False,0.22136,7.536,,2.68,1785630664
All Pools,AVVO - DAI.e,0.3,False,0.21978,34.14,,0.59,1785630664
All Pools,SYN - WETH.e,0.3,False,0.21956,0.79304,,25.26,1785630664
All Pools,AVAX - LYLY,0.3,False,0.21587,48.2,,0.41,1785630664
All Pools,AprilFoolsDay - NaughtiusMaximus,0.3,False,0.21074,95.81,,0.2,1785630664
All Pools,AVAX - BLACK,0.3,False,0.21073,2.756,,6.98,1785630664
All Pools,AprilFoolsDay - AVAX,0.3,False,0.20934,71.9,,0.27,1785630664
All Pools,VEE - USDC,0.3,False,0.20515,30.36,,0.62,1785630664
All Pools,Gold - Now,0.3,False,0.20084,601.7,,0.03,1785630664
All Pools,MU - DAI.e,0.3,False,0.20058,234.86,,0.08,1785630664
All Pools,Gold - AVAX,0.3,False,0.19979,59.74,,0.31,1785630664
All Pools,FTR - AVAX,0.3,False,0.19974,580.57,,0.03,1785630664
All Pools,NineHundred - AVAX,0.3,False,0.19758,94.69,,0.19,1785630664
All Pools,MIM - PEFI,0.3,False,0.19754,45.56,,0.4,1785630664
All Pools,AVAX - ZABU,0.3,False,0.1971,22.64,,0.79,1785630664
All Pools,COQ - LYLY,0.3,False,0.19618,9.52,,1.88,1785630664
All Pools,Slope - Now,0.3,False,0.19482,600.68,,0.03,1785630664
All Pools,Slope - AVAX,0.3,False,0.19472,59.76,,0.3,1785630664
All Pools,USDC - SHRAP,0.3,False,0.19325,20.0,,0.88,1785630664
All Pools,MerryXmas - ChristMark,0.3,False,0.19297,59.22,,0.3,1785630664
All Pools,USDC - CHAM,0.3,False,0.19294,46.05,,0.38,1785630664
All Pools,AVAT - AVAX,0.3,False,0.18991,16.22,,1.07,1785630664
All Pools,UNIV - AVAX,0.3,False,0.18948,5.413,,3.19,1785630664
All Pools,AVAX - CHAM,0.3,False,0.18937,24.92,,0.69,1785630664
All Pools,Matter - Now,0.3,False,0.18817,544.35,,0.03,1785630664
All Pools,Psychic - Blue,0.3,False,0.18799,58.69,,0.29,1785630664
All Pools,Blue - AVAX,0.3,False,0.1869,177.37,,0.1,1785630664
All Pools,SPC - DAI.e,0.3,False,0.18581,23.71,,0.72,1785630664
All Pools,Chemistry - Now,0.3,False,0.1854,597.51,,0.03,1785630664
All Pools,Chemistry - AVAX,0.3,False,0.18516,59.39,,0.28,1785630664
All Pools,Kryptonite - NaughtiusMaximus,0.3,False,0.18245,95.85,,0.17,1785630664
All Pools,AVAX - Kryptonite,0.3,False,0.18137,71.99,,0.23,1785630664
All Pools,GURS - ARENA,0.3,False,0.17425,6.01,,2.65,1785630664
All Pools,NOCHILL - KET,0.3,False,0.17266,6.728,,2.34,1785630664
All Pools,METAG - AVAX,0.3,False,0.172,19.04,,0.82,1785630664
All Pools,COQ - REDWOLF,0.3,False,0.16905,8.517,,1.81,1785630664
All Pools,USDt - REDWOLF,0.3,False,0.169,13.46,,1.15,1785630664
All Pools,XAUt0 - ElvisJackpot,0.3,False,0.16738,281.34,,0.05,1785630664
All Pools,KIMBO - CANS,0.3,False,0.16642,192.31,,0.08,1785630664
All Pools,FLAKE - USDT.e,0.3,False,0.16516,47.91,,0.31,1785630664
All Pools,meGNX - AVAX,0.3,False,0.1643,12.58,,1.19,1785630664
All Pools,COQ - BOOTY,0.3,False,0.16341,6.388,,2.33,1785630664
All Pools,FLAKE - AVAX,0.3,False,0.16331,16.58,,0.9,1785630664
All Pools,BOOTY - AVAX,0.3,False,0.16198,1381.54,,0.01,1785630664
All Pools,MELT - AVAX,0.3,False,0.16143,19.3,,0.76,1785630664
All Pools,GB - USDT.e,0.3,False,0.15653,19.59,,0.73,1785630664
All Pools,AVAX - Strength,0.3,False,0.1563,95.58,,0.15,1785630664
All Pools,Orem - NaughtiusMaximus,0.3,False,0.1562,95.79,,0.15,1785630664
All Pools,USDT.e - ZABU,0.3,False,0.15549,43.91,,0.32,1785630664
All Pools,Orem - AVAX,0.3,False,0.15537,71.99,,0.2,1785630664
All Pools,AVAT - USDC,0.3,False,0.15405,37.16,,0.38,1785630664
All Pools,COQ - MCV,0.3,False,0.15069,6.155,,2.23,1785630664
All Pools,MCV - AVAX,0.3,False,0.15047,269.45,,0.05,1785630664
All Pools,USDt - MILO,0.3,False,0.14925,13.64,,1.0,1785630664
All Pools,MAI - AVAX,0.3,False,0.14843,1400.21,,0.01,1785630664
All Pools,AVAX - MILO,0.3,False,0.14835,750.0,,0.02,1785630664
All Pools,Hydrogen - AVAX,0.3,False,0.14812,177.41,,0.08,1785630664
All Pools,Psychic - Go,0.3,False,0.14689,52.75,,0.25,1785630664
All Pools,Who - AVAX,0.3,False,0.1465,94.54,,0.14,1785630664
All Pools,MIM - DAI.e,0.3,False,0.14616,13.74,,0.97,1785630664
All Pools,Go - AVAX,0.3,False,0.14603,94.56,,0.14,1785630664
All Pools,USDC.e - USDT.e,0.3,False,0.14541,40028.0,,,1785630664
All Pools,USDC.e - ONION,0.3,False,0.14521,369.74,,0.04,1785630664
All Pools,Wormhole - NaughtiusMaximus,0.3,False,0.14495,96.85,,0.14,1785630664
All Pools,Wormhole - AVAX,0.3,False,0.14424,72.74,,0.18,1785630664
All Pools,METAG - USDT.e,0.3,False,0.14266,46.88,,0.28,1785630664
All Pools,Psychic - Hydrogen,0.3,False,0.14219,58.96,,0.22,1785630664
All Pools,Psychic - Who,0.3,False,0.13979,53.25,,0.24,1785630664
All Pools,Now - Teste,0.3,False,0.13968,601.55,,0.02,1785630664
All Pools,AVAX - Teste,0.3,False,0.13911,58.97,,0.22,1785630664
All Pools,SUB - USDC,0.3,False,0.13648,11.1,,1.12,1785630664
All Pools,WETH.e - USDC,0.3,False,0.13564,20.4,,0.61,1785630664
All Pools,KLO - USDT.e,0.3,False,0.13411,3.047,,4.02,1785630664
All Pools,Psychic - SantaGospel,0.3,False,0.1325,52.62,,0.23,1785630664
All Pools,AVAX - SantaGospel,0.3,False,0.13177,90.49,,0.13,1785630664
All Pools,Mungo - AVAX,0.3,False,0.13067,27.64,,0.43,1785630664
All Pools,bECH - AVAX,0.3,False,0.13058,16.36,,0.73,1785630664
All Pools,WORM - AVAX,0.3,False,0.13001,234.55,,0.05,1785630664
All Pools,JOE - EXP,0.3,False,0.12978,9767201.0,,,1785630664
All Pools,XOM - AVAX,0.3,False,0.12817,2252.21,,0.01,1785630664
All Pools,SNP - AVAX,0.3,False,0.12793,7.482,,1.56,1785630664
All Pools,BANKSY - USDC.e,0.3,False,0.12763,28.81,,0.4,1785630664
All Pools,Psychic - Yellow,0.3,False,0.12695,59.06,,0.2,1785630664
All Pools,Yellow - AVAX,0.3,False,0.1264,178.68,,0.06,1785630664
All Pools,CREAMA - AVAX,0.3,False,0.12618,0.21668,,53.14,1785630664
All Pools,BANKSY - AVAX,0.3,False,0.12597,17.7,,0.65,1785630664
All Pools,COQ - SNP,0.3,False,0.12586,15.98,,0.72,1785630664
All Pools,ElvisJackpot - Gravity,0.3,False,0.1241,14.17,,0.8,1785630664
All Pools,LIBRE - USDC.e,0.3,False,0.1221,11.7,,0.95,1785630664
All Pools,HEFE - CANS,0.3,False,0.12185,4.609,,2.41,1785630664
All Pools,AVAX - JUICY,0.3,False,0.12138,1627.9,,0.01,1785630664
All Pools,Now - Mentor,0.3,False,0.12132,598.16,,0.02,1785630664
All Pools,AVAX - Mentor,0.3,False,0.12087,59.35,,0.19,1785630664
All Pools,UNIV - DAI.e,0.3,False,0.11964,10.08,,1.08,1785630664
All Pools,AVAX - SQRCAT,0.3,False,0.11826,4025.01,,0.0,1785630664
All Pools,AMI - SQRCAT,0.3,False,0.11767,10.27,,1.05,1785630664
All Pools,ARENA - MU,0.3,False,0.11736,3.4,,3.15,1785630664
All Pools,WETH.e - SURE,0.3,False,0.1169,866.88,,0.01,1785630664
All Pools,AVLO - ARENA,0.3,False,0.11513,0.12808,,82.02,1785630664
All Pools,$ALPHA - AVAX,0.3,False,0.11428,42.56,,0.25,1785630664
All Pools,SafeMoonA - AVAX,0.3,False,0.11388,4002.71,,0.0,1785630664
All Pools,aAvaWAVAX - meGNX,0.3,False,0.11345,2.892,,3.58,1785630664
All Pools,USDt - DXN,0.3,False,0.11308,213.51,,0.05,1785630664
All Pools,MU - COQAI,0.3,False,0.11241,5.493,,1.87,1785630664
All Pools,AVAX - STRAW,0.3,False,0.11101,13.84,,0.73,1785630664
All Pools,GAINS - AVAX,0.3,False,0.10895,29.21,,0.34,1785630664
All Pools,AMI - COQAI,0.3,False,0.10892,2.775,,3.58,1785630664
All Pools,Gil - AVAX,0.3,False,0.10793,13.12,,0.75,1785630664
All Pools,TickTock - Now,0.3,False,0.10651,598.83,,0.02,1785630664
All Pools,TickTock - AVAX,0.3,False,0.10614,59.44,,0.16,1785630664
All Pools,NOCHILL - AMI,0.3,False,0.10579,2.999,,3.22,1785630664
All Pools,USDC - yyAVAX,0.3,False,0.10481,11.69,,0.82,1785630664
All Pools,MIM - wsOHM,0.3,False,0.10456,95.38,,0.1,1785630664
All Pools,TOMB - USDC,0.3,False,0.10386,9.707,,0.98,1785630664
All Pools,BUSD - USDC,0.3,False,0.10369,7.006,,1.35,1785630664
All Pools,AVAX - ELK,0.3,False,0.10356,44.62,,0.21,1785630664
All Pools,Psychic - NineHundred,0.3,False,0.10266,52.63,,0.18,1785630664
All Pools,DAI.e - STRAW,0.3,False,0.10216,35.67,,0.26,1785630664
All Pools,MELT - USDC.e,0.3,False,0.10184,29.33,,0.32,1785630664
All Pools,Gil - DAI.e,0.3,False,0.10176,25.9,,0.36,1785630664
All Pools,USDC - WSPP,0.3,False,0.10153,41.85,,0.22,1785630664
All Pools,CNR - AVAX,0.3,False,0.09984,47.59,,0.19,1785630664
All Pools,ALPHA.e - AVAX,0.3,False,0.09914,58.49,,0.15,1785630664
All Pools,DEXTF - AVAX,0.3,False,0.09834,17.06,,0.53,1785630664
All Pools,DéjàVu - Mungo,0.3,False,0.09668,122.98,,0.07,1785630664
All Pools,DéjàVu - Gravity,0.3,False,0.09664,141.2,,0.06,1785630664
All Pools,Psychic - Strength,0.3,False,0.09624,53.47,,0.16,1785630664
All Pools,NineHundred - Sinterklaas,0.3,False,0.09564,1132.93,,0.01,1785630664
All Pools,WBTC.e - USDC,0.3,False,0.09487,0.39808,,21.75,1785630664
All Pools,WLRS - USDC.e,0.3,False,0.09422,3885.47,,0.0,1785630664
All Pools,COQ - MU,0.3,False,0.09161,3.445,,2.43,1785630664
All Pools,MaryMagdalene - RoselineBloodline,0.3,False,0.09094,34.88,,0.24,1785630664
All Pools,RoselineBloodline - AVAX,0.3,False,0.0903,30.49,,0.27,1785630664
All Pools,USDt - XPOW,0.3,False,0.09016,17.6,,0.47,1785630664
All Pools,HEFE - GAINS,0.3,False,0.08988,7.779,,1.05,1785630664
All Pools,TrumpTower - Gravity,0.3,False,0.08977,50.89,,0.16,1785630664
All Pools,TrumpTower - AVAX,0.3,False,0.0894,106.72,,0.08,1785630664
All Pools,SUB - AVAX,0.3,False,0.08673,14.2,,0.56,1785630664
All Pools,USDC - MXNB,0.3,False,0.08594,16.32,,0.48,1785630664
All Pools,YEEHAW - USDC,0.3,False,0.08495,5.641,,1.37,1785630664
All Pools,AVAX - SHRAP,0.3,False,0.08466,10.3,,0.75,1785630664
All Pools,Silver - Now,0.3,False,0.08307,600.76,,0.01,1785630664
All Pools,Silver - AVAX,0.3,False,0.08293,58.58,,0.13,1785630664
All Pools,UST - USDT.e,0.3,False,0.08029,35.86,,0.2,1785630664
All Pools,WETH.e - yyAVAX,0.3,False,0.07808,14.05,,0.51,1785630664
All Pools,WOLF - MU,0.3,False,0.07642,3.558,,1.96,1785630664
All Pools,miMatic - AVAX,0.3,False,0.07605,28.53,,0.24,1785630664
All Pools,Psychic - Nala,0.3,False,0.07595,198.23,,0.03,1785630664
All Pools,Now - Blessing,0.3,False,0.0759,533.36,,0.01,1785630664
All Pools,AVAX - Blessing,0.3,False,0.07566,53.24,,0.13,1785630664
All Pools,AVAX - Nala,0.3,False,0.07548,17.92,,0.38,1785630664
All Pools,wsOHM - USDC.e,0.3,False,0.07544,13.86,,0.5,1785630664
All Pools,BLS - SHRAP,0.3,False,0.07442,7.553,,0.9,1785630664
All Pools,SURE - DAI.e,0.3,False,0.07365,24.57,,0.27,1785630664
All Pools,Psychic - Stolen,0.3,False,0.07279,61.53,,0.11,1785630664
All Pools,AVAX - DAI,0.3,False,0.07254,52.23,,0.13,1785630664
All Pools,Now - √Root,0.3,False,0.07067,597.66,,0.01,1785630664
All Pools,CREAMA - USDt,0.3,False,0.07041,0.13221,,48.59,1785630664
All Pools,AVAX - √Root,0.3,False,0.0704,59.33,,0.11,1785630664
All Pools,MIM - TIME,0.3,False,0.07007,16.55,,0.39,1785630664
All Pools,USDC.e - WOLF,0.3,False,0.06938,7.352,,0.86,1785630664
All Pools,FollowTheWhiteRabbit - TheGospelOfMary,0.3,False,0.06871,108.76,,0.06,1785630664
All Pools,AVAX - WOLF,0.3,False,0.06852,50.99,,0.12,1785630664
All Pools,CNR - REDWOLF,0.3,False,0.06842,15.01,,0.42,1785630664
All Pools,AVAX - SDOG,0.3,False,0.06834,6.018,,1.04,1785630664
All Pools,Gravity - WarpSpeed,0.3,False,0.06814,56.78,,0.11,1785630664
All Pools,WarpSpeed - AVAX,0.3,False,0.0679,92.74,,0.07,1785630664
All Pools,IMPACT2 - EURC,0.3,False,0.06732,40.86,,0.15,1785630664
All Pools,gOHM - wsOHM,0.3,False,0.06711,13.31,,0.46,1785630664
All Pools,USDt - NEMO,0.3,False,0.06508,95.62,,0.06,1785630664
All Pools,SURE - USDC.e,0.3,False,0.06475,21.11,,0.28,1785630664
All Pools,SLIME - USDt,0.3,False,0.06435,5.944,,0.99,1785630664
All Pools,Stolen - AVAX,0.3,False,0.06434,12.01,,0.49,1785630664
All Pools,SOL - AVAX,0.3,False,0.06433,0.00155,,3793.66,1785630664
All Pools,AVAX - NEMO,0.3,False,0.06432,6.345,,0.92,1785630664
All Pools,SHRAP - DOMI,0.3,False,0.06388,138.2,,0.04,1785630664
All Pools,GUN - AMI,0.3,False,0.06375,7.757,,0.75,1785630664
All Pools,MIM - UNIV,0.3,False,0.06365,3.473,,1.67,1785630664
All Pools,LoveYou - Gravity,0.3,False,0.06335,38.06,,0.15,1785630664
All Pools,LoveYou - AVAX,0.3,False,0.06321,41.08,,0.14,1785630664
All Pools,ElvisJackpot - BLACK,0.3,False,0.06285,8.565,,0.67,1785630664
All Pools,Strength - Sinterklaas,0.3,False,0.06094,1140.9,,0.0,1785630664
All Pools,MELT - USDT.e,0.3,False,0.06085,29.08,,0.19,1785630664
All Pools,Ush - AVAX,0.3,False,0.06014,1965.23,,0.0,1785630664
All Pools,Sanskrit - Now,0.3,False,0.05917,598.1,,0.01,1785630664
All Pools,Sanskrit - AVAX,0.3,False,0.05901,59.37,,0.09,1785630664
All Pools,ZRO - USDC,0.3,False,0.0585,4.107,,1.3,1785630664
All Pools,USDC.e - RUG,0.3,False,0.05725,16.31,,0.32,1785630664
All Pools,MELT - USDC.e,0.3,False,0.05542,5.764,,0.88,1785630664
All Pools,MELT - AVAX,0.3,False,0.05468,764.96,,0.01,1785630664
All Pools,GAS - AVAX,0.3,False,0.05423,124.82,,0.04,1785630664
All Pools,MAJIN - AVAX,0.3,False,0.05366,2720.31,,0.0,1785630664
All Pools,DUO - USDT.e,0.3,False,0.05349,5.977,,0.82,1785630664
All Pools,ACS - USDC.e,0.3,False,0.05332,5.059,,0.96,1785630664
All Pools,NOCHILL - REDWOLF,0.3,False,0.05328,2.006,,2.42,1785630664
All Pools,XPOW - USDC,0.3,False,0.05292,17.63,,0.27,1785630664
All Pools,SURE - AVAX,0.3,False,0.05276,5.275,,0.91,1785630664
All Pools,agEUR - USDC,0.3,False,0.05046,59.88,,0.08,1785630664
All Pools,CNR - USDt,0.3,False,0.05044,4.578,,1.01,1785630664
All Pools,TRYB - USDC.e,0.3,False,0.04954,31.76,,0.14,1785630664
All Pools,COQ - MICRO,0.3,False,0.04911,2.589,,1.73,1785630664
All Pools,AVAX - MICRO,0.3,False,0.04901,17.54,,0.26,1785630664
All Pools,AVAX - BAVA,0.3,False,0.04853,8.329,,0.53,1785630664
All Pools,MaryMagdalene - LadyMary,0.3,False,0.04851,12.52,,0.35,1785630664
All Pools,CNR - USDC,0.3,False,0.04846,4.556,,0.97,1785630664
All Pools,LadyMary - AVAX,0.3,False,0.04824,242.92,,0.02,1785630664
All Pools,CRA - AVAX,0.3,False,0.04819,6786.11,,,1785630664
All Pools,AVAX - SNOB,0.3,False,0.04691,726.5,,0.01,1785630664
All Pools,USDT.e - TMT,0.3,False,0.04647,25.16,,0.17,1785630664
All Pools,MIM - GRAPE,0.3,False,0.04641,58.68,,0.07,1785630664
All Pools,HH - AVAX,0.3,False,0.04616,224.98,,0.02,1785630664
All Pools,AVAX - TMT,0.3,False,0.04592,5.647,,0.74,1785630664
All Pools,NOCHILL - MU,0.3,False,0.04541,1.362,,3.04,1785630664
All Pools,HH - ARENA,0.3,False,0.04539,2.02,,2.05,1785630664
All Pools,FollowTheWhiteRabbit - TruthClosure,0.3,False,0.04534,27.63,,0.15,1785630664
All Pools,KrisKringle - ChristMark,0.3,False,0.04433,18.18,,0.22,1785630664
All Pools,AVAX - TIME,0.3,False,0.0442,501.77,,0.01,1785630664
All Pools,KrisKringle - AVAX,0.3,False,0.04405,17.74,,0.23,1785630664
All Pools,BENIS - NOCHILL,0.3,False,0.04378,2.148,,1.86,1785630664
All Pools,KIMBO - AMI,0.3,False,0.04358,2.317,,1.72,1785630664
All Pools,BENIS - AVAX,0.3,False,0.04347,8.842,,0.45,1785630664
All Pools,AVAX - GAU,0.3,False,0.04302,4.232,,0.93,1785630664
All Pools,ICUBE - USDT.e,0.3,False,0.04298,106.59,,0.04,1785630664
All Pools,MPL - USDt,0.3,False,0.0426,29.7,,0.13,1785630664
All Pools,HEFE - AMI,0.3,False,0.04247,2.084,,1.86,1785630664
All Pools,ICUBE - AVAX,0.3,False,0.04238,5.167,,0.75,1785630664
All Pools,MPL - AVAX,0.3,False,0.04215,4.909,,0.78,1785630664
All Pools,WLRS - GRAPE,0.3,False,0.04192,6.098,,0.63,1785630664
All Pools,ABC - AMI,0.3,False,0.04136,2.239,,1.69,1785630664
All Pools,USDT.e - MU,0.3,False,0.04112,249.7,,0.02,1785630664
All Pools,JOE - CRA,0.3,False,0.04034,6.381,,0.58,1785630664
All Pools,Gladiator - AVAX,0.3,False,0.03948,1.677,,2.15,1785630664
All Pools,3ULL - AVAX,0.3,False,0.03938,32.33,,0.11,1785630664
All Pools,SLOT - AVAX,0.3,False,0.03883,2339.87,,0.0,1785630664
All Pools,USDC.e - SPADE,0.3,False,0.0386,15.34,,0.23,1785630664
All Pools,USDR - USDC,0.3,False,0.03852,39.75,,0.09,1785630664
All Pools,AVAX - SPADE,0.3,False,0.03815,4.741,,0.73,1785630664
All Pools,USDT.e - BOREA,0.3,False,0.03727,25.38,,0.13,1785630664
All Pools,wsOHM - AVAX,0.3,False,0.03703,5.967,,0.57,1785630664
All Pools,MIM - FORT,0.3,False,0.03703,1283.27,,0.0,1785630664
All Pools,HOST - SYMBIOT,0.3,False,0.03685,79.7,,0.04,1785630664
All Pools,AVAX - FORT,0.3,False,0.03683,8.631,,0.39,1785630664
All Pools,AVAX - BOREA,0.3,False,0.03671,5.262,,0.64,1785630664
All Pools,USDT.e - XAVA,0.3,False,0.03651,9.067,,0.37,1785630664
All Pools,BNZ - AVAX,0.3,False,0.03586,137.29,,0.02,1785630664
All Pools,COQ - ARENA,0.3,False,0.03564,0.99072,,3.28,1785630664
All Pools,Milk - USDT.e,0.3,False,0.03556,13.68,,0.24,1785630664
All Pools,WOLF - AMI,0.3,False,0.03552,2.285,,1.42,1785630664
All Pools,Milk - AVAX,0.3,False,0.03513,5.169,,0.62,1785630664
All Pools,YEEHAW - AMI,0.3,False,0.03502,3.241,,0.99,1785630664
All Pools,HATCHY - AMI,0.3,False,0.03471,2.581,,1.23,1785630664
All Pools,BSGG - AVAX,0.3,False,0.03396,2.284,,1.36,1785630664
All Pools,Mungo - Now,0.3,False,0.03372,268.57,,0.01,1785630664
All Pools,Gravity - LookingGlass,0.3,False,0.03364,122.86,,0.02,1785630664
All Pools,AVAX - LookingGlass,0.3,False,0.03352,10.82,,0.28,1785630664
All Pools,YEEHAW - ARENA,0.3,False,0.03349,1.085,,2.82,1785630664
All Pools,AAVE.e - USDT.e,0.3,False,0.03338,2.569,,1.19,1785630664
All Pools,LINK.e - MU,0.3,False,0.03277,6.835,,0.44,1785630664
All Pools,gOHM - JOE,0.3,False,0.03253,2.997,,0.99,1785630664
All Pools,KIMBO - KOVIN,0.3,False,0.03191,2.783,,1.05,1785630664
All Pools,Degen - AVAX,0.3,False,0.0319,1296.33,,0.0,1785630664
All Pools,Gravity - SaintGermain,0.3,False,0.03185,17.17,,0.17,1785630664
All Pools,LoveIsTheKey - AVAX,0.3,False,0.0316,9.741,,0.3,1785630664
All Pools,WOLF - USDT.e,0.3,False,0.03102,2.916,,0.97,1785630664
All Pools,AVLO - AVAX,0.3,False,0.03069,0.01086,,257.83,1785630664
All Pools,WOLF - AVAX,0.3,False,0.03062,41.57,,0.07,1785630664
All Pools,METAG - USDt,0.3,False,0.03041,15.28,,0.18,1785630664
All Pools,USDT.e - GOT,0.3,False,0.0303,12.18,,0.23,1785630664
All Pools,AVAX - GOT,0.3,False,0.02996,4.1,,0.67,1785630664
All Pools,AVAX - WSPP,0.3,False,0.02994,2.258,,1.21,1785630664
All Pools,MIM - VOLT,0.3,False,0.02981,9.3,,0.29,1785630664
All Pools,BGLD - USDT.e,0.3,False,0.02899,16.29,,0.16,1785630664
All Pools,USDT.e - AVVO,0.3,False,0.02892,3.571,,0.74,1785630664
All Pools,XPOW - USDt,0.3,False,0.02877,3.459,,0.76,1785630664
All Pools,BGLD - AVAX,0.3,False,0.02867,3.461,,0.76,1785630664
All Pools,BrideOfChrist - BLACK,0.3,False,0.02824,14.76,,0.17,1785630664
All Pools,FTOMB - AVAX,0.3,False,0.02818,6122.02,,,1785630664
All Pools,AVAX - OK,0.3,False,0.02811,1.598,,1.61,1785630664
All Pools,APIX - LAMBO,0.3,False,0.02802,3.437,,0.74,1785630664
All Pools,Gravity - Vaccinations,0.3,False,0.02794,41.49,,0.06,1785630664
All Pools,AVAX - Vaccinations,0.3,False,0.02783,12.32,,0.21,1785630664
All Pools,BENSI - AMI,0.3,False,0.02782,2.211,,1.15,1785630664
All Pools,JOE - ZABU,0.3,False,0.02777,11.95,,0.21,1785630664
All Pools,USDC.e - BAVA,0.3,False,0.02754,2.614,,0.96,1785630664
All Pools,AVAX - USDR,0.3,False,0.0275,2.38,,1.05,1785630664
All Pools,COQ - COFI,0.3,False,0.02746,1.192,,2.1,1785630664
All Pools,AVAX - COFI,0.3,False,0.02745,421.07,,0.01,1785630664
All Pools,WETH.e - meGNX,0.3,False,0.02715,5.126,,0.48,1785630664
All Pools,bCASH - TECH,0.3,False,0.02685,9.872,,0.25,1785630664
All Pools,CATWIF - MU,0.3,False,0.02642,2.808,,0.86,1785630664
All Pools,DAI.e - VOLT,0.3,False,0.0263,37.79,,0.06,1785630664
All Pools,CATWIF - AVAX,0.3,False,0.02613,2143.96,,0.0,1785630664
All Pools,AVAX - DWC,0.3,False,0.02604,3861.28,,,1785630664
All Pools,TruthClosure - BLACK,0.3,False,0.02574,10.38,,0.23,1785630664
All Pools,gOHM - USDT.e,0.3,False,0.02525,0.65198,,3.53,1785630664
All Pools,JOE - aXEN,0.3,False,0.02491,0.14055,,16.17,1785630664
All Pools,Gravity - ChristMark,0.3,False,0.02482,11.27,,0.2,1785630664
All Pools,XIO - USDC,0.3,False,0.02478,23.82,,0.09,1785630664
All Pools,LoveIsTheKey - Gravity,0.3,False,0.02467,27.65,,0.08,1785630664
All Pools,APOW - MU,0.3,False,0.02466,3.141,,0.72,1785630664
All Pools,NaughtiusMaximus - Yeshua,0.3,False,0.02455,8.503,,0.26,1785630664
All Pools,XIO - AVAX,0.3,False,0.02454,2.254,,0.99,1785630664
All Pools,3ULL - USDt,0.3,False,0.02446,2.101,,1.06,1785630664
All Pools,AVAX - Yeshua,0.3,False,0.02441,20.73,,0.11,1785630664
All Pools,USDC - COSMIC,0.3,False,0.02429,53.76,,0.04,1785630664
All Pools,DWC - MU,0.3,False,0.02425,2.651,,0.83,1785630664
All Pools,Wingdings - Gravity,0.3,False,0.024,14.72,,0.15,1785630664
All Pools,CRAFT - AVAX,0.3,False,0.02397,274.78,,0.01,1785630664
All Pools,Wingdings - AVAX,0.3,False,0.02391,34.07,,0.06,1785630664
All Pools,AMI - MU,0.3,False,0.02391,1.296,,1.68,1785630664
All Pools,WhollySphere - Gravity,0.3,False,0.02313,15.42,,0.14,1785630664
All Pools,WhollySphere - AVAX,0.3,False,0.02307,34.04,,0.06,1785630664
All Pools,BTC.b - yyAVAX,0.3,False,0.02306,4.045,,0.52,1785630664
All Pools,MAJIN - MU,0.3,False,0.0227,3.397,,0.61,1785630664
All Pools,AVAX - AXIAL,0.3,False,0.02254,561.52,,0.0,1785630664
All Pools,AI9000 - AVAX,0.3,False,0.02229,202.85,,0.01,1785630664
All Pools,GAINS - COQ,0.3,False,0.02213,1.354,,1.49,1785630664
All Pools,GMX - USDC,0.3,False,0.0219,0.82982,,2.41,1785630664
All Pools,USDC - XenBurn,0.3,False,0.02187,5.363,,0.37,1785630664
All Pools,sAVAX - AVAX,0.3,False,0.02187,164146.0,,,1785630664
All Pools,MIM - TSNFTGM,0.3,False,0.02179,2.34,,0.85,1785630664
All Pools,USDC.e - WISE,0.3,False,0.0217,6.682,,0.3,1785630664
All Pools,AVAX - XenBurn,0.3,False,0.02155,3.331,,0.59,1785630664
All Pools,REDWOLF - GEC,0.3,False,0.02146,2.907,,0.67,1785630664
All Pools,AVAX - WISE,0.3,False,0.0214,2.17,,0.9,1785630664
All Pools,MIM - PAPA,0.3,False,0.02135,33.54,,0.06,1785630664
All Pools,PAPA - AVAX,0.3,False,0.02126,7.702,,0.25,1785630664
All Pools,FITFI - USDC,0.3,False,0.02099,0.07972,,24.03,1785630664
All Pools,AVAX - SPT,0.3,False,0.02064,0.14663,,12.85,1785630664
All Pools,AAVE.e - meGNX,0.3,False,0.02053,3.478,,0.54,1785630664
All Pools,KOVIN - MU,0.3,False,0.02037,2.267,,0.82,1785630664
All Pools,USDT.e - iBONE,0.3,False,0.02035,4.356,,0.43,1785630664
All Pools,ELE - AVAX,0.3,False,0.02034,83.34,,0.02,1785630664
All Pools,AVAX - iBONE,0.3,False,0.02012,4.032,,0.46,1785630664
All Pools,QI - LYLY,0.3,False,0.0201,1.848,,0.99,1785630664
All Pools,TSNFTGM - DAI.e,0.3,False,0.02009,28.31,,0.06,1785630664
All Pools,wALGO - USDC,0.3,False,0.01993,2.319,,0.78,1785630664
All Pools,AVAX - aSOCK,0.3,False,0.01986,9.287,,0.2,1785630664
All Pools,KIMBO - COQ,0.3,False,0.01971,0.90696,,1.98,1785630664
All Pools,AMI - aSOCK,0.3,False,0.01967,1.583,,1.13,1785630664
All Pools,Gravity - HustleTappers,0.3,False,0.01961,16.17,,0.11,1785630664
All Pools,wALGO - AVAX,0.3,False,0.01955,109.27,,0.02,1785630664
All Pools,AVAX - HustleTappers,0.3,False,0.01955,37.23,,0.05,1785630664
All Pools,ARA - AVAX,0.3,False,0.01951,2.253,,0.79,1785630664
All Pools,GURS - AMI,0.3,False,0.01935,1.21,,1.46,1785630664
All Pools,TruthClosure - AVAX,0.3,False,0.01934,7.057,,0.25,1785630664
All Pools,ARENA - AMI,0.3,False,0.01892,1.122,,1.54,1785630664
All Pools,KOKSAL - USDC,0.3,False,0.01878,4.381,,0.39,1785630664
All Pools,GATOR - ARENA,0.3,False,0.0187,1.989,,0.86,1785630664
All Pools,wMEMO - AVAX,0.3,False,0.01862,5.754,,0.3,1785630664
All Pools,KOKSAL - AVAX,0.3,False,0.0185,2.667,,0.63,1785630664
All Pools,KIWI - USDt,0.3,False,0.01847,19.6,,0.09,1785630664
All Pools,AVAX - TT,0.3,False,0.01762,1.572,,1.02,1785630664
All Pools,TECH - AMI,0.3,False,0.01756,1.545,,1.04,1785630664
All Pools,Gravity - BLACK,0.3,False,0.01752,0.21652,,7.38,1785630664
All Pools,AAVE.e - USDC.e,0.3,False,0.01746,1.241,,1.28,1785630664
All Pools,USDC.e - TUSK,0.3,False,0.01744,9.297,,0.17,1785630664
All Pools,AVAX - TUSK,0.3,False,0.01719,1.963,,0.8,1785630664
All Pools,DUNEV3 - USDC.e,0.3,False,0.01716,32043.0,,,1785630664
All Pools,MIM - DUNEV3,0.3,False,0.01689,46859.0,,,1785630664
All Pools,USDT.e - NORTH,0.3,False,0.01686,29.57,,0.05,1785630664
All Pools,AVAX - NORTH,0.3,False,0.01668,1.927,,0.79,1785630664
All Pools,XOMB - USDT.e,0.3,False,0.0166,2.029,,0.75,1785630664
All Pools,AVAX - GG,0.3,False,0.01656,3.624,,0.42,1785630664
All Pools,USDC - NXUSD,0.3,False,0.01654,3.133,,0.48,1785630664
All Pools,AVAX - APE - X,0.3,False,0.01654,446.86,,0.0,1785630664
All Pools,TRACTOR - AVAX,0.3,False,0.01643,9998.37,,,1785630664
All Pools,XOMB - AVAX,0.3,False,0.0164,14.79,,0.1,1785630664
All Pools,VELAI - AVAX,0.3,False,0.01625,0.29936,,4.95,1785630664
All Pools,USDC.e - SMRT,0.3,False,0.01613,1.772,,0.83,1785630664
All Pools,Gravity - GematrixDotOrg,0.3,False,0.01577,8.7,,0.17,1785630664
All Pools,GURS - NOCHILL,0.3,False,0.01577,0.9752,,1.48,1785630664
All Pools,AVAX - GematrixDotOrg,0.3,False,0.0157,11.15,,0.13,1785630664
All Pools,SodomAndGomorrah - NaughtiusMaximus,0.3,False,0.01536,5.336,,0.26,1785630664
All Pools,SodomAndGomorrah - AVAX,0.3,False,0.01527,12.99,,0.11,1785630664
All Pools,MIM - BLANC,0.3,False,0.01514,596.83,,0.0,1785630664
All Pools,MIM - AUSD,0.3,False,0.01508,7.404,,0.19,1785630664
All Pools,AVAX - BLANC,0.3,False,0.01508,4.837,,0.28,1785630664
All Pools,DUA - USDC,0.3,False,0.01487,8.931,,0.15,1785630664
All Pools,AVAX - DUA,0.3,False,0.01468,1.315,,1.02,1785630664
All Pools,TokenZ - USDC,0.3,False,0.01467,3.509,,0.38,1785630664
All Pools,AMI - EROL,0.3,False,0.0146,0.44951,,2.96,1785630664
All Pools,TokenZ - AVAX,0.3,False,0.01446,1.831,,0.72,1785630664
All Pools,EHCNALAVA - AVAX,0.3,False,0.01432,1033.8,,0.0,1785630664
All Pools,SMRTr - USDT.e,0.3,False,0.01426,1.058,,1.23,1785630664
All Pools,KIMBO - EHCNALAVA,0.3,False,0.01423,1.649,,0.79,1785630664
All Pools,NOCHILL - WAIFU,0.3,False,0.01405,130.65,,0.01,1785630664
All Pools,LYD - REDWOLF,0.3,False,0.01405,3.932,,0.33,1785630664
All Pools,MU - SOL,0.3,False,0.01396,1.066,,1.19,1785630664
All Pools,FRENXEN - USDC,0.3,False,0.01385,8.409,,0.15,1785630664
All Pools,WETH.e - USDR,0.3,False,0.01377,2.41,,0.52,1785630664
All Pools,MIM - GG,0.3,False,0.01363,36.04,,0.03,1785630664
All Pools,MIM - RUG,0.3,False,0.01363,4.019,,0.31,1785630664
All Pools,AVAX - HOST,0.3,False,0.01355,1.485,,0.83,1785630664
All Pools,KR - USDC.e,0.3,False,0.01352,11.01,,0.11,1785630664
All Pools,LF - USDT.e,0.3,False,0.01348,0.8277,,1.49,1785630664
All Pools,FRENXEN - aXEN,0.3,False,0.01346,0.22764,,5.4,1785630664
All Pools,Eye - Psychic,0.3,False,0.01333,45.69,,0.03,1785630664
All Pools,KR - AVAX,0.3,False,0.01332,1.347,,0.9,1785630664
All Pools,Psychic - Architect,0.3,False,0.01325,45.69,,0.03,1785630664
All Pools,MEOW - MU,0.3,False,0.01324,1.297,,0.93,1785630664
All Pools,Psychic - Verse,0.3,False,0.01314,45.67,,0.03,1785630664
All Pools,Chrism - ChristMark,0.3,False,0.01314,138.63,,0.01,1785630664
All Pools,Psychic - Finish,0.3,False,0.0131,45.66,,0.03,1785630664
All Pools,NaughtiusMaximus - SwiftTaylor,0.3,False,0.01305,4.313,,0.28,1785630664
All Pools,Psychic - YouAndI,0.3,False,0.01303,45.69,,0.03,1785630664
All Pools,Psychic - IAmThatIAm,0.3,False,0.01303,45.69,,0.03,1785630664
All Pools,TRACTOR - USDT.e,0.3,False,0.01303,1.615,,0.74,1785630664
All Pools,AVAX - SwiftTaylor,0.3,False,0.01297,9.81,,0.12,1785630664
All Pools,Psychic - PlotTwist,0.3,False,0.01292,46.72,,0.03,1785630664
All Pools,Eye - BLACK,0.3,False,0.01292,1.056,,1.12,1785630664
All Pools,Psychic - LordJesusChrist,0.3,False,0.01286,43.87,,0.03,1785630664
All Pools,Psychic - PoPo,0.3,False,0.01284,45.7,,0.03,1785630664
All Pools,HOST - DAI.e,0.3,False,0.01283,2.717,,0.43,1785630664
All Pools,Architect - BLACK,0.3,False,0.01281,1.055,,1.11,1785630664
All Pools,Psychic - Time,0.3,False,0.01278,45.69,,0.03,1785630664
All Pools,Psychic - Number,0.3,False,0.01272,45.7,,0.03,1785630664
All Pools,BLACK - Verse,0.3,False,0.01271,1.06,,1.09,1785630664
All Pools,Chrism - BLACK,0.3,False,0.0127,1.133,,1.02,1785630664
All Pools,AKA - USDt,0.3,False,0.01269,2.692,,0.43,1785630664
All Pools,Finish - BLACK,0.3,False,0.01267,1.062,,1.09,1785630664
All Pools,AVAX - MUG,0.3,False,0.01263,235.44,,0.0,1785630664
All Pools,Psychic - Qubit,0.3,False,0.01263,45.66,,0.03,1785630664
All Pools,YouAndI - BLACK,0.3,False,0.01261,1.056,,1.09,1785630664
All Pools,BLACK - IAmThatIAm,0.3,False,0.0126,1.055,,1.09,1785630664
All Pools,PlotTwist - BLACK,0.3,False,0.0125,1.077,,1.06,1785630664
All Pools,AKA - AVAX,0.3,False,0.01249,1.712,,0.67,1785630664
All Pools,LordJesusChrist - BLACK,0.3,False,0.01245,1.021,,1.11,1785630664
All Pools,Psychic - TrueStory,0.3,False,0.01241,45.7,,0.02,1785630664
All Pools,Time - BLACK,0.3,False,0.01239,1.056,,1.07,1785630664
All Pools,PoPo - BLACK,0.3,False,0.01239,1.054,,1.07,1785630664
All Pools,Flection - Psychic,0.3,False,0.01238,45.7,,0.02,1785630664
All Pools,Number - BLACK,0.3,False,0.01233,1.054,,1.07,1785630664
All Pools,AVAX - COSMIC,0.3,False,0.0123,1.018,,1.1,1785630664
All Pools,Psychic - [i]Lluminati,0.3,False,0.01226,47.47,,0.02,1785630664
All Pools,Qubit - BLACK,0.3,False,0.01225,1.062,,1.05,1785630664
All Pools,AI9000 - MU,0.3,False,0.0122,1.017,,1.09,1785630664
All Pools,Psychic - FinityFinity,0.3,False,0.01215,45.7,,0.02,1785630664
All Pools,ACS - USDt,0.3,False,0.01215,0.91719,,1.21,1785630664
All Pools,TrueStory - BLACK,0.3,False,0.01208,1.053,,1.05,1785630664
All Pools,Flection - BLACK,0.3,False,0.01201,1.055,,1.04,1785630664
All Pools,Psychic - Abracadabra,0.3,False,0.012,45.67,,0.02,1785630664
All Pools,WITCH - USDC,0.3,False,0.01194,1.524,,0.71,1785630664
All Pools,[i]Lluminati - BLACK,0.3,False,0.01193,1.099,,0.99,1785630664
All Pools,CREAMA - USDC,0.3,False,0.01192,0.02535,,42.9,1785630664
All Pools,USDt - IMPACT,0.3,False,0.0119,1.669,,0.65,1785630664
All Pools,EagleToken - USDC.e,0.3,False,0.01186,1.996,,0.54,1785630664
All Pools,Psychic - Turtle,0.3,False,0.01183,45.71,,0.02,1785630664
All Pools,Psychic - BiTonic,0.3,False,0.01182,45.77,,0.02,1785630664
All Pools,GRELF[ava] - AVAX,0.3,False,0.01182,838.45,,0.0,1785630664
All Pools,Psychic - Alice,0.3,False,0.01181,45.66,,0.02,1785630664
All Pools,ETHM - AVAX,0.3,False,0.01179,20.25,,0.05,1785630664
All Pools,Psychic - Penny,0.3,False,0.01177,45.7,,0.02,1785630664
All Pools,Psychic - Blessings,0.3,False,0.01177,45.66,,0.02,1785630664
All Pools,EagleToken - AVAX,0.3,False,0.01177,1.572,,0.68,1785630664
All Pools,Psychic - Who,0.3,False,0.01177,45.7,,0.02,1785630664
All Pools,WITCH - AVAX,0.3,False,0.01177,2.014,,0.53,1785630664
All Pools,AVAX - IMPACT,0.3,False,0.01176,2.562,,0.42,1785630664
All Pools,SatoshiNakamoto - Psychic,0.3,False,0.01176,45.7,,0.02,1785630664
All Pools,MAGICK - COSMIC,0.3,False,0.01175,3.315,,0.32,1785630664
All Pools,Psychic - James,0.3,False,0.01174,45.71,,0.02,1785630664
All Pools,FinityFinity - BLACK,0.3,False,0.01172,1.051,,1.02,1785630664
All Pools,Psychic - Bonfire,0.3,False,0.01171,45.69,,0.02,1785630664
All Pools,Psychic - Luck,0.3,False,0.01171,45.7,,0.02,1785630664
All Pools,Psychic - Aquarius,0.3,False,0.01167,45.7,,0.02,1785630664
All Pools,Psychic - Seminole,0.3,False,0.01166,45.66,,0.02,1785630664
All Pools,Psychic - TrumpCard,0.3,False,0.01165,45.7,,0.02,1785630664
All Pools,Abracadabra - BLACK,0.3,False,0.01164,1.059,,1.0,1785630664
All Pools,MU - MUG,0.3,False,0.01164,2296.25,,,1785630664
All Pools,Psychic - Alphabet,0.3,False,0.01161,45.71,,0.02,1785630664
All Pools,Psychic - Hexagon,0.3,False,0.01158,45.69,,0.02,1785630664
All Pools,Psychic - Nine,0.3,False,0.01154,45.68,,0.02,1785630664
All Pools,AVAX - MUG,0.3,False,0.01153,0.96688,,1.09,1785630664
All Pools,Psychic - Vampire,0.3,False,0.0115,45.7,,0.02,1785630664
All Pools,BLACK - Alice,0.3,False,0.01149,1.062,,0.99,1785630664
All Pools,DCAR - USDC,0.3,False,0.01149,55.89,,0.02,1785630664
All Pools,Blessings - BLACK,0.3,False,0.01146,1.062,,0.98,1785630664
All Pools,Psychic - Zero,0.3,False,0.01145,45.68,,0.02,1785630664
All Pools,Turtle - BLACK,0.3,False,0.01141,1.05,,0.99,1785630664
All Pools,BiTonic - BLACK,0.3,False,0.0114,1.053,,0.99,1785630664
All Pools,BLACK - Luck,0.3,False,0.01139,1.055,,0.99,1785630664
All Pools,Bonfire - BLACK,0.3,False,0.01136,1.052,,0.99,1785630664
All Pools,Penny - BLACK,0.3,False,0.01135,1.051,,0.99,1785630664
All Pools,Who - BLACK,0.3,False,0.01135,1.051,,0.99,1785630664
All Pools,SatoshiNakamoto - BLACK,0.3,False,0.01134,1.052,,0.98,1785630664
All Pools,TrumpCard - BLACK,0.3,False,0.01133,1.054,,0.98,1785630664
All Pools,James - BLACK,0.3,False,0.01132,1.05,,0.98,1785630664
All Pools,Aquarius - BLACK,0.3,False,0.01132,1.058,,0.98,1785630664
All Pools,Seminole - BLACK,0.3,False,0.01131,1.058,,0.98,1785630664
All Pools,DCAR - AVAX,0.3,False,0.01131,0.90262,,1.14,1785630664
All Pools,Alphabet - BLACK,0.3,False,0.01125,1.048,,0.98,1785630664
All Pools,Hexagon - BLACK,0.3,False,0.01124,1.052,,0.97,1785630664
All Pools,Psychic - Gematria,0.3,False,0.0112,45.7,,0.02,1785630664
All Pools,BLACK - Nine,0.3,False,0.01119,1.055,,0.97,1785630664
All Pools,Vampire - BLACK,0.3,False,0.01115,1.051,,0.97,1785630664
All Pools,Zero - BLACK,0.3,False,0.0111,1.053,,0.96,1785630664
All Pools,FITFI - USDC.e,0.3,False,0.01106,0.04257,,23.71,1785630664
All Pools,TT - DAI.e,0.3,False,0.01096,1.851,,0.54,1785630664
All Pools,SaintGermain - BLACK,0.3,False,0.01082,1.091,,0.9,1785630664
All Pools,NOCHILL - ARENA,0.3,False,0.01075,0.29128,,3.37,1785630664
All Pools,BLACK - Gematria,0.3,False,0.01075,1.051,,0.93,1785630664
All Pools,BTC.b - USDC,0.3,False,0.01064,4.19,,0.23,1785630664
All Pools,SYMBIOT - AVAX,0.3,False,0.01063,1.058,,0.92,1785630664
All Pools,Trinity - IfYouKnowYouKnow,0.3,False,0.01045,3.053,,0.31,1785630664
All Pools,AI9000 - USDt,0.3,False,0.01044,0.73461,,1.3,1785630664
All Pools,Degen - DEGEN404,0.3,False,0.01041,216.71,,0.0,1785630664
All Pools,PNG - REDWOLF,0.3,False,0.01039,3.343,,0.28,1785630664
All Pools,JOE - REDWOLF,0.3,False,0.01032,2.514,,0.37,1785630664
All Pools,MAJIN - REDWOLF,0.3,False,0.01022,4.941,,0.19,1785630664
All Pools,AMI - DEGEN404,0.3,False,0.01021,0.6996,,1.33,1785630664
All Pools,BOI - AVAX,0.3,False,0.01017,21.14,,0.04,1785630664
All Pools,BLACK - IfYouKnowYouKnow,0.3,False,0.01012,1.012,,0.91,1785630664
All Pools,Psychic - Line,0.3,False,0.01006,46.36,,0.02,1785630664
All Pools,Psychic - Confusion,0.3,False,0.00992,45.69,,0.02,1785630664
All Pools,KIMBO - GAINS,0.3,False,0.00982,0.82345,,1.09,1785630664
All Pools,Line - BLACK,0.3,False,0.00976,0.90735,,0.98,1785630664
All Pools,EGG - USDT.e,0.3,False,0.00975,1.803,,0.49,1785630664
All Pools,USDC.e - UST,0.3,False,0.00967,1.473,,0.6,1785630664
All Pools,QI - REDWOLF,0.3,False,0.00964,1.186,,0.74,1785630664
All Pools,MEAT - MU,0.3,False,0.00962,0.30011,,2.93,1785630664
All Pools,EGG - AVAX,0.3,False,0.00961,1.269,,0.69,1785630664
All Pools,weETH - AVAX,0.3,False,0.00959,0.29557,,2.96,1785630664
All Pools,Confusion - BLACK,0.3,False,0.00957,1.053,,0.83,1785630664
All Pools,AVAX - LODE,0.3,False,0.00936,0.80371,,1.06,1785630664
All Pools,CRAFT - USDC.e,0.3,False,0.00936,0.7092,,1.2,1785630664
All Pools,COQ - MEAT,0.3,False,0.00927,0.33723,,2.51,1785630664
All Pools,WETH.e - MU,0.3,False,0.00879,1.792,,0.45,1785630664
All Pools,ChristMark - ChristIAmYou,0.3,False,0.00871,19.96,,0.04,1785630664
All Pools,BTC.b - GMX,0.3,False,0.0087,1.279,,0.62,1785630664
All Pools,AMPL - AVAX,0.3,False,0.00857,201.51,,0.0,1785630664
All Pools,BLACK - ChristIAmYou,0.3,False,0.00852,1.073,,0.72,1785630664
All Pools,USDC - AMI,0.3,False,0.00847,0.52143,,1.48,1785630664
All Pools,TEDDY - AVAX,0.3,False,0.00837,12.26,,0.06,1785630664
All Pools,3ULL - USDT.e,0.3,False,0.0083,0.54171,,1.4,1785630664
All Pools,BEE - USDT.e,0.3,False,0.00812,31.94,,0.02,1785630664
All Pools,xARENA - ARENA,0.3,False,0.00811,1.149,,0.64,1785630664
All Pools,Stolen - BLACK,0.3,False,0.00807,2.422,,0.3,1785630664
All Pools,BEE - AVAX,0.3,False,0.00801,0.65495,,1.12,1785630664
All Pools,zJoe - AMI,0.3,False,0.00796,0.11907,,6.1,1785630664
All Pools,AVAX - WARP,0.3,False,0.00792,1.101,,0.66,1785630664
All Pools,ELXR - USDC.e,0.3,False,0.00779,1036.79,,,1785630664
All Pools,Orange - BLACK,0.3,False,0.00777,1.81,,0.39,1785630664
All Pools,AMI - JUICY,0.3,False,0.00777,0.46862,,1.51,1785630664
All Pools,CAI - AVAX,0.3,False,0.00777,1209.16,,,1785630664
All Pools,ETHM - DAI.e,0.3,False,0.00768,0.5948,,1.18,1785630664
All Pools,CAI - AMI,0.3,False,0.00767,0.33283,,2.1,1785630664
All Pools,GAINS - MEAT,0.3,False,0.00756,0.52751,,1.31,1785630664
All Pools,HUSKY - aXEN,0.3,False,0.00754,0.03921,,17.55,1785630664
All Pools,HIGHER - AVAX,0.3,False,0.00752,1.164,,0.59,1785630664
All Pools,Who - BLACK,0.3,False,0.00746,2.148,,0.32,1785630664
All Pools,3ULL - USDC,0.3,False,0.00727,0.54242,,1.22,1785630664
All Pools,WABBIT - AVAX,0.3,False,0.00712,3827.38,,,1785630664
All Pools,LYD - AVAX,0.3,False,0.00704,0.61996,,1.04,1785630664
All Pools,LoveIsTheKey - BLACK,0.3,False,0.00703,3.399,,0.19,1785630664
All Pools,MU - WAIFU,0.3,False,0.00701,126.77,,0.01,1785630664
All Pools,SYMBIOT - HOST,0.3,False,0.00698,0.5006,,1.27,1785630664
All Pools,USDT.e - CAKE,0.3,False,0.0069,48.07,,0.01,1785630664
All Pools,GMX - JOE,0.3,False,0.00688,0.27454,,2.29,1785630664
All Pools,AVAX - CAKE,0.3,False,0.00683,0.58771,,1.06,1785630664
All Pools,MU - KET,0.3,False,0.00678,0.83443,,0.74,1785630664
All Pools,PNG - USDT.e,0.3,False,0.00677,0.77755,,0.79,1785630664
All Pools,DAI.e - HOST,0.3,False,0.00661,15.06,,0.04,1785630664
All Pools,Hydrogen - BLACK,0.3,False,0.00657,2.166,,0.28,1785630664
All Pools,sAVAX - USDC,0.3,False,0.00653,0.44201,,1.35,1785630664
All Pools,xARENA - USDC,0.3,False,0.00653,0.14219,,4.19,1785630664
All Pools,USV - AVAX,0.3,False,0.00641,0.90242,,0.65,1785630664
All Pools,SOB - LUNA,0.3,False,0.00631,0.72031,,0.8,1785630664
All Pools,SOB - AVAX,0.3,False,0.00627,365.95,,0.0,1785630664
All Pools,SNO Token - JOE,0.3,False,0.00625,43.23,,0.01,1785630664
All Pools,BOI - MU,0.3,False,0.00623,0.39296,,1.45,1785630664
All Pools,SNO Token - AVAX,0.3,False,0.00621,1.018,,0.56,1785630664
All Pools,JOE - zJoe,0.3,False,0.00616,923.06,,,1785630664
All Pools,BEAM - MU,0.3,False,0.0061,0.91096,,0.61,1785630664
All Pools,USDt - TT,0.3,False,0.00608,1.99,,0.28,1785630664
All Pools,WETH - AVAX,0.3,False,0.00599,0.98156,,0.56,1785630664
All Pools,GAINS - Degen,0.3,False,0.00587,1.39,,0.39,1785630664
All Pools,USDC - SPT,0.3,False,0.00587,0.19998,,2.68,1785630664
All Pools,MIM - GG,0.3,False,0.00586,2.872,,0.19,1785630664
All Pools,GG - AVAX,0.3,False,0.00583,4.675,,0.11,1785630664
All Pools,FINANCE - NOCHILL,0.3,False,0.00571,343.71,,0.0,1785630664
All Pools,SLOT - USDC.e,0.3,False,0.00556,0.34937,,1.45,1785630664
All Pools,USDC.e - SAGE,0.3,False,0.00552,2.037,,0.25,1785630664
All Pools,CRA - USDC.e,0.3,False,0.00548,0.45963,,1.09,1785630664
All Pools,AVAX - SAGE,0.3,False,0.00545,0.68673,,0.72,1785630664
All Pools,KANA - USDC,0.3,False,0.00541,0.41611,,1.19,1785630664
All Pools,REDWOLF - SHRAP,0.3,False,0.00535,0.72462,,0.67,1785630664
All Pools,KANA - AVAX,0.3,False,0.00535,757.74,,,1785630664
All Pools,SUB - USDC,0.3,False,0.00528,69.17,,0.01,1785630664
All Pools,SUB - AVAX,0.3,False,0.00521,0.41442,,1.15,1785630664
All Pools,Degen - AMI,0.3,False,0.00518,0.7485,,0.63,1785630664
All Pools,USDT.e - WARP,0.3,False,0.00513,0.81856,,0.57,1785630664
All Pools,WABBIT - AMI,0.3,False,0.00503,0.76341,,0.6,1785630664
All Pools,HIGHER - AMI,0.3,False,0.00501,1.94,,0.24,1785630664
All Pools,TEDDY - USDC,0.3,False,0.00501,0.37958,,1.2,1785630664
All Pools,SLUSH - USDT.e,0.3,False,0.00467,1.232,,0.35,1785630664
All Pools,SLUSH - AVAX,0.3,False,0.0046,0.53666,,0.78,1785630664
All Pools,AUX - USDC,0.3,False,0.00457,633.04,,,1785630664
All Pools,GMX - USDt,0.3,False,0.00452,0.34493,,1.2,1785630664
All Pools,Gravity - ThreeThreeSeven,0.3,False,0.00451,1.43,,0.29,1785630664
All Pools,AUX - AVAX,0.3,False,0.0045,0.2977,,1.38,1785630664
All Pools,MAXI - AVAX,0.3,False,0.00441,0.62581,,0.64,1785630664
All Pools,Anon - USDC,0.3,False,0.00439,0.61562,,0.65,1785630664
All Pools,GAINS - TECH,0.3,False,0.00434,0.39247,,1.01,1785630664
All Pools,TEST - USDT.e,0.3,False,0.00427,3.713,,0.1,1785630664
All Pools,SLEEP - AMI,0.3,False,0.00421,33.73,,0.01,1785630664
All Pools,MIM - TEST,0.3,False,0.0042,0.34562,,1.11,1785630664
All Pools,FLOT - COQ,0.3,False,0.0042,0.4725,,0.81,1785630664
All Pools,KIMBO - UNIQOC,0.3,False,0.00418,0.41511,,0.92,1785630664
All Pools,Balln - AMI,0.3,False,0.00418,0.49939,,0.76,1785630664
All Pools,WET - USDT.e,0.3,False,0.00417,0.35997,,1.06,1785630664
All Pools,FLOT - AVAX,0.3,False,0.00416,2755.6,,,1785630664
All Pools,tst1 - USDT.e,0.3,False,0.00413,2.592,,0.15,1785630664
All Pools,tst1 - AVAX,0.3,False,0.00408,0.45792,,0.81,1785630664
All Pools,NXPC - USDC,0.3,False,0.00405,0.66248,,0.56,1785630664
All Pools,SolarDAO - USDT.e,0.3,False,0.00401,1.99,,0.18,1785630664
All Pools,NXPC - AVAX,0.3,False,0.00401,0.95229,,0.38,1785630664
All Pools,COQ - EGG,0.3,False,0.00397,0.36053,,1.0,1785630664
All Pools,BOI - AMI,0.3,False,0.00396,0.26416,,1.37,1785630664
All Pools,SolarDAO - AVAX,0.3,False,0.00395,0.31525,,1.14,1785630664
All Pools,AMI - KONG,0.3,False,0.00389,0.26237,,1.35,1785630664
All Pools,LUNA - USDC,0.3,False,0.00385,1.326,,0.27,1785630664
All Pools,USDC.e - WET,0.3,False,0.00384,0.36008,,0.97,1785630664
All Pools,COQ - JUICY,0.3,False,0.0038,0.35663,,0.97,1785630664
All Pools,BLACK - ThreeThreeSeven,0.3,False,0.00374,0.16226,,2.1,1785630664
All Pools,CGS - USDC.e,0.3,False,0.00373,1.316,,0.26,1785630664
All Pools,BTC.b - SPT,0.3,False,0.00372,0.14551,,2.34,1785630664
All Pools,UNIQOC - WOLF,0.3,False,0.00372,0.26369,,1.29,1785630664
All Pools,ETHM - USDC.e,0.3,False,0.00371,0.43086,,0.79,1785630664
All Pools,CGS - AVAX,0.3,False,0.00368,0.39006,,0.86,1785630664
All Pools,AUSD - HUSKY,0.3,False,0.00367,0.45142,,0.74,1785630664
All Pools,COQ - SHEN,0.3,False,0.00352,0.31509,,1.02,1785630664
All Pools,TRACTOR - JOE,0.3,False,0.00349,1.015,,0.31,1785630664
All Pools,WINK - NOCHILL,0.3,False,0.00348,0.28203,,1.13,1785630664
All Pools,MEOW - AMI,0.3,False,0.00347,0.31517,,1.0,1785630664
All Pools,SHEN - AVAX,0.3,False,0.00346,38.97,,0.01,1785630664
All Pools,WINK - AVAX,0.3,False,0.00343,32.53,,0.01,1785630664
All Pools,SYMBIOT - DAI.e,0.3,False,0.00341,0.39871,,0.78,1785630664
All Pools,QI - USDC,0.3,False,0.0034,0.07407,,4.19,1785630664
All Pools,ASND - USDT.e,0.3,False,0.00337,0.68159,,0.45,1785630664
All Pools,WOLF - REDWOLF,0.3,False,0.00332,0.21793,,1.39,1785630664
All Pools,AVAX - ASND,0.3,False,0.0033,0.24021,,1.25,1785630664
All Pools,OH - USDC.e,0.3,False,0.00329,0.31265,,0.96,1785630664
All Pools,UNIQOC - GEC,0.3,False,0.00329,0.20918,,1.44,1785630664
All Pools,OH - AVAX,0.3,False,0.00326,62.06,,0.0,1785630664
All Pools,JOE - USDR,0.3,False,0.00323,0.50161,,0.59,1785630664
All Pools,YAK - JOE,0.3,False,0.00319,0.59122,,0.49,1785630664
All Pools,RUG - USDT.e,0.3,False,0.00312,9.693,,0.03,1785630664
All Pools,AVAX - RUG,0.3,False,0.00308,0.28765,,0.98,1785630664
All Pools,USDC.e - GG,0.3,False,0.00302,0.26486,,1.04,1785630664
All Pools,TECH - REDWOLF,0.3,False,0.00299,0.56292,,0.48,1785630664
All Pools,AVAX - NXUSD,0.3,False,0.00292,0.35861,,0.74,1785630664
All Pools,USDT.e - FTEST,0.3,False,0.00291,1.254,,0.21,1785630664
All Pools,AVAX - STICK,0.3,False,0.00289,1064.5,,,1785630664
All Pools,AVAX - FTEST,0.3,False,0.00288,0.31294,,0.84,1785630664
All Pools,USDC.e - WARP,0.3,False,0.00286,0.78042,,0.33,1785630664
All Pools,USDC.e - TIME,0.3,False,0.00284,0.17775,,1.46,1785630664
All Pools,STICK - AMI,0.3,False,0.00284,0.14865,,1.74,1785630664
All Pools,ERROR - AMI,0.3,False,0.00281,1.926,,0.13,1785630664
All Pools,AVAX - SYMBIOT,0.3,False,0.00281,0.25495,,1.0,1785630664
All Pools,CRA - USDT.e,0.3,False,0.00279,0.21681,,1.17,1785630664
All Pools,CREAM - STRAW,0.3,False,0.00279,0.16808,,1.51,1785630664
All Pools,ACTA - USDt,0.3,False,0.00277,463.3,,,1785630664
All Pools,CREAM - AVAX,0.3,False,0.00274,149.04,,0.0,1785630664
All Pools,ACTA - AVAX,0.3,False,0.00273,0.18168,,1.37,1785630664
All Pools,YEEHAW - ABC,0.3,False,0.0027,0.21968,,1.12,1785630664
All Pools,DAI.e - SYMBIOT,0.3,False,0.00266,1.322,,0.18,1785630664
All Pools,JOE - USDt,0.3,False,0.0026,0.59875,,0.4,1785630664
All Pools,MM - USDC.e,0.3,False,0.00257,0.35023,,0.67,1785630664
All Pools,AMI - MOOCH,0.3,False,0.00252,0.37585,,0.61,1785630664
All Pools,AVAX - MOOCH,0.3,False,0.0025,0.28817,,0.79,1785630664
All Pools,HIGHER - NOCHILL,0.3,False,0.0025,0.16715,,1.36,1785630664
All Pools,MUMO - USDC,0.3,False,0.00247,7.913,,0.03,1785630664
All Pools,sAVAX - USDC.e,0.3,False,0.00244,0.11026,,2.02,1785630664
All Pools,DUO - USDT.e,0.3,False,0.00243,1.664,,0.13,1785630664
All Pools,MUMO - AVAX,0.3,False,0.00242,0.14164,,1.56,1785630664
All Pools,xAVAX - USDC,0.3,False,0.00241,0.21047,,1.05,1785630664
All Pools,sAVAX - AMI,0.3,False,0.00236,0.25084,,0.86,1785630664
All Pools,YEEHAW - xAVAX,0.3,False,0.00235,0.20181,,1.06,1785630664
All Pools,THOR - USDC.e,0.3,False,0.00227,0.21196,,0.98,1785630664
All Pools,USDC.e - USDC,0.3,False,0.00226,481073.0,,,1785630664
All Pools,USDC.e - BANKSY,0.3,False,0.00225,0.64971,,0.32,1785630664
All Pools,THOR - AVAX,0.3,False,0.00225,22459.0,,,1785630664
All Pools,JEWEL - AVAX,0.3,False,0.00224,0.15845,,1.29,1785630664
All Pools,FEED - AMI,0.3,False,0.00224,0.13884,,1.47,1785630664
All Pools,AVAX - BANKSY,0.3,False,0.00221,0.17748,,1.14,1785630664
All Pools,BANKSY - USDT.e,0.3,False,0.00214,0.6479,,0.3,1785630664
All Pools,MAJIN - AMI,0.3,False,0.00211,0.09378,,2.05,1785630664
All Pools,BANKSY - AVAX,0.3,False,0.0021,0.14994,,1.28,1785630664
All Pools,WABBIT - MU,0.3,False,0.0021,0.08537,,2.24,1785630664
All Pools,AVE - AVAX,0.3,False,0.00206,2.892,,0.07,1785630664
All Pools,DWC - AMI,0.3,False,0.002,0.07658,,2.38,1785630664
All Pools,zJoe - AVAX,0.3,False,0.00198,0.08047,,2.25,1785630664
All Pools,USDC.e - CHAM,0.3,False,0.00196,0.75919,,0.24,1785630664
All Pools,AIVAX - AMI,0.3,False,0.00194,0.08291,,2.14,1785630664
All Pools,ABOB - AVAX,0.3,False,0.00191,562.42,,,1785630664
All Pools,BRUH - AVAX,0.3,False,0.00189,838.67,,,1785630664
All Pools,USDC - OK,0.3,False,0.00188,1.181,,0.15,1785630664
All Pools,ABOB - AMI,0.3,False,0.00187,0.08908,,1.92,1785630664
All Pools,QI - USDC.e,0.3,False,0.00186,0.67817,,0.25,1785630664
All Pools,BRUH - AMI,0.3,False,0.00185,0.0837,,2.01,1785630664
All Pools,USDC - WXGEM,0.3,False,0.00184,0.08394,,2.0,1785630664
All Pools,AVAX - WXGEM,0.3,False,0.0018,892.47,,,1785630664
All Pools,YEEHAW - MU,0.3,False,0.0018,0.12379,,1.33,1785630664
All Pools,xARENA - AVAX,0.3,False,0.0018,0.05443,,3.02,1785630664
All Pools,LAMA - AVAX,0.3,False,0.00178,7906.68,,,1785630664
All Pools,PUSH - AVAX,0.3,False,0.00177,0.35635,,0.45,1785630664
All Pools,BMOON - AVAX,0.3,False,0.00175,0.12895,,1.24,1785630664
All Pools,YEEHAW - Gladiator,0.3,False,0.00174,0.09713,,1.63,1785630664
All Pools,LAMA - AMI,0.3,False,0.00173,0.06523,,2.42,1785630664
All Pools,PUSH - AMI,0.3,False,0.00173,0.10291,,1.53,1785630664
All Pools,MU - GEC,0.3,False,0.00173,0.07201,,2.19,1785630664
All Pools,AVAX - ncash,0.3,False,0.00173,0.00433,,36.38,1785630664
All Pools,WOLF - USDt,0.3,False,0.00172,0.0772,,2.03,1785630664
All Pools,KIMBO - MU,0.3,False,0.00164,0.06797,,2.2,1785630664
All Pools,SIA - USDC.e,0.3,False,0.00163,0.67936,,0.22,1785630664
All Pools,STINU - AVAX,0.3,False,0.00163,24.18,,0.01,1785630664
All Pools,APEX - AVAX,0.3,False,0.00161,0.4774,,0.31,1785630664
All Pools,APOW - USDt,0.3,False,0.0016,0.18261,,0.8,1785630664
All Pools,SIA - AVAX,0.3,False,0.00159,0.06778,,2.14,1785630664
All Pools,STINU - AMI,0.3,False,0.00159,0.0659,,2.2,1785630664
All Pools,APEX - AMI,0.3,False,0.00157,0.07541,,1.9,1785630664
All Pools,APOW - AVAX,0.3,False,0.00156,0.11696,,1.22,1785630664
All Pools,LIRA - USDt,0.3,False,0.00155,0.06712,,2.11,1785630664
All Pools,LIRA - AVAX,0.3,False,0.00154,9.753,,0.01,1785630664
All Pools,LIRA - BUSD,0.3,False,0.00148,0.06727,,2.01,1785630664
All Pools,ABC - MU,0.3,False,0.00146,0.046,,2.89,1785630664
All Pools,AVAX - COMP.e,0.3,False,0.00145,0.06317,,2.09,1785630664
All Pools,BOOTY - HOWDY,0.3,False,0.0014,0.0144,,8.9,1785630664
All Pools,PIZZA - USDC.e,0.3,False,0.00137,0.06832,,1.83,1785630664
All Pools,PIZZA - AVAX,0.3,False,0.00134,358.84,,,1785630664
All Pools,BAWLS - AVAX,0.3,False,0.0013,11.12,,0.01,1785630664
All Pools,BAWLS - AMI,0.3,False,0.00126,0.04174,,2.75,1785630664
All Pools,BTC.b - AMI,0.3,False,0.00121,0.03001,,3.67,1785630664
All Pools,LOK - AVAX,0.3,False,0.00118,172.25,,,1785630664
All Pools,yes - AVAX,0.3,False,0.00116,867.69,,,1785630664
All Pools,LOK - AMI,0.3,False,0.00114,0.03683,,2.84,1785630664
All Pools,AAVE.e - USDC,0.3,False,0.00114,0.03202,,3.24,1785630664
All Pools,yes - ARENA,0.3,False,0.00113,0.039,,2.64,1785630664
All Pools,Quet - ARENA,0.3,False,,0.47258,,0.18,1785630664
All Pools,AUSD - Quet,0.3,False,,0.02075,,3.83,1785630664
All Pools,gOHM - USDC,0.3,False,,0.02703,,2.57,1785630664
All Pools,LUEEGI - USDt,0.3,False,,0.06857,,0.99,1785630664
All Pools,AAVE.e - MU,0.3,False,,0.04322,,1.51,1785630664
All Pools,BUSD - USDT.e,0.3,False,,0.07072,,0.91,1785630664
All Pools,LUEEGI - AMI,0.3,False,,0.01108,,5.68,1785630664
All Pools,ORDER - AVAX,0.3,False,,0.05014,,1.15,1785630664
All Pools,ORDER - ARENA,0.3,False,,0.01079,,5.01,1785630664
All Pools,BTC.b - UNIQOC,0.3,False,,0.00626,,8.39,1785630664
All Pools,SYN - JOE,0.3,False,,0.00975,,5.36,1785630664
All Pools,AVAX - BOINKO,0.3,False,,0.00101,,49.02,1785630664
All Pools,savUSD - avUSD,0.3,False,,5.813,,0.01,1785630664
All Pools,USDT.e - AMC,0.3,False,,0.06732,,0.28,1785630664
All Pools,MEOW - USDC,0.3,False,,0.01124,,1.68,1785630664
All Pools,AVAX - AMC,0.3,False,,0.03018,,0.62,1785630664
All Pools,MEMO - AVAX,0.3,False,,0.01044,,1.46,1785630664
All Pools,CONY - USDT.e,0.3,False,,0.08206,,0.13,1785630664
All Pools,CONY - AVAX,0.3,False,,0.04412,,0.25,1785630664
All Pools,CRAFT - USDT.e,0.3,False,,0.00522,,1.62,1785630664
All Pools,USDC.e - CORN,0.3,False,,0.97351,,0.0,1785630664
All Pools,USDT.e - CORN,0.3,False,,161.63,,,1785630664
All Pools,BAT.e - AVAX,0.3,False,,0.00105,,2.58,1785630664
All Pools,MIM - MEMO,0.3,False,,,,9.83,1785630664
All Pools,FATE - USDC,0.3,False,,445144.0,,,1785630664
All Pools,USDT.e - ICE,0.3,False,,,,2.03,1785630664
All Pools,ISHARE - ICE,0.3,False,,,,15.74,1785630664
All Pools,ISHARE - USDT.e,0.3,False,,,,0.2,1785630664
All Pools,MOOM - JUCI,0.3,False,0.0,0.0,0.0,0.0,1785630664
All Pools,ElvisJackpot - SaintGermain,0.3,False,0.0,0.0,0.0,0.0,1785630664
All Pools,AVAX - USDC,0.05,False,433542.0,434046.0,238.72,20.07,1785634260
All Pools,WBTC.e - BTC.b,0.03,False,83383.0,225276.0,25.08,4.06,1785634260
All Pools,sAVAX - AVAX,0.01,False,41927.0,59599.0,4.225,2.59,1785634260
All Pools,COQ - AVAX,0.3,False,31572.0,392989.0,78.93,7.33,1785634260
All Pools,DAI.e - USDC,0.02,False,28562.0,26894.0,7.777,10.55,1785634260
All Pools,FOLKS - AVAX,0.25,False,27928.0,35023.0,72.67,75.73,1785634260
All Pools,ARENA - AVAX,0.01,False,21318.0,175577.0,2.128,0.44,1785634260
All Pools,AVAX - USDT.e,0.3,False,19444.0,459502.0,48.61,3.86,1785634260
All Pools,USDt - USDC,0.01,False,19111.0,163091.0,1.538,0.34,1785634260
All Pools,AUSD - USDC,0.01,False,18816.0,53040.0,1.86,1.28,1785634260
All Pools,USDT.e - USDt,0.02,False,17923.0,44496.0,3.655,3.0,1785634260
All Pools,AVAX - USDt,0.2,False,16982.0,95399.0,34.62,13.25,1785634260
All Pools,USDT.e - USDC,0.02,False,14501.0,51128.0,3.37,2.41,1785634260
All Pools,AVAX - USDC,0.3,False,12846.0,338494.0,32.11,3.46,1785634260
All Pools,USDC.e - AVAX,0.3,False,12830.0,356756.0,32.07,3.28,1785634260
All Pools,USDt - USDC,0.005,False,12502.0,160235.0,0.90834,0.21,1785634260
All Pools,JOE - USDC.e,0.3,False,10002.0,242792.0,25.01,3.76,1785634260
All Pools,BTC.b - USDC,0.05,False,8754.64,565478.0,4.477,0.29,1785634260
All Pools,AAVE.e - AVAX,0.3,False,8449.16,248169.0,21.12,3.11,1785634260
All Pools,WETH.e - USDC,0.15,False,6831.51,9860.35,10.28,38.06,1785634260
All Pools,JOE - AVAX,0.3,False,5838.59,193355.0,14.6,2.76,1785634260
All Pools,USDC - XAVA,0.3,False,5259.35,416221.0,13.15,1.15,1785634260
All Pools,USDC.e - USDC,0.02,False,4517.2,9724.68,0.45696,1.72,1785634260
All Pools,WETH.e - AVAX,0.3,False,4429.72,365312.0,11.07,1.11,1785634260
All Pools,QI - AVAX,0.3,False,4371.61,115138.0,10.93,3.46,1785634260
All Pools,XAUt0 - USDt,0.04,False,4321.74,25780.0,2.067,2.93,1785634260
All Pools,AVAX - BTC.b,0.05,False,4258.19,25237.0,3.228,4.67,1785634260
All Pools,WBTC.e - AVAX,0.3,False,3352.78,127876.0,8.382,2.39,1785634260
All Pools,NXUSD - WXT,0.3,False,2855.79,432446.0,7.139,0.6,1785634260
All Pools,DAI.e - USDC,0.02,False,2472.52,2301.47,0.64237,10.19,1785634260
All Pools,MIM - AVAX,0.3,False,2269.63,125753.0,5.674,1.65,1785634260
All Pools,gOHM - AVAX,0.3,False,2191.24,123790.0,5.478,1.62,1785634260
All Pools,BTC.b - AVAX,0.3,False,2057.17,104523.0,5.143,1.8,1785634260
All Pools,NOCHILL - AVAX,0.3,False,2049.03,47009.0,5.123,3.98,1785634260
All Pools,XAVA - AVAX,0.8,False,2012.63,123172.0,16.41,4.86,1785634260
All Pools,USDt - AVAX,0.3,False,1534.3,37681.0,3.836,3.72,1785634260
All Pools,NXPC - USDC,0.8,False,1511.69,558.43,12.25,800.71,1785634260
All Pools,BEAM - USDC,0.3,False,1499.92,63078.0,3.75,2.17,1785634260
All Pools,JOE - USDT.e,0.3,False,1404.12,48685.0,3.51,2.63,1785634260
All Pools,JPYC - USDC,0.04,False,1209.73,3371.36,0.60847,6.59,1785634260
All Pools,ORNG - AVAX,0.3,False,1184.34,16321.0,2.961,6.62,1785634260
All Pools,XAVA - USDC,0.8,False,1174.97,152102.0,9.406,2.26,1785634260
All Pools,SYN - AVAX,0.3,False,1138.15,3054.87,2.845,34.0,1785634260
All Pools,USDC.e - USDC,0.02,False,1108.61,3892.38,0.22237,2.09,1785634260
All Pools,AUSD - USDt,0.01,False,1068.91,53860.0,0.13386,0.09,1785634260
All Pools,USDt - ncash,0.3,False,1029.95,665.54,2.575,141.21,1785634260
All Pools,BEAM - AVAX,0.25,False,997.59,13278.0,2.54,6.98,1785634260
All Pools,ALOT - AVAX,0.3,False,786.32,400.53,1.966,179.14,1785634260
All Pools,JOE - USDC,0.3,False,664.14,22082.0,1.66,2.74,1785634260
All Pools,SOL - USDC,0.1,False,657.71,169.27,3.134,675.83,1785634260
All Pools,USDC.e - USDC,0.02,False,599.31,1948.89,0.12151,2.28,1785634260
All Pools,GUN - AVAX,0.25,False,588.23,7997.75,1.508,6.88,1785634260
All Pools,AVAX - DAI.e,0.3,False,577.97,27859.0,1.445,1.89,1785634260
All Pools,MUON - AVAX,0.3,False,568.13,37378.0,1.42,1.39,1785634260
All Pools,XSGD - USDC,0.05,False,532.37,2087.5,0.29648,5.18,1785634260
All Pools,XAVA - AVAX,0.25,False,520.01,2220.07,1.315,21.63,1785634260
All Pools,SB - AVAX,0.3,False,442.7,5826.72,1.107,6.93,1785634260
All Pools,SOL - USDC,0.3,False,426.84,20.55,1.067,1895.77,1785634260
All Pools,SolvBTC - BTC.b,0.04,False,425.45,173896.0,0.15266,0.03,1785634260
All Pools,LINK.e - AVAX,0.3,False,424.68,37900.0,1.062,1.02,1785634260
All Pools,YEEHAW - CHAMP,0.3,False,412.22,940.56,1.031,39.99,1785634260
All Pools,USDT.e - USDC,0.02,False,412.19,898.62,0.04775,1.94,1785634260
All Pools,HUNDRED - USDC,0.3,False,395.93,481071.0,0.98982,0.08,1785634260
All Pools,KIMBO - AVAX,0.3,False,395.92,36983.0,0.9898,0.98,1785634260
All Pools,CHAMP - ARENA,0.3,False,386.69,16.46,0.96672,2143.22,1785634260
All Pools,BIG - AVAX,0.0,False,361.04,158.81,0.0,0.0,1785634260
All Pools,WOLF - AVAX,0.3,False,334.65,25036.0,0.83663,1.22,1785634260
All Pools,ISA - AVAX,0.3,False,304.49,15502.0,0.76122,1.79,1785634260
All Pools,GMX - AVAX,0.3,False,301.19,3796.87,0.75299,7.24,1785634260
All Pools,AVAX - JUICE,0.3,False,286.15,9836.9,0.71537,2.65,1785634260
All Pools,KLO - AVAX,0.3,False,273.39,6473.61,0.68348,3.85,1785634260
All Pools,ZRO - AVAX,0.25,False,267.3,1465.49,0.68883,17.16,1785634260
All Pools,AI - AVAX,0.3,False,264.45,3013.21,0.66113,8.01,1785634260
All Pools,AVAX - GEC,0.3,False,228.21,24302.0,0.57052,0.86,1785634260
All Pools,HEFE - AVAX,0.3,False,226.6,26700.0,0.5665,0.77,1785634260
All Pools,PRIME - AVAX,0.4,False,212.01,92605.0,3.185,1.26,1785634260
All Pools,COQ - COQAI,0.3,False,203.08,18539.0,0.50769,1.0,1785634260
All Pools,EURC - USDC,0.03,False,191.05,10324.0,0.05041,0.18,1785634260
All Pools,QI - AVAX,0.25,False,188.17,8402.4,0.47831,2.08,1785634260
All Pools,AVAX - XAVA,0.3,False,161.12,10705.0,0.40281,1.37,1785634260
All Pools,w3ULL - AVAX,0.3,False,149.99,46060.0,0.37498,0.3,1785634260
All Pools,DAI.e - USDt,0.25,False,146.74,20516.0,0.34042,0.61,1785634260
All Pools,WTHT - USDC,0.8,False,131.94,186.17,1.971,386.5,1785634260
All Pools,STG - AVAX,0.3,False,106.6,926.5,0.26649,10.5,1785634260
All Pools,WETH.e - USDC.e,0.3,False,97.17,11007.0,0.24292,0.81,1785634260
All Pools,STG - USDC,0.3,False,96.57,1132.48,0.24142,7.78,1785634260
All Pools,UST - AVAX,0.3,False,93.45,5359.73,0.23363,1.59,1785634260
All Pools,BLSEYE🎯 - AVAX,0.3,False,86.34,4500.56,0.21584,1.75,1785634260
All Pools,MIM - SB,0.3,False,85.62,1549.82,0.21406,5.04,1785634260
All Pools,AVAX - TOPIA,0.3,False,80.78,1493.84,0.20196,4.93,1785634260
All Pools,GGP - AVAX,0.3,False,79.55,15487.0,0.19888,0.47,1785634260
All Pools,FLD - AVAX,0.3,False,79.41,34664.0,0.19852,0.21,1785634260
All Pools,gOHM - FRAX,0.3,False,67.76,3422.48,0.1694,1.81,1785634260
All Pools,JEWEL - USDC,0.3,False,67.35,3902.37,0.16837,1.57,1785634260
All Pools,SHRAP - AVAX,0.8,False,55.05,7511.13,0.44375,2.16,1785634260
All Pools,XPOW - AVAX,0.3,False,54.52,1108.49,0.1363,4.49,1785634260
All Pools,AVAX - DOMI,0.3,False,52.8,10113.0,0.13201,0.48,1785634260
All Pools,MEAT - AVAX,0.3,False,52.77,2732.34,0.13192,1.76,1785634260
All Pools,XSEED - AVAX,0.3,False,51.08,7404.98,0.12769,0.63,1785634260
All Pools,WBTC - BTC.b,0.03,False,49.6,66636.0,0.01689,0.01,1785634260
All Pools,SWORLD - AVAX,0.3,False,49.09,2091.81,0.12272,2.14,1785634260
All Pools,USDV - AVAX,0.25,False,46.03,2471.23,0.56044,8.28,1785634260
All Pools,GURS - AVAX,0.3,False,44.12,4941.15,0.11029,0.81,1785634260
All Pools,AVAX - UST,0.3,False,41.46,6330.47,0.10365,0.6,1785634260
All Pools,AVAX - aXEN,0.3,False,41.42,126.97,0.10356,29.77,1785634260
All Pools,APOW - AVAX,0.3,False,39.59,1556.49,0.09897,2.32,1785634260
All Pools,BLSEYE🎯 - ARENA,0.3,False,38.64,1098.81,0.09659,3.21,1785634260
All Pools,HOWDY - USDC,0.3,False,37.67,3039.09,0.09419,1.13,1785634260
All Pools,ROCO - AVAX,0.3,False,37.12,1298.49,0.09279,2.61,1785634260
All Pools,YAK - AVAX,0.3,False,36.85,2277.07,0.09213,1.48,1785634260
All Pools,AVAX - HOOF,0.3,False,36.19,1545.44,0.09047,2.14,1785634260
All Pools,APOW - XPOW,0.3,False,35.66,1360.12,0.08915,2.39,1785634260
All Pools,ISA - USDC.e,0.3,False,34.7,1354.48,0.08675,2.34,1785634260
All Pools,FITFI - USDT.e,0.3,False,34.18,67.68,0.08545,46.08,1785634260
All Pools,Psychic - AVAX,0.3,False,34.09,853.49,0.08524,3.65,1785634260
All Pools,TECH - AVAX,0.3,False,31.49,8547.16,0.07872,0.34,1785634260
All Pools,AVAX - AMI,0.3,False,30.88,357.94,0.0772,7.87,1785634260
All Pools,HOWDY - AVAX,0.3,False,29.44,6594.57,0.0736,0.41,1785634260
All Pools,XPOW - AVAX,0.8,False,24.53,387.25,0.20095,18.94,1785634260
All Pools,ROY - AVAX,0.3,False,22.34,3628.9,0.05585,0.56,1785634260
All Pools,HERESY - AVAX,0.3,False,21.98,13847.0,0.05495,0.14,1785634260
All Pools,USDV - AVAX,0.8,False,19.99,1.813,0.18137,3650.43,1785634260
All Pools,BTC.b - TOPIA,0.3,False,19.95,525.64,0.04988,3.46,1785634260
All Pools,Psychic - XAUt0,0.3,False,19.79,5707.74,0.04948,0.32,1785634260
All Pools,BNB - AVAX,0.3,False,18.79,2743.5,0.04697,0.62,1785634260
All Pools,MIM - USDT.e,0.3,False,17.62,1065.71,0.04405,1.51,1785634260
All Pools,PNG - AVAX,0.3,False,17.17,771.59,0.04292,2.03,1785634260
All Pools,APIX - ARENA,0.3,False,16.32,18.71,0.0408,79.58,1785634260
All Pools,SECOND - USDC,0.3,False,16.25,6889.33,0.04062,0.22,1785634260
All Pools,SECOND - AVAX,0.3,False,16.22,1398.09,0.04055,1.06,1785634260
All Pools,COQ - AVAX,0.8,False,15.8,2882.45,0.13658,1.73,1785634260
All Pools,RGOGLZ - USDC,0.3,False,15.41,1294.41,0.03853,1.09,1785634260
All Pools,ABC - AVAX,0.3,False,14.91,407.87,0.03727,3.34,1785634260
All Pools,HOWDY - AMI,0.3,False,14.61,1357.8,0.03651,0.98,1785634260
All Pools,LF - AVAX,0.3,False,14.39,233.61,0.03596,5.62,1785634260
All Pools,USDt - USDC,0.02,False,13.75,2235.89,0.00275,0.04,1785634260
All Pools,USDt - INFRA.e,0.3,False,13.73,24278.0,0.03432,0.05,1785634260
All Pools,USDt - USDC,0.0,False,13.07,14.93,0.0,0.0,1785634260
All Pools,YEEHAW - HOWDY,0.3,False,12.03,7042.97,0.03006,0.16,1785634260
All Pools,DCAU - USDT.e,0.3,False,11.69,4974.86,0.02922,0.21,1785634260
All Pools,AVAX - FRAX,0.3,False,11.48,650.58,0.02871,1.61,1785634260
All Pools,OSAK - AVAX,0.3,False,11.24,3107.7,0.02809,0.33,1785634260
All Pools,APIX - ID,0.3,False,11.16,88.27,0.0279,11.54,1785634260
All Pools,CHAMP - AMI,0.3,False,11.03,26.94,0.02757,37.36,1785634260
All Pools,MIM - USDC.e,0.3,False,10.9,542.15,0.02726,1.84,1785634260
All Pools,DGLD - AVAX,0.1,False,10.53,635.13,0.01054,0.61,1785634260
All Pools,DCAU - AVAX,0.3,False,10.29,979.9,0.02573,0.96,1785634260
All Pools,YUSD - AVAX,0.3,False,10.25,114.29,0.02563,8.19,1785634260
All Pools,APIX - USDt,0.3,False,9.664,41.17,0.02416,21.42,1785634260
All Pools,Gladiator - ARENA,0.3,False,8.426,470.22,0.02106,1.64,1785634260
All Pools,USV - DAI.e,0.3,False,8.342,3973.64,0.02086,0.19,1785634260
All Pools,Gladiator - USDC,0.3,False,8.089,305.26,0.02022,2.42,1785634260
All Pools,AVAX - FRAX,0.3,False,7.957,199.16,0.01989,3.65,1785634260
All Pools,GB - AVAX,0.3,False,7.854,1709.05,0.01964,0.42,1785634260
All Pools,SPORE - USDC,0.3,False,7.746,1352.24,0.01937,0.52,1785634260
All Pools,HUSKY - AVAX,0.3,False,7.674,2028.06,0.01918,0.35,1785634260
All Pools,ABC - HOWDY,0.3,False,7.67,437.21,0.01917,1.6,1785634260
All Pools,VPND - AVAX,0.3,False,6.641,17284.0,0.0166,0.04,1785634260
All Pools,BUSD - AVAX,0.3,False,6.589,314.32,0.01647,1.91,1785634260
All Pools,AVAX - ELK,0.3,False,6.586,1248.7,0.01646,0.48,1785634260
All Pools,HATCHY - AVAX,0.3,False,6.559,6025.61,0.0164,0.1,1785634260
All Pools,MIM - LF,0.3,False,6.027,233.99,0.01507,2.35,1785634260
All Pools,GUN - BLSEYE🎯,0.3,False,5.992,385.81,0.01498,1.42,1785634260
All Pools,COQ - BLSEYE🎯,0.3,False,5.968,150.24,0.01492,3.63,1785634260
All Pools,EGG - AVAX,0.3,False,5.861,15092.0,0.01465,0.04,1785634260
All Pools,APIX - USDC,0.3,False,5.684,20.09,0.01421,25.82,1785634260
All Pools,AVAX - PEFI,0.3,False,5.429,3080.95,0.01357,0.16,1785634260
All Pools,3QF - D - AVAX,0.3,False,5.215,1268.82,0.01304,0.38,1785634260
All Pools,3QF - D - WETH.e,0.3,False,5.203,2418.1,0.01301,0.2,1785634260
All Pools,BRO - AVAX,0.3,False,5.171,94674.0,0.01293,0.0,1785634260
All Pools,BRO - COQ,0.3,False,5.146,131.74,0.01287,3.56,1785634260
All Pools,REDWOLF - AVAX,0.3,False,4.846,372.97,0.01211,1.19,1785634260
All Pools,USDV - REDWOLF,0.3,False,4.787,15.93,0.01197,27.42,1785634260
All Pools,MaryMagdalene - AVAX,0.3,False,4.706,166.99,0.01176,2.57,1785634260
All Pools,AVAX - SOCK,0.3,False,4.701,2313.82,0.01175,0.19,1785634260
All Pools,USDC - SOCK,0.3,False,4.675,411.25,0.01169,1.04,1785634260
All Pools,ORNG - MOOM,0.3,False,4.634,185.74,0.01159,2.28,1785634260
All Pools,USDC.e - WXT,0.3,False,4.568,182.2,0.01142,2.29,1785634260
All Pools,Now - AVAX,0.3,False,4.443,182.09,0.01111,2.23,1785634260
All Pools,AVAX - NaughtiusMaximus,0.3,False,4.374,323.04,0.01093,1.24,1785634260
All Pools,BEAM - AVAX,0.3,False,4.37,355.04,0.01093,1.12,1785634260
All Pools,XROSS - ORNG,0.3,False,4.363,230.71,0.01091,1.73,1785634260
All Pools,PTOP900 - TOPIA,0.3,False,3.982,159.05,0.00996,2.28,1785634260
All Pools,AVAX - AKITAX,0.3,False,3.969,380.91,0.00992,0.95,1785634260
All Pools,MYST - AVAX,0.3,False,3.94,577.94,0.00985,0.62,1785634260
All Pools,DATCM - ORNG,0.3,False,3.851,227.54,0.00963,1.54,1785634260
All Pools,USDC.e - MU,0.3,False,3.569,13187.0,0.00892,0.02,1785634260
All Pools,avUSD - sAVAX,0.3,False,3.455,197.64,0.00864,1.6,1785634260
All Pools,ORNG - JUCI,0.3,False,3.397,238.51,0.00849,1.3,1785634260
All Pools,USDt - USDT.e,0.3,False,3.209,20442.0,0.00802,0.01,1785634260
All Pools,AVAX - ARENA,0.3,False,3.186,69.96,0.00796,4.15,1785634260
All Pools,FITFI - AVAX,0.3,False,3.044,5.888,0.00761,47.17,1785634260
All Pools,GUN - AVAX,0.3,False,3.038,165.63,0.00759,1.67,1785634260
All Pools,LINK.e - USDT.e,0.3,False,3.011,221.03,0.00753,1.24,1785634260
All Pools,MaryMagdalene - XAUt0,0.3,False,2.975,1636.48,0.00744,0.17,1785634260
All Pools,Balln - AVAX,0.3,False,2.97,4084.11,0.00742,0.07,1785634260
All Pools,AVAX - ChristMark,0.3,False,2.947,261.88,0.00737,1.03,1785634260
All Pools,UST - USDC,0.3,False,2.922,412.32,0.00731,0.65,1785634260
All Pools,MIM - WETH.e,0.3,False,2.891,351.62,0.00723,0.75,1785634260
All Pools,ORNG - FLUX,0.3,False,2.856,105.94,0.00714,2.46,1785634260
All Pools,XAUt0 - NaughtiusMaximus,0.3,False,2.839,873.22,0.0071,0.3,1785634260
All Pools,REDWOLF - USDC,0.3,False,2.794,183.4,0.00698,1.39,1785634260
All Pools,MOO - AVAX,0.3,False,2.789,514.84,0.00697,0.49,1785634260
All Pools,APOW - AVAX,0.3,False,2.737,819.02,0.00684,0.3,1785634260
All Pools,XAUt0 - Now,0.3,False,2.658,552.07,0.00665,0.44,1785634260
All Pools,HOST - DAI.e,0.3,False,2.6,2495.6,0.0065,0.1,1785634260
All Pools,Gravity - AVAX,0.3,False,2.568,231.36,0.00642,1.01,1785634260
All Pools,DPS - USDC,0.3,False,2.554,1807.55,0.00639,0.13,1785634260
All Pools,DPS - AVAX,0.3,False,2.545,178.43,0.00636,1.3,1785634260
All Pools,BLSEYE🎯 - BEAM,0.3,False,2.544,269.15,0.00636,0.86,1785634260
All Pools,ORNG - SAI,0.3,False,2.543,107.39,0.00636,2.16,1785634260
All Pools,MYST - USDC,0.3,False,2.376,197.73,0.00594,1.1,1785634260
All Pools,USDC - aXEN,0.3,False,2.374,7.003,0.00594,30.93,1785634260
All Pools,LINK.e - USDC.e,0.3,False,2.359,183.63,0.0059,1.17,1785634260
All Pools,YOU - ORNG,0.3,False,2.359,1334.34,0.0059,0.16,1785634260
All Pools,JOE - USDT,0.3,False,2.332,251.6,0.00583,0.85,1785634260
All Pools,XAUt0 - ChristMark,0.3,False,2.293,578.33,0.00573,0.36,1785634260
All Pools,LUNA - USDC.e,0.3,False,2.289,309.23,0.00572,0.68,1785634260
All Pools,Trinity - AVAX,0.3,False,2.263,701.16,0.00566,0.29,1785634260
All Pools,sAVAX - COQ,0.3,False,2.227,60.59,0.00557,3.35,1785634260
All Pools,L - Swing - aXEN,0.3,False,2.148,38.0,0.00537,5.16,1785634260
All Pools,AVAX - RPG,0.3,False,2.13,26.27,0.00532,7.4,1785634260
All Pools,HOTEMIN - USDC,0.3,False,2.118,14533.0,0.00529,0.01,1785634260
All Pools,UST - USDC.e,0.3,False,2.117,630.9,0.00529,0.31,1785634260
All Pools,FXS - AVAX,0.3,False,2.107,281.68,0.00527,0.68,1785634260
All Pools,USDT.e - CLY,0.3,False,2.102,175.88,0.00525,1.09,1785634260
All Pools,YEEHAW - TOPIA,0.3,False,2.095,131.67,0.00524,1.45,1785634260
All Pools,SWIFT - AVAX,0.3,False,2.069,229.91,0.00517,0.82,1785634260
All Pools,AVAX - USDT,0.3,False,2.031,1617.66,0.00508,0.11,1785634260
All Pools,AVAX - CLY,0.3,False,2.021,20811.0,0.00505,0.01,1785634260
All Pools,L - Swing - AVAX,0.3,False,2.012,100.87,0.00503,1.82,1785634260
All Pools,HOWDY - USDt,0.3,False,1.97,178.51,0.00493,1.01,1785634260
All Pools,YAK - USDC.e,0.3,False,1.966,148.56,0.00492,1.21,1785634260
All Pools,KINGSHIT - AVAX,0.3,False,1.963,3455.3,0.00491,0.05,1785634260
All Pools,USDC.e - AVVO,0.3,False,1.924,222.2,0.00481,0.79,1785634260
All Pools,XAUt0 - Gravity,0.3,False,1.814,310.28,0.00454,0.53,1785634260
All Pools,Trinity - Psychic,0.3,False,1.794,388.18,0.00449,0.42,1785634260
All Pools,AAVE.e - REDWOLF,0.3,False,1.721,144.36,0.0043,1.09,1785634260
All Pools,SWIFT - USDC.e,0.3,False,1.708,486.35,0.00427,0.32,1785634260
All Pools,APOW - USDC,0.3,False,1.673,155.5,0.00418,0.98,1785634260
All Pools,AVAX - ONION,0.3,False,1.664,144.74,0.00416,1.05,1785634260
All Pools,ZRO - AVAX,0.3,False,1.625,120.2,0.00406,1.23,1785634260
All Pools,AMI - TOPIA,0.3,False,1.622,182.99,0.00405,0.81,1785634260
All Pools,USDT.e - ONION,0.3,False,1.551,741.8,0.00388,0.19,1785634260
All Pools,APOW - USDt,0.3,False,1.515,155.11,0.00379,0.89,1785634260
All Pools,MAGICK - AVAX,0.3,False,1.508,271.63,0.00377,0.51,1785634260
All Pools,MAGICK - USDC,0.3,False,1.502,223.21,0.00375,0.61,1785634260
All Pools,BTC.b - oXAUT,0.3,False,1.425,305.59,0.00356,0.43,1785634260
All Pools,oXAUT - AVAX,0.3,False,1.417,392.1,0.00354,0.33,1785634260
All Pools,AVAX - MU,0.3,False,1.415,72.41,0.00354,1.78,1785634260
All Pools,SMRTr - AVAX,0.3,False,1.403,24511.0,0.00351,0.01,1785634260
All Pools,SMRTr - USDC.e,0.3,False,1.396,101.97,0.00349,1.25,1785634260
All Pools,FEED - AVAX,0.3,False,1.377,5600.45,0.00344,0.02,1785634260
All Pools,PNG - JOE,0.3,False,1.35,107.45,0.00337,1.15,1785634260
All Pools,BANKSY - USDT.e,0.3,False,1.303,1512.87,0.00326,0.08,1785634260
All Pools,BANKSY - AVAX,0.3,False,1.296,139.03,0.00324,0.85,1785634260
All Pools,DREGG - USDT.e,0.3,False,1.172,510.8,0.00293,0.21,1785634260
All Pools,HOWDY - ARENA,0.3,False,1.172,48.03,0.00293,2.23,1785634260
All Pools,DREGG - AVAX,0.3,False,1.167,142.05,0.00292,0.75,1785634260
All Pools,AVAX - AVVO,0.3,False,1.143,221.59,0.00286,0.47,1785634260
All Pools,STOMB - AVAX,0.3,False,1.106,4855.92,0.00277,0.02,1785634260
All Pools,SYN - REDWOLF,0.3,False,1.049,3.102,0.00262,30.87,1785634260
All Pools,aDXN - aXEN,0.3,False,1.032,4.152,0.00258,22.67,1785634260
All Pools,AVAX - IMPACT2,0.3,False,1.006,138.99,0.00252,0.66,1785634260
All Pools,Psychic - BLACK,0.3,False,1.004,220.11,0.00251,0.42,1785634260
All Pools,aDXN - AVAX,0.3,False,1.001,53.71,0.0025,1.7,1785634260
All Pools,KIWI - USDC,0.3,False,0.99439,297.83,0.00249,0.3,1785634260
All Pools,KIWI - AVAX,0.3,False,0.97156,92.1,0.00243,0.96,1785634260
All Pools,AVAX - SMRT,0.3,False,0.96889,1558.18,0.00242,0.06,1785634260
All Pools,USDC.e - DAI.e,0.3,False,0.96401,22182.0,0.00241,0.0,1785634260
All Pools,USDT.e - SMRT,0.3,False,0.95867,86.18,0.0024,1.02,1785634260
All Pools,HOST - AVAX,0.3,False,0.94904,86.69,0.00237,1.0,1785634260
All Pools,YEEHAW - BTC.b,0.3,False,0.93295,50.84,0.00233,1.67,1785634260
All Pools,BLUB - AVAX,0.3,False,0.92384,10998.0,0.00231,0.01,1785634260
All Pools,UNIQOC - AVAX,0.3,False,0.91624,767.51,0.00229,0.11,1785634260
All Pools,UNIQOC - COQ,0.3,False,0.90084,34.44,0.00225,2.39,1785634260
All Pools,AVAX - Enigma404,0.3,False,0.88714,1255.15,0.00222,0.06,1785634260
All Pools,USDC.e - sSB,0.3,False,0.87468,812.51,0.00219,0.1,1785634260
All Pools,JPYC - USDC,0.3,False,0.8556,370.4,0.00214,0.21,1785634260
All Pools,LUNA - AVAX,0.3,False,0.84815,111.86,0.00212,0.69,1785634260
All Pools,AVAX - EROL,0.0,False,0.8458,52.66,0.0,0.0,1785634260
All Pools,Psychic - Meaning,0.3,False,0.83669,226.13,0.00209,0.34,1785634260
All Pools,APOW - USDC,0.3,False,0.83305,25.67,0.00208,2.96,1785634260
All Pools,AVAX - ZUBAX,0.3,False,0.83246,89.73,0.00208,0.85,1785634260
All Pools,Meaning - AVAX,0.3,False,0.83008,311.07,0.00208,0.24,1785634260
All Pools,APOW - USDt,0.3,False,0.81966,25.67,0.00205,2.91,1785634260
All Pools,NaughtiusMaximus - Seventeen,0.3,False,0.80054,651.42,0.002,0.11,1785634260
All Pools,AVAX - Seventeen,0.3,False,0.79695,196.13,0.00199,0.37,1785634260
All Pools,ZUBAX - USDT.e,0.3,False,0.78517,171.73,0.00196,0.42,1785634260
All Pools,COQ - OSAK,0.3,False,0.75921,17.39,0.0019,3.98,1785634260
All Pools,JOE - KRW,0.3,False,0.75274,131.71,0.00188,0.52,1785634260
All Pools,DCAU - USDC,0.3,False,0.75066,142.05,0.00188,0.48,1785634260
All Pools,KRW - AVAX,0.3,False,0.75001,293.28,0.00188,0.23,1785634260
All Pools,TSD - AVAX,0.3,False,0.74717,151.21,0.00187,0.45,1785634260
All Pools,ACS - AVAX,0.3,False,0.74464,162.75,0.00186,0.42,1785634260
All Pools,SYMBIOT - AVAX,0.3,False,0.73083,73.17,0.00183,0.91,1785634260
All Pools,$Td - AVAX,0.3,False,0.72898,3379.96,0.00182,0.02,1785634260
All Pools,gOHM - SB,0.3,False,0.72443,16.76,0.00181,3.94,1785634260
All Pools,Psychic - Ducks,0.3,False,0.72379,231.98,0.00181,0.28,1785634260
All Pools,Ducks - AVAX,0.3,False,0.72148,199.84,0.0018,0.33,1785634260
All Pools,WETH.e - USDT.e,0.3,False,0.71899,149.62,0.0018,0.44,1785634260
All Pools,Now - BLACK,0.3,False,0.71375,198.16,0.00178,0.33,1785634260
All Pools,NOCHILL - OX,0.3,False,0.71272,10264.0,0.00178,0.01,1785634260
All Pools,GENI - USDC,0.3,False,0.7119,1100.28,0.00178,0.06,1785634260
All Pools,GENI - AVAX,0.3,False,0.70871,45.73,0.00177,1.41,1785634260
All Pools,SLIME - AVAX,0.3,False,0.70794,14378.0,0.00177,0.0,1785634260
All Pools,COQ - JUICE,0.3,False,0.70725,28.12,0.00177,2.3,1785634260
All Pools,MAXI - DAI.e,0.3,False,0.70629,221.3,0.00177,0.29,1785634260
All Pools,HUSKY - AMI,0.3,False,0.69767,44.77,0.00174,1.42,1785634260
All Pools,SYMBIOT - DAI.e,0.3,False,0.6863,441.77,0.00172,0.14,1785634260
All Pools,KALM - USDC,0.3,False,0.68141,76.37,0.0017,0.81,1785634260
All Pools,KALM - AVAX,0.3,False,0.67838,94.11,0.0017,0.66,1785634260
All Pools,Psychic - BlackAndGold,0.3,False,0.64413,231.67,0.00161,0.25,1785634260
All Pools,Psychic - MeaningOfNumbers,0.3,False,0.64234,231.84,0.00161,0.25,1785634260
All Pools,AVAX - BlackAndGold,0.3,False,0.64214,200.89,0.00161,0.29,1785634260
All Pools,AVAX - MeaningOfNumbers,0.3,False,0.63753,199.68,0.00159,0.29,1785634260
All Pools,COQ - OX,0.3,False,0.63572,11809.0,0.00159,0.0,1785634260
All Pools,WETH - USDC.e,0.3,False,0.61227,203.53,0.00153,0.27,1785634260
All Pools,BTC.b - IMPACT2,0.3,False,0.61149,1425.58,0.00153,0.04,1785634260
All Pools,HUSKY - JOE,0.3,False,0.608,87.41,0.00152,0.63,1785634260
All Pools,ALOT - USDC.e,0.3,False,0.60247,4.565,0.00151,12.04,1785634260
All Pools,FollowTheWhiteRabbit - AVAX,0.3,False,0.59939,111.64,0.0015,0.49,1785634260
All Pools,50 - USDC,0.3,False,0.59854,111.36,0.0015,0.49,1785634260
All Pools,50 - AVAX,0.3,False,0.59602,58.27,0.00149,0.93,1785634260
All Pools,Psychic - Serpentarius,0.3,False,0.5933,234.57,0.00148,0.23,1785634260
All Pools,AVAX - SPELL,0.3,False,0.59282,1401.49,0.00148,0.04,1785634260
All Pools,Serpentarius - AVAX,0.3,False,0.58916,202.84,0.00147,0.27,1785634260
All Pools,Psychic - AftermathsKobe,0.3,False,0.58194,235.55,0.00145,0.23,1785634260
All Pools,AftermathsKobe - AVAX,0.3,False,0.57942,202.94,0.00145,0.26,1785634260
All Pools,AVAX - TheGospelOfMary,0.3,False,0.56987,110.66,0.00142,0.47,1785634260
All Pools,Psychic - NeatestQuackery,0.3,False,0.569,231.86,0.00142,0.22,1785634260
All Pools,NeatestQuackery - AVAX,0.3,False,0.56713,199.49,0.00142,0.26,1785634260
All Pools,Psychic - Now,0.3,False,0.55756,451.32,0.00139,0.11,1785634260
All Pools,LUNA - USDC.e,0.3,False,0.54526,601.06,0.00136,0.08,1785634260
All Pools,Psychic - Prometheus,0.3,False,0.54407,225.28,0.00136,0.22,1785634260
All Pools,Matter - AVAX,0.3,False,0.54241,53.57,0.00136,0.92,1785634260
All Pools,AVAX - Prometheus,0.3,False,0.54041,194.93,0.00135,0.25,1785634260
All Pools,WETH.e - ONION,0.3,False,0.53206,234.15,0.00133,0.21,1785634260
All Pools,Psychic - All,0.3,False,0.52506,232.39,0.00131,0.21,1785634260
All Pools,AVAX - All,0.3,False,0.52248,201.65,0.00131,0.24,1785634260
All Pools,CGS - AVAX,0.3,False,0.52,51.68,0.0013,0.92,1785634260
All Pools,CGS - USDC.e,0.3,False,0.51748,149.24,0.00129,0.32,1785634260
All Pools,Orange - Now,0.3,False,0.50863,442.86,0.00127,0.1,1785634260
All Pools,GRT.e - AVAX,0.3,False,0.50661,7.131,0.00127,6.48,1785634260
All Pools,Psychic - Xmas,0.3,False,0.50499,217.11,0.00126,0.21,1785634260
All Pools,MaryMagdalene - TheGospelOfMary,0.3,False,0.50402,204.14,0.00126,0.23,1785634260
All Pools,Psychic - Hopi,0.3,False,0.50224,204.91,0.00126,0.22,1785634260
All Pools,Xmas - AVAX,0.3,False,0.50169,187.48,0.00125,0.24,1785634260
All Pools,Hopi - AVAX,0.3,False,0.49854,146.74,0.00125,0.31,1785634260
All Pools,BTC.b - REDWOLF,0.3,False,0.49846,96.19,0.00125,0.47,1785634260
All Pools,DAI.e - ONION,0.3,False,0.497,331.0,0.00124,0.14,1785634260
All Pools,XPOW - AVAX,0.3,False,0.49298,243.07,0.00123,0.19,1785634260
All Pools,MaryMagdalene - FollowTheWhiteRabbit,0.3,False,0.48806,151.29,0.00122,0.29,1785634260
All Pools,Psychic - DogL,0.3,False,0.48713,231.52,0.00122,0.19,1785634260
All Pools,DogL - AVAX,0.3,False,0.48418,200.75,0.00121,0.22,1785634260
All Pools,MM - AVAX,0.3,False,0.47177,64.83,0.00118,0.66,1785634260
All Pools,MM - USDC,0.3,False,0.46963,49.21,0.00117,0.87,1785634260
All Pools,SYN - USDC.e,0.3,False,0.46923,1.616,0.00117,26.5,1785634260
All Pools,XPOW - APOW,0.3,False,0.46469,211.89,0.00116,0.2,1785634260
All Pools,USDC - SDOG,0.3,False,0.46092,346.57,0.00115,0.12,1785634260
All Pools,STATIK - AVAX,0.3,False,0.46021,28.91,0.00115,1.45,1785634260
All Pools,Psychic - DiamondbackGall,0.3,False,0.45686,231.32,0.00114,0.18,1785634260
All Pools,Trinity - Gravity,0.3,False,0.45686,1664.57,0.00114,0.03,1785634260
All Pools,MEOW - AVAX,0.3,False,0.45472,7322.27,0.00114,0.01,1785634260
All Pools,DiamondbackGall - AVAX,0.3,False,0.45423,200.59,0.00114,0.21,1785634260
All Pools,AVAX - EROL,0.3,False,0.44862,28.25,0.00112,1.45,1785634260
All Pools,AVAX - KET,0.3,False,0.4374,19.9,0.00109,2.01,1785634260
All Pools,AVAX - SING,0.3,False,0.43715,105.91,0.00109,0.38,1785634260
All Pools,COQ - NOCHILL,0.3,False,0.43315,7.535,0.00108,5.25,1785634260
All Pools,Psychic - CommieSukey,0.3,False,0.43209,230.97,0.00108,0.17,1785634260
All Pools,Psychic - Wej,0.3,False,0.43151,231.77,0.00108,0.17,1785634260
All Pools,AVAX - Wej,0.3,False,0.42912,200.28,0.00107,0.2,1785634260
All Pools,USDT.e - SING,0.3,False,0.4273,1198.58,0.00107,0.03,1785634260
All Pools,CommieSukey - AVAX,0.3,False,0.42675,199.57,0.00107,0.2,1785634260
All Pools,USDC.e - SOL,0.3,False,0.42512,34.49,0.00106,1.12,1785634260
All Pools,AVAX - Sinterklaas,0.3,False,0.42246,95.16,0.00106,0.41,1785634260
All Pools,MerryXmas - AVAX,0.3,False,0.41427,184.59,0.00104,0.2,1785634260
All Pools,WETH.e - REDWOLF,0.3,False,0.41195,82.0,0.00103,0.46,1785634260
All Pools,REDWOLF - SOL,0.3,False,0.40451,55.42,0.00101,0.67,1785634260
All Pools,BTC.b - HOWDY,0.3,False,0.40434,62.34,0.00101,0.59,1785634260
All Pools,Psychic - ArniStitch,0.3,False,0.40064,231.4,0.001,0.16,1785634260
All Pools,ArniStitch - AVAX,0.3,False,0.39853,199.35,,0.18,1785634260
All Pools,WBTC.e - USDT.e,0.3,False,0.39771,155.35,,0.23,1785634260
All Pools,MIM - SDOG,0.3,False,0.39109,60.87,,0.59,1785634260
All Pools,Psychic - RedFolder,0.3,False,0.39065,232.4,,0.15,1785634260
All Pools,Psychic - Sinterklaas,0.3,False,0.38983,228.82,,0.16,1785634260
All Pools,AVAX - RedFolder,0.3,False,0.38864,200.66,,0.18,1785634260
All Pools,GOOD - AVAX,0.3,False,0.38417,100.03,,0.35,1785634260
All Pools,USDt - RUX,0.3,False,0.38116,16047.0,,0.0,1785634260
All Pools,GOOD - COQ,0.3,False,0.38098,59.58,,0.58,1785634260
All Pools,CQK - USDC,0.3,False,0.38035,30.39,,1.14,1785634260
All Pools,MIM - MU,0.3,False,0.37922,66.89,,0.52,1785634260
All Pools,RUX - AVAX,0.3,False,0.37823,25.09,,1.38,1785634260
All Pools,CQK - AVAX,0.3,False,0.37765,93.59,,0.37,1785634260
All Pools,SWIFT - WETH.e,0.3,False,0.36669,1308.23,,0.03,1785634260
All Pools,$Td - AMI,0.3,False,0.3609,20.48,,1.61,1785634260
All Pools,Christmas - ChristMark,0.3,False,0.36029,106.86,,0.31,1785634260
All Pools,Christmas - AVAX,0.3,False,0.35775,168.62,,0.19,1785634260
All Pools,USDt - IMPACT2,0.3,False,0.35572,71.07,,0.46,1785634260
All Pools,Orange - Matter,0.3,False,0.35307,5916.92,,0.01,1785634260
All Pools,WBTC - AVAX,0.3,False,0.35289,30.08,,1.07,1785634260
All Pools,MaryMagdalene - Gravity,0.3,False,0.34845,97.38,,0.33,1785634260
All Pools,USDC.e - WISE,0.3,False,0.34137,40.93,,0.76,1785634260
All Pools,Psychic - Jjj,0.3,False,0.33973,231.22,,0.13,1785634260
All Pools,AVAX - WISE,0.3,False,0.33944,57.71,,0.54,1785634260
All Pools,Jjj - AVAX,0.3,False,0.33814,199.24,,0.15,1785634260
All Pools,DCAU - MIM,0.3,False,0.33071,78.48,,0.38,1785634260
All Pools,COQ - AMI,0.3,False,0.32041,8.463,,3.45,1785634260
All Pools,MU - DAI.e,0.3,False,0.31857,235.36,,0.12,1785634260
All Pools,USDT.e - DUO,0.3,False,0.31662,49.88,,0.58,1785634260
All Pools,AVAX - DUO,0.3,False,0.31453,50.75,,0.57,1785634260
All Pools,USDC - USD+,0.3,False,0.31443,29.97,,0.96,1785634260
All Pools,LUNA - AVAX,0.3,False,0.31416,12.59,,2.28,1785634260
All Pools,DFIAT - USDT.e,0.3,False,0.30649,26.05,,1.07,1785634260
All Pools,LINK.e - REDWOLF,0.3,False,0.30505,68.54,,0.41,1785634260
All Pools,DFIAT - AVAX,0.3,False,0.3046,5713.79,,0.0,1785634260
All Pools,SLUSH - USDT.e,0.3,False,0.30272,54.49,,0.51,1785634260
All Pools,SLUSH - AVAX,0.3,False,0.30068,43.91,,0.62,1785634260
All Pools,USDC - BVAX,0.3,False,0.29995,25.14,,1.09,1785634260
All Pools,BrideOfChrist - AVAX,0.3,False,0.29978,60.53,,0.45,1785634260
All Pools,CANS - AVAX,0.3,False,0.28722,7.582,,3.46,1785634260
All Pools,AVAXAI - USDC,0.3,False,0.27805,1443.38,,0.02,1785634260
All Pools,WBTC.e - REDWOLF,0.3,False,0.27657,47.66,,0.53,1785634260
All Pools,MaryMagdalene - BrideOfChrist,0.3,False,0.27324,87.99,,0.28,1785634260
All Pools,USDC - GAU,0.3,False,0.2707,637.22,,0.04,1785634260
All Pools,AVAX - CHAM,0.3,False,0.27023,24.95,,0.99,1785634260
All Pools,AVAI - AVAX,0.3,False,0.258,18.86,,1.25,1785634260
All Pools,YEEHAW - AVAX,0.3,False,0.25275,11.77,,1.96,1785634260
All Pools,Orange - AVAX,0.3,False,0.2478,58.88,,0.38,1785634260
All Pools,SYN - USDT.e,0.3,False,0.24439,0.86056,,25.91,1785634260
All Pools,KOVIN - AVAX,0.3,False,0.24031,1980.95,,0.01,1785634260
All Pools,GLOBA - AVAX,0.3,False,0.23948,38.46,,0.57,1785634260
All Pools,Now - Propriety,0.3,False,0.23781,604.05,,0.04,1785634260
All Pools,AVAX - Propriety,0.3,False,0.23694,59.59,,0.36,1785634260
All Pools,TECH - OX,0.3,False,0.22805,4478.25,,0.0,1785634260
All Pools,GLOBA - DAI.e,0.3,False,0.22511,46.58,,0.44,1785634260
All Pools,miMatic - USDC.e,0.3,False,0.22503,21.93,,0.94,1785634260
All Pools,USDC - CHAM,0.3,False,0.22377,46.01,,0.44,1785634260
All Pools,Psychic - MerryXmas,0.3,False,0.22327,213.64,,0.1,1785634260
All Pools,MIM - USDC,0.3,False,0.22287,20.86,,0.97,1785634260
All Pools,GAIA - USDC.e,0.3,False,0.22228,399.99,,0.05,1785634260
All Pools,WBTC.e - ONION,0.3,False,0.22194,350.72,,0.06,1785634260
All Pools,COQ - KOVIN,0.3,False,0.22136,7.558,,2.67,1785634260
All Pools,AVVO - DAI.e,0.3,False,0.21978,34.19,,0.59,1785634260
All Pools,SYN - WETH.e,0.3,False,0.21956,0.79543,,25.19,1785634260
All Pools,AVAX - LYLY,0.3,False,0.21587,48.29,,0.41,1785634260
All Pools,AprilFoolsDay - NaughtiusMaximus,0.3,False,0.21074,95.81,,0.2,1785634260
All Pools,AprilFoolsDay - AVAX,0.3,False,0.20934,72.04,,0.27,1785634260
All Pools,AVAX - BLACK,0.3,False,0.20823,2.767,,6.87,1785634260
All Pools,VEE - USDC,0.3,False,0.20515,30.36,,0.62,1785634260
All Pools,Gold - Now,0.3,False,0.20084,605.42,,0.03,1785634260
All Pools,Gold - AVAX,0.3,False,0.19979,59.85,,0.3,1785634260
All Pools,FTR - AVAX,0.3,False,0.19974,581.69,,0.03,1785634260
All Pools,USDt - REDWOLF,0.3,False,0.19778,13.48,,1.34,1785634260
All Pools,NineHundred - AVAX,0.3,False,0.19758,94.87,,0.19,1785634260
All Pools,MIM - PEFI,0.3,False,0.19754,45.64,,0.39,1785634260
All Pools,AVAX - ZABU,0.3,False,0.1971,22.68,,0.79,1785634260
All Pools,COQ - LYLY,0.3,False,0.19618,9.547,,1.88,1785634260
All Pools,Slope - Now,0.3,False,0.19482,604.39,,0.03,1785634260
All Pools,Slope - AVAX,0.3,False,0.19472,59.88,,0.3,1785634260
All Pools,USDC - SHRAP,0.3,False,0.19325,20.0,,0.88,1785634260
All Pools,MerryXmas - ChristMark,0.3,False,0.19297,59.22,,0.3,1785634260
All Pools,AVAT - AVAX,0.3,False,0.18991,16.25,,1.07,1785634260
All Pools,UNIV - AVAX,0.3,False,0.18948,5.423,,3.19,1785634260
All Pools,Matter - Now,0.3,False,0.18817,547.71,,0.03,1785634260
All Pools,Psychic - Blue,0.3,False,0.18799,58.74,,0.29,1785634260
All Pools,Blue - AVAX,0.3,False,0.1869,177.71,,0.1,1785634260
All Pools,SPC - DAI.e,0.3,False,0.18581,23.71,,0.72,1785634260
All Pools,Chemistry - Now,0.3,False,0.1854,601.22,,0.03,1785634260
All Pools,Chemistry - AVAX,0.3,False,0.18516,59.51,,0.28,1785634260
All Pools,Kryptonite - NaughtiusMaximus,0.3,False,0.18245,95.85,,0.17,1785634260
All Pools,AVAX - Kryptonite,0.3,False,0.18137,72.13,,0.23,1785634260
All Pools,GURS - ARENA,0.3,False,0.17425,5.977,,2.66,1785634260
All Pools,NOCHILL - KET,0.3,False,0.17266,6.687,,2.36,1785634260
All Pools,METAG - AVAX,0.3,False,0.172,19.08,,0.82,1785634260
All Pools,COQ - REDWOLF,0.3,False,0.16905,8.565,,1.8,1785634260
All Pools,XAUt0 - ElvisJackpot,0.3,False,0.16738,281.31,,0.05,1785634260
All Pools,WETH.e - USDC,0.3,False,0.16721,20.44,,0.75,1785634260
All Pools,KIMBO - CANS,0.3,False,0.16642,192.31,,0.08,1785634260
All Pools,FLAKE - USDT.e,0.3,False,0.16516,47.92,,0.31,1785634260
All Pools,meGNX - AVAX,0.3,False,0.1643,12.6,,1.19,1785634260
All Pools,KLO - USDT.e,0.3,False,0.16384,2.997,,4.99,1785634260
All Pools,COQ - BOOTY,0.3,False,0.16341,6.406,,2.33,1785634260
All Pools,FLAKE - AVAX,0.3,False,0.16331,16.61,,0.9,1785634260
All Pools,BOOTY - AVAX,0.3,False,0.16198,1384.23,,0.01,1785634260
All Pools,MELT - AVAX,0.3,False,0.16143,19.34,,0.76,1785634260
All Pools,GB - USDT.e,0.3,False,0.15653,19.6,,0.73,1785634260
All Pools,AVAX - Strength,0.3,False,0.1563,95.77,,0.15,1785634260
All Pools,Orem - NaughtiusMaximus,0.3,False,0.1562,95.79,,0.15,1785634260
All Pools,USDT.e - ZABU,0.3,False,0.15549,43.92,,0.32,1785634260
All Pools,Orem - AVAX,0.3,False,0.15537,72.13,,0.2,1785634260
All Pools,AVAT - USDC,0.3,False,0.15405,37.16,,0.38,1785634260
All Pools,COQ - MCV,0.3,False,0.15069,6.172,,2.23,1785634260
All Pools,MCV - AVAX,0.3,False,0.15047,269.98,,0.05,1785634260
All Pools,USDt - MILO,0.3,False,0.14925,13.62,,1.0,1785634260
All Pools,MAI - AVAX,0.3,False,0.14843,1402.92,,0.01,1785634260
All Pools,AVAX - MILO,0.3,False,0.14835,751.46,,0.02,1785634260
All Pools,Hydrogen - AVAX,0.3,False,0.14812,177.75,,0.08,1785634260
All Pools,Psychic - Go,0.3,False,0.14689,52.8,,0.25,1785634260
All Pools,Who - AVAX,0.3,False,0.1465,94.73,,0.14,1785634260
All Pools,MIM - DAI.e,0.3,False,0.14616,13.74,,0.97,1785634260
All Pools,Go - AVAX,0.3,False,0.14603,94.74,,0.14,1785634260
All Pools,USDC.e - USDT.e,0.3,False,0.14541,40054.0,,,1785634260
All Pools,USDC.e - ONION,0.3,False,0.14521,370.57,,0.04,1785634260
All Pools,Wormhole - NaughtiusMaximus,0.3,False,0.14495,96.85,,0.14,1785634260
All Pools,Wormhole - AVAX,0.3,False,0.14424,72.88,,0.18,1785634260
All Pools,METAG - USDT.e,0.3,False,0.14266,46.89,,0.28,1785634260
All Pools,Psychic - Hydrogen,0.3,False,0.14219,59.01,,0.22,1785634260
All Pools,Psychic - Who,0.3,False,0.13979,53.3,,0.24,1785634260
All Pools,Now - Teste,0.3,False,0.13968,605.27,,0.02,1785634260
All Pools,AVAX - Teste,0.3,False,0.13911,59.08,,0.21,1785634260
All Pools,SUB - USDC,0.3,False,0.13648,11.1,,1.12,1785634260
All Pools,Psychic - SantaGospel,0.3,False,0.1325,52.67,,0.23,1785634260
All Pools,AVAX - SantaGospel,0.3,False,0.13177,90.66,,0.13,1785634260
All Pools,Mungo - AVAX,0.3,False,0.13067,27.7,,0.43,1785634260
All Pools,bECH - AVAX,0.3,False,0.13058,16.39,,0.73,1785634260
All Pools,WORM - AVAX,0.3,False,0.13001,235.0,,0.05,1785634260
All Pools,JOE - EXP,0.3,False,0.12978,9767201.0,,,1785634260
All Pools,XOM - AVAX,0.3,False,0.12817,2256.49,,0.01,1785634260
All Pools,SNP - AVAX,0.3,False,0.12793,7.497,,1.56,1785634260
All Pools,BANKSY - USDC.e,0.3,False,0.12763,28.82,,0.4,1785634260
All Pools,Psychic - Yellow,0.3,False,0.12695,59.11,,0.2,1785634260
All Pools,Yellow - AVAX,0.3,False,0.1264,179.02,,0.06,1785634260
All Pools,CREAMA - AVAX,0.3,False,0.12618,0.2171,,53.04,1785634260
All Pools,BANKSY - AVAX,0.3,False,0.12597,17.73,,0.65,1785634260
All Pools,COQ - SNP,0.3,False,0.12586,16.03,,0.72,1785634260
All Pools,ElvisJackpot - Gravity,0.3,False,0.1241,14.17,,0.8,1785634260
All Pools,LIBRE - USDC.e,0.3,False,0.1221,11.71,,0.95,1785634260
All Pools,HEFE - CANS,0.3,False,0.12185,4.609,,2.41,1785634260
All Pools,AVAX - JUICY,0.3,False,0.12138,1631.06,,0.01,1785634260
All Pools,Now - Mentor,0.3,False,0.12132,601.87,,0.02,1785634260
All Pools,USDt - XPOW,0.3,False,0.12116,17.72,,0.62,1785634260
All Pools,AVAX - Mentor,0.3,False,0.12087,59.47,,0.19,1785634260
All Pools,AVAX - ELK,0.3,False,0.12007,44.74,,0.24,1785634260
All Pools,UNIV - DAI.e,0.3,False,0.11964,10.08,,1.08,1785634260
All Pools,AVAX - SQRCAT,0.3,False,0.11826,4032.79,,0.0,1785634260
All Pools,AMI - SQRCAT,0.3,False,0.11767,10.27,,1.05,1785634260
All Pools,ARENA - MU,0.3,False,0.11736,3.388,,3.16,1785634260
All Pools,WETH.e - SURE,0.3,False,0.1169,868.6,,0.01,1785634260
All Pools,AVLO - ARENA,0.3,False,0.11513,0.12741,,82.45,1785634260
All Pools,$ALPHA - AVAX,0.3,False,0.11428,42.64,,0.24,1785634260
All Pools,SafeMoonA - AVAX,0.3,False,0.11388,4010.46,,0.0,1785634260
All Pools,aAvaWAVAX - meGNX,0.3,False,0.11345,2.892,,3.58,1785634260
All Pools,USDt - DXN,0.3,False,0.11308,213.19,,0.05,1785634260
All Pools,MU - COQAI,0.3,False,0.11241,5.498,,1.87,1785634260
All Pools,AVAX - STRAW,0.3,False,0.11101,13.87,,0.73,1785634260
All Pools,GAINS - AVAX,0.3,False,0.10895,29.26,,0.34,1785634260
All Pools,AMI - COQAI,0.3,False,0.10892,2.775,,3.58,1785634260
All Pools,Gil - AVAX,0.3,False,0.10793,13.15,,0.75,1785634260
All Pools,TickTock - Now,0.3,False,0.10651,602.54,,0.02,1785634260
All Pools,TickTock - AVAX,0.3,False,0.10614,59.55,,0.16,1785634260
All Pools,NOCHILL - AMI,0.3,False,0.10579,2.999,,3.22,1785634260
All Pools,USDC - yyAVAX,0.3,False,0.10481,11.69,,0.82,1785634260
All Pools,MIM - wsOHM,0.3,False,0.10456,95.38,,0.1,1785634260
All Pools,TOMB - USDC,0.3,False,0.10386,9.707,,0.98,1785634260
All Pools,BUSD - USDC,0.3,False,0.10369,7.006,,1.35,1785634260
All Pools,Psychic - NineHundred,0.3,False,0.10266,52.68,,0.18,1785634260
All Pools,DAI.e - STRAW,0.3,False,0.10216,35.68,,0.26,1785634260
All Pools,MELT - USDC.e,0.3,False,0.10184,29.34,,0.32,1785634260
All Pools,Gil - DAI.e,0.3,False,0.10176,25.9,,0.36,1785634260
All Pools,USDC - WSPP,0.3,False,0.10153,41.85,,0.22,1785634260
All Pools,CNR - AVAX,0.3,False,0.09984,47.68,,0.19,1785634260
All Pools,ALPHA.e - AVAX,0.3,False,0.09914,58.6,,0.15,1785634260
All Pools,DEXTF - AVAX,0.3,False,0.09834,17.09,,0.52,1785634260
All Pools,DéjàVu - Mungo,0.3,False,0.09668,122.98,,0.07,1785634260
All Pools,DéjàVu - Gravity,0.3,False,0.09664,141.2,,0.06,1785634260
All Pools,IMPACT2 - EURC,0.3,False,0.09632,41.71,,0.21,1785634260
All Pools,Psychic - Strength,0.3,False,0.09624,53.52,,0.16,1785634260
All Pools,NineHundred - Sinterklaas,0.3,False,0.09564,1132.93,,0.01,1785634260
All Pools,WLRS - USDC.e,0.3,False,0.09422,3887.39,,0.0,1785634260
All Pools,WBTC.e - USDC,0.3,False,0.09234,0.3986,,21.14,1785634260
All Pools,COQ - MU,0.3,False,0.09161,3.461,,2.42,1785634260
All Pools,MaryMagdalene - RoselineBloodline,0.3,False,0.09094,34.88,,0.24,1785634260
All Pools,RoselineBloodline - AVAX,0.3,False,0.0903,30.55,,0.27,1785634260
All Pools,HEFE - GAINS,0.3,False,0.08988,7.779,,1.05,1785634260
All Pools,TrumpTower - Gravity,0.3,False,0.08977,50.89,,0.16,1785634260
All Pools,TrumpTower - AVAX,0.3,False,0.0894,106.93,,0.08,1785634260
All Pools,SUB - AVAX,0.3,False,0.08673,14.22,,0.56,1785634260
All Pools,USDC - MXNB,0.3,False,0.08594,16.32,,0.48,1785634260
All Pools,YEEHAW - USDC,0.3,False,0.08495,5.641,,1.37,1785634260
All Pools,Silver - Now,0.3,False,0.08307,604.48,,0.01,1785634260
All Pools,Silver - AVAX,0.3,False,0.08293,58.7,,0.13,1785634260
All Pools,UST - USDT.e,0.3,False,0.08029,35.84,,0.2,1785634260
All Pools,WETH.e - yyAVAX,0.3,False,0.07808,14.08,,0.51,1785634260
All Pools,WOLF - MU,0.3,False,0.07642,3.565,,1.96,1785634260
All Pools,miMatic - AVAX,0.3,False,0.07605,28.58,,0.24,1785634260
All Pools,Psychic - Nala,0.3,False,0.07595,198.41,,0.03,1785634260
All Pools,Now - Blessing,0.3,False,0.0759,536.67,,0.01,1785634260
All Pools,AVAX - Blessing,0.3,False,0.07566,53.34,,0.13,1785634260
All Pools,AVAX - Nala,0.3,False,0.07548,17.96,,0.38,1785634260
All Pools,wsOHM - USDC.e,0.3,False,0.07544,13.87,,0.5,1785634260
All Pools,ACS - USDC.e,0.3,False,0.07415,5.062,,1.34,1785634260
All Pools,SURE - DAI.e,0.3,False,0.07365,24.58,,0.27,1785634260
All Pools,Psychic - Stolen,0.3,False,0.07279,61.59,,0.11,1785634260
All Pools,AVAX - DAI,0.3,False,0.07254,52.33,,0.13,1785634260
All Pools,Now - √Root,0.3,False,0.07067,601.38,,0.01,1785634260
All Pools,CREAMA - USDt,0.3,False,0.07041,0.13202,,48.66,1785634260
All Pools,AVAX - √Root,0.3,False,0.0704,59.45,,0.11,1785634260
All Pools,AVAX - SHRAP,0.3,False,0.07008,10.32,,0.62,1785634260
All Pools,MIM - TIME,0.3,False,0.07007,16.55,,0.39,1785634260
All Pools,USDC.e - WOLF,0.3,False,0.06938,7.355,,0.86,1785634260
All Pools,FollowTheWhiteRabbit - TheGospelOfMary,0.3,False,0.06871,108.76,,0.06,1785634260
All Pools,AVAX - WOLF,0.3,False,0.06852,51.09,,0.12,1785634260
All Pools,CNR - REDWOLF,0.3,False,0.06842,15.05,,0.41,1785634260
All Pools,AVAX - SDOG,0.3,False,0.06834,6.03,,1.03,1785634260
All Pools,Gravity - WarpSpeed,0.3,False,0.06814,56.78,,0.11,1785634260
All Pools,WarpSpeed - AVAX,0.3,False,0.0679,92.93,,0.07,1785634260
All Pools,gOHM - wsOHM,0.3,False,0.06711,13.31,,0.46,1785634260
All Pools,USDt - NEMO,0.3,False,0.06508,95.48,,0.06,1785634260
All Pools,SURE - USDC.e,0.3,False,0.06475,21.12,,0.28,1785634260
All Pools,SLIME - USDt,0.3,False,0.06435,5.935,,0.99,1785634260
All Pools,Stolen - AVAX,0.3,False,0.06434,12.03,,0.49,1785634260
All Pools,SOL - AVAX,0.3,False,0.06433,0.00155,,3785.88,1785634260
All Pools,AVAX - NEMO,0.3,False,0.06432,6.358,,0.92,1785634260
All Pools,SHRAP - DOMI,0.3,False,0.06388,138.49,,0.04,1785634260
All Pools,GUN - AMI,0.3,False,0.06375,7.768,,0.75,1785634260
All Pools,MIM - UNIV,0.3,False,0.06365,3.473,,1.67,1785634260
All Pools,LoveYou - Gravity,0.3,False,0.06335,38.06,,0.15,1785634260
All Pools,LoveYou - AVAX,0.3,False,0.06321,41.16,,0.14,1785634260
All Pools,ElvisJackpot - BLACK,0.3,False,0.06285,8.608,,0.67,1785634260
All Pools,Strength - Sinterklaas,0.3,False,0.06094,1140.9,,0.0,1785634260
All Pools,MELT - USDT.e,0.3,False,0.06085,29.09,,0.19,1785634260
All Pools,Ush - AVAX,0.3,False,0.06014,1968.99,,0.0,1785634260
All Pools,BLS - SHRAP,0.3,False,0.05971,7.553,,0.72,1785634260
All Pools,Sanskrit - Now,0.3,False,0.05917,601.81,,0.01,1785634260
All Pools,Sanskrit - AVAX,0.3,False,0.05901,59.48,,0.09,1785634260
All Pools,ZRO - USDC,0.3,False,0.0585,4.107,,1.3,1785634260
All Pools,USDC.e - RUG,0.3,False,0.05725,16.32,,0.32,1785634260
All Pools,MELT - USDC.e,0.3,False,0.05542,5.767,,0.88,1785634260
All Pools,MELT - AVAX,0.3,False,0.05468,766.45,,0.01,1785634260
All Pools,GAS - AVAX,0.3,False,0.05423,125.06,,0.04,1785634260
All Pools,MAJIN - AVAX,0.3,False,0.05366,2725.59,,0.0,1785634260
All Pools,DUO - USDT.e,0.3,False,0.05349,5.979,,0.82,1785634260
All Pools,NOCHILL - REDWOLF,0.3,False,0.05328,2.012,,2.42,1785634260
All Pools,XPOW - USDC,0.3,False,0.05292,17.77,,0.27,1785634260
All Pools,SURE - AVAX,0.3,False,0.05276,5.285,,0.91,1785634260
All Pools,agEUR - USDC,0.3,False,0.05046,59.88,,0.08,1785634260
All Pools,CNR - USDt,0.3,False,0.05044,4.571,,1.01,1785634260
All Pools,TRYB - USDC.e,0.3,False,0.04954,31.79,,0.14,1785634260
All Pools,COQ - MICRO,0.3,False,0.04911,2.597,,1.73,1785634260
All Pools,AVAX - MICRO,0.3,False,0.04901,17.57,,0.25,1785634260
All Pools,AVAX - BAVA,0.3,False,0.04853,8.345,,0.53,1785634260
All Pools,MaryMagdalene - LadyMary,0.3,False,0.04851,12.52,,0.35,1785634260
All Pools,CNR - USDC,0.3,False,0.04846,4.556,,0.97,1785634260
All Pools,LadyMary - AVAX,0.3,False,0.04824,243.39,,0.02,1785634260
All Pools,CRA - AVAX,0.3,False,0.04819,6799.29,,,1785634260
All Pools,AVAX - SNOB,0.3,False,0.04691,727.89,,0.01,1785634260
All Pools,USDT.e - TMT,0.3,False,0.04647,25.17,,0.17,1785634260
All Pools,MIM - GRAPE,0.3,False,0.04641,58.68,,0.07,1785634260
All Pools,HH - AVAX,0.3,False,0.04616,225.42,,0.02,1785634260
All Pools,AVAX - TMT,0.3,False,0.04592,5.658,,0.74,1785634260
All Pools,NOCHILL - MU,0.3,False,0.04541,1.364,,3.04,1785634260
All Pools,HH - ARENA,0.3,False,0.04539,2.009,,2.06,1785634260
All Pools,FollowTheWhiteRabbit - TruthClosure,0.3,False,0.04534,27.63,,0.15,1785634260
All Pools,KrisKringle - ChristMark,0.3,False,0.04433,18.18,,0.22,1785634260
All Pools,AVAX - TIME,0.3,False,0.0442,502.74,,0.01,1785634260
All Pools,KrisKringle - AVAX,0.3,False,0.04405,17.77,,0.23,1785634260
All Pools,BENIS - NOCHILL,0.3,False,0.04378,2.148,,1.86,1785634260
All Pools,KIMBO - AMI,0.3,False,0.04358,2.317,,1.72,1785634260
All Pools,BENIS - AVAX,0.3,False,0.04347,8.859,,0.45,1785634260
All Pools,AVAX - GAU,0.3,False,0.04302,4.241,,0.93,1785634260
All Pools,ICUBE - USDT.e,0.3,False,0.04298,106.64,,0.04,1785634260
All Pools,MPL - USDt,0.3,False,0.0426,29.65,,0.13,1785634260
All Pools,HEFE - AMI,0.3,False,0.04247,2.084,,1.86,1785634260
All Pools,ICUBE - AVAX,0.3,False,0.04238,5.177,,0.75,1785634260
All Pools,MPL - AVAX,0.3,False,0.04215,4.918,,0.78,1785634260
All Pools,WLRS - GRAPE,0.3,False,0.04192,6.098,,0.63,1785634260
All Pools,ABC - AMI,0.3,False,0.04136,2.239,,1.69,1785634260
All Pools,USDT.e - MU,0.3,False,0.04112,250.27,,0.01,1785634260
All Pools,JOE - CRA,0.3,False,0.04034,6.39,,0.58,1785634260
All Pools,Gladiator - AVAX,0.3,False,0.03948,1.681,,2.14,1785634260
All Pools,3ULL - AVAX,0.3,False,0.03938,32.39,,0.11,1785634260
All Pools,SLOT - AVAX,0.3,False,0.03883,2344.43,,0.0,1785634260
All Pools,USDC.e - SPADE,0.3,False,0.0386,15.34,,0.23,1785634260
All Pools,USDR - USDC,0.3,False,0.03852,39.75,,0.09,1785634260
All Pools,AVAX - SPADE,0.3,False,0.03815,4.75,,0.73,1785634260
All Pools,USDT.e - BOREA,0.3,False,0.03727,25.39,,0.13,1785634260
All Pools,wsOHM - AVAX,0.3,False,0.03703,5.978,,0.57,1785634260
All Pools,MIM - FORT,0.3,False,0.03703,1283.27,,0.0,1785634260
All Pools,HOST - SYMBIOT,0.3,False,0.03685,79.7,,0.04,1785634260
All Pools,AVAX - FORT,0.3,False,0.03683,8.648,,0.39,1785634260
All Pools,AVAX - BOREA,0.3,False,0.03671,5.273,,0.64,1785634260
All Pools,USDT.e - XAVA,0.3,False,0.03651,9.085,,0.37,1785634260
All Pools,BNZ - AVAX,0.3,False,0.03586,137.56,,0.02,1785634260
All Pools,COQ - ARENA,0.3,False,0.03564,0.98815,,3.29,1785634260
All Pools,Milk - USDT.e,0.3,False,0.03556,13.68,,0.24,1785634260
All Pools,WOLF - AMI,0.3,False,0.03552,2.285,,1.42,1785634260
All Pools,Milk - AVAX,0.3,False,0.03513,5.179,,0.62,1785634260
All Pools,YEEHAW - AMI,0.3,False,0.03502,3.241,,0.99,1785634260
All Pools,HATCHY - AMI,0.3,False,0.03471,2.587,,1.22,1785634260
All Pools,BSGG - AVAX,0.3,False,0.03396,2.288,,1.35,1785634260
All Pools,Mungo - Now,0.3,False,0.03372,270.22,,0.01,1785634260
All Pools,Gravity - LookingGlass,0.3,False,0.03364,122.86,,0.02,1785634260
All Pools,AVAX - LookingGlass,0.3,False,0.03352,10.84,,0.28,1785634260
All Pools,YEEHAW - ARENA,0.3,False,0.03349,1.079,,2.83,1785634260
All Pools,AAVE.e - USDT.e,0.3,False,0.03338,2.57,,1.19,1785634260
All Pools,LINK.e - MU,0.3,False,0.03277,6.862,,0.44,1785634260
All Pools,gOHM - JOE,0.3,False,0.03253,3.001,,0.99,1785634260
All Pools,KIMBO - KOVIN,0.3,False,0.03191,2.783,,1.05,1785634260
All Pools,Degen - AVAX,0.3,False,0.0319,1298.84,,0.0,1785634260
All Pools,Gravity - SaintGermain,0.3,False,0.03185,17.17,,0.17,1785634260
All Pools,LoveIsTheKey - AVAX,0.3,False,0.0316,9.76,,0.3,1785634260
All Pools,WOLF - USDT.e,0.3,False,0.03102,2.918,,0.97,1785634260
All Pools,JOE - aXEN,0.3,False,0.03084,0.12621,,22.3,1785634260
All Pools,AVLO - AVAX,0.3,False,0.03069,0.01088,,257.34,1785634260
All Pools,WOLF - AVAX,0.3,False,0.03062,41.65,,0.07,1785634260
All Pools,METAG - USDt,0.3,False,0.03041,15.26,,0.18,1785634260
All Pools,USDT.e - GOT,0.3,False,0.0303,12.19,,0.23,1785634260
All Pools,AVAX - SPT,0.3,False,0.03004,0.14449,,18.97,1785634260
All Pools,AVAX - GOT,0.3,False,0.02996,4.108,,0.67,1785634260
All Pools,AVAX - WSPP,0.3,False,0.02994,2.262,,1.21,1785634260
All Pools,MIM - VOLT,0.3,False,0.02981,9.3,,0.29,1785634260
All Pools,BGLD - USDT.e,0.3,False,0.02899,16.3,,0.16,1785634260
All Pools,USDT.e - AVVO,0.3,False,0.02892,3.576,,0.74,1785634260
All Pools,XPOW - USDt,0.3,False,0.02877,3.454,,0.76,1785634260
All Pools,BGLD - AVAX,0.3,False,0.02867,3.468,,0.75,1785634260
All Pools,BrideOfChrist - BLACK,0.3,False,0.02824,14.8,,0.17,1785634260
All Pools,FTOMB - AVAX,0.3,False,0.02818,6133.9,,,1785634260
All Pools,AVAX - OK,0.3,False,0.02811,1.601,,1.6,1785634260
All Pools,APIX - LAMBO,0.3,False,0.02802,3.452,,0.74,1785634260
All Pools,Gravity - Vaccinations,0.3,False,0.02794,41.49,,0.06,1785634260
All Pools,AVAX - Vaccinations,0.3,False,0.02783,12.34,,0.21,1785634260
All Pools,BENSI - AMI,0.3,False,0.02782,2.211,,1.15,1785634260
All Pools,JOE - ZABU,0.3,False,0.02777,11.97,,0.21,1785634260
All Pools,USDC.e - BAVA,0.3,False,0.02754,2.616,,0.96,1785634260
All Pools,AVAX - USDR,0.3,False,0.0275,2.385,,1.05,1785634260
All Pools,COQ - COFI,0.3,False,0.02746,1.196,,2.1,1785634260
All Pools,SHIB.e - USDt,0.3,False,0.02745,0.09421,,26.59,1785634260
All Pools,AVAX - COFI,0.3,False,0.02745,421.87,,0.01,1785634260
All Pools,WETH.e - meGNX,0.3,False,0.02715,5.137,,0.48,1785634260
All Pools,bCASH - TECH,0.3,False,0.02685,9.872,,0.25,1785634260
All Pools,CATWIF - MU,0.3,False,0.02642,2.813,,0.86,1785634260
All Pools,DAI.e - VOLT,0.3,False,0.0263,37.81,,0.06,1785634260
All Pools,CATWIF - AVAX,0.3,False,0.02613,2148.14,,0.0,1785634260
All Pools,AVAX - DWC,0.3,False,0.02604,3868.77,,,1785634260
All Pools,TruthClosure - BLACK,0.3,False,0.02574,10.41,,0.23,1785634260
All Pools,gOHM - USDT.e,0.3,False,0.02525,0.65225,,3.53,1785634260
All Pools,Gravity - ChristMark,0.3,False,0.02482,11.27,,0.2,1785634260
All Pools,XIO - USDC,0.3,False,0.02478,23.82,,0.09,1785634260
All Pools,LoveIsTheKey - Gravity,0.3,False,0.02467,27.65,,0.08,1785634260
All Pools,APOW - MU,0.3,False,0.02466,3.15,,0.71,1785634260
All Pools,NaughtiusMaximus - Yeshua,0.3,False,0.02455,8.503,,0.26,1785634260
All Pools,XIO - AVAX,0.3,False,0.02454,2.259,,0.99,1785634260
All Pools,3ULL - USDt,0.3,False,0.02446,2.098,,1.06,1785634260
All Pools,AVAX - Yeshua,0.3,False,0.02441,20.77,,0.11,1785634260
All Pools,USDC - COSMIC,0.3,False,0.02429,53.76,,0.04,1785634260
All Pools,DWC - MU,0.3,False,0.02425,2.656,,0.83,1785634260
All Pools,Wingdings - Gravity,0.3,False,0.024,14.72,,0.15,1785634260
All Pools,CRAFT - AVAX,0.3,False,0.02397,275.31,,0.01,1785634260
All Pools,Wingdings - AVAX,0.3,False,0.02391,34.14,,0.06,1785634260
All Pools,AMI - MU,0.3,False,0.02391,1.298,,1.68,1785634260
All Pools,WhollySphere - Gravity,0.3,False,0.02313,15.42,,0.14,1785634260
All Pools,WhollySphere - AVAX,0.3,False,0.02307,34.11,,0.06,1785634260
All Pools,BTC.b - yyAVAX,0.3,False,0.02306,4.046,,0.52,1785634260
All Pools,MAJIN - MU,0.3,False,0.0227,3.404,,0.61,1785634260
All Pools,AVAX - AXIAL,0.3,False,0.02254,562.62,,0.0,1785634260
All Pools,AI9000 - AVAX,0.3,False,0.02229,203.24,,0.01,1785634260
All Pools,GAINS - COQ,0.3,False,0.02213,1.358,,1.49,1785634260
All Pools,GMX - USDC,0.3,False,0.0219,0.82982,,2.41,1785634260
All Pools,USDC - XenBurn,0.3,False,0.02187,5.363,,0.37,1785634260
All Pools,sAVAX - AVAX,0.3,False,0.02187,164671.0,,,1785634260
All Pools,MIM - TSNFTGM,0.3,False,0.02179,2.34,,0.85,1785634260
All Pools,USDC.e - WISE,0.3,False,0.0217,6.685,,0.3,1785634260
All Pools,AVAX - XenBurn,0.3,False,0.02155,3.338,,0.59,1785634260
All Pools,REDWOLF - GEC,0.3,False,0.02146,2.915,,0.67,1785634260
All Pools,AVAX - WISE,0.3,False,0.0214,2.174,,0.9,1785634260
All Pools,MIM - PAPA,0.3,False,0.02135,33.54,,0.06,1785634260
All Pools,PAPA - AVAX,0.3,False,0.02126,7.717,,0.25,1785634260
All Pools,FITFI - USDC,0.3,False,0.02099,0.0799,,23.98,1785634260
All Pools,AAVE.e - meGNX,0.3,False,0.02053,3.479,,0.54,1785634260
All Pools,KOVIN - MU,0.3,False,0.02037,2.271,,0.82,1785634260
All Pools,USDT.e - iBONE,0.3,False,0.02035,4.358,,0.43,1785634260
All Pools,ELE - AVAX,0.3,False,0.02034,83.5,,0.02,1785634260
All Pools,AVAX - iBONE,0.3,False,0.02012,4.04,,0.45,1785634260
All Pools,QI - LYLY,0.3,False,0.0201,1.856,,0.99,1785634260
All Pools,TSNFTGM - DAI.e,0.3,False,0.02009,28.32,,0.06,1785634260
All Pools,wALGO - USDC,0.3,False,0.01993,2.319,,0.78,1785634260
All Pools,AVAX - aSOCK,0.3,False,0.01986,9.305,,0.19,1785634260
All Pools,KIMBO - COQ,0.3,False,0.01971,0.90963,,1.98,1785634260
All Pools,AMI - aSOCK,0.3,False,0.01967,1.583,,1.13,1785634260
All Pools,Gravity - HustleTappers,0.3,False,0.01961,16.17,,0.11,1785634260
All Pools,wALGO - AVAX,0.3,False,0.01955,109.49,,0.02,1785634260
All Pools,AVAX - HustleTappers,0.3,False,0.01955,37.31,,0.05,1785634260
All Pools,ARA - AVAX,0.3,False,0.01951,2.258,,0.79,1785634260
All Pools,GURS - AMI,0.3,False,0.01935,1.21,,1.46,1785634260
All Pools,TruthClosure - AVAX,0.3,False,0.01934,7.071,,0.25,1785634260
All Pools,ARENA - AMI,0.3,False,0.01892,1.115,,1.55,1785634260
All Pools,KOKSAL - USDC,0.3,False,0.01878,4.381,,0.39,1785634260
All Pools,GATOR - ARENA,0.3,False,0.0187,1.967,,0.87,1785634260
All Pools,wMEMO - AVAX,0.3,False,0.01862,5.765,,0.29,1785634260
All Pools,KOKSAL - AVAX,0.3,False,0.0185,2.672,,0.63,1785634260
All Pools,KIWI - USDt,0.3,False,0.01847,19.59,,0.09,1785634260
All Pools,ACS - USDt,0.3,False,0.01786,0.9159,,1.78,1785634260
All Pools,AVAX - TT,0.3,False,0.01762,1.575,,1.02,1785634260
All Pools,TECH - AMI,0.3,False,0.01756,1.545,,1.04,1785634260
All Pools,Gravity - BLACK,0.3,False,0.01752,0.21705,,7.36,1785634260
All Pools,AAVE.e - USDC.e,0.3,False,0.01746,1.242,,1.28,1785634260
All Pools,USDC.e - TUSK,0.3,False,0.01744,9.301,,0.17,1785634260
All Pools,AVAX - TUSK,0.3,False,0.01719,1.967,,0.8,1785634260
All Pools,DUNEV3 - USDC.e,0.3,False,0.01716,32043.0,,,1785634260
All Pools,MIM - DUNEV3,0.3,False,0.01689,46859.0,,,1785634260
All Pools,USDT.e - NORTH,0.3,False,0.01686,29.58,,0.05,1785634260
All Pools,AVAX - NORTH,0.3,False,0.01668,1.931,,0.79,1785634260
All Pools,XOMB - USDT.e,0.3,False,0.0166,2.03,,0.75,1785634260
All Pools,AVAX - GG,0.3,False,0.01656,3.631,,0.42,1785634260
All Pools,USDC - NXUSD,0.3,False,0.01654,3.133,,0.48,1785634260
All Pools,AVAX - APE - X,0.3,False,0.01654,447.71,,0.0,1785634260
All Pools,TRACTOR - AVAX,0.3,False,0.01643,10018.0,,,1785634260
All Pools,XOMB - AVAX,0.3,False,0.0164,14.82,,0.1,1785634260
All Pools,VELAI - AVAX,0.3,False,0.01625,0.29994,,4.94,1785634260
All Pools,USDC.e - SMRT,0.3,False,0.01613,1.773,,0.83,1785634260
All Pools,Gravity - GematrixDotOrg,0.3,False,0.01577,8.7,,0.17,1785634260
All Pools,GURS - NOCHILL,0.3,False,0.01577,0.9752,,1.48,1785634260
All Pools,AVAX - GematrixDotOrg,0.3,False,0.0157,11.17,,0.13,1785634260
All Pools,SodomAndGomorrah - NaughtiusMaximus,0.3,False,0.01536,5.336,,0.26,1785634260
All Pools,SodomAndGomorrah - AVAX,0.3,False,0.01527,13.01,,0.11,1785634260
All Pools,MIM - BLANC,0.3,False,0.01514,596.83,,0.0,1785634260
All Pools,MIM - AUSD,0.3,False,0.01508,7.404,,0.19,1785634260
All Pools,AVAX - BLANC,0.3,False,0.01508,4.847,,0.28,1785634260
All Pools,DUA - USDC,0.3,False,0.01487,8.931,,0.15,1785634260
All Pools,AVAX - DUA,0.3,False,0.01468,1.318,,1.02,1785634260
All Pools,TokenZ - USDC,0.3,False,0.01467,3.509,,0.38,1785634260
All Pools,AMI - EROL,0.3,False,0.0146,0.44951,,2.96,1785634260
All Pools,BLS - USDt,0.3,False,0.01451,128.77,,0.01,1785634260
All Pools,TokenZ - AVAX,0.3,False,0.01446,1.835,,0.72,1785634260
All Pools,EHCNALAVA - AVAX,0.3,False,0.01432,1035.77,,0.0,1785634260
All Pools,SMRTr - USDT.e,0.3,False,0.01426,1.059,,1.23,1785634260
All Pools,KIMBO - EHCNALAVA,0.3,False,0.01423,1.649,,0.79,1785634260
All Pools,NOCHILL - WAIFU,0.3,False,0.01405,130.65,,0.01,1785634260
All Pools,LYD - REDWOLF,0.3,False,0.01405,3.943,,0.33,1785634260
All Pools,MU - SOL,0.3,False,0.01396,1.069,,1.19,1785634260
All Pools,FRENXEN - USDC,0.3,False,0.01385,8.409,,0.15,1785634260
All Pools,WETH.e - USDR,0.3,False,0.01377,2.415,,0.52,1785634260
All Pools,MIM - GG,0.3,False,0.01363,36.04,,0.03,1785634260
All Pools,MIM - RUG,0.3,False,0.01363,4.019,,0.31,1785634260
All Pools,AVAX - HOST,0.3,False,0.01355,1.488,,0.83,1785634260
All Pools,KR - USDC.e,0.3,False,0.01352,11.01,,0.11,1785634260
All Pools,LF - USDT.e,0.3,False,0.01348,0.82804,,1.49,1785634260
All Pools,FRENXEN - aXEN,0.3,False,0.01346,0.20039,,6.13,1785634260
All Pools,Eye - Psychic,0.3,False,0.01333,45.79,,0.03,1785634260
All Pools,KR - AVAX,0.3,False,0.01332,1.35,,0.9,1785634260
All Pools,Psychic - Architect,0.3,False,0.01325,45.79,,0.03,1785634260
All Pools,MEOW - MU,0.3,False,0.01324,1.299,,0.93,1785634260
All Pools,Psychic - Verse,0.3,False,0.01314,45.77,,0.03,1785634260
All Pools,Chrism - ChristMark,0.3,False,0.01314,138.63,,0.01,1785634260
All Pools,BTC.b - USDC,0.3,False,0.01314,4.191,,0.29,1785634260
All Pools,Psychic - Finish,0.3,False,0.0131,45.76,,0.03,1785634260
All Pools,NaughtiusMaximus - SwiftTaylor,0.3,False,0.01305,4.313,,0.28,1785634260
All Pools,Psychic - YouAndI,0.3,False,0.01303,45.79,,0.03,1785634260
All Pools,Psychic - IAmThatIAm,0.3,False,0.01303,45.79,,0.03,1785634260
All Pools,TRACTOR - USDT.e,0.3,False,0.01303,1.616,,0.74,1785634260
All Pools,AVAX - SwiftTaylor,0.3,False,0.01297,9.829,,0.12,1785634260
All Pools,Psychic - PlotTwist,0.3,False,0.01292,46.82,,0.03,1785634260
All Pools,Eye - BLACK,0.3,False,0.01292,1.061,,1.11,1785634260
All Pools,Psychic - LordJesusChrist,0.3,False,0.01286,43.97,,0.03,1785634260
All Pools,Psychic - PoPo,0.3,False,0.01284,45.79,,0.03,1785634260
All Pools,HOST - DAI.e,0.3,False,0.01283,2.718,,0.43,1785634260
All Pools,Architect - BLACK,0.3,False,0.01281,1.06,,1.1,1785634260
All Pools,Psychic - Time,0.3,False,0.01278,45.79,,0.03,1785634260
All Pools,Psychic - Number,0.3,False,0.01272,45.8,,0.03,1785634260
All Pools,BLACK - Verse,0.3,False,0.01271,1.066,,1.09,1785634260
All Pools,Chrism - BLACK,0.3,False,0.0127,1.138,,1.02,1785634260
All Pools,AKA - USDt,0.3,False,0.01269,2.688,,0.43,1785634260
All Pools,Finish - BLACK,0.3,False,0.01267,1.067,,1.08,1785634260
All Pools,AVAX - MUG,0.3,False,0.01263,235.9,,0.0,1785634260
All Pools,Psychic - Qubit,0.3,False,0.01263,45.76,,0.03,1785634260
All Pools,YouAndI - BLACK,0.3,False,0.01261,1.061,,1.08,1785634260
All Pools,BLACK - IAmThatIAm,0.3,False,0.0126,1.06,,1.08,1785634260
All Pools,PlotTwist - BLACK,0.3,False,0.0125,1.082,,1.05,1785634260
All Pools,AKA - AVAX,0.3,False,0.01249,1.716,,0.66,1785634260
All Pools,LordJesusChrist - BLACK,0.3,False,0.01245,1.026,,1.11,1785634260
All Pools,Psychic - TrueStory,0.3,False,0.01241,45.8,,0.02,1785634260
All Pools,Time - BLACK,0.3,False,0.01239,1.062,,1.06,1785634260
All Pools,PoPo - BLACK,0.3,False,0.01239,1.059,,1.07,1785634260
All Pools,Flection - Psychic,0.3,False,0.01238,45.8,,0.02,1785634260
All Pools,Number - BLACK,0.3,False,0.01233,1.059,,1.06,1785634260
All Pools,AVAX - COSMIC,0.3,False,0.0123,1.02,,1.1,1785634260
All Pools,Psychic - [i]Lluminati,0.3,False,0.01226,47.57,,0.02,1785634260
All Pools,Qubit - BLACK,0.3,False,0.01225,1.068,,1.05,1785634260
All Pools,AI9000 - MU,0.3,False,0.0122,1.019,,1.09,1785634260
All Pools,Psychic - FinityFinity,0.3,False,0.01215,45.8,,0.02,1785634260
All Pools,TrueStory - BLACK,0.3,False,0.01208,1.058,,1.04,1785634260
All Pools,Flection - BLACK,0.3,False,0.01201,1.06,,1.03,1785634260
All Pools,Psychic - Abracadabra,0.3,False,0.012,45.77,,0.02,1785634260
All Pools,WITCH - USDC,0.3,False,0.01194,1.524,,0.71,1785634260
All Pools,[i]Lluminati - BLACK,0.3,False,0.01193,1.104,,0.99,1785634260
All Pools,CREAMA - USDC,0.3,False,0.01192,0.02535,,42.9,1785634260
All Pools,USDt - IMPACT,0.3,False,0.0119,1.667,,0.65,1785634260
All Pools,Psychic - Ups,0.3,False,0.01188,45.79,,0.02,1785634260
All Pools,EagleToken - USDC.e,0.3,False,0.01186,1.997,,0.54,1785634260
All Pools,Psychic - Turtle,0.3,False,0.01183,45.8,,0.02,1785634260
All Pools,Psychic - BiTonic,0.3,False,0.01182,45.87,,0.02,1785634260
All Pools,GRELF[ava] - AVAX,0.3,False,0.01182,840.08,,0.0,1785634260
All Pools,Psychic - Alice,0.3,False,0.01181,45.76,,0.02,1785634260
All Pools,ETHM - AVAX,0.3,False,0.01179,20.29,,0.05,1785634260
All Pools,Psychic - Penny,0.3,False,0.01177,45.8,,0.02,1785634260
All Pools,Psychic - Blessings,0.3,False,0.01177,45.76,,0.02,1785634260
All Pools,EagleToken - AVAX,0.3,False,0.01177,1.575,,0.68,1785634260
All Pools,Psychic - Who,0.3,False,0.01177,45.8,,0.02,1785634260
All Pools,WITCH - AVAX,0.3,False,0.01177,2.018,,0.53,1785634260
All Pools,AVAX - IMPACT,0.3,False,0.01176,2.567,,0.42,1785634260
All Pools,SatoshiNakamoto - Psychic,0.3,False,0.01176,45.8,,0.02,1785634260
All Pools,MAGICK - COSMIC,0.3,False,0.01175,3.318,,0.32,1785634260
All Pools,Psychic - James,0.3,False,0.01174,45.81,,0.02,1785634260
All Pools,FinityFinity - BLACK,0.3,False,0.01172,1.056,,1.01,1785634260
All Pools,Psychic - Bonfire,0.3,False,0.01171,45.79,,0.02,1785634260
All Pools,Psychic - Luck,0.3,False,0.01171,45.8,,0.02,1785634260
All Pools,Psychic - Aquarius,0.3,False,0.01167,45.8,,0.02,1785634260
All Pools,Psychic - Seminole,0.3,False,0.01166,45.76,,0.02,1785634260
All Pools,Psychic - TrumpCard,0.3,False,0.01165,45.8,,0.02,1785634260
All Pools,Abracadabra - BLACK,0.3,False,0.01164,1.064,,1.0,1785634260
All Pools,MU - MUG,0.3,False,0.01164,2300.5,,,1785634260
All Pools,Psychic - Alphabet,0.3,False,0.01161,45.81,,0.02,1785634260
All Pools,Psychic - Hexagon,0.3,False,0.01158,45.79,,0.02,1785634260
All Pools,BLACK - Ups,0.3,False,0.01158,1.061,,1.0,1785634260
All Pools,Psychic - Mirror,0.3,False,0.01155,45.77,,0.02,1785634260
All Pools,FITFI - USDC.e,0.3,False,0.01155,0.04267,,24.7,1785634260
All Pools,Psychic - Nine,0.3,False,0.01154,45.78,,0.02,1785634260
All Pools,AVAX - MUG,0.3,False,0.01153,0.96876,,1.09,1785634260
All Pools,Psychic - Oracle,0.3,False,0.01153,45.8,,0.02,1785634260
All Pools,Psychic - Vampire,0.3,False,0.0115,45.8,,0.02,1785634260
All Pools,BLACK - Alice,0.3,False,0.01149,1.067,,0.98,1785634260
All Pools,DCAR - USDC,0.3,False,0.01149,55.89,,0.02,1785634260
All Pools,Blessings - BLACK,0.3,False,0.01146,1.068,,0.98,1785634260
All Pools,Psychic - Zero,0.3,False,0.01145,45.78,,0.02,1785634260
All Pools,Turtle - BLACK,0.3,False,0.01141,1.055,,0.99,1785634260
All Pools,BiTonic - BLACK,0.3,False,0.0114,1.058,,0.98,1785634260
All Pools,BLACK - Luck,0.3,False,0.01139,1.06,,0.98,1785634260
All Pools,Bonfire - BLACK,0.3,False,0.01136,1.057,,0.98,1785634260
All Pools,Psychic - RefZip,0.3,False,0.01136,45.79,,0.02,1785634260
All Pools,Penny - BLACK,0.3,False,0.01135,1.057,,0.98,1785634260
All Pools,Who - BLACK,0.3,False,0.01135,1.056,,0.98,1785634260
All Pools,SatoshiNakamoto - BLACK,0.3,False,0.01134,1.057,,0.98,1785634260
All Pools,TrumpCard - BLACK,0.3,False,0.01133,1.059,,0.98,1785634260
All Pools,James - BLACK,0.3,False,0.01132,1.055,,0.98,1785634260
All Pools,Aquarius - BLACK,0.3,False,0.01132,1.063,,0.97,1785634260
All Pools,Seminole - BLACK,0.3,False,0.01131,1.063,,0.97,1785634260
All Pools,DCAR - AVAX,0.3,False,0.01131,0.90438,,1.14,1785634260
All Pools,Mirror - BLACK,0.3,False,0.01126,1.066,,0.96,1785634260
All Pools,Alphabet - BLACK,0.3,False,0.01125,1.053,,0.98,1785634260
All Pools,Hexagon - BLACK,0.3,False,0.01124,1.057,,0.97,1785634260
All Pools,Oracle - BLACK,0.3,False,0.01123,1.061,,0.97,1785634260
All Pools,Psychic - Gematria,0.3,False,0.0112,45.8,,0.02,1785634260
All Pools,BLACK - Nine,0.3,False,0.01119,1.06,,0.96,1785634260
All Pools,Vampire - BLACK,0.3,False,0.01115,1.056,,0.96,1785634260
All Pools,Zero - BLACK,0.3,False,0.0111,1.059,,0.96,1785634260
All Pools,RefZip - BLACK,0.3,False,0.01107,1.062,,0.95,1785634260
All Pools,TT - DAI.e,0.3,False,0.01096,1.852,,0.54,1785634260
All Pools,SaintGermain - BLACK,0.3,False,0.01082,1.097,,0.9,1785634260
All Pools,NOCHILL - ARENA,0.3,False,0.01075,0.2897,,3.39,1785634260
All Pools,BLACK - Gematria,0.3,False,0.01075,1.056,,0.93,1785634260
All Pools,SYMBIOT - AVAX,0.3,False,0.01063,1.06,,0.92,1785634260
All Pools,Trinity - IfYouKnowYouKnow,0.3,False,0.01045,3.053,,0.31,1785634260
All Pools,AI9000 - USDt,0.3,False,0.01044,0.73353,,1.3,1785634260
All Pools,Degen - DEGEN404,0.3,False,0.01041,216.71,,0.0,1785634260
All Pools,PNG - REDWOLF,0.3,False,0.01039,3.349,,0.28,1785634260
All Pools,JOE - REDWOLF,0.3,False,0.01032,2.525,,0.37,1785634260
All Pools,MAJIN - REDWOLF,0.3,False,0.01022,4.955,,0.19,1785634260
All Pools,AMI - DEGEN404,0.3,False,0.01021,0.6996,,1.33,1785634260
All Pools,BOI - AVAX,0.3,False,0.01017,21.18,,0.04,1785634260
All Pools,BLACK - IfYouKnowYouKnow,0.3,False,0.01012,1.017,,0.91,1785634260
All Pools,Psychic - Line,0.3,False,0.01006,46.46,,0.02,1785634260
All Pools,Psychic - Confusion,0.3,False,0.00992,45.79,,0.02,1785634260
All Pools,KIMBO - GAINS,0.3,False,0.00982,0.82345,,1.09,1785634260
All Pools,Line - BLACK,0.3,False,0.00976,0.91186,,0.98,1785634260
All Pools,EGG - USDT.e,0.3,False,0.00975,1.804,,0.49,1785634260
All Pools,USDC.e - UST,0.3,False,0.00967,1.477,,0.6,1785634260
All Pools,QI - REDWOLF,0.3,False,0.00964,1.194,,0.74,1785634260
All Pools,MEAT - MU,0.3,False,0.00962,0.30066,,2.92,1785634260
All Pools,EGG - AVAX,0.3,False,0.00961,1.271,,0.69,1785634260
All Pools,weETH - AVAX,0.3,False,0.00959,0.29614,,2.95,1785634260
All Pools,Confusion - BLACK,0.3,False,0.00957,1.058,,0.82,1785634260
All Pools,HUSKY - aXEN,0.3,False,0.00944,0.03517,,24.49,1785634260
All Pools,AVAX - LODE,0.3,False,0.00936,0.8064,,1.06,1785634260
All Pools,CRAFT - USDC.e,0.3,False,0.00936,0.70951,,1.2,1785634260
All Pools,COQ - MEAT,0.3,False,0.00927,0.33821,,2.5,1785634260
All Pools,WETH.e - MU,0.3,False,0.00879,1.799,,0.45,1785634260
All Pools,ChristMark - ChristIAmYou,0.3,False,0.00871,19.96,,0.04,1785634260
All Pools,BTC.b - GMX,0.3,False,0.0087,1.279,,0.62,1785634260
All Pools,AMPL - AVAX,0.3,False,0.00857,201.92,,0.0,1785634260
All Pools,BLACK - ChristIAmYou,0.3,False,0.00852,1.078,,0.72,1785634260
All Pools,USDC - AMI,0.3,False,0.00847,0.52143,,1.48,1785634260
All Pools,TEDDY - AVAX,0.3,False,0.00837,12.28,,0.06,1785634260
All Pools,3ULL - USDT.e,0.3,False,0.0083,0.54194,,1.4,1785634260
All Pools,BEE - USDT.e,0.3,False,0.00812,31.95,,0.02,1785634260
All Pools,xARENA - ARENA,0.3,False,0.00811,1.142,,0.65,1785634260
All Pools,Stolen - BLACK,0.3,False,0.00807,2.428,,0.3,1785634260
All Pools,BTC.b - SPT,0.3,False,0.00804,0.14297,,5.13,1785634260
All Pools,BEE - AVAX,0.3,False,0.00801,0.65622,,1.11,1785634260
All Pools,zJoe - AMI,0.3,False,0.00796,0.11907,,6.1,1785634260
All Pools,AVAX - WARP,0.3,False,0.00792,1.103,,0.65,1785634260
All Pools,ELXR - USDC.e,0.3,False,0.00779,1037.26,,,1785634260
All Pools,Orange - BLACK,0.3,False,0.00777,1.815,,0.39,1785634260
All Pools,AMI - JUICY,0.3,False,0.00777,0.46862,,1.51,1785634260
All Pools,CAI - AVAX,0.3,False,0.00777,1211.5,,,1785634260
All Pools,ETHM - DAI.e,0.3,False,0.00768,0.59494,,1.18,1785634260
All Pools,CAI - AMI,0.3,False,0.00767,0.33283,,2.1,1785634260
All Pools,GAINS - MEAT,0.3,False,0.00756,0.52751,,1.31,1785634260
All Pools,HIGHER - AVAX,0.3,False,0.00752,1.166,,0.59,1785634260
All Pools,Who - BLACK,0.3,False,0.00746,2.153,,0.32,1785634260
All Pools,3ULL - USDC,0.3,False,0.00727,0.54242,,1.22,1785634260
All Pools,WABBIT - AVAX,0.3,False,0.00712,3834.8,,,1785634260
All Pools,LYD - AVAX,0.3,False,0.00704,0.62116,,1.03,1785634260
All Pools,LoveIsTheKey - BLACK,0.3,False,0.00703,3.407,,0.19,1785634260
All Pools,MU - WAIFU,0.3,False,0.00701,126.77,,0.01,1785634260
All Pools,SYMBIOT - HOST,0.3,False,0.00698,0.5006,,1.27,1785634260
All Pools,USDT.e - CAKE,0.3,False,0.0069,48.09,,0.01,1785634260
All Pools,GMX - JOE,0.3,False,0.00688,0.27494,,2.28,1785634260
All Pools,AVAX - CAKE,0.3,False,0.00683,0.58885,,1.06,1785634260
All Pools,MU - KET,0.3,False,0.00678,0.83091,,0.74,1785634260
All Pools,PNG - USDT.e,0.3,False,0.00677,0.77736,,0.79,1785634260
All Pools,DAI.e - HOST,0.3,False,0.00661,15.07,,0.04,1785634260
All Pools,Hydrogen - BLACK,0.3,False,0.00657,2.171,,0.28,1785634260
All Pools,sAVAX - USDC,0.3,False,0.00653,0.44257,,1.35,1785634260
All Pools,xARENA - USDC,0.3,False,0.00653,0.14219,,4.19,1785634260
All Pools,USV - AVAX,0.3,False,0.00641,0.90417,,0.65,1785634260
All Pools,SOB - LUNA,0.3,False,0.00631,0.72031,,0.8,1785634260
All Pools,SOB - AVAX,0.3,False,0.00627,366.66,,0.0,1785634260
All Pools,SNO Token - JOE,0.3,False,0.00625,43.29,,0.01,1785634260
All Pools,BOI - MU,0.3,False,0.00623,0.39368,,1.44,1785634260
All Pools,SNO Token - AVAX,0.3,False,0.00621,1.02,,0.56,1785634260
All Pools,JOE - zJoe,0.3,False,0.00616,924.38,,,1785634260
All Pools,BEAM - MU,0.3,False,0.0061,0.91091,,0.61,1785634260
All Pools,USDt - TT,0.3,False,0.00608,1.987,,0.28,1785634260
All Pools,WETH - AVAX,0.3,False,0.00599,0.98347,,0.56,1785634260
All Pools,GAINS - Degen,0.3,False,0.00587,1.39,,0.39,1785634260
All Pools,USDC - SPT,0.3,False,0.00587,0.19668,,2.72,1785634260
All Pools,MIM - GG,0.3,False,0.00586,2.872,,0.19,1785634260
All Pools,GG - AVAX,0.3,False,0.00583,4.684,,0.11,1785634260
All Pools,FINANCE - NOCHILL,0.3,False,0.00571,343.71,,0.0,1785634260
All Pools,SLOT - USDC.e,0.3,False,0.00556,0.34952,,1.45,1785634260
All Pools,USDC.e - SAGE,0.3,False,0.00552,2.038,,0.25,1785634260
All Pools,CRA - USDC.e,0.3,False,0.00548,0.45983,,1.09,1785634260
All Pools,AVAX - SAGE,0.3,False,0.00545,0.68806,,0.72,1785634260
All Pools,KANA - USDC,0.3,False,0.00541,0.41611,,1.19,1785634260
All Pools,REDWOLF - SHRAP,0.3,False,0.00535,0.72662,,0.67,1785634260
All Pools,KANA - AVAX,0.3,False,0.00535,759.21,,,1785634260
All Pools,SUB - USDC,0.3,False,0.00528,69.17,,0.01,1785634260
All Pools,SUB - AVAX,0.3,False,0.00521,0.41522,,1.14,1785634260
All Pools,Degen - AMI,0.3,False,0.00518,0.7485,,0.63,1785634260
All Pools,USDT.e - WARP,0.3,False,0.00513,0.8189,,0.57,1785634260
All Pools,WABBIT - AMI,0.3,False,0.00503,0.76341,,0.6,1785634260
All Pools,HIGHER - AMI,0.3,False,0.00501,1.94,,0.24,1785634260
All Pools,TEDDY - USDC,0.3,False,0.00501,0.37958,,1.2,1785634260
All Pools,SLUSH - USDT.e,0.3,False,0.00467,1.233,,0.35,1785634260
All Pools,SLUSH - AVAX,0.3,False,0.0046,0.5377,,0.78,1785634260
All Pools,AUX - USDC,0.3,False,0.00457,633.04,,,1785634260
All Pools,GMX - USDt,0.3,False,0.00452,0.34443,,1.2,1785634260
All Pools,Gravity - ThreeThreeSeven,0.3,False,0.00451,1.43,,0.29,1785634260
All Pools,AUX - AVAX,0.3,False,0.0045,0.29827,,1.38,1785634260
All Pools,MAXI - AVAX,0.3,False,0.00441,0.62702,,0.64,1785634260
All Pools,GAINS - TECH,0.3,False,0.00434,0.39247,,1.01,1785634260
All Pools,TEST - USDT.e,0.3,False,0.00427,3.714,,0.1,1785634260
All Pools,SLEEP - AMI,0.3,False,0.00421,33.73,,0.01,1785634260
All Pools,MIM - TEST,0.3,False,0.0042,0.34562,,1.11,1785634260
All Pools,FLOT - COQ,0.3,False,0.0042,0.47386,,0.81,1785634260
All Pools,KIMBO - UNIQOC,0.3,False,0.00418,0.41511,,0.92,1785634260
All Pools,Balln - AMI,0.3,False,0.00418,0.49939,,0.76,1785634260
All Pools,WET - USDT.e,0.3,False,0.00417,0.36012,,1.06,1785634260
All Pools,FLOT - AVAX,0.3,False,0.00416,2760.86,,,1785634260
All Pools,tst1 - USDT.e,0.3,False,0.00413,2.593,,0.15,1785634260
All Pools,tst1 - AVAX,0.3,False,0.00408,0.45881,,0.81,1785634260
All Pools,NXPC - USDC,0.3,False,0.00405,0.66364,,0.56,1785634260
All Pools,SolarDAO - USDT.e,0.3,False,0.00401,1.991,,0.18,1785634260
All Pools,NXPC - AVAX,0.3,False,0.00401,0.9558,,0.38,1785634260
All Pools,COQ - EGG,0.3,False,0.00397,0.36156,,1.0,1785634260
All Pools,BOI - AMI,0.3,False,0.00396,0.26416,,1.37,1785634260
All Pools,SolarDAO - AVAX,0.3,False,0.00395,0.31586,,1.14,1785634260
All Pools,AMI - KONG,0.3,False,0.00389,0.26237,,1.35,1785634260
All Pools,LUNA - USDC,0.3,False,0.00385,1.327,,0.26,1785634260
All Pools,USDC.e - WET,0.3,False,0.00384,0.36023,,0.97,1785634260
All Pools,COQ - JUICY,0.3,False,0.0038,0.35766,,0.97,1785634260
All Pools,BLACK - ThreeThreeSeven,0.3,False,0.00374,0.16307,,2.09,1785634260
All Pools,CGS - USDC.e,0.3,False,0.00373,1.317,,0.26,1785634260
All Pools,UNIQOC - WOLF,0.3,False,0.00372,0.26369,,1.29,1785634260
All Pools,ETHM - USDC.e,0.3,False,0.00371,0.43105,,0.79,1785634260
All Pools,CGS - AVAX,0.3,False,0.00368,0.39082,,0.86,1785634260
All Pools,AUSD - HUSKY,0.3,False,0.00367,0.45283,,0.74,1785634260
All Pools,COQ - SHEN,0.3,False,0.00352,0.316,,1.02,1785634260
All Pools,TRACTOR - JOE,0.3,False,0.00349,1.016,,0.31,1785634260
All Pools,WINK - NOCHILL,0.3,False,0.00348,0.28203,,1.13,1785634260
All Pools,MEOW - AMI,0.3,False,0.00347,0.31517,,1.0,1785634260
All Pools,SHEN - AVAX,0.3,False,0.00346,39.04,,0.01,1785634260
All Pools,WINK - AVAX,0.3,False,0.00343,32.59,,0.01,1785634260
All Pools,SYMBIOT - DAI.e,0.3,False,0.00341,0.3988,,0.78,1785634260
All Pools,QI - USDC,0.3,False,0.0034,0.0744,,4.17,1785634260
All Pools,ASND - USDT.e,0.3,False,0.00337,0.68187,,0.45,1785634260
All Pools,WOLF - REDWOLF,0.3,False,0.00332,0.21853,,1.39,1785634260
All Pools,AVAX - ASND,0.3,False,0.0033,0.24067,,1.25,1785634260
All Pools,OH - USDC.e,0.3,False,0.00329,0.31278,,0.96,1785634260
All Pools,UNIQOC - GEC,0.3,False,0.00329,0.20918,,1.44,1785634260
All Pools,OH - AVAX,0.3,False,0.00326,62.18,,0.0,1785634260
All Pools,JOE - USDR,0.3,False,0.00323,0.50234,,0.59,1785634260
All Pools,YAK - JOE,0.3,False,0.00319,0.59287,,0.49,1785634260
All Pools,RUG - USDT.e,0.3,False,0.00312,9.697,,0.03,1785634260
All Pools,AVAX - RUG,0.3,False,0.00308,0.28821,,0.98,1785634260
All Pools,USDC.e - GG,0.3,False,0.00302,0.26498,,1.04,1785634260
All Pools,TECH - REDWOLF,0.3,False,0.00299,0.56447,,0.48,1785634260
All Pools,AVAX - NXUSD,0.3,False,0.00292,0.35956,,0.74,1785634260
All Pools,USDT.e - FTEST,0.3,False,0.00291,1.255,,0.21,1785634260
All Pools,AVAX - STICK,0.3,False,0.00289,1066.55,,,1785634260
All Pools,AVAX - FTEST,0.3,False,0.00288,0.31353,,0.84,1785634260
All Pools,USDC.e - WARP,0.3,False,0.00286,0.78076,,0.33,1785634260
All Pools,USDC.e - TIME,0.3,False,0.00284,0.17783,,1.46,1785634260
All Pools,STICK - AMI,0.3,False,0.00284,0.14865,,1.74,1785634260
All Pools,ERROR - AMI,0.3,False,0.00281,1.926,,0.13,1785634260
All Pools,AVAX - SYMBIOT,0.3,False,0.00281,0.25544,,1.0,1785634260
All Pools,CRA - USDT.e,0.3,False,0.00279,0.2169,,1.17,1785634260
All Pools,CREAM - STRAW,0.3,False,0.00279,0.16808,,1.51,1785634260
All Pools,ACTA - USDt,0.3,False,0.00277,462.62,,,1785634260
All Pools,CREAM - AVAX,0.3,False,0.00274,149.33,,0.0,1785634260
All Pools,ACTA - AVAX,0.3,False,0.00273,0.18203,,1.37,1785634260
All Pools,YEEHAW - ABC,0.3,False,0.0027,0.21968,,1.12,1785634260
All Pools,DAI.e - SYMBIOT,0.3,False,0.00266,1.322,,0.18,1785634260
All Pools,JOE - USDt,0.3,False,0.0026,0.59873,,0.4,1785634260
All Pools,MM - USDC.e,0.3,False,0.00257,0.35111,,0.67,1785634260
All Pools,AMI - MOOCH,0.3,False,0.00252,0.37585,,0.61,1785634260
All Pools,AVAX - MOOCH,0.3,False,0.0025,0.28872,,0.79,1785634260
All Pools,HIGHER - NOCHILL,0.3,False,0.0025,0.16715,,1.36,1785634260
All Pools,MUMO - USDC,0.3,False,0.00247,7.913,,0.03,1785634260
All Pools,sAVAX - USDC.e,0.3,False,0.00244,0.11045,,2.01,1785634260
All Pools,DUO - USDT.e,0.3,False,0.00243,1.666,,0.13,1785634260
All Pools,MUMO - AVAX,0.3,False,0.00242,0.14192,,1.56,1785634260
All Pools,xAVAX - USDC,0.3,False,0.00241,0.21047,,1.05,1785634260
All Pools,sAVAX - AMI,0.3,False,0.00236,0.25117,,0.86,1785634260
All Pools,YEEHAW - xAVAX,0.3,False,0.00235,0.20181,,1.06,1785634260
All Pools,ACME - AVAX,0.3,False,0.0023,0.0211,,9.94,1785634260
All Pools,THOR - USDC.e,0.3,False,0.00227,0.21206,,0.98,1785634260
All Pools,USDC.e - USDC,0.3,False,0.00226,481283.0,,,1785634260
All Pools,USDC.e - BANKSY,0.3,False,0.00225,0.64999,,0.32,1785634260
All Pools,THOR - AVAX,0.3,False,0.00225,22502.0,,,1785634260
All Pools,JEWEL - AVAX,0.3,False,0.00224,0.15924,,1.29,1785634260
All Pools,FEED - AMI,0.3,False,0.00224,0.13915,,1.47,1785634260
All Pools,AVAX - BANKSY,0.3,False,0.00221,0.17782,,1.14,1785634260
All Pools,BANKSY - USDT.e,0.3,False,0.00214,0.64817,,0.3,1785634260
All Pools,MAJIN - AMI,0.3,False,0.00211,0.09378,,2.05,1785634260
All Pools,BANKSY - AVAX,0.3,False,0.0021,0.15023,,1.28,1785634260
All Pools,Anon - USDC,0.3,False,0.0021,0.61562,,0.31,1785634260
All Pools,WABBIT - MU,0.3,False,0.0021,0.08553,,2.24,1785634260
All Pools,AVE - AVAX,0.3,False,0.00206,2.897,,0.06,1785634260
All Pools,DWC - AMI,0.3,False,0.002,0.07658,,2.38,1785634260
All Pools,zJoe - AVAX,0.3,False,0.00198,0.08062,,2.24,1785634260
All Pools,USDC.e - CHAM,0.3,False,0.00196,0.75879,,0.24,1785634260
All Pools,AIVAX - AMI,0.3,False,0.00194,0.08291,,2.14,1785634260
All Pools,ABOB - AVAX,0.3,False,0.00191,563.5,,,1785634260
All Pools,BRUH - AVAX,0.3,False,0.00189,840.29,,,1785634260
All Pools,USDC - OK,0.3,False,0.00188,1.181,,0.15,1785634260
All Pools,ABOB - AMI,0.3,False,0.00187,0.08908,,1.92,1785634260
All Pools,QI - USDC.e,0.3,False,0.00186,0.6815,,0.25,1785634260
All Pools,BRUH - AMI,0.3,False,0.00185,0.0837,,2.01,1785634260
All Pools,USDC - WXGEM,0.3,False,0.00184,0.08394,,2.0,1785634260
All Pools,AVAX - WXGEM,0.3,False,0.0018,894.19,,,1785634260
All Pools,YEEHAW - MU,0.3,False,0.0018,0.12401,,1.33,1785634260
All Pools,xARENA - AVAX,0.3,False,0.0018,0.05453,,3.01,1785634260
All Pools,LAMA - AVAX,0.3,False,0.00178,7921.91,,,1785634260
All Pools,PUSH - AVAX,0.3,False,0.00177,0.35704,,0.45,1785634260
All Pools,BMOON - AVAX,0.3,False,0.00175,0.12918,,1.24,1785634260
All Pools,YEEHAW - Gladiator,0.3,False,0.00174,0.09713,,1.63,1785634260
All Pools,LAMA - AMI,0.3,False,0.00173,0.06523,,2.42,1785634260
All Pools,PUSH - AMI,0.3,False,0.00173,0.10291,,1.53,1785634260
All Pools,MU - GEC,0.3,False,0.00173,0.07214,,2.19,1785634260
All Pools,AVAX - ncash,0.3,False,0.00173,0.00435,,36.23,1785634260
All Pools,WOLF - USDt,0.3,False,0.00172,0.07708,,2.04,1785634260
All Pools,KIMBO - MU,0.3,False,0.00164,0.06809,,2.2,1785634260
All Pools,SIA - USDC.e,0.3,False,0.00163,0.67965,,0.22,1785634260
All Pools,STINU - AVAX,0.3,False,0.00163,24.23,,0.01,1785634260
All Pools,APEX - AVAX,0.3,False,0.00161,0.47828,,0.31,1785634260
All Pools,APOW - USDt,0.3,False,0.0016,0.18234,,0.8,1785634260
All Pools,SIA - AVAX,0.3,False,0.00159,0.06791,,2.14,1785634260
All Pools,STINU - AMI,0.3,False,0.00159,0.0659,,2.2,1785634260
All Pools,APEX - AMI,0.3,False,0.00157,0.07541,,1.9,1785634260
All Pools,APOW - AVAX,0.3,False,0.00156,0.11718,,1.22,1785634260
All Pools,LIRA - USDt,0.3,False,0.00155,0.06702,,2.11,1785634260
All Pools,LIRA - AVAX,0.3,False,0.00154,9.771,,0.01,1785634260
All Pools,LIRA - BUSD,0.3,False,0.00148,0.06727,,2.01,1785634260
All Pools,ABC - MU,0.3,False,0.00146,0.04608,,2.88,1785634260
All Pools,AVAX - COMP.e,0.3,False,0.00145,0.06329,,2.09,1785634260
All Pools,BOOTY - HOWDY,0.3,False,0.0014,0.0144,,8.9,1785634260
All Pools,PIZZA - USDC.e,0.3,False,0.00137,0.06835,,1.83,1785634260
All Pools,PIZZA - AVAX,0.3,False,0.00134,359.5,,,1785634260
All Pools,BAWLS - AVAX,0.3,False,0.0013,11.14,,0.01,1785634260
All Pools,BAWLS - AMI,0.3,False,0.00126,0.04174,,2.75,1785634260
All Pools,ZRX.e - USDC.e,0.3,False,0.00126,0.05472,,2.1,1785634260
All Pools,BTC.b - AMI,0.3,False,0.00121,0.03002,,3.67,1785634260
All Pools,LOK - AVAX,0.3,False,0.00118,172.57,,,1785634260
All Pools,yes - AVAX,0.3,False,0.00116,869.29,,,1785634260
All Pools,LOK - AMI,0.3,False,0.00114,0.03683,,2.84,1785634260
All Pools,AAVE.e - USDC,0.3,False,0.00114,0.03203,,3.24,1785634260
All Pools,yes - ARENA,0.3,False,0.00113,0.03878,,2.65,1785634260
All Pools,USDC.e - THO,0.3,False,,19.5,,0.0,1785634260
All Pools,Quet - ARENA,0.3,False,,0.47009,,0.18,1785634260
All Pools,AUSD - Quet,0.3,False,,0.0208,,3.82,1785634260
All Pools,gOHM - USDC,0.3,False,,0.02703,,2.57,1785634260
All Pools,LUEEGI - USDt,0.3,False,,0.06847,,0.99,1785634260
All Pools,AAVE.e - MU,0.3,False,,0.04331,,1.51,1785634260
All Pools,BUSD - USDT.e,0.3,False,,0.07075,,0.91,1785634260
All Pools,LUEEGI - AMI,0.3,False,,0.01108,,5.68,1785634260
All Pools,ORDER - AVAX,0.3,False,,0.05023,,1.15,1785634260
All Pools,ORDER - ARENA,0.3,False,,0.01073,,5.04,1785634260
All Pools,BTC.b - UNIQOC,0.3,False,,0.00626,,8.39,1785634260
All Pools,SYN - JOE,0.3,False,,0.00977,,5.35,1785634260
All Pools,AVAX - BOINKO,0.3,False,,0.00101,,48.93,1785634260
All Pools,SHIB.e - AVAX,0.3,False,,0.00232,,19.9,1785634260
All Pools,savUSD - avUSD,0.3,False,,5.819,,0.01,1785634260
All Pools,USDT.e - AMC,0.3,False,,0.06735,,0.28,1785634260
All Pools,MEOW - USDC,0.3,False,,0.01124,,1.68,1785634260
All Pools,AVAX - AMC,0.3,False,,0.03024,,0.62,1785634260
All Pools,MEMO - AVAX,0.3,False,,0.01046,,1.46,1785634260
All Pools,LUNA - JOE,0.3,False,,0.02959,,0.41,1785634260
All Pools,CONY - USDT.e,0.3,False,,0.08209,,0.13,1785634260
All Pools,CONY - AVAX,0.3,False,,0.0442,,0.25,1785634260
All Pools,CRAFT - USDT.e,0.3,False,,0.00523,,1.62,1785634260
All Pools,USDC.e - CORN,0.3,False,,0.97351,,0.0,1785634260
All Pools,USDT.e - CORN,0.3,False,,161.63,,,1785634260
All Pools,BAT.e - AVAX,0.3,False,,0.00105,,2.57,1785634260
All Pools,WETH.e - FEED,0.3,False,,0.04719,,0.05,1785634260
All Pools,MIM - MEMO,0.3,False,,,,9.83,1785634260
All Pools,FATE - USDC,0.3,False,,445144.0,,,1785634260
All Pools,USDT.e - ICE,0.3,False,,,,2.03,1785634260
All Pools,ISHARE - ICE,0.3,False,,,,15.74,1785634260
All Pools,ISHARE - USDT.e,0.3,False,,,,0.2,1785634260
All Pools,MOOM - JUCI,0.3,False,0.0,0.0,0.0,0.0,1785634260
All Pools,ElvisJackpot - SaintGermain,0.3,False,0.0,0.0,0.0,0.0,1785634260
All Pools,AVAX - USDC,0.05,False,439246.0,435737.0,241.67,20.24,1785637863
All Pools,WBTC.e - BTC.b,0.03,False,83834.0,226034.0,25.22,4.07,1785637863
All Pools,sAVAX - AVAX,0.01,False,41927.0,59875.0,4.225,2.58,1785637863
All Pools,COQ - AVAX,0.3,False,31742.0,399393.0,79.35,7.25,1785637863
All Pools,DAI.e - USDC,0.02,False,28606.0,26945.0,7.787,10.55,1785637863
All Pools,FOLKS - AVAX,0.25,False,28248.0,35164.0,73.48,76.27,1785637863
All Pools,AVAX - USDT.e,0.3,False,21536.0,463120.0,53.84,4.24,1785637863
All Pools,ARENA - AVAX,0.01,False,20089.0,176454.0,2.005,0.41,1785637863
All Pools,AUSD - USDC,0.01,False,19972.0,53351.0,1.99,1.36,1785637863
All Pools,USDt - USDC,0.01,False,19122.0,162896.0,1.539,0.34,1785637863
All Pools,USDT.e - USDt,0.02,False,18249.0,44553.0,3.72,3.05,1785637863
All Pools,AVAX - USDt,0.2,False,17159.0,95764.0,34.98,13.33,1785637863
All Pools,USDT.e - USDC,0.02,False,14619.0,51220.0,3.393,2.42,1785637863
All Pools,AVAX - USDC,0.3,False,14440.0,341388.0,36.1,3.86,1785637863
All Pools,USDC.e - AVAX,0.3,False,14421.0,359846.0,36.05,3.66,1785637863
All Pools,USDt - USDC,0.005,False,12505.0,160030.0,0.90855,0.21,1785637863
All Pools,JOE - USDC.e,0.3,False,11775.0,243910.0,29.44,4.41,1785637863
All Pools,BTC.b - USDC,0.05,False,9350.48,566696.0,4.777,0.31,1785637863
All Pools,JOE - AVAX,0.3,False,7200.94,195879.0,18.0,3.35,1785637863
All Pools,WETH.e - USDC,0.15,False,6844.79,9915.14,10.3,37.92,1785637863
All Pools,AAVE.e - AVAX,0.3,False,6741.14,253094.0,16.85,2.43,1785637863
All Pools,USDC - XAVA,0.3,False,6050.75,417891.0,15.13,1.32,1785637863
All Pools,NXUSD - WXT,0.3,False,5772.51,439857.0,14.43,1.2,1785637863
All Pools,WETH.e - AVAX,0.3,False,4705.45,371160.0,11.76,1.16,1785637863
All Pools,USDC.e - USDC,0.02,False,4529.15,9742.22,0.45816,1.72,1785637863
All Pools,XAUt0 - USDt,0.04,False,4384.59,25775.0,2.092,2.96,1785637863
All Pools,QI - AVAX,0.3,False,4309.6,117023.0,10.77,3.36,1785637863
All Pools,AVAX - BTC.b,0.05,False,4241.64,25350.0,3.218,4.63,1785637863
All Pools,WBTC.e - AVAX,0.3,False,3642.02,129617.0,9.105,2.56,1785637863
All Pools,DAI.e - USDC,0.02,False,2472.52,2305.73,0.64237,10.17,1785637863
All Pools,BTC.b - AVAX,0.3,False,2322.44,105811.0,5.806,2.0,1785637863
All Pools,MIM - AVAX,0.3,False,2299.33,128248.0,5.748,1.64,1785637863
All Pools,XAVA - AVAX,0.8,False,2238.58,123738.0,18.22,5.38,1785637863
All Pools,NOCHILL - AVAX,0.3,False,2050.12,47983.0,5.125,3.9,1785637863
All Pools,gOHM - AVAX,0.3,False,2047.26,126667.0,5.118,1.47,1785637863
All Pools,JOE - USDT.e,0.3,False,1857.71,48871.0,4.644,3.47,1785637863
All Pools,USDt - AVAX,0.3,False,1725.18,37984.0,4.313,4.14,1785637863
All Pools,BEAM - USDC,0.3,False,1450.39,63346.0,3.626,2.09,1785637863
All Pools,NXPC - USDC,0.8,False,1447.01,560.3,11.73,764.08,1785637863
All Pools,ORNG - AVAX,0.3,False,1296.46,16335.0,3.241,7.24,1785637863
All Pools,JPYC - USDC,0.04,False,1209.73,3371.36,0.60847,6.59,1785637863
All Pools,XAVA - USDC,0.8,False,1174.97,152102.0,9.406,2.26,1785637863
All Pools,SYN - AVAX,0.3,False,1138.17,3114.82,2.845,33.34,1785637863
All Pools,USDC.e - USDC,0.02,False,1108.61,3898.05,0.22237,2.08,1785637863
All Pools,AUSD - USDt,0.01,False,1068.91,53788.0,0.13386,0.09,1785637863
All Pools,USDt - ncash,0.3,False,1032.32,670.67,2.581,140.46,1785637863
All Pools,BEAM - AVAX,0.25,False,913.93,13337.0,2.328,6.37,1785637863
All Pools,JOE - USDC,0.3,False,908.36,22181.0,2.271,3.74,1785637863
All Pools,ALOT - AVAX,0.3,False,781.42,408.36,1.954,174.61,1785637863
All Pools,AVAX - DAI.e,0.3,False,698.77,28113.0,1.747,2.27,1785637863
All Pools,SOL - USDC,0.1,False,657.71,169.27,3.134,675.83,1785637863
All Pools,GUN - AVAX,0.25,False,588.47,8025.96,1.509,6.86,1785637863
All Pools,USDC.e - USDC,0.02,False,583.76,1954.03,0.1184,2.21,1785637863
All Pools,MUON - AVAX,0.3,False,568.13,37700.0,1.42,1.38,1785637863
All Pools,XSGD - USDC,0.05,False,532.37,2087.5,0.29648,5.18,1785637863
All Pools,XAVA - AVAX,0.25,False,520.01,2230.5,1.315,21.53,1785637863
All Pools,HUNDRED - USDC,0.3,False,482.38,484871.0,1.206,0.09,1785637863
All Pools,BIG - AVAX,0.0,False,480.51,161.66,0.0,0.0,1785637863
All Pools,HEFE - AVAX,0.3,False,450.8,27582.0,1.127,1.49,1785637863
All Pools,SolvBTC - BTC.b,0.04,False,447.26,174189.0,0.16462,0.03,1785637863
All Pools,SB - AVAX,0.3,False,443.71,5941.93,1.109,6.81,1785637863
All Pools,LINK.e - AVAX,0.3,False,443.68,38600.0,1.109,1.05,1785637863
All Pools,SOL - USDC,0.3,False,426.93,20.76,1.067,1876.31,1785637863
All Pools,YEEHAW - CHAMP,0.3,False,412.22,940.56,1.031,39.99,1785637863
All Pools,USDT.e - USDC,0.02,False,412.19,900.18,0.04775,1.94,1785637863
All Pools,KIMBO - AVAX,0.3,False,395.93,37402.0,0.98982,0.97,1785637863
All Pools,CHAMP - ARENA,0.3,False,386.69,16.47,0.96672,2142.15,1785637863
All Pools,AVAX - JUICE,0.3,False,341.7,9934.7,0.85424,3.14,1785637863
All Pools,WOLF - AVAX,0.3,False,334.66,25538.0,0.83666,1.2,1785637863
All Pools,ISA - AVAX,0.3,False,307.61,15804.0,0.76903,1.78,1785637863
All Pools,GMX - AVAX,0.3,False,301.41,3871.55,0.75353,7.1,1785637863
All Pools,KLO - AVAX,0.3,False,278.65,6505.03,0.69663,3.91,1785637863
All Pools,ZRO - AVAX,0.25,False,267.3,1467.12,0.68883,17.14,1785637863
All Pools,AI - AVAX,0.3,False,264.49,3050.69,0.66123,7.91,1785637863
All Pools,AVAX - GEC,0.3,False,228.21,24510.0,0.57052,0.85,1785637863
All Pools,PRIME - AVAX,0.4,False,212.01,92607.0,3.185,1.26,1785637863
All Pools,COQ - COQAI,0.3,False,203.3,18915.0,0.50825,0.98,1785637863
All Pools,QI - AVAX,0.25,False,188.25,8434.93,0.4785,2.07,1785637863
All Pools,AVAX - XAVA,0.3,False,187.77,10840.0,0.46943,1.58,1785637863
All Pools,EURC - USDC,0.03,False,186.03,10469.0,0.04908,0.17,1785637863
All Pools,FLD - AVAX,0.3,False,169.25,35393.0,0.42313,0.44,1785637863
All Pools,w3ULL - AVAX,0.3,False,156.89,46883.0,0.39222,0.31,1785637863
All Pools,DAI.e - USDt,0.25,False,146.74,20514.0,0.34042,0.61,1785637863
All Pools,WETH.e - USDC.e,0.3,False,132.95,11089.0,0.33238,1.09,1785637863
All Pools,WTHT - USDC,0.8,False,131.94,186.17,1.971,386.5,1785637863
All Pools,UST - AVAX,0.3,False,113.87,5417.93,0.28467,1.92,1785637863
All Pools,STG - AVAX,0.3,False,108.51,939.09,0.27127,10.54,1785637863
All Pools,STG - USDC,0.3,False,99.69,1138.16,0.24922,7.99,1785637863
All Pools,MIM - SB,0.3,False,85.92,1584.68,0.21479,4.95,1785637863
All Pools,BLSEYE🎯 - AVAX,0.3,False,84.41,4583.94,0.21103,1.68,1785637863
All Pools,GGP - AVAX,0.3,False,79.55,15620.0,0.19888,0.46,1785637863
All Pools,gOHM - FRAX,0.3,False,74.0,3503.3,0.18499,1.93,1785637863
All Pools,AVAX - TOPIA,0.3,False,69.33,1520.96,0.17333,4.16,1785637863
All Pools,JEWEL - USDC,0.3,False,67.46,3941.28,0.16865,1.56,1785637863
All Pools,SHRAP - AVAX,0.8,False,55.05,7550.81,0.44375,2.15,1785637863
All Pools,XPOW - AVAX,0.3,False,54.52,1127.47,0.1363,4.41,1785637863
All Pools,AVAX - UST,0.3,False,53.21,6417.17,0.13302,0.76,1785637863
All Pools,AVAX - DOMI,0.3,False,53.12,10293.0,0.1328,0.47,1785637863
All Pools,MEAT - AVAX,0.3,False,52.77,2755.86,0.13192,1.75,1785637863
All Pools,XSEED - AVAX,0.3,False,51.08,7469.2,0.12769,0.62,1785637863
All Pools,WBTC - BTC.b,0.03,False,49.6,66767.0,0.01689,0.01,1785637863
All Pools,SWORLD - AVAX,0.3,False,49.09,2109.85,0.12272,2.12,1785637863
All Pools,AVAX - aXEN,0.3,False,49.02,140.53,0.12254,31.83,1785637863
All Pools,USDV - AVAX,0.25,False,46.03,2471.25,0.56044,8.28,1785637863
All Pools,GURS - AVAX,0.3,False,43.46,4983.62,0.10865,0.8,1785637863
All Pools,APOW - AVAX,0.3,False,39.99,1582.43,0.09998,2.31,1785637863
All Pools,ISA - USDC.e,0.3,False,37.82,1369.34,0.09456,2.52,1785637863
All Pools,ROCO - AVAX,0.3,False,37.12,1309.73,0.09279,2.59,1785637863
All Pools,YAK - AVAX,0.3,False,36.85,2317.46,0.09213,1.45,1785637863
All Pools,HOWDY - USDC,0.3,False,36.38,3039.09,0.09095,1.09,1785637863
All Pools,Psychic - AVAX,0.3,False,36.27,864.46,0.09068,3.83,1785637863
All Pools,AVAX - HOOF,0.3,False,36.19,1558.55,0.09047,2.12,1785637863
All Pools,APOW - XPOW,0.3,False,35.81,1382.82,0.08952,2.36,1785637863
All Pools,BLSEYE🎯 - ARENA,0.3,False,35.79,1116.36,0.08948,2.93,1785637863
All Pools,FITFI - USDT.e,0.3,False,34.3,68.26,0.08576,45.86,1785637863
All Pools,TECH - AVAX,0.3,False,31.49,8620.63,0.07872,0.33,1785637863
All Pools,USDt - USDC,0.0,False,30.54,14.93,0.0,0.0,1785637863
All Pools,HOWDY - AVAX,0.3,False,29.05,6651.25,0.07262,0.4,1785637863
All Pools,AVAX - AMI,0.3,False,26.96,361.99,0.0674,6.8,1785637863
All Pools,OSAK - AVAX,0.3,False,25.74,3205.31,0.06436,0.73,1785637863
All Pools,XPOW - AVAX,0.8,False,24.53,390.07,0.20095,18.8,1785637863
All Pools,ROY - AVAX,0.3,False,22.34,3659.86,0.05585,0.56,1785637863
All Pools,HERESY - AVAX,0.3,False,21.98,13966.0,0.05495,0.14,1785637863
All Pools,SECOND - USDC,0.3,False,21.72,6897.37,0.0543,0.29,1785637863
All Pools,Psychic - XAUt0,0.3,False,21.72,5735.83,0.05429,0.35,1785637863
All Pools,SECOND - AVAX,0.3,False,21.7,1411.68,0.05424,1.4,1785637863
All Pools,MIM - USDT.e,0.3,False,21.49,1076.95,0.05374,1.82,1785637863
All Pools,RGOGLZ - USDC,0.3,False,20.06,1305.55,0.05014,1.4,1785637863
All Pools,USDV - AVAX,0.8,False,19.99,1.822,0.18137,3633.97,1785637863
All Pools,PNG - AVAX,0.3,False,18.82,782.02,0.04706,2.2,1785637863
All Pools,BNB - AVAX,0.3,False,18.79,2767.15,0.04697,0.62,1785637863
All Pools,BTC.b - TOPIA,0.3,False,17.57,532.28,0.04394,3.01,1785637863
All Pools,aDXN - AVAX,0.3,False,16.63,46.35,0.04158,32.75,1785637863
All Pools,COQ - AVAX,0.8,False,15.8,2899.12,0.13658,1.72,1785637863
All Pools,DCAU - USDT.e,0.3,False,15.44,4982.43,0.03859,0.28,1785637863
All Pools,ABC - AVAX,0.3,False,14.91,411.37,0.03727,3.31,1785637863
All Pools,AVAX - FRAX,0.3,False,14.41,661.4,0.03602,1.99,1785637863
All Pools,LF - AVAX,0.3,False,14.39,235.62,0.03596,5.57,1785637863
All Pools,DCAU - AVAX,0.3,False,13.86,990.43,0.03465,1.28,1785637863
All Pools,USDt - USDC,0.02,False,13.75,2232.9,0.00275,0.04,1785637863
All Pools,USDt - INFRA.e,0.3,False,13.73,24266.0,0.03432,0.05,1785637863
All Pools,HOWDY - AMI,0.3,False,12.86,1361.38,0.03214,0.86,1785637863
All Pools,MIM - USDC.e,0.3,False,12.82,548.36,0.03206,2.13,1785637863
All Pools,YEEHAW - HOWDY,0.3,False,12.03,7042.97,0.03006,0.16,1785637863
All Pools,APIX - ID,0.3,False,11.16,88.28,0.0279,11.53,1785637863
All Pools,CHAMP - AMI,0.3,False,11.03,26.94,0.02757,37.35,1785637863
All Pools,YUSD - AVAX,0.3,False,10.79,115.35,0.02698,8.54,1785637863
All Pools,DGLD - AVAX,0.1,False,10.53,635.13,0.01054,0.61,1785637863
All Pools,GB - AVAX,0.3,False,8.862,1742.61,0.02216,0.46,1785637863
All Pools,HATCHY - AVAX,0.3,False,8.652,6128.9,0.02163,0.13,1785637863
All Pools,AVAX - ELK,0.3,False,8.498,1266.82,0.02125,0.61,1785637863
All Pools,APIX - ARENA,0.3,False,8.416,19.02,0.02104,40.38,1785637863
All Pools,USV - DAI.e,0.3,False,8.342,3975.89,0.02086,0.19,1785637863
All Pools,AVAX - FRAX,0.3,False,7.957,200.87,0.01989,3.61,1785637863
All Pools,Gladiator - ARENA,0.3,False,7.914,472.92,0.01978,1.53,1785637863
All Pools,HUSKY - AVAX,0.3,False,7.847,2059.25,0.01962,0.35,1785637863
All Pools,SPORE - USDC,0.3,False,7.746,1352.24,0.01937,0.52,1785637863
All Pools,ABC - HOWDY,0.3,False,7.67,437.21,0.01917,1.6,1785637863
All Pools,Gladiator - USDC,0.3,False,7.591,305.14,0.01898,2.27,1785637863
All Pools,APIX - USDt,0.3,False,7.39,41.56,0.01848,16.23,1785637863
All Pools,VPND - AVAX,0.3,False,7.309,17585.0,0.01827,0.04,1785637863
All Pools,AVAX - PEFI,0.3,False,7.063,3135.74,0.01766,0.21,1785637863
All Pools,BUSD - AVAX,0.3,False,6.726,321.06,0.01681,1.91,1785637863
All Pools,AVAX - SOCK,0.3,False,6.457,2355.08,0.01614,0.25,1785637863
All Pools,USDC - SOCK,0.3,False,6.433,415.04,0.01608,1.41,1785637863
All Pools,MIM - LF,0.3,False,6.027,236.64,0.01507,2.32,1785637863
All Pools,GUN - BLSEYE🎯,0.3,False,5.992,392.38,0.01498,1.39,1785637863
All Pools,USDC.e - WXT,0.3,False,5.975,184.33,0.01494,2.96,1785637863
All Pools,COQ - BLSEYE🎯,0.3,False,5.894,152.89,0.01474,3.52,1785637863
All Pools,EGG - AVAX,0.3,False,5.861,15220.0,0.01465,0.04,1785637863
All Pools,3QF - D - AVAX,0.3,False,5.786,1304.3,0.01446,0.4,1785637863
All Pools,3QF - D - WETH.e,0.3,False,5.771,2483.15,0.01443,0.21,1785637863
All Pools,BRO - AVAX,0.3,False,5.171,95491.0,0.01293,0.0,1785637863
All Pools,BRO - COQ,0.3,False,5.146,132.76,0.01287,3.54,1785637863
All Pools,REDWOLF - AVAX,0.3,False,5.062,379.2,0.01266,1.22,1785637863
All Pools,USDC.e - MU,0.3,False,5.014,13218.0,0.01253,0.03,1785637863
All Pools,USDV - REDWOLF,0.3,False,4.787,15.98,0.01197,27.34,1785637863
All Pools,MaryMagdalene - AVAX,0.3,False,4.706,168.43,0.01176,2.55,1785637863
All Pools,Now - AVAX,0.3,False,4.696,185.02,0.01174,2.32,1785637863
All Pools,MYST - AVAX,0.3,False,4.596,586.87,0.01149,0.71,1785637863
All Pools,BEAM - AVAX,0.3,False,4.577,359.59,0.01144,1.16,1785637863
All Pools,ORNG - MOOM,0.3,False,4.537,182.76,0.01134,2.27,1785637863
All Pools,avUSD - sAVAX,0.3,False,4.477,201.47,0.01119,2.03,1785637863
All Pools,AVAX - NaughtiusMaximus,0.3,False,4.374,325.83,0.01093,1.22,1785637863
All Pools,APIX - USDC,0.3,False,4.286,20.28,0.01072,19.28,1785637863
All Pools,XROSS - ORNG,0.3,False,4.052,227.39,0.01013,1.63,1785637863
All Pools,UST - USDC,0.3,False,4.025,414.43,0.01006,0.89,1785637863
All Pools,PTOP900 - TOPIA,0.3,False,3.982,160.11,0.00996,2.27,1785637863
All Pools,AVAX - AKITAX,0.3,False,3.969,384.19,0.00992,0.94,1785637863
All Pools,LINK.e - USDT.e,0.3,False,3.937,223.07,0.00984,1.61,1785637863
All Pools,MIM - WETH.e,0.3,False,3.895,358.21,0.00974,0.99,1785637863
All Pools,HOTEMIN - USDC,0.3,False,3.772,14412.0,0.00943,0.02,1785637863
All Pools,Balln - AVAX,0.3,False,3.687,4158.33,0.00922,0.08,1785637863
All Pools,HOST - DAI.e,0.3,False,3.578,2516.09,0.00895,0.13,1785637863
All Pools,APOW - AVAX,0.3,False,3.537,832.35,0.00884,0.39,1785637863
All Pools,USDt - USDT.e,0.3,False,3.482,20418.0,0.00871,0.02,1785637863
All Pools,DATCM - ORNG,0.3,False,3.41,224.1,0.00853,1.39,1785637863
All Pools,REDWOLF - USDC,0.3,False,3.384,184.89,0.00846,1.67,1785637863
All Pools,AVAX - ChristMark,0.3,False,3.329,264.92,0.00832,1.15,1785637863
All Pools,DPS - USDC,0.3,False,3.302,1809.09,0.00825,0.17,1785637863
All Pools,DPS - AVAX,0.3,False,3.294,180.02,0.00824,1.67,1785637863
All Pools,AVAX - ARENA,0.3,False,3.149,70.96,0.00787,4.05,1785637863
All Pools,LINK.e - USDC.e,0.3,False,3.124,185.48,0.00781,1.54,1785637863
All Pools,FITFI - AVAX,0.3,False,3.044,5.991,0.00761,46.37,1785637863
All Pools,GUN - AVAX,0.3,False,3.037,168.14,0.00759,1.65,1785637863
All Pools,MYST - USDC,0.3,False,3.031,199.09,0.00758,1.39,1785637863
All Pools,LUNA - USDC.e,0.3,False,2.997,310.52,0.00749,0.88,1785637863
All Pools,MaryMagdalene - XAUt0,0.3,False,2.975,1637.53,0.00744,0.17,1785637863
All Pools,USDT.e - CLY,0.3,False,2.913,177.81,0.00728,1.49,1785637863
All Pools,ORNG - JUCI,0.3,False,2.867,234.9,0.00717,1.11,1785637863
All Pools,AVAX - CLY,0.3,False,2.855,21222.0,0.00714,0.01,1785637863
All Pools,SWIFT - USDC.e,0.3,False,2.848,489.12,0.00712,0.53,1785637863
All Pools,XAUt0 - NaughtiusMaximus,0.3,False,2.839,873.78,0.0071,0.3,1785637863
All Pools,JOE - USDT,0.3,False,2.835,256.91,0.00709,1.01,1785637863
All Pools,MOO - AVAX,0.3,False,2.789,518.97,0.00697,0.49,1785637863
All Pools,FLD - EVB,0.3,False,2.775,4451.64,0.00694,0.06,1785637863
All Pools,AVAX - EVB,0.3,False,2.773,2050.13,0.00693,0.12,1785637863
All Pools,ORNG - FLUX,0.3,False,2.765,104.31,0.00691,2.42,1785637863
All Pools,USDC - aXEN,0.3,False,2.748,7.686,0.00687,32.63,1785637863
All Pools,XAUt0 - ChristMark,0.3,False,2.674,580.75,0.00668,0.42,1785637863
All Pools,XAUt0 - Now,0.3,False,2.658,556.56,0.00665,0.44,1785637863
All Pools,Gravity - AVAX,0.3,False,2.658,235.54,0.00664,1.03,1785637863
All Pools,YAK - USDC.e,0.3,False,2.615,149.95,0.00654,1.59,1785637863
All Pools,FXS - AVAX,0.3,False,2.532,285.37,0.00633,0.81,1785637863
All Pools,SWIFT - AVAX,0.3,False,2.496,233.02,0.00624,0.98,1785637863
All Pools,ORNG - SAI,0.3,False,2.492,105.75,0.00623,2.15,1785637863
All Pools,USDC.e - AVVO,0.3,False,2.455,223.6,0.00614,1.0,1785637863
All Pools,Trinity - AVAX,0.3,False,2.425,713.64,0.00606,0.31,1785637863
All Pools,BLSEYE🎯 - BEAM,0.3,False,2.379,272.97,0.00595,0.8,1785637863
All Pools,YOU - ORNG,0.3,False,2.359,1314.16,0.0059,0.16,1785637863
All Pools,aDXN - aXEN,0.3,False,2.308,3.898,0.00577,54.02,1785637863
All Pools,sAVAX - COQ,0.3,False,2.222,61.68,0.00555,3.29,1785637863
All Pools,USDT.e - ONION,0.3,False,2.214,743.14,0.00554,0.27,1785637863
All Pools,AVAX - USDT,0.3,False,2.193,1657.6,0.00548,0.12,1785637863
All Pools,L - Swing - aXEN,0.3,False,2.148,41.76,0.00537,4.69,1785637863
All Pools,AVAX - RPG,0.3,False,2.13,26.48,0.00532,7.34,1785637863
All Pools,AVAX - ONION,0.3,False,2.129,146.26,0.00532,1.33,1785637863
All Pools,APOW - USDC,0.3,False,2.124,156.69,0.00531,1.24,1785637863
All Pools,UST - USDC.e,0.3,False,2.117,632.49,0.00529,0.31,1785637863
All Pools,Trinity - Psychic,0.3,False,2.045,393.62,0.00511,0.47,1785637863
All Pools,L - Swing - AVAX,0.3,False,2.012,101.67,0.00503,1.81,1785637863
All Pools,MAGICK - AVAX,0.3,False,1.975,275.0,0.00494,0.66,1785637863
All Pools,MAGICK - USDC,0.3,False,1.968,224.18,0.00492,0.8,1785637863
All Pools,KINGSHIT - AVAX,0.3,False,1.963,3482.83,0.00491,0.05,1785637863
All Pools,APOW - USDt,0.3,False,1.926,156.23,0.00481,1.12,1785637863
All Pools,BANKSY - USDT.e,0.3,False,1.879,1528.91,0.0047,0.11,1785637863
All Pools,BANKSY - AVAX,0.3,False,1.873,141.72,0.00468,1.21,1785637863
All Pools,ZRO - AVAX,0.3,False,1.857,121.75,0.00464,1.39,1785637863
All Pools,YEEHAW - TOPIA,0.3,False,1.816,132.93,0.00454,1.25,1785637863
All Pools,XAUt0 - Gravity,0.3,False,1.814,313.58,0.00454,0.53,1785637863
All Pools,SMRTr - AVAX,0.3,False,1.781,24941.0,0.00445,0.01,1785637863
All Pools,SMRTr - USDC.e,0.3,False,1.774,102.95,0.00443,1.57,1785637863
All Pools,HOWDY - USDt,0.3,False,1.747,178.42,0.00437,0.89,1785637863
All Pools,AVAX - MU,0.3,False,1.695,73.15,0.00424,2.11,1785637863
All Pools,DREGG - USDT.e,0.3,False,1.625,514.96,0.00406,0.29,1785637863
All Pools,DREGG - AVAX,0.3,False,1.621,144.45,0.00405,1.02,1785637863
All Pools,USDC.e - sSB,0.3,False,1.584,827.33,0.00396,0.17,1785637863
All Pools,AVAX - AVVO,0.3,False,1.506,224.73,0.00377,0.61,1785637863
All Pools,BTC.b - oXAUT,0.3,False,1.425,306.54,0.00356,0.42,1785637863
All Pools,oXAUT - AVAX,0.3,False,1.417,395.3,0.00354,0.33,1785637863
All Pools,PNG - JOE,0.3,False,1.411,108.48,0.00353,1.19,1785637863
All Pools,AMI - TOPIA,0.3,False,1.391,185.25,0.00348,0.69,1785637863
All Pools,FEED - AVAX,0.3,False,1.377,5645.63,0.00344,0.02,1785637863
All Pools,HOST - AVAX,0.3,False,1.325,88.01,0.00331,1.37,1785637863
All Pools,WETH - USDC.e,0.3,False,1.297,206.21,0.00324,0.57,1785637863
All Pools,AVAX - SMRT,0.3,False,1.294,1599.23,0.00323,0.07,1785637863
All Pools,USDT.e - SMRT,0.3,False,1.283,87.69,0.00321,1.33,1785637863
All Pools,Psychic - BLACK,0.3,False,1.275,222.6,0.00319,0.52,1785637863
All Pools,KIWI - USDC,0.3,False,1.259,298.37,0.00315,0.39,1785637863
All Pools,AVAX - IMPACT2,0.3,False,1.253,140.9,0.00313,0.81,1785637863
All Pools,KIWI - AVAX,0.3,False,1.237,93.0,0.00309,1.21,1785637863
All Pools,AAVE.e - REDWOLF,0.3,False,1.219,147.17,0.00305,0.76,1785637863
All Pools,WETH.e - USDT.e,0.3,False,1.17,150.7,0.00292,0.71,1785637863
All Pools,LUNA - AVAX,0.3,False,1.143,113.2,0.00286,0.92,1785637863
All Pools,AVAX - ZUBAX,0.3,False,1.121,90.66,0.0028,1.13,1785637863
All Pools,STOMB - AVAX,0.3,False,1.106,4895.43,0.00277,0.02,1785637863
All Pools,ZUBAX - USDT.e,0.3,False,1.082,172.02,0.00271,0.57,1785637863
All Pools,SWIFT - WETH.e,0.3,False,1.078,1325.12,0.0027,0.07,1785637863
All Pools,SYN - REDWOLF,0.3,False,1.049,3.162,0.00262,30.29,1785637863
All Pools,Psychic - Meaning,0.3,False,1.019,230.86,0.00255,0.4,1785637863
All Pools,Meaning - AVAX,0.3,False,1.012,318.76,0.00253,0.29,1785637863
All Pools,DCAU - USDC,0.3,False,1.003,142.37,0.00251,0.64,1785637863
All Pools,WETH.e - ONION,0.3,False,0.99826,236.19,0.0025,0.39,1785637863
All Pools,SYMBIOT - AVAX,0.3,False,0.97661,74.38,0.00244,1.2,1785637863
All Pools,APOW - USDC,0.3,False,0.97155,25.88,0.00243,3.43,1785637863
All Pools,Now - BLACK,0.3,False,0.96757,201.04,0.00242,0.44,1785637863
All Pools,USDC.e - DAI.e,0.3,False,0.96401,22187.0,0.00241,0.0,1785637863
All Pools,MAXI - DAI.e,0.3,False,0.96138,224.83,0.0024,0.39,1785637863
All Pools,HOWDY - ARENA,0.3,False,0.94037,48.32,0.00235,1.78,1785637863
All Pools,APOW - USDt,0.3,False,0.93598,25.87,0.00234,3.3,1785637863
All Pools,YEEHAW - BTC.b,0.3,False,0.93295,51.0,0.00233,1.67,1785637863
All Pools,GENI - USDC,0.3,False,0.92901,1100.35,0.00232,0.08,1785637863
All Pools,GENI - AVAX,0.3,False,0.92642,46.1,0.00232,1.83,1785637863
All Pools,BLUB - AVAX,0.3,False,0.92384,11088.0,0.00231,0.01,1785637863
All Pools,UNIQOC - AVAX,0.3,False,0.91624,773.73,0.00229,0.11,1785637863
All Pools,SYMBIOT - DAI.e,0.3,False,0.91534,446.02,0.00229,0.19,1785637863
All Pools,UNIQOC - COQ,0.3,False,0.90084,34.71,0.00225,2.37,1785637863
All Pools,AVAX - Enigma404,0.3,False,0.88714,1265.31,0.00222,0.06,1785637863
All Pools,KALM - USDC,0.3,False,0.88598,76.82,0.00221,1.05,1785637863
All Pools,KALM - AVAX,0.3,False,0.8836,95.41,0.00221,0.85,1785637863
All Pools,JPYC - USDC,0.3,False,0.8556,373.27,0.00214,0.21,1785637863
All Pools,AVAX - EROL,0.0,False,0.8458,53.08,0.0,0.0,1785637863
All Pools,WBTC.e - USDT.e,0.3,False,0.83756,156.11,0.00209,0.49,1785637863
All Pools,COQ - OSAK,0.3,False,0.82718,17.92,0.00207,4.21,1785637863
All Pools,NaughtiusMaximus - Seventeen,0.3,False,0.80054,651.42,0.002,0.11,1785637863
All Pools,AVAX - Seventeen,0.3,False,0.79695,197.73,0.00199,0.37,1785637863
All Pools,USDC.e - USDC,0.3,False,0.78029,481148.0,0.00195,,1785637863
All Pools,HUSKY - JOE,0.3,False,0.77971,88.42,0.00195,0.8,1785637863
All Pools,ACS - AVAX,0.3,False,0.76173,165.23,0.0019,0.42,1785637863
All Pools,JOE - KRW,0.3,False,0.75274,132.33,0.00188,0.52,1785637863
All Pools,KRW - AVAX,0.3,False,0.75001,295.67,0.00188,0.23,1785637863
All Pools,TSD - AVAX,0.3,False,0.74717,152.43,0.00187,0.45,1785637863
All Pools,50 - USDC,0.3,False,0.74519,111.64,0.00186,0.61,1785637863
All Pools,50 - AVAX,0.3,False,0.7431,58.88,0.00186,1.15,1785637863
All Pools,SLIME - AVAX,0.3,False,0.7302,14656.0,0.00183,0.0,1785637863
All Pools,gOHM - SB,0.3,False,0.72443,17.19,0.00181,3.85,1785637863
All Pools,Psychic - Ducks,0.3,False,0.72379,232.98,0.00181,0.28,1785637863
All Pools,Ducks - AVAX,0.3,False,0.72148,201.47,0.0018,0.33,1785637863
All Pools,NOCHILL - OX,0.3,False,0.71272,10265.0,0.00178,0.01,1785637863
All Pools,COQ - JUICE,0.3,False,0.70725,28.37,0.00177,2.27,1785637863
All Pools,HUSKY - AMI,0.3,False,0.69767,45.2,0.00174,1.41,1785637863
All Pools,LUNA - USDC.e,0.3,False,0.64878,606.99,0.00162,0.1,1785637863
All Pools,Psychic - BlackAndGold,0.3,False,0.64413,232.71,0.00161,0.25,1785637863
All Pools,AVAX - BlackAndGold,0.3,False,0.64214,202.53,0.00161,0.29,1785637863
All Pools,COQ - OX,0.3,False,0.63572,11809.0,0.00159,0.0,1785637863
All Pools,CGS - AVAX,0.3,False,0.6204,52.97,0.00155,1.07,1785637863
All Pools,CGS - USDC.e,0.3,False,0.61804,151.69,0.00155,0.37,1785637863
All Pools,ALOT - USDC.e,0.3,False,0.61431,4.613,0.00154,12.15,1785637863
All Pools,BTC.b - IMPACT2,0.3,False,0.61149,1438.05,0.00153,0.04,1785637863
All Pools,USDC - SDOG,0.3,False,0.60181,348.61,0.0015,0.16,1785637863
All Pools,USDt - IMPACT2,0.3,False,0.60046,71.47,0.0015,0.77,1785637863
All Pools,FollowTheWhiteRabbit - AVAX,0.3,False,0.59939,112.54,0.0015,0.49,1785637863
All Pools,STATIK - AVAX,0.3,False,0.59768,29.24,0.00149,1.87,1785637863
All Pools,Psychic - Serpentarius,0.3,False,0.5933,235.63,0.00148,0.23,1785637863
All Pools,AVAX - SPELL,0.3,False,0.59282,1412.91,0.00148,0.04,1785637863
All Pools,Serpentarius - AVAX,0.3,False,0.58916,204.5,0.00147,0.26,1785637863
All Pools,MM - AVAX,0.3,False,0.58504,65.77,0.00146,0.81,1785637863
All Pools,MM - USDC,0.3,False,0.58253,49.53,0.00146,1.07,1785637863
All Pools,DAI.e - ONION,0.3,False,0.58243,331.65,0.00146,0.16,1785637863
All Pools,Psychic - AftermathsKobe,0.3,False,0.58194,236.61,0.00145,0.22,1785637863
All Pools,AftermathsKobe - AVAX,0.3,False,0.57942,204.6,0.00145,0.26,1785637863
All Pools,MIM - MU,0.3,False,0.57428,67.79,0.00144,0.77,1785637863
All Pools,AVAX - TheGospelOfMary,0.3,False,0.56987,111.57,0.00142,0.47,1785637863
All Pools,Psychic - NeatestQuackery,0.3,False,0.569,232.9,0.00142,0.22,1785637863
All Pools,XPOW - AVAX,0.3,False,0.56874,248.64,0.00142,0.21,1785637863
All Pools,NeatestQuackery - AVAX,0.3,False,0.56713,201.11,0.00142,0.26,1785637863
All Pools,MEOW - AVAX,0.3,False,0.55858,7437.58,0.0014,0.01,1785637863
All Pools,Psychic - Now,0.3,False,0.55756,456.72,0.00139,0.11,1785637863
All Pools,Trinity - Gravity,0.3,False,0.54628,1697.51,0.00137,0.03,1785637863
All Pools,Psychic - Prometheus,0.3,False,0.54407,226.3,0.00136,0.22,1785637863
All Pools,Matter - AVAX,0.3,False,0.54241,54.01,0.00136,0.92,1785637863
All Pools,AVAX - Prometheus,0.3,False,0.54041,196.52,0.00135,0.25,1785637863
All Pools,XPOW - APOW,0.3,False,0.52813,216.68,0.00132,0.22,1785637863
All Pools,Psychic - All,0.3,False,0.52506,233.44,0.00131,0.21,1785637863
All Pools,AVAX - All,0.3,False,0.52248,203.29,0.00131,0.23,1785637863
All Pools,MIM - SDOG,0.3,False,0.5158,61.91,0.00129,0.76,1785637863
All Pools,Orange - Now,0.3,False,0.50863,446.21,0.00127,0.1,1785637863
All Pools,USDt - RUX,0.3,False,0.50818,16099.0,0.00127,0.0,1785637863
All Pools,GRT.e - AVAX,0.3,False,0.50661,7.189,0.00127,6.43,1785637863
All Pools,RUX - AVAX,0.3,False,0.50558,25.37,0.00126,1.82,1785637863
All Pools,Psychic - Xmas,0.3,False,0.50499,218.09,0.00126,0.21,1785637863
All Pools,MaryMagdalene - TheGospelOfMary,0.3,False,0.50402,204.14,0.00126,0.23,1785637863
All Pools,Psychic - Hopi,0.3,False,0.50224,205.83,0.00126,0.22,1785637863
All Pools,Xmas - AVAX,0.3,False,0.50169,189.01,0.00125,0.24,1785637863
All Pools,Hopi - AVAX,0.3,False,0.49854,147.93,0.00125,0.31,1785637863
All Pools,BTC.b - REDWOLF,0.3,False,0.49846,97.27,0.00125,0.47,1785637863
All Pools,MaryMagdalene - FollowTheWhiteRabbit,0.3,False,0.48806,151.29,0.00122,0.29,1785637863
All Pools,Psychic - DogL,0.3,False,0.48713,232.57,0.00122,0.19,1785637863
All Pools,DogL - AVAX,0.3,False,0.48418,202.39,0.00121,0.22,1785637863
All Pools,SYN - USDC.e,0.3,False,0.47807,1.633,0.0012,26.71,1785637863
All Pools,CQK - USDC,0.3,False,0.47401,30.6,0.00119,1.41,1785637863
All Pools,DCAU - MIM,0.3,False,0.47263,79.53,0.00118,0.54,1785637863
All Pools,CQK - AVAX,0.3,False,0.4716,95.01,0.00118,0.45,1785637863
All Pools,USDC.e - SOL,0.3,False,0.46285,34.87,0.00116,1.21,1785637863
All Pools,Psychic - DiamondbackGall,0.3,False,0.45686,232.37,0.00114,0.18,1785637863
All Pools,DiamondbackGall - AVAX,0.3,False,0.45423,202.23,0.00114,0.2,1785637863
All Pools,USDT.e - DUO,0.3,False,0.45224,50.59,0.00113,0.82,1785637863
All Pools,AVAX - DUO,0.3,False,0.45062,51.92,0.00113,0.79,1785637863
All Pools,AVAX - EROL,0.3,False,0.44862,28.48,0.00112,1.44,1785637863
All Pools,AVAX - KET,0.3,False,0.4374,20.07,0.00109,1.99,1785637863
All Pools,AVAX - SING,0.3,False,0.43715,106.77,0.00109,0.37,1785637863
All Pools,COQ - NOCHILL,0.3,False,0.43315,7.685,0.00108,5.14,1785637863
All Pools,Psychic - CommieSukey,0.3,False,0.43209,232.01,0.00108,0.17,1785637863
All Pools,Psychic - Wej,0.3,False,0.43151,232.82,0.00108,0.17,1785637863
All Pools,AVAX - Wej,0.3,False,0.42912,201.91,0.00107,0.19,1785637863
All Pools,USDT.e - SING,0.3,False,0.4273,1198.38,0.00107,0.03,1785637863
All Pools,CommieSukey - AVAX,0.3,False,0.42675,201.2,0.00107,0.19,1785637863
All Pools,USDC.e - WISE,0.3,False,0.42405,41.21,0.00106,0.94,1785637863
All Pools,AVAX - Sinterklaas,0.3,False,0.42246,95.93,0.00106,0.4,1785637863
All Pools,AVAX - WISE,0.3,False,0.42239,58.62,0.00106,0.66,1785637863
All Pools,USDC - USD+,0.3,False,0.42173,30.22,0.00105,1.27,1785637863
All Pools,DFIAT - USDT.e,0.3,False,0.41935,26.51,0.00105,1.44,1785637863
All Pools,USDC.e - ONION,0.3,False,0.41858,370.95,0.00105,0.1,1785637863
All Pools,DFIAT - AVAX,0.3,False,0.41792,5866.59,0.00104,0.01,1785637863
All Pools,MerryXmas - AVAX,0.3,False,0.41427,186.09,0.00104,0.2,1785637863
All Pools,SLUSH - USDT.e,0.3,False,0.41086,55.21,0.00103,0.68,1785637863
All Pools,SLUSH - AVAX,0.3,False,0.40928,44.88,0.00102,0.83,1785637863
All Pools,$Td - AVAX,0.3,False,0.40895,3407.36,0.00102,0.01,1785637863
All Pools,REDWOLF - SOL,0.3,False,0.40451,56.53,0.00101,0.65,1785637863
All Pools,BTC.b - HOWDY,0.3,False,0.40434,62.53,0.00101,0.59,1785637863
All Pools,Psychic - ArniStitch,0.3,False,0.40064,232.45,0.001,0.16,1785637863
All Pools,ArniStitch - AVAX,0.3,False,0.39853,200.97,,0.18,1785637863
All Pools,Psychic - RedFolder,0.3,False,0.39065,233.45,,0.15,1785637863
All Pools,Psychic - Sinterklaas,0.3,False,0.38983,229.85,,0.15,1785637863
All Pools,AVAX - RedFolder,0.3,False,0.38864,202.29,,0.18,1785637863
All Pools,GOOD - AVAX,0.3,False,0.38417,100.83,,0.35,1785637863
All Pools,GOOD - COQ,0.3,False,0.38098,60.04,,0.58,1785637863
All Pools,Christmas - ChristMark,0.3,False,0.36029,107.24,,0.31,1785637863
All Pools,Christmas - AVAX,0.3,False,0.35775,170.09,,0.19,1785637863
All Pools,Orange - Matter,0.3,False,0.35307,5916.92,,0.01,1785637863
All Pools,WBTC - AVAX,0.3,False,0.35289,30.78,,1.05,1785637863
All Pools,MaryMagdalene - Gravity,0.3,False,0.34845,98.36,,0.32,1785637863
All Pools,AVAI - AVAX,0.3,False,0.34806,19.06,,1.67,1785637863
All Pools,WETH.e - REDWOLF,0.3,False,0.34754,83.28,,0.38,1785637863
All Pools,LUNA - AVAX,0.3,False,0.34183,12.82,,2.43,1785637863
All Pools,Psychic - Jjj,0.3,False,0.33973,232.27,,0.13,1785637863
All Pools,Jjj - AVAX,0.3,False,0.33814,200.97,,0.15,1785637863
All Pools,GLOBA - AVAX,0.3,False,0.33381,39.4,,0.77,1785637863
All Pools,LINK.e - REDWOLF,0.3,False,0.32366,69.78,,0.42,1785637863
All Pools,MU - DAI.e,0.3,False,0.31857,236.07,,0.12,1785637863
All Pools,GLOBA - DAI.e,0.3,False,0.31295,47.39,,0.6,1785637863
All Pools,AVVO - DAI.e,0.3,False,0.31174,34.43,,0.83,1785637863
All Pools,AVAX - CHAM,0.3,False,0.30396,25.32,,1.1,1785637863
All Pools,USDC - BVAX,0.3,False,0.29995,25.14,,1.09,1785637863
All Pools,BrideOfChrist - AVAX,0.3,False,0.29978,61.05,,0.45,1785637863
All Pools,COQ - AMI,0.3,False,0.29682,8.551,,3.17,1785637863
All Pools,AVAXAI - USDC,0.3,False,0.29594,1450.02,,0.02,1785637863
All Pools,USDC - SHRAP,0.3,False,0.29289,20.22,,1.32,1785637863
All Pools,miMatic - USDC.e,0.3,False,0.29009,22.23,,1.19,1785637863
All Pools,WBTC.e - REDWOLF,0.3,False,0.27657,48.29,,0.52,1785637863
All Pools,MaryMagdalene - BrideOfChrist,0.3,False,0.27324,87.99,,0.28,1785637863
All Pools,MIM - USDC,0.3,False,0.27146,21.09,,1.17,1785637863
All Pools,AVAX - ZABU,0.3,False,0.25902,23.0,,1.03,1785637863
All Pools,USDC - CHAM,0.3,False,0.25739,46.3,,0.51,1785637863
All Pools,VEE - USDC,0.3,False,0.24929,30.85,,0.74,1785637863
All Pools,SYN - USDT.e,0.3,False,0.24439,0.86999,,25.63,1785637863
All Pools,FLAKE - USDT.e,0.3,False,0.24288,48.49,,0.46,1785637863
All Pools,FLAKE - AVAX,0.3,False,0.24136,16.95,,1.3,1785637863
All Pools,KOVIN - AVAX,0.3,False,0.24031,1998.05,,0.01,1785637863
All Pools,Orange - AVAX,0.3,False,0.23998,59.39,,0.37,1785637863
All Pools,Now - Propriety,0.3,False,0.23781,608.62,,0.04,1785637863
All Pools,METAG - AVAX,0.3,False,0.2374,19.43,,1.11,1785637863
All Pools,AVAX - Propriety,0.3,False,0.23694,60.1,,0.36,1785637863
All Pools,YEEHAW - AVAX,0.3,False,0.23667,11.87,,1.82,1785637863
All Pools,AVAT - AVAX,0.3,False,0.23566,16.49,,1.3,1785637863
All Pools,USDt - REDWOLF,0.3,False,0.22846,13.59,,1.53,1785637863
All Pools,TECH - OX,0.3,False,0.22805,4478.25,,0.0,1785637863
All Pools,SYN - WETH.e,0.3,False,0.22524,0.81007,,25.37,1785637863
All Pools,Psychic - MerryXmas,0.3,False,0.22327,214.61,,0.09,1785637863
All Pools,GAIA - USDC.e,0.3,False,0.22228,399.83,,0.05,1785637863
All Pools,WBTC.e - ONION,0.3,False,0.22194,352.96,,0.06,1785637863
All Pools,COQ - KOVIN,0.3,False,0.22136,7.617,,2.65,1785637863
All Pools,USDT.e - ZABU,0.3,False,0.21719,44.15,,0.45,1785637863
All Pools,WETH.e - USDC,0.3,False,0.21677,20.6,,0.96,1785637863
All Pools,AVAX - LYLY,0.3,False,0.21587,48.71,,0.4,1785637863
All Pools,MELT - AVAX,0.3,False,0.2137,19.78,,0.99,1785637863
All Pools,AprilFoolsDay - NaughtiusMaximus,0.3,False,0.21074,95.81,,0.2,1785637863
All Pools,AprilFoolsDay - AVAX,0.3,False,0.20934,72.67,,0.26,1785637863
All Pools,USDC.e - USDT.e,0.3,False,0.20252,40037.0,,,1785637863
All Pools,$Td - AMI,0.3,False,0.2022,20.53,,0.9,1785637863
All Pools,USDt - MILO,0.3,False,0.20169,13.87,,1.33,1785637863
All Pools,AVAX - MILO,0.3,False,0.20095,771.86,,0.02,1785637863
All Pools,Gold - Now,0.3,False,0.20084,610.01,,0.03,1785637863
All Pools,Gold - AVAX,0.3,False,0.19979,60.37,,0.3,1785637863
All Pools,FTR - AVAX,0.3,False,0.19974,586.67,,0.03,1785637863
All Pools,AVAT - USDC,0.3,False,0.19966,37.4,,0.49,1785637863
All Pools,USDt - XPOW,0.3,False,0.19943,17.87,,1.02,1785637863
All Pools,MIM - DAI.e,0.3,False,0.19852,13.91,,1.3,1785637863
All Pools,NineHundred - AVAX,0.3,False,0.19758,95.69,,0.19,1785637863
All Pools,MIM - PEFI,0.3,False,0.19754,46.58,,0.39,1785637863
All Pools,COQ - LYLY,0.3,False,0.19618,9.621,,1.86,1785637863
All Pools,Slope - Now,0.3,False,0.19482,608.97,,0.03,1785637863
All Pools,Slope - AVAX,0.3,False,0.19472,60.4,,0.29,1785637863
All Pools,AVAX - BLACK,0.3,False,0.1934,2.811,,6.28,1785637863
All Pools,MerryXmas - ChristMark,0.3,False,0.19297,59.43,,0.3,1785637863
All Pools,UNIV - AVAX,0.3,False,0.18948,5.47,,3.16,1785637863
All Pools,Matter - Now,0.3,False,0.18817,551.86,,0.03,1785637863
All Pools,Psychic - Blue,0.3,False,0.18799,59.01,,0.29,1785637863
All Pools,CANS - AVAX,0.3,False,0.18798,7.561,,2.27,1785637863
All Pools,BANKSY - USDC.e,0.3,False,0.18695,29.17,,0.58,1785637863
All Pools,Blue - AVAX,0.3,False,0.1869,179.25,,0.1,1785637863
All Pools,SUB - USDC,0.3,False,0.18687,11.21,,1.52,1785637863
All Pools,METAG - USDT.e,0.3,False,0.1866,47.35,,0.36,1785637863
All Pools,SPC - DAI.e,0.3,False,0.18581,23.71,,0.71,1785637863
All Pools,BANKSY - AVAX,0.3,False,0.18553,18.1,,0.94,1785637863
All Pools,Chemistry - Now,0.3,False,0.1854,605.79,,0.03,1785637863
All Pools,Chemistry - AVAX,0.3,False,0.18516,60.03,,0.28,1785637863
All Pools,Kryptonite - NaughtiusMaximus,0.3,False,0.18245,95.85,,0.17,1785637863
All Pools,AVAX - Kryptonite,0.3,False,0.18137,72.76,,0.23,1785637863
All Pools,KIMBO - CANS,0.3,False,0.17313,190.63,,0.08,1785637863
All Pools,NOCHILL - KET,0.3,False,0.17266,6.768,,2.33,1785637863
All Pools,bECH - AVAX,0.3,False,0.17243,16.71,,0.94,1785637863
All Pools,COQ - REDWOLF,0.3,False,0.17003,8.701,,1.78,1785637863
All Pools,XAUt0 - ElvisJackpot,0.3,False,0.16738,281.67,,0.05,1785637863
All Pools,LIBRE - USDC.e,0.3,False,0.16625,11.8,,1.29,1785637863
All Pools,AVAX - ELK,0.3,False,0.16517,45.45,,0.33,1785637863
All Pools,COQ - BOOTY,0.3,False,0.16341,6.456,,2.31,1785637863
All Pools,BOOTY - AVAX,0.3,False,0.16198,1396.18,,0.01,1785637863
All Pools,GURS - ARENA,0.3,False,0.16025,6.014,,2.43,1785637863
All Pools,USDC - yyAVAX,0.3,False,0.15897,11.88,,1.22,1785637863
All Pools,GB - USDT.e,0.3,False,0.15653,19.81,,0.72,1785637863
All Pools,AVAX - Strength,0.3,False,0.1563,96.59,,0.15,1785637863
All Pools,Orem - NaughtiusMaximus,0.3,False,0.1562,95.79,,0.15,1785637863
All Pools,USDt - DXN,0.3,False,0.15578,213.57,,0.07,1785637863
All Pools,Orem - AVAX,0.3,False,0.15537,72.76,,0.19,1785637863
All Pools,MELT - USDC.e,0.3,False,0.15393,29.74,,0.47,1785637863
All Pools,meGNX - AVAX,0.3,False,0.1538,12.71,,1.1,1785637863
All Pools,AVAX - STRAW,0.3,False,0.1529,14.09,,0.99,1785637863
All Pools,COQ - MCV,0.3,False,0.15069,6.22,,2.21,1785637863
All Pools,KLO - USDT.e,0.3,False,0.15053,2.985,,4.6,1785637863
All Pools,MCV - AVAX,0.3,False,0.15047,272.31,,0.05,1785637863
All Pools,MAI - AVAX,0.3,False,0.14843,1415.02,,0.01,1785637863
All Pools,Hydrogen - AVAX,0.3,False,0.14812,179.29,,0.08,1785637863
All Pools,Psychic - Go,0.3,False,0.14689,53.04,,0.25,1785637863
All Pools,Gil - AVAX,0.3,False,0.14668,13.44,,1.0,1785637863
All Pools,Who - AVAX,0.3,False,0.1465,95.55,,0.14,1785637863
All Pools,BLS - USDt,0.3,False,0.14649,128.9,,0.1,1785637863
All Pools,Go - AVAX,0.3,False,0.14603,95.56,,0.14,1785637863
All Pools,Wormhole - NaughtiusMaximus,0.3,False,0.14495,96.85,,0.14,1785637863
All Pools,Wormhole - AVAX,0.3,False,0.14424,73.51,,0.18,1785637863
All Pools,Psychic - Hydrogen,0.3,False,0.14219,59.28,,0.22,1785637863
All Pools,miMatic - AVAX,0.3,False,0.14136,29.23,,0.44,1785637863
All Pools,DAI.e - STRAW,0.3,False,0.14118,36.0,,0.36,1785637863
All Pools,Psychic - Who,0.3,False,0.13979,53.54,,0.24,1785637863
All Pools,Now - Teste,0.3,False,0.13968,609.86,,0.02,1785637863
All Pools,AVAX - Teste,0.3,False,0.13911,59.59,,0.21,1785637863
All Pools,Gil - DAI.e,0.3,False,0.13784,26.28,,0.48,1785637863
All Pools,MU - COQAI,0.3,False,0.13728,5.57,,2.25,1785637863
All Pools,TOMB - USDC,0.3,False,0.13438,9.853,,1.24,1785637863
All Pools,Psychic - SantaGospel,0.3,False,0.1325,52.91,,0.23,1785637863
All Pools,CNR - AVAX,0.3,False,0.13236,48.56,,0.25,1785637863
All Pools,AVAX - SantaGospel,0.3,False,0.13177,91.45,,0.13,1785637863
All Pools,Mungo - AVAX,0.3,False,0.13067,27.94,,0.43,1785637863
All Pools,WORM - AVAX,0.3,False,0.13001,236.99,,0.05,1785637863
All Pools,JOE - EXP,0.3,False,0.12978,9767202.0,,,1785637863
All Pools,XPOW - USDC,0.3,False,0.12932,17.92,,0.66,1785637863
All Pools,XOM - AVAX,0.3,False,0.12817,2275.54,,0.01,1785637863
All Pools,SNP - AVAX,0.3,False,0.12793,7.562,,1.54,1785637863
All Pools,CREAMA - AVAX,0.3,False,0.12745,0.21741,,53.49,1785637863
All Pools,Psychic - Yellow,0.3,False,0.12695,59.38,,0.2,1785637863
All Pools,Yellow - AVAX,0.3,False,0.1264,180.57,,0.06,1785637863
All Pools,COQ - SNP,0.3,False,0.12586,16.15,,0.71,1785637863
All Pools,ElvisJackpot - Gravity,0.3,False,0.1241,14.46,,0.78,1785637863
All Pools,AVAX - JUICY,0.3,False,0.12138,1645.14,,0.01,1785637863
All Pools,Now - Mentor,0.3,False,0.12132,606.45,,0.02,1785637863
All Pools,AVAX - Mentor,0.3,False,0.12087,59.98,,0.18,1785637863
All Pools,UNIV - DAI.e,0.3,False,0.11964,10.09,,1.08,1785637863
All Pools,AVAX - SQRCAT,0.3,False,0.11826,4067.48,,0.0,1785637863
All Pools,AMI - SQRCAT,0.3,False,0.11767,10.3,,1.04,1785637863
All Pools,WETH.e - SURE,0.3,False,0.1169,880.19,,0.01,1785637863
All Pools,$ALPHA - AVAX,0.3,False,0.11428,43.01,,0.24,1785637863
All Pools,SafeMoonA - AVAX,0.3,False,0.11388,4044.96,,0.0,1785637863
All Pools,aAvaWAVAX - meGNX,0.3,False,0.11345,2.892,,3.58,1785637863
All Pools,USDC - WSPP,0.3,False,0.11284,42.05,,0.24,1785637863
All Pools,HEFE - CANS,0.3,False,0.11274,4.669,,2.2,1785637863
All Pools,SUB - AVAX,0.3,False,0.10988,14.48,,0.69,1785637863
All Pools,GAINS - AVAX,0.3,False,0.10895,29.52,,0.34,1785637863
All Pools,AMI - COQAI,0.3,False,0.10892,2.825,,3.52,1785637863
All Pools,USDT.e - MU,0.3,False,0.10702,250.77,,0.04,1785637863
All Pools,TickTock - Now,0.3,False,0.10651,607.11,,0.02,1785637863
All Pools,TickTock - AVAX,0.3,False,0.10614,60.07,,0.16,1785637863
All Pools,NOCHILL - AMI,0.3,False,0.10579,3.044,,3.17,1785637863
All Pools,COQ - MU,0.3,False,0.10494,3.495,,2.74,1785637863
All Pools,MIM - wsOHM,0.3,False,0.10456,97.57,,0.1,1785637863
All Pools,BUSD - USDC,0.3,False,0.10369,7.095,,1.33,1785637863
All Pools,Psychic - NineHundred,0.3,False,0.10266,52.91,,0.18,1785637863
All Pools,ARENA - MU,0.3,False,0.10227,3.416,,2.73,1785637863
All Pools,ALPHA.e - AVAX,0.3,False,0.09914,59.11,,0.15,1785637863
All Pools,DEXTF - AVAX,0.3,False,0.09834,17.24,,0.52,1785637863
All Pools,IMPACT2 - EURC,0.3,False,0.09806,42.19,,0.21,1785637863
All Pools,DéjàVu - Mungo,0.3,False,0.09668,122.98,,0.07,1785637863
All Pools,DéjàVu - Gravity,0.3,False,0.09664,142.64,,0.06,1785637863
All Pools,Psychic - Strength,0.3,False,0.09624,53.76,,0.16,1785637863
All Pools,NineHundred - Sinterklaas,0.3,False,0.09564,1132.93,,0.01,1785637863
All Pools,WLRS - USDC.e,0.3,False,0.09422,3886.16,,0.0,1785637863
All Pools,USDt - USDC,0.3,False,0.09384,149.1,,0.06,1785637863
All Pools,WBTC.e - USDC,0.3,False,0.09234,0.40059,,21.03,1785637863
All Pools,ACS - USDC.e,0.3,False,0.09116,5.097,,1.63,1785637863
All Pools,MaryMagdalene - RoselineBloodline,0.3,False,0.09094,34.88,,0.24,1785637863
All Pools,wsOHM - USDC.e,0.3,False,0.09053,14.02,,0.59,1785637863
All Pools,RoselineBloodline - AVAX,0.3,False,0.0903,30.81,,0.27,1785637863
All Pools,USDC.e - WOLF,0.3,False,0.09009,7.464,,1.1,1785637863
All Pools,HEFE - GAINS,0.3,False,0.08988,7.969,,1.03,1785637863
All Pools,TrumpTower - Gravity,0.3,False,0.08977,51.41,,0.16,1785637863
All Pools,TrumpTower - AVAX,0.3,False,0.0894,107.85,,0.08,1785637863
All Pools,AVAX - WOLF,0.3,False,0.08934,52.3,,0.16,1785637863
All Pools,WOLF - MU,0.3,False,0.08908,3.614,,2.25,1785637863
All Pools,AVAX - SHRAP,0.3,False,0.08899,10.52,,0.77,1785637863
All Pools,USDt - NEMO,0.3,False,0.08756,96.32,,0.08,1785637863
All Pools,AVAX - NEMO,0.3,False,0.08688,6.468,,1.23,1785637863
All Pools,SLIME - USDt,0.3,False,0.08653,6.002,,1.32,1785637863
All Pools,USDC - MXNB,0.3,False,0.08594,16.32,,0.48,1785637863
All Pools,AVAX - SDOG,0.3,False,0.08504,6.117,,1.27,1785637863
All Pools,YEEHAW - USDC,0.3,False,0.08495,5.641,,1.37,1785637863
All Pools,Silver - Now,0.3,False,0.08307,609.06,,0.01,1785637863
All Pools,Silver - AVAX,0.3,False,0.08293,59.2,,0.13,1785637863
All Pools,UST - USDT.e,0.3,False,0.08029,35.92,,0.2,1785637863
All Pools,BLS - SHRAP,0.3,False,0.08009,7.644,,0.96,1785637863
All Pools,SURE - USDC.e,0.3,False,0.07905,21.24,,0.34,1785637863
All Pools,WETH.e - yyAVAX,0.3,False,0.07808,14.41,,0.49,1785637863
All Pools,Psychic - Nala,0.3,False,0.07595,199.31,,0.03,1785637863
All Pools,Now - Blessing,0.3,False,0.0759,540.75,,0.01,1785637863
All Pools,AVAX - Blessing,0.3,False,0.07566,53.8,,0.13,1785637863
All Pools,AVAX - Nala,0.3,False,0.07548,18.11,,0.38,1785637863
All Pools,MELT - USDC.e,0.3,False,0.07367,5.869,,1.15,1785637863
All Pools,SURE - DAI.e,0.3,False,0.07365,24.75,,0.27,1785637863
All Pools,GAS - AVAX,0.3,False,0.07323,128.56,,0.05,1785637863
All Pools,MELT - AVAX,0.3,False,0.07301,786.84,,0.01,1785637863
All Pools,Psychic - Stolen,0.3,False,0.07279,61.87,,0.11,1785637863
All Pools,AVAX - DAI,0.3,False,0.07254,52.78,,0.13,1785637863
All Pools,ZRO - USDC,0.3,False,0.07144,4.127,,1.58,1785637863
All Pools,DUO - USDT.e,0.3,False,0.07122,6.067,,1.07,1785637863
All Pools,Now - √Root,0.3,False,0.07067,605.95,,0.01,1785637863
All Pools,CREAMA - USDt,0.3,False,0.07041,0.13106,,49.02,1785637863
All Pools,AVAX - √Root,0.3,False,0.0704,59.96,,0.11,1785637863
All Pools,MIM - TIME,0.3,False,0.07007,16.74,,0.38,1785637863
All Pools,BTC.b - GMX,0.3,False,0.06875,1.298,,4.83,1785637863
All Pools,FollowTheWhiteRabbit - TheGospelOfMary,0.3,False,0.06871,108.76,,0.06,1785637863
All Pools,CNR - REDWOLF,0.3,False,0.06842,15.32,,0.41,1785637863
All Pools,Gravity - WarpSpeed,0.3,False,0.06814,57.35,,0.11,1785637863
All Pools,CNR - USDt,0.3,False,0.06795,4.616,,1.34,1785637863
All Pools,WarpSpeed - AVAX,0.3,False,0.0679,93.73,,0.07,1785637863
All Pools,SURE - AVAX,0.3,False,0.06713,5.362,,1.14,1785637863
All Pools,gOHM - wsOHM,0.3,False,0.06711,13.67,,0.45,1785637863
All Pools,USDT.e - TMT,0.3,False,0.06491,25.39,,0.23,1785637863
All Pools,AVAX - TMT,0.3,False,0.06447,5.759,,1.02,1785637863
All Pools,Stolen - AVAX,0.3,False,0.06434,12.13,,0.48,1785637863
All Pools,SOL - AVAX,0.3,False,0.06433,0.00158,,3714.25,1785637863
All Pools,SHRAP - DOMI,0.3,False,0.06388,141.3,,0.04,1785637863
All Pools,GUN - AMI,0.3,False,0.06375,7.844,,0.74,1785637863
All Pools,NOCHILL - REDWOLF,0.3,False,0.06366,2.053,,2.83,1785637863
All Pools,MIM - UNIV,0.3,False,0.06365,3.512,,1.65,1785637863
All Pools,LoveYou - Gravity,0.3,False,0.06335,38.45,,0.15,1785637863
All Pools,CNR - USDC,0.3,False,0.06332,4.601,,1.26,1785637863
All Pools,BNZ - AVAX,0.3,False,0.06325,141.19,,0.04,1785637863
All Pools,LoveYou - AVAX,0.3,False,0.06321,41.52,,0.14,1785637863
All Pools,ElvisJackpot - BLACK,0.3,False,0.06285,8.728,,0.66,1785637863
All Pools,Strength - Sinterklaas,0.3,False,0.06094,1140.9,,0.0,1785637863
All Pools,MELT - USDT.e,0.3,False,0.06085,29.49,,0.19,1785637863
All Pools,AVAX - BAVA,0.3,False,0.06078,8.486,,0.65,1785637863
All Pools,Ush - AVAX,0.3,False,0.06014,1985.75,,0.0,1785637863
All Pools,Sanskrit - Now,0.3,False,0.05917,606.38,,0.01,1785637863
All Pools,Sanskrit - AVAX,0.3,False,0.05901,60.0,,0.09,1785637863
All Pools,AVAX - GAU,0.3,False,0.05798,4.329,,1.22,1785637863
All Pools,MPL - USDt,0.3,False,0.05737,29.91,,0.17,1785637863
All Pools,USDC.e - RUG,0.3,False,0.05725,16.31,,0.32,1785637863
All Pools,MPL - AVAX,0.3,False,0.05698,5.004,,1.04,1785637863
All Pools,ICUBE - USDT.e,0.3,False,0.05607,108.06,,0.05,1785637863
All Pools,ICUBE - AVAX,0.3,False,0.05553,5.292,,0.96,1785637863
All Pools,LINK.e - MU,0.3,False,0.05409,6.945,,0.71,1785637863
All Pools,USDC - USDT.e,0.3,False,0.05408,154.6,,0.03,1785637863
All Pools,MAJIN - AVAX,0.3,False,0.05366,2749.1,,0.0,1785637863
All Pools,wsOHM - AVAX,0.3,False,0.0522,6.1,,0.78,1785637863
All Pools,METAG - USDt,0.3,False,0.0516,15.41,,0.31,1785637863
All Pools,USDC.e - SPADE,0.3,False,0.05134,15.5,,0.3,1785637863
All Pools,AVAX - SPADE,0.3,False,0.05095,4.839,,0.96,1785637863
All Pools,agEUR - USDC,0.3,False,0.05046,59.88,,0.08,1785637863
All Pools,TRYB - USDC.e,0.3,False,0.04954,31.77,,0.14,1785637863
All Pools,Gladiator - AVAX,0.3,False,0.0492,1.694,,2.65,1785637863
All Pools,COQ - MICRO,0.3,False,0.04911,2.617,,1.71,1785637863
All Pools,AVAX - MICRO,0.3,False,0.04901,17.72,,0.25,1785637863
All Pools,3ULL - AVAX,0.3,False,0.04886,33.22,,0.13,1785637863
All Pools,Milk - USDT.e,0.3,False,0.04861,13.8,,0.32,1785637863
All Pools,MaryMagdalene - LadyMary,0.3,False,0.04851,12.52,,0.35,1785637863
All Pools,Milk - AVAX,0.3,False,0.04825,5.269,,0.84,1785637863
All Pools,LadyMary - AVAX,0.3,False,0.04824,245.5,,0.02,1785637863
All Pools,CRA - AVAX,0.3,False,0.04819,6858.05,,,1785637863
All Pools,AVAX - SNOB,0.3,False,0.04691,734.06,,0.01,1785637863
All Pools,MIM - GRAPE,0.3,False,0.04641,59.35,,0.07,1785637863
All Pools,NOCHILL - MU,0.3,False,0.04541,1.384,,2.99,1785637863
All Pools,FollowTheWhiteRabbit - TruthClosure,0.3,False,0.04534,27.63,,0.15,1785637863
All Pools,USDT.e - GOT,0.3,False,0.04448,12.33,,0.33,1785637863
All Pools,KrisKringle - ChristMark,0.3,False,0.04433,18.24,,0.22,1785637863
All Pools,AVAX - GOT,0.3,False,0.04422,4.191,,0.96,1785637863
All Pools,AVAX - TIME,0.3,False,0.0442,507.08,,0.01,1785637863
All Pools,KrisKringle - AVAX,0.3,False,0.04405,17.92,,0.22,1785637863
All Pools,BSGG - AVAX,0.3,False,0.04402,2.31,,1.74,1785637863
All Pools,BENIS - NOCHILL,0.3,False,0.04378,2.174,,1.84,1785637863
All Pools,JOE - ZABU,0.3,False,0.04368,12.09,,0.33,1785637863
All Pools,KIMBO - AMI,0.3,False,0.04358,2.33,,1.71,1785637863
All Pools,BENIS - AVAX,0.3,False,0.04347,8.936,,0.44,1785637863
All Pools,BGLD - USDT.e,0.3,False,0.04297,16.47,,0.24,1785637863
All Pools,BGLD - AVAX,0.3,False,0.04274,3.534,,1.1,1785637863
All Pools,HEFE - AMI,0.3,False,0.04247,2.141,,1.81,1785637863
All Pools,WOLF - USDT.e,0.3,False,0.04242,2.969,,1.3,1785637863
All Pools,WOLF - AVAX,0.3,False,0.04209,42.75,,0.09,1785637863
All Pools,WLRS - GRAPE,0.3,False,0.04192,6.098,,0.63,1785637863
All Pools,ABC - AMI,0.3,False,0.04136,2.245,,1.68,1785637863
All Pools,AVAX - WSPP,0.3,False,0.04132,2.292,,1.64,1785637863
All Pools,XPOW - USDt,0.3,False,0.0411,3.506,,1.07,1785637863
All Pools,JOE - CRA,0.3,False,0.04034,6.42,,0.57,1785637863
All Pools,USDC.e - BAVA,0.3,False,0.03971,2.637,,1.37,1785637863
All Pools,SLOT - AVAX,0.3,False,0.03883,2364.72,,0.0,1785637863
All Pools,USDR - USDC,0.3,False,0.03852,39.75,,0.09,1785637863
All Pools,USDT.e - BOREA,0.3,False,0.03727,25.39,,0.13,1785637863
All Pools,HH - AVAX,0.3,False,0.03712,227.35,,0.01,1785637863
All Pools,MIM - FORT,0.3,False,0.03703,1297.87,,0.0,1785637863
All Pools,HOST - SYMBIOT,0.3,False,0.03685,80.96,,0.04,1785637863
All Pools,AVAX - FORT,0.3,False,0.03683,8.722,,0.39,1785637863
All Pools,AVAX - BOREA,0.3,False,0.03671,5.318,,0.63,1785637863
All Pools,USDT.e - XAVA,0.3,False,0.03651,9.12,,0.37,1785637863
All Pools,HH - ARENA,0.3,False,0.03645,2.021,,1.65,1785637863
All Pools,JOE - aXEN,0.3,False,0.03574,0.13911,,23.45,1785637863
All Pools,COQ - ARENA,0.3,False,0.03564,1.002,,3.25,1785637863
All Pools,WOLF - AMI,0.3,False,0.03552,2.317,,1.4,1785637863
All Pools,HATCHY - AMI,0.3,False,0.03471,2.616,,1.21,1785637863
All Pools,3ULL - USDt,0.3,False,0.03388,2.133,,1.45,1785637863
All Pools,Mungo - Now,0.3,False,0.03372,272.26,,0.01,1785637863
All Pools,Gravity - LookingGlass,0.3,False,0.03364,124.1,,0.02,1785637863
All Pools,AVAX - LookingGlass,0.3,False,0.03352,10.93,,0.28,1785637863
All Pools,AVAX - OK,0.3,False,0.03338,1.622,,1.88,1785637863
All Pools,AAVE.e - USDT.e,0.3,False,0.03203,2.599,,1.12,1785637863
All Pools,KIMBO - KOVIN,0.3,False,0.03191,2.791,,1.04,1785637863
All Pools,Degen - AVAX,0.3,False,0.0319,1310.0,,0.0,1785637863
All Pools,Gravity - SaintGermain,0.3,False,0.03185,17.52,,0.17,1785637863
All Pools,AVAX - AXIAL,0.3,False,0.03182,578.45,,0.01,1785637863
All Pools,LoveIsTheKey - AVAX,0.3,False,0.0316,9.844,,0.29,1785637863
All Pools,BTC.b - USDC,0.3,False,0.03086,4.206,,0.67,1785637863
All Pools,USDC.e - WISE,0.3,False,0.03036,6.755,,0.41,1785637863
All Pools,AVAX - WISE,0.3,False,0.03012,2.216,,1.24,1785637863
All Pools,AVAX - SPT,0.3,False,0.03004,0.14574,,18.81,1785637863
All Pools,MIM - VOLT,0.3,False,0.02981,9.51,,0.29,1785637863
All Pools,USDT.e - iBONE,0.3,False,0.02971,4.415,,0.61,1785637863
All Pools,AVAX - iBONE,0.3,False,0.02953,4.128,,0.65,1785637863
All Pools,ARA - AVAX,0.3,False,0.02926,2.3,,1.16,1785637863
All Pools,USDT.e - AVVO,0.3,False,0.02892,3.598,,0.73,1785637863
All Pools,BrideOfChrist - BLACK,0.3,False,0.02824,14.9,,0.17,1785637863
All Pools,FTOMB - AVAX,0.3,False,0.02818,6186.86,,,1785637863
All Pools,APIX - LAMBO,0.3,False,0.02802,3.483,,0.73,1785637863
All Pools,Gravity - Vaccinations,0.3,False,0.02794,41.91,,0.06,1785637863
All Pools,AVAX - Vaccinations,0.3,False,0.02783,12.45,,0.2,1785637863
All Pools,AVAX - USDR,0.3,False,0.0275,2.405,,1.04,1785637863
All Pools,COQ - COFI,0.3,False,0.02746,1.205,,2.08,1785637863
All Pools,SHIB.e - USDt,0.3,False,0.02745,0.09421,,26.59,1785637863
All Pools,AVAX - COFI,0.3,False,0.02745,425.45,,0.01,1785637863
All Pools,YEEHAW - ARENA,0.3,False,0.02732,1.085,,2.3,1785637863
All Pools,WETH.e - meGNX,0.3,False,0.02715,5.175,,0.48,1785637863
All Pools,bCASH - TECH,0.3,False,0.02685,9.872,,0.25,1785637863
All Pools,CATWIF - MU,0.3,False,0.02642,2.819,,0.86,1785637863
All Pools,DAI.e - VOLT,0.3,False,0.0263,37.87,,0.06,1785637863
All Pools,CATWIF - AVAX,0.3,False,0.02613,2166.78,,0.0,1785637863
All Pools,AVAX - DWC,0.3,False,0.02604,3902.14,,,1785637863
All Pools,TruthClosure - BLACK,0.3,False,0.02574,10.48,,0.22,1785637863
All Pools,gOHM - USDT.e,0.3,False,0.02525,0.66161,,3.48,1785637863
All Pools,YEEHAW - AMI,0.3,False,0.02521,3.25,,0.71,1785637863
All Pools,Gravity - ChristMark,0.3,False,0.02482,11.43,,0.2,1785637863
All Pools,XIO - USDC,0.3,False,0.02478,23.82,,0.09,1785637863
All Pools,LoveIsTheKey - Gravity,0.3,False,0.02467,27.93,,0.08,1785637863
All Pools,APOW - MU,0.3,False,0.02466,3.181,,0.71,1785637863
All Pools,NaughtiusMaximus - Yeshua,0.3,False,0.02455,8.503,,0.26,1785637863
All Pools,XIO - AVAX,0.3,False,0.02454,2.278,,0.98,1785637863
All Pools,AVAX - Yeshua,0.3,False,0.02441,20.95,,0.11,1785637863
All Pools,USDC - COSMIC,0.3,False,0.02429,53.76,,0.04,1785637863
All Pools,DWC - MU,0.3,False,0.02425,2.662,,0.83,1785637863
All Pools,Wingdings - Gravity,0.3,False,0.024,14.87,,0.15,1785637863
All Pools,CRAFT - AVAX,0.3,False,0.02397,277.7,,0.01,1785637863
All Pools,Wingdings - AVAX,0.3,False,0.02391,34.43,,0.06,1785637863
All Pools,AMI - MU,0.3,False,0.02391,1.304,,1.67,1785637863
All Pools,AVAX - TT,0.3,False,0.02327,1.6,,1.33,1785637863
All Pools,WhollySphere - Gravity,0.3,False,0.02313,15.58,,0.14,1785637863
All Pools,WhollySphere - AVAX,0.3,False,0.02307,34.4,,0.06,1785637863
All Pools,BTC.b - yyAVAX,0.3,False,0.02306,4.126,,0.51,1785637863
All Pools,MAJIN - MU,0.3,False,0.0227,3.411,,0.61,1785637863
All Pools,AI9000 - AVAX,0.3,False,0.02229,205.0,,0.01,1785637863
All Pools,GAINS - COQ,0.3,False,0.02213,1.369,,1.48,1785637863
All Pools,GMX - USDC,0.3,False,0.0219,0.83909,,2.38,1785637863
All Pools,USDC - XenBurn,0.3,False,0.02187,5.363,,0.37,1785637863
All Pools,sAVAX - AVAX,0.3,False,0.02187,167778.0,,,1785637863
All Pools,MIM - TSNFTGM,0.3,False,0.02179,2.366,,0.84,1785637863
All Pools,AVAX - XenBurn,0.3,False,0.02155,3.366,,0.58,1785637863
All Pools,REDWOLF - GEC,0.3,False,0.02146,2.939,,0.67,1785637863
All Pools,MIM - PAPA,0.3,False,0.02135,33.92,,0.06,1785637863
All Pools,PAPA - AVAX,0.3,False,0.02126,7.784,,0.25,1785637863
All Pools,FITFI - USDC,0.3,False,0.02099,0.08061,,23.76,1785637863
All Pools,JPYC - USDC.e,0.3,False,0.02095,5.085,,0.38,1785637863
All Pools,KOVIN - MU,0.3,False,0.02037,2.276,,0.82,1785637863
All Pools,ELE - AVAX,0.3,False,0.02034,84.22,,0.02,1785637863
All Pools,AMPL - AVAX,0.3,False,0.02013,203.58,,0.01,1785637863
All Pools,QI - LYLY,0.3,False,0.0201,1.87,,0.98,1785637863
All Pools,TSNFTGM - DAI.e,0.3,False,0.02009,28.34,,0.06,1785637863
All Pools,wALGO - USDC,0.3,False,0.01993,2.319,,0.78,1785637863
All Pools,AVAX - aSOCK,0.3,False,0.01986,9.385,,0.19,1785637863
All Pools,KIMBO - COQ,0.3,False,0.01971,0.91921,,1.96,1785637863
All Pools,AMI - aSOCK,0.3,False,0.01967,1.587,,1.13,1785637863
All Pools,Gravity - HustleTappers,0.3,False,0.01961,16.33,,0.11,1785637863
All Pools,wALGO - AVAX,0.3,False,0.01955,110.44,,0.02,1785637863
All Pools,AVAX - HustleTappers,0.3,False,0.01955,37.63,,0.05,1785637863
All Pools,USDT.e - NORTH,0.3,False,0.01946,30.01,,0.06,1785637863
All Pools,GURS - AMI,0.3,False,0.01935,1.213,,1.46,1785637863
All Pools,TruthClosure - AVAX,0.3,False,0.01934,7.131,,0.25,1785637863
All Pools,AVAX - NORTH,0.3,False,0.0193,1.976,,0.89,1785637863
All Pools,ARENA - AMI,0.3,False,0.01892,1.125,,1.53,1785637863
All Pools,gOHM - JOE,0.3,False,0.01882,3.059,,0.56,1785637863
All Pools,KOKSAL - USDC,0.3,False,0.01878,4.381,,0.39,1785637863
All Pools,GATOR - ARENA,0.3,False,0.0187,1.992,,0.86,1785637863
All Pools,wMEMO - AVAX,0.3,False,0.01862,5.815,,0.29,1785637863
All Pools,KOKSAL - AVAX,0.3,False,0.0185,2.696,,0.63,1785637863
All Pools,KIWI - USDt,0.3,False,0.01847,19.62,,0.09,1785637863
All Pools,JOE - aDXN,0.3,False,0.0184,0.23757,,7.07,1785637863
All Pools,ACS - USDt,0.3,False,0.01786,0.92247,,1.77,1785637863
All Pools,TECH - AMI,0.3,False,0.01756,1.549,,1.03,1785637863
All Pools,Gravity - BLACK,0.3,False,0.01752,0.22075,,7.24,1785637863
All Pools,QI - REDWOLF,0.3,False,0.01751,1.213,,1.32,1785637863
All Pools,USDC.e - TUSK,0.3,False,0.01744,9.298,,0.17,1785637863
All Pools,AVAX - TUSK,0.3,False,0.01719,1.984,,0.79,1785637863
All Pools,DUNEV3 - USDC.e,0.3,False,0.01716,32043.0,,,1785637863
All Pools,MIM - DUNEV3,0.3,False,0.01689,46860.0,,,1785637863
All Pools,XOMB - USDT.e,0.3,False,0.0166,2.03,,0.75,1785637863
All Pools,AVAX - GG,0.3,False,0.01656,3.662,,0.41,1785637863
All Pools,USDC - NXUSD,0.3,False,0.01654,3.153,,0.48,1785637863
All Pools,AVAX - APE - X,0.3,False,0.01654,451.53,,0.0,1785637863
All Pools,TRACTOR - AVAX,0.3,False,0.01643,10104.0,,,1785637863
All Pools,XOMB - AVAX,0.3,False,0.0164,14.95,,0.1,1785637863
All Pools,VELAI - AVAX,0.3,False,0.01625,0.30248,,4.9,1785637863
All Pools,TT - DAI.e,0.3,False,0.0162,1.866,,0.79,1785637863
All Pools,USDC.e - SMRT,0.3,False,0.01613,1.805,,0.82,1785637863
All Pools,Gravity - GematrixDotOrg,0.3,False,0.01577,8.788,,0.16,1785637863
All Pools,GURS - NOCHILL,0.3,False,0.01577,0.9871,,1.46,1785637863
All Pools,AVAX - GematrixDotOrg,0.3,False,0.0157,11.26,,0.13,1785637863
All Pools,SodomAndGomorrah - NaughtiusMaximus,0.3,False,0.01536,5.336,,0.26,1785637863
All Pools,SodomAndGomorrah - AVAX,0.3,False,0.01527,13.13,,0.11,1785637863
All Pools,MIM - BLANC,0.3,False,0.01514,603.59,,0.0,1785637863
All Pools,MIM - AUSD,0.3,False,0.01508,7.486,,0.18,1785637863
All Pools,AVAX - BLANC,0.3,False,0.01508,4.888,,0.28,1785637863
All Pools,DUA - USDC,0.3,False,0.01487,8.931,,0.15,1785637863
All Pools,AVAX - DUA,0.3,False,0.01468,1.329,,1.01,1785637863
All Pools,TokenZ - USDC,0.3,False,0.01467,3.509,,0.38,1785637863
All Pools,AMI - EROL,0.3,False,0.0146,0.45073,,2.96,1785637863
All Pools,TokenZ - AVAX,0.3,False,0.01446,1.851,,0.71,1785637863
All Pools,EHCNALAVA - AVAX,0.3,False,0.01432,1044.58,,0.0,1785637863
All Pools,SMRTr - USDT.e,0.3,False,0.01426,1.069,,1.22,1785637863
All Pools,KIMBO - EHCNALAVA,0.3,False,0.01423,1.654,,0.79,1785637863
All Pools,NOCHILL - WAIFU,0.3,False,0.01405,130.67,,0.01,1785637863
All Pools,LYD - REDWOLF,0.3,False,0.01405,3.975,,0.32,1785637863
All Pools,MU - SOL,0.3,False,0.01396,1.083,,1.18,1785637863
All Pools,FRENXEN - USDC,0.3,False,0.01385,8.409,,0.15,1785637863
All Pools,WETH.e - USDR,0.3,False,0.01377,2.433,,0.52,1785637863
All Pools,MIM - GG,0.3,False,0.01363,36.45,,0.03,1785637863
All Pools,MIM - RUG,0.3,False,0.01363,4.064,,0.31,1785637863
All Pools,AVAX - HOST,0.3,False,0.01355,1.501,,0.82,1785637863
All Pools,KR - USDC.e,0.3,False,0.01352,11.01,,0.11,1785637863
All Pools,LF - USDT.e,0.3,False,0.01348,0.82791,,1.49,1785637863
All Pools,FRENXEN - aXEN,0.3,False,0.01346,0.22311,,5.5,1785637863
All Pools,Eye - Psychic,0.3,False,0.01333,46.18,,0.03,1785637863
All Pools,KR - AVAX,0.3,False,0.01332,1.361,,0.89,1785637863
All Pools,Psychic - Architect,0.3,False,0.01325,46.19,,0.03,1785637863
All Pools,MEOW - MU,0.3,False,0.01324,1.312,,0.92,1785637863
All Pools,Psychic - Verse,0.3,False,0.01314,46.16,,0.03,1785637863
All Pools,CREAMA - USDC,0.3,False,0.01314,0.02506,,47.87,1785637863
All Pools,Chrism - ChristMark,0.3,False,0.01314,139.62,,0.01,1785637863
All Pools,Psychic - Finish,0.3,False,0.0131,46.15,,0.03,1785637863
All Pools,NaughtiusMaximus - SwiftTaylor,0.3,False,0.01305,4.313,,0.28,1785637863
All Pools,Psychic - YouAndI,0.3,False,0.01303,46.18,,0.03,1785637863
All Pools,Psychic - IAmThatIAm,0.3,False,0.01303,46.19,,0.03,1785637863
All Pools,TRACTOR - USDT.e,0.3,False,0.01303,1.615,,0.74,1785637863
All Pools,AVAX - SwiftTaylor,0.3,False,0.01297,9.914,,0.12,1785637863
All Pools,Psychic - PlotTwist,0.3,False,0.01292,47.22,,0.02,1785637863
All Pools,Eye - BLACK,0.3,False,0.01292,1.076,,1.1,1785637863
All Pools,Psychic - LordJesusChrist,0.3,False,0.01286,44.34,,0.03,1785637863
All Pools,Psychic - PoPo,0.3,False,0.01284,46.19,,0.03,1785637863
All Pools,HOST - DAI.e,0.3,False,0.01283,2.72,,0.43,1785637863
All Pools,Architect - BLACK,0.3,False,0.01281,1.075,,1.09,1785637863
All Pools,Psychic - Time,0.3,False,0.01278,46.18,,0.03,1785637863
All Pools,Psychic - Number,0.3,False,0.01272,46.19,,0.03,1785637863
All Pools,BLACK - Verse,0.3,False,0.01271,1.081,,1.07,1785637863
All Pools,Chrism - BLACK,0.3,False,0.0127,1.154,,1.0,1785637863
All Pools,AKA - USDt,0.3,False,0.01269,2.688,,0.43,1785637863
All Pools,Finish - BLACK,0.3,False,0.01267,1.082,,1.07,1785637863
All Pools,AVAX - MUG,0.3,False,0.01263,237.94,,0.0,1785637863
All Pools,Psychic - Qubit,0.3,False,0.01263,46.15,,0.02,1785637863
All Pools,YouAndI - BLACK,0.3,False,0.01261,1.076,,1.07,1785637863
All Pools,BLACK - IAmThatIAm,0.3,False,0.0126,1.075,,1.07,1785637863
All Pools,PlotTwist - BLACK,0.3,False,0.0125,1.098,,1.04,1785637863
All Pools,AKA - AVAX,0.3,False,0.01249,1.731,,0.66,1785637863
All Pools,LordJesusChrist - BLACK,0.3,False,0.01245,1.04,,1.09,1785637863
All Pools,Psychic - TrueStory,0.3,False,0.01241,46.19,,0.02,1785637863
All Pools,Time - BLACK,0.3,False,0.01239,1.076,,1.05,1785637863
All Pools,PoPo - BLACK,0.3,False,0.01239,1.074,,1.05,1785637863
All Pools,Flection - Psychic,0.3,False,0.01238,46.19,,0.02,1785637863
All Pools,Number - BLACK,0.3,False,0.01233,1.074,,1.05,1785637863
All Pools,AVAX - COSMIC,0.3,False,0.0123,1.029,,1.09,1785637863
All Pools,Psychic - [i]Lluminati,0.3,False,0.01226,47.98,,0.02,1785637863
All Pools,Qubit - BLACK,0.3,False,0.01225,1.083,,1.03,1785637863
All Pools,AI9000 - MU,0.3,False,0.0122,1.021,,1.09,1785637863
All Pools,Psychic - FinityFinity,0.3,False,0.01215,46.2,,0.02,1785637863
All Pools,TrueStory - BLACK,0.3,False,0.01208,1.073,,1.03,1785637863
All Pools,Flection - BLACK,0.3,False,0.01201,1.075,,1.02,1785637863
All Pools,Psychic - Abracadabra,0.3,False,0.012,46.16,,0.02,1785637863
All Pools,WITCH - USDC,0.3,False,0.01194,1.524,,0.71,1785637863
All Pools,[i]Lluminati - BLACK,0.3,False,0.01193,1.119,,0.97,1785637863
All Pools,USDt - IMPACT,0.3,False,0.0119,1.667,,0.65,1785637863
All Pools,Psychic - Ups,0.3,False,0.01188,46.19,,0.02,1785637863
All Pools,EagleToken - USDC.e,0.3,False,0.01186,1.996,,0.54,1785637863
All Pools,Psychic - Turtle,0.3,False,0.01183,46.2,,0.02,1785637863
All Pools,Psychic - BiTonic,0.3,False,0.01182,46.26,,0.02,1785637863
All Pools,GRELF[ava] - AVAX,0.3,False,0.01182,847.32,,0.0,1785637863
All Pools,Psychic - Alice,0.3,False,0.01181,46.15,,0.02,1785637863
All Pools,ETHM - AVAX,0.3,False,0.01179,20.47,,0.05,1785637863
All Pools,Psychic - Penny,0.3,False,0.01177,46.19,,0.02,1785637863
All Pools,Psychic - Blessings,0.3,False,0.01177,46.15,,0.02,1785637863
All Pools,EagleToken - AVAX,0.3,False,0.01177,1.589,,0.68,1785637863
All Pools,Psychic - Who,0.3,False,0.01177,46.19,,0.02,1785637863
All Pools,WITCH - AVAX,0.3,False,0.01177,2.035,,0.53,1785637863
All Pools,AVAX - IMPACT,0.3,False,0.01176,2.59,,0.41,1785637863
All Pools,SatoshiNakamoto - Psychic,0.3,False,0.01176,46.19,,0.02,1785637863
All Pools,MAGICK - COSMIC,0.3,False,0.01175,3.333,,0.32,1785637863
All Pools,Psychic - James,0.3,False,0.01174,46.2,,0.02,1785637863
All Pools,FinityFinity - BLACK,0.3,False,0.01172,1.071,,1.0,1785637863
All Pools,Psychic - Bonfire,0.3,False,0.01171,46.19,,0.02,1785637863
All Pools,Psychic - Luck,0.3,False,0.01171,46.19,,0.02,1785637863
All Pools,Psychic - Aquarius,0.3,False,0.01167,46.19,,0.02,1785637863
All Pools,Psychic - Seminole,0.3,False,0.01166,46.15,,0.02,1785637863
All Pools,Psychic - TrumpCard,0.3,False,0.01165,46.2,,0.02,1785637863
All Pools,Abracadabra - BLACK,0.3,False,0.01164,1.079,,0.98,1785637863
All Pools,MU - MUG,0.3,False,0.01164,2305.51,,,1785637863
All Pools,Psychic - Alphabet,0.3,False,0.01161,46.2,,0.02,1785637863
All Pools,Psychic - Hexagon,0.3,False,0.01158,46.19,,0.02,1785637863
All Pools,BLACK - Ups,0.3,False,0.01158,1.076,,0.98,1785637863
All Pools,Psychic - Mirror,0.3,False,0.01155,46.16,,0.02,1785637863
All Pools,FITFI - USDC.e,0.3,False,0.01155,0.04305,,24.48,1785637863
All Pools,Psychic - Nine,0.3,False,0.01154,46.17,,0.02,1785637863
All Pools,AVAX - MUG,0.3,False,0.01153,0.97715,,1.08,1785637863
All Pools,Psychic - Oracle,0.3,False,0.01153,46.19,,0.02,1785637863
All Pools,Psychic - Vampire,0.3,False,0.0115,46.19,,0.02,1785637863
All Pools,BLACK - Alice,0.3,False,0.01149,1.082,,0.97,1785637863
All Pools,DCAR - USDC,0.3,False,0.01149,55.89,,0.02,1785637863
All Pools,Blessings - BLACK,0.3,False,0.01146,1.083,,0.97,1785637863
All Pools,Psychic - Zero,0.3,False,0.01145,46.17,,0.02,1785637863
All Pools,Turtle - BLACK,0.3,False,0.01141,1.07,,0.97,1785637863
All Pools,BiTonic - BLACK,0.3,False,0.0114,1.073,,0.97,1785637863
All Pools,BLACK - Luck,0.3,False,0.01139,1.075,,0.97,1785637863
All Pools,Bonfire - BLACK,0.3,False,0.01136,1.072,,0.97,1785637863
All Pools,Psychic - RefZip,0.3,False,0.01136,46.18,,0.02,1785637863
All Pools,Penny - BLACK,0.3,False,0.01135,1.071,,0.97,1785637863
All Pools,Who - BLACK,0.3,False,0.01135,1.071,,0.97,1785637863
All Pools,SatoshiNakamoto - BLACK,0.3,False,0.01134,1.072,,0.97,1785637863
All Pools,TrumpCard - BLACK,0.3,False,0.01133,1.074,,0.96,1785637863
All Pools,James - BLACK,0.3,False,0.01132,1.07,,0.97,1785637863
All Pools,Aquarius - BLACK,0.3,False,0.01132,1.078,,0.96,1785637863
All Pools,Seminole - BLACK,0.3,False,0.01131,1.078,,0.96,1785637863
All Pools,DCAR - AVAX,0.3,False,0.01131,0.91221,,1.13,1785637863
All Pools,Mirror - BLACK,0.3,False,0.01126,1.081,,0.95,1785637863
All Pools,Alphabet - BLACK,0.3,False,0.01125,1.068,,0.96,1785637863
All Pools,Hexagon - BLACK,0.3,False,0.01124,1.072,,0.96,1785637863
All Pools,Oracle - BLACK,0.3,False,0.01123,1.076,,0.95,1785637863
All Pools,Psychic - Gematria,0.3,False,0.0112,46.19,,0.02,1785637863
All Pools,BLACK - Nine,0.3,False,0.01119,1.075,,0.95,1785637863
All Pools,Vampire - BLACK,0.3,False,0.01115,1.071,,0.95,1785637863
All Pools,Zero - BLACK,0.3,False,0.0111,1.073,,0.94,1785637863
All Pools,RefZip - BLACK,0.3,False,0.01107,1.077,,0.94,1785637863
All Pools,Psychic - Diamonds,0.3,False,0.01096,47.98,,0.02,1785637863
All Pools,HUSKY - aXEN,0.3,False,0.01089,0.03886,,25.57,1785637863
All Pools,SaintGermain - BLACK,0.3,False,0.01082,1.112,,0.89,1785637863
All Pools,NOCHILL - ARENA,0.3,False,0.01075,0.29501,,3.33,1785637863
All Pools,BLACK - Gematria,0.3,False,0.01075,1.07,,0.92,1785637863
All Pools,Psychic - Crypt,0.3,False,0.01073,46.14,,0.02,1785637863
All Pools,Diamonds - BLACK,0.3,False,0.0107,1.118,,0.87,1785637863
All Pools,SYMBIOT - AVAX,0.3,False,0.01063,1.069,,0.91,1785637863
All Pools,Psychic - Sequence,0.3,False,0.01061,46.19,,0.02,1785637863
All Pools,Crypt - BLACK,0.3,False,0.01047,1.084,,0.88,1785637863
All Pools,Trinity - IfYouKnowYouKnow,0.3,False,0.01045,3.113,,0.31,1785637863
All Pools,AI9000 - USDt,0.3,False,0.01044,0.73354,,1.3,1785637863
All Pools,Degen - DEGEN404,0.3,False,0.01041,216.71,,0.0,1785637863
All Pools,PNG - REDWOLF,0.3,False,0.01039,3.393,,0.28,1785637863
All Pools,Sequence - BLACK,0.3,False,0.01035,1.075,,0.88,1785637863
All Pools,JOE - REDWOLF,0.3,False,0.01032,2.557,,0.37,1785637863
All Pools,MAJIN - REDWOLF,0.3,False,0.01022,4.995,,0.19,1785637863
All Pools,AMI - DEGEN404,0.3,False,0.01021,0.70341,,1.32,1785637863
All Pools,BOI - AVAX,0.3,False,0.01017,21.37,,0.04,1785637863
All Pools,BLACK - IfYouKnowYouKnow,0.3,False,0.01012,1.031,,0.9,1785637863
All Pools,AAVE.e - meGNX,0.3,False,0.01009,3.517,,0.26,1785637863
All Pools,Psychic - Line,0.3,False,0.01006,46.86,,0.02,1785637863
All Pools,AAVE.e - USDC.e,0.3,False,0.01006,1.255,,0.73,1785637863
All Pools,BTC - AVAX,0.3,False,0.00998,0.00532,,171.07,1785637863
All Pools,Psychic - Confusion,0.3,False,0.00992,46.19,,0.02,1785637863
All Pools,KIMBO - GAINS,0.3,False,0.00982,0.82571,,1.09,1785637863
All Pools,Line - BLACK,0.3,False,0.00976,0.92459,,0.96,1785637863
All Pools,EGG - USDT.e,0.3,False,0.00975,1.803,,0.49,1785637863
All Pools,USDC.e - UST,0.3,False,0.00967,1.484,,0.59,1785637863
All Pools,MEAT - MU,0.3,False,0.00962,0.30132,,2.91,1785637863
All Pools,EGG - AVAX,0.3,False,0.00961,1.282,,0.68,1785637863
All Pools,weETH - AVAX,0.3,False,0.00959,0.29869,,2.93,1785637863
All Pools,Confusion - BLACK,0.3,False,0.00957,1.073,,0.81,1785637863
All Pools,AVAX - LODE,0.3,False,0.00936,0.81863,,1.04,1785637863
All Pools,CRAFT - USDC.e,0.3,False,0.00936,0.70931,,1.2,1785637863
All Pools,COQ - MEAT,0.3,False,0.00927,0.34084,,2.48,1785637863
All Pools,WETH.e - MU,0.3,False,0.00879,1.816,,0.44,1785637863
All Pools,ChristMark - ChristIAmYou,0.3,False,0.00871,20.11,,0.04,1785637863
All Pools,BLACK - ChristIAmYou,0.3,False,0.00852,1.093,,0.71,1785637863
All Pools,USDC - AMI,0.3,False,0.00847,0.52284,,1.48,1785637863
All Pools,TEDDY - AVAX,0.3,False,0.00837,12.39,,0.06,1785637863
All Pools,3ULL - USDT.e,0.3,False,0.0083,0.55106,,1.37,1785637863
All Pools,BEE - USDT.e,0.3,False,0.00812,31.95,,0.02,1785637863
All Pools,xARENA - ARENA,0.3,False,0.00811,1.149,,0.64,1785637863
All Pools,Stolen - BLACK,0.3,False,0.00807,2.445,,0.3,1785637863
All Pools,BTC.b - SPT,0.3,False,0.00804,0.14349,,5.11,1785637863
All Pools,BEE - AVAX,0.3,False,0.00801,0.6619,,1.1,1785637863
All Pools,zJoe - AMI,0.3,False,0.00796,0.11939,,6.08,1785637863
All Pools,AVAX - WARP,0.3,False,0.00792,1.113,,0.65,1785637863
All Pools,ELXR - USDC.e,0.3,False,0.00779,1036.96,,,1785637863
All Pools,CAI - AVAX,0.3,False,0.00777,1221.92,,,1785637863
All Pools,ETHM - DAI.e,0.3,False,0.00768,0.59523,,1.18,1785637863
All Pools,CAI - AMI,0.3,False,0.00767,0.33374,,2.1,1785637863
All Pools,GAINS - MEAT,0.3,False,0.00756,0.52751,,1.31,1785637863
All Pools,HIGHER - AVAX,0.3,False,0.00752,1.176,,0.58,1785637863
All Pools,Who - BLACK,0.3,False,0.00746,2.168,,0.31,1785637863
All Pools,3ULL - USDC,0.3,False,0.00727,0.55165,,1.2,1785637863
All Pools,WABBIT - AVAX,0.3,False,0.00712,3867.88,,,1785637863
All Pools,USDC - OK,0.3,False,0.0071,1.187,,0.55,1785637863
All Pools,LYD - AVAX,0.3,False,0.00704,0.62654,,1.03,1785637863
All Pools,LoveIsTheKey - BLACK,0.3,False,0.00703,3.431,,0.19,1785637863
All Pools,MU - WAIFU,0.3,False,0.00701,126.78,,0.01,1785637863
All Pools,SYMBIOT - HOST,0.3,False,0.00698,0.5006,,1.27,1785637863
All Pools,USDT.e - CAKE,0.3,False,0.0069,48.08,,0.01,1785637863
All Pools,GMX - JOE,0.3,False,0.00688,0.27927,,2.25,1785637863
All Pools,AVAX - CAKE,0.3,False,0.00683,0.59394,,1.05,1785637863
All Pools,MU - KET,0.3,False,0.00678,0.83273,,0.74,1785637863
All Pools,PNG - USDT.e,0.3,False,0.00677,0.78107,,0.79,1785637863
All Pools,DAI.e - HOST,0.3,False,0.00661,15.08,,0.04,1785637863
All Pools,Hydrogen - BLACK,0.3,False,0.00657,2.186,,0.27,1785637863
All Pools,sAVAX - USDC,0.3,False,0.00653,0.44715,,1.33,1785637863
All Pools,xARENA - USDC,0.3,False,0.00653,0.14219,,4.19,1785637863
All Pools,USV - AVAX,0.3,False,0.00641,0.91197,,0.64,1785637863
All Pools,SOB - LUNA,0.3,False,0.00631,0.72766,,0.79,1785637863
All Pools,SOB - AVAX,0.3,False,0.00627,369.82,,0.0,1785637863
All Pools,SNO Token - JOE,0.3,False,0.00625,43.49,,0.01,1785637863
All Pools,BOI - MU,0.3,False,0.00623,0.39454,,1.44,1785637863
All Pools,SNO Token - AVAX,0.3,False,0.00621,1.028,,0.55,1785637863
All Pools,JOE - zJoe,0.3,False,0.00616,928.64,,,1785637863
All Pools,BEAM - MU,0.3,False,0.0061,0.91676,,0.61,1785637863
All Pools,USDt - TT,0.3,False,0.00608,2.001,,0.28,1785637863
All Pools,WETH - AVAX,0.3,False,0.00599,1.005,,0.54,1785637863
All Pools,GAINS - Degen,0.3,False,0.00587,1.39,,0.39,1785637863
All Pools,USDC - SPT,0.3,False,0.00587,0.19668,,2.72,1785637863
All Pools,MIM - GG,0.3,False,0.00586,2.905,,0.18,1785637863
All Pools,GG - AVAX,0.3,False,0.00583,4.725,,0.11,1785637863
All Pools,FINANCE - NOCHILL,0.3,False,0.00571,343.72,,0.0,1785637863
All Pools,SLOT - USDC.e,0.3,False,0.00556,0.34942,,1.45,1785637863
All Pools,USDC.e - SAGE,0.3,False,0.00552,2.037,,0.25,1785637863
All Pools,CRA - USDC.e,0.3,False,0.00548,0.45971,,1.09,1785637863
All Pools,AVAX - SAGE,0.3,False,0.00545,0.694,,0.72,1785637863
All Pools,KANA - USDC,0.3,False,0.00541,0.41611,,1.19,1785637863
All Pools,REDWOLF - SHRAP,0.3,False,0.00535,0.74058,,0.66,1785637863
All Pools,KANA - AVAX,0.3,False,0.00535,765.76,,,1785637863
All Pools,SUB - USDC,0.3,False,0.00528,69.17,,0.01,1785637863
All Pools,AMI - JUICY,0.3,False,0.00521,0.46989,,1.01,1785637863
All Pools,SUB - AVAX,0.3,False,0.00521,0.41881,,1.13,1785637863
All Pools,Degen - AMI,0.3,False,0.00518,0.75051,,0.63,1785637863
All Pools,USDT.e - WARP,0.3,False,0.00513,0.81877,,0.57,1785637863
All Pools,WABBIT - AMI,0.3,False,0.00503,0.76547,,0.6,1785637863
All Pools,HIGHER - AMI,0.3,False,0.00501,1.945,,0.24,1785637863
All Pools,TEDDY - USDC,0.3,False,0.00501,0.37958,,1.2,1785637863
All Pools,SLUSH - USDT.e,0.3,False,0.00467,1.232,,0.35,1785637863
All Pools,SLUSH - AVAX,0.3,False,0.0046,0.54234,,0.77,1785637863
All Pools,AUX - USDC,0.3,False,0.00457,633.04,,,1785637863
All Pools,GMX - USDt,0.3,False,0.00452,0.34829,,1.18,1785637863
All Pools,Gravity - ThreeThreeSeven,0.3,False,0.00451,1.459,,0.28,1785637863
All Pools,AUX - AVAX,0.3,False,0.0045,0.30085,,1.37,1785637863
All Pools,MAXI - AVAX,0.3,False,0.00441,0.64153,,0.63,1785637863
All Pools,GAINS - TECH,0.3,False,0.00434,0.39247,,1.01,1785637863
All Pools,TEST - USDT.e,0.3,False,0.00427,3.714,,0.1,1785637863
All Pools,SLEEP - AMI,0.3,False,0.00421,33.73,,0.01,1785637863
All Pools,MIM - TEST,0.3,False,0.0042,0.34919,,1.1,1785637863
All Pools,FLOT - COQ,0.3,False,0.0042,0.47748,,0.8,1785637863
All Pools,KIMBO - UNIQOC,0.3,False,0.00418,0.41624,,0.92,1785637863
All Pools,Balln - AMI,0.3,False,0.00418,0.5056,,0.75,1785637863
All Pools,WET - USDT.e,0.3,False,0.00417,0.36006,,1.06,1785637863
All Pools,FLOT - AVAX,0.3,False,0.00416,2784.31,,,1785637863
All Pools,tst1 - USDT.e,0.3,False,0.00413,2.592,,0.15,1785637863
All Pools,tst1 - AVAX,0.3,False,0.00408,0.46277,,0.81,1785637863
All Pools,NXPC - USDC,0.3,False,0.00405,0.66654,,0.55,1785637863
All Pools,SolarDAO - USDT.e,0.3,False,0.00401,1.991,,0.18,1785637863
All Pools,NXPC - AVAX,0.3,False,0.00401,0.96817,,0.38,1785637863
All Pools,COQ - EGG,0.3,False,0.00397,0.36431,,0.99,1785637863
All Pools,BOI - AMI,0.3,False,0.00396,0.26488,,1.36,1785637863
All Pools,SolarDAO - AVAX,0.3,False,0.00395,0.31859,,1.13,1785637863
All Pools,AMI - KONG,0.3,False,0.00389,0.26308,,1.35,1785637863
All Pools,LUNA - USDC,0.3,False,0.00385,1.333,,0.26,1785637863
All Pools,USDC.e - WET,0.3,False,0.00384,0.36013,,0.97,1785637863
All Pools,COQ - JUICY,0.3,False,0.0038,0.36043,,0.96,1785637863
All Pools,BLACK - ThreeThreeSeven,0.3,False,0.00374,0.16534,,2.07,1785637863
All Pools,CGS - USDC.e,0.3,False,0.00373,1.316,,0.26,1785637863
All Pools,UNIQOC - WOLF,0.3,False,0.00372,0.26674,,1.27,1785637863
All Pools,ETHM - USDC.e,0.3,False,0.00371,0.43092,,0.79,1785637863
All Pools,CGS - AVAX,0.3,False,0.00368,0.39419,,0.85,1785637863
All Pools,AUSD - HUSKY,0.3,False,0.00367,0.45976,,0.73,1785637863
All Pools,COQ - SHEN,0.3,False,0.00352,0.31842,,1.01,1785637863
All Pools,TRACTOR - JOE,0.3,False,0.00349,1.021,,0.31,1785637863
All Pools,WINK - NOCHILL,0.3,False,0.00348,0.28545,,1.11,1785637863
All Pools,MEOW - AMI,0.3,False,0.00347,0.31846,,0.99,1785637863
All Pools,SHEN - AVAX,0.3,False,0.00346,39.37,,0.01,1785637863
All Pools,WINK - AVAX,0.3,False,0.00343,32.87,,0.01,1785637863
All Pools,SYMBIOT - DAI.e,0.3,False,0.00341,0.39899,,0.78,1785637863
All Pools,QI - USDC,0.3,False,0.0034,0.07495,,4.14,1785637863
All Pools,ASND - USDT.e,0.3,False,0.00337,0.68176,,0.45,1785637863
All Pools,WOLF - REDWOLF,0.3,False,0.00332,0.22283,,1.36,1785637863
All Pools,AVAX - ASND,0.3,False,0.0033,0.24275,,1.24,1785637863
All Pools,OH - USDC.e,0.3,False,0.00329,0.3127,,0.96,1785637863
All Pools,UNIQOC - GEC,0.3,False,0.00329,0.20918,,1.44,1785637863
All Pools,OH - AVAX,0.3,False,0.00326,62.71,,0.0,1785637863
All Pools,JOE - USDR,0.3,False,0.00323,0.50469,,0.58,1785637863
All Pools,YAK - JOE,0.3,False,0.00319,0.60106,,0.48,1785637863
All Pools,RUG - USDT.e,0.3,False,0.00312,9.695,,0.03,1785637863
All Pools,AVAX - RUG,0.3,False,0.00308,0.2907,,0.97,1785637863
All Pools,USDC.e - GG,0.3,False,0.00302,0.26491,,1.04,1785637863
All Pools,TECH - REDWOLF,0.3,False,0.00299,0.56912,,0.48,1785637863
All Pools,AVAX - NXUSD,0.3,False,0.00292,0.36618,,0.73,1785637863
All Pools,USDT.e - FTEST,0.3,False,0.00291,1.255,,0.21,1785637863
All Pools,AVAX - STICK,0.3,False,0.00289,1075.77,,,1785637863
All Pools,AVAX - FTEST,0.3,False,0.00288,0.3162,,0.83,1785637863
All Pools,USDC.e - WARP,0.3,False,0.00286,0.78054,,0.33,1785637863
All Pools,USDC.e - TIME,0.3,False,0.00284,0.17778,,1.46,1785637863
All Pools,STICK - AMI,0.3,False,0.00284,0.14906,,1.74,1785637863
All Pools,ERROR - AMI,0.3,False,0.00281,1.927,,0.13,1785637863
All Pools,AVAX - SYMBIOT,0.3,False,0.00281,0.25765,,0.99,1785637863
All Pools,CRA - USDT.e,0.3,False,0.00279,0.21687,,1.17,1785637863
All Pools,CREAM - STRAW,0.3,False,0.00279,0.1694,,1.5,1785637863
All Pools,ACTA - USDt,0.3,False,0.00277,462.63,,,1785637863
All Pools,CREAM - AVAX,0.3,False,0.00274,150.62,,0.0,1785637863
All Pools,ACTA - AVAX,0.3,False,0.00273,0.18361,,1.36,1785637863
All Pools,YEEHAW - ABC,0.3,False,0.0027,0.21968,,1.12,1785637863
All Pools,JOE - SNLP,0.3,False,0.0027,0.95983,,0.26,1785637863
All Pools,SNLP - AVAX,0.3,False,0.00268,2503.2,,,1785637863
All Pools,DAI.e - SYMBIOT,0.3,False,0.00266,1.323,,0.18,1785637863
All Pools,JOE - USDt,0.3,False,0.0026,0.60152,,0.4,1785637863
All Pools,MM - USDC.e,0.3,False,0.00257,0.35329,,0.66,1785637863
All Pools,HIGHER - NOCHILL,0.3,False,0.0025,0.16922,,1.35,1785637863
All Pools,ZRX.e - USDC.e,0.3,False,0.0025,0.05717,,3.99,1785637863
All Pools,MUMO - USDC,0.3,False,0.00247,7.913,,0.03,1785637863
All Pools,sAVAX - USDC.e,0.3,False,0.00244,0.11158,,1.99,1785637863
All Pools,DUO - USDT.e,0.3,False,0.00243,1.665,,0.13,1785637863
All Pools,MUMO - AVAX,0.3,False,0.00242,0.1431,,1.55,1785637863
All Pools,xAVAX - USDC,0.3,False,0.00241,0.21047,,1.05,1785637863
All Pools,sAVAX - AMI,0.3,False,0.00236,0.25448,,0.85,1785637863
All Pools,YEEHAW - xAVAX,0.3,False,0.00235,0.20181,,1.06,1785637863
All Pools,ACME - AVAX,0.3,False,0.0023,0.02128,,9.86,1785637863
All Pools,THOR - USDC.e,0.3,False,0.00227,0.212,,0.98,1785637863
All Pools,USDC.e - BANKSY,0.3,False,0.00225,0.64981,,0.32,1785637863
All Pools,THOR - AVAX,0.3,False,0.00225,22687.0,,,1785637863
All Pools,JEWEL - AVAX,0.3,False,0.00224,0.16215,,1.26,1785637863
All Pools,FEED - AMI,0.3,False,0.00224,0.13953,,1.46,1785637863
All Pools,AVAX - BANKSY,0.3,False,0.00221,0.17931,,1.13,1785637863
All Pools,BANKSY - USDT.e,0.3,False,0.00214,0.64807,,0.3,1785637863
All Pools,MAJIN - AMI,0.3,False,0.00211,0.09404,,2.05,1785637863
All Pools,BANKSY - AVAX,0.3,False,0.0021,0.15149,,1.27,1785637863
All Pools,Anon - USDC,0.3,False,0.0021,0.61562,,0.31,1785637863
All Pools,WABBIT - MU,0.3,False,0.0021,0.08571,,2.23,1785637863
All Pools,JOE - AMI,0.3,False,0.00206,0.14214,,1.33,1785637863
All Pools,AVE - AVAX,0.3,False,0.00206,2.922,,0.06,1785637863
All Pools,DWC - AMI,0.3,False,0.002,0.07678,,2.37,1785637863
All Pools,zJoe - AVAX,0.3,False,0.00198,0.08129,,2.22,1785637863
All Pools,USDC.e - CHAM,0.3,False,0.00196,0.76335,,0.23,1785637863
All Pools,AIVAX - AMI,0.3,False,0.00194,0.08314,,2.13,1785637863
All Pools,ABOB - AVAX,0.3,False,0.00191,568.2,,,1785637863
All Pools,BRUH - AVAX,0.3,False,0.00189,847.32,,,1785637863
All Pools,ABOB - AMI,0.3,False,0.00187,0.08932,,1.91,1785637863
All Pools,QI - USDC.e,0.3,False,0.00186,0.68637,,0.25,1785637863
All Pools,BRUH - AMI,0.3,False,0.00185,0.08392,,2.01,1785637863
All Pools,USDC - WXGEM,0.3,False,0.00184,0.08394,,2.0,1785637863
All Pools,AVAX - WXGEM,0.3,False,0.0018,901.67,,,1785637863
All Pools,YEEHAW - MU,0.3,False,0.0018,0.12429,,1.32,1785637863
All Pools,xARENA - AVAX,0.3,False,0.0018,0.05499,,2.99,1785637863
All Pools,LAMA - AVAX,0.3,False,0.00178,7988.21,,,1785637863
All Pools,PUSH - AVAX,0.3,False,0.00177,0.36002,,0.45,1785637863
All Pools,BMOON - AVAX,0.3,False,0.00175,0.13027,,1.23,1785637863
All Pools,YEEHAW - Gladiator,0.3,False,0.00174,0.09709,,1.63,1785637863
All Pools,LAMA - AMI,0.3,False,0.00173,0.06541,,2.41,1785637863
All Pools,PUSH - AMI,0.3,False,0.00173,0.10319,,1.53,1785637863
All Pools,MU - GEC,0.3,False,0.00173,0.0723,,2.18,1785637863
All Pools,AVAX - ncash,0.3,False,0.00173,0.00443,,35.63,1785637863
All Pools,WOLF - USDt,0.3,False,0.00172,0.07792,,2.01,1785637863
All Pools,KIMBO - MU,0.3,False,0.00164,0.06843,,2.19,1785637863
All Pools,SIA - USDC.e,0.3,False,0.00163,0.67946,,0.22,1785637863
All Pools,STINU - AVAX,0.3,False,0.00163,24.43,,0.01,1785637863
All Pools,APEX - AVAX,0.3,False,0.00161,0.48227,,0.3,1785637863
All Pools,APOW - USDt,0.3,False,0.0016,0.1822,,0.8,1785637863
All Pools,SIA - AVAX,0.3,False,0.00159,0.06847,,2.12,1785637863
All Pools,STINU - AMI,0.3,False,0.00159,0.06608,,2.19,1785637863
All Pools,APEX - AMI,0.3,False,0.00157,0.07562,,1.89,1785637863
All Pools,APOW - AVAX,0.3,False,0.00156,0.11816,,1.21,1785637863
All Pools,LIRA - USDt,0.3,False,0.00155,0.06697,,2.11,1785637863
All Pools,LIRA - AVAX,0.3,False,0.00154,9.853,,0.01,1785637863
All Pools,LIRA - BUSD,0.3,False,0.00148,0.06813,,1.98,1785637863
All Pools,ABC - MU,0.3,False,0.00146,0.04619,,2.88,1785637863
All Pools,AVAX - COMP.e,0.3,False,0.00145,0.06382,,2.07,1785637863
All Pools,BTCBR - USDC,0.3,False,0.00141,0.02896,,4.43,1785637863
All Pools,BOOTY - HOWDY,0.3,False,0.0014,0.0144,,8.9,1785637863
All Pools,PIZZA - USDC.e,0.3,False,0.00137,0.06833,,1.83,1785637863
All Pools,PIZZA - AVAX,0.3,False,0.00134,362.52,,,1785637863
All Pools,BAWLS - AVAX,0.3,False,0.0013,11.24,,0.01,1785637863
All Pools,BAWLS - AMI,0.3,False,0.00126,0.04185,,2.74,1785637863
All Pools,BTC.b - AMI,0.3,False,0.00121,0.03021,,3.65,1785637863
All Pools,BTCBR - DAI.e,0.3,False,0.00119,0.01993,,5.47,1785637863
All Pools,LOK - AVAX,0.3,False,0.00118,174.01,,,1785637863
All Pools,yes - AVAX,0.3,False,0.00116,876.57,,,1785637863
All Pools,LOK - AMI,0.3,False,0.00114,0.03693,,2.83,1785637863
All Pools,AAVE.e - USDC,0.3,False,0.00114,0.03237,,3.2,1785637863
All Pools,yes - ARENA,0.3,False,0.00113,0.03902,,2.64,1785637863
All Pools,USDC.e - THO,0.3,False,,19.49,,0.0,1785637863
All Pools,Quet - ARENA,0.3,False,,0.47285,,0.18,1785637863
All Pools,AUSD - Quet,0.3,False,,0.02096,,3.79,1785637863
All Pools,USDt - BTCBR,0.3,False,,0.01978,,3.99,1785637863
All Pools,gOHM - USDC,0.3,False,,0.02742,,2.53,1785637863
All Pools,LUEEGI - USDt,0.3,False,,0.06842,,0.99,1785637863
All Pools,AAVE.e - MU,0.3,False,,0.04386,,1.49,1785637863
All Pools,BUSD - USDT.e,0.3,False,,0.07163,,0.9,1785637863
All Pools,LUEEGI - AMI,0.3,False,,0.01111,,5.67,1785637863
All Pools,ORDER - AVAX,0.3,False,,0.05065,,1.14,1785637863
All Pools,ORDER - ARENA,0.3,False,,0.0108,,5.01,1785637863
All Pools,BTC.b - UNIQOC,0.3,False,,0.00629,,8.36,1785637863
All Pools,USDC.e - BTCBR,0.3,False,,0.01575,,3.33,1785637863
All Pools,SYN - JOE,0.3,False,,0.00993,,5.27,1785637863
All Pools,AVAX - BOINKO,0.3,False,,0.00102,,48.53,1785637863
All Pools,SHIB.e - AVAX,0.3,False,,0.00234,,19.73,1785637863
All Pools,savUSD - avUSD,0.3,False,,5.873,,0.01,1785637863
All Pools,USDT.e - AMC,0.3,False,,0.06734,,0.28,1785637863
All Pools,MEOW - USDC,0.3,False,,0.01133,,1.66,1785637863
All Pools,AVAX - AMC,0.3,False,,0.03048,,0.62,1785637863
All Pools,MEMO - AVAX,0.3,False,,0.01055,,1.44,1785637863
All Pools,LUNA - JOE,0.3,False,,0.02984,,0.41,1785637863
All Pools,CONY - USDT.e,0.3,False,,0.08208,,0.13,1785637863
All Pools,CONY - AVAX,0.3,False,,0.04456,,0.25,1785637863
All Pools,CRAFT - USDT.e,0.3,False,,0.00523,,1.62,1785637863
All Pools,USDC.e - CORN,0.3,False,,0.97351,,0.0,1785637863
All Pools,USDT.e - CORN,0.3,False,,161.63,,,1785637863
All Pools,BAT.e - AVAX,0.3,False,,0.00106,,2.55,1785637863
All Pools,WETH.e - FEED,0.3,False,,0.04754,,0.05,1785637863
All Pools,MIM - MEMO,0.3,False,,,,9.73,1785637863
All Pools,FATE - USDC,0.3,False,,445144.0,,,1785637863
All Pools,USDT.e - ICE,0.3,False,,,,2.03,1785637863
All Pools,ISHARE - ICE,0.3,False,,,,15.74,1785637863
All Pools,ISHARE - USDT.e,0.3,False,,,,0.2,1785637863
All Pools,ElvisJackpot - SaintGermain,0.3,False,0.0,0.0,0.0,0.0,1785637863
All Pools,AVAX - USDC,0.05,False,503994.0,440915.0,280.72,23.24,1785641469
All Pools,WBTC.e - BTC.b,0.03,False,85760.0,227526.0,25.8,4.14,1785641469
All Pools,sAVAX - AVAX,0.01,False,41927.0,60790.0,4.225,2.54,1785641469
All Pools,COQ - AVAX,0.3,False,31743.0,399755.0,79.36,7.25,1785641469
All Pools,DAI.e - USDC,0.02,False,28797.0,26967.0,7.827,10.59,1785641469
All Pools,FOLKS - AVAX,0.25,False,28572.0,35623.0,74.3,76.12,1785641469
All Pools,AUSD - USDC,0.01,False,24660.0,54027.0,2.491,1.68,1785641469
All Pools,AVAX - USDT.e,0.3,False,21536.0,463278.0,53.84,4.24,1785641469
All Pools,ARENA - AVAX,0.01,False,21134.0,178026.0,2.109,0.43,1785641469
All Pools,USDT.e - USDt,0.02,False,19810.0,44431.0,4.032,3.31,1785641469
All Pools,USDt - USDC,0.01,False,19137.0,162525.0,1.54,0.35,1785641469
All Pools,AVAX - USDt,0.2,False,17448.0,96934.0,35.58,13.4,1785641469
All Pools,USDT.e - USDC,0.02,False,15220.0,51093.0,3.514,2.51,1785641469
All Pools,AVAX - USDC,0.3,False,14555.0,341446.0,36.39,3.89,1785641469
All Pools,USDC.e - AVAX,0.3,False,14421.0,359969.0,36.05,3.66,1785641469
All Pools,WETH.e - USDC,0.15,False,12893.0,10052.0,20.09,72.95,1785641469
All Pools,BTC.b - USDC,0.05,False,12635.0,569819.0,6.671,0.43,1785641469
All Pools,USDt - USDC,0.005,False,12505.0,159640.0,0.90855,0.21,1785641469
All Pools,JOE - USDC.e,0.3,False,11972.0,243584.0,29.93,4.48,1785641469
All Pools,JOE - AVAX,0.3,False,7433.55,195617.0,18.58,3.47,1785641469
All Pools,AAVE.e - AVAX,0.3,False,7128.97,252900.0,17.82,2.57,1785641469
All Pools,USDC - XAVA,0.3,False,6050.75,417891.0,15.13,1.32,1785641469
All Pools,USDC.e - USDC,0.02,False,5926.66,9725.63,0.5978,2.24,1785641469
All Pools,NXUSD - WXT,0.3,False,5360.87,440134.0,13.4,1.11,1785641469
All Pools,WETH.e - AVAX,0.3,False,5011.5,370841.0,12.53,1.23,1785641469
All Pools,AVAX - BTC.b,0.05,False,4726.64,25706.0,3.535,5.02,1785641469
All Pools,XAUt0 - USDt,0.04,False,4548.23,25801.0,2.159,3.05,1785641469
All Pools,QI - AVAX,0.3,False,4533.03,116547.0,11.33,3.55,1785641469
All Pools,WBTC.e - AVAX,0.3,False,3692.6,129571.0,9.231,2.6,1785641469
All Pools,XAVA - AVAX,0.8,False,2897.28,125393.0,23.52,6.85,1785641469
All Pools,DAI.e - USDC,0.02,False,2499.5,2308.71,0.64814,10.25,1785641469
All Pools,BTC.b - AVAX,0.3,False,2332.44,105882.0,5.831,2.01,1785641469
All Pools,MIM - AVAX,0.3,False,2302.22,128286.0,5.756,1.64,1785641469
All Pools,AUSD - USDt,0.01,False,2233.75,53663.0,0.40384,0.27,1785641469
All Pools,NOCHILL - AVAX,0.3,False,2051.46,47985.0,5.129,3.9,1785641469
All Pools,gOHM - AVAX,0.3,False,2047.26,126689.0,5.118,1.47,1785641469
All Pools,JOE - USDT.e,0.3,False,1902.75,48805.0,4.757,3.56,1785641469
All Pools,USDt - AVAX,0.3,False,1732.89,38046.0,4.332,4.16,1785641469
All Pools,NXPC - USDC,0.8,False,1680.06,564.55,13.61,880.2,1785641469
All Pools,WBTC - BTC.b,0.03,False,1632.58,67348.0,0.4967,0.27,1785641469
All Pools,BEAM - USDC,0.3,False,1450.6,63362.0,3.626,2.09,1785641469
All Pools,ORNG - AVAX,0.3,False,1284.05,16333.0,3.21,7.17,1785641469
All Pools,XAVA - USDC,0.8,False,1175.04,152102.0,9.406,2.26,1785641469
All Pools,JPYC - USDC,0.04,False,1161.45,3371.36,0.5884,6.37,1785641469
All Pools,SYN - AVAX,0.3,False,1138.17,3112.94,2.845,33.36,1785641469
All Pools,USDC.e - USDC,0.02,False,1111.42,3892.22,0.22294,2.09,1785641469
All Pools,USDt - ncash,0.3,False,1032.32,671.78,2.581,140.22,1785641469
All Pools,BEAM - AVAX,0.25,False,1026.12,13441.0,2.611,7.09,1785641469
All Pools,JOE - USDC,0.3,False,927.71,22148.0,2.319,3.82,1785641469
All Pools,ALOT - AVAX,0.3,False,781.42,408.43,1.954,174.58,1785641469
All Pools,AVAX - DAI.e,0.3,False,702.12,28138.0,1.755,2.28,1785641469
All Pools,SOL - USDC,0.1,False,657.71,172.95,3.134,661.47,1785641469
All Pools,XAVA - AVAX,0.25,False,620.92,2254.73,1.57,25.42,1785641469
All Pools,GUN - AVAX,0.25,False,607.87,8133.07,1.558,6.99,1785641469
All Pools,USDC.e - USDC,0.02,False,600.7,1948.76,0.12179,2.28,1785641469
All Pools,MUON - AVAX,0.3,False,568.13,37706.0,1.42,1.37,1785641469
All Pools,SolvBTC - BTC.b,0.04,False,552.69,177348.0,0.22125,0.05,1785641469
All Pools,XSGD - USDC,0.05,False,532.37,2087.5,0.29648,5.18,1785641469
All Pools,BIG - AVAX,0.0,False,480.51,161.69,0.0,0.0,1785641469
All Pools,HUNDRED - USDC,0.3,False,467.42,484871.0,1.169,0.09,1785641469
All Pools,SB - AVAX,0.3,False,443.71,5942.93,1.109,6.81,1785641469
All Pools,SOL - USDC,0.3,False,426.93,20.76,1.067,1876.31,1785641469
All Pools,USDT.e - USDC,0.02,False,421.92,898.03,0.04873,1.98,1785641469
All Pools,LINK.e - AVAX,0.3,False,420.75,38619.0,1.052,0.99,1785641469
All Pools,YEEHAW - CHAMP,0.3,False,412.22,940.56,1.031,39.99,1785641469
All Pools,KIMBO - AVAX,0.3,False,395.93,37409.0,0.98982,0.97,1785641469
All Pools,CHAMP - ARENA,0.3,False,386.69,16.47,0.96672,2142.97,1785641469
All Pools,AVAX - JUICE,0.3,False,367.35,9892.76,0.91837,3.39,1785641469
All Pools,WOLF - AVAX,0.3,False,334.66,25543.0,0.83666,1.2,1785641469
All Pools,ZRO - AVAX,0.25,False,314.24,1482.48,0.81332,20.02,1785641469
All Pools,ISA - AVAX,0.3,False,307.85,15807.0,0.76963,1.78,1785641469
All Pools,GMX - AVAX,0.3,False,301.41,3872.21,0.75353,7.1,1785641469
All Pools,HEFE - AVAX,0.3,False,265.08,27595.0,0.66271,0.88,1785641469
All Pools,AI - AVAX,0.3,False,264.53,3073.8,0.66132,7.85,1785641469
All Pools,KLO - AVAX,0.3,False,261.48,6492.6,0.6537,3.67,1785641469
All Pools,AVAX - GEC,0.3,False,228.21,24515.0,0.57052,0.85,1785641469
All Pools,PRIME - AVAX,0.4,False,212.01,92615.0,3.185,1.26,1785641469
All Pools,COQ - COQAI,0.3,False,203.14,18922.0,0.50784,0.98,1785641469
All Pools,QI - AVAX,0.25,False,188.25,8558.03,0.47851,2.04,1785641469
All Pools,AVAX - XAVA,0.3,False,187.77,10842.0,0.46943,1.58,1785641469
All Pools,EURC - USDC,0.03,False,186.03,10556.0,0.04908,0.17,1785641469
All Pools,FLD - AVAX,0.3,False,169.25,35399.0,0.42313,0.44,1785641469
All Pools,w3ULL - AVAX,0.3,False,157.59,46901.0,0.39399,0.31,1785641469
All Pools,DAI.e - USDt,0.25,False,146.74,20478.0,0.34042,0.61,1785641469
All Pools,WETH.e - USDC.e,0.3,False,133.0,11080.0,0.33249,1.1,1785641469
All Pools,WTHT - USDC,0.8,False,131.94,186.17,1.971,386.5,1785641469
All Pools,UST - AVAX,0.3,False,113.87,5418.84,0.28467,1.92,1785641469
All Pools,STG - AVAX,0.3,False,108.51,939.25,0.27127,10.54,1785641469
All Pools,STG - USDC,0.3,False,99.62,1138.16,0.24905,7.99,1785641469
All Pools,BLSEYE🎯 - AVAX,0.3,False,86.63,4580.97,0.21658,1.73,1785641469
All Pools,MIM - SB,0.3,False,85.92,1584.88,0.21479,4.95,1785641469
All Pools,GGP - AVAX,0.3,False,79.55,15623.0,0.19888,0.46,1785641469
All Pools,gOHM - FRAX,0.3,False,74.0,3503.3,0.18499,1.93,1785641469
All Pools,AVAX - TOPIA,0.3,False,70.06,1519.63,0.17514,4.21,1785641469
All Pools,JEWEL - USDC,0.3,False,67.46,3941.28,0.16865,1.56,1785641469
All Pools,SHRAP - AVAX,0.8,False,55.05,7666.45,0.44375,2.11,1785641469
All Pools,XPOW - AVAX,0.3,False,54.52,1127.66,0.1363,4.41,1785641469
All Pools,AVAX - UST,0.3,False,53.89,6419.6,0.13473,0.77,1785641469
All Pools,AVAX - DOMI,0.3,False,53.12,10295.0,0.1328,0.47,1785641469
All Pools,MEAT - AVAX,0.3,False,52.77,2756.33,0.13192,1.75,1785641469
All Pools,XSEED - AVAX,0.3,False,51.08,7470.49,0.12769,0.62,1785641469
All Pools,SWORLD - AVAX,0.3,False,49.09,2110.21,0.12272,2.12,1785641469
All Pools,AVAX - aXEN,0.3,False,49.02,140.56,0.12254,31.82,1785641469
All Pools,USDV - AVAX,0.25,False,46.03,2471.29,0.56044,8.28,1785641469
All Pools,GURS - AVAX,0.3,False,43.83,5035.11,0.10958,0.79,1785641469
All Pools,APOW - AVAX,0.3,False,39.99,1582.71,0.09998,2.31,1785641469
All Pools,BLSEYE🎯 - ARENA,0.3,False,38.11,1110.36,0.09526,3.13,1785641469
All Pools,ISA - USDC.e,0.3,False,38.07,1369.53,0.09516,2.54,1785641469
All Pools,ROCO - AVAX,0.3,False,37.12,1309.95,0.09279,2.59,1785641469
All Pools,YAK - AVAX,0.3,False,36.85,2317.86,0.09213,1.45,1785641469
All Pools,HOWDY - USDC,0.3,False,36.38,3039.09,0.09095,1.09,1785641469
All Pools,Psychic - AVAX,0.3,False,36.2,864.76,0.09051,3.82,1785641469
All Pools,AVAX - HOOF,0.3,False,36.19,1558.82,0.09047,2.12,1785641469
All Pools,APOW - XPOW,0.3,False,35.81,1382.82,0.08952,2.36,1785641469
All Pools,FITFI - USDT.e,0.3,False,34.3,68.27,0.08576,45.85,1785641469
All Pools,ROY - AVAX,0.3,False,31.83,3691.78,0.07958,0.79,1785641469
All Pools,TECH - AVAX,0.3,False,31.49,8622.1,0.07872,0.33,1785641469
All Pools,USDt - USDC,0.0,False,30.54,14.95,0.0,0.0,1785641469
All Pools,Ush - AVAX,0.3,False,30.44,2032.52,0.0761,1.37,1785641469
All Pools,HOWDY - AVAX,0.3,False,29.05,6652.39,0.07262,0.4,1785641469
All Pools,AVAX - AMI,0.3,False,27.11,365.0,0.06778,6.78,1785641469
All Pools,OSAK - AVAX,0.3,False,25.72,3205.85,0.0643,0.73,1785641469
All Pools,XPOW - AVAX,0.8,False,24.53,395.92,0.20095,18.53,1785641469
All Pools,HERESY - AVAX,0.3,False,21.98,13969.0,0.05495,0.14,1785641469
All Pools,SECOND - USDC,0.3,False,21.72,6897.37,0.0543,0.29,1785641469
All Pools,Psychic - XAUt0,0.3,False,21.72,5736.86,0.05429,0.35,1785641469
All Pools,SECOND - AVAX,0.3,False,21.7,1411.92,0.05424,1.4,1785641469
All Pools,MIM - USDT.e,0.3,False,21.49,1077.27,0.05374,1.82,1785641469
All Pools,RGOGLZ - USDC,0.3,False,20.06,1305.55,0.05014,1.4,1785641469
All Pools,USDV - AVAX,0.8,False,19.99,1.848,0.18137,3582.76,1785641469
All Pools,PNG - AVAX,0.3,False,19.75,779.7,0.04937,2.31,1785641469
All Pools,BNB - AVAX,0.3,False,18.79,2767.63,0.04697,0.62,1785641469
All Pools,BTC.b - TOPIA,0.3,False,17.57,531.99,0.04394,3.01,1785641469
All Pools,aDXN - AVAX,0.3,False,16.63,46.36,0.04158,32.74,1785641469
All Pools,DCAU - USDT.e,0.3,False,15.57,4979.06,0.03893,0.29,1785641469
All Pools,COQ - AVAX,0.8,False,15.56,2940.16,0.13466,1.67,1785641469
All Pools,ABC - AVAX,0.3,False,14.91,411.44,0.03727,3.31,1785641469
All Pools,AVAX - FRAX,0.3,False,14.41,661.53,0.03602,1.99,1785641469
All Pools,LF - AVAX,0.3,False,14.39,235.66,0.03596,5.57,1785641469
All Pools,DCAU - AVAX,0.3,False,13.86,989.76,0.03465,1.28,1785641469
All Pools,USDt - USDC,0.02,False,13.75,2227.2,0.00275,0.05,1785641469
All Pools,USDt - INFRA.e,0.3,False,13.73,24302.0,0.03432,0.05,1785641469
All Pools,HOWDY - AMI,0.3,False,12.86,1372.22,0.03214,0.85,1785641469
All Pools,MIM - USDC.e,0.3,False,12.82,548.46,0.03206,2.13,1785641469
All Pools,YEEHAW - HOWDY,0.3,False,12.03,7042.97,0.03006,0.16,1785641469
All Pools,APIX - ID,0.3,False,11.16,88.28,0.0279,11.53,1785641469
All Pools,CHAMP - AMI,0.3,False,11.03,26.96,0.02757,37.32,1785641469
All Pools,YUSD - AVAX,0.3,False,10.79,115.37,0.02698,8.54,1785641469
All Pools,DGLD - AVAX,0.1,False,10.53,635.13,0.01054,0.61,1785641469
All Pools,GB - AVAX,0.3,False,8.862,1742.91,0.02216,0.46,1785641469
All Pools,AVAX - ELK,0.3,False,8.836,1266.76,0.02209,0.64,1785641469
All Pools,HATCHY - AVAX,0.3,False,8.652,6129.94,0.02163,0.13,1785641469
All Pools,APIX - ARENA,0.3,False,8.5,18.91,0.02125,41.03,1785641469
All Pools,USV - DAI.e,0.3,False,8.342,3978.77,0.02086,0.19,1785641469
All Pools,AVAX - FRAX,0.3,False,7.957,200.9,0.01989,3.61,1785641469
All Pools,HUSKY - AVAX,0.3,False,7.847,2066.44,0.01962,0.35,1785641469
All Pools,SPORE - USDC,0.3,False,7.746,1352.24,0.01937,0.52,1785641469
All Pools,Gladiator - ARENA,0.3,False,7.677,470.69,0.01919,1.49,1785641469
All Pools,ABC - HOWDY,0.3,False,7.67,437.21,0.01917,1.6,1785641469
All Pools,VPND - AVAX,0.3,False,7.459,17594.0,0.01865,0.04,1785641469
All Pools,APIX - USDt,0.3,False,7.39,41.58,0.01848,16.22,1785641469
All Pools,Gladiator - USDC,0.3,False,7.352,305.14,0.01838,2.2,1785641469
All Pools,AVAX - PEFI,0.3,False,7.244,3136.84,0.01811,0.21,1785641469
All Pools,BUSD - AVAX,0.3,False,6.726,321.11,0.01681,1.91,1785641469
All Pools,3QF - D - AVAX,0.3,False,6.519,1303.61,0.0163,0.46,1785641469
All Pools,3QF - D - WETH.e,0.3,False,6.501,2478.84,0.01625,0.24,1785641469
All Pools,AVAX - SOCK,0.3,False,6.457,2355.48,0.01614,0.25,1785641469
All Pools,USDC - SOCK,0.3,False,6.433,415.04,0.01608,1.41,1785641469
All Pools,USDC.e - WXT,0.3,False,6.408,184.41,0.01602,3.17,1785641469
All Pools,GUN - BLSEYE🎯,0.3,False,6.089,391.16,0.01522,1.42,1785641469
All Pools,MIM - LF,0.3,False,6.027,236.67,0.01507,2.32,1785641469
All Pools,COQ - BLSEYE🎯,0.3,False,5.894,152.88,0.01474,3.52,1785641469
All Pools,EGG - AVAX,0.3,False,5.861,15223.0,0.01465,0.04,1785641469
All Pools,BRO - AVAX,0.3,False,5.171,95508.0,0.01293,0.0,1785641469
All Pools,BRO - COQ,0.3,False,5.146,132.86,0.01287,3.53,1785641469
All Pools,USDC.e - MU,0.3,False,5.1,13192.0,0.01275,0.04,1785641469
All Pools,REDWOLF - AVAX,0.3,False,5.062,379.45,0.01266,1.22,1785641469
All Pools,BEAM - AVAX,0.3,False,4.788,359.74,0.01197,1.21,1785641469
All Pools,USDV - REDWOLF,0.3,False,4.787,15.98,0.01197,27.34,1785641469
All Pools,MaryMagdalene - AVAX,0.3,False,4.706,168.46,0.01176,2.55,1785641469
All Pools,Now - AVAX,0.3,False,4.696,185.05,0.01174,2.32,1785641469
All Pools,MYST - AVAX,0.3,False,4.596,586.97,0.01149,0.71,1785641469
All Pools,avUSD - sAVAX,0.3,False,4.477,201.47,0.01119,2.03,1785641469
All Pools,ORNG - MOOM,0.3,False,4.468,182.53,0.01117,2.23,1785641469
All Pools,AVAX - NaughtiusMaximus,0.3,False,4.374,325.89,0.01093,1.22,1785641469
All Pools,APIX - USDC,0.3,False,4.286,20.26,0.01072,19.3,1785641469
All Pools,MIM - WETH.e,0.3,False,4.17,357.88,0.01043,1.06,1785641469
All Pools,UST - USDC,0.3,False,4.025,414.52,0.01006,0.89,1785641469
All Pools,PTOP900 - TOPIA,0.3,False,3.982,159.99,0.00996,2.27,1785641469
All Pools,AVAX - AKITAX,0.3,False,3.969,384.25,0.00992,0.94,1785641469
All Pools,LINK.e - USDT.e,0.3,False,3.963,223.18,0.00991,1.62,1785641469
All Pools,XROSS - ORNG,0.3,False,3.829,228.01,0.00957,1.53,1785641469
All Pools,Balln - AVAX,0.3,False,3.687,4159.04,0.00922,0.08,1785641469
All Pools,APOW - AVAX,0.3,False,3.654,831.62,0.00913,0.4,1785641469
All Pools,HOST - DAI.e,0.3,False,3.578,2517.9,0.00895,0.13,1785641469
All Pools,REDWOLF - USDC,0.3,False,3.561,184.98,0.0089,1.76,1785641469
All Pools,USDt - USDT.e,0.3,False,3.482,20451.0,0.00871,0.02,1785641469
All Pools,DATCM - ORNG,0.3,False,3.334,223.91,0.00834,1.36,1785641469
All Pools,AVAX - ChristMark,0.3,False,3.329,265.1,0.00832,1.15,1785641469
All Pools,DPS - USDC,0.3,False,3.302,1809.09,0.00825,0.17,1785641469
All Pools,DPS - AVAX,0.3,False,3.294,180.14,0.00824,1.67,1785641469
All Pools,AVAX - ARENA,0.3,False,3.27,70.67,0.00817,4.22,1785641469
All Pools,LINK.e - USDC.e,0.3,False,3.049,185.55,0.00762,1.5,1785641469
All Pools,FITFI - AVAX,0.3,False,3.044,5.995,0.00761,46.34,1785641469
All Pools,GUN - AVAX,0.3,False,3.037,167.86,0.00759,1.65,1785641469
All Pools,MYST - USDC,0.3,False,3.031,199.09,0.00758,1.39,1785641469
All Pools,USDT.e - CLY,0.3,False,3.015,177.66,0.00754,1.55,1785641469
All Pools,ORNG - FLUX,0.3,False,3.009,104.55,0.00752,2.63,1785641469
All Pools,LUNA - USDC.e,0.3,False,2.997,310.54,0.00749,0.88,1785641469
All Pools,MaryMagdalene - XAUt0,0.3,False,2.975,1637.53,0.00744,0.17,1785641469
All Pools,SWIFT - USDC.e,0.3,False,2.96,489.12,0.0074,0.55,1785641469
All Pools,AVAX - CLY,0.3,False,2.957,21215.0,0.00739,0.01,1785641469
All Pools,ORNG - JUCI,0.3,False,2.942,234.56,0.00735,1.14,1785641469
All Pools,XAUt0 - NaughtiusMaximus,0.3,False,2.839,873.78,0.0071,0.3,1785641469
All Pools,JOE - USDT,0.3,False,2.835,256.53,0.00709,1.01,1785641469
All Pools,USDC.e - USDT.e,0.3,False,2.829,40066.0,0.00707,0.01,1785641469
All Pools,YOU - ORNG,0.3,False,2.828,1312.13,0.00707,0.2,1785641469
All Pools,MOO - AVAX,0.3,False,2.789,519.32,0.00697,0.49,1785641469
All Pools,FLD - EVB,0.3,False,2.775,4451.64,0.00694,0.06,1785641469
All Pools,AVAX - EVB,0.3,False,2.773,2051.51,0.00693,0.12,1785641469
All Pools,USDC - aXEN,0.3,False,2.748,7.686,0.00687,32.63,1785641469
All Pools,XAUt0 - ChristMark,0.3,False,2.674,580.75,0.00668,0.42,1785641469
All Pools,XAUt0 - Now,0.3,False,2.658,556.56,0.00665,0.44,1785641469
All Pools,Gravity - AVAX,0.3,False,2.636,235.7,0.00659,1.02,1785641469
All Pools,YAK - USDC.e,0.3,False,2.615,149.96,0.00654,1.59,1785641469
All Pools,SWIFT - AVAX,0.3,False,2.608,233.17,0.00652,1.02,1785641469
All Pools,USDC.e - AVVO,0.3,False,2.548,223.66,0.00637,1.04,1785641469
All Pools,FXS - AVAX,0.3,False,2.532,285.56,0.00633,0.81,1785641469
All Pools,ORNG - SAI,0.3,False,2.459,105.66,0.00615,2.12,1785641469
All Pools,Trinity - AVAX,0.3,False,2.425,714.12,0.00606,0.31,1785641469
All Pools,BLSEYE🎯 - BEAM,0.3,False,2.379,272.82,0.00595,0.8,1785641469
All Pools,HOTEMIN - USDC,0.3,False,2.342,14412.0,0.00585,0.01,1785641469
All Pools,aDXN - aXEN,0.3,False,2.308,3.898,0.00577,54.02,1785641469
All Pools,AVAX - ONION,0.3,False,2.225,146.2,0.00556,1.39,1785641469
All Pools,sAVAX - COQ,0.3,False,2.222,61.72,0.00555,3.28,1785641469
All Pools,USDT.e - ONION,0.3,False,2.214,742.42,0.00554,0.27,1785641469
All Pools,AVAX - USDT,0.3,False,2.193,1658.71,0.00548,0.12,1785641469
All Pools,L - Swing - aXEN,0.3,False,2.148,41.76,0.00537,4.69,1785641469
All Pools,AVAX - RPG,0.3,False,2.13,26.5,0.00532,7.33,1785641469
All Pools,APOW - USDC,0.3,False,2.124,156.53,0.00531,1.24,1785641469
All Pools,UST - USDC.e,0.3,False,2.117,632.53,0.00529,0.31,1785641469
All Pools,ZRO - AVAX,0.3,False,2.079,121.88,0.0052,1.56,1785641469
All Pools,MAGICK - AVAX,0.3,False,2.059,275.48,0.00515,0.68,1785641469
All Pools,MAGICK - USDC,0.3,False,2.057,224.42,0.00514,0.84,1785641469
All Pools,Trinity - Psychic,0.3,False,2.045,393.69,0.00511,0.47,1785641469
All Pools,APOW - USDt,0.3,False,2.043,156.29,0.00511,1.19,1785641469
All Pools,L - Swing - AVAX,0.3,False,2.012,101.74,0.00503,1.8,1785641469
All Pools,KINGSHIT - AVAX,0.3,False,1.963,3485.16,0.00491,0.05,1785641469
All Pools,BANKSY - USDT.e,0.3,False,1.879,1529.17,0.0047,0.11,1785641469
All Pools,BANKSY - AVAX,0.3,False,1.873,141.82,0.00468,1.21,1785641469
All Pools,SMRTr - AVAX,0.3,False,1.868,24963.0,0.00467,0.01,1785641469
All Pools,BTC.b - oXAUT,0.3,False,1.864,312.76,0.00466,0.54,1785641469
All Pools,SMRTr - USDC.e,0.3,False,1.86,102.98,0.00465,1.65,1785641469
All Pools,oXAUT - AVAX,0.3,False,1.857,403.33,0.00464,0.42,1785641469
All Pools,YEEHAW - TOPIA,0.3,False,1.816,132.79,0.00454,1.25,1785641469
All Pools,XAUt0 - Gravity,0.3,False,1.814,313.58,0.00454,0.53,1785641469
All Pools,AVAX - MU,0.3,False,1.782,73.05,0.00445,2.23,1785641469
All Pools,HOWDY - USDt,0.3,False,1.747,178.68,0.00437,0.89,1785641469
All Pools,DREGG - USDT.e,0.3,False,1.625,515.05,0.00406,0.29,1785641469
All Pools,DREGG - AVAX,0.3,False,1.621,144.54,0.00405,1.02,1785641469
All Pools,USDC.e - sSB,0.3,False,1.584,827.38,0.00396,0.17,1785641469
All Pools,AVAX - AVVO,0.3,False,1.506,224.93,0.00377,0.61,1785641469
All Pools,PNG - JOE,0.3,False,1.493,107.96,0.00373,1.26,1785641469
All Pools,TRESR - AVAX,0.3,False,1.392,8416.43,0.00348,0.02,1785641469
All Pools,AMI - TOPIA,0.3,False,1.391,186.56,0.00348,0.68,1785641469
All Pools,FEED - AVAX,0.3,False,1.377,5649.45,0.00344,0.02,1785641469
All Pools,Psychic - BLACK,0.3,False,1.354,222.16,0.00338,0.56,1785641469
All Pools,KIWI - USDC,0.3,False,1.335,298.39,0.00334,0.41,1785641469
All Pools,HOST - AVAX,0.3,False,1.325,88.07,0.00331,1.37,1785641469
All Pools,KIWI - AVAX,0.3,False,1.313,93.07,0.00328,1.29,1785641469
All Pools,WETH - USDC.e,0.3,False,1.297,206.23,0.00324,0.57,1785641469
All Pools,AVAX - SMRT,0.3,False,1.294,1600.31,0.00323,0.07,1785641469
All Pools,USDT.e - SMRT,0.3,False,1.283,87.7,0.00321,1.33,1785641469
All Pools,AVAX - IMPACT2,0.3,False,1.253,140.99,0.00313,0.81,1785641469
All Pools,AAVE.e - REDWOLF,0.3,False,1.219,147.1,0.00305,0.76,1785641469
All Pools,WETH.e - USDT.e,0.3,False,1.17,150.57,0.00292,0.71,1785641469
All Pools,LUNA - AVAX,0.3,False,1.143,113.28,0.00286,0.92,1785641469
All Pools,AVAX - ZUBAX,0.3,False,1.121,90.72,0.0028,1.13,1785641469
All Pools,STOMB - AVAX,0.3,False,1.106,4898.77,0.00277,0.02,1785641469
All Pools,ZUBAX - USDT.e,0.3,False,1.082,172.05,0.00271,0.57,1785641469
All Pools,SWIFT - WETH.e,0.3,False,1.078,1323.67,0.0027,0.07,1785641469
All Pools,SYN - REDWOLF,0.3,False,1.049,3.161,0.00262,30.3,1785641469
All Pools,Psychic - Meaning,0.3,False,1.019,230.9,0.00255,0.4,1785641469
All Pools,Meaning - AVAX,0.3,False,1.012,318.98,0.00253,0.29,1785641469
All Pools,USDC.e - DAI.e,0.3,False,1.004,22217.0,0.00251,0.0,1785641469
All Pools,DCAU - USDC,0.3,False,1.003,142.25,0.00251,0.64,1785641469
All Pools,WETH.e - ONION,0.3,False,0.99826,235.95,0.0025,0.39,1785641469
All Pools,SYMBIOT - AVAX,0.3,False,0.97661,74.43,0.00244,1.2,1785641469
All Pools,APOW - USDC,0.3,False,0.97155,25.88,0.00243,3.43,1785641469
All Pools,MAXI - DAI.e,0.3,False,0.96138,224.99,0.0024,0.39,1785641469
All Pools,HOWDY - ARENA,0.3,False,0.94037,48.1,0.00235,1.78,1785641469
All Pools,APOW - USDt,0.3,False,0.93598,25.91,0.00234,3.3,1785641469
All Pools,YEEHAW - BTC.b,0.3,False,0.93295,51.02,0.00233,1.67,1785641469
All Pools,GENI - USDC,0.3,False,0.92901,1100.35,0.00232,0.08,1785641469
All Pools,GENI - AVAX,0.3,False,0.92642,46.13,0.00232,1.83,1785641469
All Pools,BLUB - AVAX,0.3,False,0.92384,11095.0,0.00231,0.01,1785641469
All Pools,UNIQOC - AVAX,0.3,False,0.91624,774.26,0.00229,0.11,1785641469
All Pools,SYMBIOT - DAI.e,0.3,False,0.91534,446.34,0.00229,0.19,1785641469
All Pools,UNIQOC - COQ,0.3,False,0.90084,34.74,0.00225,2.37,1785641469
All Pools,AVAX - Enigma404,0.3,False,0.88714,1266.16,0.00222,0.06,1785641469
All Pools,JOE - KRW,0.3,False,0.88713,134.59,0.00222,0.6,1785641469
All Pools,KALM - USDC,0.3,False,0.88598,76.82,0.00221,1.05,1785641469
All Pools,KRW - AVAX,0.3,False,0.88468,301.42,0.00221,0.27,1785641469
All Pools,KALM - AVAX,0.3,False,0.8836,95.48,0.00221,0.84,1785641469
All Pools,Now - BLACK,0.3,False,0.86983,200.61,0.00217,0.4,1785641469
All Pools,JPYC - USDC,0.3,False,0.8556,373.27,0.00214,0.21,1785641469
All Pools,AVAX - EROL,0.0,False,0.8458,53.12,0.0,0.0,1785641469
All Pools,HUSKY - JOE,0.3,False,0.83959,88.56,0.0021,0.87,1785641469
All Pools,WBTC.e - USDT.e,0.3,False,0.83756,156.05,0.00209,0.49,1785641469
All Pools,COQ - OSAK,0.3,False,0.80286,17.93,0.00201,4.09,1785641469
All Pools,NaughtiusMaximus - Seventeen,0.3,False,0.80054,651.42,0.002,0.11,1785641469
All Pools,COQ - JUICE,0.3,False,0.79941,28.27,0.002,2.58,1785641469
All Pools,AVAX - Seventeen,0.3,False,0.79695,197.86,0.00199,0.37,1785641469
All Pools,USDC.e - USDC,0.3,False,0.78029,481420.0,0.00195,,1785641469
All Pools,ACS - AVAX,0.3,False,0.76173,165.34,0.0019,0.42,1785641469
All Pools,TSD - AVAX,0.3,False,0.74717,152.53,0.00187,0.45,1785641469
All Pools,50 - USDC,0.3,False,0.74519,111.64,0.00186,0.61,1785641469
All Pools,50 - AVAX,0.3,False,0.7431,58.92,0.00186,1.15,1785641469
All Pools,SLIME - AVAX,0.3,False,0.7302,14666.0,0.00183,0.0,1785641469
All Pools,gOHM - SB,0.3,False,0.72443,17.19,0.00181,3.85,1785641469
All Pools,Psychic - Ducks,0.3,False,0.72379,233.02,0.00181,0.28,1785641469
All Pools,Ducks - AVAX,0.3,False,0.72148,201.61,0.0018,0.33,1785641469
All Pools,Psychic - MeaningOfNumbers,0.3,False,0.72065,237.47,0.0018,0.28,1785641469
All Pools,AVAX - MeaningOfNumbers,0.3,False,0.71596,205.39,0.00179,0.32,1785641469
All Pools,NOCHILL - OX,0.3,False,0.71272,10265.0,0.00178,0.01,1785641469
All Pools,HUSKY - AMI,0.3,False,0.69767,45.72,0.00174,1.39,1785641469
All Pools,LUNA - USDC.e,0.3,False,0.64878,607.33,0.00162,0.1,1785641469
All Pools,Psychic - BlackAndGold,0.3,False,0.64413,232.71,0.00161,0.25,1785641469
All Pools,AVAX - BlackAndGold,0.3,False,0.64214,202.67,0.00161,0.29,1785641469
All Pools,COQ - OX,0.3,False,0.63572,11809.0,0.00159,0.0,1785641469
All Pools,CGS - AVAX,0.3,False,0.6204,53.0,0.00155,1.07,1785641469
All Pools,CGS - USDC.e,0.3,False,0.61804,151.78,0.00155,0.37,1785641469
All Pools,ALOT - USDC.e,0.3,False,0.61431,4.616,0.00154,12.14,1785641469
All Pools,BTC.b - IMPACT2,0.3,False,0.61149,1438.77,0.00153,0.04,1785641469
All Pools,USDC - SDOG,0.3,False,0.60181,348.61,0.0015,0.16,1785641469
All Pools,USDt - IMPACT2,0.3,False,0.60046,71.57,0.0015,0.77,1785641469
All Pools,FollowTheWhiteRabbit - AVAX,0.3,False,0.59939,112.62,0.0015,0.49,1785641469
All Pools,STATIK - AVAX,0.3,False,0.59768,29.26,0.00149,1.86,1785641469
All Pools,Psychic - Serpentarius,0.3,False,0.5933,235.63,0.00148,0.23,1785641469
All Pools,AVAX - SPELL,0.3,False,0.59282,1413.87,0.00148,0.04,1785641469
All Pools,Serpentarius - AVAX,0.3,False,0.58916,204.64,0.00147,0.26,1785641469
All Pools,MM - AVAX,0.3,False,0.58504,65.81,0.00146,0.81,1785641469
All Pools,MM - USDC,0.3,False,0.58253,49.53,0.00146,1.07,1785641469
All Pools,DAI.e - ONION,0.3,False,0.58243,331.89,0.00146,0.16,1785641469
All Pools,Psychic - AftermathsKobe,0.3,False,0.58194,236.61,0.00145,0.22,1785641469
All Pools,AftermathsKobe - AVAX,0.3,False,0.57942,204.74,0.00145,0.26,1785641469
All Pools,MIM - MU,0.3,False,0.57428,67.66,0.00144,0.77,1785641469
All Pools,AVAX - TheGospelOfMary,0.3,False,0.56987,111.64,0.00142,0.47,1785641469
All Pools,Psychic - NeatestQuackery,0.3,False,0.569,232.9,0.00142,0.22,1785641469
All Pools,XPOW - AVAX,0.3,False,0.56874,248.81,0.00142,0.21,1785641469
All Pools,NeatestQuackery - AVAX,0.3,False,0.56713,201.25,0.00142,0.26,1785641469
All Pools,MEOW - AVAX,0.3,False,0.55858,7442.6,0.0014,0.01,1785641469
All Pools,Psychic - Now,0.3,False,0.55756,456.72,0.00139,0.11,1785641469
All Pools,Trinity - Gravity,0.3,False,0.54628,1697.51,0.00137,0.03,1785641469
All Pools,Psychic - Prometheus,0.3,False,0.54407,226.3,0.00136,0.22,1785641469
All Pools,Matter - AVAX,0.3,False,0.54241,54.04,0.00136,0.92,1785641469
All Pools,AVAX - Prometheus,0.3,False,0.54041,196.66,0.00135,0.25,1785641469
All Pools,XPOW - APOW,0.3,False,0.52813,216.45,0.00132,0.22,1785641469
All Pools,Psychic - All,0.3,False,0.52506,233.44,0.00131,0.21,1785641469
All Pools,AVAX - All,0.3,False,0.52248,203.43,0.00131,0.23,1785641469
All Pools,MIM - SDOG,0.3,False,0.5158,61.92,0.00129,0.76,1785641469
All Pools,Orange - Now,0.3,False,0.50863,446.21,0.00127,0.1,1785641469
All Pools,USDt - RUX,0.3,False,0.50818,16122.0,0.00127,0.0,1785641469
All Pools,GRT.e - AVAX,0.3,False,0.50761,7.253,0.00127,6.39,1785641469
All Pools,RUX - AVAX,0.3,False,0.50558,25.39,0.00126,1.82,1785641469
All Pools,Psychic - Xmas,0.3,False,0.50499,218.09,0.00126,0.21,1785641469
All Pools,MaryMagdalene - TheGospelOfMary,0.3,False,0.50402,204.14,0.00126,0.23,1785641469
All Pools,Psychic - Hopi,0.3,False,0.50224,205.83,0.00126,0.22,1785641469
All Pools,Xmas - AVAX,0.3,False,0.50169,189.14,0.00125,0.24,1785641469
All Pools,Hopi - AVAX,0.3,False,0.49854,148.04,0.00125,0.31,1785641469
All Pools,BTC.b - REDWOLF,0.3,False,0.49846,97.36,0.00125,0.47,1785641469
All Pools,MaryMagdalene - FollowTheWhiteRabbit,0.3,False,0.48806,151.29,0.00122,0.29,1785641469
All Pools,Psychic - DogL,0.3,False,0.48713,232.57,0.00122,0.19,1785641469
All Pools,DogL - AVAX,0.3,False,0.48418,202.53,0.00121,0.22,1785641469
All Pools,SYN - USDC.e,0.3,False,0.47807,1.633,0.0012,26.72,1785641469
All Pools,CQK - USDC,0.3,False,0.47401,30.6,0.00119,1.41,1785641469
All Pools,DCAU - MIM,0.3,False,0.47263,79.48,0.00118,0.54,1785641469
All Pools,CQK - AVAX,0.3,False,0.4716,95.07,0.00118,0.45,1785641469
All Pools,USDC.e - SOL,0.3,False,0.46285,34.89,0.00116,1.21,1785641469
All Pools,Psychic - DiamondbackGall,0.3,False,0.45686,232.37,0.00114,0.18,1785641469
All Pools,DiamondbackGall - AVAX,0.3,False,0.45423,202.37,0.00114,0.2,1785641469
All Pools,USDT.e - DUO,0.3,False,0.45224,50.6,0.00113,0.82,1785641469
All Pools,AVAX - DUO,0.3,False,0.45062,51.96,0.00113,0.79,1785641469
All Pools,AVAX - EROL,0.3,False,0.44862,28.5,0.00112,1.44,1785641469
All Pools,AVAX - KET,0.3,False,0.4374,20.08,0.00109,1.99,1785641469
All Pools,AVAX - SING,0.3,False,0.43715,106.85,0.00109,0.37,1785641469
All Pools,Psychic - CommieSukey,0.3,False,0.43209,232.01,0.00108,0.17,1785641469
All Pools,Psychic - Wej,0.3,False,0.43151,232.82,0.00108,0.17,1785641469
All Pools,AVAX - Wej,0.3,False,0.42912,202.05,0.00107,0.19,1785641469
All Pools,USDT.e - SING,0.3,False,0.4273,1198.59,0.00107,0.03,1785641469
All Pools,CommieSukey - AVAX,0.3,False,0.42675,201.34,0.00107,0.19,1785641469
All Pools,USDC.e - WISE,0.3,False,0.42405,41.23,0.00106,0.94,1785641469
All Pools,AVAX - Sinterklaas,0.3,False,0.42246,96.0,0.00106,0.4,1785641469
All Pools,AVAX - WISE,0.3,False,0.42239,58.66,0.00106,0.66,1785641469
All Pools,USDC - USD+,0.3,False,0.42173,30.22,0.00105,1.27,1785641469
All Pools,DFIAT - USDT.e,0.3,False,0.41935,26.52,0.00105,1.44,1785641469
All Pools,USDC.e - ONION,0.3,False,0.41858,371.16,0.00105,0.1,1785641469
All Pools,DFIAT - AVAX,0.3,False,0.41792,5870.52,0.00104,0.01,1785641469
All Pools,COQ - NOCHILL,0.3,False,0.41741,7.69,0.00104,4.95,1785641469
All Pools,MerryXmas - AVAX,0.3,False,0.41427,186.22,0.00104,0.2,1785641469
All Pools,SLUSH - USDT.e,0.3,False,0.41086,55.22,0.00103,0.68,1785641469
All Pools,USDC - GAU,0.3,False,0.40959,645.02,0.00102,0.06,1785641469
All Pools,SLUSH - AVAX,0.3,False,0.40928,44.91,0.00102,0.83,1785641469
All Pools,$Td - AVAX,0.3,False,0.40895,3409.68,0.00102,0.01,1785641469
All Pools,REDWOLF - SOL,0.3,False,0.40451,56.56,0.00101,0.65,1785641469
All Pools,BTC.b - HOWDY,0.3,False,0.40434,62.56,0.00101,0.59,1785641469
All Pools,Psychic - ArniStitch,0.3,False,0.40064,232.45,0.001,0.16,1785641469
All Pools,ArniStitch - AVAX,0.3,False,0.39853,201.11,,0.18,1785641469
All Pools,Psychic - RedFolder,0.3,False,0.39065,233.45,,0.15,1785641469
All Pools,Psychic - Sinterklaas,0.3,False,0.38983,229.85,,0.15,1785641469
All Pools,AVAX - RedFolder,0.3,False,0.38864,202.42,,0.18,1785641469
All Pools,GOOD - AVAX,0.3,False,0.38417,100.89,,0.35,1785641469
All Pools,GOOD - COQ,0.3,False,0.38098,60.08,,0.58,1785641469
All Pools,Christmas - ChristMark,0.3,False,0.36029,107.24,,0.31,1785641469
All Pools,Christmas - AVAX,0.3,False,0.35775,170.21,,0.19,1785641469
All Pools,Orange - Matter,0.3,False,0.35307,5916.92,,0.01,1785641469
All Pools,WBTC - AVAX,0.3,False,0.35289,30.8,,1.05,1785641469
All Pools,MaryMagdalene - Gravity,0.3,False,0.34845,98.36,,0.32,1785641469
All Pools,AVAI - AVAX,0.3,False,0.34806,19.07,,1.67,1785641469
All Pools,WETH.e - REDWOLF,0.3,False,0.34754,83.23,,0.38,1785641469
All Pools,LUNA - AVAX,0.3,False,0.34183,12.83,,2.43,1785641469
All Pools,Psychic - Jjj,0.3,False,0.33973,232.27,,0.13,1785641469
All Pools,Jjj - AVAX,0.3,False,0.33814,201.1,,0.15,1785641469
All Pools,GLOBA - AVAX,0.3,False,0.33381,39.42,,0.77,1785641469
All Pools,LINK.e - REDWOLF,0.3,False,0.32366,69.83,,0.42,1785641469
All Pools,MU - DAI.e,0.3,False,0.31857,235.68,,0.12,1785641469
All Pools,AVAXAI - USDC,0.3,False,0.31673,1455.23,,0.02,1785641469
All Pools,GLOBA - DAI.e,0.3,False,0.31295,47.41,,0.6,1785641469
All Pools,AVVO - DAI.e,0.3,False,0.31174,34.45,,0.83,1785641469
All Pools,AVAX - CHAM,0.3,False,0.30396,25.34,,1.09,1785641469
All Pools,USDC - BVAX,0.3,False,0.29995,25.14,,1.09,1785641469
All Pools,BrideOfChrist - AVAX,0.3,False,0.29978,61.09,,0.45,1785641469
All Pools,COQ - AMI,0.3,False,0.29682,8.627,,3.14,1785641469
All Pools,USDC - SHRAP,0.3,False,0.29289,20.22,,1.32,1785641469
All Pools,miMatic - USDC.e,0.3,False,0.29009,22.24,,1.19,1785641469
All Pools,WBTC.e - REDWOLF,0.3,False,0.27657,48.29,,0.52,1785641469
All Pools,MaryMagdalene - BrideOfChrist,0.3,False,0.27324,87.99,,0.28,1785641469
All Pools,MIM - USDC,0.3,False,0.27146,21.1,,1.17,1785641469
All Pools,AVAX - ZABU,0.3,False,0.25902,23.01,,1.03,1785641469
All Pools,USDC - CHAM,0.3,False,0.25739,46.3,,0.51,1785641469
All Pools,VEE - USDC,0.3,False,0.24929,30.85,,0.74,1785641469
All Pools,SYN - USDT.e,0.3,False,0.24395,0.86938,,25.6,1785641469
All Pools,FLAKE - USDT.e,0.3,False,0.24288,48.5,,0.46,1785641469
All Pools,FLAKE - AVAX,0.3,False,0.24136,16.96,,1.3,1785641469
All Pools,KOVIN - AVAX,0.3,False,0.24031,1998.78,,0.01,1785641469
All Pools,Orange - AVAX,0.3,False,0.23998,59.41,,0.37,1785641469
All Pools,Now - Propriety,0.3,False,0.23781,608.62,,0.04,1785641469
All Pools,METAG - AVAX,0.3,False,0.2374,19.44,,1.11,1785641469
All Pools,AVAX - Propriety,0.3,False,0.23694,60.12,,0.36,1785641469
All Pools,YEEHAW - AVAX,0.3,False,0.23667,11.87,,1.82,1785641469
All Pools,AVAT - AVAX,0.3,False,0.23566,16.5,,1.3,1785641469
All Pools,USDt - REDWOLF,0.3,False,0.22846,13.61,,1.53,1785641469
All Pools,TECH - OX,0.3,False,0.22805,4478.25,,0.0,1785641469
All Pools,SYN - WETH.e,0.3,False,0.22524,0.80861,,25.42,1785641469
All Pools,Psychic - MerryXmas,0.3,False,0.22327,214.61,,0.09,1785641469
All Pools,GAIA - USDC.e,0.3,False,0.22228,400.16,,0.05,1785641469
All Pools,WBTC.e - ONION,0.3,False,0.22194,352.77,,0.06,1785641469
All Pools,COQ - KOVIN,0.3,False,0.22136,7.622,,2.65,1785641469
All Pools,WETH.e - USDC,0.3,False,0.22084,20.57,,0.98,1785641469
All Pools,USDT.e - ZABU,0.3,False,0.21719,44.16,,0.45,1785641469
All Pools,AVAX - LYLY,0.3,False,0.21587,48.73,,0.4,1785641469
All Pools,MELT - AVAX,0.3,False,0.2137,19.78,,0.99,1785641469
All Pools,AprilFoolsDay - NaughtiusMaximus,0.3,False,0.21074,95.81,,0.2,1785641469
All Pools,AprilFoolsDay - AVAX,0.3,False,0.20934,72.69,,0.26,1785641469
All Pools,$Td - AMI,0.3,False,0.2022,20.7,,0.89,1785641469
All Pools,USDt - MILO,0.3,False,0.20169,13.89,,1.32,1785641469
All Pools,AVAX - MILO,0.3,False,0.20095,772.14,,0.02,1785641469
All Pools,Gold - Now,0.3,False,0.20084,610.01,,0.03,1785641469
All Pools,Gold - AVAX,0.3,False,0.19979,60.39,,0.3,1785641469
All Pools,FTR - AVAX,0.3,False,0.19974,586.88,,0.03,1785641469
All Pools,AVAT - USDC,0.3,False,0.19966,37.4,,0.49,1785641469
All Pools,USDt - XPOW,0.3,False,0.19943,17.9,,1.02,1785641469
All Pools,MIM - DAI.e,0.3,False,0.19852,13.92,,1.3,1785641469
All Pools,NineHundred - AVAX,0.3,False,0.19758,95.73,,0.19,1785641469
All Pools,MIM - PEFI,0.3,False,0.19754,46.59,,0.39,1785641469
All Pools,COQ - LYLY,0.3,False,0.19618,9.629,,1.86,1785641469
All Pools,AVAX - BLACK,0.3,False,0.19584,2.805,,6.37,1785641469
All Pools,Slope - Now,0.3,False,0.19482,608.97,,0.03,1785641469
All Pools,Slope - AVAX,0.3,False,0.19472,60.42,,0.29,1785641469
All Pools,MerryXmas - ChristMark,0.3,False,0.19297,59.43,,0.3,1785641469
All Pools,UNIV - AVAX,0.3,False,0.18948,5.472,,3.16,1785641469
All Pools,Matter - Now,0.3,False,0.18817,551.86,,0.03,1785641469
All Pools,Psychic - Blue,0.3,False,0.18799,59.01,,0.29,1785641469
All Pools,CANS - AVAX,0.3,False,0.18798,7.563,,2.27,1785641469
All Pools,BANKSY - USDC.e,0.3,False,0.18695,29.18,,0.58,1785641469
All Pools,Blue - AVAX,0.3,False,0.1869,179.32,,0.1,1785641469
All Pools,SUB - USDC,0.3,False,0.18687,11.21,,1.52,1785641469
All Pools,METAG - USDT.e,0.3,False,0.1866,47.36,,0.36,1785641469
All Pools,SPC - DAI.e,0.3,False,0.18581,23.72,,0.71,1785641469
All Pools,BANKSY - AVAX,0.3,False,0.18553,18.1,,0.94,1785641469
All Pools,Kryptonite - NaughtiusMaximus,0.3,False,0.18245,95.85,,0.17,1785641469
All Pools,AVAX - Kryptonite,0.3,False,0.18137,72.79,,0.23,1785641469
All Pools,KIMBO - CANS,0.3,False,0.17313,190.63,,0.08,1785641469
All Pools,NOCHILL - KET,0.3,False,0.17266,6.767,,2.33,1785641469
All Pools,bECH - AVAX,0.3,False,0.17243,16.72,,0.94,1785641469
All Pools,COQ - REDWOLF,0.3,False,0.17003,8.712,,1.78,1785641469
All Pools,XAUt0 - ElvisJackpot,0.3,False,0.16738,281.67,,0.05,1785641469
All Pools,LIBRE - USDC.e,0.3,False,0.16625,11.81,,1.28,1785641469
All Pools,AVAX - ELK,0.3,False,0.16517,45.46,,0.33,1785641469
All Pools,COQ - BOOTY,0.3,False,0.16341,6.461,,2.31,1785641469
All Pools,BOOTY - AVAX,0.3,False,0.16198,1396.69,,0.01,1785641469
All Pools,GURS - ARENA,0.3,False,0.16025,6.047,,2.42,1785641469
All Pools,USDC - yyAVAX,0.3,False,0.15897,11.88,,1.22,1785641469
All Pools,GB - USDT.e,0.3,False,0.15653,19.81,,0.72,1785641469
All Pools,AVAX - Strength,0.3,False,0.1563,96.63,,0.15,1785641469
All Pools,Orem - NaughtiusMaximus,0.3,False,0.1562,95.79,,0.15,1785641469
All Pools,USDt - DXN,0.3,False,0.15578,213.88,,0.07,1785641469
All Pools,Orem - AVAX,0.3,False,0.15537,72.78,,0.19,1785641469
All Pools,TOMB - USDC,0.3,False,0.15495,9.902,,1.43,1785641469
All Pools,MELT - USDC.e,0.3,False,0.15393,29.76,,0.47,1785641469
All Pools,meGNX - AVAX,0.3,False,0.1538,12.72,,1.1,1785641469
All Pools,AVAX - STRAW,0.3,False,0.1529,14.1,,0.99,1785641469
All Pools,COQ - MCV,0.3,False,0.15069,6.225,,2.21,1785641469
All Pools,KLO - USDT.e,0.3,False,0.15053,2.98,,4.61,1785641469
All Pools,MCV - AVAX,0.3,False,0.15047,272.41,,0.05,1785641469
All Pools,MAI - AVAX,0.3,False,0.14843,1415.54,,0.01,1785641469
All Pools,Hydrogen - AVAX,0.3,False,0.14812,179.36,,0.08,1785641469
All Pools,Psychic - Go,0.3,False,0.14689,53.04,,0.25,1785641469
All Pools,Gil - AVAX,0.3,False,0.14668,13.44,,1.0,1785641469
All Pools,Who - AVAX,0.3,False,0.1465,95.58,,0.14,1785641469
All Pools,BLS - USDt,0.3,False,0.14649,129.09,,0.1,1785641469
All Pools,Go - AVAX,0.3,False,0.14603,95.6,,0.14,1785641469
All Pools,Wormhole - NaughtiusMaximus,0.3,False,0.14495,96.85,,0.14,1785641469
All Pools,Wormhole - AVAX,0.3,False,0.14424,73.53,,0.18,1785641469
All Pools,Psychic - Hydrogen,0.3,False,0.14219,59.28,,0.22,1785641469
All Pools,miMatic - AVAX,0.3,False,0.14136,29.24,,0.44,1785641469
All Pools,DAI.e - STRAW,0.3,False,0.14118,36.02,,0.36,1785641469
All Pools,Psychic - Who,0.3,False,0.13979,53.54,,0.24,1785641469
All Pools,Now - Teste,0.3,False,0.13968,609.86,,0.02,1785641469
All Pools,AVAX - Teste,0.3,False,0.13911,59.61,,0.21,1785641469
All Pools,Gil - DAI.e,0.3,False,0.13784,26.3,,0.48,1785641469
All Pools,MU - COQAI,0.3,False,0.13728,5.564,,2.25,1785641469
All Pools,Psychic - SantaGospel,0.3,False,0.1325,52.91,,0.23,1785641469
All Pools,CNR - AVAX,0.3,False,0.13236,48.58,,0.25,1785641469
All Pools,AVAX - SantaGospel,0.3,False,0.13177,91.48,,0.13,1785641469
All Pools,Mungo - AVAX,0.3,False,0.13067,27.95,,0.43,1785641469
All Pools,WORM - AVAX,0.3,False,0.13001,237.07,,0.05,1785641469
All Pools,JOE - EXP,0.3,False,0.12978,9767202.0,,,1785641469
All Pools,XPOW - USDC,0.3,False,0.12932,17.92,,0.66,1785641469
All Pools,XOM - AVAX,0.3,False,0.12817,2276.35,,0.01,1785641469
All Pools,SNP - AVAX,0.3,False,0.12793,7.564,,1.54,1785641469
All Pools,CREAMA - AVAX,0.3,False,0.12745,0.21749,,53.47,1785641469
All Pools,Psychic - Yellow,0.3,False,0.12695,59.38,,0.2,1785641469
All Pools,Yellow - AVAX,0.3,False,0.1264,180.64,,0.06,1785641469
All Pools,COQ - SNP,0.3,False,0.12586,16.16,,0.71,1785641469
All Pools,ElvisJackpot - Gravity,0.3,False,0.1241,14.46,,0.78,1785641469
All Pools,AVAX - JUICY,0.3,False,0.12138,1645.74,,0.01,1785641469
All Pools,Now - Mentor,0.3,False,0.12132,606.45,,0.02,1785641469
All Pools,AVAX - Mentor,0.3,False,0.12087,60.0,,0.18,1785641469
All Pools,UNIV - DAI.e,0.3,False,0.11964,10.09,,1.08,1785641469
All Pools,AVAX - SQRCAT,0.3,False,0.11826,4068.96,,0.0,1785641469
All Pools,AMI - SQRCAT,0.3,False,0.11767,10.38,,1.03,1785641469
All Pools,WETH.e - SURE,0.3,False,0.1169,879.29,,0.01,1785641469
All Pools,$ALPHA - AVAX,0.3,False,0.11428,43.03,,0.24,1785641469
All Pools,SafeMoonA - AVAX,0.3,False,0.11388,4046.44,,0.0,1785641469
All Pools,aAvaWAVAX - meGNX,0.3,False,0.11345,2.892,,3.58,1785641469
All Pools,USDC - WSPP,0.3,False,0.11284,42.05,,0.24,1785641469
All Pools,HEFE - CANS,0.3,False,0.11274,4.67,,2.2,1785641469
All Pools,SUB - AVAX,0.3,False,0.10988,14.49,,0.69,1785641469
All Pools,GAINS - AVAX,0.3,False,0.10895,29.53,,0.34,1785641469
All Pools,AMI - COQAI,0.3,False,0.10892,2.836,,3.5,1785641469
All Pools,USDT.e - MU,0.3,False,0.10702,250.29,,0.04,1785641469
All Pools,TickTock - Now,0.3,False,0.10651,607.11,,0.02,1785641469
All Pools,TickTock - AVAX,0.3,False,0.10614,60.09,,0.16,1785641469
All Pools,NOCHILL - AMI,0.3,False,0.10579,3.068,,3.15,1785641469
All Pools,COQ - MU,0.3,False,0.10494,3.491,,2.74,1785641469
All Pools,MIM - wsOHM,0.3,False,0.10456,97.59,,0.1,1785641469
All Pools,BUSD - USDC,0.3,False,0.10369,7.095,,1.33,1785641469
All Pools,Psychic - NineHundred,0.3,False,0.10266,52.91,,0.18,1785641469
All Pools,ARENA - MU,0.3,False,0.10227,3.393,,2.75,1785641469
All Pools,ALPHA.e - AVAX,0.3,False,0.09914,59.13,,0.15,1785641469
All Pools,DEXTF - AVAX,0.3,False,0.09834,17.25,,0.52,1785641469
All Pools,IMPACT2 - EURC,0.3,False,0.09806,42.19,,0.21,1785641469
All Pools,DéjàVu - Mungo,0.3,False,0.09668,122.98,,0.07,1785641469
All Pools,DéjàVu - Gravity,0.3,False,0.09664,142.64,,0.06,1785641469
All Pools,Psychic - Strength,0.3,False,0.09624,53.76,,0.16,1785641469
All Pools,AVAX - SNOB,0.3,False,0.09565,732.12,,0.01,1785641469
All Pools,NineHundred - Sinterklaas,0.3,False,0.09564,1132.93,,0.01,1785641469
All Pools,WLRS - USDC.e,0.3,False,0.09422,3888.65,,0.0,1785641469
All Pools,USDt - USDC,0.3,False,0.09384,149.32,,0.06,1785641469
All Pools,WBTC.e - USDC,0.3,False,0.09234,0.40038,,21.05,1785641469
All Pools,ACS - USDC.e,0.3,False,0.09116,5.099,,1.63,1785641469
All Pools,MaryMagdalene - RoselineBloodline,0.3,False,0.09094,34.88,,0.24,1785641469
All Pools,wsOHM - USDC.e,0.3,False,0.09053,14.03,,0.59,1785641469
All Pools,RoselineBloodline - AVAX,0.3,False,0.0903,30.83,,0.27,1785641469
All Pools,USDC.e - WOLF,0.3,False,0.09009,7.468,,1.1,1785641469
All Pools,HEFE - GAINS,0.3,False,0.08988,7.971,,1.03,1785641469
All Pools,TrumpTower - Gravity,0.3,False,0.08977,51.41,,0.16,1785641469
All Pools,TrumpTower - AVAX,0.3,False,0.0894,107.89,,0.08,1785641469
All Pools,AVAX - WOLF,0.3,False,0.08934,52.32,,0.16,1785641469
All Pools,WOLF - MU,0.3,False,0.08908,3.606,,2.25,1785641469
All Pools,AVAX - SHRAP,0.3,False,0.08899,10.53,,0.77,1785641469
All Pools,USDt - NEMO,0.3,False,0.08756,96.46,,0.08,1785641469
All Pools,Chemistry - Now,0.3,False,0.08711,605.79,,0.01,1785641469
All Pools,AVAX - NEMO,0.3,False,0.08688,6.47,,1.23,1785641469
All Pools,Chemistry - AVAX,0.3,False,0.08684,60.05,,0.13,1785641469
All Pools,SLIME - USDt,0.3,False,0.08653,6.011,,1.31,1785641469
All Pools,USDC - MXNB,0.3,False,0.08594,16.32,,0.48,1785641469
All Pools,AVAX - SDOG,0.3,False,0.08504,6.119,,1.27,1785641469
All Pools,YEEHAW - USDC,0.3,False,0.08495,5.641,,1.37,1785641469
All Pools,Silver - Now,0.3,False,0.08307,609.06,,0.01,1785641469
All Pools,Silver - AVAX,0.3,False,0.08293,59.22,,0.13,1785641469
All Pools,UST - USDT.e,0.3,False,0.08029,35.92,,0.2,1785641469
All Pools,BLS - SHRAP,0.3,False,0.08009,7.644,,0.96,1785641469
All Pools,SURE - USDC.e,0.3,False,0.07905,21.25,,0.34,1785641469
All Pools,WETH.e - yyAVAX,0.3,False,0.07808,14.4,,0.49,1785641469
All Pools,Psychic - Nala,0.3,False,0.07595,199.31,,0.03,1785641469
All Pools,Now - Blessing,0.3,False,0.0759,540.75,,0.01,1785641469
All Pools,AVAX - Blessing,0.3,False,0.07566,53.82,,0.13,1785641469
All Pools,AVAX - Nala,0.3,False,0.07548,18.12,,0.38,1785641469
All Pools,MELT - USDC.e,0.3,False,0.07367,5.872,,1.14,1785641469
All Pools,SURE - DAI.e,0.3,False,0.07365,24.77,,0.27,1785641469
All Pools,GAS - AVAX,0.3,False,0.07323,128.61,,0.05,1785641469
All Pools,MELT - AVAX,0.3,False,0.07301,787.13,,0.01,1785641469
All Pools,Psychic - Stolen,0.3,False,0.07279,61.87,,0.11,1785641469
All Pools,AVAX - DAI,0.3,False,0.07254,52.8,,0.13,1785641469
All Pools,ZRO - USDC,0.3,False,0.07144,4.129,,1.58,1785641469
All Pools,DUO - USDT.e,0.3,False,0.07122,6.068,,1.07,1785641469
All Pools,Now - √Root,0.3,False,0.07067,605.95,,0.01,1785641469
All Pools,CREAMA - USDt,0.3,False,0.07041,0.13125,,48.95,1785641469
All Pools,AVAX - √Root,0.3,False,0.0704,59.99,,0.11,1785641469
All Pools,MIM - TIME,0.3,False,0.07007,16.74,,0.38,1785641469
All Pools,BTC.b - GMX,0.3,False,0.06875,1.299,,4.83,1785641469
All Pools,FollowTheWhiteRabbit - TheGospelOfMary,0.3,False,0.06871,108.76,,0.06,1785641469
All Pools,CNR - REDWOLF,0.3,False,0.06842,15.33,,0.41,1785641469
All Pools,Gravity - WarpSpeed,0.3,False,0.06814,57.35,,0.11,1785641469
All Pools,CNR - USDt,0.3,False,0.06795,4.623,,1.34,1785641469
All Pools,WarpSpeed - AVAX,0.3,False,0.0679,93.76,,0.07,1785641469
All Pools,SURE - AVAX,0.3,False,0.06713,5.364,,1.14,1785641469
All Pools,gOHM - wsOHM,0.3,False,0.06711,13.67,,0.45,1785641469
All Pools,USDT.e - TMT,0.3,False,0.06491,25.4,,0.23,1785641469
All Pools,AVAX - TMT,0.3,False,0.06447,5.761,,1.02,1785641469
All Pools,Stolen - AVAX,0.3,False,0.06434,12.14,,0.48,1785641469
All Pools,SOL - AVAX,0.3,False,0.06433,0.00158,,3712.82,1785641469
All Pools,SHRAP - DOMI,0.3,False,0.06388,141.3,,0.04,1785641469
All Pools,GUN - AMI,0.3,False,0.06375,7.89,,0.74,1785641469
All Pools,NOCHILL - REDWOLF,0.3,False,0.06366,2.053,,2.83,1785641469
All Pools,MIM - UNIV,0.3,False,0.06365,3.513,,1.65,1785641469
All Pools,LoveYou - Gravity,0.3,False,0.06335,38.45,,0.15,1785641469
All Pools,CNR - USDC,0.3,False,0.06332,4.601,,1.26,1785641469
All Pools,BNZ - AVAX,0.3,False,0.06325,141.24,,0.04,1785641469
All Pools,LoveYou - AVAX,0.3,False,0.06321,41.53,,0.14,1785641469
All Pools,ElvisJackpot - BLACK,0.3,False,0.06285,8.687,,0.66,1785641469
All Pools,Strength - Sinterklaas,0.3,False,0.06094,1140.9,,0.0,1785641469
All Pools,MELT - USDT.e,0.3,False,0.06085,29.5,,0.19,1785641469
All Pools,AVAX - BAVA,0.3,False,0.06078,8.489,,0.65,1785641469
All Pools,Sanskrit - Now,0.3,False,0.05917,606.38,,0.01,1785641469
All Pools,Sanskrit - AVAX,0.3,False,0.05901,60.02,,0.09,1785641469
All Pools,AVAX - GAU,0.3,False,0.05798,4.331,,1.22,1785641469
All Pools,MPL - USDt,0.3,False,0.05737,29.96,,0.17,1785641469
All Pools,USDC.e - RUG,0.3,False,0.05725,16.32,,0.32,1785641469
All Pools,MPL - AVAX,0.3,False,0.05698,5.006,,1.04,1785641469
All Pools,ICUBE - USDT.e,0.3,False,0.05607,108.07,,0.05,1785641469
All Pools,ICUBE - AVAX,0.3,False,0.05553,5.293,,0.96,1785641469
All Pools,LINK.e - MU,0.3,False,0.05409,6.933,,0.71,1785641469
All Pools,USDC - USDT.e,0.3,False,0.05408,154.62,,0.03,1785641469
All Pools,MAJIN - AVAX,0.3,False,0.05366,2750.11,,0.0,1785641469
All Pools,wsOHM - AVAX,0.3,False,0.0522,6.102,,0.78,1785641469
All Pools,METAG - USDt,0.3,False,0.0516,15.43,,0.31,1785641469
All Pools,USDC.e - SPADE,0.3,False,0.05134,15.5,,0.3,1785641469
All Pools,AVAX - SPADE,0.3,False,0.05095,4.841,,0.96,1785641469
All Pools,agEUR - USDC,0.3,False,0.05046,59.88,,0.08,1785641469
All Pools,TRYB - USDC.e,0.3,False,0.04954,31.81,,0.14,1785641469
All Pools,COQ - MICRO,0.3,False,0.04911,2.618,,1.71,1785641469
All Pools,AVAX - MICRO,0.3,False,0.04901,17.72,,0.25,1785641469
All Pools,3ULL - AVAX,0.3,False,0.04886,33.23,,0.13,1785641469
All Pools,Milk - USDT.e,0.3,False,0.04861,13.8,,0.32,1785641469
All Pools,MaryMagdalene - LadyMary,0.3,False,0.04851,12.52,,0.35,1785641469
All Pools,Milk - AVAX,0.3,False,0.04825,5.271,,0.84,1785641469
All Pools,LadyMary - AVAX,0.3,False,0.04824,245.59,,0.02,1785641469
All Pools,CRA - AVAX,0.3,False,0.04819,6860.57,,,1785641469
All Pools,MIM - GRAPE,0.3,False,0.04641,59.35,,0.07,1785641469
All Pools,NOCHILL - MU,0.3,False,0.04541,1.381,,3.0,1785641469
All Pools,FollowTheWhiteRabbit - TruthClosure,0.3,False,0.04534,27.63,,0.15,1785641469
All Pools,Gladiator - AVAX,0.3,False,0.04491,1.695,,2.42,1785641469
All Pools,USDT.e - GOT,0.3,False,0.04448,12.33,,0.33,1785641469
All Pools,KrisKringle - ChristMark,0.3,False,0.04433,18.24,,0.22,1785641469
All Pools,AVAX - GOT,0.3,False,0.04422,4.193,,0.96,1785641469
All Pools,AVAX - TIME,0.3,False,0.0442,507.27,,0.01,1785641469
All Pools,KrisKringle - AVAX,0.3,False,0.04405,17.93,,0.22,1785641469
All Pools,BSGG - AVAX,0.3,False,0.04402,2.311,,1.74,1785641469
All Pools,BENIS - NOCHILL,0.3,False,0.04378,2.174,,1.84,1785641469
All Pools,JOE - ZABU,0.3,False,0.04368,12.07,,0.33,1785641469
All Pools,KIMBO - AMI,0.3,False,0.04358,2.349,,1.69,1785641469
All Pools,BENIS - AVAX,0.3,False,0.04347,8.939,,0.44,1785641469
All Pools,BGLD - USDT.e,0.3,False,0.04297,16.47,,0.24,1785641469
All Pools,BGLD - AVAX,0.3,False,0.04274,3.536,,1.1,1785641469
All Pools,HEFE - AMI,0.3,False,0.04247,2.159,,1.79,1785641469
All Pools,WOLF - USDT.e,0.3,False,0.04242,2.969,,1.3,1785641469
All Pools,WOLF - AVAX,0.3,False,0.04209,42.76,,0.09,1785641469
All Pools,WLRS - GRAPE,0.3,False,0.04192,6.098,,0.63,1785641469
All Pools,ABC - AMI,0.3,False,0.04136,2.264,,1.67,1785641469
All Pools,AVAX - WSPP,0.3,False,0.04132,2.293,,1.64,1785641469
All Pools,XPOW - USDt,0.3,False,0.0411,3.511,,1.07,1785641469
All Pools,JOE - CRA,0.3,False,0.04034,6.407,,0.57,1785641469
All Pools,USDC.e - BAVA,0.3,False,0.03971,2.638,,1.37,1785641469
All Pools,SLOT - AVAX,0.3,False,0.03883,2365.59,,0.0,1785641469
All Pools,USDR - USDC,0.3,False,0.03852,39.75,,0.09,1785641469
All Pools,USDT.e - BOREA,0.3,False,0.03727,25.39,,0.13,1785641469
All Pools,HH - AVAX,0.3,False,0.03712,227.43,,0.01,1785641469
All Pools,MIM - FORT,0.3,False,0.03703,1298.03,,0.0,1785641469
All Pools,HOST - SYMBIOT,0.3,False,0.03685,80.96,,0.04,1785641469
All Pools,AVAX - FORT,0.3,False,0.03683,8.726,,0.39,1785641469
All Pools,AVAX - BOREA,0.3,False,0.03671,5.32,,0.63,1785641469
All Pools,USDT.e - XAVA,0.3,False,0.03651,9.122,,0.37,1785641469
All Pools,HH - ARENA,0.3,False,0.03645,2.012,,1.65,1785641469
All Pools,JOE - aXEN,0.3,False,0.03574,0.13883,,23.49,1785641469
All Pools,COQ - ARENA,0.3,False,0.03564,0.99793,,3.26,1785641469
All Pools,WOLF - AMI,0.3,False,0.03552,2.336,,1.39,1785641469
All Pools,HATCHY - AMI,0.3,False,0.03471,2.638,,1.2,1785641469
All Pools,AVAX - OK,0.3,False,0.03431,1.621,,1.93,1785641469
All Pools,ELE - AVAX,0.3,False,0.03421,85.65,,0.04,1785641469
All Pools,BTC - AVAX,0.3,False,0.03388,0.00115,,2689.25,1785641469
All Pools,3ULL - USDt,0.3,False,0.03388,2.136,,1.45,1785641469
All Pools,Mungo - Now,0.3,False,0.03372,272.26,,0.01,1785641469
All Pools,Gravity - LookingGlass,0.3,False,0.03364,124.1,,0.02,1785641469
All Pools,AVAX - LookingGlass,0.3,False,0.03352,10.93,,0.28,1785641469
All Pools,AAVE.e - USDT.e,0.3,False,0.03203,2.595,,1.13,1785641469
All Pools,KIMBO - KOVIN,0.3,False,0.03191,2.791,,1.04,1785641469
All Pools,Degen - AVAX,0.3,False,0.0319,1310.48,,0.0,1785641469
All Pools,AVAX - AXIAL,0.3,False,0.03182,578.66,,0.01,1785641469
All Pools,LoveIsTheKey - AVAX,0.3,False,0.0316,9.848,,0.29,1785641469
All Pools,BTC.b - USDC,0.3,False,0.03086,4.209,,0.67,1785641469
All Pools,USDC.e - WISE,0.3,False,0.03036,6.759,,0.41,1785641469
All Pools,AVAX - WISE,0.3,False,0.03012,2.217,,1.24,1785641469
All Pools,AVAX - SPT,0.3,False,0.03004,0.14579,,18.8,1785641469
All Pools,MIM - VOLT,0.3,False,0.02981,9.513,,0.29,1785641469
All Pools,USDT.e - iBONE,0.3,False,0.02971,4.416,,0.61,1785641469
All Pools,AVAX - iBONE,0.3,False,0.02953,4.13,,0.65,1785641469
All Pools,ARA - AVAX,0.3,False,0.02926,2.301,,1.16,1785641469
All Pools,USDT.e - AVVO,0.3,False,0.02892,3.599,,0.73,1785641469
All Pools,BrideOfChrist - BLACK,0.3,False,0.02824,14.87,,0.17,1785641469
All Pools,FTOMB - AVAX,0.3,False,0.02818,6189.13,,,1785641469
All Pools,APIX - LAMBO,0.3,False,0.02802,3.48,,0.73,1785641469
All Pools,Gravity - Vaccinations,0.3,False,0.02794,41.91,,0.06,1785641469
All Pools,AVAX - Vaccinations,0.3,False,0.02783,12.45,,0.2,1785641469
All Pools,AVAX - USDR,0.3,False,0.0275,2.406,,1.04,1785641469
All Pools,COQ - COFI,0.3,False,0.02746,1.206,,2.08,1785641469
All Pools,SHIB.e - USDt,0.3,False,0.02745,0.09435,,26.55,1785641469
All Pools,AVAX - COFI,0.3,False,0.02745,425.6,,0.01,1785641469
All Pools,YEEHAW - ARENA,0.3,False,0.02732,1.08,,2.31,1785641469
All Pools,WETH.e - meGNX,0.3,False,0.02715,5.169,,0.48,1785641469
All Pools,bCASH - TECH,0.3,False,0.02685,9.872,,0.25,1785641469
All Pools,CATWIF - MU,0.3,False,0.02642,2.813,,0.86,1785641469
All Pools,DAI.e - VOLT,0.3,False,0.0263,37.92,,0.06,1785641469
All Pools,CATWIF - AVAX,0.3,False,0.02613,2167.58,,0.0,1785641469
All Pools,AVAX - DWC,0.3,False,0.02604,3903.57,,,1785641469
All Pools,TruthClosure - BLACK,0.3,False,0.02574,10.46,,0.22,1785641469
All Pools,gOHM - USDT.e,0.3,False,0.02525,0.66172,,3.48,1785641469
All Pools,YEEHAW - AMI,0.3,False,0.02521,3.277,,0.7,1785641469
All Pools,Gravity - ChristMark,0.3,False,0.02482,11.43,,0.2,1785641469
All Pools,XIO - USDC,0.3,False,0.02478,23.82,,0.09,1785641469
All Pools,LoveIsTheKey - Gravity,0.3,False,0.02467,27.93,,0.08,1785641469
All Pools,APOW - MU,0.3,False,0.02466,3.172,,0.71,1785641469
All Pools,NaughtiusMaximus - Yeshua,0.3,False,0.02455,8.503,,0.26,1785641469
All Pools,XIO - AVAX,0.3,False,0.02454,2.279,,0.98,1785641469
All Pools,AVAX - Yeshua,0.3,False,0.02441,20.96,,0.11,1785641469
All Pools,USDC - COSMIC,0.3,False,0.02429,54.05,,0.04,1785641469
All Pools,DWC - MU,0.3,False,0.02425,2.656,,0.83,1785641469
All Pools,Wingdings - Gravity,0.3,False,0.024,14.87,,0.15,1785641469
All Pools,CRAFT - AVAX,0.3,False,0.02397,277.8,,0.01,1785641469
All Pools,Wingdings - AVAX,0.3,False,0.02391,34.44,,0.06,1785641469
All Pools,AMI - MU,0.3,False,0.02391,1.312,,1.66,1785641469
All Pools,AVAX - TT,0.3,False,0.02327,1.6,,1.33,1785641469
All Pools,WhollySphere - Gravity,0.3,False,0.02313,15.58,,0.14,1785641469
All Pools,WhollySphere - AVAX,0.3,False,0.02307,34.42,,0.06,1785641469
All Pools,BTC.b - yyAVAX,0.3,False,0.02306,4.128,,0.51,1785641469
All Pools,MAJIN - MU,0.3,False,0.0227,3.404,,0.61,1785641469
All Pools,AI9000 - AVAX,0.3,False,0.02229,205.08,,0.01,1785641469
All Pools,GAINS - COQ,0.3,False,0.02213,1.37,,1.47,1785641469
All Pools,GMX - USDC,0.3,False,0.0219,0.83909,,2.38,1785641469
All Pools,USDC - XenBurn,0.3,False,0.02187,5.363,,0.37,1785641469
All Pools,sAVAX - AVAX,0.3,False,0.02187,167839.0,,,1785641469
All Pools,MIM - TSNFTGM,0.3,False,0.02179,2.367,,0.84,1785641469
All Pools,AVAX - XenBurn,0.3,False,0.02155,3.368,,0.58,1785641469
All Pools,REDWOLF - GEC,0.3,False,0.02146,2.941,,0.67,1785641469
All Pools,MIM - PAPA,0.3,False,0.02135,33.92,,0.06,1785641469
All Pools,PAPA - AVAX,0.3,False,0.02126,7.787,,0.25,1785641469
All Pools,FITFI - USDC,0.3,False,0.02099,0.08061,,23.76,1785641469
All Pools,JPYC - USDC.e,0.3,False,0.02095,5.088,,0.38,1785641469
All Pools,Gravity - SaintGermain,0.3,False,0.0207,17.52,,0.11,1785641469
All Pools,KOVIN - MU,0.3,False,0.02037,2.272,,0.82,1785641469
All Pools,AMPL - AVAX,0.3,False,0.02013,203.66,,0.01,1785641469
All Pools,QI - LYLY,0.3,False,0.0201,1.862,,0.99,1785641469
All Pools,TSNFTGM - DAI.e,0.3,False,0.02009,28.36,,0.06,1785641469
All Pools,wALGO - USDC,0.3,False,0.01993,2.319,,0.78,1785641469
All Pools,AVAX - aSOCK,0.3,False,0.01986,9.388,,0.19,1785641469
All Pools,KIMBO - COQ,0.3,False,0.01971,0.9199,,1.95,1785641469
All Pools,AMI - aSOCK,0.3,False,0.01967,1.6,,1.12,1785641469
All Pools,Gravity - HustleTappers,0.3,False,0.01961,16.33,,0.11,1785641469
All Pools,wALGO - AVAX,0.3,False,0.01955,110.48,,0.02,1785641469
All Pools,AVAX - HustleTappers,0.3,False,0.01955,37.64,,0.05,1785641469
All Pools,USDT.e - NORTH,0.3,False,0.01946,30.01,,0.06,1785641469
All Pools,GURS - AMI,0.3,False,0.01935,1.235,,1.43,1785641469
All Pools,TruthClosure - AVAX,0.3,False,0.01934,7.134,,0.25,1785641469
All Pools,AVAX - NORTH,0.3,False,0.0193,1.976,,0.89,1785641469
All Pools,ARENA - AMI,0.3,False,0.01892,1.129,,1.53,1785641469
All Pools,gOHM - JOE,0.3,False,0.01882,3.053,,0.56,1785641469
All Pools,KOKSAL - USDC,0.3,False,0.01878,4.381,,0.39,1785641469
All Pools,GATOR - ARENA,0.3,False,0.0187,1.973,,0.86,1785641469
All Pools,wMEMO - AVAX,0.3,False,0.01862,5.817,,0.29,1785641469
All Pools,KOKSAL - AVAX,0.3,False,0.0185,2.697,,0.63,1785641469
All Pools,KIWI - USDt,0.3,False,0.01847,19.65,,0.09,1785641469
All Pools,AVAX - COSMIC,0.3,False,0.01846,1.035,,1.63,1785641469
All Pools,JOE - aDXN,0.3,False,0.0184,0.23708,,7.08,1785641469
All Pools,MAGICK - COSMIC,0.3,False,0.01786,3.354,,0.49,1785641469
All Pools,ACS - USDt,0.3,False,0.01786,0.92381,,1.76,1785641469
All Pools,TECH - AMI,0.3,False,0.01756,1.561,,1.03,1785641469
All Pools,Gravity - BLACK,0.3,False,0.01752,0.22023,,7.26,1785641469
All Pools,QI - REDWOLF,0.3,False,0.01751,1.208,,1.32,1785641469
All Pools,USDC.e - TUSK,0.3,False,0.01744,9.303,,0.17,1785641469
All Pools,AVAX - TUSK,0.3,False,0.01719,1.985,,0.79,1785641469
All Pools,DUNEV3 - USDC.e,0.3,False,0.01716,32043.0,,,1785641469
All Pools,weETH - AVAX,0.3,False,0.01689,0.28709,,5.37,1785641469
All Pools,MIM - DUNEV3,0.3,False,0.01689,46860.0,,,1785641469
All Pools,XOMB - USDT.e,0.3,False,0.0166,2.03,,0.75,1785641469
All Pools,AVAX - GG,0.3,False,0.01656,3.664,,0.41,1785641469
All Pools,AVAX - APE - X,0.3,False,0.01654,451.69,,0.0,1785641469
All Pools,TRACTOR - AVAX,0.3,False,0.01643,10108.0,,,1785641469
All Pools,XOMB - AVAX,0.3,False,0.0164,14.96,,0.1,1785641469
All Pools,VELAI - AVAX,0.3,False,0.01625,0.30259,,4.9,1785641469
All Pools,TT - DAI.e,0.3,False,0.0162,1.867,,0.79,1785641469
All Pools,USDC.e - SMRT,0.3,False,0.01613,1.806,,0.82,1785641469
All Pools,Gravity - GematrixDotOrg,0.3,False,0.01577,8.788,,0.16,1785641469
All Pools,GURS - NOCHILL,0.3,False,0.01577,0.99696,,1.44,1785641469
All Pools,AVAX - GematrixDotOrg,0.3,False,0.0157,11.27,,0.13,1785641469
All Pools,SodomAndGomorrah - NaughtiusMaximus,0.3,False,0.01536,5.336,,0.26,1785641469
All Pools,SodomAndGomorrah - AVAX,0.3,False,0.01527,13.13,,0.11,1785641469
All Pools,MIM - BLANC,0.3,False,0.01514,603.67,,0.0,1785641469
All Pools,MIM - AUSD,0.3,False,0.01508,7.487,,0.18,1785641469
All Pools,AVAX - BLANC,0.3,False,0.01508,4.89,,0.28,1785641469
All Pools,DUA - USDC,0.3,False,0.01487,8.931,,0.15,1785641469
All Pools,AVAX - DUA,0.3,False,0.01468,1.33,,1.01,1785641469
All Pools,TokenZ - USDC,0.3,False,0.01467,3.509,,0.38,1785641469
All Pools,AMI - EROL,0.3,False,0.0146,0.45442,,2.93,1785641469
All Pools,TokenZ - AVAX,0.3,False,0.01446,1.851,,0.71,1785641469
All Pools,EHCNALAVA - AVAX,0.3,False,0.01432,1044.96,,0.0,1785641469
All Pools,SMRTr - USDT.e,0.3,False,0.01426,1.07,,1.22,1785641469
All Pools,KIMBO - EHCNALAVA,0.3,False,0.01423,1.654,,0.79,1785641469
All Pools,NOCHILL - WAIFU,0.3,False,0.01405,130.67,,0.01,1785641469
All Pools,LYD - REDWOLF,0.3,False,0.01405,3.977,,0.32,1785641469
All Pools,MU - SOL,0.3,False,0.01396,1.08,,1.18,1785641469
All Pools,FRENXEN - USDC,0.3,False,0.01385,8.409,,0.15,1785641469
All Pools,WETH.e - USDR,0.3,False,0.01377,2.43,,0.52,1785641469
All Pools,MIM - GG,0.3,False,0.01363,36.45,,0.03,1785641469
All Pools,MIM - RUG,0.3,False,0.01363,4.064,,0.31,1785641469
All Pools,USDC - NXUSD,0.3,False,0.0136,3.153,,0.39,1785641469
All Pools,AVAX - HOST,0.3,False,0.01355,1.501,,0.82,1785641469
All Pools,KR - USDC.e,0.3,False,0.01352,11.02,,0.11,1785641469
All Pools,LF - USDT.e,0.3,False,0.01348,0.82805,,1.49,1785641469
All Pools,FRENXEN - aXEN,0.3,False,0.01346,0.22311,,5.5,1785641469
All Pools,Eye - Psychic,0.3,False,0.01333,46.18,,0.03,1785641469
All Pools,KR - AVAX,0.3,False,0.01332,1.362,,0.89,1785641469
All Pools,Psychic - Architect,0.3,False,0.01325,46.19,,0.03,1785641469
All Pools,MEOW - MU,0.3,False,0.01324,1.309,,0.92,1785641469
All Pools,Psychic - Verse,0.3,False,0.01314,46.16,,0.03,1785641469
All Pools,CREAMA - USDC,0.3,False,0.01314,0.02506,,47.87,1785641469
All Pools,Chrism - ChristMark,0.3,False,0.01314,139.62,,0.01,1785641469
All Pools,Psychic - Finish,0.3,False,0.0131,46.15,,0.03,1785641469
All Pools,NaughtiusMaximus - SwiftTaylor,0.3,False,0.01305,4.313,,0.28,1785641469
All Pools,Psychic - YouAndI,0.3,False,0.01303,46.18,,0.03,1785641469
All Pools,Psychic - IAmThatIAm,0.3,False,0.01303,46.19,,0.03,1785641469
All Pools,TRACTOR - USDT.e,0.3,False,0.01303,1.616,,0.74,1785641469
All Pools,AVAX - SwiftTaylor,0.3,False,0.01297,9.917,,0.12,1785641469
All Pools,Psychic - PlotTwist,0.3,False,0.01292,47.22,,0.02,1785641469
All Pools,Eye - BLACK,0.3,False,0.01292,1.071,,1.1,1785641469
All Pools,Psychic - LordJesusChrist,0.3,False,0.01286,44.34,,0.03,1785641469
All Pools,Psychic - PoPo,0.3,False,0.01284,46.19,,0.03,1785641469
All Pools,HOST - DAI.e,0.3,False,0.01283,2.722,,0.43,1785641469
All Pools,Architect - BLACK,0.3,False,0.01281,1.07,,1.09,1785641469
All Pools,Psychic - Time,0.3,False,0.01278,46.18,,0.03,1785641469
All Pools,Psychic - Number,0.3,False,0.01272,46.19,,0.03,1785641469
All Pools,BLACK - Verse,0.3,False,0.01271,1.075,,1.08,1785641469
All Pools,Chrism - BLACK,0.3,False,0.0127,1.149,,1.01,1785641469
All Pools,AKA - USDt,0.3,False,0.01269,2.692,,0.43,1785641469
All Pools,Finish - BLACK,0.3,False,0.01267,1.077,,1.07,1785641469
All Pools,AVAX - MUG,0.3,False,0.01263,238.03,,0.0,1785641469
All Pools,Psychic - Qubit,0.3,False,0.01263,46.15,,0.02,1785641469
All Pools,YouAndI - BLACK,0.3,False,0.01261,1.071,,1.07,1785641469
All Pools,BLACK - IAmThatIAm,0.3,False,0.0126,1.07,,1.08,1785641469
All Pools,PlotTwist - BLACK,0.3,False,0.0125,1.092,,1.04,1785641469
All Pools,AKA - AVAX,0.3,False,0.01249,1.731,,0.66,1785641469
All Pools,LordJesusChrist - BLACK,0.3,False,0.01245,1.035,,1.1,1785641469
All Pools,Psychic - TrueStory,0.3,False,0.01241,46.19,,0.02,1785641469
All Pools,Time - BLACK,0.3,False,0.01239,1.071,,1.06,1785641469
All Pools,PoPo - BLACK,0.3,False,0.01239,1.069,,1.06,1785641469
All Pools,Flection - Psychic,0.3,False,0.01238,46.19,,0.02,1785641469
All Pools,Number - BLACK,0.3,False,0.01233,1.069,,1.05,1785641469
All Pools,Psychic - [i]Lluminati,0.3,False,0.01226,47.98,,0.02,1785641469
All Pools,Qubit - BLACK,0.3,False,0.01225,1.078,,1.04,1785641469
All Pools,AI9000 - MU,0.3,False,0.0122,1.019,,1.09,1785641469
All Pools,Psychic - FinityFinity,0.3,False,0.01215,46.2,,0.02,1785641469
All Pools,TrueStory - BLACK,0.3,False,0.01208,1.068,,1.03,1785641469
All Pools,Flection - BLACK,0.3,False,0.01201,1.07,,1.02,1785641469
All Pools,Psychic - Abracadabra,0.3,False,0.012,46.16,,0.02,1785641469
All Pools,WITCH - USDC,0.3,False,0.01194,1.524,,0.71,1785641469
All Pools,[i]Lluminati - BLACK,0.3,False,0.01193,1.114,,0.98,1785641469
All Pools,USDt - IMPACT,0.3,False,0.0119,1.669,,0.65,1785641469
All Pools,Psychic - Ups,0.3,False,0.01188,46.19,,0.02,1785641469
All Pools,EagleToken - USDC.e,0.3,False,0.01186,1.997,,0.54,1785641469
All Pools,Psychic - Turtle,0.3,False,0.01183,46.2,,0.02,1785641469
All Pools,Psychic - BiTonic,0.3,False,0.01182,46.26,,0.02,1785641469
All Pools,GRELF[ava] - AVAX,0.3,False,0.01182,847.64,,0.0,1785641469
All Pools,Psychic - Alice,0.3,False,0.01181,46.15,,0.02,1785641469
All Pools,ETHM - AVAX,0.3,False,0.01179,20.48,,0.05,1785641469
All Pools,Psychic - Penny,0.3,False,0.01177,46.19,,0.02,1785641469
All Pools,Psychic - Blessings,0.3,False,0.01177,46.15,,0.02,1785641469
All Pools,EagleToken - AVAX,0.3,False,0.01177,1.59,,0.68,1785641469
All Pools,Psychic - Who,0.3,False,0.01177,46.19,,0.02,1785641469
All Pools,WITCH - AVAX,0.3,False,0.01177,2.036,,0.53,1785641469
All Pools,AVAX - IMPACT,0.3,False,0.01176,2.591,,0.41,1785641469
All Pools,SatoshiNakamoto - Psychic,0.3,False,0.01176,46.19,,0.02,1785641469
All Pools,Psychic - James,0.3,False,0.01174,46.2,,0.02,1785641469
All Pools,FinityFinity - BLACK,0.3,False,0.01172,1.066,,1.0,1785641469
All Pools,Psychic - Bonfire,0.3,False,0.01171,46.19,,0.02,1785641469
All Pools,Psychic - Luck,0.3,False,0.01171,46.19,,0.02,1785641469
All Pools,Psychic - Aquarius,0.3,False,0.01167,46.19,,0.02,1785641469
All Pools,Psychic - Seminole,0.3,False,0.01166,46.15,,0.02,1785641469
All Pools,Psychic - TrumpCard,0.3,False,0.01165,46.2,,0.02,1785641469
All Pools,Abracadabra - BLACK,0.3,False,0.01164,1.074,,0.99,1785641469
All Pools,MU - MUG,0.3,False,0.01164,2300.73,,,1785641469
All Pools,Psychic - Hexagon,0.3,False,0.01158,46.19,,0.02,1785641469
All Pools,BLACK - Ups,0.3,False,0.01158,1.071,,0.99,1785641469
All Pools,Psychic - Mirror,0.3,False,0.01155,46.16,,0.02,1785641469
All Pools,FITFI - USDC.e,0.3,False,0.01155,0.04308,,24.47,1785641469
All Pools,Psychic - Nine,0.3,False,0.01154,46.17,,0.02,1785641469
All Pools,AVAX - MUG,0.3,False,0.01153,0.97751,,1.08,1785641469
All Pools,Psychic - Oracle,0.3,False,0.01153,46.19,,0.02,1785641469
All Pools,Psychic - Vampire,0.3,False,0.0115,46.19,,0.02,1785641469
All Pools,BLACK - Alice,0.3,False,0.01149,1.077,,0.97,1785641469
All Pools,DCAR - USDC,0.3,False,0.01149,55.89,,0.02,1785641469
All Pools,Blessings - BLACK,0.3,False,0.01146,1.078,,0.97,1785641469
All Pools,Turtle - BLACK,0.3,False,0.01141,1.065,,0.98,1785641469
All Pools,BiTonic - BLACK,0.3,False,0.0114,1.068,,0.97,1785641469
All Pools,BLACK - Luck,0.3,False,0.01139,1.07,,0.97,1785641469
All Pools,Bonfire - BLACK,0.3,False,0.01136,1.067,,0.97,1785641469
All Pools,Psychic - RefZip,0.3,False,0.01136,46.18,,0.02,1785641469
All Pools,Penny - BLACK,0.3,False,0.01135,1.066,,0.97,1785641469
All Pools,Who - BLACK,0.3,False,0.01135,1.066,,0.97,1785641469
All Pools,SatoshiNakamoto - BLACK,0.3,False,0.01134,1.067,,0.97,1785641469
All Pools,TrumpCard - BLACK,0.3,False,0.01133,1.069,,0.97,1785641469
All Pools,James - BLACK,0.3,False,0.01132,1.065,,0.97,1785641469
All Pools,Aquarius - BLACK,0.3,False,0.01132,1.073,,0.96,1785641469
All Pools,Seminole - BLACK,0.3,False,0.01131,1.073,,0.96,1785641469
All Pools,DCAR - AVAX,0.3,False,0.01131,0.91255,,1.13,1785641469
All Pools,Mirror - BLACK,0.3,False,0.01126,1.076,,0.95,1785641469
All Pools,Hexagon - BLACK,0.3,False,0.01124,1.067,,0.96,1785641469
All Pools,Oracle - BLACK,0.3,False,0.01123,1.071,,0.96,1785641469
All Pools,Psychic - Gematria,0.3,False,0.0112,46.19,,0.02,1785641469
All Pools,BLACK - Nine,0.3,False,0.01119,1.07,,0.95,1785641469
All Pools,Vampire - BLACK,0.3,False,0.01115,1.066,,0.95,1785641469
All Pools,RefZip - BLACK,0.3,False,0.01107,1.072,,0.94,1785641469
All Pools,Psychic - Diamonds,0.3,False,0.01096,47.98,,0.02,1785641469
All Pools,HUSKY - aXEN,0.3,False,0.01089,0.03899,,25.48,1785641469
All Pools,NOCHILL - ARENA,0.3,False,0.01075,0.29361,,3.34,1785641469
All Pools,BLACK - Gematria,0.3,False,0.01075,1.065,,0.92,1785641469
All Pools,Psychic - Crypt,0.3,False,0.01073,46.14,,0.02,1785641469
All Pools,Diamonds - BLACK,0.3,False,0.0107,1.113,,0.88,1785641469
All Pools,SYMBIOT - AVAX,0.3,False,0.01063,1.069,,0.91,1785641469
All Pools,Psychic - Sequence,0.3,False,0.01061,46.19,,0.02,1785641469
All Pools,Crypt - BLACK,0.3,False,0.01047,1.079,,0.89,1785641469
All Pools,Trinity - IfYouKnowYouKnow,0.3,False,0.01045,3.113,,0.31,1785641469
All Pools,AI9000 - USDt,0.3,False,0.01044,0.73462,,1.3,1785641469
All Pools,Degen - DEGEN404,0.3,False,0.01041,216.71,,0.0,1785641469
All Pools,PNG - REDWOLF,0.3,False,0.01039,3.384,,0.28,1785641469
All Pools,Sequence - BLACK,0.3,False,0.01035,1.07,,0.88,1785641469
All Pools,JOE - REDWOLF,0.3,False,0.01032,2.553,,0.37,1785641469
All Pools,MAJIN - REDWOLF,0.3,False,0.01022,4.998,,0.19,1785641469
All Pools,AMI - DEGEN404,0.3,False,0.01021,0.71498,,1.3,1785641469
All Pools,BOI - AVAX,0.3,False,0.01017,21.37,,0.04,1785641469
All Pools,BLACK - IfYouKnowYouKnow,0.3,False,0.01012,1.026,,0.9,1785641469
All Pools,AAVE.e - meGNX,0.3,False,0.01009,3.512,,0.26,1785641469
All Pools,AAVE.e - USDC.e,0.3,False,0.01006,1.254,,0.73,1785641469
All Pools,Psychic - Confusion,0.3,False,0.00992,46.19,,0.02,1785641469
All Pools,KIMBO - GAINS,0.3,False,0.00982,0.82571,,1.09,1785641469
All Pools,EGG - USDT.e,0.3,False,0.00975,1.804,,0.49,1785641469
All Pools,USDC.e - UST,0.3,False,0.00967,1.485,,0.59,1785641469
All Pools,MEAT - MU,0.3,False,0.00962,0.30069,,2.92,1785641469
All Pools,EGG - AVAX,0.3,False,0.00961,1.282,,0.68,1785641469
All Pools,Confusion - BLACK,0.3,False,0.00957,1.068,,0.82,1785641469
All Pools,AVAX - LODE,0.3,False,0.00936,0.81956,,1.04,1785641469
All Pools,CRAFT - USDC.e,0.3,False,0.00936,0.70971,,1.2,1785641469
All Pools,COQ - MEAT,0.3,False,0.00927,0.34109,,2.48,1785641469
All Pools,WETH.e - MU,0.3,False,0.00879,1.811,,0.44,1785641469
All Pools,ChristMark - ChristIAmYou,0.3,False,0.00871,20.11,,0.04,1785641469
All Pools,BLACK - ChristIAmYou,0.3,False,0.00852,1.088,,0.71,1785641469
All Pools,USDC - AMI,0.3,False,0.00847,0.52711,,1.47,1785641469
All Pools,BTCBR - USDC,0.3,False,0.0084,0.03251,,23.59,1785641469
All Pools,TEDDY - AVAX,0.3,False,0.00837,12.39,,0.06,1785641469
All Pools,3ULL - USDT.e,0.3,False,0.0083,0.55116,,1.37,1785641469
All Pools,BEE - USDT.e,0.3,False,0.00812,31.95,,0.02,1785641469
All Pools,xARENA - ARENA,0.3,False,0.00811,1.144,,0.65,1785641469
All Pools,Stolen - BLACK,0.3,False,0.00807,2.439,,0.3,1785641469
All Pools,BTC.b - SPT,0.3,False,0.00804,0.14356,,5.11,1785641469
All Pools,BEE - AVAX,0.3,False,0.00801,0.66215,,1.1,1785641469
All Pools,zJoe - AMI,0.3,False,0.00796,0.12037,,6.03,1785641469
All Pools,AVAX - WARP,0.3,False,0.00792,1.113,,0.65,1785641469
All Pools,ELXR - USDC.e,0.3,False,0.00779,1037.57,,,1785641469
All Pools,ETHM - DAI.e,0.3,False,0.00768,0.59571,,1.18,1785641469
All Pools,GAINS - MEAT,0.3,False,0.00756,0.52751,,1.31,1785641469
All Pools,HIGHER - AVAX,0.3,False,0.00752,1.176,,0.58,1785641469
All Pools,Who - BLACK,0.3,False,0.00746,2.163,,0.31,1785641469
All Pools,3ULL - USDC,0.3,False,0.00727,0.55165,,1.2,1785641469
All Pools,WABBIT - AVAX,0.3,False,0.00712,3869.3,,,1785641469
All Pools,USDC - OK,0.3,False,0.0071,1.185,,0.55,1785641469
All Pools,LYD - AVAX,0.3,False,0.00704,0.62677,,1.03,1785641469
All Pools,LoveIsTheKey - BLACK,0.3,False,0.00703,3.423,,0.19,1785641469
All Pools,MU - WAIFU,0.3,False,0.00701,126.77,,0.01,1785641469
All Pools,SYMBIOT - HOST,0.3,False,0.00698,0.5006,,1.27,1785641469
All Pools,USDT.e - CAKE,0.3,False,0.0069,48.09,,0.01,1785641469
All Pools,GMX - JOE,0.3,False,0.00688,0.27872,,2.25,1785641469
All Pools,AVAX - CAKE,0.3,False,0.00683,0.59415,,1.05,1785641469
All Pools,MU - KET,0.3,False,0.00678,0.83099,,0.74,1785641469
All Pools,PNG - USDT.e,0.3,False,0.00677,0.77875,,0.79,1785641469
All Pools,DAI.e - HOST,0.3,False,0.00661,15.09,,0.04,1785641469
All Pools,Hydrogen - BLACK,0.3,False,0.00657,2.181,,0.27,1785641469
All Pools,sAVAX - USDC,0.3,False,0.00653,0.44715,,1.33,1785641469
All Pools,xARENA - USDC,0.3,False,0.00653,0.14219,,4.19,1785641469
All Pools,USV - AVAX,0.3,False,0.00641,0.91231,,0.64,1785641469
All Pools,SOB - LUNA,0.3,False,0.00631,0.72766,,0.79,1785641469
All Pools,SOB - AVAX,0.3,False,0.00627,369.95,,0.0,1785641469
All Pools,SNO Token - JOE,0.3,False,0.00625,43.41,,0.01,1785641469
All Pools,BOI - MU,0.3,False,0.00623,0.39372,,1.44,1785641469
All Pools,SNO Token - AVAX,0.3,False,0.00621,1.029,,0.55,1785641469
All Pools,JOE - zJoe,0.3,False,0.00616,926.8,,,1785641469
All Pools,BEAM - MU,0.3,False,0.0061,0.9151,,0.61,1785641469
All Pools,USDt - TT,0.3,False,0.00608,2.004,,0.28,1785641469
All Pools,WETH - AVAX,0.3,False,0.00599,1.005,,0.54,1785641469
All Pools,GAINS - Degen,0.3,False,0.00587,1.39,,0.39,1785641469
All Pools,USDC - SPT,0.3,False,0.00587,0.19668,,2.72,1785641469
All Pools,MIM - GG,0.3,False,0.00586,2.905,,0.18,1785641469
All Pools,GG - AVAX,0.3,False,0.00583,4.727,,0.11,1785641469
All Pools,FINANCE - NOCHILL,0.3,False,0.00571,343.72,,0.0,1785641469
All Pools,SLOT - USDC.e,0.3,False,0.00556,0.34962,,1.45,1785641469
All Pools,USDC.e - SAGE,0.3,False,0.00552,2.038,,0.25,1785641469
All Pools,CRA - USDC.e,0.3,False,0.00548,0.45997,,1.09,1785641469
All Pools,AVAX - SAGE,0.3,False,0.00545,0.69425,,0.72,1785641469
All Pools,KANA - USDC,0.3,False,0.00541,0.41611,,1.19,1785641469
All Pools,REDWOLF - SHRAP,0.3,False,0.00535,0.74093,,0.66,1785641469
All Pools,KANA - AVAX,0.3,False,0.00535,766.05,,,1785641469
All Pools,SUB - USDC,0.3,False,0.00528,69.17,,0.01,1785641469
All Pools,AMI - JUICY,0.3,False,0.00521,0.47374,,1.0,1785641469
All Pools,SUB - AVAX,0.3,False,0.00521,0.41896,,1.13,1785641469
All Pools,Degen - AMI,0.3,False,0.00518,0.75662,,0.62,1785641469
All Pools,USDT.e - WARP,0.3,False,0.00513,0.81891,,0.57,1785641469
All Pools,AAVE.e - BTCBR,0.3,False,0.00511,0.03252,,14.34,1785641469
All Pools,WABBIT - AMI,0.3,False,0.00503,0.77172,,0.6,1785641469
All Pools,HIGHER - AMI,0.3,False,0.00501,1.961,,0.23,1785641469
All Pools,TEDDY - USDC,0.3,False,0.00501,0.37958,,1.2,1785641469
All Pools,SLUSH - USDT.e,0.3,False,0.00467,1.233,,0.35,1785641469
All Pools,SLUSH - AVAX,0.3,False,0.0046,0.54254,,0.77,1785641469
All Pools,AUX - USDC,0.3,False,0.00457,633.04,,,1785641469
All Pools,GMX - USDt,0.3,False,0.00452,0.34879,,1.18,1785641469
All Pools,Gravity - ThreeThreeSeven,0.3,False,0.00451,1.459,,0.28,1785641469
All Pools,AUX - AVAX,0.3,False,0.0045,0.30096,,1.37,1785641469
All Pools,MAXI - AVAX,0.3,False,0.00441,0.64176,,0.63,1785641469
All Pools,GAINS - TECH,0.3,False,0.00434,0.39247,,1.01,1785641469
All Pools,TEST - USDT.e,0.3,False,0.00427,3.714,,0.1,1785641469
All Pools,SLEEP - AMI,0.3,False,0.00421,33.74,,0.01,1785641469
All Pools,MIM - TEST,0.3,False,0.0042,0.34923,,1.1,1785641469
All Pools,FLOT - COQ,0.3,False,0.0042,0.47783,,0.8,1785641469
All Pools,KIMBO - UNIQOC,0.3,False,0.00418,0.41624,,0.92,1785641469
All Pools,Balln - AMI,0.3,False,0.00418,0.50968,,0.75,1785641469
All Pools,WET - USDT.e,0.3,False,0.00417,0.36012,,1.06,1785641469
All Pools,FLOT - AVAX,0.3,False,0.00416,2785.31,,,1785641469
All Pools,tst1 - USDT.e,0.3,False,0.00413,2.593,,0.15,1785641469
All Pools,tst1 - AVAX,0.3,False,0.00408,0.46294,,0.8,1785641469
All Pools,NXPC - USDC,0.3,False,0.00405,0.66988,,0.55,1785641469
All Pools,SolarDAO - USDT.e,0.3,False,0.00401,1.991,,0.18,1785641469
All Pools,NXPC - AVAX,0.3,False,0.00401,0.97331,,0.38,1785641469
All Pools,CAI - AVAX,0.3,False,0.00397,1222.37,,,1785641469
All Pools,COQ - EGG,0.3,False,0.00397,0.36458,,0.99,1785641469
All Pools,BOI - AMI,0.3,False,0.00396,0.26704,,1.35,1785641469
All Pools,SolarDAO - AVAX,0.3,False,0.00395,0.31871,,1.13,1785641469
All Pools,CAI - AMI,0.3,False,0.00392,0.33648,,1.06,1785641469
All Pools,AMI - KONG,0.3,False,0.00389,0.26524,,1.34,1785641469
All Pools,LUNA - USDC,0.3,False,0.00385,1.333,,0.26,1785641469
All Pools,USDC.e - WET,0.3,False,0.00384,0.36034,,0.97,1785641469
All Pools,COQ - JUICY,0.3,False,0.0038,0.3607,,0.96,1785641469
All Pools,BLACK - ThreeThreeSeven,0.3,False,0.00374,0.16457,,2.07,1785641469
All Pools,CGS - USDC.e,0.3,False,0.00373,1.317,,0.26,1785641469
All Pools,UNIQOC - WOLF,0.3,False,0.00372,0.26674,,1.27,1785641469
All Pools,ETHM - USDC.e,0.3,False,0.00371,0.43117,,0.79,1785641469
All Pools,CGS - AVAX,0.3,False,0.00368,0.39433,,0.85,1785641469
All Pools,AUSD - HUSKY,0.3,False,0.00367,0.46209,,0.73,1785641469
All Pools,COQ - SHEN,0.3,False,0.00352,0.31866,,1.01,1785641469
All Pools,TRACTOR - JOE,0.3,False,0.00349,1.019,,0.31,1785641469
All Pools,WINK - NOCHILL,0.3,False,0.00348,0.28542,,1.11,1785641469
All Pools,MEOW - AMI,0.3,False,0.00347,0.32106,,0.99,1785641469
All Pools,SHEN - AVAX,0.3,False,0.00346,39.39,,0.01,1785641469
All Pools,WINK - AVAX,0.3,False,0.00343,32.88,,0.01,1785641469
All Pools,SYMBIOT - DAI.e,0.3,False,0.00341,0.39931,,0.78,1785641469
All Pools,QI - USDC,0.3,False,0.0034,0.07463,,4.16,1785641469
All Pools,ASND - USDT.e,0.3,False,0.00337,0.68188,,0.45,1785641469
All Pools,WOLF - REDWOLF,0.3,False,0.00332,0.22293,,1.36,1785641469
All Pools,AVAX - ASND,0.3,False,0.0033,0.24284,,1.24,1785641469
All Pools,OH - USDC.e,0.3,False,0.00329,0.31287,,0.96,1785641469
All Pools,UNIQOC - GEC,0.3,False,0.00329,0.20918,,1.44,1785641469
All Pools,OH - AVAX,0.3,False,0.00326,62.74,,0.0,1785641469
All Pools,JOE - USDR,0.3,False,0.00323,0.50367,,0.59,1785641469
All Pools,YAK - JOE,0.3,False,0.00319,0.59987,,0.48,1785641469
All Pools,RUG - USDT.e,0.3,False,0.00312,9.697,,0.03,1785641469
All Pools,AVAX - RUG,0.3,False,0.00308,0.29081,,0.97,1785641469
All Pools,COOK - AMI,0.3,False,0.00307,0.13378,,2.09,1785641469
All Pools,USDC.e - GG,0.3,False,0.00302,0.26505,,1.04,1785641469
All Pools,TECH - REDWOLF,0.3,False,0.00299,0.56939,,0.48,1785641469
All Pools,USDT.e - FTEST,0.3,False,0.00291,1.255,,0.21,1785641469
All Pools,AVAX - STICK,0.3,False,0.00289,1076.16,,,1785641469
All Pools,AVAX - FTEST,0.3,False,0.00288,0.31632,,0.83,1785641469
All Pools,USDC.e - WARP,0.3,False,0.00286,0.78099,,0.33,1785641469
All Pools,USDC.e - TIME,0.3,False,0.00284,0.17788,,1.46,1785641469
All Pools,STICK - AMI,0.3,False,0.00284,0.15028,,1.72,1785641469
All Pools,ERROR - AMI,0.3,False,0.00281,1.929,,0.13,1785641469
All Pools,AVAX - SYMBIOT,0.3,False,0.00281,0.25774,,0.99,1785641469
All Pools,CRA - USDT.e,0.3,False,0.00279,0.21691,,1.17,1785641469
All Pools,CREAM - STRAW,0.3,False,0.00279,0.1694,,1.5,1785641469
All Pools,ACTA - USDt,0.3,False,0.00277,463.31,,,1785641469
All Pools,CREAM - AVAX,0.3,False,0.00274,150.67,,0.0,1785641469
All Pools,ACTA - AVAX,0.3,False,0.00273,0.18367,,1.36,1785641469
All Pools,YEEHAW - ABC,0.3,False,0.0027,0.21968,,1.12,1785641469
All Pools,JOE - SNLP,0.3,False,0.0027,0.9579,,0.26,1785641469
All Pools,SNLP - AVAX,0.3,False,0.00268,2504.12,,,1785641469
All Pools,DAI.e - SYMBIOT,0.3,False,0.00266,1.324,,0.18,1785641469
All Pools,JOE - USDt,0.3,False,0.0026,0.6012,,0.4,1785641469
All Pools,MM - USDC.e,0.3,False,0.00257,0.35348,,0.66,1785641469
All Pools,ZRX.e - USDC.e,0.3,False,0.0025,0.05723,,3.99,1785641469
All Pools,HIGHER - NOCHILL,0.3,False,0.0025,0.1692,,1.35,1785641469
All Pools,MUMO - USDC,0.3,False,0.00247,7.913,,0.03,1785641469
All Pools,sAVAX - USDC.e,0.3,False,0.00244,0.11164,,1.99,1785641469
All Pools,DUO - USDT.e,0.3,False,0.00243,1.666,,0.13,1785641469
All Pools,MUMO - AVAX,0.3,False,0.00242,0.14319,,1.55,1785641469
All Pools,xAVAX - USDC,0.3,False,0.00241,0.21047,,1.05,1785641469
All Pools,sAVAX - AMI,0.3,False,0.00236,0.25651,,0.84,1785641469
All Pools,YEEHAW - xAVAX,0.3,False,0.00235,0.20181,,1.06,1785641469
All Pools,ACME - AVAX,0.3,False,0.0023,0.02129,,9.85,1785641469
All Pools,THOR - USDC.e,0.3,False,0.00227,0.21212,,0.98,1785641469
All Pools,USDC.e - BANKSY,0.3,False,0.00225,0.65018,,0.32,1785641469
All Pools,THOR - AVAX,0.3,False,0.00225,22701.0,,,1785641469
All Pools,JEWEL - AVAX,0.3,False,0.00224,0.16225,,1.26,1785641469
All Pools,FEED - AMI,0.3,False,0.00224,0.14067,,1.45,1785641469
All Pools,AVAX - BANKSY,0.3,False,0.00221,0.17943,,1.13,1785641469
All Pools,BANKSY - USDT.e,0.3,False,0.00214,0.64818,,0.3,1785641469
All Pools,MAJIN - AMI,0.3,False,0.00211,0.09481,,2.03,1785641469
All Pools,BANKSY - AVAX,0.3,False,0.0021,0.15158,,1.27,1785641469
All Pools,Anon - USDC,0.3,False,0.0021,0.61562,,0.31,1785641469
All Pools,WABBIT - MU,0.3,False,0.0021,0.08554,,2.23,1785641469
All Pools,JOE - AMI,0.3,False,0.00206,0.14302,,1.32,1785641469
All Pools,AVE - AVAX,0.3,False,0.00206,2.923,,0.06,1785641469
All Pools,USDC.e - BTCBR,0.3,False,0.00205,0.01771,,10.58,1785641469
All Pools,DWC - AMI,0.3,False,0.002,0.07741,,2.35,1785641469
All Pools,zJoe - AVAX,0.3,False,0.00198,0.08135,,2.22,1785641469
All Pools,USDC.e - CHAM,0.3,False,0.00196,0.76378,,0.23,1785641469
All Pools,AIVAX - AMI,0.3,False,0.00194,0.08383,,2.11,1785641469
All Pools,ABOB - AVAX,0.3,False,0.00191,568.56,,,1785641469
All Pools,BRUH - AVAX,0.3,False,0.00189,847.86,,,1785641469
All Pools,ABOB - AMI,0.3,False,0.00187,0.09005,,1.89,1785641469
All Pools,QI - USDC.e,0.3,False,0.00186,0.6838,,0.25,1785641469
All Pools,BRUH - AMI,0.3,False,0.00185,0.08461,,1.99,1785641469
All Pools,USDC - WXGEM,0.3,False,0.00184,0.08394,,2.0,1785641469
All Pools,AVAX - WXGEM,0.3,False,0.0018,902.24,,,1785641469
All Pools,YEEHAW - MU,0.3,False,0.0018,0.12403,,1.33,1785641469
All Pools,xARENA - AVAX,0.3,False,0.0018,0.05502,,2.99,1785641469
All Pools,LAMA - AVAX,0.3,False,0.00178,7993.27,,,1785641469
All Pools,PUSH - AVAX,0.3,False,0.00177,0.36024,,0.45,1785641469
All Pools,BMOON - AVAX,0.3,False,0.00175,0.13035,,1.22,1785641469
All Pools,YEEHAW - Gladiator,0.3,False,0.00174,0.09709,,1.63,1785641469
All Pools,LAMA - AMI,0.3,False,0.00173,0.06595,,2.39,1785641469
All Pools,PUSH - AMI,0.3,False,0.00173,0.10403,,1.52,1785641469
All Pools,MU - GEC,0.3,False,0.00173,0.07215,,2.19,1785641469
All Pools,AVAX - ncash,0.3,False,0.00173,0.00443,,35.61,1785641469
All Pools,WOLF - USDt,0.3,False,0.00172,0.07809,,2.01,1785641469
All Pools,KIMBO - MU,0.3,False,0.00164,0.06829,,2.19,1785641469
All Pools,SIA - USDC.e,0.3,False,0.00163,0.67985,,0.22,1785641469
All Pools,STINU - AVAX,0.3,False,0.00163,24.45,,0.01,1785641469
All Pools,APEX - AVAX,0.3,False,0.00161,0.48258,,0.3,1785641469
All Pools,APOW - USDt,0.3,False,0.0016,0.18261,,0.8,1785641469
All Pools,SIA - AVAX,0.3,False,0.00159,0.06852,,2.12,1785641469
All Pools,STINU - AMI,0.3,False,0.00159,0.06662,,2.17,1785641469
All Pools,APEX - AMI,0.3,False,0.00157,0.07624,,1.88,1785641469
All Pools,APOW - AVAX,0.3,False,0.00156,0.11823,,1.2,1785641469
All Pools,LIRA - USDt,0.3,False,0.00155,0.06712,,2.11,1785641469
All Pools,LIRA - AVAX,0.3,False,0.00154,9.859,,0.01,1785641469
All Pools,LIRA - BUSD,0.3,False,0.00148,0.06813,,1.98,1785641469
All Pools,ABC - MU,0.3,False,0.00146,0.04609,,2.88,1785641469
All Pools,AVAX - COMP.e,0.3,False,0.00145,0.06386,,2.07,1785641469
All Pools,BOOTY - HOWDY,0.3,False,0.0014,0.0144,,8.9,1785641469
All Pools,PIZZA - USDC.e,0.3,False,0.00137,0.06837,,1.83,1785641469
All Pools,PIZZA - AVAX,0.3,False,0.00134,362.75,,,1785641469
All Pools,BAWLS - AVAX,0.3,False,0.0013,11.24,,0.01,1785641469
All Pools,BAWLS - AMI,0.3,False,0.00126,0.04219,,2.72,1785641469
All Pools,BTC.b - AMI,0.3,False,0.00121,0.03047,,3.62,1785641469
All Pools,BTCBR - DAI.e,0.3,False,0.00119,0.02252,,4.84,1785641469
All Pools,LOK - AVAX,0.3,False,0.00118,174.12,,,1785641469
All Pools,yes - AVAX,0.3,False,0.00116,877.12,,,1785641469
All Pools,LOK - AMI,0.3,False,0.00114,0.03723,,2.81,1785641469
All Pools,AAVE.e - USDC,0.3,False,0.00114,0.03233,,3.21,1785641469
All Pools,yes - ARENA,0.3,False,0.00113,0.03884,,2.65,1785641469
All Pools,USDC.e - THO,0.3,False,,19.52,,0.0,1785641469
All Pools,Quet - ARENA,0.3,False,,0.47072,,0.18,1785641469
All Pools,AUSD - Quet,0.3,False,,0.02097,,3.79,1785641469
All Pools,USDt - BTCBR,0.3,False,,0.0221,,3.57,1785641469
All Pools,gOHM - USDC,0.3,False,,0.02742,,2.53,1785641469
All Pools,LUEEGI - USDt,0.3,False,,0.06857,,0.99,1785641469
All Pools,AAVE.e - MU,0.3,False,,0.04372,,1.49,1785641469
All Pools,BUSD - USDT.e,0.3,False,,0.07165,,0.9,1785641469
All Pools,LUEEGI - AMI,0.3,False,,0.01121,,5.62,1785641469
All Pools,ORDER - AVAX,0.3,False,,0.05068,,1.14,1785641469
All Pools,ORDER - ARENA,0.3,False,,0.01075,,5.04,1785641469
All Pools,BTC.b - UNIQOC,0.3,False,,0.00629,,8.35,1785641469
All Pools,SYN - JOE,0.3,False,,0.0099,,5.28,1785641469
All Pools,AVAX - BOINKO,0.3,False,,0.00102,,48.5,1785641469
All Pools,SHIB.e - AVAX,0.3,False,,0.00235,,19.72,1785641469
All Pools,savUSD - avUSD,0.3,False,,5.873,,0.01,1785641469
All Pools,WETH.e - BTCBR,0.3,False,,0.00855,,4.7,1785641469
All Pools,USDT.e - AMC,0.3,False,,0.06735,,0.28,1785641469
All Pools,MEOW - USDC,0.3,False,,0.01133,,1.66,1785641469
All Pools,AVAX - AMC,0.3,False,,0.0305,,0.62,1785641469
All Pools,MEMO - AVAX,0.3,False,,0.01056,,1.44,1785641469
All Pools,BTC - BTCBR,0.3,False,,,,57.58,1785641469
All Pools,AVAX - BTCBR,0.3,False,,0.00276,,4.8,1785641469
All Pools,LUNA - JOE,0.3,False,,0.02978,,0.41,1785641469
All Pools,CONY - USDT.e,0.3,False,,0.08209,,0.13,1785641469
All Pools,CONY - AVAX,0.3,False,,0.04459,,0.25,1785641469
All Pools,CRAFT - USDT.e,0.3,False,,0.00523,,1.62,1785641469
All Pools,USDC.e - CORN,0.3,False,,0.97351,,0.0,1785641469
All Pools,USDT.e - CORN,0.3,False,,161.63,,,1785641469
All Pools,BAT.e - AVAX,0.3,False,,0.00106,,2.55,1785641469
All Pools,WETH.e - FEED,0.3,False,,0.04749,,0.05,1785641469
All Pools,MIM - MEMO,0.3,False,,,,9.73,1785641469
All Pools,FATE - USDC,0.3,False,,445144.0,,,1785641469
All Pools,USDT.e - ICE,0.3,False,,,,2.03,1785641469
All Pools,ISHARE - ICE,0.3,False,,,,15.74,1785641469
All Pools,ISHARE - USDT.e,0.3,False,,,,0.2,1785641469
All Pools,ElvisJackpot - SaintGermain,0.3,False,0.0,0.0,0.0,0.0,1785641469
All Pools,AVAX - USDC,0.05,False,533418.0,441954.0,295.99,24.45,1785645023
All Pools,WBTC.e - BTC.b,0.03,False,85836.0,227576.0,25.82,4.14,1785645023
All Pools,sAVAX - AVAX,0.01,False,41927.0,60924.0,4.225,2.53,1785645023
All Pools,COQ - AVAX,0.3,False,30819.0,400629.0,77.05,7.02,1785645023
All Pools,DAI.e - USDC,0.02,False,28795.0,27008.0,7.827,10.58,1785645023
All Pools,FOLKS - AVAX,0.25,False,28352.0,35662.0,73.73,75.47,1785645023
All Pools,AUSD - USDC,0.01,False,25335.0,53978.0,2.556,1.73,1785645023
All Pools,ARENA - AVAX,0.01,False,21924.0,177399.0,2.188,0.45,1785645023
All Pools,AVAX - USDT.e,0.3,False,21638.0,463702.0,54.1,4.26,1785645023
All Pools,USDT.e - USDt,0.02,False,19815.0,44539.0,4.033,3.31,1785645023
All Pools,USDt - USDC,0.01,False,19141.0,163133.0,1.54,0.34,1785645023
All Pools,AVAX - USDt,0.2,False,17846.0,97237.0,36.39,13.66,1785645023
All Pools,USDT.e - USDC,0.02,False,15221.0,51180.0,3.514,2.51,1785645023
All Pools,AVAX - USDC,0.3,False,14676.0,341660.0,36.69,3.92,1785645023
All Pools,WETH.e - USDC,0.15,False,14569.0,10053.0,22.61,82.08,1785645023
All Pools,USDC.e - AVAX,0.3,False,14483.0,360332.0,36.21,3.67,1785645023
All Pools,BTC.b - USDC,0.05,False,13379.0,570466.0,7.046,0.45,1785645023
All Pools,USDt - USDC,0.005,False,12505.0,160278.0,0.90855,0.21,1785645023
All Pools,JOE - USDC.e,0.3,False,12011.0,243557.0,30.03,4.5,1785645023
All Pools,JOE - AVAX,0.3,False,7543.9,195643.0,18.86,3.52,1785645023
All Pools,AAVE.e - AVAX,0.3,False,6975.38,253047.0,17.44,2.52,1785645023
All Pools,USDC - XAVA,0.3,False,6138.53,418228.0,15.35,1.34,1785645023
All Pools,USDC.e - USDC,0.02,False,6022.96,9736.45,0.60743,2.28,1785645023
All Pools,NXUSD - WXT,0.3,False,5627.05,440486.0,14.07,1.17,1785645023
All Pools,WETH.e - AVAX,0.3,False,5011.62,371316.0,12.53,1.23,1785645023
All Pools,AVAX - BTC.b,0.05,False,4895.3,25779.0,3.629,5.14,1785645023
All Pools,QI - AVAX,0.3,False,4700.43,116531.0,11.75,3.68,1785645023
All Pools,XAUt0 - USDt,0.04,False,4548.23,25809.0,2.159,3.05,1785645023
All Pools,MIM - AVAX,0.3,False,3931.99,125326.0,9.83,2.86,1785645023
All Pools,WBTC.e - AVAX,0.3,False,3693.28,129634.0,9.233,2.6,1785645023
All Pools,XAVA - AVAX,0.8,False,2897.28,125714.0,23.52,6.83,1785645023
All Pools,DAI.e - USDC,0.02,False,2499.5,2312.54,0.64814,10.23,1785645023
All Pools,BTC.b - AVAX,0.3,False,2332.44,106020.0,5.831,2.01,1785645023
All Pools,AUSD - USDt,0.01,False,2233.75,53906.0,0.40384,0.27,1785645023
All Pools,NOCHILL - AVAX,0.3,False,2051.58,48027.0,5.129,3.9,1785645023
All Pools,gOHM - AVAX,0.3,False,2047.99,126879.0,5.12,1.47,1785645023
All Pools,JOE - USDT.e,0.3,False,1902.75,48795.0,4.757,3.56,1785645023
All Pools,USDt - AVAX,0.3,False,1734.82,38045.0,4.337,4.16,1785645023
All Pools,NXPC - USDC,0.8,False,1683.84,569.36,13.6,871.97,1785645023
All Pools,WBTC - BTC.b,0.03,False,1626.17,67416.0,0.49419,0.27,1785645023
All Pools,BEAM - USDC,0.3,False,1373.0,63098.0,3.432,1.99,1785645023
All Pools,ORNG - AVAX,0.3,False,1273.63,16373.0,3.184,7.1,1785645023
All Pools,XAVA - USDC,0.8,False,1175.04,152102.0,9.406,2.26,1785645023
All Pools,JPYC - USDC,0.04,False,1161.45,3371.36,0.5884,6.37,1785645023
All Pools,SYN - AVAX,0.3,False,1138.17,3114.89,2.845,33.34,1785645023
All Pools,USDC.e - USDC,0.02,False,1111.42,3896.88,0.22294,2.09,1785645023
All Pools,USDt - ncash,0.3,False,1032.32,671.27,2.581,140.33,1785645023
All Pools,BEAM - AVAX,0.25,False,1026.12,13451.0,2.611,7.09,1785645023
All Pools,JOE - USDC,0.3,False,934.84,22137.0,2.337,3.85,1785645023
All Pools,ALOT - AVAX,0.3,False,781.42,408.69,1.954,174.47,1785645023
All Pools,AVAX - DAI.e,0.3,False,706.57,28148.0,1.766,2.29,1785645023
All Pools,SOL - USDC,0.1,False,657.71,172.95,3.134,661.47,1785645023
All Pools,GUN - AVAX,0.25,False,625.25,8130.95,1.601,7.19,1785645023
All Pools,XAVA - AVAX,0.25,False,620.92,2258.08,1.57,25.38,1785645023
All Pools,USDC.e - USDC,0.02,False,600.7,1952.94,0.12179,2.28,1785645023
All Pools,MUON - AVAX,0.3,False,568.13,37730.0,1.42,1.37,1785645023
All Pools,SolvBTC - BTC.b,0.04,False,559.8,177471.0,0.22506,0.05,1785645023
All Pools,XSGD - USDC,0.05,False,532.37,2087.5,0.29648,5.18,1785645023
All Pools,BIG - AVAX,0,False,480.51,161.79,0.0,0.0,1785645023
All Pools,SB - AVAX,0.3,False,455.44,5922.07,1.139,7.02,1785645023
All Pools,HUNDRED - USDC,0.3,False,451.06,485938.0,1.128,0.08,1785645023
All Pools,SOL - USDC,0.3,False,426.96,20.8,1.067,1872.83,1785645023
All Pools,USDT.e - USDC,0.02,False,425.08,899.5,0.04905,1.99,1785645023
All Pools,LINK.e - AVAX,0.3,False,400.64,38665.0,1.002,0.95,1785645023
All Pools,KIMBO - AVAX,0.3,False,395.93,37432.0,0.98982,0.97,1785645023
All Pools,AVAX - JUICE,0.3,False,377.56,9908.15,0.94391,3.48,1785645023
All Pools,ZRO - AVAX,0.25,False,343.78,1484.25,0.8882,21.84,1785645023
All Pools,WOLF - AVAX,0.3,False,334.66,25559.0,0.83666,1.19,1785645023
All Pools,GMX - AVAX,0.3,False,326.9,3903.33,0.81725,7.64,1785645023
All Pools,ISA - AVAX,0.3,False,308.08,15822.0,0.77019,1.78,1785645023
All Pools,HEFE - AVAX,0.3,False,265.0,27613.0,0.6625,0.88,1785645023
All Pools,AI - AVAX,0.3,False,264.53,3075.72,0.66132,7.85,1785645023
All Pools,KLO - AVAX,0.3,False,261.48,6496.66,0.6537,3.67,1785645023
All Pools,AVAX - GEC,0.3,False,228.21,24530.0,0.57052,0.85,1785645023
All Pools,PRIME - AVAX,0.4,False,212.01,92617.0,3.185,1.26,1785645023
All Pools,YEEHAW - CHAMP,0.3,False,211.34,940.56,0.52835,20.5,1785645023
All Pools,QI - AVAX,0.25,False,199.58,8520.56,0.50851,2.18,1785645023
All Pools,AVAX - XAVA,0.3,False,187.77,10857.0,0.46943,1.58,1785645023
All Pools,EURC - USDC,0.03,False,186.03,10556.0,0.04908,0.17,1785645023
All Pools,FLD - AVAX,0.3,False,170.25,35451.0,0.42563,0.44,1785645023
All Pools,w3ULL - AVAX,0.3,False,158.07,46959.0,0.39518,0.31,1785645023
All Pools,DAI.e - USDt,0.25,False,146.74,20547.0,0.34042,0.6,1785645023
All Pools,WETH.e - USDC.e,0.3,False,133.0,11092.0,0.33249,1.09,1785645023
All Pools,WTHT - USDC,0.8,False,131.94,186.17,1.971,386.5,1785645023
All Pools,UST - AVAX,0.3,False,115.0,5422.26,0.28751,1.94,1785645023
All Pools,STG - AVAX,0.3,False,109.94,935.8,0.27484,10.72,1785645023
All Pools,MIM - SB,0.3,False,97.79,1540.93,0.24448,5.79,1785645023
All Pools,STG - USDC,0.3,False,94.55,1133.26,0.23638,7.61,1785645023
All Pools,BLSEYE🎯 - AVAX,0.3,False,88.64,4576.23,0.2216,1.77,1785645023
All Pools,GGP - AVAX,0.3,False,79.55,15633.0,0.19888,0.46,1785645023
All Pools,AVAX - TOPIA,0.3,False,74.82,1513.37,0.18704,4.51,1785645023
All Pools,gOHM - FRAX,0.3,False,74.6,3510.41,0.18651,1.94,1785645023
All Pools,JEWEL - USDC,0.3,False,67.46,3941.28,0.16865,1.56,1785645023
All Pools,SHRAP - AVAX,0.8,False,55.05,7676.83,0.44375,2.11,1785645023
All Pools,XPOW - AVAX,0.3,False,54.52,1128.37,0.1363,4.41,1785645023
All Pools,AVAX - UST,0.3,False,54.29,6425.41,0.13573,0.77,1785645023
All Pools,AVAX - DOMI,0.3,False,53.12,10301.0,0.1328,0.47,1785645023
All Pools,MEAT - AVAX,0.3,False,52.77,2758.07,0.13192,1.75,1785645023
All Pools,XSEED - AVAX,0.3,False,51.08,7475.25,0.12769,0.62,1785645023
All Pools,AVAX - aXEN,0.3,False,51.02,137.26,0.12755,33.92,1785645023
All Pools,USDV - AVAX,0.25,False,46.03,2471.3,0.56044,8.28,1785645023
All Pools,GURS - AVAX,0.3,False,44.28,5044.23,0.11071,0.8,1785645023
All Pools,BLSEYE🎯 - ARENA,0.3,False,40.36,1102.52,0.10089,3.34,1785645023
All Pools,APOW - AVAX,0.3,False,39.99,1583.76,0.09998,2.3,1785645023
All Pools,ISA - USDC.e,0.3,False,38.29,1370.55,0.09572,2.55,1785645023
All Pools,ROCO - AVAX,0.3,False,37.12,1310.79,0.09279,2.58,1785645023
All Pools,YAK - AVAX,0.3,False,36.85,2319.3,0.09213,1.45,1785645023
All Pools,Psychic - AVAX,0.3,False,36.2,865.89,0.09051,3.82,1785645023
All Pools,AVAX - HOOF,0.3,False,36.19,1559.79,0.09047,2.12,1785645023
All Pools,APOW - XPOW,0.3,False,35.81,1382.82,0.08952,2.36,1785645023
All Pools,HOWDY - USDC,0.3,False,34.98,3039.09,0.08746,1.05,1785645023
All Pools,FITFI - USDT.e,0.3,False,34.3,68.29,0.08576,45.83,1785645023
All Pools,MIM - USDT.e,0.3,False,32.79,1052.07,0.08197,2.84,1785645023
All Pools,ROY - AVAX,0.3,False,31.83,3694.08,0.07958,0.79,1785645023
All Pools,TECH - AVAX,0.3,False,31.49,8627.55,0.07872,0.33,1785645023
All Pools,USDt - USDC,0,False,30.54,14.94,0.0,0.0,1785645023
All Pools,Ush - AVAX,0.3,False,30.44,2033.79,0.0761,1.37,1785645023
All Pools,AVAX - AMI,0.3,False,26.91,364.16,0.06727,6.74,1785645023
All Pools,OSAK - AVAX,0.3,False,25.72,3207.85,0.0643,0.73,1785645023
All Pools,XPOW - AVAX,0.8,False,24.53,396.8,0.20095,18.48,1785645023
All Pools,HOWDY - AVAX,0.3,False,24.49,6656.6,0.06122,0.34,1785645023
All Pools,MIM - USDC.e,0.3,False,23.74,535.7,0.05936,4.04,1785645023
All Pools,SECOND - USDC,0.3,False,21.99,6899.75,0.05498,0.29,1785645023
All Pools,HERESY - AVAX,0.3,False,21.98,13977.0,0.05495,0.14,1785645023
All Pools,SECOND - AVAX,0.3,False,21.97,1413.29,0.05493,1.42,1785645023
All Pools,Psychic - XAUt0,0.3,False,21.72,5740.83,0.05429,0.35,1785645023
All Pools,RGOGLZ - USDC,0.3,False,20.33,1306.41,0.05082,1.42,1785645023
All Pools,USDV - AVAX,0.8,False,19.99,1.853,0.18137,3572.36,1785645023
All Pools,PNG - AVAX,0.3,False,19.75,780.19,0.04937,2.31,1785645023
All Pools,BNB - AVAX,0.3,False,18.79,2769.38,0.04697,0.62,1785645023
All Pools,BTC.b - TOPIA,0.3,False,18.54,529.83,0.04636,3.19,1785645023
All Pools,aDXN - AVAX,0.3,False,16.66,46.52,0.04166,32.68,1785645023
All Pools,LF - AVAX,0.3,False,15.61,237.26,0.03904,6.01,1785645023
All Pools,COQ - COQAI,0.3,False,15.59,18952.0,0.03897,0.08,1785645023
All Pools,DCAU - USDT.e,0.3,False,15.57,4982.59,0.03893,0.29,1785645023
All Pools,COQ - AVAX,0.8,False,15.56,2945.16,0.13466,1.67,1785645023
All Pools,SWORLD - AVAX,0.3,False,15.03,2111.55,0.03758,0.65,1785645023
All Pools,AVAX - FRAX,0.3,False,14.59,662.67,0.03647,2.01,1785645023
All Pools,ABC - AVAX,0.3,False,14.31,411.7,0.03578,3.17,1785645023
All Pools,DCAU - AVAX,0.3,False,14.16,990.8,0.03541,1.3,1785645023
All Pools,USDt - USDC,0.02,False,13.75,2236.53,0.00275,0.04,1785645023
All Pools,USDt - INFRA.e,0.3,False,13.73,24285.0,0.03432,0.05,1785645023
All Pools,HOWDY - AMI,0.3,False,12.33,1368.27,0.03081,0.82,1785645023
All Pools,APIX - ID,0.3,False,11.16,88.29,0.0279,11.53,1785645023
All Pools,YUSD - AVAX,0.3,False,10.79,115.44,0.02698,8.53,1785645023
All Pools,EGG - AVAX,0.3,False,10.79,15192.0,0.02697,0.06,1785645023
All Pools,DGLD - AVAX,0.1,False,10.53,635.13,0.01054,0.61,1785645023
All Pools,AVAX - ELK,0.3,False,9.111,1266.85,0.02278,0.66,1785645023
All Pools,GB - AVAX,0.3,False,8.862,1744.0,0.02216,0.46,1785645023
All Pools,HATCHY - AVAX,0.3,False,8.812,6138.37,0.02203,0.13,1785645023
All Pools,APIX - ARENA,0.3,False,8.57,18.86,0.02143,41.47,1785645023
All Pools,USV - DAI.e,0.3,False,8.342,3977.61,0.02086,0.19,1785645023
All Pools,AVAX - FRAX,0.3,False,7.957,201.03,0.01989,3.61,1785645023
All Pools,HUSKY - AVAX,0.3,False,7.847,2068.83,0.01962,0.35,1785645023
All Pools,SPORE - USDC,0.3,False,7.746,1352.24,0.01937,0.52,1785645023
All Pools,Gladiator - ARENA,0.3,False,7.677,468.13,0.01919,1.5,1785645023
All Pools,ABC - HOWDY,0.3,False,7.67,437.21,0.01917,1.6,1785645023
All Pools,AVAX - PEFI,0.3,False,7.476,3140.13,0.01869,0.22,1785645023
All Pools,VPND - AVAX,0.3,False,7.459,17605.0,0.01865,0.04,1785645023
All Pools,APIX - USDt,0.3,False,7.39,41.67,0.01848,16.18,1785645023
All Pools,Gladiator - USDC,0.3,False,7.352,305.14,0.01838,2.2,1785645023
All Pools,MIM - LF,0.3,False,7.249,232.48,0.01812,2.85,1785645023
All Pools,MIM - WETH.e,0.3,False,7.155,349.63,0.01789,1.87,1785645023
All Pools,BUSD - AVAX,0.3,False,6.75,322.57,0.01688,1.91,1785645023
All Pools,AVAX - SOCK,0.3,False,6.586,2357.39,0.01647,0.25,1785645023
All Pools,USDC - SOCK,0.3,False,6.563,415.12,0.01641,1.44,1785645023
All Pools,3QF - D - AVAX,0.3,False,6.519,1304.42,0.0163,0.46,1785645023
All Pools,3QF - D - WETH.e,0.3,False,6.501,2480.46,0.01625,0.24,1785645023
All Pools,USDC.e - WXT,0.3,False,6.408,184.51,0.01602,3.17,1785645023
All Pools,YEEHAW - HOWDY,0.3,False,6.391,7042.97,0.01598,0.08,1785645023
All Pools,GUN - BLSEYE🎯,0.3,False,6.238,389.16,0.01559,1.46,1785645023
All Pools,COQ - BLSEYE🎯,0.3,False,5.797,152.88,0.01449,3.46,1785645023
All Pools,CHAMP - AMI,0.3,False,5.626,26.96,0.01407,19.05,1785645023
All Pools,USDC.e - MU,0.3,False,5.1,13167.0,0.01275,0.04,1785645023
All Pools,BEAM - AVAX,0.3,False,5.098,358.61,0.01275,1.3,1785645023
All Pools,BRO - AVAX,0.3,False,5.066,95605.0,0.01267,0.0,1785645023
All Pools,REDWOLF - AVAX,0.3,False,5.062,379.82,0.01266,1.22,1785645023
All Pools,BRO - COQ,0.3,False,5.041,133.08,0.0126,3.46,1785645023
All Pools,USDV - REDWOLF,0.3,False,4.787,15.93,0.01197,27.43,1785645023
All Pools,MaryMagdalene - AVAX,0.3,False,4.706,168.63,0.01176,2.55,1785645023
All Pools,Now - AVAX,0.3,False,4.696,185.2,0.01174,2.31,1785645023
All Pools,MYST - AVAX,0.3,False,4.686,588.1,0.01172,0.73,1785645023
All Pools,ORNG - MOOM,0.3,False,4.589,183.17,0.01147,2.29,1785645023
All Pools,avUSD - sAVAX,0.3,False,4.477,201.43,0.01119,2.03,1785645023
All Pools,AVAX - NaughtiusMaximus,0.3,False,4.374,326.22,0.01093,1.22,1785645023
All Pools,APIX - USDC,0.3,False,4.319,20.32,0.0108,19.39,1785645023
All Pools,LINK.e - USDT.e,0.3,False,4.064,223.37,0.01016,1.66,1785645023
All Pools,UST - USDC,0.3,False,4.025,414.63,0.01006,0.89,1785645023
All Pools,PTOP900 - TOPIA,0.3,False,3.982,159.46,0.00996,2.28,1785645023
All Pools,AVAX - AKITAX,0.3,False,3.969,384.64,0.00992,0.94,1785645023
All Pools,XROSS - ORNG,0.3,False,3.963,228.99,0.00991,1.58,1785645023
All Pools,USDC.e - USDT.e,0.3,False,3.775,40093.0,0.00944,0.01,1785645023
All Pools,APOW - AVAX,0.3,False,3.745,832.5,0.00936,0.41,1785645023
All Pools,Balln - AVAX,0.3,False,3.687,4163.21,0.00922,0.08,1785645023
All Pools,HOST - DAI.e,0.3,False,3.609,2513.81,0.00902,0.13,1785645023
All Pools,AVAX - ARENA,0.3,False,3.563,70.36,0.00891,4.62,1785645023
All Pools,REDWOLF - USDC,0.3,False,3.561,184.98,0.0089,1.76,1785645023
All Pools,USDt - USDT.e,0.3,False,3.482,20451.0,0.00871,0.02,1785645023
All Pools,CHAMP - ARENA,0.3,False,3.465,16.46,0.00866,19.21,1785645023
All Pools,DATCM - ORNG,0.3,False,3.357,224.87,0.00839,1.36,1785645023
All Pools,AVAX - ChristMark,0.3,False,3.329,265.36,0.00832,1.14,1785645023
All Pools,DPS - USDC,0.3,False,3.302,1809.09,0.00825,0.17,1785645023
All Pools,DPS - AVAX,0.3,False,3.294,180.32,0.00824,1.67,1785645023
All Pools,LINK.e - USDC.e,0.3,False,3.256,185.73,0.00814,1.6,1785645023
All Pools,MYST - USDC,0.3,False,3.121,199.28,0.0078,1.43,1785645023
All Pools,JOE - USDT,0.3,False,3.08,256.76,0.0077,1.09,1785645023
All Pools,LUNA - USDC.e,0.3,False,3.075,310.75,0.00769,0.9,1785645023
All Pools,FITFI - AVAX,0.3,False,3.044,6.001,0.00761,46.29,1785645023
All Pools,GUN - AVAX,0.3,False,3.037,167.45,0.00759,1.66,1785645023
All Pools,USDT.e - CLY,0.3,False,3.015,177.71,0.00754,1.55,1785645023
All Pools,MaryMagdalene - XAUt0,0.3,False,2.975,1637.53,0.00744,0.17,1785645023
All Pools,SWIFT - USDC.e,0.3,False,2.96,489.3,0.0074,0.55,1785645023
All Pools,AVAX - CLY,0.3,False,2.957,21236.0,0.00739,0.01,1785645023
All Pools,USDC - aXEN,0.3,False,2.847,7.501,0.00712,34.63,1785645023
All Pools,XAUt0 - NaughtiusMaximus,0.3,False,2.839,873.78,0.0071,0.3,1785645023
All Pools,YOU - ORNG,0.3,False,2.828,1316.19,0.00707,0.2,1785645023
All Pools,MOO - AVAX,0.3,False,2.789,519.84,0.00697,0.49,1785645023
All Pools,FLD - EVB,0.3,False,2.775,4456.39,0.00694,0.06,1785645023
All Pools,FXS - AVAX,0.3,False,2.775,286.43,0.00694,0.88,1785645023
All Pools,AVAX - EVB,0.3,False,2.773,2053.58,0.00693,0.12,1785645023
All Pools,Gravity - AVAX,0.3,False,2.707,235.91,0.00677,1.05,1785645023
All Pools,XAUt0 - ChristMark,0.3,False,2.674,580.75,0.00668,0.42,1785645023
All Pools,XAUt0 - Now,0.3,False,2.658,556.46,0.00665,0.44,1785645023
All Pools,ORNG - SAI,0.3,False,2.654,106.32,0.00663,2.28,1785645023
All Pools,USDC.e - AVVO,0.3,False,2.638,223.68,0.00659,1.08,1785645023
All Pools,YAK - USDC.e,0.3,False,2.615,150.02,0.00654,1.59,1785645023
All Pools,SWIFT - AVAX,0.3,False,2.608,233.4,0.00652,1.02,1785645023
All Pools,ORNG - JUCI,0.3,False,2.58,235.28,0.00645,1.0,1785645023
All Pools,ORNG - FLUX,0.3,False,2.518,104.82,0.00629,2.19,1785645023
All Pools,Trinity - AVAX,0.3,False,2.455,714.44,0.00614,0.31,1785645023
All Pools,BLSEYE🎯 - BEAM,0.3,False,2.379,271.23,0.00595,0.8,1785645023
All Pools,aDXN - aXEN,0.3,False,2.333,3.816,0.00583,55.8,1785645023
All Pools,sAVAX - COQ,0.3,False,2.288,61.81,0.00572,3.38,1785645023
All Pools,AVAX - ONION,0.3,False,2.225,146.34,0.00556,1.39,1785645023
All Pools,APOW - USDC,0.3,False,2.215,156.54,0.00554,1.29,1785645023
All Pools,USDT.e - ONION,0.3,False,2.214,742.63,0.00554,0.27,1785645023
All Pools,AVAX - USDT,0.3,False,2.193,1662.69,0.00548,0.12,1785645023
All Pools,L - Swing - aXEN,0.3,False,2.148,40.71,0.00537,4.81,1785645023
All Pools,AVAX - RPG,0.3,False,2.13,26.53,0.00532,7.33,1785645023
All Pools,UST - USDC.e,0.3,False,2.117,632.77,0.00529,0.31,1785645023
All Pools,ZRO - AVAX,0.3,False,2.069,122.0,0.00517,1.55,1785645023
All Pools,MAGICK - AVAX,0.3,False,2.059,275.75,0.00515,0.68,1785645023
All Pools,MAGICK - USDC,0.3,False,2.057,224.42,0.00514,0.84,1785645023
All Pools,Trinity - Psychic,0.3,False,2.045,393.75,0.00511,0.47,1785645023
All Pools,APOW - USDt,0.3,False,2.043,156.26,0.00511,1.19,1785645023
All Pools,L - Swing - AVAX,0.3,False,2.012,101.84,0.00503,1.8,1785645023
All Pools,KINGSHIT - AVAX,0.3,False,1.963,3488.63,0.00491,0.05,1785645023
All Pools,BANKSY - USDT.e,0.3,False,1.879,1529.61,0.0047,0.11,1785645023
All Pools,BANKSY - AVAX,0.3,False,1.873,141.96,0.00468,1.2,1785645023
All Pools,SMRTr - AVAX,0.3,False,1.868,24988.0,0.00467,0.01,1785645023
All Pools,AVAX - MU,0.3,False,1.866,72.95,0.00466,2.33,1785645023
All Pools,BTC.b - oXAUT,0.3,False,1.864,312.97,0.00466,0.54,1785645023
All Pools,SMRTr - USDC.e,0.3,False,1.86,103.02,0.00465,1.65,1785645023
All Pools,oXAUT - AVAX,0.3,False,1.857,403.73,0.00464,0.42,1785645023
All Pools,YEEHAW - TOPIA,0.3,False,1.816,132.16,0.00454,1.25,1785645023
All Pools,XAUt0 - Gravity,0.3,False,1.814,313.55,0.00454,0.53,1785645023
All Pools,DREGG - USDT.e,0.3,False,1.791,514.08,0.00448,0.32,1785645023
All Pools,USDC.e - sSB,0.3,False,1.788,827.87,0.00447,0.2,1785645023
All Pools,DREGG - AVAX,0.3,False,1.787,144.38,0.00447,1.13,1785645023
All Pools,HOWDY - USDt,0.3,False,1.747,178.63,0.00437,0.89,1785645023
All Pools,HOTEMIN - USDC,0.3,False,1.654,14412.0,0.00413,0.01,1785645023
All Pools,AVAX - AVVO,0.3,False,1.596,225.09,0.00399,0.65,1785645023
All Pools,PNG - JOE,0.3,False,1.493,107.9,0.00373,1.26,1785645023
All Pools,Psychic - BLACK,0.3,False,1.437,222.56,0.00359,0.59,1785645023
All Pools,AVAX - SMRT,0.3,False,1.396,1602.01,0.00349,0.08,1785645023
All Pools,TRESR - AVAX,0.3,False,1.392,8424.83,0.00348,0.02,1785645023
All Pools,AMI - TOPIA,0.3,False,1.391,185.13,0.00348,0.69,1785645023
All Pools,USDT.e - SMRT,0.3,False,1.385,87.73,0.00346,1.44,1785645023
All Pools,FEED - AVAX,0.3,False,1.377,5655.14,0.00344,0.02,1785645023
All Pools,HOST - AVAX,0.3,False,1.357,88.05,0.00339,1.41,1785645023
All Pools,KIWI - USDC,0.3,False,1.335,298.39,0.00334,0.41,1785645023
All Pools,KIWI - AVAX,0.3,False,1.313,93.17,0.00328,1.29,1785645023
All Pools,WETH - USDC.e,0.3,False,1.297,206.31,0.00324,0.57,1785645023
All Pools,AVAX - IMPACT2,0.3,False,1.253,141.13,0.00313,0.81,1785645023
All Pools,AAVE.e - REDWOLF,0.3,False,1.219,147.09,0.00305,0.76,1785645023
All Pools,WETH.e - USDT.e,0.3,False,1.17,150.72,0.00292,0.71,1785645023
All Pools,LUNA - AVAX,0.3,False,1.143,113.42,0.00286,0.92,1785645023
All Pools,AVAX - ZUBAX,0.3,False,1.121,90.81,0.0028,1.13,1785645023
All Pools,STOMB - AVAX,0.3,False,1.106,4903.75,0.00277,0.02,1785645023
All Pools,ZUBAX - USDT.e,0.3,False,1.082,172.1,0.00271,0.57,1785645023
All Pools,SWIFT - WETH.e,0.3,False,1.078,1324.54,0.0027,0.07,1785645023
All Pools,SYN - REDWOLF,0.3,False,1.049,3.161,0.00262,30.3,1785645023
All Pools,SYMBIOT - AVAX,0.3,False,1.029,74.41,0.00257,1.26,1785645023
All Pools,TSD - AVAX,0.3,False,1.023,153.6,0.00256,0.61,1785645023
All Pools,MAXI - DAI.e,0.3,False,1.02,224.96,0.00255,0.41,1785645023
All Pools,Psychic - Meaning,0.3,False,1.019,231.06,0.00255,0.4,1785645023
All Pools,Meaning - AVAX,0.3,False,1.012,319.3,0.00253,0.29,1785645023
All Pools,USDC.e - DAI.e,0.3,False,1.004,22220.0,0.00251,0.0,1785645023
All Pools,DCAU - USDC,0.3,False,1.003,142.31,0.00251,0.64,1785645023
All Pools,DCAU - MIM,0.3,False,0.9984,77.63,0.0025,1.17,1785645023
All Pools,WETH.e - ONION,0.3,False,0.99826,236.11,0.0025,0.39,1785645023
All Pools,MIM - MU,0.3,False,0.99245,65.9,0.00248,1.37,1785645023
All Pools,APOW - USDC,0.3,False,0.97155,25.88,0.00243,3.43,1785645023
All Pools,SYMBIOT - DAI.e,0.3,False,0.96463,445.58,0.00241,0.2,1785645023
All Pools,Now - BLACK,0.3,False,0.94121,200.79,0.00235,0.43,1785645023
All Pools,HOWDY - ARENA,0.3,False,0.94037,47.84,0.00235,1.79,1785645023
All Pools,APOW - USDt,0.3,False,0.93598,25.9,0.00234,3.3,1785645023
All Pools,GENI - USDC,0.3,False,0.92901,1100.35,0.00232,0.08,1785645023
All Pools,GENI - AVAX,0.3,False,0.92642,46.18,0.00232,1.83,1785645023
All Pools,BLUB - AVAX,0.3,False,0.92384,11106.0,0.00231,0.01,1785645023
All Pools,UNIQOC - AVAX,0.3,False,0.91624,775.05,0.00229,0.11,1785645023
All Pools,HUSKY - JOE,0.3,False,0.90201,88.56,0.00226,0.93,1785645023
All Pools,UNIQOC - COQ,0.3,False,0.90084,34.79,0.00225,2.36,1785645023
All Pools,AVAX - Enigma404,0.3,False,0.88714,1267.44,0.00222,0.06,1785645023
All Pools,JOE - KRW,0.3,False,0.88713,134.53,0.00222,0.6,1785645023
All Pools,KALM - USDC,0.3,False,0.88598,76.82,0.00221,1.05,1785645023
All Pools,KRW - AVAX,0.3,False,0.88468,301.72,0.00221,0.27,1785645023
All Pools,KALM - AVAX,0.3,False,0.8836,95.57,0.00221,0.84,1785645023
All Pools,USDC - SDOG,0.3,False,0.87072,346.56,0.00218,0.23,1785645023
All Pools,JPYC - USDC,0.3,False,0.8556,373.27,0.00214,0.21,1785645023
All Pools,AVAX - EROL,0,False,0.8458,53.17,0.0,0.0,1785645023
All Pools,WBTC.e - USDT.e,0.3,False,0.83756,156.07,0.00209,0.49,1785645023
All Pools,AVAX - TIME,0.3,False,0.81458,513.8,0.00204,0.14,1785645023
All Pools,COQ - OSAK,0.3,False,0.80286,17.96,0.00201,4.08,1785645023
All Pools,MIM - SDOG,0.3,False,0.80156,60.1,0.002,1.22,1785645023
All Pools,NaughtiusMaximus - Seventeen,0.3,False,0.80054,651.42,0.002,0.11,1785645023
All Pools,COQ - JUICE,0.3,False,0.79941,28.36,0.002,2.57,1785645023
All Pools,AVAX - Seventeen,0.3,False,0.79695,198.06,0.00199,0.37,1785645023
All Pools,USDC.e - USDC,0.3,False,0.78029,481605.0,0.00195,,1785645023
All Pools,ACS - AVAX,0.3,False,0.77723,166.15,0.00194,0.43,1785645023
All Pools,50 - USDC,0.3,False,0.77308,111.73,0.00193,0.63,1785645023
All Pools,50 - AVAX,0.3,False,0.77102,59.03,0.00193,1.19,1785645023
All Pools,SLIME - AVAX,0.3,False,0.7302,14680.0,0.00183,0.0,1785645023
All Pools,YEEHAW - BTC.b,0.3,False,0.72704,51.06,0.00182,1.3,1785645023
All Pools,gOHM - SB,0.3,False,0.72443,17.13,0.00181,3.86,1785645023
All Pools,Psychic - Ducks,0.3,False,0.72379,233.19,0.00181,0.28,1785645023
All Pools,Ducks - AVAX,0.3,False,0.72148,201.81,0.0018,0.33,1785645023
All Pools,Psychic - MeaningOfNumbers,0.3,False,0.72065,237.63,0.0018,0.28,1785645023
All Pools,LUNA - USDC.e,0.3,False,0.71743,607.68,0.00179,0.11,1785645023
All Pools,AVAX - MeaningOfNumbers,0.3,False,0.71596,205.59,0.00179,0.32,1785645023
All Pools,NOCHILL - OX,0.3,False,0.71272,10265.0,0.00178,0.01,1785645023
All Pools,HUSKY - AMI,0.3,False,0.69767,45.61,0.00174,1.4,1785645023
All Pools,Psychic - Serpentarius,0.3,False,0.6762,240.83,0.00169,0.26,1785645023
All Pools,Serpentarius - AVAX,0.3,False,0.67216,209.19,0.00168,0.29,1785645023
All Pools,MEOW - AVAX,0.3,False,0.65915,7484.01,0.00165,0.01,1785645023
All Pools,$Td - AVAX,0.3,False,0.65073,3462.43,0.00163,0.02,1785645023
All Pools,Psychic - BlackAndGold,0.3,False,0.64413,232.87,0.00161,0.25,1785645023
All Pools,AVAX - BlackAndGold,0.3,False,0.64214,202.87,0.00161,0.29,1785645023
All Pools,COQ - OX,0.3,False,0.63572,11809.0,0.00159,0.0,1785645023
All Pools,USDC.e - SOL,0.3,False,0.62906,34.94,0.00157,1.64,1785645023
All Pools,STATIK - AVAX,0.3,False,0.62064,29.25,0.00155,1.94,1785645023
All Pools,CGS - AVAX,0.3,False,0.6204,53.06,0.00155,1.07,1785645023
All Pools,CGS - USDC.e,0.3,False,0.61804,151.84,0.00155,0.37,1785645023
All Pools,ALOT - USDC.e,0.3,False,0.61431,4.618,0.00154,12.14,1785645023
All Pools,BTC.b - IMPACT2,0.3,False,0.61149,1439.75,0.00153,0.04,1785645023
All Pools,MIM - PEFI,0.3,False,0.61053,45.51,0.00153,1.22,1785645023
All Pools,FollowTheWhiteRabbit - AVAX,0.3,False,0.60775,113.87,0.00152,0.49,1785645023
All Pools,USDt - IMPACT2,0.3,False,0.60046,71.55,0.0015,0.77,1785645023
All Pools,AVAX - SPELL,0.3,False,0.59282,1443.03,0.00148,0.04,1785645023
All Pools,MM - AVAX,0.3,False,0.58504,65.88,0.00146,0.81,1785645023
All Pools,MM - USDC,0.3,False,0.58253,49.53,0.00146,1.07,1785645023
All Pools,DAI.e - ONION,0.3,False,0.58243,331.79,0.00146,0.16,1785645023
All Pools,Psychic - AftermathsKobe,0.3,False,0.58194,236.78,0.00145,0.22,1785645023
All Pools,Orange - Now,0.3,False,0.57993,454.32,0.00145,0.12,1785645023
All Pools,AftermathsKobe - AVAX,0.3,False,0.57942,204.94,0.00145,0.26,1785645023
All Pools,AVAX - TheGospelOfMary,0.3,False,0.56987,111.76,0.00142,0.47,1785645023
All Pools,Psychic - NeatestQuackery,0.3,False,0.569,233.07,0.00142,0.22,1785645023
All Pools,XPOW - AVAX,0.3,False,0.56874,249.06,0.00142,0.21,1785645023
All Pools,NeatestQuackery - AVAX,0.3,False,0.56713,201.45,0.00142,0.26,1785645023
All Pools,Psychic - Now,0.3,False,0.55756,456.96,0.00139,0.11,1785645023
All Pools,Trinity - Gravity,0.3,False,0.54628,1696.38,0.00137,0.03,1785645023
All Pools,Psychic - Prometheus,0.3,False,0.54407,226.46,0.00136,0.22,1785645023
All Pools,Matter - AVAX,0.3,False,0.54241,54.1,0.00136,0.91,1785645023
All Pools,AVAX - Prometheus,0.3,False,0.54041,196.86,0.00135,0.25,1785645023
All Pools,MIM - USDC,0.3,False,0.53872,20.6,0.00135,2.39,1785645023
All Pools,XPOW - APOW,0.3,False,0.52813,216.46,0.00132,0.22,1785645023
All Pools,Psychic - All,0.3,False,0.52506,233.6,0.00131,0.21,1785645023
All Pools,AVAX - All,0.3,False,0.52248,203.63,0.00131,0.23,1785645023
All Pools,USDt - RUX,0.3,False,0.50818,16117.0,0.00127,0.0,1785645023
All Pools,GRT.e - AVAX,0.3,False,0.50761,7.26,0.00127,6.38,1785645023
All Pools,RUX - AVAX,0.3,False,0.50558,25.42,0.00126,1.82,1785645023
All Pools,Psychic - Xmas,0.3,False,0.50499,218.24,0.00126,0.21,1785645023
All Pools,MaryMagdalene - TheGospelOfMary,0.3,False,0.50402,204.14,0.00126,0.23,1785645023
All Pools,Psychic - Hopi,0.3,False,0.50224,205.98,0.00126,0.22,1785645023
All Pools,Xmas - AVAX,0.3,False,0.50169,189.34,0.00125,0.24,1785645023
All Pools,Hopi - AVAX,0.3,False,0.49854,148.19,0.00125,0.31,1785645023
All Pools,BTC.b - REDWOLF,0.3,False,0.49846,97.43,0.00125,0.47,1785645023
All Pools,MaryMagdalene - FollowTheWhiteRabbit,0.3,False,0.48806,152.84,0.00122,0.29,1785645023
All Pools,Psychic - DogL,0.3,False,0.48713,232.73,0.00122,0.19,1785645023
All Pools,DogL - AVAX,0.3,False,0.48418,202.73,0.00121,0.22,1785645023
All Pools,SYN - USDC.e,0.3,False,0.47807,1.633,0.0012,26.71,1785645023
All Pools,CQK - USDC,0.3,False,0.47401,30.6,0.00119,1.41,1785645023
All Pools,CQK - AVAX,0.3,False,0.4716,95.17,0.00118,0.45,1785645023
All Pools,DFIAT - USDT.e,0.3,False,0.46652,26.57,0.00117,1.6,1785645023
All Pools,DFIAT - AVAX,0.3,False,0.46514,5886.58,0.00116,0.01,1785645023
All Pools,Psychic - DiamondbackGall,0.3,False,0.45686,232.53,0.00114,0.18,1785645023
All Pools,USDC - USD+,0.3,False,0.45636,30.31,0.00114,1.37,1785645023
All Pools,DiamondbackGall - AVAX,0.3,False,0.45423,202.58,0.00114,0.2,1785645023
All Pools,USDT.e - DUO,0.3,False,0.45224,50.62,0.00113,0.82,1785645023
All Pools,SLUSH - USDT.e,0.3,False,0.4514,55.23,0.00113,0.75,1785645023
All Pools,AVAX - DUO,0.3,False,0.45062,52.01,0.00113,0.79,1785645023
All Pools,SLUSH - AVAX,0.3,False,0.44988,44.95,0.00112,0.91,1785645023
All Pools,AVAX - EROL,0.3,False,0.44862,28.53,0.00112,1.44,1785645023
All Pools,AVAX - KET,0.3,False,0.4374,20.1,0.00109,1.99,1785645023
All Pools,AVAX - SING,0.3,False,0.43715,106.95,0.00109,0.37,1785645023
All Pools,Psychic - CommieSukey,0.3,False,0.43209,232.17,0.00108,0.17,1785645023
All Pools,Psychic - Wej,0.3,False,0.43151,232.98,0.00108,0.17,1785645023
All Pools,AVAX - Wej,0.3,False,0.42912,202.26,0.00107,0.19,1785645023
All Pools,USDT.e - SING,0.3,False,0.4273,1198.95,0.00107,0.03,1785645023
All Pools,CommieSukey - AVAX,0.3,False,0.42675,201.55,0.00107,0.19,1785645023
All Pools,USDC.e - WISE,0.3,False,0.42405,41.25,0.00106,0.94,1785645023
All Pools,AVAX - Sinterklaas,0.3,False,0.42246,96.1,0.00106,0.4,1785645023
All Pools,AVAX - WISE,0.3,False,0.42239,58.71,0.00106,0.66,1785645023
All Pools,USDC.e - ONION,0.3,False,0.41858,371.31,0.00105,0.1,1785645023
All Pools,COQ - NOCHILL,0.3,False,0.41741,7.712,0.00104,4.94,1785645023
All Pools,MerryXmas - AVAX,0.3,False,0.41427,186.41,0.00104,0.2,1785645023
All Pools,USDC - GAU,0.3,False,0.40959,645.02,0.00102,0.06,1785645023
All Pools,REDWOLF - SOL,0.3,False,0.40451,56.56,0.00101,0.65,1785645023
All Pools,BTC.b - HOWDY,0.3,False,0.40434,62.61,0.00101,0.59,1785645023
All Pools,Psychic - ArniStitch,0.3,False,0.40064,232.61,0.001,0.16,1785645023
All Pools,ArniStitch - AVAX,0.3,False,0.39853,201.32,,0.18,1785645023
All Pools,Psychic - RedFolder,0.3,False,0.39065,233.61,,0.15,1785645023
All Pools,Psychic - Sinterklaas,0.3,False,0.38983,230.01,,0.15,1785645023
All Pools,AVAX - RedFolder,0.3,False,0.38864,202.63,,0.18,1785645023
All Pools,GOOD - AVAX,0.3,False,0.38417,100.99,,0.35,1785645023
All Pools,GOOD - COQ,0.3,False,0.38098,60.18,,0.58,1785645023
All Pools,Christmas - ChristMark,0.3,False,0.36029,107.24,,0.31,1785645023
All Pools,Christmas - AVAX,0.3,False,0.35775,170.38,,0.19,1785645023
All Pools,Orange - Matter,0.3,False,0.35307,6027.38,,0.01,1785645023
All Pools,WBTC - AVAX,0.3,False,0.35289,30.83,,1.04,1785645023
All Pools,MaryMagdalene - Gravity,0.3,False,0.34845,98.35,,0.32,1785645023
All Pools,AVAI - AVAX,0.3,False,0.34806,19.09,,1.66,1785645023
All Pools,WETH.e - REDWOLF,0.3,False,0.34754,83.28,,0.38,1785645023
All Pools,BrideOfChrist - AVAX,0.3,False,0.34706,61.76,,0.51,1785645023
All Pools,LUNA - AVAX,0.3,False,0.34183,12.85,,2.43,1785645023
All Pools,Psychic - Jjj,0.3,False,0.33973,232.43,,0.13,1785645023
All Pools,Jjj - AVAX,0.3,False,0.33814,201.31,,0.15,1785645023
All Pools,GLOBA - AVAX,0.3,False,0.33381,39.46,,0.77,1785645023
All Pools,LINK.e - REDWOLF,0.3,False,0.32366,69.87,,0.42,1785645023
All Pools,$Td - AMI,0.3,False,0.32224,20.94,,1.4,1785645023
All Pools,MU - DAI.e,0.3,False,0.31857,235.04,,0.12,1785645023
All Pools,AVAXAI - USDC,0.3,False,0.31673,1455.23,,0.02,1785645023
All Pools,GLOBA - DAI.e,0.3,False,0.31295,47.4,,0.6,1785645023
All Pools,AVVO - DAI.e,0.3,False,0.31174,34.43,,0.83,1785645023
All Pools,AVAX - CHAM,0.3,False,0.30396,25.36,,1.09,1785645023
All Pools,USDC - BVAX,0.3,False,0.29995,25.14,,1.09,1785645023
All Pools,MIM - DAI.e,0.3,False,0.29977,13.58,,2.01,1785645023
All Pools,COQ - AMI,0.3,False,0.29682,8.616,,3.14,1785645023
All Pools,USDC - SHRAP,0.3,False,0.29289,20.22,,1.32,1785645023
All Pools,miMatic - USDC.e,0.3,False,0.29009,22.25,,1.19,1785645023
All Pools,VEE - USDC,0.3,False,0.28922,30.95,,0.85,1785645023
All Pools,WBTC.e - REDWOLF,0.3,False,0.27657,48.28,,0.52,1785645023
All Pools,MaryMagdalene - BrideOfChrist,0.3,False,0.27324,88.87,,0.28,1785645023
All Pools,SPC - DAI.e,0.3,False,0.26442,24.47,,0.99,1785645023
All Pools,METAG - AVAX,0.3,False,0.26221,19.45,,1.23,1785645023
All Pools,AVAX - ZABU,0.3,False,0.25902,23.03,,1.03,1785645023
All Pools,MIM - wsOHM,0.3,False,0.25756,94.44,,0.25,1785645023
All Pools,USDC - CHAM,0.3,False,0.25739,46.3,,0.51,1785645023
All Pools,SYN - USDT.e,0.3,False,0.24395,0.86963,,25.6,1785645023
All Pools,FLAKE - USDT.e,0.3,False,0.24288,48.51,,0.46,1785645023
All Pools,FLAKE - AVAX,0.3,False,0.24136,16.98,,1.3,1785645023
All Pools,Orange - AVAX,0.3,False,0.23998,60.58,,0.36,1785645023
All Pools,Now - Propriety,0.3,False,0.23781,608.51,,0.04,1785645023
All Pools,AVAX - Propriety,0.3,False,0.23694,60.2,,0.36,1785645023
All Pools,AVAT - AVAX,0.3,False,0.23566,16.52,,1.3,1785645023
All Pools,USDt - REDWOLF,0.3,False,0.22846,13.61,,1.53,1785645023
All Pools,TECH - OX,0.3,False,0.22805,4478.25,,0.0,1785645023
All Pools,WETH.e - USDC,0.3,False,0.22788,20.59,,1.01,1785645023
All Pools,SYN - WETH.e,0.3,False,0.22524,0.80914,,25.4,1785645023
All Pools,Psychic - MerryXmas,0.3,False,0.22327,214.76,,0.09,1785645023
All Pools,KOVIN - AVAX,0.3,False,0.22239,2001.43,,0.01,1785645023
All Pools,GAIA - USDC.e,0.3,False,0.22228,400.39,,0.05,1785645023
All Pools,WBTC.e - ONION,0.3,False,0.22194,352.72,,0.06,1785645023
All Pools,USDT.e - ZABU,0.3,False,0.21719,44.17,,0.45,1785645023
All Pools,AVAX - LYLY,0.3,False,0.21587,48.79,,0.4,1785645023
All Pools,MELT - AVAX,0.3,False,0.2137,19.81,,0.98,1785645023
All Pools,AVAX - BLACK,0.3,False,0.21211,2.812,,6.88,1785645023
All Pools,METAG - USDT.e,0.3,False,0.21136,47.33,,0.41,1785645023
All Pools,AprilFoolsDay - NaughtiusMaximus,0.3,False,0.21074,95.81,,0.2,1785645023
All Pools,AprilFoolsDay - AVAX,0.3,False,0.20934,72.79,,0.26,1785645023
All Pools,COQ - KOVIN,0.3,False,0.20338,7.635,,2.43,1785645023
All Pools,USDt - MILO,0.3,False,0.20169,13.89,,1.33,1785645023
All Pools,AVAX - MILO,0.3,False,0.20095,773.15,,0.02,1785645023
All Pools,Gold - Now,0.3,False,0.20084,609.9,,0.03,1785645023
All Pools,Gold - AVAX,0.3,False,0.19979,60.47,,0.3,1785645023
All Pools,FTR - AVAX,0.3,False,0.19974,587.66,,0.03,1785645023
All Pools,AVAT - USDC,0.3,False,0.19966,37.4,,0.49,1785645023
All Pools,USDt - XPOW,0.3,False,0.19943,17.89,,1.02,1785645023
All Pools,NineHundred - AVAX,0.3,False,0.19758,95.86,,0.19,1785645023
All Pools,COQ - LYLY,0.3,False,0.19618,9.645,,1.86,1785645023
All Pools,Slope - Now,0.3,False,0.19482,608.86,,0.03,1785645023
All Pools,Slope - AVAX,0.3,False,0.19472,60.5,,0.29,1785645023
All Pools,MerryXmas - ChristMark,0.3,False,0.19297,59.43,,0.3,1785645023
All Pools,MIM - TIME,0.3,False,0.19268,16.53,,1.06,1785645023
All Pools,UNIV - AVAX,0.3,False,0.18948,5.479,,3.16,1785645023
All Pools,Matter - Now,0.3,False,0.18817,551.76,,0.03,1785645023
All Pools,Psychic - Blue,0.3,False,0.18799,59.05,,0.29,1785645023
All Pools,CANS - AVAX,0.3,False,0.18798,7.573,,2.26,1785645023
All Pools,BANKSY - USDC.e,0.3,False,0.18695,29.19,,0.58,1785645023
All Pools,Blue - AVAX,0.3,False,0.1869,179.56,,0.09,1785645023
All Pools,SUB - USDC,0.3,False,0.18687,11.21,,1.52,1785645023
All Pools,BANKSY - AVAX,0.3,False,0.18553,18.13,,0.93,1785645023
All Pools,GURS - ARENA,0.3,False,0.18526,6.03,,2.8,1785645023
All Pools,YEEHAW - AVAX,0.3,False,0.18486,11.89,,1.42,1785645023
All Pools,Kryptonite - NaughtiusMaximus,0.3,False,0.18245,95.85,,0.17,1785645023
All Pools,AVAX - Kryptonite,0.3,False,0.18137,72.88,,0.23,1785645023
All Pools,KIMBO - CANS,0.3,False,0.17313,190.63,,0.08,1785645023
All Pools,NOCHILL - KET,0.3,False,0.17266,6.776,,2.33,1785645023
All Pools,bECH - AVAX,0.3,False,0.17243,16.74,,0.94,1785645023
All Pools,USDT.e - MU,0.3,False,0.17085,249.8,,0.06,1785645023
All Pools,COQ - REDWOLF,0.3,False,0.17003,8.726,,1.78,1785645023
All Pools,XAUt0 - ElvisJackpot,0.3,False,0.16738,281.67,,0.05,1785645023
All Pools,LIBRE - USDC.e,0.3,False,0.16625,11.82,,1.28,1785645023
All Pools,AVAX - ELK,0.3,False,0.16517,45.52,,0.33,1785645023
All Pools,COQ - BOOTY,0.3,False,0.16341,6.472,,2.3,1785645023
All Pools,BOOTY - AVAX,0.3,False,0.16198,1398.54,,0.01,1785645023
All Pools,gOHM - wsOHM,0.3,False,0.16073,13.56,,1.08,1785645023
All Pools,USDC - yyAVAX,0.3,False,0.15897,11.88,,1.22,1785645023
All Pools,GB - USDT.e,0.3,False,0.15653,19.82,,0.72,1785645023
All Pools,AVAX - Strength,0.3,False,0.1563,96.76,,0.15,1785645023
All Pools,Orem - NaughtiusMaximus,0.3,False,0.1562,95.79,,0.15,1785645023
All Pools,USDt - DXN,0.3,False,0.15578,213.82,,0.07,1785645023
All Pools,Orem - AVAX,0.3,False,0.15537,72.88,,0.19,1785645023
All Pools,TOMB - USDC,0.3,False,0.15495,9.902,,1.43,1785645023
All Pools,MELT - USDC.e,0.3,False,0.15393,29.77,,0.47,1785645023
All Pools,meGNX - AVAX,0.3,False,0.1538,12.73,,1.1,1785645023
All Pools,AVAX - STRAW,0.3,False,0.1529,14.12,,0.99,1785645023
All Pools,COQ - MCV,0.3,False,0.15069,6.235,,2.21,1785645023
All Pools,KLO - USDT.e,0.3,False,0.15053,2.981,,4.61,1785645023
All Pools,MCV - AVAX,0.3,False,0.15047,272.77,,0.05,1785645023
All Pools,MAI - AVAX,0.3,False,0.14843,1417.42,,0.01,1785645023
All Pools,Hydrogen - AVAX,0.3,False,0.14812,179.6,,0.08,1785645023
All Pools,Psychic - Go,0.3,False,0.14689,53.07,,0.25,1785645023
All Pools,Gil - AVAX,0.3,False,0.14668,13.46,,0.99,1785645023
All Pools,Who - AVAX,0.3,False,0.1465,95.71,,0.14,1785645023
All Pools,BLS - USDt,0.3,False,0.14649,129.05,,0.1,1785645023
All Pools,Go - AVAX,0.3,False,0.14603,95.72,,0.14,1785645023
All Pools,Wormhole - NaughtiusMaximus,0.3,False,0.14495,96.85,,0.14,1785645023
All Pools,Wormhole - AVAX,0.3,False,0.14424,73.63,,0.18,1785645023
All Pools,Psychic - Hydrogen,0.3,False,0.14219,59.32,,0.22,1785645023
All Pools,miMatic - AVAX,0.3,False,0.14136,29.28,,0.44,1785645023
All Pools,DAI.e - STRAW,0.3,False,0.14118,36.01,,0.36,1785645023
All Pools,Psychic - Who,0.3,False,0.13979,53.58,,0.24,1785645023
All Pools,Now - Teste,0.3,False,0.13968,609.75,,0.02,1785645023
All Pools,AVAX - Teste,0.3,False,0.13911,59.69,,0.21,1785645023
All Pools,Gil - DAI.e,0.3,False,0.13784,26.29,,0.48,1785645023
All Pools,AVAX - SQRCAT,0.3,False,0.13653,4121.89,,0.0,1785645023
All Pools,AMI - SQRCAT,0.3,False,0.13587,10.47,,1.18,1785645023
All Pools,Psychic - SantaGospel,0.3,False,0.1325,52.95,,0.23,1785645023
All Pools,CNR - AVAX,0.3,False,0.13236,48.64,,0.25,1785645023
All Pools,AVAX - SantaGospel,0.3,False,0.13177,91.6,,0.13,1785645023
All Pools,Mungo - AVAX,0.3,False,0.13067,27.98,,0.43,1785645023
All Pools,AVAX - FORT,0.3,False,0.13023,8.776,,1.35,1785645023
All Pools,WORM - AVAX,0.3,False,0.13001,237.38,,0.05,1785645023
All Pools,JOE - EXP,0.3,False,0.12978,9767202.0,,,1785645023
All Pools,MIM - FORT,0.3,False,0.1297,1272.85,,0.01,1785645023
All Pools,XPOW - USDC,0.3,False,0.12932,17.92,,0.66,1785645023
All Pools,XOM - AVAX,0.3,False,0.12817,2279.31,,0.01,1785645023
All Pools,BUSD - USDC,0.3,False,0.1281,7.123,,1.64,1785645023
All Pools,SNP - AVAX,0.3,False,0.12793,7.575,,1.54,1785645023
All Pools,CREAMA - AVAX,0.3,False,0.12745,0.21778,,53.4,1785645023
All Pools,Psychic - Yellow,0.3,False,0.12695,59.42,,0.19,1785645023
All Pools,Yellow - AVAX,0.3,False,0.1264,180.88,,0.06,1785645023
All Pools,COQ - SNP,0.3,False,0.12586,16.19,,0.71,1785645023
All Pools,ElvisJackpot - Gravity,0.3,False,0.1241,14.45,,0.78,1785645023
All Pools,AVAX - JUICY,0.3,False,0.12138,1647.92,,0.01,1785645023
All Pools,Now - Mentor,0.3,False,0.12132,606.34,,0.02,1785645023
All Pools,AVAX - Mentor,0.3,False,0.12087,60.08,,0.18,1785645023
All Pools,UNIV - DAI.e,0.3,False,0.11964,10.09,,1.08,1785645023
All Pools,wsOHM - USDC.e,0.3,False,0.11939,13.92,,0.78,1785645023
All Pools,WETH.e - SURE,0.3,False,0.1169,879.86,,0.01,1785645023
All Pools,MU - COQAI,0.3,False,0.11436,5.561,,1.88,1785645023
All Pools,$ALPHA - AVAX,0.3,False,0.11428,43.08,,0.24,1785645023
All Pools,SafeMoonA - AVAX,0.3,False,0.11388,4051.79,,0.0,1785645023
All Pools,aAvaWAVAX - meGNX,0.3,False,0.11345,2.892,,3.58,1785645023
All Pools,USDC - WSPP,0.3,False,0.11284,42.05,,0.24,1785645023
All Pools,HEFE - CANS,0.3,False,0.11274,4.67,,2.2,1785645023
All Pools,USDC.e - WOLF,0.3,False,0.11056,7.496,,1.35,1785645023
All Pools,SUB - AVAX,0.3,False,0.10988,14.51,,0.69,1785645023
All Pools,AVAX - WOLF,0.3,False,0.10985,52.57,,0.19,1785645023
All Pools,GAINS - AVAX,0.3,False,0.10895,29.56,,0.34,1785645023
All Pools,ACS - USDC.e,0.3,False,0.10662,5.121,,1.9,1785645023
All Pools,TickTock - Now,0.3,False,0.10651,607.0,,0.02,1785645023
All Pools,TickTock - AVAX,0.3,False,0.10614,60.17,,0.16,1785645023
All Pools,NOCHILL - AMI,0.3,False,0.10579,3.063,,3.15,1785645023
All Pools,COQ - MU,0.3,False,0.10494,3.488,,2.75,1785645023
All Pools,AVAX - SDOG,0.3,False,0.10351,6.091,,1.55,1785645023
All Pools,Psychic - NineHundred,0.3,False,0.10266,52.95,,0.18,1785645023
All Pools,ARENA - MU,0.3,False,0.10227,3.371,,2.77,1785645023
All Pools,ALPHA.e - AVAX,0.3,False,0.09914,59.21,,0.15,1785645023
All Pools,DEXTF - AVAX,0.3,False,0.09834,17.27,,0.52,1785645023
All Pools,IMPACT2 - EURC,0.3,False,0.09806,42.19,,0.21,1785645023
All Pools,DéjàVu - Mungo,0.3,False,0.09668,122.98,,0.07,1785645023
All Pools,DéjàVu - Gravity,0.3,False,0.09664,142.63,,0.06,1785645023
All Pools,Psychic - Strength,0.3,False,0.09624,53.8,,0.16,1785645023
All Pools,AVAX - SNOB,0.3,False,0.09565,733.08,,0.01,1785645023
All Pools,NineHundred - Sinterklaas,0.3,False,0.09564,1132.93,,0.01,1785645023
All Pools,WLRS - USDC.e,0.3,False,0.09422,3890.34,,0.0,1785645023
All Pools,USDt - USDC,0.3,False,0.09384,149.27,,0.06,1785645023
All Pools,WBTC.e - USDC,0.3,False,0.09234,0.40032,,21.05,1785645023
All Pools,MaryMagdalene - RoselineBloodline,0.3,False,0.09094,34.88,,0.24,1785645023
All Pools,RoselineBloodline - AVAX,0.3,False,0.0903,30.87,,0.27,1785645023
All Pools,HEFE - GAINS,0.3,False,0.08988,7.971,,1.03,1785645023
All Pools,TrumpTower - Gravity,0.3,False,0.08977,51.4,,0.16,1785645023
All Pools,TrumpTower - AVAX,0.3,False,0.0894,108.04,,0.08,1785645023
All Pools,WOLF - MU,0.3,False,0.08908,3.598,,2.26,1785645023
All Pools,AVAX - SHRAP,0.3,False,0.08899,10.54,,0.77,1785645023
All Pools,USDt - NEMO,0.3,False,0.08756,96.43,,0.08,1785645023
All Pools,Chemistry - Now,0.3,False,0.08711,605.68,,0.01,1785645023
All Pools,AVAX - NEMO,0.3,False,0.08688,6.479,,1.22,1785645023
All Pools,Chemistry - AVAX,0.3,False,0.08684,60.13,,0.13,1785645023
All Pools,SLIME - USDt,0.3,False,0.08653,6.009,,1.31,1785645023
All Pools,USDC - MXNB,0.3,False,0.08594,16.32,,0.48,1785645023
All Pools,MIM - GRAPE,0.3,False,0.08476,57.96,,0.13,1785645023
All Pools,wsOHM - AVAX,0.3,False,0.08393,6.057,,1.26,1785645023
All Pools,Silver - Now,0.3,False,0.08307,608.95,,0.01,1785645023
All Pools,Silver - AVAX,0.3,False,0.08293,59.3,,0.13,1785645023
All Pools,PAPA - AVAX,0.3,False,0.08051,7.815,,0.94,1785645023
All Pools,UST - USDT.e,0.3,False,0.08029,35.93,,0.2,1785645023
All Pools,BLS - SHRAP,0.3,False,0.08009,7.644,,0.96,1785645023
All Pools,MIM - PAPA,0.3,False,0.08009,33.2,,0.22,1785645023
All Pools,SURE - USDC.e,0.3,False,0.07905,21.26,,0.34,1785645023
All Pools,WETH.e - yyAVAX,0.3,False,0.07808,14.41,,0.49,1785645023
All Pools,Psychic - Nala,0.3,False,0.07595,199.45,,0.03,1785645023
All Pools,Now - Blessing,0.3,False,0.0759,540.65,,0.01,1785645023
All Pools,AVAX - Blessing,0.3,False,0.07566,53.9,,0.13,1785645023
All Pools,BrideOfChrist - BLACK,0.3,False,0.07553,15.03,,0.46,1785645023
All Pools,AVAX - Nala,0.3,False,0.07548,18.14,,0.38,1785645023
All Pools,YEEHAW - USDC,0.3,False,0.07486,5.641,,1.21,1785645023
All Pools,AMI - COQAI,0.3,False,0.07397,2.834,,2.38,1785645023
All Pools,MELT - USDC.e,0.3,False,0.07367,5.874,,1.14,1785645023
All Pools,SURE - DAI.e,0.3,False,0.07365,24.76,,0.27,1785645023
All Pools,GAS - AVAX,0.3,False,0.07323,128.77,,0.05,1785645023
All Pools,MELT - AVAX,0.3,False,0.07301,788.16,,0.01,1785645023
All Pools,Psychic - Stolen,0.3,False,0.07279,61.91,,0.11,1785645023
All Pools,AVAX - DAI,0.3,False,0.07254,52.87,,0.13,1785645023
All Pools,DUO - USDT.e,0.3,False,0.07122,6.069,,1.07,1785645023
All Pools,Orange - DivineFeminine,0.3,False,0.07121,755.29,,0.01,1785645023
All Pools,DivineFeminine - Gravity,0.3,False,0.0712,1596.19,,0.0,1785645023
All Pools,Now - √Root,0.3,False,0.07067,605.84,,0.01,1785645023
All Pools,CREAMA - USDt,0.3,False,0.07041,0.13121,,48.96,1785645023
All Pools,AVAX - √Root,0.3,False,0.0704,60.07,,0.11,1785645023
All Pools,BTC.b - GMX,0.3,False,0.06875,1.31,,4.79,1785645023
All Pools,FollowTheWhiteRabbit - TheGospelOfMary,0.3,False,0.06871,109.88,,0.06,1785645023
All Pools,CNR - REDWOLF,0.3,False,0.06842,15.33,,0.41,1785645023
All Pools,Gravity - WarpSpeed,0.3,False,0.06814,57.34,,0.11,1785645023
All Pools,CNR - USDt,0.3,False,0.06795,4.622,,1.34,1785645023
All Pools,WarpSpeed - AVAX,0.3,False,0.0679,93.89,,0.07,1785645023
All Pools,DAI.e - VOLT,0.3,False,0.06783,37.81,,0.16,1785645023
All Pools,SURE - AVAX,0.3,False,0.06713,5.371,,1.14,1785645023
All Pools,USDT.e - TMT,0.3,False,0.06491,25.41,,0.23,1785645023
All Pools,BSGG - AVAX,0.3,False,0.06478,2.293,,2.58,1785645023
All Pools,AVAX - TMT,0.3,False,0.06447,5.769,,1.02,1785645023
All Pools,Stolen - AVAX,0.3,False,0.06434,12.16,,0.48,1785645023
All Pools,SOL - AVAX,0.3,False,0.06433,0.00159,,3701.42,1785645023
All Pools,SHRAP - DOMI,0.3,False,0.06388,141.3,,0.04,1785645023
All Pools,GUN - AMI,0.3,False,0.06375,7.839,,0.74,1785645023
All Pools,NOCHILL - REDWOLF,0.3,False,0.06366,2.056,,2.83,1785645023
All Pools,MIM - UNIV,0.3,False,0.06365,3.429,,1.69,1785645023
All Pools,LoveYou - Gravity,0.3,False,0.06335,38.45,,0.15,1785645023
All Pools,CNR - USDC,0.3,False,0.06332,4.601,,1.26,1785645023
All Pools,BNZ - AVAX,0.3,False,0.06325,141.43,,0.04,1785645023
All Pools,LoveYou - AVAX,0.3,False,0.06321,41.59,,0.14,1785645023
All Pools,ZRO - USDC,0.3,False,0.06123,4.129,,1.35,1785645023
All Pools,Strength - Sinterklaas,0.3,False,0.06094,1140.9,,0.0,1785645023
All Pools,MELT - USDT.e,0.3,False,0.06085,29.51,,0.19,1785645023
All Pools,AVAX - BAVA,0.3,False,0.06078,8.5,,0.65,1785645023
All Pools,Sanskrit - Now,0.3,False,0.05917,606.27,,0.01,1785645023
All Pools,Sanskrit - AVAX,0.3,False,0.05901,60.1,,0.09,1785645023
All Pools,AVAX - GAU,0.3,False,0.05798,4.336,,1.22,1785645023
All Pools,MPL - USDt,0.3,False,0.05737,29.95,,0.17,1785645023
All Pools,USDC.e - RUG,0.3,False,0.05725,16.6,,0.31,1785645023
All Pools,MPL - AVAX,0.3,False,0.05698,5.012,,1.04,1785645023
All Pools,ICUBE - USDT.e,0.3,False,0.05607,108.11,,0.05,1785645023
All Pools,ICUBE - AVAX,0.3,False,0.05553,5.3,,0.96,1785645023
All Pools,AVAX - BLANC,0.3,False,0.05487,4.888,,1.02,1785645023
All Pools,MIM - BLANC,0.3,False,0.05464,588.31,,0.01,1785645023
All Pools,LINK.e - MU,0.3,False,0.05409,6.921,,0.71,1785645023
All Pools,USDC - USDT.e,0.3,False,0.05408,154.67,,0.03,1785645023
All Pools,MAJIN - AVAX,0.3,False,0.05366,2753.75,,0.0,1785645023
All Pools,NOCHILL - MU,0.3,False,0.05242,1.379,,3.47,1785645023
All Pools,USDT.e - BOREA,0.3,False,0.05206,25.78,,0.18,1785645023
All Pools,METAG - USDt,0.3,False,0.0516,15.42,,0.31,1785645023
All Pools,AVAX - BOREA,0.3,False,0.05154,5.407,,0.87,1785645023
All Pools,USDC.e - SPADE,0.3,False,0.05134,15.51,,0.3,1785645023
All Pools,AVAX - SPADE,0.3,False,0.05095,4.847,,0.96,1785645023
All Pools,agEUR - USDC,0.3,False,0.05046,59.88,,0.08,1785645023
All Pools,TRYB - USDC.e,0.3,False,0.04954,31.83,,0.14,1785645023
All Pools,3ULL - AVAX,0.3,False,0.04886,33.28,,0.13,1785645023
All Pools,Milk - USDT.e,0.3,False,0.04861,13.81,,0.32,1785645023
All Pools,MaryMagdalene - LadyMary,0.3,False,0.04851,12.52,,0.35,1785645023
All Pools,Milk - AVAX,0.3,False,0.04825,5.278,,0.83,1785645023
All Pools,LadyMary - AVAX,0.3,False,0.04824,245.92,,0.02,1785645023
All Pools,CRA - AVAX,0.3,False,0.04819,6869.68,,,1785645023
All Pools,FollowTheWhiteRabbit - TruthClosure,0.3,False,0.04534,27.92,,0.15,1785645023
All Pools,AVAX - GG,0.3,False,0.04509,3.673,,1.12,1785645023
All Pools,Gladiator - AVAX,0.3,False,0.04491,1.697,,2.41,1785645023
All Pools,USDT.e - GOT,0.3,False,0.04448,12.34,,0.33,1785645023
All Pools,KrisKringle - ChristMark,0.3,False,0.04433,18.24,,0.22,1785645023
All Pools,AVAX - GOT,0.3,False,0.04422,4.198,,0.96,1785645023
All Pools,KrisKringle - AVAX,0.3,False,0.04405,17.96,,0.22,1785645023
All Pools,BENIS - NOCHILL,0.3,False,0.04378,2.176,,1.84,1785645023
All Pools,JOE - ZABU,0.3,False,0.04368,12.06,,0.33,1785645023
All Pools,KIMBO - AMI,0.3,False,0.04358,2.342,,1.7,1785645023
All Pools,BENIS - AVAX,0.3,False,0.04347,8.951,,0.44,1785645023
All Pools,BGLD - USDT.e,0.3,False,0.04297,16.48,,0.24,1785645023
All Pools,BGLD - AVAX,0.3,False,0.04274,3.54,,1.1,1785645023
All Pools,WOLF - USDT.e,0.3,False,0.04242,2.97,,1.3,1785645023
All Pools,WOLF - AVAX,0.3,False,0.04209,42.82,,0.09,1785645023
All Pools,WLRS - GRAPE,0.3,False,0.04192,6.098,,0.63,1785645023
All Pools,MIM - GG,0.3,False,0.0419,35.64,,0.11,1785645023
All Pools,ABC - AMI,0.3,False,0.04136,2.257,,1.67,1785645023
All Pools,AVAX - WSPP,0.3,False,0.04132,2.296,,1.64,1785645023
All Pools,XPOW - USDt,0.3,False,0.0411,3.51,,1.07,1785645023
All Pools,JOE - CRA,0.3,False,0.04034,6.406,,0.57,1785645023
All Pools,USDC.e - BAVA,0.3,False,0.03971,2.639,,1.37,1785645023
All Pools,COQ - MICRO,0.3,False,0.03932,2.625,,1.37,1785645023
All Pools,AVAX - MICRO,0.3,False,0.03927,17.75,,0.2,1785645023
All Pools,SLOT - AVAX,0.3,False,0.03883,2368.74,,0.0,1785645023
All Pools,USDR - USDC,0.3,False,0.03852,39.75,,0.09,1785645023
All Pools,HH - AVAX,0.3,False,0.03712,227.73,,0.01,1785645023
All Pools,HOST - SYMBIOT,0.3,False,0.03685,80.75,,0.04,1785645023
All Pools,USDT.e - XAVA,0.3,False,0.03651,9.132,,0.36,1785645023
All Pools,HH - ARENA,0.3,False,0.03645,2.004,,1.66,1785645023
All Pools,wMEMO - AVAX,0.3,False,0.03612,5.891,,0.56,1785645023
All Pools,JOE - aXEN,0.3,False,0.03574,0.13552,,24.07,1785645023
All Pools,COQ - ARENA,0.3,False,0.03564,0.99625,,3.26,1785645023
All Pools,WOLF - AMI,0.3,False,0.03552,2.329,,1.39,1785645023
All Pools,MIM - AUSD,0.3,False,0.035,7.292,,0.44,1785645023
All Pools,HATCHY - AMI,0.3,False,0.03471,2.632,,1.2,1785645023
All Pools,AVAX - OK,0.3,False,0.03431,1.623,,1.93,1785645023
All Pools,ELE - AVAX,0.3,False,0.03421,85.76,,0.04,1785645023
All Pools,BTC - AVAX,0.3,False,0.03388,0.00115,,2685.73,1785645023
All Pools,3ULL - USDt,0.3,False,0.03388,2.136,,1.45,1785645023
All Pools,Mungo - Now,0.3,False,0.03372,272.21,,0.01,1785645023
All Pools,Gravity - LookingGlass,0.3,False,0.03364,124.09,,0.02,1785645023
All Pools,AVAX - LookingGlass,0.3,False,0.03352,10.95,,0.28,1785645023
All Pools,XIO - USDC,0.3,False,0.03324,24.09,,0.13,1785645023
All Pools,XIO - AVAX,0.3,False,0.03303,2.307,,1.31,1785645023
All Pools,AAVE.e - USDT.e,0.3,False,0.03203,2.597,,1.13,1785645023
All Pools,KIMBO - KOVIN,0.3,False,0.03191,2.791,,1.04,1785645023
All Pools,AVAX - AXIAL,0.3,False,0.03182,579.41,,0.01,1785645023
All Pools,LoveIsTheKey - AVAX,0.3,False,0.0316,10.04,,0.29,1785645023
All Pools,BTC.b - USDC,0.3,False,0.03086,4.211,,0.67,1785645023
All Pools,USDC.e - WISE,0.3,False,0.03036,6.761,,0.41,1785645023
All Pools,AVAX - WISE,0.3,False,0.03012,2.22,,1.24,1785645023
All Pools,AVAX - SPT,0.3,False,0.03004,0.14598,,18.78,1785645023
All Pools,USDT.e - iBONE,0.3,False,0.02971,4.417,,0.61,1785645023
All Pools,AVAX - iBONE,0.3,False,0.02953,4.135,,0.65,1785645023
All Pools,GMX - USDC,0.3,False,0.02943,0.84521,,3.18,1785645023
All Pools,ARA - AVAX,0.3,False,0.02926,2.304,,1.16,1785645023
All Pools,MIM - RUG,0.3,False,0.02915,4.035,,0.66,1785645023
All Pools,USDT.e - AVVO,0.3,False,0.02892,3.599,,0.73,1785645023
All Pools,FTOMB - AVAX,0.3,False,0.02818,6197.35,,,1785645023
All Pools,APIX - LAMBO,0.3,False,0.02802,3.489,,0.73,1785645023
All Pools,Gravity - Vaccinations,0.3,False,0.02794,41.9,,0.06,1785645023
All Pools,AVAX - Vaccinations,0.3,False,0.02783,12.47,,0.2,1785645023
All Pools,AVAX - USDR,0.3,False,0.0275,2.409,,1.04,1785645023
All Pools,COQ - COFI,0.3,False,0.02746,1.209,,2.07,1785645023
All Pools,SHIB.e - USDt,0.3,False,0.02745,0.09432,,26.56,1785645023
All Pools,AVAX - COFI,0.3,False,0.02745,426.15,,0.01,1785645023
All Pools,YEEHAW - ARENA,0.3,False,0.02732,1.076,,2.32,1785645023
All Pools,WETH.e - meGNX,0.3,False,0.02715,5.173,,0.48,1785645023
All Pools,CATWIF - MU,0.3,False,0.02642,2.807,,0.86,1785645023
All Pools,CATWIF - AVAX,0.3,False,0.02613,2170.47,,0.0,1785645023
All Pools,AVAX - DWC,0.3,False,0.02604,3908.74,,,1785645023
All Pools,TruthClosure - BLACK,0.3,False,0.02574,10.47,,0.22,1785645023
All Pools,XOMB - USDT.e,0.3,False,0.0253,2.067,,1.12,1785645023
All Pools,gOHM - USDT.e,0.3,False,0.02525,0.6625,,3.48,1785645023
All Pools,YEEHAW - AMI,0.3,False,0.02521,3.267,,0.7,1785645023
All Pools,XOMB - AVAX,0.3,False,0.02514,15.24,,0.15,1785645023
All Pools,Gravity - ChristMark,0.3,False,0.02482,11.42,,0.2,1785645023
All Pools,LoveIsTheKey - Gravity,0.3,False,0.02467,28.43,,0.08,1785645023
All Pools,APOW - MU,0.3,False,0.02466,3.165,,0.71,1785645023
All Pools,NaughtiusMaximus - Yeshua,0.3,False,0.02455,8.503,,0.26,1785645023
All Pools,AVAX - Yeshua,0.3,False,0.02441,20.99,,0.11,1785645023
All Pools,USDC - COSMIC,0.3,False,0.02429,54.05,,0.04,1785645023
All Pools,DWC - MU,0.3,False,0.02425,2.65,,0.83,1785645023
All Pools,Wingdings - Gravity,0.3,False,0.024,14.87,,0.15,1785645023
All Pools,CRAFT - AVAX,0.3,False,0.02397,278.17,,0.01,1785645023
All Pools,Wingdings - AVAX,0.3,False,0.02391,34.49,,0.06,1785645023
All Pools,AMI - MU,0.3,False,0.02391,1.305,,1.67,1785645023
All Pools,HEFE - AMI,0.3,False,0.02379,2.153,,1.01,1785645023
All Pools,AVAX - TT,0.3,False,0.02327,1.602,,1.33,1785645023
All Pools,WhollySphere - Gravity,0.3,False,0.02313,15.58,,0.14,1785645023
All Pools,WhollySphere - AVAX,0.3,False,0.02307,34.46,,0.06,1785645023
All Pools,BTC.b - yyAVAX,0.3,False,0.02306,4.131,,0.51,1785645023
All Pools,MAJIN - MU,0.3,False,0.0227,3.396,,0.61,1785645023
All Pools,AI9000 - AVAX,0.3,False,0.02229,205.35,,0.01,1785645023
All Pools,GAINS - COQ,0.3,False,0.02213,1.373,,1.47,1785645023
All Pools,USDC - XenBurn,0.3,False,0.02187,5.363,,0.37,1785645023
All Pools,sAVAX - AVAX,0.3,False,0.02187,168032.0,,,1785645023
All Pools,MIM - TSNFTGM,0.3,False,0.02179,2.311,,0.86,1785645023
All Pools,AVAX - XenBurn,0.3,False,0.02155,3.372,,0.58,1785645023
All Pools,DUA - USDC,0.3,False,0.02151,9.005,,0.22,1785645023
All Pools,REDWOLF - GEC,0.3,False,0.02146,2.941,,0.67,1785645023
All Pools,AVAX - DUA,0.3,False,0.02136,1.342,,1.45,1785645023
All Pools,Degen - AVAX,0.3,False,0.02125,1312.22,,0.0,1785645023
All Pools,FERT - AVAX,0.3,False,0.02109,461.82,,0.0,1785645023
All Pools,FITFI - USDC,0.3,False,0.02099,0.08061,,23.76,1785645023
All Pools,JPYC - USDC.e,0.3,False,0.02095,5.09,,0.38,1785645023
All Pools,KOVIN - MU,0.3,False,0.02037,2.266,,0.82,1785645023
All Pools,AMPL - AVAX,0.3,False,0.02013,204.0,,0.01,1785645023
All Pools,QI - LYLY,0.3,False,0.0201,1.86,,0.99,1785645023
All Pools,TSNFTGM - DAI.e,0.3,False,0.02009,28.35,,0.06,1785645023
All Pools,wALGO - USDC,0.3,False,0.01993,2.319,,0.78,1785645023
All Pools,AVAX - aSOCK,0.3,False,0.01986,9.401,,0.19,1785645023
All Pools,KIMBO - COQ,0.3,False,0.01971,0.92208,,1.95,1785645023
All Pools,AMI - aSOCK,0.3,False,0.01967,1.595,,1.13,1785645023
All Pools,Gravity - HustleTappers,0.3,False,0.01961,16.33,,0.11,1785645023
All Pools,wALGO - AVAX,0.3,False,0.01955,110.62,,0.02,1785645023
All Pools,AVAX - HustleTappers,0.3,False,0.01955,37.69,,0.05,1785645023
All Pools,USDT.e - NORTH,0.3,False,0.01946,30.02,,0.06,1785645023
All Pools,GURS - AMI,0.3,False,0.01935,1.233,,1.43,1785645023
All Pools,TruthClosure - AVAX,0.3,False,0.01934,7.143,,0.25,1785645023
All Pools,AVAX - NORTH,0.3,False,0.0193,1.979,,0.89,1785645023
All Pools,ARENA - AMI,0.3,False,0.01892,1.121,,1.54,1785645023
All Pools,RUG - USDT.e,0.3,False,0.01882,9.862,,0.17,1785645023
All Pools,gOHM - JOE,0.3,False,0.01882,3.055,,0.56,1785645023
All Pools,KOKSAL - USDC,0.3,False,0.01878,4.381,,0.39,1785645023
All Pools,bCASH - TECH,0.3,False,0.01867,9.872,,0.17,1785645023
All Pools,KOKSAL - AVAX,0.3,False,0.0185,2.7,,0.63,1785645023
All Pools,KIWI - USDt,0.3,False,0.01847,19.65,,0.09,1785645023
All Pools,AVAX - COSMIC,0.3,False,0.01846,1.036,,1.63,1785645023
All Pools,JOE - aDXN,0.3,False,0.0184,0.23771,,7.06,1785645023
All Pools,MAGICK - COSMIC,0.3,False,0.01786,3.354,,0.49,1785645023
All Pools,ACS - USDt,0.3,False,0.01786,0.92718,,1.76,1785645023
All Pools,Gravity - BLACK,0.3,False,0.01752,0.22045,,7.25,1785645023
All Pools,QI - REDWOLF,0.3,False,0.01751,1.207,,1.32,1785645023
All Pools,USDC.e - TUSK,0.3,False,0.01744,9.307,,0.17,1785645023
All Pools,wMEMO - MIM,0.3,False,0.01731,2.795,,0.57,1785645023
All Pools,AVAX - TUSK,0.3,False,0.01719,1.988,,0.79,1785645023
All Pools,DUNEV3 - USDC.e,0.3,False,0.01716,32043.0,,,1785645023
All Pools,AAVE.e - USDC.e,0.3,False,0.01709,1.255,,1.24,1785645023
All Pools,weETH - AVAX,0.3,False,0.01689,0.28746,,5.36,1785645023
All Pools,GG - AVAX,0.3,False,0.01658,4.789,,0.32,1785645023
All Pools,AVAX - APE - X,0.3,False,0.01654,452.28,,0.0,1785645023
All Pools,MIM - GG,0.3,False,0.01648,2.87,,0.52,1785645023
All Pools,TRACTOR - AVAX,0.3,False,0.01643,10121.0,,,1785645023
All Pools,VELAI - AVAX,0.3,False,0.01625,0.30298,,4.89,1785645023
All Pools,TT - DAI.e,0.3,False,0.0162,1.867,,0.79,1785645023
All Pools,USDC.e - SMRT,0.3,False,0.01613,1.806,,0.82,1785645023
All Pools,Gravity - GematrixDotOrg,0.3,False,0.01577,8.787,,0.16,1785645023
All Pools,GURS - NOCHILL,0.3,False,0.01577,0.99936,,1.44,1785645023
All Pools,AVAX - GematrixDotOrg,0.3,False,0.0157,11.28,,0.13,1785645023
All Pools,SodomAndGomorrah - NaughtiusMaximus,0.3,False,0.01536,5.336,,0.26,1785645023
All Pools,LoveIsTheKey - BLACK,0.3,False,0.01533,3.49,,0.4,1785645023
All Pools,SodomAndGomorrah - AVAX,0.3,False,0.01527,13.15,,0.11,1785645023
All Pools,Trinity - FourFourFour,0.3,False,0.01506,3.176,,0.43,1785645023
All Pools,TokenZ - USDC,0.3,False,0.01467,3.509,,0.38,1785645023
All Pools,AMI - EROL,0.3,False,0.0146,0.45308,,2.94,1785645023
All Pools,TokenZ - AVAX,0.3,False,0.01446,1.854,,0.71,1785645023
All Pools,EHCNALAVA - AVAX,0.3,False,0.01432,1046.32,,0.0,1785645023
All Pools,SMRTr - USDT.e,0.3,False,0.01426,1.07,,1.22,1785645023
All Pools,KIMBO - EHCNALAVA,0.3,False,0.01423,1.654,,0.79,1785645023
All Pools,NOCHILL - WAIFU,0.3,False,0.01405,130.67,,0.01,1785645023
All Pools,LYD - REDWOLF,0.3,False,0.01405,3.977,,0.32,1785645023
All Pools,MU - SOL,0.3,False,0.01396,1.078,,1.18,1785645023
All Pools,FRENXEN - USDC,0.3,False,0.01385,8.409,,0.15,1785645023
All Pools,WETH.e - USDR,0.3,False,0.01377,2.432,,0.52,1785645023
All Pools,USDC - NXUSD,0.3,False,0.0136,3.154,,0.39,1785645023
All Pools,AVAX - HOST,0.3,False,0.01355,1.503,,0.82,1785645023
All Pools,KR - USDC.e,0.3,False,0.01352,11.02,,0.11,1785645023
All Pools,LF - USDT.e,0.3,False,0.01348,0.83349,,1.48,1785645023
All Pools,FRENXEN - aXEN,0.3,False,0.01346,0.21674,,5.67,1785645023
All Pools,Eye - Psychic,0.3,False,0.01333,46.25,,0.03,1785645023
All Pools,KR - AVAX,0.3,False,0.01332,1.364,,0.89,1785645023
All Pools,Psychic - Architect,0.3,False,0.01325,46.25,,0.03,1785645023
All Pools,MEOW - MU,0.3,False,0.01324,1.312,,0.92,1785645023
All Pools,Psychic - Verse,0.3,False,0.01314,46.22,,0.03,1785645023
All Pools,CREAMA - USDC,0.3,False,0.01314,0.02506,,47.87,1785645023
All Pools,Chrism - ChristMark,0.3,False,0.01314,139.62,,0.01,1785645023
All Pools,Psychic - Finish,0.3,False,0.0131,46.21,,0.03,1785645023
All Pools,NaughtiusMaximus - SwiftTaylor,0.3,False,0.01305,4.313,,0.28,1785645023
All Pools,Psychic - YouAndI,0.3,False,0.01303,46.24,,0.03,1785645023
All Pools,Psychic - IAmThatIAm,0.3,False,0.01303,46.25,,0.03,1785645023
All Pools,TRACTOR - USDT.e,0.3,False,0.01303,1.616,,0.74,1785645023
All Pools,AVAX - SwiftTaylor,0.3,False,0.01297,9.93,,0.12,1785645023
All Pools,Psychic - PlotTwist,0.3,False,0.01292,47.29,,0.02,1785645023
All Pools,Psychic - LordJesusChrist,0.3,False,0.01286,44.4,,0.03,1785645023
All Pools,Psychic - PoPo,0.3,False,0.01284,46.25,,0.03,1785645023
All Pools,HOST - DAI.e,0.3,False,0.01283,2.721,,0.43,1785645023
All Pools,Psychic - Time,0.3,False,0.01278,46.24,,0.03,1785645023
All Pools,Psychic - Number,0.3,False,0.01272,46.26,,0.03,1785645023
All Pools,AKA - USDt,0.3,False,0.01269,2.691,,0.43,1785645023
All Pools,AVAX - MUG,0.3,False,0.01263,238.34,,0.0,1785645023
All Pools,Psychic - Qubit,0.3,False,0.01263,46.21,,0.02,1785645023
All Pools,AKA - AVAX,0.3,False,0.01249,1.733,,0.66,1785645023
All Pools,Psychic - TrueStory,0.3,False,0.01241,46.25,,0.02,1785645023
All Pools,Flection - Psychic,0.3,False,0.01238,46.25,,0.02,1785645023
All Pools,Psychic - [i]Lluminati,0.3,False,0.01226,48.05,,0.02,1785645023
All Pools,AI9000 - MU,0.3,False,0.0122,1.017,,1.09,1785645023
All Pools,Psychic - FinityFinity,0.3,False,0.01215,46.26,,0.02,1785645023
All Pools,Psychic - Abracadabra,0.3,False,0.012,46.23,,0.02,1785645023
All Pools,WITCH - USDC,0.3,False,0.01194,1.524,,0.71,1785645023
All Pools,USDt - IMPACT,0.3,False,0.0119,1.669,,0.65,1785645023
All Pools,Psychic - Ups,0.3,False,0.01188,46.25,,0.02,1785645023
All Pools,EagleToken - USDC.e,0.3,False,0.01186,1.998,,0.54,1785645023
All Pools,Psychic - Turtle,0.3,False,0.01183,46.26,,0.02,1785645023
All Pools,Psychic - BiTonic,0.3,False,0.01182,46.32,,0.02,1785645023
All Pools,GRELF[ava] - AVAX,0.3,False,0.01182,848.76,,0.0,1785645023
All Pools,Psychic - Alice,0.3,False,0.01181,46.22,,0.02,1785645023
All Pools,ETHM - AVAX,0.3,False,0.01179,20.5,,0.05,1785645023
All Pools,Psychic - Penny,0.3,False,0.01177,46.25,,0.02,1785645023
All Pools,Psychic - Blessings,0.3,False,0.01177,46.22,,0.02,1785645023
All Pools,EagleToken - AVAX,0.3,False,0.01177,1.592,,0.67,1785645023
All Pools,Psychic - Who,0.3,False,0.01177,46.26,,0.02,1785645023
All Pools,WITCH - AVAX,0.3,False,0.01177,2.039,,0.53,1785645023
All Pools,AVAX - IMPACT,0.3,False,0.01176,2.594,,0.41,1785645023
All Pools,SatoshiNakamoto - Psychic,0.3,False,0.01176,46.25,,0.02,1785645023
All Pools,Psychic - James,0.3,False,0.01174,46.26,,0.02,1785645023
All Pools,Psychic - Bonfire,0.3,False,0.01171,46.25,,0.02,1785645023
All Pools,Psychic - Luck,0.3,False,0.01171,46.25,,0.02,1785645023
All Pools,Psychic - Aquarius,0.3,False,0.01167,46.26,,0.02,1785645023
All Pools,Psychic - Seminole,0.3,False,0.01166,46.22,,0.02,1785645023
All Pools,Psychic - TrumpCard,0.3,False,0.01165,46.26,,0.02,1785645023
All Pools,MU - MUG,0.3,False,0.01164,2295.45,,,1785645023
All Pools,Psychic - Hexagon,0.3,False,0.01158,46.25,,0.02,1785645023
All Pools,Psychic - Mirror,0.3,False,0.01155,46.22,,0.02,1785645023
All Pools,FITFI - USDC.e,0.3,False,0.01155,0.04309,,24.46,1785645023
All Pools,Psychic - Nine,0.3,False,0.01154,46.23,,0.02,1785645023
All Pools,AVAX - MUG,0.3,False,0.01153,0.97823,,1.08,1785645023
All Pools,Psychic - Oracle,0.3,False,0.01153,46.26,,0.02,1785645023
All Pools,Psychic - Vampire,0.3,False,0.0115,46.25,,0.02,1785645023
All Pools,DCAR - USDC,0.3,False,0.01149,55.89,,0.02,1785645023
All Pools,Psychic - RefZip,0.3,False,0.01136,46.24,,0.02,1785645023
All Pools,DCAR - AVAX,0.3,False,0.01131,0.91322,,1.13,1785645023
All Pools,Psychic - Gematria,0.3,False,0.0112,46.25,,0.02,1785645023
All Pools,MU - WAIFU,0.3,False,0.01116,125.31,,0.01,1785645023
All Pools,TEMPO - AVAX,0.3,False,0.01103,2.637,,0.38,1785645023
All Pools,Psychic - Diamonds,0.3,False,0.01096,48.05,,0.02,1785645023
All Pools,MIM - TEMPO,0.3,False,0.0109,5.202,,0.19,1785645023
All Pools,HUSKY - aXEN,0.3,False,0.01089,0.03808,,26.09,1785645023
All Pools,NOCHILL - ARENA,0.3,False,0.01075,0.29281,,3.35,1785645023
All Pools,Psychic - Crypt,0.3,False,0.01073,46.21,,0.02,1785645023
All Pools,SYMBIOT - AVAX,0.3,False,0.01063,1.07,,0.91,1785645023
All Pools,Psychic - Sequence,0.3,False,0.01061,46.25,,0.02,1785645023
All Pools,Trinity - IfYouKnowYouKnow,0.3,False,0.01045,3.109,,0.31,1785645023
All Pools,AI9000 - USDt,0.3,False,0.01044,0.7344,,1.3,1785645023
All Pools,WDAO - AVAX,0.3,False,0.01041,8.633,,0.11,1785645023
All Pools,PNG - REDWOLF,0.3,False,0.01039,3.384,,0.28,1785645023
All Pools,JOE - REDWOLF,0.3,False,0.01032,2.553,,0.37,1785645023
All Pools,WDAO - MIM,0.3,False,0.01031,3.266,,0.29,1785645023
All Pools,MAJIN - REDWOLF,0.3,False,0.01022,4.998,,0.19,1785645023
All Pools,BOI - AVAX,0.3,False,0.01017,21.39,,0.04,1785645023
All Pools,AAVE.e - meGNX,0.3,False,0.01009,3.515,,0.26,1785645023
All Pools,Psychic - Confusion,0.3,False,0.00992,46.25,,0.02,1785645023
All Pools,KIMBO - GAINS,0.3,False,0.00982,0.82571,,1.09,1785645023
All Pools,SBR - AVAX,0.3,False,0.00982,2.841,,0.32,1785645023
All Pools,EGG - USDT.e,0.3,False,0.00975,1.804,,0.49,1785645023
All Pools,MIM - SBR,0.3,False,0.00975,5.932,,0.15,1785645023
All Pools,USDC.e - UST,0.3,False,0.00967,1.486,,0.59,1785645023
All Pools,TECH - AMI,0.3,False,0.00964,1.557,,0.57,1785645023
All Pools,MEAT - MU,0.3,False,0.00962,0.30001,,2.93,1785645023
All Pools,EGG - AVAX,0.3,False,0.00961,1.283,,0.68,1785645023
All Pools,AVAX - NADO,0.3,False,0.00955,1.754,,0.5,1785645023
All Pools,MIM - NADO,0.3,False,0.00948,82.59,,0.01,1785645023
All Pools,RUG - USDC,0.3,False,0.00945,0.90723,,0.95,1785645023
All Pools,CRAFT - USDC.e,0.3,False,0.00936,0.70999,,1.2,1785645023
All Pools,COQ - MEAT,0.3,False,0.00927,0.34189,,2.48,1785645023
All Pools,MIM - RUG,0.3,False,0.00924,0.74225,,1.14,1785645023
All Pools,WETH.e - MU,0.3,False,0.00879,1.808,,0.44,1785645023
All Pools,ChristMark - ChristIAmYou,0.3,False,0.00871,20.11,,0.04,1785645023
All Pools,USDC - AMI,0.3,False,0.00847,0.52556,,1.47,1785645023
All Pools,BTCBR - USDC,0.3,False,0.0084,0.03251,,23.59,1785645023
All Pools,TEDDY - AVAX,0.3,False,0.00837,12.4,,0.06,1785645023
All Pools,LoveIsTheKey - FollowTheWhiteRabbit,0.3,False,0.00835,42.89,,0.02,1785645023
All Pools,3ULL - USDT.e,0.3,False,0.0083,0.55131,,1.37,1785645023
All Pools,BEE - USDT.e,0.3,False,0.00812,31.96,,0.02,1785645023
All Pools,xARENA - ARENA,0.3,False,0.00811,1.139,,0.65,1785645023
All Pools,Stolen - BLACK,0.3,False,0.00807,2.442,,0.3,1785645023
All Pools,GMX - USDt,0.3,False,0.00807,0.35123,,2.1,1785645023
All Pools,BTC.b - SPT,0.3,False,0.00804,0.14366,,5.1,1785645023
All Pools,BEE - AVAX,0.3,False,0.00801,0.66264,,1.1,1785645023
All Pools,zJoe - AMI,0.3,False,0.00796,0.12001,,6.05,1785645023
All Pools,AVAX - WARP,0.3,False,0.00792,1.114,,0.65,1785645023
All Pools,ELXR - USDC.e,0.3,False,0.00779,1037.99,,,1785645023
All Pools,ETHM - DAI.e,0.3,False,0.00768,0.59554,,1.18,1785645023
All Pools,GAINS - MEAT,0.3,False,0.00756,0.52751,,1.31,1785645023
All Pools,HIGHER - AVAX,0.3,False,0.00752,1.177,,0.58,1785645023
All Pools,Who - BLACK,0.3,False,0.00746,2.166,,0.31,1785645023
All Pools,3ULL - USDC,0.3,False,0.00727,0.55165,,1.2,1785645023
All Pools,LIFE - AVAX,0.3,False,0.00723,1.956,,0.34,1785645023
All Pools,MIM - LIFE,0.3,False,0.00716,5.695,,0.11,1785645023
All Pools,WABBIT - AVAX,0.3,False,0.00712,3872.15,,,1785645023
All Pools,USDC - OK,0.3,False,0.0071,1.185,,0.55,1785645023
All Pools,LYD - AVAX,0.3,False,0.00704,0.62723,,1.02,1785645023
All Pools,SYMBIOT - HOST,0.3,False,0.00698,0.5006,,1.27,1785645023
All Pools,USDT.e - CAKE,0.3,False,0.0069,48.11,,0.01,1785645023
All Pools,GMX - JOE,0.3,False,0.00688,0.28075,,2.23,1785645023
All Pools,AVAX - CAKE,0.3,False,0.00683,0.59459,,1.05,1785645023
All Pools,MU - KET,0.3,False,0.00678,0.82907,,0.75,1785645023
All Pools,PNG - USDT.e,0.3,False,0.00677,0.77898,,0.79,1785645023
All Pools,MIM - SPELL,0.3,False,0.00665,1.261,,0.48,1785645023
All Pools,DAI.e - HOST,0.3,False,0.00661,15.08,,0.04,1785645023
All Pools,Hydrogen - BLACK,0.3,False,0.00657,2.184,,0.27,1785645023
All Pools,sAVAX - USDC,0.3,False,0.00653,0.44707,,1.33,1785645023
All Pools,xARENA - USDC,0.3,False,0.00653,0.14219,,4.19,1785645023
All Pools,USV - AVAX,0.3,False,0.00641,0.91298,,0.64,1785645023
All Pools,SOB - LUNA,0.3,False,0.00631,0.7278,,0.79,1785645023
All Pools,SOB - AVAX,0.3,False,0.00627,370.23,,0.0,1785645023
All Pools,SNO Token - JOE,0.3,False,0.00625,43.4,,0.01,1785645023
All Pools,BOI - MU,0.3,False,0.00623,0.39282,,1.45,1785645023
All Pools,SNO Token - AVAX,0.3,False,0.00621,1.03,,0.55,1785645023
All Pools,JOE - zJoe,0.3,False,0.00616,926.63,,,1785645023
All Pools,BEAM - MU,0.3,False,0.0061,0.90921,,0.61,1785645023
All Pools,USDt - TT,0.3,False,0.00608,2.003,,0.28,1785645023
All Pools,WETH - AVAX,0.3,False,0.00599,1.006,,0.54,1785645023
All Pools,GAINS - Degen,0.3,False,0.00587,1.39,,0.39,1785645023
All Pools,USDC - SPT,0.3,False,0.00587,0.19668,,2.72,1785645023
All Pools,FINANCE - NOCHILL,0.3,False,0.00571,343.72,,0.0,1785645023
All Pools,SLOT - USDC.e,0.3,False,0.00556,0.34976,,1.45,1785645023
All Pools,USDC.e - SAGE,0.3,False,0.00552,2.039,,0.25,1785645023
All Pools,CRA - USDC.e,0.3,False,0.00548,0.46014,,1.09,1785645023
All Pools,AVAX - SAGE,0.3,False,0.00545,0.69476,,0.72,1785645023
All Pools,KANA - USDC,0.3,False,0.00541,0.41611,,1.19,1785645023
All Pools,REDWOLF - SHRAP,0.3,False,0.00535,0.74093,,0.66,1785645023
All Pools,KANA - AVAX,0.3,False,0.00535,766.61,,,1785645023
All Pools,SUB - USDC,0.3,False,0.00528,69.17,,0.01,1785645023
All Pools,AMI - JUICY,0.3,False,0.00521,0.47233,,1.01,1785645023
All Pools,SUB - AVAX,0.3,False,0.00521,0.41927,,1.13,1785645023
All Pools,Degen - AMI,0.3,False,0.00518,0.7544,,0.63,1785645023
All Pools,USDT.e - WARP,0.3,False,0.00513,0.81915,,0.57,1785645023
All Pools,AAVE.e - BTCBR,0.3,False,0.00511,0.03255,,14.33,1785645023
All Pools,Degen - DEGEN404,0.3,False,0.00508,216.71,,0.0,1785645023
All Pools,WABBIT - AMI,0.3,False,0.00503,0.76944,,0.6,1785645023
All Pools,HIGHER - AMI,0.3,False,0.00501,1.956,,0.23,1785645023
All Pools,TEDDY - USDC,0.3,False,0.00501,0.37958,,1.2,1785645023
All Pools,AVAX - EDG,0.3,False,0.00486,1.122,,0.4,1785645023
All Pools,MIM - EDG,0.3,False,0.0048,0.88936,,0.49,1785645023
All Pools,SLUSH - USDT.e,0.3,False,0.00467,1.233,,0.35,1785645023
All Pools,SLUSH - AVAX,0.3,False,0.0046,0.54294,,0.77,1785645023
All Pools,AUX - USDC,0.3,False,0.00457,633.04,,,1785645023
All Pools,Gravity - ThreeThreeSeven,0.3,False,0.00451,1.459,,0.28,1785645023
All Pools,AUX - AVAX,0.3,False,0.0045,0.30118,,1.36,1785645023
All Pools,MAXI - AVAX,0.3,False,0.00441,0.64236,,0.63,1785645023
All Pools,GAINS - TECH,0.3,False,0.00434,0.39247,,1.01,1785645023
All Pools,MIM - TEST,0.3,False,0.0042,0.34165,,1.12,1785645023
All Pools,FLOT - COQ,0.3,False,0.0042,0.47894,,0.8,1785645023
All Pools,KIMBO - UNIQOC,0.3,False,0.00418,0.41624,,0.92,1785645023
All Pools,Balln - AMI,0.3,False,0.00418,0.50819,,0.75,1785645023
All Pools,WET - USDT.e,0.3,False,0.00417,0.36023,,1.06,1785645023
All Pools,FLOT - AVAX,0.3,False,0.00416,2787.34,,,1785645023
All Pools,CROWN - AVAX,0.3,False,0.00414,0.42966,,0.88,1785645023
All Pools,tst1 - USDT.e,0.3,False,0.00413,2.594,,0.15,1785645023
All Pools,MIM - CROWN,0.3,False,0.00409,7.582,,0.05,1785645023
All Pools,tst1 - AVAX,0.3,False,0.00408,0.46328,,0.8,1785645023
All Pools,NXPC - USDC,0.3,False,0.00405,0.66988,,0.55,1785645023
All Pools,SolarDAO - USDT.e,0.3,False,0.00401,1.992,,0.18,1785645023
All Pools,NXPC - AVAX,0.3,False,0.00401,0.97403,,0.38,1785645023
All Pools,CAI - AVAX,0.3,False,0.00397,1223.27,,,1785645023
All Pools,COQ - EGG,0.3,False,0.00397,0.36469,,0.99,1785645023
All Pools,BOI - AMI,0.3,False,0.00396,0.26626,,1.36,1785645023
All Pools,SolarDAO - AVAX,0.3,False,0.00395,0.31894,,1.13,1785645023
All Pools,CAI - AMI,0.3,False,0.00392,0.33548,,1.07,1785645023
All Pools,DUO - USDT.e,0.3,False,0.00243,1.667,,0.13,1785645023
