filter,pool_name,fee_percent,has_rewards,volume_24h,liquidity,fees_24h,apr_24h,epoch_time
All Pools,AUSD - USDC,0.01,False,1828657.0,1441795.0,182.6,4.62,1783125161
All Pools,AUSD - USDt,0.01,False,1790741.0,1158084.0,181.6,5.72,1783125161
All Pools,AVAX - USDC,0.05,False,721512.0,391051.0,371.15,34.64,1783125161
All Pools,USDt - USDC,0.005,False,281721.0,366578.0,20.06,2.0,1783125161
All Pools,BENJI - AVAX,0.3,False,266299.0,19.71,665.75,1233065.11,1783125161
All Pools,sAVAX - AVAX,0.01,False,187119.0,64296.0,18.81,10.68,1783125161
All Pools,USDt - USDC,0.01,False,118619.0,163046.0,9.714,2.17,1783125161
All Pools,BTC.b - USDC,0.05,False,41816.0,572062.0,21.36,1.36,1783125161
All Pools,AVAX - USDC,0.3,False,19308.0,355868.0,48.27,4.95,1783125161
All Pools,JOE - USDC.e,0.3,False,17692.0,273120.0,44.23,5.91,1783125161
All Pools,WBTC - BTC.b,0.03,False,16436.0,66256.0,4.957,2.73,1783125161
All Pools,ARENA - AVAX,0.01,False,15469.0,106467.0,1.546,0.53,1783125161
All Pools,MIM - AVAX,0.3,False,15110.0,189369.0,37.77,7.28,1783125161
All Pools,AAVE.e - AVAX,0.3,False,14886.0,257599.0,37.21,5.27,1783125161
All Pools,JOE - AVAX,0.3,False,14643.0,229656.0,36.61,5.82,1783125161
All Pools,AVAX - USDT.e,0.3,False,10910.0,483027.0,27.27,2.06,1783125161
All Pools,COQ - AVAX,0.3,False,10342.0,425071.0,25.86,2.22,1783125161
All Pools,USDC.e - AVAX,0.3,False,10314.0,376963.0,25.78,2.5,1783125161
All Pools,XAVA - AVAX,0.8,False,10041.0,140606.0,80.56,20.91,1783125161
All Pools,USDT.e - USDC,0.02,False,8937.11,50171.0,1.787,1.3,1783125161
All Pools,FOLKS - AVAX,0.25,False,7600.08,36434.0,19.23,19.27,1783125161
All Pools,XAUt0 - USDt,0.04,False,7228.13,25543.0,4.576,6.54,1783125161
All Pools,USDC.e - USDC,0.02,False,7107.47,9735.55,0.71249,2.67,1783125161
All Pools,AVAX - USDt,0.2,False,6651.91,104856.0,13.36,4.65,1783125161
All Pools,USDC - XAVA,0.3,False,6074.08,501118.0,15.19,1.11,1783125161
All Pools,GUN - AVAX,0.25,False,5965.68,26779.0,16.14,22.0,1783125161
All Pools,WETH.e - AVAX,0.3,False,5899.12,376018.0,14.75,1.43,1783125161
All Pools,NXUSD - WXT,0.3,False,5542.02,539048.0,13.86,0.94,1783125161
All Pools,QI - AVAX,0.3,False,5195.9,160661.0,12.99,2.95,1783125161
All Pools,SIERRA - USDC,0.1,False,4965.0,165221.0,5.331,1.18,1783125161
All Pools,WBTC.e - BTC.b,0.03,False,4425.8,223122.0,1.343,0.22,1783125161
All Pools,JPYC - USDC,0.04,False,3994.04,3416.6,3.388,36.2,1783125161
All Pools,USDT.e - USDt,0.02,False,3918.39,44522.0,0.78365,0.64,1783125161
All Pools,AVAX - BTC.b,0.05,False,3795.57,28021.0,2.069,2.7,1783125161
All Pools,DAI.e - USDt,0.25,False,3641.63,27435.0,8.505,11.32,1783125161
All Pools,PRIME - AVAX,0.4,False,3581.78,168167.0,26.91,5.84,1783125161
All Pools,DAI.e - USDC,0.02,False,3059.81,28338.0,0.60316,0.78,1783125161
All Pools,JOE - USDT.e,0.3,False,2889.36,54700.0,7.223,4.82,1783125161
All Pools,USDt - AVAX,0.3,False,2886.02,39637.0,7.215,6.64,1783125161
All Pools,LCPEDU - USDt,0.8,False,2174.91,7699194.0,,,1783125161
All Pools,QI - AVAX,0.25,False,1952.48,8467.01,4.948,21.33,1783125161
All Pools,ORNG - AVAX,0.3,False,1678.09,17528.0,4.195,8.74,1783125161
All Pools,JOE - USDC,0.3,False,1595.92,24844.0,3.99,5.86,1783125161
All Pools,HUNDRED - USDC,0.3,False,1518.49,503712.0,3.796,0.28,1783125161
All Pools,XSEED - AVAX,0.3,False,1447.21,12726.0,3.618,10.38,1783125161
All Pools,ONDOAI - AVAX,0.3,False,1337.36,0.27629,3.343,441684.74,1783125161
All Pools,WBTC.e - AVAX,0.3,False,1266.36,134201.0,3.166,0.86,1783125161
All Pools,EURC - USDC,0.03,False,1199.4,11163.0,0.54537,1.78,1783125161
All Pools,GUN - AVAX,0.1,False,1175.52,18864.0,1.858,3.6,1783125161
All Pools,BTC.b - AVAX,0.3,False,1128.37,109898.0,2.821,0.94,1783125161
All Pools,USDC.e - O3,0.3,False,974.9,297146797.0,2.437,,1783125161
All Pools,BEAM - USDC,0.3,False,966.98,63397.0,2.417,1.39,1783125161
All Pools,LINK.e - AVAX,0.3,False,948.96,39528.0,2.372,2.19,1783125161
All Pools,AVAX - JUICY,0.3,False,888.84,3525.98,2.222,23.0,1783125161
All Pools,USDC.e - USDT.e,0.3,False,759.18,40036.0,1.898,1.73,1783125161
All Pools,SYN - AVAX,0.3,False,729.42,7155.33,1.824,9.3,1783125161
All Pools,AVAX - DAI.e,0.3,False,728.16,29500.0,1.82,2.25,1783125161
All Pools,NOCHILL - AVAX,0.3,False,640.55,59401.0,1.601,0.98,1783125161
All Pools,MUON - AVAX,0.3,False,594.34,38722.0,1.486,1.4,1783125161
All Pools,HERESY - AVAX,0.3,False,510.7,14076.0,1.277,3.31,1783125161
All Pools,USDT.e - USDC,0.02,False,456.64,898.97,0.04868,1.98,1783125161
All Pools,CDK - AVAX,0.25,False,434.77,3641.95,1.089,10.91,1783125161
All Pools,ZRO - AVAX,0.25,False,403.29,1703.98,1.058,22.66,1783125161
All Pools,KLO - AVAX,0.3,False,399.69,12329.0,0.99923,2.96,1783125161
All Pools,XETA - USDC,0.3,False,376.06,4898.86,0.94014,7.0,1783125161
All Pools,NZRt - AVAX,0.3,False,368.64,4385.58,0.92159,7.67,1783125161
All Pools,WLLYX - AVAX,0.1,False,349.76,700.0,0.34995,18.25,1783125161
All Pools,SOLMHYPER - AVAX,0.1,False,349.53,699.54,0.34972,18.25,1783125161
All Pools,BKNGX - AVAX,0.1,False,349.53,699.54,0.34972,18.25,1783125161
All Pools,FIGX - AVAX,0.1,False,349.53,699.54,0.34972,18.25,1783125161
All Pools,HLDR - AVAX,0.1,False,349.53,699.54,0.34972,18.25,1783125161
All Pools,GU - AVAX,0.1,False,349.53,699.54,0.34972,18.25,1783125161
All Pools,CURR - AVAX,0.1,False,349.4,699.28,0.34959,18.25,1783125161
All Pools,YAK - AVAX,0.3,False,349.36,3363.77,0.8734,9.48,1783125161
All Pools,GTF - AVAX,0.1,False,348.61,697.69,0.3488,18.25,1783125161
All Pools,VCOIN - AVAX,0.1,False,348.61,697.69,0.3488,18.25,1783125161
All Pools,SOXL.D - AVAX,0.1,False,348.61,697.69,0.3488,18.25,1783125161
All Pools,DK - AVAX,0.1,False,348.25,696.98,0.34844,18.25,1783125161
All Pools,IMBU - AVAX,0.1,False,348.25,696.98,0.34844,18.25,1783125161
All Pools,AIR - AVAX,0.1,False,348.04,696.56,0.34823,18.25,1783125161
All Pools,BVR - AVAX,0.1,False,348.04,696.56,0.34823,18.25,1783125161
All Pools,CYARB - AVAX,0.1,False,348.04,696.56,0.34823,18.25,1783125161
All Pools,INKEDUSDT - AVAX,0.1,False,347.92,696.31,0.34811,18.25,1783125161
All Pools,ARX - AVAX,0.1,False,347.92,696.31,0.34811,18.25,1783125161
All Pools,SLN - AVAX,0.1,False,347.92,696.31,0.34811,18.25,1783125161
All Pools,MNSTX - AVAX,0.1,False,347.92,696.31,0.34811,18.25,1783125161
All Pools,OPTIMUSELO - AVAX,0.1,False,347.92,696.31,0.34811,18.25,1783125161
All Pools,HYPE - AVAX,0.1,False,347.92,696.31,0.34811,18.25,1783125161
All Pools,TMX - AVAX,0.1,False,347.89,696.25,0.34808,18.25,1783125161
All Pools,WHDX - AVAX,0.1,False,347.89,696.25,0.34808,18.25,1783125161
All Pools,TVPLS - AVAX,0.1,False,347.89,696.25,0.34808,18.25,1783125161
All Pools,SLVX - AVAX,0.1,False,347.89,696.25,0.34808,18.25,1783125161
All Pools,FRXBULLAS - AVAX,0.1,False,347.89,696.25,0.34808,18.25,1783125161
All Pools,GEM - AVAX,0.1,False,347.89,696.25,0.34808,18.25,1783125161
All Pools,ZERO - AVAX,0.1,False,347.88,696.25,0.34808,18.25,1783125161
All Pools,GAMES - AVAX,0.1,False,347.88,696.25,0.34808,18.25,1783125161
All Pools,HLN - AVAX,0.1,False,347.88,696.25,0.34808,18.25,1783125161
All Pools,RSIC - AVAX,0.1,False,347.6,695.67,0.34779,18.25,1783125161
All Pools,UNCOMMONGOODS - AVAX,0.1,False,347.6,695.67,0.34779,18.25,1783125161
All Pools,SN88 - AVAX,0.1,False,347.6,695.67,0.34779,18.25,1783125161
All Pools,SN100 - AVAX,0.1,False,347.6,695.67,0.34779,18.25,1783125161
All Pools,ZREAL - AVAX,0.1,False,347.6,695.67,0.34779,18.25,1783125161
All Pools,CHAOS - AVAX,0.1,False,347.6,695.67,0.34779,18.25,1783125161
All Pools,MGLO - AVAX,0.1,False,347.55,695.58,0.34774,18.25,1783125161
All Pools,PC0000049 - AVAX,0.1,False,347.55,695.58,0.34774,18.25,1783125161
All Pools,SN3 - AVAX,0.1,False,347.55,695.58,0.34774,18.25,1783125161
All Pools,CSCO.D - AVAX,0.1,False,347.55,695.58,0.34774,18.25,1783125161
All Pools,EUROP - AVAX,0.1,False,347.51,695.51,0.34771,18.25,1783125161
All Pools,SN79 - AVAX,0.1,False,347.51,695.51,0.34771,18.25,1783125161
All Pools,DIT - AVAX,0.1,False,347.51,695.51,0.34771,18.25,1783125161
All Pools,SN17 - AVAX,0.1,False,347.51,695.51,0.34771,18.25,1783125161
All Pools,CRVFRAX - AVAX,0.1,False,347.51,695.51,0.34771,18.25,1783125161
All Pools,SN84 - AVAX,0.1,False,347.44,695.37,0.34764,18.25,1783125161
All Pools,BNBHOLDER - AVAX,0.1,False,347.44,695.37,0.34764,18.25,1783125161
All Pools,PUNCH - AVAX,0.1,False,347.26,694.99,0.34745,18.25,1783125161
All Pools,LOBO - AVAX,0.1,False,347.26,694.99,0.34745,18.25,1783125161
All Pools,ERA - AVAX,0.1,False,347.08,694.64,0.34727,18.25,1783125161
All Pools,AI4 - AVAX,0.1,False,347.08,694.64,0.34727,18.25,1783125161
All Pools,BRETTA - AVAX,0.1,False,347.08,694.64,0.34727,18.25,1783125161
All Pools,TAOLOR - AVAX,0.1,False,347.08,694.64,0.34727,18.25,1783125161
All Pools,EUROT - AVAX,0.1,False,347.08,694.64,0.34727,18.25,1783125161
All Pools,CHILLGUY - AVAX,0.1,False,347.08,694.64,0.34727,18.25,1783125161
All Pools,NOTHING - AVAX,0.1,False,346.99,-0.70471,0.34718,-17981.73,1783125161
All Pools,LORE - AVAX,0.1,False,346.95,694.38,0.34714,18.25,1783125161
All Pools,$ROO - AVAX,0.1,False,346.95,694.38,0.34714,18.25,1783125161
All Pools,SCI6900 - AVAX,0.1,False,346.95,694.38,0.34714,18.25,1783125161
All Pools,EOLAS - AVAX,0.1,False,346.95,-0.73918,0.34714,-17141.66,1783125161
All Pools,CHIPS - AVAX,0.1,False,346.95,694.38,0.34714,18.25,1783125161
All Pools,STSHIP - AVAX,0.1,False,346.95,694.38,0.34714,18.25,1783125161
All Pools,SATOSHI - AVAX,0.1,False,346.95,694.38,0.34714,18.25,1783125161
All Pools,KARMA - AVAX,0.1,False,346.95,694.38,0.34714,18.25,1783125161
All Pools,W - AVAX,0.1,False,346.95,694.38,0.34714,18.25,1783125161
All Pools,PIKA - AVAX,0.1,False,346.95,694.38,0.34714,18.25,1783125161
All Pools,LIQ - AVAX,0.1,False,346.95,694.38,0.34714,18.25,1783125161
All Pools,YEETI - AVAX,0.1,False,346.94,694.36,0.34713,18.25,1783125161
All Pools,TDOGE - AVAX,0.1,False,346.94,694.36,0.34713,18.25,1783125161
All Pools,SSHIB - AVAX,0.1,False,346.94,694.36,0.34713,18.25,1783125161
All Pools,TULSA - AVAX,0.1,False,346.94,694.36,0.34713,18.25,1783125161
All Pools,GALO - AVAX,0.1,False,346.94,694.36,0.34713,18.25,1783125161
All Pools,BHIGH - AVAX,0.1,False,346.94,694.36,0.34713,18.25,1783125161
All Pools,ZRW - AVAX,0.1,False,346.7,693.87,0.34689,18.25,1783125161
All Pools,CHMPZ - AVAX,0.1,False,346.49,693.46,0.34668,18.25,1783125161
All Pools,TBOS - AVAX,0.1,False,346.49,693.46,0.34668,18.25,1783125161
All Pools,USDOT - AVAX,0.1,False,346.49,693.46,0.34668,18.25,1783125161
All Pools,KYO - AVAX,0.1,False,346.49,693.46,0.34668,18.25,1783125161
All Pools,DSWAP - AVAX,0.1,False,346.49,693.46,0.34668,18.25,1783125161
All Pools,CHUOI - AVAX,0.1,False,346.4,693.28,0.34659,18.25,1783125161
All Pools,CATCH - AVAX,0.1,False,346.4,693.28,0.34659,18.25,1783125161
All Pools,RUNIX - AVAX,0.1,False,346.4,693.28,0.34659,18.25,1783125161
All Pools,ONSS - AVAX,0.1,False,346.4,693.28,0.34659,18.25,1783125161
All Pools,ONSG - AVAX,0.1,False,346.4,693.28,0.34659,18.25,1783125161
All Pools,T1COW - AVAX,0.1,False,346.4,693.28,0.34659,18.25,1783125161
All Pools,PLUG - AVAX,0.1,False,346.4,693.28,0.34659,18.25,1783125161
All Pools,MORITZ - AVAX,0.1,False,346.39,693.25,0.34658,18.25,1783125161
All Pools,MESSENGER - AVAX,0.1,False,346.39,693.25,0.34658,18.25,1783125161
All Pools,JIWA - AVAX,0.1,False,346.39,693.25,0.34658,18.25,1783125161
All Pools,CC - AVAX,0.1,False,346.39,693.25,0.34658,18.25,1783125161
All Pools,FIREHORSE - AVAX,0.1,False,346.39,693.25,0.34658,18.25,1783125161
All Pools,CULTANIME - AVAX,0.1,False,346.39,693.25,0.34658,18.25,1783125161
All Pools,ENGINE - AVAX,0.1,False,346.22,692.91,0.34641,18.25,1783125161
All Pools,PENG - AVAX,0.1,False,346.22,692.91,0.34641,18.25,1783125161
All Pools,GIGA - AVAX,0.1,False,346.22,692.91,0.34641,18.25,1783125161
All Pools,MBAPEPE - AVAX,0.1,False,346.22,692.91,0.34641,18.25,1783125161
All Pools,HALLOWEEN - AVAX,0.1,False,346.22,692.91,0.34641,18.25,1783125161
All Pools,AOGE - AVAX,0.1,False,346.22,692.91,0.34641,18.25,1783125161
All Pools,BOATKID - AVAX,0.1,False,346.22,692.91,0.34641,18.25,1783125161
All Pools,BEPE - AVAX,0.1,False,346.2,-1.488,0.34639,-8494.06,1783125161
All Pools,ELFIE - AVAX,0.1,False,346.2,692.88,0.34639,18.25,1783125161
All Pools,DAPANG - AVAX,0.1,False,346.1,692.68,0.34629,18.25,1783125161
All Pools,INVESTOR - AVAX,0.1,False,346.1,692.68,0.34629,18.25,1783125161
All Pools,YEE - AVAX,0.1,False,346.1,692.68,0.34629,18.25,1783125161
All Pools,FIREHORSE - AVAX,0.1,False,346.1,692.68,0.34629,18.25,1783125161
All Pools,NESS - AVAX,0.1,False,345.72,696.93,0.34591,18.12,1783125161
All Pools,BTCO.D - AVAX,0.1,False,345.6,691.67,0.34579,18.25,1783125161
All Pools,XSTXAG - AVAX,0.1,False,345.6,691.67,0.34579,18.25,1783125161
All Pools,ETHGUSDTQ - AVAX,0.1,False,345.6,691.67,0.34579,18.25,1783125161
All Pools,USHI - AVAX,0.1,False,345.58,691.64,0.34577,18.25,1783125161
All Pools,SHOW - AVAX,0.1,False,345.58,691.64,0.34577,18.25,1783125161
All Pools,AAMMUNIDAIUSDC - AVAX,0.1,False,345.41,691.29,0.3456,18.25,1783125161
All Pools,OHM - AVAX,0.1,False,345.41,691.29,0.3456,18.25,1783125161
All Pools,AAMMUNIYFIWETH - AVAX,0.1,False,345.41,691.29,0.3456,18.25,1783125161
All Pools,SCALES - AVAX,0.1,False,345.41,691.29,0.3456,18.25,1783125161
All Pools,GURS - AVAX,0.1,False,345.41,691.29,0.3456,18.25,1783125161
All Pools,SQUAD - AVAX,0.1,False,345.35,691.17,0.34554,18.25,1783125161
All Pools,LUM - AVAX,0.1,False,345.35,691.17,0.34554,18.25,1783125161
All Pools,THIRSTCOIN - AVAX,0.1,False,345.35,691.17,0.34554,18.25,1783125161
All Pools,$MAFIA - AVAX,0.1,False,345.35,691.17,0.34554,18.25,1783125161
All Pools,FTT - AVAX,0.1,False,345.35,691.17,0.34554,18.25,1783125161
All Pools,MUZKI - AVAX,0.1,False,345.35,691.17,0.34554,18.25,1783125161
All Pools,CREW - AVAX,0.1,False,345.24,690.96,0.34543,18.25,1783125161
All Pools,ETHS - AVAX,0.1,False,345.24,690.96,0.34543,18.25,1783125161
All Pools,META.D - AVAX,0.1,False,345.17,690.82,0.34536,18.25,1783125161
All Pools,PHNM - AVAX,0.1,False,345.17,690.82,0.34536,18.25,1783125161
All Pools,SUSDT - AVAX,0.1,False,345.17,690.82,0.34536,18.25,1783125161
All Pools,GUSD - AVAX,0.1,False,345.17,690.82,0.34536,18.25,1783125161
All Pools,MK - AVAX,0.1,False,345.17,690.82,0.34536,18.25,1783125161
All Pools,BITO - AVAX,0.1,False,345.17,690.82,0.34536,18.25,1783125161
All Pools,KONG - AVAX,0.1,False,345.17,690.82,0.34536,18.25,1783125161
All Pools,CHESS - AVAX,0.1,False,345.17,690.82,0.34536,18.25,1783125161
All Pools,EMRL.D - AVAX,0.1,False,345.17,-2.522,0.34536,-4998.72,1783125161
All Pools,DMIND - AVAX,0.1,False,345.17,-2.522,0.34536,-4998.72,1783125161
All Pools,AVR - AVAX,0.1,False,345.05,-2.644,0.34524,-4766.71,1783125161
All Pools,$NATION - AVAX,0.1,False,345.05,690.57,0.34524,18.25,1783125161
All Pools,PERL - AVAX,0.1,False,345.01,690.5,0.3452,18.25,1783125161
All Pools,XOR - AVAX,0.1,False,345.01,690.5,0.3452,18.25,1783125161
All Pools,ADDY - AVAX,0.1,False,345.01,690.5,0.3452,18.25,1783125161
All Pools,OPENX - AVAX,0.1,False,345.01,690.5,0.3452,18.25,1783125161
All Pools,GEAR - AVAX,0.1,False,345.01,690.5,0.3452,18.25,1783125161
All Pools,PLSB - AVAX,0.1,False,344.97,690.42,0.34516,18.25,1783125161
All Pools,CFG - AVAX,0.1,False,344.97,690.42,0.34516,18.25,1783125161
All Pools,BONE - AVAX,0.1,False,344.97,690.42,0.34516,18.25,1783125161
All Pools,PHUX - AVAX,0.1,False,344.97,690.42,0.34516,18.25,1783125161
All Pools,GODL - AVAX,0.1,False,344.97,690.42,0.34516,18.25,1783125161
All Pools,VIBE - AVAX,0.1,False,344.97,-2.722,0.34516,-4629.14,1783125161
All Pools,ARGO - AVAX,0.1,False,344.97,690.42,0.34516,18.25,1783125161
All Pools,DUSD - AVAX,0.1,False,344.85,690.18,0.34504,18.25,1783125161
All Pools,GOLDY - AVAX,0.1,False,344.85,690.18,0.34504,18.25,1783125161
All Pools,MOONCAT - AVAX,0.1,False,344.85,690.18,0.34504,18.25,1783125161
All Pools,XCHNG - AVAX,0.1,False,344.85,690.18,0.34504,18.25,1783125161
All Pools,SOLARIS - AVAX,0.1,False,344.85,690.18,0.34504,18.25,1783125161
All Pools,BLEPE - AVAX,0.1,False,344.85,690.18,0.34504,18.25,1783125161
All Pools,WVTRS - AVAX,0.1,False,344.85,690.18,0.34504,18.25,1783125161
All Pools,POX - AVAX,0.1,False,344.78,690.04,0.34497,18.25,1783125161
All Pools,USD+ - AVAX,0.1,False,344.78,690.04,0.34497,18.25,1783125161
All Pools,NVC - AVAX,0.1,False,344.78,690.03,0.34497,18.25,1783125161
All Pools,TTG - AVAX,0.1,False,344.78,690.03,0.34497,18.25,1783125161
All Pools,COLA - AVAX,0.1,False,344.78,690.03,0.34497,18.25,1783125161
All Pools,PRTG - AVAX,0.1,False,344.78,690.03,0.34497,18.25,1783125161
All Pools,SOLANA - AVAX,0.1,False,344.78,690.03,0.34497,18.25,1783125161
All Pools,LTT - AVAX,0.1,False,344.77,690.01,0.34496,18.25,1783125161
All Pools,SHARE - AVAX,0.1,False,344.77,690.01,0.34496,18.25,1783125161
All Pools,FPI - AVAX,0.1,False,344.77,690.01,0.34496,18.25,1783125161
All Pools,ATT - AVAX,0.1,False,344.77,690.01,0.34496,18.25,1783125161
All Pools,ASTRA - AVAX,0.1,False,344.77,690.01,0.34496,18.25,1783125161
All Pools,DRIP - AVAX,0.1,False,344.77,690.01,0.34496,18.25,1783125161
All Pools,LP - YCRV - AVAX,0.1,False,344.75,689.98,0.34494,18.25,1783125161
All Pools,NOP - AVAX,0.1,False,344.75,689.98,0.34494,18.25,1783125161
All Pools,BEEP - AVAX,0.1,False,344.75,689.98,0.34494,18.25,1783125161
All Pools,DEGEN - AVAX,0.1,False,344.75,689.98,0.34494,18.25,1783125161
All Pools,$BOO - AVAX,0.1,False,344.75,-2.942,0.34494,-4279.83,1783125161
All Pools,KEYS - AVAX,0.1,False,344.75,689.98,0.34494,18.25,1783125161
All Pools,SUMMER - AVAX,0.1,False,344.75,689.98,0.34494,18.25,1783125161
All Pools,SHDW - AVAX,0.1,False,344.75,689.98,0.34494,18.25,1783125161
All Pools,XBO - AVAX,0.1,False,344.75,689.97,0.34494,18.25,1783125161
All Pools,VIKTO - AVAX,0.1,False,344.75,689.97,0.34494,18.25,1783125161
All Pools,OSQTH - AVAX,0.1,False,344.75,689.97,0.34494,18.25,1783125161
All Pools,AAMMUNICRVWETH - AVAX,0.1,False,344.71,689.89,0.3449,18.25,1783125161
All Pools,RALLY - AVAX,0.1,False,344.71,689.89,0.3449,18.25,1783125161
All Pools,CVXFXN - AVAX,0.1,False,344.71,689.89,0.3449,18.25,1783125161
All Pools,UNCN - AVAX,0.1,False,344.71,689.89,0.3449,18.25,1783125161
All Pools,BDTC - AVAX,0.1,False,344.71,689.89,0.3449,18.25,1783125161
All Pools,HLX - AVAX,0.1,False,344.71,-2.986,0.3449,-4215.48,1783125161
All Pools,GCX - AVAX,0.1,False,344.71,689.89,0.3449,18.25,1783125161
All Pools,X - AVAX,0.1,False,344.7,689.88,0.34489,18.25,1783125161
All Pools,XRS - AVAX,0.1,False,344.7,689.88,0.34489,18.25,1783125161
All Pools,BUBBA - AVAX,0.1,False,344.7,689.88,0.34489,18.25,1783125161
All Pools,PRO - AVAX,0.1,False,344.7,689.88,0.34489,18.25,1783125161
All Pools,AMT - AVAX,0.1,False,344.7,689.88,0.34489,18.25,1783125161
All Pools,UNI - AVAX,0.1,False,344.7,689.88,0.34489,18.25,1783125161
All Pools,RFRM - AVAX,0.1,False,344.68,689.84,0.34487,18.25,1783125161
All Pools,EPL - AVAX,0.1,False,344.68,689.84,0.34487,18.25,1783125161
All Pools,OPEN - AVAX,0.1,False,344.68,689.84,0.34487,18.25,1783125161
All Pools,SPN - AVAX,0.1,False,344.68,689.84,0.34487,18.25,1783125161
All Pools,ANIMA - AVAX,0.1,False,344.67,689.82,0.34486,18.25,1783125161
All Pools,UNIT - AVAX,0.1,False,344.67,689.82,0.34486,18.25,1783125161
All Pools,ICS - AVAX,0.1,False,344.67,-3.022,0.34486,-4165.29,1783125161
All Pools,BTC20 - AVAX,0.1,False,344.67,689.82,0.34486,18.25,1783125161
All Pools,HF - AVAX,0.1,False,344.67,689.82,0.34486,18.25,1783125161
All Pools,GXE - AVAX,0.1,False,344.67,689.82,0.34486,18.25,1783125161
All Pools,TFT - AVAX,0.1,False,344.67,689.82,0.34486,18.25,1783125161
All Pools,SCURVE - AVAX,0.1,False,344.67,689.81,0.34486,18.25,1783125161
All Pools,THND - AVAX,0.1,False,344.67,689.81,0.34486,18.25,1783125161
All Pools,VUSDC - AVAX,0.1,False,344.67,-3.026,0.34486,-4159.17,1783125161
All Pools,AUDT - AVAX,0.1,False,344.67,689.81,0.34486,18.25,1783125161
All Pools,HADES - AVAX,0.1,False,344.67,-3.026,0.34486,-4159.17,1783125161
All Pools,MSVP - AVAX,0.1,False,344.67,689.81,0.34486,18.25,1783125161
All Pools,STBL - AVAX,0.1,False,344.57,689.62,0.34476,18.25,1783125161
All Pools,TXC - AVAX,0.1,False,344.57,689.62,0.34476,18.25,1783125161
All Pools,PLN - AVAX,0.1,False,344.57,689.62,0.34476,18.25,1783125161
All Pools,HAI - AVAX,0.1,False,344.57,689.62,0.34476,18.25,1783125161
All Pools,FIRE - AVAX,0.1,False,344.57,689.62,0.34476,18.25,1783125161
All Pools,GAMBIT - AVAX,0.1,False,344.57,689.62,0.34476,18.25,1783125161
All Pools,YVYFI - AVAX,0.1,False,344.54,689.55,0.34473,18.25,1783125161
All Pools,HOOLI - AVAX,0.1,False,344.54,689.55,0.34473,18.25,1783125161
All Pools,KZEN - AVAX,0.1,False,344.54,689.55,0.34473,18.25,1783125161
All Pools,OPULENCE - AVAX,0.1,False,344.54,689.55,0.34473,18.25,1783125161
All Pools,VBNT - AVAX,0.1,False,344.54,689.55,0.34473,18.25,1783125161
All Pools,SRDS - AVAX,0.1,False,344.54,689.55,0.34473,18.25,1783125161
All Pools,ADAO - AVAX,0.1,False,344.43,689.34,0.34462,18.25,1783125161
All Pools,EFX - AVAX,0.1,False,344.43,689.34,0.34462,18.25,1783125161
All Pools,MEDIA - AVAX,0.1,False,344.43,689.34,0.34462,18.25,1783125161
All Pools,EXAWBTC - AVAX,0.1,False,344.43,689.34,0.34462,18.25,1783125161
All Pools,MAMBA - AVAX,0.1,False,344.43,689.33,0.34461,18.25,1783125161
All Pools,BMAX - AVAX,0.1,False,344.43,689.33,0.34461,18.25,1783125161
All Pools,ORDER - AVAX,0.1,False,344.39,689.25,0.34458,18.25,1783125161
All Pools,SOLPAD - AVAX,0.1,False,344.32,689.12,0.34451,18.25,1783125161
All Pools,YVSUSHI - AVAX,0.1,False,344.32,689.12,0.34451,18.25,1783125161
All Pools,MIRAI - AVAX,0.1,False,344.32,689.11,0.34451,18.25,1783125161
All Pools,GPX - AVAX,0.1,False,344.32,689.11,0.34451,18.25,1783125161
All Pools,MOB - AVAX,0.1,False,344.32,689.11,0.34451,18.25,1783125161
All Pools,UBI - AVAX,0.1,False,344.25,688.98,0.34444,18.25,1783125161
All Pools,KOGECOIN - AVAX,0.1,False,344.25,688.98,0.34444,18.25,1783125161
All Pools,DYL - AVAX,0.1,False,344.22,688.9,0.3444,18.25,1783125161
All Pools,PEIPEI - AVAX,0.1,False,344.22,688.9,0.3444,18.25,1783125161
All Pools,BIBI - AVAX,0.1,False,344.22,688.9,0.3444,18.25,1783125161
All Pools,ICNX - AVAX,0.1,False,344.19,688.86,0.34438,18.25,1783125161
All Pools,CMKR - AVAX,0.1,False,344.19,-3.501,0.34438,-3590.7,1783125161
All Pools,UOS - AVAX,0.1,False,344.19,688.86,0.34438,18.25,1783125161
All Pools,TOR - AVAX,0.1,False,344.11,688.69,0.34429,18.25,1783125161
All Pools,MARIO - AVAX,0.1,False,344.11,688.69,0.34429,18.25,1783125161
All Pools,MAI - AVAX,0.1,False,344.11,688.69,0.34429,18.25,1783125161
All Pools,WAXE - AVAX,0.1,False,344.11,688.69,0.34429,18.25,1783125161
All Pools,MOLE - AVAX,0.1,False,344.0,-3.696,0.34419,-3399.35,1783125161
All Pools,COVEUSD - AVAX,0.1,False,344.0,688.47,0.34419,18.25,1783125161
All Pools,HAVENX - AVAX,0.1,False,344.0,688.47,0.34419,18.25,1783125161
All Pools,WMSTRX - AVAX,0.1,False,344.0,688.47,0.34419,18.25,1783125161
All Pools,ILAND - AVAX,0.1,False,343.97,688.41,0.34416,18.25,1783125161
All Pools,ETHE.D - AVAX,0.1,False,343.97,688.41,0.34416,18.25,1783125161
All Pools,PEPD - AVAX,0.1,False,343.97,688.41,0.34416,18.25,1783125161
All Pools,FH - AVAX,0.1,False,343.94,688.35,0.34413,18.25,1783125161
All Pools,ICDA - AVAX,0.1,False,343.94,688.35,0.34413,18.25,1783125161
All Pools,VSTX - AVAX,0.1,False,343.94,688.35,0.34413,18.25,1783125161
All Pools,GLXYX - AVAX,0.1,False,343.94,688.35,0.34413,18.25,1783125161
All Pools,IONUSDT - AVAX,0.1,False,343.94,688.35,0.34413,18.25,1783125161
All Pools,PARTICLE - AVAX,0.1,False,343.94,-3.757,0.34413,-3343.46,1783125161
All Pools,MEG - AVAX,0.1,False,343.94,688.35,0.34413,18.25,1783125161
All Pools,RDDT.D - AVAX,0.1,False,343.94,688.35,0.34413,18.25,1783125161
All Pools,BFF - AVAX,0.1,False,343.94,688.35,0.34413,18.25,1783125161
All Pools,RUMI - AVAX,0.1,False,343.94,688.35,0.34413,18.25,1783125161
All Pools,BOAI - AVAX,0.1,False,343.94,688.35,0.34413,18.25,1783125161
All Pools,USUAL - AVAX,0.1,False,343.92,688.32,0.34411,18.25,1783125161
All Pools,GNIMB - AVAX,0.1,False,343.92,688.32,0.34411,18.25,1783125161
All Pools,LOGX - AVAX,0.1,False,343.92,688.32,0.34411,18.25,1783125161
All Pools,OKTO - AVAX,0.1,False,343.92,688.32,0.34411,18.25,1783125161
All Pools,WCMCSAX - AVAX,0.1,False,343.92,688.32,0.34411,18.25,1783125161
All Pools,MLSETH - AVAX,0.1,False,343.92,688.32,0.34411,18.25,1783125161
All Pools,RESERVE - AVAX,0.1,False,343.92,688.32,0.34411,18.25,1783125161
All Pools,PEPEX - AVAX,0.1,False,343.92,688.32,0.34411,18.25,1783125161
All Pools,GIGA - AVAX,0.1,False,343.87,688.21,0.34406,18.25,1783125161
All Pools,PAINT - AVAX,0.1,False,343.87,688.21,0.34406,18.25,1783125161
All Pools,MONKAS - AVAX,0.1,False,343.87,688.21,0.34406,18.25,1783125161
All Pools,SYMX - AVAX,0.1,False,343.87,688.21,0.34406,18.25,1783125161
All Pools,CROW - AVAX,0.1,False,343.87,688.21,0.34406,18.25,1783125161
All Pools,BAT - AVAX,0.1,False,343.87,688.21,0.34406,18.25,1783125161
All Pools,OZ - AVAX,0.1,False,343.67,687.82,0.34386,18.25,1783125161
All Pools,SIVR.D - AVAX,0.1,False,343.67,687.82,0.34386,18.25,1783125161
All Pools,PSYOP - AVAX,0.1,False,343.67,687.82,0.34386,18.25,1783125161
All Pools,LIUSD - AVAX,0.1,False,343.67,687.82,0.34386,18.25,1783125161
All Pools,WEAT.D - AVAX,0.1,False,343.67,687.82,0.34386,18.25,1783125161
All Pools,BUILDOUT - AVAX,0.1,False,343.67,687.82,0.34386,18.25,1783125161
All Pools,CRM - AVAX,0.1,False,343.67,687.82,0.34386,18.25,1783125161
All Pools,FOX - AVAX,0.1,False,343.65,687.77,0.34384,18.25,1783125161
All Pools,DOMEN - AVAX,0.1,False,343.65,687.77,0.34384,18.25,1783125161
All Pools,WCRWDX - AVAX,0.1,False,343.65,687.77,0.34384,18.25,1783125161
All Pools,SOLI - AVAX,0.1,False,343.65,687.77,0.34384,18.25,1783125161
All Pools,STRKX - AVAX,0.1,False,343.65,687.77,0.34384,18.25,1783125161
All Pools,$GREENGOLD - AVAX,0.1,False,343.65,687.77,0.34384,18.25,1783125161
All Pools,YYOLO - AVAX,0.1,False,343.65,687.77,0.34383,18.25,1783125161
All Pools,LSDAI - AVAX,0.1,False,343.65,687.77,0.34383,18.25,1783125161
All Pools,ARKK.D - AVAX,0.1,False,343.62,687.71,0.3438,18.25,1783125161
All Pools,SPTE.D - AVAX,0.1,False,343.62,687.71,0.3438,18.25,1783125161
All Pools,BBESC - AVAX,0.1,False,343.62,-4.077,0.3438,-3078.02,1783125161
All Pools,BLKX - AVAX,0.1,False,343.6,687.68,0.34379,18.25,1783125161
All Pools,RE7RWA - AVAX,0.1,False,343.6,687.68,0.34379,18.25,1783125161
All Pools,USTB - AVAX,0.1,False,343.6,687.68,0.34379,18.25,1783125161
All Pools,PRINT - AVAX,0.1,False,343.6,687.68,0.34379,18.25,1783125161
All Pools,EGG - AVAX,0.1,False,343.6,687.68,0.34379,18.25,1783125161
All Pools,PARK - AVAX,0.1,False,343.6,687.68,0.34379,18.25,1783125161
All Pools,TICKET - AVAX,0.1,False,343.6,687.68,0.34379,18.25,1783125161
All Pools,CARRYTRADEUSDTRYLEVERAGE - AVAX,0.1,False,343.58,687.64,0.34377,18.25,1783125161
All Pools,LINK.E - AVAX,0.1,False,343.58,687.64,0.34377,18.25,1783125161
All Pools,CANDY - AVAX,0.1,False,343.58,687.64,0.34377,18.25,1783125161
All Pools,KARMA - AVAX,0.1,False,343.58,687.64,0.34377,18.25,1783125161
All Pools,SYN - AVAX,0.1,False,343.58,687.64,0.34377,18.25,1783125161
All Pools,SOX3S - AVAX,0.1,False,343.58,687.64,0.34377,18.25,1783125161
All Pools,RT - BUSD0 - AVAX,0.1,False,343.58,687.64,0.34377,18.25,1783125161
All Pools,MPP - AVAX,0.1,False,343.57,687.61,0.34376,18.25,1783125161
All Pools,WAKU - AVAX,0.1,False,343.57,687.61,0.34376,18.25,1783125161
All Pools,SOL10 - AVAX,0.1,False,343.57,687.61,0.34376,18.25,1783125161
All Pools,POLYCUB - AVAX,0.1,False,343.57,687.61,0.34376,18.25,1783125161
All Pools,V.D - AVAX,0.1,False,343.55,687.57,0.34374,18.25,1783125161
All Pools,SMBA - AVAX,0.1,False,343.55,687.57,0.34374,18.25,1783125161
All Pools,AMC - AVAX,0.1,False,343.55,687.57,0.34374,18.25,1783125161
All Pools,EXOD - AVAX,0.1,False,343.55,687.57,0.34374,18.25,1783125161
All Pools,FLOW - AVAX,0.1,False,343.55,687.57,0.34374,18.25,1783125161
All Pools,JRDOLA - AVAX,0.1,False,343.55,687.57,0.34374,18.25,1783125161
All Pools,SDPENDLE - AVAX,0.1,False,343.55,687.57,0.34374,18.25,1783125161
All Pools,RIOT.D - AVAX,0.1,False,343.55,687.57,0.34374,18.25,1783125161
All Pools,DONK - AVAX,0.1,False,343.55,687.57,0.34373,18.25,1783125161
All Pools,TBC - AVAX,0.1,False,343.55,687.57,0.34373,18.25,1783125161
All Pools,INFERRA - AVAX,0.1,False,343.55,687.57,0.34373,18.25,1783125161
All Pools,SCCN - AVAX,0.1,False,343.55,687.57,0.34373,18.25,1783125161
All Pools,FAIR - AVAX,0.1,False,343.55,687.57,0.34373,18.25,1783125161
All Pools,BTCK - AVAX,0.1,False,343.55,687.57,0.34373,18.25,1783125161
All Pools,GRACY - AVAX,0.1,False,343.55,687.57,0.34373,18.25,1783125161
All Pools,MCTP - AVAX,0.1,False,343.55,687.57,0.34373,18.25,1783125161
All Pools,MSP - AVAX,0.1,False,343.54,687.55,0.34373,18.25,1783125161
All Pools,PUNKY - AVAX,0.1,False,343.54,687.55,0.34373,18.25,1783125161
All Pools,SBMT - AVAX,0.1,False,343.54,687.55,0.34373,18.25,1783125161
All Pools,TER - AVAX,0.1,False,343.54,687.55,0.34373,18.25,1783125161
All Pools,FDOS - AVAX,0.1,False,343.54,-4.153,0.34373,-3021.03,1783125161
All Pools,EXPEX - AVAX,0.1,False,343.54,687.55,0.34372,18.25,1783125161
All Pools,BFI - AVAX,0.1,False,343.54,687.55,0.34372,18.25,1783125161
All Pools,TSLA.D - AVAX,0.1,False,343.54,687.55,0.34372,18.25,1783125161
All Pools,TALAX - AVAX,0.1,False,343.54,687.55,0.34372,18.25,1783125161
All Pools,VXX.D - AVAX,0.1,False,343.54,687.55,0.34372,18.25,1783125161
All Pools,CCL.D - AVAX,0.1,False,343.54,687.55,0.34372,18.25,1783125161
All Pools,JLTXX - AVAX,0.1,False,343.54,687.55,0.34372,18.25,1783125161
All Pools,KSWAP - AVAX,0.1,False,343.52,687.51,0.34371,18.25,1783125161
All Pools,PTC - AVAX,0.1,False,343.52,687.51,0.34371,18.25,1783125161
All Pools,WVTRU - AVAX,0.1,False,343.52,687.51,0.34371,18.25,1783125161
All Pools,SCART - AVAX,0.1,False,343.52,687.51,0.34371,18.25,1783125161
All Pools,LAAI - AVAX,0.1,False,343.52,687.51,0.34371,18.25,1783125161
All Pools,SPOS - AVAX,0.1,False,343.52,687.51,0.34371,18.25,1783125161
All Pools,CFI - AVAX,0.1,False,343.52,687.51,0.34371,18.25,1783125161
All Pools,HAWEX - AVAX,0.1,False,343.48,687.44,0.34367,18.25,1783125161
All Pools,AP - AVAX,0.1,False,343.48,687.44,0.34367,18.25,1783125161
All Pools,MLS - AVAX,0.1,False,343.46,687.4,0.34365,18.25,1783125161
All Pools,HUST - AVAX,0.1,False,343.46,687.4,0.34365,18.25,1783125161
All Pools,HUT.D - AVAX,0.1,False,343.46,-4.236,0.34365,-2961.25,1783125161
All Pools,ARX - AVAX,0.1,False,343.46,687.39,0.34365,18.25,1783125161
All Pools,WNFLXX - AVAX,0.1,False,343.46,687.39,0.34365,18.25,1783125161
All Pools,GAME - AVAX,0.1,False,343.46,-4.236,0.34365,-2961.25,1783125161
All Pools,TIME - AVAX,0.1,False,343.46,687.39,0.34365,18.25,1783125161
All Pools,GRAIN - AVAX,0.1,False,343.46,687.39,0.34365,18.25,1783125161
All Pools,NBS - AVAX,0.1,False,343.44,687.36,0.34363,18.25,1783125161
All Pools,LDZ - AVAX,0.1,False,343.44,687.36,0.34363,18.25,1783125161
All Pools,A1X - AVAX,0.1,False,343.44,687.36,0.34363,18.25,1783125161
All Pools,GFTM - AVAX,0.1,False,343.44,687.36,0.34363,18.25,1783125161
All Pools,KNOB - AVAX,0.1,False,343.44,687.36,0.34363,18.25,1783125161
All Pools,XTSY - AVAX,0.1,False,343.44,687.35,0.34363,18.25,1783125161
All Pools,MINTY - AVAX,0.1,False,343.44,687.35,0.34363,18.25,1783125161
All Pools,JUICE - AVAX,0.1,False,343.44,687.35,0.34362,18.25,1783125161
All Pools,WHOODX - AVAX,0.1,False,343.44,687.35,0.34362,18.25,1783125161
All Pools,HYPED - AVAX,0.1,False,343.44,687.35,0.34362,18.25,1783125161
All Pools,FLDX - AVAX,0.1,False,343.44,-4.257,0.34362,-2946.26,1783125161
All Pools,SPORES - AVAX,0.1,False,343.44,-4.257,0.34362,-2946.26,1783125161
All Pools,ZAP - AVAX,0.1,False,343.44,687.35,0.34362,18.25,1783125161
All Pools,LOPO - AVAX,0.1,False,343.44,687.35,0.34362,18.25,1783125161
All Pools,STC - AVAX,0.1,False,343.43,687.34,0.34362,18.25,1783125161
All Pools,LOTUS - AVAX,0.1,False,343.43,687.34,0.34362,18.25,1783125161
All Pools,SPAY - AVAX,0.1,False,343.41,687.3,0.3436,18.25,1783125161
All Pools,BTCN - AVAX,0.1,False,343.41,687.3,0.3436,18.25,1783125161
All Pools,COGNI - AVAX,0.1,False,343.41,687.3,0.3436,18.25,1783125161
All Pools,WBRK.BX - AVAX,0.1,False,343.41,687.3,0.3436,18.25,1783125161
All Pools,LICORE - AVAX,0.1,False,343.41,687.3,0.3436,18.25,1783125161
All Pools,PED - AVAX,0.1,False,343.41,-4.282,0.3436,-2928.92,1783125161
All Pools,KO.D - AVAX,0.1,False,343.4,687.27,0.34359,18.25,1783125161
All Pools,SOLAR - AVAX,0.1,False,343.4,687.27,0.34359,18.25,1783125161
All Pools,RUX - AVAX,0.1,False,343.4,687.27,0.34359,18.25,1783125161
All Pools,GIANTAI - AVAX,0.1,False,343.4,687.27,0.34359,18.25,1783125161
All Pools,MRETH - AVAX,0.1,False,343.4,687.27,0.34359,18.25,1783125161
All Pools,MNT - AVAX,0.1,False,343.4,687.27,0.34359,18.25,1783125161
All Pools,SWIFT - AVAX,0.1,False,343.39,687.26,0.34358,18.25,1783125161
All Pools,NOX - AVAX,0.1,False,343.39,687.26,0.34358,18.25,1783125161
All Pools,SONY.D - AVAX,0.1,False,343.39,687.26,0.34358,18.25,1783125161
All Pools,DIVA - AVAX,0.1,False,343.39,687.26,0.34358,18.25,1783125161
All Pools,OMN - AVAX,0.1,False,343.39,687.26,0.34358,18.25,1783125161
All Pools,HBOX - AVAX,0.1,False,343.39,687.26,0.34358,18.25,1783125161
All Pools,WTMOX - AVAX,0.1,False,343.39,687.26,0.34358,18.25,1783125161
All Pools,BM2K - AVAX,0.1,False,343.38,687.24,0.34357,18.25,1783125161
All Pools,YOOL - AVAX,0.1,False,343.38,-4.31,0.34357,-2909.32,1783125161
All Pools,MCWBTC - AVAX,0.1,False,343.38,687.24,0.34357,18.25,1783125161
All Pools,$AIR - AVAX,0.1,False,343.38,687.24,0.34357,18.25,1783125161
All Pools,WLTK - AVAX,0.1,False,343.38,687.24,0.34357,18.25,1783125161
All Pools,EBAYX - AVAX,0.1,False,343.38,687.24,0.34357,18.25,1783125161
All Pools,ARKB.D - AVAX,0.1,False,343.38,687.24,0.34357,18.25,1783125161
All Pools,LAA - AVAX,0.1,False,343.37,687.21,0.34356,18.25,1783125161
All Pools,YBETH - AVAX,0.1,False,343.37,687.21,0.34356,18.25,1783125161
All Pools,TEQOIN - AVAX,0.1,False,343.37,687.21,0.34356,18.25,1783125161
All Pools,WRAM - AVAX,0.1,False,343.37,687.21,0.34356,18.25,1783125161
All Pools,WCSCOX - AVAX,0.1,False,343.37,687.21,0.34356,18.25,1783125161
All Pools,KETH - AVAX,0.1,False,343.37,687.21,0.34356,18.25,1783125161
All Pools,EVRX - AVAX,0.1,False,343.36,687.2,0.34355,18.25,1783125161
All Pools,TYZ - AVAX,0.1,False,343.36,687.2,0.34355,18.25,1783125161
All Pools,NPERENA - AVAX,0.1,False,343.36,687.2,0.34355,18.25,1783125161
All Pools,CICCA - AVAX,0.1,False,343.36,687.2,0.34355,18.25,1783125161
All Pools,TTT - AVAX,0.1,False,343.36,687.2,0.34355,18.25,1783125161
All Pools,HANDZ - AVAX,0.1,False,343.36,687.2,0.34355,18.25,1783125161
All Pools,YETH - AVAX,0.1,False,343.36,687.2,0.34355,18.25,1783125161
All Pools,LIQUIFY - AVAX,0.1,False,343.35,687.18,0.34354,18.25,1783125161
All Pools,WKG - AVAX,0.1,False,343.35,687.18,0.34354,18.25,1783125161
All Pools,CRAU - AVAX,0.1,False,343.35,687.18,0.34354,18.25,1783125161
All Pools,PT - DUALBTC - AVAX,0.1,False,343.35,687.18,0.34354,18.25,1783125161
All Pools,SANCTUM - AVAX,0.1,False,343.35,687.18,0.34354,18.25,1783125161
All Pools,WXOMX - AVAX,0.1,False,343.35,687.18,0.34354,18.25,1783125161
All Pools,SAX - AVAX,0.1,False,343.35,687.18,0.34354,18.25,1783125161
All Pools,T9 - 5 - AVAX,0.1,False,343.35,687.17,0.34354,18.25,1783125161
All Pools,SFX - AVAX,0.1,False,343.35,687.17,0.34354,18.25,1783125161
All Pools,GOC - AVAX,0.1,False,343.35,687.17,0.34354,18.25,1783125161
All Pools,PGPT - AVAX,0.1,False,343.35,687.17,0.34354,18.25,1783125161
All Pools,OASIS - AVAX,0.1,False,343.35,687.17,0.34354,18.25,1783125161
All Pools,UNMD - AVAX,0.1,False,343.31,687.09,0.3435,18.25,1783125161
All Pools,FRGX - AVAX,0.1,False,343.31,687.09,0.3435,18.25,1783125161
All Pools,YVLINK - AVAX,0.1,False,343.31,687.09,0.3435,18.25,1783125161
All Pools,AABL - AVAX,0.1,False,343.31,687.09,0.3435,18.25,1783125161
All Pools,BUSD - AVAX,0.1,False,343.31,687.09,0.3435,18.25,1783125161
All Pools,GEM - AVAX,0.1,False,343.31,687.09,0.34349,18.25,1783125161
All Pools,LAVE - AVAX,0.1,False,343.31,687.09,0.34349,18.25,1783125161
All Pools,UDAI - AVAX,0.1,False,343.31,687.09,0.34349,18.25,1783125161
All Pools,MEPAD - AVAX,0.1,False,343.31,687.09,0.34349,18.25,1783125161
All Pools,UWU - AVAX,0.1,False,343.31,687.09,0.34349,18.25,1783125161
All Pools,BTCPAY - AVAX,0.1,False,343.31,687.09,0.34349,18.25,1783125161
All Pools,RTO - AVAX,0.1,False,343.31,687.09,0.34349,18.25,1783125161
All Pools,SOFT - AVAX,0.1,False,343.3,687.07,0.34349,18.25,1783125161
All Pools,RUBX - AVAX,0.1,False,343.3,687.07,0.34349,18.25,1783125161
All Pools,SPAD - AVAX,0.1,False,343.29,687.06,0.34348,18.25,1783125161
All Pools,OPLS - AVAX,0.1,False,343.29,687.06,0.34348,18.25,1783125161
All Pools,WAAPLX - AVAX,0.1,False,343.29,687.06,0.34348,18.25,1783125161
All Pools,ARKX.D - AVAX,0.1,False,343.29,687.06,0.34348,18.25,1783125161
All Pools,JPMD - AVAX,0.1,False,343.29,687.06,0.34348,18.25,1783125161
All Pools,BABYX - AVAX,0.1,False,343.29,687.06,0.34348,18.25,1783125161
All Pools,RENA - AVAX,0.1,False,343.29,687.06,0.34348,18.25,1783125161
All Pools,JCT - AVAX,0.1,False,343.29,687.06,0.34348,18.25,1783125161
All Pools,OORT - AVAX,0.1,False,343.26,686.99,0.34345,18.25,1783125161
All Pools,KERC - AVAX,0.1,False,343.26,686.99,0.34345,18.25,1783125161
All Pools,HOOD.D - AVAX,0.1,False,343.26,686.99,0.34345,18.25,1783125161
All Pools,WLINX - AVAX,0.1,False,343.26,686.99,0.34345,18.25,1783125161
All Pools,TAHO - AVAX,0.1,False,343.26,686.99,0.34345,18.25,1783125161
All Pools,FUS - AVAX,0.1,False,343.26,686.99,0.34345,18.25,1783125161
All Pools,SWEETS - AVAX,0.1,False,343.26,686.99,0.34345,18.25,1783125161
All Pools,JPM.D - AVAX,0.1,False,343.24,686.95,0.34343,18.25,1783125161
All Pools,$SPIN - AVAX,0.1,False,343.24,686.95,0.34343,18.25,1783125161
All Pools,UFO.D - AVAX,0.1,False,343.24,686.95,0.34343,18.25,1783125161
All Pools,$BORED - AVAX,0.1,False,343.24,686.95,0.34343,18.25,1783125161
All Pools,TRR - AVAX,0.1,False,343.23,686.94,0.34342,18.25,1783125161
All Pools,AKTA - AVAX,0.1,False,343.23,686.94,0.34342,18.25,1783125161
All Pools,GODE - AVAX,0.1,False,343.23,686.94,0.34342,18.25,1783125161
All Pools,JPGC - AVAX,0.1,False,343.23,686.94,0.34342,18.25,1783125161
All Pools,H2O - AVAX,0.1,False,343.23,686.94,0.34342,18.25,1783125161
All Pools,XED - AVAX,0.1,False,343.23,686.94,0.34342,18.25,1783125161
All Pools,SLMTX - AVAX,0.1,False,343.22,686.92,0.34341,18.25,1783125161
All Pools,NFALCON - AVAX,0.1,False,343.22,686.92,0.34341,18.25,1783125161
All Pools,WACNX - AVAX,0.1,False,343.22,686.92,0.34341,18.25,1783125161
All Pools,MARQ - AVAX,0.1,False,343.22,686.92,0.34341,18.25,1783125161
All Pools,CAS - AVAX,0.1,False,343.22,686.92,0.34341,18.25,1783125161
All Pools,SCORCH - AVAX,0.1,False,343.22,686.92,0.34341,18.25,1783125161
All Pools,LOI - AVAX,0.1,False,343.22,686.92,0.34341,18.25,1783125161
All Pools,BMONEY - AVAX,0.1,False,343.22,686.91,0.34341,18.25,1783125161
All Pools,T99CENTS - AVAX,0.1,False,343.22,686.91,0.34341,18.25,1783125161
All Pools,KAI - AVAX,0.1,False,343.22,686.91,0.34341,18.25,1783125161
All Pools,VPP - AVAX,0.1,False,343.22,-4.475,0.34341,-2801.1,1783125161
All Pools,FRED - AVAX,0.1,False,343.22,686.91,0.34341,18.25,1783125161
All Pools,BIGOD - AVAX,0.1,False,343.22,686.91,0.34341,18.25,1783125161
All Pools,TMG - AVAX,0.1,False,343.22,686.91,0.34341,18.25,1783125161
All Pools,POODLE - AVAX,0.1,False,343.22,686.91,0.34341,18.25,1783125161
All Pools,OFE - AVAX,0.1,False,343.22,-4.477,0.34341,-2799.93,1783125161
All Pools,XPL - AVAX,0.1,False,343.22,686.91,0.34341,18.25,1783125161
All Pools,LOOP - AVAX,0.1,False,343.22,686.91,0.34341,18.25,1783125161
All Pools,CTP - AVAX,0.1,False,343.22,686.91,0.34341,18.25,1783125161
All Pools,CHF24 - AVAX,0.1,False,343.21,686.9,0.3434,18.25,1783125161
All Pools,WAR - AVAX,0.1,False,343.21,686.9,0.3434,18.25,1783125161
All Pools,COSTX - AVAX,0.1,False,343.21,686.9,0.3434,18.25,1783125161
All Pools,NVYLDS - AVAX,0.1,False,343.21,686.9,0.3434,18.25,1783125161
All Pools,XSTBRL - AVAX,0.1,False,343.21,686.9,0.3434,18.25,1783125161
All Pools,GBPA - AVAX,0.1,False,343.21,686.9,0.3434,18.25,1783125161
All Pools,ABG - AVAX,0.1,False,343.21,686.9,0.3434,18.25,1783125161
All Pools,FORCE - AVAX,0.1,False,343.2,686.88,0.34339,18.25,1783125161
All Pools,FOXE - AVAX,0.1,False,343.2,686.88,0.34339,18.25,1783125161
All Pools,GM - AVAX,0.1,False,343.2,686.88,0.34339,18.25,1783125161
All Pools,YELD - AVAX,0.1,False,343.2,686.88,0.34339,18.25,1783125161
All Pools,ANON - AVAX,0.1,False,343.2,686.88,0.34339,18.25,1783125161
All Pools,SMX - AVAX,0.1,False,343.2,686.88,0.34339,18.25,1783125161
All Pools,TOONS - AVAX,0.1,False,343.19,686.86,0.34338,18.25,1783125161
All Pools,KFI - AVAX,0.1,False,343.19,686.86,0.34338,18.25,1783125161
All Pools,RIZZ - AVAX,0.1,False,343.19,686.86,0.34338,18.25,1783125161
All Pools,PC0000037 - AVAX,0.1,False,343.19,686.86,0.34338,18.25,1783125161
All Pools,DROPEE - AVAX,0.1,False,343.19,686.86,0.34338,18.25,1783125161
All Pools,ONYX - AVAX,0.1,False,343.19,686.86,0.34338,18.25,1783125161
All Pools,DEFAI - AVAX,0.1,False,343.19,686.85,0.34338,18.25,1783125161
All Pools,OZONE - AVAX,0.1,False,343.19,686.85,0.34338,18.25,1783125161
All Pools,SWAG - AVAX,0.1,False,343.19,686.85,0.34338,18.25,1783125161
All Pools,NAXI - AVAX,0.1,False,343.18,686.84,0.34337,18.25,1783125161
All Pools,BTH - AVAX,0.1,False,343.18,686.84,0.34337,18.25,1783125161
All Pools,PFE.D - AVAX,0.1,False,343.18,686.84,0.34337,18.25,1783125161
All Pools,DFISH - AVAX,0.1,False,343.18,686.84,0.34337,18.25,1783125161
All Pools,HSDTX - AVAX,0.1,False,343.18,686.84,0.34337,18.25,1783125161
All Pools,ZUG - AVAX,0.1,False,343.18,-4.512,0.34337,-2777.94,1783125161
All Pools,QUDO - AVAX,0.1,False,343.18,686.84,0.34337,18.25,1783125161
All Pools,NUTGV2 - AVAX,0.1,False,343.18,686.84,0.34337,18.25,1783125161
All Pools,BCX - AVAX,0.1,False,343.18,686.84,0.34337,18.25,1783125161
All Pools,CCC - AVAX,0.1,False,343.18,686.84,0.34337,18.25,1783125161
All Pools,YVSNX - AVAX,0.1,False,343.17,686.81,0.34336,18.25,1783125161
All Pools,TREN - AVAX,0.1,False,343.17,686.81,0.34336,18.25,1783125161
All Pools,MURATIAI - AVAX,0.1,False,343.17,686.81,0.34336,18.25,1783125161
All Pools,BASEETHGUSDCQ - AVAX,0.1,False,343.15,686.78,0.34334,18.25,1783125161
All Pools,AGUS - AVAX,0.1,False,343.15,-4.539,0.34334,-2760.68,1783125161
All Pools,JFB - AVAX,0.1,False,343.15,686.78,0.34334,18.25,1783125161
All Pools,LUMOX - AVAX,0.1,False,343.15,686.78,0.34334,18.25,1783125161
All Pools,OXI - AVAX,0.1,False,343.15,686.78,0.34334,18.25,1783125161
All Pools,TKN - AVAX,0.1,False,343.11,686.69,0.34329,18.25,1783125161
All Pools,VXVS - AVAX,0.1,False,343.11,686.69,0.34329,18.25,1783125161
All Pools,FANC - AVAX,0.1,False,343.11,686.69,0.34329,18.25,1783125161
All Pools,AC - AVAX,0.1,False,343.11,-4.587,0.34329,-2731.76,1783125161
All Pools,FREDWILSON - AVAX,0.1,False,343.11,686.69,0.34329,18.25,1783125161
All Pools,TROY - AVAX,0.1,False,343.09,686.66,0.34328,18.25,1783125161
All Pools,PIKU - AVAX,0.1,False,343.09,686.66,0.34328,18.25,1783125161
All Pools,SCR - AVAX,0.1,False,343.09,686.66,0.34328,18.25,1783125161
All Pools,COUPHYPE - AVAX,0.1,False,343.09,686.66,0.34328,18.25,1783125161
All Pools,PHO.D - AVAX,0.1,False,343.09,686.66,0.34328,18.25,1783125161
All Pools,USDSL - AVAX,0.1,False,343.09,686.66,0.34328,18.25,1783125161
All Pools,AUSD - AVAX,0.1,False,343.09,686.66,0.34328,18.25,1783125161
All Pools,SRLN.D - AVAX,0.1,False,343.09,686.65,0.34328,18.25,1783125161
All Pools,EXY - AVAX,0.1,False,343.09,686.65,0.34328,18.25,1783125161
All Pools,NOME - AVAX,0.1,False,343.09,686.65,0.34328,18.25,1783125161
All Pools,REETH - AVAX,0.1,False,343.09,686.65,0.34328,18.25,1783125161
All Pools,AGD - AVAX,0.1,False,343.08,-4.609,0.34327,-2718.76,1783125161
All Pools,PQX - AVAX,0.1,False,343.08,686.64,0.34327,18.25,1783125161
All Pools,MARA.D - AVAX,0.1,False,343.08,-4.609,0.34327,-2718.76,1783125161
All Pools,MADAI - AVAX,0.1,False,343.08,686.64,0.34327,18.25,1783125161
All Pools,WAZNX - AVAX,0.1,False,343.08,686.64,0.34327,18.25,1783125161
All Pools,CR - AVAX,0.1,False,343.08,686.64,0.34327,18.25,1783125161
All Pools,PPT - AVAX,0.1,False,343.05,686.58,0.34324,18.25,1783125161
All Pools,X - AVAX,0.1,False,343.05,686.58,0.34324,18.25,1783125161
All Pools,NEZUKO - AVAX,0.1,False,343.05,686.58,0.34324,18.25,1783125161
All Pools,USDB - AVAX,0.1,False,343.05,686.58,0.34324,18.25,1783125161
All Pools,BULLIEVE - AVAX,0.1,False,343.05,686.58,0.34324,18.25,1783125161
All Pools,BRUH - AVAX,0.1,False,343.05,686.58,0.34324,18.25,1783125161
All Pools,FEVO - AVAX,0.1,False,343.05,686.58,0.34324,18.25,1783125161
All Pools,ONL - AVAX,0.1,False,343.05,686.56,0.34323,18.25,1783125161
All Pools,UPY - AVAX,0.1,False,343.05,686.56,0.34323,18.25,1783125161
All Pools,VGLMR - AVAX,0.1,False,343.05,686.56,0.34323,18.25,1783125161
All Pools,NIAO - AVAX,0.1,False,343.05,686.56,0.34323,18.25,1783125161
All Pools,CRUX - AVAX,0.1,False,343.05,686.56,0.34323,18.25,1783125161
All Pools,MULTI - AVAX,0.1,False,343.05,-4.648,0.34323,-2695.52,1783125161
All Pools,NEX - AVAX,0.1,False,343.05,686.56,0.34323,18.25,1783125161
All Pools,POLLY - AVAX,0.1,False,343.05,686.56,0.34323,18.25,1783125161
All Pools,VST - AVAX,0.1,False,343.05,686.56,0.34323,18.25,1783125161
All Pools,ZLP - AVAX,0.1,False,343.05,686.56,0.34323,18.25,1783125161
All Pools,ROGER - AVAX,0.1,False,343.05,686.56,0.34323,18.25,1783125161
All Pools,YUM - AVAX,0.1,False,343.05,686.56,0.34323,18.25,1783125161
All Pools,STREET - AVAX,0.1,False,343.05,686.56,0.34323,18.25,1783125161
All Pools,XBLD - AVAX,0.1,False,343.04,686.55,0.34323,18.25,1783125161
All Pools,BEBE - AVAX,0.1,False,343.04,-4.654,0.34323,-2692.11,1783125161
All Pools,RUBY - AVAX,0.1,False,343.04,686.55,0.34323,18.25,1783125161
All Pools,U - AVAX,0.1,False,343.04,686.55,0.34323,18.25,1783125161
All Pools,REDUX - AVAX,0.1,False,343.04,686.55,0.34323,18.25,1783125161
All Pools,MC.EUSDC - AVAX,0.1,False,343.04,686.55,0.34323,18.25,1783125161
All Pools,UNIT - AVAX,0.1,False,343.04,686.55,0.34323,18.25,1783125161
All Pools,VITAL - AVAX,0.1,False,343.04,686.55,0.34323,18.25,1783125161
All Pools,GG - AVAX,0.1,False,343.04,686.55,0.34323,18.25,1783125161
All Pools,CMN - AVAX,0.1,False,343.04,686.55,0.34323,18.25,1783125161
All Pools,LUDAMOON - AVAX,0.1,False,343.03,686.53,0.34322,18.25,1783125161
All Pools,WINTCX - AVAX,0.1,False,343.03,686.53,0.34322,18.25,1783125161
All Pools,OSDMC - PRE - AVAX,0.1,False,343.03,686.53,0.34322,18.25,1783125161
All Pools,BLOCK - AVAX,0.1,False,343.01,686.5,0.3432,18.25,1783125161
All Pools,SPETH - AVAX,0.1,False,343.01,686.5,0.3432,18.25,1783125161
All Pools,VEAX - AVAX,0.1,False,343.01,-4.682,0.3432,-2675.67,1783125161
All Pools,AZN.D - AVAX,0.1,False,343.01,686.5,0.3432,18.25,1783125161
All Pools,PST - AVAX,0.1,False,343.01,686.5,0.3432,18.25,1783125161
All Pools,$BMC - AVAX,0.1,False,343.01,686.5,0.3432,18.25,1783125161
All Pools,SOUP - AVAX,0.1,False,343.01,686.5,0.3432,18.25,1783125161
All Pools,SUSDC - AVAX,0.1,False,343.01,686.49,0.3432,18.25,1783125161
All Pools,MNLT - AVAX,0.1,False,343.01,686.49,0.3432,18.25,1783125161
All Pools,NATG - AVAX,0.1,False,343.01,686.49,0.3432,18.25,1783125161
All Pools,WPFEX - AVAX,0.1,False,343.01,686.49,0.3432,18.25,1783125161
All Pools,DENCH - AVAX,0.1,False,343.01,686.49,0.3432,18.25,1783125161
All Pools,BTCW.D - AVAX,0.1,False,343.01,686.49,0.3432,18.25,1783125161
All Pools,PAWDERICK - AVAX,0.1,False,343.01,-4.686,0.3432,-2673.35,1783125161
All Pools,SSETH - AVAX,0.1,False,342.99,686.44,0.34317,18.25,1783125161
All Pools,WCVXX - AVAX,0.1,False,342.99,686.44,0.34317,18.25,1783125161
All Pools,XSTLTC - AVAX,0.1,False,342.99,686.44,0.34317,18.25,1783125161
All Pools,ROBOTS - AVAX,0.1,False,342.99,686.44,0.34317,18.25,1783125161
All Pools,SBET - AVAX,0.1,False,342.99,686.44,0.34317,18.25,1783125161
All Pools,EDS - AVAX,0.1,False,342.99,686.44,0.34317,18.25,1783125161
All Pools,TWB - AVAX,0.1,False,342.98,686.44,0.34317,18.25,1783125161
All Pools,PLVGLP - AVAX,0.1,False,342.98,686.44,0.34317,18.25,1783125161
All Pools,WABBVX - AVAX,0.1,False,342.98,686.44,0.34317,18.25,1783125161
All Pools,IMON - AVAX,0.1,False,342.98,686.44,0.34317,18.25,1783125161
All Pools,YPYMN - AVAX,0.1,False,342.98,686.44,0.34317,18.25,1783125161
All Pools,NVDA.D - AVAX,0.1,False,342.98,686.44,0.34317,18.25,1783125161
All Pools,HORIZON - AVAX,0.1,False,342.98,686.44,0.34317,18.25,1783125161
All Pools,MANKRETH - AVAX,0.1,False,342.98,686.44,0.34317,18.25,1783125161
All Pools,COMA - AVAX,0.1,False,342.98,686.43,0.34317,18.25,1783125161
All Pools,FATSO - AVAX,0.1,False,342.98,686.43,0.34317,18.25,1783125161
All Pools,DGCS - AVAX,0.1,False,342.98,686.43,0.34317,18.25,1783125161
All Pools,BA.D - AVAX,0.1,False,342.98,686.43,0.34317,18.25,1783125161
All Pools,WODO - AVAX,0.1,False,342.96,-4.729,0.34315,-2648.36,1783125161
All Pools,HKAVA - AVAX,0.1,False,342.96,686.4,0.34315,18.25,1783125161
All Pools,DGR - AVAX,0.1,False,342.96,686.4,0.34315,18.25,1783125161
All Pools,TRONX - AVAX,0.1,False,342.96,686.4,0.34315,18.25,1783125161
All Pools,LAN - AVAX,0.1,False,342.96,686.4,0.34315,18.25,1783125161
All Pools,STOCKMARKETTRBASISTRADE - AVAX,0.1,False,342.96,686.4,0.34315,18.25,1783125161
All Pools,ARIES - AVAX,0.1,False,342.96,686.4,0.34315,18.25,1783125161
All Pools,MAG - AVAX,0.1,False,342.96,686.39,0.34314,18.25,1783125161
All Pools,LEE - AVAX,0.1,False,342.96,686.39,0.34314,18.25,1783125161
All Pools,DEZ - AVAX,0.1,False,342.96,686.39,0.34314,18.25,1783125161
All Pools,WAVGOX - AVAX,0.1,False,342.94,686.35,0.34312,18.25,1783125161
All Pools,HDROME - AVAX,0.1,False,342.94,686.35,0.34312,18.25,1783125161
All Pools,LYUSD - AVAX,0.1,False,342.94,686.35,0.34312,18.25,1783125161
All Pools,OBLUE - AVAX,0.1,False,342.94,686.35,0.34312,18.25,1783125161
All Pools,WORCLX - AVAX,0.1,False,342.94,686.35,0.34312,18.25,1783125161
All Pools,TXOR - AVAX,0.1,False,342.93,686.34,0.34312,18.25,1783125161
All Pools,THGOLD - AVAX,0.1,False,342.93,686.34,0.34312,18.25,1783125161
All Pools,MOSETH - AVAX,0.1,False,342.93,686.34,0.34312,18.25,1783125161
All Pools,BRC - AVAX,0.1,False,342.93,686.34,0.34312,18.25,1783125161
All Pools,TORR - AVAX,0.1,False,342.93,686.34,0.34312,18.25,1783125161
All Pools,RAA - AVAX,0.1,False,342.93,686.34,0.34312,18.25,1783125161
All Pools,HBTC - AVAX,0.1,False,342.93,686.34,0.34312,18.25,1783125161
All Pools,SPUSDC - AVAX,0.1,False,342.93,686.33,0.34312,18.25,1783125161
All Pools,PURRZIVAL - AVAX,0.1,False,342.93,686.33,0.34312,18.25,1783125161
All Pools,KBK - AVAX,0.1,False,342.93,686.33,0.34312,18.25,1783125161
All Pools,CATMOUSE - AVAX,0.1,False,342.93,686.33,0.34312,18.25,1783125161
All Pools,WPMX - AVAX,0.1,False,342.93,686.33,0.34312,18.25,1783125161
All Pools,MCD.D - AVAX,0.1,False,342.93,686.33,0.34312,18.25,1783125161
All Pools,PGRE - AVAX,0.1,False,342.93,686.33,0.34312,18.25,1783125161
All Pools,LOA - AVAX,0.1,False,342.93,686.33,0.34312,18.25,1783125161
All Pools,SLT - AVAX,0.1,False,342.93,686.33,0.34312,18.25,1783125161
All Pools,QUAN - AVAX,0.1,False,342.93,686.33,0.34312,18.25,1783125161
All Pools,MXNA - AVAX,0.1,False,342.92,686.32,0.34311,18.25,1783125161
All Pools,HECTO - AVAX,0.1,False,342.92,-4.772,0.34311,-2624.24,1783125161
All Pools,ZP - AVAX,0.1,False,342.92,686.32,0.34311,18.25,1783125161
All Pools,GREAT - AVAX,0.1,False,342.91,686.29,0.3431,18.25,1783125161
All Pools,PRI - AVAX,0.1,False,342.91,686.29,0.3431,18.25,1783125161
All Pools,MDBL - AVAX,0.1,False,342.91,-4.784,0.3431,-2617.53,1783125161
All Pools,AIL - AVAX,0.1,False,342.91,686.28,0.34309,18.25,1783125161
All Pools,MEMEX - AVAX,0.1,False,342.91,686.28,0.34309,18.25,1783125161
All Pools,HTD - AVAX,0.1,False,342.91,686.28,0.34309,18.25,1783125161
All Pools,MVEDA - AVAX,0.1,False,342.91,686.28,0.34309,18.25,1783125161
All Pools,TATE - AVAX,0.1,False,342.91,-4.788,0.34309,-2615.64,1783125161
All Pools,TOWELI - AVAX,0.1,False,342.91,686.28,0.34309,18.25,1783125161
All Pools,QNS - AVAX,0.1,False,342.89,-4.807,0.34307,-2604.93,1783125161
All Pools,WAMZNX - AVAX,0.1,False,342.89,686.25,0.34307,18.25,1783125161
All Pools,ROSE - AVAX,0.1,False,342.89,-4.807,0.34307,-2604.93,1783125161
All Pools,LIBFI - AVAX,0.1,False,342.89,686.25,0.34307,18.25,1783125161
All Pools,BDT - AVAX,0.1,False,342.89,686.25,0.34307,18.25,1783125161
All Pools,ATV111 - AVAX,0.1,False,342.89,686.25,0.34307,18.25,1783125161
All Pools,CLYC - AVAX,0.1,False,342.89,686.25,0.34307,18.25,1783125161
All Pools,ZEROS - AVAX,0.1,False,342.87,686.21,0.34306,18.25,1783125161
All Pools,EUCLID - AVAX,0.1,False,342.87,686.21,0.34306,18.25,1783125161
All Pools,SOLAR - AVAX,0.1,False,342.87,686.21,0.34306,18.25,1783125161
All Pools,OPCH - AVAX,0.1,False,342.87,686.21,0.34306,18.25,1783125161
All Pools,TT - AVAX,0.1,False,342.87,686.21,0.34306,18.25,1783125161
All Pools,BTMT - AVAX,0.1,False,342.87,686.21,0.34306,18.25,1783125161
All Pools,HUDL - AVAX,0.1,False,342.87,686.21,0.34306,18.25,1783125161
All Pools,NAEST - AVAX,0.1,False,342.87,686.21,0.34306,18.25,1783125161
All Pools,BOYSCLUB - AVAX,0.1,False,342.87,686.21,0.34306,18.25,1783125161
All Pools,JBC - AVAX,0.1,False,342.87,686.21,0.34306,18.25,1783125161
All Pools,HIVE - AVAX,0.1,False,342.87,686.21,0.34306,18.25,1783125161
All Pools,IQ - AVAX,0.1,False,342.87,686.21,0.34306,18.25,1783125161
All Pools,CIRCLE - AVAX,0.1,False,342.84,686.16,0.34303,18.25,1783125161
All Pools,ORB7 - AVAX,0.1,False,342.84,686.16,0.34303,18.25,1783125161
All Pools,LOGG - AVAX,0.1,False,342.84,686.16,0.34303,18.25,1783125161
All Pools,SOMT - AVAX,0.1,False,342.84,686.16,0.34303,18.25,1783125161
All Pools,AEUSD - AVAX,0.1,False,342.84,686.16,0.34303,18.25,1783125161
All Pools,IBIT.D - AVAX,0.1,False,342.84,686.16,0.34303,18.25,1783125161
All Pools,FFRAX - AVAX,0.1,False,342.84,686.16,0.34303,18.25,1783125161
All Pools,RTG - AVAX,0.1,False,342.84,686.16,0.34303,18.25,1783125161
All Pools,MCBETH - AVAX,0.1,False,342.84,686.16,0.34303,18.25,1783125161
All Pools,DMU - AVAX,0.1,False,342.84,686.16,0.34303,18.25,1783125161
All Pools,POWER - AVAX,0.1,False,342.84,686.16,0.34303,18.25,1783125161
All Pools,WAPPX - AVAX,0.1,False,342.84,686.16,0.34303,18.25,1783125161
All Pools,MWBETH - AVAX,0.1,False,342.84,686.16,0.34303,18.25,1783125161
All Pools,LCOM - AVAX,0.1,False,342.82,686.11,0.34301,18.25,1783125161
All Pools,CRISIS - AVAX,0.1,False,342.82,-4.876,0.34301,-2567.66,1783125161
All Pools,WMDTX - AVAX,0.1,False,342.82,686.11,0.34301,18.25,1783125161
All Pools,$SUSHI - AVAX,0.1,False,342.82,686.11,0.34301,18.25,1783125161
All Pools,MAGICGLP - AVAX,0.1,False,342.82,686.11,0.34301,18.25,1783125161
All Pools,HOU - AVAX,0.1,False,342.82,686.11,0.34301,18.25,1783125161
All Pools,ZRS - AVAX,0.1,False,342.82,686.11,0.34301,18.25,1783125161
All Pools,ANSEM - AVAX,0.1,False,342.82,696.25,0.34301,17.98,1783125161
All Pools,NCT - AVAX,0.1,False,342.82,686.11,0.34301,18.25,1783125161
All Pools,MBDAO - AVAX,0.1,False,342.82,686.11,0.34301,18.25,1783125161
All Pools,SPADE - AVAX,0.1,False,342.82,686.11,0.34301,18.25,1783125161
All Pools,$YIELD - AVAX,0.1,False,342.82,686.11,0.34301,18.25,1783125161
All Pools,EGX - AVAX,0.1,False,342.82,686.11,0.34301,18.25,1783125161
All Pools,BALL - AVAX,0.1,False,342.81,686.1,0.343,18.25,1783125161
All Pools,CORX - AVAX,0.1,False,342.81,686.1,0.343,18.25,1783125161
All Pools,MPIX - AVAX,0.1,False,342.81,686.1,0.343,18.25,1783125161
All Pools,EIOB - AVAX,0.1,False,342.81,686.1,0.343,18.25,1783125161
All Pools,ZEUS - AVAX,0.1,False,342.81,-4.879,0.343,-2565.81,1783125161
All Pools,OASIS - AVAX,0.1,False,342.81,686.1,0.343,18.25,1783125161
All Pools,CSWAP - AVAX,0.1,False,342.8,686.08,0.34299,18.25,1783125161
All Pools,MEMBER - AVAX,0.1,False,342.8,686.08,0.34299,18.25,1783125161
All Pools,SENSO - AVAX,0.1,False,342.8,686.08,0.34299,18.25,1783125161
All Pools,YVAAVE - AVAX,0.1,False,342.79,686.05,0.34298,18.25,1783125161
All Pools,RAWR - AVAX,0.1,False,342.79,-4.904,0.34298,-2552.82,1783125161
All Pools,HISS - AVAX,0.1,False,342.79,-4.904,0.34298,-2552.82,1783125161
All Pools,BYTES - AVAX,0.1,False,342.79,686.05,0.34298,18.25,1783125161
All Pools,TPAD - AVAX,0.1,False,342.79,686.05,0.34298,18.25,1783125161
All Pools,GD - AVAX,0.1,False,342.79,686.05,0.34298,18.25,1783125161
All Pools,SDG - AVAX,0.1,False,342.78,686.04,0.34297,18.25,1783125161
All Pools,EMAX - AVAX,0.1,False,342.78,686.04,0.34297,18.25,1783125161
All Pools,STICKBUG - AVAX,0.1,False,342.78,686.04,0.34297,18.25,1783125161
All Pools,NGPRIME - AVAX,0.1,False,342.78,686.04,0.34297,18.25,1783125161
All Pools,PETS - AVAX,0.1,False,342.78,686.04,0.34297,18.25,1783125161
All Pools,THUSD - AVAX,0.1,False,342.78,686.04,0.34297,18.25,1783125161
All Pools,BUFF - AVAX,0.1,False,342.78,686.04,0.34297,18.25,1783125161
All Pools,DAYL - AVAX,0.1,False,342.78,686.04,0.34297,18.25,1783125161
All Pools,FSX - AVAX,0.1,False,342.78,686.04,0.34297,18.25,1783125161
All Pools,AET - AVAX,0.1,False,342.78,686.04,0.34297,18.25,1783125161
All Pools,BENG - AVAX,0.1,False,342.77,-4.927,0.34295,-2540.63,1783125161
All Pools,SDCRV - AVAX,0.1,False,342.77,686.01,0.34295,18.25,1783125161
All Pools,CONAN - AVAX,0.1,False,342.77,686.01,0.34295,18.25,1783125161
All Pools,MIXER - AVAX,0.1,False,342.77,-4.927,0.34295,-2540.63,1783125161
All Pools,OIL - AVAX,0.1,False,342.77,686.01,0.34295,18.25,1783125161
All Pools,VSL - AVAX,0.1,False,342.77,686.01,0.34295,18.25,1783125161
All Pools,TIX - AVAX,0.1,False,342.77,686.01,0.34295,18.25,1783125161
All Pools,DUBI - AVAX,0.1,False,342.77,686.01,0.34295,18.25,1783125161
All Pools,USAD - AVAX,0.1,False,342.76,686.0,0.34295,18.25,1783125161
All Pools,SX - AVAX,0.1,False,342.76,686.0,0.34295,18.25,1783125161
All Pools,POLIS - AVAX,0.1,False,342.76,686.0,0.34295,18.25,1783125161
All Pools,MORK - AVAX,0.1,False,342.76,-4.928,0.34295,-2539.91,1783125161
All Pools,WEB3 - AVAX,0.1,False,342.76,686.0,0.34295,18.25,1783125161
All Pools,IKAS - AVAX,0.1,False,342.75,685.98,0.34294,18.25,1783125161
All Pools,COKE - AVAX,0.1,False,342.75,685.98,0.34294,18.25,1783125161
All Pools,CPET - AVAX,0.1,False,342.75,685.98,0.34294,18.25,1783125161
All Pools,XOC - AVAX,0.1,False,342.75,685.98,0.34294,18.25,1783125161
All Pools,PAC - AVAX,0.1,False,342.75,685.98,0.34294,18.25,1783125161
All Pools,WGSX - AVAX,0.1,False,342.75,685.98,0.34294,18.25,1783125161
All Pools,CQX - AVAX,0.1,False,342.75,685.98,0.34294,18.25,1783125161
All Pools,MORPH - AVAX,0.1,False,342.75,685.97,0.34294,18.25,1783125161
All Pools,ESS - AVAX,0.1,False,342.75,685.97,0.34294,18.25,1783125161
All Pools,LUCIA - AVAX,0.1,False,342.75,685.97,0.34294,18.25,1783125161
All Pools,HDL - AVAX,0.1,False,342.75,685.97,0.34294,18.25,1783125161
All Pools,NPT - AVAX,0.1,False,342.74,685.96,0.34293,18.25,1783125161
All Pools,PULS - AVAX,0.1,False,342.74,685.96,0.34293,18.25,1783125161
All Pools,NACKL - AVAX,0.1,False,342.74,685.96,0.34293,18.25,1783125161
All Pools,CCT - AVAX,0.1,False,342.74,685.96,0.34293,18.25,1783125161
All Pools,HEDGEHOG - AVAX,0.1,False,342.74,685.96,0.34293,18.25,1783125161
All Pools,PAPYRUS - AVAX,0.1,False,342.74,685.96,0.34293,18.25,1783125161
All Pools,URA - AVAX,0.1,False,342.74,685.96,0.34293,18.25,1783125161
All Pools,AUSDC - AVAX,0.1,False,342.74,685.95,0.34293,18.25,1783125161
All Pools,WDHRX - AVAX,0.1,False,342.74,685.95,0.34293,18.25,1783125161
All Pools,CONET - AVAX,0.1,False,342.72,685.92,0.34291,18.25,1783125161
All Pools,ITLG - AVAX,0.1,False,342.72,685.92,0.34291,18.25,1783125161
All Pools,TRW - AVAX,0.1,False,342.72,685.92,0.34291,18.25,1783125161
All Pools,COIN.D - AVAX,0.1,False,342.72,685.92,0.34291,18.25,1783125161
All Pools,WCRMX - AVAX,0.1,False,342.72,685.92,0.34291,18.25,1783125161
All Pools,POCKET - AVAX,0.1,False,342.72,685.92,0.34291,18.25,1783125161
All Pools,BCL - AVAX,0.1,False,342.72,685.92,0.34291,18.25,1783125161
All Pools,RPTR - AVAX,0.1,False,342.72,685.92,0.34291,18.25,1783125161
All Pools,GS - AVAX,0.1,False,342.72,685.92,0.34291,18.25,1783125161
All Pools,CBUNNY - AVAX,0.1,False,342.72,685.92,0.34291,18.25,1783125161
All Pools,USDSUI - AVAX,0.1,False,342.72,685.92,0.34291,18.25,1783125161
All Pools,FINE - AVAX,0.1,False,342.72,685.92,0.34291,18.25,1783125161
All Pools,GRAMG - AVAX,0.1,False,342.72,685.92,0.34291,18.25,1783125161
All Pools,XO - AVAX,0.1,False,342.71,685.9,0.3429,18.25,1783125161
All Pools,SPUS.D - AVAX,0.1,False,342.71,685.9,0.3429,18.25,1783125161
All Pools,GODEN - AVAX,0.1,False,342.71,685.9,0.3429,18.25,1783125161
All Pools,PHOTON - AVAX,0.1,False,342.71,685.9,0.3429,18.25,1783125161
All Pools,YTIME - AVAX,0.1,False,342.71,685.9,0.3429,18.25,1783125161
All Pools,INT - AVAX,0.1,False,342.71,685.9,0.3429,18.25,1783125161
All Pools,GBTC.D - AVAX,0.1,False,342.71,685.9,0.3429,18.25,1783125161
All Pools,LFG - AVAX,0.1,False,342.7,685.88,0.34289,18.25,1783125161
All Pools,ADACASH - AVAX,0.1,False,342.7,685.88,0.34289,18.25,1783125161
All Pools,TRIO - AVAX,0.1,False,342.7,685.88,0.34289,18.25,1783125161
All Pools,QTCC - AVAX,0.1,False,342.7,685.88,0.34289,18.25,1783125161
All Pools,KING - AVAX,0.1,False,342.7,685.88,0.34289,18.25,1783125161
All Pools,ELP - AVAX,0.1,False,342.7,685.88,0.34289,18.25,1783125161
All Pools,LUEYGI - AVAX,0.1,False,342.7,685.87,0.34289,18.25,1783125161
All Pools,ALINK - AVAX,0.1,False,342.7,685.87,0.34289,18.25,1783125161
All Pools,AICRE8 - AVAX,0.1,False,342.7,685.87,0.34289,18.25,1783125161
All Pools,BOOST - AVAX,0.1,False,342.7,685.87,0.34289,18.25,1783125161
All Pools,LLM - AVAX,0.1,False,342.7,685.87,0.34289,18.25,1783125161
All Pools,SEUR0 - AVAX,0.1,False,342.7,685.87,0.34289,18.25,1783125161
All Pools,RKLBX - AVAX,0.1,False,342.7,685.87,0.34289,18.25,1783125161
All Pools,PULSR - AVAX,0.1,False,342.7,685.87,0.34289,18.25,1783125161
All Pools,DCO - AVAX,0.1,False,342.68,685.84,0.34287,18.25,1783125161
All Pools,CFES - AVAX,0.1,False,342.68,685.84,0.34287,18.25,1783125161
All Pools,IOI - AVAX,0.1,False,342.68,-5.01,0.34287,-2498.18,1783125161
All Pools,KEEP - AVAX,0.1,False,342.68,685.84,0.34287,18.25,1783125161
All Pools,VOY - AVAX,0.1,False,342.68,685.84,0.34287,18.25,1783125161
All Pools,ILLU - AVAX,0.1,False,342.68,685.83,0.34287,18.25,1783125161
All Pools,GBTC - AVAX,0.1,False,342.68,685.83,0.34287,18.25,1783125161
All Pools,ZAM - AVAX,0.1,False,342.68,-5.013,0.34287,-2496.65,1783125161
All Pools,TANGO - AVAX,0.1,False,342.68,685.83,0.34287,18.25,1783125161
All Pools,DSS - AVAX,0.1,False,342.68,685.83,0.34287,18.25,1783125161
All Pools,AIAB - AVAX,0.1,False,342.68,685.83,0.34287,18.25,1783125161
All Pools,DAMOON - AVAX,0.1,False,342.68,685.83,0.34287,18.25,1783125161
All Pools,NXA - AVAX,0.1,False,342.68,685.83,0.34287,18.25,1783125161
All Pools,ARENA - AVAX,0.1,False,342.68,685.83,0.34287,18.25,1783125161
All Pools,VICPAY - AVAX,0.1,False,342.67,685.81,0.34286,18.25,1783125161
All Pools,ZEUM - AVAX,0.1,False,342.67,685.81,0.34286,18.25,1783125161
All Pools,GCR - AVAX,0.1,False,342.67,685.81,0.34286,18.25,1783125161
All Pools,INFO - AVAX,0.1,False,342.67,685.81,0.34286,18.25,1783125161
All Pools,TEM - AVAX,0.1,False,342.67,685.81,0.34286,18.25,1783125161
All Pools,CTB - AVAX,0.1,False,342.67,685.81,0.34286,18.25,1783125161
All Pools,CNR - AVAX,0.1,False,342.65,685.78,0.34284,18.25,1783125161
All Pools,YCT - AVAX,0.1,False,342.65,685.78,0.34284,18.25,1783125161
All Pools,IXIR - AVAX,0.1,False,342.65,685.78,0.34284,18.25,1783125161
All Pools,BABYMYRO - AVAX,0.1,False,342.65,685.78,0.34284,18.25,1783125161
All Pools,MOCKJUP - AVAX,0.1,False,342.65,685.78,0.34284,18.25,1783125161
All Pools,COSMIC - AVAX,0.1,False,342.65,685.78,0.34284,18.25,1783125161
All Pools,APES - AVAX,0.1,False,342.65,685.77,0.34284,18.25,1783125161
All Pools,CXPAD - AVAX,0.1,False,342.65,685.77,0.34284,18.25,1783125161
All Pools,MLUM - AVAX,0.1,False,342.65,685.77,0.34284,18.25,1783125161
All Pools,BLUP - AVAX,0.1,False,342.65,685.77,0.34284,18.25,1783125161
All Pools,CEM - AVAX,0.1,False,342.64,685.75,0.34283,18.25,1783125161
All Pools,ELS - AVAX,0.1,False,342.64,685.75,0.34283,18.25,1783125161
All Pools,GOLD8 - AVAX,0.1,False,342.64,685.75,0.34283,18.25,1783125161
All Pools,XCCX - AVAX,0.1,False,342.63,685.73,0.34282,18.25,1783125161
All Pools,ZETRIX - AVAX,0.1,False,342.63,685.73,0.34282,18.25,1783125161
All Pools,UM - AVAX,0.1,False,342.63,-5.063,0.34282,-2471.56,1783125161
All Pools,NOVA - AVAX,0.1,False,342.63,685.73,0.34282,18.25,1783125161
All Pools,BCA - AVAX,0.1,False,342.63,685.73,0.34282,18.25,1783125161
All Pools,GALGO - AVAX,0.1,False,342.63,685.73,0.34282,18.25,1783125161
All Pools,ARM - WS - OS - AVAX,0.1,False,342.62,685.72,0.34281,18.25,1783125161
All Pools,CC - AVAX,0.1,False,342.62,685.72,0.34281,18.25,1783125161
All Pools,XSTABLE - AVAX,0.1,False,342.62,685.72,0.34281,18.25,1783125161
All Pools,MORPHO - AVAX,0.1,False,342.62,685.72,0.34281,18.25,1783125161
All Pools,BLIFE - AVAX,0.1,False,342.62,685.72,0.34281,18.25,1783125161
All Pools,STUSD - AVAX,0.1,False,342.62,685.72,0.34281,18.25,1783125161
All Pools,KPK - AVAX,0.1,False,342.62,685.72,0.34281,18.25,1783125161
All Pools,SKULL - AVAX,0.1,False,342.62,685.72,0.34281,18.25,1783125161
All Pools,FTM - AVAX,0.1,False,342.62,685.72,0.34281,18.25,1783125161
All Pools,VITAFOXO - AVAX,0.1,False,342.62,685.72,0.34281,18.25,1783125161
All Pools,LIQD - AVAX,0.1,False,342.62,685.72,0.34281,18.25,1783125161
All Pools,CICC - AVAX,0.1,False,342.62,685.72,0.34281,18.25,1783125161
All Pools,BOBO - AVAX,0.1,False,342.61,685.7,0.3428,18.25,1783125161
All Pools,MULTI - AVAX,0.1,False,342.61,685.7,0.3428,18.25,1783125161
All Pools,HWL - AVAX,0.1,False,342.61,685.7,0.3428,18.25,1783125161
All Pools,MAPE - AVAX,0.1,False,342.61,685.7,0.3428,18.25,1783125161
All Pools,GEC - AVAX,0.1,False,342.61,-5.082,0.3428,-2462.21,1783125161
All Pools,PEEPA - AVAX,0.1,False,342.61,685.7,0.3428,18.25,1783125161
All Pools,ING - AVAX,0.1,False,342.61,685.68,0.34279,18.25,1783125161
All Pools,ULAB - AVAX,0.1,False,342.61,685.68,0.34279,18.25,1783125161
All Pools,SSUI - AVAX,0.1,False,342.61,685.68,0.34279,18.25,1783125161
All Pools,DRIP - AVAX,0.1,False,342.61,685.68,0.34279,18.25,1783125161
All Pools,MUFFIN - AVAX,0.1,False,342.61,685.68,0.34279,18.25,1783125161
All Pools,PONGO - AVAX,0.1,False,342.61,685.68,0.34279,18.25,1783125161
All Pools,AEDZ - AVAX,0.1,False,342.59,685.65,0.34278,18.25,1783125161
All Pools,FONQ - AVAX,0.1,False,342.59,-5.104,0.34278,-2451.41,1783125161
All Pools,PUSDC.E - AVAX,0.1,False,342.59,685.65,0.34278,18.25,1783125161
All Pools,JACK - AVAX,0.1,False,342.59,685.65,0.34278,18.25,1783125161
All Pools,AXPX - AVAX,0.1,False,342.59,-5.104,0.34278,-2451.41,1783125161
All Pools,SCRX - AVAX,0.1,False,342.59,685.65,0.34278,18.25,1783125161
All Pools,XBTC - AVAX,0.1,False,342.59,685.65,0.34278,18.25,1783125161
All Pools,AEONCITY - AVAX,0.1,False,342.57,685.61,0.34276,18.25,1783125161
All Pools,ADEX - AVAX,0.1,False,342.57,685.61,0.34276,18.25,1783125161
All Pools,CLA - AVAX,0.1,False,342.57,-5.125,0.34276,-2441.11,1783125161
All Pools,ESPRF - AVAX,0.1,False,342.56,685.59,0.34275,18.25,1783125161
All Pools,ACHF - AVAX,0.1,False,342.56,685.59,0.34275,18.25,1783125161
All Pools,HOBBES - AVAX,0.1,False,342.56,685.59,0.34275,18.25,1783125161
All Pools,SFL - AVAX,0.1,False,342.56,685.59,0.34275,18.25,1783125161
All Pools,SOLX - AVAX,0.1,False,342.56,685.59,0.34275,18.25,1783125161
All Pools,TAVA - AVAX,0.1,False,342.56,685.59,0.34275,18.25,1783125161
All Pools,MODEX - AVAX,0.1,False,342.56,685.59,0.34275,18.25,1783125161
All Pools,RKR - AVAX,0.1,False,342.56,685.59,0.34274,18.25,1783125161
All Pools,DUCK - AVAX,0.1,False,342.56,685.59,0.34274,18.25,1783125161
All Pools,BAPE - AVAX,0.1,False,342.56,685.59,0.34274,18.25,1783125161
All Pools,MPAL - AVAX,0.1,False,342.56,685.59,0.34274,18.25,1783125161
All Pools,TSAT - AVAX,0.1,False,342.56,685.58,0.34274,18.25,1783125161
All Pools,UTT - AVAX,0.1,False,342.56,685.58,0.34274,18.25,1783125161
All Pools,ZOO - AVAX,0.1,False,342.55,685.58,0.34274,18.25,1783125161
All Pools,THG - AVAX,0.1,False,342.55,685.58,0.34274,18.25,1783125161
All Pools,AEA - AVAX,0.1,False,342.55,685.58,0.34274,18.25,1783125161
All Pools,WFO - AVAX,0.1,False,342.55,-5.14,0.34274,-2433.63,1783125161
All Pools,PUSD - AVAX,0.1,False,342.55,685.58,0.34274,18.25,1783125161
All Pools,ATTRA - AVAX,0.1,False,342.55,685.58,0.34274,18.25,1783125161
All Pools,LEGLD - AVAX,0.1,False,342.55,685.58,0.34274,18.25,1783125161
All Pools,PROOF - AVAX,0.1,False,342.52,685.52,0.34271,18.25,1783125161
All Pools,MFARM - AVAX,0.1,False,342.52,685.52,0.34271,18.25,1783125161
All Pools,FPT - AVAX,0.1,False,342.52,685.52,0.34271,18.25,1783125161
All Pools,HOPPY - AVAX,0.1,False,342.52,685.51,0.34271,18.25,1783125161
All Pools,HYPE - AVAX,0.1,False,342.52,685.51,0.34271,18.25,1783125161
All Pools,DX - AVAX,0.1,False,342.52,685.51,0.34271,18.25,1783125161
All Pools,RBL - AVAX,0.1,False,342.52,685.51,0.34271,18.25,1783125161
All Pools,EXIT - AVAX,0.1,False,342.52,685.51,0.34271,18.25,1783125161
All Pools,LASAGNA - AVAX,0.1,False,342.52,685.51,0.34271,18.25,1783125161
All Pools,EDC - AVAX,0.1,False,342.52,685.51,0.34271,18.25,1783125161
All Pools,COST.D - AVAX,0.1,False,342.52,685.51,0.34271,18.25,1783125161
All Pools,CYLA - AVAX,0.1,False,342.51,685.49,0.3427,18.25,1783125161
All Pools,WAI - AVAX,0.1,False,342.51,685.49,0.3427,18.25,1783125161
All Pools,DD - AVAX,0.1,False,342.51,685.49,0.3427,18.25,1783125161
All Pools,MAXX - AVAX,0.1,False,342.51,685.49,0.3427,18.25,1783125161
All Pools,ONIC - AVAX,0.1,False,342.51,685.49,0.3427,18.25,1783125161
All Pools,XGRAV - AVAX,0.1,False,342.51,685.49,0.3427,18.25,1783125161
All Pools,QJUNO - AVAX,0.1,False,342.51,685.49,0.34269,18.25,1783125161
All Pools,ASET - AVAX,0.1,False,342.51,685.49,0.34269,18.25,1783125161
All Pools,WGOOGLX - AVAX,0.1,False,342.51,685.49,0.34269,18.25,1783125161
All Pools,BITB.D - AVAX,0.1,False,342.51,685.49,0.34269,18.25,1783125161
All Pools,AGT - AVAX,0.1,False,342.51,685.49,0.34269,18.25,1783125161
All Pools,WHONX - AVAX,0.1,False,342.51,685.49,0.34269,18.25,1783125161
All Pools,IOBUSD - AVAX,0.1,False,342.5,686.92,0.34269,18.21,1783125161
All Pools,ECOR - AVAX,0.1,False,342.5,685.47,0.34269,18.25,1783125161
All Pools,EZSWAP - AVAX,0.1,False,342.5,685.47,0.34269,18.25,1783125161
All Pools,XARCH - AVAX,0.1,False,342.5,-5.197,0.34269,-2407.0,1783125161
All Pools,MEAT - AVAX,0.1,False,342.5,685.47,0.34269,18.25,1783125161
All Pools,VERI - AVAX,0.1,False,342.5,685.47,0.34269,18.25,1783125161
All Pools,FOXY - AVAX,0.1,False,342.5,685.47,0.34269,18.25,1783125161
All Pools,IOWBTC - AVAX,0.1,False,342.49,685.46,0.34268,18.25,1783125161
All Pools,PHY - AVAX,0.1,False,342.49,685.46,0.34268,18.25,1783125161
All Pools,OCTO - AVAX,0.1,False,342.49,685.46,0.34268,18.25,1783125161
All Pools,DBD - AVAX,0.1,False,342.49,685.46,0.34268,18.25,1783125161
All Pools,L3USD - AVAX,0.1,False,342.49,685.46,0.34268,18.25,1783125161
All Pools,WILC - AVAX,0.1,False,342.49,685.46,0.34268,18.25,1783125161
All Pools,BABYSATO - AVAX,0.1,False,342.48,685.43,0.34267,18.25,1783125161
All Pools,BAG - AVAX,0.1,False,342.48,685.43,0.34267,18.25,1783125161
All Pools,BOOTY - AVAX,0.1,False,342.48,685.43,0.34267,18.25,1783125161
All Pools,PHAME - AVAX,0.1,False,342.48,685.43,0.34267,18.25,1783125161
All Pools,DINO - AVAX,0.1,False,342.48,685.43,0.34267,18.25,1783125161
All Pools,BRISH - AVAX,0.1,False,342.48,685.43,0.34267,18.25,1783125161
All Pools,CLAY - AVAX,0.1,False,342.47,685.42,0.34266,18.25,1783125161
All Pools,SOLZILLA - AVAX,0.1,False,342.47,685.42,0.34266,18.25,1783125161
All Pools,LYK - AVAX,0.1,False,342.47,685.42,0.34266,18.25,1783125161
All Pools,ETHV - AVAX,0.1,False,342.47,685.42,0.34266,18.25,1783125161
All Pools,PC0000061 - AVAX,0.1,False,342.47,685.42,0.34266,18.25,1783125161
All Pools,METAN - AVAX,0.1,False,342.47,685.42,0.34266,18.25,1783125161
All Pools,T5PT - AVAX,0.1,False,342.47,685.41,0.34266,18.25,1783125161
All Pools,SCHRDNGR - AVAX,0.1,False,342.47,685.41,0.34266,18.25,1783125161
All Pools,ZERO - AVAX,0.1,False,342.47,685.41,0.34266,18.25,1783125161
All Pools,BOBO - AVAX,0.1,False,342.47,685.41,0.34266,18.25,1783125161
All Pools,PLD - AVAX,0.1,False,342.47,685.41,0.34266,18.25,1783125161
All Pools,STREAM - AVAX,0.1,False,342.47,685.41,0.34266,18.25,1783125161
All Pools,PUSD - AVAX,0.1,False,342.46,685.4,0.34265,18.25,1783125161
All Pools,CDT - AVAX,0.1,False,342.46,685.4,0.34265,18.25,1783125161
All Pools,TIPS - AVAX,0.1,False,342.46,685.4,0.34265,18.25,1783125161
All Pools,GCZ - AVAX,0.1,False,342.46,685.4,0.34265,18.25,1783125161
All Pools,KNET - AVAX,0.1,False,342.46,-5.228,0.34265,-2392.12,1783125161
All Pools,EV - AVAX,0.1,False,342.46,685.4,0.34265,18.25,1783125161
All Pools,GHOST - AVAX,0.1,False,342.46,685.39,0.34265,18.25,1783125161
All Pools,ENVI - AVAX,0.1,False,342.45,685.38,0.34264,18.25,1783125161
All Pools,MIMATIC - AVAX,0.1,False,342.45,685.38,0.34264,18.25,1783125161
All Pools,BHO - AVAX,0.1,False,342.45,685.37,0.34264,18.25,1783125161
All Pools,COPX - AVAX,0.1,False,342.45,685.37,0.34264,18.25,1783125161
All Pools,BENJI - AVAX,0.1,False,342.45,685.37,0.34264,18.25,1783125161
All Pools,HPO - AVAX,0.1,False,342.45,685.37,0.34264,18.25,1783125161
All Pools,SMARS - AVAX,0.1,False,342.45,-5.243,0.34264,-2385.19,1783125161
All Pools,NGY - AVAX,0.1,False,342.45,685.37,0.34264,18.25,1783125161
All Pools,BUND - AVAX,0.1,False,342.45,685.37,0.34264,18.25,1783125161
All Pools,CTM - AVAX,0.1,False,342.45,685.37,0.34264,18.25,1783125161
All Pools,STACKS - AVAX,0.1,False,342.45,685.37,0.34264,18.25,1783125161
All Pools,FCP - AVAX,0.1,False,342.45,-5.245,0.34264,-2384.48,1783125161
All Pools,MTG - AVAX,0.1,False,342.45,685.37,0.34264,18.25,1783125161
All Pools,BRICKS - AVAX,0.1,False,342.45,685.37,0.34264,18.25,1783125161
All Pools,XCV - AVAX,0.1,False,342.45,-5.245,0.34264,-2384.48,1783125161
All Pools,BTSLA - AVAX,0.1,False,342.44,685.35,0.34263,18.25,1783125161
All Pools,MSS - AVAX,0.1,False,342.44,685.35,0.34263,18.25,1783125161
All Pools,MCEUR - AVAX,0.1,False,342.44,685.35,0.34263,18.25,1783125161
All Pools,YLDY - AVAX,0.1,False,342.44,685.35,0.34263,18.25,1783125161
All Pools,JQ - AVAX,0.1,False,342.44,685.35,0.34263,18.25,1783125161
All Pools,GMFAM - AVAX,0.1,False,342.43,685.33,0.34262,18.25,1783125161
All Pools,DQUICK - AVAX,0.1,False,342.43,685.33,0.34262,18.25,1783125161
All Pools,BLEO - AVAX,0.1,False,342.43,685.33,0.34262,18.25,1783125161
All Pools,BUNI - AVAX,0.1,False,342.43,685.33,0.34262,18.25,1783125161
All Pools,PARTY - AVAX,0.1,False,342.43,685.33,0.34262,18.25,1783125161
All Pools,FRIC - AVAX,0.1,False,342.43,685.33,0.34262,18.25,1783125161
All Pools,TBILL - AVAX,0.1,False,342.43,685.33,0.34261,18.25,1783125161
All Pools,KIMCHI - AVAX,0.1,False,342.43,685.33,0.34261,18.25,1783125161
All Pools,AAMMUNIMKRWETH - AVAX,0.1,False,342.43,685.33,0.34261,18.25,1783125161
All Pools,BLOCK - AVAX,0.1,False,342.43,685.33,0.34261,18.25,1783125161
All Pools,CASH - AVAX,0.1,False,342.43,685.33,0.34261,18.25,1783125161
All Pools,AAMMUNISNXWETH - AVAX,0.1,False,342.43,685.33,0.34261,18.25,1783125161
All Pools,MON - AVAX,0.1,False,342.42,685.32,0.34261,18.25,1783125161
All Pools,ODICTOKEN - AVAX,0.1,False,342.42,685.32,0.34261,18.25,1783125161
All Pools,USFR.D - AVAX,0.1,False,342.42,685.32,0.34261,18.25,1783125161
All Pools,NTR - AVAX,0.1,False,342.42,685.32,0.34261,18.25,1783125161
All Pools,BABYBONK - AVAX,0.1,False,342.42,685.32,0.34261,18.25,1783125161
All Pools,EDDY - AVAX,0.1,False,342.42,685.32,0.34261,18.25,1783125161
All Pools,BULL - AVAX,0.1,False,342.42,685.31,0.3426,18.25,1783125161
All Pools,NUT - AVAX,0.1,False,342.42,685.31,0.3426,18.25,1783125161
All Pools,KDAG - AVAX,0.1,False,342.42,685.31,0.3426,18.25,1783125161
All Pools,BNVDA - AVAX,0.1,False,342.42,-5.277,0.3426,-2369.7,1783125161
All Pools,DAVINCI - AVAX,0.1,False,342.42,685.31,0.3426,18.25,1783125161
All Pools,DMCC - AVAX,0.1,False,342.41,685.3,0.3426,18.25,1783125161
All Pools,STRM - AVAX,0.1,False,342.41,685.3,0.3426,18.25,1783125161
All Pools,PUFF - AVAX,0.1,False,342.41,685.3,0.3426,18.25,1783125161
All Pools,KBOX - AVAX,0.1,False,342.41,-5.28,0.3426,-2368.48,1783125161
All Pools,TBC - AVAX,0.1,False,342.41,685.3,0.3426,18.25,1783125161
All Pools,PLB - AVAX,0.1,False,342.41,685.3,0.3426,18.25,1783125161
All Pools,SOIL - AVAX,0.1,False,342.41,685.3,0.3426,18.25,1783125161
All Pools,YV1INCH - AVAX,0.1,False,342.41,685.29,0.3426,18.25,1783125161
All Pools,TITANX - AVAX,0.1,False,342.41,685.29,0.3426,18.25,1783125161
All Pools,ACS - AVAX,0.1,False,342.41,685.29,0.3426,18.25,1783125161
All Pools,EGG - AVAX,0.1,False,342.41,685.29,0.3426,18.25,1783125161
All Pools,DEVVE - AVAX,0.1,False,342.41,685.29,0.3426,18.25,1783125161
All Pools,PIZZA - AVAX,0.1,False,342.41,685.29,0.3426,18.25,1783125161
All Pools,DEGG - AVAX,0.1,False,342.41,-5.285,0.3426,-2366.06,1783125161
All Pools,DCAI - AVAX,0.1,False,342.41,685.29,0.3426,18.25,1783125161
All Pools,SHI3LD - AVAX,0.1,False,342.41,685.29,0.3426,18.25,1783125161
All Pools,TEMCO - AVAX,0.1,False,342.41,685.29,0.3426,18.25,1783125161
All Pools,DBZ - AVAX,0.1,False,342.41,685.29,0.3426,18.25,1783125161
All Pools,VBSWAP - AVAX,0.1,False,342.41,685.29,0.3426,18.25,1783125161
All Pools,BLUNNY - AVAX,0.1,False,342.41,685.29,0.34259,18.25,1783125161
All Pools,SHARX - AVAX,0.1,False,342.41,685.29,0.34259,18.25,1783125161
All Pools,SPACE - AVAX,0.1,False,342.41,685.29,0.34259,18.25,1783125161
All Pools,BOOMER - AVAX,0.1,False,342.41,685.29,0.34259,18.25,1783125161
All Pools,DEO - AVAX,0.1,False,342.41,685.29,0.34259,18.25,1783125161
All Pools,CLNY - AVAX,0.1,False,342.41,-5.287,0.34259,-2365.15,1783125161
All Pools,PLSX - AVAX,0.1,False,342.4,-5.293,0.34259,-2362.52,1783125161
All Pools,ERW - AVAX,0.1,False,342.4,685.27,0.34259,18.25,1783125161
All Pools,HKC - AVAX,0.1,False,342.4,685.27,0.34259,18.25,1783125161
All Pools,CSTAR - AVAX,0.1,False,342.4,685.27,0.34259,18.25,1783125161
All Pools,ART - AVAX,0.1,False,342.4,685.27,0.34259,18.25,1783125161
All Pools,H2ON - AVAX,0.1,False,342.4,685.27,0.34259,18.25,1783125161
All Pools,BCA - AVAX,0.1,False,342.4,685.27,0.34259,18.25,1783125161
All Pools,V - AVAX,0.1,False,342.4,685.27,0.34259,18.25,1783125161
All Pools,SIAM - AVAX,0.1,False,342.4,685.27,0.34259,18.25,1783125161
All Pools,XMT - AVAX,0.1,False,342.39,685.26,0.34258,18.25,1783125161
All Pools,GODZ - AVAX,0.1,False,342.39,685.26,0.34258,18.25,1783125161
All Pools,STI - AVAX,0.1,False,342.39,685.26,0.34258,18.25,1783125161
All Pools,WGC - AVAX,0.1,False,342.39,685.26,0.34258,18.25,1783125161
All Pools,CATGE - AVAX,0.1,False,342.39,685.26,0.34258,18.25,1783125161
All Pools,HO - AVAX,0.1,False,342.39,685.26,0.34258,18.25,1783125161
All Pools,NETA - AVAX,0.1,False,342.39,685.26,0.34258,18.25,1783125161
All Pools,AFNTY - AVAX,0.1,False,342.39,685.26,0.34258,18.25,1783125161
All Pools,SHL - AVAX,0.1,False,342.39,685.26,0.34258,18.25,1783125161
All Pools,TTN - AVAX,0.1,False,342.39,685.26,0.34258,18.25,1783125161
All Pools,LOCUS - AVAX,0.1,False,342.39,685.26,0.34258,18.25,1783125161
All Pools,ROG - AVAX,0.1,False,342.39,-5.3,0.34258,-2359.44,1783125161
All Pools,VFX - AVAX,0.1,False,342.38,685.23,0.34257,18.25,1783125161
All Pools,MMIP - AVAX,0.1,False,342.38,685.23,0.34257,18.25,1783125161
All Pools,ETH - AVAX,0.1,False,342.38,-5.314,0.34257,-2352.94,1783125161
All Pools,PE - AVAX,0.1,False,342.38,685.23,0.34257,18.25,1783125161
All Pools,HUNT - AVAX,0.1,False,342.38,685.23,0.34257,18.25,1783125161
All Pools,EFT - AVAX,0.1,False,342.38,685.22,0.34256,18.25,1783125161
All Pools,BRRR - AVAX,0.1,False,342.38,685.22,0.34256,18.25,1783125161
All Pools,YOURMOM - AVAX,0.1,False,342.38,685.22,0.34256,18.25,1783125161
All Pools,WWEMIX - AVAX,0.1,False,342.38,-5.318,0.34256,-2351.22,1783125161
All Pools,ARUSD - AVAX,0.1,False,342.38,685.22,0.34256,18.25,1783125161
All Pools,EXAUSDC.E - AVAX,0.1,False,342.38,685.22,0.34256,18.25,1783125161
All Pools,AMT - AVAX,0.1,False,342.37,685.22,0.34256,18.25,1783125161
All Pools,DROID - AVAX,0.1,False,342.37,685.22,0.34256,18.25,1783125161
All Pools,TBCC - AVAX,0.1,False,342.37,685.22,0.34256,18.25,1783125161
All Pools,STEP - AVAX,0.1,False,342.37,685.22,0.34256,18.25,1783125161
All Pools,CTUSD - AVAX,0.1,False,342.37,685.22,0.34256,18.25,1783125161
All Pools,TKC - AVAX,0.1,False,342.37,685.22,0.34256,18.25,1783125161
All Pools,JUSD - AVAX,0.1,False,342.37,685.22,0.34256,18.25,1783125161
All Pools,IBETH - AVAX,0.1,False,342.37,685.21,0.34256,18.25,1783125161
All Pools,MOON - AVAX,0.1,False,342.37,685.21,0.34256,18.25,1783125161
All Pools,AMI - AVAX,0.1,False,342.37,685.21,0.34256,18.25,1783125161
All Pools,CHAT - AVAX,0.1,False,342.37,685.21,0.34256,18.25,1783125161
All Pools,QWLA - AVAX,0.1,False,342.37,685.21,0.34256,18.25,1783125161
All Pools,BEZO - AVAX,0.1,False,342.37,685.21,0.34256,18.25,1783125161
All Pools,CCFI - AVAX,0.1,False,342.37,685.21,0.34256,18.25,1783125161
All Pools,MEB - AVAX,0.1,False,342.36,685.2,0.34255,18.25,1783125161
All Pools,AKTIO - AVAX,0.1,False,342.36,685.2,0.34255,18.25,1783125161
All Pools,HARE - AVAX,0.1,False,342.36,685.19,0.34255,18.25,1783125161
All Pools,USDW - AVAX,0.1,False,342.36,685.19,0.34255,18.25,1783125161
All Pools,BMSFT - AVAX,0.1,False,342.36,685.19,0.34255,18.25,1783125161
All Pools,BRG - AVAX,0.1,False,342.36,685.19,0.34255,18.25,1783125161
All Pools,STOMB - AVAX,0.1,False,342.36,685.19,0.34255,18.25,1783125161
All Pools,BET - AVAX,0.1,False,342.36,685.19,0.34255,18.25,1783125161
All Pools,ICSA - AVAX,0.1,False,342.36,685.19,0.34255,18.25,1783125161
All Pools,WMEMO - AVAX,0.1,False,342.33,685.12,0.34251,18.25,1783125161
All Pools,XETH - AVAX,0.1,False,342.33,685.12,0.34251,18.25,1783125161
All Pools,ANIMA - AVAX,0.1,False,342.33,685.12,0.34251,18.25,1783125161
All Pools,LFIT - AVAX,0.1,False,342.33,685.12,0.34251,18.25,1783125161
All Pools,GNFT - AVAX,0.1,False,342.33,685.12,0.34251,18.25,1783125161
All Pools,HAUST - AVAX,0.1,False,342.33,685.12,0.34251,18.25,1783125161
All Pools,SSU - AVAX,0.1,False,342.32,685.12,0.34251,18.25,1783125161
All Pools,VFX - AVAX,0.1,False,342.32,685.12,0.34251,18.25,1783125161
All Pools,VRT - AVAX,0.1,False,342.32,685.12,0.34251,18.25,1783125161
All Pools,LAND - AVAX,0.1,False,342.32,685.12,0.34251,18.25,1783125161
All Pools,NEXT - AVAX,0.1,False,342.32,-5.372,0.34251,-2327.08,1783125161
All Pools,SHARP - AVAX,0.1,False,342.32,685.12,0.34251,18.25,1783125161
All Pools,HMKR - AVAX,0.1,False,342.31,685.1,0.3425,18.25,1783125161
All Pools,LSULP - AVAX,0.1,False,342.31,685.1,0.3425,18.25,1783125161
All Pools,CRAZYBUNNY - AVAX,0.1,False,342.31,685.1,0.3425,18.25,1783125161
All Pools,CWT - AVAX,0.1,False,342.31,685.1,0.3425,18.25,1783125161
All Pools,TUK - AVAX,0.1,False,342.31,685.1,0.3425,18.25,1783125161
All Pools,REAL - AVAX,0.1,False,342.31,685.1,0.3425,18.25,1783125161
All Pools,FFE - AVAX,0.1,False,342.3,685.07,0.34249,18.25,1783125161
All Pools,CC - AVAX,0.1,False,342.3,685.07,0.34249,18.25,1783125161
All Pools,T1MT - AVAX,0.1,False,342.3,685.07,0.34249,18.25,1783125161
All Pools,IFLUX - AVAX,0.1,False,342.3,685.07,0.34249,18.25,1783125161
All Pools,KILT - AVAX,0.1,False,342.3,685.07,0.34249,18.25,1783125161
All Pools,PORNROCKET - AVAX,0.1,False,342.3,685.07,0.34249,18.25,1783125161
All Pools,PRO - AVAX,0.1,False,342.3,685.07,0.34249,18.25,1783125161
All Pools,ARC - AVAX,0.1,False,342.3,685.07,0.34249,18.25,1783125161
All Pools,$BUD - AVAX,0.1,False,342.3,685.07,0.34249,18.25,1783125161
All Pools,THUSD - AVAX,0.1,False,342.3,685.07,0.34249,18.25,1783125161
All Pools,ARKY - AVAX,0.1,False,342.3,685.07,0.34249,18.25,1783125161
All Pools,SIGRSV - AVAX,0.1,False,342.3,685.06,0.34248,18.25,1783125161
All Pools,PLUMS - AVAX,0.1,False,342.3,685.06,0.34248,18.25,1783125161
All Pools,EUSX - AVAX,0.1,False,342.3,685.06,0.34248,18.25,1783125161
All Pools,FIST - AVAX,0.1,False,342.3,685.06,0.34248,18.25,1783125161
All Pools,SSS - AVAX,0.1,False,342.3,685.06,0.34248,18.25,1783125161
All Pools,MELD - AVAX,0.1,False,342.3,685.06,0.34248,18.25,1783125161
All Pools,VLTC - AVAX,0.1,False,342.29,685.06,0.34248,18.25,1783125161
All Pools,TAT - AVAX,0.1,False,342.29,685.06,0.34248,18.25,1783125161
All Pools,COREUM - AVAX,0.1,False,342.29,685.06,0.34248,18.25,1783125161
All Pools,TOTEM - AVAX,0.1,False,342.29,685.06,0.34248,18.25,1783125161
All Pools,NEX - AVAX,0.1,False,342.29,685.06,0.34248,18.25,1783125161
All Pools,TRIP - AVAX,0.1,False,342.29,685.06,0.34248,18.25,1783125161
All Pools,BRCA - AVAX,0.1,False,342.29,685.06,0.34248,18.25,1783125161
All Pools,LATOM - AVAX,0.1,False,342.29,685.05,0.34248,18.25,1783125161
All Pools,LORE - AVAX,0.1,False,342.29,685.05,0.34248,18.25,1783125161
All Pools,TOKAU - AVAX,0.1,False,342.29,685.05,0.34248,18.25,1783125161
All Pools,LOAN - AVAX,0.1,False,342.29,685.04,0.34247,18.25,1783125161
All Pools,TNQ - AVAX,0.1,False,342.29,685.04,0.34247,18.25,1783125161
All Pools,VBTC - AVAX,0.1,False,342.28,685.04,0.34247,18.25,1783125161
All Pools,MRS - AVAX,0.1,False,342.28,685.04,0.34247,18.25,1783125161
All Pools,SOLAREUM - AVAX,0.1,False,342.28,685.04,0.34247,18.25,1783125161
All Pools,MRC - AVAX,0.1,False,342.28,685.04,0.34247,18.25,1783125161
All Pools,BODAV2 - AVAX,0.1,False,342.28,685.04,0.34247,18.25,1783125161
All Pools,INVAAI - AVAX,0.1,False,342.28,685.04,0.34247,18.25,1783125161
All Pools,MEEB - AVAX,0.1,False,342.28,685.03,0.34247,18.25,1783125161
All Pools,GM - AVAX,0.1,False,342.27,685.02,0.34246,18.25,1783125161
All Pools,TOTT - AVAX,0.1,False,342.27,685.02,0.34246,18.25,1783125161
All Pools,LUSD - AVAX,0.1,False,342.27,685.02,0.34246,18.25,1783125161
All Pools,DXL - AVAX,0.1,False,342.27,685.02,0.34246,18.25,1783125161
All Pools,WASD - AVAX,0.1,False,342.27,685.02,0.34246,18.25,1783125161
All Pools,AETHR - AVAX,0.1,False,342.27,685.02,0.34246,18.25,1783125161
All Pools,WATT - AVAX,0.1,False,342.27,685.01,0.34246,18.25,1783125161
All Pools,KAIJU - AVAX,0.1,False,342.26,685.0,0.34245,18.25,1783125161
All Pools,SNOW - AVAX,0.1,False,342.26,685.0,0.34245,18.25,1783125161
All Pools,LEKS - AVAX,0.1,False,342.26,685.0,0.34245,18.25,1783125161
All Pools,VIGI - AVAX,0.1,False,342.26,685.0,0.34245,18.25,1783125161
All Pools,AID - AVAX,0.1,False,342.25,684.97,0.34244,18.25,1783125161
All Pools,VBCH - AVAX,0.1,False,342.25,684.97,0.34244,18.25,1783125161
All Pools,BMX - AVAX,0.1,False,342.25,684.97,0.34244,18.25,1783125161
All Pools,WMN - AVAX,0.1,False,342.25,684.97,0.34244,18.25,1783125161
All Pools,VENOM - AVAX,0.1,False,342.25,684.97,0.34244,18.25,1783125161
All Pools,$5SCAPE - AVAX,0.1,False,342.25,684.97,0.34244,18.25,1783125161
All Pools,PAN - AVAX,0.1,False,342.24,684.95,0.34243,18.25,1783125161
All Pools,ALIGN - AVAX,0.1,False,342.24,-5.455,0.34243,-2291.31,1783125161
All Pools,IXAD - AVAX,0.1,False,342.24,-5.455,0.34243,-2291.31,1783125161
All Pools,FLAP - AVAX,0.1,False,342.24,684.95,0.34243,18.25,1783125161
All Pools,ERO.D - AVAX,0.1,False,342.24,684.95,0.34243,18.25,1783125161
All Pools,DUOLX - AVAX,0.1,False,342.24,684.95,0.34243,18.25,1783125161
All Pools,GRANT - AVAX,0.1,False,342.24,-5.457,0.34242,-2290.46,1783125161
All Pools,TCL - AVAX,0.1,False,342.24,684.95,0.34242,18.25,1783125161
All Pools,TURBO - AVAX,0.1,False,342.24,684.94,0.34242,18.25,1783125161
All Pools,BABYBOME - AVAX,0.1,False,342.24,684.94,0.34242,18.25,1783125161
All Pools,ZED - AVAX,0.1,False,342.24,-5.458,0.34242,-2290.08,1783125161
All Pools,GPTPLUS - AVAX,0.1,False,342.24,684.94,0.34242,18.25,1783125161
All Pools,BMSTR - AVAX,0.1,False,342.24,684.94,0.34242,18.25,1783125161
All Pools,FUACK - AVAX,0.1,False,342.24,684.94,0.34242,18.25,1783125161
All Pools,DC - AVAX,0.1,False,342.24,684.94,0.34242,18.25,1783125161
All Pools,TOMOE - AVAX,0.1,False,342.24,-5.458,0.34242,-2290.08,1783125161
All Pools,GOB - AVAX,0.1,False,342.24,684.94,0.34242,18.25,1783125161
All Pools,THE - AVAX,0.1,False,342.24,684.94,0.34242,18.25,1783125161
All Pools,NERO - AVAX,0.1,False,342.24,684.94,0.34242,18.25,1783125161
All Pools,COPYCAT - AVAX,0.1,False,342.24,684.94,0.34242,18.25,1783125161
All Pools,@G - AVAX,0.1,False,342.24,684.94,0.34242,18.25,1783125161
All Pools,OOJU - AVAX,0.1,False,342.24,684.94,0.34242,18.25,1783125161
All Pools,BLACK - AVAX,0.1,False,342.23,684.93,0.34242,18.25,1783125161
All Pools,T3CRV - AVAX,0.1,False,342.23,684.93,0.34242,18.25,1783125161
All Pools,COLLECT - AVAX,0.1,False,342.22,684.92,0.34241,18.25,1783125161
All Pools,AMINO - AVAX,0.1,False,342.22,684.92,0.34241,18.25,1783125161
All Pools,LPL - AVAX,0.1,False,342.22,684.92,0.34241,18.25,1783125161
All Pools,CONX - AVAX,0.1,False,342.22,684.92,0.34241,18.25,1783125161
All Pools,AAMMUNIAAVEWETH - AVAX,0.1,False,342.22,684.92,0.34241,18.25,1783125161
All Pools,BABYTOMCAT - AVAX,0.1,False,342.22,684.92,0.34241,18.25,1783125161
All Pools,BESA - AVAX,0.1,False,342.22,684.92,0.34241,18.25,1783125161
All Pools,AURUM - AVAX,0.1,False,342.21,684.9,0.3424,18.25,1783125161
All Pools,ZENC - AVAX,0.1,False,342.21,684.9,0.3424,18.25,1783125161
All Pools,BOGE - AVAX,0.1,False,342.21,684.9,0.3424,18.25,1783125161
All Pools,FLOOP - AVAX,0.1,False,342.21,684.9,0.3424,18.25,1783125161
All Pools,BLUE - AVAX,0.1,False,342.21,684.9,0.3424,18.25,1783125161
All Pools,LFNTY - AVAX,0.1,False,342.21,684.9,0.3424,18.25,1783125161
All Pools,GLE - AVAX,0.1,False,342.21,684.88,0.34239,18.25,1783125161
All Pools,ECP - AVAX,0.1,False,342.21,684.88,0.34239,18.25,1783125161
All Pools,SUSD - AVAX,0.1,False,342.21,684.88,0.34239,18.25,1783125161
All Pools,IETHV2 - AVAX,0.1,False,342.21,684.88,0.34239,18.25,1783125161
All Pools,LIMITIESS - AVAX,0.1,False,342.21,684.88,0.34239,18.25,1783125161
All Pools,GCME - AVAX,0.1,False,342.21,684.88,0.34239,18.25,1783125161
All Pools,BALA - AVAX,0.1,False,342.21,684.88,0.34239,18.25,1783125161
All Pools,USDM - AVAX,0.1,False,342.2,684.87,0.34239,18.25,1783125161
All Pools,STONE - AVAX,0.1,False,342.2,684.87,0.34239,18.25,1783125161
All Pools,DAI.e - USDC,0.02,False,342.19,2438.62,0.06587,0.99,1783125161
All Pools,GECKO - AVAX,0.1,False,342.19,684.85,0.34238,18.25,1783125161
All Pools,CAPY - AVAX,0.1,False,342.19,684.85,0.34238,18.25,1783125161
All Pools,AMC.D - AVAX,0.1,False,342.19,-5.504,0.34238,-2270.6,1783125161
All Pools,MAGIC - AVAX,0.1,False,342.19,684.85,0.34238,18.25,1783125161
All Pools,BBADGER - AVAX,0.1,False,342.19,684.85,0.34238,18.25,1783125161
All Pools,COLX - AVAX,0.1,False,342.18,684.84,0.34237,18.25,1783125161
All Pools,GROOVE - AVAX,0.1,False,342.18,684.84,0.34237,18.25,1783125161
All Pools,AYNI - AVAX,0.1,False,342.18,684.84,0.34237,18.25,1783125161
All Pools,UNBNK - AVAX,0.1,False,342.18,684.84,0.34237,18.25,1783125161
All Pools,OC - AVAX,0.1,False,342.18,684.84,0.34237,18.25,1783125161
All Pools,GO4 - AVAX,0.1,False,342.18,684.84,0.34237,18.25,1783125161
All Pools,PINK - AVAX,0.1,False,342.16,684.8,0.34235,18.25,1783125161
All Pools,LYD - AVAX,0.1,False,342.16,684.8,0.34235,18.25,1783125161
All Pools,PLEB - AVAX,0.1,False,342.16,684.8,0.34235,18.25,1783125161
All Pools,DOJO - AVAX,0.1,False,342.16,684.8,0.34235,18.25,1783125161
All Pools,SPY - AVAX,0.1,False,342.16,684.8,0.34235,18.25,1783125161
All Pools,PKN - AVAX,0.1,False,342.16,684.8,0.34235,18.25,1783125161
All Pools,ANARCHY - AVAX,0.1,False,342.16,684.79,0.34235,18.25,1783125161
All Pools,KYROS - AVAX,0.1,False,342.15,684.78,0.34234,18.25,1783125161
All Pools,DUBBZ - AVAX,0.1,False,342.15,684.78,0.34234,18.25,1783125161
All Pools,YVRAI - AVAX,0.1,False,342.15,684.78,0.34234,18.25,1783125161
All Pools,XVG - AVAX,0.1,False,342.15,684.78,0.34234,18.25,1783125161
All Pools,GDT - AVAX,0.1,False,342.15,684.78,0.34234,18.25,1783125161
All Pools,XRPC - AVAX,0.1,False,342.15,684.78,0.34234,18.25,1783125161
All Pools,TAO - AVAX,0.1,False,342.15,689.29,0.34234,18.13,1783125161
All Pools,AVAX - ALVA,0.3,False,316.98,951.94,0.79244,30.38,1783125161
All Pools,NXPC - AVAX,0.3,False,287.68,1.065,0.7192,24649.43,1783125161
All Pools,AVAX - MPLX,0.3,False,284.98,1.373,0.71246,18937.71,1783125161
All Pools,HUSKY - AVAX,0.3,False,247.24,2481.22,0.61809,9.09,1783125161
All Pools,GGP - AVAX,0.3,False,241.87,35888.0,0.60468,0.61,1783125161
All Pools,AVAX - XAVA,0.3,False,223.15,13605.0,0.55788,1.5,1783125161
All Pools,MAI - AVAX,0.3,False,215.76,1627.67,0.5394,12.1,1783125161
All Pools,WETH.e - USDC.e,0.3,False,200.87,10736.0,0.50219,1.71,1783125161
All Pools,SB - AVAX,0.3,False,150.56,6538.38,0.3764,2.1,1783125161
All Pools,sAVAX - AVAX,0.3,False,147.48,183442.0,0.3687,0.07,1783125161
All Pools,AI - AVAX,0.3,False,142.97,3179.9,0.35743,4.1,1783125161
All Pools,gOHM - AVAX,0.3,False,130.34,126911.0,0.32586,0.09,1783125161
All Pools,MIM - SB,0.3,False,116.37,2364.25,0.29092,4.49,1783125161
All Pools,Balln - AVAX,0.3,False,111.29,4035.59,0.27823,2.52,1783125161
All Pools,MIM - USDT.e,0.3,False,105.98,1517.14,0.26494,6.37,1783125161
All Pools,ROY - AVAX,0.3,False,105.38,4183.86,0.26344,2.3,1783125161
All Pools,w3ULL - AVAX,0.3,False,99.75,52296.0,0.24937,0.17,1783125161
All Pools,MONEY - AVAX,0.3,False,89.43,477.62,0.22358,17.09,1783125161
All Pools,ALOT - AVAX,0.3,False,78.74,10664.0,0.19685,0.67,1783125161
All Pools,AVAX - JUICE,0.3,False,66.78,9835.61,0.16694,0.62,1783125161
All Pools,UST - AVAX,0.3,False,58.75,6132.63,0.14686,0.87,1783125161
All Pools,APIX - USDt,0.3,False,55.46,6174.8,0.13865,0.82,1783125161
All Pools,WABBIT - AVAX,0.3,False,54.03,4514.88,0.13508,1.09,1783125161
All Pools,AVAX - GEC,0.3,False,53.72,28312.0,0.13429,0.17,1783125161
All Pools,STG - USDC,0.3,False,50.11,1299.8,0.12529,3.52,1783125161
All Pools,MIM - USDC.e,0.3,False,48.56,773.61,0.12139,5.73,1783125161
All Pools,GMX - AVAX,0.3,False,48.18,4034.96,0.12044,1.09,1783125161
All Pools,AVAX - AMI,0.3,False,47.44,369.39,0.1186,11.72,1783125161
All Pools,USDt - USDT.e,0.3,False,43.87,20389.0,0.10968,0.2,1783125161
All Pools,OSAK - AVAX,0.3,False,43.24,3497.99,0.10811,1.13,1783125161
All Pools,AVAX - SOLNIC,0.3,False,41.75,3869.74,0.10439,0.98,1783125161
All Pools,FLD - AVAX,0.3,False,33.28,37110.0,0.08319,0.08,1783125161
All Pools,APIX - USDC,0.3,False,32.69,3086.65,0.08173,0.97,1783125161
All Pools,STG - AVAX,0.3,False,31.63,1123.47,0.07907,2.57,1783125161
All Pools,AVAX - UST,0.3,False,31.34,7154.47,0.07836,0.4,1783125161
All Pools,APIX - ID,0.3,False,29.17,20439.0,0.07293,0.13,1783125161
All Pools,MIM - WETH.e,0.3,False,29.12,490.06,0.07281,5.42,1783125161
All Pools,SWORLD - AVAX,0.3,False,27.48,2138.71,0.0687,1.17,1783125161
All Pools,gOHM - FRAX,0.3,False,26.54,3489.0,0.06636,0.69,1783125161
All Pools,USDt - ncash,0.3,False,26.3,1044.79,0.06575,2.3,1783125161
All Pools,PNG - AVAX,0.3,False,24.82,852.9,0.06205,2.66,1783125161
All Pools,GENI - USDC,0.3,False,23.57,1206.93,0.05893,1.78,1783125161
All Pools,YAK - USDC.e,0.3,False,23.39,208.01,0.05848,10.26,1783125161
All Pools,BOI - AVAX,0.3,False,20.68,35.49,0.05171,53.18,1783125161
All Pools,AVAX - TOPIA,0.3,False,19.7,1041.43,0.04924,1.73,1783125161
All Pools,SWOL - AVAX,0.3,False,19.15,37.66,0.04788,46.41,1783125161
All Pools,APIX - ARENA,0.3,False,18.96,1826.29,0.04739,0.95,1783125161
All Pools,MAJIN - AVAX,0.3,False,18.51,3118.16,0.04627,0.54,1783125161
All Pools,YEEHAW - CHAMP,0.3,False,17.93,987.88,0.04483,1.66,1783125161
All Pools,DPS - USDC,0.3,False,17.1,1855.4,0.04275,0.84,1783125161
All Pools,$Crazy - AVAX,0.3,False,16.27,788.71,0.04069,1.88,1783125161
All Pools,USDC.e - sSB,0.3,False,15.35,899.43,0.03838,1.56,1783125161
All Pools,GUN - BLSEYE🎯,0.3,False,15.14,480.32,0.03786,2.88,1783125161
All Pools,BLSEYE🎯 - AVAX,0.3,False,15.07,4814.99,0.03767,0.29,1783125161
All Pools,HUSKY - JOE,0.3,False,13.98,114.2,0.03494,11.17,1783125161
All Pools,AVAX - aXEN,0.3,False,13.32,185.21,0.0333,6.56,1783125161
All Pools,USDC.e - WMATIC,0.3,False,13.14,16.55,0.03285,72.47,1783125161
All Pools,ABC - AVAX,0.3,False,12.99,598.05,0.03247,1.98,1783125161
All Pools,Psychic - AVAX,0.3,False,12.82,936.33,0.03206,1.25,1783125161
All Pools,Psychic - BLACK,0.3,False,12.17,302.56,0.03043,3.67,1783125161
All Pools,GUN - AVAX,0.3,False,12.07,213.87,0.03016,5.15,1783125161
All Pools,DCAU - USDT.e,0.3,False,11.65,5045.73,0.02911,0.21,1783125161
All Pools,SECOND - AVAX,0.3,False,11.14,1504.92,0.02785,0.68,1783125161
All Pools,SECOND - USDC,0.3,False,11.14,7029.01,0.02784,0.14,1783125161
All Pools,JEWEL - USDC,0.3,False,11.13,3912.29,0.02783,0.26,1783125161
All Pools,AVAX - TIME,0.3,False,10.69,606.95,0.02673,1.61,1783125161
All Pools,BTC.b - TOPIA,0.3,False,10.65,418.96,0.02662,2.32,1783125161
All Pools,RGOGLZ - USDC,0.3,False,10.39,1369.44,0.02598,0.69,1783125161
All Pools,WOLF - AVAX,0.3,False,9.979,30403.0,0.02495,0.03,1783125161
All Pools,LF - AVAX,0.3,False,9.197,298.68,0.02299,2.81,1783125161
All Pools,MIM - LF,0.3,False,9.129,406.38,0.02282,2.05,1783125161
All Pools,DCAU - AVAX,0.3,False,9.082,1050.4,0.02271,0.79,1783125161
All Pools,HEMIBTC - AVAX,0.3,False,9.042,0.04028,0.0226,20481.51,1783125161
All Pools,AVAX - FRAX,0.3,False,8.991,719.64,0.02248,1.14,1783125161
All Pools,SPORE - USDC,0.3,False,8.104,1439.92,0.02026,0.51,1783125161
All Pools,AVAX - XPOW,0.3,False,7.816,1363.96,0.01954,0.52,1783125161
All Pools,yes - AVAX,0.3,False,6.983,1117.02,0.01746,0.57,1783125161
All Pools,AVAX - PEFI,0.3,False,6.943,3443.18,0.01736,0.18,1783125161
All Pools,JOE - USDT,0.3,False,6.941,307.27,0.01735,2.06,1783125161
All Pools,FITFI - USDT.e,0.3,False,6.899,177.9,0.01725,3.54,1783125161
All Pools,UNIX - AVAX,0.3,False,6.84,156.18,0.0171,4.0,1783125161
All Pools,USDC.e - MU,0.3,False,6.724,13173.0,0.01681,0.05,1783125161
All Pools,HUSKY - AMI,0.3,False,6.567,51.21,0.01642,11.7,1783125161
All Pools,BLSEYE🎯 - ARENA,0.3,False,6.278,939.19,0.0157,0.61,1783125161
All Pools,DCAU - MIM,0.3,False,5.865,114.0,0.01466,4.69,1783125161
All Pools,ABC - HOWDY,0.3,False,5.845,518.06,0.01461,1.03,1783125161
All Pools,ORNG - SAI,0.3,False,5.822,110.7,0.01456,4.8,1783125161
All Pools,HOWDY - AVAX,0.3,False,5.667,6797.44,0.01417,0.08,1783125161
All Pools,USV - DAI.e,0.3,False,5.396,4040.33,0.01349,0.12,1783125161
All Pools,ORNG - JUCI,0.3,False,5.065,252.59,0.01266,1.83,1783125161
All Pools,MIM - MU,0.3,False,4.915,95.47,0.01229,4.7,1783125161
All Pools,Psychic - XAUt0,0.3,False,4.611,6027.0,0.01153,0.07,1783125161
All Pools,MIM - SDOG,0.3,False,4.503,92.7,0.01126,4.43,1783125161
All Pools,HATCHY - AVAX,0.3,False,4.487,7220.89,0.01122,0.06,1783125161
All Pools,USDC - SDOG,0.3,False,4.47,368.96,0.01117,1.11,1783125161
All Pools,MAI - TOMB,0.3,False,4.457,132.04,0.01114,3.08,1783125161
All Pools,USDC.e - WXT,0.3,False,4.446,220.16,0.01112,1.84,1783125161
All Pools,MIM - GG,0.3,False,4.384,71.98,0.01096,5.56,1783125161
All Pools,SOL - USDC,0.3,False,4.337,21.71,0.01084,18.23,1783125161
All Pools,AVAX - ELK,0.3,False,4.09,1360.42,0.01022,0.27,1783125161
All Pools,AVAX - mYAK,0.3,False,4.047,48.23,0.01012,7.66,1783125161
All Pools,3QF - D - AVAX,0.3,False,4.017,1355.77,0.01004,0.27,1783125161
All Pools,3QF - D - WETH.e,0.3,False,4.01,2390.59,0.01002,0.15,1783125161
All Pools,PNG - JOE,0.3,False,4.003,127.0,0.01001,2.88,1783125161
All Pools,WOO.e - AVAX,0.3,False,3.852,62.31,0.00963,5.64,1783125161
All Pools,AAVE.e - REDWOLF,0.3,False,3.734,147.75,0.00933,2.31,1783125161
All Pools,MYST - AVAX,0.3,False,3.649,684.04,0.00912,0.49,1783125161
All Pools,MIM - PEFI,0.3,False,3.508,69.08,0.00877,4.63,1783125161
All Pools,LINK.e - USDT.e,0.3,False,3.465,218.17,0.00866,1.45,1783125161
All Pools,Now - BLACK,0.3,False,3.462,278.37,0.00866,1.13,1783125161
All Pools,AVAX - SING,0.3,False,3.4,112.66,0.0085,2.75,1783125161
All Pools,WORM - AVAX,0.3,False,3.364,295.69,0.00841,1.04,1783125161
All Pools,ORNG - FLUX,0.3,False,3.296,107.02,0.00824,2.81,1783125161
All Pools,TSD - AVAX,0.3,False,3.203,186.29,0.00801,1.57,1783125161
All Pools,AVAX - AKITAX,0.3,False,3.179,13.64,0.00795,21.26,1783125161
All Pools,DPS - AVAX,0.3,False,3.165,189.24,0.00791,1.53,1783125161
All Pools,USDC.e - USDC,0.3,False,3.112,481512.0,0.00778,,1783125161
All Pools,AVAX - DOMI,0.3,False,3.009,11505.0,0.00752,0.02,1783125161
All Pools,avUSD - sAVAX,0.3,False,2.894,232.62,0.00724,1.14,1783125161
All Pools,SWIFT - USDC.e,0.3,False,2.874,481.61,0.00718,0.54,1783125161
All Pools,MYST - USDC,0.3,False,2.858,221.63,0.00715,1.18,1783125161
All Pools,REDWOLF - AVAX,0.3,False,2.847,408.57,0.00712,0.64,1783125161
All Pools,SWIFT - WETH.e,0.3,False,2.813,1265.03,0.00703,0.2,1783125161
All Pools,HEFE - AVAX,0.3,False,2.752,26916.0,0.00688,0.01,1783125161
All Pools,ISA - USDC.e,0.3,False,2.752,440.12,0.00688,0.57,1783125161
All Pools,UST - USDC.e,0.3,False,2.747,684.62,0.00687,0.37,1783125161
All Pools,DUNKZ - AVAX,0.3,False,2.688,379.2,0.00672,0.65,1783125161
All Pools,MIM - USDC,0.3,False,2.666,29.77,0.00667,8.17,1783125161
All Pools,AVAX - Seventeen,0.3,False,2.629,219.19,0.00657,1.09,1783125161
All Pools,ISA - AVAX,0.3,False,2.543,1146.04,0.00636,0.2,1783125161
All Pools,miMatic - AVAX,0.3,False,2.469,33.28,0.00617,6.77,1783125161
All Pools,BEAM - AVAX,0.3,False,2.434,376.36,0.00608,0.59,1783125161
All Pools,SHRAP - DOMI,0.3,False,2.406,174.58,0.00602,1.26,1783125161
All Pools,APIX - LAMBO,0.3,False,2.295,421.6,0.00574,0.5,1783125161
All Pools,XROSS - ORNG,0.3,False,2.288,240.01,0.00572,0.87,1783125161
All Pools,AVAX - NaughtiusMaximus,0.3,False,2.234,355.72,0.00559,0.57,1783125161
All Pools,DATCM - ORNG,0.3,False,2.212,239.15,0.00553,0.84,1783125161
All Pools,LINK.e - USDC.e,0.3,False,2.111,181.68,0.00528,1.06,1783125161
All Pools,ORNG - MOOM,0.3,False,2.107,193.29,0.00527,0.99,1783125161
All Pools,ZRO - AVAX,0.3,False,2.107,140.74,0.00527,1.37,1783125161
All Pools,YOU - ORNG,0.3,False,2.095,1407.73,0.00524,0.14,1783125161
All Pools,UST - USDC,0.3,False,2.087,441.41,0.00522,0.43,1783125161
All Pools,BOOTY - AVAX,0.3,False,2.041,1623.71,0.0051,0.11,1783125161
All Pools,JOE - KRW,0.3,False,1.959,161.77,0.0049,1.1,1783125161
All Pools,KRW - AVAX,0.3,False,1.956,337.11,0.00489,0.53,1783125161
All Pools,WETH - USDC.e,0.3,False,1.904,198.76,0.00476,0.87,1783125161
All Pools,ONDO - AVAX,0.3,False,1.895,0.28727,0.00474,601.92,1783125161
All Pools,MIM - wsOHM,0.3,False,1.815,181.59,0.00454,0.91,1783125161
All Pools,ETHM - AVAX,0.3,False,1.812,25.97,0.00453,6.37,1783125161
All Pools,AVAX - SOCK,0.3,False,1.716,2570.57,0.00429,0.06,1783125161
All Pools,USDC - SOCK,0.3,False,1.706,432.59,0.00426,0.36,1783125161
All Pools,REDWOLF - USDC,0.3,False,1.688,190.21,0.00422,0.81,1783125161
All Pools,TRESR - AVAX,0.3,False,1.634,8370.78,0.00408,0.02,1783125161
All Pools,WETH.e - ONION,0.3,False,1.621,228.85,0.00405,0.65,1783125161
All Pools,WBTC.e - USDT.e,0.3,False,1.609,154.4,0.00402,0.95,1783125161
All Pools,JOE - EXP,0.3,False,1.578,10898842.0,0.00394,,1783125161
All Pools,USDT.e - ONION,0.3,False,1.549,741.34,0.00387,0.19,1783125161
All Pools,GENI - AVAX,0.3,False,1.543,52.92,0.00386,2.66,1783125161
All Pools,HUSKY - MUG,0.3,False,1.535,16.32,0.00384,8.58,1783125161
All Pools,USDC - MXNB,0.3,False,1.477,28.6,0.00369,4.71,1783125161
All Pools,COQ - COQAI,0.3,False,1.474,20336.0,0.00369,0.01,1783125161
All Pools,APOW - AVAX,0.3,False,1.474,657.65,0.00369,0.2,1783125161
All Pools,AMI - TOPIA,0.3,False,1.444,145.72,0.00361,0.9,1783125161
All Pools,WETH.e - USDT.e,0.3,False,1.436,145.79,0.00359,0.9,1783125161
All Pools,KAIA - AVAX,0.3,False,1.435,1.643,0.00359,79.72,1783125161
All Pools,AVAX - APOW,0.3,False,1.432,1476.82,0.00358,0.09,1783125161
All Pools,WETH.e - REDWOLF,0.3,False,1.374,83.06,0.00343,1.51,1783125161
All Pools,REDWOLF - WMATIC,0.3,False,1.344,2.132,0.00336,57.51,1783125161
All Pools,APOW - XPOW,0.3,False,1.315,397.75,0.00329,0.3,1783125161
All Pools,TOMB - USDC,0.3,False,1.258,10.39,0.00315,11.05,1783125161
All Pools,MAGICK - USDC,0.3,False,1.213,218.91,0.00303,0.51,1783125161
All Pools,AVAX - USDT,0.3,False,1.209,1834.36,0.00302,0.06,1783125161
All Pools,XAUt0 - NaughtiusMaximus,0.3,False,1.191,924.5,0.00298,0.12,1783125161
All Pools,MIM - TIME,0.3,False,1.178,27.07,0.00294,3.97,1783125161
All Pools,HOST - DAI.e,0.3,False,1.155,2537.02,0.00289,0.04,1783125161
All Pools,LUNA - USDC.e,0.3,False,1.149,343.23,0.00287,0.31,1783125161
All Pools,AVAX - CLY,0.3,False,1.12,23632.0,0.0028,0.0,1783125161
All Pools,USDT.e - CLY,0.3,False,1.118,188.72,0.0028,0.54,1783125161
All Pools,MIM - DAI.e,0.3,False,1.096,19.74,0.00274,5.07,1783125161
All Pools,MAGICK - AVAX,0.3,False,1.078,281.27,0.0027,0.35,1783125161
All Pools,YUSD - AVAX,0.3,False,1.072,120.57,0.00268,0.81,1783125161
All Pools,SWIFT - AVAX,0.3,False,1.056,240.24,0.00264,0.4,1783125161
All Pools,NaughtiusMaximus - Seventeen,0.3,False,1.045,719.7,0.00261,0.13,1783125161
All Pools,STEAK - AVAX,0.3,False,1.032,10423.0,0.00258,0.01,1783125161
All Pools,SPC - DAI.e,0.3,False,1.024,20.49,0.00256,4.56,1783125161
All Pools,AVAX - FRAX,0.3,False,1.013,237.97,0.00253,0.39,1783125161
All Pools,miMatic - USDC.e,0.3,False,1.005,24.2,0.00251,3.79,1783125161
All Pools,USDC.e - AVVO,0.3,False,0.97749,230.49,0.00244,0.39,1783125161
All Pools,KIMBO - AVAX,0.3,False,0.95949,45595.0,0.0024,0.0,1783125161
All Pools,FXS - AVAX,0.3,False,0.95375,315.85,0.00238,0.28,1783125161
All Pools,ACS - AVAX,0.3,False,0.90335,177.77,0.00226,0.46,1783125161
All Pools,UNI.e - REDWOLF,0.3,False,0.89727,9.976,0.00224,8.21,1783125161
All Pools,BUD - USDC.e,0.3,False,0.86541,226.82,0.00216,0.35,1783125161
All Pools,DCAU - USDC,0.3,False,0.85841,144.3,0.00215,0.54,1783125161
All Pools,BNB - AVAX,0.3,False,0.85189,3000.0,0.00213,0.03,1783125161
All Pools,Now - AVAX,0.3,False,0.84514,204.22,0.00211,0.38,1783125161
All Pools,BUD - AVAX,0.3,False,0.84243,581.82,0.00211,0.13,1783125161
All Pools,Yule - XAUt0,0.3,False,0.83402,62.44,0.00209,1.22,1783125161
All Pools,BANKSY - AVAX,0.3,False,0.8158,149.1,0.00204,0.5,1783125161
All Pools,BANKSY - USDT.e,0.3,False,0.8152,1534.83,0.00204,0.05,1783125161
All Pools,BLSEYE🎯 - BEAM,0.3,False,0.81113,275.22,0.00203,0.27,1783125161
All Pools,COQ - BLSEYE🎯,0.3,False,0.79552,156.57,0.00199,0.46,1783125161
All Pools,Yule - Seventeen,0.3,False,0.78965,232.48,0.00197,0.31,1783125161
All Pools,USDC - aXEN,0.3,False,0.78671,9.676,0.00197,7.42,1783125161
All Pools,APOW - USDt,0.3,False,0.78363,117.84,0.00196,0.61,1783125161
All Pools,APOW - USDC,0.3,False,0.77129,118.24,0.00193,0.6,1783125161
All Pools,GB - AVAX,0.3,False,0.76906,1877.08,0.00192,0.04,1783125161
All Pools,wsOHM - USDC.e,0.3,False,0.76767,18.4,0.00192,3.81,1783125161
All Pools,gOHM - wsOHM,0.3,False,0.75259,17.17,0.00188,4.0,1783125161
All Pools,SMRTr - AVAX,0.3,False,0.74304,27606.0,0.00186,0.0,1783125161
All Pools,WBTC.e - ONION,0.3,False,0.73471,349.59,0.00184,0.19,1783125161
All Pools,AVAX - ONION,0.3,False,0.72989,152.9,0.00182,0.44,1783125161
All Pools,SMRTr - USDC.e,0.3,False,0.72042,108.73,0.0018,0.6,1783125161
All Pools,DREGG - AVAX,0.3,False,0.70343,152.89,0.00176,0.42,1783125161
All Pools,DREGG - USDT.e,0.3,False,0.70216,520.04,0.00176,0.12,1783125161
All Pools,VPND - AVAX,0.3,False,0.69763,19090.0,0.00174,0.0,1783125161
All Pools,DAI.e - ONION,0.3,False,0.69669,333.31,0.00174,0.19,1783125161
All Pools,BLUB - AVAX,0.3,False,0.68756,12764.0,0.00172,0.0,1783125161
All Pools,AVAX - MUG,0.3,False,0.66957,266.52,0.00167,0.23,1783125161
All Pools,Val - AVAX,0.3,False,0.66643,264.41,0.00167,0.23,1783125161
All Pools,AVAX - MU,0.3,False,0.64145,76.25,0.0016,0.77,1783125161
All Pools,AVAX - AVVO,0.3,False,0.62394,242.64,0.00156,0.23,1783125161
All Pools,GURS - AVAX,0.3,False,0.62132,5913.17,0.00155,0.01,1783125161
All Pools,USDC - SHRAP,0.3,False,0.62071,23.36,0.00155,2.42,1783125161
All Pools,MIM - FORT,0.3,False,0.61389,2663.25,0.00153,0.02,1783125161
All Pools,KIWI - AVAX,0.3,False,0.61108,98.47,0.00153,0.57,1783125161
All Pools,USDC.e - ONION,0.3,False,0.61055,371.11,0.00153,0.15,1783125161
All Pools,AVAX - FORT,0.3,False,0.6103,13.2,0.00153,4.22,1783125161
All Pools,KIWI - USDC,0.3,False,0.59326,301.76,0.00148,0.18,1783125161
All Pools,Orange - Now,0.3,False,0.59117,502.68,0.00148,0.11,1783125161
All Pools,Gravity - AVAX,0.3,False,0.58158,256.01,0.00145,0.21,1783125161
All Pools,AVAX - ARENA,0.3,False,0.57424,61.91,0.00144,0.85,1783125161
All Pools,MIM - VOLT,0.3,False,0.5608,14.35,0.0014,3.56,1783125161
All Pools,XAUt0 - Now,0.3,False,0.54769,595.5,0.00137,0.08,1783125161
All Pools,STATIK - AVAX,0.3,False,0.54407,32.11,0.00136,1.55,1783125161
All Pools,AVAX - GG,0.3,False,0.52523,5.336,0.00131,8.98,1783125161
All Pools,Ush - AVAX,0.3,False,0.50561,2225.38,0.00126,0.02,1783125161
All Pools,MIM - GRAPE,0.3,False,0.49812,112.29,0.00125,0.4,1783125161
All Pools,SYN - REDWOLF,0.3,False,0.4918,7.159,0.00123,6.27,1783125161
All Pools,DAI.e - VOLT,0.3,False,0.48525,41.13,0.00121,1.08,1783125161
All Pools,AVAX - SMRT,0.3,False,0.48468,1755.77,0.00121,0.03,1783125161
All Pools,AVAX - IMPACT2,0.3,False,0.47805,144.56,0.0012,0.3,1783125161
All Pools,FITFI - AVAX,0.3,False,0.47783,16.38,0.00119,2.66,1783125161
All Pools,MIM - AUSD,0.3,False,0.47669,10.97,0.00119,3.96,1783125161
All Pools,BTC.b - REDWOLF,0.3,False,0.47643,99.51,0.00119,0.44,1783125161
All Pools,HOST - AVAX,0.3,False,0.46751,92.43,0.00117,0.46,1783125161
All Pools,USDT.e - SMRT,0.3,False,0.46106,91.77,0.00115,0.46,1783125161
All Pools,AVAX - BLACK,0.3,False,0.45563,3.85,0.00114,10.8,1783125161
All Pools,APOW - AVAX,0.3,False,0.45399,37.32,0.00113,1.11,1783125161
All Pools,MIM - PAPA,0.3,False,0.45125,66.17,0.00113,0.62,1783125161
All Pools,PAPA - AVAX,0.3,False,0.44887,11.21,0.00112,3.66,1783125161
All Pools,WLRS - USDC.e,0.3,False,0.44863,4124.52,0.00112,0.01,1783125161
All Pools,YEEHAW - BTC.b,0.3,False,0.44488,49.06,0.00111,0.83,1783125161
All Pools,BTC.b - oXAUT,0.3,False,0.43686,315.86,0.00109,0.13,1783125161
All Pools,oXAUT - AVAX,0.3,False,0.43676,429.19,0.00109,0.09,1783125161
All Pools,LUNA - USDC.e,0.3,False,0.43537,683.36,0.00109,0.06,1783125161
All Pools,wsOHM - AVAX,0.3,False,0.43345,8.376,0.00108,4.72,1783125161
All Pools,MAXI - DAI.e,0.3,False,0.43164,227.67,0.00108,0.17,1783125161
All Pools,PTOP1100 - TOPIA,0.3,False,0.42515,109.99,0.00106,0.35,1783125161
All Pools,AVAX - ZUBAX,0.3,False,0.4207,96.73,0.00105,0.4,1783125161
All Pools,Orange - DivineFeminine,0.3,False,0.41973,827.12,0.00105,0.05,1783125161
All Pools,YAK - SPORE,0.3,False,0.41135,5.095,0.00103,7.37,1783125161
All Pools,LINDA - AVAX,0.3,False,0.40797,1657.05,0.00102,0.02,1783125161
All Pools,PTOP900 - TOPIA,0.3,False,0.40575,77.12,0.00101,0.48,1783125161
All Pools,WLRS - GRAPE,0.3,False,0.40042,8.617,0.001,4.24,1783125161
All Pools,SYMBIOT - AVAX,0.3,False,0.39397,78.32,,0.46,1783125161
All Pools,PTOP1300 - TOPIA,0.3,False,0.39209,102.43,,0.35,1783125161
All Pools,USDC - GAU,0.3,False,0.38528,841.46,,0.04,1783125161
All Pools,SYMBIOT - DAI.e,0.3,False,0.3754,450.8,,0.08,1783125161
All Pools,sAVAX - COQ,0.3,False,0.36954,65.5,,0.51,1783125161
All Pools,Trinity - AVAX,0.3,False,0.36461,780.42,,0.04,1783125161
All Pools,WETH.e - SURE,0.3,False,0.36323,829.78,,0.04,1783125161
All Pools,LINK.e - REDWOLF,0.3,False,0.35203,70.43,,0.46,1783125161
All Pools,UNIV - AVAX,0.3,False,0.35189,6.395,,5.02,1783125161
All Pools,AVAX - FTY,0.3,False,0.34336,1.25,,25.06,1783125161
All Pools,meGNX - AVAX,0.3,False,0.33916,13.66,,2.26,1783125161
All Pools,SOL - AVAX,0.3,False,0.33693,0.00173,,17729.48,1783125161
All Pools,gOHM - SB,0.3,False,0.33434,17.37,,1.76,1783125161
All Pools,BRO - AVAX,0.3,False,0.33144,106849.0,,,1783125161
All Pools,BRO - COQ,0.3,False,0.33056,144.55,,0.21,1783125161
All Pools,MIM - BLANC,0.3,False,0.33056,1227.82,,0.02,1783125161
All Pools,aDXN - aXEN,0.3,False,0.33018,5.325,,5.66,1783125161
All Pools,Orange - AVAX,0.3,False,0.32953,66.39,,0.45,1783125161
All Pools,GUN - AMI,0.3,False,0.32889,9.416,,3.19,1783125161
All Pools,AVAX - BLANC,0.3,False,0.32839,7.336,,4.08,1783125161
All Pools,BOI - MU,0.3,False,0.32827,0.62667,,47.8,1783125161
All Pools,TSD - WOLF,0.3,False,0.31972,28.72,,1.02,1783125161
All Pools,LUNA - AVAX,0.3,False,0.31129,131.04,,0.22,1783125161
All Pools,WOLF - AVAX,0.3,False,0.30809,48.58,,0.58,1783125161
All Pools,Gladiator - USDC,0.3,False,0.29859,275.44,,0.1,1783125161
All Pools,KALM - AVAX,0.3,False,0.29679,102.75,,0.26,1783125161
All Pools,KALM - USDC,0.3,False,0.29638,78.98,,0.34,1783125161
All Pools,USDC.e - SOL,0.3,False,0.2936,36.67,,0.73,1783125161
All Pools,Gladiator - ARENA,0.3,False,0.29142,359.77,,0.07,1783125161
All Pools,BrideOfChrist - BLACK,0.3,False,0.2845,20.63,,1.26,1783125161
All Pools,ZUBAX - USDT.e,0.3,False,0.28426,175.09,,0.15,1783125161
All Pools,PTOP1000 - TOPIA,0.3,False,0.2836,75.78,,0.34,1783125161
All Pools,MIM - RUG,0.3,False,0.28174,6.269,,4.1,1783125161
All Pools,SYN - USDC.e,0.3,False,0.27929,3.593,,7.09,1783125161
All Pools,AMI - JUICY,0.3,False,0.26493,0.94651,,25.54,1783125161
All Pools,aAvaWAVAX - meGNX,0.3,False,0.25944,3.142,,7.53,1783125161
All Pools,YEEHAW - TOPIA,0.3,False,0.25301,102.95,,0.22,1783125161
All Pools,Trinity - BrideOfChrist,0.3,False,0.25165,59888308.0,,,1783125161
All Pools,CGS - AVAX,0.3,False,0.24675,55.93,,0.4,1783125161
All Pools,BUSD - AVAX,0.3,False,0.24632,366.75,,0.06,1783125161
All Pools,CGS - USDC.e,0.3,False,0.24599,153.05,,0.15,1783125161
All Pools,AVAX - SNOB,0.3,False,0.2431,748.41,,0.03,1783125161
All Pools,50 - AVAX,0.3,False,0.23746,62.86,,0.34,1783125161
All Pools,XAUt0 - Gravity,0.3,False,0.23723,330.05,,0.07,1783125161
All Pools,50 - USDC,0.3,False,0.2371,113.82,,0.19,1783125161
All Pools,AVAX - SUBZERO,0.3,False,0.23167,31.88,,0.66,1783125161
All Pools,TOMB - SUBZERO,0.3,False,0.23048,9.734,,2.16,1783125161
All Pools,aDXN - AVAX,0.3,False,0.22866,52.36,,0.4,1783125161
All Pools,MM - USDC,0.3,False,0.22856,50.88,,0.41,1783125161
All Pools,BLS - USDt,0.3,False,0.22846,128.12,,0.16,1783125161
All Pools,MM - AVAX,0.3,False,0.22409,70.77,,0.29,1783125161
All Pools,DivineFeminine - Gravity,0.3,False,0.22206,1731.36,,0.01,1783125161
All Pools,USDC.e - RUG,0.3,False,0.21891,17.79,,1.12,1783125161
All Pools,MIM - UNIV,0.3,False,0.21767,5.555,,3.58,1783125161
All Pools,WETH.e - USDC,0.3,False,0.209,19.8,,0.96,1783125161
All Pools,WDAO - MIM,0.3,False,0.20561,5.48,,3.42,1783125161
All Pools,SYN - WETH.e,0.3,False,0.2055,1.725,,10.87,1783125161
All Pools,WDAO - AVAX,0.3,False,0.20446,10.45,,1.79,1783125161
All Pools,AVAXAI - USDC,0.3,False,0.20204,1627.71,,0.01,1783125161
All Pools,COQ - OSAK,0.3,False,0.20132,19.05,,0.96,1783125161
All Pools,BOI - AMI,0.3,False,0.20122,0.41594,,44.14,1783125161
All Pools,SURE - DAI.e,0.3,False,0.19732,24.18,,0.74,1783125161
All Pools,USDT.e - SING,0.3,False,0.18735,1206.14,,0.01,1783125161
All Pools,AVAX - DUO,0.3,False,0.18707,57.38,,0.3,1783125161
All Pools,LadyMary - AVAX,0.3,False,0.18691,273.72,,0.06,1783125161
All Pools,FollowTheWhiteRabbit - DivineFeminine,0.3,False,0.18691,501.45,,0.03,1783125161
All Pools,LadyMary - FollowTheWhiteRabbit,0.3,False,0.18676,479.77,,0.04,1783125161
All Pools,USDT.e - DUO,0.3,False,0.18656,53.32,,0.32,1783125161
All Pools,COQ - JUICY,0.3,False,0.18321,0.75194,,22.23,1783125161
All Pools,AVAX - Blessing,0.3,False,0.18019,60.13,,0.27,1783125161
All Pools,Now - Blessing,0.3,False,0.18013,609.03,,0.03,1783125161
All Pools,MEOW - AVAX,0.3,False,0.17561,7991.14,,0.0,1783125161
All Pools,MU - DAI.e,0.3,False,0.17389,236.29,,0.07,1783125161
All Pools,BTC.b - IMPACT2,0.3,False,0.16964,1187.4,,0.01,1783125161
All Pools,wMEMO - MIM,0.3,False,0.16532,4.611,,3.27,1783125161
All Pools,Hopi - Now,0.3,False,0.16518,545.07,,0.03,1783125161
All Pools,AVAX - OK,0.3,False,0.16487,1.576,,9.55,1783125161
All Pools,Hopi - AVAX,0.3,False,0.16486,164.51,,0.09,1783125161
All Pools,MIM - TSNFTGM,0.3,False,0.16317,3.57,,4.17,1783125161
All Pools,BTC.b - SolvBTC,0.3,False,0.16186,4478.61,,0.0,1783125161
All Pools,FollowTheWhiteRabbit - AVAX,0.3,False,0.16131,123.76,,0.12,1783125161
All Pools,USDt - IMPACT2,0.3,False,0.16081,70.01,,0.21,1783125161
All Pools,TickTock - Now,0.3,False,0.1602,684.96,,0.02,1783125161
All Pools,TickTock - AVAX,0.3,False,0.16008,67.25,,0.22,1783125161
All Pools,SPORE - AVAX,0.3,False,0.15496,139.7,,0.1,1783125161
All Pools,DFIAT - AVAX,0.3,False,0.15427,6397.81,,0.0,1783125161
All Pools,DFIAT - USDT.e,0.3,False,0.15382,27.56,,0.51,1783125161
All Pools,YEEHAW - AVAX,0.3,False,0.15265,12.04,,1.16,1783125161
All Pools,Solar - AVAX,0.3,False,0.15124,67.69,,0.2,1783125161
All Pools,Solar - Now,0.3,False,0.15115,689.27,,0.02,1783125161
All Pools,Blue - AVAX,0.3,False,0.14961,200.27,,0.07,1783125161
All Pools,AVAI - USDC.e,0.3,False,0.14875,26.7,,0.51,1783125161
All Pools,AVAX - SHRAP,0.3,False,0.14843,12.75,,1.06,1783125161
All Pools,AVAX - WISE,0.3,False,0.14765,63.01,,0.21,1783125161
All Pools,USDC.e - WISE,0.3,False,0.14741,42.32,,0.32,1783125161
All Pools,AftermathsKobe - AVAX,0.3,False,0.1473,227.37,,0.06,1783125161
All Pools,Psychic - AftermathsKobe,0.3,False,0.14709,260.17,,0.05,1783125161
All Pools,USDT.e - MU,0.3,False,0.14684,249.58,,0.05,1783125161
All Pools,AVVO - DAI.e,0.3,False,0.1454,35.67,,0.37,1783125161
All Pools,SURE - USDC.e,0.3,False,0.14165,20.66,,0.63,1783125161
All Pools,MIM - SBR,0.3,False,0.14046,11.29,,1.14,1783125161
All Pools,SBR - AVAX,0.3,False,0.13936,3.895,,3.27,1783125161
All Pools,CQK - AVAX,0.3,False,0.1391,103.24,,0.12,1783125161
All Pools,CQK - USDC,0.3,False,0.13885,31.74,,0.4,1783125161
All Pools,Matter - Now,0.3,False,0.13737,617.67,,0.02,1783125161
All Pools,Matter - AVAX,0.3,False,0.13733,59.98,,0.21,1783125161
All Pools,AVAX - SPELL,0.3,False,0.13624,2079.03,,0.01,1783125161
All Pools,CHAMP - ARENA,0.3,False,0.13597,15.28,,0.81,1783125161
All Pools,IMPACT2 - EURC,0.3,False,0.13555,43.08,,0.29,1783125161
All Pools,RUX - AVAX,0.3,False,0.13518,26.51,,0.47,1783125161
All Pools,USDt - RUX,0.3,False,0.13483,16066.0,,,1783125161
All Pools,RUG - USDT.e,0.3,False,0.13407,10.55,,1.16,1783125161
All Pools,TSNFTGM - DAI.e,0.3,False,0.13356,30.43,,0.4,1783125161
All Pools,REDWOLF - SOL,0.3,False,0.13326,61.19,,0.2,1783125161
All Pools,GLOBA - AVAX,0.3,False,0.13106,42.1,,0.28,1783125161
All Pools,SYN - USDT.e,0.3,False,0.12898,1.912,,6.16,1783125161
All Pools,MIM - GG,0.3,False,0.12846,4.94,,2.37,1783125161
All Pools,GG - AVAX,0.3,False,0.12746,5.941,,1.96,1783125161
All Pools,SLUSH - AVAX,0.3,False,0.12718,48.04,,0.24,1783125161
All Pools,SLUSH - USDT.e,0.3,False,0.12673,56.37,,0.21,1783125161
All Pools,KLO - USDT.e,0.3,False,0.12594,5.4,,2.13,1783125161
All Pools,UNIV - DAI.e,0.3,False,0.12433,11.36,,1.0,1783125161
All Pools,AVAX - Teste,0.3,False,0.12336,66.51,,0.17,1783125161
All Pools,Now - Teste,0.3,False,0.12332,686.02,,0.02,1783125161
All Pools,GLOBA - DAI.e,0.3,False,0.12262,48.59,,0.23,1783125161
All Pools,MIM - SPELL,0.3,False,0.12254,2.517,,4.44,1783125161
All Pools,wMEMO - AVAX,0.3,False,0.1222,7.007,,1.59,1783125161
All Pools,Slope - Now,0.3,False,0.12209,682.94,,0.02,1783125161
All Pools,Slope - AVAX,0.3,False,0.12204,67.21,,0.17,1783125161
All Pools,JOE - ZABU,0.3,False,0.1219,13.89,,0.8,1783125161
All Pools,XPOW - AVAX,0.3,False,0.12172,32.02,,0.35,1783125161
All Pools,NODA - NODL,0.3,False,0.12072,17.99,,0.61,1783125161
All Pools,NODA - AVAX,0.3,False,0.11952,230.84,,0.05,1783125161
All Pools,TruthClosure - BLACK,0.3,False,0.11939,15.22,,0.72,1783125161
All Pools,MIM - NADO,0.3,False,0.11911,171.19,,0.06,1783125161
All Pools,AVAX - NADO,0.3,False,0.11817,2.616,,4.12,1783125161
All Pools,APOW - USDC,0.3,False,0.1173,21.95,,0.49,1783125161
All Pools,Now - Propriety,0.3,False,0.11649,686.27,,0.02,1783125161
All Pools,AVAX - Propriety,0.3,False,0.11637,67.24,,0.16,1783125161
All Pools,USDC - USD+,0.3,False,0.11625,29.08,,0.36,1783125161
All Pools,Psychic - All,0.3,False,0.11491,256.91,,0.04,1783125161
All Pools,AVAX - All,0.3,False,0.11482,226.13,,0.05,1783125161
All Pools,Christmas - Blue,0.3,False,0.11403,1471.14,,0.01,1783125161
All Pools,Psychic - Sinterklaas,0.3,False,0.11401,253.31,,0.04,1783125161
All Pools,Christmas - Sinterklaas,0.3,False,0.11401,320.35,,0.03,1783125161
All Pools,Jjj - AVAX,0.3,False,0.11328,223.81,,0.05,1783125161
All Pools,Psychic - Jjj,0.3,False,0.11314,255.84,,0.04,1783125161
All Pools,USDC - yyAVAX,0.3,False,0.1131,12.48,,0.83,1783125161
All Pools,Psychic - NeatestQuackery,0.3,False,0.1125,257.21,,0.04,1783125161
All Pools,Psychic - Now,0.3,False,0.11247,499.38,,0.02,1783125161
All Pools,NeatestQuackery - AVAX,0.3,False,0.11243,224.54,,0.05,1783125161
All Pools,USDC - CHAM,0.3,False,0.11225,47.3,,0.22,1783125161
All Pools,USDT.e - EXP,0.3,False,0.11193,44904260.0,,,1783125161
All Pools,Now - √Root,0.3,False,0.11013,683.42,,0.01,1783125161
All Pools,AVAX - √Root,0.3,False,0.11004,67.13,,0.15,1783125161
All Pools,MIM - DUNEV3,0.3,False,0.10781,53533.0,,,1783125161
All Pools,DUNEV3 - USDC.e,0.3,False,0.10515,25382.0,,,1783125161
All Pools,VEE - USDC,0.3,False,0.10444,32.51,,0.29,1783125161
All Pools,XAUt0 - ElvisJackpot,0.3,False,0.10195,292.5,,0.03,1783125161
All Pools,USDC - OK,0.3,False,0.10187,1.101,,8.44,1783125161
All Pools,MIM - LIFE,0.3,False,0.1004,11.03,,0.83,1783125161
All Pools,LIFE - AVAX,0.3,False,0.09964,2.729,,3.33,1783125161
All Pools,Ducks - AVAX,0.3,False,0.09939,224.9,,0.04,1783125161
All Pools,Psychic - Ducks,0.3,False,0.09915,257.29,,0.04,1783125161
All Pools,MELT - AVAX,0.3,False,0.09653,20.92,,0.42,1783125161
All Pools,Now - Necromancer,0.3,False,0.09324,686.32,,0.01,1783125161
All Pools,Necromancer - AVAX,0.3,False,0.09317,67.41,,0.13,1783125161
All Pools,XA9 - USDt,0.3,False,0.08779,3.885,,2.06,1783125161
All Pools,ArniStitch - AVAX,0.3,False,0.08682,224.97,,0.04,1783125161
All Pools,TRYB - USDC.e,0.3,False,0.08665,32.2,,0.25,1783125161
All Pools,Psychic - ArniStitch,0.3,False,0.08662,257.38,,0.03,1783125161
All Pools,Four - AVAX,0.3,False,0.08657,56.31,,0.14,1783125161
All Pools,MIM - DICK,0.3,False,0.08595,2.156,,3.64,1783125161
All Pools,Vaccine - Now,0.3,False,0.08571,679.51,,0.01,1783125161
All Pools,Vaccine - AVAX,0.3,False,0.08553,66.23,,0.12,1783125161
All Pools,Silver - Now,0.3,False,0.08509,686.12,,0.01,1783125161
All Pools,Silver - AVAX,0.3,False,0.085,66.2,,0.12,1783125161
All Pools,MU - WMATIC,0.3,False,0.08422,0.14237,,53.98,1783125161
All Pools,USDt - DXN,0.3,False,0.08407,214.12,,0.04,1783125161
All Pools,WBTC - AVAX,0.3,False,0.08375,31.67,,0.24,1783125161
All Pools,AVAT - USDC,0.3,False,0.08373,38.16,,0.2,1783125161
All Pools,AVAX - CHAM,0.3,False,0.08317,27.09,,0.28,1783125161
All Pools,XPOW - AVAX,0.3,False,0.08273,83.1,,0.09,1783125161
All Pools,Psychic - CommieSukey,0.3,False,0.08266,257.36,,0.03,1783125161
All Pools,CommieSukey - AVAX,0.3,False,0.08264,225.64,,0.03,1783125161
All Pools,LIBRE - USDC.e,0.3,False,0.08161,12.76,,0.58,1783125161
All Pools,bECH - AVAX,0.3,False,0.08085,17.85,,0.41,1783125161
All Pools,COQ - AMI,0.3,False,0.08083,8.575,,0.86,1783125161
All Pools,Uncontractable - AVAX,0.3,False,0.0805,66.28,,0.11,1783125161
All Pools,Sanskrit - Now,0.3,False,0.0805,684.17,,0.01,1783125161
All Pools,Sanskrit - AVAX,0.3,False,0.08042,67.19,,0.11,1783125161
All Pools,Uncontractable - Now,0.3,False,0.08028,671.19,,0.01,1783125161
All Pools,USDC - NXUSD,0.3,False,0.07983,3.198,,2.28,1783125161
All Pools,AVAX - SDOG,0.3,False,0.07724,6.781,,1.04,1783125161
All Pools,AVAX - STRAW,0.3,False,0.07627,14.94,,0.47,1783125161
All Pools,MELT - USDC.e,0.3,False,0.07627,30.06,,0.23,1783125161
All Pools,RACEX - MUG,0.3,False,0.07617,134.95,,0.05,1783125161
All Pools,XPOW - APOW,0.3,False,0.07516,52.25,,0.13,1783125161
All Pools,ALOT - USDC.e,0.3,False,0.07314,7.579,,0.88,1783125161
All Pools,AVAX - MILO,0.3,False,0.07059,848.78,,0.01,1783125161
All Pools,USDt - MILO,0.3,False,0.07043,14.55,,0.44,1783125161
All Pools,CFR - AVAX,0.3,False,0.06997,2693.86,,0.0,1783125161
All Pools,DAI.e - STRAW,0.3,False,0.06965,36.61,,0.17,1783125161
All Pools,FollowTheWhiteRabbit - TruthClosure,0.3,False,0.06944,32.12,,0.2,1783125161
All Pools,USDT.e - ZABU,0.3,False,0.06887,45.13,,0.14,1783125161
All Pools,AVAI - AVAX,0.3,False,0.06827,20.41,,0.31,1783125161
All Pools,AVAX - ZABU,0.3,False,0.0674,24.65,,0.25,1783125161
All Pools,USDC - WSPP,0.3,False,0.06718,42.35,,0.14,1783125161
All Pools,AVAX - APE - X,0.3,False,0.06714,497.37,,0.01,1783125161
All Pools,UST - USDT.e,0.3,False,0.06669,38.83,,0.16,1783125161
All Pools,Gil - AVAX,0.3,False,0.06662,14.28,,0.43,1783125161
All Pools,USDT.e - XAVA,0.3,False,0.06654,10.94,,0.55,1783125161
All Pools,SUB - USDC,0.3,False,0.06592,11.71,,0.51,1783125161
All Pools,WETH.e - ETHM,0.3,False,0.06552,0.47483,,12.59,1783125161
All Pools,METAG - AVAX,0.3,False,0.06529,20.59,,0.29,1783125161
All Pools,YAK - JOE,0.3,False,0.0652,0.93795,,6.34,1783125161
All Pools,WETH.e - yyAVAX,0.3,False,0.06508,14.67,,0.4,1783125161
All Pools,Stolen - AVAX,0.3,False,0.06475,13.57,,0.44,1783125161
All Pools,JOE - ZUBAX,0.3,False,0.06347,6.924,,0.84,1783125161
All Pools,AVAX - ChristMark,0.3,False,0.06334,283.85,,0.02,1783125161
All Pools,LUNA - AVAX,0.3,False,0.06323,15.11,,0.38,1783125161
All Pools,Gil - DAI.e,0.3,False,0.06232,26.8,,0.21,1783125161
All Pools,MIM - TEMPO,0.3,False,0.06207,5.105,,1.11,1783125161
All Pools,AAVE.e - USDT.e,0.3,False,0.06166,2.531,,2.22,1783125161
All Pools,TEMPO - AVAX,0.3,False,0.06146,1.864,,3.01,1783125161
All Pools,USDC - APOW,0.3,False,0.06108,0.01754,,317.68,1783125161
All Pools,SaintGermain - BLACK,0.3,False,0.06033,1.528,,3.6,1783125161
All Pools,GB - USDT.e,0.3,False,0.05834,20.35,,0.26,1783125161
All Pools,YEEHAW - USDC,0.3,False,0.0579,5.469,,0.97,1783125161
All Pools,FLAKE - AVAX,0.3,False,0.05769,17.95,,0.29,1783125161
All Pools,TruthClosure - AVAX,0.3,False,0.05759,8.267,,0.64,1783125161
All Pools,LoveIsTheKey - FollowTheWhiteRabbit,0.3,False,0.05752,46.73,,0.11,1783125161
All Pools,FLAKE - USDT.e,0.3,False,0.05749,48.97,,0.11,1783125161
All Pools,USDt - APOW,0.3,False,0.05748,0.01544,,339.74,1783125161
All Pools,USDC - XPOW,0.3,False,0.05738,0.02718,,192.61,1783125161
All Pools,MIM - sTHO,0.3,False,0.05711,201.82,,0.03,1783125161
All Pools,MIM - AFARMER,0.3,False,0.05668,3622.83,,0.0,1783125161
All Pools,ETHM - DAI.e,0.3,False,0.05594,0.725,,7.04,1783125161
All Pools,USDt - REDWOLF,0.3,False,0.05513,13.98,,0.36,1783125161
All Pools,ACS - USDC.e,0.3,False,0.05452,5.236,,0.95,1783125161
All Pools,$Td - AVAX,0.3,False,0.05447,4673.12,,0.0,1783125161
All Pools,AMI - SQRCAT,0.3,False,0.05447,10.61,,0.47,1783125161
All Pools,AVAX - SQRCAT,0.3,False,0.0543,4461.39,,0.0,1783125161
All Pools,$Td - AMI,0.3,False,0.05381,26.47,,0.19,1783125161
All Pools,AVAT - AVAX,0.3,False,0.05378,17.63,,0.28,1783125161
All Pools,BANKSY - AVAX,0.3,False,0.05358,19.28,,0.25,1783125161
All Pools,MIM - WOHM,0.3,False,0.05346,13.2,,0.37,1783125161
All Pools,BANKSY - USDC.e,0.3,False,0.05339,29.69,,0.16,1783125161
All Pools,LINK.e - MU,0.3,False,0.05337,6.782,,0.72,1783125161
All Pools,AVAX - WOHM,0.3,False,0.05305,1.187,,4.08,1783125161
All Pools,APOW - USDt,0.3,False,0.05282,21.94,,0.22,1783125161
All Pools,COQ - NOCHILL,0.3,False,0.05239,9.273,,0.52,1783125161
All Pools,ZRO - USDC,0.3,False,0.05238,4.56,,1.05,1783125161
All Pools,AVAX - ELK,0.3,False,0.05196,50.92,,0.09,1783125161
All Pools,NXPC - USDC,0.3,False,0.05144,0.70107,,6.7,1783125161
All Pools,AVAX - WOLF,0.3,False,0.05129,57.35,,0.08,1783125161
All Pools,Serpentarius - AVAX,0.3,False,0.05112,228.0,,0.02,1783125161
All Pools,USDC.e - WOLF,0.3,False,0.05107,7.814,,0.6,1783125161
All Pools,Psychic - Serpentarius,0.3,False,0.05101,259.87,,0.02,1783125161
All Pools,USDC.e - DAI.e,0.3,False,0.0508,22313.0,,,1783125161
All Pools,LoveIsTheKey - BLACK,0.3,False,0.04818,4.806,,0.91,1783125161
All Pools,ETHM - USDC.e,0.3,False,0.04764,0.5224,,8.32,1783125161
All Pools,RUGPULL - MUG,0.3,False,0.04545,139.95,,0.03,1783125161
All Pools,GAS - AVAX,0.3,False,0.04521,141.21,,0.03,1783125161
All Pools,AVAX - GAU,0.3,False,0.04515,5.914,,0.7,1783125161
All Pools,DICK - AVAX,0.3,False,0.04485,6.341,,0.65,1783125161
All Pools,MELT - AVAX,0.3,False,0.04445,865.42,,0.0,1783125161
All Pools,MELT - USDC.e,0.3,False,0.04428,6.163,,0.66,1783125161
All Pools,Four - Found,0.3,False,0.04328,1395.2,,0.0,1783125161
All Pools,ICUBE - AVAX,0.3,False,0.04233,5.543,,0.7,1783125161
All Pools,ICUBE - USDT.e,0.3,False,0.04214,107.96,,0.04,1783125161
All Pools,USDt - XPOW,0.3,False,0.04058,0.02025,,182.89,1783125161
All Pools,MAJIN - MU,0.3,False,0.04058,3.68,,1.01,1783125161
All Pools,Stolen - BLACK,0.3,False,0.03957,3.425,,1.05,1783125161
All Pools,JOE - CRA,0.3,False,0.0395,7.69,,0.47,1783125161
All Pools,PNG - REDWOLF,0.3,False,0.03932,3.646,,0.98,1783125161
All Pools,USDR - USDC,0.3,False,0.03926,40.16,,0.09,1783125161
All Pools,AVAX - WINE,0.3,False,0.03918,0.08326,,42.94,1783125161
All Pools,BUSD - USDC,0.3,False,0.0391,7.746,,0.46,1783125161
All Pools,WOLF - USDT.e,0.3,False,0.03868,3.217,,1.1,1783125161
All Pools,MerryXmas - AVAX,0.3,False,0.03859,206.65,,0.02,1783125161
All Pools,YAK - USDT.e,0.3,False,0.03852,0.52551,,6.69,1783125161
All Pools,Psychic - MerryXmas,0.3,False,0.03852,235.72,,0.01,1783125161
All Pools,ABC - AMI,0.3,False,0.03845,2.681,,1.31,1783125161
All Pools,FatherChristmas - AVAX,0.3,False,0.03806,40.2,,0.09,1783125161
All Pools,FatherChristmas - Gravity,0.3,False,0.03788,16.27,,0.21,1783125161
All Pools,SLIME - AVAX,0.3,False,0.03754,16219.0,,,1783125161
All Pools,MIM - WINE,0.3,False,0.03745,165.0,,0.02,1783125161
All Pools,BNZ - AVAX,0.3,False,0.03743,161.31,,0.02,1783125161
All Pools,SLIME - USDt,0.3,False,0.0374,6.336,,0.54,1783125161
All Pools,AUSD - HUSKY,0.3,False,0.03721,0.55171,,6.15,1783125161
All Pools,AVAX - BOREA,0.3,False,0.03706,5.695,,0.59,1783125161
All Pools,Gravity - SaintGermain,0.3,False,0.03697,19.21,,0.18,1783125161
All Pools,USDT.e - BOREA,0.3,False,0.03691,25.93,,0.13,1783125161
All Pools,USDt - XPOW,0.3,False,0.03683,10.61,,0.32,1783125161
All Pools,MIM - EDG,0.3,False,0.03677,1.569,,2.14,1783125161
All Pools,AVAX - EDG,0.3,False,0.03648,1.428,,2.33,1783125161
All Pools,METAG - USDT.e,0.3,False,0.03638,47.86,,0.07,1783125161
All Pools,USDC.e - GG,0.3,False,0.03606,0.36892,,8.92,1783125161
All Pools,AVAX - NEMO,0.3,False,0.03597,6.791,,0.48,1783125161
All Pools,AAVE.e - meGNX,0.3,False,0.03586,3.527,,0.93,1783125161
All Pools,USDt - NEMO,0.3,False,0.03585,96.56,,0.03,1783125161
All Pools,Blue - BLACK,0.3,False,0.03546,3.061,,1.06,1783125161
All Pools,AVAX - SantaGospel,0.3,False,0.03545,101.34,,0.03,1783125161
All Pools,BLACK - SantaGospel,0.3,False,0.03542,2.989,,1.08,1783125161
All Pools,MAJIN - REDWOLF,0.3,False,0.03516,5.571,,0.58,1783125161
All Pools,Yellow - AVAX,0.3,False,0.03454,202.8,,0.02,1783125161
All Pools,CNR - USDC,0.3,False,0.03446,4.332,,0.73,1783125161
All Pools,Yellow - BLACK,0.3,False,0.03441,3.062,,1.03,1783125161
All Pools,BSGG - AVAX,0.3,False,0.03398,2.618,,1.18,1783125161
All Pools,CHAMP - AMI,0.3,False,0.03389,29.2,,0.11,1783125161
All Pools,AVAX - KET,0.3,False,0.03363,24.11,,0.13,1783125161
All Pools,Orange - BLACK,0.3,False,0.03348,2.56,,1.19,1783125161
All Pools,AVAX - Strength,0.3,False,0.03336,107.95,,0.03,1783125161
All Pools,BrideOfChrist - AVAX,0.3,False,0.03334,67.47,,0.05,1783125161
All Pools,Who - AVAX,0.3,False,0.03327,107.18,,0.03,1783125161
All Pools,Strength - BLACK,0.3,False,0.03326,3.046,,1.0,1783125161
All Pools,Who - BLACK,0.3,False,0.03318,3.047,,0.99,1783125161
All Pools,BLS - SHRAP,0.3,False,0.03224,8.794,,0.33,1783125161
All Pools,LF - USDT.e,0.3,False,0.03173,1.003,,2.89,1783125161
All Pools,Beyond - AVAX,0.3,False,0.03133,67.08,,0.04,1783125161
All Pools,Beyond - Orange,0.3,False,0.03129,3320.4,,,1783125161
All Pools,MIM - RUG,0.3,False,0.03117,1.334,,2.13,1783125161
All Pools,RUG - USDC,0.3,False,0.03073,1.123,,2.5,1783125161
All Pools,DUO - USDT.e,0.3,False,0.03043,6.373,,0.44,1783125161
All Pools,Go - BLACK,0.3,False,0.03021,3.039,,0.91,1783125161
All Pools,Hydrogen - AVAX,0.3,False,0.03014,201.23,,0.01,1783125161
All Pools,Hydrogen - BLACK,0.3,False,0.03007,3.074,,0.89,1783125161
All Pools,NineHundred - AVAX,0.3,False,0.03007,107.11,,0.03,1783125161
All Pools,NineHundred - BLACK,0.3,False,0.02999,3.048,,0.9,1783125161
All Pools,AVAX - BAVA,0.3,False,0.02991,9.143,,0.3,1783125161
All Pools,BENIS - AVAX,0.3,False,0.02989,11.32,,0.24,1783125161
All Pools,AVAX - WEAVE,0.3,False,0.02956,2.976,,0.91,1783125161
All Pools,AVAX - GRAV,0.3,False,0.02924,12.38,,0.22,1783125161
All Pools,AVAX - TMT,0.3,False,0.02901,6.083,,0.44,1783125161
All Pools,USDC - USDT.e,0.3,False,0.02895,154.42,,0.02,1783125161
All Pools,MIM - VYBE,0.3,False,0.02895,0.87251,,3.03,1783125161
All Pools,USDT.e - TMT,0.3,False,0.02888,25.58,,0.1,1783125161
All Pools,USDC.e - WEAVE,0.3,False,0.02886,8.544,,0.31,1783125161
All Pools,METAG - USDt,0.3,False,0.02867,15.59,,0.17,1783125161
All Pools,AVAX - VYBE,0.3,False,0.02865,1.741,,1.5,1783125161
All Pools,BTC.b - MU,0.3,False,0.02854,9.91,,0.26,1783125161
All Pools,SURE - AVAX,0.3,False,0.02846,5.46,,0.48,1783125161
All Pools,NRK - DAI.e,0.3,False,0.0272,280.47,,0.01,1783125161
All Pools,AVAX - DAI,0.3,False,0.02658,58.7,,0.04,1783125161
All Pools,MIM - SMRT,0.3,False,0.02618,0.54731,,4.37,1783125161
All Pools,USDC.e - NXUSD,0.3,False,0.02593,1.499,,1.58,1783125161
All Pools,MCV - AVAX,0.3,False,0.02584,303.75,,0.01,1783125161
All Pools,COQ - MCV,0.3,False,0.02583,6.749,,0.35,1783125161
All Pools,MPL - AVAX,0.3,False,0.02559,5.29,,0.44,1783125161
All Pools,MPL - USDt,0.3,False,0.02548,30.19,,0.08,1783125161
All Pools,AVAX - SPADE,0.3,False,0.02517,5.13,,0.45,1783125161
All Pools,Trinity - Stolen,0.3,False,0.02516,22.67,,0.1,1783125161
All Pools,KOVIN - AVAX,0.3,False,0.02515,2350.6,,,1783125161
All Pools,USDC.e - SPADE,0.3,False,0.02506,15.69,,0.15,1783125161
All Pools,Priory - AVAX,0.3,False,0.02496,57.41,,0.04,1783125161
All Pools,FollowTheWhiteRabbit - Priory,0.3,False,0.02492,682.42,,0.0,1783125161
All Pools,Milk - AVAX,0.3,False,0.02454,5.6,,0.4,1783125161
All Pools,Milk - USDT.e,0.3,False,0.02441,13.99,,0.16,1783125161
All Pools,ELE - AVAX,0.3,False,0.02437,93.29,,0.02,1783125161
All Pools,Go - AVAX,0.3,False,0.02435,107.08,,0.02,1783125161
All Pools,MIM - TEST,0.3,False,0.02403,0.5221,,4.2,1783125161
All Pools,CNR - USDt,0.3,False,0.0239,4.344,,0.5,1783125161
All Pools,NOCHILL - OX,0.3,False,0.02382,13722.0,,,1783125161
All Pools,GRELF[ava] - AVAX,0.3,False,0.02377,935.8,,0.0,1783125161
All Pools,AVAX - GOT,0.3,False,0.02272,4.437,,0.47,1783125161
All Pools,USDT.e - GOT,0.3,False,0.02261,12.45,,0.17,1783125161
All Pools,WBTC.e - USDC.e,0.3,False,0.02246,8.003,,0.26,1783125161
All Pools,CROWN - AVAX,0.3,False,0.0223,0.52646,,3.87,1783125161
All Pools,TOMB - ZSHARE,0.3,False,0.02177,1.197,,1.66,1783125161
All Pools,AVAX - ZSHARE,0.3,False,0.02166,13.41,,0.15,1783125161
All Pools,AVAX - DWC,0.3,False,0.02157,4349.6,,,1783125161
All Pools,XPOW - USDC,0.3,False,0.02155,10.69,,0.18,1783125161
All Pools,CATWIF - AVAX,0.3,False,0.02152,2367.42,,,1783125161
All Pools,DWC - MU,0.3,False,0.02149,2.822,,0.69,1783125161
All Pools,BGLD - AVAX,0.3,False,0.02147,3.735,,0.52,1783125161
All Pools,CATWIF - MU,0.3,False,0.02143,2.93,,0.67,1783125161
All Pools,BGLD - USDT.e,0.3,False,0.02136,16.6,,0.12,1783125161
All Pools,BOOFI - PEFI,0.3,False,0.02118,14.54,,0.13,1783125161
All Pools,BOOFI - AVAX,0.3,False,0.02117,577.05,,0.0,1783125161
All Pools,Psychic - Blessings,0.3,False,0.02101,49.85,,0.04,1783125161
All Pools,Psychic - Nine,0.3,False,0.02091,49.86,,0.04,1783125161
All Pools,WETH.e - meGNX,0.3,False,0.02088,5.155,,0.37,1783125161
All Pools,Psychic - Qubit,0.3,False,0.02067,49.85,,0.04,1783125161
All Pools,Psychic - Aquarius,0.3,False,0.02063,49.89,,0.04,1783125161
All Pools,Psychic - Thick,0.3,False,0.02051,49.87,,0.04,1783125161
All Pools,Psychic - WhoWho,0.3,False,0.02038,49.88,,0.04,1783125161
All Pools,WETH.e - USDR,0.3,False,0.02026,2.382,,0.78,1783125161
All Pools,Psychic - Zero,0.3,False,0.02019,49.86,,0.04,1783125161
All Pools,wsOHM - OTWO,0.3,False,0.02012,1.518,,1.21,1783125161
All Pools,3ULL - AVAX,0.3,False,0.02004,36.45,,0.05,1783125161
All Pools,WhoWho - BLACK,0.3,False,0.02,1.471,,1.24,1783125161
All Pools,MELT - USDT.e,0.3,False,0.01997,29.76,,0.06,1783125161
All Pools,Zero - BLACK,0.3,False,0.01995,1.476,,1.23,1783125161
All Pools,Psychic - Gematria,0.3,False,0.01994,49.89,,0.04,1783125161
All Pools,Psychic - Architect,0.3,False,0.01991,49.88,,0.04,1783125161
All Pools,Psychic - TrumpCard,0.3,False,0.01991,49.9,,0.04,1783125161
All Pools,Psychic - KatzJoel,0.3,False,0.01988,49.86,,0.04,1783125161
All Pools,Psychic - Diamonds,0.3,False,0.0198,51.83,,0.03,1783125161
All Pools,gOHM - OTWO,0.3,False,0.01972,90585.0,,,1783125161
All Pools,COQ - JUICE,0.3,False,0.01972,27.37,,0.07,1783125161
All Pools,Psychic - [In]finity,0.3,False,0.01971,49.86,,0.04,1783125161
All Pools,Psychic - Hexagon,0.3,False,0.01971,49.88,,0.04,1783125161
All Pools,Gematria - BLACK,0.3,False,0.01966,1.469,,1.22,1783125161
All Pools,Alpha - AVAX,0.3,False,0.01965,2.493,,0.72,1783125161
All Pools,Alpha - USDC,0.3,False,0.01959,32.1,,0.06,1783125161
All Pools,TrumpCard - BLACK,0.3,False,0.01953,1.467,,1.21,1783125161
All Pools,WBTC.e - ETHM,0.3,False,0.01949,0.30249,,5.88,1783125161
All Pools,TSNFTGM - AVAX,0.3,False,0.01932,3.194,,0.55,1783125161
All Pools,MIM - CROWN,0.3,False,0.01931,13.15,,0.13,1783125161
All Pools,Psychic - ElmoSunkGematria,0.3,False,0.01919,49.9,,0.04,1783125161
All Pools,wALGO - AVAX,0.3,False,0.01894,123.85,,0.01,1783125161
All Pools,Christmas - AVAX,0.3,False,0.01891,190.22,,0.01,1783125161
All Pools,USDT.e - AVVO,0.3,False,0.01888,3.705,,0.46,1783125161
All Pools,Psychic - Christmas,0.3,False,0.01887,34.99,,0.05,1783125161
All Pools,wALGO - USDC,0.3,False,0.01886,2.482,,0.69,1783125161
All Pools,AMPL - MIM,0.3,False,0.01885,0.48444,,3.55,1783125161
All Pools,BLACK - ElmoSunkGematria,0.3,False,0.01885,1.468,,1.17,1783125161
All Pools,YAK - mYAK,0.3,False,0.01876,0.76134,,2.25,1783125161
All Pools,TRACTOR - AVAX,0.3,False,0.01865,11291.0,,,1783125161
All Pools,Chrism - BLACK,0.3,False,0.01858,1.538,,1.1,1783125161
All Pools,Gravity - BLACK,0.3,False,0.01837,0.30025,,5.58,1783125161
All Pools,Psychic - Codes,0.3,False,0.01829,49.89,,0.03,1783125161
All Pools,TEST - USDC,0.3,False,0.01823,3.953,,0.42,1783125161
All Pools,WOLF - MU,0.3,False,0.01797,4.09,,0.4,1783125161
All Pools,USDC - BVAX,0.3,False,0.01781,26.63,,0.06,1783125161
All Pools,AVAX - Nala,0.3,False,0.01769,20.09,,0.08,1783125161
All Pools,Psychic - Nala,0.3,False,0.01765,218.74,,0.01,1783125161
All Pools,KIWI - USDt,0.3,False,0.01736,19.84,,0.08,1783125161
All Pools,AAVE.e - USDC.e,0.3,False,0.01723,1.225,,1.28,1783125161
All Pools,Psychic - Number,0.3,False,0.01719,49.89,,0.03,1783125161
All Pools,COQ - MU,0.3,False,0.0168,3.548,,0.43,1783125161
All Pools,XIO - AVAX,0.3,False,0.01675,2.421,,0.63,1783125161
All Pools,XIO - USDC,0.3,False,0.01668,24.18,,0.06,1783125161
All Pools,SNTA - MIM,0.3,False,0.01668,0.32908,,4.63,1783125161
All Pools,AVAX - iBONE,0.3,False,0.01654,4.43,,0.34,1783125161
All Pools,Trinity - FourFourFour,0.3,False,0.01653,3.685,,0.41,1783125161
All Pools,USDT.e - iBONE,0.3,False,0.01645,4.517,,0.33,1783125161
All Pools,SWIFT - AVAX,0.3,False,0.01644,10.16,,0.15,1783125161
All Pools,AVAX - LoveWins,0.3,False,0.01641,5.813,,0.26,1783125161
All Pools,FollowTheWhiteRabbit - LoveWins,0.3,False,0.0164,111.39,,0.01,1783125161
All Pools,MIM - YAK,0.3,False,0.01617,0.15608,,9.45,1783125161
All Pools,YEEHAW - ARENA,0.3,False,0.01612,0.8833,,1.67,1783125161
All Pools,Chrism - ChristMark,0.3,False,0.01602,146.99,,0.01,1783125161
All Pools,NOCHILL - KET,0.3,False,0.01597,9.202,,0.16,1783125161
All Pools,TEDDY - AVAX,0.3,False,0.0158,12.83,,0.11,1783125161
All Pools,ChristMark - ChristIAmYou,0.3,False,0.01569,21.3,,0.07,1783125161
All Pools,AVAX - AXIAL,0.3,False,0.01568,637.3,,0.0,1783125161
All Pools,AVAX - USDR,0.3,False,0.01564,2.545,,0.56,1783125161
All Pools,Psychic - Bonfire,0.3,False,0.01546,49.89,,0.03,1783125161
All Pools,BLACK - ChristIAmYou,0.3,False,0.01542,1.482,,0.95,1783125161
All Pools,XOMB - AVAX,0.3,False,0.01538,16.62,,0.08,1783125161
All Pools,XOMB - USDT.e,0.3,False,0.01529,2.151,,0.65,1783125161
All Pools,YEEHAW - AMI,0.3,False,0.01524,3.111,,0.45,1783125161
All Pools,AVAX - WSPP,0.3,False,0.0152,2.418,,0.57,1783125161
All Pools,aAvaLINK - meGNX,0.3,False,0.01517,8.632,,0.16,1783125161
All Pools,ARA - AVAX,0.3,False,0.01507,2.43,,0.57,1783125161
All Pools,NOCHILL - AMI,0.3,False,0.01485,3.55,,0.38,1783125161
All Pools,SHERPA - AVAX,0.3,False,0.01483,98.65,,0.01,1783125161
All Pools,MIM - PAR,0.3,False,0.01467,0.47405,,2.82,1783125161
All Pools,YETI - WINE,0.3,False,0.01465,0.17507,,7.64,1783125161
All Pools,QI - REDWOLF,0.3,False,0.01465,1.218,,1.1,1783125161
All Pools,Psychic - PoPo,0.3,False,0.0145,49.9,,0.03,1783125161
All Pools,AVAX - PAR,0.3,False,0.0145,1.344,,0.98,1783125161
All Pools,MIM - ICE,0.3,False,0.0145,0.31835,,4.16,1783125161
All Pools,Gladiator - AVAX,0.3,False,0.01447,1.603,,0.82,1783125161
All Pools,LordJesusChrist - BLACK,0.3,False,0.01446,1.4,,0.94,1783125161
All Pools,AVAX - TUSK,0.3,False,0.01444,2.122,,0.62,1783125161
All Pools,YETI - AVAX,0.3,False,0.01443,701.45,,0.0,1783125161
All Pools,USDC.e - TUSK,0.3,False,0.01436,9.5,,0.14,1783125161
All Pools,AVAX - ICE,0.3,False,0.01431,109.14,,0.01,1783125161
All Pools,PoPo - BLACK,0.3,False,0.0143,1.452,,0.9,1783125161
All Pools,AI9000 - AVAX,0.3,False,0.01429,228.89,,0.01,1783125161
All Pools,WOLF - AMI,0.3,False,0.01419,2.592,,0.5,1783125161
All Pools,MUMO - WMATIC,0.3,False,0.01414,0.02615,,49.35,1783125161
All Pools,ZH - JOE,0.3,False,0.01414,2.217,,0.58,1783125161
All Pools,Psychic - SevenSevenSeven,0.3,False,0.01408,49.9,,0.03,1783125161
All Pools,Psychic - Vampire,0.3,False,0.01404,49.9,,0.03,1783125161
All Pools,KOKSAL - AVAX,0.3,False,0.01404,2.914,,0.44,1783125161
All Pools,KOKSAL - USDC,0.3,False,0.01397,4.522,,0.28,1783125161
All Pools,ZH - USDC.e,0.3,False,0.01392,22.36,,0.06,1783125161
All Pools,SevenSevenSeven - BLACK,0.3,False,0.01386,1.456,,0.87,1783125161
All Pools,AVAX - NORTH,0.3,False,0.01385,1.834,,0.69,1783125161
All Pools,Vampire - BLACK,0.3,False,0.01385,1.458,,0.87,1783125161
All Pools,USDT.e - NORTH,0.3,False,0.01378,26.56,,0.05,1783125161
All Pools,GURS - ARENA,0.3,False,0.01378,5.717,,0.22,1783125161
All Pools,COQ - REDWOLF,0.3,False,0.01368,9.128,,0.14,1783125161
All Pools,Psychic - Verse,0.3,False,0.01358,49.87,,0.02,1783125161
All Pools,AVAX - LYLY,0.3,False,0.01352,53.97,,0.02,1783125161
All Pools,COQ - LYLY,0.3,False,0.01348,10.37,,0.12,1783125161
All Pools,HATCHY - AMI,0.3,False,0.01345,2.812,,0.44,1783125161
All Pools,EVRT - AVAX,0.3,False,0.01344,37.21,,0.03,1783125161
All Pools,BLACK - Verse,0.3,False,0.01339,1.464,,0.83,1783125161
All Pools,MU - COQAI,0.3,False,0.01337,5.858,,0.21,1783125161
All Pools,Psychic - WhoWhoWho,0.3,False,0.01337,49.87,,0.02,1783125161
All Pools,AMPL - AVAX,0.3,False,0.01327,218.5,,0.01,1783125161
All Pools,BTC.b - GMX,0.3,False,0.01309,1.286,,0.93,1783125161
All Pools,JOE - REDWOLF,0.3,False,0.01303,2.956,,0.4,1783125161
All Pools,BTC.b - BEAM,0.3,False,0.013,0.24822,,4.78,1783125161
All Pools,AVAX - WISE,0.3,False,0.01299,2.344,,0.51,1783125161
All Pools,USDC.e - WISE,0.3,False,0.01292,6.826,,0.17,1783125161
All Pools,MIM - DB,0.3,False,0.01288,0.76264,,1.54,1783125161
All Pools,[i]Lluminati - BLACK,0.3,False,0.01286,1.507,,0.78,1783125161
All Pools,3ULL - USDt,0.3,False,0.01283,2.233,,0.52,1783125161
All Pools,COQ - KOVIN,0.3,False,0.01278,8.715,,0.13,1783125161
All Pools,USDC.e - BAVA,0.3,False,0.01274,2.713,,0.43,1783125161
All Pools,Psychic - IAmThatIAm,0.3,False,0.01272,49.9,,0.02,1783125161
All Pools,SatoshiNakamoto - Psychic,0.3,False,0.01272,49.9,,0.02,1783125161
All Pools,XETA - AVAX,0.3,False,0.01256,0.1643,,6.98,1783125161
All Pools,Psychic - Oracle,0.3,False,0.01249,49.9,,0.02,1783125161
All Pools,Oracle - BLACK,0.3,False,0.01228,1.454,,0.77,1783125161
All Pools,KOVIN - MU,0.3,False,0.01227,2.547,,0.44,1783125161
All Pools,Psychic - BiTonic,0.3,False,0.01206,49.98,,0.02,1783125161
All Pools,AVAX - DUA,0.3,False,0.01204,1.799,,0.61,1783125161
All Pools,DUA - USDC,0.3,False,0.01199,11.54,,0.09,1783125161
All Pools,BiTonic - BLACK,0.3,False,0.01189,1.454,,0.75,1783125161
All Pools,GMX - USDC,0.3,False,0.01184,0.83936,,1.29,1783125161
All Pools,Psychic - QuetzalCoatl,0.3,False,0.01178,49.9,,0.02,1783125161
All Pools,Psychic - Penny,0.3,False,0.01178,49.9,,0.02,1783125161
All Pools,MIM - MTB,0.3,False,0.01167,0.44447,,2.4,1783125161
All Pools,WETH.e - MU,0.3,False,0.01163,1.753,,0.61,1783125161
All Pools,Psychic - TrueStory,0.3,False,0.01156,49.9,,0.02,1783125161
All Pools,Penny - BLACK,0.3,False,0.01156,1.454,,0.73,1783125161
All Pools,MIM - MEAD,0.3,False,0.01153,0.24192,,4.35,1783125161
All Pools,AVAX - MTB,0.3,False,0.01153,0.44008,,2.39,1783125161
All Pools,KR - AVAX,0.3,False,0.01151,1.447,,0.73,1783125161
All Pools,Psychic - Time,0.3,False,0.0115,49.9,,0.02,1783125161
All Pools,MEAD - AVAX,0.3,False,0.0115,108.05,,0.01,1783125161
All Pools,KR - USDC.e,0.3,False,0.01144,11.18,,0.09,1783125161
All Pools,Psychic - LordJesusChrist,0.3,False,0.01136,47.92,,0.02,1783125161
All Pools,gOHM - JOE,0.3,False,0.01131,3.289,,0.31,1783125161
All Pools,Psychic - Alphabet,0.3,False,0.01119,49.91,,0.02,1783125161
All Pools,SUB - AVAX,0.3,False,0.01119,15.86,,0.06,1783125161
All Pools,MIM - toi,0.3,False,0.01116,0.63152,,1.61,1783125161
All Pools,Psychic - Happy,0.3,False,0.01113,49.9,,0.02,1783125161
All Pools,Flection - Psychic,0.3,False,0.01109,49.91,,0.02,1783125161
All Pools,toi - AVAX,0.3,False,0.01103,0.39429,,2.55,1783125161
All Pools,Psychic - Artemis,0.3,False,0.01097,50.04,,0.02,1783125161
All Pools,Psychic - Six,0.3,False,0.01087,49.9,,0.02,1783125161
All Pools,Loyalty - Psychic,0.3,False,0.01085,49.87,,0.02,1783125161
All Pools,SMRTr - GG,0.3,False,0.01083,0.10991,,8.99,1783125161
All Pools,REDWOLF - SHRAP,0.3,False,0.01083,0.88269,,1.12,1783125161
All Pools,Six - BLACK,0.3,False,0.01074,1.453,,0.67,1783125161
All Pools,USDt - OK,0.3,False,0.01074,0.14674,,6.68,1783125161
All Pools,Loyalty - BLACK,0.3,False,0.01069,1.461,,0.67,1783125161
All Pools,MUMO - USDC,0.3,False,0.01068,7.858,,0.12,1783125161
All Pools,HUSKY - SNOWY,0.3,False,0.01065,0.17585,,5.52,1783125161
All Pools,DivineFeminine - AVAX,0.3,False,0.01064,4.667,,0.21,1783125161
All Pools,Psychic - BirthingCode,0.3,False,0.01052,49.91,,0.02,1783125161
All Pools,TRACTOR - USDT.e,0.3,False,0.01049,1.721,,0.56,1783125161
All Pools,COQ - BOOTY,0.3,False,0.01047,7.28,,0.13,1783125161
All Pools,Psychic - Line,0.3,False,0.01045,50.58,,0.02,1783125161
All Pools,SNP - AVAX,0.3,False,0.01044,8.297,,0.11,1783125161
All Pools,COQ - SNP,0.3,False,0.0104,17.26,,0.05,1783125161
All Pools,Psychic - Abracadabra,0.3,False,0.01036,49.88,,0.02,1783125161
All Pools,Psychic - Lock,0.3,False,0.01031,49.88,,0.02,1783125161
All Pools,MIM - DREX,0.3,False,0.01027,5.568,,0.17,1783125161
All Pools,CRA - AVAX,0.3,False,0.01027,7665.41,,,1783125161
All Pools,COQ - SNOWY,0.3,False,0.01023,0.91709,,1.02,1783125161
All Pools,Psychic - Chrism,0.3,False,0.01015,52.3,,0.02,1783125161
All Pools,AVAX - DREX,0.3,False,0.01014,0.20321,,4.55,1783125161
All Pools,BLACK - IfYouKnowYouKnow,0.3,False,0.01011,1.489,,0.62,1783125161
All Pools,ORBIT - AVAX,0.3,False,0.01007,1.44,,0.64,1783125161
All Pools,AI9000 - MU,0.3,False,0.01002,1.084,,0.84,1783125161
All Pools,USV - AVAX,0.3,False,0.00994,0.96575,,0.94,1783125161
All Pools,JOE - AVE,0.3,False,0.00992,1.276,,0.71,1783125161
All Pools,Psychic - KekiusMaximus,0.3,False,0.00988,49.9,,0.02,1783125161
All Pools,Psychic - Sequence,0.3,False,0.00985,49.91,,0.02,1783125161
All Pools,AVAX - NXUSD,0.3,False,0.00983,0.38865,,2.31,1783125161
All Pools,MIM - DB,0.3,False,0.00979,0.50555,,1.77,1783125161
All Pools,Sequence - BLACK,0.3,False,0.00977,1.448,,0.62,1783125161
All Pools,MEOW - MU,0.3,False,0.00975,1.341,,0.66,1783125161
All Pools,DB - AVAX,0.3,False,0.00975,0.35327,,2.52,1783125161
All Pools,KekiusMaximus - BLACK,0.3,False,0.00972,1.453,,0.61,1783125161
All Pools,Psychic - Confusion,0.3,False,0.0097,49.9,,0.02,1783125161
All Pools,ARENA - AMI,0.3,False,0.00964,0.92975,,0.95,1783125161
All Pools,DrainTheSwamp - AVAX,0.3,False,0.00959,28.94,,0.03,1783125161
All Pools,MIM - LIFE,0.3,False,0.00956,0.2393,,3.65,1783125161
All Pools,DrainTheSwamp - FollowTheWhiteRabbit,0.3,False,0.00956,8.35,,0.1,1783125161
All Pools,Psychic - James,0.3,False,0.00955,49.91,,0.02,1783125161
All Pools,Psychic - daVinci,0.3,False,0.00955,49.9,,0.02,1783125161
All Pools,Psychic - PennyTrinity,0.3,False,0.00954,49.92,,0.02,1783125161
All Pools,Confusion - BLACK,0.3,False,0.00953,1.454,,0.6,1783125161
All Pools,SodomAndGomorrah - AVAX,0.3,False,0.00949,14.44,,0.06,1783125161
All Pools,Trinity - SodomAndGomorrah,0.3,False,0.00947,16.88,,0.05,1783125161
All Pools,LIFE - AVAX,0.3,False,0.00944,0.77532,,1.11,1783125161
All Pools,WITCH - AVAX,0.3,False,0.00944,2.226,,0.39,1783125161
All Pools,Psychic - Checkmate,0.3,False,0.0094,50.02,,0.02,1783125161
All Pools,daVinci - BLACK,0.3,False,0.00939,1.451,,0.59,1783125161
All Pools,WITCH - USDC,0.3,False,0.00938,1.591,,0.54,1783125161
All Pools,AVAX - TT,0.3,False,0.00935,1.698,,0.5,1783125161
All Pools,Checkmate - BLACK,0.3,False,0.00934,1.452,,0.59,1783125161
All Pools,Psychic - Crypt,0.3,False,0.00929,49.86,,0.02,1783125161
All Pools,Psychic - Numbers,0.3,False,0.00928,49.9,,0.02,1783125161
All Pools,SMRTr - USDT.e,0.3,False,0.00924,1.128,,0.75,1783125161
All Pools,Numbers - BLACK,0.3,False,0.00922,1.45,,0.58,1783125161
All Pools,Eye - Psychic,0.3,False,0.00917,49.9,,0.02,1783125161
All Pools,Crypt - BLACK,0.3,False,0.00917,1.463,,0.57,1783125161
All Pools,LoveIsTheKey - AVAX,0.3,False,0.00914,11.01,,0.08,1783125161
All Pools,Psychic - Partment,0.3,False,0.00902,49.89,,0.02,1783125161
All Pools,BIRD - AVAX,0.3,False,0.00899,0.01015,,80.87,1783125161
All Pools,MIM - DB,0.3,False,0.00886,0.19216,,4.21,1783125161
All Pools,Psychic - Alice,0.3,False,0.00884,49.87,,0.02,1783125161
All Pools,AVAX - COSMIC,0.3,False,0.00879,1.084,,0.74,1783125161
All Pools,ARENA - JUICY,0.3,False,0.00878,0.03933,,20.37,1783125161
All Pools,JOE - aXEN,0.3,False,0.00875,0.19773,,4.04,1783125161
All Pools,USDC - COSMIC,0.3,False,0.00875,54.06,,0.01,1783125161
All Pools,DB - AVAX,0.3,False,0.00875,1.439,,0.55,1783125161
All Pools,BLACK - Alice,0.3,False,0.00872,1.46,,0.55,1783125161
All Pools,AVAX - MUG,0.3,False,0.00871,1.041,,0.76,1783125161
All Pools,Psychic - PlotTwist,0.3,False,0.00867,51.02,,0.02,1783125161
All Pools,NOCHILL - MU,0.3,False,0.00864,1.632,,0.48,1783125161
All Pools,OH - AVAX,0.3,False,0.00856,69.61,,0.01,1783125161
All Pools,BENIS - NOCHILL,0.3,False,0.00855,3.115,,0.25,1783125161
All Pools,Psychic - TwinFlames,0.3,False,0.00852,50.47,,0.02,1783125161
All Pools,AKA - AVAX,0.3,False,0.00851,1.87,,0.42,1783125161
All Pools,AKA - USDt,0.3,False,0.00848,2.774,,0.28,1783125161
All Pools,Psychic - RefZip,0.3,False,0.00823,49.9,,0.02,1783125161
All Pools,SWIFT - USDT.e,0.3,False,0.00821,0.41892,,1.79,1783125161
All Pools,AVAX - Ouroboros,0.3,False,0.00813,16.14,,0.05,1783125161
All Pools,Trinity - Ouroboros,0.3,False,0.00811,9.603,,0.08,1783125161
All Pools,AVAX - LODE,0.3,False,0.00804,1.041,,0.7,1783125161
All Pools,TRACTOR - JOE,0.3,False,0.00801,1.223,,0.6,1783125161
All Pools,USDC - LODE,0.3,False,0.00798,1025.08,,,1783125161
All Pools,CAPY - ARENA,0.3,False,0.0079,23207.0,,,1783125161
All Pools,Psychic - Equal,0.3,False,0.00778,49.91,,0.01,1783125161
All Pools,Choice - Psychic,0.3,False,0.00775,49.88,,0.01,1783125161
All Pools,Equal - BLACK,0.3,False,0.00773,1.448,,0.49,1783125161
All Pools,CNR - AVAX,0.3,False,0.00769,47.91,,0.01,1783125161
All Pools,GGP - JUICY,0.3,False,0.00765,0.03281,,21.28,1783125161
All Pools,ETHM - LINK.e,0.3,False,0.00765,0.11054,,6.32,1783125161
All Pools,FTOMB - AVAX,0.3,False,0.00763,7025.26,,,1783125161
All Pools,EagleToken - AVAX,0.3,False,0.00757,1.717,,0.4,1783125161
All Pools,EagleToken - USDC.e,0.3,False,0.00753,2.061,,0.33,1783125161
All Pools,gOHM - USDT.e,0.3,False,0.00753,0.6329,,1.09,1783125161
All Pools,WABBIT - AMI,0.3,False,0.00743,0.8403,,0.81,1783125161
All Pools,ACS - USDt,0.3,False,0.00743,0.94766,,0.72,1783125161
All Pools,Trinity - TruthClosure,0.3,False,0.0074,6.942,,0.1,1783125161
All Pools,PB - MIM,0.3,False,0.00738,5.797,,0.12,1783125161
All Pools,MUMO - AVAX,0.3,False,0.00731,0.1488,,4.48,1783125161
All Pools,RUG - DAI.e,0.3,False,0.00729,0.76885,,0.87,1783125161
All Pools,PB - AVAX,0.3,False,0.00727,0.16348,,4.06,1783125161
All Pools,Trinity - IngersollLockwood,0.3,False,0.00724,0.74149,,0.89,1783125161
All Pools,SFI - AVAX,0.3,False,0.00718,0.94898,,0.69,1783125161
All Pools,MIM - ICY,0.3,False,0.00718,7.481,,0.09,1783125161
All Pools,SMRT - XAVA,0.3,False,0.00709,2.393,,0.27,1783125161
All Pools,DB - AVAX,0.3,False,0.00709,0.78403,,0.83,1783125161
All Pools,LYD - REDWOLF,0.3,False,0.00705,4.199,,0.15,1783125161
All Pools,MIM - SFI,0.3,False,0.00685,0.1654,,3.78,1783125161
All Pools,MU - SOL,0.3,False,0.00665,1.136,,0.53,1783125161
All Pools,USDC.e - UST,0.3,False,0.00661,1.582,,0.38,1783125161
All Pools,TIME - SPELL,0.3,False,0.00646,0.41133,,1.43,1783125161
All Pools,DB - USDC,0.3,False,0.00645,0.35072,,1.68,1783125161
All Pools,XPOW - USDt,0.3,False,0.00644,1.118,,0.53,1783125161
All Pools,AVAX - RUG,0.3,False,0.00642,0.33189,,1.76,1783125161
All Pools,Psychic - Self,0.3,False,0.0064,51.74,,0.01,1783125161
All Pools,MU - MUG,0.3,False,0.00637,2337.76,,,1783125161
All Pools,HH - AVAX,0.3,False,0.00636,258.22,,0.0,1783125161
All Pools,APOW - MU,0.3,False,0.00634,2.394,,0.24,1783125161
All Pools,HH - ARENA,0.3,False,0.00632,1.786,,0.32,1783125161
All Pools,KIMBO - AMI,0.3,False,0.00632,2.673,,0.22,1783125161
All Pools,JOE - CNR,0.3,False,0.00629,0.75362,,0.76,1783125161
All Pools,Self - BLACK,0.3,False,0.00627,0.64784,,0.88,1783125161
All Pools,AVAX - HOST,0.3,False,0.00622,1.621,,0.35,1783125161
All Pools,AMI - MU,0.3,False,0.00621,1.279,,0.44,1783125161
All Pools,Psychic - Finish,0.3,False,0.00616,49.88,,0.01,1783125161
All Pools,LUNA - USDC,0.3,False,0.00615,1.474,,0.38,1783125161
All Pools,JOE - USDt,0.3,False,0.00613,0.67532,,0.83,1783125161
All Pools,CRA - USDC.e,0.3,False,0.00604,0.49063,,1.12,1783125161
All Pools,APOW - XPOW,0.3,False,0.00599,22.31,,0.02,1783125161
All Pools,Psychic - Go,0.3,False,0.00597,58.78,,0.01,1783125161
All Pools,GRAPE - AVAX,0.3,False,0.00597,0.093,,5.85,1783125161
All Pools,Trinity - IfYouKnowYouKnow,0.3,False,0.00596,3.633,,0.15,1783125161
All Pools,MAXI - AVAX,0.3,False,0.00588,0.6775,,0.79,1783125161
All Pools,AVAX - sSB,0.3,False,0.00584,0.4718,,1.13,1783125161
All Pools,EGG - AVAX,0.3,False,0.00583,1.385,,0.38,1783125161
All Pools,HOST - DAI.e,0.3,False,0.00579,2.821,,0.19,1783125161
All Pools,EGG - USDT.e,0.3,False,0.00578,1.859,,0.28,1783125161
All Pools,COQ - ARENA,0.3,False,0.00578,0.85454,,0.62,1783125161
All Pools,DAI.e - NXUSD,0.3,False,0.00577,0.1947,,2.7,1783125161
All Pools,CRAFT - USDC.e,0.3,False,0.00575,0.75788,,0.69,1783125161
All Pools,HCT - AVAX,0.3,False,0.00572,2.746,,0.19,1783125161
All Pools,SYMBIOT - DAI.e,0.3,False,0.0056,0.41531,,1.23,1783125161
All Pools,AVAX - IMPACT,0.3,False,0.0056,2.813,,0.18,1783125161
All Pools,EUROS - AVAX,0.3,False,0.00557,0.99479,,0.51,1783125161
All Pools,UST - WINE,0.3,False,0.00553,0.11249,,4.49,1783125161
All Pools,LUNA - USDt,0.3,False,0.0055,1.395,,0.36,1783125161
All Pools,AVE - AVAX,0.3,False,0.00549,3.25,,0.15,1783125161
All Pools,ETHM - USDT.e,0.3,False,0.00546,0.06998,,7.12,1783125161
All Pools,xJOE - wsOHM,0.3,False,0.00545,0.18702,,2.66,1783125161
All Pools,xJOE - AVAX,0.3,False,0.00538,1.929,,0.25,1783125161
All Pools,Degen - AVAX,0.3,False,0.00535,1511.7,,,1783125161
All Pools,MIM - ARABBIT,0.3,False,0.00534,0.25798,,1.89,1783125161
All Pools,SNO Token - AVAX,0.3,False,0.00534,1.2,,0.41,1783125161
All Pools,SNO Token - JOE,0.3,False,0.00531,54.42,,0.01,1783125161
All Pools,ARABBIT - AVAX,0.3,False,0.00524,0.25755,,1.86,1783125161
All Pools,BEAM - MU,0.3,False,0.00515,0.91646,,0.51,1783125161
All Pools,MIM - SMOKA,0.3,False,0.00502,0.23133,,1.98,1783125161
All Pools,SMOKA - AVAX,0.3,False,0.00492,0.25379,,1.77,1783125161
All Pools,tst1 - AVAX,0.3,False,0.00491,0.49187,,0.91,1783125161
All Pools,tst1 - USDT.e,0.3,False,0.00488,2.628,,0.17,1783125161
All Pools,BEE - AVAX,0.3,False,0.00487,0.69897,,0.64,1783125161
All Pools,BEE - USDT.e,0.3,False,0.00483,32.18,,0.01,1783125161
All Pools,TokenZ - AVAX,0.3,False,0.00479,1.99,,0.22,1783125161
All Pools,TokenZ - USDC,0.3,False,0.00477,3.603,,0.12,1783125161
All Pools,MIM - PLEB,0.3,False,0.00475,7.875,,0.06,1783125161
All Pools,SNLP - AVAX,0.3,False,0.00468,2750.68,,,1783125161
All Pools,AVAX - PLEB,0.3,False,0.00466,0.09057,,4.7,1783125161
All Pools,JOE - SNLP,0.3,False,0.00466,1.131,,0.38,1783125161
All Pools,QI - USDC.e,0.3,False,0.0046,0.67039,,0.63,1783125161
All Pools,USDt - IMPACT,0.3,False,0.00451,1.728,,0.24,1783125161
All Pools,MIM - AKITA,0.3,False,0.00442,0.08374,,4.81,1783125161
All Pools,AVAX - SAGE,0.3,False,0.00436,0.74298,,0.54,1783125161
All Pools,AVAX - AKITA,0.3,False,0.00433,1880.84,,,1783125161
All Pools,USDC.e - SAGE,0.3,False,0.00432,2.084,,0.19,1783125161
All Pools,DCAR - AVAX,0.3,False,0.00423,0.96268,,0.4,1783125161
All Pools,3ULL - USDT.e,0.3,False,0.00422,0.5763,,0.67,1783125161
All Pools,DCAR - USDC,0.3,False,0.00421,56.33,,0.01,1783125161
All Pools,USDC - TT,0.3,False,0.00419,2.024,,0.19,1783125161
All Pools,AI9000 - USDt,0.3,False,0.00418,0.78185,,0.49,1783125161
All Pools,ORNG - JUICE,0.3,False,0.00397,1.395,,0.26,1783125161
All Pools,SYMBIOT - AVAX,0.3,False,0.00393,1.159,,0.31,1783125161
All Pools,LAMA - JUICY,0.3,False,0.00374,0.01834,,18.63,1783125161
All Pools,REDWOLF - ODDZ,0.3,False,0.00364,1.366,,0.24,1783125161
All Pools,Gladiator - AMI,0.3,False,0.00362,1.108,,0.3,1783125161
All Pools,AVAX - ASND,0.3,False,0.00362,0.11078,,2.98,1783125161
All Pools,TSD - USDT.e,0.3,False,0.00357,0.17422,,1.87,1783125161
All Pools,HUSKY - aXEN,0.3,False,0.00356,0.05683,,5.72,1783125161
All Pools,MIM - ASND,0.3,False,0.00356,70.68,,0.0,1783125161
All Pools,ELXR - USDC.e,0.3,False,0.00352,1094.7,,,1783125161
All Pools,WET - USDT.e,0.3,False,0.00349,0.38251,,0.83,1783125161
All Pools,JOE - USDR,0.3,False,0.00347,0.57256,,0.55,1783125161
All Pools,RGK - AVAX,0.3,False,0.00344,0.06058,,5.19,1783125161
All Pools,WOLFI - AMI,0.3,False,0.00339,2.488,,0.12,1783125161
All Pools,Trinity - BLACK,0.3,False,0.00337,0.19878,,1.55,1783125161
All Pools,USDC.e - TIME,0.3,False,0.00336,0.20338,,1.51,1783125161
All Pools,Psychic - Mirror,0.3,False,0.00336,49.9,,0.01,1783125161
All Pools,SUB - AVAX,0.3,False,0.00335,0.44182,,0.69,1783125161
All Pools,Mirror - BLACK,0.3,False,0.00333,1.443,,0.21,1783125161
All Pools,SUB - USDC,0.3,False,0.00332,69.67,,0.0,1783125161
All Pools,LAMA - AVAX,0.3,False,0.0033,8819.66,,,1783125161
All Pools,GMX - USDt,0.3,False,0.00328,0.34706,,0.86,1783125161
All Pools,USDC.e - SMRT,0.3,False,0.00326,1.892,,0.16,1783125161
All Pools,BNZ - KET,0.3,False,0.00324,2.649,,0.11,1783125161
All Pools,Balln - AMI,0.3,False,0.00323,0.50143,,0.59,1783125161
All Pools,MU - KET,0.3,False,0.00322,0.95244,,0.31,1783125161
All Pools,USDC - SPT,0.3,False,0.0032,0.13767,,2.12,1783125161
All Pools,Psychic - Who,0.3,False,0.00315,49.92,,0.01,1783125161
All Pools,MU - WAIFU,0.3,False,0.0031,119.66,,0.0,1783125161
All Pools,DADDY - AVAX,0.3,False,0.00309,0.79263,,0.36,1783125161
All Pools,DADDY - USDT.e,0.3,False,0.00309,17.3,,0.02,1783125161
All Pools,LIRA - AVAX,0.3,False,0.00307,11.01,,0.03,1783125161
All Pools,Psychic - Seminole,0.3,False,0.003,49.88,,0.01,1783125161
All Pools,MEAT - AVAX,0.3,False,0.00297,4002.0,,,1783125161
All Pools,MEAT - MU,0.3,False,0.00295,0.41621,,0.65,1783125161
All Pools,DoloresCannon - BLACK,0.3,False,0.00294,0.3312,,0.81,1783125161
All Pools,USDC.e - WET,0.3,False,0.00294,0.38326,,0.7,1783125161
All Pools,HUSKY - MU,0.3,False,0.0029,0.04155,,6.36,1783125161
All Pools,DAI.e - HOST,0.3,False,0.00289,15.68,,0.02,1783125161
All Pools,3ULL - USDC,0.3,False,0.00286,0.57762,,0.45,1783125161
All Pools,Psychic - YouAndI,0.3,False,0.00284,49.91,,0.01,1783125161
All Pools,KANA - AVAX,0.3,False,0.00284,847.85,,,1783125161
All Pools,KANA - USDC,0.3,False,0.00282,0.43942,,0.59,1783125161
All Pools,YouAndI - BLACK,0.3,False,0.00281,1.437,,0.18,1783125161
All Pools,SB - DAI.e,0.3,False,0.0028,0.13564,,1.89,1783125161
All Pools,sAVAX - USDC,0.3,False,0.00279,0.46605,,0.55,1783125161
All Pools,NOCHILL - WAIFU,0.3,False,0.00279,147.63,,0.0,1783125161
All Pools,TEST - DAI.e,0.3,False,0.00275,1.175,,0.21,1783125161
All Pools,USDC - AMI,0.3,False,0.00272,0.5141,,0.48,1783125161
All Pools,AMI - DEGEN404,0.3,False,0.00271,0.77461,,0.32,1783125161
All Pools,gOHM - USDC.e,0.3,False,0.0027,0.32212,,0.77,1783125161
All Pools,STG - JOE,0.3,False,0.0027,0.11608,,2.12,1783125161
All Pools,OLIVE - AVAX,0.3,False,0.0027,0.00121,,204.02,1783125161
All Pools,SPORE - JOE,0.3,False,0.0027,0.44677,,0.55,1783125161
All Pools,MIM - BSGG,0.3,False,0.00267,0.08026,,3.04,1783125161
All Pools,HUSKY - SMRTr,0.3,False,0.00266,0.04649,,5.22,1783125161
All Pools,AUX - AVAX,0.3,False,0.00261,0.32211,,0.74,1783125161
All Pools,UNI.e - AVAX,0.3,False,0.00261,0.02998,,7.93,1783125161
All Pools,FITFI - USDC,0.3,False,0.0026,0.21418,,1.11,1783125161
All Pools,AUX - USDC,0.3,False,0.00259,646.77,,,1783125161
All Pools,GOD - AVAX,0.3,False,0.0025,22.11,,0.01,1783125161
All Pools,BTC.b - WETH.e,0.3,False,0.00248,0.42196,,0.54,1783125161
All Pools,BTC.b - MUMO,0.3,False,0.00246,4.082,,0.06,1783125161
All Pools,YEEHAW - ABC,0.3,False,0.00245,0.25889,,0.87,1783125161
All Pools,LYD - AVAX,0.3,False,0.00245,0.6737,,0.33,1783125161
All Pools,NOCHILL - ARENA,0.3,False,0.00242,0.2932,,0.75,1783125161
All Pools,TEST - USDT.e,0.3,False,0.00242,3.923,,0.06,1783125161
All Pools,MIM - BTC.b,0.3,False,0.0024,0.02366,,9.24,1783125161
All Pools,AVAX - CAKE,0.3,False,0.00232,0.62637,,0.34,1783125161
All Pools,CRA - USDT.e,0.3,False,0.00232,0.23113,,0.92,1783125161
All Pools,SLUSH - AVAX,0.3,False,0.00232,0.58208,,0.36,1783125161
All Pools,USDT.e - CAKE,0.3,False,0.00231,48.34,,0.0,1783125161
All Pools,LINK.e - MUG,0.3,False,0.00231,0.22652,,0.93,1783125161
All Pools,SLUSH - USDT.e,0.3,False,0.0023,1.261,,0.17,1783125161
All Pools,NUG - AVAX,0.3,False,0.0023,0.32694,,0.64,1783125161
All Pools,NUG - USDC,0.3,False,0.00228,2.33,,0.09,1783125161
All Pools,SLOT - AVAX,0.3,False,0.00224,2871.72,,,1783125161
All Pools,AVAX - RBEES,0.3,False,0.00222,0.55666,,0.36,1783125161
All Pools,SLOT - USDC.e,0.3,False,0.00222,0.40504,,0.5,1783125161
All Pools,WETH.e - USDt,0.3,False,0.00222,0.06557,,3.09,1783125161
All Pools,USDC.e - RBEES,0.3,False,0.0022,0.45459,,0.44,1783125161
All Pools,JOE - QI,0.3,False,0.00216,0.62587,,0.31,1783125161
All Pools,USDC.e - XAVA,0.3,False,0.00214,0.34951,,0.56,1783125161
All Pools,SYMBIOT - HOST,0.3,False,0.00208,0.53504,,0.35,1783125161
All Pools,MIM - LEXIP,0.3,False,0.00207,0.06246,,3.03,1783125161
All Pools,SolarDAO - AVAX,0.3,False,0.00207,0.33868,,0.56,1783125161
All Pools,OH - USDC.e,0.3,False,0.00206,0.3315,,0.57,1783125161
All Pools,MIM - SNOW,0.3,False,0.00206,0.11994,,1.56,1783125161
All Pools,SolarDAO - USDT.e,0.3,False,0.00205,2.017,,0.09,1783125161
All Pools,LEXIP - AVAX,0.3,False,0.00202,0.25409,,0.73,1783125161
All Pools,SNOW - AVAX,0.3,False,0.00201,0.08304,,2.21,1783125161
All Pools,AVAX - WARP,0.3,False,0.00198,1.203,,0.15,1783125161
All Pools,PNG - USDT.e,0.3,False,0.00198,0.81426,,0.22,1783125161
All Pools,TEDDY - USDC,0.3,False,0.00198,0.37572,,0.48,1783125161
All Pools,USDT.e - WARP,0.3,False,0.00197,0.84382,,0.21,1783125161
All Pools,WhoLovesYou - BLACK,0.3,False,0.00197,0.33137,,0.54,1783125161
All Pools,FollowTheWhiteRabbit - BLACK,0.3,False,0.00194,0.14968,,1.18,1783125161
All Pools,YUSD - USDC,0.3,False,0.00193,23.03,,0.01,1783125161
All Pools,BTC.b - yyAVAX,0.3,False,0.00188,4.311,,0.04,1783125161
All Pools,ACTA - AVAX,0.3,False,0.00188,0.19344,,0.89,1783125161
All Pools,Gravity - ThreeThreeSeven,0.3,False,0.00187,1.61,,0.11,1783125161
All Pools,ACTA - USDt,0.3,False,0.00186,465.09,,,1783125161
All Pools,CREAM - AVAX,0.3,False,0.00186,168.0,,0.0,1783125161
All Pools,GMX - JOE,0.3,False,0.00186,0.31386,,0.54,1783125161
All Pools,MIM - CLAVIS,0.3,False,0.00184,17.08,,0.01,1783125161
All Pools,CREAM - STRAW,0.3,False,0.00184,0.18246,,0.92,1783125161
All Pools,AVME - AVAX,0.3,False,0.00182,0.00172,,96.56,1783125161
All Pools,BLACK - ThreeThreeSeven,0.3,False,0.0018,0.24149,,0.68,1783125161
All Pools,CLAVIS - AVAX,0.3,False,0.0018,0.04348,,3.78,1783125161
All Pools,MIM - LVT,0.3,False,0.00178,0.03306,,4.9,1783125161
All Pools,xAVAX - AVAX,0.3,False,0.00177,0.56778,,0.28,1783125161
All Pools,JADE - USDC,0.3,False,0.00177,318.69,,,1783125161
All Pools,AGX - AVAX,0.3,False,0.00175,0.22563,,0.71,1783125161
All Pools,AGX - USDC,0.3,False,0.00174,74.83,,0.0,1783125161
All Pools,AVAX - FTEST,0.3,False,0.00171,0.33645,,0.46,1783125161
All Pools,JPYC - AVAX,0.3,False,0.0017,0.24504,,0.63,1783125161
All Pools,MIM - SN,0.3,False,0.0017,14.28,,0.01,1783125161
All Pools,USDT.e - FTEST,0.3,False,0.0017,1.272,,0.12,1783125161
All Pools,WETH.e - SPELL,0.3,False,0.00169,0.21824,,0.71,1783125161
All Pools,AVAX - LVT,0.3,False,0.00167,43406.0,,,1783125161
All Pools,SN - AVAX,0.3,False,0.00166,0.0401,,3.77,1783125161
All Pools,LIBRE - AVAX,0.3,False,0.00165,1.375,,0.11,1783125161
All Pools,JOE - LIBRE,0.3,False,0.00164,0.32059,,0.47,1783125161
All Pools,MIM - DON,0.3,False,0.00161,0.03913,,3.75,1783125161
All Pools,HUSKY - TRESR,0.3,False,0.00156,0.02573,,5.54,1783125161
All Pools,GENI - USDC.e,0.3,False,0.00154,0.09912,,1.42,1783125161
All Pools,MIM - MNT,0.3,False,0.00149,0.09794,,1.38,1783125161
All Pools,AVAX - BFG,0.3,False,0.00148,1.596,,0.08,1783125161
All Pools,USDC - BFG,0.3,False,0.00147,0.18802,,0.71,1783125161
All Pools,MNT - AVAX,0.3,False,0.00145,0.04165,,3.17,1783125161
All Pools,JEWEL - AVAX,0.3,False,0.00143,0.16887,,0.77,1783125161
All Pools,xAVAX - USDC,0.3,False,0.00137,0.21906,,0.57,1783125161
All Pools,GRAPE - USDC.e,0.3,False,0.00132,0.03695,,3.25,1783125161
All Pools,FITFI - USDC.e,0.3,False,0.0013,0.11506,,1.03,1783125161
All Pools,ABC - MU,0.3,False,0.0013,0.0558,,2.13,1783125161
All Pools,WETH.e - MUMO,0.3,False,0.00124,0.18723,,0.6,1783125161
All Pools,MIM - FAP,0.3,False,0.00121,0.04927,,2.25,1783125161
All Pools,DEG - AVAX,0.3,False,0.00119,208.01,,,1783125161
All Pools,QI - USDC,0.3,False,0.00117,0.07325,,1.46,1783125161
All Pools,BFLY - AVAX,0.3,False,0.00117,0.34828,,0.31,1783125161
All Pools,BFLY - USDC,0.3,False,0.00116,0.20868,,0.51,1783125161
All Pools,SOFT - AVAX,0.3,False,0.00116,0.39818,,0.26,1783125161
All Pools,LUEEGI - AVAX,0.3,False,0.00115,1066.42,,,1783125161
All Pools,MIM - KANDY,0.3,False,0.00114,0.05866,,1.77,1783125161
All Pools,SOFT - USDT.e,0.3,False,0.00113,0.73651,,0.14,1783125161
All Pools,LUEEGI - USDt,0.3,False,0.00113,0.07157,,1.44,1783125161
All Pools,FAP - DAI.e,0.3,False,0.00111,0.64624,,0.16,1783125161
All Pools,KANDY - AVAX,0.3,False,0.00111,0.03745,,2.7,1783125161
All Pools,xORDER - AVAX,0.3,False,0.00107,0.17695,,0.55,1783125161
All Pools,AVAX - HOST,0.3,False,0.00105,0.12448,,0.77,1783125161
All Pools,xORDER - USDC,0.3,False,0.00105,0.16658,,0.58,1783125161
All Pools,XPOW - USDC,0.3,False,0.00103,0.08147,,1.16,1783125161
All Pools,TSD - USDC.e,0.3,False,0.00103,0.06295,,1.49,1783125161
All Pools,BMOON - AVAX,0.3,False,,0.14029,,0.64,1783125161
All Pools,AVAX - APOW,0.3,False,,4.383,,0.02,1783125161
All Pools,EURC - IMPACT,0.3,False,,0.13979,,0.64,1783125161
All Pools,USDC - APOW,0.3,False,,0.08404,,1.05,1783125161
All Pools,MIM - KING,0.3,False,,75667221.0,,,1783125161
All Pools,MIM - ACME,0.3,False,,0.02342,,3.74,1783125161
All Pools,Gravity - Mercury,0.3,False,,1.61,,0.05,1783125161
All Pools,AVAX - ASND,0.3,False,,0.2633,,0.32,1783125161
All Pools,LIRA - USDt,0.3,False,,0.0715,,1.19,1783125161
All Pools,USDC.e - KING,0.3,False,,187627294.0,,,1783125161
All Pools,ASND - USDT.e,0.3,False,,0.70485,,0.12,1783125161
All Pools,AVAX - deUSD,0.3,False,,0.07159,,1.15,1783125161
All Pools,AVAX - SPT,0.3,False,,0.10663,,0.77,1783125161
All Pools,144Thousand - Gravity,0.3,False,,1.608,,0.05,1783125161
All Pools,ETHM - JOE,0.3,False,,0.01004,,7.66,1783125161
All Pools,MUME - MIM,0.3,False,,0.01317,,5.76,1783125161
All Pools,BUSD - USDT.e,0.3,False,,0.07819,,0.97,1783125161
All Pools,APOW - AVAX,0.3,False,,0.12728,,0.59,1783125161
All Pools,APOW - USDt,0.3,False,,0.18747,,0.4,1783125161
All Pools,AVAX - SYMBIOT,0.3,False,,0.27526,,0.26,1783125161
All Pools,HUSKY - HIGHER,0.3,False,,0.01013,,6.67,1783125161
All Pools,DON - AVAX,0.3,False,,3676.91,,,1783125161
All Pools,DAI.e - SYMBIOT,0.3,False,,1.357,,0.05,1783125161
All Pools,AVAX - HON,0.3,False,,53210.0,,,1783125161
All Pools,MIM - STOMB,0.3,False,,0.05008,,1.24,1783125161
All Pools,USDt - HON,0.3,False,,0.03069,,1.99,1783125161
All Pools,STOMB - AVAX,0.3,False,,0.06268,,0.96,1783125161
All Pools,SOB - LUNA,0.3,False,,0.87322,,0.07,1783125161
All Pools,MIM - WBTC.e,0.3,False,,0.01938,,3.02,1783125161
All Pools,MUMO - MU,0.3,False,,0.56865,,0.1,1783125161
All Pools,BTC.b - USDC,0.3,False,,4.179,,0.01,1783125161
All Pools,BTCFi - AVAX,0.3,False,,0.10987,,0.51,1783125161
All Pools,BTCFi - USDC,0.3,False,,0.04061,,1.34,1783125161
All Pools,USDC.e - WSHARE,0.3,False,,2326.78,,,1783125161
All Pools,MIM - SNOW,0.3,False,,0.02207,,2.42,1783125161
All Pools,SNOW - AVAX,0.3,False,,4.647,,0.01,1783125161
All Pools,FMN - AVAX,0.3,False,,0.03137,,1.55,1783125161
All Pools,USDT.e - AKITAX,0.3,False,,0.00247,,18.78,1783125161
All Pools,MAI - MAI,0.3,False,,0.20132,,0.23,1783125161
All Pools,SUBZERO - TOMB,0.3,False,,0.02986,,1.51,1783125161
All Pools,MIM - CROWN,0.3,False,,105.55,,,1783125161
All Pools,AVAX - MAI,0.3,False,,0.01875,,2.39,1783125161
All Pools,BTCBR - DAI.e,0.3,False,,0.06844,,0.65,1783125161
All Pools,AVAX - CROWN,0.3,False,,0.01052,,4.08,1783125161
All Pools,AVAX - COMP.e,0.3,False,,0.06106,,0.7,1783125161
All Pools,MIM - MAG,0.3,False,,86.93,,,1783125161
All Pools,ETHW - AVAX,0.3,False,,0.01716,,2.34,1783125161
All Pools,ETHW - USDC,0.3,False,,1.195,,0.03,1783125161
All Pools,MAG - AVAX,0.3,False,,0.00913,,4.24,1783125161
All Pools,MUME - USDC.e,0.3,False,,0.5129,,0.08,1783125161
All Pools,MIM - EAGLE,0.3,False,,0.04493,,0.85,1783125161
All Pools,ACME - AVAX,0.3,False,,0.02335,,1.63,1783125161
All Pools,EAGLE - USDC,0.3,False,,0.01641,,2.23,1783125161
All Pools,SHERPA - USDT.e,0.3,False,,0.06059,,0.59,1783125161
All Pools,YEEHAW - xAVAX,0.3,False,,0.20408,,0.17,1783125161
All Pools,USDT.e - NEKO,0.3,False,,0.04721,,0.72,1783125161
All Pools,AI - MU,0.3,False,,0.01276,,2.64,1783125161
All Pools,MUME - USDC,0.3,False,,0.07852,,0.43,1783125161
All Pools,MIM - AVE,0.3,False,,0.00941,,3.57,1783125161
All Pools,MIM - TESSTT,0.3,False,,0.00872,,3.69,1783125161
All Pools,TESSTT - AVAX,0.3,False,,0.05889,,0.55,1783125161
All Pools,MIM - VLGR,0.3,False,,0.0182,,1.75,1783125161
All Pools,MIM - NEBU,0.3,False,,0.00842,,3.7,1783125161
All Pools,MIM - MNT,0.3,False,,4.427,,0.01,1783125161
All Pools,AVAX - VLGR,0.3,False,,0.01302,,2.34,1783125161
All Pools,AVAX - NEBU,0.3,False,,1.168,,0.03,1783125161
All Pools,MNT - AVAX,0.3,False,,0.00951,,3.09,1783125161
All Pools,Now - AVAX,0.3,False,,0.01911,,1.53,1783125161
All Pools,LUNA - MIM,0.3,False,,0.00618,,4.73,1783125161
All Pools,GMX - MU,0.3,False,,0.00804,,3.56,1783125161
All Pools,Now - BLACK,0.3,False,,0.10509,,0.27,1783125161
All Pools,CREAMA - AVAX,0.3,False,,0.04156,,0.65,1783125161
All Pools,CREAMA - USDt,0.3,False,,0.02396,,1.1,1783125161
All Pools,WETH.e - LINK.e,0.3,False,,0.11888,,0.22,1783125161
All Pools,USDT.e - GG,0.3,False,,0.01247,,2.05,1783125161
All Pools,Electron - AVAX,0.3,False,,2.16,,0.01,1783125161
All Pools,AVAX - Lukhanyo,0.3,False,,8.379,,0.0,1783125161
All Pools,Electron - USDC,0.3,False,,0.01885,,1.25,1783125161
All Pools,Gravity - Lukhanyo,0.3,False,,1.618,,0.01,1783125161
All Pools,AVAX - FLUX,0.3,False,,0.12484,,0.18,1783125161
All Pools,USDC - FLUX,0.3,False,,0.03768,,0.57,1783125161
All Pools,MIM - MUMO,0.3,False,,0.00513,,4.09,1783125161
All Pools,OH - USDT.e,0.3,False,,0.03088,,0.66,1783125161
All Pools,MUMO - USDT.e,0.3,False,,0.10566,,0.19,1783125161
All Pools,HUNT - AVAX,0.3,False,,0.01614,,1.08,1783125161
All Pools,USDC.e - HUNT,0.3,False,,0.04568,,0.37,1783125161
All Pools,MIM - MILK,0.3,False,,10.73,,0.0,1783125161
All Pools,CAPY - AVAX,0.3,False,,0.01541,,1.02,1783125161
All Pools,MILK - AVAX,0.3,False,,0.00251,,6.14,1783125161
All Pools,MIM - ARMOR,0.3,False,,0.00413,,3.35,1783125161
All Pools,ARMOR - AVAX,0.3,False,,0.00304,,4.16,1783125161
All Pools,SRA - AVAX,0.3,False,,0.00235,,4.47,1783125161
All Pools,bJOE - JOE,0.3,False,,0.06051,,0.08,1783125161
All Pools,PRINCESS - AVAX,0.3,False,,0.1098,,0.01,1783125161
All Pools,THOR - AVAX,0.3,False,,24724.0,,,1783125161
All Pools,FATE - USDC,0.3,False,,472765.0,,,1783125161
All Pools,SaintGermain - JesusChrist,0.3,False,0.0,0.0,0.0,0.0,1783125161
All Pools,MOOM - JUCI,0.3,False,0.0,0.0,0.0,0.0,1783125161
All Pools,ThreeThreeNine - SaintGermain,0.3,False,0.0,0.0,0.0,0.0,1783125161
All Pools,[i]Lluminati - Chrism,0.3,False,0.0,0.0,0.0,0.0,1783125161
All Pools,PlotTwist - LordJesusChrist,0.3,False,0.0,0.0,0.0,0.0,1783125161
All Pools,AUSD - USDC,0.01,False,1746139.0,1441648.0,174.36,4.41,1783128759
All Pools,AUSD - USDt,0.01,False,1483542.0,1154296.0,149.14,4.72,1783128759
All Pools,AVAX - USDC,0.05,False,727047.0,390136.0,373.86,34.98,1783128759
All Pools,USDt - USDC,0.005,False,282040.0,365673.0,20.09,2.0,1783128759
All Pools,BENJI - AVAX,0.3,False,266320.0,49.15,665.8,494482.06,1783128759
All Pools,sAVAX - AVAX,0.01,False,187135.0,64174.0,18.81,10.7,1783128759
All Pools,USDt - USDC,0.01,False,118667.0,162549.0,9.718,2.18,1783128759
All Pools,BTC.b - USDC,0.05,False,41979.0,571259.0,21.43,1.37,1783128759
All Pools,AVAX - USDC,0.3,False,19880.0,354624.0,49.7,5.12,1783128759
All Pools,JOE - USDC.e,0.3,False,18051.0,271457.0,45.13,6.07,1783128759
All Pools,WBTC - BTC.b,0.03,False,15893.0,66223.0,4.795,2.64,1783128759
All Pools,AAVE.e - AVAX,0.3,False,15742.0,257308.0,39.35,5.58,1783128759
All Pools,ARENA - AVAX,0.01,False,14996.0,106073.0,1.499,0.52,1783128759
All Pools,JOE - AVAX,0.3,False,14655.0,228002.0,36.64,5.87,1783128759
All Pools,MIM - AVAX,0.3,False,14524.0,187972.0,36.31,7.05,1783128759
All Pools,AVAX - USDT.e,0.3,False,11567.0,480825.0,28.92,2.2,1783128759
All Pools,USDC.e - AVAX,0.3,False,10850.0,374745.0,27.13,2.64,1783128759
All Pools,XAVA - AVAX,0.8,False,10041.0,140123.0,80.56,20.98,1783128759
All Pools,COQ - AVAX,0.3,False,9771.81,423292.0,24.43,2.11,1783128759
All Pools,USDT.e - USDC,0.02,False,8903.05,50073.0,1.781,1.3,1783128759
All Pools,LCPEDU - USDt,0.8,False,7832.99,7673404.0,,,1783128759
All Pools,FOLKS - AVAX,0.25,False,7562.5,36532.0,19.14,19.13,1783128759
All Pools,USDC.e - USDC,0.02,False,7176.9,9721.97,0.71943,2.7,1783128759
All Pools,XAUt0 - USDt,0.04,False,6863.72,25612.0,4.33,6.17,1783128759
All Pools,AVAX - USDt,0.2,False,6678.92,104467.0,13.41,4.69,1783128759
All Pools,USDC - XAVA,0.3,False,6110.57,500074.0,15.28,1.12,1783128759
All Pools,GUN - AVAX,0.25,False,5966.48,26844.0,16.14,21.95,1783128759
All Pools,WETH.e - AVAX,0.3,False,5960.8,373384.0,14.9,1.46,1783128759
All Pools,NXUSD - WXT,0.3,False,5542.02,539048.0,13.86,0.94,1783128759
All Pools,QI - AVAX,0.3,False,5208.04,160888.0,13.02,2.95,1783128759
All Pools,SIERRA - USDC,0.1,False,4965.0,165221.0,5.331,1.18,1783128759
All Pools,WBTC.e - BTC.b,0.03,False,4419.28,223681.0,1.34,0.22,1783128759
All Pools,JPYC - USDC,0.04,False,3962.54,3416.6,3.376,36.07,1783128759
All Pools,USDT.e - USDt,0.02,False,3918.39,44397.0,0.78365,0.64,1783128759
All Pools,AVAX - BTC.b,0.05,False,3909.54,27921.0,2.129,2.78,1783128759
All Pools,DAI.e - USDt,0.25,False,3641.63,27380.0,8.505,11.34,1783128759
All Pools,PRIME - AVAX,0.4,False,3265.08,168164.0,25.6,5.56,1783128759
All Pools,DAI.e - USDC,0.02,False,3260.33,28386.0,0.64585,0.83,1783128759
All Pools,USDt - AVAX,0.3,False,2949.92,39478.0,7.375,6.82,1783128759
All Pools,JOE - USDT.e,0.3,False,2930.76,54439.0,7.327,4.91,1783128759
All Pools,QI - AVAX,0.25,False,2096.17,8514.87,5.31,22.76,1783128759
All Pools,ORNG - AVAX,0.3,False,1659.25,17434.0,4.148,8.68,1783128759
All Pools,JOE - USDC,0.3,False,1616.45,24752.0,4.041,5.96,1783128759
All Pools,HUNDRED - USDC,0.3,False,1518.49,503712.0,3.796,0.28,1783128759
All Pools,XSEED - AVAX,0.3,False,1411.22,12682.0,3.528,10.15,1783128759
All Pools,WBTC.e - AVAX,0.3,False,1366.68,133601.0,3.417,0.93,1783128759
All Pools,ONDOAI - AVAX,0.3,False,1337.36,0.27533,3.343,443231.52,1783128759
All Pools,GUN - AVAX,0.1,False,1218.82,18996.0,1.903,3.66,1783128759
All Pools,BTC.b - AVAX,0.3,False,1212.05,109226.0,3.03,1.01,1783128759
All Pools,EURC - USDC,0.03,False,1199.4,11163.0,0.54537,1.78,1783128759
All Pools,USDC.e - O3,0.3,False,974.9,297146793.0,2.437,,1783128759
All Pools,BEAM - USDC,0.3,False,967.73,63046.0,2.419,1.4,1783128759
All Pools,LINK.e - AVAX,0.3,False,950.22,39282.0,2.376,2.21,1783128759
All Pools,AVAX - JUICY,0.3,False,888.84,3513.7,2.222,23.08,1783128759
All Pools,SYN - AVAX,0.3,False,802.78,6956.98,2.007,10.53,1783128759
All Pools,AVAX - DAI.e,0.3,False,766.93,29307.0,1.917,2.39,1783128759
All Pools,USDC.e - USDT.e,0.3,False,760.09,39897.0,1.9,1.74,1783128759
All Pools,NOCHILL - AVAX,0.3,False,642.12,59023.0,1.605,0.99,1783128759
All Pools,MUON - AVAX,0.3,False,594.34,38587.0,1.486,1.41,1783128759
All Pools,HERESY - AVAX,0.3,False,510.7,14027.0,1.277,3.32,1783128759
All Pools,USDT.e - USDC,0.02,False,460.16,897.14,0.04904,2.0,1783128759
All Pools,CDK - AVAX,0.25,False,425.41,3650.73,1.065,10.65,1783128759
All Pools,KLO - AVAX,0.3,False,399.68,12287.0,0.9992,2.97,1783128759
All Pools,BENJI - AVAX,0.1,False,371.12,695.13,0.37132,19.5,1783128759
All Pools,NZRt - AVAX,0.3,False,368.64,4370.18,0.92159,7.7,1783128759
All Pools,XETA - USDC,0.3,False,365.89,4898.86,0.91471,6.82,1783128759
All Pools,WLLYX - AVAX,0.1,False,349.76,699.99,0.34995,18.25,1783128759
All Pools,SOLMHYPER - AVAX,0.1,False,349.53,699.54,0.34972,18.25,1783128759
All Pools,FIGX - AVAX,0.1,False,349.53,699.54,0.34972,18.25,1783128759
All Pools,BKNGX - AVAX,0.1,False,349.53,699.54,0.34972,18.25,1783128759
All Pools,HLDR - AVAX,0.1,False,349.53,699.54,0.34972,18.25,1783128759
All Pools,GU - AVAX,0.1,False,349.53,699.54,0.34972,18.25,1783128759
All Pools,CURR - AVAX,0.1,False,349.4,699.27,0.34959,18.25,1783128759
All Pools,YAK - AVAX,0.3,False,349.36,3352.02,0.8734,9.51,1783128759
All Pools,GTF - AVAX,0.1,False,348.61,697.69,0.3488,18.25,1783128759
All Pools,VCOIN - AVAX,0.1,False,348.61,697.69,0.3488,18.25,1783128759
All Pools,SOXL.D - AVAX,0.1,False,348.61,697.69,0.3488,18.25,1783128759
All Pools,IMBU - AVAX,0.1,False,348.25,696.97,0.34844,18.25,1783128759
All Pools,DK - AVAX,0.1,False,348.25,696.97,0.34844,18.25,1783128759
All Pools,AIR - AVAX,0.1,False,348.04,696.56,0.34823,18.25,1783128759
All Pools,BVR - AVAX,0.1,False,348.04,696.56,0.34823,18.25,1783128759
All Pools,CYARB - AVAX,0.1,False,348.04,696.56,0.34823,18.25,1783128759
All Pools,INKEDUSDT - AVAX,0.1,False,347.92,696.31,0.34811,18.25,1783128759
All Pools,ARX - AVAX,0.1,False,347.92,696.31,0.34811,18.25,1783128759
All Pools,MNSTX - AVAX,0.1,False,347.92,696.31,0.34811,18.25,1783128759
All Pools,HYPE - AVAX,0.1,False,347.92,696.31,0.34811,18.25,1783128759
All Pools,SLN - AVAX,0.1,False,347.92,696.31,0.34811,18.25,1783128759
All Pools,OPTIMUSELO - AVAX,0.1,False,347.92,696.31,0.34811,18.25,1783128759
All Pools,WHDX - AVAX,0.1,False,347.89,696.25,0.34808,18.25,1783128759
All Pools,SLVX - AVAX,0.1,False,347.89,696.25,0.34808,18.25,1783128759
All Pools,TMX - AVAX,0.1,False,347.89,696.25,0.34808,18.25,1783128759
All Pools,TVPLS - AVAX,0.1,False,347.89,696.25,0.34808,18.25,1783128759
All Pools,FRXBULLAS - AVAX,0.1,False,347.89,696.25,0.34808,18.25,1783128759
All Pools,GEM - AVAX,0.1,False,347.89,696.25,0.34808,18.25,1783128759
All Pools,ZERO - AVAX,0.1,False,347.88,696.25,0.34808,18.25,1783128759
All Pools,HLN - AVAX,0.1,False,347.88,696.25,0.34808,18.25,1783128759
All Pools,GAMES - AVAX,0.1,False,347.88,696.25,0.34808,18.25,1783128759
All Pools,RSIC - AVAX,0.1,False,347.6,695.67,0.34779,18.25,1783128759
All Pools,SN100 - AVAX,0.1,False,347.6,695.67,0.34779,18.25,1783128759
All Pools,CHAOS - AVAX,0.1,False,347.6,695.67,0.34779,18.25,1783128759
All Pools,ZREAL - AVAX,0.1,False,347.6,695.67,0.34779,18.25,1783128759
All Pools,UNCOMMONGOODS - AVAX,0.1,False,347.6,695.67,0.34779,18.25,1783128759
All Pools,SN88 - AVAX,0.1,False,347.6,695.67,0.34779,18.25,1783128759
All Pools,PC0000049 - AVAX,0.1,False,347.55,695.58,0.34774,18.25,1783128759
All Pools,CSCO.D - AVAX,0.1,False,347.55,695.58,0.34774,18.25,1783128759
All Pools,MGLO - AVAX,0.1,False,347.55,695.58,0.34774,18.25,1783128759
All Pools,SN3 - AVAX,0.1,False,347.55,695.58,0.34774,18.25,1783128759
All Pools,CRVFRAX - AVAX,0.1,False,347.51,695.51,0.34771,18.25,1783128759
All Pools,EUROP - AVAX,0.1,False,347.51,695.51,0.34771,18.25,1783128759
All Pools,SN79 - AVAX,0.1,False,347.51,695.51,0.34771,18.25,1783128759
All Pools,SN17 - AVAX,0.1,False,347.51,695.51,0.34771,18.25,1783128759
All Pools,MIM - AVAX,0.1,False,347.51,695.51,0.34771,18.25,1783128759
All Pools,SN84 - AVAX,0.1,False,347.44,695.37,0.34764,18.25,1783128759
All Pools,BNBHOLDER - AVAX,0.1,False,347.44,695.37,0.34764,18.25,1783128759
All Pools,PUNCH - AVAX,0.1,False,347.26,694.99,0.34745,18.25,1783128759
All Pools,LOBO - AVAX,0.1,False,347.26,694.99,0.34745,18.25,1783128759
All Pools,TAOLOR - AVAX,0.1,False,347.08,694.64,0.34727,18.25,1783128759
All Pools,EUROT - AVAX,0.1,False,347.08,694.64,0.34727,18.25,1783128759
All Pools,AI4 - AVAX,0.1,False,347.08,694.64,0.34727,18.25,1783128759
All Pools,ERA - AVAX,0.1,False,347.08,694.64,0.34727,18.25,1783128759
All Pools,CHILLGUY - AVAX,0.1,False,347.08,694.64,0.34727,18.25,1783128759
All Pools,BRETTA - AVAX,0.1,False,347.08,694.64,0.34727,18.25,1783128759
All Pools,NOTHING - AVAX,0.1,False,346.99,0.58321,0.34718,21727.99,1783128759
All Pools,$ROO - AVAX,0.1,False,346.95,694.38,0.34714,18.25,1783128759
All Pools,SCI6900 - AVAX,0.1,False,346.95,694.38,0.34714,18.25,1783128759
All Pools,CHIPS - AVAX,0.1,False,346.95,694.38,0.34714,18.25,1783128759
All Pools,STSHIP - AVAX,0.1,False,346.95,694.38,0.34714,18.25,1783128759
All Pools,EOLAS - AVAX,0.1,False,346.95,0.54875,0.34714,23090.29,1783128759
All Pools,LORE - AVAX,0.1,False,346.95,694.38,0.34714,18.25,1783128759
All Pools,PIKA - AVAX,0.1,False,346.95,694.38,0.34714,18.25,1783128759
All Pools,SATOSHI - AVAX,0.1,False,346.95,694.38,0.34714,18.25,1783128759
All Pools,W - AVAX,0.1,False,346.95,694.38,0.34714,18.25,1783128759
All Pools,KARMA - AVAX,0.1,False,346.95,694.38,0.34714,18.25,1783128759
All Pools,LIQ - AVAX,0.1,False,346.95,694.38,0.34714,18.25,1783128759
All Pools,TDOGE - AVAX,0.1,False,346.94,694.36,0.34713,18.25,1783128759
All Pools,BHIGH - AVAX,0.1,False,346.94,694.36,0.34713,18.25,1783128759
All Pools,TULSA - AVAX,0.1,False,346.94,694.36,0.34713,18.25,1783128759
All Pools,YEETI - AVAX,0.1,False,346.94,694.36,0.34713,18.25,1783128759
All Pools,GALO - AVAX,0.1,False,346.94,694.36,0.34713,18.25,1783128759
All Pools,SSHIB - AVAX,0.1,False,346.94,694.36,0.34713,18.25,1783128759
All Pools,ZRW - AVAX,0.1,False,346.7,693.87,0.34689,18.25,1783128759
All Pools,USDOT - AVAX,0.1,False,346.49,693.46,0.34668,18.25,1783128759
All Pools,TBOS - AVAX,0.1,False,346.49,693.46,0.34668,18.25,1783128759
All Pools,CHMPZ - AVAX,0.1,False,346.49,693.46,0.34668,18.25,1783128759
All Pools,DSWAP - AVAX,0.1,False,346.49,693.46,0.34668,18.25,1783128759
All Pools,KYO - AVAX,0.1,False,346.49,693.46,0.34668,18.25,1783128759
All Pools,CHUOI - AVAX,0.1,False,346.4,693.28,0.34659,18.25,1783128759
All Pools,T1COW - AVAX,0.1,False,346.4,693.28,0.34659,18.25,1783128759
All Pools,CATCH - AVAX,0.1,False,346.4,693.28,0.34659,18.25,1783128759
All Pools,RUNIX - AVAX,0.1,False,346.4,693.28,0.34659,18.25,1783128759
All Pools,ONSS - AVAX,0.1,False,346.4,693.28,0.34659,18.25,1783128759
All Pools,PLUG - AVAX,0.1,False,346.4,693.28,0.34659,18.25,1783128759
All Pools,ONSG - AVAX,0.1,False,346.4,693.28,0.34659,18.25,1783128759
All Pools,TUANH - AVAX,0.1,False,346.39,693.25,0.34658,18.25,1783128759
All Pools,MESSENGER - AVAX,0.1,False,346.39,693.25,0.34658,18.25,1783128759
All Pools,JIWA - AVAX,0.1,False,346.39,693.25,0.34658,18.25,1783128759
All Pools,CULTANIME - AVAX,0.1,False,346.39,693.25,0.34658,18.25,1783128759
All Pools,MORITZ - AVAX,0.1,False,346.39,693.25,0.34658,18.25,1783128759
All Pools,CC - AVAX,0.1,False,346.39,693.25,0.34658,18.25,1783128759
All Pools,ENGINE - AVAX,0.1,False,346.22,692.91,0.34641,18.25,1783128759
All Pools,HALLOWEEN - AVAX,0.1,False,346.22,692.91,0.34641,18.25,1783128759
All Pools,PENG - AVAX,0.1,False,346.22,692.91,0.34641,18.25,1783128759
All Pools,GIGA - AVAX,0.1,False,346.22,692.91,0.34641,18.25,1783128759
All Pools,BOATKID - AVAX,0.1,False,346.22,692.91,0.34641,18.25,1783128759
All Pools,MBAPEPE - AVAX,0.1,False,346.22,692.91,0.34641,18.25,1783128759
All Pools,AOGE - AVAX,0.1,False,346.22,692.91,0.34641,18.25,1783128759
All Pools,BEPE - AVAX,0.1,False,346.2,-0.20057,0.34639,-63036.62,1783128759
All Pools,ELFIE - AVAX,0.1,False,346.2,692.88,0.34639,18.25,1783128759
All Pools,FIREHORSE - AVAX,0.1,False,346.1,692.68,0.34629,18.25,1783128759
All Pools,INVESTOR - AVAX,0.1,False,346.1,692.68,0.34629,18.25,1783128759
All Pools,YEE - AVAX,0.1,False,346.1,692.68,0.34629,18.25,1783128759
All Pools,DAPANG - AVAX,0.1,False,346.1,692.68,0.34629,18.25,1783128759
All Pools,NESS - AVAX,0.1,False,345.72,696.92,0.34591,18.12,1783128759
All Pools,BTCO.D - AVAX,0.1,False,345.6,691.67,0.34579,18.25,1783128759
All Pools,ETHGUSDTQ - AVAX,0.1,False,345.6,691.67,0.34579,18.25,1783128759
All Pools,XSTXAG - AVAX,0.1,False,345.6,691.67,0.34579,18.25,1783128759
All Pools,USHI - AVAX,0.1,False,345.58,691.64,0.34577,18.25,1783128759
All Pools,SHOW - AVAX,0.1,False,345.58,691.64,0.34577,18.25,1783128759
All Pools,GURS - AVAX,0.1,False,345.41,691.29,0.3456,18.25,1783128759
All Pools,OHM - AVAX,0.1,False,345.41,691.29,0.3456,18.25,1783128759
All Pools,AAMMUNIDAIUSDC - AVAX,0.1,False,345.41,691.29,0.3456,18.25,1783128759
All Pools,AAMMUNIYFIWETH - AVAX,0.1,False,345.41,691.29,0.3456,18.25,1783128759
All Pools,SCALES - AVAX,0.1,False,345.41,691.29,0.3456,18.25,1783128759
All Pools,SQUAD - AVAX,0.1,False,345.35,691.17,0.34554,18.25,1783128759
All Pools,FTT - AVAX,0.1,False,345.35,691.17,0.34554,18.25,1783128759
All Pools,LUM - AVAX,0.1,False,345.35,691.17,0.34554,18.25,1783128759
All Pools,$MAFIA - AVAX,0.1,False,345.35,691.17,0.34554,18.25,1783128759
All Pools,THIRSTCOIN - AVAX,0.1,False,345.35,691.17,0.34554,18.25,1783128759
All Pools,MUZKI - AVAX,0.1,False,345.35,691.17,0.34554,18.25,1783128759
All Pools,ETHS - AVAX,0.1,False,345.24,690.96,0.34543,18.25,1783128759
All Pools,CREW - AVAX,0.1,False,345.24,690.96,0.34543,18.25,1783128759
All Pools,META.D - AVAX,0.1,False,345.17,690.82,0.34536,18.25,1783128759
All Pools,MK - AVAX,0.1,False,345.17,690.82,0.34536,18.25,1783128759
All Pools,PHNM - AVAX,0.1,False,345.17,690.82,0.34536,18.25,1783128759
All Pools,SUSDT - AVAX,0.1,False,345.17,690.82,0.34536,18.25,1783128759
All Pools,BITO - AVAX,0.1,False,345.17,690.82,0.34536,18.25,1783128759
All Pools,GUSD - AVAX,0.1,False,345.17,690.82,0.34536,18.25,1783128759
All Pools,DMIND - AVAX,0.1,False,345.17,-1.234,0.34536,-10216.52,1783128759
All Pools,CHESS - AVAX,0.1,False,345.17,690.82,0.34536,18.25,1783128759
All Pools,EMRL.D - AVAX,0.1,False,345.17,-1.234,0.34536,-10216.52,1783128759
All Pools,KONG - AVAX,0.1,False,345.17,690.82,0.34536,18.25,1783128759
All Pools,$NATION - AVAX,0.1,False,345.05,690.57,0.34524,18.25,1783128759
All Pools,AVR - AVAX,0.1,False,345.05,-1.356,0.34524,-9295.26,1783128759
All Pools,GEAR - AVAX,0.1,False,345.01,690.5,0.3452,18.25,1783128759
All Pools,XOR - AVAX,0.1,False,345.01,690.5,0.3452,18.25,1783128759
All Pools,PERL - AVAX,0.1,False,345.01,690.5,0.3452,18.25,1783128759
All Pools,ADDY - AVAX,0.1,False,345.01,690.5,0.3452,18.25,1783128759
All Pools,ARGO - AVAX,0.1,False,344.97,690.42,0.34516,18.25,1783128759
All Pools,GODL - AVAX,0.1,False,344.97,690.42,0.34516,18.25,1783128759
All Pools,CFG - AVAX,0.1,False,344.97,690.42,0.34516,18.25,1783128759
All Pools,BONE - AVAX,0.1,False,344.97,690.42,0.34516,18.25,1783128759
All Pools,VIBE - AVAX,0.1,False,344.97,-1.434,0.34516,-8787.88,1783128759
All Pools,PLSB - AVAX,0.1,False,344.97,690.42,0.34516,18.25,1783128759
All Pools,PHUX - AVAX,0.1,False,344.97,690.42,0.34516,18.25,1783128759
All Pools,MOONCAT - AVAX,0.1,False,344.85,690.18,0.34504,18.25,1783128759
All Pools,XCHNG - AVAX,0.1,False,344.85,690.18,0.34504,18.25,1783128759
All Pools,BLEPE - AVAX,0.1,False,344.85,690.18,0.34504,18.25,1783128759
All Pools,GOLDY - AVAX,0.1,False,344.85,690.18,0.34504,18.25,1783128759
All Pools,DUSD - AVAX,0.1,False,344.85,690.18,0.34504,18.25,1783128759
All Pools,SOLARIS - AVAX,0.1,False,344.85,690.18,0.34504,18.25,1783128759
All Pools,WVTRS - AVAX,0.1,False,344.85,690.18,0.34504,18.25,1783128759
All Pools,POX - AVAX,0.1,False,344.78,690.04,0.34497,18.25,1783128759
All Pools,USD+ - AVAX,0.1,False,344.78,690.04,0.34497,18.25,1783128759
All Pools,NVC - AVAX,0.1,False,344.78,690.03,0.34497,18.25,1783128759
All Pools,TTG - AVAX,0.1,False,344.78,690.03,0.34497,18.25,1783128759
All Pools,COLA - AVAX,0.1,False,344.78,690.03,0.34497,18.25,1783128759
All Pools,PRTG - AVAX,0.1,False,344.78,690.03,0.34497,18.25,1783128759
All Pools,SOLANA - AVAX,0.1,False,344.78,690.03,0.34497,18.25,1783128759
All Pools,DRIP - AVAX,0.1,False,344.77,690.01,0.34496,18.25,1783128759
All Pools,FPI - AVAX,0.1,False,344.77,690.01,0.34496,18.25,1783128759
All Pools,ASTRA - AVAX,0.1,False,344.77,690.01,0.34496,18.25,1783128759
All Pools,ATT - AVAX,0.1,False,344.77,690.01,0.34496,18.25,1783128759
All Pools,SHARE - AVAX,0.1,False,344.77,690.01,0.34496,18.25,1783128759
All Pools,NOP - AVAX,0.1,False,344.75,689.98,0.34494,18.25,1783128759
All Pools,LP - YCRV - AVAX,0.1,False,344.75,689.98,0.34494,18.25,1783128759
All Pools,SHDW - AVAX,0.1,False,344.75,689.98,0.34494,18.25,1783128759
All Pools,DEGEN - AVAX,0.1,False,344.75,689.98,0.34494,18.25,1783128759
All Pools,KEYS - AVAX,0.1,False,344.75,689.98,0.34494,18.25,1783128759
All Pools,SUMMER - AVAX,0.1,False,344.75,689.98,0.34494,18.25,1783128759
All Pools,$BOO - AVAX,0.1,False,344.75,-1.654,0.34494,-7612.7,1783128759
All Pools,BEEP - AVAX,0.1,False,344.75,689.98,0.34494,18.25,1783128759
All Pools,XBO - AVAX,0.1,False,344.75,689.97,0.34494,18.25,1783128759
All Pools,VIKTO - AVAX,0.1,False,344.75,689.97,0.34494,18.25,1783128759
All Pools,OSQTH - AVAX,0.1,False,344.75,689.97,0.34494,18.25,1783128759
All Pools,BDTC - AVAX,0.1,False,344.71,689.89,0.3449,18.25,1783128759
All Pools,AAMMUNICRVWETH - AVAX,0.1,False,344.71,689.89,0.3449,18.25,1783128759
All Pools,GCX - AVAX,0.1,False,344.71,689.89,0.3449,18.25,1783128759
All Pools,UNCN - AVAX,0.1,False,344.71,689.89,0.3449,18.25,1783128759
All Pools,RALLY - AVAX,0.1,False,344.71,689.89,0.3449,18.25,1783128759
All Pools,CVXFXN - AVAX,0.1,False,344.71,689.89,0.3449,18.25,1783128759
All Pools,HLX - AVAX,0.1,False,344.71,-1.698,0.3449,-7412.18,1783128759
All Pools,PHI - AVAX,0.1,False,344.7,689.88,0.34489,18.25,1783128759
All Pools,AMT - AVAX,0.1,False,344.7,689.88,0.34489,18.25,1783128759
All Pools,XRS - AVAX,0.1,False,344.7,689.88,0.34489,18.25,1783128759
All Pools,BUBBA - AVAX,0.1,False,344.7,689.88,0.34489,18.25,1783128759
All Pools,X - AVAX,0.1,False,344.7,689.88,0.34489,18.25,1783128759
All Pools,UNI - AVAX,0.1,False,344.7,689.88,0.34489,18.25,1783128759
All Pools,SPN - AVAX,0.1,False,344.68,689.84,0.34487,18.25,1783128759
All Pools,EPL - AVAX,0.1,False,344.68,689.84,0.34487,18.25,1783128759
All Pools,RFRM - AVAX,0.1,False,344.68,689.84,0.34487,18.25,1783128759
All Pools,OPEN - AVAX,0.1,False,344.68,689.84,0.34487,18.25,1783128759
All Pools,ANIMA - AVAX,0.1,False,344.67,689.82,0.34486,18.25,1783128759
All Pools,ICS - AVAX,0.1,False,344.67,-1.734,0.34486,-7258.97,1783128759
All Pools,HF - AVAX,0.1,False,344.67,689.82,0.34486,18.25,1783128759
All Pools,UNIT - AVAX,0.1,False,344.67,689.82,0.34486,18.25,1783128759
All Pools,BTC20 - AVAX,0.1,False,344.67,689.82,0.34486,18.25,1783128759
All Pools,GXE - AVAX,0.1,False,344.67,689.82,0.34486,18.25,1783128759
All Pools,TFT - AVAX,0.1,False,344.67,689.82,0.34486,18.25,1783128759
All Pools,SCURVE - AVAX,0.1,False,344.67,689.81,0.34486,18.25,1783128759
All Pools,AUDT - AVAX,0.1,False,344.67,689.81,0.34486,18.25,1783128759
All Pools,THND - AVAX,0.1,False,344.67,689.81,0.34486,18.25,1783128759
All Pools,VUSDC - AVAX,0.1,False,344.67,-1.738,0.34486,-7240.47,1783128759
All Pools,MSVP - AVAX,0.1,False,344.67,689.81,0.34486,18.25,1783128759
All Pools,HADES - AVAX,0.1,False,344.67,-1.738,0.34486,-7240.47,1783128759
All Pools,FIRE - AVAX,0.1,False,344.57,689.62,0.34476,18.25,1783128759
All Pools,STBL - AVAX,0.1,False,344.57,689.62,0.34476,18.25,1783128759
All Pools,TXC - AVAX,0.1,False,344.57,689.62,0.34476,18.25,1783128759
All Pools,HAI - AVAX,0.1,False,344.57,689.62,0.34476,18.25,1783128759
All Pools,GAMBIT - AVAX,0.1,False,344.57,689.62,0.34476,18.25,1783128759
All Pools,YVYFI - AVAX,0.1,False,344.54,689.55,0.34473,18.25,1783128759
All Pools,HOOLI - AVAX,0.1,False,344.54,689.55,0.34473,18.25,1783128759
All Pools,OPULENCE - AVAX,0.1,False,344.54,689.55,0.34473,18.25,1783128759
All Pools,SRDS - AVAX,0.1,False,344.54,689.55,0.34473,18.25,1783128759
All Pools,VBNT - AVAX,0.1,False,344.54,689.55,0.34473,18.25,1783128759
All Pools,KZEN - AVAX,0.1,False,344.54,689.55,0.34473,18.25,1783128759
All Pools,MEDIA - AVAX,0.1,False,344.43,689.34,0.34462,18.25,1783128759
All Pools,EFX - AVAX,0.1,False,344.43,689.34,0.34462,18.25,1783128759
All Pools,ADAO - AVAX,0.1,False,344.43,689.34,0.34462,18.25,1783128759
All Pools,EXAWBTC - AVAX,0.1,False,344.43,689.34,0.34462,18.25,1783128759
All Pools,BMAX - AVAX,0.1,False,344.43,689.32,0.34461,18.25,1783128759
All Pools,MAMBA - AVAX,0.1,False,344.43,689.32,0.34461,18.25,1783128759
All Pools,ORDER - AVAX,0.1,False,344.39,689.25,0.34458,18.25,1783128759
All Pools,YVSUSHI - AVAX,0.1,False,344.32,689.12,0.34451,18.25,1783128759
All Pools,SOLPAD - AVAX,0.1,False,344.32,689.12,0.34451,18.25,1783128759
All Pools,MIRAI - AVAX,0.1,False,344.32,689.11,0.34451,18.25,1783128759
All Pools,MOB - AVAX,0.1,False,344.32,689.11,0.34451,18.25,1783128759
All Pools,GPX - AVAX,0.1,False,344.32,689.11,0.34451,18.25,1783128759
All Pools,UBI - AVAX,0.1,False,344.25,688.97,0.34444,18.25,1783128759
All Pools,KOGECOIN - AVAX,0.1,False,344.25,688.97,0.34444,18.25,1783128759
All Pools,DYL - AVAX,0.1,False,344.22,688.9,0.3444,18.25,1783128759
All Pools,BIBI - AVAX,0.1,False,344.22,688.9,0.3444,18.25,1783128759
All Pools,PEIPEI - AVAX,0.1,False,344.22,688.9,0.3444,18.25,1783128759
All Pools,CMKR - AVAX,0.1,False,344.19,-2.213,0.34438,-5680.65,1783128759
All Pools,ICNX - AVAX,0.1,False,344.19,688.86,0.34438,18.25,1783128759
All Pools,UOS - AVAX,0.1,False,344.19,688.86,0.34438,18.25,1783128759
All Pools,WAXE - AVAX,0.1,False,344.11,688.68,0.34429,18.25,1783128759
All Pools,MARIO - AVAX,0.1,False,344.11,688.68,0.34429,18.25,1783128759
All Pools,TOR - AVAX,0.1,False,344.11,688.68,0.34429,18.25,1783128759
All Pools,MAI - AVAX,0.1,False,344.11,688.68,0.34429,18.25,1783128759
All Pools,HAVENX - AVAX,0.1,False,344.0,688.47,0.34419,18.25,1783128759
All Pools,MOLE - AVAX,0.1,False,344.0,-2.408,0.34419,-5217.7,1783128759
All Pools,COVEUSD - AVAX,0.1,False,344.0,688.47,0.34419,18.25,1783128759
All Pools,WMSTRX - AVAX,0.1,False,344.0,688.47,0.34419,18.25,1783128759
All Pools,PEPD - AVAX,0.1,False,343.97,688.41,0.34416,18.25,1783128759
All Pools,ILAND - AVAX,0.1,False,343.97,688.41,0.34416,18.25,1783128759
All Pools,ETHE.D - AVAX,0.1,False,343.97,688.41,0.34416,18.25,1783128759
All Pools,GLXYX - AVAX,0.1,False,343.94,688.35,0.34413,18.25,1783128759
All Pools,MEG - AVAX,0.1,False,343.94,688.35,0.34413,18.25,1783128759
All Pools,FH - AVAX,0.1,False,343.94,688.35,0.34413,18.25,1783128759
All Pools,ICDA - AVAX,0.1,False,343.94,688.35,0.34413,18.25,1783128759
All Pools,VSTX - AVAX,0.1,False,343.94,688.35,0.34413,18.25,1783128759
All Pools,IONUSDT - AVAX,0.1,False,343.94,688.35,0.34413,18.25,1783128759
All Pools,PARTICLE - AVAX,0.1,False,343.94,-2.469,0.34413,-5087.65,1783128759
All Pools,BOAI - AVAX,0.1,False,343.94,688.35,0.34413,18.25,1783128759
All Pools,RDDT.D - AVAX,0.1,False,343.94,688.35,0.34413,18.25,1783128759
All Pools,BFF - AVAX,0.1,False,343.94,688.35,0.34413,18.25,1783128759
All Pools,RUMI - AVAX,0.1,False,343.94,688.35,0.34413,18.25,1783128759
All Pools,REDPEPE - AVAX,0.1,False,343.94,688.35,0.34413,18.25,1783128759
All Pools,USUAL - AVAX,0.1,False,343.92,688.32,0.34411,18.25,1783128759
All Pools,GNIMB - AVAX,0.1,False,343.92,688.32,0.34411,18.25,1783128759
All Pools,WCMCSAX - AVAX,0.1,False,343.92,688.32,0.34411,18.25,1783128759
All Pools,OKTO - AVAX,0.1,False,343.92,688.32,0.34411,18.25,1783128759
All Pools,PEPEX - AVAX,0.1,False,343.92,688.32,0.34411,18.25,1783128759
All Pools,LOGX - AVAX,0.1,False,343.92,688.32,0.34411,18.25,1783128759
All Pools,RESERVE - AVAX,0.1,False,343.92,688.32,0.34411,18.25,1783128759
All Pools,MLSETH - AVAX,0.1,False,343.92,688.32,0.34411,18.25,1783128759
All Pools,SYMX - AVAX,0.1,False,343.87,688.21,0.34406,18.25,1783128759
All Pools,GIGA - AVAX,0.1,False,343.87,688.21,0.34406,18.25,1783128759
All Pools,PAINT - AVAX,0.1,False,343.87,688.21,0.34406,18.25,1783128759
All Pools,BAT - AVAX,0.1,False,343.87,688.21,0.34406,18.25,1783128759
All Pools,MONKAS - AVAX,0.1,False,343.87,688.21,0.34406,18.25,1783128759
All Pools,CROW - AVAX,0.1,False,343.87,688.21,0.34406,18.25,1783128759
All Pools,LIUSD - AVAX,0.1,False,343.67,687.82,0.34386,18.25,1783128759
All Pools,OZ - AVAX,0.1,False,343.67,687.82,0.34386,18.25,1783128759
All Pools,BUILDOUT - AVAX,0.1,False,343.67,687.82,0.34386,18.25,1783128759
All Pools,WEAT.D - AVAX,0.1,False,343.67,687.82,0.34386,18.25,1783128759
All Pools,PSYOP - AVAX,0.1,False,343.67,687.82,0.34386,18.25,1783128759
All Pools,SIVR.D - AVAX,0.1,False,343.67,687.82,0.34386,18.25,1783128759
All Pools,CRM - AVAX,0.1,False,343.67,687.82,0.34386,18.25,1783128759
All Pools,GLTM - AVAX,0.1,False,343.65,687.77,0.34384,18.25,1783128759
All Pools,WCRWDX - AVAX,0.1,False,343.65,687.77,0.34384,18.25,1783128759
All Pools,FOX - AVAX,0.1,False,343.65,687.77,0.34384,18.25,1783128759
All Pools,SOLI - AVAX,0.1,False,343.65,687.77,0.34384,18.25,1783128759
All Pools,$GREENGOLD - AVAX,0.1,False,343.65,687.77,0.34384,18.25,1783128759
All Pools,STRKX - AVAX,0.1,False,343.65,687.77,0.34384,18.25,1783128759
All Pools,DOMEN - AVAX,0.1,False,343.65,687.77,0.34384,18.25,1783128759
All Pools,YYOLO - AVAX,0.1,False,343.65,687.76,0.34383,18.25,1783128759
All Pools,LSDAI - AVAX,0.1,False,343.65,687.76,0.34383,18.25,1783128759
All Pools,BBESC - AVAX,0.1,False,343.62,-2.789,0.3438,-4499.41,1783128759
All Pools,ARKK.D - AVAX,0.1,False,343.62,687.71,0.3438,18.25,1783128759
All Pools,SPTE.D - AVAX,0.1,False,343.62,687.71,0.3438,18.25,1783128759
All Pools,PARK - AVAX,0.1,False,343.6,687.68,0.34379,18.25,1783128759
All Pools,USTB - AVAX,0.1,False,343.6,687.68,0.34379,18.25,1783128759
All Pools,EGG - AVAX,0.1,False,343.6,687.68,0.34379,18.25,1783128759
All Pools,PRINT - AVAX,0.1,False,343.6,687.68,0.34379,18.25,1783128759
All Pools,RE7RWA - AVAX,0.1,False,343.6,687.68,0.34379,18.25,1783128759
All Pools,BLKX - AVAX,0.1,False,343.6,687.68,0.34379,18.25,1783128759
All Pools,TICKET - AVAX,0.1,False,343.6,687.68,0.34379,18.25,1783128759
All Pools,RT - BUSD0 - AVAX,0.1,False,343.58,687.64,0.34377,18.25,1783128759
All Pools,CARRYTRADEUSDTRYLEVERAGE - AVAX,0.1,False,343.58,687.64,0.34377,18.25,1783128759
All Pools,LINK.E - AVAX,0.1,False,343.58,687.64,0.34377,18.25,1783128759
All Pools,KARMA - AVAX,0.1,False,343.58,687.64,0.34377,18.25,1783128759
All Pools,SOX3S - AVAX,0.1,False,343.58,687.64,0.34377,18.25,1783128759
All Pools,SYN - AVAX,0.1,False,343.58,687.64,0.34377,18.25,1783128759
All Pools,CANDY - AVAX,0.1,False,343.58,687.64,0.34377,18.25,1783128759
All Pools,MPP - AVAX,0.1,False,343.57,687.61,0.34376,18.25,1783128759
All Pools,WAKU - AVAX,0.1,False,343.57,687.61,0.34376,18.25,1783128759
All Pools,POLYCUB - AVAX,0.1,False,343.57,687.61,0.34376,18.25,1783128759
All Pools,SOL10 - AVAX,0.1,False,343.57,687.61,0.34376,18.25,1783128759
All Pools,V.D - AVAX,0.1,False,343.55,687.57,0.34374,18.25,1783128759
All Pools,SMBA - AVAX,0.1,False,343.55,687.57,0.34374,18.25,1783128759
All Pools,AMC - AVAX,0.1,False,343.55,687.57,0.34374,18.25,1783128759
All Pools,JRDOLA - AVAX,0.1,False,343.55,687.57,0.34374,18.25,1783128759
All Pools,EXOD - AVAX,0.1,False,343.55,687.57,0.34374,18.25,1783128759
All Pools,FLOW - AVAX,0.1,False,343.55,687.57,0.34374,18.25,1783128759
All Pools,RIOT.D - AVAX,0.1,False,343.55,687.57,0.34374,18.25,1783128759
All Pools,SDPENDLE - AVAX,0.1,False,343.55,687.57,0.34374,18.25,1783128759
All Pools,GRACY - AVAX,0.1,False,343.55,687.56,0.34373,18.25,1783128759
All Pools,TBC - AVAX,0.1,False,343.55,687.56,0.34373,18.25,1783128759
All Pools,INFERRA - AVAX,0.1,False,343.55,687.56,0.34373,18.25,1783128759
All Pools,SCCN - AVAX,0.1,False,343.55,687.56,0.34373,18.25,1783128759
All Pools,FAIR - AVAX,0.1,False,343.55,687.56,0.34373,18.25,1783128759
All Pools,DONK - AVAX,0.1,False,343.55,687.56,0.34373,18.25,1783128759
All Pools,BTCK - AVAX,0.1,False,343.55,687.56,0.34373,18.25,1783128759
All Pools,MCTP - AVAX,0.1,False,343.55,687.56,0.34373,18.25,1783128759
All Pools,PUNKY - AVAX,0.1,False,343.54,687.55,0.34373,18.25,1783128759
All Pools,MSP - AVAX,0.1,False,343.54,687.55,0.34373,18.25,1783128759
All Pools,FDOS - AVAX,0.1,False,343.54,-2.865,0.34373,-4379.09,1783128759
All Pools,TER - AVAX,0.1,False,343.54,687.55,0.34373,18.25,1783128759
All Pools,DECO - AVAX,0.1,False,343.54,687.55,0.34373,18.25,1783128759
All Pools,KRW1 - AVAX,0.1,False,343.54,687.55,0.34373,18.25,1783128759
All Pools,SBMT - AVAX,0.1,False,343.54,687.55,0.34373,18.25,1783128759
All Pools,EXPEX - AVAX,0.1,False,343.54,687.55,0.34372,18.25,1783128759
All Pools,VXX.D - AVAX,0.1,False,343.54,687.55,0.34372,18.25,1783128759
All Pools,CCL.D - AVAX,0.1,False,343.54,687.55,0.34372,18.25,1783128759
All Pools,TALAX - AVAX,0.1,False,343.54,687.55,0.34372,18.25,1783128759
All Pools,JLTXX - AVAX,0.1,False,343.54,687.55,0.34372,18.25,1783128759
All Pools,TSLA.D - AVAX,0.1,False,343.54,687.55,0.34372,18.25,1783128759
All Pools,BFI - AVAX,0.1,False,343.54,687.55,0.34372,18.25,1783128759
All Pools,SCART - AVAX,0.1,False,343.52,687.51,0.34371,18.25,1783128759
All Pools,LAAI - AVAX,0.1,False,343.52,687.51,0.34371,18.25,1783128759
All Pools,SPOS - AVAX,0.1,False,343.52,687.51,0.34371,18.25,1783128759
All Pools,KSWAP - AVAX,0.1,False,343.52,687.51,0.34371,18.25,1783128759
All Pools,PTC - AVAX,0.1,False,343.52,687.51,0.34371,18.25,1783128759
All Pools,WVTRU - AVAX,0.1,False,343.52,687.51,0.34371,18.25,1783128759
All Pools,CFI - AVAX,0.1,False,343.52,687.51,0.34371,18.25,1783128759
All Pools,HAWEX - AVAX,0.1,False,343.48,687.44,0.34367,18.25,1783128759
All Pools,AP - AVAX,0.1,False,343.48,687.44,0.34367,18.25,1783128759
All Pools,MLS - AVAX,0.1,False,343.46,687.4,0.34365,18.25,1783128759
All Pools,HUST - AVAX,0.1,False,343.46,687.4,0.34365,18.25,1783128759
All Pools,TIME - AVAX,0.1,False,343.46,687.39,0.34365,18.25,1783128759
All Pools,WNFLXX - AVAX,0.1,False,343.46,687.39,0.34365,18.25,1783128759
All Pools,HUT.D - AVAX,0.1,False,343.46,-2.948,0.34365,-4255.04,1783128759
All Pools,ARX - AVAX,0.1,False,343.46,687.39,0.34365,18.25,1783128759
All Pools,GAME - AVAX,0.1,False,343.46,-2.948,0.34365,-4255.04,1783128759
All Pools,GRAIN - AVAX,0.1,False,343.46,687.39,0.34365,18.25,1783128759
All Pools,A1X - AVAX,0.1,False,343.44,687.36,0.34363,18.25,1783128759
All Pools,KNOB - AVAX,0.1,False,343.44,687.36,0.34363,18.25,1783128759
All Pools,NBS - AVAX,0.1,False,343.44,687.36,0.34363,18.25,1783128759
All Pools,GFTM - AVAX,0.1,False,343.44,687.36,0.34363,18.25,1783128759
All Pools,LDZ - AVAX,0.1,False,343.44,687.36,0.34363,18.25,1783128759
All Pools,XTSY - AVAX,0.1,False,343.44,687.35,0.34363,18.25,1783128759
All Pools,MINTY - AVAX,0.1,False,343.44,687.35,0.34363,18.25,1783128759
All Pools,LOPO - AVAX,0.1,False,343.44,687.35,0.34362,18.25,1783128759
All Pools,SPORES - AVAX,0.1,False,343.44,-2.969,0.34362,-4224.28,1783128759
All Pools,FLDX - AVAX,0.1,False,343.44,-2.969,0.34362,-4224.28,1783128759
All Pools,HYPED - AVAX,0.1,False,343.44,687.35,0.34362,18.25,1783128759
All Pools,WHOODX - AVAX,0.1,False,343.44,687.35,0.34362,18.25,1783128759
All Pools,ZAP - AVAX,0.1,False,343.44,687.35,0.34362,18.25,1783128759
All Pools,JUICE - AVAX,0.1,False,343.44,687.35,0.34362,18.25,1783128759
All Pools,STC - AVAX,0.1,False,343.43,687.34,0.34362,18.25,1783128759
All Pools,LOTUS - AVAX,0.1,False,343.43,687.34,0.34362,18.25,1783128759
All Pools,PED - AVAX,0.1,False,343.41,-2.994,0.3436,-4188.85,1783128759
All Pools,SPAY - AVAX,0.1,False,343.41,687.3,0.3436,18.25,1783128759
All Pools,BTCN - AVAX,0.1,False,343.41,687.3,0.3436,18.25,1783128759
All Pools,LICORE - AVAX,0.1,False,343.41,687.3,0.3436,18.25,1783128759
All Pools,COGNI - AVAX,0.1,False,343.41,687.3,0.3436,18.25,1783128759
All Pools,WBRK.BX - AVAX,0.1,False,343.41,687.3,0.3436,18.25,1783128759
All Pools,GIANTAI - AVAX,0.1,False,343.4,687.27,0.34359,18.25,1783128759
All Pools,KO.D - AVAX,0.1,False,343.4,687.27,0.34359,18.25,1783128759
All Pools,SOLAR - AVAX,0.1,False,343.4,687.27,0.34359,18.25,1783128759
All Pools,MNT - AVAX,0.1,False,343.4,687.27,0.34359,18.25,1783128759
All Pools,MRETH - AVAX,0.1,False,343.4,687.27,0.34359,18.25,1783128759
All Pools,CTI - AVAX,0.1,False,343.4,687.27,0.34359,18.25,1783128759
All Pools,DIVA - AVAX,0.1,False,343.39,687.26,0.34358,18.25,1783128759
All Pools,SWIFT - AVAX,0.1,False,343.39,687.26,0.34358,18.25,1783128759
All Pools,NOX - AVAX,0.1,False,343.39,687.26,0.34358,18.25,1783128759
All Pools,OMN - AVAX,0.1,False,343.39,687.26,0.34358,18.25,1783128759
All Pools,WTMOX - AVAX,0.1,False,343.39,687.26,0.34358,18.25,1783128759
All Pools,SONY.D - AVAX,0.1,False,343.39,687.26,0.34358,18.25,1783128759
All Pools,HBOX - AVAX,0.1,False,343.39,687.26,0.34358,18.25,1783128759
All Pools,EBAYX - AVAX,0.1,False,343.38,687.24,0.34357,18.25,1783128759
All Pools,BM2K - AVAX,0.1,False,343.38,687.24,0.34357,18.25,1783128759
All Pools,ARKB.D - AVAX,0.1,False,343.38,687.24,0.34357,18.25,1783128759
All Pools,YOOL - AVAX,0.1,False,343.38,-3.022,0.34357,-4149.03,1783128759
All Pools,$AIR - AVAX,0.1,False,343.38,687.24,0.34357,18.25,1783128759
All Pools,WLTK - AVAX,0.1,False,343.38,687.24,0.34357,18.25,1783128759
All Pools,MCWBTC - AVAX,0.1,False,343.38,687.24,0.34357,18.25,1783128759
All Pools,WCSCOX - AVAX,0.1,False,343.37,687.21,0.34356,18.25,1783128759
All Pools,LAA - AVAX,0.1,False,343.37,687.21,0.34356,18.25,1783128759
All Pools,YBETH - AVAX,0.1,False,343.37,687.21,0.34356,18.25,1783128759
All Pools,WRAM - AVAX,0.1,False,343.37,687.21,0.34356,18.25,1783128759
All Pools,TEQOIN - AVAX,0.1,False,343.37,687.21,0.34356,18.25,1783128759
All Pools,KETH - AVAX,0.1,False,343.37,687.21,0.34356,18.25,1783128759
All Pools,EVRX - AVAX,0.1,False,343.36,687.2,0.34355,18.25,1783128759
All Pools,YETH - AVAX,0.1,False,343.36,687.2,0.34355,18.25,1783128759
All Pools,TTT - AVAX,0.1,False,343.36,687.2,0.34355,18.25,1783128759
All Pools,TYZ - AVAX,0.1,False,343.36,687.2,0.34355,18.25,1783128759
All Pools,HANDZ - AVAX,0.1,False,343.36,687.2,0.34355,18.25,1783128759
All Pools,NPERENA - AVAX,0.1,False,343.36,687.2,0.34355,18.25,1783128759
All Pools,CICCA - AVAX,0.1,False,343.36,687.2,0.34355,18.25,1783128759
All Pools,CRAU - AVAX,0.1,False,343.35,687.18,0.34354,18.25,1783128759
All Pools,WKG - AVAX,0.1,False,343.35,687.18,0.34354,18.25,1783128759
All Pools,PT - DUALBTC - AVAX,0.1,False,343.35,687.18,0.34354,18.25,1783128759
All Pools,LIQUIFY - AVAX,0.1,False,343.35,687.18,0.34354,18.25,1783128759
All Pools,SAX - AVAX,0.1,False,343.35,687.18,0.34354,18.25,1783128759
All Pools,WXOMX - AVAX,0.1,False,343.35,687.18,0.34354,18.25,1783128759
All Pools,SANCTUM - AVAX,0.1,False,343.35,687.18,0.34354,18.25,1783128759
All Pools,GOC - AVAX,0.1,False,343.35,687.17,0.34354,18.25,1783128759
All Pools,T9 - 5 - AVAX,0.1,False,343.35,687.17,0.34354,18.25,1783128759
All Pools,SFX - AVAX,0.1,False,343.35,687.17,0.34354,18.25,1783128759
All Pools,OASIS - AVAX,0.1,False,343.35,687.17,0.34354,18.25,1783128759
All Pools,PGPT - AVAX,0.1,False,343.35,687.17,0.34354,18.25,1783128759
All Pools,FRGX - AVAX,0.1,False,343.31,687.09,0.3435,18.25,1783128759
All Pools,UNMD - AVAX,0.1,False,343.31,687.09,0.3435,18.25,1783128759
All Pools,AABL - AVAX,0.1,False,343.31,687.09,0.3435,18.25,1783128759
All Pools,YVLINK - AVAX,0.1,False,343.31,687.09,0.3435,18.25,1783128759
All Pools,BUSD - AVAX,0.1,False,343.31,687.09,0.3435,18.25,1783128759
All Pools,UDAI - AVAX,0.1,False,343.31,687.09,0.34349,18.25,1783128759
All Pools,MEPAD - AVAX,0.1,False,343.31,687.09,0.34349,18.25,1783128759
All Pools,GEM - AVAX,0.1,False,343.31,687.09,0.34349,18.25,1783128759
All Pools,LAVE - AVAX,0.1,False,343.31,687.09,0.34349,18.25,1783128759
All Pools,RTO - AVAX,0.1,False,343.31,687.09,0.34349,18.25,1783128759
All Pools,BTCPAY - AVAX,0.1,False,343.31,687.09,0.34349,18.25,1783128759
All Pools,UWU - AVAX,0.1,False,343.31,687.09,0.34349,18.25,1783128759
All Pools,SOFT - AVAX,0.1,False,343.3,687.07,0.34349,18.25,1783128759
All Pools,RUBX - AVAX,0.1,False,343.3,687.07,0.34349,18.25,1783128759
All Pools,SPAD - AVAX,0.1,False,343.29,687.06,0.34348,18.25,1783128759
All Pools,OPLS - AVAX,0.1,False,343.29,687.06,0.34348,18.25,1783128759
All Pools,WAAPLX - AVAX,0.1,False,343.29,687.06,0.34348,18.25,1783128759
All Pools,ARKX.D - AVAX,0.1,False,343.29,687.06,0.34348,18.25,1783128759
All Pools,JPMD - AVAX,0.1,False,343.29,687.06,0.34348,18.25,1783128759
All Pools,JCT - AVAX,0.1,False,343.29,687.06,0.34348,18.25,1783128759
All Pools,RENA - AVAX,0.1,False,343.29,687.06,0.34348,18.25,1783128759
All Pools,BABYX - AVAX,0.1,False,343.29,687.06,0.34348,18.25,1783128759
All Pools,TAHO - AVAX,0.1,False,343.26,686.99,0.34345,18.25,1783128759
All Pools,OORT - AVAX,0.1,False,343.26,686.99,0.34345,18.25,1783128759
All Pools,KERC - AVAX,0.1,False,343.26,686.99,0.34345,18.25,1783128759
All Pools,HOOD.D - AVAX,0.1,False,343.26,686.99,0.34345,18.25,1783128759
All Pools,WLINX - AVAX,0.1,False,343.26,686.99,0.34345,18.25,1783128759
All Pools,FUS - AVAX,0.1,False,343.26,686.99,0.34345,18.25,1783128759
All Pools,SWEETS - AVAX,0.1,False,343.26,686.99,0.34345,18.25,1783128759
All Pools,$BORED - AVAX,0.1,False,343.24,686.95,0.34343,18.25,1783128759
All Pools,NEOCLOUD - AVAX,0.1,False,343.24,686.95,0.34343,18.25,1783128759
All Pools,UFO.D - AVAX,0.1,False,343.24,686.95,0.34343,18.25,1783128759
All Pools,$SPIN - AVAX,0.1,False,343.24,686.95,0.34343,18.25,1783128759
All Pools,JPM.D - AVAX,0.1,False,343.24,686.95,0.34343,18.25,1783128759
All Pools,TRR - AVAX,0.1,False,343.23,686.94,0.34342,18.25,1783128759
All Pools,AKTA - AVAX,0.1,False,343.23,686.94,0.34342,18.25,1783128759
All Pools,JPGC - AVAX,0.1,False,343.23,686.94,0.34342,18.25,1783128759
All Pools,GODE - AVAX,0.1,False,343.23,686.94,0.34342,18.25,1783128759
All Pools,H2O - AVAX,0.1,False,343.23,686.94,0.34342,18.25,1783128759
All Pools,XED - AVAX,0.1,False,343.23,686.94,0.34342,18.25,1783128759
All Pools,SLMTX - AVAX,0.1,False,343.22,686.92,0.34341,18.25,1783128759
All Pools,NFALCON - AVAX,0.1,False,343.22,686.92,0.34341,18.25,1783128759
All Pools,CAS - AVAX,0.1,False,343.22,686.92,0.34341,18.25,1783128759
All Pools,LOI - AVAX,0.1,False,343.22,686.92,0.34341,18.25,1783128759
All Pools,WACNX - AVAX,0.1,False,343.22,686.92,0.34341,18.25,1783128759
All Pools,MARQ - AVAX,0.1,False,343.22,686.92,0.34341,18.25,1783128759
All Pools,SCORCH - AVAX,0.1,False,343.22,686.92,0.34341,18.25,1783128759
All Pools,T99CENTS - AVAX,0.1,False,343.22,686.91,0.34341,18.25,1783128759
All Pools,KAI - AVAX,0.1,False,343.22,686.91,0.34341,18.25,1783128759
All Pools,BMONEY - AVAX,0.1,False,343.22,686.91,0.34341,18.25,1783128759
All Pools,BIGOD - AVAX,0.1,False,343.22,686.91,0.34341,18.25,1783128759
All Pools,FRED - AVAX,0.1,False,343.22,686.91,0.34341,18.25,1783128759
All Pools,VPP - AVAX,0.1,False,343.22,-3.187,0.34341,-3933.11,1783128759
All Pools,CTP - AVAX,0.1,False,343.22,686.91,0.34341,18.25,1783128759
All Pools,TMG - AVAX,0.1,False,343.22,686.91,0.34341,18.25,1783128759
All Pools,OFE - AVAX,0.1,False,343.22,-3.189,0.34341,-3930.83,1783128759
All Pools,LOOP - AVAX,0.1,False,343.22,686.91,0.34341,18.25,1783128759
All Pools,XPL - AVAX,0.1,False,343.22,686.91,0.34341,18.25,1783128759
All Pools,WABA - AVAX,0.1,False,343.22,686.91,0.34341,18.25,1783128759
All Pools,GBPA - AVAX,0.1,False,343.21,686.9,0.3434,18.25,1783128759
All Pools,CHF24 - AVAX,0.1,False,343.21,686.9,0.3434,18.25,1783128759
All Pools,WAR - AVAX,0.1,False,343.21,686.9,0.3434,18.25,1783128759
All Pools,XSTBRL - AVAX,0.1,False,343.21,686.9,0.3434,18.25,1783128759
All Pools,NVYLDS - AVAX,0.1,False,343.21,686.9,0.3434,18.25,1783128759
All Pools,COSTX - AVAX,0.1,False,343.21,686.9,0.3434,18.25,1783128759
All Pools,ABG - AVAX,0.1,False,343.21,686.9,0.3434,18.25,1783128759
All Pools,YELD - AVAX,0.1,False,343.2,686.88,0.34339,18.25,1783128759
All Pools,FORCE - AVAX,0.1,False,343.2,686.88,0.34339,18.25,1783128759
All Pools,GM - AVAX,0.1,False,343.2,686.88,0.34339,18.25,1783128759
All Pools,FOXE - AVAX,0.1,False,343.2,686.88,0.34339,18.25,1783128759
All Pools,ANON - AVAX,0.1,False,343.2,686.88,0.34339,18.25,1783128759
All Pools,SMX - AVAX,0.1,False,343.2,686.88,0.34339,18.25,1783128759
All Pools,PC0000037 - AVAX,0.1,False,343.19,686.86,0.34338,18.25,1783128759
All Pools,RIZZ - AVAX,0.1,False,343.19,686.86,0.34338,18.25,1783128759
All Pools,DROPEE - AVAX,0.1,False,343.19,686.86,0.34338,18.25,1783128759
All Pools,TOONS - AVAX,0.1,False,343.19,686.86,0.34338,18.25,1783128759
All Pools,ONYX - AVAX,0.1,False,343.19,686.86,0.34338,18.25,1783128759
All Pools,KFI - AVAX,0.1,False,343.19,686.86,0.34338,18.25,1783128759
All Pools,DEFAI - AVAX,0.1,False,343.19,686.85,0.34338,18.25,1783128759
All Pools,SWAG - AVAX,0.1,False,343.19,686.85,0.34338,18.25,1783128759
All Pools,HSDTX - AVAX,0.1,False,343.18,686.84,0.34337,18.25,1783128759
All Pools,NAXI - AVAX,0.1,False,343.18,686.84,0.34337,18.25,1783128759
All Pools,QUDO - AVAX,0.1,False,343.18,686.84,0.34337,18.25,1783128759
All Pools,DFISH - AVAX,0.1,False,343.18,686.84,0.34337,18.25,1783128759
All Pools,ZUG - AVAX,0.1,False,343.18,-3.224,0.34337,-3887.77,1783128759
All Pools,PFE.D - AVAX,0.1,False,343.18,686.84,0.34337,18.25,1783128759
All Pools,BTH - AVAX,0.1,False,343.18,686.84,0.34337,18.25,1783128759
All Pools,NUTGV2 - AVAX,0.1,False,343.18,686.84,0.34337,18.25,1783128759
All Pools,CCC - AVAX,0.1,False,343.18,686.84,0.34337,18.25,1783128759
All Pools,BCX - AVAX,0.1,False,343.18,686.84,0.34337,18.25,1783128759
All Pools,YVSNX - AVAX,0.1,False,343.17,686.81,0.34336,18.25,1783128759
All Pools,TREN - AVAX,0.1,False,343.17,686.81,0.34336,18.25,1783128759
All Pools,MURATIAI - AVAX,0.1,False,343.17,686.81,0.34336,18.25,1783128759
All Pools,BASEETHGUSDCQ - AVAX,0.1,False,343.15,686.78,0.34334,18.25,1783128759
All Pools,JFB - AVAX,0.1,False,343.15,686.78,0.34334,18.25,1783128759
All Pools,LUMOX - AVAX,0.1,False,343.15,686.78,0.34334,18.25,1783128759
All Pools,AGUS - AVAX,0.1,False,343.15,-3.252,0.34334,-3854.18,1783128759
All Pools,OXI - AVAX,0.1,False,343.15,686.78,0.34334,18.25,1783128759
All Pools,AC - AVAX,0.1,False,343.11,-3.299,0.34329,-3798.25,1783128759
All Pools,FANC - AVAX,0.1,False,343.11,686.69,0.34329,18.25,1783128759
All Pools,TKN - AVAX,0.1,False,343.11,686.69,0.34329,18.25,1783128759
All Pools,VXVS - AVAX,0.1,False,343.11,686.69,0.34329,18.25,1783128759
All Pools,PLEB - AVAX,0.1,False,343.11,686.69,0.34329,18.25,1783128759
All Pools,FREDWILSON - AVAX,0.1,False,343.11,686.69,0.34329,18.25,1783128759
All Pools,TROY - AVAX,0.1,False,343.09,686.65,0.34328,18.25,1783128759
All Pools,PIKU - AVAX,0.1,False,343.09,686.65,0.34328,18.25,1783128759
All Pools,COUPHYPE - AVAX,0.1,False,343.09,686.65,0.34328,18.25,1783128759
All Pools,SCR - AVAX,0.1,False,343.09,686.65,0.34328,18.25,1783128759
All Pools,PHO.D - AVAX,0.1,False,343.09,686.65,0.34328,18.25,1783128759
All Pools,USDSL - AVAX,0.1,False,343.09,686.65,0.34328,18.25,1783128759
All Pools,AUSD - AVAX,0.1,False,343.09,686.65,0.34328,18.25,1783128759
All Pools,SRLN.D - AVAX,0.1,False,343.09,686.65,0.34328,18.25,1783128759
All Pools,REETH - AVAX,0.1,False,343.09,686.65,0.34328,18.25,1783128759
All Pools,EXY - AVAX,0.1,False,343.09,686.65,0.34328,18.25,1783128759
All Pools,NOME - AVAX,0.1,False,343.09,686.65,0.34328,18.25,1783128759
All Pools,AGD - AVAX,0.1,False,343.08,-3.321,0.34327,-3773.25,1783128759
All Pools,WAZNX - AVAX,0.1,False,343.08,686.64,0.34327,18.25,1783128759
All Pools,PQX - AVAX,0.1,False,343.08,686.64,0.34327,18.25,1783128759
All Pools,MARA.D - AVAX,0.1,False,343.08,-3.321,0.34327,-3773.25,1783128759
All Pools,MADAI - AVAX,0.1,False,343.08,686.64,0.34327,18.25,1783128759
All Pools,CR - AVAX,0.1,False,343.08,686.64,0.34327,18.25,1783128759
All Pools,PPT - AVAX,0.1,False,343.05,686.58,0.34324,18.25,1783128759
All Pools,X - AVAX,0.1,False,343.05,686.58,0.34324,18.25,1783128759
All Pools,USDB - AVAX,0.1,False,343.05,686.58,0.34324,18.25,1783128759
All Pools,NEZUKO - AVAX,0.1,False,343.05,686.58,0.34324,18.25,1783128759
All Pools,FEVO - AVAX,0.1,False,343.05,686.58,0.34324,18.25,1783128759
All Pools,BL0CK - AVAX,0.1,False,343.05,686.58,0.34324,18.25,1783128759
All Pools,BULLIEVE - AVAX,0.1,False,343.05,686.58,0.34324,18.25,1783128759
All Pools,ONL - AVAX,0.1,False,343.05,686.56,0.34323,18.25,1783128759
All Pools,MULTI - AVAX,0.1,False,343.05,-3.36,0.34323,-3728.8,1783128759
All Pools,CRUX - AVAX,0.1,False,343.05,686.56,0.34323,18.25,1783128759
All Pools,UPY - AVAX,0.1,False,343.05,686.56,0.34323,18.25,1783128759
All Pools,VGLMR - AVAX,0.1,False,343.05,686.56,0.34323,18.25,1783128759
All Pools,NEX - AVAX,0.1,False,343.05,686.56,0.34323,18.25,1783128759
All Pools,NIAO - AVAX,0.1,False,343.05,686.56,0.34323,18.25,1783128759
All Pools,ROGER - AVAX,0.1,False,343.05,686.56,0.34323,18.25,1783128759
All Pools,STREET - AVAX,0.1,False,343.05,686.56,0.34323,18.25,1783128759
All Pools,POLLY - AVAX,0.1,False,343.05,686.56,0.34323,18.25,1783128759
All Pools,VST - AVAX,0.1,False,343.05,686.56,0.34323,18.25,1783128759
All Pools,ZLP - AVAX,0.1,False,343.05,686.56,0.34323,18.25,1783128759
All Pools,YUM - AVAX,0.1,False,343.05,686.56,0.34323,18.25,1783128759
All Pools,XBLD - AVAX,0.1,False,343.04,686.55,0.34323,18.25,1783128759
All Pools,BEBE - AVAX,0.1,False,343.04,-3.366,0.34323,-3722.3,1783128759
All Pools,RUBY - AVAX,0.1,False,343.04,686.55,0.34323,18.25,1783128759
All Pools,UNIT - AVAX,0.1,False,343.04,686.55,0.34323,18.25,1783128759
All Pools,REDUX - AVAX,0.1,False,343.04,686.55,0.34323,18.25,1783128759
All Pools,GG - AVAX,0.1,False,343.04,686.55,0.34323,18.25,1783128759
All Pools,U - AVAX,0.1,False,343.04,686.55,0.34323,18.25,1783128759
All Pools,MC.EUSDC - AVAX,0.1,False,343.04,686.55,0.34323,18.25,1783128759
All Pools,CMN - AVAX,0.1,False,343.04,686.55,0.34323,18.25,1783128759
All Pools,VITAL - AVAX,0.1,False,343.04,686.55,0.34323,18.25,1783128759
All Pools,ZOD - AVAX,0.1,False,343.03,686.53,0.34322,18.25,1783128759
All Pools,WINTCX - AVAX,0.1,False,343.03,686.53,0.34322,18.25,1783128759
All Pools,LUDAMOON - AVAX,0.1,False,343.03,686.53,0.34322,18.25,1783128759
All Pools,BLOCK - AVAX,0.1,False,343.01,686.5,0.3432,18.25,1783128759
All Pools,VEAX - AVAX,0.1,False,343.01,-3.394,0.3432,-3691.06,1783128759
All Pools,SPETH - AVAX,0.1,False,343.01,686.5,0.3432,18.25,1783128759
All Pools,$BMC - AVAX,0.1,False,343.01,686.5,0.3432,18.25,1783128759
All Pools,PST - AVAX,0.1,False,343.01,686.5,0.3432,18.25,1783128759
All Pools,AZN.D - AVAX,0.1,False,343.01,686.5,0.3432,18.25,1783128759
All Pools,SOUP - AVAX,0.1,False,343.01,686.5,0.3432,18.25,1783128759
All Pools,SUSDC - AVAX,0.1,False,343.01,686.49,0.3432,18.25,1783128759
All Pools,WPFEX - AVAX,0.1,False,343.01,686.49,0.3432,18.25,1783128759
All Pools,NATG - AVAX,0.1,False,343.01,686.49,0.3432,18.25,1783128759
All Pools,MNLT - AVAX,0.1,False,343.01,686.49,0.3432,18.25,1783128759
All Pools,PAWDERICK - AVAX,0.1,False,343.01,-3.398,0.3432,-3686.67,1783128759
All Pools,BTCW.D - AVAX,0.1,False,343.01,686.49,0.3432,18.25,1783128759
All Pools,DENCH - AVAX,0.1,False,343.01,686.49,0.3432,18.25,1783128759
All Pools,EDS - AVAX,0.1,False,342.99,686.44,0.34317,18.25,1783128759
All Pools,SBET - AVAX,0.1,False,342.99,686.44,0.34317,18.25,1783128759
All Pools,XSTLTC - AVAX,0.1,False,342.99,686.44,0.34317,18.25,1783128759
All Pools,SSETH - AVAX,0.1,False,342.99,686.44,0.34317,18.25,1783128759
All Pools,WCVXX - AVAX,0.1,False,342.99,686.44,0.34317,18.25,1783128759
All Pools,ROBOTS - AVAX,0.1,False,342.99,686.44,0.34317,18.25,1783128759
All Pools,TWB - AVAX,0.1,False,342.98,686.43,0.34317,18.25,1783128759
All Pools,PLVGLP - AVAX,0.1,False,342.98,686.43,0.34317,18.25,1783128759
All Pools,HORIZON - AVAX,0.1,False,342.98,686.43,0.34317,18.25,1783128759
All Pools,IMON - AVAX,0.1,False,342.98,686.43,0.34317,18.25,1783128759
All Pools,DIS.D - AVAX,0.1,False,342.98,686.43,0.34317,18.25,1783128759
All Pools,YPYMN - AVAX,0.1,False,342.98,686.43,0.34317,18.25,1783128759
All Pools,WABBVX - AVAX,0.1,False,342.98,686.43,0.34317,18.25,1783128759
All Pools,MANKRETH - AVAX,0.1,False,342.98,686.43,0.34317,18.25,1783128759
All Pools,NVDA.D - AVAX,0.1,False,342.98,686.43,0.34317,18.25,1783128759
All Pools,COMA - AVAX,0.1,False,342.98,686.43,0.34317,18.25,1783128759
All Pools,FATSO - AVAX,0.1,False,342.98,686.43,0.34317,18.25,1783128759
All Pools,BA.D - AVAX,0.1,False,342.98,686.43,0.34317,18.25,1783128759
All Pools,DGCS - AVAX,0.1,False,342.98,686.43,0.34317,18.25,1783128759
All Pools,WODO - AVAX,0.1,False,342.96,-3.441,0.34315,-3639.49,1783128759
All Pools,LAN - AVAX,0.1,False,342.96,686.4,0.34315,18.25,1783128759
All Pools,HKAVA - AVAX,0.1,False,342.96,686.4,0.34315,18.25,1783128759
All Pools,ARIES - AVAX,0.1,False,342.96,686.4,0.34315,18.25,1783128759
All Pools,STOCKMARKETTRBASISTRADE - AVAX,0.1,False,342.96,686.4,0.34315,18.25,1783128759
All Pools,DGR - AVAX,0.1,False,342.96,686.4,0.34315,18.25,1783128759
All Pools,TRONX - AVAX,0.1,False,342.96,686.4,0.34315,18.25,1783128759
All Pools,DEZ - AVAX,0.1,False,342.96,686.38,0.34314,18.25,1783128759
All Pools,LEE - AVAX,0.1,False,342.96,686.38,0.34314,18.25,1783128759
All Pools,MAG - AVAX,0.1,False,342.96,686.38,0.34314,18.25,1783128759
All Pools,WAVGOX - AVAX,0.1,False,342.94,686.34,0.34312,18.25,1783128759
All Pools,HDROME - AVAX,0.1,False,342.94,686.34,0.34312,18.25,1783128759
All Pools,WORCLX - AVAX,0.1,False,342.94,686.34,0.34312,18.25,1783128759
All Pools,LYUSD - AVAX,0.1,False,342.94,686.34,0.34312,18.25,1783128759
All Pools,BRK.A.D - AVAX,0.1,False,342.94,686.34,0.34312,18.25,1783128759
All Pools,HBTC - AVAX,0.1,False,342.93,686.34,0.34312,18.25,1783128759
All Pools,TXOR - AVAX,0.1,False,342.93,686.34,0.34312,18.25,1783128759
All Pools,THGOLD - AVAX,0.1,False,342.93,686.34,0.34312,18.25,1783128759
All Pools,BRC - AVAX,0.1,False,342.93,686.34,0.34312,18.25,1783128759
All Pools,MOSETH - AVAX,0.1,False,342.93,686.34,0.34312,18.25,1783128759
All Pools,TORR - AVAX,0.1,False,342.93,686.34,0.34312,18.25,1783128759
All Pools,RAA - AVAX,0.1,False,342.93,686.34,0.34312,18.25,1783128759
All Pools,SPUSDC - AVAX,0.1,False,342.93,686.33,0.34312,18.25,1783128759
All Pools,PURRZIVAL - AVAX,0.1,False,342.93,686.33,0.34312,18.25,1783128759
All Pools,CATMOUSE - AVAX,0.1,False,342.93,686.33,0.34312,18.25,1783128759
All Pools,KBK - AVAX,0.1,False,342.93,686.33,0.34312,18.25,1783128759
All Pools,WPMX - AVAX,0.1,False,342.93,686.33,0.34312,18.25,1783128759
All Pools,LOA - AVAX,0.1,False,342.93,686.33,0.34312,18.25,1783128759
All Pools,PGRE - AVAX,0.1,False,342.93,686.33,0.34312,18.25,1783128759
All Pools,MCD.D - AVAX,0.1,False,342.93,686.33,0.34312,18.25,1783128759
All Pools,SLT - AVAX,0.1,False,342.93,686.33,0.34312,18.25,1783128759
All Pools,QUAN - AVAX,0.1,False,342.93,686.33,0.34312,18.25,1783128759
All Pools,MXNA - AVAX,0.1,False,342.92,686.32,0.34311,18.25,1783128759
All Pools,HECTO - AVAX,0.1,False,342.92,-3.484,0.34311,-3594.26,1783128759
All Pools,ZP - AVAX,0.1,False,342.92,686.31,0.34311,18.25,1783128759
All Pools,MDBL - AVAX,0.1,False,342.91,-3.496,0.3431,-3581.73,1783128759
All Pools,GREAT - AVAX,0.1,False,342.91,686.29,0.3431,18.25,1783128759
All Pools,$BILLY - AVAX,0.1,False,342.91,686.29,0.3431,18.25,1783128759
All Pools,PRI - AVAX,0.1,False,342.91,686.29,0.3431,18.25,1783128759
All Pools,MEMEX - AVAX,0.1,False,342.91,686.28,0.34309,18.25,1783128759
All Pools,MVEDA - AVAX,0.1,False,342.91,686.28,0.34309,18.25,1783128759
All Pools,AIL - AVAX,0.1,False,342.91,686.28,0.34309,18.25,1783128759
All Pools,TOWELI - AVAX,0.1,False,342.91,686.28,0.34309,18.25,1783128759
All Pools,TATE - AVAX,0.1,False,342.91,-3.5,0.34309,-3578.2,1783128759
All Pools,HTD - AVAX,0.1,False,342.91,686.28,0.34309,18.25,1783128759
All Pools,QNS - AVAX,0.1,False,342.89,-3.519,0.34307,-3558.26,1783128759
All Pools,WAMZNX - AVAX,0.1,False,342.89,686.25,0.34307,18.25,1783128759
All Pools,BDT - AVAX,0.1,False,342.89,686.25,0.34307,18.25,1783128759
All Pools,CLYC - AVAX,0.1,False,342.89,686.25,0.34307,18.25,1783128759
All Pools,ROSE - AVAX,0.1,False,342.89,-3.519,0.34307,-3558.26,1783128759
All Pools,LIBFI - AVAX,0.1,False,342.89,686.25,0.34307,18.25,1783128759
All Pools,ATV111 - AVAX,0.1,False,342.89,686.25,0.34307,18.25,1783128759
All Pools,NAEST - AVAX,0.1,False,342.87,686.21,0.34306,18.25,1783128759
All Pools,TT - AVAX,0.1,False,342.87,686.21,0.34306,18.25,1783128759
All Pools,ZEROS - AVAX,0.1,False,342.87,686.21,0.34306,18.25,1783128759
All Pools,SOLAR - AVAX,0.1,False,342.87,686.21,0.34306,18.25,1783128759
All Pools,EUCLID - AVAX,0.1,False,342.87,686.21,0.34306,18.25,1783128759
All Pools,BTMT - AVAX,0.1,False,342.87,686.21,0.34306,18.25,1783128759
All Pools,OPCH - AVAX,0.1,False,342.87,686.21,0.34306,18.25,1783128759
All Pools,HUDL - AVAX,0.1,False,342.87,686.21,0.34306,18.25,1783128759
All Pools,IQ - AVAX,0.1,False,342.87,686.21,0.34306,18.25,1783128759
All Pools,ZEROPAI - AVAX,0.1,False,342.87,686.21,0.34306,18.25,1783128759
All Pools,BOYSCLUB - AVAX,0.1,False,342.87,686.21,0.34306,18.25,1783128759
All Pools,JBC - AVAX,0.1,False,342.87,686.21,0.34306,18.25,1783128759
All Pools,CIRCLE - AVAX,0.1,False,342.84,686.16,0.34303,18.25,1783128759
All Pools,SOMT - AVAX,0.1,False,342.84,686.16,0.34303,18.25,1783128759
All Pools,FFRAX - AVAX,0.1,False,342.84,686.16,0.34303,18.25,1783128759
All Pools,ORB7 - AVAX,0.1,False,342.84,686.16,0.34303,18.25,1783128759
All Pools,LOGG - AVAX,0.1,False,342.84,686.16,0.34303,18.25,1783128759
All Pools,IBIT.D - AVAX,0.1,False,342.84,686.16,0.34303,18.25,1783128759
All Pools,AEUSD - AVAX,0.1,False,342.84,686.16,0.34303,18.25,1783128759
All Pools,MCBETH - AVAX,0.1,False,342.84,686.16,0.34303,18.25,1783128759
All Pools,DMU - AVAX,0.1,False,342.84,686.16,0.34303,18.25,1783128759
All Pools,RTG - AVAX,0.1,False,342.84,686.16,0.34303,18.25,1783128759
All Pools,MWBETH - AVAX,0.1,False,342.84,686.16,0.34303,18.25,1783128759
All Pools,POWER - AVAX,0.1,False,342.84,686.16,0.34303,18.25,1783128759
All Pools,WAPPX - AVAX,0.1,False,342.84,686.16,0.34303,18.25,1783128759
All Pools,LCOM - AVAX,0.1,False,342.82,686.11,0.34301,18.25,1783128759
All Pools,HOU - AVAX,0.1,False,342.82,686.11,0.34301,18.25,1783128759
All Pools,WMDTX - AVAX,0.1,False,342.82,686.11,0.34301,18.25,1783128759
All Pools,CRISIS - AVAX,0.1,False,342.82,-3.588,0.34301,-3489.32,1783128759
All Pools,$SUSHI - AVAX,0.1,False,342.82,686.11,0.34301,18.25,1783128759
All Pools,ZRS - AVAX,0.1,False,342.82,686.11,0.34301,18.25,1783128759
All Pools,MAGICGLP - AVAX,0.1,False,342.82,686.11,0.34301,18.25,1783128759
All Pools,ANSEM - AVAX,0.1,False,342.82,696.24,0.34301,17.98,1783128759
All Pools,MBDAO - AVAX,0.1,False,342.82,686.11,0.34301,18.25,1783128759
All Pools,SPADE - AVAX,0.1,False,342.82,686.11,0.34301,18.25,1783128759
All Pools,EGX - AVAX,0.1,False,342.82,686.11,0.34301,18.25,1783128759
All Pools,HPC - AVAX,0.1,False,342.82,686.11,0.34301,18.25,1783128759
All Pools,$YIELD - AVAX,0.1,False,342.82,686.11,0.34301,18.25,1783128759
All Pools,ZEUS - AVAX,0.1,False,342.81,-3.591,0.343,-3485.92,1783128759
All Pools,BALL - AVAX,0.1,False,342.81,686.1,0.343,18.25,1783128759
All Pools,CORX - AVAX,0.1,False,342.81,686.1,0.343,18.25,1783128759
All Pools,EIOB - AVAX,0.1,False,342.81,686.1,0.343,18.25,1783128759
All Pools,MPIX - AVAX,0.1,False,342.81,686.1,0.343,18.25,1783128759
All Pools,OASIS - AVAX,0.1,False,342.81,686.1,0.343,18.25,1783128759
All Pools,MEMBER - AVAX,0.1,False,342.8,686.08,0.34299,18.25,1783128759
All Pools,CSWAP - AVAX,0.1,False,342.8,686.08,0.34299,18.25,1783128759
All Pools,SENSO - AVAX,0.1,False,342.8,686.08,0.34299,18.25,1783128759
All Pools,GD - AVAX,0.1,False,342.79,686.05,0.34298,18.25,1783128759
All Pools,RAWR - AVAX,0.1,False,342.79,-3.616,0.34298,-3462.09,1783128759
All Pools,YVAAVE - AVAX,0.1,False,342.79,686.05,0.34298,18.25,1783128759
All Pools,HISS - AVAX,0.1,False,342.79,-3.616,0.34298,-3462.09,1783128759
All Pools,TPAD - AVAX,0.1,False,342.79,686.05,0.34298,18.25,1783128759
All Pools,BYTES - AVAX,0.1,False,342.79,686.05,0.34298,18.25,1783128759
All Pools,STICKBUG - AVAX,0.1,False,342.78,686.04,0.34297,18.25,1783128759
All Pools,SDG - AVAX,0.1,False,342.78,686.04,0.34297,18.25,1783128759
All Pools,EMAX - AVAX,0.1,False,342.78,686.04,0.34297,18.25,1783128759
All Pools,DAYL - AVAX,0.1,False,342.78,686.04,0.34297,18.25,1783128759
All Pools,NGPRIME - AVAX,0.1,False,342.78,686.04,0.34297,18.25,1783128759
All Pools,THUSD - AVAX,0.1,False,342.78,686.04,0.34297,18.25,1783128759
All Pools,FSX - AVAX,0.1,False,342.78,686.04,0.34297,18.25,1783128759
All Pools,BUFF - AVAX,0.1,False,342.78,686.04,0.34297,18.25,1783128759
All Pools,AET - AVAX,0.1,False,342.78,686.04,0.34297,18.25,1783128759
All Pools,SDCRV - AVAX,0.1,False,342.77,686.01,0.34295,18.25,1783128759
All Pools,OIL - AVAX,0.1,False,342.77,686.01,0.34295,18.25,1783128759
All Pools,MIXER - AVAX,0.1,False,342.77,-3.639,0.34295,-3439.78,1783128759
All Pools,CONAN - AVAX,0.1,False,342.77,686.01,0.34295,18.25,1783128759
All Pools,BENG - AVAX,0.1,False,342.77,-3.639,0.34295,-3439.78,1783128759
All Pools,TIX - AVAX,0.1,False,342.77,686.0,0.34295,18.25,1783128759
All Pools,VSL - AVAX,0.1,False,342.77,686.0,0.34295,18.25,1783128759
All Pools,DUBI - AVAX,0.1,False,342.77,686.0,0.34295,18.25,1783128759
All Pools,WEB3 - AVAX,0.1,False,342.76,686.0,0.34295,18.25,1783128759
All Pools,MORK - AVAX,0.1,False,342.76,-3.641,0.34295,-3438.46,1783128759
All Pools,SX - AVAX,0.1,False,342.76,686.0,0.34295,18.25,1783128759
All Pools,USAD - AVAX,0.1,False,342.76,686.0,0.34295,18.25,1783128759
All Pools,POLIS - AVAX,0.1,False,342.76,686.0,0.34295,18.25,1783128759
All Pools,WGSX - AVAX,0.1,False,342.75,685.98,0.34294,18.25,1783128759
All Pools,COKE - AVAX,0.1,False,342.75,685.98,0.34294,18.25,1783128759
All Pools,IKAS - AVAX,0.1,False,342.75,685.98,0.34294,18.25,1783128759
All Pools,CPET - AVAX,0.1,False,342.75,685.98,0.34294,18.25,1783128759
All Pools,XOC - AVAX,0.1,False,342.75,685.98,0.34294,18.25,1783128759
All Pools,PAC - AVAX,0.1,False,342.75,685.98,0.34294,18.25,1783128759
All Pools,CQX - AVAX,0.1,False,342.75,685.98,0.34294,18.25,1783128759
All Pools,MORPH - AVAX,0.1,False,342.75,685.97,0.34294,18.25,1783128759
All Pools,ESS - AVAX,0.1,False,342.75,685.97,0.34294,18.25,1783128759
All Pools,LUCIA - AVAX,0.1,False,342.75,685.97,0.34294,18.25,1783128759
All Pools,HDL - AVAX,0.1,False,342.75,685.97,0.34294,18.25,1783128759
All Pools,PULS - AVAX,0.1,False,342.74,685.96,0.34293,18.25,1783128759
All Pools,CCT - AVAX,0.1,False,342.74,685.96,0.34293,18.25,1783128759
All Pools,NACKL - AVAX,0.1,False,342.74,685.96,0.34293,18.25,1783128759
All Pools,URA - AVAX,0.1,False,342.74,685.96,0.34293,18.25,1783128759
All Pools,HEDGEHOG - AVAX,0.1,False,342.74,685.96,0.34293,18.25,1783128759
All Pools,NPT - AVAX,0.1,False,342.74,685.96,0.34293,18.25,1783128759
All Pools,PAPYRUS - AVAX,0.1,False,342.74,685.96,0.34293,18.25,1783128759
All Pools,AUSDC - AVAX,0.1,False,342.74,685.95,0.34293,18.25,1783128759
All Pools,WDHRX - AVAX,0.1,False,342.74,685.95,0.34293,18.25,1783128759
All Pools,BCL - AVAX,0.1,False,342.72,685.92,0.34291,18.25,1783128759
All Pools,COIN.D - AVAX,0.1,False,342.72,685.92,0.34291,18.25,1783128759
All Pools,CONET - AVAX,0.1,False,342.72,685.92,0.34291,18.25,1783128759
All Pools,WCRMX - AVAX,0.1,False,342.72,685.92,0.34291,18.25,1783128759
All Pools,POCKET - AVAX,0.1,False,342.72,685.92,0.34291,18.25,1783128759
All Pools,ITLG - AVAX,0.1,False,342.72,685.92,0.34291,18.25,1783128759
All Pools,TRW - AVAX,0.1,False,342.72,685.92,0.34291,18.25,1783128759
All Pools,CBUNNY - AVAX,0.1,False,342.72,685.92,0.34291,18.25,1783128759
All Pools,GRAMG - AVAX,0.1,False,342.72,685.92,0.34291,18.25,1783128759
All Pools,GS - AVAX,0.1,False,342.72,685.92,0.34291,18.25,1783128759
All Pools,USDSUI - AVAX,0.1,False,342.72,685.92,0.34291,18.25,1783128759
All Pools,FINE - AVAX,0.1,False,342.72,685.92,0.34291,18.25,1783128759
All Pools,GBTC.D - AVAX,0.1,False,342.71,685.9,0.3429,18.25,1783128759
All Pools,SPUS.D - AVAX,0.1,False,342.71,685.9,0.3429,18.25,1783128759
All Pools,XO - AVAX,0.1,False,342.71,685.9,0.3429,18.25,1783128759
All Pools,PHOTON - AVAX,0.1,False,342.71,685.9,0.3429,18.25,1783128759
All Pools,GODEN - AVAX,0.1,False,342.71,685.9,0.3429,18.25,1783128759
All Pools,YTIME - AVAX,0.1,False,342.71,685.9,0.3429,18.25,1783128759
All Pools,INT - AVAX,0.1,False,342.71,685.9,0.3429,18.25,1783128759
All Pools,KING - AVAX,0.1,False,342.7,685.88,0.34289,18.25,1783128759
All Pools,LFG - AVAX,0.1,False,342.7,685.88,0.34289,18.25,1783128759
All Pools,ADACASH - AVAX,0.1,False,342.7,685.88,0.34289,18.25,1783128759
All Pools,QTCC - AVAX,0.1,False,342.7,685.88,0.34289,18.25,1783128759
All Pools,ELP - AVAX,0.1,False,342.7,685.88,0.34289,18.25,1783128759
All Pools,TRIO - AVAX,0.1,False,342.7,685.88,0.34289,18.25,1783128759
All Pools,PULSR - AVAX,0.1,False,342.7,685.87,0.34289,18.25,1783128759
All Pools,LUEYGI - AVAX,0.1,False,342.7,685.87,0.34289,18.25,1783128759
All Pools,ALINK - AVAX,0.1,False,342.7,685.87,0.34289,18.25,1783128759
All Pools,LLM - AVAX,0.1,False,342.7,685.87,0.34289,18.25,1783128759
All Pools,AICRE8 - AVAX,0.1,False,342.7,685.87,0.34289,18.25,1783128759
All Pools,BOOST - AVAX,0.1,False,342.7,685.87,0.34289,18.25,1783128759
All Pools,RKLBX - AVAX,0.1,False,342.7,685.87,0.34289,18.25,1783128759
All Pools,SEUR0 - AVAX,0.1,False,342.7,685.87,0.34289,18.25,1783128759
All Pools,CBD - AVAX,0.1,False,342.68,685.84,0.34287,18.25,1783128759
All Pools,CFES - AVAX,0.1,False,342.68,685.84,0.34287,18.25,1783128759
All Pools,DCO - AVAX,0.1,False,342.68,685.84,0.34287,18.25,1783128759
All Pools,KEEP - AVAX,0.1,False,342.68,685.84,0.34287,18.25,1783128759
All Pools,VOY - AVAX,0.1,False,342.68,685.84,0.34287,18.25,1783128759
All Pools,ZAM - AVAX,0.1,False,342.68,-3.725,0.34287,-3359.95,1783128759
All Pools,ILLU - AVAX,0.1,False,342.68,685.83,0.34287,18.25,1783128759
All Pools,GBTC - AVAX,0.1,False,342.68,685.83,0.34287,18.25,1783128759
All Pools,ARENA - AVAX,0.1,False,342.68,685.83,0.34287,18.25,1783128759
All Pools,DAMOON - AVAX,0.1,False,342.68,685.83,0.34287,18.25,1783128759
All Pools,TANGO - AVAX,0.1,False,342.68,685.83,0.34287,18.25,1783128759
All Pools,DSS - AVAX,0.1,False,342.68,685.83,0.34287,18.25,1783128759
All Pools,NXA - AVAX,0.1,False,342.68,685.83,0.34287,18.25,1783128759
All Pools,AIAB - AVAX,0.1,False,342.68,685.83,0.34287,18.25,1783128759
All Pools,CTB - AVAX,0.1,False,342.67,685.81,0.34286,18.25,1783128759
All Pools,TEM - AVAX,0.1,False,342.67,685.81,0.34286,18.25,1783128759
All Pools,ZEUM - AVAX,0.1,False,342.67,685.81,0.34286,18.25,1783128759
All Pools,GCR - AVAX,0.1,False,342.67,685.81,0.34286,18.25,1783128759
All Pools,INFO - AVAX,0.1,False,342.67,685.81,0.34286,18.25,1783128759
All Pools,VICPAY - AVAX,0.1,False,342.67,685.81,0.34286,18.25,1783128759
All Pools,BABYMYRO - AVAX,0.1,False,342.65,685.77,0.34284,18.25,1783128759
All Pools,CNR - AVAX,0.1,False,342.65,685.77,0.34284,18.25,1783128759
All Pools,YCT - AVAX,0.1,False,342.65,685.77,0.34284,18.25,1783128759
All Pools,MOCKJUP - AVAX,0.1,False,342.65,685.77,0.34284,18.25,1783128759
All Pools,COSMIC - AVAX,0.1,False,342.65,685.77,0.34284,18.25,1783128759
All Pools,IXIR - AVAX,0.1,False,342.65,685.77,0.34284,18.25,1783128759
All Pools,CXPAD - AVAX,0.1,False,342.65,685.77,0.34284,18.25,1783128759
All Pools,MLUM - AVAX,0.1,False,342.65,685.77,0.34284,18.25,1783128759
All Pools,APES - AVAX,0.1,False,342.65,685.77,0.34284,18.25,1783128759
All Pools,BLUP - AVAX,0.1,False,342.65,685.77,0.34284,18.25,1783128759
All Pools,CEM - AVAX,0.1,False,342.64,685.75,0.34283,18.25,1783128759
All Pools,ELS - AVAX,0.1,False,342.64,685.75,0.34283,18.25,1783128759
All Pools,GOLD8 - AVAX,0.1,False,342.64,685.75,0.34283,18.25,1783128759
All Pools,UM - AVAX,0.1,False,342.63,-3.775,0.34282,-3314.82,1783128759
All Pools,XCCX - AVAX,0.1,False,342.63,685.73,0.34282,18.25,1783128759
All Pools,ZETRIX - AVAX,0.1,False,342.63,685.73,0.34282,18.25,1783128759
All Pools,NOVA - AVAX,0.1,False,342.63,685.73,0.34282,18.25,1783128759
All Pools,BCA - AVAX,0.1,False,342.63,685.73,0.34282,18.25,1783128759
All Pools,GALGO - AVAX,0.1,False,342.63,685.73,0.34282,18.25,1783128759
All Pools,KPK - AVAX,0.1,False,342.62,685.72,0.34281,18.25,1783128759
All Pools,ARM - WS - OS - AVAX,0.1,False,342.62,685.72,0.34281,18.25,1783128759
All Pools,CC - AVAX,0.1,False,342.62,685.72,0.34281,18.25,1783128759
All Pools,XSTABLE - AVAX,0.1,False,342.62,685.72,0.34281,18.25,1783128759
All Pools,STUSD - AVAX,0.1,False,342.62,685.72,0.34281,18.25,1783128759
All Pools,MORPHO - AVAX,0.1,False,342.62,685.72,0.34281,18.25,1783128759
All Pools,BLIFE - AVAX,0.1,False,342.62,685.72,0.34281,18.25,1783128759
All Pools,SKULL - AVAX,0.1,False,342.62,685.72,0.34281,18.25,1783128759
All Pools,VITAFOXO - AVAX,0.1,False,342.62,685.72,0.34281,18.25,1783128759
All Pools,LIQD - AVAX,0.1,False,342.62,685.72,0.34281,18.25,1783128759
All Pools,METAKPK - AVAX,0.1,False,342.62,685.72,0.34281,18.25,1783128759
All Pools,FTM - AVAX,0.1,False,342.62,685.72,0.34281,18.25,1783128759
All Pools,HWL - AVAX,0.1,False,342.61,685.7,0.3428,18.25,1783128759
All Pools,MAPE - AVAX,0.1,False,342.61,685.7,0.3428,18.25,1783128759
All Pools,BOBO - AVAX,0.1,False,342.61,685.7,0.3428,18.25,1783128759
All Pools,MULTI - AVAX,0.1,False,342.61,685.7,0.3428,18.25,1783128759
All Pools,GEC - AVAX,0.1,False,342.61,-3.794,0.3428,-3298.08,1783128759
All Pools,PEEPA - AVAX,0.1,False,342.61,685.7,0.3428,18.25,1783128759
All Pools,PONGO - AVAX,0.1,False,342.61,685.68,0.34279,18.25,1783128759
All Pools,ING - AVAX,0.1,False,342.61,685.68,0.34279,18.25,1783128759
All Pools,MUFFIN - AVAX,0.1,False,342.61,685.68,0.34279,18.25,1783128759
All Pools,ULAB - AVAX,0.1,False,342.61,685.68,0.34279,18.25,1783128759
All Pools,SSUI - AVAX,0.1,False,342.61,685.68,0.34279,18.25,1783128759
All Pools,DRIP - AVAX,0.1,False,342.61,685.68,0.34279,18.25,1783128759
All Pools,AXPX - AVAX,0.1,False,342.59,-3.816,0.34278,-3278.81,1783128759
All Pools,SCRX - AVAX,0.1,False,342.59,685.65,0.34278,18.25,1783128759
All Pools,AEDZ - AVAX,0.1,False,342.59,685.65,0.34278,18.25,1783128759
All Pools,FONQ - AVAX,0.1,False,342.59,-3.816,0.34278,-3278.81,1783128759
All Pools,PUSDC.E - AVAX,0.1,False,342.59,685.65,0.34278,18.25,1783128759
All Pools,JACK - AVAX,0.1,False,342.59,685.65,0.34278,18.25,1783128759
All Pools,XBTC - AVAX,0.1,False,342.59,685.65,0.34278,18.25,1783128759
All Pools,ADEX - AVAX,0.1,False,342.57,685.61,0.34276,18.25,1783128759
All Pools,CLA - AVAX,0.1,False,342.57,-3.837,0.34276,-3260.47,1783128759
All Pools,AEONCITY - AVAX,0.1,False,342.57,685.61,0.34276,18.25,1783128759
All Pools,GOAI - AVAX,0.1,False,342.56,685.59,0.34275,18.25,1783128759
All Pools,ACHF - AVAX,0.1,False,342.56,685.59,0.34275,18.25,1783128759
All Pools,HOBBES - AVAX,0.1,False,342.56,685.59,0.34275,18.25,1783128759
All Pools,MODEX - AVAX,0.1,False,342.56,685.59,0.34275,18.25,1783128759
All Pools,SOLX - AVAX,0.1,False,342.56,685.59,0.34275,18.25,1783128759
All Pools,TAVA - AVAX,0.1,False,342.56,685.59,0.34275,18.25,1783128759
All Pools,SFL - AVAX,0.1,False,342.56,685.59,0.34275,18.25,1783128759
All Pools,DUCK - AVAX,0.1,False,342.56,685.59,0.34274,18.25,1783128759
All Pools,MPAL - AVAX,0.1,False,342.56,685.59,0.34274,18.25,1783128759
All Pools,BAPE - AVAX,0.1,False,342.56,685.59,0.34274,18.25,1783128759
All Pools,RKR - AVAX,0.1,False,342.56,685.59,0.34274,18.25,1783128759
All Pools,UTT - AVAX,0.1,False,342.56,685.58,0.34274,18.25,1783128759
All Pools,TSAT - AVAX,0.1,False,342.56,685.58,0.34274,18.25,1783128759
All Pools,ATTRA - AVAX,0.1,False,342.55,685.58,0.34274,18.25,1783128759
All Pools,AEA - AVAX,0.1,False,342.55,685.58,0.34274,18.25,1783128759
All Pools,THG - AVAX,0.1,False,342.55,685.58,0.34274,18.25,1783128759
All Pools,ZOO - AVAX,0.1,False,342.55,685.58,0.34274,18.25,1783128759
All Pools,WFO - AVAX,0.1,False,342.55,-3.853,0.34274,-3247.2,1783128759
All Pools,PUSD - AVAX,0.1,False,342.55,685.58,0.34274,18.25,1783128759
All Pools,LEGLD - AVAX,0.1,False,342.55,685.58,0.34274,18.25,1783128759
All Pools,PROOF - AVAX,0.1,False,342.52,685.52,0.34271,18.25,1783128759
All Pools,MFARM - AVAX,0.1,False,342.52,685.52,0.34271,18.25,1783128759
All Pools,FPT - AVAX,0.1,False,342.52,685.52,0.34271,18.25,1783128759
All Pools,RBL - AVAX,0.1,False,342.52,685.51,0.34271,18.25,1783128759
All Pools,HOPPY - AVAX,0.1,False,342.52,685.51,0.34271,18.25,1783128759
All Pools,HYPE - AVAX,0.1,False,342.52,685.51,0.34271,18.25,1783128759
All Pools,DX - AVAX,0.1,False,342.52,685.51,0.34271,18.25,1783128759
All Pools,EXIT - AVAX,0.1,False,342.52,685.51,0.34271,18.25,1783128759
All Pools,COST.D - AVAX,0.1,False,342.52,685.51,0.34271,18.25,1783128759
All Pools,EDC - AVAX,0.1,False,342.52,685.51,0.34271,18.25,1783128759
All Pools,LASAGNA - AVAX,0.1,False,342.52,685.51,0.34271,18.25,1783128759
All Pools,MAXX - AVAX,0.1,False,342.51,685.49,0.3427,18.25,1783128759
All Pools,CYLA - AVAX,0.1,False,342.51,685.49,0.3427,18.25,1783128759
All Pools,ONIC - AVAX,0.1,False,342.51,685.49,0.3427,18.25,1783128759
All Pools,DD - AVAX,0.1,False,342.51,685.49,0.3427,18.25,1783128759
All Pools,XGRAV - AVAX,0.1,False,342.51,685.49,0.3427,18.25,1783128759
All Pools,WAI - AVAX,0.1,False,342.51,685.49,0.3427,18.25,1783128759
All Pools,QJUNO - AVAX,0.1,False,342.51,685.49,0.34269,18.25,1783128759
All Pools,ASET - AVAX,0.1,False,342.51,685.49,0.34269,18.25,1783128759
All Pools,WGOOGLX - AVAX,0.1,False,342.51,685.49,0.34269,18.25,1783128759
All Pools,AGT - AVAX,0.1,False,342.51,685.49,0.34269,18.25,1783128759
All Pools,WHONX - AVAX,0.1,False,342.51,685.49,0.34269,18.25,1783128759
All Pools,BITB.D - AVAX,0.1,False,342.51,685.49,0.34269,18.25,1783128759
All Pools,IOBUSD - AVAX,0.1,False,342.5,686.92,0.34269,18.21,1783128759
All Pools,ECOR - AVAX,0.1,False,342.5,685.47,0.34269,18.25,1783128759
All Pools,MEAT - AVAX,0.1,False,342.5,685.47,0.34269,18.25,1783128759
All Pools,XARCH - AVAX,0.1,False,342.5,-3.909,0.34269,-3200.13,1783128759
All Pools,FOXY - AVAX,0.1,False,342.5,685.47,0.34269,18.25,1783128759
All Pools,VERI - AVAX,0.1,False,342.5,685.47,0.34269,18.25,1783128759
All Pools,EZSWAP - AVAX,0.1,False,342.5,685.47,0.34269,18.25,1783128759
All Pools,L3USD - AVAX,0.1,False,342.49,685.46,0.34268,18.25,1783128759
All Pools,WILC - AVAX,0.1,False,342.49,685.46,0.34268,18.25,1783128759
All Pools,PHY - AVAX,0.1,False,342.49,685.46,0.34268,18.25,1783128759
All Pools,OCTO - AVAX,0.1,False,342.49,685.46,0.34268,18.25,1783128759
All Pools,IOWBTC - AVAX,0.1,False,342.49,685.46,0.34268,18.25,1783128759
All Pools,DBD - AVAX,0.1,False,342.49,685.46,0.34268,18.25,1783128759
All Pools,DINO - AVAX,0.1,False,342.48,685.43,0.34267,18.25,1783128759
All Pools,PHAME - AVAX,0.1,False,342.48,685.43,0.34267,18.25,1783128759
All Pools,BABYSATO - AVAX,0.1,False,342.48,685.43,0.34267,18.25,1783128759
All Pools,BAG - AVAX,0.1,False,342.48,685.43,0.34267,18.25,1783128759
All Pools,BOOTY - AVAX,0.1,False,342.48,685.43,0.34267,18.25,1783128759
All Pools,BRISH - AVAX,0.1,False,342.48,685.43,0.34267,18.25,1783128759
All Pools,SOLZILLA - AVAX,0.1,False,342.47,685.42,0.34266,18.25,1783128759
All Pools,ETHV - AVAX,0.1,False,342.47,685.42,0.34266,18.25,1783128759
All Pools,PC0000061 - AVAX,0.1,False,342.47,685.42,0.34266,18.25,1783128759
All Pools,METAN - AVAX,0.1,False,342.47,685.42,0.34266,18.25,1783128759
All Pools,CLAY - AVAX,0.1,False,342.47,685.42,0.34266,18.25,1783128759
All Pools,LYK - AVAX,0.1,False,342.47,685.42,0.34266,18.25,1783128759
All Pools,BOBO - AVAX,0.1,False,342.47,685.41,0.34266,18.25,1783128759
All Pools,SCHRDNGR - AVAX,0.1,False,342.47,685.41,0.34266,18.25,1783128759
All Pools,T5PT - AVAX,0.1,False,342.47,685.41,0.34266,18.25,1783128759
All Pools,ZERO - AVAX,0.1,False,342.47,685.41,0.34266,18.25,1783128759
All Pools,STREAM - AVAX,0.1,False,342.47,685.41,0.34266,18.25,1783128759
All Pools,PLD - AVAX,0.1,False,342.47,685.41,0.34266,18.25,1783128759
All Pools,CDT - AVAX,0.1,False,342.46,685.4,0.34265,18.25,1783128759
All Pools,PUSD - AVAX,0.1,False,342.46,685.4,0.34265,18.25,1783128759
All Pools,GCZ - AVAX,0.1,False,342.46,685.4,0.34265,18.25,1783128759
All Pools,EV - AVAX,0.1,False,342.46,685.4,0.34265,18.25,1783128759
All Pools,KNET - AVAX,0.1,False,342.46,-3.94,0.34265,-3173.97,1783128759
All Pools,GHOST - AVAX,0.1,False,342.46,685.39,0.34265,18.25,1783128759
All Pools,MIMATIC - AVAX,0.1,False,342.45,685.38,0.34264,18.25,1783128759
All Pools,ENVI - AVAX,0.1,False,342.45,685.38,0.34264,18.25,1783128759
All Pools,SMARS - AVAX,0.1,False,342.45,-3.955,0.34264,-3161.83,1783128759
All Pools,NGY - AVAX,0.1,False,342.45,685.37,0.34264,18.25,1783128759
All Pools,BHO - AVAX,0.1,False,342.45,685.37,0.34264,18.25,1783128759
All Pools,COPX - AVAX,0.1,False,342.45,685.37,0.34264,18.25,1783128759
All Pools,HPO - AVAX,0.1,False,342.45,685.37,0.34264,18.25,1783128759
All Pools,BUND - AVAX,0.1,False,342.45,685.37,0.34264,18.25,1783128759
All Pools,BRICKS - AVAX,0.1,False,342.45,685.37,0.34264,18.25,1783128759
All Pools,FCP - AVAX,0.1,False,342.45,-3.957,0.34264,-3160.59,1783128759
All Pools,STACKS - AVAX,0.1,False,342.45,685.37,0.34264,18.25,1783128759
All Pools,XCV - AVAX,0.1,False,342.45,-3.957,0.34264,-3160.59,1783128759
All Pools,MTG - AVAX,0.1,False,342.45,685.37,0.34264,18.25,1783128759
All Pools,CTM - AVAX,0.1,False,342.45,685.37,0.34264,18.25,1783128759
All Pools,BTSLA - AVAX,0.1,False,342.44,685.35,0.34263,18.25,1783128759
All Pools,MSS - AVAX,0.1,False,342.44,685.35,0.34263,18.25,1783128759
All Pools,MCEUR - AVAX,0.1,False,342.44,685.35,0.34263,18.25,1783128759
All Pools,YLDY - AVAX,0.1,False,342.44,685.35,0.34263,18.25,1783128759
All Pools,FOCAI - AVAX,0.1,False,342.44,685.35,0.34263,18.25,1783128759
All Pools,FRIC - AVAX,0.1,False,342.43,685.33,0.34262,18.25,1783128759
All Pools,DQUICK - AVAX,0.1,False,342.43,685.33,0.34262,18.25,1783128759
All Pools,BLEO - AVAX,0.1,False,342.43,685.33,0.34262,18.25,1783128759
All Pools,BUNI - AVAX,0.1,False,342.43,685.33,0.34262,18.25,1783128759
All Pools,GMFAM - AVAX,0.1,False,342.43,685.33,0.34262,18.25,1783128759
All Pools,PARTY - AVAX,0.1,False,342.43,685.33,0.34262,18.25,1783128759
All Pools,TBILL - AVAX,0.1,False,342.43,685.33,0.34261,18.25,1783128759
All Pools,AAMMUNIMKRWETH - AVAX,0.1,False,342.43,685.33,0.34261,18.25,1783128759
All Pools,CASH - AVAX,0.1,False,342.43,685.33,0.34261,18.25,1783128759
All Pools,BLOCK - AVAX,0.1,False,342.43,685.33,0.34261,18.25,1783128759
All Pools,AAMMUNISNXWETH - AVAX,0.1,False,342.43,685.33,0.34261,18.25,1783128759
All Pools,KIMCHI - AVAX,0.1,False,342.43,685.33,0.34261,18.25,1783128759
All Pools,ODICTOKEN - AVAX,0.1,False,342.42,685.32,0.34261,18.25,1783128759
All Pools,USFR.D - AVAX,0.1,False,342.42,685.32,0.34261,18.25,1783128759
All Pools,MON - AVAX,0.1,False,342.42,685.32,0.34261,18.25,1783128759
All Pools,NTR - AVAX,0.1,False,342.42,685.32,0.34261,18.25,1783128759
All Pools,EDDY - AVAX,0.1,False,342.42,685.32,0.34261,18.25,1783128759
All Pools,BABYBONK - AVAX,0.1,False,342.42,685.32,0.34261,18.25,1783128759
All Pools,BULL - AVAX,0.1,False,342.42,685.31,0.3426,18.25,1783128759
All Pools,KDAG - AVAX,0.1,False,342.42,685.31,0.3426,18.25,1783128759
All Pools,BNVDA - AVAX,0.1,False,342.42,-3.989,0.3426,-3134.78,1783128759
All Pools,DAVINCI - AVAX,0.1,False,342.42,685.31,0.3426,18.25,1783128759
All Pools,NUT - AVAX,0.1,False,342.42,685.31,0.3426,18.25,1783128759
All Pools,DMCC - AVAX,0.1,False,342.41,685.3,0.3426,18.25,1783128759
All Pools,TBC - AVAX,0.1,False,342.41,685.3,0.3426,18.25,1783128759
All Pools,PLB - AVAX,0.1,False,342.41,685.3,0.3426,18.25,1783128759
All Pools,STRM - AVAX,0.1,False,342.41,685.3,0.3426,18.25,1783128759
All Pools,KBOX - AVAX,0.1,False,342.41,-3.992,0.3426,-3132.65,1783128759
All Pools,SOIL - AVAX,0.1,False,342.41,685.3,0.3426,18.25,1783128759
All Pools,YV1INCH - AVAX,0.1,False,342.41,685.29,0.3426,18.25,1783128759
All Pools,DEVVE - AVAX,0.1,False,342.41,685.29,0.3426,18.25,1783128759
All Pools,PIZZA - AVAX,0.1,False,342.41,685.29,0.3426,18.25,1783128759
All Pools,EGG - AVAX,0.1,False,342.41,685.29,0.3426,18.25,1783128759
All Pools,TITANX - AVAX,0.1,False,342.41,685.29,0.3426,18.25,1783128759
All Pools,ACS - AVAX,0.1,False,342.41,685.29,0.3426,18.25,1783128759
All Pools,DEGG - AVAX,0.1,False,342.41,-3.997,0.3426,-3128.44,1783128759
All Pools,SHI3LD - AVAX,0.1,False,342.41,685.29,0.3426,18.25,1783128759
All Pools,VBSWAP - AVAX,0.1,False,342.41,685.29,0.3426,18.25,1783128759
All Pools,DCAI - AVAX,0.1,False,342.41,685.29,0.3426,18.25,1783128759
All Pools,DBZ - AVAX,0.1,False,342.41,685.29,0.3426,18.25,1783128759
All Pools,TEMCO - AVAX,0.1,False,342.41,685.29,0.3426,18.25,1783128759
All Pools,CLNY - AVAX,0.1,False,342.41,-3.999,0.34259,-3126.85,1783128759
All Pools,BOOMER - AVAX,0.1,False,342.41,685.29,0.34259,18.25,1783128759
All Pools,BLUNNY - AVAX,0.1,False,342.41,685.29,0.34259,18.25,1783128759
All Pools,SHARX - AVAX,0.1,False,342.41,685.29,0.34259,18.25,1783128759
All Pools,SPACE - AVAX,0.1,False,342.41,685.29,0.34259,18.25,1783128759
All Pools,VPND - AVAX,0.1,False,342.41,685.29,0.34259,18.25,1783128759
All Pools,DEO - AVAX,0.1,False,342.41,685.29,0.34259,18.25,1783128759
All Pools,HKC - AVAX,0.1,False,342.4,685.27,0.34259,18.25,1783128759
All Pools,PLSX - AVAX,0.1,False,342.4,-4.005,0.34259,-3122.28,1783128759
All Pools,ERW - AVAX,0.1,False,342.4,685.27,0.34259,18.25,1783128759
All Pools,ART - AVAX,0.1,False,342.4,685.27,0.34259,18.25,1783128759
All Pools,SIAM - AVAX,0.1,False,342.4,685.27,0.34259,18.25,1783128759
All Pools,V - AVAX,0.1,False,342.4,685.27,0.34259,18.25,1783128759
All Pools,CSTAR - AVAX,0.1,False,342.4,685.27,0.34259,18.25,1783128759
All Pools,H2ON - AVAX,0.1,False,342.4,685.27,0.34259,18.25,1783128759
All Pools,BCA - AVAX,0.1,False,342.4,685.27,0.34259,18.25,1783128759
All Pools,GODZ - AVAX,0.1,False,342.39,685.26,0.34258,18.25,1783128759
All Pools,HO - AVAX,0.1,False,342.39,685.26,0.34258,18.25,1783128759
All Pools,CATGE - AVAX,0.1,False,342.39,685.26,0.34258,18.25,1783128759
All Pools,WGC - AVAX,0.1,False,342.39,685.26,0.34258,18.25,1783128759
All Pools,STI - AVAX,0.1,False,342.39,685.26,0.34258,18.25,1783128759
All Pools,XMT - AVAX,0.1,False,342.39,685.26,0.34258,18.25,1783128759
All Pools,TTN - AVAX,0.1,False,342.39,685.26,0.34258,18.25,1783128759
All Pools,LOCUS - AVAX,0.1,False,342.39,685.26,0.34258,18.25,1783128759
All Pools,AFNTY - AVAX,0.1,False,342.39,685.26,0.34258,18.25,1783128759
All Pools,ROG - AVAX,0.1,False,342.39,-4.012,0.34258,-3116.91,1783128759
All Pools,NETA - AVAX,0.1,False,342.39,685.26,0.34258,18.25,1783128759
All Pools,SHL - AVAX,0.1,False,342.39,685.26,0.34258,18.25,1783128759
All Pools,MMIP - AVAX,0.1,False,342.38,685.23,0.34257,18.25,1783128759
All Pools,PE - AVAX,0.1,False,342.38,685.23,0.34257,18.25,1783128759
All Pools,ETH - AVAX,0.1,False,342.38,-4.026,0.34257,-3105.62,1783128759
All Pools,HUNT - AVAX,0.1,False,342.38,685.23,0.34257,18.25,1783128759
All Pools,SET - AVAX,0.1,False,342.38,685.23,0.34257,18.25,1783128759
All Pools,VFX - AVAX,0.1,False,342.38,685.23,0.34257,18.25,1783128759
All Pools,WWEMIX - AVAX,0.1,False,342.38,-4.03,0.34256,-3102.64,1783128759
All Pools,BRRR - AVAX,0.1,False,342.38,685.22,0.34256,18.25,1783128759
All Pools,ARUSD - AVAX,0.1,False,342.38,685.22,0.34256,18.25,1783128759
All Pools,EXAUSDC.E - AVAX,0.1,False,342.38,685.22,0.34256,18.25,1783128759
All Pools,YOURMOM - AVAX,0.1,False,342.38,685.22,0.34256,18.25,1783128759
All Pools,EFT - AVAX,0.1,False,342.38,685.22,0.34256,18.25,1783128759
All Pools,DROID - AVAX,0.1,False,342.37,685.22,0.34256,18.25,1783128759
All Pools,CTUSD - AVAX,0.1,False,342.37,685.22,0.34256,18.25,1783128759
All Pools,TKC - AVAX,0.1,False,342.37,685.22,0.34256,18.25,1783128759
All Pools,JUSD - AVAX,0.1,False,342.37,685.22,0.34256,18.25,1783128759
All Pools,AMT - AVAX,0.1,False,342.37,685.22,0.34256,18.25,1783128759
All Pools,STEP - AVAX,0.1,False,342.37,685.22,0.34256,18.25,1783128759
All Pools,TBCC - AVAX,0.1,False,342.37,685.22,0.34256,18.25,1783128759
All Pools,BEZO - AVAX,0.1,False,342.37,685.21,0.34256,18.25,1783128759
All Pools,CHAT - AVAX,0.1,False,342.37,685.21,0.34256,18.25,1783128759
All Pools,AMI - AVAX,0.1,False,342.37,685.21,0.34256,18.25,1783128759
All Pools,QWLA - AVAX,0.1,False,342.37,685.21,0.34256,18.25,1783128759
All Pools,MOON - AVAX,0.1,False,342.37,685.21,0.34256,18.25,1783128759
All Pools,CCFI - AVAX,0.1,False,342.37,685.21,0.34256,18.25,1783128759
All Pools,IBETH - AVAX,0.1,False,342.37,685.21,0.34256,18.25,1783128759
All Pools,MEB - AVAX,0.1,False,342.36,685.2,0.34255,18.25,1783128759
All Pools,AKTIO - AVAX,0.1,False,342.36,685.2,0.34255,18.25,1783128759
All Pools,ICSA - AVAX,0.1,False,342.36,685.19,0.34255,18.25,1783128759
All Pools,BET - AVAX,0.1,False,342.36,685.19,0.34255,18.25,1783128759
All Pools,STOMB - AVAX,0.1,False,342.36,685.19,0.34255,18.25,1783128759
All Pools,BMSFT - AVAX,0.1,False,342.36,685.19,0.34255,18.25,1783128759
All Pools,HARE - AVAX,0.1,False,342.36,685.19,0.34255,18.25,1783128759
All Pools,BRG - AVAX,0.1,False,342.36,685.19,0.34255,18.25,1783128759
All Pools,USDW - AVAX,0.1,False,342.36,685.19,0.34255,18.25,1783128759
All Pools,WMEMO - AVAX,0.1,False,342.33,685.12,0.34251,18.25,1783128759
All Pools,ANIMA - AVAX,0.1,False,342.33,685.12,0.34251,18.25,1783128759
All Pools,GNFT - AVAX,0.1,False,342.33,685.12,0.34251,18.25,1783128759
All Pools,HAUST - AVAX,0.1,False,342.33,685.12,0.34251,18.25,1783128759
All Pools,XETH - AVAX,0.1,False,342.33,685.12,0.34251,18.25,1783128759
All Pools,LFIT - AVAX,0.1,False,342.33,685.12,0.34251,18.25,1783128759
All Pools,LAND - AVAX,0.1,False,342.32,685.11,0.34251,18.25,1783128759
All Pools,VFX - AVAX,0.1,False,342.32,685.11,0.34251,18.25,1783128759
All Pools,NEXT - AVAX,0.1,False,342.32,-4.084,0.34251,-3060.89,1783128759
All Pools,SHARP - AVAX,0.1,False,342.32,685.11,0.34251,18.25,1783128759
All Pools,SSU - AVAX,0.1,False,342.32,685.11,0.34251,18.25,1783128759
All Pools,VRT - AVAX,0.1,False,342.32,685.11,0.34251,18.25,1783128759
All Pools,CWT - AVAX,0.1,False,342.31,685.09,0.3425,18.25,1783128759
All Pools,REAL - AVAX,0.1,False,342.31,685.09,0.3425,18.25,1783128759
All Pools,CRAZYBUNNY - AVAX,0.1,False,342.31,685.09,0.3425,18.25,1783128759
All Pools,HMKR - AVAX,0.1,False,342.31,685.09,0.3425,18.25,1783128759
All Pools,LSULP - AVAX,0.1,False,342.31,685.09,0.3425,18.25,1783128759
All Pools,TUK - AVAX,0.1,False,342.31,685.09,0.3425,18.25,1783128759
All Pools,KILT - AVAX,0.1,False,342.3,685.07,0.34249,18.25,1783128759
All Pools,T1MT - AVAX,0.1,False,342.3,685.07,0.34249,18.25,1783128759
All Pools,FFE - AVAX,0.1,False,342.3,685.07,0.34249,18.25,1783128759
All Pools,IFLUX - AVAX,0.1,False,342.3,685.07,0.34249,18.25,1783128759
All Pools,CC - AVAX,0.1,False,342.3,685.07,0.34249,18.25,1783128759
All Pools,PRO - AVAX,0.1,False,342.3,685.07,0.34249,18.25,1783128759
All Pools,ARKY - AVAX,0.1,False,342.3,685.07,0.34249,18.25,1783128759
All Pools,THUSD - AVAX,0.1,False,342.3,685.07,0.34249,18.25,1783128759
All Pools,ARC - AVAX,0.1,False,342.3,685.07,0.34249,18.25,1783128759
All Pools,PORNROCKET - AVAX,0.1,False,342.3,685.07,0.34249,18.25,1783128759
All Pools,$BUD - AVAX,0.1,False,342.3,685.07,0.34249,18.25,1783128759
All Pools,PLUMS - AVAX,0.1,False,342.3,685.06,0.34248,18.25,1783128759
All Pools,SSS - AVAX,0.1,False,342.3,685.06,0.34248,18.25,1783128759
All Pools,SIGRSV - AVAX,0.1,False,342.3,685.06,0.34248,18.25,1783128759
All Pools,MELD - AVAX,0.1,False,342.3,685.06,0.34248,18.25,1783128759
All Pools,EUSX - AVAX,0.1,False,342.3,685.06,0.34248,18.25,1783128759
All Pools,FIST - AVAX,0.1,False,342.3,685.06,0.34248,18.25,1783128759
All Pools,COREUM - AVAX,0.1,False,342.29,685.06,0.34248,18.25,1783128759
All Pools,TAT - AVAX,0.1,False,342.29,685.06,0.34248,18.25,1783128759
All Pools,BRCA - AVAX,0.1,False,342.29,685.06,0.34248,18.25,1783128759
All Pools,TOTEM - AVAX,0.1,False,342.29,685.06,0.34248,18.25,1783128759
All Pools,NEX - AVAX,0.1,False,342.29,685.06,0.34248,18.25,1783128759
All Pools,VLTC - AVAX,0.1,False,342.29,685.06,0.34248,18.25,1783128759
All Pools,TRIP - AVAX,0.1,False,342.29,685.06,0.34248,18.25,1783128759
All Pools,TOKAU - AVAX,0.1,False,342.29,685.05,0.34248,18.25,1783128759
All Pools,LATOM - AVAX,0.1,False,342.29,685.05,0.34248,18.25,1783128759
All Pools,LORE - AVAX,0.1,False,342.29,685.05,0.34248,18.25,1783128759
All Pools,LOAN - AVAX,0.1,False,342.29,685.04,0.34247,18.25,1783128759
All Pools,TNQ - AVAX,0.1,False,342.29,685.04,0.34247,18.25,1783128759
All Pools,INVAAI - AVAX,0.1,False,342.28,685.04,0.34247,18.25,1783128759
All Pools,MRC - AVAX,0.1,False,342.28,685.04,0.34247,18.25,1783128759
All Pools,SOLAREUM - AVAX,0.1,False,342.28,685.04,0.34247,18.25,1783128759
All Pools,VBTC - AVAX,0.1,False,342.28,685.04,0.34247,18.25,1783128759
All Pools,BODAV2 - AVAX,0.1,False,342.28,685.04,0.34247,18.25,1783128759
All Pools,MRS - AVAX,0.1,False,342.28,685.04,0.34247,18.25,1783128759
All Pools,MEEB - AVAX,0.1,False,342.28,685.03,0.34247,18.25,1783128759
All Pools,TOTT - AVAX,0.1,False,342.27,685.02,0.34246,18.25,1783128759
All Pools,WASD - AVAX,0.1,False,342.27,685.02,0.34246,18.25,1783128759
All Pools,AETHR - AVAX,0.1,False,342.27,685.02,0.34246,18.25,1783128759
All Pools,DXL - AVAX,0.1,False,342.27,685.02,0.34246,18.25,1783128759
All Pools,GM - AVAX,0.1,False,342.27,685.02,0.34246,18.25,1783128759
All Pools,LUSD - AVAX,0.1,False,342.27,685.02,0.34246,18.25,1783128759
All Pools,WATT - AVAX,0.1,False,342.27,685.01,0.34246,18.25,1783128759
All Pools,VIGI - AVAX,0.1,False,342.26,685.0,0.34245,18.25,1783128759
All Pools,SNOW - AVAX,0.1,False,342.26,685.0,0.34245,18.25,1783128759
All Pools,KAIJU - AVAX,0.1,False,342.26,685.0,0.34245,18.25,1783128759
All Pools,LEKS - AVAX,0.1,False,342.26,685.0,0.34245,18.25,1783128759
All Pools,VENOM - AVAX,0.1,False,342.25,684.97,0.34244,18.25,1783128759
All Pools,AID - AVAX,0.1,False,342.25,684.97,0.34244,18.25,1783128759
All Pools,WMN - AVAX,0.1,False,342.25,684.97,0.34244,18.25,1783128759
All Pools,$5SCAPE - AVAX,0.1,False,342.25,684.97,0.34244,18.25,1783128759
All Pools,VBCH - AVAX,0.1,False,342.25,684.97,0.34244,18.25,1783128759
All Pools,BMX - AVAX,0.1,False,342.25,684.97,0.34244,18.25,1783128759
All Pools,ALIGN - AVAX,0.1,False,342.24,-4.167,0.34243,-2999.53,1783128759
All Pools,DUOLX - AVAX,0.1,False,342.24,684.95,0.34243,18.25,1783128759
All Pools,PAN - AVAX,0.1,False,342.24,684.95,0.34243,18.25,1783128759
All Pools,FLAP - AVAX,0.1,False,342.24,684.95,0.34243,18.25,1783128759
All Pools,ERO.D - AVAX,0.1,False,342.24,684.95,0.34243,18.25,1783128759
All Pools,IXAD - AVAX,0.1,False,342.24,-4.167,0.34243,-2999.53,1783128759
All Pools,GRANT - AVAX,0.1,False,342.24,-4.169,0.34242,-2998.07,1783128759
All Pools,TCL - AVAX,0.1,False,342.24,684.95,0.34242,18.25,1783128759
All Pools,TOMOE - AVAX,0.1,False,342.24,-4.17,0.34242,-2997.43,1783128759
All Pools,ZED - AVAX,0.1,False,342.24,-4.17,0.34242,-2997.43,1783128759
All Pools,THE - AVAX,0.1,False,342.24,684.94,0.34242,18.25,1783128759
All Pools,COPYCAT - AVAX,0.1,False,342.24,684.94,0.34242,18.25,1783128759
All Pools,TURBO - AVAX,0.1,False,342.24,684.94,0.34242,18.25,1783128759
All Pools,GPTPLUS - AVAX,0.1,False,342.24,684.94,0.34242,18.25,1783128759
All Pools,FUACK - AVAX,0.1,False,342.24,684.94,0.34242,18.25,1783128759
All Pools,BABYBOME - AVAX,0.1,False,342.24,684.94,0.34242,18.25,1783128759
All Pools,BMSTR - AVAX,0.1,False,342.24,684.94,0.34242,18.25,1783128759
All Pools,DC - AVAX,0.1,False,342.24,684.94,0.34242,18.25,1783128759
All Pools,NERO - AVAX,0.1,False,342.24,684.94,0.34242,18.25,1783128759
All Pools,GOB - AVAX,0.1,False,342.24,684.94,0.34242,18.25,1783128759
All Pools,@G - AVAX,0.1,False,342.24,684.94,0.34242,18.25,1783128759
All Pools,OOJU - AVAX,0.1,False,342.24,684.94,0.34242,18.25,1783128759
All Pools,BLACK - AVAX,0.1,False,342.23,684.93,0.34242,18.25,1783128759
All Pools,T3CRV - AVAX,0.1,False,342.23,684.93,0.34242,18.25,1783128759
All Pools,COLLECT - AVAX,0.1,False,342.22,684.92,0.34241,18.25,1783128759
All Pools,BABYTOMCAT - AVAX,0.1,False,342.22,684.91,0.34241,18.25,1783128759
All Pools,AAMMUNIAAVEWETH - AVAX,0.1,False,342.22,684.91,0.34241,18.25,1783128759
All Pools,BESA - AVAX,0.1,False,342.22,684.91,0.34241,18.25,1783128759
All Pools,LPL - AVAX,0.1,False,342.22,684.91,0.34241,18.25,1783128759
All Pools,CONX - AVAX,0.1,False,342.22,684.91,0.34241,18.25,1783128759
All Pools,AMINO - AVAX,0.1,False,342.22,684.91,0.34241,18.25,1783128759
All Pools,BLUE - AVAX,0.1,False,342.21,684.9,0.3424,18.25,1783128759
All Pools,FLOOP - AVAX,0.1,False,342.21,684.9,0.3424,18.25,1783128759
All Pools,LFNTY - AVAX,0.1,False,342.21,684.9,0.3424,18.25,1783128759
All Pools,ZENC - AVAX,0.1,False,342.21,684.9,0.3424,18.25,1783128759
All Pools,AURUM - AVAX,0.1,False,342.21,684.9,0.3424,18.25,1783128759
All Pools,BOGE - AVAX,0.1,False,342.21,684.9,0.3424,18.25,1783128759
All Pools,BALA - AVAX,0.1,False,342.21,684.88,0.34239,18.25,1783128759
All Pools,GLE - AVAX,0.1,False,342.21,684.88,0.34239,18.25,1783128759
All Pools,SUSD - AVAX,0.1,False,342.21,684.88,0.34239,18.25,1783128759
All Pools,LIMITIESS - AVAX,0.1,False,342.21,684.88,0.34239,18.25,1783128759
All Pools,GCME - AVAX,0.1,False,342.21,684.88,0.34239,18.25,1783128759
All Pools,ECP - AVAX,0.1,False,342.21,684.88,0.34239,18.25,1783128759
All Pools,IETHV2 - AVAX,0.1,False,342.21,684.88,0.34239,18.25,1783128759
All Pools,USDM - AVAX,0.1,False,342.2,684.87,0.34239,18.25,1783128759
All Pools,STONE - AVAX,0.1,False,342.2,684.87,0.34239,18.25,1783128759
All Pools,DAI.e - USDC,0.02,False,342.19,2440.74,0.06587,0.99,1783128759
All Pools,CAPY - AVAX,0.1,False,342.19,684.85,0.34238,18.25,1783128759
All Pools,MAGIC - AVAX,0.1,False,342.19,684.85,0.34238,18.25,1783128759
All Pools,BBADGER - AVAX,0.1,False,342.19,684.85,0.34238,18.25,1783128759
All Pools,AMC.D - AVAX,0.1,False,342.19,-4.216,0.34238,-2964.26,1783128759
All Pools,GECKO - AVAX,0.1,False,342.19,684.85,0.34238,18.25,1783128759
All Pools,GO4 - AVAX,0.1,False,342.18,684.84,0.34237,18.25,1783128759
All Pools,UNBNK - AVAX,0.1,False,342.18,684.84,0.34237,18.25,1783128759
All Pools,GROOVE - AVAX,0.1,False,342.18,684.84,0.34237,18.25,1783128759
All Pools,AYNI - AVAX,0.1,False,342.18,684.84,0.34237,18.25,1783128759
All Pools,COLX - AVAX,0.1,False,342.18,684.84,0.34237,18.25,1783128759
All Pools,OC - AVAX,0.1,False,342.18,684.84,0.34237,18.25,1783128759
All Pools,PINK - AVAX,0.1,False,342.16,684.79,0.34235,18.25,1783128759
All Pools,SPY - AVAX,0.1,False,342.16,684.79,0.34235,18.25,1783128759
All Pools,DOJO - AVAX,0.1,False,342.16,684.79,0.34235,18.25,1783128759
All Pools,PLEB - AVAX,0.1,False,342.16,684.79,0.34235,18.25,1783128759
All Pools,PKN - AVAX,0.1,False,342.16,684.79,0.34235,18.25,1783128759
All Pools,LYD - AVAX,0.1,False,342.16,684.79,0.34235,18.25,1783128759
All Pools,ANARCHY - AVAX,0.1,False,342.16,684.79,0.34235,18.25,1783128759
All Pools,DUBBZ - AVAX,0.1,False,342.15,684.78,0.34234,18.25,1783128759
All Pools,GDT - AVAX,0.1,False,342.15,684.78,0.34234,18.25,1783128759
All Pools,XVG - AVAX,0.1,False,342.15,684.78,0.34234,18.25,1783128759
All Pools,YVRAI - AVAX,0.1,False,342.15,684.78,0.34234,18.25,1783128759
All Pools,XRPC - AVAX,0.1,False,342.15,684.78,0.34234,18.25,1783128759
All Pools,KYROS - AVAX,0.1,False,342.15,684.78,0.34234,18.25,1783128759
All Pools,TAO - AVAX,0.1,False,342.15,689.29,0.34234,18.13,1783128759
All Pools,NUTS - AVAX,0.1,False,342.14,684.76,0.34233,18.25,1783128759
All Pools,AVAX - ALVA,0.3,False,316.98,948.62,0.79244,30.49,1783128759
All Pools,AVAX - MPLX,0.3,False,284.98,1.368,0.71246,19004.51,1783128759
All Pools,HUSKY - AVAX,0.3,False,268.85,2508.37,0.67212,9.78,1783128759
All Pools,GGP - AVAX,0.3,False,241.87,35762.0,0.60468,0.62,1783128759
All Pools,AVAX - XAVA,0.3,False,233.18,13529.0,0.58295,1.57,1783128759
All Pools,MAI - AVAX,0.3,False,215.76,1621.93,0.5394,12.14,1783128759
All Pools,WETH.e - USDC.e,0.3,False,215.09,10672.0,0.53772,1.84,1783128759
All Pools,SB - AVAX,0.3,False,150.56,6515.53,0.3764,2.11,1783128759
All Pools,AI - AVAX,0.3,False,142.97,3168.84,0.35743,4.12,1783128759
All Pools,gOHM - AVAX,0.3,False,132.97,125826.0,0.33243,0.1,1783128759
All Pools,NXPC - AVAX,0.3,False,125.45,1.057,0.31362,10825.07,1783128759
All Pools,MIM - SB,0.3,False,116.37,2355.08,0.29092,4.51,1783128759
All Pools,Balln - AVAX,0.3,False,111.29,4021.54,0.27823,2.53,1783128759
All Pools,MIM - USDT.e,0.3,False,106.8,1509.64,0.26699,6.46,1783128759
All Pools,ROY - AVAX,0.3,False,105.38,4169.17,0.26344,2.31,1783128759
All Pools,w3ULL - AVAX,0.3,False,102.47,51853.0,0.25618,0.18,1783128759
All Pools,MONEY - AVAX,0.3,False,89.43,475.94,0.22358,17.15,1783128759
All Pools,ALOT - AVAX,0.3,False,78.74,10627.0,0.19685,0.68,1783128759
All Pools,UST - AVAX,0.3,False,65.8,6108.64,0.16449,0.98,1783128759
All Pools,AVAX - JUICE,0.3,False,64.27,9801.18,0.16067,0.6,1783128759
All Pools,APIX - USDt,0.3,False,60.51,6143.05,0.15128,0.9,1783128759
All Pools,AVAX - GEC,0.3,False,53.72,28213.0,0.13429,0.17,1783128759
All Pools,STG - USDC,0.3,False,51.0,1298.04,0.12749,3.59,1783128759
All Pools,MIM - USDC.e,0.3,False,49.17,768.76,0.12293,5.84,1783128759
All Pools,AVAX - AMI,0.3,False,45.37,366.97,0.11343,11.28,1783128759
All Pools,USDt - USDT.e,0.3,False,44.33,20357.0,0.11081,0.2,1783128759
All Pools,OSAK - AVAX,0.3,False,43.24,3485.7,0.10811,1.13,1783128759
All Pools,AVAX - SOLNIC,0.3,False,41.75,3856.14,0.10439,0.99,1783128759
All Pools,GMX - AVAX,0.3,False,39.77,4020.85,0.09943,0.9,1783128759
All Pools,FLD - AVAX,0.3,False,36.79,36736.0,0.09197,0.09,1783128759
All Pools,AVAX - UST,0.3,False,35.63,7121.12,0.08908,0.46,1783128759
All Pools,APIX - USDC,0.3,False,35.51,3072.37,0.08879,1.05,1783128759
All Pools,WABBIT - AVAX,0.3,False,33.64,4499.01,0.0841,0.68,1783128759
All Pools,STG - AVAX,0.3,False,32.39,1118.02,0.08099,2.64,1783128759
All Pools,APIX - ID,0.3,False,29.17,20438.0,0.07293,0.13,1783128759
All Pools,MIM - WETH.e,0.3,False,29.17,486.44,0.07292,5.47,1783128759
All Pools,gOHM - FRAX,0.3,False,29.01,3464.03,0.07253,0.76,1783128759
All Pools,PNG - AVAX,0.3,False,27.58,850.83,0.06895,2.96,1783128759
All Pools,SWORLD - AVAX,0.3,False,27.48,2131.16,0.0687,1.18,1783128759
All Pools,USDt - ncash,0.3,False,27.15,1035.26,0.06788,2.39,1783128759
All Pools,AVAX - TOPIA,0.3,False,24.09,1030.83,0.06023,2.13,1783128759
All Pools,GENI - USDC,0.3,False,23.63,1198.95,0.05907,1.8,1783128759
All Pools,YAK - USDC.e,0.3,False,23.33,207.52,0.05834,10.26,1783128759
All Pools,APIX - ARENA,0.3,False,21.96,1800.41,0.0549,1.11,1783128759
All Pools,BOI - AVAX,0.3,False,20.68,35.37,0.05171,53.37,1783128759
All Pools,MAJIN - AVAX,0.3,False,19.55,3106.7,0.04886,0.57,1783128759
All Pools,SWOL - AVAX,0.3,False,19.15,37.52,0.04788,46.57,1783128759
All Pools,YEEHAW - CHAMP,0.3,False,17.93,987.63,0.04483,1.66,1783128759
All Pools,DPS - USDC,0.3,False,17.32,1842.95,0.0433,0.86,1783128759
All Pools,BLSEYE🎯 - AVAX,0.3,False,16.04,4787.4,0.0401,0.31,1783128759
All Pools,GUN - BLSEYE🎯,0.3,False,15.94,476.04,0.03985,3.06,1783128759
All Pools,USDC.e - sSB,0.3,False,15.35,897.32,0.03838,1.56,1783128759
All Pools,HUSKY - JOE,0.3,False,15.21,115.42,0.03802,12.02,1783128759
All Pools,AVAX - aXEN,0.3,False,13.32,184.56,0.0333,6.59,1783128759
All Pools,USDC.e - WMATIC,0.3,False,13.14,16.51,0.03285,72.64,1783128759
All Pools,ABC - AVAX,0.3,False,12.99,595.96,0.03247,1.99,1783128759
All Pools,Psychic - AVAX,0.3,False,12.86,932.43,0.03216,1.26,1783128759
All Pools,DCAU - USDT.e,0.3,False,12.64,5035.43,0.0316,0.23,1783128759
All Pools,SECOND - AVAX,0.3,False,12.64,1490.12,0.0316,0.77,1783128759
All Pools,SECOND - USDC,0.3,False,12.64,6984.45,0.03159,0.17,1783128759
All Pools,GUN - AVAX,0.3,False,12.55,211.69,0.03136,5.41,1783128759
All Pools,Psychic - BLACK,0.3,False,12.18,302.28,0.03045,3.68,1783128759
All Pools,BTC.b - TOPIA,0.3,False,11.92,415.05,0.02981,2.62,1783128759
All Pools,RGOGLZ - USDC,0.3,False,11.59,1366.7,0.02898,0.77,1783128759
All Pools,JEWEL - USDC,0.3,False,11.13,3912.29,0.02783,0.26,1783128759
All Pools,AVAX - TIME,0.3,False,10.69,604.83,0.02673,1.61,1783128759
All Pools,DCAU - AVAX,0.3,False,10.12,1045.7,0.0253,0.88,1783128759
All Pools,$Crazy - AVAX,0.3,False,10.03,785.94,0.02509,1.17,1783128759
All Pools,WOLF - AVAX,0.3,False,9.979,30297.0,0.02495,0.03,1783128759
All Pools,AVAX - FRAX,0.3,False,9.723,715.71,0.02431,1.24,1783128759
All Pools,LF - AVAX,0.3,False,9.197,297.64,0.02299,2.82,1783128759
All Pools,MIM - LF,0.3,False,9.129,404.81,0.02282,2.06,1783128759
All Pools,HEMIBTC - AVAX,0.3,False,9.042,0.04014,0.0226,20553.84,1783128759
All Pools,SPORE - USDC,0.3,False,8.104,1439.92,0.02026,0.51,1783128759
All Pools,AVAX - XPOW,0.3,False,7.816,1359.17,0.01954,0.52,1783128759
All Pools,AVAX - PEFI,0.3,False,7.432,3415.17,0.01858,0.2,1783128759
All Pools,HUSKY - AMI,0.3,False,7.43,51.79,0.01857,13.09,1783128759
All Pools,BLSEYE🎯 - ARENA,0.3,False,7.354,928.19,0.01839,0.72,1783128759
All Pools,yes - AVAX,0.3,False,6.983,1113.12,0.01746,0.57,1783128759
All Pools,FITFI - USDT.e,0.3,False,6.899,177.71,0.01725,3.54,1783128759
All Pools,UNIX - AVAX,0.3,False,6.84,155.63,0.0171,4.01,1783128759
All Pools,USDC.e - MU,0.3,False,6.724,13089.0,0.01681,0.05,1783128759
All Pools,JOE - USDT,0.3,False,6.499,304.47,0.01625,1.95,1783128759
All Pools,DCAU - MIM,0.3,False,5.865,113.44,0.01466,4.72,1783128759
All Pools,ABC - HOWDY,0.3,False,5.845,518.06,0.01461,1.03,1783128759
All Pools,HOWDY - AVAX,0.3,False,5.667,6773.48,0.01417,0.08,1783128759
All Pools,USV - DAI.e,0.3,False,5.396,4028.47,0.01349,0.12,1783128759
All Pools,ORNG - JUCI,0.3,False,5.154,250.95,0.01288,1.87,1783128759
All Pools,MIM - MU,0.3,False,4.915,94.72,0.01229,4.74,1783128759
All Pools,HATCHY - AVAX,0.3,False,4.902,7169.88,0.01225,0.06,1783128759
All Pools,Psychic - XAUt0,0.3,False,4.611,6014.06,0.01153,0.07,1783128759
All Pools,ORNG - SAI,0.3,False,4.559,110.21,0.0114,3.77,1783128759
All Pools,MIM - SDOG,0.3,False,4.503,92.34,0.01126,4.45,1783128759
All Pools,USDC - SDOG,0.3,False,4.47,368.96,0.01117,1.11,1783128759
All Pools,MAI - TOMB,0.3,False,4.457,132.04,0.01114,3.08,1783128759
All Pools,USDC.e - WXT,0.3,False,4.446,219.65,0.01112,1.85,1783128759
All Pools,MIM - GG,0.3,False,4.384,71.7,0.01096,5.58,1783128759
All Pools,SOL - USDC,0.3,False,4.361,21.54,0.0109,18.47,1783128759
All Pools,sAVAX - AVAX,0.3,False,4.339,181977.0,0.01085,0.0,1783128759
All Pools,AVAX - ELK,0.3,False,4.188,1351.86,0.01047,0.28,1783128759
All Pools,AVAX - mYAK,0.3,False,4.047,48.06,0.01012,7.68,1783128759
All Pools,3QF - D - AVAX,0.3,False,4.017,1351.04,0.01004,0.27,1783128759
All Pools,3QF - D - WETH.e,0.3,False,4.01,2382.21,0.01002,0.15,1783128759
All Pools,PNG - JOE,0.3,False,4.003,126.66,0.01001,2.88,1783128759
All Pools,MYST - AVAX,0.3,False,3.854,680.23,0.00963,0.52,1783128759
All Pools,WOO.e - AVAX,0.3,False,3.852,62.09,0.00963,5.66,1783128759
All Pools,ORNG - FLUX,0.3,False,3.673,107.08,0.00918,3.13,1783128759
All Pools,AAVE.e - REDWOLF,0.3,False,3.612,147.51,0.00903,2.23,1783128759
All Pools,LINK.e - USDT.e,0.3,False,3.556,217.35,0.00889,1.49,1783128759
All Pools,MIM - PEFI,0.3,False,3.508,68.49,0.00877,4.67,1783128759
All Pools,AVAX - SING,0.3,False,3.4,112.27,0.0085,2.76,1783128759
All Pools,DPS - AVAX,0.3,False,3.386,187.31,0.00847,1.65,1783128759
All Pools,Now - BLACK,0.3,False,3.385,278.3,0.00846,1.11,1783128759
All Pools,WORM - AVAX,0.3,False,3.364,294.65,0.00841,1.04,1783128759
All Pools,avUSD - sAVAX,0.3,False,3.229,231.0,0.00807,1.28,1783128759
All Pools,TSD - AVAX,0.3,False,3.203,185.64,0.00801,1.57,1783128759
All Pools,AVAX - AKITAX,0.3,False,3.179,13.6,0.00795,21.34,1783128759
All Pools,USDC.e - USDC,0.3,False,3.112,480376.0,0.00778,,1783128759
All Pools,MYST - USDC,0.3,False,3.063,221.17,0.00766,1.26,1783128759
All Pools,AVAX - DOMI,0.3,False,3.051,11379.0,0.00763,0.02,1783128759
All Pools,REDWOLF - AVAX,0.3,False,3.015,405.53,0.00754,0.68,1783128759
All Pools,SWIFT - USDC.e,0.3,False,2.953,476.99,0.00738,0.56,1783128759
All Pools,SWIFT - WETH.e,0.3,False,2.813,1251.42,0.00703,0.21,1783128759
All Pools,ISA - USDC.e,0.3,False,2.786,435.95,0.00697,0.58,1783128759
All Pools,HEFE - AVAX,0.3,False,2.752,26822.0,0.00688,0.01,1783128759
All Pools,UST - USDC.e,0.3,False,2.747,682.72,0.00687,0.37,1783128759
All Pools,YOU - ORNG,0.3,False,2.739,1401.12,0.00685,0.18,1783128759
All Pools,MIM - USDC,0.3,False,2.714,29.65,0.00678,8.35,1783128759
All Pools,DUNKZ - AVAX,0.3,False,2.688,377.87,0.00672,0.65,1783128759
All Pools,AVAX - Seventeen,0.3,False,2.629,218.42,0.00657,1.1,1783128759
All Pools,ISA - AVAX,0.3,False,2.577,1133.88,0.00644,0.21,1783128759
All Pools,miMatic - AVAX,0.3,False,2.469,33.17,0.00617,6.79,1783128759
All Pools,ORNG - MOOM,0.3,False,2.455,193.26,0.00614,1.16,1783128759
All Pools,BEAM - AVAX,0.3,False,2.434,372.96,0.00608,0.6,1783128759
All Pools,SHRAP - DOMI,0.3,False,2.406,173.28,0.00602,1.27,1783128759
All Pools,APIX - LAMBO,0.3,False,2.295,419.62,0.00574,0.5,1783128759
All Pools,XROSS - ORNG,0.3,False,2.288,239.1,0.00572,0.87,1783128759
All Pools,AVAX - NaughtiusMaximus,0.3,False,2.234,354.48,0.00559,0.58,1783128759
All Pools,DATCM - ORNG,0.3,False,2.212,238.25,0.00553,0.85,1783128759
All Pools,UST - USDC,0.3,False,2.189,440.77,0.00547,0.45,1783128759
All Pools,LINK.e - USDC.e,0.3,False,2.111,180.76,0.00528,1.07,1783128759
All Pools,BOOTY - AVAX,0.3,False,2.041,1618.01,0.0051,0.12,1783128759
All Pools,JOE - KRW,0.3,False,1.959,161.17,0.0049,1.11,1783128759
All Pools,KRW - AVAX,0.3,False,1.956,335.94,0.00489,0.53,1783128759
All Pools,WETH - USDC.e,0.3,False,1.904,198.29,0.00476,0.88,1783128759
All Pools,ONDO - AVAX,0.3,False,1.895,0.28627,0.00474,604.03,1783128759
All Pools,MIM - wsOHM,0.3,False,1.815,180.88,0.00454,0.92,1783128759
All Pools,ETHM - AVAX,0.3,False,1.812,25.88,0.00453,6.39,1783128759
All Pools,REDWOLF - USDC,0.3,False,1.787,189.46,0.00447,0.86,1783128759
All Pools,AVAX - SOCK,0.3,False,1.716,2561.62,0.00429,0.06,1783128759
All Pools,USDC - SOCK,0.3,False,1.706,432.59,0.00426,0.36,1783128759
All Pools,TRESR - AVAX,0.3,False,1.634,8341.56,0.00408,0.02,1783128759
All Pools,WETH.e - ONION,0.3,False,1.621,228.05,0.00405,0.65,1783128759
All Pools,AMI - TOPIA,0.3,False,1.615,144.29,0.00404,1.02,1783128759
All Pools,WBTC.e - USDT.e,0.3,False,1.609,154.09,0.00402,0.95,1783128759
All Pools,GENI - AVAX,0.3,False,1.596,52.39,0.00399,2.78,1783128759
All Pools,JOE - EXP,0.3,False,1.578,10898842.0,0.00394,,1783128759
All Pools,HUSKY - MUG,0.3,False,1.567,16.57,0.00392,8.63,1783128759
All Pools,USDT.e - ONION,0.3,False,1.549,740.56,0.00387,0.19,1783128759
All Pools,APOW - AVAX,0.3,False,1.527,650.65,0.00382,0.21,1783128759
All Pools,WETH.e - USDT.e,0.3,False,1.523,145.12,0.00381,0.96,1783128759
All Pools,COQ - COQAI,0.3,False,1.474,20329.0,0.00369,0.01,1783128759
All Pools,USDC - MXNB,0.3,False,1.457,28.6,0.00364,4.65,1783128759
All Pools,USDt - INFRA.e,0.3,False,1.456,25050.0,0.00364,0.01,1783128759
All Pools,KAIA - AVAX,0.3,False,1.435,1.637,0.00359,80.0,1783128759
All Pools,AVAX - APOW,0.3,False,1.432,1471.64,0.00358,0.09,1783128759
All Pools,WETH.e - REDWOLF,0.3,False,1.374,82.44,0.00343,1.52,1783128759
All Pools,MAGICK - USDC,0.3,False,1.363,217.16,0.00341,0.57,1783128759
All Pools,REDWOLF - WMATIC,0.3,False,1.344,2.123,0.00336,57.74,1783128759
All Pools,APOW - XPOW,0.3,False,1.315,397.75,0.00329,0.3,1783128759
All Pools,AVAX - USDT,0.3,False,1.304,1818.03,0.00326,0.07,1783128759
All Pools,TOMB - USDC,0.3,False,1.258,10.39,0.00315,11.05,1783128759
All Pools,LUNA - USDC.e,0.3,False,1.238,340.57,0.00309,0.33,1783128759
All Pools,MAGICK - AVAX,0.3,False,1.228,278.05,0.00307,0.4,1783128759
All Pools,YUSD - AVAX,0.3,False,1.203,119.61,0.00301,0.92,1783128759
All Pools,XAUt0 - NaughtiusMaximus,0.3,False,1.191,923.14,0.00298,0.12,1783128759
All Pools,MIM - TIME,0.3,False,1.178,26.96,0.00294,3.99,1783128759
All Pools,HOST - DAI.e,0.3,False,1.155,2529.63,0.00289,0.04,1783128759
All Pools,SWIFT - AVAX,0.3,False,1.136,237.66,0.00284,0.44,1783128759
All Pools,AVAX - CLY,0.3,False,1.12,23550.0,0.0028,0.0,1783128759
All Pools,USDT.e - CLY,0.3,False,1.118,188.52,0.0028,0.54,1783128759
All Pools,MIM - DAI.e,0.3,False,1.096,19.6,0.00274,5.1,1783128759
All Pools,GURS - AVAX,0.3,False,1.053,5861.19,0.00263,0.02,1783128759
All Pools,NaughtiusMaximus - Seventeen,0.3,False,1.045,719.7,0.00261,0.13,1783128759
All Pools,EGG - AVAX,0.3,False,1.033,17292.0,0.00258,0.01,1783128759
All Pools,STEAK - AVAX,0.3,False,1.032,10387.0,0.00258,0.01,1783128759
All Pools,SPC - DAI.e,0.3,False,1.024,20.46,0.00256,4.56,1783128759
All Pools,AVAX - FRAX,0.3,False,1.013,237.14,0.00253,0.39,1783128759
All Pools,miMatic - USDC.e,0.3,False,1.005,24.14,0.00251,3.8,1783128759
All Pools,USDC.e - AVVO,0.3,False,0.97749,229.95,0.00244,0.39,1783128759
All Pools,KIMBO - AVAX,0.3,False,0.95949,45436.0,0.0024,0.0,1783128759
All Pools,FXS - AVAX,0.3,False,0.95375,314.75,0.00238,0.28,1783128759
All Pools,ZRO - AVAX,0.3,False,0.93498,140.3,0.00234,0.61,1783128759
All Pools,ACS - AVAX,0.3,False,0.9036,176.55,0.00226,0.47,1783128759
All Pools,DCAU - USDC,0.3,False,0.90077,144.16,0.00225,0.57,1783128759
All Pools,UNI.e - REDWOLF,0.3,False,0.89727,9.937,0.00224,8.24,1783128759
All Pools,BUD - USDC.e,0.3,False,0.86541,226.3,0.00216,0.35,1783128759
All Pools,BNB - AVAX,0.3,False,0.85189,2986.18,0.00213,0.03,1783128759
All Pools,Now - AVAX,0.3,False,0.84514,203.51,0.00211,0.38,1783128759
All Pools,BUD - AVAX,0.3,False,0.84243,579.79,0.00211,0.13,1783128759
All Pools,Yule - XAUt0,0.3,False,0.83402,62.25,0.00209,1.22,1783128759
All Pools,APOW - USDC,0.3,False,0.82452,117.4,0.00206,0.64,1783128759
All Pools,BANKSY - AVAX,0.3,False,0.8158,148.58,0.00204,0.5,1783128759
All Pools,BANKSY - USDT.e,0.3,False,0.8152,1533.22,0.00204,0.05,1783128759
All Pools,BLSEYE🎯 - BEAM,0.3,False,0.81113,273.09,0.00203,0.27,1783128759
All Pools,COQ - BLSEYE🎯,0.3,False,0.79552,156.11,0.00199,0.46,1783128759
All Pools,USDC - aXEN,0.3,False,0.78671,9.676,0.00197,7.42,1783128759
All Pools,APOW - USDt,0.3,False,0.78363,116.93,0.00196,0.61,1783128759
All Pools,GB - AVAX,0.3,False,0.76906,1870.52,0.00192,0.04,1783128759
All Pools,wsOHM - USDC.e,0.3,False,0.76767,18.36,0.00192,3.82,1783128759
All Pools,AVAX - ARENA,0.3,False,0.76508,61.11,0.00191,1.14,1783128759
All Pools,gOHM - wsOHM,0.3,False,0.75259,17.08,0.00188,4.02,1783128759
All Pools,SMRTr - AVAX,0.3,False,0.74304,27510.0,0.00186,0.0,1783128759
All Pools,WBTC.e - ONION,0.3,False,0.73471,349.25,0.00184,0.19,1783128759
All Pools,AVAX - ONION,0.3,False,0.72989,152.37,0.00182,0.44,1783128759
All Pools,SMRTr - USDC.e,0.3,False,0.72042,108.48,0.0018,0.61,1783128759
All Pools,DREGG - AVAX,0.3,False,0.70343,152.36,0.00176,0.42,1783128759
All Pools,DREGG - USDT.e,0.3,False,0.70216,519.49,0.00176,0.12,1783128759
All Pools,AVAX - MUG,0.3,False,0.70066,265.76,0.00175,0.24,1783128759
All Pools,DAI.e - ONION,0.3,False,0.69669,332.33,0.00174,0.19,1783128759
All Pools,BLUB - AVAX,0.3,False,0.68895,12683.0,0.00172,0.0,1783128759
All Pools,Val - AVAX,0.3,False,0.66643,263.48,0.00167,0.23,1783128759
All Pools,AVAX - MU,0.3,False,0.65338,75.68,0.00163,0.79,1783128759
All Pools,KIWI - AVAX,0.3,False,0.64667,97.46,0.00162,0.61,1783128759
All Pools,KIWI - USDC,0.3,False,0.62889,299.72,0.00157,0.19,1783128759
All Pools,AVAX - AVVO,0.3,False,0.62394,241.8,0.00156,0.24,1783128759
All Pools,USDC - SHRAP,0.3,False,0.62071,23.36,0.00155,2.42,1783128759
All Pools,MIM - FORT,0.3,False,0.61389,2652.95,0.00153,0.02,1783128759
All Pools,USDC.e - ONION,0.3,False,0.61055,370.24,0.00153,0.15,1783128759
All Pools,AVAX - FORT,0.3,False,0.6103,13.16,0.00153,4.23,1783128759
All Pools,YEEHAW - BTC.b,0.3,False,0.60971,48.78,0.00152,1.14,1783128759
All Pools,Ush - AVAX,0.3,False,0.60132,2216.51,0.0015,0.02,1783128759
All Pools,Orange - Now,0.3,False,0.59117,502.68,0.00148,0.11,1783128759
All Pools,Gravity - AVAX,0.3,False,0.58158,255.11,0.00145,0.21,1783128759
All Pools,MIM - VOLT,0.3,False,0.5608,14.24,0.0014,3.59,1783128759
All Pools,SYN - REDWOLF,0.3,False,0.55678,6.957,0.00139,7.3,1783128759
All Pools,PTOP900 - TOPIA,0.3,False,0.54968,76.81,0.00137,0.65,1783128759
All Pools,XAUt0 - Now,0.3,False,0.54769,594.62,0.00137,0.08,1783128759
All Pools,AVAX - GG,0.3,False,0.52523,5.317,0.00131,9.01,1783128759
All Pools,STATIK - AVAX,0.3,False,0.51396,31.99,0.00128,1.47,1783128759
All Pools,MIM - GRAPE,0.3,False,0.49812,111.85,0.00125,0.41,1783128759
All Pools,YEEHAW - TOPIA,0.3,False,0.49056,101.93,0.00123,0.44,1783128759
All Pools,DAI.e - VOLT,0.3,False,0.48525,40.87,0.00121,1.08,1783128759
All Pools,AVAX - SMRT,0.3,False,0.48468,1749.65,0.00121,0.03,1783128759
All Pools,AVAX - IMPACT2,0.3,False,0.47805,144.05,0.0012,0.3,1783128759
All Pools,FITFI - AVAX,0.3,False,0.47783,16.33,0.00119,2.67,1783128759
All Pools,MIM - AUSD,0.3,False,0.47669,10.93,0.00119,3.98,1783128759
All Pools,BTC.b - REDWOLF,0.3,False,0.47643,98.85,0.00119,0.44,1783128759
All Pools,HOST - AVAX,0.3,False,0.46751,92.11,0.00117,0.46,1783128759
All Pools,USDT.e - SMRT,0.3,False,0.46106,91.67,0.00115,0.46,1783128759
All Pools,APOW - AVAX,0.3,False,0.45399,37.19,0.00113,1.11,1783128759
All Pools,AVAX - BLACK,0.3,False,0.4529,3.835,0.00113,10.78,1783128759
All Pools,MIM - PAPA,0.3,False,0.45125,65.91,0.00113,0.62,1783128759
All Pools,PAPA - AVAX,0.3,False,0.44887,11.17,0.00112,3.67,1783128759
All Pools,WLRS - USDC.e,0.3,False,0.44863,4114.12,0.00112,0.01,1783128759
All Pools,BTC.b - oXAUT,0.3,False,0.43686,315.02,0.00109,0.13,1783128759
All Pools,oXAUT - AVAX,0.3,False,0.43676,427.68,0.00109,0.09,1783128759
All Pools,LUNA - USDC.e,0.3,False,0.43537,681.76,0.00109,0.06,1783128759
All Pools,wsOHM - AVAX,0.3,False,0.43345,8.347,0.00108,4.74,1783128759
All Pools,MAXI - DAI.e,0.3,False,0.43164,227.01,0.00108,0.17,1783128759
All Pools,PTOP1100 - TOPIA,0.3,False,0.42515,109.31,0.00106,0.35,1783128759
All Pools,AVAX - ZUBAX,0.3,False,0.4207,96.4,0.00105,0.4,1783128759
All Pools,Orange - DivineFeminine,0.3,False,0.41973,827.12,0.00105,0.05,1783128759
All Pools,YAK - SPORE,0.3,False,0.41135,5.095,0.00103,7.37,1783128759
All Pools,LINDA - AVAX,0.3,False,0.40797,1651.22,0.00102,0.02,1783128759
All Pools,WLRS - GRAPE,0.3,False,0.40042,8.617,0.001,4.24,1783128759
All Pools,SYMBIOT - AVAX,0.3,False,0.39397,78.05,,0.46,1783128759
All Pools,PTOP1300 - TOPIA,0.3,False,0.39209,101.8,,0.35,1783128759
All Pools,USDC - GAU,0.3,False,0.38528,841.46,,0.04,1783128759
All Pools,SYMBIOT - DAI.e,0.3,False,0.3754,449.48,,0.08,1783128759
All Pools,sAVAX - COQ,0.3,False,0.36954,65.16,,0.52,1783128759
All Pools,WETH.e - SURE,0.3,False,0.36323,826.88,,0.04,1783128759
All Pools,Trinity - AVAX,0.3,False,0.35546,777.7,,0.04,1783128759
All Pools,LINK.e - REDWOLF,0.3,False,0.35203,69.96,,0.46,1783128759
All Pools,UNIV - AVAX,0.3,False,0.35189,6.372,,5.04,1783128759
All Pools,SYN - USDC.e,0.3,False,0.35155,3.497,,9.17,1783128759
All Pools,KALM - AVAX,0.3,False,0.34421,101.6,,0.31,1783128759
All Pools,KALM - USDC,0.3,False,0.34386,78.37,,0.4,1783128759
All Pools,AVAX - FTY,0.3,False,0.34336,1.246,,25.15,1783128759
All Pools,SOL - AVAX,0.3,False,0.33693,0.00171,,17936.23,1783128759
All Pools,gOHM - SB,0.3,False,0.33434,17.28,,1.77,1783128759
All Pools,meGNX - AVAX,0.3,False,0.33223,13.62,,2.23,1783128759
All Pools,BRO - AVAX,0.3,False,0.33144,106476.0,,,1783128759
All Pools,BRO - COQ,0.3,False,0.33056,144.45,,0.21,1783128759
All Pools,MIM - BLANC,0.3,False,0.33056,1223.05,,0.02,1783128759
All Pools,aDXN - aXEN,0.3,False,0.33018,5.325,,5.66,1783128759
All Pools,Orange - AVAX,0.3,False,0.32953,66.16,,0.45,1783128759
All Pools,GUN - AMI,0.3,False,0.32889,9.324,,3.22,1783128759
All Pools,AVAX - BLANC,0.3,False,0.32839,7.31,,4.1,1783128759
All Pools,BOI - MU,0.3,False,0.32827,0.62417,,47.99,1783128759
All Pools,TSD - WOLF,0.3,False,0.31972,28.72,,1.02,1783128759
All Pools,LUNA - AVAX,0.3,False,0.31129,129.88,,0.22,1783128759
All Pools,WOLF - AVAX,0.3,False,0.30809,48.41,,0.58,1783128759
All Pools,Gladiator - USDC,0.3,False,0.29859,275.44,,0.1,1783128759
All Pools,USDC.e - SOL,0.3,False,0.2936,36.58,,0.73,1783128759
All Pools,Gladiator - ARENA,0.3,False,0.29142,356.34,,0.07,1783128759
All Pools,BrideOfChrist - BLACK,0.3,False,0.2845,20.62,,1.26,1783128759
All Pools,ZUBAX - USDT.e,0.3,False,0.28426,174.91,,0.15,1783128759
All Pools,PTOP1000 - TOPIA,0.3,False,0.2836,75.32,,0.34,1783128759
All Pools,MIM - RUG,0.3,False,0.28174,6.245,,4.12,1783128759
All Pools,AMI - JUICY,0.3,False,0.26493,0.94363,,25.62,1783128759
All Pools,aAvaWAVAX - meGNX,0.3,False,0.25944,3.146,,7.53,1783128759
All Pools,Trinity - BrideOfChrist,0.3,False,0.25165,59888308.0,,,1783128759
All Pools,CGS - AVAX,0.3,False,0.24675,55.73,,0.4,1783128759
All Pools,BUSD - AVAX,0.3,False,0.24632,365.47,,0.06,1783128759
All Pools,CGS - USDC.e,0.3,False,0.24599,152.69,,0.15,1783128759
All Pools,BLS - USDt,0.3,False,0.2435,128.01,,0.17,1783128759
All Pools,AVAX - SNOB,0.3,False,0.2431,745.79,,0.03,1783128759
All Pools,50 - AVAX,0.3,False,0.23746,62.64,,0.35,1783128759
All Pools,XAUt0 - Gravity,0.3,False,0.23723,329.56,,0.07,1783128759
All Pools,50 - USDC,0.3,False,0.2371,113.82,,0.19,1783128759
All Pools,AVAX - SUBZERO,0.3,False,0.23167,31.77,,0.67,1783128759
All Pools,TOMB - SUBZERO,0.3,False,0.23048,9.734,,2.16,1783128759
All Pools,aDXN - AVAX,0.3,False,0.22866,52.18,,0.4,1783128759
All Pools,MM - USDC,0.3,False,0.22856,50.88,,0.41,1783128759
All Pools,SYN - WETH.e,0.3,False,0.22627,1.677,,12.31,1783128759
All Pools,MM - AVAX,0.3,False,0.22409,70.53,,0.29,1783128759
All Pools,DivineFeminine - Gravity,0.3,False,0.22206,1731.36,,0.01,1783128759
All Pools,USDC.e - RUG,0.3,False,0.21891,17.75,,1.13,1783128759
All Pools,MIM - UNIV,0.3,False,0.21767,5.533,,3.59,1783128759
All Pools,USDT.e - MU,0.3,False,0.21282,248.31,,0.08,1783128759
All Pools,WETH.e - USDC,0.3,False,0.209,19.73,,0.97,1783128759
All Pools,WDAO - MIM,0.3,False,0.20561,5.459,,3.44,1783128759
All Pools,WDAO - AVAX,0.3,False,0.20446,10.41,,1.79,1783128759
All Pools,VPND - AVAX,0.3,False,0.20403,19023.0,,,1783128759
All Pools,AVAXAI - USDC,0.3,False,0.20204,1627.71,,0.01,1783128759
All Pools,COQ - OSAK,0.3,False,0.20132,19.03,,0.97,1783128759
All Pools,BOI - AMI,0.3,False,0.20122,0.41466,,44.28,1783128759
All Pools,SURE - DAI.e,0.3,False,0.19732,24.11,,0.75,1783128759
All Pools,USDT.e - SING,0.3,False,0.18735,1204.83,,0.01,1783128759
All Pools,AVAX - DUO,0.3,False,0.18707,57.18,,0.3,1783128759
All Pools,LadyMary - AVAX,0.3,False,0.18691,272.76,,0.06,1783128759
All Pools,FollowTheWhiteRabbit - DivineFeminine,0.3,False,0.18691,501.45,,0.03,1783128759
All Pools,LadyMary - FollowTheWhiteRabbit,0.3,False,0.18676,479.77,,0.04,1783128759
All Pools,USDT.e - DUO,0.3,False,0.18656,53.26,,0.32,1783128759
All Pools,COQ - JUICY,0.3,False,0.18321,0.75143,,22.25,1783128759
All Pools,AVAX - Blessing,0.3,False,0.18019,59.92,,0.27,1783128759
All Pools,Now - Blessing,0.3,False,0.18013,609.03,,0.03,1783128759
All Pools,MEOW - AVAX,0.3,False,0.17561,7963.17,,0.0,1783128759
All Pools,MU - DAI.e,0.3,False,0.17389,234.59,,0.07,1783128759
All Pools,BTC.b - IMPACT2,0.3,False,0.16964,1184.28,,0.01,1783128759
All Pools,wMEMO - MIM,0.3,False,0.16532,4.593,,3.28,1783128759
All Pools,Hopi - Now,0.3,False,0.16518,545.07,,0.03,1783128759
All Pools,AVAX - OK,0.3,False,0.16487,1.57,,9.58,1783128759
All Pools,Hopi - AVAX,0.3,False,0.16486,163.93,,0.09,1783128759
All Pools,MIM - TSNFTGM,0.3,False,0.16317,3.556,,4.19,1783128759
All Pools,BTC.b - SolvBTC,0.3,False,0.16186,4463.84,,0.0,1783128759
All Pools,FollowTheWhiteRabbit - AVAX,0.3,False,0.16131,123.33,,0.12,1783128759
All Pools,USDt - IMPACT2,0.3,False,0.16081,69.97,,0.21,1783128759
All Pools,SPORE - AVAX,0.3,False,0.15496,139.21,,0.1,1783128759
All Pools,DFIAT - AVAX,0.3,False,0.15427,6375.52,,0.0,1783128759
All Pools,DFIAT - USDT.e,0.3,False,0.15382,27.53,,0.51,1783128759
All Pools,YEEHAW - AVAX,0.3,False,0.15265,11.95,,1.17,1783128759
All Pools,Solar - AVAX,0.3,False,0.15124,67.45,,0.2,1783128759
All Pools,Solar - Now,0.3,False,0.15115,689.27,,0.02,1783128759
All Pools,Blue - AVAX,0.3,False,0.14961,199.57,,0.07,1783128759
All Pools,AVAI - USDC.e,0.3,False,0.14875,26.63,,0.51,1783128759
All Pools,AVAX - SHRAP,0.3,False,0.14843,12.7,,1.07,1783128759
All Pools,AVAX - WISE,0.3,False,0.14765,62.79,,0.21,1783128759
All Pools,USDC.e - WISE,0.3,False,0.14741,42.22,,0.32,1783128759
All Pools,AftermathsKobe - AVAX,0.3,False,0.1473,226.56,,0.06,1783128759
All Pools,Psychic - AftermathsKobe,0.3,False,0.14709,260.0,,0.05,1783128759
All Pools,SYN - USDT.e,0.3,False,0.14667,1.863,,7.18,1783128759
All Pools,AVVO - DAI.e,0.3,False,0.1454,35.56,,0.37,1783128759
All Pools,SURE - USDC.e,0.3,False,0.14165,20.62,,0.63,1783128759
All Pools,MIM - SBR,0.3,False,0.14046,11.25,,1.14,1783128759
All Pools,SBR - AVAX,0.3,False,0.13936,3.881,,3.28,1783128759
All Pools,CQK - AVAX,0.3,False,0.1391,102.88,,0.12,1783128759
All Pools,CQK - USDC,0.3,False,0.13885,31.74,,0.4,1783128759
All Pools,Matter - Now,0.3,False,0.13737,617.67,,0.02,1783128759
All Pools,Matter - AVAX,0.3,False,0.13733,59.76,,0.21,1783128759
All Pools,AVAX - SPELL,0.3,False,0.13624,2071.57,,0.01,1783128759
All Pools,CHAMP - ARENA,0.3,False,0.13597,15.27,,0.81,1783128759
All Pools,IMPACT2 - EURC,0.3,False,0.13555,43.05,,0.29,1783128759
All Pools,RUX - AVAX,0.3,False,0.13518,26.42,,0.47,1783128759
All Pools,USDt - RUX,0.3,False,0.13483,16056.0,,,1783128759
All Pools,RUG - USDT.e,0.3,False,0.13407,10.54,,1.16,1783128759
All Pools,TSNFTGM - DAI.e,0.3,False,0.13356,30.35,,0.4,1783128759
All Pools,REDWOLF - SOL,0.3,False,0.13326,60.92,,0.2,1783128759
All Pools,GLOBA - AVAX,0.3,False,0.13106,41.95,,0.29,1783128759
All Pools,MIM - GG,0.3,False,0.12846,4.921,,2.38,1783128759
All Pools,GG - AVAX,0.3,False,0.12746,5.92,,1.96,1783128759
All Pools,SLUSH - AVAX,0.3,False,0.12718,47.87,,0.24,1783128759
All Pools,USDC - yyAVAX,0.3,False,0.12678,12.39,,0.93,1783128759
All Pools,SLUSH - USDT.e,0.3,False,0.12673,56.31,,0.21,1783128759
All Pools,KLO - USDT.e,0.3,False,0.12594,5.394,,2.13,1783128759
All Pools,UNIV - DAI.e,0.3,False,0.12433,11.33,,1.0,1783128759
All Pools,AVAX - Teste,0.3,False,0.12336,66.28,,0.17,1783128759
All Pools,Now - Teste,0.3,False,0.12332,686.02,,0.02,1783128759
All Pools,GLOBA - DAI.e,0.3,False,0.12262,48.45,,0.23,1783128759
All Pools,MIM - SPELL,0.3,False,0.12254,2.507,,4.46,1783128759
All Pools,wMEMO - AVAX,0.3,False,0.1222,6.982,,1.6,1783128759
All Pools,Slope - Now,0.3,False,0.12209,682.94,,0.02,1783128759
All Pools,Slope - AVAX,0.3,False,0.12204,66.96,,0.17,1783128759
All Pools,JOE - ZABU,0.3,False,0.1219,13.83,,0.8,1783128759
All Pools,XPOW - AVAX,0.3,False,0.12172,31.91,,0.35,1783128759
All Pools,NODA - NODL,0.3,False,0.12072,17.99,,0.61,1783128759
All Pools,NODA - AVAX,0.3,False,0.11952,230.01,,0.05,1783128759
All Pools,TruthClosure - BLACK,0.3,False,0.11939,15.22,,0.72,1783128759
All Pools,MIM - NADO,0.3,False,0.11911,170.52,,0.06,1783128759
All Pools,AVAX - NADO,0.3,False,0.11817,2.607,,4.14,1783128759
All Pools,APOW - USDC,0.3,False,0.1173,21.95,,0.49,1783128759
All Pools,Now - Propriety,0.3,False,0.11649,686.27,,0.02,1783128759
All Pools,AVAX - Propriety,0.3,False,0.11637,67.0,,0.16,1783128759
All Pools,USDC - USD+,0.3,False,0.11625,29.08,,0.36,1783128759
All Pools,Psychic - All,0.3,False,0.11491,256.74,,0.04,1783128759
All Pools,AVAX - All,0.3,False,0.11482,225.32,,0.05,1783128759
All Pools,Christmas - Blue,0.3,False,0.11403,1471.14,,0.01,1783128759
All Pools,Psychic - Sinterklaas,0.3,False,0.11401,253.14,,0.04,1783128759
All Pools,Christmas - Sinterklaas,0.3,False,0.11401,320.35,,0.03,1783128759
All Pools,Jjj - AVAX,0.3,False,0.11328,222.95,,0.05,1783128759
All Pools,Psychic - Jjj,0.3,False,0.11314,255.67,,0.04,1783128759
All Pools,Psychic - NeatestQuackery,0.3,False,0.1125,257.04,,0.04,1783128759
All Pools,Psychic - Now,0.3,False,0.11247,499.05,,0.02,1783128759
All Pools,NeatestQuackery - AVAX,0.3,False,0.11243,223.68,,0.05,1783128759
All Pools,USDC - CHAM,0.3,False,0.11225,47.3,,0.22,1783128759
All Pools,USDT.e - EXP,0.3,False,0.11193,44904259.0,,,1783128759
All Pools,Now - √Root,0.3,False,0.11013,683.42,,0.01,1783128759
All Pools,AVAX - √Root,0.3,False,0.11004,66.87,,0.15,1783128759
All Pools,MIM - DUNEV3,0.3,False,0.10781,53533.0,,,1783128759
All Pools,DUNEV3 - USDC.e,0.3,False,0.10515,25382.0,,,1783128759
All Pools,VEE - USDC,0.3,False,0.10444,32.51,,0.29,1783128759
All Pools,XAUt0 - ElvisJackpot,0.3,False,0.10195,291.64,,0.03,1783128759
All Pools,USDC - OK,0.3,False,0.10187,1.101,,8.44,1783128759
All Pools,ElvisJackpot - BLACK,0.3,False,0.10144,11.69,,0.79,1783128759
All Pools,MIM - LIFE,0.3,False,0.1004,10.99,,0.83,1783128759
All Pools,LIFE - AVAX,0.3,False,0.09964,2.718,,3.34,1783128759
All Pools,Ducks - AVAX,0.3,False,0.09939,224.03,,0.04,1783128759
All Pools,Psychic - Ducks,0.3,False,0.09915,257.12,,0.04,1783128759
All Pools,MELT - AVAX,0.3,False,0.09653,20.84,,0.42,1783128759
All Pools,Now - Necromancer,0.3,False,0.09324,686.32,,0.01,1783128759
All Pools,Necromancer - AVAX,0.3,False,0.09317,67.15,,0.13,1783128759
All Pools,XA9 - USDt,0.3,False,0.08779,3.883,,2.06,1783128759
All Pools,ArniStitch - AVAX,0.3,False,0.08682,224.11,,0.04,1783128759
All Pools,TRYB - USDC.e,0.3,False,0.08665,32.05,,0.25,1783128759
All Pools,Psychic - ArniStitch,0.3,False,0.08662,257.21,,0.03,1783128759
All Pools,Four - AVAX,0.3,False,0.08657,56.09,,0.14,1783128759
All Pools,MIM - DICK,0.3,False,0.08595,2.147,,3.65,1783128759
All Pools,Vaccine - Now,0.3,False,0.08571,679.51,,0.01,1783128759
All Pools,Vaccine - AVAX,0.3,False,0.08553,65.97,,0.12,1783128759
All Pools,Silver - Now,0.3,False,0.08509,686.12,,0.01,1783128759
All Pools,Silver - AVAX,0.3,False,0.085,65.94,,0.12,1783128759
All Pools,MU - WMATIC,0.3,False,0.08422,0.1418,,54.2,1783128759
All Pools,USDt - DXN,0.3,False,0.08407,213.99,,0.04,1783128759
All Pools,WBTC - AVAX,0.3,False,0.08375,31.45,,0.24,1783128759
All Pools,AVAT - USDC,0.3,False,0.08373,38.16,,0.2,1783128759
All Pools,TickTock - Now,0.3,False,0.08342,684.96,,0.01,1783128759
All Pools,TickTock - AVAX,0.3,False,0.08332,67.01,,0.11,1783128759
All Pools,AVAX - CHAM,0.3,False,0.08317,26.99,,0.28,1783128759
All Pools,XPOW - AVAX,0.3,False,0.08273,82.78,,0.09,1783128759
All Pools,Psychic - CommieSukey,0.3,False,0.08266,257.19,,0.03,1783128759
All Pools,CommieSukey - AVAX,0.3,False,0.08264,224.77,,0.03,1783128759
All Pools,LIBRE - USDC.e,0.3,False,0.08161,12.73,,0.59,1783128759
All Pools,bECH - AVAX,0.3,False,0.08085,17.78,,0.41,1783128759
All Pools,COQ - AMI,0.3,False,0.08083,8.542,,0.86,1783128759
All Pools,Uncontractable - AVAX,0.3,False,0.0805,66.02,,0.11,1783128759
All Pools,Sanskrit - Now,0.3,False,0.0805,684.17,,0.01,1783128759
All Pools,Sanskrit - AVAX,0.3,False,0.08042,66.93,,0.11,1783128759
All Pools,Uncontractable - Now,0.3,False,0.08028,671.19,,0.01,1783128759
All Pools,USDC - NXUSD,0.3,False,0.07983,3.198,,2.28,1783128759
All Pools,AVAX - SDOG,0.3,False,0.07724,6.755,,1.04,1783128759
All Pools,AVAX - STRAW,0.3,False,0.07627,14.88,,0.47,1783128759
All Pools,MELT - USDC.e,0.3,False,0.07627,29.99,,0.23,1783128759
All Pools,RACEX - MUG,0.3,False,0.07617,135.04,,0.05,1783128759
All Pools,XPOW - APOW,0.3,False,0.07516,51.87,,0.13,1783128759
All Pools,ALOT - USDC.e,0.3,False,0.07314,7.561,,0.88,1783128759
All Pools,AVAX - MILO,0.3,False,0.07059,845.52,,0.01,1783128759
All Pools,USDt - MILO,0.3,False,0.07043,14.54,,0.44,1783128759
All Pools,CFR - AVAX,0.3,False,0.06997,2683.45,,0.0,1783128759
All Pools,DAI.e - STRAW,0.3,False,0.06965,36.5,,0.17,1783128759
All Pools,FollowTheWhiteRabbit - TruthClosure,0.3,False,0.06944,32.12,,0.2,1783128759
All Pools,USDT.e - ZABU,0.3,False,0.06887,45.08,,0.14,1783128759
All Pools,AVAI - AVAX,0.3,False,0.06827,20.33,,0.31,1783128759
All Pools,AVAX - ZABU,0.3,False,0.0674,24.56,,0.25,1783128759
All Pools,USDC - WSPP,0.3,False,0.06718,42.35,,0.14,1783128759
All Pools,AVAX - APE - X,0.3,False,0.06714,495.44,,0.01,1783128759
All Pools,UST - USDT.e,0.3,False,0.06669,38.77,,0.16,1783128759
All Pools,Gil - AVAX,0.3,False,0.06662,14.23,,0.43,1783128759
All Pools,USDT.e - XAVA,0.3,False,0.06654,10.91,,0.56,1783128759
All Pools,SUB - USDC,0.3,False,0.06592,11.71,,0.51,1783128759
All Pools,WETH.e - ETHM,0.3,False,0.06552,0.47317,,12.63,1783128759
All Pools,METAG - AVAX,0.3,False,0.06529,20.52,,0.29,1783128759
All Pools,YAK - JOE,0.3,False,0.0652,0.93378,,6.37,1783128759
All Pools,WETH.e - yyAVAX,0.3,False,0.06508,14.51,,0.41,1783128759
All Pools,JOE - ZUBAX,0.3,False,0.06347,6.893,,0.84,1783128759
All Pools,AVAX - ChristMark,0.3,False,0.06334,282.75,,0.02,1783128759
All Pools,LUNA - AVAX,0.3,False,0.06323,15.05,,0.38,1783128759
All Pools,Gil - DAI.e,0.3,False,0.06232,26.72,,0.21,1783128759
All Pools,MIM - TEMPO,0.3,False,0.06207,5.085,,1.11,1783128759
All Pools,AAVE.e - USDT.e,0.3,False,0.06166,2.535,,2.22,1783128759
All Pools,TEMPO - AVAX,0.3,False,0.06146,1.857,,3.02,1783128759
All Pools,USDC - APOW,0.3,False,0.06108,0.01754,,317.68,1783128759
All Pools,SaintGermain - BLACK,0.3,False,0.06033,1.527,,3.61,1783128759
All Pools,GB - USDT.e,0.3,False,0.05834,20.33,,0.26,1783128759
All Pools,YEEHAW - USDC,0.3,False,0.0579,5.451,,0.97,1783128759
All Pools,FLAKE - AVAX,0.3,False,0.05769,17.88,,0.29,1783128759
All Pools,TruthClosure - AVAX,0.3,False,0.05759,8.235,,0.64,1783128759
All Pools,LoveIsTheKey - FollowTheWhiteRabbit,0.3,False,0.05752,46.73,,0.11,1783128759
All Pools,FLAKE - USDT.e,0.3,False,0.05749,48.92,,0.11,1783128759
All Pools,USDt - APOW,0.3,False,0.05748,0.01543,,339.94,1783128759
All Pools,USDC - XPOW,0.3,False,0.05738,0.02718,,192.61,1783128759
All Pools,MIM - sTHO,0.3,False,0.05711,201.81,,0.03,1783128759
All Pools,MIM - AFARMER,0.3,False,0.05668,3622.82,,0.0,1783128759
All Pools,ETHM - DAI.e,0.3,False,0.05594,0.72284,,7.06,1783128759
All Pools,USDt - REDWOLF,0.3,False,0.05513,13.92,,0.36,1783128759
All Pools,ACS - USDC.e,0.3,False,0.05452,5.206,,0.96,1783128759
All Pools,$Td - AVAX,0.3,False,0.05447,4654.99,,0.0,1783128759
All Pools,AMI - SQRCAT,0.3,False,0.05447,10.58,,0.47,1783128759
All Pools,AVAX - SQRCAT,0.3,False,0.0543,4444.13,,0.0,1783128759
All Pools,$Td - AMI,0.3,False,0.05381,26.39,,0.19,1783128759
All Pools,AVAT - AVAX,0.3,False,0.05378,17.56,,0.28,1783128759
All Pools,BANKSY - AVAX,0.3,False,0.05358,19.21,,0.25,1783128759
All Pools,MIM - WOHM,0.3,False,0.05346,13.15,,0.37,1783128759
All Pools,BANKSY - USDC.e,0.3,False,0.05339,29.62,,0.16,1783128759
All Pools,LINK.e - MU,0.3,False,0.05337,6.736,,0.72,1783128759
All Pools,AVAX - WOHM,0.3,False,0.05305,1.182,,4.1,1783128759
All Pools,APOW - USDt,0.3,False,0.05282,21.93,,0.22,1783128759
All Pools,COQ - NOCHILL,0.3,False,0.05239,9.242,,0.52,1783128759
All Pools,AVAX - ELK,0.3,False,0.05196,50.73,,0.09,1783128759
All Pools,AVAX - WOLF,0.3,False,0.05129,57.12,,0.08,1783128759
All Pools,Serpentarius - AVAX,0.3,False,0.05112,227.12,,0.02,1783128759
All Pools,USDC.e - WOLF,0.3,False,0.05107,7.796,,0.6,1783128759
All Pools,Psychic - Serpentarius,0.3,False,0.05101,259.69,,0.02,1783128759
All Pools,USDC.e - DAI.e,0.3,False,0.0508,22190.0,,,1783128759
All Pools,MAJIN - MU,0.3,False,0.04935,3.665,,1.23,1783128759
All Pools,LoveIsTheKey - BLACK,0.3,False,0.04818,4.804,,0.92,1783128759
All Pools,ETHM - USDC.e,0.3,False,0.04764,0.52116,,8.34,1783128759
All Pools,Stolen - AVAX,0.3,False,0.04657,13.51,,0.31,1783128759
All Pools,RUGPULL - MUG,0.3,False,0.04545,140.04,,0.03,1783128759
All Pools,GAS - AVAX,0.3,False,0.04521,140.67,,0.03,1783128759
All Pools,AVAX - GAU,0.3,False,0.04515,5.891,,0.7,1783128759
All Pools,NXPC - USDC,0.3,False,0.0451,0.69856,,5.89,1783128759
All Pools,DICK - AVAX,0.3,False,0.04485,6.316,,0.65,1783128759
All Pools,MELT - AVAX,0.3,False,0.04445,862.09,,0.0,1783128759
All Pools,MELT - USDC.e,0.3,False,0.04428,6.148,,0.66,1783128759
All Pools,Four - Found,0.3,False,0.04328,1395.2,,0.0,1783128759
All Pools,ICUBE - AVAX,0.3,False,0.04233,5.521,,0.7,1783128759
All Pools,ICUBE - USDT.e,0.3,False,0.04214,107.85,,0.04,1783128759
All Pools,AUSD - HUSKY,0.3,False,0.0411,0.55832,,6.72,1783128759
All Pools,USDt - XPOW,0.3,False,0.04058,0.02023,,183.0,1783128759
All Pools,JOE - CRA,0.3,False,0.0395,7.655,,0.47,1783128759
All Pools,PNG - REDWOLF,0.3,False,0.03932,3.636,,0.99,1783128759
All Pools,USDR - USDC,0.3,False,0.03926,40.16,,0.09,1783128759
All Pools,AVAX - WINE,0.3,False,0.03918,0.08294,,43.11,1783128759
All Pools,BUSD - USDC,0.3,False,0.0391,7.746,,0.46,1783128759
All Pools,WOLF - USDT.e,0.3,False,0.03868,3.213,,1.1,1783128759
All Pools,MerryXmas - AVAX,0.3,False,0.03859,205.85,,0.02,1783128759
All Pools,YAK - USDT.e,0.3,False,0.03852,0.52496,,6.7,1783128759
All Pools,Psychic - MerryXmas,0.3,False,0.03852,235.57,,0.01,1783128759
All Pools,ABC - AMI,0.3,False,0.03845,2.673,,1.31,1783128759
All Pools,FatherChristmas - AVAX,0.3,False,0.03806,40.05,,0.09,1783128759
All Pools,FatherChristmas - Gravity,0.3,False,0.03788,16.27,,0.21,1783128759
All Pools,SLIME - AVAX,0.3,False,0.03754,16157.0,,,1783128759
All Pools,MIM - WINE,0.3,False,0.03745,164.36,,0.02,1783128759
All Pools,BNZ - AVAX,0.3,False,0.03743,160.69,,0.02,1783128759
All Pools,SLIME - USDt,0.3,False,0.0374,6.332,,0.54,1783128759
All Pools,AVAX - BOREA,0.3,False,0.03706,5.673,,0.6,1783128759
All Pools,Gravity - SaintGermain,0.3,False,0.03697,19.21,,0.18,1783128759
All Pools,USDT.e - BOREA,0.3,False,0.03691,25.9,,0.13,1783128759
All Pools,AVAX - RedFolder,0.3,False,0.03685,223.42,,0.02,1783128759
All Pools,USDt - XPOW,0.3,False,0.03683,10.61,,0.32,1783128759
All Pools,Psychic - RedFolder,0.3,False,0.03679,255.84,,0.01,1783128759
All Pools,MIM - EDG,0.3,False,0.03677,1.563,,2.15,1783128759
All Pools,AVAX - EDG,0.3,False,0.03648,1.423,,2.34,1783128759
All Pools,METAG - USDT.e,0.3,False,0.03638,47.81,,0.07,1783128759
All Pools,USDC.e - GG,0.3,False,0.03606,0.36805,,8.94,1783128759
All Pools,AVAX - NEMO,0.3,False,0.03597,6.765,,0.49,1783128759
All Pools,USDt - NEMO,0.3,False,0.03585,96.51,,0.03,1783128759
All Pools,Blue - BLACK,0.3,False,0.03546,3.061,,1.06,1783128759
All Pools,AVAX - SantaGospel,0.3,False,0.03545,100.94,,0.03,1783128759
All Pools,BLACK - SantaGospel,0.3,False,0.03542,2.989,,1.08,1783128759
All Pools,MAJIN - REDWOLF,0.3,False,0.03516,5.548,,0.58,1783128759
All Pools,Yellow - AVAX,0.3,False,0.03454,202.02,,0.02,1783128759
All Pools,CNR - USDC,0.3,False,0.03446,4.332,,0.73,1783128759
All Pools,Yellow - BLACK,0.3,False,0.03441,3.061,,1.03,1783128759
All Pools,BSGG - AVAX,0.3,False,0.03398,2.608,,1.19,1783128759
All Pools,CHAMP - AMI,0.3,False,0.03389,29.19,,0.11,1783128759
All Pools,AVAX - KET,0.3,False,0.03363,24.02,,0.13,1783128759
All Pools,Orange - BLACK,0.3,False,0.03348,2.559,,1.19,1783128759
All Pools,AVAX - Strength,0.3,False,0.03336,107.54,,0.03,1783128759
All Pools,BrideOfChrist - AVAX,0.3,False,0.03334,67.21,,0.05,1783128759
All Pools,Who - AVAX,0.3,False,0.03327,106.77,,0.03,1783128759
All Pools,Strength - BLACK,0.3,False,0.03326,3.045,,1.0,1783128759
All Pools,Who - BLACK,0.3,False,0.03318,3.046,,0.99,1783128759
All Pools,BLS - SHRAP,0.3,False,0.03224,8.792,,0.33,1783128759
All Pools,LF - USDT.e,0.3,False,0.03173,1.002,,2.89,1783128759
All Pools,Beyond - AVAX,0.3,False,0.03133,66.82,,0.04,1783128759
All Pools,Beyond - Orange,0.3,False,0.03129,3320.4,,,1783128759
All Pools,MIM - RUG,0.3,False,0.03117,1.329,,2.14,1783128759
All Pools,RUG - USDC,0.3,False,0.03073,1.123,,2.5,1783128759
All Pools,Stolen - BLACK,0.3,False,0.03051,3.424,,0.81,1783128759
All Pools,DUO - USDT.e,0.3,False,0.03043,6.367,,0.44,1783128759
All Pools,Go - BLACK,0.3,False,0.03021,3.038,,0.91,1783128759
All Pools,Hydrogen - AVAX,0.3,False,0.03014,200.46,,0.01,1783128759
All Pools,Hydrogen - BLACK,0.3,False,0.03007,3.073,,0.89,1783128759
All Pools,NineHundred - AVAX,0.3,False,0.03007,106.69,,0.03,1783128759
All Pools,NineHundred - BLACK,0.3,False,0.02999,3.047,,0.9,1783128759
All Pools,AVAX - BAVA,0.3,False,0.02991,9.108,,0.3,1783128759
All Pools,BENIS - AVAX,0.3,False,0.02989,11.27,,0.24,1783128759
All Pools,AVAX - WEAVE,0.3,False,0.02956,2.964,,0.91,1783128759
All Pools,AVAX - GRAV,0.3,False,0.02924,12.33,,0.22,1783128759
All Pools,AVAX - TMT,0.3,False,0.02901,6.06,,0.44,1783128759
All Pools,AAVE.e - meGNX,0.3,False,0.02896,3.536,,0.75,1783128759
All Pools,USDC - USDT.e,0.3,False,0.02895,154.25,,0.02,1783128759
All Pools,MIM - VYBE,0.3,False,0.02895,0.86913,,3.04,1783128759
All Pools,USDT.e - TMT,0.3,False,0.02888,25.56,,0.1,1783128759
All Pools,USDC.e - WEAVE,0.3,False,0.02886,8.525,,0.31,1783128759
All Pools,METAG - USDt,0.3,False,0.02867,15.58,,0.17,1783128759
All Pools,AVAX - VYBE,0.3,False,0.02865,1.735,,1.51,1783128759
All Pools,BTC.b - MU,0.3,False,0.02854,9.845,,0.26,1783128759
All Pools,SURE - AVAX,0.3,False,0.02846,5.439,,0.48,1783128759
All Pools,NRK - DAI.e,0.3,False,0.0272,280.42,,0.01,1783128759
All Pools,AVAX - DAI,0.3,False,0.02658,58.48,,0.04,1783128759
All Pools,MIM - SMRT,0.3,False,0.02618,0.54521,,4.38,1783128759
All Pools,GURS - ARENA,0.3,False,0.02613,5.633,,0.42,1783128759
All Pools,USDC.e - NXUSD,0.3,False,0.02593,1.494,,1.58,1783128759
All Pools,MCV - AVAX,0.3,False,0.02584,302.59,,0.01,1783128759
All Pools,COQ - MCV,0.3,False,0.02583,6.744,,0.35,1783128759
All Pools,MPL - AVAX,0.3,False,0.02559,5.269,,0.44,1783128759
All Pools,MPL - USDt,0.3,False,0.02548,30.17,,0.08,1783128759
All Pools,AVAX - SPADE,0.3,False,0.02517,5.11,,0.45,1783128759
All Pools,KOVIN - AVAX,0.3,False,0.02515,2341.57,,,1783128759
All Pools,USDC.e - SPADE,0.3,False,0.02506,15.66,,0.15,1783128759
All Pools,Priory - AVAX,0.3,False,0.02496,57.19,,0.04,1783128759
All Pools,FollowTheWhiteRabbit - Priory,0.3,False,0.02492,682.42,,0.0,1783128759
All Pools,Milk - AVAX,0.3,False,0.02454,5.578,,0.4,1783128759
All Pools,Milk - USDT.e,0.3,False,0.02441,13.97,,0.16,1783128759
All Pools,ELE - AVAX,0.3,False,0.02437,92.93,,0.02,1783128759
All Pools,Go - AVAX,0.3,False,0.02435,106.67,,0.02,1783128759
All Pools,MIM - TEST,0.3,False,0.02403,0.52029,,4.21,1783128759
All Pools,CNR - USDt,0.3,False,0.0239,4.342,,0.5,1783128759
All Pools,NOCHILL - OX,0.3,False,0.02382,13722.0,,,1783128759
All Pools,GRELF[ava] - AVAX,0.3,False,0.02377,932.17,,0.0,1783128759
All Pools,AVAX - GOT,0.3,False,0.02272,4.42,,0.47,1783128759
All Pools,USDT.e - GOT,0.3,False,0.02261,12.44,,0.17,1783128759
All Pools,WBTC.e - USDC.e,0.3,False,0.02246,7.976,,0.26,1783128759
All Pools,CROWN - AVAX,0.3,False,0.0223,0.52443,,3.88,1783128759
All Pools,TOMB - ZSHARE,0.3,False,0.02177,1.197,,1.66,1783128759
All Pools,AVAX - ZSHARE,0.3,False,0.02166,13.36,,0.15,1783128759
All Pools,AVAX - DWC,0.3,False,0.02157,4332.76,,,1783128759
All Pools,XPOW - USDC,0.3,False,0.02155,10.69,,0.18,1783128759
All Pools,CATWIF - AVAX,0.3,False,0.02152,2358.26,,,1783128759
All Pools,DWC - MU,0.3,False,0.02149,2.81,,0.7,1783128759
All Pools,BGLD - AVAX,0.3,False,0.02147,3.721,,0.53,1783128759
All Pools,AVAX - LYLY,0.3,False,0.02146,53.72,,0.04,1783128759
All Pools,CATWIF - MU,0.3,False,0.02143,2.918,,0.67,1783128759
All Pools,BGLD - USDT.e,0.3,False,0.02136,16.59,,0.12,1783128759
All Pools,BOOFI - PEFI,0.3,False,0.02118,14.47,,0.13,1783128759
All Pools,BOOFI - AVAX,0.3,False,0.02117,574.82,,0.0,1783128759
All Pools,Psychic - Blessings,0.3,False,0.02101,49.78,,0.04,1783128759
All Pools,Psychic - Nine,0.3,False,0.02091,49.8,,0.04,1783128759
All Pools,WETH.e - meGNX,0.3,False,0.02088,5.137,,0.37,1783128759
All Pools,Psychic - Qubit,0.3,False,0.02067,49.78,,0.04,1783128759
All Pools,Psychic - Aquarius,0.3,False,0.02063,49.82,,0.04,1783128759
All Pools,Psychic - Thick,0.3,False,0.02051,49.8,,0.04,1783128759
All Pools,Psychic - WhoWho,0.3,False,0.02038,49.81,,0.04,1783128759
All Pools,WETH.e - USDR,0.3,False,0.02026,2.374,,0.78,1783128759
All Pools,Qubit - BLACK,0.3,False,0.0202,1.48,,1.25,1783128759
All Pools,Psychic - Zero,0.3,False,0.02019,49.8,,0.04,1783128759
All Pools,wsOHM - OTWO,0.3,False,0.02012,1.518,,1.21,1783128759
All Pools,3ULL - AVAX,0.3,False,0.02004,36.31,,0.05,1783128759
All Pools,MELT - USDT.e,0.3,False,0.01997,29.73,,0.06,1783128759
All Pools,Psychic - Gematria,0.3,False,0.01994,49.82,,0.04,1783128759
All Pools,Psychic - Architect,0.3,False,0.01991,49.82,,0.04,1783128759
All Pools,Psychic - TrumpCard,0.3,False,0.01991,49.83,,0.04,1783128759
All Pools,Psychic - Happy,0.3,False,0.0199,49.82,,0.04,1783128759
All Pools,Psychic - KatzJoel,0.3,False,0.01988,49.79,,0.04,1783128759
All Pools,Psychic - Diamonds,0.3,False,0.0198,51.76,,0.03,1783128759
All Pools,gOHM - OTWO,0.3,False,0.01972,90395.0,,,1783128759
All Pools,COQ - JUICE,0.3,False,0.01972,27.35,,0.07,1783128759
All Pools,Psychic - [In]finity,0.3,False,0.01971,49.79,,0.04,1783128759
All Pools,Psychic - Hexagon,0.3,False,0.01971,49.81,,0.04,1783128759
All Pools,Gematria - BLACK,0.3,False,0.01966,1.469,,1.22,1783128759
All Pools,Alpha - AVAX,0.3,False,0.01965,2.483,,0.72,1783128759
All Pools,Alpha - USDC,0.3,False,0.01959,32.1,,0.06,1783128759
All Pools,WBTC.e - ETHM,0.3,False,0.01949,0.3022,,5.89,1783128759
All Pools,Psychic - Six,0.3,False,0.01933,49.82,,0.04,1783128759
All Pools,TSNFTGM - AVAX,0.3,False,0.01932,3.181,,0.55,1783128759
All Pools,MIM - CROWN,0.3,False,0.01931,13.09,,0.13,1783128759
All Pools,Psychic - ElmoSunkGematria,0.3,False,0.01919,49.83,,0.04,1783128759
All Pools,wALGO - AVAX,0.3,False,0.01894,123.38,,0.01,1783128759
All Pools,Christmas - AVAX,0.3,False,0.01891,189.49,,0.01,1783128759
All Pools,USDT.e - AVVO,0.3,False,0.01888,3.702,,0.47,1783128759
All Pools,Psychic - Christmas,0.3,False,0.01887,34.97,,0.05,1783128759
All Pools,wALGO - USDC,0.3,False,0.01886,2.482,,0.69,1783128759
All Pools,AMPL - MIM,0.3,False,0.01885,0.48244,,3.57,1783128759
All Pools,YAK - mYAK,0.3,False,0.01876,0.76134,,2.25,1783128759
All Pools,TRACTOR - AVAX,0.3,False,0.01865,11247.0,,,1783128759
All Pools,Chrism - BLACK,0.3,False,0.01858,1.538,,1.1,1783128759
All Pools,Gravity - BLACK,0.3,False,0.01837,0.30018,,5.58,1783128759
All Pools,Psychic - Codes,0.3,False,0.01829,49.83,,0.03,1783128759
All Pools,TEST - USDC,0.3,False,0.01823,3.953,,0.42,1783128759
All Pools,ZRO - USDC,0.3,False,0.01819,4.562,,0.36,1783128759
All Pools,WOLF - MU,0.3,False,0.01797,4.074,,0.4,1783128759
All Pools,USDC - BVAX,0.3,False,0.01781,26.63,,0.06,1783128759
All Pools,AVAX - Nala,0.3,False,0.01769,20.02,,0.08,1783128759
All Pools,Psychic - Nala,0.3,False,0.01765,218.59,,0.01,1783128759
All Pools,KIWI - USDt,0.3,False,0.01736,19.7,,0.08,1783128759
All Pools,AAVE.e - USDC.e,0.3,False,0.01723,1.225,,1.28,1783128759
All Pools,Psychic - Number,0.3,False,0.01719,49.83,,0.03,1783128759
All Pools,Number - BLACK,0.3,False,0.01696,1.466,,1.06,1783128759
All Pools,COQ - MU,0.3,False,0.0168,3.531,,0.43,1783128759
All Pools,XIO - AVAX,0.3,False,0.01675,2.412,,0.63,1783128759
All Pools,Psychic - PoPo,0.3,False,0.01674,49.82,,0.03,1783128759
All Pools,XIO - USDC,0.3,False,0.01668,24.18,,0.06,1783128759
All Pools,SNTA - MIM,0.3,False,0.01668,0.32653,,4.66,1783128759
All Pools,AVAX - iBONE,0.3,False,0.01654,4.413,,0.34,1783128759
All Pools,Trinity - FourFourFour,0.3,False,0.01653,3.685,,0.41,1783128759
All Pools,USDT.e - iBONE,0.3,False,0.01645,4.513,,0.33,1783128759
All Pools,SWIFT - AVAX,0.3,False,0.01644,10.12,,0.15,1783128759
All Pools,AVAX - LoveWins,0.3,False,0.01641,5.791,,0.26,1783128759
All Pools,FollowTheWhiteRabbit - LoveWins,0.3,False,0.0164,111.39,,0.01,1783128759
All Pools,MIM - YAK,0.3,False,0.01617,0.15548,,9.49,1783128759
All Pools,YEEHAW - ARENA,0.3,False,0.01612,0.87209,,1.69,1783128759
All Pools,Trinity - Stolen,0.3,False,0.01603,22.67,,0.06,1783128759
All Pools,Chrism - ChristMark,0.3,False,0.01602,146.99,,0.01,1783128759
All Pools,NOCHILL - KET,0.3,False,0.01597,9.177,,0.16,1783128759
All Pools,TEDDY - AVAX,0.3,False,0.0158,12.78,,0.11,1783128759
All Pools,ChristMark - ChristIAmYou,0.3,False,0.01569,21.3,,0.07,1783128759
All Pools,AVAX - AXIAL,0.3,False,0.01568,634.84,,0.0,1783128759
All Pools,AVAX - USDR,0.3,False,0.01564,2.535,,0.56,1783128759
All Pools,Psychic - Bonfire,0.3,False,0.01546,49.82,,0.03,1783128759
All Pools,XOMB - AVAX,0.3,False,0.01538,16.55,,0.08,1783128759
All Pools,XOMB - USDT.e,0.3,False,0.01529,2.149,,0.65,1783128759
All Pools,YEEHAW - AMI,0.3,False,0.01524,3.091,,0.45,1783128759
All Pools,AVAX - WSPP,0.3,False,0.0152,2.408,,0.58,1783128759
All Pools,aAvaLINK - meGNX,0.3,False,0.01517,8.632,,0.16,1783128759
All Pools,ARA - AVAX,0.3,False,0.01507,2.42,,0.57,1783128759
All Pools,NOCHILL - AMI,0.3,False,0.01485,3.529,,0.38,1783128759
All Pools,SHERPA - AVAX,0.3,False,0.01483,98.26,,0.01,1783128759
All Pools,MIM - PAR,0.3,False,0.01467,0.47219,,2.84,1783128759
All Pools,YETI - WINE,0.3,False,0.01465,0.17507,,7.64,1783128759
All Pools,AVAX - PAR,0.3,False,0.0145,1.339,,0.99,1783128759
All Pools,MIM - ICE,0.3,False,0.0145,0.3171,,4.17,1783128759
All Pools,Gladiator - AVAX,0.3,False,0.01447,1.597,,0.83,1783128759
All Pools,LordJesusChrist - BLACK,0.3,False,0.01446,1.399,,0.94,1783128759
All Pools,AVAX - TUSK,0.3,False,0.01444,2.114,,0.62,1783128759
All Pools,YETI - AVAX,0.3,False,0.01443,698.71,,0.0,1783128759
All Pools,USDC.e - TUSK,0.3,False,0.01436,9.478,,0.14,1783128759
All Pools,AVAX - ICE,0.3,False,0.01431,108.71,,0.01,1783128759
All Pools,WOLF - AMI,0.3,False,0.01419,2.584,,0.5,1783128759
All Pools,MUMO - WMATIC,0.3,False,0.01414,0.02615,,49.35,1783128759
All Pools,ZH - JOE,0.3,False,0.01414,2.197,,0.59,1783128759
All Pools,QI - REDWOLF,0.3,False,0.01412,1.219,,1.06,1783128759
All Pools,Psychic - SevenSevenSeven,0.3,False,0.01408,49.84,,0.03,1783128759
All Pools,Psychic - Vampire,0.3,False,0.01404,49.83,,0.03,1783128759
All Pools,KOKSAL - AVAX,0.3,False,0.01404,2.903,,0.44,1783128759
All Pools,KOKSAL - USDC,0.3,False,0.01397,4.522,,0.28,1783128759
All Pools,ZH - USDC.e,0.3,False,0.01392,22.25,,0.06,1783128759
All Pools,SevenSevenSeven - BLACK,0.3,False,0.01386,1.455,,0.87,1783128759
All Pools,AVAX - NORTH,0.3,False,0.01385,1.827,,0.69,1783128759
All Pools,USDT.e - NORTH,0.3,False,0.01378,26.54,,0.05,1783128759
All Pools,COQ - REDWOLF,0.3,False,0.01368,9.086,,0.14,1783128759
All Pools,Psychic - Verse,0.3,False,0.01358,49.8,,0.02,1783128759
All Pools,COQ - LYLY,0.3,False,0.01348,10.36,,0.12,1783128759
All Pools,HATCHY - AMI,0.3,False,0.01345,2.793,,0.44,1783128759
All Pools,EVRT - AVAX,0.3,False,0.01344,37.06,,0.03,1783128759
All Pools,MU - COQAI,0.3,False,0.01337,5.846,,0.21,1783128759
All Pools,Psychic - WhoWhoWho,0.3,False,0.01337,49.8,,0.02,1783128759
All Pools,AMPL - AVAX,0.3,False,0.01327,217.62,,0.01,1783128759
All Pools,WhoWhoWho - BLACK,0.3,False,0.01316,1.464,,0.82,1783128759
All Pools,BTC.b - GMX,0.3,False,0.01309,1.282,,0.93,1783128759
All Pools,JOE - REDWOLF,0.3,False,0.01303,2.931,,0.41,1783128759
All Pools,BTC.b - BEAM,0.3,False,0.013,0.24614,,4.82,1783128759
All Pools,AVAX - WISE,0.3,False,0.01299,2.335,,0.51,1783128759
All Pools,USDC.e - WISE,0.3,False,0.01292,6.81,,0.17,1783128759
All Pools,MIM - DB,0.3,False,0.01288,0.75942,,1.55,1783128759
All Pools,[i]Lluminati - BLACK,0.3,False,0.01286,1.507,,0.78,1783128759
All Pools,3ULL - USDt,0.3,False,0.01283,2.232,,0.52,1783128759
All Pools,COQ - KOVIN,0.3,False,0.01278,8.709,,0.13,1783128759
All Pools,USDC.e - BAVA,0.3,False,0.01274,2.707,,0.43,1783128759
All Pools,Psychic - IAmThatIAm,0.3,False,0.01272,49.83,,0.02,1783128759
All Pools,SatoshiNakamoto - Psychic,0.3,False,0.01272,49.83,,0.02,1783128759
All Pools,XETA - AVAX,0.3,False,0.01256,0.16366,,7.0,1783128759
All Pools,GATOR - AMI,0.3,False,0.01253,2.93,,0.39,1783128759
All Pools,BLACK - IAmThatIAm,0.3,False,0.01251,1.454,,0.78,1783128759
All Pools,Psychic - Oracle,0.3,False,0.01249,49.84,,0.02,1783128759
All Pools,KOVIN - MU,0.3,False,0.01227,2.536,,0.44,1783128759
All Pools,AVAX - DUA,0.3,False,0.01204,1.792,,0.61,1783128759
All Pools,DUA - USDC,0.3,False,0.01199,11.54,,0.09,1783128759
All Pools,GMX - USDC,0.3,False,0.01184,0.83936,,1.29,1783128759
All Pools,Psychic - QuetzalCoatl,0.3,False,0.01178,49.84,,0.02,1783128759
All Pools,Psychic - Penny,0.3,False,0.01178,49.84,,0.02,1783128759
All Pools,MIM - MTB,0.3,False,0.01167,0.44274,,2.41,1783128759
All Pools,WETH.e - MU,0.3,False,0.01163,1.74,,0.61,1783128759
All Pools,QuetzalCoatl - BLACK,0.3,False,0.01156,1.453,,0.73,1783128759
All Pools,Psychic - TrueStory,0.3,False,0.01156,49.84,,0.02,1783128759
All Pools,Penny - BLACK,0.3,False,0.01156,1.453,,0.73,1783128759
All Pools,MIM - MEAD,0.3,False,0.01153,0.24095,,4.37,1783128759
All Pools,AVAX - MTB,0.3,False,0.01153,0.43836,,2.4,1783128759
All Pools,KR - AVAX,0.3,False,0.01151,1.442,,0.73,1783128759
All Pools,Psychic - Time,0.3,False,0.0115,49.83,,0.02,1783128759
All Pools,MEAD - AVAX,0.3,False,0.0115,107.63,,0.01,1783128759
All Pools,KR - USDC.e,0.3,False,0.01144,11.16,,0.09,1783128759
All Pools,Psychic - LordJesusChrist,0.3,False,0.01136,47.86,,0.02,1783128759
All Pools,gOHM - JOE,0.3,False,0.01131,3.258,,0.32,1783128759
All Pools,Psychic - Alphabet,0.3,False,0.01119,49.84,,0.02,1783128759
All Pools,SUB - AVAX,0.3,False,0.01119,15.8,,0.06,1783128759
All Pools,MIM - toi,0.3,False,0.01116,0.62904,,1.62,1783128759
All Pools,Flection - Psychic,0.3,False,0.01109,49.84,,0.02,1783128759
All Pools,toi - AVAX,0.3,False,0.01103,0.39275,,2.56,1783128759
All Pools,Alphabet - BLACK,0.3,False,0.01099,1.451,,0.69,1783128759
All Pools,Psychic - Artemis,0.3,False,0.01097,49.98,,0.02,1783128759
All Pools,AI9000 - AVAX,0.3,False,0.01094,228.0,,0.0,1783128759
All Pools,Flection - BLACK,0.3,False,0.01092,1.451,,0.69,1783128759
All Pools,Loyalty - Psychic,0.3,False,0.01085,49.8,,0.02,1783128759
All Pools,SMRTr - GG,0.3,False,0.01083,0.10991,,8.99,1783128759
All Pools,REDWOLF - SHRAP,0.3,False,0.01083,0.87922,,1.12,1783128759
All Pools,USDt - OK,0.3,False,0.01074,0.14666,,6.68,1783128759
All Pools,MUMO - USDC,0.3,False,0.01068,7.858,,0.12,1783128759
All Pools,HUSKY - SNOWY,0.3,False,0.01065,0.17838,,5.45,1783128759
All Pools,DivineFeminine - AVAX,0.3,False,0.01064,4.649,,0.21,1783128759
All Pools,Psychic - BirthingCode,0.3,False,0.01052,49.84,,0.02,1783128759
All Pools,TRACTOR - USDT.e,0.3,False,0.01049,1.719,,0.56,1783128759
All Pools,COQ - BOOTY,0.3,False,0.01047,7.275,,0.13,1783128759
All Pools,Psychic - Line,0.3,False,0.01045,50.51,,0.02,1783128759
All Pools,SNP - AVAX,0.3,False,0.01044,8.265,,0.12,1783128759
All Pools,COQ - SNP,0.3,False,0.0104,17.25,,0.06,1783128759
All Pools,Psychic - Abracadabra,0.3,False,0.01036,49.81,,0.02,1783128759
All Pools,Psychic - Lock,0.3,False,0.01031,49.82,,0.02,1783128759
All Pools,MIM - DREX,0.3,False,0.01027,5.546,,0.17,1783128759
All Pools,CRA - AVAX,0.3,False,0.01027,7635.77,,,1783128759
All Pools,COQ - SNOWY,0.3,False,0.01023,0.91647,,1.02,1783128759
All Pools,Psychic - Chrism,0.3,False,0.01015,52.23,,0.02,1783128759
All Pools,Lock - BLACK,0.3,False,0.01015,1.458,,0.64,1783128759
All Pools,AVAX - DREX,0.3,False,0.01014,0.20242,,4.57,1783128759
All Pools,BLACK - IfYouKnowYouKnow,0.3,False,0.01011,1.488,,0.62,1783128759
All Pools,ORBIT - AVAX,0.3,False,0.01007,1.435,,0.64,1783128759
All Pools,USV - AVAX,0.3,False,0.00994,0.96202,,0.94,1783128759
All Pools,JOE - AVE,0.3,False,0.00992,1.27,,0.71,1783128759
All Pools,Psychic - KekiusMaximus,0.3,False,0.00988,49.84,,0.02,1783128759
All Pools,Psychic - Sequence,0.3,False,0.00985,49.84,,0.02,1783128759
All Pools,AVAX - NXUSD,0.3,False,0.00983,0.38655,,2.32,1783128759
All Pools,MIM - DB,0.3,False,0.00979,0.50347,,1.77,1783128759
All Pools,MEOW - MU,0.3,False,0.00975,1.336,,0.67,1783128759
All Pools,DB - AVAX,0.3,False,0.00975,0.35189,,2.53,1783128759
All Pools,Psychic - Confusion,0.3,False,0.0097,49.83,,0.02,1783128759
All Pools,ARENA - AMI,0.3,False,0.00964,0.91805,,0.96,1783128759
All Pools,DrainTheSwamp - AVAX,0.3,False,0.00959,28.83,,0.03,1783128759
All Pools,MIM - LIFE,0.3,False,0.00956,0.23837,,3.66,1783128759
All Pools,DrainTheSwamp - FollowTheWhiteRabbit,0.3,False,0.00956,8.35,,0.1,1783128759
All Pools,Psychic - James,0.3,False,0.00955,49.85,,0.02,1783128759
All Pools,Psychic - daVinci,0.3,False,0.00955,49.83,,0.02,1783128759
All Pools,Psychic - PennyTrinity,0.3,False,0.00954,49.85,,0.02,1783128759
All Pools,SodomAndGomorrah - AVAX,0.3,False,0.00949,14.39,,0.06,1783128759
All Pools,Trinity - SodomAndGomorrah,0.3,False,0.00947,16.88,,0.05,1783128759
All Pools,James - BLACK,0.3,False,0.00947,1.448,,0.6,1783128759
All Pools,LIFE - AVAX,0.3,False,0.00944,0.7723,,1.12,1783128759
All Pools,Psychic - Checkmate,0.3,False,0.0094,49.95,,0.02,1783128759
All Pools,AVAX - TT,0.3,False,0.00935,1.692,,0.5,1783128759
All Pools,Checkmate - BLACK,0.3,False,0.00934,1.451,,0.59,1783128759
All Pools,Psychic - Crypt,0.3,False,0.00929,49.8,,0.02,1783128759
All Pools,Psychic - Numbers,0.3,False,0.00928,49.84,,0.02,1783128759
All Pools,SMRTr - USDT.e,0.3,False,0.00924,1.127,,0.75,1783128759
All Pools,Eye - Psychic,0.3,False,0.00917,49.84,,0.02,1783128759
All Pools,Crypt - BLACK,0.3,False,0.00917,1.462,,0.57,1783128759
All Pools,LoveIsTheKey - AVAX,0.3,False,0.00914,10.96,,0.08,1783128759
All Pools,Psychic - Partment,0.3,False,0.00902,49.82,,0.02,1783128759
All Pools,BIRD - AVAX,0.3,False,0.00899,0.01011,,81.18,1783128759
All Pools,MIM - DB,0.3,False,0.00886,0.19142,,4.22,1783128759
All Pools,Psychic - Alice,0.3,False,0.00884,49.81,,0.02,1783128759
All Pools,AVAX - COSMIC,0.3,False,0.00879,1.079,,0.74,1783128759
All Pools,ARENA - JUICY,0.3,False,0.00878,0.03897,,20.56,1783128759
All Pools,JOE - aXEN,0.3,False,0.00875,0.19682,,4.06,1783128759
All Pools,USDC - COSMIC,0.3,False,0.00875,54.06,,0.01,1783128759
All Pools,DB - AVAX,0.3,False,0.00875,1.433,,0.56,1783128759
All Pools,AVAX - MUG,0.3,False,0.00871,1.037,,0.77,1783128759
All Pools,Psychic - PlotTwist,0.3,False,0.00867,50.95,,0.02,1783128759
All Pools,NOCHILL - MU,0.3,False,0.00864,1.621,,0.49,1783128759
All Pools,Psychic - BiTonic,0.3,False,0.00856,49.91,,0.02,1783128759
All Pools,OH - AVAX,0.3,False,0.00856,69.34,,0.01,1783128759
All Pools,BENIS - NOCHILL,0.3,False,0.00855,3.107,,0.25,1783128759
All Pools,Psychic - TwinFlames,0.3,False,0.00852,50.4,,0.02,1783128759
All Pools,AKA - AVAX,0.3,False,0.00851,1.863,,0.42,1783128759
All Pools,BLACK - TwinFlames,0.3,False,0.00848,1.469,,0.53,1783128759
All Pools,AKA - USDt,0.3,False,0.00848,2.771,,0.28,1783128759
All Pools,BiTonic - BLACK,0.3,False,0.00843,1.454,,0.53,1783128759
All Pools,Psychic - RefZip,0.3,False,0.00823,49.84,,0.02,1783128759
All Pools,SWIFT - USDT.e,0.3,False,0.00821,0.41855,,1.79,1783128759
All Pools,AVAX - Ouroboros,0.3,False,0.00813,16.08,,0.05,1783128759
All Pools,Trinity - Ouroboros,0.3,False,0.00811,9.603,,0.08,1783128759
All Pools,AVAX - LODE,0.3,False,0.00804,1.034,,0.71,1783128759
All Pools,TRACTOR - JOE,0.3,False,0.00801,1.217,,0.6,1783128759
All Pools,QI - LYLY,0.3,False,0.00799,1.939,,0.38,1783128759
All Pools,USDC - LODE,0.3,False,0.00798,1025.08,,,1783128759
All Pools,CAPY - ARENA,0.3,False,0.0079,22989.0,,,1783128759
All Pools,Psychic - Equal,0.3,False,0.00778,49.84,,0.01,1783128759
All Pools,Choice - Psychic,0.3,False,0.00775,49.81,,0.01,1783128759
All Pools,Choice - BLACK,0.3,False,0.00771,1.455,,0.48,1783128759
All Pools,CNR - AVAX,0.3,False,0.00769,47.73,,0.01,1783128759
All Pools,GGP - JUICY,0.3,False,0.00765,0.03281,,21.28,1783128759
All Pools,ETHM - LINK.e,0.3,False,0.00765,0.11024,,6.33,1783128759
All Pools,FTOMB - AVAX,0.3,False,0.00763,6997.84,,,1783128759
All Pools,EagleToken - AVAX,0.3,False,0.00757,1.711,,0.4,1783128759
All Pools,EagleToken - USDC.e,0.3,False,0.00753,2.056,,0.33,1783128759
All Pools,gOHM - USDT.e,0.3,False,0.00753,0.62913,,1.09,1783128759
All Pools,WABBIT - AMI,0.3,False,0.00743,0.83771,,0.81,1783128759
All Pools,ACS - USDt,0.3,False,0.00743,0.94361,,0.72,1783128759
All Pools,Trinity - TruthClosure,0.3,False,0.0074,6.942,,0.1,1783128759
All Pools,PB - MIM,0.3,False,0.00738,5.774,,0.12,1783128759
All Pools,MUMO - AVAX,0.3,False,0.00731,0.14822,,4.5,1783128759
All Pools,RUG - DAI.e,0.3,False,0.00729,0.76661,,0.87,1783128759
All Pools,PB - AVAX,0.3,False,0.00727,0.16284,,4.07,1783128759
All Pools,Trinity - IngersollLockwood,0.3,False,0.00724,0.74149,,0.89,1783128759
All Pools,SFI - AVAX,0.3,False,0.00718,0.94527,,0.69,1783128759
All Pools,MIM - ICY,0.3,False,0.00718,7.471,,0.09,1783128759
All Pools,SMRT - XAVA,0.3,False,0.00709,2.388,,0.27,1783128759
All Pools,DB - AVAX,0.3,False,0.00709,0.78097,,0.83,1783128759
All Pools,IngersollLockwood - BLACK,0.3,False,0.00706,1.472,,0.44,1783128759
All Pools,LYD - REDWOLF,0.3,False,0.00705,4.183,,0.15,1783128759
All Pools,MIM - SFI,0.3,False,0.00685,0.16475,,3.8,1783128759
All Pools,AI9000 - MU,0.3,False,0.00668,1.08,,0.56,1783128759
All Pools,MU - SOL,0.3,False,0.00665,1.131,,0.54,1783128759
All Pools,USDC.e - UST,0.3,False,0.00661,1.576,,0.38,1783128759
All Pools,TIME - SPELL,0.3,False,0.00646,0.41133,,1.43,1783128759
All Pools,DB - USDC,0.3,False,0.00645,0.35072,,1.68,1783128759
All Pools,XPOW - USDt,0.3,False,0.00644,1.117,,0.53,1783128759
All Pools,AVAX - RUG,0.3,False,0.00642,0.33061,,1.77,1783128759
All Pools,Psychic - Self,0.3,False,0.0064,51.67,,0.01,1783128759
All Pools,MU - MUG,0.3,False,0.00637,2328.48,,,1783128759
All Pools,HH - AVAX,0.3,False,0.00636,257.22,,0.0,1783128759
All Pools,APOW - MU,0.3,False,0.00634,2.367,,0.24,1783128759
All Pools,HH - ARENA,0.3,False,0.00632,1.769,,0.33,1783128759
All Pools,KIMBO - AMI,0.3,False,0.00632,2.665,,0.22,1783128759
All Pools,JOE - CNR,0.3,False,0.00629,0.7502,,0.76,1783128759
All Pools,AVAX - HOST,0.3,False,0.00622,1.615,,0.35,1783128759
All Pools,AMI - MU,0.3,False,0.00621,1.27,,0.45,1783128759
All Pools,LUNA - USDC,0.3,False,0.00615,1.466,,0.38,1783128759
All Pools,JOE - USDt,0.3,False,0.00613,0.67165,,0.83,1783128759
All Pools,CRA - USDC.e,0.3,False,0.00604,0.48948,,1.13,1783128759
All Pools,WITCH - AVAX,0.3,False,0.00602,2.217,,0.25,1783128759
All Pools,APOW - XPOW,0.3,False,0.00599,22.31,,0.02,1783128759
All Pools,WITCH - USDC,0.3,False,0.00598,1.591,,0.34,1783128759
All Pools,Psychic - Go,0.3,False,0.00597,58.74,,0.01,1783128759
All Pools,GRAPE - AVAX,0.3,False,0.00597,0.09264,,5.88,1783128759
All Pools,Trinity - IfYouKnowYouKnow,0.3,False,0.00596,3.633,,0.15,1783128759
All Pools,MAXI - AVAX,0.3,False,0.00588,0.67488,,0.8,1783128759
All Pools,AVAX - sSB,0.3,False,0.00584,0.46998,,1.13,1783128759
All Pools,EGG - AVAX,0.3,False,0.00583,1.38,,0.39,1783128759
All Pools,HOST - DAI.e,0.3,False,0.00579,2.812,,0.19,1783128759
All Pools,EGG - USDT.e,0.3,False,0.00578,1.857,,0.28,1783128759
All Pools,COQ - ARENA,0.3,False,0.00578,0.84581,,0.62,1783128759
All Pools,DAI.e - NXUSD,0.3,False,0.00577,0.19387,,2.71,1783128759
All Pools,CRAFT - USDC.e,0.3,False,0.00575,0.7561,,0.69,1783128759
All Pools,HCT - AVAX,0.3,False,0.00572,2.736,,0.19,1783128759
All Pools,SYMBIOT - DAI.e,0.3,False,0.0056,0.41409,,1.23,1783128759
All Pools,AVAX - IMPACT,0.3,False,0.0056,2.802,,0.18,1783128759
All Pools,EUROS - AVAX,0.3,False,0.00557,0.99095,,0.51,1783128759
All Pools,UST - WINE,0.3,False,0.00553,0.11233,,4.49,1783128759
All Pools,LUNA - USDt,0.3,False,0.0055,1.386,,0.36,1783128759
All Pools,AVE - AVAX,0.3,False,0.00549,3.238,,0.15,1783128759
All Pools,ETHM - USDT.e,0.3,False,0.00546,0.06992,,7.13,1783128759
All Pools,xJOE - wsOHM,0.3,False,0.00545,0.18702,,2.66,1783128759
All Pools,xJOE - AVAX,0.3,False,0.00538,1.922,,0.26,1783128759
All Pools,Degen - AVAX,0.3,False,0.00535,1505.81,,,1783128759
All Pools,MIM - ARABBIT,0.3,False,0.00534,0.25696,,1.9,1783128759
All Pools,SNO Token - AVAX,0.3,False,0.00534,1.195,,0.41,1783128759
All Pools,SNO Token - JOE,0.3,False,0.00531,54.17,,0.01,1783128759
All Pools,ARABBIT - AVAX,0.3,False,0.00524,0.25655,,1.87,1783128759
All Pools,BEAM - MU,0.3,False,0.00515,0.90771,,0.52,1783128759
All Pools,MIM - SMOKA,0.3,False,0.00502,0.23041,,1.99,1783128759
All Pools,SMOKA - AVAX,0.3,False,0.00492,0.2528,,1.77,1783128759
All Pools,tst1 - AVAX,0.3,False,0.00491,0.48997,,0.92,1783128759
All Pools,tst1 - USDT.e,0.3,False,0.00488,2.625,,0.17,1783128759
All Pools,BEE - AVAX,0.3,False,0.00487,0.69626,,0.64,1783128759
All Pools,BEE - USDT.e,0.3,False,0.00483,32.15,,0.01,1783128759
All Pools,TokenZ - AVAX,0.3,False,0.00479,1.983,,0.22,1783128759
All Pools,TokenZ - USDC,0.3,False,0.00477,3.603,,0.12,1783128759
All Pools,MIM - PLEB,0.3,False,0.00475,7.844,,0.06,1783128759
All Pools,SNLP - AVAX,0.3,False,0.00468,2739.94,,,1783128759
All Pools,AVAX - PLEB,0.3,False,0.00466,0.09022,,4.71,1783128759
All Pools,JOE - SNLP,0.3,False,0.00466,1.125,,0.38,1783128759
All Pools,QI - USDC.e,0.3,False,0.0046,0.67162,,0.63,1783128759
All Pools,USDt - IMPACT,0.3,False,0.00451,1.727,,0.24,1783128759
All Pools,MIM - AKITA,0.3,False,0.00442,0.08342,,4.83,1783128759
All Pools,AVAX - SAGE,0.3,False,0.00436,0.74011,,0.54,1783128759
All Pools,AVAX - AKITA,0.3,False,0.00433,1873.49,,,1783128759
All Pools,USDC.e - SAGE,0.3,False,0.00432,2.079,,0.19,1783128759
All Pools,DCAR - AVAX,0.3,False,0.00423,0.95893,,0.4,1783128759
All Pools,3ULL - USDT.e,0.3,False,0.00422,0.57578,,0.67,1783128759
All Pools,DCAR - USDC,0.3,False,0.00421,56.33,,0.01,1783128759
All Pools,USDC - TT,0.3,False,0.00419,2.024,,0.19,1783128759
All Pools,AI9000 - USDt,0.3,False,0.00418,0.78116,,0.49,1783128759
All Pools,ORNG - JUICE,0.3,False,0.00397,1.391,,0.26,1783128759
All Pools,SYMBIOT - AVAX,0.3,False,0.00393,1.155,,0.31,1783128759
All Pools,LAMA - JUICY,0.3,False,0.00374,0.01834,,18.63,1783128759
All Pools,REDWOLF - ODDZ,0.3,False,0.00364,1.36,,0.24,1783128759
All Pools,Gladiator - AMI,0.3,False,0.00362,1.104,,0.3,1783128759
All Pools,AVAX - ASND,0.3,False,0.00362,0.11034,,2.99,1783128759
All Pools,TSD - USDT.e,0.3,False,0.00357,0.17407,,1.87,1783128759
All Pools,HUSKY - aXEN,0.3,False,0.00356,0.05766,,5.63,1783128759
All Pools,MIM - ASND,0.3,False,0.00356,70.39,,0.0,1783128759
All Pools,ELXR - USDC.e,0.3,False,0.00352,1092.15,,,1783128759
All Pools,WET - USDT.e,0.3,False,0.00349,0.38216,,0.83,1783128759
All Pools,JOE - USDR,0.3,False,0.00347,0.56996,,0.56,1783128759
All Pools,RGK - AVAX,0.3,False,0.00344,0.06034,,5.21,1783128759
All Pools,Trinity - BLACK,0.3,False,0.00337,0.19874,,1.55,1783128759
All Pools,USDC.e - TIME,0.3,False,0.00336,0.2029,,1.51,1783128759
All Pools,Psychic - Mirror,0.3,False,0.00336,49.83,,0.01,1783128759
All Pools,SUB - AVAX,0.3,False,0.00335,0.44006,,0.69,1783128759
All Pools,Mirror - BLACK,0.3,False,0.00333,1.442,,0.21,1783128759
All Pools,SUB - USDC,0.3,False,0.00332,69.67,,0.0,1783128759
All Pools,LAMA - AVAX,0.3,False,0.0033,8783.96,,,1783128759
All Pools,GMX - USDt,0.3,False,0.00328,0.3467,,0.86,1783128759
All Pools,USDC.e - SMRT,0.3,False,0.00326,1.888,,0.16,1783128759
All Pools,BNZ - KET,0.3,False,0.00324,2.649,,0.11,1783128759
All Pools,Balln - AMI,0.3,False,0.00323,0.4999,,0.59,1783128759
All Pools,MU - KET,0.3,False,0.00322,0.94862,,0.31,1783128759
All Pools,USDC - SPT,0.3,False,0.0032,0.13767,,2.12,1783128759
All Pools,MU - WAIFU,0.3,False,0.0031,119.65,,0.0,1783128759
All Pools,DADDY - AVAX,0.3,False,0.00309,0.78942,,0.36,1783128759
All Pools,DADDY - USDT.e,0.3,False,0.00309,17.29,,0.02,1783128759
All Pools,LIRA - AVAX,0.3,False,0.00307,10.96,,0.03,1783128759
All Pools,MEAT - AVAX,0.3,False,0.00297,3983.35,,,1783128759
All Pools,MEAT - MU,0.3,False,0.00295,0.41455,,0.65,1783128759
All Pools,USDC.e - WET,0.3,False,0.00294,0.38236,,0.7,1783128759
All Pools,HUSKY - MU,0.3,False,0.0029,0.04199,,6.29,1783128759
All Pools,DAI.e - HOST,0.3,False,0.00289,15.63,,0.02,1783128759
All Pools,3ULL - USDC,0.3,False,0.00286,0.57762,,0.45,1783128759
All Pools,Psychic - YouAndI,0.3,False,0.00284,49.85,,0.01,1783128759
All Pools,KANA - AVAX,0.3,False,0.00284,843.87,,,1783128759
All Pools,KANA - USDC,0.3,False,0.00282,0.43942,,0.59,1783128759
All Pools,SB - DAI.e,0.3,False,0.0028,0.13523,,1.89,1783128759
All Pools,sAVAX - USDC,0.3,False,0.00279,0.46394,,0.55,1783128759
All Pools,NOCHILL - WAIFU,0.3,False,0.00279,147.62,,0.0,1783128759
All Pools,SeventeenSeventyFive - BLACK,0.3,False,0.00277,0.332,,0.76,1783128759
All Pools,TEST - DAI.e,0.3,False,0.00275,1.172,,0.21,1783128759
All Pools,USDC - AMI,0.3,False,0.00272,0.51252,,0.48,1783128759
All Pools,AMI - DEGEN404,0.3,False,0.00271,0.76986,,0.32,1783128759
All Pools,gOHM - USDC.e,0.3,False,0.0027,0.31973,,0.77,1783128759
All Pools,STG - JOE,0.3,False,0.0027,0.11538,,2.14,1783128759
All Pools,OLIVE - AVAX,0.3,False,0.0027,0.0012,,204.82,1783128759
All Pools,SPORE - JOE,0.3,False,0.0027,0.44473,,0.55,1783128759
All Pools,MIM - BSGG,0.3,False,0.00267,0.07995,,3.05,1783128759
All Pools,HUSKY - SMRTr,0.3,False,0.00266,0.04717,,5.15,1783128759
All Pools,AUX - AVAX,0.3,False,0.00261,0.32061,,0.74,1783128759
All Pools,UNI.e - AVAX,0.3,False,0.00261,0.02984,,7.97,1783128759
All Pools,FITFI - USDC,0.3,False,0.0026,0.21418,,1.11,1783128759
All Pools,AUX - USDC,0.3,False,0.00259,646.77,,,1783128759
All Pools,GOD - AVAX,0.3,False,0.0025,22.01,,0.01,1783128759
All Pools,BTC.b - WETH.e,0.3,False,0.00248,0.41916,,0.54,1783128759
All Pools,BTC.b - MUMO,0.3,False,0.00246,4.068,,0.06,1783128759
All Pools,YEEHAW - ABC,0.3,False,0.00245,0.25805,,0.87,1783128759
All Pools,LYD - AVAX,0.3,False,0.00245,0.67053,,0.33,1783128759
All Pools,NOCHILL - ARENA,0.3,False,0.00242,0.28962,,0.76,1783128759
All Pools,TEST - USDT.e,0.3,False,0.00242,3.92,,0.06,1783128759
All Pools,MIM - BTC.b,0.3,False,0.0024,0.02349,,9.3,1783128759
All Pools,AVAX - CAKE,0.3,False,0.00232,0.62343,,0.34,1783128759
All Pools,CRA - USDT.e,0.3,False,0.00232,0.23092,,0.92,1783128759
All Pools,SLUSH - AVAX,0.3,False,0.00232,0.57935,,0.36,1783128759
All Pools,USDT.e - CAKE,0.3,False,0.00231,48.29,,0.0,1783128759
All Pools,LINK.e - MUG,0.3,False,0.00231,0.22591,,0.93,1783128759
All Pools,Volodymyr - BLACK,0.3,False,0.0023,0.33004,,0.64,1783128759
All Pools,SLUSH - USDT.e,0.3,False,0.0023,1.259,,0.17,1783128759
All Pools,NUG - AVAX,0.3,False,0.0023,0.32542,,0.64,1783128759
All Pools,NUG - USDC,0.3,False,0.00228,2.33,,0.09,1783128759
All Pools,SLOT - AVAX,0.3,False,0.00224,2858.24,,,1783128759
All Pools,AVAX - RBEES,0.3,False,0.00222,0.55407,,0.37,1783128759
All Pools,SLOT - USDC.e,0.3,False,0.00222,0.40409,,0.5,1783128759
All Pools,WETH.e - USDt,0.3,False,0.00222,0.06527,,3.11,1783128759
All Pools,USDC.e - RBEES,0.3,False,0.0022,0.45353,,0.44,1783128759
All Pools,JOE - QI,0.3,False,0.00216,0.62568,,0.31,1783128759
All Pools,USDC.e - XAVA,0.3,False,0.00214,0.34792,,0.56,1783128759
All Pools,SYMBIOT - HOST,0.3,False,0.00208,0.53504,,0.35,1783128759
All Pools,MIM - LEXIP,0.3,False,0.00207,0.06222,,3.04,1783128759
All Pools,SolarDAO - AVAX,0.3,False,0.00207,0.3371,,0.56,1783128759
All Pools,OH - USDC.e,0.3,False,0.00206,0.33072,,0.57,1783128759
All Pools,MIM - SNOW,0.3,False,0.00206,0.11946,,1.57,1783128759
All Pools,SolarDAO - USDT.e,0.3,False,0.00205,2.015,,0.09,1783128759
All Pools,LEXIP - AVAX,0.3,False,0.00202,0.2529,,0.73,1783128759
All Pools,SNOW - AVAX,0.3,False,0.00201,0.08265,,2.22,1783128759
All Pools,AVAX - WARP,0.3,False,0.00198,1.198,,0.15,1783128759
All Pools,PNG - USDT.e,0.3,False,0.00198,0.8144,,0.22,1783128759
All Pools,TEDDY - USDC,0.3,False,0.00198,0.37572,,0.48,1783128759
All Pools,USDT.e - WARP,0.3,False,0.00197,0.84306,,0.21,1783128759
All Pools,FollowTheWhiteRabbit - BLACK,0.3,False,0.00194,0.14965,,1.18,1783128759
All Pools,YUSD - USDC,0.3,False,0.00193,22.93,,0.01,1783128759
All Pools,BTC.b - yyAVAX,0.3,False,0.00188,4.264,,0.04,1783128759
All Pools,ACTA - AVAX,0.3,False,0.00188,0.19254,,0.89,1783128759
All Pools,Gravity - ThreeThreeSeven,0.3,False,0.00187,1.61,,0.11,1783128759
All Pools,ACTA - USDt,0.3,False,0.00186,464.61,,,1783128759
All Pools,CREAM - AVAX,0.3,False,0.00186,167.22,,0.0,1783128759
All Pools,GMX - JOE,0.3,False,0.00186,0.31244,,0.54,1783128759
All Pools,MIM - CLAVIS,0.3,False,0.00184,17.02,,0.01,1783128759
All Pools,CREAM - STRAW,0.3,False,0.00184,0.18246,,0.92,1783128759
All Pools,AVME - AVAX,0.3,False,0.00182,0.00172,,97.01,1783128759
All Pools,CLAVIS - AVAX,0.3,False,0.0018,0.04328,,3.79,1783128759
All Pools,MIM - LVT,0.3,False,0.00178,0.03292,,4.92,1783128759
All Pools,xAVAX - AVAX,0.3,False,0.00177,0.56513,,0.29,1783128759
All Pools,JADE - USDC,0.3,False,0.00177,318.69,,,1783128759
All Pools,AGX - AVAX,0.3,False,0.00175,0.22457,,0.71,1783128759
All Pools,AGX - USDC,0.3,False,0.00174,74.83,,0.0,1783128759
All Pools,AVAX - FTEST,0.3,False,0.00171,0.33487,,0.47,1783128759
All Pools,JPYC - AVAX,0.3,False,0.0017,0.2439,,0.64,1783128759
All Pools,MIM - SN,0.3,False,0.0017,14.23,,0.01,1783128759
All Pools,USDT.e - FTEST,0.3,False,0.0017,1.271,,0.12,1783128759
All Pools,WETH.e - SPELL,0.3,False,0.00169,0.21746,,0.71,1783128759
All Pools,AVAX - LVT,0.3,False,0.00167,43202.0,,,1783128759
All Pools,SN - AVAX,0.3,False,0.00166,0.03991,,3.79,1783128759
All Pools,LIBRE - AVAX,0.3,False,0.00165,1.369,,0.11,1783128759
All Pools,JOE - LIBRE,0.3,False,0.00164,0.31912,,0.47,1783128759
All Pools,MIM - DON,0.3,False,0.00161,0.03898,,3.77,1783128759
All Pools,HUSKY - TRESR,0.3,False,0.00156,0.0261,,5.46,1783128759
All Pools,GENI - USDC.e,0.3,False,0.00154,0.09822,,1.43,1783128759
All Pools,MIM - MNT,0.3,False,0.00149,0.09756,,1.39,1783128759
All Pools,AVAX - BFG,0.3,False,0.00148,1.589,,0.08,1783128759
All Pools,USDC - BFG,0.3,False,0.00147,0.18802,,0.71,1783128759
All Pools,MNT - AVAX,0.3,False,0.00145,0.04146,,3.19,1783128759
All Pools,JEWEL - AVAX,0.3,False,0.00143,0.16809,,0.77,1783128759
All Pools,BLUB - MU,0.3,False,0.00138,0.14644,,0.86,1783128759
All Pools,xAVAX - USDC,0.3,False,0.00137,0.21906,,0.57,1783128759
All Pools,DUO - USDT.e,0.3,False,0.00132,1.665,,0.07,1783128759
All Pools,GRAPE - USDC.e,0.3,False,0.00132,0.03687,,3.26,1783128759
All Pools,FITFI - USDC.e,0.3,False,0.0013,0.11479,,1.04,1783128759
All Pools,ABC - MU,0.3,False,0.0013,0.05558,,2.14,1783128759
All Pools,BLACK - JesusChrist,0.3,False,0.00126,0.32881,,0.35,1783128759
All Pools,WETH.e - MUMO,0.3,False,0.00124,0.18656,,0.61,1783128759
All Pools,MIM - FAP,0.3,False,0.00121,0.04907,,2.26,1783128759
All Pools,DEG - AVAX,0.3,False,0.00119,207.04,,,1783128759
All Pools,QI - USDC,0.3,False,0.00117,0.07355,,1.45,1783128759
All Pools,BFLY - AVAX,0.3,False,0.00117,0.34666,,0.31,1783128759
All Pools,BFLY - USDC,0.3,False,0.00116,0.20868,,0.51,1783128759
All Pools,SOFT - AVAX,0.3,False,0.00116,0.39633,,0.27,1783128759
All Pools,LUEEGI - AVAX,0.3,False,0.00115,1061.46,,,1783128759
All Pools,MIM - KANDY,0.3,False,0.00114,0.05843,,1.78,1783128759
All Pools,SOFT - USDT.e,0.3,False,0.00113,0.73586,,0.14,1783128759
All Pools,LUEEGI - USDt,0.3,False,0.00113,0.07145,,1.44,1783128759
All Pools,FAP - DAI.e,0.3,False,0.00111,0.64438,,0.16,1783128759
All Pools,KANDY - AVAX,0.3,False,0.00111,0.03728,,2.71,1783128759
All Pools,LOK - AVAX,0.3,False,0.0011,193.5,,,1783128759
All Pools,LOK - MU,0.3,False,0.00108,0.07075,,1.39,1783128759
All Pools,xORDER - AVAX,0.3,False,0.00107,0.17612,,0.55,1783128759
All Pools,AVAX - HOST,0.3,False,0.00105,0.1239,,0.78,1783128759
All Pools,xORDER - USDC,0.3,False,0.00105,0.16658,,0.58,1783128759
All Pools,XPOW - USDC,0.3,False,0.00103,0.08147,,1.16,1783128759
All Pools,TSD - USDC.e,0.3,False,0.00103,0.06281,,1.49,1783128759
All Pools,BMOON - AVAX,0.3,False,,0.13963,,0.65,1783128759
All Pools,AVAX - APOW,0.3,False,,4.363,,0.02,1783128759
All Pools,EURC - IMPACT,0.3,False,,0.13968,,0.64,1783128759
All Pools,USDC - APOW,0.3,False,,0.08404,,1.05,1783128759
All Pools,MIM - KING,0.3,False,,75667221.0,,,1783128759
All Pools,MIM - ACME,0.3,False,,0.02333,,3.75,1783128759
All Pools,Gravity - Mercury,0.3,False,,1.61,,0.05,1783128759
All Pools,AVAX - ASND,0.3,False,,0.26208,,0.33,1783128759
All Pools,LIRA - USDt,0.3,False,,0.07138,,1.19,1783128759
All Pools,ASND - USDT.e,0.3,False,,0.70423,,0.12,1783128759
All Pools,AVAX - deUSD,0.3,False,,0.07125,,1.15,1783128759
All Pools,AVAX - SPT,0.3,False,,0.10613,,0.77,1783128759
All Pools,144Thousand - Gravity,0.3,False,,1.608,,0.05,1783128759
All Pools,ETHM - JOE,0.3,False,,0.01,,7.7,1783128759
All Pools,144Thousand - BLACK,0.3,False,,0.24046,,0.32,1783128759
All Pools,MUME - MIM,0.3,False,,0.01311,,5.78,1783128759
All Pools,BUSD - USDT.e,0.3,False,,0.07812,,0.97,1783128759
All Pools,APOW - AVAX,0.3,False,,0.12668,,0.6,1783128759
All Pools,APOW - USDt,0.3,False,,0.18715,,0.4,1783128759
All Pools,AVAX - SYMBIOT,0.3,False,,0.27397,,0.26,1783128759
All Pools,BNB - MU,0.3,False,,0.07158,,0.99,1783128759
All Pools,HUSKY - HIGHER,0.3,False,,0.01029,,6.57,1783128759
All Pools,DON - AVAX,0.3,False,,3659.66,,,1783128759
All Pools,DAI.e - SYMBIOT,0.3,False,,1.353,,0.05,1783128759
All Pools,AVAX - HON,0.3,False,,52963.0,,,1783128759
All Pools,MIM - STOMB,0.3,False,,0.04988,,1.24,1783128759
All Pools,USDt - HON,0.3,False,,0.03064,,1.99,1783128759
All Pools,STOMB - AVAX,0.3,False,,0.06238,,0.97,1783128759
All Pools,SOB - LUNA,0.3,False,,0.87322,,0.07,1783128759
All Pools,MIM - WBTC.e,0.3,False,,0.01928,,3.04,1783128759
All Pools,MUMO - MU,0.3,False,,0.56636,,0.1,1783128759
All Pools,BTC.b - USDC,0.3,False,,4.165,,0.01,1783128759
All Pools,BTCFi - AVAX,0.3,False,,0.10936,,0.51,1783128759
All Pools,BTCFi - USDC,0.3,False,,0.04061,,1.34,1783128759
All Pools,USDC.e - WSHARE,0.3,False,,2321.11,,,1783128759
All Pools,MIM - SNOW,0.3,False,,0.02198,,2.43,1783128759
All Pools,SNOW - AVAX,0.3,False,,4.625,,0.01,1783128759
All Pools,FMN - AVAX,0.3,False,,0.03122,,1.55,1783128759
All Pools,USDT.e - AKITAX,0.3,False,,0.00247,,18.8,1783128759
All Pools,MAI - MAI,0.3,False,,0.20132,,0.23,1783128759
All Pools,SUBZERO - TOMB,0.3,False,,0.02986,,1.51,1783128759
All Pools,MIM - CROWN,0.3,False,,105.12,,,1783128759
All Pools,AVAX - MAI,0.3,False,,0.01866,,2.4,1783128759
All Pools,BTCBR - DAI.e,0.3,False,,0.06824,,0.65,1783128759
All Pools,AVAX - CROWN,0.3,False,,0.01047,,4.1,1783128759
All Pools,AVAX - COMP.e,0.3,False,,0.06077,,0.7,1783128759
All Pools,MIM - MAG,0.3,False,,86.58,,,1783128759
All Pools,ETHW - AVAX,0.3,False,,0.01708,,2.35,1783128759
All Pools,ETHW - USDC,0.3,False,,1.195,,0.03,1783128759
All Pools,MAG - AVAX,0.3,False,,0.00909,,4.26,1783128759
All Pools,MUME - USDC.e,0.3,False,,0.51164,,0.08,1783128759
All Pools,MIM - EAGLE,0.3,False,,0.04473,,0.85,1783128759
All Pools,ACME - AVAX,0.3,False,,0.02324,,1.63,1783128759
All Pools,EAGLE - USDC,0.3,False,,0.01641,,2.23,1783128759
All Pools,SHERPA - USDT.e,0.3,False,,0.06054,,0.59,1783128759
All Pools,YEEHAW - xAVAX,0.3,False,,0.20342,,0.17,1783128759
All Pools,USDT.e - NEKO,0.3,False,,0.04716,,0.72,1783128759
All Pools,AI - MU,0.3,False,,0.01271,,2.65,1783128759
All Pools,MUME - USDC,0.3,False,,0.07852,,0.43,1783128759
All Pools,MIM - AVE,0.3,False,,0.00937,,3.58,1783128759
All Pools,MIM - TESSTT,0.3,False,,0.00868,,3.7,1783128759
All Pools,TESSTT - AVAX,0.3,False,,0.05861,,0.55,1783128759
All Pools,MIM - VLGR,0.3,False,,0.01813,,1.76,1783128759
All Pools,MIM - NEBU,0.3,False,,0.00839,,3.71,1783128759
All Pools,MIM - MNT,0.3,False,,4.409,,0.01,1783128759
All Pools,AVAX - VLGR,0.3,False,,0.01296,,2.35,1783128759
All Pools,AVAX - NEBU,0.3,False,,1.162,,0.03,1783128759
All Pools,MNT - AVAX,0.3,False,,0.00946,,3.11,1783128759
All Pools,Now - AVAX,0.3,False,,0.01902,,1.54,1783128759
All Pools,LUNA - MIM,0.3,False,,0.00612,,4.77,1783128759
All Pools,GMX - MU,0.3,False,,0.00801,,3.57,1783128759
All Pools,Now - BLACK,0.3,False,,0.10507,,0.27,1783128759
All Pools,CREAMA - AVAX,0.3,False,,0.04137,,0.65,1783128759
All Pools,CREAMA - USDt,0.3,False,,0.02392,,1.1,1783128759
All Pools,WETH.e - LINK.e,0.3,False,,0.11814,,0.22,1783128759
All Pools,USDT.e - GG,0.3,False,,0.01246,,2.05,1783128759
All Pools,Electron - AVAX,0.3,False,,2.15,,0.01,1783128759
All Pools,AVAX - Lukhanyo,0.3,False,,8.34,,0.0,1783128759
All Pools,Electron - USDC,0.3,False,,0.01885,,1.25,1783128759
All Pools,Gravity - Lukhanyo,0.3,False,,1.618,,0.01,1783128759
All Pools,AVAX - FLUX,0.3,False,,0.12425,,0.18,1783128759
All Pools,USDC - FLUX,0.3,False,,0.03768,,0.57,1783128759
All Pools,MIM - MUMO,0.3,False,,0.00511,,4.11,1783128759
All Pools,OH - USDT.e,0.3,False,,0.03085,,0.66,1783128759
All Pools,MUMO - USDT.e,0.3,False,,0.10557,,0.19,1783128759
All Pools,HUNT - AVAX,0.3,False,,0.01607,,1.08,1783128759
All Pools,USDC.e - HUNT,0.3,False,,0.04557,,0.37,1783128759
All Pools,MIM - MILK,0.3,False,,10.68,,0.0,1783128759
All Pools,CAPY - AVAX,0.3,False,,0.01533,,1.03,1783128759
All Pools,MILK - AVAX,0.3,False,,0.00249,,6.17,1783128759
All Pools,MIM - JOE,0.3,False,,0.00222,,6.56,1783128759
All Pools,MIM - ARMOR,0.3,False,,0.00411,,3.36,1783128759
All Pools,ARMOR - AVAX,0.3,False,,0.00303,,4.18,1783128759
All Pools,SRA - AVAX,0.3,False,,0.00234,,4.49,1783128759
All Pools,bJOE - JOE,0.3,False,,0.05996,,0.08,1783128759
All Pools,PRINCESS - AVAX,0.3,False,,0.10928,,0.01,1783128759
All Pools,THOR - AVAX,0.3,False,,24608.0,,,1783128759
All Pools,FATE - USDC,0.3,False,,472765.0,,,1783128759
All Pools,SaintGermain - JesusChrist,0.3,False,0.0,0.0,0.0,0.0,1783128759
All Pools,Volodymyr - SaintGermain,0.3,False,0.0,0.0,0.0,0.0,1783128759
All Pools,JumpNorthDonald - SaintGermain,0.3,False,0.0,0.0,0.0,0.0,1783128759
All Pools,MOOM - JUCI,0.3,False,0.0,0.0,0.0,0.0,1783128759
All Pools,SaintGermain - IfYouKnowYouKnow,0.3,False,0.0,0.0,0.0,0.0,1783128759
All Pools,AUSD - USDC,0.01,False,1611623.0,1440392.0,161.01,4.08,1783132359
All Pools,AUSD - USDt,0.01,False,1204024.0,1151974.0,119.35,3.78,1783132359
All Pools,AVAX - USDC,0.05,False,745121.0,388195.0,383.76,36.08,1783132359
All Pools,BENJI - AVAX,0.3,False,266320.0,49.11,665.8,494798.54,1783132359
All Pools,USDt - USDC,0.005,False,264268.0,365421.0,19.02,1.9,1783132359
All Pools,sAVAX - AVAX,0.01,False,187067.0,63629.0,18.8,10.79,1783132359
All Pools,USDt - USDC,0.01,False,107245.0,162410.0,8.787,1.97,1783132359
All Pools,BTC.b - USDC,0.05,False,48455.0,569131.0,25.34,1.63,1783132359
All Pools,AVAX - USDC,0.3,False,21704.0,354402.0,54.26,5.59,1783132359
All Pools,JOE - USDC.e,0.3,False,17767.0,271704.0,44.42,5.97,1783132359
All Pools,AAVE.e - AVAX,0.3,False,16051.0,257676.0,40.13,5.68,1783132359
All Pools,WBTC - BTC.b,0.03,False,15894.0,65871.0,4.795,2.66,1783132359
All Pools,USDT.e - USDC,0.02,False,15875.0,49929.0,3.736,2.73,1783132359
All Pools,ARENA - AVAX,0.01,False,15216.0,104690.0,1.521,0.53,1783132359
All Pools,JOE - AVAX,0.3,False,14623.0,227778.0,36.56,5.86,1783132359
All Pools,MIM - AVAX,0.3,False,14523.0,187719.0,36.31,7.06,1783132359
All Pools,WBTC.e - BTC.b,0.03,False,12752.0,223193.0,3.874,0.63,1783132359
All Pools,AVAX - USDT.e,0.3,False,11521.0,480940.0,28.8,2.19,1783132359
All Pools,USDC.e - AVAX,0.3,False,10849.0,374973.0,27.12,2.64,1783132359
All Pools,USDT.e - USDt,0.02,False,10608.0,44298.0,2.122,1.75,1783132359
All Pools,XAVA - AVAX,0.8,False,10041.0,139090.0,80.56,21.14,1783132359
All Pools,COQ - AVAX,0.3,False,9800.39,422282.0,24.5,2.12,1783132359
All Pools,FOLKS - AVAX,0.25,False,8440.83,36510.0,21.38,21.38,1783132359
All Pools,LCPEDU - USDt,0.8,False,7832.99,7673404.0,,,1783132359
All Pools,USDC.e - USDC,0.02,False,7180.93,9706.62,0.71983,2.71,1783132359
All Pools,USDC - XAVA,0.3,False,6721.64,499424.0,16.8,1.23,1783132359
All Pools,AVAX - USDt,0.2,False,6557.97,103780.0,13.18,4.64,1783132359
All Pools,GUN - AVAX,0.25,False,6324.11,26572.0,17.05,23.42,1783132359
All Pools,WETH.e - AVAX,0.3,False,5573.46,372697.0,13.93,1.36,1783132359
All Pools,NXUSD - WXT,0.3,False,5541.87,539048.0,13.85,0.94,1783132359
All Pools,QI - AVAX,0.3,False,5208.04,161056.0,13.02,2.95,1783132359
All Pools,SIERRA - USDC,0.1,False,4965.0,165221.0,5.331,1.18,1783132359
All Pools,AVAX - BTC.b,0.05,False,4725.52,27715.0,2.878,3.79,1783132359
All Pools,JPYC - USDC,0.04,False,4711.74,3364.77,4.42,47.95,1783132359
All Pools,XAUt0 - USDt,0.04,False,3823.88,25501.0,2.003,2.87,1783132359
All Pools,DAI.e - USDt,0.25,False,3645.86,27301.0,8.515,11.38,1783132359
All Pools,DAI.e - USDC,0.02,False,3260.17,28278.0,0.64381,0.83,1783132359
All Pools,PRIME - AVAX,0.4,False,3166.79,168157.0,25.21,5.47,1783132359
All Pools,USDt - AVAX,0.3,False,2957.48,39467.0,7.394,6.84,1783132359
All Pools,JOE - USDT.e,0.3,False,2934.3,54468.0,7.336,4.92,1783132359
All Pools,QI - AVAX,0.25,False,2074.94,8497.13,5.258,22.59,1783132359
All Pools,HUNDRED - USDC,0.3,False,1643.59,501474.0,4.109,0.3,1783132359
All Pools,JOE - USDC,0.3,False,1617.46,24744.0,4.044,5.96,1783132359
All Pools,ORNG - AVAX,0.3,False,1592.21,17389.0,3.981,8.36,1783132359
All Pools,XSEED - AVAX,0.3,False,1411.22,12674.0,3.528,10.16,1783132359
All Pools,WBTC.e - AVAX,0.3,False,1376.49,133281.0,3.441,0.94,1783132359
All Pools,ONDOAI - AVAX,0.3,False,1337.36,0.27515,3.343,443514.96,1783132359
All Pools,GUN - AVAX,0.1,False,1285.94,18768.0,1.98,3.85,1783132359
All Pools,BTC.b - AVAX,0.3,False,1218.3,109282.0,3.046,1.02,1783132359
All Pools,EURC - USDC,0.03,False,1199.41,11148.0,0.54537,1.79,1783132359
All Pools,USDC.e - O3,0.3,False,974.9,297146795.0,2.437,,1783132359
All Pools,BEAM - USDC,0.3,False,966.56,63063.0,2.416,1.4,1783132359
All Pools,LINK.e - AVAX,0.3,False,963.77,39228.0,2.409,2.24,1783132359
All Pools,AVAX - JUICY,0.3,False,888.84,3511.46,2.222,23.1,1783132359
All Pools,SYN - AVAX,0.3,False,802.8,6950.78,2.007,10.54,1783132359
All Pools,AVAX - DAI.e,0.3,False,772.75,29345.0,1.932,2.4,1783132359
All Pools,USDC.e - USDT.e,0.3,False,760.37,39982.0,1.901,1.74,1783132359
All Pools,NOCHILL - AVAX,0.3,False,645.95,58948.0,1.615,1.0,1783132359
All Pools,MUON - AVAX,0.3,False,594.34,38562.0,1.486,1.41,1783132359
All Pools,HERESY - AVAX,0.3,False,510.7,14018.0,1.277,3.32,1783132359
All Pools,USDT.e - USDC,0.02,False,463.64,894.6,0.04939,2.02,1783132359
All Pools,CDK - AVAX,0.25,False,400.74,3625.42,1.003,10.1,1783132359
All Pools,KLO - AVAX,0.3,False,383.15,12279.0,0.95787,2.85,1783132359
All Pools,BENJI - AVAX,0.1,False,371.12,694.91,0.37132,19.5,1783132359
All Pools,NZRt - AVAX,0.3,False,368.64,4367.37,0.92159,7.7,1783132359
All Pools,XETA - USDC,0.3,False,365.89,4898.86,0.91471,6.82,1783132359
All Pools,WLLYX - AVAX,0.1,False,349.76,699.99,0.34995,18.25,1783132359
All Pools,SOLMHYPER - AVAX,0.1,False,349.53,699.54,0.34972,18.25,1783132359
All Pools,FIGX - AVAX,0.1,False,349.53,699.54,0.34972,18.25,1783132359
All Pools,BKNGX - AVAX,0.1,False,349.53,699.54,0.34972,18.25,1783132359
All Pools,GU - AVAX,0.1,False,349.53,699.54,0.34972,18.25,1783132359
All Pools,HLDR - AVAX,0.1,False,349.53,699.54,0.34972,18.25,1783132359
All Pools,CURR - AVAX,0.1,False,349.4,699.27,0.34959,18.25,1783132359
All Pools,YAK - AVAX,0.3,False,349.36,3333.03,0.8734,9.56,1783132359
All Pools,VCOIN - AVAX,0.1,False,348.61,697.69,0.3488,18.25,1783132359
All Pools,GTF - AVAX,0.1,False,348.61,697.69,0.3488,18.25,1783132359
All Pools,SOXL.D - AVAX,0.1,False,348.61,697.69,0.3488,18.25,1783132359
All Pools,DK - AVAX,0.1,False,348.25,696.97,0.34844,18.25,1783132359
All Pools,IMBU - AVAX,0.1,False,348.25,696.97,0.34844,18.25,1783132359
All Pools,BVR - AVAX,0.1,False,348.04,696.56,0.34823,18.25,1783132359
All Pools,AIR - AVAX,0.1,False,348.04,696.56,0.34823,18.25,1783132359
All Pools,CYARB - AVAX,0.1,False,348.04,696.56,0.34823,18.25,1783132359
All Pools,ARX - AVAX,0.1,False,347.92,696.31,0.34811,18.25,1783132359
All Pools,INKEDUSDT - AVAX,0.1,False,347.92,696.31,0.34811,18.25,1783132359
All Pools,MNSTX - AVAX,0.1,False,347.92,696.31,0.34811,18.25,1783132359
All Pools,HYPE - AVAX,0.1,False,347.92,696.31,0.34811,18.25,1783132359
All Pools,OPTIMUSELO - AVAX,0.1,False,347.92,696.31,0.34811,18.25,1783132359
All Pools,SLN - AVAX,0.1,False,347.92,696.31,0.34811,18.25,1783132359
All Pools,GEM - AVAX,0.1,False,347.89,696.25,0.34808,18.25,1783132359
All Pools,SLVX - AVAX,0.1,False,347.89,696.25,0.34808,18.25,1783132359
All Pools,WHDX - AVAX,0.1,False,347.89,696.25,0.34808,18.25,1783132359
All Pools,TMX - AVAX,0.1,False,347.89,696.25,0.34808,18.25,1783132359
All Pools,FRXBULLAS - AVAX,0.1,False,347.89,696.25,0.34808,18.25,1783132359
All Pools,TVPLS - AVAX,0.1,False,347.89,696.25,0.34808,18.25,1783132359
All Pools,ZERO - AVAX,0.1,False,347.88,696.24,0.34808,18.25,1783132359
All Pools,HLN - AVAX,0.1,False,347.88,696.24,0.34808,18.25,1783132359
All Pools,GAMES - AVAX,0.1,False,347.88,696.24,0.34808,18.25,1783132359
All Pools,CHAOS - AVAX,0.1,False,347.6,695.67,0.34779,18.25,1783132359
All Pools,ZREAL - AVAX,0.1,False,347.6,695.67,0.34779,18.25,1783132359
All Pools,UNCOMMONGOODS - AVAX,0.1,False,347.6,695.67,0.34779,18.25,1783132359
All Pools,SN88 - AVAX,0.1,False,347.6,695.67,0.34779,18.25,1783132359
All Pools,SN100 - AVAX,0.1,False,347.6,695.67,0.34779,18.25,1783132359
All Pools,RSIC - AVAX,0.1,False,347.6,695.67,0.34779,18.25,1783132359
All Pools,PC0000049 - AVAX,0.1,False,347.55,695.58,0.34774,18.25,1783132359
All Pools,CSCO.D - AVAX,0.1,False,347.55,695.58,0.34774,18.25,1783132359
All Pools,MGLO - AVAX,0.1,False,347.55,695.58,0.34774,18.25,1783132359
All Pools,SN3 - AVAX,0.1,False,347.55,695.58,0.34774,18.25,1783132359
All Pools,EUROP - AVAX,0.1,False,347.51,695.51,0.34771,18.25,1783132359
All Pools,SN79 - AVAX,0.1,False,347.51,695.51,0.34771,18.25,1783132359
All Pools,MIM - AVAX,0.1,False,347.51,695.51,0.34771,18.25,1783132359
All Pools,CRVFRAX - AVAX,0.1,False,347.51,695.51,0.34771,18.25,1783132359
All Pools,SN84 - AVAX,0.1,False,347.44,695.37,0.34764,18.25,1783132359
All Pools,BNBHOLDER - AVAX,0.1,False,347.44,695.37,0.34764,18.25,1783132359
All Pools,PUNCH - AVAX,0.1,False,347.26,694.99,0.34745,18.25,1783132359
All Pools,LOBO - AVAX,0.1,False,347.26,694.99,0.34745,18.25,1783132359
All Pools,TAOLOR - AVAX,0.1,False,347.08,694.64,0.34727,18.25,1783132359
All Pools,EUROT - AVAX,0.1,False,347.08,694.64,0.34727,18.25,1783132359
All Pools,AI4 - AVAX,0.1,False,347.08,694.64,0.34727,18.25,1783132359
All Pools,ERA - AVAX,0.1,False,347.08,694.64,0.34727,18.25,1783132359
All Pools,CHILLGUY - AVAX,0.1,False,347.08,694.64,0.34727,18.25,1783132359
All Pools,BRETTA - AVAX,0.1,False,347.08,694.64,0.34727,18.25,1783132359
All Pools,NOTHING - AVAX,0.1,False,346.99,3.228,0.34718,3925.27,1783132359
All Pools,SCI6900 - AVAX,0.1,False,346.95,694.38,0.34714,18.25,1783132359
All Pools,STSHIP - AVAX,0.1,False,346.95,694.38,0.34714,18.25,1783132359
All Pools,$ROO - AVAX,0.1,False,346.95,694.38,0.34714,18.25,1783132359
All Pools,LORE - AVAX,0.1,False,346.95,694.38,0.34714,18.25,1783132359
All Pools,EOLAS - AVAX,0.1,False,346.95,3.194,0.34714,3967.23,1783132359
All Pools,CHIPS - AVAX,0.1,False,346.95,694.38,0.34714,18.25,1783132359
All Pools,LIQ - AVAX,0.1,False,346.95,694.38,0.34714,18.25,1783132359
All Pools,SATOSHI - AVAX,0.1,False,346.95,694.38,0.34714,18.25,1783132359
All Pools,W - AVAX,0.1,False,346.95,694.38,0.34714,18.25,1783132359
All Pools,PIKA - AVAX,0.1,False,346.95,694.38,0.34714,18.25,1783132359
All Pools,KARMA - AVAX,0.1,False,346.95,694.38,0.34714,18.25,1783132359
All Pools,TULSA - AVAX,0.1,False,346.94,694.36,0.34713,18.25,1783132359
All Pools,TDOGE - AVAX,0.1,False,346.94,694.36,0.34713,18.25,1783132359
All Pools,GALO - AVAX,0.1,False,346.94,694.36,0.34713,18.25,1783132359
All Pools,YEETI - AVAX,0.1,False,346.94,694.36,0.34713,18.25,1783132359
All Pools,BHIGH - AVAX,0.1,False,346.94,694.36,0.34713,18.25,1783132359
All Pools,SSHIB - AVAX,0.1,False,346.94,694.36,0.34713,18.25,1783132359
All Pools,ZRW - AVAX,0.1,False,346.7,693.87,0.34689,18.25,1783132359
All Pools,KYO - AVAX,0.1,False,346.49,693.46,0.34668,18.25,1783132359
All Pools,TBOS - AVAX,0.1,False,346.49,693.46,0.34668,18.25,1783132359
All Pools,USDOT - AVAX,0.1,False,346.49,693.46,0.34668,18.25,1783132359
All Pools,CHMPZ - AVAX,0.1,False,346.49,693.46,0.34668,18.25,1783132359
All Pools,DSWAP - AVAX,0.1,False,346.49,693.46,0.34668,18.25,1783132359
All Pools,T1COW - AVAX,0.1,False,346.4,693.27,0.34659,18.25,1783132359
All Pools,CATCH - AVAX,0.1,False,346.4,693.27,0.34659,18.25,1783132359
All Pools,CHUOI - AVAX,0.1,False,346.4,693.27,0.34659,18.25,1783132359
All Pools,ONSS - AVAX,0.1,False,346.4,693.27,0.34659,18.25,1783132359
All Pools,PLUG - AVAX,0.1,False,346.4,693.27,0.34659,18.25,1783132359
All Pools,RUNIX - AVAX,0.1,False,346.4,693.27,0.34659,18.25,1783132359
All Pools,ONSG - AVAX,0.1,False,346.4,693.27,0.34659,18.25,1783132359
All Pools,CULTANIME - AVAX,0.1,False,346.39,693.25,0.34658,18.25,1783132359
All Pools,MESSENGER - AVAX,0.1,False,346.39,693.25,0.34658,18.25,1783132359
All Pools,MORITZ - AVAX,0.1,False,346.39,693.25,0.34658,18.25,1783132359
All Pools,TUANH - AVAX,0.1,False,346.39,693.25,0.34658,18.25,1783132359
All Pools,JIWA - AVAX,0.1,False,346.39,693.25,0.34658,18.25,1783132359
All Pools,CC - AVAX,0.1,False,346.39,693.25,0.34658,18.25,1783132359
All Pools,ENGINE - AVAX,0.1,False,346.22,692.91,0.34641,18.25,1783132359
All Pools,PENG - AVAX,0.1,False,346.22,692.91,0.34641,18.25,1783132359
All Pools,BOATKID - AVAX,0.1,False,346.22,692.91,0.34641,18.25,1783132359
All Pools,AOGE - AVAX,0.1,False,346.22,692.91,0.34641,18.25,1783132359
All Pools,GIGA - AVAX,0.1,False,346.22,692.91,0.34641,18.25,1783132359
All Pools,MBAPEPE - AVAX,0.1,False,346.22,692.91,0.34641,18.25,1783132359
All Pools,HALLOWEEN - AVAX,0.1,False,346.22,692.91,0.34641,18.25,1783132359
All Pools,ELFIE - AVAX,0.1,False,346.2,692.88,0.34639,18.25,1783132359
All Pools,BEPE - AVAX,0.1,False,346.2,2.445,0.34639,5172.11,1783132359
All Pools,DAPANG - AVAX,0.1,False,346.1,692.68,0.34629,18.25,1783132359
All Pools,INVESTOR - AVAX,0.1,False,346.1,692.68,0.34629,18.25,1783132359
All Pools,YEE - AVAX,0.1,False,346.1,692.68,0.34629,18.25,1783132359
All Pools,FIREHORSE - AVAX,0.1,False,346.1,692.68,0.34629,18.25,1783132359
All Pools,NESS - AVAX,0.1,False,345.72,696.91,0.34591,18.12,1783132359
All Pools,ETHGUSDTQ - AVAX,0.1,False,345.6,691.67,0.34579,18.25,1783132359
All Pools,BTCO.D - AVAX,0.1,False,345.6,691.67,0.34579,18.25,1783132359
All Pools,XSTXAG - AVAX,0.1,False,345.6,691.67,0.34579,18.25,1783132359
All Pools,USHI - AVAX,0.1,False,345.58,691.64,0.34577,18.25,1783132359
All Pools,SHOW - AVAX,0.1,False,345.58,691.64,0.34577,18.25,1783132359
All Pools,GURS - AVAX,0.1,False,345.41,691.29,0.3456,18.25,1783132359
All Pools,AAMMUNIDAIUSDC - AVAX,0.1,False,345.41,691.29,0.3456,18.25,1783132359
All Pools,AAMMUNIYFIWETH - AVAX,0.1,False,345.41,691.29,0.3456,18.25,1783132359
All Pools,DBT - AVAX,0.1,False,345.41,691.29,0.3456,18.25,1783132359
All Pools,OHM - AVAX,0.1,False,345.41,691.29,0.3456,18.25,1783132359
All Pools,SQUAD - AVAX,0.1,False,345.35,691.17,0.34554,18.25,1783132359
All Pools,FTT - AVAX,0.1,False,345.35,691.17,0.34554,18.25,1783132359
All Pools,MUZKI - AVAX,0.1,False,345.35,691.17,0.34554,18.25,1783132359
All Pools,LUM - AVAX,0.1,False,345.35,691.17,0.34554,18.25,1783132359
All Pools,$MAFIA - AVAX,0.1,False,345.35,691.17,0.34554,18.25,1783132359
All Pools,THIRSTCOIN - AVAX,0.1,False,345.35,691.17,0.34554,18.25,1783132359
All Pools,CREW - AVAX,0.1,False,345.24,690.96,0.34543,18.25,1783132359
All Pools,ETHS - AVAX,0.1,False,345.24,690.96,0.34543,18.25,1783132359
All Pools,META.D - AVAX,0.1,False,345.17,690.82,0.34536,18.25,1783132359
All Pools,GUSD - AVAX,0.1,False,345.17,690.82,0.34536,18.25,1783132359
All Pools,PHNM - AVAX,0.1,False,345.17,690.82,0.34536,18.25,1783132359
All Pools,BITO - AVAX,0.1,False,345.17,690.82,0.34536,18.25,1783132359
All Pools,SUSDT - AVAX,0.1,False,345.17,690.82,0.34536,18.25,1783132359
All Pools,MK - AVAX,0.1,False,345.17,690.82,0.34536,18.25,1783132359
All Pools,CHESS - AVAX,0.1,False,345.17,690.82,0.34536,18.25,1783132359
All Pools,DMIND - AVAX,0.1,False,345.17,1.411,0.34536,8932.25,1783132359
All Pools,EMRL.D - AVAX,0.1,False,345.17,1.411,0.34536,8932.25,1783132359
All Pools,KONG - AVAX,0.1,False,345.17,690.82,0.34536,18.25,1783132359
All Pools,$NATION - AVAX,0.1,False,345.05,690.57,0.34524,18.25,1783132359
All Pools,AVR - AVAX,0.1,False,345.05,1.289,0.34524,9772.6,1783132359
All Pools,GEAR - AVAX,0.1,False,345.01,690.5,0.3452,18.25,1783132359
All Pools,XRPAYNET - AVAX,0.1,False,345.01,690.5,0.3452,18.25,1783132359
All Pools,PERL - AVAX,0.1,False,345.01,690.5,0.3452,18.25,1783132359
All Pools,ADDY - AVAX,0.1,False,345.01,690.5,0.3452,18.25,1783132359
All Pools,XOR - AVAX,0.1,False,345.01,690.5,0.3452,18.25,1783132359
All Pools,CFG - AVAX,0.1,False,344.97,690.42,0.34516,18.25,1783132359
All Pools,PLSB - AVAX,0.1,False,344.97,690.42,0.34516,18.25,1783132359
All Pools,PHUX - AVAX,0.1,False,344.97,690.42,0.34516,18.25,1783132359
All Pools,GODL - AVAX,0.1,False,344.97,690.42,0.34516,18.25,1783132359
All Pools,BONE - AVAX,0.1,False,344.97,690.42,0.34516,18.25,1783132359
All Pools,ARGO - AVAX,0.1,False,344.97,690.42,0.34516,18.25,1783132359
All Pools,VIBE - AVAX,0.1,False,344.97,1.211,0.34516,10399.02,1783132359
All Pools,SOLARIS - AVAX,0.1,False,344.85,690.18,0.34504,18.25,1783132359
All Pools,MOONCAT - AVAX,0.1,False,344.85,690.18,0.34504,18.25,1783132359
All Pools,DUSD - AVAX,0.1,False,344.85,690.18,0.34504,18.25,1783132359
All Pools,XCHNG - AVAX,0.1,False,344.85,690.18,0.34504,18.25,1783132359
All Pools,BLEPE - AVAX,0.1,False,344.85,690.18,0.34504,18.25,1783132359
All Pools,GOLDY - AVAX,0.1,False,344.85,690.18,0.34504,18.25,1783132359
All Pools,WVTRS - AVAX,0.1,False,344.85,690.18,0.34504,18.25,1783132359
All Pools,POX - AVAX,0.1,False,344.78,690.04,0.34497,18.25,1783132359
All Pools,USD+ - AVAX,0.1,False,344.78,690.04,0.34497,18.25,1783132359
All Pools,NVC - AVAX,0.1,False,344.78,690.03,0.34497,18.25,1783132359
All Pools,PRTG - AVAX,0.1,False,344.78,690.03,0.34497,18.25,1783132359
All Pools,SOLANA - AVAX,0.1,False,344.78,690.03,0.34497,18.25,1783132359
All Pools,TTG - AVAX,0.1,False,344.78,690.03,0.34497,18.25,1783132359
All Pools,COLA - AVAX,0.1,False,344.78,690.03,0.34497,18.25,1783132359
All Pools,FPI - AVAX,0.1,False,344.77,690.01,0.34496,18.25,1783132359
All Pools,DRIP - AVAX,0.1,False,344.77,690.01,0.34496,18.25,1783132359
All Pools,ATT - AVAX,0.1,False,344.77,690.01,0.34496,18.25,1783132359
All Pools,SHARE - AVAX,0.1,False,344.77,690.01,0.34496,18.25,1783132359
All Pools,ASTRA - AVAX,0.1,False,344.77,690.01,0.34496,18.25,1783132359
All Pools,LP - YCRV - AVAX,0.1,False,344.75,689.97,0.34494,18.25,1783132359
All Pools,DEGEN - AVAX,0.1,False,344.75,689.97,0.34494,18.25,1783132359
All Pools,SHDW - AVAX,0.1,False,344.75,689.97,0.34494,18.25,1783132359
All Pools,NOP - AVAX,0.1,False,344.75,689.97,0.34494,18.25,1783132359
All Pools,SUMMER - AVAX,0.1,False,344.75,689.97,0.34494,18.25,1783132359
All Pools,$BOO - AVAX,0.1,False,344.75,0.99124,0.34494,12701.55,1783132359
All Pools,KEYS - AVAX,0.1,False,344.75,689.97,0.34494,18.25,1783132359
All Pools,BEEP - AVAX,0.1,False,344.75,689.97,0.34494,18.25,1783132359
All Pools,VIKTO - AVAX,0.1,False,344.75,689.97,0.34494,18.25,1783132359
All Pools,XBO - AVAX,0.1,False,344.75,689.97,0.34494,18.25,1783132359
All Pools,OSQTH - AVAX,0.1,False,344.75,689.97,0.34494,18.25,1783132359
All Pools,DAI.e - USDC,0.02,False,344.72,2430.75,0.06634,1.0,1783132359
All Pools,GCX - AVAX,0.1,False,344.71,689.89,0.3449,18.25,1783132359
All Pools,CVXFXN - AVAX,0.1,False,344.71,689.89,0.3449,18.25,1783132359
All Pools,AAMMUNICRVWETH - AVAX,0.1,False,344.71,689.89,0.3449,18.25,1783132359
All Pools,RALLY - AVAX,0.1,False,344.71,689.89,0.3449,18.25,1783132359
All Pools,BDTC - AVAX,0.1,False,344.71,689.89,0.3449,18.25,1783132359
All Pools,HLX - AVAX,0.1,False,344.71,0.94672,0.3449,13297.14,1783132359
All Pools,UNCN - AVAX,0.1,False,344.71,689.89,0.3449,18.25,1783132359
All Pools,PHI - AVAX,0.1,False,344.7,689.88,0.34489,18.25,1783132359
All Pools,BUBBA - AVAX,0.1,False,344.7,689.88,0.34489,18.25,1783132359
All Pools,PRO - AVAX,0.1,False,344.7,689.88,0.34489,18.25,1783132359
All Pools,AMT - AVAX,0.1,False,344.7,689.88,0.34489,18.25,1783132359
All Pools,XRS - AVAX,0.1,False,344.7,689.88,0.34489,18.25,1783132359
All Pools,UNI - AVAX,0.1,False,344.7,689.88,0.34489,18.25,1783132359
All Pools,SPN - AVAX,0.1,False,344.68,689.84,0.34487,18.25,1783132359
All Pools,EPL - AVAX,0.1,False,344.68,689.84,0.34487,18.25,1783132359
All Pools,RFRM - AVAX,0.1,False,344.68,689.84,0.34487,18.25,1783132359
All Pools,OPEN - AVAX,0.1,False,344.68,689.84,0.34487,18.25,1783132359
All Pools,ICS - AVAX,0.1,False,344.67,0.91105,0.34486,13816.3,1783132359
All Pools,HF - AVAX,0.1,False,344.67,689.81,0.34486,18.25,1783132359
All Pools,UNIT - AVAX,0.1,False,344.67,689.81,0.34486,18.25,1783132359
All Pools,ANIMA - AVAX,0.1,False,344.67,689.81,0.34486,18.25,1783132359
All Pools,BTC20 - AVAX,0.1,False,344.67,689.81,0.34486,18.25,1783132359
All Pools,GXE - AVAX,0.1,False,344.67,689.81,0.34486,18.25,1783132359
All Pools,TFT - AVAX,0.1,False,344.67,689.81,0.34486,18.25,1783132359
All Pools,SCURVE - AVAX,0.1,False,344.67,689.81,0.34486,18.25,1783132359
All Pools,AUDT - AVAX,0.1,False,344.67,689.81,0.34486,18.25,1783132359
All Pools,VUSDC - AVAX,0.1,False,344.67,0.90665,0.34486,13883.29,1783132359
All Pools,MSVP - AVAX,0.1,False,344.67,689.81,0.34486,18.25,1783132359
All Pools,HADES - AVAX,0.1,False,344.67,0.90665,0.34486,13883.29,1783132359
All Pools,THND - AVAX,0.1,False,344.67,689.81,0.34486,18.25,1783132359
All Pools,FIRE - AVAX,0.1,False,344.57,689.62,0.34476,18.25,1783132359
All Pools,PLN - AVAX,0.1,False,344.57,689.62,0.34476,18.25,1783132359
All Pools,GAMBIT - AVAX,0.1,False,344.57,689.62,0.34476,18.25,1783132359
All Pools,HAI - AVAX,0.1,False,344.57,689.62,0.34476,18.25,1783132359
All Pools,STBL - AVAX,0.1,False,344.57,689.62,0.34476,18.25,1783132359
All Pools,KZEN - AVAX,0.1,False,344.54,689.55,0.34473,18.25,1783132359
All Pools,OPULENCE - AVAX,0.1,False,344.54,689.55,0.34473,18.25,1783132359
All Pools,SRDS - AVAX,0.1,False,344.54,689.55,0.34473,18.25,1783132359
All Pools,YVYFI - AVAX,0.1,False,344.54,689.55,0.34473,18.25,1783132359
All Pools,VBNT - AVAX,0.1,False,344.54,689.55,0.34473,18.25,1783132359
All Pools,HOOLI - AVAX,0.1,False,344.54,689.55,0.34473,18.25,1783132359
All Pools,EFX - AVAX,0.1,False,344.43,689.34,0.34462,18.25,1783132359
All Pools,ADAO - AVAX,0.1,False,344.43,689.34,0.34462,18.25,1783132359
All Pools,EXAWBTC - AVAX,0.1,False,344.43,689.34,0.34462,18.25,1783132359
All Pools,MEDIA - AVAX,0.1,False,344.43,689.34,0.34462,18.25,1783132359
All Pools,MAMBA - AVAX,0.1,False,344.43,689.32,0.34461,18.25,1783132359
All Pools,BMAX - AVAX,0.1,False,344.43,689.32,0.34461,18.25,1783132359
All Pools,ORDER - AVAX,0.1,False,344.39,689.25,0.34458,18.25,1783132359
All Pools,YVSUSHI - AVAX,0.1,False,344.32,689.12,0.34451,18.25,1783132359
All Pools,SOLPAD - AVAX,0.1,False,344.32,689.12,0.34451,18.25,1783132359
All Pools,MIRAI - AVAX,0.1,False,344.32,689.11,0.34451,18.25,1783132359
All Pools,MOB - AVAX,0.1,False,344.32,689.11,0.34451,18.25,1783132359
All Pools,GPX - AVAX,0.1,False,344.32,689.11,0.34451,18.25,1783132359
All Pools,KOGECOIN - AVAX,0.1,False,344.25,688.97,0.34444,18.25,1783132359
All Pools,UBI - AVAX,0.1,False,344.25,688.97,0.34444,18.25,1783132359
All Pools,BIBI - AVAX,0.1,False,344.22,688.9,0.3444,18.25,1783132359
All Pools,PEIPEI - AVAX,0.1,False,344.22,688.9,0.3444,18.25,1783132359
All Pools,CMKR - AVAX,0.1,False,344.19,0.43234,0.34438,29074.18,1783132359
All Pools,ICNX - AVAX,0.1,False,344.19,688.86,0.34438,18.25,1783132359
All Pools,UOS - AVAX,0.1,False,344.19,688.86,0.34438,18.25,1783132359
All Pools,TOR - AVAX,0.1,False,344.11,688.68,0.34429,18.25,1783132359
All Pools,MAI - AVAX,0.1,False,344.11,688.68,0.34429,18.25,1783132359
All Pools,MARIO - AVAX,0.1,False,344.11,688.68,0.34429,18.25,1783132359
All Pools,WAXE - AVAX,0.1,False,344.11,688.68,0.34429,18.25,1783132359
All Pools,HAVENX - AVAX,0.1,False,344.0,688.47,0.34419,18.25,1783132359
All Pools,MOLE - AVAX,0.1,False,344.0,0.23737,0.34419,52923.95,1783132359
All Pools,WMSTRX - AVAX,0.1,False,344.0,688.47,0.34419,18.25,1783132359
All Pools,COVEUSD - AVAX,0.1,False,344.0,688.47,0.34419,18.25,1783132359
All Pools,PEPD - AVAX,0.1,False,343.97,688.41,0.34416,18.25,1783132359
All Pools,ETHE.D - AVAX,0.1,False,343.97,688.41,0.34416,18.25,1783132359
All Pools,ILAND - AVAX,0.1,False,343.97,688.41,0.34416,18.25,1783132359
All Pools,IONUSDT - AVAX,0.1,False,343.94,688.34,0.34413,18.25,1783132359
All Pools,MEG - AVAX,0.1,False,343.94,688.34,0.34413,18.25,1783132359
All Pools,FH - AVAX,0.1,False,343.94,688.34,0.34413,18.25,1783132359
All Pools,VSTX - AVAX,0.1,False,343.94,688.34,0.34413,18.25,1783132359
All Pools,ICDA - AVAX,0.1,False,343.94,688.34,0.34413,18.25,1783132359
All Pools,PARTICLE - AVAX,0.1,False,343.94,0.17627,0.34413,71258.6,1783132359
All Pools,GLXYX - AVAX,0.1,False,343.94,688.34,0.34413,18.25,1783132359
All Pools,BOAI - AVAX,0.1,False,343.94,688.34,0.34413,18.25,1783132359
All Pools,BFF - AVAX,0.1,False,343.94,688.34,0.34413,18.25,1783132359
All Pools,RUMI - AVAX,0.1,False,343.94,688.34,0.34413,18.25,1783132359
All Pools,GGEM - AVAX,0.1,False,343.94,688.34,0.34413,18.25,1783132359
All Pools,REDPEPE - AVAX,0.1,False,343.94,688.34,0.34413,18.25,1783132359
All Pools,OKTO - AVAX,0.1,False,343.92,688.32,0.34411,18.25,1783132359
All Pools,LOGX - AVAX,0.1,False,343.92,688.32,0.34411,18.25,1783132359
All Pools,MLSETH - AVAX,0.1,False,343.92,688.32,0.34411,18.25,1783132359
All Pools,GNIMB - AVAX,0.1,False,343.92,688.32,0.34411,18.25,1783132359
All Pools,WCMCSAX - AVAX,0.1,False,343.92,688.32,0.34411,18.25,1783132359
All Pools,PEPEX - AVAX,0.1,False,343.92,688.32,0.34411,18.25,1783132359
All Pools,USUAL - AVAX,0.1,False,343.92,688.32,0.34411,18.25,1783132359
All Pools,RESERVE - AVAX,0.1,False,343.92,688.32,0.34411,18.25,1783132359
All Pools,CROW - AVAX,0.1,False,343.87,688.21,0.34406,18.25,1783132359
All Pools,BAT - AVAX,0.1,False,343.87,688.21,0.34406,18.25,1783132359
All Pools,PAINT - AVAX,0.1,False,343.87,688.21,0.34406,18.25,1783132359
All Pools,MONKAS - AVAX,0.1,False,343.87,688.21,0.34406,18.25,1783132359
All Pools,GIGA - AVAX,0.1,False,343.87,688.21,0.34406,18.25,1783132359
All Pools,SYMX - AVAX,0.1,False,343.87,688.21,0.34406,18.25,1783132359
All Pools,OZ - AVAX,0.1,False,343.67,687.82,0.34386,18.25,1783132359
All Pools,PSYOP - AVAX,0.1,False,343.67,687.82,0.34386,18.25,1783132359
All Pools,LIUSD - AVAX,0.1,False,343.67,687.82,0.34386,18.25,1783132359
All Pools,SIVR.D - AVAX,0.1,False,343.67,687.82,0.34386,18.25,1783132359
All Pools,WEAT.D - AVAX,0.1,False,343.67,687.82,0.34386,18.25,1783132359
All Pools,CRM - AVAX,0.1,False,343.67,687.82,0.34386,18.25,1783132359
All Pools,BUILDOUT - AVAX,0.1,False,343.67,687.82,0.34386,18.25,1783132359
All Pools,WCRWDX - AVAX,0.1,False,343.65,687.77,0.34384,18.25,1783132359
All Pools,FOX - AVAX,0.1,False,343.65,687.77,0.34384,18.25,1783132359
All Pools,SOLI - AVAX,0.1,False,343.65,687.77,0.34384,18.25,1783132359
All Pools,$GREENGOLD - AVAX,0.1,False,343.65,687.77,0.34384,18.25,1783132359
All Pools,DOMEN - AVAX,0.1,False,343.65,687.77,0.34384,18.25,1783132359
All Pools,GLTM - AVAX,0.1,False,343.65,687.77,0.34384,18.25,1783132359
All Pools,STRKX - AVAX,0.1,False,343.65,687.77,0.34384,18.25,1783132359
All Pools,YYOLO - AVAX,0.1,False,343.65,687.76,0.34383,18.25,1783132359
All Pools,LSDAI - AVAX,0.1,False,343.65,687.76,0.34383,18.25,1783132359
All Pools,BBESC - AVAX,0.1,False,343.62,-0.14391,0.3438,-87202.07,1783132359
All Pools,ARKK.D - AVAX,0.1,False,343.62,687.7,0.3438,18.25,1783132359
All Pools,SPTE.D - AVAX,0.1,False,343.62,687.7,0.3438,18.25,1783132359
All Pools,PARK - AVAX,0.1,False,343.6,687.68,0.34379,18.25,1783132359
All Pools,PRINT - AVAX,0.1,False,343.6,687.68,0.34379,18.25,1783132359
All Pools,USTB - AVAX,0.1,False,343.6,687.68,0.34379,18.25,1783132359
All Pools,BLKX - AVAX,0.1,False,343.6,687.68,0.34379,18.25,1783132359
All Pools,RE7RWA - AVAX,0.1,False,343.6,687.68,0.34379,18.25,1783132359
All Pools,TICKET - AVAX,0.1,False,343.6,687.68,0.34379,18.25,1783132359
All Pools,EGG - AVAX,0.1,False,343.6,687.68,0.34379,18.25,1783132359
All Pools,CARRYTRADEUSDTRYLEVERAGE - AVAX,0.1,False,343.58,687.64,0.34377,18.25,1783132359
All Pools,RT - BUSD0 - AVAX,0.1,False,343.58,687.64,0.34377,18.25,1783132359
All Pools,LINK.E - AVAX,0.1,False,343.58,687.64,0.34377,18.25,1783132359
All Pools,CANDY - AVAX,0.1,False,343.58,687.64,0.34377,18.25,1783132359
All Pools,SOX3S - AVAX,0.1,False,343.58,687.64,0.34377,18.25,1783132359
All Pools,KARMA - AVAX,0.1,False,343.58,687.64,0.34377,18.25,1783132359
All Pools,MPP - AVAX,0.1,False,343.57,687.61,0.34376,18.25,1783132359
All Pools,WAKU - AVAX,0.1,False,343.57,687.61,0.34376,18.25,1783132359
All Pools,SOL10 - AVAX,0.1,False,343.57,687.61,0.34376,18.25,1783132359
All Pools,POLYCUB - AVAX,0.1,False,343.57,687.61,0.34376,18.25,1783132359
All Pools,SMBA - AVAX,0.1,False,343.55,687.57,0.34374,18.25,1783132359
All Pools,V.D - AVAX,0.1,False,343.55,687.57,0.34374,18.25,1783132359
All Pools,FLOW - AVAX,0.1,False,343.55,687.57,0.34374,18.25,1783132359
All Pools,SDPENDLE - AVAX,0.1,False,343.55,687.57,0.34374,18.25,1783132359
All Pools,AMC - AVAX,0.1,False,343.55,687.57,0.34374,18.25,1783132359
All Pools,JRDOLA - AVAX,0.1,False,343.55,687.57,0.34374,18.25,1783132359
All Pools,EXOD - AVAX,0.1,False,343.55,687.57,0.34374,18.25,1783132359
All Pools,RIOT.D - AVAX,0.1,False,343.55,687.57,0.34374,18.25,1783132359
All Pools,BTCK - AVAX,0.1,False,343.55,687.56,0.34373,18.25,1783132359
All Pools,SCCN - AVAX,0.1,False,343.55,687.56,0.34373,18.25,1783132359
All Pools,INFERRA - AVAX,0.1,False,343.55,687.56,0.34373,18.25,1783132359
All Pools,MCTP - AVAX,0.1,False,343.55,687.56,0.34373,18.25,1783132359
All Pools,DONK - AVAX,0.1,False,343.55,687.56,0.34373,18.25,1783132359
All Pools,FAIR - AVAX,0.1,False,343.55,687.56,0.34373,18.25,1783132359
All Pools,GRACY - AVAX,0.1,False,343.55,687.56,0.34373,18.25,1783132359
All Pools,TBC - AVAX,0.1,False,343.55,687.56,0.34373,18.25,1783132359
All Pools,TER - AVAX,0.1,False,343.54,687.55,0.34373,18.25,1783132359
All Pools,PUNKY - AVAX,0.1,False,343.54,687.55,0.34373,18.25,1783132359
All Pools,MSP - AVAX,0.1,False,343.54,687.55,0.34373,18.25,1783132359
All Pools,FDOS - AVAX,0.1,False,343.54,-0.2199,0.34373,-57053.52,1783132359
All Pools,KRW1 - AVAX,0.1,False,343.54,687.55,0.34373,18.25,1783132359
All Pools,DECO - AVAX,0.1,False,343.54,687.55,0.34373,18.25,1783132359
All Pools,SBMT - AVAX,0.1,False,343.54,687.55,0.34373,18.25,1783132359
All Pools,JLTXX - AVAX,0.1,False,343.54,687.54,0.34372,18.25,1783132359
All Pools,TALAX - AVAX,0.1,False,343.54,687.54,0.34372,18.25,1783132359
All Pools,TSLA.D - AVAX,0.1,False,343.54,687.54,0.34372,18.25,1783132359
All Pools,CCL.D - AVAX,0.1,False,343.54,687.54,0.34372,18.25,1783132359
All Pools,VXX.D - AVAX,0.1,False,343.54,687.54,0.34372,18.25,1783132359
All Pools,EXPEX - AVAX,0.1,False,343.54,687.54,0.34372,18.25,1783132359
All Pools,BFI - AVAX,0.1,False,343.54,687.54,0.34372,18.25,1783132359
All Pools,LAAI - AVAX,0.1,False,343.52,687.51,0.34371,18.25,1783132359
All Pools,PTC - AVAX,0.1,False,343.52,687.51,0.34371,18.25,1783132359
All Pools,KSWAP - AVAX,0.1,False,343.52,687.51,0.34371,18.25,1783132359
All Pools,SPOS - AVAX,0.1,False,343.52,687.51,0.34371,18.25,1783132359
All Pools,CFI - AVAX,0.1,False,343.52,687.51,0.34371,18.25,1783132359
All Pools,SCART - AVAX,0.1,False,343.52,687.51,0.34371,18.25,1783132359
All Pools,WVTRU - AVAX,0.1,False,343.52,687.51,0.34371,18.25,1783132359
All Pools,HAWEX - AVAX,0.1,False,343.48,687.44,0.34367,18.25,1783132359
All Pools,AP - AVAX,0.1,False,343.48,687.44,0.34367,18.25,1783132359
All Pools,HUST - AVAX,0.1,False,343.46,687.39,0.34365,18.25,1783132359
All Pools,MLS - AVAX,0.1,False,343.46,687.39,0.34365,18.25,1783132359
All Pools,TIME - AVAX,0.1,False,343.46,687.39,0.34365,18.25,1783132359
All Pools,GAME - AVAX,0.1,False,343.46,-0.30271,0.34365,-41435.33,1783132359
All Pools,ARX - AVAX,0.1,False,343.46,687.39,0.34365,18.25,1783132359
All Pools,HUT.D - AVAX,0.1,False,343.46,-0.30271,0.34365,-41435.33,1783132359
All Pools,WNFLXX - AVAX,0.1,False,343.46,687.39,0.34365,18.25,1783132359
All Pools,GRAIN - AVAX,0.1,False,343.46,687.39,0.34365,18.25,1783132359
All Pools,NBS - AVAX,0.1,False,343.44,687.36,0.34363,18.25,1783132359
All Pools,A1X - AVAX,0.1,False,343.44,687.36,0.34363,18.25,1783132359
All Pools,GFTM - AVAX,0.1,False,343.44,687.36,0.34363,18.25,1783132359
All Pools,LDZ - AVAX,0.1,False,343.44,687.36,0.34363,18.25,1783132359
All Pools,KNOB - AVAX,0.1,False,343.44,687.36,0.34363,18.25,1783132359
All Pools,XTSY - AVAX,0.1,False,343.44,687.35,0.34363,18.25,1783132359
All Pools,MINTY - AVAX,0.1,False,343.44,687.35,0.34363,18.25,1783132359
All Pools,FLDX - AVAX,0.1,False,343.44,-0.324,0.34362,-38710.78,1783132359
All Pools,SPORES - AVAX,0.1,False,343.44,-0.324,0.34362,-38710.78,1783132359
All Pools,ZAP - AVAX,0.1,False,343.44,687.34,0.34362,18.25,1783132359
All Pools,HYPED - AVAX,0.1,False,343.44,687.34,0.34362,18.25,1783132359
All Pools,WHOODX - AVAX,0.1,False,343.44,687.34,0.34362,18.25,1783132359
All Pools,LOPO - AVAX,0.1,False,343.44,687.34,0.34362,18.25,1783132359
All Pools,JUICE - AVAX,0.1,False,343.44,687.34,0.34362,18.25,1783132359
All Pools,LOTUS - AVAX,0.1,False,343.43,687.34,0.34362,18.25,1783132359
All Pools,STC - AVAX,0.1,False,343.43,687.34,0.34362,18.25,1783132359
All Pools,LICORE - AVAX,0.1,False,343.41,687.29,0.3436,18.25,1783132359
All Pools,PED - AVAX,0.1,False,343.41,-0.3489,0.3436,-35945.8,1783132359
All Pools,BTCN - AVAX,0.1,False,343.41,687.29,0.3436,18.25,1783132359
All Pools,WBRK.BX - AVAX,0.1,False,343.41,687.29,0.3436,18.25,1783132359
All Pools,SPAY - AVAX,0.1,False,343.41,687.29,0.3436,18.25,1783132359
All Pools,COGNI - AVAX,0.1,False,343.41,687.29,0.3436,18.25,1783132359
All Pools,MNT - AVAX,0.1,False,343.4,687.27,0.34359,18.25,1783132359
All Pools,RUX - AVAX,0.1,False,343.4,687.27,0.34359,18.25,1783132359
All Pools,SOLAR - AVAX,0.1,False,343.4,687.27,0.34359,18.25,1783132359
All Pools,MRETH - AVAX,0.1,False,343.4,687.27,0.34359,18.25,1783132359
All Pools,KO.D - AVAX,0.1,False,343.4,687.27,0.34359,18.25,1783132359
All Pools,GIANTAI - AVAX,0.1,False,343.4,687.27,0.34359,18.25,1783132359
All Pools,CTI - AVAX,0.1,False,343.4,687.27,0.34359,18.25,1783132359
All Pools,HBOX - AVAX,0.1,False,343.39,687.26,0.34358,18.25,1783132359
All Pools,NOX - AVAX,0.1,False,343.39,687.26,0.34358,18.25,1783132359
All Pools,DIVA - AVAX,0.1,False,343.39,687.26,0.34358,18.25,1783132359
All Pools,WTMOX - AVAX,0.1,False,343.39,687.26,0.34358,18.25,1783132359
All Pools,SWIFT - AVAX,0.1,False,343.39,687.26,0.34358,18.25,1783132359
All Pools,OMN - AVAX,0.1,False,343.39,687.26,0.34358,18.25,1783132359
All Pools,SONY.D - AVAX,0.1,False,343.39,687.26,0.34358,18.25,1783132359
All Pools,BM2K - AVAX,0.1,False,343.38,687.24,0.34357,18.25,1783132359
All Pools,EBAYX - AVAX,0.1,False,343.38,687.24,0.34357,18.25,1783132359
All Pools,ARKB.D - AVAX,0.1,False,343.38,687.24,0.34357,18.25,1783132359
All Pools,MCWBTC - AVAX,0.1,False,343.38,687.24,0.34357,18.25,1783132359
All Pools,YOOL - AVAX,0.1,False,343.38,-0.37738,0.34357,-33230.19,1783132359
All Pools,$AIR - AVAX,0.1,False,343.38,687.24,0.34357,18.25,1783132359
All Pools,WLTK - AVAX,0.1,False,343.38,687.24,0.34357,18.25,1783132359
All Pools,WCSCOX - AVAX,0.1,False,343.37,687.21,0.34356,18.25,1783132359
All Pools,LAA - AVAX,0.1,False,343.37,687.21,0.34356,18.25,1783132359
All Pools,YBETH - AVAX,0.1,False,343.37,687.21,0.34356,18.25,1783132359
All Pools,WRAM - AVAX,0.1,False,343.37,687.21,0.34356,18.25,1783132359
All Pools,EVRX - AVAX,0.1,False,343.36,687.2,0.34355,18.25,1783132359
All Pools,TYZ - AVAX,0.1,False,343.36,687.2,0.34355,18.25,1783132359
All Pools,NPERENA - AVAX,0.1,False,343.36,687.2,0.34355,18.25,1783132359
All Pools,TTT - AVAX,0.1,False,343.36,687.2,0.34355,18.25,1783132359
All Pools,CICCA - AVAX,0.1,False,343.36,687.2,0.34355,18.25,1783132359
All Pools,HANDZ - AVAX,0.1,False,343.36,687.2,0.34355,18.25,1783132359
All Pools,YETH - AVAX,0.1,False,343.36,687.2,0.34355,18.25,1783132359
All Pools,WXOMX - AVAX,0.1,False,343.35,687.18,0.34354,18.25,1783132359
All Pools,LIQUIFY - AVAX,0.1,False,343.35,687.18,0.34354,18.25,1783132359
All Pools,SAX - AVAX,0.1,False,343.35,687.18,0.34354,18.25,1783132359
All Pools,WKG - AVAX,0.1,False,343.35,687.18,0.34354,18.25,1783132359
All Pools,SANCTUM - AVAX,0.1,False,343.35,687.18,0.34354,18.25,1783132359
All Pools,PT - DUALBTC - AVAX,0.1,False,343.35,687.18,0.34354,18.25,1783132359
All Pools,CRAU - AVAX,0.1,False,343.35,687.18,0.34354,18.25,1783132359
All Pools,GOC - AVAX,0.1,False,343.35,687.17,0.34354,18.25,1783132359
All Pools,T9 - 5 - AVAX,0.1,False,343.35,687.17,0.34354,18.25,1783132359
All Pools,SFX - AVAX,0.1,False,343.35,687.17,0.34354,18.25,1783132359
All Pools,PGPT - AVAX,0.1,False,343.35,687.17,0.34354,18.25,1783132359
All Pools,OASIS - AVAX,0.1,False,343.35,687.17,0.34354,18.25,1783132359
All Pools,UNMD - AVAX,0.1,False,343.31,687.09,0.3435,18.25,1783132359
All Pools,AABL - AVAX,0.1,False,343.31,687.09,0.3435,18.25,1783132359
All Pools,FRGX - AVAX,0.1,False,343.31,687.09,0.3435,18.25,1783132359
All Pools,YVLINK - AVAX,0.1,False,343.31,687.09,0.3435,18.25,1783132359
All Pools,BUSD - AVAX,0.1,False,343.31,687.09,0.3435,18.25,1783132359
All Pools,BTCPAY - AVAX,0.1,False,343.31,687.08,0.34349,18.25,1783132359
All Pools,UDAI - AVAX,0.1,False,343.31,687.08,0.34349,18.25,1783132359
All Pools,GEM - AVAX,0.1,False,343.31,687.08,0.34349,18.25,1783132359
All Pools,LAVE - AVAX,0.1,False,343.31,687.08,0.34349,18.25,1783132359
All Pools,RTO - AVAX,0.1,False,343.31,687.08,0.34349,18.25,1783132359
All Pools,MEPAD - AVAX,0.1,False,343.31,687.08,0.34349,18.25,1783132359
All Pools,UWU - AVAX,0.1,False,343.31,687.08,0.34349,18.25,1783132359
All Pools,SOFT - AVAX,0.1,False,343.3,687.07,0.34349,18.25,1783132359
All Pools,RUBX - AVAX,0.1,False,343.3,687.07,0.34349,18.25,1783132359
All Pools,JPMD - AVAX,0.1,False,343.29,687.06,0.34348,18.25,1783132359
All Pools,SPAD - AVAX,0.1,False,343.29,687.06,0.34348,18.25,1783132359
All Pools,JCT - AVAX,0.1,False,343.29,687.06,0.34348,18.25,1783132359
All Pools,WAAPLX - AVAX,0.1,False,343.29,687.06,0.34348,18.25,1783132359
All Pools,ARKX.D - AVAX,0.1,False,343.29,687.06,0.34348,18.25,1783132359
All Pools,RENA - AVAX,0.1,False,343.29,687.06,0.34348,18.25,1783132359
All Pools,BABYX - AVAX,0.1,False,343.29,687.06,0.34348,18.25,1783132359
All Pools,OPLS - AVAX,0.1,False,343.29,687.06,0.34348,18.25,1783132359
All Pools,SWEETS - AVAX,0.1,False,343.26,686.98,0.34345,18.25,1783132359
All Pools,TAHO - AVAX,0.1,False,343.26,686.98,0.34345,18.25,1783132359
All Pools,WLINX - AVAX,0.1,False,343.26,686.98,0.34345,18.25,1783132359
All Pools,FUS - AVAX,0.1,False,343.26,686.98,0.34345,18.25,1783132359
All Pools,KERC - AVAX,0.1,False,343.26,686.98,0.34345,18.25,1783132359
All Pools,HOOD.D - AVAX,0.1,False,343.26,686.98,0.34345,18.25,1783132359
All Pools,OORT - AVAX,0.1,False,343.26,686.98,0.34345,18.25,1783132359
All Pools,$BORED - AVAX,0.1,False,343.24,686.95,0.34343,18.25,1783132359
All Pools,NEOCLOUD - AVAX,0.1,False,343.24,686.95,0.34343,18.25,1783132359
All Pools,UFO.D - AVAX,0.1,False,343.24,686.95,0.34343,18.25,1783132359
All Pools,JPM.D - AVAX,0.1,False,343.24,686.95,0.34343,18.25,1783132359
All Pools,$SPIN - AVAX,0.1,False,343.24,686.95,0.34343,18.25,1783132359
All Pools,H2O - AVAX,0.1,False,343.23,686.94,0.34342,18.25,1783132359
All Pools,XED - AVAX,0.1,False,343.23,686.94,0.34342,18.25,1783132359
All Pools,JPGC - AVAX,0.1,False,343.23,686.94,0.34342,18.25,1783132359
All Pools,AKTA - AVAX,0.1,False,343.23,686.94,0.34342,18.25,1783132359
All Pools,GODE - AVAX,0.1,False,343.23,686.94,0.34342,18.25,1783132359
All Pools,TRR - AVAX,0.1,False,343.23,686.94,0.34342,18.25,1783132359
All Pools,MARQ - AVAX,0.1,False,343.22,686.92,0.34341,18.25,1783132359
All Pools,CAS - AVAX,0.1,False,343.22,686.92,0.34341,18.25,1783132359
All Pools,SLMTX - AVAX,0.1,False,343.22,686.92,0.34341,18.25,1783132359
All Pools,NFALCON - AVAX,0.1,False,343.22,686.92,0.34341,18.25,1783132359
All Pools,WACNX - AVAX,0.1,False,343.22,686.92,0.34341,18.25,1783132359
All Pools,LOI - AVAX,0.1,False,343.22,686.92,0.34341,18.25,1783132359
All Pools,SCORCH - AVAX,0.1,False,343.22,686.92,0.34341,18.25,1783132359
All Pools,BMONEY - AVAX,0.1,False,343.22,686.91,0.34341,18.25,1783132359
All Pools,VPP - AVAX,0.1,False,343.22,-0.54178,0.34341,-23135.52,1783132359
All Pools,FRED - AVAX,0.1,False,343.22,686.91,0.34341,18.25,1783132359
All Pools,BIGOD - AVAX,0.1,False,343.22,686.91,0.34341,18.25,1783132359
All Pools,T99CENTS - AVAX,0.1,False,343.22,686.91,0.34341,18.25,1783132359
All Pools,KAI - AVAX,0.1,False,343.22,686.91,0.34341,18.25,1783132359
All Pools,OFE - AVAX,0.1,False,343.22,-0.54361,0.34341,-23057.43,1783132359
All Pools,POODLE - AVAX,0.1,False,343.22,686.91,0.34341,18.25,1783132359
All Pools,CTP - AVAX,0.1,False,343.22,686.91,0.34341,18.25,1783132359
All Pools,WABA - AVAX,0.1,False,343.22,686.91,0.34341,18.25,1783132359
All Pools,TMG - AVAX,0.1,False,343.22,686.91,0.34341,18.25,1783132359
All Pools,XPL - AVAX,0.1,False,343.22,686.91,0.34341,18.25,1783132359
All Pools,LOOP - AVAX,0.1,False,343.22,686.91,0.34341,18.25,1783132359
All Pools,ABG - AVAX,0.1,False,343.21,686.9,0.3434,18.25,1783132359
All Pools,WAR - AVAX,0.1,False,343.21,686.9,0.3434,18.25,1783132359
All Pools,NVYLDS - AVAX,0.1,False,343.21,686.9,0.3434,18.25,1783132359
All Pools,XSTBRL - AVAX,0.1,False,343.21,686.9,0.3434,18.25,1783132359
All Pools,COSTX - AVAX,0.1,False,343.21,686.9,0.3434,18.25,1783132359
All Pools,CHF24 - AVAX,0.1,False,343.21,686.9,0.3434,18.25,1783132359
All Pools,GBPA - AVAX,0.1,False,343.21,686.9,0.3434,18.25,1783132359
All Pools,SMX - AVAX,0.1,False,343.2,686.87,0.34339,18.25,1783132359
All Pools,FORCE - AVAX,0.1,False,343.2,686.87,0.34339,18.25,1783132359
All Pools,ANON - AVAX,0.1,False,343.2,686.87,0.34339,18.25,1783132359
All Pools,GM - AVAX,0.1,False,343.2,686.87,0.34339,18.25,1783132359
All Pools,FOXE - AVAX,0.1,False,343.2,686.87,0.34339,18.25,1783132359
All Pools,YELD - AVAX,0.1,False,343.2,686.87,0.34339,18.25,1783132359
All Pools,ONYX - AVAX,0.1,False,343.19,686.86,0.34338,18.25,1783132359
All Pools,TOONS - AVAX,0.1,False,343.19,686.86,0.34338,18.25,1783132359
All Pools,RIZZ - AVAX,0.1,False,343.19,686.86,0.34338,18.25,1783132359
All Pools,DROPEE - AVAX,0.1,False,343.19,686.86,0.34338,18.25,1783132359
All Pools,PC0000037 - AVAX,0.1,False,343.19,686.86,0.34338,18.25,1783132359
All Pools,KFI - AVAX,0.1,False,343.19,686.86,0.34338,18.25,1783132359
All Pools,DEFAI - AVAX,0.1,False,343.19,686.85,0.34338,18.25,1783132359
All Pools,SWAG - AVAX,0.1,False,343.19,686.85,0.34338,18.25,1783132359
All Pools,OZONE - AVAX,0.1,False,343.19,686.85,0.34338,18.25,1783132359
All Pools,ZUG - AVAX,0.1,False,343.18,-0.5786,0.34337,-21660.76,1783132359
All Pools,PFE.D - AVAX,0.1,False,343.18,686.84,0.34337,18.25,1783132359
All Pools,HSDTX - AVAX,0.1,False,343.18,686.84,0.34337,18.25,1783132359
All Pools,DFISH - AVAX,0.1,False,343.18,686.84,0.34337,18.25,1783132359
All Pools,QUDO - AVAX,0.1,False,343.18,686.84,0.34337,18.25,1783132359
All Pools,BTH - AVAX,0.1,False,343.18,686.84,0.34337,18.25,1783132359
All Pools,NAXI - AVAX,0.1,False,343.18,686.84,0.34337,18.25,1783132359
All Pools,NUTGV2 - AVAX,0.1,False,343.18,686.83,0.34337,18.25,1783132359
All Pools,CCC - AVAX,0.1,False,343.18,686.83,0.34337,18.25,1783132359
All Pools,BCX - AVAX,0.1,False,343.18,686.83,0.34337,18.25,1783132359
All Pools,YVSNX - AVAX,0.1,False,343.17,686.81,0.34336,18.25,1783132359
All Pools,MURATIAI - AVAX,0.1,False,343.17,686.81,0.34336,18.25,1783132359
All Pools,TREN - AVAX,0.1,False,343.17,686.81,0.34336,18.25,1783132359
All Pools,AGUS - AVAX,0.1,False,343.15,-0.60644,0.34334,-20664.97,1783132359
All Pools,OXI - AVAX,0.1,False,343.15,686.78,0.34334,18.25,1783132359
All Pools,BASEETHGUSDCQ - AVAX,0.1,False,343.15,686.78,0.34334,18.25,1783132359
All Pools,LUMOX - AVAX,0.1,False,343.15,686.78,0.34334,18.25,1783132359
All Pools,JFB - AVAX,0.1,False,343.15,686.78,0.34334,18.25,1783132359
All Pools,FREDWILSON - AVAX,0.1,False,343.11,686.68,0.34329,18.25,1783132359
All Pools,AC - AVAX,0.1,False,343.11,-0.65386,0.34329,-19163.64,1783132359
All Pools,FANC - AVAX,0.1,False,343.11,686.68,0.34329,18.25,1783132359
All Pools,TKN - AVAX,0.1,False,343.11,686.68,0.34329,18.25,1783132359
All Pools,VXVS - AVAX,0.1,False,343.11,686.68,0.34329,18.25,1783132359
All Pools,SCR - AVAX,0.1,False,343.09,686.65,0.34328,18.25,1783132359
All Pools,USDSL - AVAX,0.1,False,343.09,686.65,0.34328,18.25,1783132359
All Pools,AUSD - AVAX,0.1,False,343.09,686.65,0.34328,18.25,1783132359
All Pools,TROY - AVAX,0.1,False,343.09,686.65,0.34328,18.25,1783132359
All Pools,PHO.D - AVAX,0.1,False,343.09,686.65,0.34328,18.25,1783132359
All Pools,PIKU - AVAX,0.1,False,343.09,686.65,0.34328,18.25,1783132359
All Pools,COUPHYPE - AVAX,0.1,False,343.09,686.65,0.34328,18.25,1783132359
All Pools,REETH - AVAX,0.1,False,343.09,686.65,0.34328,18.25,1783132359
All Pools,SRLN.D - AVAX,0.1,False,343.09,686.65,0.34328,18.25,1783132359
All Pools,EXY - AVAX,0.1,False,343.09,686.65,0.34328,18.25,1783132359
All Pools,NOME - AVAX,0.1,False,343.09,686.65,0.34328,18.25,1783132359
All Pools,WAZNX - AVAX,0.1,False,343.08,686.64,0.34327,18.25,1783132359
All Pools,AGD - AVAX,0.1,False,343.08,-0.67551,0.34327,-18548.21,1783132359
All Pools,MADAI - AVAX,0.1,False,343.08,686.64,0.34327,18.25,1783132359
All Pools,PQX - AVAX,0.1,False,343.08,686.64,0.34327,18.25,1783132359
All Pools,MARA.D - AVAX,0.1,False,343.08,-0.67551,0.34327,-18548.21,1783132359
All Pools,CR - AVAX,0.1,False,343.08,686.64,0.34327,18.25,1783132359
All Pools,X - AVAX,0.1,False,343.05,686.58,0.34324,18.25,1783132359
All Pools,PPT - AVAX,0.1,False,343.05,686.58,0.34324,18.25,1783132359
All Pools,BL0CK - AVAX,0.1,False,343.05,686.58,0.34324,18.25,1783132359
All Pools,NEZUKO - AVAX,0.1,False,343.05,686.58,0.34324,18.25,1783132359
All Pools,USDB - AVAX,0.1,False,343.05,686.58,0.34324,18.25,1783132359
All Pools,BULLIEVE - AVAX,0.1,False,343.05,686.58,0.34324,18.25,1783132359
All Pools,BRUH - AVAX,0.1,False,343.05,686.58,0.34324,18.25,1783132359
All Pools,ONL - AVAX,0.1,False,343.05,686.56,0.34323,18.25,1783132359
All Pools,MULTI - AVAX,0.1,False,343.05,-0.71471,0.34323,-17528.96,1783132359
All Pools,NIAO - AVAX,0.1,False,343.05,686.56,0.34323,18.25,1783132359
All Pools,VGLMR - AVAX,0.1,False,343.05,686.56,0.34323,18.25,1783132359
All Pools,UPY - AVAX,0.1,False,343.05,686.56,0.34323,18.25,1783132359
All Pools,CRUX - AVAX,0.1,False,343.05,686.56,0.34323,18.25,1783132359
All Pools,NEX - AVAX,0.1,False,343.05,686.56,0.34323,18.25,1783132359
All Pools,ROGER - AVAX,0.1,False,343.05,686.56,0.34323,18.25,1783132359
All Pools,STREET - AVAX,0.1,False,343.05,686.56,0.34323,18.25,1783132359
All Pools,POLLY - AVAX,0.1,False,343.05,686.56,0.34323,18.25,1783132359
All Pools,VST - AVAX,0.1,False,343.05,686.56,0.34323,18.25,1783132359
All Pools,ZLP - AVAX,0.1,False,343.05,686.56,0.34323,18.25,1783132359
All Pools,YUM - AVAX,0.1,False,343.05,686.56,0.34323,18.25,1783132359
All Pools,RUBY - AVAX,0.1,False,343.04,686.55,0.34323,18.25,1783132359
All Pools,XBLD - AVAX,0.1,False,343.04,686.55,0.34323,18.25,1783132359
All Pools,BEBE - AVAX,0.1,False,343.04,-0.72052,0.34323,-17387.24,1783132359
All Pools,MC.EUSDC - AVAX,0.1,False,343.04,686.55,0.34323,18.25,1783132359
All Pools,GG - AVAX,0.1,False,343.04,686.55,0.34323,18.25,1783132359
All Pools,REDUX - AVAX,0.1,False,343.04,686.55,0.34323,18.25,1783132359
All Pools,UNIT - AVAX,0.1,False,343.04,686.55,0.34323,18.25,1783132359
All Pools,CMN - AVAX,0.1,False,343.04,686.55,0.34323,18.25,1783132359
All Pools,U - AVAX,0.1,False,343.04,686.55,0.34323,18.25,1783132359
All Pools,VITAL - AVAX,0.1,False,343.04,686.55,0.34323,18.25,1783132359
All Pools,WINTCX - AVAX,0.1,False,343.03,686.53,0.34322,18.25,1783132359
All Pools,OSDMC - PRE - AVAX,0.1,False,343.03,686.53,0.34322,18.25,1783132359
All Pools,LUDAMOON - AVAX,0.1,False,343.03,686.53,0.34322,18.25,1783132359
All Pools,ZOD - AVAX,0.1,False,343.03,686.53,0.34322,18.25,1783132359
All Pools,$BMC - AVAX,0.1,False,343.01,686.49,0.3432,18.25,1783132359
All Pools,SPETH - AVAX,0.1,False,343.01,686.49,0.3432,18.25,1783132359
All Pools,BLOCK - AVAX,0.1,False,343.01,686.49,0.3432,18.25,1783132359
All Pools,VEAX - AVAX,0.1,False,343.01,-0.74872,0.3432,-16730.88,1783132359
All Pools,PST - AVAX,0.1,False,343.01,686.49,0.3432,18.25,1783132359
All Pools,AZN.D - AVAX,0.1,False,343.01,686.49,0.3432,18.25,1783132359
All Pools,SOUP - AVAX,0.1,False,343.01,686.49,0.3432,18.25,1783132359
All Pools,WPFEX - AVAX,0.1,False,343.01,686.49,0.3432,18.25,1783132359
All Pools,SUSDC - AVAX,0.1,False,343.01,686.49,0.3432,18.25,1783132359
All Pools,NATG - AVAX,0.1,False,343.01,686.49,0.3432,18.25,1783132359
All Pools,PAWDERICK - AVAX,0.1,False,343.01,-0.75273,0.3432,-16641.73,1783132359
All Pools,BTCW.D - AVAX,0.1,False,343.01,686.49,0.3432,18.25,1783132359
All Pools,DENCH - AVAX,0.1,False,343.01,686.49,0.3432,18.25,1783132359
All Pools,MNLT - AVAX,0.1,False,343.01,686.49,0.3432,18.25,1783132359
All Pools,EDS - AVAX,0.1,False,342.99,686.44,0.34317,18.25,1783132359
All Pools,XSTLTC - AVAX,0.1,False,342.99,686.44,0.34317,18.25,1783132359
All Pools,SBET - AVAX,0.1,False,342.99,686.44,0.34317,18.25,1783132359
All Pools,SSETH - AVAX,0.1,False,342.99,686.44,0.34317,18.25,1783132359
All Pools,WCVXX - AVAX,0.1,False,342.99,686.44,0.34317,18.25,1783132359
All Pools,ROBOTS - AVAX,0.1,False,342.99,686.44,0.34317,18.25,1783132359
All Pools,TWB - AVAX,0.1,False,342.98,686.43,0.34317,18.25,1783132359
All Pools,NVDA.D - AVAX,0.1,False,342.98,686.43,0.34317,18.25,1783132359
All Pools,WABBVX - AVAX,0.1,False,342.98,686.43,0.34317,18.25,1783132359
All Pools,PLVGLP - AVAX,0.1,False,342.98,686.43,0.34317,18.25,1783132359
All Pools,IMON - AVAX,0.1,False,342.98,686.43,0.34317,18.25,1783132359
All Pools,HORIZON - AVAX,0.1,False,342.98,686.43,0.34317,18.25,1783132359
All Pools,DIS.D - AVAX,0.1,False,342.98,686.43,0.34317,18.25,1783132359
All Pools,MANKRETH - AVAX,0.1,False,342.98,686.43,0.34317,18.25,1783132359
All Pools,BA.D - AVAX,0.1,False,342.98,686.43,0.34317,18.25,1783132359
All Pools,COMA - AVAX,0.1,False,342.98,686.43,0.34317,18.25,1783132359
All Pools,FATSO - AVAX,0.1,False,342.98,686.43,0.34317,18.25,1783132359
All Pools,DGCS - AVAX,0.1,False,342.98,686.43,0.34317,18.25,1783132359
All Pools,WODO - AVAX,0.1,False,342.96,-0.79634,0.34315,-15728.34,1783132359
All Pools,DGR - AVAX,0.1,False,342.96,686.4,0.34315,18.25,1783132359
All Pools,HKAVA - AVAX,0.1,False,342.96,686.4,0.34315,18.25,1783132359
All Pools,STOCKMARKETTRBASISTRADE - AVAX,0.1,False,342.96,686.4,0.34315,18.25,1783132359
All Pools,TRONX - AVAX,0.1,False,342.96,686.4,0.34315,18.25,1783132359
All Pools,ARIES - AVAX,0.1,False,342.96,686.4,0.34315,18.25,1783132359
All Pools,LAN - AVAX,0.1,False,342.96,686.4,0.34315,18.25,1783132359
All Pools,LEE - AVAX,0.1,False,342.96,686.38,0.34314,18.25,1783132359
All Pools,MAG - AVAX,0.1,False,342.96,686.38,0.34314,18.25,1783132359
All Pools,DEZ - AVAX,0.1,False,342.96,686.38,0.34314,18.25,1783132359
All Pools,OBLUE - AVAX,0.1,False,342.94,686.34,0.34312,18.25,1783132359
All Pools,WAVGOX - AVAX,0.1,False,342.94,686.34,0.34312,18.25,1783132359
All Pools,LYUSD - AVAX,0.1,False,342.94,686.34,0.34312,18.25,1783132359
All Pools,HDROME - AVAX,0.1,False,342.94,686.34,0.34312,18.25,1783132359
All Pools,BRK.A.D - AVAX,0.1,False,342.94,686.34,0.34312,18.25,1783132359
All Pools,HBTC - AVAX,0.1,False,342.93,686.34,0.34312,18.25,1783132359
All Pools,MOSETH - AVAX,0.1,False,342.93,686.34,0.34312,18.25,1783132359
All Pools,THGOLD - AVAX,0.1,False,342.93,686.34,0.34312,18.25,1783132359
All Pools,TXOR - AVAX,0.1,False,342.93,686.34,0.34312,18.25,1783132359
All Pools,RAA - AVAX,0.1,False,342.93,686.34,0.34312,18.25,1783132359
All Pools,BRC - AVAX,0.1,False,342.93,686.34,0.34312,18.25,1783132359
All Pools,TORR - AVAX,0.1,False,342.93,686.34,0.34312,18.25,1783132359
All Pools,CATMOUSE - AVAX,0.1,False,342.93,686.33,0.34312,18.25,1783132359
All Pools,PURRZIVAL - AVAX,0.1,False,342.93,686.33,0.34312,18.25,1783132359
All Pools,SPUSDC - AVAX,0.1,False,342.93,686.33,0.34312,18.25,1783132359
All Pools,KBK - AVAX,0.1,False,342.93,686.33,0.34312,18.25,1783132359
All Pools,SLT - AVAX,0.1,False,342.93,686.33,0.34312,18.25,1783132359
All Pools,LOA - AVAX,0.1,False,342.93,686.33,0.34312,18.25,1783132359
All Pools,PGRE - AVAX,0.1,False,342.93,686.33,0.34312,18.25,1783132359
All Pools,MCD.D - AVAX,0.1,False,342.93,686.33,0.34312,18.25,1783132359
All Pools,QUAN - AVAX,0.1,False,342.93,686.33,0.34312,18.25,1783132359
All Pools,WPMX - AVAX,0.1,False,342.93,686.33,0.34312,18.25,1783132359
All Pools,MXNA - AVAX,0.1,False,342.92,686.31,0.34311,18.25,1783132359
All Pools,HECTO - AVAX,0.1,False,342.92,-0.83921,0.34311,-14922.97,1783132359
All Pools,ZP - AVAX,0.1,False,342.92,686.31,0.34311,18.25,1783132359
All Pools,GREAT - AVAX,0.1,False,342.91,686.29,0.3431,18.25,1783132359
All Pools,$BILLY - AVAX,0.1,False,342.91,686.29,0.3431,18.25,1783132359
All Pools,PRI - AVAX,0.1,False,342.91,686.29,0.3431,18.25,1783132359
All Pools,MVEDA - AVAX,0.1,False,342.91,686.28,0.34309,18.25,1783132359
All Pools,TOWELI - AVAX,0.1,False,342.91,686.28,0.34309,18.25,1783132359
All Pools,MEMEX - AVAX,0.1,False,342.91,686.28,0.34309,18.25,1783132359
All Pools,HTD - AVAX,0.1,False,342.91,686.28,0.34309,18.25,1783132359
All Pools,AIL - AVAX,0.1,False,342.91,686.28,0.34309,18.25,1783132359
All Pools,TATE - AVAX,0.1,False,342.91,-0.85468,0.34309,-14652.12,1783132359
All Pools,QNS - AVAX,0.1,False,342.89,-0.8741,0.34307,-14325.8,1783132359
All Pools,BDT - AVAX,0.1,False,342.89,686.24,0.34307,18.25,1783132359
All Pools,WAMZNX - AVAX,0.1,False,342.89,686.24,0.34307,18.25,1783132359
All Pools,CLYC - AVAX,0.1,False,342.89,686.24,0.34307,18.25,1783132359
All Pools,ROSE - AVAX,0.1,False,342.89,-0.8741,0.34307,-14325.8,1783132359
All Pools,LIBFI - AVAX,0.1,False,342.89,686.24,0.34307,18.25,1783132359
All Pools,ATV111 - AVAX,0.1,False,342.89,686.24,0.34307,18.25,1783132359
All Pools,SOLAR - AVAX,0.1,False,342.87,686.21,0.34306,18.25,1783132359
All Pools,ZEROS - AVAX,0.1,False,342.87,686.21,0.34306,18.25,1783132359
All Pools,BTMT - AVAX,0.1,False,342.87,686.21,0.34306,18.25,1783132359
All Pools,EUCLID - AVAX,0.1,False,342.87,686.21,0.34306,18.25,1783132359
All Pools,OPCH - AVAX,0.1,False,342.87,686.21,0.34306,18.25,1783132359
All Pools,TT - AVAX,0.1,False,342.87,686.21,0.34306,18.25,1783132359
All Pools,HUDL - AVAX,0.1,False,342.87,686.21,0.34306,18.25,1783132359
All Pools,NAEST - AVAX,0.1,False,342.87,686.21,0.34306,18.25,1783132359
All Pools,IQ - AVAX,0.1,False,342.87,686.21,0.34306,18.25,1783132359
All Pools,ZEROPAI - AVAX,0.1,False,342.87,686.21,0.34306,18.25,1783132359
All Pools,HIVE - AVAX,0.1,False,342.87,686.21,0.34306,18.25,1783132359
All Pools,MRHB - AVAX,0.1,False,342.87,686.21,0.34306,18.25,1783132359
All Pools,BOYSCLUB - AVAX,0.1,False,342.87,686.21,0.34306,18.25,1783132359
All Pools,LOGG - AVAX,0.1,False,342.84,686.16,0.34303,18.25,1783132359
All Pools,CIRCLE - AVAX,0.1,False,342.84,686.16,0.34303,18.25,1783132359
All Pools,FFRAX - AVAX,0.1,False,342.84,686.16,0.34303,18.25,1783132359
All Pools,AEUSD - AVAX,0.1,False,342.84,686.16,0.34303,18.25,1783132359
All Pools,ORB7 - AVAX,0.1,False,342.84,686.16,0.34303,18.25,1783132359
All Pools,SOMT - AVAX,0.1,False,342.84,686.16,0.34303,18.25,1783132359
All Pools,IBIT.D - AVAX,0.1,False,342.84,686.16,0.34303,18.25,1783132359
All Pools,WAPPX - AVAX,0.1,False,342.84,686.16,0.34303,18.25,1783132359
All Pools,MWBETH - AVAX,0.1,False,342.84,686.16,0.34303,18.25,1783132359
All Pools,POWER - AVAX,0.1,False,342.84,686.16,0.34303,18.25,1783132359
All Pools,MCBETH - AVAX,0.1,False,342.84,686.16,0.34303,18.25,1783132359
All Pools,DMU - AVAX,0.1,False,342.84,686.16,0.34303,18.25,1783132359
All Pools,RTG - AVAX,0.1,False,342.84,686.16,0.34303,18.25,1783132359
All Pools,CRISIS - AVAX,0.1,False,342.82,-0.94291,0.34301,-13277.8,1783132359
All Pools,WMDTX - AVAX,0.1,False,342.82,686.11,0.34301,18.25,1783132359
All Pools,LCOM - AVAX,0.1,False,342.82,686.11,0.34301,18.25,1783132359
All Pools,MAGICGLP - AVAX,0.1,False,342.82,686.11,0.34301,18.25,1783132359
All Pools,ZRS - AVAX,0.1,False,342.82,686.11,0.34301,18.25,1783132359
All Pools,$SUSHI - AVAX,0.1,False,342.82,686.11,0.34301,18.25,1783132359
All Pools,HOU - AVAX,0.1,False,342.82,686.11,0.34301,18.25,1783132359
All Pools,ANSEM - AVAX,0.1,False,342.82,696.22,0.34301,17.98,1783132359
All Pools,HPC - AVAX,0.1,False,342.82,686.1,0.34301,18.25,1783132359
All Pools,NCT - AVAX,0.1,False,342.82,686.1,0.34301,18.25,1783132359
All Pools,SPADE - AVAX,0.1,False,342.82,686.1,0.34301,18.25,1783132359
All Pools,MBDAO - AVAX,0.1,False,342.82,686.1,0.34301,18.25,1783132359
All Pools,$YIELD - AVAX,0.1,False,342.82,686.1,0.34301,18.25,1783132359
All Pools,EGX - AVAX,0.1,False,342.82,686.1,0.34301,18.25,1783132359
All Pools,ZEUS - AVAX,0.1,False,342.81,-0.94637,0.343,-13229.07,1783132359
All Pools,BALL - AVAX,0.1,False,342.81,686.1,0.343,18.25,1783132359
All Pools,CORX - AVAX,0.1,False,342.81,686.1,0.343,18.25,1783132359
All Pools,MPIX - AVAX,0.1,False,342.81,686.1,0.343,18.25,1783132359
All Pools,EIOB - AVAX,0.1,False,342.81,686.1,0.343,18.25,1783132359
All Pools,OASIS - AVAX,0.1,False,342.81,686.1,0.343,18.25,1783132359
All Pools,MEMBER - AVAX,0.1,False,342.8,686.08,0.34299,18.25,1783132359
All Pools,SENSO - AVAX,0.1,False,342.8,686.08,0.34299,18.25,1783132359
All Pools,CSWAP - AVAX,0.1,False,342.8,686.08,0.34299,18.25,1783132359
All Pools,GD - AVAX,0.1,False,342.79,686.05,0.34298,18.25,1783132359
All Pools,RAWR - AVAX,0.1,False,342.79,-0.97084,0.34298,-12894.7,1783132359
All Pools,YVAAVE - AVAX,0.1,False,342.79,686.05,0.34298,18.25,1783132359
All Pools,TPAD - AVAX,0.1,False,342.79,686.05,0.34298,18.25,1783132359
All Pools,HISS - AVAX,0.1,False,342.79,-0.97084,0.34298,-12894.7,1783132359
All Pools,BYTES - AVAX,0.1,False,342.79,686.05,0.34298,18.25,1783132359
All Pools,STICKBUG - AVAX,0.1,False,342.78,686.04,0.34297,18.25,1783132359
All Pools,SDG - AVAX,0.1,False,342.78,686.04,0.34297,18.25,1783132359
All Pools,EMAX - AVAX,0.1,False,342.78,686.04,0.34297,18.25,1783132359
All Pools,DAYL - AVAX,0.1,False,342.78,686.04,0.34297,18.25,1783132359
All Pools,PETS - AVAX,0.1,False,342.78,686.04,0.34297,18.25,1783132359
All Pools,FSX - AVAX,0.1,False,342.78,686.04,0.34297,18.25,1783132359
All Pools,THUSD - AVAX,0.1,False,342.78,686.04,0.34297,18.25,1783132359
All Pools,BUFF - AVAX,0.1,False,342.78,686.04,0.34297,18.25,1783132359
All Pools,AET - AVAX,0.1,False,342.78,686.04,0.34297,18.25,1783132359
All Pools,BENG - AVAX,0.1,False,342.77,-0.99404,0.34295,-12592.85,1783132359
All Pools,SDCRV - AVAX,0.1,False,342.77,686.0,0.34295,18.25,1783132359
All Pools,CONAN - AVAX,0.1,False,342.77,686.0,0.34295,18.25,1783132359
All Pools,MIXER - AVAX,0.1,False,342.77,-0.99404,0.34295,-12592.85,1783132359
All Pools,OIL - AVAX,0.1,False,342.77,686.0,0.34295,18.25,1783132359
All Pools,TIX - AVAX,0.1,False,342.77,686.0,0.34295,18.25,1783132359
All Pools,VSL - AVAX,0.1,False,342.77,686.0,0.34295,18.25,1783132359
All Pools,DUBI - AVAX,0.1,False,342.77,686.0,0.34295,18.25,1783132359
All Pools,WEB3 - AVAX,0.1,False,342.76,686.0,0.34295,18.25,1783132359
All Pools,POLIS - AVAX,0.1,False,342.76,686.0,0.34295,18.25,1783132359
All Pools,SX - AVAX,0.1,False,342.76,686.0,0.34295,18.25,1783132359
All Pools,MORK - AVAX,0.1,False,342.76,-0.99542,0.34295,-12575.35,1783132359
All Pools,USAD - AVAX,0.1,False,342.76,686.0,0.34295,18.25,1783132359
All Pools,IKAS - AVAX,0.1,False,342.75,685.98,0.34294,18.25,1783132359
All Pools,WGSX - AVAX,0.1,False,342.75,685.98,0.34294,18.25,1783132359
All Pools,COKE - AVAX,0.1,False,342.75,685.98,0.34294,18.25,1783132359
All Pools,XOC - AVAX,0.1,False,342.75,685.98,0.34294,18.25,1783132359
All Pools,CPET - AVAX,0.1,False,342.75,685.98,0.34294,18.25,1783132359
All Pools,CQX - AVAX,0.1,False,342.75,685.98,0.34294,18.25,1783132359
All Pools,PAC - AVAX,0.1,False,342.75,685.98,0.34294,18.25,1783132359
All Pools,ESS - AVAX,0.1,False,342.75,685.97,0.34294,18.25,1783132359
All Pools,MORPH - AVAX,0.1,False,342.75,685.97,0.34294,18.25,1783132359
All Pools,LUCIA - AVAX,0.1,False,342.75,685.97,0.34294,18.25,1783132359
All Pools,HDL - AVAX,0.1,False,342.75,685.97,0.34294,18.25,1783132359
All Pools,PAPYRUS - AVAX,0.1,False,342.74,685.96,0.34293,18.25,1783132359
All Pools,NPT - AVAX,0.1,False,342.74,685.96,0.34293,18.25,1783132359
All Pools,PULS - AVAX,0.1,False,342.74,685.96,0.34293,18.25,1783132359
All Pools,HEDGEHOG - AVAX,0.1,False,342.74,685.96,0.34293,18.25,1783132359
All Pools,URA - AVAX,0.1,False,342.74,685.96,0.34293,18.25,1783132359
All Pools,NACKL - AVAX,0.1,False,342.74,685.96,0.34293,18.25,1783132359
All Pools,CCT - AVAX,0.1,False,342.74,685.96,0.34293,18.25,1783132359
All Pools,AUSDC - AVAX,0.1,False,342.74,685.95,0.34293,18.25,1783132359
All Pools,WDHRX - AVAX,0.1,False,342.74,685.95,0.34293,18.25,1783132359
All Pools,BCL - AVAX,0.1,False,342.72,685.92,0.34291,18.25,1783132359
All Pools,WCRMX - AVAX,0.1,False,342.72,685.92,0.34291,18.25,1783132359
All Pools,COIN.D - AVAX,0.1,False,342.72,685.92,0.34291,18.25,1783132359
All Pools,POCKET - AVAX,0.1,False,342.72,685.92,0.34291,18.25,1783132359
All Pools,TRW - AVAX,0.1,False,342.72,685.92,0.34291,18.25,1783132359
All Pools,CONET - AVAX,0.1,False,342.72,685.92,0.34291,18.25,1783132359
All Pools,ITLG - AVAX,0.1,False,342.72,685.92,0.34291,18.25,1783132359
All Pools,GS - AVAX,0.1,False,342.72,685.92,0.34291,18.25,1783132359
All Pools,NORA - AVAX,0.1,False,342.72,685.92,0.34291,18.25,1783132359
All Pools,CBUNNY - AVAX,0.1,False,342.72,685.92,0.34291,18.25,1783132359
All Pools,GRAMG - AVAX,0.1,False,342.72,685.92,0.34291,18.25,1783132359
All Pools,USDSUI - AVAX,0.1,False,342.72,685.92,0.34291,18.25,1783132359
All Pools,RPTR - AVAX,0.1,False,342.72,685.92,0.34291,18.25,1783132359
All Pools,INT - AVAX,0.1,False,342.71,685.9,0.3429,18.25,1783132359
All Pools,GBTC.D - AVAX,0.1,False,342.71,685.9,0.3429,18.25,1783132359
All Pools,GODEN - AVAX,0.1,False,342.71,685.9,0.3429,18.25,1783132359
All Pools,SPUS.D - AVAX,0.1,False,342.71,685.9,0.3429,18.25,1783132359
All Pools,XO - AVAX,0.1,False,342.71,685.9,0.3429,18.25,1783132359
All Pools,YTIME - AVAX,0.1,False,342.71,685.9,0.3429,18.25,1783132359
All Pools,PHOTON - AVAX,0.1,False,342.71,685.9,0.3429,18.25,1783132359
All Pools,TRIO - AVAX,0.1,False,342.7,685.88,0.34289,18.25,1783132359
All Pools,LFG - AVAX,0.1,False,342.7,685.88,0.34289,18.25,1783132359
All Pools,ADACASH - AVAX,0.1,False,342.7,685.88,0.34289,18.25,1783132359
All Pools,QTCC - AVAX,0.1,False,342.7,685.88,0.34289,18.25,1783132359
All Pools,ELP - AVAX,0.1,False,342.7,685.88,0.34289,18.25,1783132359
All Pools,KING - AVAX,0.1,False,342.7,685.88,0.34289,18.25,1783132359
All Pools,RKLBX - AVAX,0.1,False,342.7,685.87,0.34289,18.25,1783132359
All Pools,LUEYGI - AVAX,0.1,False,342.7,685.87,0.34289,18.25,1783132359
All Pools,LLM - AVAX,0.1,False,342.7,685.87,0.34289,18.25,1783132359
All Pools,ALINK - AVAX,0.1,False,342.7,685.87,0.34289,18.25,1783132359
All Pools,AICRE8 - AVAX,0.1,False,342.7,685.87,0.34289,18.25,1783132359
All Pools,BOOST - AVAX,0.1,False,342.7,685.87,0.34289,18.25,1783132359
All Pools,PULSR - AVAX,0.1,False,342.7,685.87,0.34289,18.25,1783132359
All Pools,SEUR0 - AVAX,0.1,False,342.7,685.87,0.34289,18.25,1783132359
All Pools,CBD - AVAX,0.1,False,342.68,685.84,0.34287,18.25,1783132359
All Pools,IOI - AVAX,0.1,False,342.68,-1.077,0.34287,-11624.94,1783132359
All Pools,KEEP - AVAX,0.1,False,342.68,685.84,0.34287,18.25,1783132359
All Pools,DCO - AVAX,0.1,False,342.68,685.84,0.34287,18.25,1783132359
All Pools,VOY - AVAX,0.1,False,342.68,685.84,0.34287,18.25,1783132359
All Pools,ZAM - AVAX,0.1,False,342.68,-1.08,0.34287,-11592.26,1783132359
All Pools,GBTC - AVAX,0.1,False,342.68,685.83,0.34287,18.25,1783132359
All Pools,ILLU - AVAX,0.1,False,342.68,685.83,0.34287,18.25,1783132359
All Pools,NXA - AVAX,0.1,False,342.68,685.83,0.34287,18.25,1783132359
All Pools,ARENA - AVAX,0.1,False,342.68,685.83,0.34287,18.25,1783132359
All Pools,DAMOON - AVAX,0.1,False,342.68,685.83,0.34287,18.25,1783132359
All Pools,TANGO - AVAX,0.1,False,342.68,685.83,0.34287,18.25,1783132359
All Pools,DSS - AVAX,0.1,False,342.68,685.83,0.34287,18.25,1783132359
All Pools,AIAB - AVAX,0.1,False,342.68,685.83,0.34287,18.25,1783132359
All Pools,ZEUM - AVAX,0.1,False,342.67,685.81,0.34286,18.25,1783132359
All Pools,GCR - AVAX,0.1,False,342.67,685.81,0.34286,18.25,1783132359
All Pools,INFO - AVAX,0.1,False,342.67,685.81,0.34286,18.25,1783132359
All Pools,VICPAY - AVAX,0.1,False,342.67,685.81,0.34286,18.25,1783132359
All Pools,CTB - AVAX,0.1,False,342.67,685.81,0.34286,18.25,1783132359
All Pools,TEM - AVAX,0.1,False,342.67,685.81,0.34286,18.25,1783132359
All Pools,CNR - AVAX,0.1,False,342.65,685.77,0.34284,18.25,1783132359
All Pools,YCT - AVAX,0.1,False,342.65,685.77,0.34284,18.25,1783132359
All Pools,IXIR - AVAX,0.1,False,342.65,685.77,0.34284,18.25,1783132359
All Pools,BABYMYRO - AVAX,0.1,False,342.65,685.77,0.34284,18.25,1783132359
All Pools,COSMIC - AVAX,0.1,False,342.65,685.77,0.34284,18.25,1783132359
All Pools,BLUP - AVAX,0.1,False,342.65,685.77,0.34284,18.25,1783132359
All Pools,CXPAD - AVAX,0.1,False,342.65,685.77,0.34284,18.25,1783132359
All Pools,APES - AVAX,0.1,False,342.65,685.77,0.34284,18.25,1783132359
All Pools,MLUM - AVAX,0.1,False,342.65,685.77,0.34284,18.25,1783132359
All Pools,CEM - AVAX,0.1,False,342.64,685.75,0.34283,18.25,1783132359
All Pools,ELS - AVAX,0.1,False,342.64,685.75,0.34283,18.25,1783132359
All Pools,GOLD8 - AVAX,0.1,False,342.64,685.75,0.34283,18.25,1783132359
All Pools,XCCX - AVAX,0.1,False,342.63,685.73,0.34282,18.25,1783132359
All Pools,ZETRIX - AVAX,0.1,False,342.63,685.73,0.34282,18.25,1783132359
All Pools,UM - AVAX,0.1,False,342.63,-1.13,0.34282,-11075.99,1783132359
All Pools,NOVA - AVAX,0.1,False,342.63,685.73,0.34282,18.25,1783132359
All Pools,BCA - AVAX,0.1,False,342.63,685.73,0.34282,18.25,1783132359
All Pools,GALGO - AVAX,0.1,False,342.63,685.73,0.34282,18.25,1783132359
All Pools,KPK - AVAX,0.1,False,342.62,685.72,0.34281,18.25,1783132359
All Pools,ARM - WS - OS - AVAX,0.1,False,342.62,685.72,0.34281,18.25,1783132359
All Pools,CC - AVAX,0.1,False,342.62,685.72,0.34281,18.25,1783132359
All Pools,XSTABLE - AVAX,0.1,False,342.62,685.72,0.34281,18.25,1783132359
All Pools,MORPHO - AVAX,0.1,False,342.62,685.72,0.34281,18.25,1783132359
All Pools,STUSD - AVAX,0.1,False,342.62,685.72,0.34281,18.25,1783132359
All Pools,BLIFE - AVAX,0.1,False,342.62,685.72,0.34281,18.25,1783132359
All Pools,SKULL - AVAX,0.1,False,342.62,685.71,0.34281,18.25,1783132359
All Pools,CICC - AVAX,0.1,False,342.62,685.71,0.34281,18.25,1783132359
All Pools,VITAFOXO - AVAX,0.1,False,342.62,685.71,0.34281,18.25,1783132359
All Pools,LIQD - AVAX,0.1,False,342.62,685.71,0.34281,18.25,1783132359
All Pools,METAKPK - AVAX,0.1,False,342.62,685.71,0.34281,18.25,1783132359
All Pools,FTM - AVAX,0.1,False,342.62,685.71,0.34281,18.25,1783132359
All Pools,MAPE - AVAX,0.1,False,342.61,685.69,0.3428,18.25,1783132359
All Pools,MULTI - AVAX,0.1,False,342.61,685.69,0.3428,18.25,1783132359
All Pools,BOBO - AVAX,0.1,False,342.61,685.69,0.3428,18.25,1783132359
All Pools,PEEPA - AVAX,0.1,False,342.61,685.69,0.3428,18.25,1783132359
All Pools,HWL - AVAX,0.1,False,342.61,685.69,0.3428,18.25,1783132359
All Pools,GEC - AVAX,0.1,False,342.61,-1.149,0.3428,-10892.69,1783132359
All Pools,ING - AVAX,0.1,False,342.61,685.68,0.34279,18.25,1783132359
All Pools,SSUI - AVAX,0.1,False,342.61,685.68,0.34279,18.25,1783132359
All Pools,DRIP - AVAX,0.1,False,342.61,685.68,0.34279,18.25,1783132359
All Pools,ULAB - AVAX,0.1,False,342.61,685.68,0.34279,18.25,1783132359
All Pools,MUFFIN - AVAX,0.1,False,342.61,685.68,0.34279,18.25,1783132359
All Pools,PONGO - AVAX,0.1,False,342.61,685.68,0.34279,18.25,1783132359
All Pools,XBTC - AVAX,0.1,False,342.59,685.65,0.34278,18.25,1783132359
All Pools,AXPX - AVAX,0.1,False,342.59,-1.171,0.34278,-10686.82,1783132359
All Pools,AEDZ - AVAX,0.1,False,342.59,685.65,0.34278,18.25,1783132359
All Pools,FONQ - AVAX,0.1,False,342.59,-1.171,0.34278,-10686.82,1783132359
All Pools,PUSDC.E - AVAX,0.1,False,342.59,685.65,0.34278,18.25,1783132359
All Pools,JACK - AVAX,0.1,False,342.59,685.65,0.34278,18.25,1783132359
All Pools,SCRX - AVAX,0.1,False,342.59,685.65,0.34278,18.25,1783132359
All Pools,ADEX - AVAX,0.1,False,342.57,685.61,0.34276,18.25,1783132359
All Pools,CLA - AVAX,0.1,False,342.57,-1.192,0.34276,-10495.87,1783132359
All Pools,AEONCITY - AVAX,0.1,False,342.57,685.61,0.34276,18.25,1783132359
All Pools,ACHF - AVAX,0.1,False,342.56,685.59,0.34275,18.25,1783132359
All Pools,ESPRF - AVAX,0.1,False,342.56,685.59,0.34275,18.25,1783132359
All Pools,GOAI - AVAX,0.1,False,342.56,685.59,0.34275,18.25,1783132359
All Pools,HOBBES - AVAX,0.1,False,342.56,685.59,0.34275,18.25,1783132359
All Pools,SFL - AVAX,0.1,False,342.56,685.59,0.34275,18.25,1783132359
All Pools,SOLX - AVAX,0.1,False,342.56,685.59,0.34275,18.25,1783132359
All Pools,TAVA - AVAX,0.1,False,342.56,685.59,0.34275,18.25,1783132359
All Pools,MODEX - AVAX,0.1,False,342.56,685.59,0.34275,18.25,1783132359
All Pools,DUCK - AVAX,0.1,False,342.56,685.58,0.34274,18.25,1783132359
All Pools,BAPE - AVAX,0.1,False,342.56,685.58,0.34274,18.25,1783132359
All Pools,MPAL - AVAX,0.1,False,342.56,685.58,0.34274,18.25,1783132359
All Pools,RKR - AVAX,0.1,False,342.56,685.58,0.34274,18.25,1783132359
All Pools,UTT - AVAX,0.1,False,342.56,685.58,0.34274,18.25,1783132359
All Pools,TSAT - AVAX,0.1,False,342.56,685.58,0.34274,18.25,1783132359
All Pools,ATTRA - AVAX,0.1,False,342.55,685.58,0.34274,18.25,1783132359
All Pools,ZOO - AVAX,0.1,False,342.55,685.58,0.34274,18.25,1783132359
All Pools,THG - AVAX,0.1,False,342.55,685.58,0.34274,18.25,1783132359
All Pools,WFO - AVAX,0.1,False,342.55,-1.207,0.34274,-10360.57,1783132359
All Pools,PUSD - AVAX,0.1,False,342.55,685.58,0.34274,18.25,1783132359
All Pools,AEA - AVAX,0.1,False,342.55,685.58,0.34274,18.25,1783132359
All Pools,LEGLD - AVAX,0.1,False,342.55,685.58,0.34274,18.25,1783132359
All Pools,PROOF - AVAX,0.1,False,342.52,685.52,0.34271,18.25,1783132359
All Pools,MFARM - AVAX,0.1,False,342.52,685.52,0.34271,18.25,1783132359
All Pools,FPT - AVAX,0.1,False,342.52,685.52,0.34271,18.25,1783132359
All Pools,RBL - AVAX,0.1,False,342.52,685.51,0.34271,18.25,1783132359
All Pools,TIME - AVAX,0.1,False,342.52,685.51,0.34271,18.25,1783132359
All Pools,HYPE - AVAX,0.1,False,342.52,685.51,0.34271,18.25,1783132359
All Pools,DX - AVAX,0.1,False,342.52,685.51,0.34271,18.25,1783132359
All Pools,EXIT - AVAX,0.1,False,342.52,685.51,0.34271,18.25,1783132359
All Pools,COST.D - AVAX,0.1,False,342.52,685.5,0.34271,18.25,1783132359
All Pools,EDC - AVAX,0.1,False,342.52,685.5,0.34271,18.25,1783132359
All Pools,LASAGNA - AVAX,0.1,False,342.52,685.5,0.34271,18.25,1783132359
All Pools,MAXX - AVAX,0.1,False,342.51,685.49,0.3427,18.25,1783132359
All Pools,CYLA - AVAX,0.1,False,342.51,685.49,0.3427,18.25,1783132359
All Pools,ONIC - AVAX,0.1,False,342.51,685.49,0.3427,18.25,1783132359
All Pools,DD - AVAX,0.1,False,342.51,685.49,0.3427,18.25,1783132359
All Pools,WAI - AVAX,0.1,False,342.51,685.49,0.3427,18.25,1783132359
All Pools,XGRAV - AVAX,0.1,False,342.51,685.49,0.3427,18.25,1783132359
All Pools,QJUNO - AVAX,0.1,False,342.51,685.48,0.34269,18.25,1783132359
All Pools,ASET - AVAX,0.1,False,342.51,685.48,0.34269,18.25,1783132359
All Pools,WGOOGLX - AVAX,0.1,False,342.51,685.48,0.34269,18.25,1783132359
All Pools,WHONX - AVAX,0.1,False,342.51,685.48,0.34269,18.25,1783132359
All Pools,BITB.D - AVAX,0.1,False,342.51,685.48,0.34269,18.25,1783132359
All Pools,AGT - AVAX,0.1,False,342.51,685.48,0.34269,18.25,1783132359
All Pools,IOBUSD - AVAX,0.1,False,342.5,686.92,0.34269,18.21,1783132359
All Pools,ECOR - AVAX,0.1,False,342.5,685.47,0.34269,18.25,1783132359
All Pools,MEAT - AVAX,0.1,False,342.5,685.47,0.34269,18.25,1783132359
All Pools,EZSWAP - AVAX,0.1,False,342.5,685.47,0.34269,18.25,1783132359
All Pools,XARCH - AVAX,0.1,False,342.5,-1.263,0.34269,-9899.54,1783132359
All Pools,FOXY - AVAX,0.1,False,342.5,685.47,0.34269,18.25,1783132359
All Pools,VERI - AVAX,0.1,False,342.5,685.47,0.34269,18.25,1783132359
All Pools,L3USD - AVAX,0.1,False,342.49,685.46,0.34268,18.25,1783132359
All Pools,WILC - AVAX,0.1,False,342.49,685.46,0.34268,18.25,1783132359
All Pools,DBD - AVAX,0.1,False,342.49,685.46,0.34268,18.25,1783132359
All Pools,OCTO - AVAX,0.1,False,342.49,685.46,0.34268,18.25,1783132359
All Pools,IOWBTC - AVAX,0.1,False,342.49,685.46,0.34268,18.25,1783132359
All Pools,PHY - AVAX,0.1,False,342.49,685.46,0.34268,18.25,1783132359
All Pools,BAG - AVAX,0.1,False,342.48,685.43,0.34267,18.25,1783132359
All Pools,DINO - AVAX,0.1,False,342.48,685.43,0.34267,18.25,1783132359
All Pools,PHAME - AVAX,0.1,False,342.48,685.43,0.34267,18.25,1783132359
All Pools,BRISH - AVAX,0.1,False,342.48,685.43,0.34267,18.25,1783132359
All Pools,BOOTY - AVAX,0.1,False,342.48,685.43,0.34267,18.25,1783132359
All Pools,BABYSATO - AVAX,0.1,False,342.48,685.43,0.34267,18.25,1783132359
All Pools,ETHV - AVAX,0.1,False,342.47,685.42,0.34266,18.25,1783132359
All Pools,METAN - AVAX,0.1,False,342.47,685.42,0.34266,18.25,1783132359
All Pools,CLAY - AVAX,0.1,False,342.47,685.42,0.34266,18.25,1783132359
All Pools,LYK - AVAX,0.1,False,342.47,685.42,0.34266,18.25,1783132359
All Pools,SOLZILLA - AVAX,0.1,False,342.47,685.42,0.34266,18.25,1783132359
All Pools,PC0000061 - AVAX,0.1,False,342.47,685.42,0.34266,18.25,1783132359
All Pools,SCHRDNGR - AVAX,0.1,False,342.47,685.41,0.34266,18.25,1783132359
All Pools,BOBO - AVAX,0.1,False,342.47,685.41,0.34266,18.25,1783132359
All Pools,T5PT - AVAX,0.1,False,342.47,685.41,0.34266,18.25,1783132359
All Pools,ZERO - AVAX,0.1,False,342.47,685.41,0.34266,18.25,1783132359
All Pools,STREAM - AVAX,0.1,False,342.47,685.41,0.34266,18.25,1783132359
All Pools,PLD - AVAX,0.1,False,342.47,685.41,0.34266,18.25,1783132359
All Pools,CDT - AVAX,0.1,False,342.46,685.4,0.34265,18.25,1783132359
All Pools,PUSD - AVAX,0.1,False,342.46,685.4,0.34265,18.25,1783132359
All Pools,GCZ - AVAX,0.1,False,342.46,685.4,0.34265,18.25,1783132359
All Pools,TIPS - AVAX,0.1,False,342.46,685.4,0.34265,18.25,1783132359
All Pools,KNET - AVAX,0.1,False,342.46,-1.295,0.34265,-9655.27,1783132359
All Pools,EV - AVAX,0.1,False,342.46,685.4,0.34265,18.25,1783132359
All Pools,GHOST - AVAX,0.1,False,342.46,685.39,0.34265,18.25,1783132359
All Pools,ENVI - AVAX,0.1,False,342.45,685.38,0.34264,18.25,1783132359
All Pools,MIMATIC - AVAX,0.1,False,342.45,685.38,0.34264,18.25,1783132359
All Pools,SMARS - AVAX,0.1,False,342.45,-1.31,0.34264,-9544.64,1783132359
All Pools,BHO - AVAX,0.1,False,342.45,685.37,0.34264,18.25,1783132359
All Pools,HPO - AVAX,0.1,False,342.45,685.37,0.34264,18.25,1783132359
All Pools,NGY - AVAX,0.1,False,342.45,685.37,0.34264,18.25,1783132359
All Pools,COPX - AVAX,0.1,False,342.45,685.37,0.34264,18.25,1783132359
All Pools,MTG - AVAX,0.1,False,342.45,685.37,0.34264,18.25,1783132359
All Pools,STACKS - AVAX,0.1,False,342.45,685.37,0.34264,18.25,1783132359
All Pools,BUND - AVAX,0.1,False,342.45,685.37,0.34264,18.25,1783132359
All Pools,BRICKS - AVAX,0.1,False,342.45,685.37,0.34264,18.25,1783132359
All Pools,XCV - AVAX,0.1,False,342.45,-1.312,0.34264,-9533.4,1783132359
All Pools,FCP - AVAX,0.1,False,342.45,-1.312,0.34264,-9533.4,1783132359
All Pools,CTM - AVAX,0.1,False,342.45,685.37,0.34264,18.25,1783132359
All Pools,YLDY - AVAX,0.1,False,342.44,685.35,0.34263,18.25,1783132359
All Pools,MSS - AVAX,0.1,False,342.44,685.35,0.34263,18.25,1783132359
All Pools,BTSLA - AVAX,0.1,False,342.44,685.35,0.34263,18.25,1783132359
All Pools,JQ - AVAX,0.1,False,342.44,685.35,0.34263,18.25,1783132359
All Pools,MCEUR - AVAX,0.1,False,342.44,685.35,0.34263,18.25,1783132359
All Pools,FOCAI - AVAX,0.1,False,342.44,685.35,0.34263,18.25,1783132359
All Pools,PARTY - AVAX,0.1,False,342.43,685.33,0.34262,18.25,1783132359
All Pools,BUNI - AVAX,0.1,False,342.43,685.33,0.34262,18.25,1783132359
All Pools,GMFAM - AVAX,0.1,False,342.43,685.33,0.34262,18.25,1783132359
All Pools,DQUICK - AVAX,0.1,False,342.43,685.33,0.34262,18.25,1783132359
All Pools,FRIC - AVAX,0.1,False,342.43,685.33,0.34262,18.25,1783132359
All Pools,BLEO - AVAX,0.1,False,342.43,685.33,0.34262,18.25,1783132359
All Pools,AAMMUNIMKRWETH - AVAX,0.1,False,342.43,685.32,0.34261,18.25,1783132359
All Pools,CASH - AVAX,0.1,False,342.43,685.32,0.34261,18.25,1783132359
All Pools,TBILL - AVAX,0.1,False,342.43,685.32,0.34261,18.25,1783132359
All Pools,KIMCHI - AVAX,0.1,False,342.43,685.32,0.34261,18.25,1783132359
All Pools,BLOCK - AVAX,0.1,False,342.43,685.32,0.34261,18.25,1783132359
All Pools,AAMMUNISNXWETH - AVAX,0.1,False,342.43,685.32,0.34261,18.25,1783132359
All Pools,USFR.D - AVAX,0.1,False,342.42,685.32,0.34261,18.25,1783132359
All Pools,EDDY - AVAX,0.1,False,342.42,685.32,0.34261,18.25,1783132359
All Pools,MON - AVAX,0.1,False,342.42,685.32,0.34261,18.25,1783132359
All Pools,ODICTOKEN - AVAX,0.1,False,342.42,685.32,0.34261,18.25,1783132359
All Pools,NTR - AVAX,0.1,False,342.42,685.32,0.34261,18.25,1783132359
All Pools,BABYBONK - AVAX,0.1,False,342.42,685.32,0.34261,18.25,1783132359
All Pools,BULL - AVAX,0.1,False,342.42,685.3,0.3426,18.25,1783132359
All Pools,KDAG - AVAX,0.1,False,342.42,685.3,0.3426,18.25,1783132359
All Pools,NUT - AVAX,0.1,False,342.42,685.3,0.3426,18.25,1783132359
All Pools,BNVDA - AVAX,0.1,False,342.42,-1.344,0.3426,-9304.12,1783132359
All Pools,DAVINCI - AVAX,0.1,False,342.42,685.3,0.3426,18.25,1783132359
All Pools,SOIL - AVAX,0.1,False,342.41,685.3,0.3426,18.25,1783132359
All Pools,TBC - AVAX,0.1,False,342.41,685.3,0.3426,18.25,1783132359
All Pools,KBOX - AVAX,0.1,False,342.41,-1.347,0.3426,-9285.5,1783132359
All Pools,STRM - AVAX,0.1,False,342.41,685.3,0.3426,18.25,1783132359
All Pools,PLB - AVAX,0.1,False,342.41,685.3,0.3426,18.25,1783132359
All Pools,DMCC - AVAX,0.1,False,342.41,685.3,0.3426,18.25,1783132359
All Pools,PUFF - AVAX,0.1,False,342.41,685.3,0.3426,18.25,1783132359
All Pools,TITANX - AVAX,0.1,False,342.41,685.29,0.3426,18.25,1783132359
All Pools,EGG - AVAX,0.1,False,342.41,685.29,0.3426,18.25,1783132359
All Pools,ACS - AVAX,0.1,False,342.41,685.29,0.3426,18.25,1783132359
All Pools,PIZZA - AVAX,0.1,False,342.41,685.29,0.3426,18.25,1783132359
All Pools,YV1INCH - AVAX,0.1,False,342.41,685.29,0.3426,18.25,1783132359
All Pools,DEVVE - AVAX,0.1,False,342.41,685.29,0.3426,18.25,1783132359
All Pools,DBZ - AVAX,0.1,False,342.41,685.29,0.3426,18.25,1783132359
All Pools,SHI3LD - AVAX,0.1,False,342.41,685.29,0.3426,18.25,1783132359
All Pools,VBSWAP - AVAX,0.1,False,342.41,685.29,0.3426,18.25,1783132359
All Pools,DEGG - AVAX,0.1,False,342.41,-1.352,0.3426,-9248.88,1783132359
All Pools,TEMCO - AVAX,0.1,False,342.41,685.29,0.3426,18.25,1783132359
All Pools,DCAI - AVAX,0.1,False,342.41,685.29,0.3426,18.25,1783132359
All Pools,SPACE - AVAX,0.1,False,342.41,685.28,0.34259,18.25,1783132359
All Pools,VPND - AVAX,0.1,False,342.41,685.28,0.34259,18.25,1783132359
All Pools,CLNY - AVAX,0.1,False,342.41,-1.354,0.34259,-9235.1,1783132359
All Pools,SHARX - AVAX,0.1,False,342.41,685.28,0.34259,18.25,1783132359
All Pools,BLUNNY - AVAX,0.1,False,342.41,685.28,0.34259,18.25,1783132359
All Pools,BOOMER - AVAX,0.1,False,342.41,685.28,0.34259,18.25,1783132359
All Pools,DEO - AVAX,0.1,False,342.41,685.28,0.34259,18.25,1783132359
All Pools,PLSX - AVAX,0.1,False,342.4,-1.36,0.34259,-9195.63,1783132359
All Pools,HKC - AVAX,0.1,False,342.4,685.27,0.34259,18.25,1783132359
All Pools,ERW - AVAX,0.1,False,342.4,685.27,0.34259,18.25,1783132359
All Pools,ART - AVAX,0.1,False,342.4,685.27,0.34259,18.25,1783132359
All Pools,SIAM - AVAX,0.1,False,342.4,685.27,0.34259,18.25,1783132359
All Pools,CSTAR - AVAX,0.1,False,342.4,685.27,0.34259,18.25,1783132359
All Pools,BCA - AVAX,0.1,False,342.4,685.27,0.34259,18.25,1783132359
All Pools,V - AVAX,0.1,False,342.4,685.27,0.34259,18.25,1783132359
All Pools,H2ON - AVAX,0.1,False,342.4,685.27,0.34259,18.25,1783132359
All Pools,CATGE - AVAX,0.1,False,342.39,685.26,0.34258,18.25,1783132359
All Pools,WGC - AVAX,0.1,False,342.39,685.26,0.34258,18.25,1783132359
All Pools,GODZ - AVAX,0.1,False,342.39,685.26,0.34258,18.25,1783132359
All Pools,STI - AVAX,0.1,False,342.39,685.26,0.34258,18.25,1783132359
All Pools,XMT - AVAX,0.1,False,342.39,685.26,0.34258,18.25,1783132359
All Pools,HO - AVAX,0.1,False,342.39,685.26,0.34258,18.25,1783132359
All Pools,TTN - AVAX,0.1,False,342.39,685.26,0.34258,18.25,1783132359
All Pools,SHL - AVAX,0.1,False,342.39,685.26,0.34258,18.25,1783132359
All Pools,LOCUS - AVAX,0.1,False,342.39,685.26,0.34258,18.25,1783132359
All Pools,AFNTY - AVAX,0.1,False,342.39,685.26,0.34258,18.25,1783132359
All Pools,ROG - AVAX,0.1,False,342.39,-1.367,0.34258,-9149.63,1783132359
All Pools,NETA - AVAX,0.1,False,342.39,685.26,0.34258,18.25,1783132359
All Pools,VFX - AVAX,0.1,False,342.38,685.23,0.34257,18.25,1783132359
All Pools,HUNT - AVAX,0.1,False,342.38,685.23,0.34257,18.25,1783132359
All Pools,SET - AVAX,0.1,False,342.38,685.23,0.34257,18.25,1783132359
All Pools,MMIP - AVAX,0.1,False,342.38,685.23,0.34257,18.25,1783132359
All Pools,PE - AVAX,0.1,False,342.38,685.23,0.34257,18.25,1783132359
All Pools,ETH - AVAX,0.1,False,342.38,-1.381,0.34257,-9053.74,1783132359
All Pools,EXAUSDC.E - AVAX,0.1,False,342.38,685.22,0.34256,18.25,1783132359
All Pools,BRRR - AVAX,0.1,False,342.38,685.22,0.34256,18.25,1783132359
All Pools,WWEMIX - AVAX,0.1,False,342.38,-1.385,0.34256,-9028.65,1783132359
All Pools,YOURMOM - AVAX,0.1,False,342.38,685.22,0.34256,18.25,1783132359
All Pools,EFT - AVAX,0.1,False,342.38,685.22,0.34256,18.25,1783132359
All Pools,ARUSD - AVAX,0.1,False,342.38,685.22,0.34256,18.25,1783132359
All Pools,AMT - AVAX,0.1,False,342.37,685.21,0.34256,18.25,1783132359
All Pools,DROID - AVAX,0.1,False,342.37,685.21,0.34256,18.25,1783132359
All Pools,CTUSD - AVAX,0.1,False,342.37,685.21,0.34256,18.25,1783132359
All Pools,JUSD - AVAX,0.1,False,342.37,685.21,0.34256,18.25,1783132359
All Pools,TBCC - AVAX,0.1,False,342.37,685.21,0.34256,18.25,1783132359
All Pools,TKC - AVAX,0.1,False,342.37,685.21,0.34256,18.25,1783132359
All Pools,STEP - AVAX,0.1,False,342.37,685.21,0.34256,18.25,1783132359
All Pools,AMI - AVAX,0.1,False,342.37,685.21,0.34256,18.25,1783132359
All Pools,IBETH - AVAX,0.1,False,342.37,685.21,0.34256,18.25,1783132359
All Pools,QWLA - AVAX,0.1,False,342.37,685.21,0.34256,18.25,1783132359
All Pools,MOON - AVAX,0.1,False,342.37,685.21,0.34256,18.25,1783132359
All Pools,BEZO - AVAX,0.1,False,342.37,685.21,0.34256,18.25,1783132359
All Pools,CHAT - AVAX,0.1,False,342.37,685.21,0.34256,18.25,1783132359
All Pools,CCFI - AVAX,0.1,False,342.37,685.21,0.34256,18.25,1783132359
All Pools,AKTIO - AVAX,0.1,False,342.36,685.2,0.34255,18.25,1783132359
All Pools,MEB - AVAX,0.1,False,342.36,685.2,0.34255,18.25,1783132359
All Pools,BMSFT - AVAX,0.1,False,342.36,685.19,0.34255,18.25,1783132359
All Pools,STOMB - AVAX,0.1,False,342.36,685.19,0.34255,18.25,1783132359
All Pools,ICSA - AVAX,0.1,False,342.36,685.19,0.34255,18.25,1783132359
All Pools,HARE - AVAX,0.1,False,342.36,685.19,0.34255,18.25,1783132359
All Pools,BRG - AVAX,0.1,False,342.36,685.19,0.34255,18.25,1783132359
All Pools,BET - AVAX,0.1,False,342.36,685.19,0.34255,18.25,1783132359
All Pools,USDW - AVAX,0.1,False,342.36,685.19,0.34255,18.25,1783132359
All Pools,XETH - AVAX,0.1,False,342.33,685.12,0.34251,18.25,1783132359
All Pools,GNFT - AVAX,0.1,False,342.33,685.12,0.34251,18.25,1783132359
All Pools,WMEMO - AVAX,0.1,False,342.33,685.12,0.34251,18.25,1783132359
All Pools,ANIMA - AVAX,0.1,False,342.33,685.12,0.34251,18.25,1783132359
All Pools,HAUST - AVAX,0.1,False,342.33,685.12,0.34251,18.25,1783132359
All Pools,LFIT - AVAX,0.1,False,342.33,685.12,0.34251,18.25,1783132359
All Pools,VFX - AVAX,0.1,False,342.32,685.11,0.34251,18.25,1783132359
All Pools,VRT - AVAX,0.1,False,342.32,685.11,0.34251,18.25,1783132359
All Pools,LAND - AVAX,0.1,False,342.32,685.11,0.34251,18.25,1783132359
All Pools,SHARP - AVAX,0.1,False,342.32,685.11,0.34251,18.25,1783132359
All Pools,NEXT - AVAX,0.1,False,342.32,-1.439,0.34251,-8686.48,1783132359
All Pools,SSU - AVAX,0.1,False,342.32,685.11,0.34251,18.25,1783132359
All Pools,HMKR - AVAX,0.1,False,342.31,685.09,0.3425,18.25,1783132359
All Pools,CRAZYBUNNY - AVAX,0.1,False,342.31,685.09,0.3425,18.25,1783132359
All Pools,REAL - AVAX,0.1,False,342.31,685.09,0.3425,18.25,1783132359
All Pools,CWT - AVAX,0.1,False,342.31,685.09,0.3425,18.25,1783132359
All Pools,LSULP - AVAX,0.1,False,342.31,685.09,0.3425,18.25,1783132359
All Pools,TUK - AVAX,0.1,False,342.31,685.09,0.3425,18.25,1783132359
All Pools,IFLUX - AVAX,0.1,False,342.3,685.07,0.34249,18.25,1783132359
All Pools,T1MT - AVAX,0.1,False,342.3,685.07,0.34249,18.25,1783132359
All Pools,KILT - AVAX,0.1,False,342.3,685.07,0.34249,18.25,1783132359
All Pools,FFE - AVAX,0.1,False,342.3,685.07,0.34249,18.25,1783132359
All Pools,CC - AVAX,0.1,False,342.3,685.07,0.34249,18.25,1783132359
All Pools,PRO - AVAX,0.1,False,342.3,685.07,0.34249,18.25,1783132359
All Pools,PORNROCKET - AVAX,0.1,False,342.3,685.07,0.34249,18.25,1783132359
All Pools,$BUD - AVAX,0.1,False,342.3,685.07,0.34249,18.25,1783132359
All Pools,ARKY - AVAX,0.1,False,342.3,685.07,0.34249,18.25,1783132359
All Pools,ARC - AVAX,0.1,False,342.3,685.07,0.34249,18.25,1783132359
All Pools,THUSD - AVAX,0.1,False,342.3,685.07,0.34249,18.25,1783132359
All Pools,PLUMS - AVAX,0.1,False,342.3,685.06,0.34248,18.25,1783132359
All Pools,FIST - AVAX,0.1,False,342.3,685.06,0.34248,18.25,1783132359
All Pools,MELD - AVAX,0.1,False,342.3,685.06,0.34248,18.25,1783132359
All Pools,SSS - AVAX,0.1,False,342.3,685.06,0.34248,18.25,1783132359
All Pools,EUSX - AVAX,0.1,False,342.3,685.06,0.34248,18.25,1783132359
All Pools,SIGRSV - AVAX,0.1,False,342.3,685.06,0.34248,18.25,1783132359
All Pools,TOTEM - AVAX,0.1,False,342.29,685.05,0.34248,18.25,1783132359
All Pools,VLTC - AVAX,0.1,False,342.29,685.05,0.34248,18.25,1783132359
All Pools,BRCA - AVAX,0.1,False,342.29,685.05,0.34248,18.25,1783132359
All Pools,NEX - AVAX,0.1,False,342.29,685.05,0.34248,18.25,1783132359
All Pools,COREUM - AVAX,0.1,False,342.29,685.05,0.34248,18.25,1783132359
All Pools,TAT - AVAX,0.1,False,342.29,685.05,0.34248,18.25,1783132359
All Pools,TRIP - AVAX,0.1,False,342.29,685.05,0.34248,18.25,1783132359
All Pools,TOKAU - AVAX,0.1,False,342.29,685.05,0.34248,18.25,1783132359
All Pools,LORE - AVAX,0.1,False,342.29,685.05,0.34248,18.25,1783132359
All Pools,LATOM - AVAX,0.1,False,342.29,685.05,0.34248,18.25,1783132359
All Pools,LOAN - AVAX,0.1,False,342.29,685.04,0.34247,18.25,1783132359
All Pools,TNQ - AVAX,0.1,False,342.29,685.04,0.34247,18.25,1783132359
All Pools,VBTC - AVAX,0.1,False,342.28,685.04,0.34247,18.25,1783132359
All Pools,SOLAREUM - AVAX,0.1,False,342.28,685.04,0.34247,18.25,1783132359
All Pools,INVAAI - AVAX,0.1,False,342.28,685.04,0.34247,18.25,1783132359
All Pools,MRS - AVAX,0.1,False,342.28,685.04,0.34247,18.25,1783132359
All Pools,BODAV2 - AVAX,0.1,False,342.28,685.04,0.34247,18.25,1783132359
All Pools,MRC - AVAX,0.1,False,342.28,685.04,0.34247,18.25,1783132359
All Pools,MEEB - AVAX,0.1,False,342.28,685.03,0.34247,18.25,1783132359
All Pools,AETHR - AVAX,0.1,False,342.27,685.02,0.34246,18.25,1783132359
All Pools,GM - AVAX,0.1,False,342.27,685.02,0.34246,18.25,1783132359
All Pools,TOTT - AVAX,0.1,False,342.27,685.02,0.34246,18.25,1783132359
All Pools,LUSD - AVAX,0.1,False,342.27,685.02,0.34246,18.25,1783132359
All Pools,WASD - AVAX,0.1,False,342.27,685.02,0.34246,18.25,1783132359
All Pools,DXL - AVAX,0.1,False,342.27,685.02,0.34246,18.25,1783132359
All Pools,WATT - AVAX,0.1,False,342.27,685.01,0.34246,18.25,1783132359
All Pools,SNOW - AVAX,0.1,False,342.26,685.0,0.34245,18.25,1783132359
All Pools,VIGI - AVAX,0.1,False,342.26,685.0,0.34245,18.25,1783132359
All Pools,LEKS - AVAX,0.1,False,342.26,685.0,0.34245,18.25,1783132359
All Pools,KAIJU - AVAX,0.1,False,342.26,685.0,0.34245,18.25,1783132359
All Pools,VENOM - AVAX,0.1,False,342.25,684.97,0.34244,18.25,1783132359
All Pools,BMX - AVAX,0.1,False,342.25,684.97,0.34244,18.25,1783132359
All Pools,VBCH - AVAX,0.1,False,342.25,684.97,0.34244,18.25,1783132359
All Pools,$5SCAPE - AVAX,0.1,False,342.25,684.97,0.34244,18.25,1783132359
All Pools,AID - AVAX,0.1,False,342.25,684.97,0.34244,18.25,1783132359
All Pools,WMN - AVAX,0.1,False,342.25,684.97,0.34244,18.25,1783132359
All Pools,ALIGN - AVAX,0.1,False,342.24,-1.522,0.34243,-8213.33,1783132359
All Pools,PAN - AVAX,0.1,False,342.24,684.95,0.34243,18.25,1783132359
All Pools,ERO.D - AVAX,0.1,False,342.24,684.95,0.34243,18.25,1783132359
All Pools,DUOLX - AVAX,0.1,False,342.24,684.95,0.34243,18.25,1783132359
All Pools,IXAD - AVAX,0.1,False,342.24,-1.522,0.34243,-8213.33,1783132359
All Pools,FLAP - AVAX,0.1,False,342.24,684.95,0.34243,18.25,1783132359
All Pools,GRANT - AVAX,0.1,False,342.24,-1.524,0.34242,-8202.49,1783132359
All Pools,TCL - AVAX,0.1,False,342.24,684.94,0.34242,18.25,1783132359
All Pools,DC - AVAX,0.1,False,342.24,684.94,0.34242,18.25,1783132359
All Pools,GPTPLUS - AVAX,0.1,False,342.24,684.94,0.34242,18.25,1783132359
All Pools,FUACK - AVAX,0.1,False,342.24,684.94,0.34242,18.25,1783132359
All Pools,BABYBOME - AVAX,0.1,False,342.24,684.94,0.34242,18.25,1783132359
All Pools,TURBO - AVAX,0.1,False,342.24,684.94,0.34242,18.25,1783132359
All Pools,NERO - AVAX,0.1,False,342.24,684.94,0.34242,18.25,1783132359
All Pools,THE - AVAX,0.1,False,342.24,684.94,0.34242,18.25,1783132359
All Pools,TOMOE - AVAX,0.1,False,342.24,-1.525,0.34242,-8197.71,1783132359
All Pools,ZED - AVAX,0.1,False,342.24,-1.525,0.34242,-8197.71,1783132359
All Pools,GOB - AVAX,0.1,False,342.24,684.94,0.34242,18.25,1783132359
All Pools,BMSTR - AVAX,0.1,False,342.24,684.94,0.34242,18.25,1783132359
All Pools,COPYCAT - AVAX,0.1,False,342.24,684.94,0.34242,18.25,1783132359
All Pools,@G - AVAX,0.1,False,342.24,684.94,0.34242,18.25,1783132359
All Pools,OOJU - AVAX,0.1,False,342.24,684.94,0.34242,18.25,1783132359
All Pools,BLACK - AVAX,0.1,False,342.23,684.92,0.34242,18.25,1783132359
All Pools,T3CRV - AVAX,0.1,False,342.23,684.92,0.34242,18.25,1783132359
All Pools,COLLECT - AVAX,0.1,False,342.22,684.92,0.34241,18.25,1783132359
All Pools,AAMMUNIAAVEWETH - AVAX,0.1,False,342.22,684.91,0.34241,18.25,1783132359
All Pools,CONX - AVAX,0.1,False,342.22,684.91,0.34241,18.25,1783132359
All Pools,BABYTOMCAT - AVAX,0.1,False,342.22,684.91,0.34241,18.25,1783132359
All Pools,BESA - AVAX,0.1,False,342.22,684.91,0.34241,18.25,1783132359
All Pools,LPL - AVAX,0.1,False,342.22,684.91,0.34241,18.25,1783132359
All Pools,AMINO - AVAX,0.1,False,342.22,684.91,0.34241,18.25,1783132359
All Pools,LFNTY - AVAX,0.1,False,342.21,684.9,0.3424,18.25,1783132359
All Pools,AURUM - AVAX,0.1,False,342.21,684.9,0.3424,18.25,1783132359
All Pools,ZENC - AVAX,0.1,False,342.21,684.9,0.3424,18.25,1783132359
All Pools,BLUE - AVAX,0.1,False,342.21,684.9,0.3424,18.25,1783132359
All Pools,BOGE - AVAX,0.1,False,342.21,684.9,0.3424,18.25,1783132359
All Pools,FLOOP - AVAX,0.1,False,342.21,684.9,0.3424,18.25,1783132359
All Pools,IETHV2 - AVAX,0.1,False,342.21,684.88,0.34239,18.25,1783132359
All Pools,ECP - AVAX,0.1,False,342.21,684.88,0.34239,18.25,1783132359
All Pools,GLE - AVAX,0.1,False,342.21,684.88,0.34239,18.25,1783132359
All Pools,LIMITIESS - AVAX,0.1,False,342.21,684.88,0.34239,18.25,1783132359
All Pools,GCME - AVAX,0.1,False,342.21,684.88,0.34239,18.25,1783132359
All Pools,BALA - AVAX,0.1,False,342.21,684.88,0.34239,18.25,1783132359
All Pools,SUSD - AVAX,0.1,False,342.21,684.88,0.34239,18.25,1783132359
All Pools,USDM - AVAX,0.1,False,342.2,684.87,0.34239,18.25,1783132359
All Pools,STONE - AVAX,0.1,False,342.2,684.87,0.34239,18.25,1783132359
All Pools,AMC.D - AVAX,0.1,False,342.19,-1.571,0.34238,-7956.11,1783132359
All Pools,MAGIC - AVAX,0.1,False,342.19,684.85,0.34238,18.25,1783132359
All Pools,CAPY - AVAX,0.1,False,342.19,684.85,0.34238,18.25,1783132359
All Pools,GECKO - AVAX,0.1,False,342.19,684.85,0.34238,18.25,1783132359
All Pools,BBADGER - AVAX,0.1,False,342.19,684.85,0.34238,18.25,1783132359
All Pools,GROOVE - AVAX,0.1,False,342.18,684.84,0.34237,18.25,1783132359
All Pools,GO4 - AVAX,0.1,False,342.18,684.84,0.34237,18.25,1783132359
All Pools,AYNI - AVAX,0.1,False,342.18,684.84,0.34237,18.25,1783132359
All Pools,UNBNK - AVAX,0.1,False,342.18,684.84,0.34237,18.25,1783132359
All Pools,OC - AVAX,0.1,False,342.18,684.84,0.34237,18.25,1783132359
All Pools,COLX - AVAX,0.1,False,342.18,684.84,0.34237,18.25,1783132359
All Pools,PLEB - AVAX,0.1,False,342.16,684.79,0.34235,18.25,1783132359
All Pools,PINK - AVAX,0.1,False,342.16,684.79,0.34235,18.25,1783132359
All Pools,DOJO - AVAX,0.1,False,342.16,684.79,0.34235,18.25,1783132359
All Pools,LYD - AVAX,0.1,False,342.16,684.79,0.34235,18.25,1783132359
All Pools,PKN - AVAX,0.1,False,342.16,684.79,0.34235,18.25,1783132359
All Pools,SPY - AVAX,0.1,False,342.16,684.79,0.34235,18.25,1783132359
All Pools,ANARCHY - AVAX,0.1,False,342.16,684.79,0.34235,18.25,1783132359
All Pools,XRPC - AVAX,0.1,False,342.15,684.78,0.34234,18.25,1783132359
All Pools,DUBBZ - AVAX,0.1,False,342.15,684.78,0.34234,18.25,1783132359
All Pools,YVRAI - AVAX,0.1,False,342.15,684.78,0.34234,18.25,1783132359
All Pools,KYROS - AVAX,0.1,False,342.15,684.78,0.34234,18.25,1783132359
All Pools,GDT - AVAX,0.1,False,342.15,684.78,0.34234,18.25,1783132359
All Pools,XVG - AVAX,0.1,False,342.15,684.78,0.34234,18.25,1783132359
All Pools,TAO - AVAX,0.1,False,342.15,689.29,0.34234,18.13,1783132359
All Pools,KOJI - AVAX,0.1,False,342.14,684.76,0.34233,18.25,1783132359
All Pools,AVAX - ALVA,0.3,False,325.28,926.69,0.8132,32.03,1783132359
All Pools,AVAX - MPLX,0.3,False,284.98,1.367,0.71246,19016.75,1783132359
All Pools,HUSKY - AVAX,0.3,False,274.2,2495.19,0.68549,10.03,1783132359
All Pools,GGP - AVAX,0.3,False,254.36,35583.0,0.6359,0.65,1783132359
All Pools,AVAX - XAVA,0.3,False,229.46,13503.0,0.57365,1.55,1783132359
All Pools,MAI - AVAX,0.3,False,215.76,1620.88,0.5394,12.15,1783132359
All Pools,WETH.e - USDC.e,0.3,False,199.26,10673.0,0.49814,1.7,1783132359
All Pools,SB - AVAX,0.3,False,150.54,6511.35,0.37636,2.11,1783132359
All Pools,AI - AVAX,0.3,False,142.99,3141.68,0.35749,4.15,1783132359
All Pools,gOHM - AVAX,0.3,False,132.81,125531.0,0.33204,0.1,1783132359
All Pools,MIM - SB,0.3,False,116.37,2353.43,0.29092,4.51,1783132359
All Pools,Balln - AVAX,0.3,False,111.29,4018.98,0.27823,2.53,1783132359
All Pools,MIM - USDT.e,0.3,False,107.31,1509.9,0.26828,6.49,1783132359
All Pools,w3ULL - AVAX,0.3,False,103.69,51717.0,0.25922,0.18,1783132359
All Pools,MONEY - AVAX,0.3,False,89.43,475.63,0.22358,17.16,1783132359
All Pools,NXPC - AVAX,0.3,False,79.67,1.057,0.19917,6879.27,1783132359
All Pools,ALOT - AVAX,0.3,False,78.74,10520.0,0.19685,0.68,1783132359
All Pools,UST - AVAX,0.3,False,66.7,6102.15,0.16676,1.0,1783132359
All Pools,APIX - USDt,0.3,False,64.09,6134.41,0.16023,0.95,1783132359
All Pools,AVAX - JUICE,0.3,False,62.67,9770.62,0.15668,0.59,1783132359
All Pools,AVAX - GEC,0.3,False,53.72,28194.0,0.13429,0.17,1783132359
All Pools,MIM - USDC.e,0.3,False,49.2,769.18,0.12299,5.84,1783132359
All Pools,AVAX - AMI,0.3,False,45.37,366.73,0.11342,11.29,1783132359
All Pools,USDt - USDT.e,0.3,False,45.17,20382.0,0.11292,0.2,1783132359
All Pools,OSAK - AVAX,0.3,False,43.24,3483.46,0.10811,1.13,1783132359
All Pools,AVAX - SOLNIC,0.3,False,41.75,3853.65,0.10439,0.99,1783132359
All Pools,FLD - AVAX,0.3,False,40.84,36673.0,0.1021,0.1,1783132359
All Pools,STG - USDC,0.3,False,38.03,1296.09,0.09508,2.68,1783132359
All Pools,AVAX - UST,0.3,False,36.95,7105.37,0.09238,0.47,1783132359
All Pools,APIX - USDC,0.3,False,36.8,3066.96,0.09199,1.09,1783132359
All Pools,ROY - AVAX,0.3,False,35.66,4166.49,0.08915,0.78,1783132359
All Pools,GMX - AVAX,0.3,False,32.71,4018.27,0.08177,0.74,1783132359
All Pools,STG - AVAX,0.3,False,30.64,1115.62,0.0766,2.51,1783132359
All Pools,APIX - ID,0.3,False,29.17,20437.0,0.07293,0.13,1783132359
All Pools,gOHM - FRAX,0.3,False,28.89,3452.39,0.07224,0.76,1783132359
All Pools,MIM - WETH.e,0.3,False,28.73,485.51,0.07183,5.4,1783132359
All Pools,USDt - ncash,0.3,False,27.61,1034.2,0.06904,2.44,1783132359
All Pools,PNG - AVAX,0.3,False,27.59,851.41,0.06897,2.96,1783132359
All Pools,SWORLD - AVAX,0.3,False,27.48,2129.78,0.0687,1.18,1783132359
All Pools,AVAX - TOPIA,0.3,False,24.09,1030.16,0.06023,2.13,1783132359
All Pools,GENI - USDC,0.3,False,23.65,1198.8,0.05913,1.8,1783132359
All Pools,MAJIN - AVAX,0.3,False,23.56,3101.06,0.05889,0.69,1783132359
All Pools,YAK - USDC.e,0.3,False,23.46,206.73,0.05865,10.35,1783132359
All Pools,BOI - AVAX,0.3,False,20.68,35.34,0.05171,53.4,1783132359
All Pools,APIX - ARENA,0.3,False,19.83,1806.2,0.04957,1.0,1783132359
All Pools,BLSEYE🎯 - AVAX,0.3,False,18.79,4780.96,0.04696,0.36,1783132359
All Pools,YEEHAW - CHAMP,0.3,False,17.93,987.63,0.04483,1.66,1783132359
All Pools,DPS - USDC,0.3,False,17.38,1842.79,0.04345,0.86,1783132359
All Pools,GUN - BLSEYE🎯,0.3,False,16.99,473.66,0.04248,3.27,1783132359
All Pools,USDC.e - sSB,0.3,False,15.35,898.4,0.03838,1.56,1783132359
All Pools,HUSKY - JOE,0.3,False,15.21,114.85,0.03802,12.08,1783132359
All Pools,DCAU - USDT.e,0.3,False,13.59,5043.7,0.03398,0.25,1783132359
All Pools,GUN - AVAX,0.3,False,13.32,210.65,0.0333,5.77,1783132359
All Pools,AVAX - aXEN,0.3,False,13.32,184.44,0.0333,6.59,1783132359
All Pools,USDC.e - WMATIC,0.3,False,13.14,16.53,0.03285,72.55,1783132359
All Pools,ABC - AVAX,0.3,False,12.99,595.58,0.03247,1.99,1783132359
All Pools,SECOND - AVAX,0.3,False,12.89,1488.47,0.03222,0.79,1783132359
All Pools,SECOND - USDC,0.3,False,12.89,6981.19,0.03221,0.17,1783132359
All Pools,Psychic - AVAX,0.3,False,12.86,931.84,0.03216,1.26,1783132359
All Pools,Psychic - BLACK,0.3,False,12.18,302.28,0.03045,3.68,1783132359
All Pools,RGOGLZ - USDC,0.3,False,12.06,1364.81,0.03014,0.81,1783132359
All Pools,BTC.b - TOPIA,0.3,False,11.92,415.53,0.02981,2.62,1783132359
All Pools,JEWEL - USDC,0.3,False,11.15,3881.02,0.02789,0.26,1783132359
All Pools,DCAU - AVAX,0.3,False,11.13,1045.83,0.02783,0.97,1783132359
All Pools,AVAX - TIME,0.3,False,10.69,604.44,0.02673,1.61,1783132359
All Pools,WOLF - AVAX,0.3,False,9.979,30277.0,0.02495,0.03,1783132359
All Pools,AVAX - FRAX,0.3,False,9.448,714.08,0.02362,1.21,1783132359
All Pools,WOO.e - AVAX,0.3,False,9.226,72.2,0.02307,11.66,1783132359
All Pools,LF - AVAX,0.3,False,9.197,297.45,0.02299,2.82,1783132359
All Pools,MIM - LF,0.3,False,9.129,404.53,0.02282,2.06,1783132359
All Pools,HEMIBTC - AVAX,0.3,False,9.042,0.04012,0.0226,20567.09,1783132359
All Pools,$Crazy - AVAX,0.3,False,8.339,785.43,0.02085,0.97,1783132359
All Pools,SPORE - USDC,0.3,False,8.104,1439.92,0.02026,0.51,1783132359
All Pools,AVAX - XPOW,0.3,False,7.816,1358.29,0.01954,0.53,1783132359
All Pools,SWOL - AVAX,0.3,False,7.446,37.5,0.01862,18.12,1783132359
All Pools,HUSKY - AMI,0.3,False,7.43,51.55,0.01857,13.15,1783132359
All Pools,AVAX - PEFI,0.3,False,7.308,3411.73,0.01827,0.2,1783132359
All Pools,yes - AVAX,0.3,False,6.983,1112.41,0.01746,0.57,1783132359
All Pools,BLSEYE🎯 - ARENA,0.3,False,6.946,932.04,0.01737,0.68,1783132359
All Pools,USDC.e - MU,0.3,False,6.917,13117.0,0.01729,0.05,1783132359
All Pools,FITFI - USDT.e,0.3,False,6.899,177.87,0.01725,3.54,1783132359
All Pools,UNIX - AVAX,0.3,False,6.84,155.53,0.0171,4.01,1783132359
All Pools,MYST - AVAX,0.3,False,6.679,684.66,0.0167,0.89,1783132359
All Pools,JOE - USDT,0.3,False,6.499,303.14,0.01625,1.96,1783132359
All Pools,DCAU - MIM,0.3,False,5.865,113.45,0.01466,4.72,1783132359
All Pools,ABC - HOWDY,0.3,False,5.845,518.06,0.01461,1.03,1783132359
All Pools,HOWDY - AVAX,0.3,False,5.667,6769.1,0.01417,0.08,1783132359
All Pools,ORNG - JUCI,0.3,False,5.627,250.41,0.01407,2.05,1783132359
All Pools,USV - DAI.e,0.3,False,5.396,4035.89,0.01349,0.12,1783132359
All Pools,HATCHY - AVAX,0.3,False,5.166,7149.94,0.01292,0.07,1783132359
All Pools,MIM - MU,0.3,False,4.915,94.74,0.01229,4.73,1783132359
All Pools,Psychic - XAUt0,0.3,False,4.611,6015.42,0.01153,0.07,1783132359
All Pools,AVAX - ELK,0.3,False,4.511,1352.05,0.01128,0.3,1783132359
All Pools,MIM - SDOG,0.3,False,4.503,92.28,0.01126,4.45,1783132359
All Pools,PNG - JOE,0.3,False,4.499,126.78,0.01125,3.24,1783132359
All Pools,USDC - SDOG,0.3,False,4.47,368.96,0.01117,1.11,1783132359
All Pools,ORNG - SAI,0.3,False,4.469,109.78,0.01117,3.72,1783132359
All Pools,MAI - TOMB,0.3,False,4.457,132.04,0.01114,3.08,1783132359
All Pools,MIM - GG,0.3,False,4.384,71.65,0.01096,5.58,1783132359
All Pools,SOL - USDC,0.3,False,4.339,21.54,0.01085,18.38,1783132359
All Pools,sAVAX - AVAX,0.3,False,4.339,181622.0,0.01085,0.0,1783132359
All Pools,USDC.e - WXT,0.3,False,4.24,219.91,0.0106,1.76,1783132359
All Pools,AVAX - mYAK,0.3,False,4.047,48.03,0.01012,7.69,1783132359
All Pools,3QF - D - AVAX,0.3,False,4.017,1350.18,0.01004,0.27,1783132359
All Pools,3QF - D - WETH.e,0.3,False,4.01,2379.37,0.01002,0.15,1783132359
All Pools,YOU - ORNG,0.3,False,3.822,1396.25,0.00956,0.25,1783132359
All Pools,MYST - USDC,0.3,False,3.821,222.76,0.00955,1.57,1783132359
All Pools,AAVE.e - REDWOLF,0.3,False,3.799,147.93,0.0095,2.34,1783132359
All Pools,ORNG - FLUX,0.3,False,3.719,106.57,0.0093,3.18,1783132359
All Pools,LINK.e - USDT.e,0.3,False,3.686,217.38,0.00921,1.55,1783132359
All Pools,MIM - PEFI,0.3,False,3.629,68.42,0.00907,4.84,1783132359
All Pools,DPS - AVAX,0.3,False,3.445,187.17,0.00861,1.68,1783132359
All Pools,AVAX - SING,0.3,False,3.4,112.2,0.0085,2.77,1783132359
All Pools,WORM - AVAX,0.3,False,3.364,294.46,0.00841,1.04,1783132359
All Pools,Now - BLACK,0.3,False,3.333,278.3,0.00833,1.09,1783132359
All Pools,REDWOLF - AVAX,0.3,False,3.249,405.59,0.00812,0.73,1783132359
All Pools,TSD - AVAX,0.3,False,3.203,185.53,0.00801,1.58,1783132359
All Pools,AVAX - AKITAX,0.3,False,3.179,13.59,0.00795,21.35,1783132359
All Pools,USDC.e - USDC,0.3,False,3.163,480959.0,0.00791,,1783132359
All Pools,avUSD - sAVAX,0.3,False,3.105,231.29,0.00776,1.23,1783132359
All Pools,AVAX - DOMI,0.3,False,3.086,11361.0,0.00772,0.02,1783132359
All Pools,SWIFT - USDC.e,0.3,False,3.06,477.17,0.00765,0.59,1783132359
All Pools,COQ - BLSEYE🎯,0.3,False,2.886,155.74,0.00721,1.69,1783132359
All Pools,SWIFT - WETH.e,0.3,False,2.813,1248.89,0.00703,0.21,1783132359
All Pools,ORNG - MOOM,0.3,False,2.789,193.89,0.00697,1.31,1783132359
All Pools,ISA - USDC.e,0.3,False,2.766,436.06,0.00692,0.58,1783132359
All Pools,HEFE - AVAX,0.3,False,2.752,26805.0,0.00688,0.01,1783132359
All Pools,UST - USDC.e,0.3,False,2.747,683.26,0.00687,0.37,1783132359
All Pools,MIM - USDC,0.3,False,2.719,29.63,0.0068,8.37,1783132359
All Pools,DUNKZ - AVAX,0.3,False,2.688,377.62,0.00672,0.65,1783132359
All Pools,AVAX - Seventeen,0.3,False,2.629,218.28,0.00657,1.1,1783132359
All Pools,ISA - AVAX,0.3,False,2.557,1132.06,0.00639,0.21,1783132359
All Pools,miMatic - AVAX,0.3,False,2.469,33.14,0.00617,6.8,1783132359
All Pools,XROSS - ORNG,0.3,False,2.448,238.51,0.00612,0.94,1783132359
All Pools,SHRAP - DOMI,0.3,False,2.406,173.13,0.00602,1.27,1783132359
All Pools,BEAM - AVAX,0.3,False,2.362,372.83,0.00591,0.58,1783132359
All Pools,LINK.e - USDC.e,0.3,False,2.304,180.84,0.00576,1.16,1783132359
All Pools,APIX - LAMBO,0.3,False,2.295,418.88,0.00574,0.5,1783132359
All Pools,AVAX - NaughtiusMaximus,0.3,False,2.234,354.26,0.00559,0.58,1783132359
All Pools,UST - USDC,0.3,False,2.218,440.2,0.00554,0.46,1783132359
All Pools,DATCM - ORNG,0.3,False,2.212,237.32,0.00553,0.85,1783132359
All Pools,BOOTY - AVAX,0.3,False,2.041,1616.96,0.0051,0.12,1783132359
All Pools,JOE - KRW,0.3,False,1.959,161.11,0.0049,1.11,1783132359
All Pools,KRW - AVAX,0.3,False,1.956,335.72,0.00489,0.53,1783132359
All Pools,ONDO - AVAX,0.3,False,1.895,0.28609,0.00474,604.42,1783132359
All Pools,WETH - USDC.e,0.3,False,1.89,196.64,0.00473,0.88,1783132359
All Pools,MIM - wsOHM,0.3,False,1.815,180.76,0.00454,0.92,1783132359
All Pools,ETHM - AVAX,0.3,False,1.812,25.87,0.00453,6.39,1783132359
All Pools,AVAX - SOCK,0.3,False,1.716,2559.99,0.00429,0.06,1783132359
All Pools,USDC - SOCK,0.3,False,1.706,432.59,0.00426,0.36,1783132359
All Pools,APOW - AVAX,0.3,False,1.698,649.47,0.00425,0.24,1783132359
All Pools,REDWOLF - USDC,0.3,False,1.695,189.6,0.00424,0.82,1783132359
All Pools,TRESR - AVAX,0.3,False,1.634,8336.23,0.00408,0.02,1783132359
All Pools,GENI - AVAX,0.3,False,1.623,52.35,0.00406,2.83,1783132359
All Pools,WETH.e - ONION,0.3,False,1.621,226.18,0.00405,0.65,1783132359
All Pools,AMI - TOPIA,0.3,False,1.615,144.29,0.00404,1.02,1783132359
All Pools,WBTC.e - USDT.e,0.3,False,1.609,153.95,0.00402,0.95,1783132359
All Pools,JOE - EXP,0.3,False,1.578,10898842.0,0.00394,,1783132359
All Pools,HUSKY - MUG,0.3,False,1.567,16.49,0.00392,8.67,1783132359
All Pools,USDT.e - ONION,0.3,False,1.549,736.03,0.00387,0.19,1783132359
All Pools,USDC - MXNB,0.3,False,1.482,28.57,0.00371,4.74,1783132359
All Pools,COQ - COQAI,0.3,False,1.474,20311.0,0.00369,0.01,1783132359
All Pools,USDt - INFRA.e,0.3,False,1.456,25059.0,0.00364,0.01,1783132359
All Pools,KAIA - AVAX,0.3,False,1.435,1.636,0.00359,80.05,1783132359
All Pools,AVAX - APOW,0.3,False,1.432,1470.7,0.00358,0.09,1783132359
All Pools,AVAX - USDT,0.3,False,1.397,1809.52,0.00349,0.07,1783132359
All Pools,WETH.e - USDT.e,0.3,False,1.379,145.07,0.00345,0.87,1783132359
All Pools,WETH.e - REDWOLF,0.3,False,1.374,82.41,0.00343,1.52,1783132359
All Pools,REDWOLF - WMATIC,0.3,False,1.344,2.125,0.00336,57.69,1783132359
All Pools,LUNA - USDC.e,0.3,False,1.34,340.39,0.00335,0.36,1783132359
All Pools,MAGICK - USDC,0.3,False,1.335,217.1,0.00334,0.56,1783132359
All Pools,APOW - XPOW,0.3,False,1.315,397.75,0.00329,0.3,1783132359
All Pools,AVAX - CLY,0.3,False,1.291,23291.0,0.00323,0.01,1783132359
All Pools,USDT.e - CLY,0.3,False,1.29,186.73,0.00322,0.63,1783132359
All Pools,TOMB - USDC,0.3,False,1.258,10.39,0.00315,11.05,1783132359
All Pools,SWIFT - AVAX,0.3,False,1.243,237.31,0.00311,0.48,1783132359
All Pools,YUSD - AVAX,0.3,False,1.215,119.53,0.00304,0.93,1783132359
All Pools,MAGICK - AVAX,0.3,False,1.2,277.78,0.003,0.39,1783132359
All Pools,XAUt0 - NaughtiusMaximus,0.3,False,1.191,923.35,0.00298,0.12,1783132359
All Pools,MIM - TIME,0.3,False,1.178,26.94,0.00294,3.99,1783132359
All Pools,ZRO - AVAX,0.3,False,1.164,140.53,0.00291,0.76,1783132359
All Pools,HOST - DAI.e,0.3,False,1.155,2534.25,0.00289,0.04,1783132359
All Pools,USDC.e - AVVO,0.3,False,1.133,228.51,0.00283,0.45,1783132359
All Pools,Ush - AVAX,0.3,False,1.13,2214.42,0.00283,0.05,1783132359
All Pools,MIM - DAI.e,0.3,False,1.127,19.63,0.00282,5.24,1783132359
All Pools,GURS - AVAX,0.3,False,1.053,5857.43,0.00263,0.02,1783132359
All Pools,NaughtiusMaximus - Seventeen,0.3,False,1.045,719.7,0.00261,0.13,1783132359
All Pools,EGG - AVAX,0.3,False,1.033,17281.0,0.00258,0.01,1783132359
All Pools,STEAK - AVAX,0.3,False,1.032,10380.0,0.00258,0.01,1783132359
All Pools,SPC - DAI.e,0.3,False,1.024,20.48,0.00256,4.56,1783132359
All Pools,AVAX - FRAX,0.3,False,1.013,236.99,0.00253,0.39,1783132359
All Pools,miMatic - USDC.e,0.3,False,1.005,24.17,0.00251,3.8,1783132359
All Pools,KIMBO - AVAX,0.3,False,0.95949,45406.0,0.0024,0.0,1783132359
All Pools,FXS - AVAX,0.3,False,0.95375,314.55,0.00238,0.28,1783132359
All Pools,DCAU - USDC,0.3,False,0.94137,144.27,0.00235,0.6,1783132359
All Pools,ACS - AVAX,0.3,False,0.9036,176.43,0.00226,0.47,1783132359
All Pools,APOW - USDt,0.3,False,0.89998,116.84,0.00225,0.7,1783132359
All Pools,UNI.e - REDWOLF,0.3,False,0.89727,9.945,0.00224,8.23,1783132359
All Pools,SMRTr - AVAX,0.3,False,0.89426,27362.0,0.00224,0.0,1783132359
All Pools,APOW - USDC,0.3,False,0.87917,117.26,0.0022,0.68,1783132359
All Pools,SMRTr - USDC.e,0.3,False,0.87166,108.1,0.00218,0.74,1783132359
All Pools,BUD - USDC.e,0.3,False,0.86541,226.57,0.00216,0.35,1783132359
All Pools,AVAX - ONION,0.3,False,0.86448,151.21,0.00216,0.52,1783132359
All Pools,BNB - AVAX,0.3,False,0.85189,2984.28,0.00213,0.03,1783132359
All Pools,BUD - AVAX,0.3,False,0.84243,579.42,0.00211,0.13,1783132359
All Pools,Yule - XAUt0,0.3,False,0.83402,62.28,0.00209,1.22,1783132359
All Pools,BANKSY - AVAX,0.3,False,0.8158,148.49,0.00204,0.5,1783132359
All Pools,BANKSY - USDT.e,0.3,False,0.8152,1534.55,0.00204,0.05,1783132359
All Pools,BLSEYE🎯 - BEAM,0.3,False,0.81113,272.97,0.00203,0.27,1783132359
All Pools,Now - AVAX,0.3,False,0.79299,203.38,0.00198,0.36,1783132359
All Pools,Yule - Seventeen,0.3,False,0.78965,232.48,0.00197,0.31,1783132359
All Pools,USDC - aXEN,0.3,False,0.78671,9.676,0.00197,7.42,1783132359
All Pools,AVAX - AVVO,0.3,False,0.77986,239.83,0.00195,0.3,1783132359
All Pools,GB - AVAX,0.3,False,0.76904,1869.32,0.00192,0.04,1783132359
All Pools,wsOHM - USDC.e,0.3,False,0.76767,18.38,0.00192,3.81,1783132359
All Pools,gOHM - wsOHM,0.3,False,0.75259,17.05,0.00188,4.03,1783132359
All Pools,AVAX - MU,0.3,False,0.74658,75.71,0.00187,0.9,1783132359
All Pools,USDC.e - ONION,0.3,False,0.74514,368.1,0.00186,0.18,1783132359
All Pools,WBTC.e - ONION,0.3,False,0.73471,346.2,0.00184,0.19,1783132359
All Pools,AVAX - ARENA,0.3,False,0.71312,61.37,0.00178,1.06,1783132359
All Pools,DREGG - AVAX,0.3,False,0.70343,152.26,0.00176,0.42,1783132359
All Pools,DREGG - USDT.e,0.3,False,0.70216,519.94,0.00176,0.12,1783132359
All Pools,AVAX - MUG,0.3,False,0.70066,265.59,0.00175,0.24,1783132359
All Pools,DAI.e - ONION,0.3,False,0.69669,330.46,0.00174,0.19,1783132359
All Pools,BLUB - AVAX,0.3,False,0.68895,12675.0,0.00172,0.0,1783132359
All Pools,KIWI - AVAX,0.3,False,0.67937,97.39,0.0017,0.64,1783132359
All Pools,Val - AVAX,0.3,False,0.66643,263.31,0.00167,0.23,1783132359
All Pools,KIWI - USDC,0.3,False,0.66161,299.7,0.00165,0.2,1783132359
All Pools,USDC - SHRAP,0.3,False,0.62071,23.36,0.00155,2.42,1783132359
All Pools,MIM - FORT,0.3,False,0.61389,2651.1,0.00153,0.02,1783132359
All Pools,AVAX - FORT,0.3,False,0.6103,13.15,0.00153,4.24,1783132359
All Pools,YEEHAW - BTC.b,0.3,False,0.60971,48.83,0.00152,1.14,1783132359
All Pools,Orange - Now,0.3,False,0.59117,502.68,0.00148,0.11,1783132359
All Pools,Gravity - AVAX,0.3,False,0.58158,254.95,0.00145,0.21,1783132359
All Pools,MIM - VOLT,0.3,False,0.5608,14.22,0.0014,3.6,1783132359
All Pools,SYN - REDWOLF,0.3,False,0.55678,6.961,0.00139,7.3,1783132359
All Pools,PTOP900 - TOPIA,0.3,False,0.54968,76.81,0.00137,0.65,1783132359
All Pools,XAUt0 - Now,0.3,False,0.54769,594.76,0.00137,0.08,1783132359
All Pools,STATIK - AVAX,0.3,False,0.53665,31.77,0.00134,1.54,1783132359
All Pools,AVAX - GG,0.3,False,0.52523,5.314,0.00131,9.02,1783132359
All Pools,MIM - GRAPE,0.3,False,0.49812,111.77,0.00125,0.41,1783132359
All Pools,YEEHAW - TOPIA,0.3,False,0.49056,101.93,0.00123,0.44,1783132359
All Pools,DAI.e - VOLT,0.3,False,0.48525,41.04,0.00121,1.08,1783132359
All Pools,AVAX - SMRT,0.3,False,0.48468,1748.54,0.00121,0.03,1783132359
All Pools,FITFI - AVAX,0.3,False,0.47783,16.32,0.00119,2.67,1783132359
All Pools,MIM - AUSD,0.3,False,0.47669,10.92,0.00119,3.98,1783132359
All Pools,BTC.b - REDWOLF,0.3,False,0.47643,99.05,0.00119,0.44,1783132359
All Pools,HOST - AVAX,0.3,False,0.46751,92.06,0.00117,0.46,1783132359
All Pools,USDT.e - SMRT,0.3,False,0.46106,91.75,0.00115,0.46,1783132359
All Pools,APOW - AVAX,0.3,False,0.45399,37.16,0.00113,1.11,1783132359
All Pools,AVAX - BLACK,0.3,False,0.45257,3.833,0.00113,10.77,1783132359
All Pools,MIM - PAPA,0.3,False,0.45125,65.87,0.00113,0.63,1783132359
All Pools,PAPA - AVAX,0.3,False,0.44887,11.16,0.00112,3.67,1783132359
All Pools,AVAX - ZUBAX,0.3,False,0.44112,95.56,0.0011,0.42,1783132359
All Pools,WLRS - USDC.e,0.3,False,0.43546,4119.46,0.00109,0.01,1783132359
All Pools,LUNA - USDC.e,0.3,False,0.43537,682.58,0.00109,0.06,1783132359
All Pools,wsOHM - AVAX,0.3,False,0.43345,8.342,0.00108,4.74,1783132359
All Pools,MAXI - DAI.e,0.3,False,0.43164,227.42,0.00108,0.17,1783132359
All Pools,PTOP1100 - TOPIA,0.3,False,0.42515,109.31,0.00106,0.35,1783132359
All Pools,Orange - DivineFeminine,0.3,False,0.41973,827.12,0.00105,0.05,1783132359
All Pools,YAK - SPORE,0.3,False,0.41135,5.069,0.00103,7.4,1783132359
All Pools,LINDA - AVAX,0.3,False,0.40797,1650.16,0.00102,0.02,1783132359
All Pools,WLRS - GRAPE,0.3,False,0.40042,8.617,0.001,4.24,1783132359
All Pools,AVAX - IMPACT2,0.3,False,0.39901,143.96,,0.25,1783132359
All Pools,PTOP1300 - TOPIA,0.3,False,0.39209,101.8,,0.35,1783132359
All Pools,SYMBIOT - AVAX,0.3,False,0.37969,78.0,,0.44,1783132359
All Pools,USDC - GAU,0.3,False,0.3757,841.46,,0.04,1783132359
All Pools,SYMBIOT - DAI.e,0.3,False,0.3754,450.31,,0.08,1783132359
All Pools,sAVAX - COQ,0.3,False,0.36954,64.97,,0.52,1783132359
All Pools,KALM - AVAX,0.3,False,0.3695,101.47,,0.33,1783132359
All Pools,KALM - USDC,0.3,False,0.36919,78.32,,0.43,1783132359
All Pools,WETH.e - SURE,0.3,False,0.36323,825.9,,0.04,1783132359
All Pools,Trinity - AVAX,0.3,False,0.35546,777.2,,0.04,1783132359
All Pools,LINK.e - REDWOLF,0.3,False,0.35203,69.96,,0.46,1783132359
All Pools,UNIV - AVAX,0.3,False,0.35189,6.368,,5.04,1783132359
All Pools,SYN - USDC.e,0.3,False,0.35155,3.5,,9.17,1783132359
All Pools,AVAX - FTY,0.3,False,0.34336,1.245,,25.16,1783132359
All Pools,SOL - AVAX,0.3,False,0.33693,0.00171,,17949.25,1783132359
All Pools,meGNX - AVAX,0.3,False,0.33223,13.61,,2.23,1783132359
All Pools,BRO - AVAX,0.3,False,0.33144,106408.0,,,1783132359
All Pools,BRO - COQ,0.3,False,0.33056,144.2,,0.21,1783132359
All Pools,MIM - BLANC,0.3,False,0.33056,1222.19,,0.02,1783132359
All Pools,aDXN - aXEN,0.3,False,0.33018,5.325,,5.66,1783132359
All Pools,Orange - AVAX,0.3,False,0.32953,66.11,,0.45,1783132359
All Pools,GUN - AMI,0.3,False,0.32889,9.284,,3.23,1783132359
All Pools,AVAX - BLANC,0.3,False,0.32839,7.306,,4.1,1783132359
All Pools,BOI - MU,0.3,False,0.32827,0.62477,,47.95,1783132359
All Pools,TSD - WOLF,0.3,False,0.31972,28.72,,1.02,1783132359
All Pools,gOHM - SB,0.3,False,0.31725,17.25,,1.68,1783132359
All Pools,LUNA - AVAX,0.3,False,0.31129,129.57,,0.22,1783132359
All Pools,WOLF - AVAX,0.3,False,0.30809,48.38,,0.58,1783132359
All Pools,Gladiator - USDC,0.3,False,0.29859,275.44,,0.1,1783132359
All Pools,USDC.e - SOL,0.3,False,0.2936,36.62,,0.73,1783132359
All Pools,Gladiator - ARENA,0.3,False,0.29142,358.07,,0.07,1783132359
All Pools,BrideOfChrist - BLACK,0.3,False,0.2845,20.62,,1.26,1783132359
All Pools,ZUBAX - USDT.e,0.3,False,0.28426,173.65,,0.15,1783132359
All Pools,PTOP1000 - TOPIA,0.3,False,0.2836,75.32,,0.34,1783132359
All Pools,MIM - RUG,0.3,False,0.28174,6.241,,4.12,1783132359
All Pools,BLS - USDt,0.3,False,0.27068,127.96,,0.19,1783132359
All Pools,50 - AVAX,0.3,False,0.26602,62.16,,0.39,1783132359
All Pools,50 - USDC,0.3,False,0.26568,113.02,,0.21,1783132359
All Pools,AMI - JUICY,0.3,False,0.26493,0.94363,,25.62,1783132359
All Pools,aAvaWAVAX - meGNX,0.3,False,0.25944,3.146,,7.53,1783132359
All Pools,Trinity - BrideOfChrist,0.3,False,0.25165,59888308.0,,,1783132359
All Pools,MM - USDC,0.3,False,0.24972,50.5,,0.45,1783132359
All Pools,CGS - AVAX,0.3,False,0.24675,55.7,,0.4,1783132359
All Pools,BUSD - AVAX,0.3,False,0.24632,365.24,,0.06,1783132359
All Pools,CGS - USDC.e,0.3,False,0.24599,152.88,,0.15,1783132359
All Pools,MM - AVAX,0.3,False,0.24524,69.94,,0.32,1783132359
All Pools,AVAX - SNOB,0.3,False,0.2431,745.31,,0.03,1783132359
All Pools,XAUt0 - Gravity,0.3,False,0.23723,329.64,,0.07,1783132359
All Pools,AVAX - SUBZERO,0.3,False,0.23167,31.75,,0.67,1783132359
All Pools,TOMB - SUBZERO,0.3,False,0.23048,9.734,,2.16,1783132359
All Pools,aDXN - AVAX,0.3,False,0.22866,52.14,,0.4,1783132359
All Pools,SYN - WETH.e,0.3,False,0.22627,1.675,,12.33,1783132359
All Pools,DivineFeminine - Gravity,0.3,False,0.22206,1731.36,,0.01,1783132359
All Pools,USDC.e - RUG,0.3,False,0.21891,17.77,,1.12,1783132359
All Pools,MIM - UNIV,0.3,False,0.21767,5.529,,3.59,1783132359
All Pools,USDT.e - MU,0.3,False,0.21282,248.77,,0.08,1783132359
All Pools,WDAO - MIM,0.3,False,0.20561,5.455,,3.44,1783132359
All Pools,WDAO - AVAX,0.3,False,0.20446,10.41,,1.79,1783132359
All Pools,VPND - AVAX,0.3,False,0.20403,19011.0,,,1783132359
All Pools,AVAXAI - USDC,0.3,False,0.20204,1627.71,,0.01,1783132359
All Pools,COQ - OSAK,0.3,False,0.20132,19.0,,0.97,1783132359
All Pools,BOI - AMI,0.3,False,0.20122,0.41466,,44.28,1783132359
All Pools,SURE - DAI.e,0.3,False,0.19732,24.16,,0.75,1783132359
All Pools,WETH.e - USDC,0.3,False,0.19706,19.7,,0.91,1783132359
All Pools,oXAUT - AVAX,0.3,False,0.19086,427.4,,0.04,1783132359
All Pools,BTC.b - oXAUT,0.3,False,0.19083,315.39,,0.06,1783132359
All Pools,USDT.e - SING,0.3,False,0.18735,1205.91,,0.01,1783132359
All Pools,AVAX - DUO,0.3,False,0.18707,57.14,,0.3,1783132359
All Pools,LadyMary - AVAX,0.3,False,0.18691,272.59,,0.06,1783132359
All Pools,FollowTheWhiteRabbit - DivineFeminine,0.3,False,0.18691,501.45,,0.03,1783132359
All Pools,LadyMary - FollowTheWhiteRabbit,0.3,False,0.18676,479.77,,0.04,1783132359
All Pools,USDT.e - DUO,0.3,False,0.18656,53.31,,0.32,1783132359
All Pools,COQ - JUICY,0.3,False,0.18321,0.75016,,22.29,1783132359
All Pools,AVAX - Blessing,0.3,False,0.18019,59.88,,0.27,1783132359
All Pools,Now - Blessing,0.3,False,0.18013,609.03,,0.03,1783132359
All Pools,MEOW - AVAX,0.3,False,0.17561,7958.88,,0.0,1783132359
All Pools,BTC.b - IMPACT2,0.3,False,0.16964,1185.64,,0.01,1783132359
All Pools,wMEMO - MIM,0.3,False,0.16532,4.59,,3.29,1783132359
All Pools,Hopi - Now,0.3,False,0.16518,545.07,,0.03,1783132359
All Pools,Hopi - AVAX,0.3,False,0.16486,163.84,,0.09,1783132359
All Pools,MIM - TSNFTGM,0.3,False,0.16317,3.554,,4.19,1783132359
All Pools,BTC.b - SolvBTC,0.3,False,0.16186,4470.28,,0.0,1783132359
All Pools,FollowTheWhiteRabbit - AVAX,0.3,False,0.16131,123.26,,0.12,1783132359
All Pools,USDt - IMPACT2,0.3,False,0.16081,70.0,,0.21,1783132359
All Pools,SYN - USDT.e,0.3,False,0.15892,1.864,,7.78,1783132359
All Pools,AVAX - OK,0.3,False,0.15722,1.568,,9.15,1783132359
All Pools,SPORE - AVAX,0.3,False,0.15496,139.14,,0.1,1783132359
All Pools,DFIAT - AVAX,0.3,False,0.15427,6372.1,,0.0,1783132359
All Pools,DFIAT - USDT.e,0.3,False,0.15382,27.56,,0.51,1783132359
All Pools,YEEHAW - AVAX,0.3,False,0.15265,11.95,,1.17,1783132359
All Pools,Solar - AVAX,0.3,False,0.15124,67.41,,0.2,1783132359
All Pools,Solar - Now,0.3,False,0.15115,689.27,,0.02,1783132359
All Pools,Blue - AVAX,0.3,False,0.14961,199.46,,0.07,1783132359
All Pools,AVAI - USDC.e,0.3,False,0.14875,26.67,,0.51,1783132359
All Pools,AVAX - SHRAP,0.3,False,0.14843,12.7,,1.07,1783132359
All Pools,AVAX - WISE,0.3,False,0.14765,62.76,,0.21,1783132359
All Pools,USDC.e - WISE,0.3,False,0.14741,42.27,,0.32,1783132359
All Pools,AftermathsKobe - AVAX,0.3,False,0.1473,226.46,,0.06,1783132359
All Pools,Psychic - AftermathsKobe,0.3,False,0.14709,260.0,,0.05,1783132359
All Pools,AVVO - DAI.e,0.3,False,0.1454,35.34,,0.38,1783132359
All Pools,SURE - USDC.e,0.3,False,0.14165,20.64,,0.63,1783132359
All Pools,MIM - SBR,0.3,False,0.14046,11.24,,1.14,1783132359
All Pools,SBR - AVAX,0.3,False,0.13936,3.879,,3.28,1783132359
All Pools,CQK - AVAX,0.3,False,0.1391,102.83,,0.12,1783132359
All Pools,CQK - USDC,0.3,False,0.13885,31.74,,0.4,1783132359
All Pools,Matter - Now,0.3,False,0.13737,617.67,,0.02,1783132359
All Pools,Matter - AVAX,0.3,False,0.13733,59.73,,0.21,1783132359
All Pools,AVAX - SPELL,0.3,False,0.13624,2070.59,,0.01,1783132359
All Pools,CHAMP - ARENA,0.3,False,0.13597,15.28,,0.81,1783132359
All Pools,RUX - AVAX,0.3,False,0.13518,26.4,,0.47,1783132359
All Pools,USDt - RUX,0.3,False,0.13483,16065.0,,,1783132359
All Pools,RUG - USDT.e,0.3,False,0.13407,10.55,,1.16,1783132359
All Pools,TSNFTGM - DAI.e,0.3,False,0.13356,30.4,,0.4,1783132359
All Pools,REDWOLF - SOL,0.3,False,0.13326,60.97,,0.2,1783132359
All Pools,GLOBA - AVAX,0.3,False,0.13106,41.93,,0.29,1783132359
All Pools,MIM - GG,0.3,False,0.12846,4.918,,2.38,1783132359
All Pools,GG - AVAX,0.3,False,0.12746,5.917,,1.97,1783132359
All Pools,SLUSH - AVAX,0.3,False,0.12718,47.85,,0.24,1783132359
All Pools,USDC - yyAVAX,0.3,False,0.12678,12.39,,0.93,1783132359
All Pools,SLUSH - USDT.e,0.3,False,0.12673,56.36,,0.21,1783132359
All Pools,UNIV - DAI.e,0.3,False,0.12433,11.35,,1.0,1783132359
All Pools,AVAX - Teste,0.3,False,0.12336,66.24,,0.17,1783132359
All Pools,Now - Teste,0.3,False,0.12332,686.02,,0.02,1783132359
All Pools,GLOBA - DAI.e,0.3,False,0.12262,48.54,,0.23,1783132359
All Pools,MIM - SPELL,0.3,False,0.12254,2.506,,4.46,1783132359
All Pools,wMEMO - AVAX,0.3,False,0.1222,6.979,,1.6,1783132359
All Pools,Slope - Now,0.3,False,0.12209,682.94,,0.02,1783132359
All Pools,Slope - AVAX,0.3,False,0.12204,66.93,,0.17,1783132359
All Pools,JOE - ZABU,0.3,False,0.1219,13.83,,0.8,1783132359
All Pools,XPOW - AVAX,0.3,False,0.12172,31.89,,0.35,1783132359
All Pools,NODA - NODL,0.3,False,0.12072,17.99,,0.61,1783132359
All Pools,NODA - AVAX,0.3,False,0.11952,229.9,,0.05,1783132359
All Pools,TruthClosure - BLACK,0.3,False,0.11939,15.22,,0.72,1783132359
All Pools,MIM - NADO,0.3,False,0.11911,170.4,,0.06,1783132359
All Pools,AVAX - NADO,0.3,False,0.11817,2.606,,4.14,1783132359
All Pools,APOW - USDC,0.3,False,0.1173,21.95,,0.49,1783132359
All Pools,Now - Propriety,0.3,False,0.11649,686.27,,0.02,1783132359
All Pools,AVAX - Propriety,0.3,False,0.11637,66.97,,0.16,1783132359
All Pools,USDC - USD+,0.3,False,0.11625,29.08,,0.36,1783132359
All Pools,Psychic - All,0.3,False,0.11491,256.74,,0.04,1783132359
All Pools,AVAX - All,0.3,False,0.11482,225.22,,0.05,1783132359
All Pools,Christmas - Blue,0.3,False,0.11403,1471.14,,0.01,1783132359
All Pools,Psychic - Sinterklaas,0.3,False,0.11401,253.14,,0.04,1783132359
All Pools,Christmas - Sinterklaas,0.3,False,0.11401,320.35,,0.03,1783132359
All Pools,Jjj - AVAX,0.3,False,0.11328,222.84,,0.05,1783132359
All Pools,Psychic - Jjj,0.3,False,0.11314,255.67,,0.04,1783132359
All Pools,Psychic - NeatestQuackery,0.3,False,0.1125,257.04,,0.04,1783132359
All Pools,Psychic - Now,0.3,False,0.11247,499.05,,0.02,1783132359
All Pools,NeatestQuackery - AVAX,0.3,False,0.11243,223.58,,0.05,1783132359
All Pools,USDT.e - EXP,0.3,False,0.11193,44904260.0,,,1783132359
All Pools,Now - √Root,0.3,False,0.11013,683.42,,0.01,1783132359
All Pools,AVAX - √Root,0.3,False,0.11004,66.84,,0.15,1783132359
All Pools,KLO - USDT.e,0.3,False,0.11002,5.399,,1.86,1783132359
All Pools,MIM - DUNEV3,0.3,False,0.10781,53533.0,,,1783132359
All Pools,DUNEV3 - USDC.e,0.3,False,0.10515,25382.0,,,1783132359
All Pools,VEE - USDC,0.3,False,0.10444,32.51,,0.29,1783132359
All Pools,XAUt0 - ElvisJackpot,0.3,False,0.10195,291.77,,0.03,1783132359
All Pools,USDC - OK,0.3,False,0.10187,1.1,,8.45,1783132359
All Pools,TRYB - USDC.e,0.3,False,0.10149,32.16,,0.29,1783132359
All Pools,MIM - LIFE,0.3,False,0.1004,10.98,,0.83,1783132359
All Pools,LIFE - AVAX,0.3,False,0.09964,2.717,,3.35,1783132359
All Pools,Ducks - AVAX,0.3,False,0.09939,223.93,,0.04,1783132359
All Pools,Psychic - Ducks,0.3,False,0.09915,257.12,,0.04,1783132359
All Pools,MELT - AVAX,0.3,False,0.09653,20.83,,0.42,1783132359
All Pools,USDC - CHAM,0.3,False,0.09627,47.3,,0.19,1783132359
All Pools,ALOT - USDC.e,0.3,False,0.09348,7.499,,1.14,1783132359
All Pools,Now - Necromancer,0.3,False,0.09324,686.32,,0.01,1783132359
All Pools,Necromancer - AVAX,0.3,False,0.09317,67.11,,0.13,1783132359
All Pools,XA9 - USDt,0.3,False,0.08779,3.885,,2.06,1783132359
All Pools,ArniStitch - AVAX,0.3,False,0.08682,224.01,,0.04,1783132359
All Pools,Psychic - ArniStitch,0.3,False,0.08662,257.21,,0.03,1783132359
All Pools,Four - AVAX,0.3,False,0.08657,56.06,,0.14,1783132359
All Pools,MIM - DICK,0.3,False,0.08595,2.146,,3.65,1783132359
All Pools,Vaccine - Now,0.3,False,0.08571,679.51,,0.01,1783132359
All Pools,Vaccine - AVAX,0.3,False,0.08553,65.94,,0.12,1783132359
All Pools,Silver - Now,0.3,False,0.08509,686.12,,0.01,1783132359
All Pools,Silver - AVAX,0.3,False,0.085,65.91,,0.12,1783132359
All Pools,MU - WMATIC,0.3,False,0.08422,0.14193,,54.14,1783132359
All Pools,USDt - DXN,0.3,False,0.08407,214.11,,0.04,1783132359
All Pools,WBTC - AVAX,0.3,False,0.08375,31.39,,0.24,1783132359
All Pools,AVAT - USDC,0.3,False,0.08373,38.16,,0.2,1783132359
All Pools,TickTock - Now,0.3,False,0.08342,684.96,,0.01,1783132359
All Pools,TickTock - AVAX,0.3,False,0.08332,66.97,,0.11,1783132359
All Pools,AVAX - CHAM,0.3,False,0.08317,26.98,,0.28,1783132359
All Pools,XPOW - AVAX,0.3,False,0.08273,82.74,,0.09,1783132359
All Pools,Psychic - CommieSukey,0.3,False,0.08266,257.19,,0.03,1783132359
All Pools,CommieSukey - AVAX,0.3,False,0.08264,224.67,,0.03,1783132359
All Pools,LIBRE - USDC.e,0.3,False,0.08161,12.74,,0.58,1783132359
All Pools,bECH - AVAX,0.3,False,0.08085,17.77,,0.42,1783132359
All Pools,COQ - AMI,0.3,False,0.08083,8.528,,0.86,1783132359
All Pools,Uncontractable - AVAX,0.3,False,0.0805,65.99,,0.11,1783132359
All Pools,Sanskrit - Now,0.3,False,0.0805,684.17,,0.01,1783132359
All Pools,Sanskrit - AVAX,0.3,False,0.08042,66.9,,0.11,1783132359
All Pools,Uncontractable - Now,0.3,False,0.08028,671.19,,0.01,1783132359
All Pools,USDC - NXUSD,0.3,False,0.07983,3.198,,2.28,1783132359
All Pools,AVAX - SDOG,0.3,False,0.07724,6.752,,1.04,1783132359
All Pools,AVAX - STRAW,0.3,False,0.07627,14.88,,0.47,1783132359
All Pools,MELT - USDC.e,0.3,False,0.07627,30.03,,0.23,1783132359
All Pools,RACEX - MUG,0.3,False,0.07617,135.04,,0.05,1783132359
All Pools,XPOW - APOW,0.3,False,0.07516,51.81,,0.13,1783132359
All Pools,AVAX - MILO,0.3,False,0.07059,845.13,,0.01,1783132359
All Pools,USDt - MILO,0.3,False,0.07043,14.55,,0.44,1783132359
All Pools,CFR - AVAX,0.3,False,0.06997,2682.19,,0.0,1783132359
All Pools,DAI.e - STRAW,0.3,False,0.06965,36.57,,0.17,1783132359
All Pools,FollowTheWhiteRabbit - TruthClosure,0.3,False,0.06944,32.12,,0.2,1783132359
All Pools,USDT.e - ZABU,0.3,False,0.06887,45.12,,0.14,1783132359
All Pools,AVAI - AVAX,0.3,False,0.06827,20.32,,0.31,1783132359
All Pools,AVAX - ZABU,0.3,False,0.0674,24.54,,0.25,1783132359
All Pools,USDC - WSPP,0.3,False,0.06718,42.35,,0.14,1783132359
All Pools,AVAX - APE - X,0.3,False,0.06714,495.21,,0.01,1783132359
All Pools,UST - USDT.e,0.3,False,0.06669,38.79,,0.16,1783132359
All Pools,Gil - AVAX,0.3,False,0.06662,14.22,,0.43,1783132359
All Pools,USDT.e - XAVA,0.3,False,0.06654,10.9,,0.56,1783132359
All Pools,SUB - USDC,0.3,False,0.06592,11.71,,0.51,1783132359
All Pools,WETH.e - ETHM,0.3,False,0.06552,0.47261,,12.65,1783132359
All Pools,METAG - AVAX,0.3,False,0.06529,20.51,,0.29,1783132359
All Pools,YAK - JOE,0.3,False,0.0652,0.92946,,6.4,1783132359
All Pools,WETH.e - yyAVAX,0.3,False,0.06508,14.5,,0.41,1783132359
All Pools,JOE - ZUBAX,0.3,False,0.06347,6.841,,0.85,1783132359
All Pools,AVAX - ChristMark,0.3,False,0.06334,282.62,,0.02,1783132359
All Pools,LUNA - AVAX,0.3,False,0.06323,15.04,,0.38,1783132359
All Pools,IMPACT2 - EURC,0.3,False,0.06312,43.0,,0.13,1783132359
All Pools,Gil - DAI.e,0.3,False,0.06232,26.77,,0.21,1783132359
All Pools,MIM - TEMPO,0.3,False,0.06207,5.081,,1.11,1783132359
All Pools,AAVE.e - USDT.e,0.3,False,0.06166,2.542,,2.21,1783132359
All Pools,TEMPO - AVAX,0.3,False,0.06146,1.856,,3.02,1783132359
All Pools,USDC - APOW,0.3,False,0.06108,0.01754,,317.68,1783132359
All Pools,SaintGermain - BLACK,0.3,False,0.06033,1.527,,3.61,1783132359
All Pools,GB - USDT.e,0.3,False,0.05834,20.34,,0.26,1783132359
All Pools,YEEHAW - USDC,0.3,False,0.0579,5.451,,0.97,1783132359
All Pools,FLAKE - AVAX,0.3,False,0.05769,17.87,,0.29,1783132359
All Pools,TruthClosure - AVAX,0.3,False,0.05759,8.231,,0.64,1783132359
All Pools,LoveIsTheKey - FollowTheWhiteRabbit,0.3,False,0.05752,46.73,,0.11,1783132359
All Pools,FLAKE - USDT.e,0.3,False,0.05749,48.96,,0.11,1783132359
All Pools,USDt - APOW,0.3,False,0.05748,0.01544,,339.76,1783132359
All Pools,USDC - XPOW,0.3,False,0.05738,0.02718,,192.61,1783132359
All Pools,MIM - AFARMER,0.3,False,0.05668,3622.82,,0.0,1783132359
All Pools,MIM - sTHO,0.3,False,0.05662,201.81,,0.03,1783132359
All Pools,ETHM - DAI.e,0.3,False,0.05594,0.72421,,7.05,1783132359
All Pools,USDt - REDWOLF,0.3,False,0.05513,13.93,,0.36,1783132359
All Pools,ACS - USDC.e,0.3,False,0.05452,5.213,,0.95,1783132359
All Pools,$Td - AVAX,0.3,False,0.05447,4652.8,,0.0,1783132359
All Pools,AMI - SQRCAT,0.3,False,0.05447,10.58,,0.47,1783132359
All Pools,AVAX - SQRCAT,0.3,False,0.0543,4442.04,,0.0,1783132359
All Pools,$Td - AMI,0.3,False,0.05381,26.39,,0.19,1783132359
All Pools,AVAT - AVAX,0.3,False,0.05378,17.55,,0.28,1783132359
All Pools,BANKSY - AVAX,0.3,False,0.05358,19.2,,0.25,1783132359
All Pools,MIM - WOHM,0.3,False,0.05346,13.14,,0.37,1783132359
All Pools,BANKSY - USDC.e,0.3,False,0.05339,29.65,,0.16,1783132359
All Pools,LINK.e - MU,0.3,False,0.05337,6.738,,0.72,1783132359
All Pools,AVAX - WOHM,0.3,False,0.05305,1.181,,4.1,1783132359
All Pools,APOW - USDt,0.3,False,0.05282,21.94,,0.22,1783132359
All Pools,COQ - NOCHILL,0.3,False,0.05239,9.219,,0.52,1783132359
All Pools,AVAX - WOLF,0.3,False,0.05129,57.1,,0.08,1783132359
All Pools,Serpentarius - AVAX,0.3,False,0.05112,227.02,,0.02,1783132359
All Pools,USDC.e - WOLF,0.3,False,0.05107,7.805,,0.6,1783132359
All Pools,Psychic - Serpentarius,0.3,False,0.05101,259.69,,0.02,1783132359
All Pools,USDC.e - DAI.e,0.3,False,0.0508,22261.0,,,1783132359
All Pools,MAJIN - MU,0.3,False,0.04935,3.664,,1.23,1783132359
All Pools,LoveIsTheKey - BLACK,0.3,False,0.04818,4.804,,0.92,1783132359
All Pools,ETHM - USDC.e,0.3,False,0.04764,0.5218,,8.33,1783132359
All Pools,Stolen - AVAX,0.3,False,0.04657,13.51,,0.31,1783132359
All Pools,RUGPULL - MUG,0.3,False,0.04545,140.04,,0.03,1783132359
All Pools,GAS - AVAX,0.3,False,0.04521,140.6,,0.03,1783132359
All Pools,DICK - AVAX,0.3,False,0.04485,6.313,,0.65,1783132359
All Pools,MELT - AVAX,0.3,False,0.04445,861.69,,0.0,1783132359
All Pools,MELT - USDC.e,0.3,False,0.04428,6.156,,0.66,1783132359
All Pools,Four - Found,0.3,False,0.04328,1395.2,,0.0,1783132359
All Pools,ICUBE - AVAX,0.3,False,0.04233,5.519,,0.7,1783132359
All Pools,ICUBE - USDT.e,0.3,False,0.04214,107.94,,0.04,1783132359
All Pools,COQ - JUICE,0.3,False,0.04148,27.24,,0.14,1783132359
All Pools,AUSD - HUSKY,0.3,False,0.0411,0.55524,,6.75,1783132359
All Pools,USDt - XPOW,0.3,False,0.04058,0.02025,,182.9,1783132359
All Pools,JOE - CRA,0.3,False,0.0395,7.659,,0.47,1783132359
All Pools,PNG - REDWOLF,0.3,False,0.03932,3.644,,0.98,1783132359
All Pools,USDR - USDC,0.3,False,0.03926,40.16,,0.09,1783132359
All Pools,AVAX - WINE,0.3,False,0.03918,0.0829,,43.13,1783132359
All Pools,BUSD - USDC,0.3,False,0.0391,7.746,,0.46,1783132359
All Pools,WOLF - USDT.e,0.3,False,0.03868,3.216,,1.1,1783132359
All Pools,MerryXmas - AVAX,0.3,False,0.03859,205.76,,0.02,1783132359
All Pools,YAK - USDT.e,0.3,False,0.03852,0.52277,,6.72,1783132359
All Pools,Psychic - MerryXmas,0.3,False,0.03852,235.57,,0.01,1783132359
All Pools,ABC - AMI,0.3,False,0.03845,2.673,,1.31,1783132359
All Pools,NXPC - USDC,0.3,False,0.03841,0.69856,,5.02,1783132359
All Pools,FatherChristmas - AVAX,0.3,False,0.03806,40.03,,0.09,1783132359
All Pools,FatherChristmas - Gravity,0.3,False,0.03788,16.27,,0.21,1783132359
All Pools,SLIME - AVAX,0.3,False,0.03754,16149.0,,,1783132359
All Pools,MIM - WINE,0.3,False,0.03745,164.24,,0.02,1783132359
All Pools,BNZ - AVAX,0.3,False,0.03743,160.61,,0.02,1783132359
All Pools,SLIME - USDt,0.3,False,0.0374,6.336,,0.54,1783132359
All Pools,AVAX - BOREA,0.3,False,0.03706,5.671,,0.6,1783132359
All Pools,Gravity - SaintGermain,0.3,False,0.03697,19.21,,0.18,1783132359
All Pools,USDT.e - BOREA,0.3,False,0.03691,25.92,,0.13,1783132359
All Pools,AVAX - RedFolder,0.3,False,0.03685,223.31,,0.02,1783132359
All Pools,USDt - XPOW,0.3,False,0.03683,10.61,,0.32,1783132359
All Pools,Psychic - RedFolder,0.3,False,0.03679,255.84,,0.01,1783132359
All Pools,MIM - EDG,0.3,False,0.03677,1.562,,2.15,1783132359
All Pools,AVAX - EDG,0.3,False,0.03648,1.422,,2.34,1783132359
All Pools,METAG - USDT.e,0.3,False,0.03638,47.85,,0.07,1783132359
All Pools,USDC.e - GG,0.3,False,0.03606,0.3685,,8.93,1783132359
All Pools,MU - DAI.e,0.3,False,0.03604,235.27,,0.01,1783132359
All Pools,AVAX - NEMO,0.3,False,0.03597,6.762,,0.49,1783132359
All Pools,USDt - NEMO,0.3,False,0.03585,96.56,,0.03,1783132359
All Pools,AVAX - GAU,0.3,False,0.03555,5.888,,0.55,1783132359
All Pools,Blue - BLACK,0.3,False,0.03546,3.061,,1.06,1783132359
All Pools,AVAX - SantaGospel,0.3,False,0.03545,100.9,,0.03,1783132359
All Pools,BLACK - SantaGospel,0.3,False,0.03542,2.989,,1.08,1783132359
All Pools,MAJIN - REDWOLF,0.3,False,0.03516,5.546,,0.58,1783132359
All Pools,Yellow - AVAX,0.3,False,0.03454,201.93,,0.02,1783132359
All Pools,CNR - USDC,0.3,False,0.03446,4.332,,0.73,1783132359
All Pools,Yellow - BLACK,0.3,False,0.03441,3.061,,1.03,1783132359
All Pools,BSGG - AVAX,0.3,False,0.03398,2.607,,1.19,1783132359
All Pools,CHAMP - AMI,0.3,False,0.03389,29.19,,0.11,1783132359
All Pools,AVAX - KET,0.3,False,0.03363,24.0,,0.13,1783132359
All Pools,Orange - BLACK,0.3,False,0.03348,2.559,,1.19,1783132359
All Pools,AVAX - Strength,0.3,False,0.03336,107.49,,0.03,1783132359
All Pools,BrideOfChrist - AVAX,0.3,False,0.03334,67.18,,0.05,1783132359
All Pools,Who - AVAX,0.3,False,0.03327,106.72,,0.03,1783132359
All Pools,Strength - BLACK,0.3,False,0.03326,3.045,,1.0,1783132359
All Pools,Who - BLACK,0.3,False,0.03318,3.046,,0.99,1783132359
All Pools,BLS - SHRAP,0.3,False,0.03224,8.784,,0.33,1783132359
All Pools,AVAX - ELK,0.3,False,0.03183,50.7,,0.06,1783132359
All Pools,LF - USDT.e,0.3,False,0.03173,1.003,,2.89,1783132359
All Pools,Beyond - AVAX,0.3,False,0.03133,66.79,,0.04,1783132359
All Pools,Beyond - Orange,0.3,False,0.03129,3320.4,,,1783132359
All Pools,MIM - RUG,0.3,False,0.03117,1.328,,2.14,1783132359
All Pools,RUG - USDC,0.3,False,0.03073,1.123,,2.5,1783132359
All Pools,Stolen - BLACK,0.3,False,0.03051,3.424,,0.81,1783132359
All Pools,DUO - USDT.e,0.3,False,0.03043,6.372,,0.44,1783132359
All Pools,Go - BLACK,0.3,False,0.03021,3.038,,0.91,1783132359
All Pools,Hydrogen - AVAX,0.3,False,0.03014,200.36,,0.01,1783132359
All Pools,Hydrogen - BLACK,0.3,False,0.03007,3.073,,0.89,1783132359
All Pools,NineHundred - AVAX,0.3,False,0.03007,106.64,,0.03,1783132359
All Pools,NineHundred - BLACK,0.3,False,0.02999,3.047,,0.9,1783132359
All Pools,AVAX - BAVA,0.3,False,0.02991,9.104,,0.3,1783132359
All Pools,BENIS - AVAX,0.3,False,0.02989,11.27,,0.24,1783132359
All Pools,AVAX - WEAVE,0.3,False,0.02956,2.963,,0.91,1783132359
All Pools,AVAX - GRAV,0.3,False,0.02924,12.32,,0.22,1783132359
All Pools,AVAX - TMT,0.3,False,0.02901,6.057,,0.44,1783132359
All Pools,AAVE.e - meGNX,0.3,False,0.02896,3.543,,0.75,1783132359
All Pools,USDC - USDT.e,0.3,False,0.02895,154.39,,0.02,1783132359
All Pools,MIM - VYBE,0.3,False,0.02895,0.86852,,3.04,1783132359
All Pools,USDT.e - TMT,0.3,False,0.02888,25.58,,0.1,1783132359
All Pools,USDC.e - WEAVE,0.3,False,0.02886,8.535,,0.31,1783132359
All Pools,METAG - USDt,0.3,False,0.02867,15.59,,0.17,1783132359
All Pools,AVAX - VYBE,0.3,False,0.02865,1.734,,1.51,1783132359
All Pools,BTC.b - MU,0.3,False,0.02854,9.866,,0.26,1783132359
All Pools,SURE - AVAX,0.3,False,0.02846,5.437,,0.48,1783132359
All Pools,NRK - DAI.e,0.3,False,0.0272,280.45,,0.01,1783132359
All Pools,AVAX - LYLY,0.3,False,0.0268,53.49,,0.05,1783132359
All Pools,AVAX - DAI,0.3,False,0.02658,58.45,,0.04,1783132359
All Pools,MIM - SMRT,0.3,False,0.02618,0.54483,,4.39,1783132359
All Pools,GURS - ARENA,0.3,False,0.02613,5.66,,0.42,1783132359
All Pools,USDC.e - NXUSD,0.3,False,0.02593,1.497,,1.58,1783132359
All Pools,MCV - AVAX,0.3,False,0.02584,302.44,,0.01,1783132359
All Pools,COQ - MCV,0.3,False,0.02583,6.733,,0.35,1783132359
All Pools,MPL - AVAX,0.3,False,0.02559,5.267,,0.44,1783132359
All Pools,MPL - USDt,0.3,False,0.02548,30.19,,0.08,1783132359
All Pools,AVAX - SPADE,0.3,False,0.02517,5.108,,0.45,1783132359
All Pools,KOVIN - AVAX,0.3,False,0.02515,2340.47,,,1783132359
All Pools,USDC.e - SPADE,0.3,False,0.02506,15.68,,0.15,1783132359
All Pools,Priory - AVAX,0.3,False,0.02496,57.16,,0.04,1783132359
All Pools,FollowTheWhiteRabbit - Priory,0.3,False,0.02492,682.42,,0.0,1783132359
All Pools,Milk - AVAX,0.3,False,0.02454,5.576,,0.4,1783132359
All Pools,Milk - USDT.e,0.3,False,0.02441,13.98,,0.16,1783132359
All Pools,ELE - AVAX,0.3,False,0.02437,92.89,,0.02,1783132359
All Pools,Go - AVAX,0.3,False,0.02435,106.62,,0.02,1783132359
All Pools,MIM - TEST,0.3,False,0.02403,0.51997,,4.22,1783132359
All Pools,CNR - USDt,0.3,False,0.0239,4.344,,0.5,1783132359
All Pools,NOCHILL - OX,0.3,False,0.02382,13722.0,,,1783132359
All Pools,GRELF[ava] - AVAX,0.3,False,0.02377,931.73,,0.0,1783132359
All Pools,AVAX - GOT,0.3,False,0.02272,4.418,,0.47,1783132359
All Pools,USDT.e - GOT,0.3,False,0.02261,12.45,,0.17,1783132359
All Pools,WBTC.e - USDC.e,0.3,False,0.02246,7.971,,0.26,1783132359
All Pools,CROWN - AVAX,0.3,False,0.0223,0.52418,,3.88,1783132359
All Pools,TOMB - ZSHARE,0.3,False,0.02177,1.197,,1.66,1783132359
All Pools,AVAX - ZSHARE,0.3,False,0.02166,13.35,,0.15,1783132359
All Pools,AVAX - DWC,0.3,False,0.02157,4330.73,,,1783132359
All Pools,XPOW - USDC,0.3,False,0.02155,10.69,,0.18,1783132359
All Pools,CATWIF - AVAX,0.3,False,0.02152,2357.15,,,1783132359
All Pools,DWC - MU,0.3,False,0.02149,2.813,,0.7,1783132359
All Pools,BGLD - AVAX,0.3,False,0.02147,3.719,,0.53,1783132359
All Pools,CATWIF - MU,0.3,False,0.02143,2.921,,0.67,1783132359
All Pools,BGLD - USDT.e,0.3,False,0.02136,16.6,,0.12,1783132359
All Pools,BOOFI - PEFI,0.3,False,0.02118,14.47,,0.13,1783132359
All Pools,BOOFI - AVAX,0.3,False,0.02117,574.55,,0.0,1783132359
All Pools,Psychic - Blessings,0.3,False,0.02101,49.78,,0.04,1783132359
All Pools,Psychic - Nine,0.3,False,0.02091,49.8,,0.04,1783132359
All Pools,WETH.e - meGNX,0.3,False,0.02088,5.13,,0.37,1783132359
All Pools,Psychic - Qubit,0.3,False,0.02067,49.78,,0.04,1783132359
All Pools,Psychic - Aquarius,0.3,False,0.02063,49.82,,0.04,1783132359
All Pools,Psychic - Thick,0.3,False,0.02051,49.8,,0.04,1783132359
All Pools,Psychic - WhoWho,0.3,False,0.02038,49.81,,0.04,1783132359
All Pools,WETH.e - USDR,0.3,False,0.02026,2.371,,0.78,1783132359
All Pools,Qubit - BLACK,0.3,False,0.0202,1.48,,1.25,1783132359
All Pools,Psychic - Zero,0.3,False,0.02019,49.8,,0.04,1783132359
All Pools,wsOHM - OTWO,0.3,False,0.02012,1.518,,1.21,1783132359
All Pools,3ULL - AVAX,0.3,False,0.02004,36.29,,0.05,1783132359
All Pools,MELT - USDT.e,0.3,False,0.01997,29.75,,0.06,1783132359
All Pools,Psychic - Gematria,0.3,False,0.01994,49.82,,0.04,1783132359
All Pools,Psychic - Architect,0.3,False,0.01991,49.82,,0.04,1783132359
All Pools,Psychic - TrumpCard,0.3,False,0.01991,49.83,,0.04,1783132359
All Pools,Psychic - Happy,0.3,False,0.0199,49.82,,0.04,1783132359
All Pools,Psychic - KatzJoel,0.3,False,0.01988,49.79,,0.04,1783132359
All Pools,Psychic - Diamonds,0.3,False,0.0198,51.76,,0.03,1783132359
All Pools,gOHM - OTWO,0.3,False,0.01972,90332.0,,,1783132359
All Pools,Psychic - [In]finity,0.3,False,0.01971,49.79,,0.04,1783132359
All Pools,Psychic - Hexagon,0.3,False,0.01971,49.81,,0.04,1783132359
All Pools,Gematria - BLACK,0.3,False,0.01966,1.469,,1.22,1783132359
All Pools,TrumpCard - BLACK,0.3,False,0.01953,1.467,,1.22,1783132359
All Pools,WBTC.e - ETHM,0.3,False,0.01949,0.30167,,5.9,1783132359
All Pools,Diamonds - BLACK,0.3,False,0.01945,1.529,,1.16,1783132359
All Pools,Psychic - Six,0.3,False,0.01933,49.82,,0.04,1783132359
All Pools,TSNFTGM - AVAX,0.3,False,0.01932,3.18,,0.55,1783132359
All Pools,MIM - CROWN,0.3,False,0.01931,13.08,,0.13,1783132359
All Pools,Psychic - ElmoSunkGematria,0.3,False,0.01919,49.83,,0.04,1783132359
All Pools,Six - BLACK,0.3,False,0.01908,1.469,,1.19,1783132359
All Pools,wALGO - AVAX,0.3,False,0.01894,123.32,,0.01,1783132359
All Pools,Christmas - AVAX,0.3,False,0.01891,189.4,,0.01,1783132359
All Pools,USDT.e - AVVO,0.3,False,0.01888,3.677,,0.47,1783132359
All Pools,Psychic - Christmas,0.3,False,0.01887,34.97,,0.05,1783132359
All Pools,wALGO - USDC,0.3,False,0.01886,2.482,,0.69,1783132359
All Pools,AMPL - MIM,0.3,False,0.01885,0.48208,,3.57,1783132359
All Pools,YAK - mYAK,0.3,False,0.01876,0.75753,,2.26,1783132359
All Pools,TRACTOR - AVAX,0.3,False,0.01865,11242.0,,,1783132359
All Pools,Chrism - BLACK,0.3,False,0.01858,1.538,,1.1,1783132359
All Pools,Gravity - BLACK,0.3,False,0.01837,0.30018,,5.58,1783132359
All Pools,Psychic - Codes,0.3,False,0.01829,49.83,,0.03,1783132359
All Pools,TEST - USDC,0.3,False,0.01823,3.953,,0.42,1783132359
All Pools,ZRO - USDC,0.3,False,0.01819,4.572,,0.36,1783132359
All Pools,WOLF - MU,0.3,False,0.01797,4.078,,0.4,1783132359
All Pools,USDC - BVAX,0.3,False,0.01781,26.63,,0.06,1783132359
All Pools,AVAX - Nala,0.3,False,0.01769,20.01,,0.08,1783132359
All Pools,Psychic - Nala,0.3,False,0.01765,218.59,,0.01,1783132359
All Pools,KIWI - USDt,0.3,False,0.01736,19.71,,0.08,1783132359
All Pools,AAVE.e - USDC.e,0.3,False,0.01723,1.229,,1.28,1783132359
All Pools,Psychic - Number,0.3,False,0.01719,49.83,,0.03,1783132359
All Pools,Number - BLACK,0.3,False,0.01696,1.466,,1.06,1783132359
All Pools,COQ - MU,0.3,False,0.0168,3.528,,0.43,1783132359
All Pools,XIO - AVAX,0.3,False,0.01675,2.41,,0.63,1783132359
All Pools,Psychic - PoPo,0.3,False,0.01674,49.82,,0.03,1783132359
All Pools,XIO - USDC,0.3,False,0.01668,24.18,,0.06,1783132359
All Pools,SNTA - MIM,0.3,False,0.01668,0.32607,,4.67,1783132359
All Pools,AVAX - iBONE,0.3,False,0.01654,4.411,,0.34,1783132359
All Pools,Trinity - FourFourFour,0.3,False,0.01653,3.685,,0.41,1783132359
All Pools,PoPo - BLACK,0.3,False,0.0165,1.468,,1.03,1783132359
All Pools,USDT.e - iBONE,0.3,False,0.01645,4.516,,0.33,1783132359
All Pools,SWIFT - AVAX,0.3,False,0.01644,10.12,,0.15,1783132359
All Pools,AVAX - LoveWins,0.3,False,0.01641,5.788,,0.26,1783132359
All Pools,FollowTheWhiteRabbit - LoveWins,0.3,False,0.0164,111.39,,0.01,1783132359
All Pools,MIM - YAK,0.3,False,0.01617,0.15458,,9.54,1783132359
All Pools,YEEHAW - ARENA,0.3,False,0.01612,0.87629,,1.68,1783132359
All Pools,Trinity - Stolen,0.3,False,0.01603,22.67,,0.06,1783132359
All Pools,Chrism - ChristMark,0.3,False,0.01602,146.99,,0.01,1783132359
All Pools,NOCHILL - KET,0.3,False,0.01597,9.169,,0.16,1783132359
All Pools,TEDDY - AVAX,0.3,False,0.0158,12.78,,0.11,1783132359
All Pools,ChristMark - ChristIAmYou,0.3,False,0.01569,21.3,,0.07,1783132359
All Pools,AVAX - AXIAL,0.3,False,0.01568,634.54,,0.0,1783132359
All Pools,AVAX - USDR,0.3,False,0.01564,2.534,,0.56,1783132359
All Pools,Psychic - Bonfire,0.3,False,0.01546,49.82,,0.03,1783132359
All Pools,BLACK - ChristIAmYou,0.3,False,0.01542,1.481,,0.95,1783132359
All Pools,XOMB - AVAX,0.3,False,0.01538,16.54,,0.08,1783132359
All Pools,XOMB - USDT.e,0.3,False,0.01529,2.15,,0.65,1783132359
All Pools,YEEHAW - AMI,0.3,False,0.01524,3.091,,0.45,1783132359
All Pools,AVAX - WSPP,0.3,False,0.0152,2.407,,0.58,1783132359
All Pools,aAvaLINK - meGNX,0.3,False,0.01517,8.632,,0.16,1783132359
All Pools,ARA - AVAX,0.3,False,0.01507,2.419,,0.57,1783132359
All Pools,NOCHILL - AMI,0.3,False,0.01485,3.526,,0.38,1783132359
All Pools,SHERPA - AVAX,0.3,False,0.01483,98.22,,0.01,1783132359
All Pools,MIM - PAR,0.3,False,0.01467,0.47185,,2.84,1783132359
All Pools,YETI - WINE,0.3,False,0.01465,0.17507,,7.64,1783132359
All Pools,AVAX - PAR,0.3,False,0.0145,1.338,,0.99,1783132359
All Pools,MIM - ICE,0.3,False,0.0145,0.31688,,4.18,1783132359
All Pools,Gladiator - AVAX,0.3,False,0.01447,1.596,,0.83,1783132359
All Pools,LordJesusChrist - BLACK,0.3,False,0.01446,1.399,,0.94,1783132359
All Pools,AVAX - TUSK,0.3,False,0.01444,2.113,,0.62,1783132359
All Pools,YETI - AVAX,0.3,False,0.01443,698.39,,0.0,1783132359
All Pools,USDC.e - TUSK,0.3,False,0.01436,9.49,,0.14,1783132359
All Pools,AVAX - ICE,0.3,False,0.01431,108.66,,0.01,1783132359
All Pools,WOLF - AMI,0.3,False,0.01419,2.584,,0.5,1783132359
All Pools,MUMO - WMATIC,0.3,False,0.01414,0.02615,,49.35,1783132359
All Pools,ZH - JOE,0.3,False,0.01414,2.199,,0.59,1783132359
All Pools,QI - REDWOLF,0.3,False,0.01412,1.222,,1.05,1783132359
All Pools,Psychic - SevenSevenSeven,0.3,False,0.01408,49.84,,0.03,1783132359
All Pools,Psychic - Vampire,0.3,False,0.01404,49.83,,0.03,1783132359
All Pools,KOKSAL - AVAX,0.3,False,0.01404,2.902,,0.44,1783132359
All Pools,KOKSAL - USDC,0.3,False,0.01397,4.522,,0.28,1783132359
All Pools,ZH - USDC.e,0.3,False,0.01392,22.3,,0.06,1783132359
All Pools,AVAX - NORTH,0.3,False,0.01385,1.826,,0.69,1783132359
All Pools,Alpha - AVAX,0.3,False,0.01385,2.482,,0.51,1783132359
All Pools,Alpha - USDC,0.3,False,0.01381,32.1,,0.04,1783132359
All Pools,USDT.e - NORTH,0.3,False,0.01378,26.56,,0.05,1783132359
All Pools,COQ - REDWOLF,0.3,False,0.01368,9.078,,0.14,1783132359
All Pools,Psychic - Verse,0.3,False,0.01358,49.8,,0.02,1783132359
All Pools,COQ - LYLY,0.3,False,0.01348,10.3,,0.12,1783132359
All Pools,HATCHY - AMI,0.3,False,0.01345,2.787,,0.44,1783132359
All Pools,EVRT - AVAX,0.3,False,0.01344,37.05,,0.03,1783132359
All Pools,MU - COQAI,0.3,False,0.01337,5.849,,0.21,1783132359
All Pools,Psychic - WhoWhoWho,0.3,False,0.01337,49.8,,0.02,1783132359
All Pools,QI - LYLY,0.3,False,0.01335,1.934,,0.63,1783132359
All Pools,AMPL - AVAX,0.3,False,0.01327,217.51,,0.01,1783132359
All Pools,WhoWhoWho - BLACK,0.3,False,0.01316,1.464,,0.82,1783132359
All Pools,BTC.b - GMX,0.3,False,0.01309,1.283,,0.93,1783132359
All Pools,JOE - REDWOLF,0.3,False,0.01303,2.935,,0.41,1783132359
All Pools,BTC.b - BEAM,0.3,False,0.013,0.24648,,4.81,1783132359
All Pools,AVAX - WISE,0.3,False,0.01299,2.334,,0.51,1783132359
All Pools,USDC.e - WISE,0.3,False,0.01292,6.818,,0.17,1783132359
All Pools,MIM - DB,0.3,False,0.01288,0.75884,,1.55,1783132359
All Pools,3ULL - USDt,0.3,False,0.01283,2.233,,0.52,1783132359
All Pools,COQ - KOVIN,0.3,False,0.01278,8.694,,0.13,1783132359
All Pools,USDC.e - BAVA,0.3,False,0.01274,2.71,,0.43,1783132359
All Pools,Psychic - IAmThatIAm,0.3,False,0.01272,49.83,,0.02,1783132359
All Pools,SatoshiNakamoto - Psychic,0.3,False,0.01272,49.83,,0.02,1783132359
All Pools,XETA - AVAX,0.3,False,0.01256,0.16359,,7.01,1783132359
All Pools,GATOR - AMI,0.3,False,0.01253,2.93,,0.39,1783132359
All Pools,Psychic - Oracle,0.3,False,0.01249,49.84,,0.02,1783132359
All Pools,KOVIN - MU,0.3,False,0.01227,2.539,,0.44,1783132359
All Pools,AVAX - DUA,0.3,False,0.01204,1.791,,0.61,1783132359
All Pools,DUA - USDC,0.3,False,0.01199,11.54,,0.09,1783132359
All Pools,GMX - USDC,0.3,False,0.01184,0.83936,,1.29,1783132359
All Pools,Psychic - QuetzalCoatl,0.3,False,0.01178,49.84,,0.02,1783132359
All Pools,Psychic - Penny,0.3,False,0.01178,49.84,,0.02,1783132359
All Pools,MIM - MTB,0.3,False,0.01167,0.44243,,2.41,1783132359
All Pools,WETH.e - MU,0.3,False,0.01163,1.74,,0.61,1783132359
All Pools,QuetzalCoatl - BLACK,0.3,False,0.01156,1.453,,0.73,1783132359
All Pools,Psychic - TrueStory,0.3,False,0.01156,49.84,,0.02,1783132359
All Pools,Penny - BLACK,0.3,False,0.01156,1.453,,0.73,1783132359
All Pools,MIM - MEAD,0.3,False,0.01153,0.24078,,4.37,1783132359
All Pools,AVAX - MTB,0.3,False,0.01153,0.43816,,2.4,1783132359
All Pools,KR - AVAX,0.3,False,0.01151,1.441,,0.73,1783132359
All Pools,Psychic - Time,0.3,False,0.0115,49.83,,0.02,1783132359
All Pools,MEAD - AVAX,0.3,False,0.0115,107.58,,0.01,1783132359
All Pools,KR - USDC.e,0.3,False,0.01144,11.17,,0.09,1783132359
All Pools,TrueStory - BLACK,0.3,False,0.01137,1.453,,0.71,1783132359
All Pools,Psychic - LordJesusChrist,0.3,False,0.01136,47.86,,0.02,1783132359
All Pools,gOHM - JOE,0.3,False,0.01131,3.254,,0.32,1783132359
All Pools,Psychic - Alphabet,0.3,False,0.01119,49.84,,0.02,1783132359
All Pools,SUB - AVAX,0.3,False,0.01119,15.79,,0.06,1783132359
All Pools,MIM - toi,0.3,False,0.01116,0.62859,,1.62,1783132359
All Pools,Flection - Psychic,0.3,False,0.01109,49.84,,0.02,1783132359
All Pools,toi - AVAX,0.3,False,0.01103,0.39271,,2.56,1783132359
All Pools,Psychic - Artemis,0.3,False,0.01097,49.98,,0.02,1783132359
All Pools,AI9000 - AVAX,0.3,False,0.01094,227.98,,0.0,1783132359
All Pools,Loyalty - Psychic,0.3,False,0.01085,49.8,,0.02,1783132359
All Pools,SMRTr - GG,0.3,False,0.01083,0.10939,,9.04,1783132359
All Pools,REDWOLF - SHRAP,0.3,False,0.01083,0.87991,,1.12,1783132359
All Pools,Artemis - BLACK,0.3,False,0.01078,1.475,,0.67,1783132359
All Pools,USDt - OK,0.3,False,0.01074,0.14659,,6.69,1783132359
All Pools,Loyalty - BLACK,0.3,False,0.01069,1.46,,0.67,1783132359
All Pools,MUMO - USDC,0.3,False,0.01068,7.858,,0.12,1783132359
All Pools,HUSKY - SNOWY,0.3,False,0.01065,0.17756,,5.47,1783132359
All Pools,DivineFeminine - AVAX,0.3,False,0.01064,4.649,,0.21,1783132359
All Pools,Psychic - BirthingCode,0.3,False,0.01052,49.84,,0.02,1783132359
All Pools,TRACTOR - USDT.e,0.3,False,0.01049,1.721,,0.56,1783132359
All Pools,COQ - BOOTY,0.3,False,0.01047,7.263,,0.13,1783132359
All Pools,Psychic - Line,0.3,False,0.01045,50.51,,0.02,1783132359
All Pools,SNP - AVAX,0.3,False,0.01044,8.264,,0.12,1783132359
All Pools,COQ - SNP,0.3,False,0.0104,17.22,,0.06,1783132359
All Pools,Psychic - Abracadabra,0.3,False,0.01036,49.81,,0.02,1783132359
All Pools,Psychic - Lock,0.3,False,0.01031,49.82,,0.02,1783132359
All Pools,MIM - DREX,0.3,False,0.01027,5.542,,0.17,1783132359
All Pools,CRA - AVAX,0.3,False,0.01027,7634.9,,,1783132359
All Pools,COQ - SNOWY,0.3,False,0.01023,0.91493,,1.02,1783132359
All Pools,Psychic - Chrism,0.3,False,0.01015,52.23,,0.02,1783132359
All Pools,Lock - BLACK,0.3,False,0.01015,1.458,,0.64,1783132359
All Pools,AVAX - DREX,0.3,False,0.01014,0.2024,,4.57,1783132359
All Pools,BLACK - IfYouKnowYouKnow,0.3,False,0.01011,1.488,,0.62,1783132359
All Pools,ORBIT - AVAX,0.3,False,0.01007,1.434,,0.64,1783132359
All Pools,USV - AVAX,0.3,False,0.00994,0.96191,,0.94,1783132359
All Pools,JOE - AVE,0.3,False,0.00992,1.271,,0.71,1783132359
All Pools,Psychic - KekiusMaximus,0.3,False,0.00988,49.84,,0.02,1783132359
All Pools,Psychic - Sequence,0.3,False,0.00985,49.84,,0.02,1783132359
All Pools,AVAX - NXUSD,0.3,False,0.00983,0.3863,,2.32,1783132359
All Pools,MIM - DB,0.3,False,0.00979,0.5031,,1.78,1783132359
All Pools,MEOW - MU,0.3,False,0.00975,1.337,,0.67,1783132359
All Pools,DB - AVAX,0.3,False,0.00975,0.35185,,2.53,1783132359
All Pools,Psychic - Confusion,0.3,False,0.0097,49.83,,0.02,1783132359
All Pools,ARENA - AMI,0.3,False,0.00964,0.92255,,0.95,1783132359
All Pools,DrainTheSwamp - AVAX,0.3,False,0.00959,28.83,,0.03,1783132359
All Pools,MIM - LIFE,0.3,False,0.00956,0.23821,,3.66,1783132359
All Pools,DrainTheSwamp - FollowTheWhiteRabbit,0.3,False,0.00956,8.35,,0.1,1783132359
All Pools,Psychic - James,0.3,False,0.00955,49.85,,0.02,1783132359
All Pools,Psychic - daVinci,0.3,False,0.00955,49.83,,0.02,1783132359
All Pools,Psychic - PennyTrinity,0.3,False,0.00954,49.85,,0.02,1783132359
All Pools,SodomAndGomorrah - AVAX,0.3,False,0.00949,14.39,,0.06,1783132359
All Pools,Trinity - SodomAndGomorrah,0.3,False,0.00947,16.88,,0.05,1783132359
All Pools,James - BLACK,0.3,False,0.00947,1.448,,0.6,1783132359
All Pools,LIFE - AVAX,0.3,False,0.00944,0.77221,,1.12,1783132359
All Pools,Psychic - Checkmate,0.3,False,0.0094,49.95,,0.02,1783132359
All Pools,AVAX - TT,0.3,False,0.00935,1.692,,0.5,1783132359
All Pools,Checkmate - BLACK,0.3,False,0.00934,1.451,,0.59,1783132359
All Pools,Psychic - Crypt,0.3,False,0.00929,49.8,,0.02,1783132359
All Pools,Psychic - Numbers,0.3,False,0.00928,49.84,,0.02,1783132359
All Pools,SMRTr - USDT.e,0.3,False,0.00924,1.123,,0.75,1783132359
All Pools,Numbers - BLACK,0.3,False,0.00922,1.449,,0.58,1783132359
All Pools,Eye - Psychic,0.3,False,0.00917,49.84,,0.02,1783132359
All Pools,Crypt - BLACK,0.3,False,0.00917,1.462,,0.57,1783132359
All Pools,LoveIsTheKey - AVAX,0.3,False,0.00914,10.96,,0.08,1783132359
All Pools,Psychic - Partment,0.3,False,0.00902,49.82,,0.02,1783132359
All Pools,BIRD - AVAX,0.3,False,0.00899,0.0101,,81.22,1783132359
All Pools,MIM - DB,0.3,False,0.00886,0.19128,,4.23,1783132359
All Pools,Psychic - Alice,0.3,False,0.00884,49.81,,0.02,1783132359
All Pools,AVAX - COSMIC,0.3,False,0.00879,1.079,,0.74,1783132359
All Pools,ARENA - JUICY,0.3,False,0.00878,0.03915,,20.47,1783132359
All Pools,JOE - aXEN,0.3,False,0.00875,0.19692,,4.05,1783132359
All Pools,USDC - COSMIC,0.3,False,0.00875,54.06,,0.01,1783132359
All Pools,DB - AVAX,0.3,False,0.00875,1.433,,0.56,1783132359
All Pools,AVAX - MUG,0.3,False,0.00871,1.037,,0.77,1783132359
All Pools,Psychic - PlotTwist,0.3,False,0.00867,50.95,,0.02,1783132359
All Pools,NOCHILL - MU,0.3,False,0.00864,1.622,,0.49,1783132359
All Pools,Psychic - BiTonic,0.3,False,0.00856,49.91,,0.02,1783132359
All Pools,OH - AVAX,0.3,False,0.00856,69.33,,0.01,1783132359
All Pools,BENIS - NOCHILL,0.3,False,0.00855,3.104,,0.25,1783132359
All Pools,Psychic - TwinFlames,0.3,False,0.00852,50.4,,0.02,1783132359
All Pools,AKA - AVAX,0.3,False,0.00851,1.863,,0.42,1783132359
All Pools,AKA - USDt,0.3,False,0.00848,2.773,,0.28,1783132359
All Pools,BiTonic - BLACK,0.3,False,0.00843,1.454,,0.53,1783132359
All Pools,Psychic - RefZip,0.3,False,0.00823,49.84,,0.02,1783132359
All Pools,SWIFT - USDT.e,0.3,False,0.00821,0.41884,,1.79,1783132359
All Pools,AVAX - Ouroboros,0.3,False,0.00813,16.08,,0.05,1783132359
All Pools,Trinity - Ouroboros,0.3,False,0.00811,9.603,,0.08,1783132359
All Pools,AVAX - LODE,0.3,False,0.00804,1.033,,0.71,1783132359
All Pools,TRACTOR - JOE,0.3,False,0.00801,1.218,,0.6,1783132359
All Pools,USDC - LODE,0.3,False,0.00798,1025.08,,,1783132359
All Pools,CAPY - ARENA,0.3,False,0.0079,23100.0,,,1783132359
All Pools,Psychic - Equal,0.3,False,0.00778,49.84,,0.01,1783132359
All Pools,Choice - Psychic,0.3,False,0.00775,49.81,,0.01,1783132359
All Pools,Choice - BLACK,0.3,False,0.00771,1.455,,0.48,1783132359
All Pools,CNR - AVAX,0.3,False,0.00769,47.72,,0.01,1783132359
All Pools,GGP - JUICY,0.3,False,0.00765,0.03268,,21.37,1783132359
All Pools,ETHM - LINK.e,0.3,False,0.00765,0.11015,,6.34,1783132359
All Pools,FTOMB - AVAX,0.3,False,0.00763,6997.04,,,1783132359
All Pools,EagleToken - AVAX,0.3,False,0.00757,1.711,,0.4,1783132359
All Pools,EagleToken - USDC.e,0.3,False,0.00753,2.059,,0.33,1783132359
All Pools,gOHM - USDT.e,0.3,False,0.00753,0.62852,,1.09,1783132359
All Pools,ACS - USDt,0.3,False,0.00743,0.94411,,0.72,1783132359
All Pools,Trinity - TruthClosure,0.3,False,0.0074,6.942,,0.1,1783132359
All Pools,PB - MIM,0.3,False,0.00738,5.77,,0.12,1783132359
All Pools,MUMO - AVAX,0.3,False,0.00731,0.14821,,4.5,1783132359
All Pools,RUG - DAI.e,0.3,False,0.00729,0.76802,,0.87,1783132359
All Pools,PB - AVAX,0.3,False,0.00727,0.16282,,4.07,1783132359
All Pools,Trinity - IngersollLockwood,0.3,False,0.00724,0.74149,,0.89,1783132359
All Pools,SFI - AVAX,0.3,False,0.00718,0.94517,,0.69,1783132359
All Pools,MIM - ICY,0.3,False,0.00718,7.47,,0.09,1783132359
All Pools,SMRT - XAVA,0.3,False,0.00709,2.385,,0.27,1783132359
All Pools,DB - AVAX,0.3,False,0.00709,0.78088,,0.83,1783132359
All Pools,LYD - REDWOLF,0.3,False,0.00705,4.186,,0.15,1783132359
All Pools,MIM - SFI,0.3,False,0.00685,0.16463,,3.8,1783132359
All Pools,AI9000 - MU,0.3,False,0.00668,1.081,,0.56,1783132359
All Pools,MU - SOL,0.3,False,0.00665,1.132,,0.54,1783132359
All Pools,USDC.e - UST,0.3,False,0.00661,1.576,,0.38,1783132359
All Pools,TIME - SPELL,0.3,False,0.00646,0.41133,,1.43,1783132359
All Pools,DB - USDC,0.3,False,0.00645,0.35072,,1.68,1783132359
All Pools,XPOW - USDt,0.3,False,0.00644,1.118,,0.53,1783132359
All Pools,AVAX - RUG,0.3,False,0.00642,0.33057,,1.77,1783132359
All Pools,Psychic - Self,0.3,False,0.0064,51.67,,0.01,1783132359
All Pools,MU - MUG,0.3,False,0.00637,2330.71,,,1783132359
All Pools,HH - AVAX,0.3,False,0.00636,257.19,,0.0,1783132359
All Pools,APOW - MU,0.3,False,0.00634,2.366,,0.24,1783132359
All Pools,HH - ARENA,0.3,False,0.00632,1.777,,0.32,1783132359
All Pools,KIMBO - AMI,0.3,False,0.00632,2.665,,0.22,1783132359
All Pools,JOE - CNR,0.3,False,0.00629,0.75057,,0.76,1783132359
All Pools,AVAX - HOST,0.3,False,0.00622,1.614,,0.35,1783132359
All Pools,AMI - MU,0.3,False,0.00621,1.271,,0.45,1783132359
All Pools,LUNA - USDC,0.3,False,0.00615,1.463,,0.38,1783132359
All Pools,JOE - USDt,0.3,False,0.00613,0.67234,,0.83,1783132359
All Pools,CRA - USDC.e,0.3,False,0.00604,0.49007,,1.13,1783132359
All Pools,WITCH - AVAX,0.3,False,0.00602,2.217,,0.25,1783132359
All Pools,APOW - XPOW,0.3,False,0.00599,22.31,,0.02,1783132359
All Pools,WITCH - USDC,0.3,False,0.00598,1.591,,0.34,1783132359
All Pools,Psychic - Go,0.3,False,0.00597,58.74,,0.01,1783132359
All Pools,GRAPE - AVAX,0.3,False,0.00597,0.09263,,5.88,1783132359
All Pools,Trinity - IfYouKnowYouKnow,0.3,False,0.00596,3.633,,0.15,1783132359
All Pools,MAXI - AVAX,0.3,False,0.00588,0.6748,,0.8,1783132359
All Pools,AVAX - sSB,0.3,False,0.00584,0.46992,,1.13,1783132359
All Pools,EGG - AVAX,0.3,False,0.00583,1.38,,0.39,1783132359
All Pools,HOST - DAI.e,0.3,False,0.00579,2.818,,0.19,1783132359
All Pools,EGG - USDT.e,0.3,False,0.00578,1.858,,0.28,1783132359
All Pools,COQ - ARENA,0.3,False,0.00578,0.84849,,0.62,1783132359
All Pools,DAI.e - NXUSD,0.3,False,0.00577,0.19439,,2.71,1783132359
All Pools,CRAFT - USDC.e,0.3,False,0.00575,0.75701,,0.69,1783132359
All Pools,HCT - AVAX,0.3,False,0.00572,2.735,,0.19,1783132359
All Pools,JOE - QI,0.3,False,0.00562,0.62747,,0.82,1783132359
All Pools,SYMBIOT - DAI.e,0.3,False,0.0056,0.41485,,1.23,1783132359
All Pools,AVAX - IMPACT,0.3,False,0.0056,2.802,,0.18,1783132359
All Pools,EUROS - AVAX,0.3,False,0.00557,0.99084,,0.51,1783132359
All Pools,UST - WINE,0.3,False,0.00553,0.11219,,4.5,1783132359
All Pools,LUNA - USDt,0.3,False,0.0055,1.385,,0.36,1783132359
All Pools,AVE - AVAX,0.3,False,0.00549,3.237,,0.15,1783132359
All Pools,ETHM - USDT.e,0.3,False,0.00546,0.06997,,7.12,1783132359
All Pools,xJOE - wsOHM,0.3,False,0.00545,0.18702,,2.66,1783132359
All Pools,xJOE - AVAX,0.3,False,0.00538,1.921,,0.26,1783132359
All Pools,Degen - AVAX,0.3,False,0.00535,1505.64,,,1783132359
All Pools,MIM - ARABBIT,0.3,False,0.00534,0.25678,,1.9,1783132359
All Pools,SNO Token - AVAX,0.3,False,0.00534,1.195,,0.41,1783132359
All Pools,SNO Token - JOE,0.3,False,0.00531,54.2,,0.01,1783132359
All Pools,ARABBIT - AVAX,0.3,False,0.00524,0.25652,,1.87,1783132359
All Pools,BEAM - MU,0.3,False,0.00515,0.90884,,0.52,1783132359
All Pools,MIM - SMOKA,0.3,False,0.00502,0.23025,,1.99,1783132359
All Pools,SMOKA - AVAX,0.3,False,0.00492,0.25277,,1.78,1783132359
All Pools,BEE - AVAX,0.3,False,0.00487,0.69618,,0.64,1783132359
All Pools,BEE - USDT.e,0.3,False,0.00483,32.17,,0.01,1783132359
All Pools,TokenZ - AVAX,0.3,False,0.00479,1.982,,0.22,1783132359
All Pools,TokenZ - USDC,0.3,False,0.00477,3.603,,0.12,1783132359
All Pools,MIM - PLEB,0.3,False,0.00475,7.839,,0.06,1783132359
All Pools,SNLP - AVAX,0.3,False,0.00468,2739.63,,,1783132359
All Pools,AVAX - PLEB,0.3,False,0.00466,0.09021,,4.71,1783132359
All Pools,JOE - SNLP,0.3,False,0.00466,1.126,,0.38,1783132359
All Pools,QI - USDC.e,0.3,False,0.0046,0.67408,,0.62,1783132359
All Pools,USDt - IMPACT,0.3,False,0.00451,1.728,,0.24,1783132359
All Pools,MIM - AKITA,0.3,False,0.00442,0.08336,,4.84,1783132359
All Pools,AVAX - SAGE,0.3,False,0.00436,0.74002,,0.54,1783132359
All Pools,AVAX - AKITA,0.3,False,0.00433,1873.28,,,1783132359
All Pools,USDC.e - SAGE,0.3,False,0.00432,2.081,,0.19,1783132359
All Pools,DCAR - AVAX,0.3,False,0.00423,0.95882,,0.4,1783132359
All Pools,3ULL - USDT.e,0.3,False,0.00422,0.5762,,0.67,1783132359
All Pools,DCAR - USDC,0.3,False,0.00421,56.33,,0.01,1783132359
All Pools,USDC - TT,0.3,False,0.00419,2.024,,0.19,1783132359
All Pools,AI9000 - USDt,0.3,False,0.00418,0.78184,,0.49,1783132359
All Pools,WABBIT - AMI,0.3,False,0.0041,0.83771,,0.45,1783132359
All Pools,WABBIT - AVAX,0.3,False,0.00408,4498.17,,,1783132359
All Pools,ORNG - JUICE,0.3,False,0.00397,1.385,,0.26,1783132359
All Pools,SYMBIOT - AVAX,0.3,False,0.00393,1.155,,0.31,1783132359
All Pools,LAMA - JUICY,0.3,False,0.00374,0.01834,,18.63,1783132359
All Pools,REDWOLF - ODDZ,0.3,False,0.00364,1.362,,0.24,1783132359
All Pools,Gladiator - AMI,0.3,False,0.00362,1.104,,0.3,1783132359
All Pools,AVAX - ASND,0.3,False,0.00362,0.11034,,2.99,1783132359
All Pools,TSD - USDT.e,0.3,False,0.00357,0.17419,,1.87,1783132359
All Pools,HUSKY - aXEN,0.3,False,0.00356,0.05739,,5.66,1783132359
All Pools,MIM - ASND,0.3,False,0.00356,70.33,,0.0,1783132359
All Pools,ELXR - USDC.e,0.3,False,0.00352,1093.46,,,1783132359
All Pools,WET - USDT.e,0.3,False,0.00349,0.38243,,0.83,1783132359
All Pools,JOE - USDR,0.3,False,0.00347,0.57025,,0.56,1783132359
All Pools,RGK - AVAX,0.3,False,0.00344,0.06034,,5.21,1783132359
All Pools,Trinity - BLACK,0.3,False,0.00337,0.19874,,1.55,1783132359
All Pools,USDC.e - TIME,0.3,False,0.00336,0.20315,,1.51,1783132359
All Pools,Psychic - Mirror,0.3,False,0.00336,49.83,,0.01,1783132359
All Pools,SUB - AVAX,0.3,False,0.00335,0.44007,,0.69,1783132359
All Pools,Mirror - BLACK,0.3,False,0.00333,1.442,,0.21,1783132359
All Pools,SUB - USDC,0.3,False,0.00332,69.67,,0.0,1783132359
All Pools,LAMA - AVAX,0.3,False,0.0033,8784.17,,,1783132359
All Pools,GMX - USDt,0.3,False,0.00328,0.34706,,0.86,1783132359
All Pools,USDC.e - SMRT,0.3,False,0.00326,1.89,,0.16,1783132359
All Pools,BNZ - KET,0.3,False,0.00324,2.649,,0.11,1783132359
All Pools,Balln - AMI,0.3,False,0.00323,0.4999,,0.59,1783132359
All Pools,MU - KET,0.3,False,0.00322,0.94954,,0.31,1783132359
All Pools,USDC - SPT,0.3,False,0.0032,0.13767,,2.12,1783132359
All Pools,MU - WAIFU,0.3,False,0.0031,119.65,,0.0,1783132359
All Pools,DADDY - AVAX,0.3,False,0.00309,0.78944,,0.36,1783132359
All Pools,DADDY - USDT.e,0.3,False,0.00309,17.3,,0.02,1783132359
All Pools,LIRA - AVAX,0.3,False,0.00307,10.96,,0.03,1783132359
All Pools,MEAT - AVAX,0.3,False,0.00297,3983.44,,,1783132359
All Pools,MEAT - MU,0.3,False,0.00295,0.41495,,0.65,1783132359
All Pools,USDC.e - WET,0.3,False,0.00294,0.38282,,0.7,1783132359
All Pools,HUSKY - MU,0.3,False,0.0029,0.04183,,6.32,1783132359
All Pools,DAI.e - HOST,0.3,False,0.00289,15.66,,0.02,1783132359
All Pools,3ULL - USDC,0.3,False,0.00286,0.57762,,0.45,1783132359
All Pools,Psychic - YouAndI,0.3,False,0.00284,49.85,,0.01,1783132359
All Pools,KANA - AVAX,0.3,False,0.00284,843.89,,,1783132359
All Pools,KANA - USDC,0.3,False,0.00282,0.43942,,0.59,1783132359
All Pools,tst1 - AVAX,0.3,False,0.00282,0.48991,,0.53,1783132359
All Pools,SB - DAI.e,0.3,False,0.0028,0.13549,,1.89,1783132359
All Pools,tst1 - USDT.e,0.3,False,0.0028,2.627,,0.1,1783132359
All Pools,sAVAX - USDC,0.3,False,0.00279,0.46333,,0.55,1783132359
All Pools,NOCHILL - WAIFU,0.3,False,0.00279,147.62,,0.0,1783132359
All Pools,TEST - DAI.e,0.3,False,0.00275,1.174,,0.21,1783132359
All Pools,USDC - AMI,0.3,False,0.00272,0.51252,,0.48,1783132359
All Pools,AMI - DEGEN404,0.3,False,0.00271,0.76986,,0.32,1783132359
All Pools,gOHM - USDC.e,0.3,False,0.0027,0.31958,,0.77,1783132359
All Pools,STG - JOE,0.3,False,0.0027,0.11527,,2.14,1783132359
All Pools,OLIVE - AVAX,0.3,False,0.0027,0.0012,,204.84,1783132359
All Pools,SPORE - JOE,0.3,False,0.0027,0.44496,,0.55,1783132359
All Pools,MIM - BSGG,0.3,False,0.00267,0.07989,,3.05,1783132359
All Pools,HUSKY - SMRTr,0.3,False,0.00266,0.04673,,5.2,1783132359
All Pools,AUX - AVAX,0.3,False,0.00261,0.32062,,0.74,1783132359
All Pools,UNI.e - AVAX,0.3,False,0.00261,0.02984,,7.97,1783132359
All Pools,FITFI - USDC,0.3,False,0.0026,0.21418,,1.11,1783132359
All Pools,AUX - USDC,0.3,False,0.00259,646.77,,,1783132359
All Pools,GATOR - GURS,0.3,False,0.00251,0.12684,,1.81,1783132359
All Pools,GOD - AVAX,0.3,False,0.0025,22.01,,0.01,1783132359
All Pools,BTC.b - MUMO,0.3,False,0.00246,4.073,,0.06,1783132359
All Pools,YEEHAW - ABC,0.3,False,0.00245,0.25805,,0.87,1783132359
All Pools,LYD - AVAX,0.3,False,0.00245,0.67055,,0.33,1783132359
All Pools,NOCHILL - ARENA,0.3,False,0.00242,0.2908,,0.76,1783132359
All Pools,TEST - USDT.e,0.3,False,0.00242,3.922,,0.06,1783132359
All Pools,MIM - BTC.b,0.3,False,0.0024,0.02351,,9.3,1783132359
All Pools,AVAX - CAKE,0.3,False,0.00232,0.62344,,0.34,1783132359
All Pools,CRA - USDT.e,0.3,False,0.00232,0.23108,,0.92,1783132359
All Pools,SLUSH - AVAX,0.3,False,0.00232,0.57936,,0.36,1783132359
All Pools,USDT.e - CAKE,0.3,False,0.00231,48.33,,0.0,1783132359
All Pools,LINK.e - MUG,0.3,False,0.00231,0.22575,,0.93,1783132359
All Pools,SLUSH - USDT.e,0.3,False,0.0023,1.26,,0.17,1783132359
All Pools,NUG - AVAX,0.3,False,0.0023,0.32543,,0.64,1783132359
All Pools,NUG - USDC,0.3,False,0.00228,2.33,,0.09,1783132359
All Pools,SLOT - AVAX,0.3,False,0.00224,2858.31,,,1783132359
All Pools,AVAX - RBEES,0.3,False,0.00222,0.55408,,0.37,1783132359
All Pools,SLOT - USDC.e,0.3,False,0.00222,0.40458,,0.5,1783132359
All Pools,WETH.e - USDt,0.3,False,0.00222,0.06526,,3.11,1783132359
All Pools,USDC.e - RBEES,0.3,False,0.0022,0.45407,,0.44,1783132359
All Pools,USDC.e - XAVA,0.3,False,0.00214,0.34794,,0.56,1783132359
All Pools,SYMBIOT - HOST,0.3,False,0.00208,0.53504,,0.35,1783132359
All Pools,MIM - LEXIP,0.3,False,0.00207,0.06217,,3.04,1783132359
All Pools,SolarDAO - AVAX,0.3,False,0.00207,0.33711,,0.56,1783132359
All Pools,OH - USDC.e,0.3,False,0.00206,0.33112,,0.57,1783132359
All Pools,MIM - SNOW,0.3,False,0.00206,0.11938,,1.57,1783132359
All Pools,SolarDAO - USDT.e,0.3,False,0.00205,2.017,,0.09,1783132359
All Pools,LEXIP - AVAX,0.3,False,0.00202,0.25291,,0.73,1783132359
All Pools,SNOW - AVAX,0.3,False,0.00201,0.08266,,2.22,1783132359
All Pools,AVAX - WARP,0.3,False,0.00198,1.198,,0.15,1783132359
All Pools,PNG - USDT.e,0.3,False,0.00198,0.81607,,0.22,1783132359
All Pools,TEDDY - USDC,0.3,False,0.00198,0.37572,,0.48,1783132359
All Pools,USDT.e - WARP,0.3,False,0.00197,0.84367,,0.21,1783132359
All Pools,FollowTheWhiteRabbit - BLACK,0.3,False,0.00194,0.14965,,1.18,1783132359
All Pools,YUSD - USDC,0.3,False,0.00193,22.93,,0.01,1783132359
All Pools,BTC.b - yyAVAX,0.3,False,0.00188,4.27,,0.04,1783132359
All Pools,ACTA - AVAX,0.3,False,0.00188,0.19254,,0.89,1783132359
All Pools,Gravity - ThreeThreeSeven,0.3,False,0.00187,1.61,,0.11,1783132359
All Pools,BTC.b - WETH.e,0.3,False,0.00186,0.41912,,0.41,1783132359
All Pools,ACTA - USDt,0.3,False,0.00186,465.09,,,1783132359
All Pools,CREAM - AVAX,0.3,False,0.00186,167.22,,0.0,1783132359
All Pools,GMX - JOE,0.3,False,0.00186,0.31259,,0.54,1783132359
All Pools,MIM - CLAVIS,0.3,False,0.00184,17.0,,0.01,1783132359
All Pools,CREAM - STRAW,0.3,False,0.00184,0.18246,,0.92,1783132359
All Pools,AVME - AVAX,0.3,False,0.00182,0.00172,,97.01,1783132359
All Pools,BLACK - ThreeThreeSeven,0.3,False,0.0018,0.24138,,0.68,1783132359
All Pools,CLAVIS - AVAX,0.3,False,0.0018,0.04328,,3.79,1783132359
All Pools,MIM - LVT,0.3,False,0.00178,0.0329,,4.93,1783132359
All Pools,xAVAX - AVAX,0.3,False,0.00177,0.56514,,0.29,1783132359
All Pools,JADE - USDC,0.3,False,0.00177,318.69,,,1783132359
All Pools,AVAX - FTEST,0.3,False,0.00171,0.33487,,0.47,1783132359
All Pools,JPYC - AVAX,0.3,False,0.0017,0.24391,,0.64,1783132359
All Pools,MIM - SN,0.3,False,0.0017,14.22,,0.01,1783132359
All Pools,USDT.e - FTEST,0.3,False,0.0017,1.272,,0.12,1783132359
All Pools,WETH.e - SPELL,0.3,False,0.00169,0.2172,,0.71,1783132359
All Pools,AVAX - LVT,0.3,False,0.00167,43203.0,,,1783132359
All Pools,SN - AVAX,0.3,False,0.00166,0.03991,,3.79,1783132359
All Pools,LIBRE - AVAX,0.3,False,0.00165,1.369,,0.11,1783132359
All Pools,JOE - LIBRE,0.3,False,0.00164,0.31928,,0.47,1783132359
All Pools,MIM - DON,0.3,False,0.00161,0.03895,,3.77,1783132359
All Pools,HUSKY - TRESR,0.3,False,0.00156,0.02598,,5.48,1783132359
All Pools,GENI - USDC.e,0.3,False,0.00154,0.09833,,1.43,1783132359
All Pools,MIM - MNT,0.3,False,0.00149,0.09749,,1.39,1783132359
All Pools,AVAX - BFG,0.3,False,0.00148,1.589,,0.08,1783132359
All Pools,USDC - BFG,0.3,False,0.00147,0.18802,,0.71,1783132359
All Pools,MNT - AVAX,0.3,False,0.00145,0.04146,,3.19,1783132359
All Pools,JEWEL - AVAX,0.3,False,0.00143,0.16674,,0.78,1783132359
All Pools,BLUB - MU,0.3,False,0.00138,0.14658,,0.86,1783132359
All Pools,xAVAX - USDC,0.3,False,0.00137,0.21906,,0.57,1783132359
All Pools,DUO - USDT.e,0.3,False,0.00132,1.667,,0.07,1783132359
All Pools,GRAPE - USDC.e,0.3,False,0.00132,0.03691,,3.25,1783132359
All Pools,FITFI - USDC.e,0.3,False,0.0013,0.11493,,1.03,1783132359
All Pools,ABC - MU,0.3,False,0.0013,0.05564,,2.14,1783132359
All Pools,BLACK - JesusChrist,0.3,False,0.00126,0.32881,,0.35,1783132359
All Pools,WETH.e - MUMO,0.3,False,0.00124,0.18634,,0.61,1783132359
All Pools,MIM - FAP,0.3,False,0.00121,0.04904,,2.26,1783132359
All Pools,DEG - AVAX,0.3,False,0.00119,207.05,,,1783132359
All Pools,QI - USDC,0.3,False,0.00117,0.07373,,1.45,1783132359
All Pools,BFLY - AVAX,0.3,False,0.00117,0.34686,,0.31,1783132359
All Pools,BFLY - USDC,0.3,False,0.00116,0.20868,,0.51,1783132359
All Pools,SOFT - AVAX,0.3,False,0.00116,0.39655,,0.27,1783132359
All Pools,LUEEGI - AVAX,0.3,False,0.00115,1062.06,,,1783132359
All Pools,MIM - KANDY,0.3,False,0.00114,0.05839,,1.78,1783132359
All Pools,SOFT - USDT.e,0.3,False,0.00113,0.73637,,0.14,1783132359
All Pools,LUEEGI - USDt,0.3,False,0.00113,0.07152,,1.44,1783132359
All Pools,FAP - DAI.e,0.3,False,0.00111,0.64555,,0.16,1783132359
All Pools,KANDY - AVAX,0.3,False,0.00111,0.0373,,2.71,1783132359
All Pools,LOK - AVAX,0.3,False,0.0011,193.61,,,1783132359
All Pools,LOK - MU,0.3,False,0.00108,0.07082,,1.39,1783132359
All Pools,AVAX - HOST,0.3,False,0.00105,0.12397,,0.78,1783132359
All Pools,XPOW - USDC,0.3,False,0.00103,0.08147,,1.16,1783132359
All Pools,TSD - USDC.e,0.3,False,0.00103,0.06288,,1.49,1783132359
All Pools,BMOON - AVAX,0.3,False,,0.13971,,0.65,1783132359
All Pools,AVAX - APOW,0.3,False,,4.365,,0.02,1783132359
All Pools,EURC - IMPACT,0.3,False,,0.13952,,0.64,1783132359
All Pools,USDC - APOW,0.3,False,,0.08404,,1.05,1783132359
All Pools,MIM - KING,0.3,False,,75667221.0,,,1783132359
All Pools,MIM - ACME,0.3,False,,0.02332,,3.75,1783132359
All Pools,Gravity - Mercury,0.3,False,,1.61,,0.05,1783132359
All Pools,AVAX - ASND,0.3,False,,0.26223,,0.33,1783132359
All Pools,LIRA - USDt,0.3,False,,0.07145,,1.19,1783132359
All Pools,ASND - USDT.e,0.3,False,,0.70472,,0.12,1783132359
All Pools,BLACK - Mercury,0.3,False,,0.24049,,0.35,1783132359
All Pools,AVAX - deUSD,0.3,False,,0.07129,,1.15,1783132359
All Pools,AVAX - SPT,0.3,False,,0.10619,,0.77,1783132359
All Pools,144Thousand - Gravity,0.3,False,,1.608,,0.05,1783132359
All Pools,ETHM - JOE,0.3,False,,0.01,,7.69,1783132359
All Pools,144Thousand - BLACK,0.3,False,,0.24046,,0.32,1783132359
All Pools,MUME - MIM,0.3,False,,0.0131,,5.79,1783132359
All Pools,BUSD - USDT.e,0.3,False,,0.07818,,0.97,1783132359
All Pools,APOW - AVAX,0.3,False,,0.12675,,0.6,1783132359
All Pools,APOW - USDt,0.3,False,,0.18734,,0.4,1783132359
All Pools,AVAX - SYMBIOT,0.3,False,,0.27412,,0.26,1783132359
All Pools,BNB - MU,0.3,False,,0.07165,,0.99,1783132359
All Pools,HUSKY - HIGHER,0.3,False,,0.01024,,6.6,1783132359
All Pools,DON - AVAX,0.3,False,,3661.77,,,1783132359
All Pools,DAI.e - SYMBIOT,0.3,False,,1.355,,0.05,1783132359
All Pools,AVAX - HON,0.3,False,,52993.0,,,1783132359
All Pools,MIM - STOMB,0.3,False,,0.04984,,1.24,1783132359
All Pools,USDt - HON,0.3,False,,0.03067,,1.99,1783132359
All Pools,STOMB - AVAX,0.3,False,,0.06242,,0.97,1783132359
All Pools,SOB - LUNA,0.3,False,,0.87322,,0.07,1783132359
All Pools,MUMO - MU,0.3,False,,0.56692,,0.1,1783132359
All Pools,BTC.b - USDC,0.3,False,,4.17,,0.01,1783132359
All Pools,BTCFi - AVAX,0.3,False,,0.10942,,0.51,1783132359
All Pools,BTCFi - USDC,0.3,False,,0.04061,,1.34,1783132359
All Pools,USDC.e - WSHARE,0.3,False,,2324.02,,,1783132359
All Pools,MIM - SNOW,0.3,False,,0.02196,,2.43,1783132359
All Pools,SNOW - AVAX,0.3,False,,4.628,,0.01,1783132359
All Pools,FMN - AVAX,0.3,False,,0.03124,,1.55,1783132359
All Pools,USDT.e - AKITAX,0.3,False,,0.00247,,18.78,1783132359
All Pools,MAI - MAI,0.3,False,,0.20132,,0.23,1783132359
All Pools,SUBZERO - TOMB,0.3,False,,0.02986,,1.51,1783132359
All Pools,MIM - CROWN,0.3,False,,105.04,,,1783132359
All Pools,AVAX - MAI,0.3,False,,0.01868,,2.4,1783132359
All Pools,BTCBR - DAI.e,0.3,False,,0.06836,,0.65,1783132359
All Pools,AVAX - CROWN,0.3,False,,0.01048,,4.1,1783132359
All Pools,AVAX - COMP.e,0.3,False,,0.06081,,0.7,1783132359
All Pools,MIM - MAG,0.3,False,,86.51,,,1783132359
All Pools,ETHW - AVAX,0.3,False,,0.01709,,2.35,1783132359
All Pools,ETHW - USDC,0.3,False,,1.195,,0.03,1783132359
All Pools,MAG - AVAX,0.3,False,,0.00909,,4.25,1783132359
All Pools,MUME - USDC.e,0.3,False,,0.51228,,0.08,1783132359
All Pools,MIM - EAGLE,0.3,False,,0.0447,,0.86,1783132359
All Pools,ACME - AVAX,0.3,False,,0.02326,,1.63,1783132359
All Pools,EAGLE - USDC,0.3,False,,0.01641,,2.23,1783132359
All Pools,SHERPA - USDT.e,0.3,False,,0.06058,,0.59,1783132359
All Pools,YEEHAW - xAVAX,0.3,False,,0.20342,,0.17,1783132359
All Pools,USDT.e - NEKO,0.3,False,,0.0472,,0.72,1783132359
All Pools,AI - MU,0.3,False,,0.01262,,2.67,1783132359
All Pools,MUME - USDC,0.3,False,,0.07852,,0.43,1783132359
All Pools,MIM - AVE,0.3,False,,0.00936,,3.59,1783132359
All Pools,MIM - TESSTT,0.3,False,,0.00867,,3.71,1783132359
All Pools,TESSTT - AVAX,0.3,False,,0.05865,,0.55,1783132359
All Pools,MIM - VLGR,0.3,False,,0.01811,,1.76,1783132359
All Pools,MIM - NEBU,0.3,False,,0.00838,,3.72,1783132359
All Pools,MIM - MNT,0.3,False,,4.405,,0.01,1783132359
All Pools,AVAX - VLGR,0.3,False,,0.01297,,2.35,1783132359
All Pools,AVAX - NEBU,0.3,False,,1.163,,0.03,1783132359
All Pools,MNT - AVAX,0.3,False,,0.00947,,3.1,1783132359
All Pools,Now - AVAX,0.3,False,,0.01903,,1.54,1783132359
All Pools,LUNA - MIM,0.3,False,,0.00611,,4.78,1783132359
All Pools,GMX - MU,0.3,False,,0.00802,,3.57,1783132359
All Pools,Now - BLACK,0.3,False,,0.10507,,0.27,1783132359
All Pools,CREAMA - AVAX,0.3,False,,0.04139,,0.65,1783132359
All Pools,CREAMA - USDt,0.3,False,,0.02394,,1.1,1783132359
All Pools,WETH.e - LINK.e,0.3,False,,0.11791,,0.22,1783132359
All Pools,USDT.e - GG,0.3,False,,0.01247,,2.05,1783132359
All Pools,Electron - AVAX,0.3,False,,2.151,,0.01,1783132359
All Pools,AVAX - Lukhanyo,0.3,False,,8.345,,0.0,1783132359
All Pools,Electron - USDC,0.3,False,,0.01885,,1.25,1783132359
All Pools,Gravity - Lukhanyo,0.3,False,,1.618,,0.01,1783132359
All Pools,AVAX - FLUX,0.3,False,,0.12433,,0.18,1783132359
All Pools,USDC - FLUX,0.3,False,,0.03768,,0.57,1783132359
All Pools,MIM - MUMO,0.3,False,,0.0051,,4.11,1783132359
All Pools,OH - USDT.e,0.3,False,,0.03087,,0.66,1783132359
All Pools,MUMO - USDT.e,0.3,False,,0.10564,,0.19,1783132359
All Pools,HUNT - AVAX,0.3,False,,0.01608,,1.08,1783132359
All Pools,USDC.e - HUNT,0.3,False,,0.04563,,0.37,1783132359
All Pools,MIM - MILK,0.3,False,,10.67,,0.0,1783132359
All Pools,CAPY - AVAX,0.3,False,,0.01534,,1.02,1783132359
All Pools,MILK - AVAX,0.3,False,,0.00249,,6.17,1783132359
All Pools,MIM - JOE,0.3,False,,0.00222,,6.56,1783132359
All Pools,MIM - ARMOR,0.3,False,,0.00411,,3.36,1783132359
All Pools,ARMOR - AVAX,0.3,False,,0.00303,,4.18,1783132359
All Pools,SRA - AVAX,0.3,False,,0.00234,,4.49,1783132359
All Pools,bJOE - JOE,0.3,False,,0.06002,,0.08,1783132359
All Pools,PRINCESS - AVAX,0.3,False,,0.10934,,0.01,1783132359
All Pools,THOR - AVAX,0.3,False,,24622.0,,,1783132359
All Pools,FATE - USDC,0.3,False,,472765.0,,,1783132359
All Pools,JumpNorthDonald - SaintGermain,0.3,False,0.0,0.0,0.0,0.0,1783132359
All Pools,SaintGermain - JesusChrist,0.3,False,0.0,0.0,0.0,0.0,1783132359
All Pools,DoloresCannon - SaintGermain,0.3,False,0.0,0.0,0.0,0.0,1783132359
All Pools,[i]Lluminati - Chrism,0.3,False,0.0,0.0,0.0,0.0,1783132359
All Pools,ThreeThreeNine - SaintGermain,0.3,False,0.0,0.0,0.0,0.0,1783132359
All Pools,MOOM - JUCI,0.3,False,0.0,0.0,0.0,0.0,1783132359
All Pools,SeventeenSeventyFive - SaintGermain,0.3,False,0.0,0.0,0.0,0.0,1783132359
All Pools,AUSD - USDC,0.01,False,1611623.0,1440392.0,161.01,4.08,1783135966
All Pools,AUSD - USDt,0.01,False,1204024.0,1151974.0,119.35,3.78,1783135966
All Pools,AVAX - USDC,0.05,False,745121.0,388195.0,383.76,36.08,1783135966
All Pools,BENJI - AVAX,0.3,False,266320.0,49.24,665.8,493506.91,1783135966
All Pools,USDt - USDC,0.005,False,264268.0,365421.0,19.02,1.9,1783135966
All Pools,sAVAX - AVAX,0.01,False,187067.0,63629.0,18.8,10.79,1783135966
All Pools,USDt - USDC,0.01,False,107245.0,162410.0,8.787,1.97,1783135966
All Pools,BTC.b - USDC,0.05,False,48455.0,569131.0,25.34,1.63,1783135966
All Pools,AVAX - USDC,0.3,False,21690.0,355340.0,54.23,5.57,1783135966
All Pools,AAVE.e - AVAX,0.3,False,16419.0,257720.0,41.05,5.81,1783135966
All Pools,WBTC - BTC.b,0.03,False,15894.0,65871.0,4.795,2.66,1783135966
All Pools,USDT.e - USDC,0.02,False,15875.0,49929.0,3.736,2.73,1783135966
All Pools,JOE - USDC.e,0.3,False,15787.0,272433.0,39.47,5.29,1783135966
All Pools,ARENA - AVAX,0.01,False,15216.0,104690.0,1.521,0.53,1783135966
All Pools,QI - AVAX,0.3,False,14941.0,169677.0,37.35,8.04,1783135966
All Pools,MIM - AVAX,0.3,False,14523.0,188443.0,36.31,7.03,1783135966
All Pools,JOE - AVAX,0.3,False,13167.0,228702.0,32.92,5.25,1783135966
All Pools,WBTC.e - BTC.b,0.03,False,12752.0,223193.0,3.874,0.63,1783135966
All Pools,AVAX - USDT.e,0.3,False,11239.0,483212.0,28.1,2.12,1783135966
All Pools,USDT.e - USDt,0.02,False,10608.0,44298.0,2.122,1.75,1783135966
All Pools,USDC.e - AVAX,0.3,False,10600.0,376431.0,26.5,2.57,1783135966
All Pools,XAVA - AVAX,0.8,False,10041.0,139090.0,80.56,21.14,1783135966
All Pools,COQ - AVAX,0.3,False,9258.22,423901.0,23.15,1.99,1783135966
All Pools,FOLKS - AVAX,0.25,False,8440.83,36510.0,21.38,21.38,1783135966
All Pools,LCPEDU - USDt,0.8,False,7832.99,7673404.0,,,1783135966
All Pools,USDC.e - USDC,0.02,False,7180.93,9706.62,0.71983,2.71,1783135966
All Pools,USDC - XAVA,0.3,False,7156.32,500225.0,17.89,1.31,1783135966
All Pools,AVAX - USDt,0.2,False,6557.97,103780.0,13.18,4.64,1783135966
All Pools,GUN - AVAX,0.25,False,6324.11,26572.0,17.05,23.42,1783135966
All Pools,NXUSD - WXT,0.3,False,5541.87,539048.0,13.85,0.94,1783135966
All Pools,WETH.e - AVAX,0.3,False,5285.49,374933.0,13.21,1.29,1783135966
All Pools,SIERRA - USDC,0.1,False,4965.0,165221.0,5.331,1.18,1783135966
All Pools,AVAX - BTC.b,0.05,False,4725.52,27715.0,2.878,3.79,1783135966
All Pools,JPYC - USDC,0.04,False,4711.74,3364.77,4.42,47.95,1783135966
All Pools,XAUt0 - USDt,0.04,False,3823.88,25501.0,2.003,2.87,1783135966
All Pools,DAI.e - USDt,0.25,False,3645.86,27301.0,8.515,11.38,1783135966
All Pools,DAI.e - USDC,0.02,False,3260.17,28278.0,0.64381,0.83,1783135966
All Pools,PRIME - AVAX,0.4,False,3166.79,168157.0,25.21,5.47,1783135966
All Pools,USDt - AVAX,0.3,False,3059.64,39556.0,7.649,7.06,1783135966
All Pools,JOE - USDT.e,0.3,False,2553.04,54660.0,6.383,4.26,1783135966
All Pools,QI - AVAX,0.25,False,2074.94,8497.13,5.258,22.59,1783135966
All Pools,HUNDRED - USDC,0.3,False,1643.59,501474.0,4.109,0.3,1783135966
All Pools,ORNG - AVAX,0.3,False,1609.1,17498.0,4.023,8.39,1783135966
All Pools,JOE - USDC,0.3,False,1399.51,24779.0,3.499,5.15,1783135966
All Pools,XSEED - AVAX,0.3,False,1353.54,12707.0,3.384,9.72,1783135966
All Pools,ONDOAI - AVAX,0.3,False,1337.36,0.27587,3.343,442358.19,1783135966
All Pools,GUN - AVAX,0.1,False,1285.94,18768.0,1.98,3.85,1783135966
All Pools,WBTC.e - AVAX,0.3,False,1223.95,133632.0,3.06,0.84,1783135966
All Pools,EURC - USDC,0.03,False,1199.41,11148.0,0.54537,1.79,1783135966
All Pools,BTC.b - AVAX,0.3,False,1084.21,109714.0,2.711,0.9,1783135966
All Pools,USDC.e - O3,0.3,False,974.9,297146797.0,2.437,,1783135966
All Pools,LINK.e - AVAX,0.3,False,944.35,39446.0,2.361,2.18,1783135966
All Pools,SYN - AVAX,0.3,False,852.97,7175.08,2.132,10.85,1783135966
All Pools,BEAM - USDC,0.3,False,851.31,63063.0,2.128,1.23,1783135966
All Pools,USDC.e - USDT.e,0.3,False,760.37,40116.0,1.901,1.73,1783135966
All Pools,AVAX - DAI.e,0.3,False,726.49,29458.0,1.816,2.25,1783135966
All Pools,NOCHILL - AVAX,0.3,False,640.41,59103.0,1.601,0.99,1783135966
All Pools,MUON - AVAX,0.3,False,594.34,38663.0,1.486,1.4,1783135966
All Pools,HERESY - AVAX,0.3,False,510.7,14054.0,1.277,3.32,1783135966
All Pools,USDT.e - USDC,0.02,False,463.64,894.6,0.04939,2.02,1783135966
All Pools,AVAX - JUICY,0.3,False,401.72,3520.62,1.004,10.41,1783135966
All Pools,CDK - AVAX,0.25,False,400.74,3625.42,1.003,10.1,1783135966
All Pools,BENJI - AVAX,0.1,False,371.12,694.91,0.37132,19.5,1783135966
All Pools,NZRt - AVAX,0.3,False,368.64,4378.86,0.92159,7.68,1783135966
All Pools,XETA - USDC,0.3,False,365.89,4898.86,0.91471,6.82,1783135966
All Pools,WLLYX - AVAX,0.1,False,349.76,699.99,0.34995,18.25,1783135966
All Pools,SOLMHYPER - AVAX,0.1,False,349.53,699.54,0.34972,18.25,1783135966
All Pools,FIGX - AVAX,0.1,False,349.53,699.54,0.34972,18.25,1783135966
All Pools,BKNGX - AVAX,0.1,False,349.53,699.54,0.34972,18.25,1783135966
All Pools,GU - AVAX,0.1,False,349.53,699.54,0.34972,18.25,1783135966
All Pools,HLDR - AVAX,0.1,False,349.53,699.54,0.34972,18.25,1783135966
All Pools,CURR - AVAX,0.1,False,349.4,699.27,0.34959,18.25,1783135966
All Pools,YAK - AVAX,0.3,False,349.36,3341.8,0.8734,9.54,1783135966
All Pools,VCOIN - AVAX,0.1,False,348.61,697.69,0.3488,18.25,1783135966
All Pools,GTF - AVAX,0.1,False,348.61,697.69,0.3488,18.25,1783135966
All Pools,SOXL.D - AVAX,0.1,False,348.61,697.69,0.3488,18.25,1783135966
All Pools,DK - AVAX,0.1,False,348.25,696.97,0.34844,18.25,1783135966
All Pools,IMBU - AVAX,0.1,False,348.25,696.97,0.34844,18.25,1783135966
All Pools,BVR - AVAX,0.1,False,348.04,696.56,0.34823,18.25,1783135966
All Pools,AIR - AVAX,0.1,False,348.04,696.56,0.34823,18.25,1783135966
All Pools,CYARB - AVAX,0.1,False,348.04,696.56,0.34823,18.25,1783135966
All Pools,ARX - AVAX,0.1,False,347.92,696.31,0.34811,18.25,1783135966
All Pools,INKEDUSDT - AVAX,0.1,False,347.92,696.31,0.34811,18.25,1783135966
All Pools,MNSTX - AVAX,0.1,False,347.92,696.31,0.34811,18.25,1783135966
All Pools,HYPE - AVAX,0.1,False,347.92,696.31,0.34811,18.25,1783135966
All Pools,OPTIMUSELO - AVAX,0.1,False,347.92,696.31,0.34811,18.25,1783135966
All Pools,SLN - AVAX,0.1,False,347.92,696.31,0.34811,18.25,1783135966
All Pools,GEM - AVAX,0.1,False,347.89,696.25,0.34808,18.25,1783135966
All Pools,SLVX - AVAX,0.1,False,347.89,696.25,0.34808,18.25,1783135966
All Pools,WHDX - AVAX,0.1,False,347.89,696.25,0.34808,18.25,1783135966
All Pools,TMX - AVAX,0.1,False,347.89,696.25,0.34808,18.25,1783135966
All Pools,FRXBULLAS - AVAX,0.1,False,347.89,696.25,0.34808,18.25,1783135966
All Pools,TVPLS - AVAX,0.1,False,347.89,696.25,0.34808,18.25,1783135966
All Pools,ZERO - AVAX,0.1,False,347.88,696.24,0.34808,18.25,1783135966
All Pools,HLN - AVAX,0.1,False,347.88,696.24,0.34808,18.25,1783135966
All Pools,GAMES - AVAX,0.1,False,347.88,696.24,0.34808,18.25,1783135966
All Pools,CHAOS - AVAX,0.1,False,347.6,695.67,0.34779,18.25,1783135966
All Pools,ZREAL - AVAX,0.1,False,347.6,695.67,0.34779,18.25,1783135966
All Pools,UNCOMMONGOODS - AVAX,0.1,False,347.6,695.67,0.34779,18.25,1783135966
All Pools,SN88 - AVAX,0.1,False,347.6,695.67,0.34779,18.25,1783135966
All Pools,SN100 - AVAX,0.1,False,347.6,695.67,0.34779,18.25,1783135966
All Pools,RSIC - AVAX,0.1,False,347.6,695.67,0.34779,18.25,1783135966
All Pools,PC0000049 - AVAX,0.1,False,347.55,695.58,0.34774,18.25,1783135966
All Pools,CSCO.D - AVAX,0.1,False,347.55,695.58,0.34774,18.25,1783135966
All Pools,MGLO - AVAX,0.1,False,347.55,695.58,0.34774,18.25,1783135966
All Pools,SN3 - AVAX,0.1,False,347.55,695.58,0.34774,18.25,1783135966
All Pools,EUROP - AVAX,0.1,False,347.51,695.51,0.34771,18.25,1783135966
All Pools,SN79 - AVAX,0.1,False,347.51,695.51,0.34771,18.25,1783135966
All Pools,MIM - AVAX,0.1,False,347.51,695.51,0.34771,18.25,1783135966
All Pools,CRVFRAX - AVAX,0.1,False,347.51,695.51,0.34771,18.25,1783135966
All Pools,SN84 - AVAX,0.1,False,347.44,695.37,0.34764,18.25,1783135966
All Pools,BNBHOLDER - AVAX,0.1,False,347.44,695.37,0.34764,18.25,1783135966
All Pools,PUNCH - AVAX,0.1,False,347.26,694.99,0.34745,18.25,1783135966
All Pools,LOBO - AVAX,0.1,False,347.26,694.99,0.34745,18.25,1783135966
All Pools,TAOLOR - AVAX,0.1,False,347.08,694.64,0.34727,18.25,1783135966
All Pools,EUROT - AVAX,0.1,False,347.08,694.64,0.34727,18.25,1783135966
All Pools,AI4 - AVAX,0.1,False,347.08,694.64,0.34727,18.25,1783135966
All Pools,ERA - AVAX,0.1,False,347.08,694.64,0.34727,18.25,1783135966
All Pools,CHILLGUY - AVAX,0.1,False,347.08,694.64,0.34727,18.25,1783135966
All Pools,BRETTA - AVAX,0.1,False,347.08,694.64,0.34727,18.25,1783135966
All Pools,NOTHING - AVAX,0.1,False,346.99,3.228,0.34718,3925.27,1783135966
All Pools,SCI6900 - AVAX,0.1,False,346.95,694.38,0.34714,18.25,1783135966
All Pools,STSHIP - AVAX,0.1,False,346.95,694.38,0.34714,18.25,1783135966
All Pools,$ROO - AVAX,0.1,False,346.95,694.38,0.34714,18.25,1783135966
All Pools,LORE - AVAX,0.1,False,346.95,694.38,0.34714,18.25,1783135966
All Pools,EOLAS - AVAX,0.1,False,346.95,3.194,0.34714,3967.23,1783135966
All Pools,CHIPS - AVAX,0.1,False,346.95,694.38,0.34714,18.25,1783135966
All Pools,LIQ - AVAX,0.1,False,346.95,694.38,0.34714,18.25,1783135966
All Pools,SATOSHI - AVAX,0.1,False,346.95,694.38,0.34714,18.25,1783135966
All Pools,W - AVAX,0.1,False,346.95,694.38,0.34714,18.25,1783135966
All Pools,PIKA - AVAX,0.1,False,346.95,694.38,0.34714,18.25,1783135966
All Pools,KARMA - AVAX,0.1,False,346.95,694.38,0.34714,18.25,1783135966
All Pools,TULSA - AVAX,0.1,False,346.94,694.36,0.34713,18.25,1783135966
All Pools,TDOGE - AVAX,0.1,False,346.94,694.36,0.34713,18.25,1783135966
All Pools,GALO - AVAX,0.1,False,346.94,694.36,0.34713,18.25,1783135966
All Pools,YEETI - AVAX,0.1,False,346.94,694.36,0.34713,18.25,1783135966
All Pools,BHIGH - AVAX,0.1,False,346.94,694.36,0.34713,18.25,1783135966
All Pools,SSHIB - AVAX,0.1,False,346.94,694.36,0.34713,18.25,1783135966
All Pools,ZRW - AVAX,0.1,False,346.7,693.87,0.34689,18.25,1783135966
All Pools,KYO - AVAX,0.1,False,346.49,693.46,0.34668,18.25,1783135966
All Pools,TBOS - AVAX,0.1,False,346.49,693.46,0.34668,18.25,1783135966
All Pools,USDOT - AVAX,0.1,False,346.49,693.46,0.34668,18.25,1783135966
All Pools,CHMPZ - AVAX,0.1,False,346.49,693.46,0.34668,18.25,1783135966
All Pools,DSWAP - AVAX,0.1,False,346.49,693.46,0.34668,18.25,1783135966
All Pools,T1COW - AVAX,0.1,False,346.4,693.27,0.34659,18.25,1783135966
All Pools,CATCH - AVAX,0.1,False,346.4,693.27,0.34659,18.25,1783135966
All Pools,CHUOI - AVAX,0.1,False,346.4,693.27,0.34659,18.25,1783135966
All Pools,ONSS - AVAX,0.1,False,346.4,693.27,0.34659,18.25,1783135966
All Pools,PLUG - AVAX,0.1,False,346.4,693.27,0.34659,18.25,1783135966
All Pools,RUNIX - AVAX,0.1,False,346.4,693.27,0.34659,18.25,1783135966
All Pools,ONSG - AVAX,0.1,False,346.4,693.27,0.34659,18.25,1783135966
All Pools,CULTANIME - AVAX,0.1,False,346.39,693.25,0.34658,18.25,1783135966
All Pools,MESSENGER - AVAX,0.1,False,346.39,693.25,0.34658,18.25,1783135966
All Pools,MORITZ - AVAX,0.1,False,346.39,693.25,0.34658,18.25,1783135966
All Pools,TUANH - AVAX,0.1,False,346.39,693.25,0.34658,18.25,1783135966
All Pools,JIWA - AVAX,0.1,False,346.39,693.25,0.34658,18.25,1783135966
All Pools,CC - AVAX,0.1,False,346.39,693.25,0.34658,18.25,1783135966
All Pools,ENGINE - AVAX,0.1,False,346.22,692.91,0.34641,18.25,1783135966
All Pools,PENG - AVAX,0.1,False,346.22,692.91,0.34641,18.25,1783135966
All Pools,BOATKID - AVAX,0.1,False,346.22,692.91,0.34641,18.25,1783135966
All Pools,AOGE - AVAX,0.1,False,346.22,692.91,0.34641,18.25,1783135966
All Pools,GIGA - AVAX,0.1,False,346.22,692.91,0.34641,18.25,1783135966
All Pools,MBAPEPE - AVAX,0.1,False,346.22,692.91,0.34641,18.25,1783135966
All Pools,HALLOWEEN - AVAX,0.1,False,346.22,692.91,0.34641,18.25,1783135966
All Pools,ELFIE - AVAX,0.1,False,346.2,692.88,0.34639,18.25,1783135966
All Pools,BEPE - AVAX,0.1,False,346.2,2.445,0.34639,5172.11,1783135966
All Pools,DAPANG - AVAX,0.1,False,346.1,692.68,0.34629,18.25,1783135966
All Pools,INVESTOR - AVAX,0.1,False,346.1,692.68,0.34629,18.25,1783135966
All Pools,YEE - AVAX,0.1,False,346.1,692.68,0.34629,18.25,1783135966
All Pools,FIREHORSE - AVAX,0.1,False,346.1,692.68,0.34629,18.25,1783135966
All Pools,NESS - AVAX,0.1,False,345.72,696.91,0.34591,18.12,1783135966
All Pools,ETHGUSDTQ - AVAX,0.1,False,345.6,691.67,0.34579,18.25,1783135966
All Pools,BTCO.D - AVAX,0.1,False,345.6,691.67,0.34579,18.25,1783135966
All Pools,XSTXAG - AVAX,0.1,False,345.6,691.67,0.34579,18.25,1783135966
All Pools,USHI - AVAX,0.1,False,345.58,691.64,0.34577,18.25,1783135966
All Pools,SHOW - AVAX,0.1,False,345.58,691.64,0.34577,18.25,1783135966
All Pools,GURS - AVAX,0.1,False,345.41,691.29,0.3456,18.25,1783135966
All Pools,AAMMUNIDAIUSDC - AVAX,0.1,False,345.41,691.29,0.3456,18.25,1783135966
All Pools,AAMMUNIYFIWETH - AVAX,0.1,False,345.41,691.29,0.3456,18.25,1783135966
All Pools,DBT - AVAX,0.1,False,345.41,691.29,0.3456,18.25,1783135966
All Pools,OHM - AVAX,0.1,False,345.41,691.29,0.3456,18.25,1783135966
All Pools,SQUAD - AVAX,0.1,False,345.35,691.17,0.34554,18.25,1783135966
All Pools,FTT - AVAX,0.1,False,345.35,691.17,0.34554,18.25,1783135966
All Pools,MUZKI - AVAX,0.1,False,345.35,691.17,0.34554,18.25,1783135966
All Pools,LUM - AVAX,0.1,False,345.35,691.17,0.34554,18.25,1783135966
All Pools,$MAFIA - AVAX,0.1,False,345.35,691.17,0.34554,18.25,1783135966
All Pools,THIRSTCOIN - AVAX,0.1,False,345.35,691.17,0.34554,18.25,1783135966
All Pools,CREW - AVAX,0.1,False,345.24,690.96,0.34543,18.25,1783135966
All Pools,ETHS - AVAX,0.1,False,345.24,690.96,0.34543,18.25,1783135966
All Pools,META.D - AVAX,0.1,False,345.17,690.82,0.34536,18.25,1783135966
All Pools,GUSD - AVAX,0.1,False,345.17,690.82,0.34536,18.25,1783135966
All Pools,PHNM - AVAX,0.1,False,345.17,690.82,0.34536,18.25,1783135966
All Pools,BITO - AVAX,0.1,False,345.17,690.82,0.34536,18.25,1783135966
All Pools,SUSDT - AVAX,0.1,False,345.17,690.82,0.34536,18.25,1783135966
All Pools,MK - AVAX,0.1,False,345.17,690.82,0.34536,18.25,1783135966
All Pools,CHESS - AVAX,0.1,False,345.17,690.82,0.34536,18.25,1783135966
All Pools,DMIND - AVAX,0.1,False,345.17,1.411,0.34536,8932.25,1783135966
All Pools,EMRL.D - AVAX,0.1,False,345.17,1.411,0.34536,8932.25,1783135966
All Pools,KONG - AVAX,0.1,False,345.17,690.82,0.34536,18.25,1783135966
All Pools,$NATION - AVAX,0.1,False,345.05,690.57,0.34524,18.25,1783135966
All Pools,AVR - AVAX,0.1,False,345.05,1.289,0.34524,9772.6,1783135966
All Pools,GEAR - AVAX,0.1,False,345.01,690.5,0.3452,18.25,1783135966
All Pools,XRPAYNET - AVAX,0.1,False,345.01,690.5,0.3452,18.25,1783135966
All Pools,PERL - AVAX,0.1,False,345.01,690.5,0.3452,18.25,1783135966
All Pools,ADDY - AVAX,0.1,False,345.01,690.5,0.3452,18.25,1783135966
All Pools,XOR - AVAX,0.1,False,345.01,690.5,0.3452,18.25,1783135966
All Pools,CFG - AVAX,0.1,False,344.97,690.42,0.34516,18.25,1783135966
All Pools,PLSB - AVAX,0.1,False,344.97,690.42,0.34516,18.25,1783135966
All Pools,PHUX - AVAX,0.1,False,344.97,690.42,0.34516,18.25,1783135966
All Pools,GODL - AVAX,0.1,False,344.97,690.42,0.34516,18.25,1783135966
All Pools,BONE - AVAX,0.1,False,344.97,690.42,0.34516,18.25,1783135966
All Pools,ARGO - AVAX,0.1,False,344.97,690.42,0.34516,18.25,1783135966
All Pools,VIBE - AVAX,0.1,False,344.97,1.211,0.34516,10399.02,1783135966
All Pools,SOLARIS - AVAX,0.1,False,344.85,690.18,0.34504,18.25,1783135966
All Pools,MOONCAT - AVAX,0.1,False,344.85,690.18,0.34504,18.25,1783135966
All Pools,DUSD - AVAX,0.1,False,344.85,690.18,0.34504,18.25,1783135966
All Pools,XCHNG - AVAX,0.1,False,344.85,690.18,0.34504,18.25,1783135966
All Pools,BLEPE - AVAX,0.1,False,344.85,690.18,0.34504,18.25,1783135966
All Pools,GOLDY - AVAX,0.1,False,344.85,690.18,0.34504,18.25,1783135966
All Pools,WVTRS - AVAX,0.1,False,344.85,690.18,0.34504,18.25,1783135966
All Pools,POX - AVAX,0.1,False,344.78,690.04,0.34497,18.25,1783135966
All Pools,USD+ - AVAX,0.1,False,344.78,690.04,0.34497,18.25,1783135966
All Pools,NVC - AVAX,0.1,False,344.78,690.03,0.34497,18.25,1783135966
All Pools,PRTG - AVAX,0.1,False,344.78,690.03,0.34497,18.25,1783135966
All Pools,SOLANA - AVAX,0.1,False,344.78,690.03,0.34497,18.25,1783135966
All Pools,TTG - AVAX,0.1,False,344.78,690.03,0.34497,18.25,1783135966
All Pools,COLA - AVAX,0.1,False,344.78,690.03,0.34497,18.25,1783135966
All Pools,FPI - AVAX,0.1,False,344.77,690.01,0.34496,18.25,1783135966
All Pools,DRIP - AVAX,0.1,False,344.77,690.01,0.34496,18.25,1783135966
All Pools,ATT - AVAX,0.1,False,344.77,690.01,0.34496,18.25,1783135966
All Pools,SHARE - AVAX,0.1,False,344.77,690.01,0.34496,18.25,1783135966
All Pools,ASTRA - AVAX,0.1,False,344.77,690.01,0.34496,18.25,1783135966
All Pools,LP - YCRV - AVAX,0.1,False,344.75,689.97,0.34494,18.25,1783135966
All Pools,DEGEN - AVAX,0.1,False,344.75,689.97,0.34494,18.25,1783135966
All Pools,SHDW - AVAX,0.1,False,344.75,689.97,0.34494,18.25,1783135966
All Pools,NOP - AVAX,0.1,False,344.75,689.97,0.34494,18.25,1783135966
All Pools,SUMMER - AVAX,0.1,False,344.75,689.97,0.34494,18.25,1783135966
All Pools,$BOO - AVAX,0.1,False,344.75,0.99124,0.34494,12701.55,1783135966
All Pools,KEYS - AVAX,0.1,False,344.75,689.97,0.34494,18.25,1783135966
All Pools,BEEP - AVAX,0.1,False,344.75,689.97,0.34494,18.25,1783135966
All Pools,VIKTO - AVAX,0.1,False,344.75,689.97,0.34494,18.25,1783135966
All Pools,XBO - AVAX,0.1,False,344.75,689.97,0.34494,18.25,1783135966
All Pools,OSQTH - AVAX,0.1,False,344.75,689.97,0.34494,18.25,1783135966
All Pools,DAI.e - USDC,0.02,False,344.72,2430.75,0.06634,1.0,1783135966
All Pools,GCX - AVAX,0.1,False,344.71,689.89,0.3449,18.25,1783135966
All Pools,CVXFXN - AVAX,0.1,False,344.71,689.89,0.3449,18.25,1783135966
All Pools,AAMMUNICRVWETH - AVAX,0.1,False,344.71,689.89,0.3449,18.25,1783135966
All Pools,RALLY - AVAX,0.1,False,344.71,689.89,0.3449,18.25,1783135966
All Pools,BDTC - AVAX,0.1,False,344.71,689.89,0.3449,18.25,1783135966
All Pools,HLX - AVAX,0.1,False,344.71,0.94672,0.3449,13297.14,1783135966
All Pools,UNCN - AVAX,0.1,False,344.71,689.89,0.3449,18.25,1783135966
All Pools,PHI - AVAX,0.1,False,344.7,689.88,0.34489,18.25,1783135966
All Pools,BUBBA - AVAX,0.1,False,344.7,689.88,0.34489,18.25,1783135966
All Pools,PRO - AVAX,0.1,False,344.7,689.88,0.34489,18.25,1783135966
All Pools,AMT - AVAX,0.1,False,344.7,689.88,0.34489,18.25,1783135966
All Pools,XRS - AVAX,0.1,False,344.7,689.88,0.34489,18.25,1783135966
All Pools,UNI - AVAX,0.1,False,344.7,689.88,0.34489,18.25,1783135966
All Pools,SPN - AVAX,0.1,False,344.68,689.84,0.34487,18.25,1783135966
All Pools,EPL - AVAX,0.1,False,344.68,689.84,0.34487,18.25,1783135966
All Pools,RFRM - AVAX,0.1,False,344.68,689.84,0.34487,18.25,1783135966
All Pools,OPEN - AVAX,0.1,False,344.68,689.84,0.34487,18.25,1783135966
All Pools,ICS - AVAX,0.1,False,344.67,0.91105,0.34486,13816.3,1783135966
All Pools,HF - AVAX,0.1,False,344.67,689.81,0.34486,18.25,1783135966
All Pools,UNIT - AVAX,0.1,False,344.67,689.81,0.34486,18.25,1783135966
All Pools,ANIMA - AVAX,0.1,False,344.67,689.81,0.34486,18.25,1783135966
All Pools,BTC20 - AVAX,0.1,False,344.67,689.81,0.34486,18.25,1783135966
All Pools,GXE - AVAX,0.1,False,344.67,689.81,0.34486,18.25,1783135966
All Pools,TFT - AVAX,0.1,False,344.67,689.81,0.34486,18.25,1783135966
All Pools,SCURVE - AVAX,0.1,False,344.67,689.81,0.34486,18.25,1783135966
All Pools,AUDT - AVAX,0.1,False,344.67,689.81,0.34486,18.25,1783135966
All Pools,VUSDC - AVAX,0.1,False,344.67,0.90665,0.34486,13883.29,1783135966
All Pools,MSVP - AVAX,0.1,False,344.67,689.81,0.34486,18.25,1783135966
All Pools,HADES - AVAX,0.1,False,344.67,0.90665,0.34486,13883.29,1783135966
All Pools,THND - AVAX,0.1,False,344.67,689.81,0.34486,18.25,1783135966
All Pools,FIRE - AVAX,0.1,False,344.57,689.62,0.34476,18.25,1783135966
All Pools,PLN - AVAX,0.1,False,344.57,689.62,0.34476,18.25,1783135966
All Pools,GAMBIT - AVAX,0.1,False,344.57,689.62,0.34476,18.25,1783135966
All Pools,HAI - AVAX,0.1,False,344.57,689.62,0.34476,18.25,1783135966
All Pools,STBL - AVAX,0.1,False,344.57,689.62,0.34476,18.25,1783135966
All Pools,KZEN - AVAX,0.1,False,344.54,689.55,0.34473,18.25,1783135966
All Pools,OPULENCE - AVAX,0.1,False,344.54,689.55,0.34473,18.25,1783135966
All Pools,SRDS - AVAX,0.1,False,344.54,689.55,0.34473,18.25,1783135966
All Pools,YVYFI - AVAX,0.1,False,344.54,689.55,0.34473,18.25,1783135966
All Pools,VBNT - AVAX,0.1,False,344.54,689.55,0.34473,18.25,1783135966
All Pools,HOOLI - AVAX,0.1,False,344.54,689.55,0.34473,18.25,1783135966
All Pools,EFX - AVAX,0.1,False,344.43,689.34,0.34462,18.25,1783135966
All Pools,ADAO - AVAX,0.1,False,344.43,689.34,0.34462,18.25,1783135966
All Pools,EXAWBTC - AVAX,0.1,False,344.43,689.34,0.34462,18.25,1783135966
All Pools,MEDIA - AVAX,0.1,False,344.43,689.34,0.34462,18.25,1783135966
All Pools,MAMBA - AVAX,0.1,False,344.43,689.32,0.34461,18.25,1783135966
All Pools,BMAX - AVAX,0.1,False,344.43,689.32,0.34461,18.25,1783135966
All Pools,ORDER - AVAX,0.1,False,344.39,689.25,0.34458,18.25,1783135966
All Pools,YVSUSHI - AVAX,0.1,False,344.32,689.12,0.34451,18.25,1783135966
All Pools,SOLPAD - AVAX,0.1,False,344.32,689.12,0.34451,18.25,1783135966
All Pools,MIRAI - AVAX,0.1,False,344.32,689.11,0.34451,18.25,1783135966
All Pools,MOB - AVAX,0.1,False,344.32,689.11,0.34451,18.25,1783135966
All Pools,GPX - AVAX,0.1,False,344.32,689.11,0.34451,18.25,1783135966
All Pools,KOGECOIN - AVAX,0.1,False,344.25,688.97,0.34444,18.25,1783135966
All Pools,UBI - AVAX,0.1,False,344.25,688.97,0.34444,18.25,1783135966
All Pools,BIBI - AVAX,0.1,False,344.22,688.9,0.3444,18.25,1783135966
All Pools,PEIPEI - AVAX,0.1,False,344.22,688.9,0.3444,18.25,1783135966
All Pools,CMKR - AVAX,0.1,False,344.19,0.43234,0.34438,29074.18,1783135966
All Pools,ICNX - AVAX,0.1,False,344.19,688.86,0.34438,18.25,1783135966
All Pools,UOS - AVAX,0.1,False,344.19,688.86,0.34438,18.25,1783135966
All Pools,TOR - AVAX,0.1,False,344.11,688.68,0.34429,18.25,1783135966
All Pools,MAI - AVAX,0.1,False,344.11,688.68,0.34429,18.25,1783135966
All Pools,MARIO - AVAX,0.1,False,344.11,688.68,0.34429,18.25,1783135966
All Pools,WAXE - AVAX,0.1,False,344.11,688.68,0.34429,18.25,1783135966
All Pools,HAVENX - AVAX,0.1,False,344.0,688.47,0.34419,18.25,1783135966
All Pools,MOLE - AVAX,0.1,False,344.0,0.23737,0.34419,52923.95,1783135966
All Pools,WMSTRX - AVAX,0.1,False,344.0,688.47,0.34419,18.25,1783135966
All Pools,COVEUSD - AVAX,0.1,False,344.0,688.47,0.34419,18.25,1783135966
All Pools,PEPD - AVAX,0.1,False,343.97,688.41,0.34416,18.25,1783135966
All Pools,ETHE.D - AVAX,0.1,False,343.97,688.41,0.34416,18.25,1783135966
All Pools,ILAND - AVAX,0.1,False,343.97,688.41,0.34416,18.25,1783135966
All Pools,IONUSDT - AVAX,0.1,False,343.94,688.34,0.34413,18.25,1783135966
All Pools,MEG - AVAX,0.1,False,343.94,688.34,0.34413,18.25,1783135966
All Pools,FH - AVAX,0.1,False,343.94,688.34,0.34413,18.25,1783135966
All Pools,VSTX - AVAX,0.1,False,343.94,688.34,0.34413,18.25,1783135966
All Pools,ICDA - AVAX,0.1,False,343.94,688.34,0.34413,18.25,1783135966
All Pools,PARTICLE - AVAX,0.1,False,343.94,0.17627,0.34413,71258.6,1783135966
All Pools,GLXYX - AVAX,0.1,False,343.94,688.34,0.34413,18.25,1783135966
All Pools,BOAI - AVAX,0.1,False,343.94,688.34,0.34413,18.25,1783135966
All Pools,BFF - AVAX,0.1,False,343.94,688.34,0.34413,18.25,1783135966
All Pools,RUMI - AVAX,0.1,False,343.94,688.34,0.34413,18.25,1783135966
All Pools,GGEM - AVAX,0.1,False,343.94,688.34,0.34413,18.25,1783135966
All Pools,REDPEPE - AVAX,0.1,False,343.94,688.34,0.34413,18.25,1783135966
All Pools,OKTO - AVAX,0.1,False,343.92,688.32,0.34411,18.25,1783135966
All Pools,LOGX - AVAX,0.1,False,343.92,688.32,0.34411,18.25,1783135966
All Pools,MLSETH - AVAX,0.1,False,343.92,688.32,0.34411,18.25,1783135966
All Pools,GNIMB - AVAX,0.1,False,343.92,688.32,0.34411,18.25,1783135966
All Pools,WCMCSAX - AVAX,0.1,False,343.92,688.32,0.34411,18.25,1783135966
All Pools,PEPEX - AVAX,0.1,False,343.92,688.32,0.34411,18.25,1783135966
All Pools,USUAL - AVAX,0.1,False,343.92,688.32,0.34411,18.25,1783135966
All Pools,RESERVE - AVAX,0.1,False,343.92,688.32,0.34411,18.25,1783135966
All Pools,CROW - AVAX,0.1,False,343.87,688.21,0.34406,18.25,1783135966
All Pools,BAT - AVAX,0.1,False,343.87,688.21,0.34406,18.25,1783135966
All Pools,PAINT - AVAX,0.1,False,343.87,688.21,0.34406,18.25,1783135966
All Pools,MONKAS - AVAX,0.1,False,343.87,688.21,0.34406,18.25,1783135966
All Pools,GIGA - AVAX,0.1,False,343.87,688.21,0.34406,18.25,1783135966
All Pools,SYMX - AVAX,0.1,False,343.87,688.21,0.34406,18.25,1783135966
All Pools,OZ - AVAX,0.1,False,343.67,687.82,0.34386,18.25,1783135966
All Pools,PSYOP - AVAX,0.1,False,343.67,687.82,0.34386,18.25,1783135966
All Pools,LIUSD - AVAX,0.1,False,343.67,687.82,0.34386,18.25,1783135966
All Pools,SIVR.D - AVAX,0.1,False,343.67,687.82,0.34386,18.25,1783135966
All Pools,WEAT.D - AVAX,0.1,False,343.67,687.82,0.34386,18.25,1783135966
All Pools,CRM - AVAX,0.1,False,343.67,687.82,0.34386,18.25,1783135966
All Pools,BUILDOUT - AVAX,0.1,False,343.67,687.82,0.34386,18.25,1783135966
All Pools,WCRWDX - AVAX,0.1,False,343.65,687.77,0.34384,18.25,1783135966
All Pools,FOX - AVAX,0.1,False,343.65,687.77,0.34384,18.25,1783135966
All Pools,SOLI - AVAX,0.1,False,343.65,687.77,0.34384,18.25,1783135966
All Pools,$GREENGOLD - AVAX,0.1,False,343.65,687.77,0.34384,18.25,1783135966
All Pools,DOMEN - AVAX,0.1,False,343.65,687.77,0.34384,18.25,1783135966
All Pools,GLTM - AVAX,0.1,False,343.65,687.77,0.34384,18.25,1783135966
All Pools,STRKX - AVAX,0.1,False,343.65,687.77,0.34384,18.25,1783135966
All Pools,YYOLO - AVAX,0.1,False,343.65,687.76,0.34383,18.25,1783135966
All Pools,LSDAI - AVAX,0.1,False,343.65,687.76,0.34383,18.25,1783135966
All Pools,BBESC - AVAX,0.1,False,343.62,-0.14391,0.3438,-87202.07,1783135966
All Pools,ARKK.D - AVAX,0.1,False,343.62,687.7,0.3438,18.25,1783135966
All Pools,SPTE.D - AVAX,0.1,False,343.62,687.7,0.3438,18.25,1783135966
All Pools,PARK - AVAX,0.1,False,343.6,687.68,0.34379,18.25,1783135966
All Pools,PRINT - AVAX,0.1,False,343.6,687.68,0.34379,18.25,1783135966
All Pools,USTB - AVAX,0.1,False,343.6,687.68,0.34379,18.25,1783135966
All Pools,BLKX - AVAX,0.1,False,343.6,687.68,0.34379,18.25,1783135966
All Pools,RE7RWA - AVAX,0.1,False,343.6,687.68,0.34379,18.25,1783135966
All Pools,TICKET - AVAX,0.1,False,343.6,687.68,0.34379,18.25,1783135966
All Pools,EGG - AVAX,0.1,False,343.6,687.68,0.34379,18.25,1783135966
All Pools,CARRYTRADEUSDTRYLEVERAGE - AVAX,0.1,False,343.58,687.64,0.34377,18.25,1783135966
All Pools,RT - BUSD0 - AVAX,0.1,False,343.58,687.64,0.34377,18.25,1783135966
All Pools,LINK.E - AVAX,0.1,False,343.58,687.64,0.34377,18.25,1783135966
All Pools,CANDY - AVAX,0.1,False,343.58,687.64,0.34377,18.25,1783135966
All Pools,SOX3S - AVAX,0.1,False,343.58,687.64,0.34377,18.25,1783135966
All Pools,KARMA - AVAX,0.1,False,343.58,687.64,0.34377,18.25,1783135966
All Pools,MPP - AVAX,0.1,False,343.57,687.61,0.34376,18.25,1783135966
All Pools,WAKU - AVAX,0.1,False,343.57,687.61,0.34376,18.25,1783135966
All Pools,SOL10 - AVAX,0.1,False,343.57,687.61,0.34376,18.25,1783135966
All Pools,POLYCUB - AVAX,0.1,False,343.57,687.61,0.34376,18.25,1783135966
All Pools,SMBA - AVAX,0.1,False,343.55,687.57,0.34374,18.25,1783135966
All Pools,V.D - AVAX,0.1,False,343.55,687.57,0.34374,18.25,1783135966
All Pools,FLOW - AVAX,0.1,False,343.55,687.57,0.34374,18.25,1783135966
All Pools,SDPENDLE - AVAX,0.1,False,343.55,687.57,0.34374,18.25,1783135966
All Pools,AMC - AVAX,0.1,False,343.55,687.57,0.34374,18.25,1783135966
All Pools,JRDOLA - AVAX,0.1,False,343.55,687.57,0.34374,18.25,1783135966
All Pools,EXOD - AVAX,0.1,False,343.55,687.57,0.34374,18.25,1783135966
All Pools,RIOT.D - AVAX,0.1,False,343.55,687.57,0.34374,18.25,1783135966
All Pools,BTCK - AVAX,0.1,False,343.55,687.56,0.34373,18.25,1783135966
All Pools,SCCN - AVAX,0.1,False,343.55,687.56,0.34373,18.25,1783135966
All Pools,INFERRA - AVAX,0.1,False,343.55,687.56,0.34373,18.25,1783135966
All Pools,MCTP - AVAX,0.1,False,343.55,687.56,0.34373,18.25,1783135966
All Pools,DONK - AVAX,0.1,False,343.55,687.56,0.34373,18.25,1783135966
All Pools,FAIR - AVAX,0.1,False,343.55,687.56,0.34373,18.25,1783135966
All Pools,GRACY - AVAX,0.1,False,343.55,687.56,0.34373,18.25,1783135966
All Pools,TBC - AVAX,0.1,False,343.55,687.56,0.34373,18.25,1783135966
All Pools,TER - AVAX,0.1,False,343.54,687.55,0.34373,18.25,1783135966
All Pools,PUNKY - AVAX,0.1,False,343.54,687.55,0.34373,18.25,1783135966
All Pools,MSP - AVAX,0.1,False,343.54,687.55,0.34373,18.25,1783135966
All Pools,FDOS - AVAX,0.1,False,343.54,-0.2199,0.34373,-57053.52,1783135966
All Pools,KRW1 - AVAX,0.1,False,343.54,687.55,0.34373,18.25,1783135966
All Pools,DECO - AVAX,0.1,False,343.54,687.55,0.34373,18.25,1783135966
All Pools,SBMT - AVAX,0.1,False,343.54,687.55,0.34373,18.25,1783135966
All Pools,JLTXX - AVAX,0.1,False,343.54,687.54,0.34372,18.25,1783135966
All Pools,TALAX - AVAX,0.1,False,343.54,687.54,0.34372,18.25,1783135966
All Pools,TSLA.D - AVAX,0.1,False,343.54,687.54,0.34372,18.25,1783135966
All Pools,CCL.D - AVAX,0.1,False,343.54,687.54,0.34372,18.25,1783135966
All Pools,VXX.D - AVAX,0.1,False,343.54,687.54,0.34372,18.25,1783135966
All Pools,EXPEX - AVAX,0.1,False,343.54,687.54,0.34372,18.25,1783135966
All Pools,BFI - AVAX,0.1,False,343.54,687.54,0.34372,18.25,1783135966
All Pools,LAAI - AVAX,0.1,False,343.52,687.51,0.34371,18.25,1783135966
All Pools,PTC - AVAX,0.1,False,343.52,687.51,0.34371,18.25,1783135966
All Pools,KSWAP - AVAX,0.1,False,343.52,687.51,0.34371,18.25,1783135966
All Pools,SPOS - AVAX,0.1,False,343.52,687.51,0.34371,18.25,1783135966
All Pools,CFI - AVAX,0.1,False,343.52,687.51,0.34371,18.25,1783135966
All Pools,SCART - AVAX,0.1,False,343.52,687.51,0.34371,18.25,1783135966
All Pools,WVTRU - AVAX,0.1,False,343.52,687.51,0.34371,18.25,1783135966
All Pools,HAWEX - AVAX,0.1,False,343.48,687.44,0.34367,18.25,1783135966
All Pools,AP - AVAX,0.1,False,343.48,687.44,0.34367,18.25,1783135966
All Pools,HUST - AVAX,0.1,False,343.46,687.39,0.34365,18.25,1783135966
All Pools,MLS - AVAX,0.1,False,343.46,687.39,0.34365,18.25,1783135966
All Pools,TIME - AVAX,0.1,False,343.46,687.39,0.34365,18.25,1783135966
All Pools,GAME - AVAX,0.1,False,343.46,-0.30271,0.34365,-41435.33,1783135966
All Pools,ARX - AVAX,0.1,False,343.46,687.39,0.34365,18.25,1783135966
All Pools,HUT.D - AVAX,0.1,False,343.46,-0.30271,0.34365,-41435.33,1783135966
All Pools,WNFLXX - AVAX,0.1,False,343.46,687.39,0.34365,18.25,1783135966
All Pools,GRAIN - AVAX,0.1,False,343.46,687.39,0.34365,18.25,1783135966
All Pools,NBS - AVAX,0.1,False,343.44,687.36,0.34363,18.25,1783135966
All Pools,A1X - AVAX,0.1,False,343.44,687.36,0.34363,18.25,1783135966
All Pools,GFTM - AVAX,0.1,False,343.44,687.36,0.34363,18.25,1783135966
All Pools,LDZ - AVAX,0.1,False,343.44,687.36,0.34363,18.25,1783135966
All Pools,KNOB - AVAX,0.1,False,343.44,687.36,0.34363,18.25,1783135966
All Pools,XTSY - AVAX,0.1,False,343.44,687.35,0.34363,18.25,1783135966
All Pools,MINTY - AVAX,0.1,False,343.44,687.35,0.34363,18.25,1783135966
All Pools,FLDX - AVAX,0.1,False,343.44,-0.324,0.34362,-38710.78,1783135966
All Pools,SPORES - AVAX,0.1,False,343.44,-0.324,0.34362,-38710.78,1783135966
All Pools,ZAP - AVAX,0.1,False,343.44,687.34,0.34362,18.25,1783135966
All Pools,HYPED - AVAX,0.1,False,343.44,687.34,0.34362,18.25,1783135966
All Pools,WHOODX - AVAX,0.1,False,343.44,687.34,0.34362,18.25,1783135966
All Pools,LOPO - AVAX,0.1,False,343.44,687.34,0.34362,18.25,1783135966
All Pools,JUICE - AVAX,0.1,False,343.44,687.34,0.34362,18.25,1783135966
All Pools,LOTUS - AVAX,0.1,False,343.43,687.34,0.34362,18.25,1783135966
All Pools,STC - AVAX,0.1,False,343.43,687.34,0.34362,18.25,1783135966
All Pools,LICORE - AVAX,0.1,False,343.41,687.29,0.3436,18.25,1783135966
All Pools,PED - AVAX,0.1,False,343.41,-0.3489,0.3436,-35945.8,1783135966
All Pools,BTCN - AVAX,0.1,False,343.41,687.29,0.3436,18.25,1783135966
All Pools,WBRK.BX - AVAX,0.1,False,343.41,687.29,0.3436,18.25,1783135966
All Pools,SPAY - AVAX,0.1,False,343.41,687.29,0.3436,18.25,1783135966
All Pools,COGNI - AVAX,0.1,False,343.41,687.29,0.3436,18.25,1783135966
All Pools,MNT - AVAX,0.1,False,343.4,687.27,0.34359,18.25,1783135966
All Pools,RUX - AVAX,0.1,False,343.4,687.27,0.34359,18.25,1783135966
All Pools,SOLAR - AVAX,0.1,False,343.4,687.27,0.34359,18.25,1783135966
All Pools,MRETH - AVAX,0.1,False,343.4,687.27,0.34359,18.25,1783135966
All Pools,KO.D - AVAX,0.1,False,343.4,687.27,0.34359,18.25,1783135966
All Pools,GIANTAI - AVAX,0.1,False,343.4,687.27,0.34359,18.25,1783135966
All Pools,CTI - AVAX,0.1,False,343.4,687.27,0.34359,18.25,1783135966
All Pools,HBOX - AVAX,0.1,False,343.39,687.26,0.34358,18.25,1783135966
All Pools,NOX - AVAX,0.1,False,343.39,687.26,0.34358,18.25,1783135966
All Pools,DIVA - AVAX,0.1,False,343.39,687.26,0.34358,18.25,1783135966
All Pools,WTMOX - AVAX,0.1,False,343.39,687.26,0.34358,18.25,1783135966
All Pools,SWIFT - AVAX,0.1,False,343.39,687.26,0.34358,18.25,1783135966
All Pools,OMN - AVAX,0.1,False,343.39,687.26,0.34358,18.25,1783135966
All Pools,SONY.D - AVAX,0.1,False,343.39,687.26,0.34358,18.25,1783135966
All Pools,BM2K - AVAX,0.1,False,343.38,687.24,0.34357,18.25,1783135966
All Pools,EBAYX - AVAX,0.1,False,343.38,687.24,0.34357,18.25,1783135966
All Pools,ARKB.D - AVAX,0.1,False,343.38,687.24,0.34357,18.25,1783135966
All Pools,MCWBTC - AVAX,0.1,False,343.38,687.24,0.34357,18.25,1783135966
All Pools,YOOL - AVAX,0.1,False,343.38,-0.37738,0.34357,-33230.19,1783135966
All Pools,$AIR - AVAX,0.1,False,343.38,687.24,0.34357,18.25,1783135966
All Pools,WLTK - AVAX,0.1,False,343.38,687.24,0.34357,18.25,1783135966
All Pools,WCSCOX - AVAX,0.1,False,343.37,687.21,0.34356,18.25,1783135966
All Pools,LAA - AVAX,0.1,False,343.37,687.21,0.34356,18.25,1783135966
All Pools,YBETH - AVAX,0.1,False,343.37,687.21,0.34356,18.25,1783135966
All Pools,WRAM - AVAX,0.1,False,343.37,687.21,0.34356,18.25,1783135966
All Pools,EVRX - AVAX,0.1,False,343.36,687.2,0.34355,18.25,1783135966
All Pools,TYZ - AVAX,0.1,False,343.36,687.2,0.34355,18.25,1783135966
All Pools,NPERENA - AVAX,0.1,False,343.36,687.2,0.34355,18.25,1783135966
All Pools,TTT - AVAX,0.1,False,343.36,687.2,0.34355,18.25,1783135966
All Pools,CICCA - AVAX,0.1,False,343.36,687.2,0.34355,18.25,1783135966
All Pools,HANDZ - AVAX,0.1,False,343.36,687.2,0.34355,18.25,1783135966
All Pools,YETH - AVAX,0.1,False,343.36,687.2,0.34355,18.25,1783135966
All Pools,WXOMX - AVAX,0.1,False,343.35,687.18,0.34354,18.25,1783135966
All Pools,LIQUIFY - AVAX,0.1,False,343.35,687.18,0.34354,18.25,1783135966
All Pools,SAX - AVAX,0.1,False,343.35,687.18,0.34354,18.25,1783135966
All Pools,WKG - AVAX,0.1,False,343.35,687.18,0.34354,18.25,1783135966
All Pools,SANCTUM - AVAX,0.1,False,343.35,687.18,0.34354,18.25,1783135966
All Pools,PT - DUALBTC - AVAX,0.1,False,343.35,687.18,0.34354,18.25,1783135966
All Pools,CRAU - AVAX,0.1,False,343.35,687.18,0.34354,18.25,1783135966
All Pools,GOC - AVAX,0.1,False,343.35,687.17,0.34354,18.25,1783135966
All Pools,T9 - 5 - AVAX,0.1,False,343.35,687.17,0.34354,18.25,1783135966
All Pools,SFX - AVAX,0.1,False,343.35,687.17,0.34354,18.25,1783135966
All Pools,PGPT - AVAX,0.1,False,343.35,687.17,0.34354,18.25,1783135966
All Pools,OASIS - AVAX,0.1,False,343.35,687.17,0.34354,18.25,1783135966
All Pools,UNMD - AVAX,0.1,False,343.31,687.09,0.3435,18.25,1783135966
All Pools,AABL - AVAX,0.1,False,343.31,687.09,0.3435,18.25,1783135966
All Pools,FRGX - AVAX,0.1,False,343.31,687.09,0.3435,18.25,1783135966
All Pools,YVLINK - AVAX,0.1,False,343.31,687.09,0.3435,18.25,1783135966
All Pools,BUSD - AVAX,0.1,False,343.31,687.09,0.3435,18.25,1783135966
All Pools,BTCPAY - AVAX,0.1,False,343.31,687.08,0.34349,18.25,1783135966
All Pools,UDAI - AVAX,0.1,False,343.31,687.08,0.34349,18.25,1783135966
All Pools,GEM - AVAX,0.1,False,343.31,687.08,0.34349,18.25,1783135966
All Pools,LAVE - AVAX,0.1,False,343.31,687.08,0.34349,18.25,1783135966
All Pools,RTO - AVAX,0.1,False,343.31,687.08,0.34349,18.25,1783135966
All Pools,MEPAD - AVAX,0.1,False,343.31,687.08,0.34349,18.25,1783135966
All Pools,UWU - AVAX,0.1,False,343.31,687.08,0.34349,18.25,1783135966
All Pools,SOFT - AVAX,0.1,False,343.3,687.07,0.34349,18.25,1783135966
All Pools,RUBX - AVAX,0.1,False,343.3,687.07,0.34349,18.25,1783135966
All Pools,JPMD - AVAX,0.1,False,343.29,687.06,0.34348,18.25,1783135966
All Pools,SPAD - AVAX,0.1,False,343.29,687.06,0.34348,18.25,1783135966
All Pools,JCT - AVAX,0.1,False,343.29,687.06,0.34348,18.25,1783135966
All Pools,WAAPLX - AVAX,0.1,False,343.29,687.06,0.34348,18.25,1783135966
All Pools,ARKX.D - AVAX,0.1,False,343.29,687.06,0.34348,18.25,1783135966
All Pools,RENA - AVAX,0.1,False,343.29,687.06,0.34348,18.25,1783135966
All Pools,BABYX - AVAX,0.1,False,343.29,687.06,0.34348,18.25,1783135966
All Pools,OPLS - AVAX,0.1,False,343.29,687.06,0.34348,18.25,1783135966
All Pools,SWEETS - AVAX,0.1,False,343.26,686.98,0.34345,18.25,1783135966
All Pools,TAHO - AVAX,0.1,False,343.26,686.98,0.34345,18.25,1783135966
All Pools,WLINX - AVAX,0.1,False,343.26,686.98,0.34345,18.25,1783135966
All Pools,FUS - AVAX,0.1,False,343.26,686.98,0.34345,18.25,1783135966
All Pools,KERC - AVAX,0.1,False,343.26,686.98,0.34345,18.25,1783135966
All Pools,HOOD.D - AVAX,0.1,False,343.26,686.98,0.34345,18.25,1783135966
All Pools,OORT - AVAX,0.1,False,343.26,686.98,0.34345,18.25,1783135966
All Pools,$BORED - AVAX,0.1,False,343.24,686.95,0.34343,18.25,1783135966
All Pools,NEOCLOUD - AVAX,0.1,False,343.24,686.95,0.34343,18.25,1783135966
All Pools,UFO.D - AVAX,0.1,False,343.24,686.95,0.34343,18.25,1783135966
All Pools,JPM.D - AVAX,0.1,False,343.24,686.95,0.34343,18.25,1783135966
All Pools,$SPIN - AVAX,0.1,False,343.24,686.95,0.34343,18.25,1783135966
All Pools,H2O - AVAX,0.1,False,343.23,686.94,0.34342,18.25,1783135966
All Pools,XED - AVAX,0.1,False,343.23,686.94,0.34342,18.25,1783135966
All Pools,JPGC - AVAX,0.1,False,343.23,686.94,0.34342,18.25,1783135966
All Pools,AKTA - AVAX,0.1,False,343.23,686.94,0.34342,18.25,1783135966
All Pools,GODE - AVAX,0.1,False,343.23,686.94,0.34342,18.25,1783135966
All Pools,TRR - AVAX,0.1,False,343.23,686.94,0.34342,18.25,1783135966
All Pools,MARQ - AVAX,0.1,False,343.22,686.92,0.34341,18.25,1783135966
All Pools,CAS - AVAX,0.1,False,343.22,686.92,0.34341,18.25,1783135966
All Pools,SLMTX - AVAX,0.1,False,343.22,686.92,0.34341,18.25,1783135966
All Pools,NFALCON - AVAX,0.1,False,343.22,686.92,0.34341,18.25,1783135966
All Pools,WACNX - AVAX,0.1,False,343.22,686.92,0.34341,18.25,1783135966
All Pools,LOI - AVAX,0.1,False,343.22,686.92,0.34341,18.25,1783135966
All Pools,SCORCH - AVAX,0.1,False,343.22,686.92,0.34341,18.25,1783135966
All Pools,BMONEY - AVAX,0.1,False,343.22,686.91,0.34341,18.25,1783135966
All Pools,VPP - AVAX,0.1,False,343.22,-0.54178,0.34341,-23135.52,1783135966
All Pools,FRED - AVAX,0.1,False,343.22,686.91,0.34341,18.25,1783135966
All Pools,BIGOD - AVAX,0.1,False,343.22,686.91,0.34341,18.25,1783135966
All Pools,T99CENTS - AVAX,0.1,False,343.22,686.91,0.34341,18.25,1783135966
All Pools,KAI - AVAX,0.1,False,343.22,686.91,0.34341,18.25,1783135966
All Pools,OFE - AVAX,0.1,False,343.22,-0.54361,0.34341,-23057.43,1783135966
All Pools,POODLE - AVAX,0.1,False,343.22,686.91,0.34341,18.25,1783135966
All Pools,CTP - AVAX,0.1,False,343.22,686.91,0.34341,18.25,1783135966
All Pools,WABA - AVAX,0.1,False,343.22,686.91,0.34341,18.25,1783135966
All Pools,TMG - AVAX,0.1,False,343.22,686.91,0.34341,18.25,1783135966
All Pools,XPL - AVAX,0.1,False,343.22,686.91,0.34341,18.25,1783135966
All Pools,LOOP - AVAX,0.1,False,343.22,686.91,0.34341,18.25,1783135966
All Pools,ABG - AVAX,0.1,False,343.21,686.9,0.3434,18.25,1783135966
All Pools,WAR - AVAX,0.1,False,343.21,686.9,0.3434,18.25,1783135966
All Pools,NVYLDS - AVAX,0.1,False,343.21,686.9,0.3434,18.25,1783135966
All Pools,XSTBRL - AVAX,0.1,False,343.21,686.9,0.3434,18.25,1783135966
All Pools,COSTX - AVAX,0.1,False,343.21,686.9,0.3434,18.25,1783135966
All Pools,CHF24 - AVAX,0.1,False,343.21,686.9,0.3434,18.25,1783135966
All Pools,GBPA - AVAX,0.1,False,343.21,686.9,0.3434,18.25,1783135966
All Pools,SMX - AVAX,0.1,False,343.2,686.87,0.34339,18.25,1783135966
All Pools,FORCE - AVAX,0.1,False,343.2,686.87,0.34339,18.25,1783135966
All Pools,ANON - AVAX,0.1,False,343.2,686.87,0.34339,18.25,1783135966
All Pools,GM - AVAX,0.1,False,343.2,686.87,0.34339,18.25,1783135966
All Pools,FOXE - AVAX,0.1,False,343.2,686.87,0.34339,18.25,1783135966
All Pools,YELD - AVAX,0.1,False,343.2,686.87,0.34339,18.25,1783135966
All Pools,ONYX - AVAX,0.1,False,343.19,686.86,0.34338,18.25,1783135966
All Pools,TOONS - AVAX,0.1,False,343.19,686.86,0.34338,18.25,1783135966
All Pools,RIZZ - AVAX,0.1,False,343.19,686.86,0.34338,18.25,1783135966
All Pools,DROPEE - AVAX,0.1,False,343.19,686.86,0.34338,18.25,1783135966
All Pools,PC0000037 - AVAX,0.1,False,343.19,686.86,0.34338,18.25,1783135966
All Pools,KFI - AVAX,0.1,False,343.19,686.86,0.34338,18.25,1783135966
All Pools,DEFAI - AVAX,0.1,False,343.19,686.85,0.34338,18.25,1783135966
All Pools,SWAG - AVAX,0.1,False,343.19,686.85,0.34338,18.25,1783135966
All Pools,OZONE - AVAX,0.1,False,343.19,686.85,0.34338,18.25,1783135966
All Pools,ZUG - AVAX,0.1,False,343.18,-0.5786,0.34337,-21660.76,1783135966
All Pools,PFE.D - AVAX,0.1,False,343.18,686.84,0.34337,18.25,1783135966
All Pools,HSDTX - AVAX,0.1,False,343.18,686.84,0.34337,18.25,1783135966
All Pools,DFISH - AVAX,0.1,False,343.18,686.84,0.34337,18.25,1783135966
All Pools,QUDO - AVAX,0.1,False,343.18,686.84,0.34337,18.25,1783135966
All Pools,BTH - AVAX,0.1,False,343.18,686.84,0.34337,18.25,1783135966
All Pools,NAXI - AVAX,0.1,False,343.18,686.84,0.34337,18.25,1783135966
All Pools,NUTGV2 - AVAX,0.1,False,343.18,686.83,0.34337,18.25,1783135966
All Pools,CCC - AVAX,0.1,False,343.18,686.83,0.34337,18.25,1783135966
All Pools,BCX - AVAX,0.1,False,343.18,686.83,0.34337,18.25,1783135966
All Pools,YVSNX - AVAX,0.1,False,343.17,686.81,0.34336,18.25,1783135966
All Pools,MURATIAI - AVAX,0.1,False,343.17,686.81,0.34336,18.25,1783135966
All Pools,TREN - AVAX,0.1,False,343.17,686.81,0.34336,18.25,1783135966
All Pools,AGUS - AVAX,0.1,False,343.15,-0.60644,0.34334,-20664.97,1783135966
All Pools,OXI - AVAX,0.1,False,343.15,686.78,0.34334,18.25,1783135966
All Pools,BASEETHGUSDCQ - AVAX,0.1,False,343.15,686.78,0.34334,18.25,1783135966
All Pools,LUMOX - AVAX,0.1,False,343.15,686.78,0.34334,18.25,1783135966
All Pools,JFB - AVAX,0.1,False,343.15,686.78,0.34334,18.25,1783135966
All Pools,FREDWILSON - AVAX,0.1,False,343.11,686.68,0.34329,18.25,1783135966
All Pools,AC - AVAX,0.1,False,343.11,-0.65386,0.34329,-19163.64,1783135966
All Pools,FANC - AVAX,0.1,False,343.11,686.68,0.34329,18.25,1783135966
All Pools,TKN - AVAX,0.1,False,343.11,686.68,0.34329,18.25,1783135966
All Pools,VXVS - AVAX,0.1,False,343.11,686.68,0.34329,18.25,1783135966
All Pools,SCR - AVAX,0.1,False,343.09,686.65,0.34328,18.25,1783135966
All Pools,USDSL - AVAX,0.1,False,343.09,686.65,0.34328,18.25,1783135966
All Pools,AUSD - AVAX,0.1,False,343.09,686.65,0.34328,18.25,1783135966
All Pools,TROY - AVAX,0.1,False,343.09,686.65,0.34328,18.25,1783135966
All Pools,PHO.D - AVAX,0.1,False,343.09,686.65,0.34328,18.25,1783135966
All Pools,PIKU - AVAX,0.1,False,343.09,686.65,0.34328,18.25,1783135966
All Pools,COUPHYPE - AVAX,0.1,False,343.09,686.65,0.34328,18.25,1783135966
All Pools,REETH - AVAX,0.1,False,343.09,686.65,0.34328,18.25,1783135966
All Pools,SRLN.D - AVAX,0.1,False,343.09,686.65,0.34328,18.25,1783135966
All Pools,EXY - AVAX,0.1,False,343.09,686.65,0.34328,18.25,1783135966
All Pools,NOME - AVAX,0.1,False,343.09,686.65,0.34328,18.25,1783135966
All Pools,WAZNX - AVAX,0.1,False,343.08,686.64,0.34327,18.25,1783135966
All Pools,AGD - AVAX,0.1,False,343.08,-0.67551,0.34327,-18548.21,1783135966
All Pools,MADAI - AVAX,0.1,False,343.08,686.64,0.34327,18.25,1783135966
All Pools,PQX - AVAX,0.1,False,343.08,686.64,0.34327,18.25,1783135966
All Pools,MARA.D - AVAX,0.1,False,343.08,-0.67551,0.34327,-18548.21,1783135966
All Pools,CR - AVAX,0.1,False,343.08,686.64,0.34327,18.25,1783135966
All Pools,X - AVAX,0.1,False,343.05,686.58,0.34324,18.25,1783135966
All Pools,PPT - AVAX,0.1,False,343.05,686.58,0.34324,18.25,1783135966
All Pools,BL0CK - AVAX,0.1,False,343.05,686.58,0.34324,18.25,1783135966
All Pools,NEZUKO - AVAX,0.1,False,343.05,686.58,0.34324,18.25,1783135966
All Pools,USDB - AVAX,0.1,False,343.05,686.58,0.34324,18.25,1783135966
All Pools,BULLIEVE - AVAX,0.1,False,343.05,686.58,0.34324,18.25,1783135966
All Pools,BRUH - AVAX,0.1,False,343.05,686.58,0.34324,18.25,1783135966
All Pools,ONL - AVAX,0.1,False,343.05,686.56,0.34323,18.25,1783135966
All Pools,MULTI - AVAX,0.1,False,343.05,-0.71471,0.34323,-17528.96,1783135966
All Pools,NIAO - AVAX,0.1,False,343.05,686.56,0.34323,18.25,1783135966
All Pools,VGLMR - AVAX,0.1,False,343.05,686.56,0.34323,18.25,1783135966
All Pools,UPY - AVAX,0.1,False,343.05,686.56,0.34323,18.25,1783135966
All Pools,CRUX - AVAX,0.1,False,343.05,686.56,0.34323,18.25,1783135966
All Pools,NEX - AVAX,0.1,False,343.05,686.56,0.34323,18.25,1783135966
All Pools,ROGER - AVAX,0.1,False,343.05,686.56,0.34323,18.25,1783135966
All Pools,STREET - AVAX,0.1,False,343.05,686.56,0.34323,18.25,1783135966
All Pools,POLLY - AVAX,0.1,False,343.05,686.56,0.34323,18.25,1783135966
All Pools,VST - AVAX,0.1,False,343.05,686.56,0.34323,18.25,1783135966
All Pools,ZLP - AVAX,0.1,False,343.05,686.56,0.34323,18.25,1783135966
All Pools,YUM - AVAX,0.1,False,343.05,686.56,0.34323,18.25,1783135966
All Pools,RUBY - AVAX,0.1,False,343.04,686.55,0.34323,18.25,1783135966
All Pools,XBLD - AVAX,0.1,False,343.04,686.55,0.34323,18.25,1783135966
All Pools,BEBE - AVAX,0.1,False,343.04,-0.72052,0.34323,-17387.24,1783135966
All Pools,MC.EUSDC - AVAX,0.1,False,343.04,686.55,0.34323,18.25,1783135966
All Pools,GG - AVAX,0.1,False,343.04,686.55,0.34323,18.25,1783135966
All Pools,REDUX - AVAX,0.1,False,343.04,686.55,0.34323,18.25,1783135966
All Pools,UNIT - AVAX,0.1,False,343.04,686.55,0.34323,18.25,1783135966
All Pools,CMN - AVAX,0.1,False,343.04,686.55,0.34323,18.25,1783135966
All Pools,U - AVAX,0.1,False,343.04,686.55,0.34323,18.25,1783135966
All Pools,VITAL - AVAX,0.1,False,343.04,686.55,0.34323,18.25,1783135966
All Pools,WINTCX - AVAX,0.1,False,343.03,686.53,0.34322,18.25,1783135966
All Pools,OSDMC - PRE - AVAX,0.1,False,343.03,686.53,0.34322,18.25,1783135966
All Pools,LUDAMOON - AVAX,0.1,False,343.03,686.53,0.34322,18.25,1783135966
All Pools,ZOD - AVAX,0.1,False,343.03,686.53,0.34322,18.25,1783135966
All Pools,$BMC - AVAX,0.1,False,343.01,686.49,0.3432,18.25,1783135966
All Pools,SPETH - AVAX,0.1,False,343.01,686.49,0.3432,18.25,1783135966
All Pools,BLOCK - AVAX,0.1,False,343.01,686.49,0.3432,18.25,1783135966
All Pools,VEAX - AVAX,0.1,False,343.01,-0.74872,0.3432,-16730.88,1783135966
All Pools,PST - AVAX,0.1,False,343.01,686.49,0.3432,18.25,1783135966
All Pools,AZN.D - AVAX,0.1,False,343.01,686.49,0.3432,18.25,1783135966
All Pools,SOUP - AVAX,0.1,False,343.01,686.49,0.3432,18.25,1783135966
All Pools,WPFEX - AVAX,0.1,False,343.01,686.49,0.3432,18.25,1783135966
All Pools,SUSDC - AVAX,0.1,False,343.01,686.49,0.3432,18.25,1783135966
All Pools,NATG - AVAX,0.1,False,343.01,686.49,0.3432,18.25,1783135966
All Pools,PAWDERICK - AVAX,0.1,False,343.01,-0.75273,0.3432,-16641.73,1783135966
All Pools,BTCW.D - AVAX,0.1,False,343.01,686.49,0.3432,18.25,1783135966
All Pools,DENCH - AVAX,0.1,False,343.01,686.49,0.3432,18.25,1783135966
All Pools,MNLT - AVAX,0.1,False,343.01,686.49,0.3432,18.25,1783135966
All Pools,EDS - AVAX,0.1,False,342.99,686.44,0.34317,18.25,1783135966
All Pools,XSTLTC - AVAX,0.1,False,342.99,686.44,0.34317,18.25,1783135966
All Pools,SBET - AVAX,0.1,False,342.99,686.44,0.34317,18.25,1783135966
All Pools,SSETH - AVAX,0.1,False,342.99,686.44,0.34317,18.25,1783135966
All Pools,WCVXX - AVAX,0.1,False,342.99,686.44,0.34317,18.25,1783135966
All Pools,ROBOTS - AVAX,0.1,False,342.99,686.44,0.34317,18.25,1783135966
All Pools,TWB - AVAX,0.1,False,342.98,686.43,0.34317,18.25,1783135966
All Pools,NVDA.D - AVAX,0.1,False,342.98,686.43,0.34317,18.25,1783135966
All Pools,WABBVX - AVAX,0.1,False,342.98,686.43,0.34317,18.25,1783135966
All Pools,PLVGLP - AVAX,0.1,False,342.98,686.43,0.34317,18.25,1783135966
All Pools,IMON - AVAX,0.1,False,342.98,686.43,0.34317,18.25,1783135966
All Pools,HORIZON - AVAX,0.1,False,342.98,686.43,0.34317,18.25,1783135966
All Pools,DIS.D - AVAX,0.1,False,342.98,686.43,0.34317,18.25,1783135966
All Pools,MANKRETH - AVAX,0.1,False,342.98,686.43,0.34317,18.25,1783135966
All Pools,BA.D - AVAX,0.1,False,342.98,686.43,0.34317,18.25,1783135966
All Pools,COMA - AVAX,0.1,False,342.98,686.43,0.34317,18.25,1783135966
All Pools,FATSO - AVAX,0.1,False,342.98,686.43,0.34317,18.25,1783135966
All Pools,DGCS - AVAX,0.1,False,342.98,686.43,0.34317,18.25,1783135966
All Pools,WODO - AVAX,0.1,False,342.96,-0.79634,0.34315,-15728.34,1783135966
All Pools,DGR - AVAX,0.1,False,342.96,686.4,0.34315,18.25,1783135966
All Pools,HKAVA - AVAX,0.1,False,342.96,686.4,0.34315,18.25,1783135966
All Pools,STOCKMARKETTRBASISTRADE - AVAX,0.1,False,342.96,686.4,0.34315,18.25,1783135966
All Pools,TRONX - AVAX,0.1,False,342.96,686.4,0.34315,18.25,1783135966
All Pools,ARIES - AVAX,0.1,False,342.96,686.4,0.34315,18.25,1783135966
All Pools,LAN - AVAX,0.1,False,342.96,686.4,0.34315,18.25,1783135966
All Pools,LEE - AVAX,0.1,False,342.96,686.38,0.34314,18.25,1783135966
All Pools,MAG - AVAX,0.1,False,342.96,686.38,0.34314,18.25,1783135966
All Pools,DEZ - AVAX,0.1,False,342.96,686.38,0.34314,18.25,1783135966
All Pools,OBLUE - AVAX,0.1,False,342.94,686.34,0.34312,18.25,1783135966
All Pools,WAVGOX - AVAX,0.1,False,342.94,686.34,0.34312,18.25,1783135966
All Pools,LYUSD - AVAX,0.1,False,342.94,686.34,0.34312,18.25,1783135966
All Pools,HDROME - AVAX,0.1,False,342.94,686.34,0.34312,18.25,1783135966
All Pools,BRK.A.D - AVAX,0.1,False,342.94,686.34,0.34312,18.25,1783135966
All Pools,HBTC - AVAX,0.1,False,342.93,686.34,0.34312,18.25,1783135966
All Pools,MOSETH - AVAX,0.1,False,342.93,686.34,0.34312,18.25,1783135966
All Pools,THGOLD - AVAX,0.1,False,342.93,686.34,0.34312,18.25,1783135966
All Pools,TXOR - AVAX,0.1,False,342.93,686.34,0.34312,18.25,1783135966
All Pools,RAA - AVAX,0.1,False,342.93,686.34,0.34312,18.25,1783135966
All Pools,BRC - AVAX,0.1,False,342.93,686.34,0.34312,18.25,1783135966
All Pools,TORR - AVAX,0.1,False,342.93,686.34,0.34312,18.25,1783135966
All Pools,CATMOUSE - AVAX,0.1,False,342.93,686.33,0.34312,18.25,1783135966
All Pools,PURRZIVAL - AVAX,0.1,False,342.93,686.33,0.34312,18.25,1783135966
All Pools,SPUSDC - AVAX,0.1,False,342.93,686.33,0.34312,18.25,1783135966
All Pools,KBK - AVAX,0.1,False,342.93,686.33,0.34312,18.25,1783135966
All Pools,SLT - AVAX,0.1,False,342.93,686.33,0.34312,18.25,1783135966
All Pools,LOA - AVAX,0.1,False,342.93,686.33,0.34312,18.25,1783135966
All Pools,PGRE - AVAX,0.1,False,342.93,686.33,0.34312,18.25,1783135966
All Pools,MCD.D - AVAX,0.1,False,342.93,686.33,0.34312,18.25,1783135966
All Pools,QUAN - AVAX,0.1,False,342.93,686.33,0.34312,18.25,1783135966
All Pools,WPMX - AVAX,0.1,False,342.93,686.33,0.34312,18.25,1783135966
All Pools,MXNA - AVAX,0.1,False,342.92,686.31,0.34311,18.25,1783135966
All Pools,HECTO - AVAX,0.1,False,342.92,-0.83921,0.34311,-14922.97,1783135966
All Pools,ZP - AVAX,0.1,False,342.92,686.31,0.34311,18.25,1783135966
All Pools,GREAT - AVAX,0.1,False,342.91,686.29,0.3431,18.25,1783135966
All Pools,$BILLY - AVAX,0.1,False,342.91,686.29,0.3431,18.25,1783135966
All Pools,PRI - AVAX,0.1,False,342.91,686.29,0.3431,18.25,1783135966
All Pools,MVEDA - AVAX,0.1,False,342.91,686.28,0.34309,18.25,1783135966
All Pools,TOWELI - AVAX,0.1,False,342.91,686.28,0.34309,18.25,1783135966
All Pools,MEMEX - AVAX,0.1,False,342.91,686.28,0.34309,18.25,1783135966
All Pools,HTD - AVAX,0.1,False,342.91,686.28,0.34309,18.25,1783135966
All Pools,AIL - AVAX,0.1,False,342.91,686.28,0.34309,18.25,1783135966
All Pools,TATE - AVAX,0.1,False,342.91,-0.85468,0.34309,-14652.12,1783135966
All Pools,QNS - AVAX,0.1,False,342.89,-0.8741,0.34307,-14325.8,1783135966
All Pools,BDT - AVAX,0.1,False,342.89,686.24,0.34307,18.25,1783135966
All Pools,WAMZNX - AVAX,0.1,False,342.89,686.24,0.34307,18.25,1783135966
All Pools,CLYC - AVAX,0.1,False,342.89,686.24,0.34307,18.25,1783135966
All Pools,ROSE - AVAX,0.1,False,342.89,-0.8741,0.34307,-14325.8,1783135966
All Pools,LIBFI - AVAX,0.1,False,342.89,686.24,0.34307,18.25,1783135966
All Pools,ATV111 - AVAX,0.1,False,342.89,686.24,0.34307,18.25,1783135966
All Pools,SOLAR - AVAX,0.1,False,342.87,686.21,0.34306,18.25,1783135966
All Pools,ZEROS - AVAX,0.1,False,342.87,686.21,0.34306,18.25,1783135966
All Pools,BTMT - AVAX,0.1,False,342.87,686.21,0.34306,18.25,1783135966
All Pools,EUCLID - AVAX,0.1,False,342.87,686.21,0.34306,18.25,1783135966
All Pools,OPCH - AVAX,0.1,False,342.87,686.21,0.34306,18.25,1783135966
All Pools,TT - AVAX,0.1,False,342.87,686.21,0.34306,18.25,1783135966
All Pools,HUDL - AVAX,0.1,False,342.87,686.21,0.34306,18.25,1783135966
All Pools,NAEST - AVAX,0.1,False,342.87,686.21,0.34306,18.25,1783135966
All Pools,IQ - AVAX,0.1,False,342.87,686.21,0.34306,18.25,1783135966
All Pools,ZEROPAI - AVAX,0.1,False,342.87,686.21,0.34306,18.25,1783135966
All Pools,HIVE - AVAX,0.1,False,342.87,686.21,0.34306,18.25,1783135966
All Pools,MRHB - AVAX,0.1,False,342.87,686.21,0.34306,18.25,1783135966
All Pools,BOYSCLUB - AVAX,0.1,False,342.87,686.21,0.34306,18.25,1783135966
All Pools,LOGG - AVAX,0.1,False,342.84,686.16,0.34303,18.25,1783135966
All Pools,CIRCLE - AVAX,0.1,False,342.84,686.16,0.34303,18.25,1783135966
All Pools,FFRAX - AVAX,0.1,False,342.84,686.16,0.34303,18.25,1783135966
All Pools,AEUSD - AVAX,0.1,False,342.84,686.16,0.34303,18.25,1783135966
All Pools,ORB7 - AVAX,0.1,False,342.84,686.16,0.34303,18.25,1783135966
All Pools,SOMT - AVAX,0.1,False,342.84,686.16,0.34303,18.25,1783135966
All Pools,IBIT.D - AVAX,0.1,False,342.84,686.16,0.34303,18.25,1783135966
All Pools,WAPPX - AVAX,0.1,False,342.84,686.16,0.34303,18.25,1783135966
All Pools,MWBETH - AVAX,0.1,False,342.84,686.16,0.34303,18.25,1783135966
All Pools,POWER - AVAX,0.1,False,342.84,686.16,0.34303,18.25,1783135966
All Pools,MCBETH - AVAX,0.1,False,342.84,686.16,0.34303,18.25,1783135966
All Pools,DMU - AVAX,0.1,False,342.84,686.16,0.34303,18.25,1783135966
All Pools,RTG - AVAX,0.1,False,342.84,686.16,0.34303,18.25,1783135966
All Pools,CRISIS - AVAX,0.1,False,342.82,-0.94291,0.34301,-13277.8,1783135966
All Pools,WMDTX - AVAX,0.1,False,342.82,686.11,0.34301,18.25,1783135966
All Pools,LCOM - AVAX,0.1,False,342.82,686.11,0.34301,18.25,1783135966
All Pools,MAGICGLP - AVAX,0.1,False,342.82,686.11,0.34301,18.25,1783135966
All Pools,ZRS - AVAX,0.1,False,342.82,686.11,0.34301,18.25,1783135966
All Pools,$SUSHI - AVAX,0.1,False,342.82,686.11,0.34301,18.25,1783135966
All Pools,HOU - AVAX,0.1,False,342.82,686.11,0.34301,18.25,1783135966
All Pools,ANSEM - AVAX,0.1,False,342.82,696.22,0.34301,17.98,1783135966
All Pools,HPC - AVAX,0.1,False,342.82,686.1,0.34301,18.25,1783135966
All Pools,NCT - AVAX,0.1,False,342.82,686.1,0.34301,18.25,1783135966
All Pools,SPADE - AVAX,0.1,False,342.82,686.1,0.34301,18.25,1783135966
All Pools,MBDAO - AVAX,0.1,False,342.82,686.1,0.34301,18.25,1783135966
All Pools,$YIELD - AVAX,0.1,False,342.82,686.1,0.34301,18.25,1783135966
All Pools,EGX - AVAX,0.1,False,342.82,686.1,0.34301,18.25,1783135966
All Pools,ZEUS - AVAX,0.1,False,342.81,-0.94637,0.343,-13229.07,1783135966
All Pools,BALL - AVAX,0.1,False,342.81,686.1,0.343,18.25,1783135966
All Pools,CORX - AVAX,0.1,False,342.81,686.1,0.343,18.25,1783135966
All Pools,MPIX - AVAX,0.1,False,342.81,686.1,0.343,18.25,1783135966
All Pools,EIOB - AVAX,0.1,False,342.81,686.1,0.343,18.25,1783135966
All Pools,OASIS - AVAX,0.1,False,342.81,686.1,0.343,18.25,1783135966
All Pools,MEMBER - AVAX,0.1,False,342.8,686.08,0.34299,18.25,1783135966
All Pools,SENSO - AVAX,0.1,False,342.8,686.08,0.34299,18.25,1783135966
All Pools,CSWAP - AVAX,0.1,False,342.8,686.08,0.34299,18.25,1783135966
All Pools,GD - AVAX,0.1,False,342.79,686.05,0.34298,18.25,1783135966
All Pools,RAWR - AVAX,0.1,False,342.79,-0.97084,0.34298,-12894.7,1783135966
All Pools,YVAAVE - AVAX,0.1,False,342.79,686.05,0.34298,18.25,1783135966
All Pools,TPAD - AVAX,0.1,False,342.79,686.05,0.34298,18.25,1783135966
All Pools,HISS - AVAX,0.1,False,342.79,-0.97084,0.34298,-12894.7,1783135966
All Pools,BYTES - AVAX,0.1,False,342.79,686.05,0.34298,18.25,1783135966
All Pools,STICKBUG - AVAX,0.1,False,342.78,686.04,0.34297,18.25,1783135966
All Pools,SDG - AVAX,0.1,False,342.78,686.04,0.34297,18.25,1783135966
All Pools,EMAX - AVAX,0.1,False,342.78,686.04,0.34297,18.25,1783135966
All Pools,DAYL - AVAX,0.1,False,342.78,686.04,0.34297,18.25,1783135966
All Pools,PETS - AVAX,0.1,False,342.78,686.04,0.34297,18.25,1783135966
All Pools,FSX - AVAX,0.1,False,342.78,686.04,0.34297,18.25,1783135966
All Pools,THUSD - AVAX,0.1,False,342.78,686.04,0.34297,18.25,1783135966
All Pools,BUFF - AVAX,0.1,False,342.78,686.04,0.34297,18.25,1783135966
All Pools,AET - AVAX,0.1,False,342.78,686.04,0.34297,18.25,1783135966
All Pools,BENG - AVAX,0.1,False,342.77,-0.99404,0.34295,-12592.85,1783135966
All Pools,SDCRV - AVAX,0.1,False,342.77,686.0,0.34295,18.25,1783135966
All Pools,CONAN - AVAX,0.1,False,342.77,686.0,0.34295,18.25,1783135966
All Pools,MIXER - AVAX,0.1,False,342.77,-0.99404,0.34295,-12592.85,1783135966
All Pools,OIL - AVAX,0.1,False,342.77,686.0,0.34295,18.25,1783135966
All Pools,TIX - AVAX,0.1,False,342.77,686.0,0.34295,18.25,1783135966
All Pools,VSL - AVAX,0.1,False,342.77,686.0,0.34295,18.25,1783135966
All Pools,DUBI - AVAX,0.1,False,342.77,686.0,0.34295,18.25,1783135966
All Pools,WEB3 - AVAX,0.1,False,342.76,686.0,0.34295,18.25,1783135966
All Pools,POLIS - AVAX,0.1,False,342.76,686.0,0.34295,18.25,1783135966
All Pools,SX - AVAX,0.1,False,342.76,686.0,0.34295,18.25,1783135966
All Pools,MORK - AVAX,0.1,False,342.76,-0.99542,0.34295,-12575.35,1783135966
All Pools,USAD - AVAX,0.1,False,342.76,686.0,0.34295,18.25,1783135966
All Pools,IKAS - AVAX,0.1,False,342.75,685.98,0.34294,18.25,1783135966
All Pools,WGSX - AVAX,0.1,False,342.75,685.98,0.34294,18.25,1783135966
All Pools,COKE - AVAX,0.1,False,342.75,685.98,0.34294,18.25,1783135966
All Pools,XOC - AVAX,0.1,False,342.75,685.98,0.34294,18.25,1783135966
All Pools,CPET - AVAX,0.1,False,342.75,685.98,0.34294,18.25,1783135966
All Pools,CQX - AVAX,0.1,False,342.75,685.98,0.34294,18.25,1783135966
All Pools,PAC - AVAX,0.1,False,342.75,685.98,0.34294,18.25,1783135966
All Pools,ESS - AVAX,0.1,False,342.75,685.97,0.34294,18.25,1783135966
All Pools,MORPH - AVAX,0.1,False,342.75,685.97,0.34294,18.25,1783135966
All Pools,LUCIA - AVAX,0.1,False,342.75,685.97,0.34294,18.25,1783135966
All Pools,HDL - AVAX,0.1,False,342.75,685.97,0.34294,18.25,1783135966
All Pools,PAPYRUS - AVAX,0.1,False,342.74,685.96,0.34293,18.25,1783135966
All Pools,NPT - AVAX,0.1,False,342.74,685.96,0.34293,18.25,1783135966
All Pools,PULS - AVAX,0.1,False,342.74,685.96,0.34293,18.25,1783135966
All Pools,HEDGEHOG - AVAX,0.1,False,342.74,685.96,0.34293,18.25,1783135966
All Pools,URA - AVAX,0.1,False,342.74,685.96,0.34293,18.25,1783135966
All Pools,NACKL - AVAX,0.1,False,342.74,685.96,0.34293,18.25,1783135966
All Pools,CCT - AVAX,0.1,False,342.74,685.96,0.34293,18.25,1783135966
All Pools,AUSDC - AVAX,0.1,False,342.74,685.95,0.34293,18.25,1783135966
All Pools,WDHRX - AVAX,0.1,False,342.74,685.95,0.34293,18.25,1783135966
All Pools,BCL - AVAX,0.1,False,342.72,685.92,0.34291,18.25,1783135966
All Pools,WCRMX - AVAX,0.1,False,342.72,685.92,0.34291,18.25,1783135966
All Pools,COIN.D - AVAX,0.1,False,342.72,685.92,0.34291,18.25,1783135966
All Pools,POCKET - AVAX,0.1,False,342.72,685.92,0.34291,18.25,1783135966
All Pools,TRW - AVAX,0.1,False,342.72,685.92,0.34291,18.25,1783135966
All Pools,CONET - AVAX,0.1,False,342.72,685.92,0.34291,18.25,1783135966
All Pools,ITLG - AVAX,0.1,False,342.72,685.92,0.34291,18.25,1783135966
All Pools,GS - AVAX,0.1,False,342.72,685.92,0.34291,18.25,1783135966
All Pools,NORA - AVAX,0.1,False,342.72,685.92,0.34291,18.25,1783135966
All Pools,CBUNNY - AVAX,0.1,False,342.72,685.92,0.34291,18.25,1783135966
All Pools,GRAMG - AVAX,0.1,False,342.72,685.92,0.34291,18.25,1783135966
All Pools,USDSUI - AVAX,0.1,False,342.72,685.92,0.34291,18.25,1783135966
All Pools,RPTR - AVAX,0.1,False,342.72,685.92,0.34291,18.25,1783135966
All Pools,INT - AVAX,0.1,False,342.71,685.9,0.3429,18.25,1783135966
All Pools,GBTC.D - AVAX,0.1,False,342.71,685.9,0.3429,18.25,1783135966
All Pools,GODEN - AVAX,0.1,False,342.71,685.9,0.3429,18.25,1783135966
All Pools,SPUS.D - AVAX,0.1,False,342.71,685.9,0.3429,18.25,1783135966
All Pools,XO - AVAX,0.1,False,342.71,685.9,0.3429,18.25,1783135966
All Pools,YTIME - AVAX,0.1,False,342.71,685.9,0.3429,18.25,1783135966
All Pools,PHOTON - AVAX,0.1,False,342.71,685.9,0.3429,18.25,1783135966
All Pools,TRIO - AVAX,0.1,False,342.7,685.88,0.34289,18.25,1783135966
All Pools,LFG - AVAX,0.1,False,342.7,685.88,0.34289,18.25,1783135966
All Pools,ADACASH - AVAX,0.1,False,342.7,685.88,0.34289,18.25,1783135966
All Pools,QTCC - AVAX,0.1,False,342.7,685.88,0.34289,18.25,1783135966
All Pools,ELP - AVAX,0.1,False,342.7,685.88,0.34289,18.25,1783135966
All Pools,KING - AVAX,0.1,False,342.7,685.88,0.34289,18.25,1783135966
All Pools,RKLBX - AVAX,0.1,False,342.7,685.87,0.34289,18.25,1783135966
All Pools,LUEYGI - AVAX,0.1,False,342.7,685.87,0.34289,18.25,1783135966
All Pools,LLM - AVAX,0.1,False,342.7,685.87,0.34289,18.25,1783135966
All Pools,ALINK - AVAX,0.1,False,342.7,685.87,0.34289,18.25,1783135966
All Pools,AICRE8 - AVAX,0.1,False,342.7,685.87,0.34289,18.25,1783135966
All Pools,BOOST - AVAX,0.1,False,342.7,685.87,0.34289,18.25,1783135966
All Pools,PULSR - AVAX,0.1,False,342.7,685.87,0.34289,18.25,1783135966
All Pools,SEUR0 - AVAX,0.1,False,342.7,685.87,0.34289,18.25,1783135966
All Pools,CBD - AVAX,0.1,False,342.68,685.84,0.34287,18.25,1783135966
All Pools,IOI - AVAX,0.1,False,342.68,-1.077,0.34287,-11624.94,1783135966
All Pools,KEEP - AVAX,0.1,False,342.68,685.84,0.34287,18.25,1783135966
All Pools,DCO - AVAX,0.1,False,342.68,685.84,0.34287,18.25,1783135966
All Pools,VOY - AVAX,0.1,False,342.68,685.84,0.34287,18.25,1783135966
All Pools,ZAM - AVAX,0.1,False,342.68,-1.08,0.34287,-11592.26,1783135966
All Pools,GBTC - AVAX,0.1,False,342.68,685.83,0.34287,18.25,1783135966
All Pools,ILLU - AVAX,0.1,False,342.68,685.83,0.34287,18.25,1783135966
All Pools,NXA - AVAX,0.1,False,342.68,685.83,0.34287,18.25,1783135966
All Pools,ARENA - AVAX,0.1,False,342.68,685.83,0.34287,18.25,1783135966
All Pools,DAMOON - AVAX,0.1,False,342.68,685.83,0.34287,18.25,1783135966
All Pools,TANGO - AVAX,0.1,False,342.68,685.83,0.34287,18.25,1783135966
All Pools,DSS - AVAX,0.1,False,342.68,685.83,0.34287,18.25,1783135966
All Pools,AIAB - AVAX,0.1,False,342.68,685.83,0.34287,18.25,1783135966
All Pools,ZEUM - AVAX,0.1,False,342.67,685.81,0.34286,18.25,1783135966
All Pools,GCR - AVAX,0.1,False,342.67,685.81,0.34286,18.25,1783135966
All Pools,INFO - AVAX,0.1,False,342.67,685.81,0.34286,18.25,1783135966
All Pools,VICPAY - AVAX,0.1,False,342.67,685.81,0.34286,18.25,1783135966
All Pools,CTB - AVAX,0.1,False,342.67,685.81,0.34286,18.25,1783135966
All Pools,TEM - AVAX,0.1,False,342.67,685.81,0.34286,18.25,1783135966
All Pools,CNR - AVAX,0.1,False,342.65,685.77,0.34284,18.25,1783135966
All Pools,YCT - AVAX,0.1,False,342.65,685.77,0.34284,18.25,1783135966
All Pools,IXIR - AVAX,0.1,False,342.65,685.77,0.34284,18.25,1783135966
All Pools,BABYMYRO - AVAX,0.1,False,342.65,685.77,0.34284,18.25,1783135966
All Pools,COSMIC - AVAX,0.1,False,342.65,685.77,0.34284,18.25,1783135966
All Pools,BLUP - AVAX,0.1,False,342.65,685.77,0.34284,18.25,1783135966
All Pools,CXPAD - AVAX,0.1,False,342.65,685.77,0.34284,18.25,1783135966
All Pools,APES - AVAX,0.1,False,342.65,685.77,0.34284,18.25,1783135966
All Pools,MLUM - AVAX,0.1,False,342.65,685.77,0.34284,18.25,1783135966
All Pools,CEM - AVAX,0.1,False,342.64,685.75,0.34283,18.25,1783135966
All Pools,ELS - AVAX,0.1,False,342.64,685.75,0.34283,18.25,1783135966
All Pools,GOLD8 - AVAX,0.1,False,342.64,685.75,0.34283,18.25,1783135966
All Pools,XCCX - AVAX,0.1,False,342.63,685.73,0.34282,18.25,1783135966
All Pools,ZETRIX - AVAX,0.1,False,342.63,685.73,0.34282,18.25,1783135966
All Pools,UM - AVAX,0.1,False,342.63,-1.13,0.34282,-11075.99,1783135966
All Pools,NOVA - AVAX,0.1,False,342.63,685.73,0.34282,18.25,1783135966
All Pools,BCA - AVAX,0.1,False,342.63,685.73,0.34282,18.25,1783135966
All Pools,GALGO - AVAX,0.1,False,342.63,685.73,0.34282,18.25,1783135966
All Pools,KPK - AVAX,0.1,False,342.62,685.72,0.34281,18.25,1783135966
All Pools,ARM - WS - OS - AVAX,0.1,False,342.62,685.72,0.34281,18.25,1783135966
All Pools,CC - AVAX,0.1,False,342.62,685.72,0.34281,18.25,1783135966
All Pools,XSTABLE - AVAX,0.1,False,342.62,685.72,0.34281,18.25,1783135966
All Pools,MORPHO - AVAX,0.1,False,342.62,685.72,0.34281,18.25,1783135966
All Pools,STUSD - AVAX,0.1,False,342.62,685.72,0.34281,18.25,1783135966
All Pools,BLIFE - AVAX,0.1,False,342.62,685.72,0.34281,18.25,1783135966
All Pools,SKULL - AVAX,0.1,False,342.62,685.71,0.34281,18.25,1783135966
All Pools,CICC - AVAX,0.1,False,342.62,685.71,0.34281,18.25,1783135966
All Pools,VITAFOXO - AVAX,0.1,False,342.62,685.71,0.34281,18.25,1783135966
All Pools,LIQD - AVAX,0.1,False,342.62,685.71,0.34281,18.25,1783135966
All Pools,METAKPK - AVAX,0.1,False,342.62,685.71,0.34281,18.25,1783135966
All Pools,FTM - AVAX,0.1,False,342.62,685.71,0.34281,18.25,1783135966
All Pools,MAPE - AVAX,0.1,False,342.61,685.69,0.3428,18.25,1783135966
All Pools,MULTI - AVAX,0.1,False,342.61,685.69,0.3428,18.25,1783135966
All Pools,BOBO - AVAX,0.1,False,342.61,685.69,0.3428,18.25,1783135966
All Pools,PEEPA - AVAX,0.1,False,342.61,685.69,0.3428,18.25,1783135966
All Pools,HWL - AVAX,0.1,False,342.61,685.69,0.3428,18.25,1783135966
All Pools,GEC - AVAX,0.1,False,342.61,-1.149,0.3428,-10892.69,1783135966
All Pools,ING - AVAX,0.1,False,342.61,685.68,0.34279,18.25,1783135966
All Pools,SSUI - AVAX,0.1,False,342.61,685.68,0.34279,18.25,1783135966
All Pools,DRIP - AVAX,0.1,False,342.61,685.68,0.34279,18.25,1783135966
All Pools,ULAB - AVAX,0.1,False,342.61,685.68,0.34279,18.25,1783135966
All Pools,MUFFIN - AVAX,0.1,False,342.61,685.68,0.34279,18.25,1783135966
All Pools,PONGO - AVAX,0.1,False,342.61,685.68,0.34279,18.25,1783135966
All Pools,XBTC - AVAX,0.1,False,342.59,685.65,0.34278,18.25,1783135966
All Pools,AXPX - AVAX,0.1,False,342.59,-1.171,0.34278,-10686.82,1783135966
All Pools,AEDZ - AVAX,0.1,False,342.59,685.65,0.34278,18.25,1783135966
All Pools,FONQ - AVAX,0.1,False,342.59,-1.171,0.34278,-10686.82,1783135966
All Pools,PUSDC.E - AVAX,0.1,False,342.59,685.65,0.34278,18.25,1783135966
All Pools,JACK - AVAX,0.1,False,342.59,685.65,0.34278,18.25,1783135966
All Pools,SCRX - AVAX,0.1,False,342.59,685.65,0.34278,18.25,1783135966
All Pools,ADEX - AVAX,0.1,False,342.57,685.61,0.34276,18.25,1783135966
All Pools,CLA - AVAX,0.1,False,342.57,-1.192,0.34276,-10495.87,1783135966
All Pools,AEONCITY - AVAX,0.1,False,342.57,685.61,0.34276,18.25,1783135966
All Pools,ACHF - AVAX,0.1,False,342.56,685.59,0.34275,18.25,1783135966
All Pools,ESPRF - AVAX,0.1,False,342.56,685.59,0.34275,18.25,1783135966
All Pools,GOAI - AVAX,0.1,False,342.56,685.59,0.34275,18.25,1783135966
All Pools,HOBBES - AVAX,0.1,False,342.56,685.59,0.34275,18.25,1783135966
All Pools,SFL - AVAX,0.1,False,342.56,685.59,0.34275,18.25,1783135966
All Pools,SOLX - AVAX,0.1,False,342.56,685.59,0.34275,18.25,1783135966
All Pools,TAVA - AVAX,0.1,False,342.56,685.59,0.34275,18.25,1783135966
All Pools,MODEX - AVAX,0.1,False,342.56,685.59,0.34275,18.25,1783135966
All Pools,DUCK - AVAX,0.1,False,342.56,685.58,0.34274,18.25,1783135966
All Pools,BAPE - AVAX,0.1,False,342.56,685.58,0.34274,18.25,1783135966
All Pools,MPAL - AVAX,0.1,False,342.56,685.58,0.34274,18.25,1783135966
All Pools,RKR - AVAX,0.1,False,342.56,685.58,0.34274,18.25,1783135966
All Pools,UTT - AVAX,0.1,False,342.56,685.58,0.34274,18.25,1783135966
All Pools,TSAT - AVAX,0.1,False,342.56,685.58,0.34274,18.25,1783135966
All Pools,ATTRA - AVAX,0.1,False,342.55,685.58,0.34274,18.25,1783135966
All Pools,ZOO - AVAX,0.1,False,342.55,685.58,0.34274,18.25,1783135966
All Pools,THG - AVAX,0.1,False,342.55,685.58,0.34274,18.25,1783135966
All Pools,WFO - AVAX,0.1,False,342.55,-1.207,0.34274,-10360.57,1783135966
All Pools,PUSD - AVAX,0.1,False,342.55,685.58,0.34274,18.25,1783135966
All Pools,AEA - AVAX,0.1,False,342.55,685.58,0.34274,18.25,1783135966
All Pools,LEGLD - AVAX,0.1,False,342.55,685.58,0.34274,18.25,1783135966
All Pools,PROOF - AVAX,0.1,False,342.52,685.52,0.34271,18.25,1783135966
All Pools,MFARM - AVAX,0.1,False,342.52,685.52,0.34271,18.25,1783135966
All Pools,FPT - AVAX,0.1,False,342.52,685.52,0.34271,18.25,1783135966
All Pools,RBL - AVAX,0.1,False,342.52,685.51,0.34271,18.25,1783135966
All Pools,TIME - AVAX,0.1,False,342.52,685.51,0.34271,18.25,1783135966
All Pools,HYPE - AVAX,0.1,False,342.52,685.51,0.34271,18.25,1783135966
All Pools,DX - AVAX,0.1,False,342.52,685.51,0.34271,18.25,1783135966
All Pools,EXIT - AVAX,0.1,False,342.52,685.51,0.34271,18.25,1783135966
All Pools,COST.D - AVAX,0.1,False,342.52,685.5,0.34271,18.25,1783135966
All Pools,EDC - AVAX,0.1,False,342.52,685.5,0.34271,18.25,1783135966
All Pools,LASAGNA - AVAX,0.1,False,342.52,685.5,0.34271,18.25,1783135966
All Pools,MAXX - AVAX,0.1,False,342.51,685.49,0.3427,18.25,1783135966
All Pools,CYLA - AVAX,0.1,False,342.51,685.49,0.3427,18.25,1783135966
All Pools,ONIC - AVAX,0.1,False,342.51,685.49,0.3427,18.25,1783135966
All Pools,DD - AVAX,0.1,False,342.51,685.49,0.3427,18.25,1783135966
All Pools,WAI - AVAX,0.1,False,342.51,685.49,0.3427,18.25,1783135966
All Pools,XGRAV - AVAX,0.1,False,342.51,685.49,0.3427,18.25,1783135966
All Pools,QJUNO - AVAX,0.1,False,342.51,685.48,0.34269,18.25,1783135966
All Pools,ASET - AVAX,0.1,False,342.51,685.48,0.34269,18.25,1783135966
All Pools,WGOOGLX - AVAX,0.1,False,342.51,685.48,0.34269,18.25,1783135966
All Pools,WHONX - AVAX,0.1,False,342.51,685.48,0.34269,18.25,1783135966
All Pools,BITB.D - AVAX,0.1,False,342.51,685.48,0.34269,18.25,1783135966
All Pools,AGT - AVAX,0.1,False,342.51,685.48,0.34269,18.25,1783135966
All Pools,IOBUSD - AVAX,0.1,False,342.5,686.92,0.34269,18.21,1783135966
All Pools,ECOR - AVAX,0.1,False,342.5,685.47,0.34269,18.25,1783135966
All Pools,MEAT - AVAX,0.1,False,342.5,685.47,0.34269,18.25,1783135966
All Pools,EZSWAP - AVAX,0.1,False,342.5,685.47,0.34269,18.25,1783135966
All Pools,XARCH - AVAX,0.1,False,342.5,-1.263,0.34269,-9899.54,1783135966
All Pools,FOXY - AVAX,0.1,False,342.5,685.47,0.34269,18.25,1783135966
All Pools,VERI - AVAX,0.1,False,342.5,685.47,0.34269,18.25,1783135966
All Pools,L3USD - AVAX,0.1,False,342.49,685.46,0.34268,18.25,1783135966
All Pools,WILC - AVAX,0.1,False,342.49,685.46,0.34268,18.25,1783135966
All Pools,DBD - AVAX,0.1,False,342.49,685.46,0.34268,18.25,1783135966
All Pools,OCTO - AVAX,0.1,False,342.49,685.46,0.34268,18.25,1783135966
All Pools,IOWBTC - AVAX,0.1,False,342.49,685.46,0.34268,18.25,1783135966
All Pools,PHY - AVAX,0.1,False,342.49,685.46,0.34268,18.25,1783135966
All Pools,BAG - AVAX,0.1,False,342.48,685.43,0.34267,18.25,1783135966
All Pools,DINO - AVAX,0.1,False,342.48,685.43,0.34267,18.25,1783135966
All Pools,PHAME - AVAX,0.1,False,342.48,685.43,0.34267,18.25,1783135966
All Pools,BRISH - AVAX,0.1,False,342.48,685.43,0.34267,18.25,1783135966
All Pools,BOOTY - AVAX,0.1,False,342.48,685.43,0.34267,18.25,1783135966
All Pools,BABYSATO - AVAX,0.1,False,342.48,685.43,0.34267,18.25,1783135966
All Pools,ETHV - AVAX,0.1,False,342.47,685.42,0.34266,18.25,1783135966
All Pools,METAN - AVAX,0.1,False,342.47,685.42,0.34266,18.25,1783135966
All Pools,CLAY - AVAX,0.1,False,342.47,685.42,0.34266,18.25,1783135966
All Pools,LYK - AVAX,0.1,False,342.47,685.42,0.34266,18.25,1783135966
All Pools,SOLZILLA - AVAX,0.1,False,342.47,685.42,0.34266,18.25,1783135966
All Pools,PC0000061 - AVAX,0.1,False,342.47,685.42,0.34266,18.25,1783135966
All Pools,SCHRDNGR - AVAX,0.1,False,342.47,685.41,0.34266,18.25,1783135966
All Pools,BOBO - AVAX,0.1,False,342.47,685.41,0.34266,18.25,1783135966
All Pools,T5PT - AVAX,0.1,False,342.47,685.41,0.34266,18.25,1783135966
All Pools,ZERO - AVAX,0.1,False,342.47,685.41,0.34266,18.25,1783135966
All Pools,STREAM - AVAX,0.1,False,342.47,685.41,0.34266,18.25,1783135966
All Pools,PLD - AVAX,0.1,False,342.47,685.41,0.34266,18.25,1783135966
All Pools,CDT - AVAX,0.1,False,342.46,685.4,0.34265,18.25,1783135966
All Pools,PUSD - AVAX,0.1,False,342.46,685.4,0.34265,18.25,1783135966
All Pools,GCZ - AVAX,0.1,False,342.46,685.4,0.34265,18.25,1783135966
All Pools,TIPS - AVAX,0.1,False,342.46,685.4,0.34265,18.25,1783135966
All Pools,KNET - AVAX,0.1,False,342.46,-1.295,0.34265,-9655.27,1783135966
All Pools,EV - AVAX,0.1,False,342.46,685.4,0.34265,18.25,1783135966
All Pools,GHOST - AVAX,0.1,False,342.46,685.39,0.34265,18.25,1783135966
All Pools,ENVI - AVAX,0.1,False,342.45,685.38,0.34264,18.25,1783135966
All Pools,MIMATIC - AVAX,0.1,False,342.45,685.38,0.34264,18.25,1783135966
All Pools,SMARS - AVAX,0.1,False,342.45,-1.31,0.34264,-9544.64,1783135966
All Pools,BHO - AVAX,0.1,False,342.45,685.37,0.34264,18.25,1783135966
All Pools,HPO - AVAX,0.1,False,342.45,685.37,0.34264,18.25,1783135966
All Pools,NGY - AVAX,0.1,False,342.45,685.37,0.34264,18.25,1783135966
All Pools,COPX - AVAX,0.1,False,342.45,685.37,0.34264,18.25,1783135966
All Pools,MTG - AVAX,0.1,False,342.45,685.37,0.34264,18.25,1783135966
All Pools,STACKS - AVAX,0.1,False,342.45,685.37,0.34264,18.25,1783135966
All Pools,BUND - AVAX,0.1,False,342.45,685.37,0.34264,18.25,1783135966
All Pools,BRICKS - AVAX,0.1,False,342.45,685.37,0.34264,18.25,1783135966
All Pools,XCV - AVAX,0.1,False,342.45,-1.312,0.34264,-9533.4,1783135966
All Pools,FCP - AVAX,0.1,False,342.45,-1.312,0.34264,-9533.4,1783135966
All Pools,CTM - AVAX,0.1,False,342.45,685.37,0.34264,18.25,1783135966
All Pools,YLDY - AVAX,0.1,False,342.44,685.35,0.34263,18.25,1783135966
All Pools,MSS - AVAX,0.1,False,342.44,685.35,0.34263,18.25,1783135966
All Pools,BTSLA - AVAX,0.1,False,342.44,685.35,0.34263,18.25,1783135966
All Pools,JQ - AVAX,0.1,False,342.44,685.35,0.34263,18.25,1783135966
All Pools,MCEUR - AVAX,0.1,False,342.44,685.35,0.34263,18.25,1783135966
All Pools,FOCAI - AVAX,0.1,False,342.44,685.35,0.34263,18.25,1783135966
All Pools,PARTY - AVAX,0.1,False,342.43,685.33,0.34262,18.25,1783135966
All Pools,BUNI - AVAX,0.1,False,342.43,685.33,0.34262,18.25,1783135966
All Pools,GMFAM - AVAX,0.1,False,342.43,685.33,0.34262,18.25,1783135966
All Pools,DQUICK - AVAX,0.1,False,342.43,685.33,0.34262,18.25,1783135966
All Pools,FRIC - AVAX,0.1,False,342.43,685.33,0.34262,18.25,1783135966
All Pools,BLEO - AVAX,0.1,False,342.43,685.33,0.34262,18.25,1783135966
All Pools,AAMMUNIMKRWETH - AVAX,0.1,False,342.43,685.32,0.34261,18.25,1783135966
All Pools,CASH - AVAX,0.1,False,342.43,685.32,0.34261,18.25,1783135966
All Pools,TBILL - AVAX,0.1,False,342.43,685.32,0.34261,18.25,1783135966
All Pools,KIMCHI - AVAX,0.1,False,342.43,685.32,0.34261,18.25,1783135966
All Pools,BLOCK - AVAX,0.1,False,342.43,685.32,0.34261,18.25,1783135966
All Pools,AAMMUNISNXWETH - AVAX,0.1,False,342.43,685.32,0.34261,18.25,1783135966
All Pools,USFR.D - AVAX,0.1,False,342.42,685.32,0.34261,18.25,1783135966
All Pools,EDDY - AVAX,0.1,False,342.42,685.32,0.34261,18.25,1783135966
All Pools,MON - AVAX,0.1,False,342.42,685.32,0.34261,18.25,1783135966
All Pools,ODICTOKEN - AVAX,0.1,False,342.42,685.32,0.34261,18.25,1783135966
All Pools,NTR - AVAX,0.1,False,342.42,685.32,0.34261,18.25,1783135966
All Pools,BABYBONK - AVAX,0.1,False,342.42,685.32,0.34261,18.25,1783135966
All Pools,BULL - AVAX,0.1,False,342.42,685.3,0.3426,18.25,1783135966
All Pools,KDAG - AVAX,0.1,False,342.42,685.3,0.3426,18.25,1783135966
All Pools,NUT - AVAX,0.1,False,342.42,685.3,0.3426,18.25,1783135966
All Pools,BNVDA - AVAX,0.1,False,342.42,-1.344,0.3426,-9304.12,1783135966
All Pools,DAVINCI - AVAX,0.1,False,342.42,685.3,0.3426,18.25,1783135966
All Pools,SOIL - AVAX,0.1,False,342.41,685.3,0.3426,18.25,1783135966
All Pools,TBC - AVAX,0.1,False,342.41,685.3,0.3426,18.25,1783135966
All Pools,KBOX - AVAX,0.1,False,342.41,-1.347,0.3426,-9285.5,1783135966
All Pools,STRM - AVAX,0.1,False,342.41,685.3,0.3426,18.25,1783135966
All Pools,PLB - AVAX,0.1,False,342.41,685.3,0.3426,18.25,1783135966
All Pools,DMCC - AVAX,0.1,False,342.41,685.3,0.3426,18.25,1783135966
All Pools,PUFF - AVAX,0.1,False,342.41,685.3,0.3426,18.25,1783135966
All Pools,TITANX - AVAX,0.1,False,342.41,685.29,0.3426,18.25,1783135966
All Pools,EGG - AVAX,0.1,False,342.41,685.29,0.3426,18.25,1783135966
All Pools,ACS - AVAX,0.1,False,342.41,685.29,0.3426,18.25,1783135966
All Pools,PIZZA - AVAX,0.1,False,342.41,685.29,0.3426,18.25,1783135966
All Pools,YV1INCH - AVAX,0.1,False,342.41,685.29,0.3426,18.25,1783135966
All Pools,DEVVE - AVAX,0.1,False,342.41,685.29,0.3426,18.25,1783135966
All Pools,DBZ - AVAX,0.1,False,342.41,685.29,0.3426,18.25,1783135966
All Pools,SHI3LD - AVAX,0.1,False,342.41,685.29,0.3426,18.25,1783135966
All Pools,VBSWAP - AVAX,0.1,False,342.41,685.29,0.3426,18.25,1783135966
All Pools,DEGG - AVAX,0.1,False,342.41,-1.352,0.3426,-9248.88,1783135966
All Pools,TEMCO - AVAX,0.1,False,342.41,685.29,0.3426,18.25,1783135966
All Pools,DCAI - AVAX,0.1,False,342.41,685.29,0.3426,18.25,1783135966
All Pools,SPACE - AVAX,0.1,False,342.41,685.28,0.34259,18.25,1783135966
All Pools,VPND - AVAX,0.1,False,342.41,685.28,0.34259,18.25,1783135966
All Pools,CLNY - AVAX,0.1,False,342.41,-1.354,0.34259,-9235.1,1783135966
All Pools,SHARX - AVAX,0.1,False,342.41,685.28,0.34259,18.25,1783135966
All Pools,BLUNNY - AVAX,0.1,False,342.41,685.28,0.34259,18.25,1783135966
All Pools,BOOMER - AVAX,0.1,False,342.41,685.28,0.34259,18.25,1783135966
All Pools,DEO - AVAX,0.1,False,342.41,685.28,0.34259,18.25,1783135966
All Pools,PLSX - AVAX,0.1,False,342.4,-1.36,0.34259,-9195.63,1783135966
All Pools,HKC - AVAX,0.1,False,342.4,685.27,0.34259,18.25,1783135966
All Pools,ERW - AVAX,0.1,False,342.4,685.27,0.34259,18.25,1783135966
All Pools,ART - AVAX,0.1,False,342.4,685.27,0.34259,18.25,1783135966
All Pools,SIAM - AVAX,0.1,False,342.4,685.27,0.34259,18.25,1783135966
All Pools,CSTAR - AVAX,0.1,False,342.4,685.27,0.34259,18.25,1783135966
All Pools,BCA - AVAX,0.1,False,342.4,685.27,0.34259,18.25,1783135966
All Pools,V - AVAX,0.1,False,342.4,685.27,0.34259,18.25,1783135966
All Pools,H2ON - AVAX,0.1,False,342.4,685.27,0.34259,18.25,1783135966
All Pools,CATGE - AVAX,0.1,False,342.39,685.26,0.34258,18.25,1783135966
All Pools,WGC - AVAX,0.1,False,342.39,685.26,0.34258,18.25,1783135966
All Pools,GODZ - AVAX,0.1,False,342.39,685.26,0.34258,18.25,1783135966
All Pools,STI - AVAX,0.1,False,342.39,685.26,0.34258,18.25,1783135966
All Pools,XMT - AVAX,0.1,False,342.39,685.26,0.34258,18.25,1783135966
All Pools,HO - AVAX,0.1,False,342.39,685.26,0.34258,18.25,1783135966
All Pools,TTN - AVAX,0.1,False,342.39,685.26,0.34258,18.25,1783135966
All Pools,SHL - AVAX,0.1,False,342.39,685.26,0.34258,18.25,1783135966
All Pools,LOCUS - AVAX,0.1,False,342.39,685.26,0.34258,18.25,1783135966
All Pools,AFNTY - AVAX,0.1,False,342.39,685.26,0.34258,18.25,1783135966
All Pools,ROG - AVAX,0.1,False,342.39,-1.367,0.34258,-9149.63,1783135966
All Pools,NETA - AVAX,0.1,False,342.39,685.26,0.34258,18.25,1783135966
All Pools,VFX - AVAX,0.1,False,342.38,685.23,0.34257,18.25,1783135966
All Pools,HUNT - AVAX,0.1,False,342.38,685.23,0.34257,18.25,1783135966
All Pools,SET - AVAX,0.1,False,342.38,685.23,0.34257,18.25,1783135966
All Pools,MMIP - AVAX,0.1,False,342.38,685.23,0.34257,18.25,1783135966
All Pools,PE - AVAX,0.1,False,342.38,685.23,0.34257,18.25,1783135966
All Pools,ETH - AVAX,0.1,False,342.38,-1.381,0.34257,-9053.74,1783135966
All Pools,EXAUSDC.E - AVAX,0.1,False,342.38,685.22,0.34256,18.25,1783135966
All Pools,BRRR - AVAX,0.1,False,342.38,685.22,0.34256,18.25,1783135966
All Pools,WWEMIX - AVAX,0.1,False,342.38,-1.385,0.34256,-9028.65,1783135966
All Pools,YOURMOM - AVAX,0.1,False,342.38,685.22,0.34256,18.25,1783135966
All Pools,EFT - AVAX,0.1,False,342.38,685.22,0.34256,18.25,1783135966
All Pools,ARUSD - AVAX,0.1,False,342.38,685.22,0.34256,18.25,1783135966
All Pools,AMT - AVAX,0.1,False,342.37,685.21,0.34256,18.25,1783135966
All Pools,DROID - AVAX,0.1,False,342.37,685.21,0.34256,18.25,1783135966
All Pools,CTUSD - AVAX,0.1,False,342.37,685.21,0.34256,18.25,1783135966
All Pools,JUSD - AVAX,0.1,False,342.37,685.21,0.34256,18.25,1783135966
All Pools,TBCC - AVAX,0.1,False,342.37,685.21,0.34256,18.25,1783135966
All Pools,TKC - AVAX,0.1,False,342.37,685.21,0.34256,18.25,1783135966
All Pools,STEP - AVAX,0.1,False,342.37,685.21,0.34256,18.25,1783135966
All Pools,AMI - AVAX,0.1,False,342.37,685.21,0.34256,18.25,1783135966
All Pools,IBETH - AVAX,0.1,False,342.37,685.21,0.34256,18.25,1783135966
All Pools,QWLA - AVAX,0.1,False,342.37,685.21,0.34256,18.25,1783135966
All Pools,MOON - AVAX,0.1,False,342.37,685.21,0.34256,18.25,1783135966
All Pools,BEZO - AVAX,0.1,False,342.37,685.21,0.34256,18.25,1783135966
All Pools,CHAT - AVAX,0.1,False,342.37,685.21,0.34256,18.25,1783135966
All Pools,CCFI - AVAX,0.1,False,342.37,685.21,0.34256,18.25,1783135966
All Pools,AKTIO - AVAX,0.1,False,342.36,685.2,0.34255,18.25,1783135966
All Pools,MEB - AVAX,0.1,False,342.36,685.2,0.34255,18.25,1783135966
All Pools,BMSFT - AVAX,0.1,False,342.36,685.19,0.34255,18.25,1783135966
All Pools,STOMB - AVAX,0.1,False,342.36,685.19,0.34255,18.25,1783135966
All Pools,ICSA - AVAX,0.1,False,342.36,685.19,0.34255,18.25,1783135966
All Pools,HARE - AVAX,0.1,False,342.36,685.19,0.34255,18.25,1783135966
All Pools,BRG - AVAX,0.1,False,342.36,685.19,0.34255,18.25,1783135966
All Pools,BET - AVAX,0.1,False,342.36,685.19,0.34255,18.25,1783135966
All Pools,USDW - AVAX,0.1,False,342.36,685.19,0.34255,18.25,1783135966
All Pools,XETH - AVAX,0.1,False,342.33,685.12,0.34251,18.25,1783135966
All Pools,GNFT - AVAX,0.1,False,342.33,685.12,0.34251,18.25,1783135966
All Pools,WMEMO - AVAX,0.1,False,342.33,685.12,0.34251,18.25,1783135966
All Pools,ANIMA - AVAX,0.1,False,342.33,685.12,0.34251,18.25,1783135966
All Pools,HAUST - AVAX,0.1,False,342.33,685.12,0.34251,18.25,1783135966
All Pools,LFIT - AVAX,0.1,False,342.33,685.12,0.34251,18.25,1783135966
All Pools,VFX - AVAX,0.1,False,342.32,685.11,0.34251,18.25,1783135966
All Pools,VRT - AVAX,0.1,False,342.32,685.11,0.34251,18.25,1783135966
All Pools,LAND - AVAX,0.1,False,342.32,685.11,0.34251,18.25,1783135966
All Pools,SHARP - AVAX,0.1,False,342.32,685.11,0.34251,18.25,1783135966
All Pools,NEXT - AVAX,0.1,False,342.32,-1.439,0.34251,-8686.48,1783135966
All Pools,SSU - AVAX,0.1,False,342.32,685.11,0.34251,18.25,1783135966
All Pools,HMKR - AVAX,0.1,False,342.31,685.09,0.3425,18.25,1783135966
All Pools,CRAZYBUNNY - AVAX,0.1,False,342.31,685.09,0.3425,18.25,1783135966
All Pools,REAL - AVAX,0.1,False,342.31,685.09,0.3425,18.25,1783135966
All Pools,CWT - AVAX,0.1,False,342.31,685.09,0.3425,18.25,1783135966
All Pools,LSULP - AVAX,0.1,False,342.31,685.09,0.3425,18.25,1783135966
All Pools,TUK - AVAX,0.1,False,342.31,685.09,0.3425,18.25,1783135966
All Pools,IFLUX - AVAX,0.1,False,342.3,685.07,0.34249,18.25,1783135966
All Pools,T1MT - AVAX,0.1,False,342.3,685.07,0.34249,18.25,1783135966
All Pools,KILT - AVAX,0.1,False,342.3,685.07,0.34249,18.25,1783135966
All Pools,FFE - AVAX,0.1,False,342.3,685.07,0.34249,18.25,1783135966
All Pools,CC - AVAX,0.1,False,342.3,685.07,0.34249,18.25,1783135966
All Pools,PRO - AVAX,0.1,False,342.3,685.07,0.34249,18.25,1783135966
All Pools,PORNROCKET - AVAX,0.1,False,342.3,685.07,0.34249,18.25,1783135966
All Pools,$BUD - AVAX,0.1,False,342.3,685.07,0.34249,18.25,1783135966
All Pools,ARKY - AVAX,0.1,False,342.3,685.07,0.34249,18.25,1783135966
All Pools,ARC - AVAX,0.1,False,342.3,685.07,0.34249,18.25,1783135966
All Pools,THUSD - AVAX,0.1,False,342.3,685.07,0.34249,18.25,1783135966
All Pools,PLUMS - AVAX,0.1,False,342.3,685.06,0.34248,18.25,1783135966
All Pools,FIST - AVAX,0.1,False,342.3,685.06,0.34248,18.25,1783135966
All Pools,MELD - AVAX,0.1,False,342.3,685.06,0.34248,18.25,1783135966
All Pools,SSS - AVAX,0.1,False,342.3,685.06,0.34248,18.25,1783135966
All Pools,EUSX - AVAX,0.1,False,342.3,685.06,0.34248,18.25,1783135966
All Pools,SIGRSV - AVAX,0.1,False,342.3,685.06,0.34248,18.25,1783135966
All Pools,TOTEM - AVAX,0.1,False,342.29,685.05,0.34248,18.25,1783135966
All Pools,VLTC - AVAX,0.1,False,342.29,685.05,0.34248,18.25,1783135966
All Pools,BRCA - AVAX,0.1,False,342.29,685.05,0.34248,18.25,1783135966
All Pools,NEX - AVAX,0.1,False,342.29,685.05,0.34248,18.25,1783135966
All Pools,COREUM - AVAX,0.1,False,342.29,685.05,0.34248,18.25,1783135966
All Pools,TAT - AVAX,0.1,False,342.29,685.05,0.34248,18.25,1783135966
All Pools,TRIP - AVAX,0.1,False,342.29,685.05,0.34248,18.25,1783135966
All Pools,TOKAU - AVAX,0.1,False,342.29,685.05,0.34248,18.25,1783135966
All Pools,LORE - AVAX,0.1,False,342.29,685.05,0.34248,18.25,1783135966
All Pools,LATOM - AVAX,0.1,False,342.29,685.05,0.34248,18.25,1783135966
All Pools,LOAN - AVAX,0.1,False,342.29,685.04,0.34247,18.25,1783135966
All Pools,TNQ - AVAX,0.1,False,342.29,685.04,0.34247,18.25,1783135966
All Pools,VBTC - AVAX,0.1,False,342.28,685.04,0.34247,18.25,1783135966
All Pools,SOLAREUM - AVAX,0.1,False,342.28,685.04,0.34247,18.25,1783135966
All Pools,INVAAI - AVAX,0.1,False,342.28,685.04,0.34247,18.25,1783135966
All Pools,MRS - AVAX,0.1,False,342.28,685.04,0.34247,18.25,1783135966
All Pools,BODAV2 - AVAX,0.1,False,342.28,685.04,0.34247,18.25,1783135966
All Pools,MRC - AVAX,0.1,False,342.28,685.04,0.34247,18.25,1783135966
All Pools,MEEB - AVAX,0.1,False,342.28,685.03,0.34247,18.25,1783135966
All Pools,AETHR - AVAX,0.1,False,342.27,685.02,0.34246,18.25,1783135966
All Pools,GM - AVAX,0.1,False,342.27,685.02,0.34246,18.25,1783135966
All Pools,TOTT - AVAX,0.1,False,342.27,685.02,0.34246,18.25,1783135966
All Pools,LUSD - AVAX,0.1,False,342.27,685.02,0.34246,18.25,1783135966
All Pools,WASD - AVAX,0.1,False,342.27,685.02,0.34246,18.25,1783135966
All Pools,DXL - AVAX,0.1,False,342.27,685.02,0.34246,18.25,1783135966
All Pools,WATT - AVAX,0.1,False,342.27,685.01,0.34246,18.25,1783135966
All Pools,SNOW - AVAX,0.1,False,342.26,685.0,0.34245,18.25,1783135966
All Pools,VIGI - AVAX,0.1,False,342.26,685.0,0.34245,18.25,1783135966
All Pools,LEKS - AVAX,0.1,False,342.26,685.0,0.34245,18.25,1783135966
All Pools,KAIJU - AVAX,0.1,False,342.26,685.0,0.34245,18.25,1783135966
All Pools,VENOM - AVAX,0.1,False,342.25,684.97,0.34244,18.25,1783135966
All Pools,BMX - AVAX,0.1,False,342.25,684.97,0.34244,18.25,1783135966
All Pools,VBCH - AVAX,0.1,False,342.25,684.97,0.34244,18.25,1783135966
All Pools,$5SCAPE - AVAX,0.1,False,342.25,684.97,0.34244,18.25,1783135966
All Pools,AID - AVAX,0.1,False,342.25,684.97,0.34244,18.25,1783135966
All Pools,WMN - AVAX,0.1,False,342.25,684.97,0.34244,18.25,1783135966
All Pools,ALIGN - AVAX,0.1,False,342.24,-1.522,0.34243,-8213.33,1783135966
All Pools,PAN - AVAX,0.1,False,342.24,684.95,0.34243,18.25,1783135966
All Pools,ERO.D - AVAX,0.1,False,342.24,684.95,0.34243,18.25,1783135966
All Pools,DUOLX - AVAX,0.1,False,342.24,684.95,0.34243,18.25,1783135966
All Pools,IXAD - AVAX,0.1,False,342.24,-1.522,0.34243,-8213.33,1783135966
All Pools,FLAP - AVAX,0.1,False,342.24,684.95,0.34243,18.25,1783135966
All Pools,GRANT - AVAX,0.1,False,342.24,-1.524,0.34242,-8202.49,1783135966
All Pools,TCL - AVAX,0.1,False,342.24,684.94,0.34242,18.25,1783135966
All Pools,DC - AVAX,0.1,False,342.24,684.94,0.34242,18.25,1783135966
All Pools,GPTPLUS - AVAX,0.1,False,342.24,684.94,0.34242,18.25,1783135966
All Pools,FUACK - AVAX,0.1,False,342.24,684.94,0.34242,18.25,1783135966
All Pools,BABYBOME - AVAX,0.1,False,342.24,684.94,0.34242,18.25,1783135966
All Pools,TURBO - AVAX,0.1,False,342.24,684.94,0.34242,18.25,1783135966
All Pools,NERO - AVAX,0.1,False,342.24,684.94,0.34242,18.25,1783135966
All Pools,THE - AVAX,0.1,False,342.24,684.94,0.34242,18.25,1783135966
All Pools,TOMOE - AVAX,0.1,False,342.24,-1.525,0.34242,-8197.71,1783135966
All Pools,ZED - AVAX,0.1,False,342.24,-1.525,0.34242,-8197.71,1783135966
All Pools,GOB - AVAX,0.1,False,342.24,684.94,0.34242,18.25,1783135966
All Pools,BMSTR - AVAX,0.1,False,342.24,684.94,0.34242,18.25,1783135966
All Pools,COPYCAT - AVAX,0.1,False,342.24,684.94,0.34242,18.25,1783135966
All Pools,@G - AVAX,0.1,False,342.24,684.94,0.34242,18.25,1783135966
All Pools,OOJU - AVAX,0.1,False,342.24,684.94,0.34242,18.25,1783135966
All Pools,BLACK - AVAX,0.1,False,342.23,684.92,0.34242,18.25,1783135966
All Pools,T3CRV - AVAX,0.1,False,342.23,684.92,0.34242,18.25,1783135966
All Pools,COLLECT - AVAX,0.1,False,342.22,684.92,0.34241,18.25,1783135966
All Pools,AAMMUNIAAVEWETH - AVAX,0.1,False,342.22,684.91,0.34241,18.25,1783135966
All Pools,CONX - AVAX,0.1,False,342.22,684.91,0.34241,18.25,1783135966
All Pools,BABYTOMCAT - AVAX,0.1,False,342.22,684.91,0.34241,18.25,1783135966
All Pools,BESA - AVAX,0.1,False,342.22,684.91,0.34241,18.25,1783135966
All Pools,LPL - AVAX,0.1,False,342.22,684.91,0.34241,18.25,1783135966
All Pools,AMINO - AVAX,0.1,False,342.22,684.91,0.34241,18.25,1783135966
All Pools,LFNTY - AVAX,0.1,False,342.21,684.9,0.3424,18.25,1783135966
All Pools,AURUM - AVAX,0.1,False,342.21,684.9,0.3424,18.25,1783135966
All Pools,ZENC - AVAX,0.1,False,342.21,684.9,0.3424,18.25,1783135966
All Pools,BLUE - AVAX,0.1,False,342.21,684.9,0.3424,18.25,1783135966
All Pools,BOGE - AVAX,0.1,False,342.21,684.9,0.3424,18.25,1783135966
All Pools,FLOOP - AVAX,0.1,False,342.21,684.9,0.3424,18.25,1783135966
All Pools,IETHV2 - AVAX,0.1,False,342.21,684.88,0.34239,18.25,1783135966
All Pools,ECP - AVAX,0.1,False,342.21,684.88,0.34239,18.25,1783135966
All Pools,GLE - AVAX,0.1,False,342.21,684.88,0.34239,18.25,1783135966
All Pools,LIMITIESS - AVAX,0.1,False,342.21,684.88,0.34239,18.25,1783135966
All Pools,GCME - AVAX,0.1,False,342.21,684.88,0.34239,18.25,1783135966
All Pools,BALA - AVAX,0.1,False,342.21,684.88,0.34239,18.25,1783135966
All Pools,SUSD - AVAX,0.1,False,342.21,684.88,0.34239,18.25,1783135966
All Pools,USDM - AVAX,0.1,False,342.2,684.87,0.34239,18.25,1783135966
All Pools,STONE - AVAX,0.1,False,342.2,684.87,0.34239,18.25,1783135966
All Pools,AMC.D - AVAX,0.1,False,342.19,-1.571,0.34238,-7956.11,1783135966
All Pools,MAGIC - AVAX,0.1,False,342.19,684.85,0.34238,18.25,1783135966
All Pools,CAPY - AVAX,0.1,False,342.19,684.85,0.34238,18.25,1783135966
All Pools,GECKO - AVAX,0.1,False,342.19,684.85,0.34238,18.25,1783135966
All Pools,BBADGER - AVAX,0.1,False,342.19,684.85,0.34238,18.25,1783135966
All Pools,GROOVE - AVAX,0.1,False,342.18,684.84,0.34237,18.25,1783135966
All Pools,GO4 - AVAX,0.1,False,342.18,684.84,0.34237,18.25,1783135966
All Pools,AYNI - AVAX,0.1,False,342.18,684.84,0.34237,18.25,1783135966
All Pools,UNBNK - AVAX,0.1,False,342.18,684.84,0.34237,18.25,1783135966
All Pools,OC - AVAX,0.1,False,342.18,684.84,0.34237,18.25,1783135966
All Pools,COLX - AVAX,0.1,False,342.18,684.84,0.34237,18.25,1783135966
All Pools,PLEB - AVAX,0.1,False,342.16,684.79,0.34235,18.25,1783135966
All Pools,PINK - AVAX,0.1,False,342.16,684.79,0.34235,18.25,1783135966
All Pools,DOJO - AVAX,0.1,False,342.16,684.79,0.34235,18.25,1783135966
All Pools,LYD - AVAX,0.1,False,342.16,684.79,0.34235,18.25,1783135966
All Pools,PKN - AVAX,0.1,False,342.16,684.79,0.34235,18.25,1783135966
All Pools,SPY - AVAX,0.1,False,342.16,684.79,0.34235,18.25,1783135966
All Pools,ANARCHY - AVAX,0.1,False,342.16,684.79,0.34235,18.25,1783135966
All Pools,XRPC - AVAX,0.1,False,342.15,684.78,0.34234,18.25,1783135966
All Pools,DUBBZ - AVAX,0.1,False,342.15,684.78,0.34234,18.25,1783135966
All Pools,YVRAI - AVAX,0.1,False,342.15,684.78,0.34234,18.25,1783135966
All Pools,KYROS - AVAX,0.1,False,342.15,684.78,0.34234,18.25,1783135966
All Pools,GDT - AVAX,0.1,False,342.15,684.78,0.34234,18.25,1783135966
All Pools,XVG - AVAX,0.1,False,342.15,684.78,0.34234,18.25,1783135966
All Pools,TAO - AVAX,0.1,False,342.15,689.29,0.34234,18.13,1783135966
All Pools,KOJI - AVAX,0.1,False,342.14,684.76,0.34233,18.25,1783135966
All Pools,AVAX - ALVA,0.3,False,325.28,929.12,0.8132,31.95,1783135966
All Pools,KLO - AVAX,0.3,False,305.83,12311.0,0.76459,2.27,1783135966
All Pools,HUSKY - AVAX,0.3,False,290.35,2473.58,0.72587,10.71,1783135966
All Pools,AVAX - MPLX,0.3,False,284.98,1.371,0.71246,18966.8,1783135966
All Pools,GGP - AVAX,0.3,False,266.51,35668.0,0.66627,0.68,1783135966
All Pools,AVAX - XAVA,0.3,False,226.26,13561.0,0.56564,1.52,1783135966
All Pools,MAI - AVAX,0.3,False,215.76,1625.17,0.5394,12.11,1783135966
All Pools,WETH.e - USDC.e,0.3,False,197.29,10722.0,0.49323,1.68,1783135966
All Pools,SB - AVAX,0.3,False,149.48,6528.41,0.37369,2.09,1783135966
All Pools,AI - AVAX,0.3,False,142.99,3149.94,0.35749,4.14,1783135966
All Pools,gOHM - AVAX,0.3,False,129.29,125862.0,0.32322,0.09,1783135966
All Pools,MIM - SB,0.3,False,116.37,2356.31,0.29092,4.51,1783135966
All Pools,Balln - AVAX,0.3,False,111.29,4029.46,0.27823,2.52,1783135966
All Pools,MIM - USDT.e,0.3,False,107.31,1514.92,0.26828,6.46,1783135966
All Pools,w3ULL - AVAX,0.3,False,100.68,51853.0,0.25169,0.18,1783135966
All Pools,MONEY - AVAX,0.3,False,89.43,476.89,0.22358,17.11,1783135966
All Pools,ALOT - AVAX,0.3,False,78.74,10547.0,0.19685,0.68,1783135966
All Pools,UST - AVAX,0.3,False,60.75,6118.22,0.15188,0.91,1783135966
All Pools,AVAX - JUICE,0.3,False,60.33,9796.31,0.15082,0.56,1783135966
All Pools,APIX - USDt,0.3,False,58.14,6132.06,0.14536,0.87,1783135966
All Pools,AVAX - GEC,0.3,False,53.72,28269.0,0.13429,0.17,1783135966
All Pools,MIM - USDC.e,0.3,False,49.2,771.09,0.12299,5.82,1783135966
All Pools,USDt - USDT.e,0.3,False,45.17,20417.0,0.11292,0.2,1783135966
All Pools,OSAK - AVAX,0.3,False,43.24,3492.63,0.10811,1.13,1783135966
All Pools,AVAX - AMI,0.3,False,42.54,366.59,0.10635,10.59,1783135966
All Pools,AVAX - SOLNIC,0.3,False,41.75,3863.8,0.10439,0.99,1783135966
All Pools,FLD - AVAX,0.3,False,35.83,36770.0,0.08957,0.09,1783135966
All Pools,ROY - AVAX,0.3,False,35.66,4177.45,0.08915,0.78,1783135966
All Pools,APIX - USDC,0.3,False,35.2,3066.96,0.088,1.05,1783135966
All Pools,AVAX - UST,0.3,False,33.44,7124.07,0.08359,0.43,1783135966
All Pools,GMX - AVAX,0.3,False,32.6,4028.8,0.08149,0.74,1783135966
All Pools,APIX - ID,0.3,False,29.17,20437.0,0.07293,0.13,1783135966
All Pools,MIM - WETH.e,0.3,False,28.73,487.75,0.07183,5.38,1783135966
All Pools,SWORLD - AVAX,0.3,False,27.48,2135.42,0.0687,1.17,1783135966
All Pools,PNG - AVAX,0.3,False,26.95,854.77,0.06736,2.88,1783135966
All Pools,USDt - ncash,0.3,False,26.48,1033.81,0.06619,2.34,1783135966
All Pools,gOHM - FRAX,0.3,False,26.14,3452.39,0.06535,0.69,1783135966
All Pools,BOI - AVAX,0.3,False,24.73,42.22,0.06182,53.45,1783135966
All Pools,MAJIN - AVAX,0.3,False,24.66,3109.01,0.06166,0.72,1783135966
All Pools,AVAX - TOPIA,0.3,False,24.09,1033.04,0.06023,2.13,1783135966
All Pools,GENI - USDC,0.3,False,23.6,1198.8,0.059,1.8,1783135966
All Pools,YAK - USDC.e,0.3,False,23.09,207.03,0.05772,10.18,1783135966
All Pools,APIX - ARENA,0.3,False,18.91,1800.9,0.04728,0.96,1783135966
All Pools,BLSEYE🎯 - AVAX,0.3,False,18.79,4794.28,0.04696,0.36,1783135966
All Pools,YEEHAW - CHAMP,0.3,False,17.93,987.63,0.04483,1.66,1783135966
All Pools,DPS - USDC,0.3,False,17.18,1842.79,0.04295,0.85,1783135966
All Pools,GUN - BLSEYE🎯,0.3,False,16.99,477.74,0.04248,3.25,1783135966
All Pools,HUSKY - JOE,0.3,False,15.68,113.73,0.03921,12.58,1783135966
All Pools,USDC.e - sSB,0.3,False,14.3,899.67,0.03574,1.45,1783135966
All Pools,GUN - AVAX,0.3,False,13.79,213.06,0.03447,5.9,1783135966
All Pools,AVAX - aXEN,0.3,False,13.32,184.95,0.0333,6.57,1783135966
All Pools,STG - USDC,0.3,False,13.18,1296.09,0.03294,0.93,1783135966
All Pools,USDC.e - WMATIC,0.3,False,13.14,16.55,0.03285,72.45,1783135966
All Pools,ABC - AVAX,0.3,False,12.99,597.23,0.03247,1.98,1783135966
All Pools,Psychic - AVAX,0.3,False,12.86,934.43,0.03216,1.26,1783135966
All Pools,DCAU - USDT.e,0.3,False,12.35,5054.28,0.03088,0.22,1783135966
All Pools,Psychic - BLACK,0.3,False,12.16,301.5,0.0304,3.68,1783135966
All Pools,BTC.b - TOPIA,0.3,False,11.92,416.08,0.02981,2.61,1783135966
All Pools,SECOND - AVAX,0.3,False,11.17,1492.63,0.02792,0.68,1783135966
All Pools,SECOND - USDC,0.3,False,11.16,6981.19,0.02791,0.15,1783135966
All Pools,JEWEL - USDC,0.3,False,11.12,3881.02,0.0278,0.26,1783135966
All Pools,RGOGLZ - USDC,0.3,False,10.89,1364.81,0.02723,0.73,1783135966
All Pools,AVAX - TIME,0.3,False,10.69,606.12,0.02673,1.61,1783135966
All Pools,WOLF - AVAX,0.3,False,9.979,30361.0,0.02495,0.03,1783135966
All Pools,DCAU - AVAX,0.3,False,9.891,1048.75,0.02473,0.86,1783135966
All Pools,STG - AVAX,0.3,False,9.759,1118.74,0.0244,0.8,1783135966
All Pools,WOO.e - AVAX,0.3,False,9.226,72.4,0.02307,11.63,1783135966
All Pools,LF - AVAX,0.3,False,9.194,298.27,0.02298,2.81,1783135966
All Pools,MIM - LF,0.3,False,9.129,405.02,0.02282,2.06,1783135966
All Pools,HEMIBTC - AVAX,0.3,False,9.042,0.04023,0.0226,20509.71,1783135966
All Pools,AVAX - FRAX,0.3,False,8.865,716.2,0.02216,1.13,1783135966
All Pools,SPORE - USDC,0.3,False,8.104,1439.92,0.02026,0.51,1783135966
All Pools,AVAX - XPOW,0.3,False,7.816,1362.09,0.01954,0.52,1783135966
All Pools,HUSKY - AMI,0.3,False,7.511,50.82,0.01878,13.49,1783135966
All Pools,SWOL - AVAX,0.3,False,7.446,37.6,0.01862,18.07,1783135966
All Pools,yes - AVAX,0.3,False,6.983,1115.49,0.01746,0.57,1783135966
All Pools,AVAX - PEFI,0.3,False,6.982,3421.24,0.01745,0.19,1783135966
All Pools,BLSEYE🎯 - ARENA,0.3,False,6.946,929.37,0.01737,0.68,1783135966
All Pools,UNIX - AVAX,0.3,False,6.84,155.97,0.0171,4.0,1783135966
All Pools,FITFI - USDT.e,0.3,False,6.73,178.24,0.01682,3.45,1783135966
All Pools,MYST - AVAX,0.3,False,6.679,686.57,0.0167,0.89,1783135966
All Pools,USDC.e - MU,0.3,False,6.591,13160.0,0.01648,0.05,1783135966
All Pools,sAVAX - AVAX,0.3,False,6.574,182701.0,0.01644,0.0,1783135966
All Pools,DCAU - MIM,0.3,False,5.865,113.59,0.01466,4.71,1783135966
All Pools,ABC - HOWDY,0.3,False,5.845,518.06,0.01461,1.03,1783135966
All Pools,JOE - USDT,0.3,False,5.676,303.6,0.01419,1.71,1783135966
All Pools,HOWDY - AVAX,0.3,False,5.667,6788.08,0.01417,0.08,1783135966
All Pools,ORNG - JUCI,0.3,False,5.349,252.39,0.01337,1.93,1783135966
All Pools,MIM - MU,0.3,False,4.976,95.03,0.01244,4.78,1783135966
All Pools,USV - DAI.e,0.3,False,4.683,4040.1,0.01171,0.11,1783135966
All Pools,HATCHY - AVAX,0.3,False,4.649,7169.9,0.01162,0.06,1783135966
All Pools,Psychic - XAUt0,0.3,False,4.611,6021.18,0.01153,0.07,1783135966
All Pools,MIM - SDOG,0.3,False,4.503,92.39,0.01126,4.45,1783135966
All Pools,USDC - SDOG,0.3,False,4.459,368.96,0.01115,1.1,1783135966
All Pools,MAI - TOMB,0.3,False,4.457,132.04,0.01114,3.08,1783135966
All Pools,MIM - GG,0.3,False,4.384,71.73,0.01096,5.58,1783135966
All Pools,YOU - ORNG,0.3,False,4.339,1406.27,0.01085,0.28,1783135966
All Pools,SOL - USDC,0.3,False,4.317,21.54,0.01079,18.28,1783135966
All Pools,PNG - JOE,0.3,False,4.278,127.15,0.0107,3.07,1783135966
All Pools,USDC.e - WXT,0.3,False,4.24,220.22,0.0106,1.76,1783135966
All Pools,ORNG - SAI,0.3,False,4.154,110.49,0.01038,3.43,1783135966
All Pools,AVAX - ELK,0.3,False,4.068,1357.73,0.01017,0.27,1783135966
All Pools,AVAX - mYAK,0.3,False,4.047,48.16,0.01012,7.67,1783135966
All Pools,3QF - D - AVAX,0.3,False,4.017,1353.92,0.01004,0.27,1783135966
All Pools,3QF - D - WETH.e,0.3,False,4.01,2387.34,0.01002,0.15,1783135966
All Pools,AAVE.e - REDWOLF,0.3,False,3.799,147.77,0.0095,2.35,1783135966
All Pools,MYST - USDC,0.3,False,3.657,222.76,0.00914,1.5,1783135966
All Pools,MIM - PEFI,0.3,False,3.629,68.5,0.00907,4.83,1783135966
All Pools,LINK.e - USDT.e,0.3,False,3.515,218.47,0.00879,1.47,1783135966
All Pools,ORNG - FLUX,0.3,False,3.376,107.22,0.00844,2.87,1783135966
All Pools,WORM - AVAX,0.3,False,3.364,295.28,0.00841,1.04,1783135966
All Pools,REDWOLF - AVAX,0.3,False,3.334,407.26,0.00834,0.75,1783135966
All Pools,Now - BLACK,0.3,False,3.333,277.58,0.00833,1.1,1783135966
All Pools,DPS - AVAX,0.3,False,3.246,187.69,0.00811,1.58,1783135966
All Pools,TSD - AVAX,0.3,False,3.203,186.04,0.00801,1.57,1783135966
All Pools,AVAX - AKITAX,0.3,False,3.179,13.63,0.00795,21.29,1783135966
All Pools,AVAX - DOMI,0.3,False,3.018,11393.0,0.00754,0.02,1783135966
All Pools,SWIFT - USDC.e,0.3,False,2.892,477.85,0.00723,0.55,1783135966
All Pools,COQ - BLSEYE🎯,0.3,False,2.886,155.93,0.00721,1.69,1783135966
All Pools,avUSD - sAVAX,0.3,False,2.882,232.02,0.0072,1.13,1783135966
All Pools,SWIFT - WETH.e,0.3,False,2.813,1253.09,0.00703,0.2,1783135966
All Pools,HEFE - AVAX,0.3,False,2.752,26879.0,0.00688,0.01,1783135966
All Pools,UST - USDC.e,0.3,False,2.747,684.24,0.00687,0.37,1783135966
All Pools,MIM - USDC,0.3,False,2.705,29.67,0.00676,8.32,1783135966
All Pools,ORNG - MOOM,0.3,False,2.701,195.43,0.00675,1.26,1783135966
All Pools,DUNKZ - AVAX,0.3,False,2.688,378.68,0.00672,0.65,1783135966
All Pools,AVAX - Seventeen,0.3,False,2.629,218.89,0.00657,1.1,1783135966
All Pools,ISA - USDC.e,0.3,False,2.474,436.68,0.00619,0.52,1783135966
All Pools,miMatic - AVAX,0.3,False,2.469,33.24,0.00617,6.78,1783135966
All Pools,XROSS - ORNG,0.3,False,2.448,240.4,0.00612,0.93,1783135966
All Pools,SHRAP - DOMI,0.3,False,2.406,173.13,0.00602,1.27,1783135966
All Pools,DATCM - ORNG,0.3,False,2.331,238.96,0.00583,0.89,1783135966
All Pools,ISA - AVAX,0.3,False,2.324,1135.22,0.00581,0.19,1783135966
All Pools,APIX - LAMBO,0.3,False,2.295,418.88,0.00574,0.5,1783135966
All Pools,AVAX - NaughtiusMaximus,0.3,False,2.234,355.24,0.00559,0.57,1783135966
All Pools,LINK.e - USDC.e,0.3,False,2.144,181.62,0.00536,1.08,1783135966
All Pools,BEAM - AVAX,0.3,False,2.069,373.87,0.00517,0.5,1783135966
All Pools,BOOTY - AVAX,0.3,False,2.041,1621.48,0.0051,0.11,1783135966
All Pools,UST - USDC,0.3,False,1.989,440.2,0.00497,0.41,1783135966
All Pools,JOE - KRW,0.3,False,1.959,161.36,0.0049,1.11,1783135966
All Pools,KRW - AVAX,0.3,False,1.956,336.65,0.00489,0.53,1783135966
All Pools,ONDO - AVAX,0.3,False,1.895,0.28688,0.00474,602.75,1783135966
All Pools,$Crazy - AVAX,0.3,False,1.833,787.63,0.00458,0.21,1783135966
All Pools,MIM - wsOHM,0.3,False,1.815,180.98,0.00454,0.92,1783135966
All Pools,ETHM - AVAX,0.3,False,1.807,25.94,0.00452,6.36,1783135966
All Pools,WETH - USDC.e,0.3,False,1.752,196.92,0.00438,0.81,1783135966
All Pools,AVAX - SOCK,0.3,False,1.716,2567.07,0.00429,0.06,1783135966
All Pools,USDC - SOCK,0.3,False,1.706,432.59,0.00426,0.36,1783135966
All Pools,HUSKY - MUG,0.3,False,1.642,16.26,0.0041,9.21,1783135966
All Pools,TRESR - AVAX,0.3,False,1.634,8359.37,0.00408,0.02,1783135966
All Pools,WETH.e - ONION,0.3,False,1.621,226.94,0.00405,0.65,1783135966
All Pools,WBTC.e - USDT.e,0.3,False,1.609,154.3,0.00402,0.95,1783135966
All Pools,GENI - AVAX,0.3,False,1.57,52.49,0.00393,2.73,1783135966
All Pools,COQ - COQAI,0.3,False,1.474,20323.0,0.00369,0.01,1783135966
All Pools,USDt - INFRA.e,0.3,False,1.456,25050.0,0.00364,0.01,1783135966
All Pools,REDWOLF - USDC,0.3,False,1.453,189.86,0.00363,0.7,1783135966
All Pools,ZRO - AVAX,0.3,False,1.45,141.62,0.00363,0.93,1783135966
All Pools,USDT.e - ONION,0.3,False,1.438,737.69,0.00359,0.18,1783135966
All Pools,KAIA - AVAX,0.3,False,1.435,1.64,0.00359,79.83,1783135966
All Pools,JOE - EXP,0.3,False,1.425,10898842.0,0.00356,,1783135966
All Pools,AVAX - APOW,0.3,False,1.413,1474.8,0.00353,0.09,1783135966
All Pools,WETH.e - USDT.e,0.3,False,1.402,145.89,0.00351,0.88,1783135966
All Pools,APOW - AVAX,0.3,False,1.4,651.28,0.0035,0.2,1783135966
All Pools,AVAX - USDT,0.3,False,1.397,1814.57,0.00349,0.07,1783135966
All Pools,WETH.e - REDWOLF,0.3,False,1.374,82.8,0.00343,1.51,1783135966
All Pools,REDWOLF - WMATIC,0.3,False,1.344,2.128,0.00336,57.62,1783135966
All Pools,APOW - XPOW,0.3,False,1.315,397.75,0.00329,0.3,1783135966
All Pools,TOMB - USDC,0.3,False,1.246,10.39,0.00311,10.94,1783135966
All Pools,MAGICK - USDC,0.3,False,1.241,217.1,0.0031,0.52,1783135966
All Pools,AMI - TOPIA,0.3,False,1.241,143.86,0.0031,0.79,1783135966
All Pools,XAUt0 - NaughtiusMaximus,0.3,False,1.191,924.23,0.00298,0.12,1783135966
All Pools,MIM - TIME,0.3,False,1.178,26.98,0.00294,3.98,1783135966
All Pools,GURS - AVAX,0.3,False,1.172,5878.78,0.00293,0.02,1783135966
All Pools,HOST - DAI.e,0.3,False,1.155,2536.88,0.00289,0.04,1783135966
All Pools,LUNA - USDC.e,0.3,False,1.141,340.88,0.00285,0.31,1783135966
All Pools,AVAX - CLY,0.3,False,1.138,23356.0,0.00285,0.0,1783135966
All Pools,USDT.e - CLY,0.3,False,1.136,187.16,0.00284,0.55,1783135966
All Pools,Ush - AVAX,0.3,False,1.13,2220.59,0.00283,0.05,1783135966
All Pools,MIM - DAI.e,0.3,False,1.127,19.67,0.00282,5.23,1783135966
All Pools,MAGICK - AVAX,0.3,False,1.106,278.56,0.00276,0.36,1783135966
All Pools,SWIFT - AVAX,0.3,False,1.074,237.98,0.00269,0.41,1783135966
All Pools,YUSD - AVAX,0.3,False,1.068,119.87,0.00267,0.81,1783135966
All Pools,NaughtiusMaximus - Seventeen,0.3,False,1.045,719.7,0.00261,0.13,1783135966
All Pools,EGG - AVAX,0.3,False,1.033,17329.0,0.00258,0.01,1783135966
All Pools,STEAK - AVAX,0.3,False,1.032,10409.0,0.00258,0.01,1783135966
All Pools,SPC - DAI.e,0.3,False,1.024,20.49,0.00256,4.56,1783135966
All Pools,miMatic - USDC.e,0.3,False,1.005,24.2,0.00251,3.79,1783135966
All Pools,USDC.e - AVVO,0.3,False,0.97667,228.83,0.00244,0.39,1783135966
All Pools,AVAX - FRAX,0.3,False,0.94808,237.65,0.00237,0.36,1783135966
All Pools,KIMBO - AVAX,0.3,False,0.94657,45533.0,0.00237,0.0,1783135966
All Pools,DCAU - USDC,0.3,False,0.90856,144.27,0.00227,0.57,1783135966
All Pools,UNI.e - REDWOLF,0.3,False,0.89727,9.958,0.00224,8.22,1783135966
All Pools,ACS - AVAX,0.3,False,0.89511,176.93,0.00224,0.46,1783135966
All Pools,BUD - USDC.e,0.3,False,0.86541,226.88,0.00216,0.35,1783135966
All Pools,NXPC - AVAX,0.3,False,0.85996,1.058,0.00215,74.19,1783135966
All Pools,BNB - AVAX,0.3,False,0.85189,2992.56,0.00213,0.03,1783135966
All Pools,BUD - AVAX,0.3,False,0.84243,581.03,0.00211,0.13,1783135966
All Pools,Yule - XAUt0,0.3,False,0.83402,62.4,0.00209,1.22,1783135966
All Pools,SMRTr - AVAX,0.3,False,0.81638,27439.0,0.00204,0.0,1783135966
All Pools,BLSEYE🎯 - BEAM,0.3,False,0.81113,272.97,0.00203,0.27,1783135966
All Pools,SMRTr - USDC.e,0.3,False,0.79379,108.25,0.00198,0.67,1783135966
All Pools,Now - AVAX,0.3,False,0.79299,203.95,0.00198,0.35,1783135966
All Pools,Yule - Seventeen,0.3,False,0.78965,232.48,0.00197,0.31,1783135966
All Pools,USDC - aXEN,0.3,False,0.78671,9.676,0.00197,7.42,1783135966
All Pools,FXS - AVAX,0.3,False,0.7707,315.42,0.00193,0.22,1783135966
All Pools,GB - AVAX,0.3,False,0.76904,1874.52,0.00192,0.04,1783135966
All Pools,gOHM - wsOHM,0.3,False,0.75259,17.05,0.00188,4.03,1783135966
All Pools,wsOHM - USDC.e,0.3,False,0.7525,18.41,0.00188,3.73,1783135966
All Pools,APOW - USDt,0.3,False,0.75047,116.79,0.00188,0.59,1783135966
All Pools,USDC.e - ONION,0.3,False,0.74514,368.62,0.00186,0.18,1783135966
All Pools,WBTC.e - ONION,0.3,False,0.73471,346.2,0.00184,0.19,1783135966
All Pools,APOW - USDC,0.3,False,0.73002,117.26,0.00183,0.57,1783135966
All Pools,AVAX - ARENA,0.3,False,0.71312,61.36,0.00178,1.06,1783135966
All Pools,AVAX - MUG,0.3,False,0.70066,265.58,0.00175,0.24,1783135966
All Pools,AVAX - ONION,0.3,False,0.69616,151.63,0.00174,0.42,1783135966
All Pools,BLUB - AVAX,0.3,False,0.68895,12710.0,0.00172,0.0,1783135966
All Pools,Val - AVAX,0.3,False,0.66643,264.04,0.00167,0.23,1783135966
All Pools,DAI.e - ONION,0.3,False,0.64328,330.81,0.00161,0.18,1783135966
All Pools,BANKSY - AVAX,0.3,False,0.63187,148.9,0.00158,0.39,1783135966
All Pools,BANKSY - USDT.e,0.3,False,0.63129,1537.99,0.00158,0.04,1783135966
All Pools,AVAX - MU,0.3,False,0.62849,76.06,0.00157,0.75,1783135966
All Pools,AVAX - AVVO,0.3,False,0.62307,240.5,0.00156,0.24,1783135966
All Pools,SYN - REDWOLF,0.3,False,0.62011,7.127,0.00155,7.94,1783135966
All Pools,MIM - FORT,0.3,False,0.61389,2654.32,0.00153,0.02,1783135966
All Pools,AVAX - FORT,0.3,False,0.6103,13.18,0.00153,4.22,1783135966
All Pools,DREGG - AVAX,0.3,False,0.6099,151.45,0.00152,0.37,1783135966
All Pools,YEEHAW - BTC.b,0.3,False,0.60971,48.9,0.00152,1.14,1783135966
All Pools,DREGG - USDT.e,0.3,False,0.60869,516.91,0.00152,0.11,1783135966
All Pools,KIWI - AVAX,0.3,False,0.59301,97.66,0.00148,0.55,1783135966
All Pools,KIWI - USDC,0.3,False,0.59272,299.7,0.00148,0.18,1783135966
All Pools,Orange - Now,0.3,False,0.59117,502.68,0.00148,0.11,1783135966
All Pools,Gravity - AVAX,0.3,False,0.58158,255.66,0.00145,0.21,1783135966
All Pools,USDC - SHRAP,0.3,False,0.56654,23.36,0.00142,2.21,1783135966
All Pools,MIM - VOLT,0.3,False,0.5608,14.26,0.0014,3.59,1783135966
All Pools,PTOP900 - TOPIA,0.3,False,0.54968,76.81,0.00137,0.65,1783135966
All Pools,XAUt0 - Now,0.3,False,0.54769,595.33,0.00137,0.08,1783135966
All Pools,STATIK - AVAX,0.3,False,0.53665,31.86,0.00134,1.54,1783135966
All Pools,AVAX - GG,0.3,False,0.52523,5.328,0.00131,8.99,1783135966
All Pools,MIM - GRAPE,0.3,False,0.49812,111.91,0.00125,0.41,1783135966
All Pools,YEEHAW - TOPIA,0.3,False,0.49056,101.93,0.00123,0.44,1783135966
All Pools,DAI.e - VOLT,0.3,False,0.48525,41.13,0.00121,1.08,1783135966
All Pools,AVAX - SMRT,0.3,False,0.48468,1753.38,0.00121,0.03,1783135966
All Pools,FITFI - AVAX,0.3,False,0.4752,16.36,0.00119,2.65,1783135966
All Pools,HOST - AVAX,0.3,False,0.46751,92.31,0.00117,0.46,1783135966
All Pools,MIM - AUSD,0.3,False,0.46333,10.94,0.00116,3.87,1783135966
All Pools,USDT.e - SMRT,0.3,False,0.46106,91.96,0.00115,0.46,1783135966
All Pools,APOW - AVAX,0.3,False,0.45399,37.27,0.00113,1.11,1783135966
All Pools,AVAX - BLACK,0.3,False,0.45257,3.833,0.00113,10.77,1783135966
All Pools,MIM - PAPA,0.3,False,0.45125,65.95,0.00113,0.62,1783135966
All Pools,PAPA - AVAX,0.3,False,0.44887,11.19,0.00112,3.66,1783135966
All Pools,WLRS - USDC.e,0.3,False,0.43546,4125.7,0.00109,0.01,1783135966
All Pools,LUNA - USDC.e,0.3,False,0.43537,683.55,0.00109,0.06,1783135966
All Pools,PTOP1100 - TOPIA,0.3,False,0.42515,109.31,0.00106,0.35,1783135966
All Pools,Orange - DivineFeminine,0.3,False,0.41973,827.12,0.00105,0.05,1783135966
All Pools,wsOHM - AVAX,0.3,False,0.41824,8.365,0.00105,4.56,1783135966
All Pools,USDC - MXNB,0.3,False,0.41694,28.57,0.00104,1.33,1783135966
All Pools,YAK - SPORE,0.3,False,0.41135,5.069,0.00103,7.4,1783135966
All Pools,LINDA - AVAX,0.3,False,0.40797,1654.78,0.00102,0.02,1783135966
All Pools,WLRS - GRAPE,0.3,False,0.40042,8.617,0.001,4.24,1783135966
All Pools,BOI - MU,0.3,False,0.3953,0.74569,,48.37,1783135966
All Pools,PTOP1300 - TOPIA,0.3,False,0.39209,101.8,,0.35,1783135966
All Pools,MAXI - DAI.e,0.3,False,0.38436,227.66,,0.15,1783135966
All Pools,SYMBIOT - AVAX,0.3,False,0.37969,78.21,,0.44,1783135966
All Pools,AVAX - ZUBAX,0.3,False,0.37934,95.82,,0.36,1783135966
All Pools,SYN - USDC.e,0.3,False,0.37797,3.584,,9.62,1783135966
All Pools,SYMBIOT - DAI.e,0.3,False,0.3754,450.77,,0.08,1783135966
All Pools,BTC.b - REDWOLF,0.3,False,0.3696,99.31,,0.34,1783135966
All Pools,sAVAX - COQ,0.3,False,0.36954,65.25,,0.52,1783135966
All Pools,LINK.e - REDWOLF,0.3,False,0.3689,70.26,,0.48,1783135966
All Pools,WETH.e - SURE,0.3,False,0.36323,828.66,,0.04,1783135966
All Pools,Trinity - AVAX,0.3,False,0.35546,779.35,,0.04,1783135966
All Pools,UNIV - AVAX,0.3,False,0.35189,6.386,,5.03,1783135966
All Pools,AVAX - FTY,0.3,False,0.34336,1.249,,25.09,1783135966
All Pools,SOL - AVAX,0.3,False,0.33693,0.00172,,17892.87,1783135966
All Pools,USDC - GAU,0.3,False,0.33642,841.46,,0.04,1783135966
All Pools,meGNX - AVAX,0.3,False,0.33223,13.65,,2.22,1783135966
All Pools,BRO - AVAX,0.3,False,0.33144,106703.0,,,1783135966
All Pools,BRO - COQ,0.3,False,0.33056,144.38,,0.21,1783135966
All Pools,MIM - BLANC,0.3,False,0.33056,1223.68,,0.02,1783135966
All Pools,aDXN - aXEN,0.3,False,0.33018,5.325,,5.66,1783135966
All Pools,Orange - AVAX,0.3,False,0.32953,66.3,,0.45,1783135966
All Pools,GUN - AMI,0.3,False,0.32889,9.336,,3.21,1783135966
All Pools,KALM - AVAX,0.3,False,0.32847,101.76,,0.29,1783135966
All Pools,AVAX - BLANC,0.3,False,0.32839,7.326,,4.09,1783135966
All Pools,KALM - USDC,0.3,False,0.3282,78.32,,0.38,1783135966
All Pools,TSD - WOLF,0.3,False,0.31972,28.72,,1.02,1783135966
All Pools,gOHM - SB,0.3,False,0.31725,17.25,,1.68,1783135966
All Pools,LUNA - AVAX,0.3,False,0.31129,129.93,,0.22,1783135966
All Pools,WOLF - AVAX,0.3,False,0.30809,48.51,,0.58,1783135966
All Pools,Gladiator - USDC,0.3,False,0.29376,275.44,,0.1,1783135966
All Pools,Gladiator - ARENA,0.3,False,0.29142,357.05,,0.07,1783135966
All Pools,BrideOfChrist - BLACK,0.3,False,0.2845,20.57,,1.26,1783135966
All Pools,ZUBAX - USDT.e,0.3,False,0.28426,174.04,,0.15,1783135966
All Pools,PTOP1000 - TOPIA,0.3,False,0.2836,75.32,,0.34,1783135966
All Pools,MIM - RUG,0.3,False,0.28174,6.248,,4.11,1783135966
All Pools,BLS - USDt,0.3,False,0.27068,127.92,,0.19,1783135966
All Pools,aAvaWAVAX - meGNX,0.3,False,0.25944,3.146,,7.53,1783135966
All Pools,USDC.e - SOL,0.3,False,0.25679,36.68,,0.64,1783135966
All Pools,Trinity - BrideOfChrist,0.3,False,0.25165,59888308.0,,,1783135966
All Pools,SYN - WETH.e,0.3,False,0.24487,1.718,,13.0,1783135966
All Pools,AVAX - SNOB,0.3,False,0.2431,747.39,,0.03,1783135966
All Pools,BOI - AMI,0.3,False,0.24271,0.49254,,44.96,1783135966
All Pools,XAUt0 - Gravity,0.3,False,0.23723,329.95,,0.07,1783135966
All Pools,AVAX - SUBZERO,0.3,False,0.23167,31.84,,0.66,1783135966
All Pools,TOMB - SUBZERO,0.3,False,0.23048,9.734,,2.16,1783135966
All Pools,aDXN - AVAX,0.3,False,0.22866,52.29,,0.4,1783135966
All Pools,DivineFeminine - Gravity,0.3,False,0.22206,1731.36,,0.01,1783135966
All Pools,MM - USDC,0.3,False,0.22112,50.5,,0.4,1783135966
All Pools,50 - AVAX,0.3,False,0.21914,62.34,,0.32,1783135966
All Pools,50 - USDC,0.3,False,0.21888,113.02,,0.18,1783135966
All Pools,MIM - UNIV,0.3,False,0.21767,5.536,,3.59,1783135966
All Pools,MM - AVAX,0.3,False,0.2166,70.14,,0.28,1783135966
All Pools,USDT.e - MU,0.3,False,0.21282,249.79,,0.08,1783135966
All Pools,BUSD - AVAX,0.3,False,0.21264,366.25,,0.05,1783135966
All Pools,USDC.e - RUG,0.3,False,0.21143,17.79,,1.08,1783135966
All Pools,WDAO - MIM,0.3,False,0.20561,5.461,,3.44,1783135966
All Pools,WDAO - AVAX,0.3,False,0.20446,10.44,,1.79,1783135966
All Pools,AVAX - IMPACT2,0.3,False,0.20394,144.36,,0.13,1783135966
All Pools,AVAXAI - USDC,0.3,False,0.20204,1627.71,,0.01,1783135966
All Pools,COQ - OSAK,0.3,False,0.20132,19.02,,0.97,1783135966
All Pools,SURE - DAI.e,0.3,False,0.19732,24.18,,0.74,1783135966
All Pools,CGS - AVAX,0.3,False,0.19369,55.85,,0.32,1783135966
All Pools,CGS - USDC.e,0.3,False,0.19307,153.1,,0.12,1783135966
All Pools,oXAUT - AVAX,0.3,False,0.19086,428.6,,0.04,1783135966
All Pools,BTC.b - oXAUT,0.3,False,0.19083,315.81,,0.06,1783135966
All Pools,LadyMary - AVAX,0.3,False,0.18691,273.35,,0.06,1783135966
All Pools,FollowTheWhiteRabbit - DivineFeminine,0.3,False,0.18691,501.45,,0.03,1783135966
All Pools,LadyMary - FollowTheWhiteRabbit,0.3,False,0.18676,479.77,,0.04,1783135966
All Pools,AVAX - Blessing,0.3,False,0.18019,60.05,,0.27,1783135966
All Pools,Now - Blessing,0.3,False,0.18013,609.03,,0.03,1783135966
All Pools,WETH.e - USDC,0.3,False,0.17968,19.77,,0.83,1783135966
All Pools,XAUt0 - ElvisJackpot,0.3,False,0.17884,292.17,,0.06,1783135966
All Pools,SYN - USDT.e,0.3,False,0.17872,1.91,,8.54,1783135966
All Pools,ElvisJackpot - BLACK,0.3,False,0.17761,11.79,,1.38,1783135966
All Pools,MEOW - AVAX,0.3,False,0.17561,7980.21,,0.0,1783135966
All Pools,wMEMO - MIM,0.3,False,0.16532,4.595,,3.28,1783135966
All Pools,Hopi - Now,0.3,False,0.16518,545.07,,0.03,1783135966
All Pools,Hopi - AVAX,0.3,False,0.16486,164.28,,0.09,1783135966
All Pools,MIM - TSNFTGM,0.3,False,0.16317,3.558,,4.18,1783135966
All Pools,BTC.b - SolvBTC,0.3,False,0.16186,4477.74,,0.0,1783135966
All Pools,AVAX - DUO,0.3,False,0.16004,57.3,,0.25,1783135966
All Pools,USDT.e - DUO,0.3,False,0.15961,53.43,,0.27,1783135966
All Pools,AVAX - OK,0.3,False,0.15722,1.572,,9.13,1783135966
All Pools,SPORE - AVAX,0.3,False,0.15496,139.51,,0.1,1783135966
All Pools,FollowTheWhiteRabbit - AVAX,0.3,False,0.15409,123.59,,0.11,1783135966
All Pools,YEEHAW - AVAX,0.3,False,0.15265,11.98,,1.16,1783135966
All Pools,Solar - AVAX,0.3,False,0.15124,67.59,,0.2,1783135966
All Pools,Solar - Now,0.3,False,0.15115,689.27,,0.02,1783135966
All Pools,Blue - AVAX,0.3,False,0.14961,199.99,,0.07,1783135966
All Pools,AVAX - SHRAP,0.3,False,0.14843,12.73,,1.06,1783135966
All Pools,AftermathsKobe - AVAX,0.3,False,0.1473,227.06,,0.06,1783135966
All Pools,Psychic - AftermathsKobe,0.3,False,0.14709,260.0,,0.05,1783135966
All Pools,AVVO - DAI.e,0.3,False,0.1454,35.38,,0.37,1783135966
All Pools,SURE - USDC.e,0.3,False,0.14165,20.67,,0.63,1783135966
All Pools,MIM - SBR,0.3,False,0.14046,11.25,,1.14,1783135966
All Pools,SBR - AVAX,0.3,False,0.13936,3.889,,3.27,1783135966
All Pools,Matter - Now,0.3,False,0.13737,617.67,,0.02,1783135966
All Pools,Matter - AVAX,0.3,False,0.13733,59.89,,0.21,1783135966
All Pools,AVAX - SPELL,0.3,False,0.13624,2076.17,,0.01,1783135966
All Pools,CHAMP - ARENA,0.3,False,0.13597,15.27,,0.81,1783135966
All Pools,USDt - IMPACT2,0.3,False,0.13539,69.98,,0.18,1783135966
All Pools,RUX - AVAX,0.3,False,0.13518,26.47,,0.47,1783135966
All Pools,USDt - RUX,0.3,False,0.13483,16060.0,,,1783135966
All Pools,RUG - USDT.e,0.3,False,0.13407,10.58,,1.16,1783135966
All Pools,TSNFTGM - DAI.e,0.3,False,0.13356,30.43,,0.4,1783135966
All Pools,REDWOLF - SOL,0.3,False,0.13326,61.06,,0.2,1783135966
All Pools,MIM - GG,0.3,False,0.12846,4.924,,2.38,1783135966
All Pools,GG - AVAX,0.3,False,0.12746,5.933,,1.96,1783135966
All Pools,SLUSH - AVAX,0.3,False,0.12718,47.98,,0.24,1783135966
All Pools,SLUSH - USDT.e,0.3,False,0.12673,56.49,,0.2,1783135966
All Pools,UNIV - DAI.e,0.3,False,0.12433,11.36,,1.0,1783135966
All Pools,AVAX - Teste,0.3,False,0.12336,66.42,,0.17,1783135966
All Pools,Now - Teste,0.3,False,0.12332,686.02,,0.02,1783135966
All Pools,MIM - SPELL,0.3,False,0.12254,2.509,,4.46,1783135966
All Pools,wMEMO - AVAX,0.3,False,0.1222,6.998,,1.59,1783135966
All Pools,Slope - Now,0.3,False,0.12209,682.94,,0.02,1783135966
All Pools,Slope - AVAX,0.3,False,0.12204,67.11,,0.17,1783135966
All Pools,XPOW - AVAX,0.3,False,0.12172,31.98,,0.35,1783135966
All Pools,NODA - NODL,0.3,False,0.12072,17.99,,0.61,1783135966
All Pools,NODA - AVAX,0.3,False,0.11952,230.52,,0.05,1783135966
All Pools,TruthClosure - BLACK,0.3,False,0.11939,15.18,,0.72,1783135966
All Pools,MIM - NADO,0.3,False,0.11911,170.61,,0.06,1783135966
All Pools,AVAX - NADO,0.3,False,0.11817,2.613,,4.13,1783135966
All Pools,APOW - USDC,0.3,False,0.1173,21.95,,0.49,1783135966
All Pools,Now - Propriety,0.3,False,0.11649,686.27,,0.02,1783135966
All Pools,AVAX - Propriety,0.3,False,0.11637,67.15,,0.16,1783135966
All Pools,USDC - USD+,0.3,False,0.11625,29.08,,0.36,1783135966
All Pools,GLOBA - AVAX,0.3,False,0.11516,42.05,,0.25,1783135966
All Pools,Psychic - All,0.3,False,0.11491,256.74,,0.04,1783135966
All Pools,AVAX - All,0.3,False,0.11482,225.82,,0.05,1783135966
All Pools,AVAI - USDC.e,0.3,False,0.11435,26.7,,0.39,1783135966
All Pools,Christmas - Blue,0.3,False,0.11403,1471.14,,0.01,1783135966
All Pools,Psychic - Sinterklaas,0.3,False,0.11401,253.14,,0.04,1783135966
All Pools,Christmas - Sinterklaas,0.3,False,0.11401,320.35,,0.03,1783135966
All Pools,Jjj - AVAX,0.3,False,0.11328,223.44,,0.05,1783135966
All Pools,Psychic - Jjj,0.3,False,0.11314,255.67,,0.04,1783135966
All Pools,Psychic - NeatestQuackery,0.3,False,0.1125,257.04,,0.04,1783135966
All Pools,Psychic - Now,0.3,False,0.11247,499.05,,0.02,1783135966
All Pools,NeatestQuackery - AVAX,0.3,False,0.11243,224.17,,0.05,1783135966
All Pools,AVAX - WISE,0.3,False,0.11221,62.93,,0.16,1783135966
All Pools,USDC.e - WISE,0.3,False,0.11198,42.33,,0.24,1783135966
All Pools,CQK - AVAX,0.3,False,0.11091,103.1,,0.1,1783135966
All Pools,CQK - USDC,0.3,False,0.1107,31.74,,0.32,1783135966
All Pools,Now - √Root,0.3,False,0.11013,683.42,,0.01,1783135966
All Pools,AVAX - √Root,0.3,False,0.11004,67.02,,0.15,1783135966
All Pools,JOE - ZABU,0.3,False,0.10906,13.86,,0.72,1783135966
All Pools,MIM - DUNEV3,0.3,False,0.10781,53533.0,,,1783135966
All Pools,GLOBA - DAI.e,0.3,False,0.10775,48.59,,0.2,1783135966
All Pools,USDC - yyAVAX,0.3,False,0.10572,12.39,,0.78,1783135966
All Pools,DUNEV3 - USDC.e,0.3,False,0.1047,25382.0,,,1783135966
All Pools,VEE - USDC,0.3,False,0.10444,32.51,,0.29,1783135966
All Pools,DFIAT - AVAX,0.3,False,0.10397,6389.1,,0.0,1783135966
All Pools,DFIAT - USDT.e,0.3,False,0.10358,27.62,,0.34,1783135966
All Pools,USDC - OK,0.3,False,0.10187,1.1,,8.45,1783135966
All Pools,MIM - LIFE,0.3,False,0.1004,10.99,,0.83,1783135966
All Pools,LIFE - AVAX,0.3,False,0.09964,2.724,,3.34,1783135966
All Pools,Ducks - AVAX,0.3,False,0.09939,224.53,,0.04,1783135966
All Pools,Psychic - Ducks,0.3,False,0.09915,257.12,,0.04,1783135966
All Pools,Now - Necromancer,0.3,False,0.09324,686.32,,0.01,1783135966
All Pools,Necromancer - AVAX,0.3,False,0.09317,67.29,,0.13,1783135966
All Pools,TRYB - USDC.e,0.3,False,0.08928,32.25,,0.25,1783135966
All Pools,XA9 - USDt,0.3,False,0.08779,3.884,,2.06,1783135966
All Pools,AMI - JUICY,0.3,False,0.08706,0.94083,,8.44,1783135966
All Pools,ArniStitch - AVAX,0.3,False,0.08682,224.6,,0.04,1783135966
All Pools,Psychic - ArniStitch,0.3,False,0.08662,257.21,,0.03,1783135966
All Pools,Four - AVAX,0.3,False,0.08657,56.21,,0.14,1783135966
All Pools,USDT.e - XAVA,0.3,False,0.08615,10.95,,0.72,1783135966
All Pools,MIM - DICK,0.3,False,0.08595,2.149,,3.65,1783135966
All Pools,Vaccine - Now,0.3,False,0.08571,679.51,,0.01,1783135966
All Pools,Vaccine - AVAX,0.3,False,0.08553,66.12,,0.12,1783135966
All Pools,Silver - Now,0.3,False,0.08509,686.12,,0.01,1783135966
All Pools,Silver - AVAX,0.3,False,0.085,66.09,,0.12,1783135966
All Pools,MU - WMATIC,0.3,False,0.08422,0.14219,,54.04,1783135966
All Pools,USDt - DXN,0.3,False,0.08407,214.04,,0.04,1783135966
All Pools,AVAX - LYLY,0.3,False,0.08404,53.8,,0.14,1783135966
All Pools,WBTC - AVAX,0.3,False,0.08375,31.48,,0.24,1783135966
All Pools,AVAT - USDC,0.3,False,0.08373,38.16,,0.2,1783135966
All Pools,TickTock - Now,0.3,False,0.08342,684.96,,0.01,1783135966
All Pools,TickTock - AVAX,0.3,False,0.08332,67.15,,0.11,1783135966
All Pools,AVAX - CHAM,0.3,False,0.08317,27.05,,0.28,1783135966
All Pools,USDC - CHAM,0.3,False,0.08301,47.3,,0.16,1783135966
All Pools,XPOW - AVAX,0.3,False,0.08273,82.96,,0.09,1783135966
All Pools,Psychic - CommieSukey,0.3,False,0.08266,257.19,,0.03,1783135966
All Pools,CommieSukey - AVAX,0.3,False,0.08264,225.26,,0.03,1783135966
All Pools,Uncontractable - AVAX,0.3,False,0.0805,66.16,,0.11,1783135966
All Pools,Sanskrit - Now,0.3,False,0.0805,684.17,,0.01,1783135966
All Pools,Sanskrit - AVAX,0.3,False,0.08042,67.08,,0.11,1783135966
All Pools,Uncontractable - Now,0.3,False,0.08028,671.19,,0.01,1783135966
All Pools,ALOT - USDC.e,0.3,False,0.0797,7.51,,0.97,1783135966
All Pools,USDC - NXUSD,0.3,False,0.07795,3.198,,2.22,1783135966
All Pools,MELT - AVAX,0.3,False,0.07784,20.89,,0.34,1783135966
All Pools,RACEX - MUG,0.3,False,0.07617,134.66,,0.05,1783135966
All Pools,KLO - USDT.e,0.3,False,0.0758,5.411,,1.28,1783135966
All Pools,XPOW - APOW,0.3,False,0.07516,51.81,,0.13,1783135966
All Pools,COQ - JUICY,0.3,False,0.07215,0.75105,,8.77,1783135966
All Pools,QI - LYLY,0.3,False,0.07113,2.024,,3.21,1783135966
All Pools,AVAX - MILO,0.3,False,0.07059,847.38,,0.01,1783135966
All Pools,USDt - MILO,0.3,False,0.07043,14.55,,0.44,1783135966
All Pools,CFR - AVAX,0.3,False,0.06997,2689.39,,0.0,1783135966
All Pools,FollowTheWhiteRabbit - TruthClosure,0.3,False,0.06944,32.12,,0.2,1783135966
All Pools,USDT.e - ZABU,0.3,False,0.06887,45.22,,0.14,1783135966
All Pools,AVAI - AVAX,0.3,False,0.06827,20.37,,0.31,1783135966
All Pools,AVAX - ZABU,0.3,False,0.0674,24.61,,0.25,1783135966
All Pools,AVAX - APE - X,0.3,False,0.06714,496.54,,0.01,1783135966
All Pools,UST - USDT.e,0.3,False,0.06669,38.88,,0.16,1783135966
All Pools,AVAX - SDOG,0.3,False,0.06665,6.77,,0.9,1783135966
All Pools,WETH.e - ETHM,0.3,False,0.06552,0.47419,,12.61,1783135966
All Pools,METAG - AVAX,0.3,False,0.06529,20.56,,0.29,1783135966
All Pools,YAK - JOE,0.3,False,0.0652,0.93087,,6.39,1783135966
All Pools,WETH.e - yyAVAX,0.3,False,0.06508,14.54,,0.41,1783135966
All Pools,LIBRE - USDC.e,0.3,False,0.06355,12.76,,0.45,1783135966
All Pools,JOE - ZUBAX,0.3,False,0.06347,6.851,,0.85,1783135966
All Pools,AVAX - ChristMark,0.3,False,0.06334,283.38,,0.02,1783135966
All Pools,LUNA - AVAX,0.3,False,0.06323,15.08,,0.38,1783135966
All Pools,bECH - AVAX,0.3,False,0.06319,17.82,,0.32,1783135966
All Pools,IMPACT2 - EURC,0.3,False,0.06312,43.0,,0.13,1783135966
All Pools,MIM - TEMPO,0.3,False,0.06207,5.088,,1.11,1783135966
All Pools,AAVE.e - USDT.e,0.3,False,0.06166,2.542,,2.21,1783135966
All Pools,TEMPO - AVAX,0.3,False,0.06146,1.861,,3.01,1783135966
All Pools,SaintGermain - BLACK,0.3,False,0.06033,1.519,,3.62,1783135966
All Pools,AVAX - STRAW,0.3,False,0.05928,14.92,,0.36,1783135966
All Pools,QI - REDWOLF,0.3,False,0.05854,1.277,,4.18,1783135966
All Pools,GB - USDT.e,0.3,False,0.05834,20.39,,0.26,1783135966
All Pools,YEEHAW - USDC,0.3,False,0.0579,5.451,,0.97,1783135966
All Pools,FLAKE - AVAX,0.3,False,0.05769,17.92,,0.29,1783135966
All Pools,MELT - USDC.e,0.3,False,0.05763,30.07,,0.17,1783135966
All Pools,TruthClosure - AVAX,0.3,False,0.05759,8.253,,0.64,1783135966
All Pools,FLAKE - USDT.e,0.3,False,0.05749,49.07,,0.11,1783135966
All Pools,USDt - APOW,0.3,False,0.05748,0.01543,,339.86,1783135966
All Pools,USDC - XPOW,0.3,False,0.05738,0.02718,,192.61,1783135966
All Pools,MIM - AFARMER,0.3,False,0.05668,3622.82,,0.0,1783135966
All Pools,MIM - sTHO,0.3,False,0.05662,201.81,,0.03,1783135966
All Pools,USDt - REDWOLF,0.3,False,0.05513,13.95,,0.36,1783135966
All Pools,COQ - AMI,0.3,False,0.05452,8.512,,0.58,1783135966
All Pools,$Td - AVAX,0.3,False,0.05447,4665.33,,0.0,1783135966
All Pools,$Td - AMI,0.3,False,0.05381,26.31,,0.19,1783135966
All Pools,AVAT - AVAX,0.3,False,0.05378,17.6,,0.28,1783135966
All Pools,DAI.e - STRAW,0.3,False,0.05376,36.61,,0.13,1783135966
All Pools,BANKSY - AVAX,0.3,False,0.05358,19.25,,0.25,1783135966
All Pools,MIM - WOHM,0.3,False,0.05346,13.15,,0.37,1783135966
All Pools,BANKSY - USDC.e,0.3,False,0.05339,29.69,,0.16,1783135966
All Pools,LINK.e - MU,0.3,False,0.05337,6.77,,0.72,1783135966
All Pools,SUB - USDC,0.3,False,0.05321,11.71,,0.41,1783135966
All Pools,AVAX - WOHM,0.3,False,0.05305,1.185,,4.09,1783135966
All Pools,ETHM - DAI.e,0.3,False,0.05288,0.72496,,6.66,1783135966
All Pools,APOW - USDt,0.3,False,0.05282,21.93,,0.22,1783135966
All Pools,COQ - NOCHILL,0.3,False,0.05239,9.23,,0.52,1783135966
All Pools,Serpentarius - AVAX,0.3,False,0.05112,227.62,,0.02,1783135966
All Pools,Psychic - Serpentarius,0.3,False,0.05101,259.69,,0.02,1783135966
All Pools,USDC.e - DAI.e,0.3,False,0.0508,22318.0,,,1783135966
All Pools,USDC.e - USDC,0.3,False,0.05079,481641.0,,,1783135966
All Pools,Gil - AVAX,0.3,False,0.0506,14.26,,0.32,1783135966
All Pools,LoveIsTheKey - BLACK,0.3,False,0.04929,4.809,,0.94,1783135966
All Pools,LoveIsTheKey - FollowTheWhiteRabbit,0.3,False,0.04836,46.89,,0.09,1783135966
All Pools,Gil - DAI.e,0.3,False,0.04734,26.79,,0.16,1783135966
All Pools,Stolen - AVAX,0.3,False,0.04657,13.54,,0.31,1783135966
All Pools,RUGPULL - MUG,0.3,False,0.04545,139.65,,0.03,1783135966
All Pools,ETHM - USDC.e,0.3,False,0.04542,0.52254,,7.93,1783135966
All Pools,DICK - AVAX,0.3,False,0.04485,6.33,,0.65,1783135966
All Pools,Four - Found,0.3,False,0.04328,1395.2,,0.0,1783135966
All Pools,Orange - Found,0.3,False,0.04299,97.99,,0.04,1783135966
All Pools,ACS - USDC.e,0.3,False,0.04232,5.22,,0.74,1783135966
All Pools,USDC - APOW,0.3,False,0.04206,0.01754,,218.78,1783135966
All Pools,USDC - WSPP,0.3,False,0.04205,42.35,,0.09,1783135966
All Pools,COQ - JUICE,0.3,False,0.04148,27.27,,0.14,1783135966
All Pools,AUSD - HUSKY,0.3,False,0.0411,0.54912,,6.83,1783135966
All Pools,USDt - XPOW,0.3,False,0.04058,0.02024,,182.96,1783135966
All Pools,MAJIN - MU,0.3,False,0.04004,3.671,,1.0,1783135966
All Pools,JOE - CRA,0.3,False,0.0395,7.67,,0.47,1783135966
All Pools,AVAX - WOLF,0.3,False,0.03935,57.25,,0.06,1783135966
All Pools,USDR - USDC,0.3,False,0.03926,40.16,,0.09,1783135966
All Pools,AVAX - WINE,0.3,False,0.03918,0.08313,,43.01,1783135966
All Pools,USDC.e - WOLF,0.3,False,0.03917,7.816,,0.46,1783135966
All Pools,BUSD - USDC,0.3,False,0.0391,7.746,,0.46,1783135966
All Pools,WOLF - USDT.e,0.3,False,0.03868,3.223,,1.09,1783135966
All Pools,MerryXmas - AVAX,0.3,False,0.03859,206.31,,0.02,1783135966
All Pools,YAK - USDT.e,0.3,False,0.03852,0.52395,,6.71,1783135966
All Pools,Psychic - MerryXmas,0.3,False,0.03852,235.57,,0.01,1783135966
All Pools,ABC - AMI,0.3,False,0.03845,2.665,,1.32,1783135966
All Pools,NXPC - USDC,0.3,False,0.03841,0.69712,,5.03,1783135966
All Pools,FatherChristmas - AVAX,0.3,False,0.03806,40.14,,0.09,1783135966
All Pools,FatherChristmas - Gravity,0.3,False,0.03788,16.27,,0.21,1783135966
All Pools,MIM - WINE,0.3,False,0.03745,164.44,,0.02,1783135966
All Pools,BNZ - AVAX,0.3,False,0.03743,161.04,,0.02,1783135966
All Pools,Gravity - SaintGermain,0.3,False,0.03697,19.21,,0.18,1783135966
All Pools,AVAX - RedFolder,0.3,False,0.03685,223.91,,0.02,1783135966
All Pools,USDt - XPOW,0.3,False,0.03683,10.61,,0.32,1783135966
All Pools,Psychic - RedFolder,0.3,False,0.03679,255.84,,0.01,1783135966
All Pools,MIM - EDG,0.3,False,0.03677,1.564,,2.15,1783135966
All Pools,AVAX - EDG,0.3,False,0.03648,1.426,,2.33,1783135966
All Pools,METAG - USDT.e,0.3,False,0.03638,47.96,,0.07,1783135966
All Pools,PNG - REDWOLF,0.3,False,0.0362,3.653,,0.9,1783135966
All Pools,USDC.e - GG,0.3,False,0.03606,0.36902,,8.92,1783135966
All Pools,MU - DAI.e,0.3,False,0.03604,235.97,,0.01,1783135966
All Pools,AVAX - NEMO,0.3,False,0.03597,6.78,,0.48,1783135966
All Pools,USDt - NEMO,0.3,False,0.03585,96.53,,0.03,1783135966
All Pools,AVAX - GAU,0.3,False,0.03555,5.904,,0.55,1783135966
All Pools,Blue - BLACK,0.3,False,0.03546,3.053,,1.06,1783135966
All Pools,AVAX - SantaGospel,0.3,False,0.03545,101.17,,0.03,1783135966
All Pools,BLACK - SantaGospel,0.3,False,0.03542,2.981,,1.08,1783135966
All Pools,MAJIN - REDWOLF,0.3,False,0.03516,5.553,,0.58,1783135966
All Pools,MELT - AVAX,0.3,False,0.03505,863.99,,0.0,1783135966
All Pools,MELT - USDC.e,0.3,False,0.03492,6.165,,0.52,1783135966
All Pools,Yellow - AVAX,0.3,False,0.03454,202.47,,0.02,1783135966
All Pools,Yellow - BLACK,0.3,False,0.03441,3.053,,1.03,1783135966
All Pools,BSGG - AVAX,0.3,False,0.03398,2.614,,1.19,1783135966
All Pools,CHAMP - AMI,0.3,False,0.03389,29.19,,0.11,1783135966
All Pools,GAS - AVAX,0.3,False,0.0337,140.98,,0.02,1783135966
All Pools,AVAX - KET,0.3,False,0.03363,24.07,,0.13,1783135966
All Pools,Orange - BLACK,0.3,False,0.03348,2.553,,1.2,1783135966
All Pools,AVAX - Strength,0.3,False,0.03336,107.77,,0.03,1783135966
All Pools,BrideOfChrist - AVAX,0.3,False,0.03334,67.35,,0.05,1783135966
All Pools,Who - AVAX,0.3,False,0.03327,107.01,,0.03,1783135966
All Pools,Strength - BLACK,0.3,False,0.03326,3.037,,1.0,1783135966
All Pools,Who - BLACK,0.3,False,0.03318,3.039,,1.0,1783135966
All Pools,BLS - SHRAP,0.3,False,0.03224,8.784,,0.33,1783135966
All Pools,ICUBE - AVAX,0.3,False,0.0314,5.534,,0.52,1783135966
All Pools,Beyond - AVAX,0.3,False,0.03133,66.97,,0.04,1783135966
All Pools,Beyond - Orange,0.3,False,0.03129,3320.4,,,1783135966
All Pools,ICUBE - USDT.e,0.3,False,0.03126,108.18,,0.03,1783135966
All Pools,MIM - RUG,0.3,False,0.03117,1.329,,2.14,1783135966
All Pools,RUG - USDC,0.3,False,0.03073,1.123,,2.5,1783135966
All Pools,Stolen - BLACK,0.3,False,0.03051,3.415,,0.82,1783135966
All Pools,Go - BLACK,0.3,False,0.03021,3.03,,0.91,1783135966
All Pools,Hydrogen - AVAX,0.3,False,0.03014,200.9,,0.01,1783135966
All Pools,Hydrogen - BLACK,0.3,False,0.03007,3.065,,0.9,1783135966
All Pools,NineHundred - AVAX,0.3,False,0.03007,106.93,,0.03,1783135966
All Pools,NineHundred - BLACK,0.3,False,0.02999,3.039,,0.9,1783135966
All Pools,BENIS - AVAX,0.3,False,0.02989,11.3,,0.24,1783135966
All Pools,AVAX - WEAVE,0.3,False,0.02956,2.971,,0.91,1783135966
All Pools,AVAX - GRAV,0.3,False,0.02924,12.36,,0.22,1783135966
All Pools,AAVE.e - meGNX,0.3,False,0.02896,3.534,,0.75,1783135966
All Pools,USDC - USDT.e,0.3,False,0.02895,154.74,,0.02,1783135966
All Pools,MIM - VYBE,0.3,False,0.02895,0.86958,,3.04,1783135966
All Pools,USDC.e - WEAVE,0.3,False,0.02886,8.547,,0.31,1783135966
All Pools,QI - USDC.e,0.3,False,0.02883,0.70428,,3.74,1783135966
All Pools,LF - USDT.e,0.3,False,0.02878,1.005,,2.61,1783135966
All Pools,METAG - USDt,0.3,False,0.02867,15.59,,0.17,1783135966
All Pools,AVAX - VYBE,0.3,False,0.02865,1.737,,1.5,1783135966
All Pools,BTC.b - MU,0.3,False,0.02854,9.897,,0.26,1783135966
All Pools,SURE - AVAX,0.3,False,0.02846,5.447,,0.48,1783135966
All Pools,AVAX - BOREA,0.3,False,0.0274,5.681,,0.44,1783135966
All Pools,USDT.e - BOREA,0.3,False,0.02728,25.98,,0.1,1783135966
All Pools,NRK - DAI.e,0.3,False,0.0272,280.47,,0.01,1783135966
All Pools,CNR - USDC,0.3,False,0.02701,4.332,,0.57,1783135966
All Pools,AVAX - DAI,0.3,False,0.02658,58.56,,0.04,1783135966
All Pools,SLIME - AVAX,0.3,False,0.02648,16179.0,,,1783135966
All Pools,SLIME - USDt,0.3,False,0.02635,6.334,,0.38,1783135966
All Pools,MIM - SMRT,0.3,False,0.02618,0.54549,,4.38,1783135966
All Pools,GURS - ARENA,0.3,False,0.02613,5.649,,0.42,1783135966
All Pools,USDC.e - NXUSD,0.3,False,0.02593,1.5,,1.58,1783135966
All Pools,MCV - AVAX,0.3,False,0.02584,303.01,,0.01,1783135966
All Pools,COQ - MCV,0.3,False,0.02583,6.741,,0.35,1783135966
All Pools,KOVIN - AVAX,0.3,False,0.02515,2344.85,,,1783135966
All Pools,AVAX - BAVA,0.3,False,0.02503,9.121,,0.25,1783135966
All Pools,Priory - AVAX,0.3,False,0.02496,57.27,,0.04,1783135966
All Pools,FollowTheWhiteRabbit - Priory,0.3,False,0.02492,682.42,,0.0,1783135966
All Pools,ELE - AVAX,0.3,False,0.02437,93.06,,0.02,1783135966
All Pools,Go - AVAX,0.3,False,0.02435,106.82,,0.02,1783135966
All Pools,MIM - TEST,0.3,False,0.02403,0.52053,,4.21,1783135966
All Pools,NOCHILL - OX,0.3,False,0.02382,13722.0,,,1783135966
All Pools,GRELF[ava] - AVAX,0.3,False,0.02377,933.48,,0.0,1783135966
All Pools,COQ - OX,0.3,False,0.02361,13527.0,,,1783135966
All Pools,AVAX - GOT,0.3,False,0.02272,4.426,,0.47,1783135966
All Pools,USDT.e - GOT,0.3,False,0.02261,12.47,,0.17,1783135966
All Pools,CROWN - AVAX,0.3,False,0.0223,0.52517,,3.88,1783135966
All Pools,TOMB - ZSHARE,0.3,False,0.02177,1.197,,1.66,1783135966
All Pools,AVAX - ZSHARE,0.3,False,0.02166,13.38,,0.15,1783135966
All Pools,XPOW - USDC,0.3,False,0.02155,10.69,,0.18,1783135966
All Pools,BOOFI - PEFI,0.3,False,0.02118,14.47,,0.13,1783135966
All Pools,BOOFI - AVAX,0.3,False,0.02117,575.62,,0.0,1783135966
All Pools,Psychic - Blessings,0.3,False,0.02101,49.78,,0.04,1783135966
All Pools,Psychic - Nine,0.3,False,0.02091,49.8,,0.04,1783135966
All Pools,WETH.e - meGNX,0.3,False,0.02088,5.148,,0.37,1783135966
All Pools,Psychic - Qubit,0.3,False,0.02067,49.78,,0.04,1783135966
All Pools,Psychic - Aquarius,0.3,False,0.02063,49.82,,0.04,1783135966
All Pools,BLACK - Nine,0.3,False,0.02055,1.469,,1.28,1783135966
All Pools,Psychic - Thick,0.3,False,0.02051,49.8,,0.04,1783135966
All Pools,DUO - USDT.e,0.3,False,0.02047,6.386,,0.29,1783135966
All Pools,Psychic - WhoWho,0.3,False,0.02038,49.81,,0.04,1783135966
All Pools,Blessings - BLACK,0.3,False,0.02029,1.476,,1.25,1783135966
All Pools,WETH.e - USDR,0.3,False,0.02026,2.379,,0.78,1783135966
All Pools,Qubit - BLACK,0.3,False,0.0202,1.474,,1.25,1783135966
All Pools,Psychic - Zero,0.3,False,0.02019,49.8,,0.04,1783135966
All Pools,Thick - BLACK,0.3,False,0.02016,1.469,,1.25,1783135966
All Pools,wsOHM - OTWO,0.3,False,0.02012,1.518,,1.21,1783135966
All Pools,MELT - USDT.e,0.3,False,0.01997,29.82,,0.06,1783135966
All Pools,Zero - BLACK,0.3,False,0.01995,1.469,,1.24,1783135966
All Pools,Psychic - Gematria,0.3,False,0.01994,49.82,,0.04,1783135966
All Pools,Psychic - Architect,0.3,False,0.01991,49.82,,0.04,1783135966
All Pools,Psychic - TrumpCard,0.3,False,0.01991,49.83,,0.04,1783135966
All Pools,Psychic - Happy,0.3,False,0.0199,49.82,,0.04,1783135966
All Pools,Psychic - KatzJoel,0.3,False,0.01988,49.79,,0.04,1783135966
All Pools,Psychic - Diamonds,0.3,False,0.0198,51.76,,0.03,1783135966
All Pools,gOHM - OTWO,0.3,False,0.01972,90332.0,,,1783135966
All Pools,Psychic - [In]finity,0.3,False,0.01971,49.79,,0.04,1783135966
All Pools,Psychic - Hexagon,0.3,False,0.01971,49.81,,0.04,1783135966
All Pools,Gematria - BLACK,0.3,False,0.01966,1.462,,1.23,1783135966
All Pools,Happy - BLACK,0.3,False,0.01964,1.462,,1.23,1783135966
All Pools,KatzJoel - BLACK,0.3,False,0.01962,1.468,,1.22,1783135966
All Pools,Architect - BLACK,0.3,False,0.01961,1.463,,1.22,1783135966
All Pools,TrumpCard - BLACK,0.3,False,0.01953,1.46,,1.22,1783135966
All Pools,WBTC.e - ETHM,0.3,False,0.01949,0.30167,,5.9,1783135966
All Pools,AVAX - TMT,0.3,False,0.01948,6.068,,0.29,1783135966
All Pools,Diamonds - BLACK,0.3,False,0.01945,1.522,,1.17,1783135966
All Pools,Hexagon - BLACK,0.3,False,0.01942,1.464,,1.21,1783135966
All Pools,USDT.e - TMT,0.3,False,0.01938,25.63,,0.07,1783135966
All Pools,Psychic - Six,0.3,False,0.01933,49.82,,0.04,1783135966
All Pools,TSNFTGM - AVAX,0.3,False,0.01932,3.186,,0.55,1783135966
All Pools,MIM - CROWN,0.3,False,0.01931,13.09,,0.13,1783135966
All Pools,[In]finity - BLACK,0.3,False,0.01922,1.471,,1.19,1783135966
All Pools,Psychic - ElmoSunkGematria,0.3,False,0.01919,49.83,,0.04,1783135966
All Pools,Six - BLACK,0.3,False,0.01908,1.462,,1.19,1783135966
All Pools,AVAX - ELK,0.3,False,0.01896,50.8,,0.03,1783135966
All Pools,COQ - SNOWY,0.3,False,0.01892,0.91343,,1.89,1783135966
All Pools,Christmas - AVAX,0.3,False,0.01891,189.75,,0.01,1783135966
All Pools,Psychic - Christmas,0.3,False,0.01887,34.97,,0.05,1783135966
All Pools,AMPL - MIM,0.3,False,0.01885,0.4827,,3.56,1783135966
All Pools,BLACK - ElmoSunkGematria,0.3,False,0.01885,1.461,,1.18,1783135966
All Pools,YAK - mYAK,0.3,False,0.01876,0.75753,,2.26,1783135966
All Pools,Milk - AVAX,0.3,False,0.01866,5.586,,0.3,1783135966
All Pools,TRACTOR - AVAX,0.3,False,0.01865,11263.0,,,1783135966
All Pools,Chrism - BLACK,0.3,False,0.01858,1.531,,1.11,1783135966
All Pools,Milk - USDT.e,0.3,False,0.01854,14.01,,0.12,1783135966
All Pools,Gravity - BLACK,0.3,False,0.01837,0.29941,,5.6,1783135966
All Pools,Psychic - Codes,0.3,False,0.01829,49.83,,0.03,1783135966
All Pools,TEST - USDC,0.3,False,0.01823,3.953,,0.42,1783135966
All Pools,ZRO - USDC,0.3,False,0.01819,4.595,,0.36,1783135966
All Pools,WBTC.e - USDC.e,0.3,False,0.01815,7.983,,0.21,1783135966
All Pools,Codes - BLACK,0.3,False,0.01803,1.46,,1.13,1783135966
All Pools,WOLF - MU,0.3,False,0.01797,4.086,,0.4,1783135966
All Pools,AVAX - SQRCAT,0.3,False,0.01795,4450.39,,,1783135966
All Pools,AMI - SQRCAT,0.3,False,0.01793,10.55,,0.16,1783135966
All Pools,AVAX - Nala,0.3,False,0.01769,20.04,,0.08,1783135966
All Pools,Psychic - Nala,0.3,False,0.01765,218.59,,0.01,1783135966
All Pools,MPL - AVAX,0.3,False,0.01743,5.277,,0.3,1783135966
All Pools,QI - SNOWY,0.3,False,0.01736,0.36234,,4.37,1783135966
All Pools,MPL - USDt,0.3,False,0.01733,30.18,,0.05,1783135966
All Pools,AAVE.e - USDC.e,0.3,False,0.01723,1.228,,1.28,1783135966
All Pools,Psychic - Number,0.3,False,0.01719,49.83,,0.03,1783135966
All Pools,Number - BLACK,0.3,False,0.01696,1.46,,1.06,1783135966
All Pools,Psychic - PoPo,0.3,False,0.01674,49.82,,0.03,1783135966
All Pools,SNTA - MIM,0.3,False,0.01668,0.32687,,4.66,1783135966
All Pools,Trinity - FourFourFour,0.3,False,0.01653,3.685,,0.41,1783135966
All Pools,PoPo - BLACK,0.3,False,0.0165,1.462,,1.03,1783135966
All Pools,SWIFT - AVAX,0.3,False,0.01644,10.14,,0.15,1783135966
All Pools,FourFourFour - BLACK,0.3,False,0.0163,3.701,,0.4,1783135966
All Pools,CNR - USDt,0.3,False,0.0162,4.343,,0.34,1783135966
All Pools,MIM - YAK,0.3,False,0.01617,0.15477,,9.53,1783135966
All Pools,YEEHAW - ARENA,0.3,False,0.01612,0.87394,,1.68,1783135966
All Pools,Trinity - Stolen,0.3,False,0.01603,22.67,,0.06,1783135966
All Pools,Chrism - ChristMark,0.3,False,0.01602,146.99,,0.01,1783135966
All Pools,NOCHILL - KET,0.3,False,0.01597,9.169,,0.16,1783135966
All Pools,TEDDY - AVAX,0.3,False,0.0158,12.8,,0.11,1783135966
All Pools,AVAX - SPADE,0.3,False,0.0157,5.117,,0.28,1783135966
All Pools,ChristMark - ChristIAmYou,0.3,False,0.01569,21.3,,0.07,1783135966
All Pools,AVAX - AXIAL,0.3,False,0.01568,635.73,,0.0,1783135966
All Pools,AVAX - USDR,0.3,False,0.01564,2.538,,0.56,1783135966
All Pools,USDC.e - SPADE,0.3,False,0.01563,15.7,,0.09,1783135966
All Pools,Psychic - Bonfire,0.3,False,0.01546,49.82,,0.03,1783135966
All Pools,YEEHAW - AMI,0.3,False,0.01524,3.082,,0.45,1783135966
All Pools,aAvaLINK - meGNX,0.3,False,0.01517,8.632,,0.16,1783135966
All Pools,Bonfire - BLACK,0.3,False,0.01513,1.457,,0.95,1783135966
All Pools,NOCHILL - AMI,0.3,False,0.01485,3.516,,0.39,1783135966
All Pools,SHERPA - AVAX,0.3,False,0.01483,98.4,,0.01,1783135966
All Pools,MIM - PAR,0.3,False,0.01467,0.47243,,2.83,1783135966
All Pools,YETI - WINE,0.3,False,0.01465,0.17507,,7.64,1783135966
All Pools,AVAX - DWC,0.3,False,0.01454,4338.83,,,1783135966
All Pools,AVAX - PAR,0.3,False,0.0145,1.34,,0.99,1783135966
All Pools,MIM - ICE,0.3,False,0.0145,0.31727,,4.17,1783135966
All Pools,DWC - MU,0.3,False,0.01448,2.818,,0.47,1783135966
All Pools,LordJesusChrist - BLACK,0.3,False,0.01446,1.392,,0.95,1783135966
All Pools,AVAX - TUSK,0.3,False,0.01444,2.117,,0.62,1783135966
All Pools,YETI - AVAX,0.3,False,0.01443,699.7,,0.0,1783135966
All Pools,USDC.e - TUSK,0.3,False,0.01436,9.503,,0.14,1783135966
All Pools,AVAX - ICE,0.3,False,0.01431,108.86,,0.01,1783135966
All Pools,WOLF - AMI,0.3,False,0.01419,2.577,,0.5,1783135966
All Pools,MUMO - WMATIC,0.3,False,0.01414,0.02615,,49.35,1783135966
All Pools,ZH - JOE,0.3,False,0.01414,2.202,,0.59,1783135966
All Pools,Psychic - SevenSevenSeven,0.3,False,0.01408,49.84,,0.03,1783135966
All Pools,Psychic - Vampire,0.3,False,0.01404,49.83,,0.03,1783135966
All Pools,CATWIF - AVAX,0.3,False,0.01402,2361.56,,,1783135966
All Pools,CATWIF - MU,0.3,False,0.01396,2.926,,0.44,1783135966
All Pools,BGLD - AVAX,0.3,False,0.01394,3.726,,0.34,1783135966
All Pools,ZH - USDC.e,0.3,False,0.01392,22.33,,0.06,1783135966
All Pools,BGLD - USDT.e,0.3,False,0.01386,16.63,,0.08,1783135966
All Pools,Alpha - AVAX,0.3,False,0.01385,2.486,,0.51,1783135966
All Pools,Vampire - BLACK,0.3,False,0.01385,1.45,,0.87,1783135966
All Pools,Alpha - USDC,0.3,False,0.01381,32.1,,0.04,1783135966
All Pools,COQ - REDWOLF,0.3,False,0.01368,9.101,,0.14,1783135966
All Pools,Psychic - Verse,0.3,False,0.01358,49.8,,0.02,1783135966
All Pools,COQ - LYLY,0.3,False,0.01348,10.35,,0.12,1783135966
All Pools,HATCHY - AMI,0.3,False,0.01345,2.779,,0.44,1783135966
All Pools,EVRT - AVAX,0.3,False,0.01344,37.11,,0.03,1783135966
All Pools,BLACK - Verse,0.3,False,0.01339,1.457,,0.84,1783135966
All Pools,MU - COQAI,0.3,False,0.01337,5.855,,0.21,1783135966
All Pools,AMPL - AVAX,0.3,False,0.01327,217.94,,0.01,1783135966
All Pools,BTC.b - GMX,0.3,False,0.01309,1.284,,0.93,1783135966
All Pools,JOE - REDWOLF,0.3,False,0.01303,2.941,,0.4,1783135966
All Pools,VPND - AVAX,0.3,False,0.01302,19049.0,,,1783135966
All Pools,BTC.b - BEAM,0.3,False,0.013,0.24663,,4.81,1783135966
All Pools,AVAX - WISE,0.3,False,0.01299,2.338,,0.51,1783135966
All Pools,USDC.e - WISE,0.3,False,0.01292,6.828,,0.17,1783135966
All Pools,MIM - DB,0.3,False,0.01288,0.75985,,1.55,1783135966
All Pools,USDT.e - AVVO,0.3,False,0.01282,3.685,,0.32,1783135966
All Pools,COQ - KOVIN,0.3,False,0.01278,8.704,,0.13,1783135966
All Pools,Psychic - IAmThatIAm,0.3,False,0.01272,49.83,,0.02,1783135966
All Pools,SatoshiNakamoto - Psychic,0.3,False,0.01272,49.83,,0.02,1783135966
All Pools,XETA - AVAX,0.3,False,0.01256,0.16389,,7.0,1783135966
All Pools,GATOR - AMI,0.3,False,0.01253,2.913,,0.39,1783135966
All Pools,Psychic - Oracle,0.3,False,0.01249,49.84,,0.02,1783135966
All Pools,Oracle - BLACK,0.3,False,0.01228,1.447,,0.77,1783135966
All Pools,KOVIN - MU,0.3,False,0.01227,2.544,,0.44,1783135966
All Pools,GATOR - ARENA,0.3,False,0.01217,1.445,,0.77,1783135966
All Pools,3ULL - AVAX,0.3,False,0.01192,36.36,,0.03,1783135966
All Pools,PlotTwist - BLACK,0.3,False,0.01181,1.481,,0.73,1783135966
All Pools,Psychic - QuetzalCoatl,0.3,False,0.01178,49.84,,0.02,1783135966
All Pools,Psychic - Penny,0.3,False,0.01178,49.84,,0.02,1783135966
All Pools,MIM - MTB,0.3,False,0.01167,0.44297,,2.4,1783135966
All Pools,WETH.e - MU,0.3,False,0.01163,1.749,,0.61,1783135966
All Pools,QuetzalCoatl - BLACK,0.3,False,0.01156,1.446,,0.73,1783135966
All Pools,Psychic - TrueStory,0.3,False,0.01156,49.84,,0.02,1783135966
All Pools,Penny - BLACK,0.3,False,0.01156,1.446,,0.73,1783135966
All Pools,MIM - MEAD,0.3,False,0.01153,0.24108,,4.37,1783135966
All Pools,AVAX - MTB,0.3,False,0.01153,0.43898,,2.4,1783135966
All Pools,Psychic - Time,0.3,False,0.0115,49.83,,0.02,1783135966
All Pools,MEAD - AVAX,0.3,False,0.0115,107.78,,0.01,1783135966
All Pools,TrueStory - BLACK,0.3,False,0.01137,1.446,,0.72,1783135966
All Pools,Psychic - LordJesusChrist,0.3,False,0.01136,47.86,,0.02,1783135966
All Pools,wALGO - AVAX,0.3,False,0.01134,123.55,,0.01,1783135966
All Pools,gOHM - JOE,0.3,False,0.01131,3.256,,0.32,1783135966
All Pools,Time - BLACK,0.3,False,0.01129,1.448,,0.71,1783135966
All Pools,wALGO - USDC,0.3,False,0.01129,2.482,,0.41,1783135966
All Pools,Psychic - Alphabet,0.3,False,0.01119,49.84,,0.02,1783135966
All Pools,SUB - AVAX,0.3,False,0.01119,15.82,,0.06,1783135966
All Pools,MIM - toi,0.3,False,0.01116,0.62937,,1.62,1783135966
All Pools,Flection - Psychic,0.3,False,0.01109,49.84,,0.02,1783135966
All Pools,toi - AVAX,0.3,False,0.01103,0.39331,,2.56,1783135966
All Pools,Alphabet - BLACK,0.3,False,0.01099,1.444,,0.69,1783135966
All Pools,AVAX - iBONE,0.3,False,0.01098,4.419,,0.23,1783135966
All Pools,Psychic - Artemis,0.3,False,0.01097,49.98,,0.02,1783135966
All Pools,AI9000 - AVAX,0.3,False,0.01094,228.32,,0.0,1783135966
All Pools,USDT.e - iBONE,0.3,False,0.01091,4.527,,0.22,1783135966
All Pools,Loyalty - Psychic,0.3,False,0.01085,49.8,,0.02,1783135966
All Pools,SMRTr - GG,0.3,False,0.01083,0.10939,,9.04,1783135966
All Pools,REDWOLF - SHRAP,0.3,False,0.01083,0.88107,,1.12,1783135966
All Pools,Artemis - BLACK,0.3,False,0.01078,1.469,,0.67,1783135966
All Pools,USDt - OK,0.3,False,0.01074,0.14643,,6.69,1783135966
All Pools,Loyalty - BLACK,0.3,False,0.01069,1.454,,0.67,1783135966
All Pools,MUMO - USDC,0.3,False,0.01068,7.858,,0.12,1783135966
All Pools,HUSKY - SNOWY,0.3,False,0.01065,0.17508,,5.55,1783135966
All Pools,DivineFeminine - AVAX,0.3,False,0.01064,4.656,,0.21,1783135966
All Pools,Psychic - BirthingCode,0.3,False,0.01052,49.84,,0.02,1783135966
All Pools,TRACTOR - USDT.e,0.3,False,0.01049,1.724,,0.56,1783135966
All Pools,COQ - BOOTY,0.3,False,0.01047,7.271,,0.13,1783135966
All Pools,Psychic - Line,0.3,False,0.01045,50.51,,0.02,1783135966
All Pools,SNP - AVAX,0.3,False,0.01044,8.276,,0.12,1783135966
All Pools,BirthingCode - BLACK,0.3,False,0.01042,1.443,,0.66,1783135966
All Pools,XIO - AVAX,0.3,False,0.01042,2.415,,0.39,1783135966
All Pools,COQ - SNP,0.3,False,0.0104,17.24,,0.06,1783135966
All Pools,XIO - USDC,0.3,False,0.01037,24.18,,0.04,1783135966
All Pools,Psychic - Abracadabra,0.3,False,0.01036,49.81,,0.02,1783135966
All Pools,Psychic - WhoWhoWho,0.3,False,0.01033,49.8,,0.02,1783135966
All Pools,Psychic - Lock,0.3,False,0.01031,49.82,,0.02,1783135966
All Pools,ARA - AVAX,0.3,False,0.0103,2.424,,0.39,1783135966
All Pools,MIM - DREX,0.3,False,0.01027,5.549,,0.17,1783135966
All Pools,CRA - AVAX,0.3,False,0.01027,7646.46,,,1783135966
All Pools,WhoWhoWho - BLACK,0.3,False,0.01016,1.457,,0.64,1783135966
All Pools,Psychic - Chrism,0.3,False,0.01015,52.23,,0.02,1783135966
All Pools,Lock - BLACK,0.3,False,0.01015,1.452,,0.64,1783135966
All Pools,AVAX - DREX,0.3,False,0.01014,0.2027,,4.57,1783135966
All Pools,XOMB - AVAX,0.3,False,0.01013,16.58,,0.06,1783135966
All Pools,BLACK - IfYouKnowYouKnow,0.3,False,0.01011,1.482,,0.62,1783135966
All Pools,XOMB - USDT.e,0.3,False,0.01007,2.155,,0.43,1783135966
All Pools,JOE - AVE,0.3,False,0.00992,1.272,,0.71,1783135966
All Pools,Psychic - KekiusMaximus,0.3,False,0.00988,49.84,,0.02,1783135966
All Pools,COQ - MU,0.3,False,0.00986,3.539,,0.25,1783135966
All Pools,Psychic - Sequence,0.3,False,0.00985,49.84,,0.02,1783135966
All Pools,MIM - DB,0.3,False,0.00979,0.50375,,1.77,1783135966
All Pools,MEOW - MU,0.3,False,0.00975,1.339,,0.66,1783135966
All Pools,DB - AVAX,0.3,False,0.00975,0.35239,,2.52,1783135966
All Pools,KekiusMaximus - BLACK,0.3,False,0.00972,1.446,,0.61,1783135966
All Pools,Psychic - Confusion,0.3,False,0.0097,49.83,,0.02,1783135966
All Pools,ARENA - AMI,0.3,False,0.00964,0.9173,,0.96,1783135966
All Pools,Gladiator - AVAX,0.3,False,0.00963,1.599,,0.55,1783135966
All Pools,DrainTheSwamp - AVAX,0.3,False,0.00959,28.87,,0.03,1783135966
All Pools,MIM - LIFE,0.3,False,0.00956,0.2385,,3.66,1783135966
All Pools,DrainTheSwamp - FollowTheWhiteRabbit,0.3,False,0.00956,8.35,,0.1,1783135966
All Pools,Psychic - James,0.3,False,0.00955,49.85,,0.02,1783135966
All Pools,Psychic - daVinci,0.3,False,0.00955,49.83,,0.02,1783135966
All Pools,Psychic - PennyTrinity,0.3,False,0.00954,49.85,,0.02,1783135966
All Pools,AVAX - WSPP,0.3,False,0.00952,2.412,,0.36,1783135966
All Pools,SodomAndGomorrah - AVAX,0.3,False,0.00949,14.41,,0.06,1783135966
All Pools,Trinity - SodomAndGomorrah,0.3,False,0.00947,16.88,,0.05,1783135966
All Pools,James - BLACK,0.3,False,0.00947,1.441,,0.6,1783135966
All Pools,LIFE - AVAX,0.3,False,0.00944,0.77339,,1.11,1783135966
All Pools,PennyTrinity - BLACK,0.3,False,0.00939,1.442,,0.59,1783135966
All Pools,Psychic - Crypt,0.3,False,0.00929,49.8,,0.02,1783135966
All Pools,Psychic - Numbers,0.3,False,0.00928,49.84,,0.02,1783135966
All Pools,SMRTr - USDT.e,0.3,False,0.00924,1.125,,0.75,1783135966
All Pools,Numbers - BLACK,0.3,False,0.00922,1.443,,0.58,1783135966
All Pools,Eye - Psychic,0.3,False,0.00917,49.84,,0.02,1783135966
All Pools,Crypt - BLACK,0.3,False,0.00917,1.455,,0.58,1783135966
All Pools,Psychic - Partment,0.3,False,0.00902,49.82,,0.02,1783135966
All Pools,BIRD - AVAX,0.3,False,0.00899,0.01012,,81.07,1783135966
All Pools,BLACK - Partment,0.3,False,0.00896,1.448,,0.56,1783135966
All Pools,MIM - DB,0.3,False,0.00886,0.19152,,4.22,1783135966
All Pools,Psychic - Alice,0.3,False,0.00884,49.81,,0.02,1783135966
All Pools,AVAX - COSMIC,0.3,False,0.00879,1.081,,0.74,1783135966
All Pools,JOE - aXEN,0.3,False,0.00875,0.19706,,4.05,1783135966
All Pools,USDC - COSMIC,0.3,False,0.00875,54.06,,0.01,1783135966
All Pools,DB - AVAX,0.3,False,0.00875,1.435,,0.56,1783135966
All Pools,BLACK - Alice,0.3,False,0.00872,1.452,,0.55,1783135966
All Pools,AVAX - MUG,0.3,False,0.00871,1.039,,0.77,1783135966
All Pools,Psychic - PlotTwist,0.3,False,0.00867,50.95,,0.02,1783135966
All Pools,NOCHILL - MU,0.3,False,0.00864,1.625,,0.49,1783135966
All Pools,KOKSAL - AVAX,0.3,False,0.00858,2.907,,0.27,1783135966
All Pools,Psychic - BiTonic,0.3,False,0.00856,49.91,,0.02,1783135966
All Pools,BENIS - NOCHILL,0.3,False,0.00855,3.104,,0.25,1783135966
All Pools,KOKSAL - USDC,0.3,False,0.00854,4.522,,0.17,1783135966
All Pools,Psychic - TwinFlames,0.3,False,0.00852,50.4,,0.02,1783135966
All Pools,AKA - AVAX,0.3,False,0.00851,1.866,,0.42,1783135966
All Pools,BLACK - TwinFlames,0.3,False,0.00848,1.462,,0.53,1783135966
All Pools,AKA - USDt,0.3,False,0.00848,2.77,,0.28,1783135966
All Pools,GMX - USDC,0.3,False,0.00839,0.83936,,0.91,1783135966
All Pools,Psychic - RefZip,0.3,False,0.00823,49.84,,0.02,1783135966
All Pools,SWIFT - USDT.e,0.3,False,0.00821,0.41977,,1.79,1783135966
All Pools,AVAX - Ouroboros,0.3,False,0.00813,16.1,,0.05,1783135966
All Pools,Trinity - Ouroboros,0.3,False,0.00811,9.603,,0.08,1783135966
All Pools,TRACTOR - JOE,0.3,False,0.00801,1.219,,0.6,1783135966
All Pools,AVAX - NORTH,0.3,False,0.00795,1.83,,0.4,1783135966
All Pools,AVAX - NXUSD,0.3,False,0.00794,0.38731,,1.87,1783135966
All Pools,USDT.e - NORTH,0.3,False,0.0079,26.62,,0.03,1783135966
All Pools,CAPY - ARENA,0.3,False,0.0079,23039.0,,,1783135966
All Pools,USDC.e - BAVA,0.3,False,0.00788,2.714,,0.27,1783135966
All Pools,Psychic - Equal,0.3,False,0.00778,49.84,,0.01,1783135966
All Pools,Choice - Psychic,0.3,False,0.00775,49.81,,0.01,1783135966
All Pools,Choice - BLACK,0.3,False,0.00771,1.449,,0.49,1783135966
All Pools,CNR - AVAX,0.3,False,0.00769,47.79,,0.01,1783135966
All Pools,ETHM - LINK.e,0.3,False,0.00765,0.11047,,6.32,1783135966
All Pools,3ULL - USDt,0.3,False,0.0076,2.23,,0.31,1783135966
All Pools,EagleToken - AVAX,0.3,False,0.00757,1.713,,0.4,1783135966
All Pools,EagleToken - USDC.e,0.3,False,0.00753,2.061,,0.33,1783135966
All Pools,Trinity - TruthClosure,0.3,False,0.0074,6.942,,0.1,1783135966
All Pools,PB - MIM,0.3,False,0.00738,5.777,,0.12,1783135966
All Pools,AVAX - DUA,0.3,False,0.00738,1.794,,0.38,1783135966
All Pools,DUA - USDC,0.3,False,0.00734,11.54,,0.06,1783135966
All Pools,MUMO - AVAX,0.3,False,0.00731,0.14843,,4.49,1783135966
All Pools,RUG - DAI.e,0.3,False,0.00729,0.76881,,0.87,1783135966
All Pools,PB - AVAX,0.3,False,0.00727,0.16307,,4.07,1783135966
All Pools,Trinity - IngersollLockwood,0.3,False,0.00724,0.74149,,0.89,1783135966
All Pools,SFI - AVAX,0.3,False,0.00718,0.94661,,0.69,1783135966
All Pools,MIM - ICY,0.3,False,0.00718,7.473,,0.09,1783135966
All Pools,SMRT - XAVA,0.3,False,0.00709,2.389,,0.27,1783135966
All Pools,DB - AVAX,0.3,False,0.00709,0.78207,,0.83,1783135966
All Pools,IngersollLockwood - BLACK,0.3,False,0.00706,1.465,,0.44,1783135966
All Pools,LYD - REDWOLF,0.3,False,0.00705,4.191,,0.15,1783135966
All Pools,MIM - SFI,0.3,False,0.00685,0.16483,,3.79,1783135966
All Pools,KR - AVAX,0.3,False,0.0068,1.444,,0.43,1783135966
All Pools,KR - USDC.e,0.3,False,0.00676,11.19,,0.06,1783135966
All Pools,AI9000 - MU,0.3,False,0.00668,1.083,,0.56,1783135966
All Pools,MU - SOL,0.3,False,0.00665,1.134,,0.53,1783135966
All Pools,USDC.e - UST,0.3,False,0.00661,1.578,,0.38,1783135966
All Pools,TIME - SPELL,0.3,False,0.00646,0.41133,,1.43,1783135966
All Pools,DB - USDC,0.3,False,0.00645,0.35072,,1.68,1783135966
All Pools,XPOW - USDt,0.3,False,0.00644,1.117,,0.53,1783135966
All Pools,AVAX - RUG,0.3,False,0.00642,0.33107,,1.77,1783135966
All Pools,Psychic - Self,0.3,False,0.0064,51.67,,0.01,1783135966
All Pools,USV - AVAX,0.3,False,0.00637,0.96336,,0.6,1783135966
All Pools,MU - MUG,0.3,False,0.00637,2334.95,,,1783135966
All Pools,HH - AVAX,0.3,False,0.00636,257.58,,0.0,1783135966
All Pools,APOW - MU,0.3,False,0.00634,2.371,,0.24,1783135966
All Pools,HH - ARENA,0.3,False,0.00632,1.772,,0.33,1783135966
All Pools,KIMBO - AMI,0.3,False,0.00632,2.657,,0.22,1783135966
All Pools,JOE - CNR,0.3,False,0.00629,0.75111,,0.76,1783135966
All Pools,AVAX - HOST,0.3,False,0.00622,1.617,,0.35,1783135966
All Pools,AMI - MU,0.3,False,0.00621,1.27,,0.45,1783135966
All Pools,Psychic - Checkmate,0.3,False,0.00618,49.95,,0.01,1783135966
All Pools,Checkmate - BLACK,0.3,False,0.00615,1.444,,0.39,1783135966
All Pools,LUNA - USDC,0.3,False,0.00615,1.463,,0.38,1783135966
All Pools,JOE - USDt,0.3,False,0.00613,0.67207,,0.83,1783135966
All Pools,CRA - USDC.e,0.3,False,0.00604,0.49076,,1.12,1783135966
All Pools,WITCH - AVAX,0.3,False,0.00602,2.22,,0.25,1783135966
All Pools,APOW - XPOW,0.3,False,0.00599,22.31,,0.02,1783135966
All Pools,WITCH - USDC,0.3,False,0.00598,1.591,,0.34,1783135966
All Pools,Psychic - Go,0.3,False,0.00597,58.64,,0.01,1783135966
All Pools,GRAPE - AVAX,0.3,False,0.00597,0.09277,,5.87,1783135966
All Pools,Trinity - IfYouKnowYouKnow,0.3,False,0.00596,3.633,,0.15,1783135966
All Pools,AVAX - sSB,0.3,False,0.00584,0.47063,,1.13,1783135966
All Pools,EGG - AVAX,0.3,False,0.00583,1.382,,0.39,1783135966
All Pools,HOST - DAI.e,0.3,False,0.00579,2.821,,0.19,1783135966
All Pools,EGG - USDT.e,0.3,False,0.00578,1.862,,0.28,1783135966
All Pools,DAI.e - NXUSD,0.3,False,0.00577,0.19468,,2.7,1783135966
All Pools,CRAFT - USDC.e,0.3,False,0.00575,0.75748,,0.69,1783135966
All Pools,EUROS - AVAX,0.3,False,0.00557,0.99233,,0.51,1783135966
All Pools,UST - WINE,0.3,False,0.00553,0.11219,,4.5,1783135966
All Pools,LUNA - USDt,0.3,False,0.0055,1.383,,0.36,1783135966
All Pools,AVE - AVAX,0.3,False,0.00549,3.242,,0.15,1783135966
All Pools,ETHM - USDT.e,0.3,False,0.00546,0.07013,,7.11,1783135966
All Pools,xJOE - wsOHM,0.3,False,0.00545,0.18702,,2.66,1783135966
All Pools,xJOE - AVAX,0.3,False,0.00538,1.924,,0.26,1783135966
All Pools,Degen - AVAX,0.3,False,0.00535,1507.94,,,1783135966
All Pools,MIM - ARABBIT,0.3,False,0.00534,0.2571,,1.9,1783135966
All Pools,SNO Token - AVAX,0.3,False,0.00534,1.197,,0.41,1783135966
All Pools,SNO Token - JOE,0.3,False,0.00531,54.24,,0.01,1783135966
All Pools,ARABBIT - AVAX,0.3,False,0.00524,0.25691,,1.86,1783135966
All Pools,BEAM - MU,0.3,False,0.00515,0.91051,,0.52,1783135966
All Pools,MIM - SMOKA,0.3,False,0.00502,0.23053,,1.99,1783135966
All Pools,AVAX - LODE,0.3,False,0.00497,1.037,,0.44,1783135966
All Pools,USDC - LODE,0.3,False,0.00492,1025.08,,,1783135966
All Pools,SMOKA - AVAX,0.3,False,0.00492,0.25316,,1.77,1783135966
All Pools,BEE - AVAX,0.3,False,0.00487,0.69724,,0.64,1783135966
All Pools,BEE - USDT.e,0.3,False,0.00483,32.24,,0.01,1783135966
All Pools,TokenZ - AVAX,0.3,False,0.00479,1.985,,0.22,1783135966
All Pools,TokenZ - USDC,0.3,False,0.00477,3.603,,0.12,1783135966
All Pools,MIM - PLEB,0.3,False,0.00475,7.848,,0.06,1783135966
All Pools,gOHM - USDT.e,0.3,False,0.00468,0.62994,,0.68,1783135966
All Pools,SNLP - AVAX,0.3,False,0.00468,2743.81,,,1783135966
All Pools,AVAX - PLEB,0.3,False,0.00466,0.09035,,4.71,1783135966
All Pools,JOE - SNLP,0.3,False,0.00466,1.127,,0.38,1783135966
All Pools,AVAX - IMPACT,0.3,False,0.00453,2.806,,0.15,1783135966
All Pools,USDt - IMPACT,0.3,False,0.00451,1.726,,0.24,1783135966
All Pools,MIM - AKITA,0.3,False,0.00442,0.08346,,4.83,1783135966
All Pools,AVAX - SAGE,0.3,False,0.00436,0.74114,,0.54,1783135966
All Pools,AVAX - AKITA,0.3,False,0.00433,1876.14,,,1783135966
All Pools,USDC.e - SAGE,0.3,False,0.00432,2.082,,0.19,1783135966
All Pools,DCAR - AVAX,0.3,False,0.00423,0.96028,,0.4,1783135966
All Pools,3ULL - USDT.e,0.3,False,0.00422,0.57749,,0.67,1783135966
All Pools,DCAR - USDC,0.3,False,0.00421,56.33,,0.01,1783135966
All Pools,AVAX - TT,0.3,False,0.00421,1.694,,0.23,1783135966
All Pools,USDC - TT,0.3,False,0.00419,2.024,,0.19,1783135966
All Pools,AI9000 - USDt,0.3,False,0.00418,0.7807,,0.49,1783135966
All Pools,WABBIT - AMI,0.3,False,0.0041,0.83519,,0.45,1783135966
All Pools,WABBIT - AVAX,0.3,False,0.00408,4505.05,,,1783135966
All Pools,ORNG - JUICE,0.3,False,0.00397,1.391,,0.26,1783135966
All Pools,COQ - ARENA,0.3,False,0.00391,0.84724,,0.42,1783135966
All Pools,QI - USDC,0.3,False,0.00373,0.07672,,4.44,1783135966
All Pools,ACS - USDt,0.3,False,0.00368,0.94306,,0.36,1783135966
All Pools,REDWOLF - ODDZ,0.3,False,0.00364,1.363,,0.24,1783135966
All Pools,Gladiator - AMI,0.3,False,0.00362,1.101,,0.3,1783135966
All Pools,AVAX - ASND,0.3,False,0.00362,0.11051,,2.99,1783135966
All Pools,TSD - USDT.e,0.3,False,0.00357,0.17458,,1.87,1783135966
All Pools,HUSKY - aXEN,0.3,False,0.00356,0.05674,,5.73,1783135966
All Pools,MIM - ASND,0.3,False,0.00356,70.43,,0.0,1783135966
All Pools,ELXR - USDC.e,0.3,False,0.00352,1094.12,,,1783135966
All Pools,WET - USDT.e,0.3,False,0.00349,0.38329,,0.83,1783135966
All Pools,JamesBond - BLACK,0.3,False,0.00349,0.32909,,0.97,1783135966
All Pools,JOE - USDR,0.3,False,0.00347,0.57066,,0.56,1783135966
All Pools,ARENA - JUICY,0.3,False,0.00347,0.03905,,8.11,1783135966
All Pools,RGK - AVAX,0.3,False,0.00344,0.06043,,5.2,1783135966
All Pools,Trinity - BLACK,0.3,False,0.00337,0.1983,,1.55,1783135966
All Pools,USDC.e - TIME,0.3,False,0.00336,0.20327,,1.51,1783135966
All Pools,SUB - AVAX,0.3,False,0.00335,0.44073,,0.69,1783135966
All Pools,SUB - USDC,0.3,False,0.00332,69.67,,0.0,1783135966
All Pools,GMX - USDt,0.3,False,0.00328,0.34655,,0.86,1783135966
All Pools,USDC.e - SMRT,0.3,False,0.00326,1.891,,0.16,1783135966
All Pools,BNZ - KET,0.3,False,0.00324,2.649,,0.11,1783135966
All Pools,Balln - AMI,0.3,False,0.00323,0.49842,,0.59,1783135966
All Pools,MU - KET,0.3,False,0.00322,0.95128,,0.31,1783135966
All Pools,USDC - SPT,0.3,False,0.0032,0.13767,,2.12,1783135966
All Pools,MU - WAIFU,0.3,False,0.0031,119.65,,0.0,1783135966
All Pools,MAXI - AVAX,0.3,False,0.00304,0.67583,,0.41,1783135966
All Pools,MEAT - AVAX,0.3,False,0.00297,3989.48,,,1783135966
All Pools,MEAT - MU,0.3,False,0.00295,0.4157,,0.65,1783135966
All Pools,DoloresCannon - BLACK,0.3,False,0.00294,0.32957,,0.81,1783135966
All Pools,USDC.e - WET,0.3,False,0.00294,0.38305,,0.7,1783135966
All Pools,HUSKY - MU,0.3,False,0.0029,0.04143,,6.38,1783135966
All Pools,Psychic - YouAndI,0.3,False,0.00284,49.68,,0.01,1783135966
All Pools,tst1 - AVAX,0.3,False,0.00282,0.49065,,0.52,1783135966
All Pools,YouAndI - BLACK,0.3,False,0.00281,1.43,,0.18,1783135966
All Pools,SB - DAI.e,0.3,False,0.0028,0.13563,,1.89,1783135966
All Pools,tst1 - USDT.e,0.3,False,0.0028,2.633,,0.1,1783135966
All Pools,sAVAX - USDC,0.3,False,0.00279,0.46497,,0.55,1783135966
All Pools,NOCHILL - WAIFU,0.3,False,0.00279,147.62,,0.0,1783135966
All Pools,TEST - DAI.e,0.3,False,0.00275,1.175,,0.21,1783135966
All Pools,USDC - AMI,0.3,False,0.00272,0.51099,,0.49,1783135966
All Pools,AMI - DEGEN404,0.3,False,0.00271,0.76525,,0.32,1783135966
All Pools,gOHM - USDC.e,0.3,False,0.0027,0.31978,,0.77,1783135966
All Pools,OLIVE - AVAX,0.3,False,0.0027,0.0012,,204.53,1783135966
All Pools,SPORE - JOE,0.3,False,0.0027,0.44528,,0.55,1783135966
All Pools,MIM - BSGG,0.3,False,0.00267,0.07999,,3.05,1783135966
All Pools,Degen - DEGEN404,0.3,False,0.00267,262.92,,,1783135966
All Pools,HUSKY - SMRTr,0.3,False,0.00266,0.04619,,5.26,1783135966
All Pools,GGP - JUICY,0.3,False,0.00264,0.03267,,7.38,1783135966
All Pools,AUX - AVAX,0.3,False,0.00261,0.3211,,0.74,1783135966
All Pools,UNI.e - AVAX,0.3,False,0.00261,0.02989,,7.96,1783135966
All Pools,FITFI - USDC,0.3,False,0.0026,0.21418,,1.11,1783135966
All Pools,JumpNorthDonald - BLACK,0.3,False,0.0026,0.32807,,0.72,1783135966
All Pools,AUX - USDC,0.3,False,0.00259,646.77,,,1783135966
All Pools,GATOR - GURS,0.3,False,0.00251,0.12706,,1.81,1783135966
All Pools,GOD - AVAX,0.3,False,0.0025,22.05,,0.01,1783135966
All Pools,BTC.b - MUMO,0.3,False,0.00246,4.076,,0.06,1783135966
All Pools,YEEHAW - ABC,0.3,False,0.00245,0.25805,,0.87,1783135966
All Pools,LYD - AVAX,0.3,False,0.00245,0.67158,,0.33,1783135966
All Pools,NOCHILL - ARENA,0.3,False,0.00242,0.29002,,0.76,1783135966
All Pools,TEST - USDT.e,0.3,False,0.00242,3.93,,0.06,1783135966
All Pools,MIM - BTC.b,0.3,False,0.0024,0.02355,,9.28,1783135966
All Pools,AVAX - CAKE,0.3,False,0.00232,0.62439,,0.34,1783135966
All Pools,CRA - USDT.e,0.3,False,0.00232,0.2316,,0.91,1783135966
All Pools,USDT.e - CAKE,0.3,False,0.00231,48.43,,0.0,1783135966
All Pools,LINK.e - MUG,0.3,False,0.00231,0.2264,,0.93,1783135966
All Pools,NUG - AVAX,0.3,False,0.0023,0.32592,,0.64,1783135966
All Pools,NUG - USDC,0.3,False,0.00228,2.33,,0.09,1783135966
All Pools,AVAX - RBEES,0.3,False,0.00222,0.55492,,0.37,1783135966
All Pools,WETH.e - USDt,0.3,False,0.00222,0.06538,,3.1,1783135966
All Pools,USDC.e - RBEES,0.3,False,0.0022,0.45435,,0.44,1783135966
All Pools,USDC.e - XAVA,0.3,False,0.00214,0.34872,,0.56,1783135966
All Pools,FINANCE - NOCHILL,0.3,False,0.0021,395.38,,,1783135966
All Pools,MIM - LEXIP,0.3,False,0.00207,0.06225,,3.04,1783135966
All Pools,SolarDAO - AVAX,0.3,False,0.00207,0.33762,,0.56,1783135966
All Pools,LIRA - AVAX,0.3,False,0.00206,10.98,,0.02,1783135966
All Pools,MIM - SNOW,0.3,False,0.00206,0.11952,,1.57,1783135966
All Pools,SolarDAO - USDT.e,0.3,False,0.00205,2.021,,0.09,1783135966
All Pools,LEXIP - AVAX,0.3,False,0.00202,0.25329,,0.73,1783135966
All Pools,SYMBIOT - AVAX,0.3,False,0.00201,1.156,,0.16,1783135966
All Pools,SNOW - AVAX,0.3,False,0.00201,0.08278,,2.21,1783135966
All Pools,AVAX - WARP,0.3,False,0.00198,1.2,,0.15,1783135966
All Pools,PNG - USDT.e,0.3,False,0.00198,0.81872,,0.22,1783135966
All Pools,TEDDY - USDC,0.3,False,0.00198,0.37572,,0.48,1783135966
All Pools,USDT.e - WARP,0.3,False,0.00197,0.84556,,0.21,1783135966
All Pools,WhoLovesYou - BLACK,0.3,False,0.00197,0.32975,,0.54,1783135966
All Pools,FollowTheWhiteRabbit - BLACK,0.3,False,0.00194,0.14932,,1.18,1783135966
All Pools,BTC.b - yyAVAX,0.3,False,0.00188,4.272,,0.04,1783135966
All Pools,ACTA - AVAX,0.3,False,0.00188,0.19283,,0.89,1783135966
All Pools,SYMBIOT - DAI.e,0.3,False,0.00187,0.41529,,0.41,1783135966
All Pools,Gravity - ThreeThreeSeven,0.3,False,0.00187,1.61,,0.11,1783135966
All Pools,BTC.b - WETH.e,0.3,False,0.00186,0.42078,,0.4,1783135966
All Pools,ACTA - USDt,0.3,False,0.00186,464.4,,,1783135966
All Pools,CREAM - AVAX,0.3,False,0.00186,167.48,,0.0,1783135966
All Pools,GMX - JOE,0.3,False,0.00186,0.31282,,0.54,1783135966
All Pools,MIM - CLAVIS,0.3,False,0.00184,17.02,,0.01,1783135966
All Pools,CREAM - STRAW,0.3,False,0.00184,0.18246,,0.92,1783135966
All Pools,AVME - AVAX,0.3,False,0.00182,0.00172,,96.86,1783135966
All Pools,BLACK - ThreeThreeSeven,0.3,False,0.0018,0.24031,,0.68,1783135966
All Pools,CLAVIS - AVAX,0.3,False,0.0018,0.04335,,3.79,1783135966
All Pools,MIM - LVT,0.3,False,0.00178,0.03294,,4.92,1783135966
All Pools,xAVAX - AVAX,0.3,False,0.00177,0.566,,0.29,1783135966
All Pools,JADE - USDC,0.3,False,0.00177,318.69,,,1783135966
All Pools,JPYC - AVAX,0.3,False,0.0017,0.24428,,0.64,1783135966
All Pools,MIM - SN,0.3,False,0.0017,14.23,,0.01,1783135966
All Pools,WETH.e - SPELL,0.3,False,0.00169,0.21794,,0.71,1783135966
All Pools,AVAX - LVT,0.3,False,0.00167,43269.0,,,1783135966
All Pools,SN - AVAX,0.3,False,0.00166,0.03997,,3.79,1783135966
All Pools,LIBRE - AVAX,0.3,False,0.00165,1.371,,0.11,1783135966
All Pools,JOE - LIBRE,0.3,False,0.00164,0.31951,,0.47,1783135966
All Pools,MIM - DON,0.3,False,0.00161,0.039,,3.77,1783135966
All Pools,LAMA - JUICY,0.3,False,0.00157,0.01834,,7.81,1783135966
All Pools,HUSKY - TRESR,0.3,False,0.00156,0.02568,,5.54,1783135966
All Pools,GENI - USDC.e,0.3,False,0.00154,0.09839,,1.43,1783135966
All Pools,MIM - MNT,0.3,False,0.00149,0.09761,,1.39,1783135966
All Pools,AVAX - BFG,0.3,False,0.00148,1.591,,0.08,1783135966
All Pools,USDC - BFG,0.3,False,0.00147,0.18802,,0.71,1783135966
All Pools,MNT - AVAX,0.3,False,0.00145,0.04152,,3.18,1783135966
All Pools,LAMA - AVAX,0.3,False,0.00143,8797.61,,,1783135966
All Pools,JEWEL - AVAX,0.3,False,0.00143,0.167,,0.78,1783135966
All Pools,BLUB - MU,0.3,False,0.00138,0.14685,,0.86,1783135966
All Pools,xAVAX - USDC,0.3,False,0.00137,0.21906,,0.57,1783135966
All Pools,GRAPE - USDC.e,0.3,False,0.00132,0.03693,,3.25,1783135966
All Pools,FITFI - USDC.e,0.3,False,0.0013,0.115,,1.03,1783135966
All Pools,ABC - MU,0.3,False,0.0013,0.05574,,2.13,1783135966
All Pools,BLACK - JesusChrist,0.3,False,0.00126,0.32735,,0.35,1783135966
All Pools,WETH.e - MUMO,0.3,False,0.00124,0.18697,,0.61,1783135966
All Pools,MIM - FAP,0.3,False,0.00121,0.0491,,2.25,1783135966
All Pools,DEG - AVAX,0.3,False,0.00119,207.36,,,1783135966
All Pools,BFLY - AVAX,0.3,False,0.00117,0.34719,,0.31,1783135966
All Pools,BFLY - USDC,0.3,False,0.00116,0.20868,,0.51,1783135966
All Pools,SOFT - AVAX,0.3,False,0.00116,0.39693,,0.27,1783135966
All Pools,LUEEGI - AVAX,0.3,False,0.00115,1063.09,,,1783135966
All Pools,MIM - KANDY,0.3,False,0.00114,0.05846,,1.78,1783135966
All Pools,SOFT - USDT.e,0.3,False,0.00113,0.73799,,0.14,1783135966
All Pools,LUEEGI - USDt,0.3,False,0.00113,0.07142,,1.44,1783135966
All Pools,LoveIsTheKey - AVAX,0.3,False,0.00112,11.02,,0.01,1783135966
All Pools,FAP - DAI.e,0.3,False,0.00111,0.6462,,0.16,1783135966
All Pools,KANDY - AVAX,0.3,False,0.00111,0.03733,,2.71,1783135966
All Pools,LOK - AVAX,0.3,False,0.0011,193.8,,,1783135966
All Pools,STG - JOE,0.3,False,0.00109,0.11536,,0.86,1783135966
All Pools,LOK - MU,0.3,False,0.00108,0.07095,,1.39,1783135966
All Pools,AVAX - HOST,0.3,False,0.00105,0.12409,,0.78,1783135966
All Pools,XPOW - USDC,0.3,False,0.00103,0.08147,,1.16,1783135966
All Pools,TSD - USDC.e,0.3,False,0.00103,0.06292,,1.49,1783135966
All Pools,AVAX - APOW,0.3,False,,4.369,,0.02,1783135966
All Pools,DAI.e - HOST,0.3,False,,15.68,,0.01,1783135966
All Pools,USDC - APOW,0.3,False,,0.08404,,1.05,1783135966
All Pools,MIM - KING,0.3,False,,75667221.0,,,1783135966
All Pools,MIM - ACME,0.3,False,,0.02334,,3.75,1783135966
All Pools,Gravity - Mercury,0.3,False,,1.61,,0.05,1783135966
All Pools,AVAX - ASND,0.3,False,,0.26248,,0.33,1783135966
All Pools,LIRA - USDt,0.3,False,,0.07135,,1.19,1783135966
All Pools,USDC.e - KING,0.3,False,,187627294.0,,,1783135966
All Pools,ASND - USDT.e,0.3,False,,0.70628,,0.12,1783135966
All Pools,AVAX - SPT,0.3,False,,0.1063,,0.77,1783135966
All Pools,144Thousand - Gravity,0.3,False,,1.608,,0.05,1783135966
All Pools,ETHM - JOE,0.3,False,,0.01001,,7.69,1783135966
All Pools,144Thousand - BLACK,0.3,False,,0.2394,,0.32,1783135966
All Pools,MUME - MIM,0.3,False,,0.01312,,5.78,1783135966
All Pools,BUSD - USDT.e,0.3,False,,0.07835,,0.97,1783135966
All Pools,APOW - AVAX,0.3,False,,0.12688,,0.6,1783135966
All Pools,APOW - USDt,0.3,False,,0.18707,,0.4,1783135966
All Pools,AVAX - SYMBIOT,0.3,False,,0.27439,,0.26,1783135966
All Pools,BNB - MU,0.3,False,,0.07178,,0.99,1783135966
All Pools,HUSKY - HIGHER,0.3,False,,0.01012,,6.68,1783135966
All Pools,DON - AVAX,0.3,False,,3665.33,,,1783135966
All Pools,DAI.e - SYMBIOT,0.3,False,,1.357,,0.05,1783135966
All Pools,AVAX - HON,0.3,False,,53044.0,,,1783135966
All Pools,MIM - STOMB,0.3,False,,0.0499,,1.24,1783135966
All Pools,USDt - HON,0.3,False,,0.03062,,1.99,1783135966
All Pools,STOMB - AVAX,0.3,False,,0.06248,,0.97,1783135966
All Pools,SOB - LUNA,0.3,False,,0.87322,,0.07,1783135966
All Pools,MUMO - MU,0.3,False,,0.56796,,0.1,1783135966
All Pools,BTC.b - USDC,0.3,False,,4.173,,0.01,1783135966
All Pools,BTCFi - AVAX,0.3,False,,0.10953,,0.51,1783135966
All Pools,BTCFi - USDC,0.3,False,,0.04061,,1.34,1783135966
All Pools,USDC.e - WSHARE,0.3,False,,2325.49,,,1783135966
All Pools,MIM - SNOW,0.3,False,,0.02199,,2.43,1783135966
All Pools,SNOW - AVAX,0.3,False,,4.632,,0.01,1783135966
All Pools,FMN - AVAX,0.3,False,,0.03127,,1.55,1783135966
All Pools,USDT.e - AKITAX,0.3,False,,0.00248,,18.74,1783135966
All Pools,MAI - MAI,0.3,False,,0.20132,,0.23,1783135966
All Pools,SUBZERO - TOMB,0.3,False,,0.02986,,1.51,1783135966
All Pools,MIM - CROWN,0.3,False,,105.17,,,1783135966
All Pools,AVAX - MAI,0.3,False,,0.01869,,2.4,1783135966
All Pools,AVAX - CROWN,0.3,False,,0.01049,,4.1,1783135966
All Pools,MIM - MAG,0.3,False,,86.62,,,1783135966
All Pools,ETHW - AVAX,0.3,False,,0.01711,,2.34,1783135966
All Pools,ETHW - USDC,0.3,False,,1.195,,0.03,1783135966
All Pools,MAG - AVAX,0.3,False,,0.0091,,4.25,1783135966
All Pools,MUME - USDC.e,0.3,False,,0.51261,,0.08,1783135966
All Pools,MIM - EAGLE,0.3,False,,0.04476,,0.85,1783135966
All Pools,ACME - AVAX,0.3,False,,0.02328,,1.63,1783135966
All Pools,EAGLE - USDC,0.3,False,,0.01641,,2.23,1783135966
All Pools,SHERPA - USDT.e,0.3,False,,0.06072,,0.59,1783135966
All Pools,YEEHAW - xAVAX,0.3,False,,0.20342,,0.17,1783135966
All Pools,USDT.e - NEKO,0.3,False,,0.0473,,0.72,1783135966
All Pools,AI - MU,0.3,False,,0.01264,,2.67,1783135966
All Pools,MUME - USDC,0.3,False,,0.07852,,0.43,1783135966
All Pools,MIM - AVE,0.3,False,,0.00937,,3.58,1783135966
All Pools,MIM - TESSTT,0.3,False,,0.00869,,3.7,1783135966
All Pools,TESSTT - AVAX,0.3,False,,0.0587,,0.55,1783135966
All Pools,MIM - VLGR,0.3,False,,0.01814,,1.76,1783135966
All Pools,MIM - NEBU,0.3,False,,0.00839,,3.71,1783135966
All Pools,MIM - MNT,0.3,False,,4.411,,0.01,1783135966
All Pools,AVAX - VLGR,0.3,False,,0.01298,,2.35,1783135966
All Pools,AVAX - NEBU,0.3,False,,1.164,,0.03,1783135966
All Pools,MNT - AVAX,0.3,False,,0.00948,,3.1,1783135966
All Pools,Now - AVAX,0.3,False,,0.01905,,1.54,1783135966
All Pools,LUNA - MIM,0.3,False,,0.00611,,4.78,1783135966
All Pools,GMX - MU,0.3,False,,0.00803,,3.56,1783135966
All Pools,Now - BLACK,0.3,False,,0.10484,,0.27,1783135966
All Pools,CREAMA - AVAX,0.3,False,,0.04143,,0.65,1783135966
All Pools,CREAMA - USDt,0.3,False,,0.02391,,1.1,1783135966
All Pools,WETH.e - LINK.e,0.3,False,,0.11865,,0.22,1783135966
All Pools,USDT.e - GG,0.3,False,,0.01249,,2.05,1783135966
All Pools,AVAX - Lukhanyo,0.3,False,,8.353,,0.0,1783135966
All Pools,Gravity - Lukhanyo,0.3,False,,1.618,,0.01,1783135966
All Pools,MIM - MUMO,0.3,False,,0.00511,,4.11,1783135966
All Pools,OH - USDT.e,0.3,False,,0.03094,,0.66,1783135966
All Pools,MUMO - USDT.e,0.3,False,,0.10588,,0.19,1783135966
All Pools,HUNT - AVAX,0.3,False,,0.01609,,1.08,1783135966
All Pools,USDC.e - HUNT,0.3,False,,0.04566,,0.37,1783135966
All Pools,MIM - MILK,0.3,False,,10.69,,0.0,1783135966
All Pools,CAPY - AVAX,0.3,False,,0.01536,,1.02,1783135966
All Pools,MILK - AVAX,0.3,False,,0.0025,,6.16,1783135966
All Pools,MIM - JOE,0.3,False,,0.00222,,6.55,1783135966
All Pools,MIM - ARMOR,0.3,False,,0.00411,,3.36,1783135966
All Pools,ARMOR - AVAX,0.3,False,,0.00303,,4.18,1783135966
All Pools,SRA - AVAX,0.3,False,,0.00235,,4.49,1783135966
All Pools,bJOE - JOE,0.3,False,,0.06011,,0.08,1783135966
All Pools,PRINCESS - AVAX,0.3,False,,0.10945,,0.01,1783135966
All Pools,FATE - USDC,0.3,False,,472765.0,,,1783135966
All Pools,MOOM - JUCI,0.3,False,0.0,0.0,0.0,0.0,1783135966
All Pools,SaintGermain - JesusChrist,0.3,False,0.0,0.0,0.0,0.0,1783135966
All Pools,JumpNorthDonald - SaintGermain,0.3,False,0.0,0.0,0.0,0.0,1783135966
All Pools,DoloresCannon - SaintGermain,0.3,False,0.0,0.0,0.0,0.0,1783135966
All Pools,[i]Lluminati - Chrism,0.3,False,0.0,0.0,0.0,0.0,1783135966
All Pools,ThreeThreeNine - SaintGermain,0.3,False,0.0,0.0,0.0,0.0,1783135966
All Pools,SaintGermain - WhoLovesYou,0.3,False,0.0,0.0,0.0,0.0,1783135966
All Pools,JamesBond - SaintGermain,0.3,False,0.0,0.0,0.0,0.0,1783135966
All Pools,AUSD - USDC,,false,1274513,1440481,127.3,3.23,1783139720
All Pools,AUSD - USDt,,false,1176813,1151595,116.63,3.7,1783139720
All Pools,AVAX - USDC,,false,731359,389255,376.74,35.33,1783139720
All Pools,BENJI - AVAX,,false,266320,49.27,665.8,493283.72,1783139720
All Pools,sAVAX - AVAX,,false,187034,63871,18.8,10.74,1783139720
All Pools,USDt - USDC,,false,105138,162329,8.618,1.94,1783139720
All Pools,USDt - USDC,,false,98483,365272,7.402,0.74,1783139720
All Pools,BTC.b - USDC,,false,46473,571025,24.32,1.55,1783139720
All Pools,AVAX - USDC,,false,22478,355504,56.19,5.77,1783139720
All Pools,QI - AVAX,,false,17903,162694,44.76,10.04,1783139720
All Pools,LCPEDU - USDt,,false,17018,7615066,0.00127,0,1783139720
All Pools,USDT.e - USDC,,false,16714,50195,3.928,2.86,1783139720
All Pools,AAVE.e - AVAX,,false,16471,257892,41.18,5.83,1783139720
All Pools,ARENA - AVAX,,false,15280,105039,1.527,0.53,1783139720
All Pools,JOE - USDC.e,,false,14869,271429,37.17,5,1783139720
All Pools,MIM - AVAX,,false,14523,189045,36.31,7.01,1783139720
All Pools,WBTC.e - BTC.b,,false,12736,222631,3.869,0.63,1783139720
All Pools,JOE - AVAX,,false,12081,228468,30.2,4.83,1783139720
All Pools,WBTC - BTC.b,,false,11754,65828,3.555,1.97,1783139720
All Pools,AVAX - USDT.e,,false,11475,482347,28.69,2.17,1783139720
All Pools,USDC.e - AVAX,,false,10854,375766,27.14,2.64,1783139720
All Pools,USDT.e - USDt,,false,10150,44420,2.03,1.67,1783139720
All Pools,COQ - AVAX,,false,9095.35,425394,22.74,1.95,1783139720
All Pools,FOLKS - AVAX,,false,8900.22,36567,22.53,22.49,1783139720
All Pools,AVAX - USDt,,false,6980.74,104123,14.04,4.92,1783139720
All Pools,USDC.e - USDC,,false,6863,9734.24,0.68765,2.58,1783139720
All Pools,GUN - AVAX,,false,6206.14,26690,16.73,22.88,1783139720
All Pools,NXUSD - WXT,,false,5541.87,539048,13.85,0.94,1783139720
All Pools,XAVA - AVAX,,false,5422.07,139615,43.46,11.36,1783139720
All Pools,USDC - XAVA,,false,5338.45,500543,13.35,0.97,1783139720
All Pools,SIERRA - USDC,,false,4965,165221,5.331,1.18,1783139720
All Pools,WETH.e - AVAX,,false,4961.95,375713,12.4,1.21,1783139720
All Pools,JPYC - USDC,,false,4742.76,3356.98,4.433,48.2,1783139720
All Pools,AVAX - BTC.b,,false,4615.59,27826,2.818,3.7,1783139720
All Pools,PRIME - AVAX,,false,3805.37,170126,27.82,5.97,1783139720
All Pools,XAUt0 - USDt,,false,3775.27,25597,1.941,2.77,1783139720
All Pools,DAI.e - USDt,,false,3645.86,27341,8.515,11.37,1783139720
All Pools,DAI.e - USDC,,false,3230.02,28358,0.63629,0.82,1783139720
All Pools,USDt - AVAX,,false,3062.43,39612,7.656,7.05,1783139720
All Pools,QI - AVAX,,false,2307.97,9178.97,5.92,23.54,1783139720
All Pools,JOE - USDT.e,,false,2302.99,54457,5.757,3.86,1783139720
All Pools,HUNDRED - USDC,,false,1691.38,503302,4.228,0.31,1783139720
All Pools,ORNG - AVAX,,false,1616.71,17553,4.042,8.4,1783139720
All Pools,XSEED - AVAX,,false,1353.54,12712,3.384,9.72,1783139720
All Pools,ONDOAI - AVAX,,false,1337.36,0.276,3.343,442158.3,1783139720
All Pools,GUN - AVAX,,false,1272.73,18855,1.937,3.75,1783139720
All Pools,JOE - USDC,,false,1211.21,24742,3.028,4.47,1783139720
All Pools,WBTC.e - AVAX,,false,1206.99,134068,3.017,0.82,1783139720
All Pools,EURC - USDC,,false,1199.48,11126,0.54539,1.79,1783139720
All Pools,BTC.b - AVAX,,false,1062.93,109757,2.657,0.88,1783139720
All Pools,USDC.e - O3,,false,974.9,297146794,2.437,0,1783139720
All Pools,LINK.e - AVAX,,false,946.11,39553,2.365,2.18,1783139720
All Pools,SYN - AVAX,,false,913.32,7274.39,2.283,11.46,1783139720
All Pools,USDC.e - USDT.e,,false,760.57,39937,1.901,1.74,1783139720
All Pools,BEAM - USDC,,false,751.09,63063,1.878,1.09,1783139720
All Pools,AVAX - DAI.e,,false,746.68,29459,1.867,2.31,1783139720
All Pools,NOCHILL - AVAX,,false,640.41,59129,1.601,0.99,1783139720
All Pools,MUON - AVAX,,false,594.34,38680,1.486,1.4,1783139720
All Pools,USDT.e - USDC,,false,426.31,899.25,0.04553,1.85,1783139720
All Pools,ZRO - AVAX,,false,374.47,1712.95,0.96019,20.46,1783139720
All Pools,BENJI - AVAX,,false,371.12,695.03,0.37132,19.5,1783139720
All Pools,NZRt - AVAX,,false,368.64,4380.85,0.92159,7.68,1783139720
All Pools,XETA - USDC,,false,365.89,4898.86,0.91471,6.82,1783139720
All Pools,CDK - AVAX,,false,353.99,3618.92,0.88629,8.94,1783139720
All Pools,WLLYX - AVAX,,false,349.76,699.99,0.34995,18.25,1783139720
All Pools,GU - AVAX,,false,349.53,699.54,0.34972,18.25,1783139720
All Pools,SOLMHYPER - AVAX,,false,349.53,699.54,0.34972,18.25,1783139720
All Pools,BKNGX - AVAX,,false,349.53,699.54,0.34972,18.25,1783139720
All Pools,FIGX - AVAX,,false,349.53,699.54,0.34972,18.25,1783139720
All Pools,HLDR - AVAX,,false,349.53,699.54,0.34972,18.25,1783139720
All Pools,CURR - AVAX,,false,349.4,699.27,0.34959,18.25,1783139720
All Pools,YAK - AVAX,,false,349.36,3343.32,0.8734,9.54,1783139720
All Pools,VCOIN - AVAX,,false,348.61,697.69,0.3488,18.25,1783139720
All Pools,GTF - AVAX,,false,348.61,697.69,0.3488,18.25,1783139720
All Pools,SOXL.D - AVAX,,false,348.61,697.69,0.3488,18.25,1783139720
All Pools,IMBU - AVAX,,false,348.25,696.97,0.34844,18.25,1783139720
All Pools,DK - AVAX,,false,348.25,696.97,0.34844,18.25,1783139720
All Pools,BVR - AVAX,,false,348.04,696.56,0.34823,18.25,1783139720
All Pools,AIR - AVAX,,false,348.04,696.56,0.34823,18.25,1783139720
All Pools,CYARB - AVAX,,false,348.04,696.56,0.34823,18.25,1783139720
All Pools,HYPE - AVAX,,false,347.92,696.31,0.34811,18.25,1783139720
All Pools,SLN - AVAX,,false,347.92,696.31,0.34811,18.25,1783139720
All Pools,MEDOO - AVAX,,false,347.92,696.31,0.34811,18.25,1783139720
All Pools,MNSTX - AVAX,,false,347.92,696.31,0.34811,18.25,1783139720
All Pools,ARX - AVAX,,false,347.92,696.31,0.34811,18.25,1783139720
All Pools,INKEDUSDT - AVAX,,false,347.92,696.31,0.34811,18.25,1783139720
All Pools,WHDX - AVAX,,false,347.89,696.25,0.34808,18.25,1783139720
All Pools,FRXBULLAS - AVAX,,false,347.89,696.25,0.34808,18.25,1783139720
All Pools,GEM - AVAX,,false,347.89,696.25,0.34808,18.25,1783139720
All Pools,SLVX - AVAX,,false,347.89,696.25,0.34808,18.25,1783139720
All Pools,TMX - AVAX,,false,347.89,696.25,0.34808,18.25,1783139720
All Pools,TVPLS - AVAX,,false,347.89,696.25,0.34808,18.25,1783139720
All Pools,HLN - AVAX,,false,347.88,696.25,0.34808,18.25,1783139720
All Pools,GAMES - AVAX,,false,347.88,696.25,0.34808,18.25,1783139720
All Pools,ZERO - AVAX,,false,347.88,696.25,0.34808,18.25,1783139720
All Pools,ZREAL - AVAX,,false,347.6,695.67,0.34779,18.25,1783139720
All Pools,CHAOS - AVAX,,false,347.6,695.67,0.34779,18.25,1783139720
All Pools,RSIC - AVAX,,false,347.6,695.67,0.34779,18.25,1783139720
All Pools,UNCOMMONGOODS - AVAX,,false,347.6,695.67,0.34779,18.25,1783139720
All Pools,SN100 - AVAX,,false,347.6,695.67,0.34779,18.25,1783139720
All Pools,SN88 - AVAX,,false,347.6,695.67,0.34779,18.25,1783139720
All Pools,SN3 - AVAX,,false,347.55,695.58,0.34774,18.25,1783139720
All Pools,MGLO - AVAX,,false,347.55,695.58,0.34774,18.25,1783139720
All Pools,PC0000049 - AVAX,,false,347.55,695.58,0.34774,18.25,1783139720
All Pools,CSCO.D - AVAX,,false,347.55,695.58,0.34774,18.25,1783139720
All Pools,EUROP - AVAX,,false,347.51,695.51,0.34771,18.25,1783139720
All Pools,MIM - AVAX,,false,347.51,695.51,0.34771,18.25,1783139720
All Pools,DIT - AVAX,,false,347.51,695.51,0.34771,18.25,1783139720
All Pools,CRVFRAX - AVAX,,false,347.51,695.51,0.34771,18.25,1783139720
All Pools,SN79 - AVAX,,false,347.51,695.51,0.34771,18.25,1783139720
All Pools,BNBHOLDER - AVAX,,false,347.44,695.37,0.34764,18.25,1783139720
All Pools,SN84 - AVAX,,false,347.44,695.37,0.34764,18.25,1783139720
All Pools,LOBO - AVAX,,false,347.26,694.99,0.34745,18.25,1783139720
All Pools,PUNCH - AVAX,,false,347.26,694.99,0.34745,18.25,1783139720
All Pools,TAOLOR - AVAX,,false,347.08,694.64,0.34727,18.25,1783139720
All Pools,ERA - AVAX,,false,347.08,694.64,0.34727,18.25,1783139720
All Pools,BRETTA - AVAX,,false,347.08,694.64,0.34727,18.25,1783139720
All Pools,AI4 - AVAX,,false,347.08,694.64,0.34727,18.25,1783139720
All Pools,EUROT - AVAX,,false,347.08,694.64,0.34727,18.25,1783139720
All Pools,CHILLGUY - AVAX,,false,347.08,694.64,0.34727,18.25,1783139720
All Pools,NOTHING - AVAX,,false,346.99,1.842,0.34718,6878.38,1783139720
All Pools,SCI6900 - AVAX,,false,346.95,694.38,0.34714,18.25,1783139720
All Pools,EOLAS - AVAX,,false,346.95,1.808,0.34714,7008.81,1783139720
All Pools,STSHIP - AVAX,,false,346.95,694.38,0.34714,18.25,1783139720
All Pools,LORE - AVAX,,false,346.95,694.38,0.34714,18.25,1783139720
All Pools,CHIPS - AVAX,,false,346.95,694.38,0.34714,18.25,1783139720
All Pools,$ROO - AVAX,,false,346.95,694.38,0.34714,18.25,1783139720
All Pools,W - AVAX,,false,346.95,694.38,0.34714,18.25,1783139720
All Pools,KARMA - AVAX,,false,346.95,694.38,0.34714,18.25,1783139720
All Pools,LIQ - AVAX,,false,346.95,694.38,0.34714,18.25,1783139720
All Pools,PIKA - AVAX,,false,346.95,694.38,0.34714,18.25,1783139720
All Pools,YEETI - AVAX,,false,346.94,694.36,0.34713,18.25,1783139720
All Pools,SSHIB - AVAX,,false,346.94,694.36,0.34713,18.25,1783139720
All Pools,GALO - AVAX,,false,346.94,694.36,0.34713,18.25,1783139720
All Pools,TDOGE - AVAX,,false,346.94,694.36,0.34713,18.25,1783139720
All Pools,TULSA - AVAX,,false,346.94,694.36,0.34713,18.25,1783139720
All Pools,BHIGH - AVAX,,false,346.94,694.36,0.34713,18.25,1783139720
All Pools,ZRW - AVAX,,false,346.7,693.87,0.34689,18.25,1783139720
All Pools,KYO - AVAX,,false,346.49,693.46,0.34668,18.25,1783139720
All Pools,TBOS - AVAX,,false,346.49,693.46,0.34668,18.25,1783139720
All Pools,DSWAP - AVAX,,false,346.49,693.46,0.34668,18.25,1783139720
All Pools,CHMPZ - AVAX,,false,346.49,693.46,0.34668,18.25,1783139720
All Pools,USDOT - AVAX,,false,346.49,693.46,0.34668,18.25,1783139720
All Pools,CHUOI - AVAX,,false,346.4,693.28,0.34659,18.25,1783139720
All Pools,RUNIX - AVAX,,false,346.4,693.28,0.34659,18.25,1783139720
All Pools,PLUG - AVAX,,false,346.4,693.28,0.34659,18.25,1783139720
All Pools,ONSS - AVAX,,false,346.4,693.28,0.34659,18.25,1783139720
All Pools,CATCH - AVAX,,false,346.4,693.28,0.34659,18.25,1783139720
All Pools,ONSG - AVAX,,false,346.4,693.28,0.34659,18.25,1783139720
All Pools,T1COW - AVAX,,false,346.4,693.28,0.34659,18.25,1783139720
All Pools,CULTANIME - AVAX,,false,346.39,693.25,0.34658,18.25,1783139720
All Pools,MORITZ - AVAX,,false,346.39,693.25,0.34658,18.25,1783139720
All Pools,JIWA - AVAX,,false,346.39,693.25,0.34658,18.25,1783139720
All Pools,TUANH - AVAX,,false,346.39,693.25,0.34658,18.25,1783139720
All Pools,FIREHORSE - AVAX,,false,346.39,693.25,0.34658,18.25,1783139720
All Pools,MESSENGER - AVAX,,false,346.39,693.25,0.34658,18.25,1783139720
All Pools,CC - AVAX,,false,346.39,693.25,0.34658,18.25,1783139720
All Pools,ENGINE - AVAX,,false,346.22,692.91,0.34641,18.25,1783139720
All Pools,BOATKID - AVAX,,false,346.22,692.91,0.34641,18.25,1783139720
All Pools,PENG - AVAX,,false,346.22,692.91,0.34641,18.25,1783139720
All Pools,GIGA - AVAX,,false,346.22,692.91,0.34641,18.25,1783139720
All Pools,HALLOWEEN - AVAX,,false,346.22,692.91,0.34641,18.25,1783139720
All Pools,MBAPEPE - AVAX,,false,346.22,692.91,0.34641,18.25,1783139720
All Pools,AOGE - AVAX,,false,346.22,692.91,0.34641,18.25,1783139720
All Pools,BEPE - AVAX,,false,346.2,1.059,0.34639,11944.51,1783139720
All Pools,ELFIE - AVAX,,false,346.2,692.88,0.34639,18.25,1783139720
All Pools,DAPANG - AVAX,,false,346.1,692.68,0.34629,18.25,1783139720
All Pools,INVESTOR - AVAX,,false,346.1,692.68,0.34629,18.25,1783139720
All Pools,YEE - AVAX,,false,346.1,692.68,0.34629,18.25,1783139720
All Pools,FIREHORSE - AVAX,,false,346.1,692.68,0.34629,18.25,1783139720
All Pools,NESS - AVAX,,false,345.72,696.92,0.34591,18.12,1783139720
All Pools,ETHGUSDTQ - AVAX,,false,345.6,691.67,0.34579,18.25,1783139720
All Pools,XSTXAG - AVAX,,false,345.6,691.67,0.34579,18.25,1783139720
All Pools,BTCO.D - AVAX,,false,345.6,691.67,0.34579,18.25,1783139720
All Pools,USHI - AVAX,,false,345.58,691.64,0.34577,18.25,1783139720
All Pools,SHOW - AVAX,,false,345.58,691.64,0.34577,18.25,1783139720
All Pools,SCALES - AVAX,,false,345.41,691.29,0.3456,18.25,1783139720
All Pools,DBT - AVAX,,false,345.41,691.29,0.3456,18.25,1783139720
All Pools,GURS - AVAX,,false,345.41,691.29,0.3456,18.25,1783139720
All Pools,AAMMUNIDAIUSDC - AVAX,,false,345.41,691.29,0.3456,18.25,1783139720
All Pools,LUM - AVAX,,false,345.35,691.17,0.34554,18.25,1783139720
All Pools,SQUAD - AVAX,,false,345.35,691.17,0.34554,18.25,1783139720
All Pools,THIRSTCOIN - AVAX,,false,345.35,691.17,0.34554,18.25,1783139720
All Pools,FTT - AVAX,,false,345.35,691.17,0.34554,18.25,1783139720
All Pools,MUZKI - AVAX,,false,345.35,691.17,0.34554,18.25,1783139720
All Pools,$MAFIA - AVAX,,false,345.35,691.17,0.34554,18.25,1783139720
All Pools,CREW - AVAX,,false,345.24,690.96,0.34543,18.25,1783139720
All Pools,ETHS - AVAX,,false,345.24,690.96,0.34543,18.25,1783139720
All Pools,DAI.e - USDC,,false,345.24,2439.08,0.06644,0.99,1783139720
All Pools,MK - AVAX,,false,345.17,690.82,0.34536,18.25,1783139720
All Pools,SUSDT - AVAX,,false,345.17,690.82,0.34536,18.25,1783139720
All Pools,PHNM - AVAX,,false,345.17,690.82,0.34536,18.25,1783139720
All Pools,META.D - AVAX,,false,345.17,690.82,0.34536,18.25,1783139720
All Pools,GUSD - AVAX,,false,345.17,690.82,0.34536,18.25,1783139720
All Pools,BITO - AVAX,,false,345.17,690.82,0.34536,18.25,1783139720
All Pools,EMRL.D - AVAX,,false,345.17,0.02523,0.34536,499617.51,1783139720
All Pools,KONG - AVAX,,false,345.17,690.82,0.34536,18.25,1783139720
All Pools,DMIND - AVAX,,false,345.17,0.02523,0.34536,499617.51,1783139720
All Pools,CHESS - AVAX,,false,345.17,690.82,0.34536,18.25,1783139720
All Pools,AVR - AVAX,,false,345.05,-0.09658,0.34524,-130477.13,1783139720
All Pools,$NATION - AVAX,,false,345.05,690.57,0.34524,18.25,1783139720
All Pools,OPENX - AVAX,,false,345.01,690.5,0.3452,18.25,1783139720
All Pools,ALIEN - AVAX,,false,345.01,690.5,0.3452,18.25,1783139720
All Pools,GEAR - AVAX,,false,345.01,690.5,0.3452,18.25,1783139720
All Pools,XOR - AVAX,,false,345.01,690.5,0.3452,18.25,1783139720
All Pools,PERL - AVAX,,false,345.01,690.5,0.3452,18.25,1783139720
All Pools,ADDY - AVAX,,false,345.01,690.5,0.3452,18.25,1783139720
All Pools,XRPAYNET - AVAX,,false,345.01,690.5,0.3452,18.25,1783139720
All Pools,PHUX - AVAX,,false,344.97,690.42,0.34516,18.25,1783139720
All Pools,VIBE - AVAX,,false,344.97,-0.17453,0.34516,-72186.21,1783139720
All Pools,CFG - AVAX,,false,344.97,690.42,0.34516,18.25,1783139720
All Pools,GODL - AVAX,,false,344.97,690.42,0.34516,18.25,1783139720
All Pools,ARGO - AVAX,,false,344.97,690.42,0.34516,18.25,1783139720
All Pools,BONE - AVAX,,false,344.97,690.42,0.34516,18.25,1783139720
All Pools,PLSB - AVAX,,false,344.97,690.42,0.34516,18.25,1783139720
All Pools,SOLARIS - AVAX,,false,344.85,690.18,0.34504,18.25,1783139720
All Pools,MOONCAT - AVAX,,false,344.85,690.18,0.34504,18.25,1783139720
All Pools,WVTRS - AVAX,,false,344.85,690.18,0.34504,18.25,1783139720
All Pools,BLEPE - AVAX,,false,344.85,690.18,0.34504,18.25,1783139720
All Pools,GOLDY - AVAX,,false,344.85,690.18,0.34504,18.25,1783139720
All Pools,DUSD - AVAX,,false,344.85,690.18,0.34504,18.25,1783139720
All Pools,XCHNG - AVAX,,false,344.85,690.18,0.34504,18.25,1783139720
All Pools,USD+ - AVAX,,false,344.78,690.04,0.34497,18.25,1783139720
All Pools,POX - AVAX,,false,344.78,690.04,0.34497,18.25,1783139720
All Pools,PRTG - AVAX,,false,344.78,690.03,0.34497,18.25,1783139720
All Pools,NVC - AVAX,,false,344.78,690.03,0.34497,18.25,1783139720
All Pools,TTG - AVAX,,false,344.78,690.03,0.34497,18.25,1783139720
All Pools,COLA - AVAX,,false,344.78,690.03,0.34497,18.25,1783139720
All Pools,LTT - AVAX,,false,344.77,690.01,0.34496,18.25,1783139720
All Pools,DRIP - AVAX,,false,344.77,690.01,0.34496,18.25,1783139720
All Pools,SHARE - AVAX,,false,344.77,690.01,0.34496,18.25,1783139720
All Pools,ASTRA - AVAX,,false,344.77,690.01,0.34496,18.25,1783139720
All Pools,ATT - AVAX,,false,344.77,690.01,0.34496,18.25,1783139720
All Pools,FPI - AVAX,,false,344.77,690.01,0.34496,18.25,1783139720
All Pools,SHDW - AVAX,,false,344.75,689.98,0.34494,18.25,1783139720
All Pools,LP - YCRV - AVAX,,false,344.75,689.98,0.34494,18.25,1783139720
All Pools,BEEP - AVAX,,false,344.75,689.98,0.34494,18.25,1783139720
All Pools,DEGEN - AVAX,,false,344.75,689.98,0.34494,18.25,1783139720
All Pools,KEYS - AVAX,,false,344.75,689.98,0.34494,18.25,1783139720
All Pools,$BOO - AVAX,,false,344.75,-0.39478,0.34494,-31892.22,1783139720
All Pools,NOP - AVAX,,false,344.75,689.98,0.34494,18.25,1783139720
All Pools,SUMMER - AVAX,,false,344.75,689.98,0.34494,18.25,1783139720
All Pools,OSQTH - AVAX,,false,344.75,689.97,0.34494,18.25,1783139720
All Pools,VIKTO - AVAX,,false,344.75,689.97,0.34494,18.25,1783139720
All Pools,XBO - AVAX,,false,344.75,689.97,0.34494,18.25,1783139720
All Pools,RALLY - AVAX,,false,344.71,689.89,0.3449,18.25,1783139720
All Pools,AAMMUNICRVWETH - AVAX,,false,344.71,689.89,0.3449,18.25,1783139720
All Pools,GCX - AVAX,,false,344.71,689.89,0.3449,18.25,1783139720
All Pools,UNCN - AVAX,,false,344.71,689.89,0.3449,18.25,1783139720
All Pools,BDTC - AVAX,,false,344.71,689.89,0.3449,18.25,1783139720
All Pools,HLX - AVAX,,false,344.71,-0.4393,0.3449,-28656.39,1783139720
All Pools,CVXFXN - AVAX,,false,344.71,689.89,0.3449,18.25,1783139720
All Pools,AMT - AVAX,,false,344.7,689.88,0.34489,18.25,1783139720
All Pools,PHI - AVAX,,false,344.7,689.88,0.34489,18.25,1783139720
All Pools,XRS - AVAX,,false,344.7,689.88,0.34489,18.25,1783139720
All Pools,X - AVAX,,false,344.7,689.88,0.34489,18.25,1783139720
All Pools,UNI - AVAX,,false,344.7,689.88,0.34489,18.25,1783139720
All Pools,BUBBA - AVAX,,false,344.7,689.88,0.34489,18.25,1783139720
All Pools,PRO - AVAX,,false,344.7,689.88,0.34489,18.25,1783139720
All Pools,OPEN - AVAX,,false,344.68,689.84,0.34487,18.25,1783139720
All Pools,RFRM - AVAX,,false,344.68,689.84,0.34487,18.25,1783139720
All Pools,SPN - AVAX,,false,344.68,689.84,0.34487,18.25,1783139720
All Pools,EPL - AVAX,,false,344.68,689.84,0.34487,18.25,1783139720
All Pools,HF - AVAX,,false,344.67,689.82,0.34486,18.25,1783139720
All Pools,ICS - AVAX,,false,344.67,-0.47497,0.34486,-26501.63,1783139720
All Pools,UNIT - AVAX,,false,344.67,689.82,0.34486,18.25,1783139720
All Pools,ANIMA - AVAX,,false,344.67,689.82,0.34486,18.25,1783139720
All Pools,GXE - AVAX,,false,344.67,689.82,0.34486,18.25,1783139720
All Pools,BTC20 - AVAX,,false,344.67,689.82,0.34486,18.25,1783139720
All Pools,TFT - AVAX,,false,344.67,689.82,0.34486,18.25,1783139720
All Pools,VUSDC - AVAX,,false,344.67,-0.47937,0.34486,-26257.64,1783139720
All Pools,MSVP - AVAX,,false,344.67,689.81,0.34486,18.25,1783139720
All Pools,THND - AVAX,,false,344.67,689.81,0.34486,18.25,1783139720
All Pools,AUDT - AVAX,,false,344.67,689.81,0.34486,18.25,1783139720
All Pools,SCURVE - AVAX,,false,344.67,689.81,0.34486,18.25,1783139720
All Pools,HADES - AVAX,,false,344.67,-0.47937,0.34486,-26257.64,1783139720
All Pools,TXC - AVAX,,false,344.57,689.62,0.34476,18.25,1783139720
All Pools,FIRE - AVAX,,false,344.57,689.62,0.34476,18.25,1783139720
All Pools,HAI - AVAX,,false,344.57,689.62,0.34476,18.25,1783139720
All Pools,STBL - AVAX,,false,344.57,689.62,0.34476,18.25,1783139720
All Pools,PLN - AVAX,,false,344.57,689.62,0.34476,18.25,1783139720
All Pools,GAMBIT - AVAX,,false,344.57,689.62,0.34476,18.25,1783139720
All Pools,SRDS - AVAX,,false,344.54,689.55,0.34473,18.25,1783139720
All Pools,YVYFI - AVAX,,false,344.54,689.55,0.34473,18.25,1783139720
All Pools,HOOLI - AVAX,,false,344.54,689.55,0.34473,18.25,1783139720
All Pools,OPULENCE - AVAX,,false,344.54,689.55,0.34473,18.25,1783139720
All Pools,KZEN - AVAX,,false,344.54,689.55,0.34473,18.25,1783139720
All Pools,VBNT - AVAX,,false,344.54,689.55,0.34473,18.25,1783139720
All Pools,EFX - AVAX,,false,344.43,689.34,0.34462,18.25,1783139720
All Pools,EXAWBTC - AVAX,,false,344.43,689.34,0.34462,18.25,1783139720
All Pools,MEDIA - AVAX,,false,344.43,689.34,0.34462,18.25,1783139720
All Pools,ADAO - AVAX,,false,344.43,689.34,0.34462,18.25,1783139720
All Pools,MAMBA - AVAX,,false,344.43,689.32,0.34461,18.25,1783139720
All Pools,BMAX - AVAX,,false,344.43,689.32,0.34461,18.25,1783139720
All Pools,ORDER - AVAX,,false,344.39,689.25,0.34458,18.25,1783139720
All Pools,SOLPAD - AVAX,,false,344.32,689.12,0.34451,18.25,1783139720
All Pools,YVSUSHI - AVAX,,false,344.32,689.12,0.34451,18.25,1783139720
All Pools,MOB - AVAX,,false,344.32,689.11,0.34451,18.25,1783139720
All Pools,MIRAI - AVAX,,false,344.32,689.11,0.34451,18.25,1783139720
All Pools,GPX - AVAX,,false,344.32,689.11,0.34451,18.25,1783139720
All Pools,KOGECOIN - AVAX,,false,344.25,688.97,0.34444,18.25,1783139720
All Pools,UBI - AVAX,,false,344.25,688.97,0.34444,18.25,1783139720
All Pools,DYL - AVAX,,false,344.22,688.9,0.3444,18.25,1783139720
All Pools,PEIPEI - AVAX,,false,344.22,688.9,0.3444,18.25,1783139720
All Pools,BIBI - AVAX,,false,344.22,688.9,0.3444,18.25,1783139720
All Pools,UOS - AVAX,,false,344.19,688.86,0.34438,18.25,1783139720
All Pools,CMKR - AVAX,,false,344.19,-0.95368,0.34438,-13180.43,1783139720
All Pools,ICNX - AVAX,,false,344.19,688.86,0.34438,18.25,1783139720
All Pools,TOR - AVAX,,false,344.11,688.68,0.34429,18.25,1783139720
All Pools,MARIO - AVAX,,false,344.11,688.68,0.34429,18.25,1783139720
All Pools,MAI - AVAX,,false,344.11,688.68,0.34429,18.25,1783139720
All Pools,WAXE - AVAX,,false,344.11,688.68,0.34429,18.25,1783139720
All Pools,MOLE - AVAX,,false,344,-1.149,0.34419,-10937.06,1783139720
All Pools,COVEUSD - AVAX,,false,344,688.47,0.34419,18.25,1783139720
All Pools,HAVENX - AVAX,,false,344,688.47,0.34419,18.25,1783139720
All Pools,WMSTRX - AVAX,,false,344,688.47,0.34419,18.25,1783139720
All Pools,ETHE.D - AVAX,,false,343.97,688.41,0.34416,18.25,1783139720
All Pools,PEPD - AVAX,,false,343.97,688.41,0.34416,18.25,1783139720
All Pools,ILAND - AVAX,,false,343.97,688.41,0.34416,18.25,1783139720
All Pools,ICDA - AVAX,,false,343.94,688.35,0.34413,18.25,1783139720
All Pools,FH - AVAX,,false,343.94,688.35,0.34413,18.25,1783139720
All Pools,IONUSDT - AVAX,,false,343.94,688.35,0.34413,18.25,1783139720
All Pools,PARTICLE - AVAX,,false,343.94,-1.21,0.34413,-10382.76,1783139720
All Pools,MEG - AVAX,,false,343.94,688.35,0.34413,18.25,1783139720
All Pools,VSTX - AVAX,,false,343.94,688.35,0.34413,18.25,1783139720
All Pools,GLXYX - AVAX,,false,343.94,688.35,0.34413,18.25,1783139720
All Pools,RDDT.D - AVAX,,false,343.94,688.35,0.34413,18.25,1783139720
All Pools,BFF - AVAX,,false,343.94,688.35,0.34413,18.25,1783139720
All Pools,REDPEPE - AVAX,,false,343.94,688.35,0.34413,18.25,1783139720
All Pools,RUMI - AVAX,,false,343.94,688.35,0.34413,18.25,1783139720
All Pools,GGEM - AVAX,,false,343.94,688.35,0.34413,18.25,1783139720
All Pools,LOGX - AVAX,,false,343.92,688.32,0.34411,18.25,1783139720
All Pools,OKTO - AVAX,,false,343.92,688.32,0.34411,18.25,1783139720
All Pools,GNIMB - AVAX,,false,343.92,688.32,0.34411,18.25,1783139720
All Pools,WCMCSAX - AVAX,,false,343.92,688.32,0.34411,18.25,1783139720
All Pools,MLSETH - AVAX,,false,343.92,688.32,0.34411,18.25,1783139720
All Pools,RESERVE - AVAX,,false,343.92,688.32,0.34411,18.25,1783139720
All Pools,USUAL - AVAX,,false,343.92,688.32,0.34411,18.25,1783139720
All Pools,PEPEX - AVAX,,false,343.92,688.32,0.34411,18.25,1783139720
All Pools,SYMX - AVAX,,false,343.87,688.21,0.34406,18.25,1783139720
All Pools,GIGA - AVAX,,false,343.87,688.21,0.34406,18.25,1783139720
All Pools,PAINT - AVAX,,false,343.87,688.21,0.34406,18.25,1783139720
All Pools,MONKAS - AVAX,,false,343.87,688.21,0.34406,18.25,1783139720
All Pools,CROW - AVAX,,false,343.87,688.21,0.34406,18.25,1783139720
All Pools,BAT - AVAX,,false,343.87,688.21,0.34406,18.25,1783139720
All Pools,PSYOP - AVAX,,false,343.67,687.82,0.34386,18.25,1783139720
All Pools,CRM - AVAX,,false,343.67,687.82,0.34386,18.25,1783139720
All Pools,WEAT.D - AVAX,,false,343.67,687.82,0.34386,18.25,1783139720
All Pools,SIVR.D - AVAX,,false,343.67,687.82,0.34386,18.25,1783139720
All Pools,OZ - AVAX,,false,343.67,687.82,0.34386,18.25,1783139720
All Pools,LIUSD - AVAX,,false,343.67,687.82,0.34386,18.25,1783139720
All Pools,FOX - AVAX,,false,343.65,687.77,0.34384,18.25,1783139720
All Pools,WCRWDX - AVAX,,false,343.65,687.77,0.34384,18.25,1783139720
All Pools,GLTM - AVAX,,false,343.65,687.77,0.34384,18.25,1783139720
All Pools,STRKX - AVAX,,false,343.65,687.77,0.34384,18.25,1783139720
All Pools,$GREENGOLD - AVAX,,false,343.65,687.77,0.34384,18.25,1783139720
All Pools,SOLI - AVAX,,false,343.65,687.77,0.34384,18.25,1783139720
All Pools,DOMEN - AVAX,,false,343.65,687.77,0.34384,18.25,1783139720
All Pools,YYOLO - AVAX,,false,343.65,687.76,0.34383,18.25,1783139720
All Pools,LSDAI - AVAX,,false,343.65,687.76,0.34383,18.25,1783139720
All Pools,BBESC - AVAX,,false,343.62,-1.53,0.3438,-8202.28,1783139720
All Pools,ARKK.D - AVAX,,false,343.62,687.71,0.3438,18.25,1783139720
All Pools,SPTE.D - AVAX,,false,343.62,687.71,0.3438,18.25,1783139720
All Pools,PRINT - AVAX,,false,343.6,687.68,0.34379,18.25,1783139720
All Pools,BLKX - AVAX,,false,343.6,687.68,0.34379,18.25,1783139720
All Pools,USTB - AVAX,,false,343.6,687.68,0.34379,18.25,1783139720
All Pools,RE7RWA - AVAX,,false,343.6,687.68,0.34379,18.25,1783139720
All Pools,EGG - AVAX,,false,343.6,687.68,0.34379,18.25,1783139720
All Pools,PARK - AVAX,,false,343.6,687.68,0.34379,18.25,1783139720
All Pools,TICKET - AVAX,,false,343.6,687.68,0.34379,18.25,1783139720
All Pools,SOX3S - AVAX,,false,343.58,687.64,0.34377,18.25,1783139720
All Pools,CARRYTRADEUSDTRYLEVERAGE - AVAX,,false,343.58,687.64,0.34377,18.25,1783139720
All Pools,CANDY - AVAX,,false,343.58,687.64,0.34377,18.25,1783139720
All Pools,RT - BUSD0 - AVAX,,false,343.58,687.64,0.34377,18.25,1783139720
All Pools,KARMA - AVAX,,false,343.58,687.64,0.34377,18.25,1783139720
All Pools,LINK.E - AVAX,,false,343.58,687.64,0.34377,18.25,1783139720
All Pools,MPP - AVAX,,false,343.57,687.61,0.34376,18.25,1783139720
All Pools,WAKU - AVAX,,false,343.57,687.61,0.34376,18.25,1783139720
All Pools,SOL10 - AVAX,,false,343.57,687.61,0.34376,18.25,1783139720
All Pools,POLYCUB - AVAX,,false,343.57,687.61,0.34376,18.25,1783139720
All Pools,SMBA - AVAX,,false,343.55,687.57,0.34374,18.25,1783139720
All Pools,V.D - AVAX,,false,343.55,687.57,0.34374,18.25,1783139720
All Pools,EXOD - AVAX,,false,343.55,687.57,0.34374,18.25,1783139720
All Pools,AMC - AVAX,,false,343.55,687.57,0.34374,18.25,1783139720
All Pools,RIOT.D - AVAX,,false,343.55,687.57,0.34374,18.25,1783139720
All Pools,JRDOLA - AVAX,,false,343.55,687.57,0.34374,18.25,1783139720
All Pools,FLOW - AVAX,,false,343.55,687.57,0.34374,18.25,1783139720
All Pools,SDPENDLE - AVAX,,false,343.55,687.57,0.34374,18.25,1783139720
All Pools,MCTP - AVAX,,false,343.55,687.56,0.34373,18.25,1783139720
All Pools,GRACY - AVAX,,false,343.55,687.56,0.34373,18.25,1783139720
All Pools,FAIR - AVAX,,false,343.55,687.56,0.34373,18.25,1783139720
All Pools,TBC - AVAX,,false,343.55,687.56,0.34373,18.25,1783139720
All Pools,SCCN - AVAX,,false,343.55,687.56,0.34373,18.25,1783139720
All Pools,DONK - AVAX,,false,343.55,687.56,0.34373,18.25,1783139720
All Pools,INFERRA - AVAX,,false,343.55,687.56,0.34373,18.25,1783139720
All Pools,BTCK - AVAX,,false,343.55,687.56,0.34373,18.25,1783139720
All Pools,TER - AVAX,,false,343.54,687.55,0.34373,18.25,1783139720
All Pools,PUNKY - AVAX,,false,343.54,687.55,0.34373,18.25,1783139720
All Pools,SBMT - AVAX,,false,343.54,687.55,0.34373,18.25,1783139720
All Pools,DECO - AVAX,,false,343.54,687.55,0.34373,18.25,1783139720
All Pools,KRW1 - AVAX,,false,343.54,687.55,0.34373,18.25,1783139720
All Pools,MSP - AVAX,,false,343.54,687.55,0.34373,18.25,1783139720
All Pools,FDOS - AVAX,,false,343.54,-1.606,0.34373,-7812.41,1783139720
All Pools,CCL.D - AVAX,,false,343.54,687.54,0.34372,18.25,1783139720
All Pools,JLTXX - AVAX,,false,343.54,687.54,0.34372,18.25,1783139720
All Pools,TSLA.D - AVAX,,false,343.54,687.54,0.34372,18.25,1783139720
All Pools,VXX.D - AVAX,,false,343.54,687.54,0.34372,18.25,1783139720
All Pools,BFI - AVAX,,false,343.54,687.54,0.34372,18.25,1783139720
All Pools,EXPEX - AVAX,,false,343.54,687.54,0.34372,18.25,1783139720
All Pools,TALAX - AVAX,,false,343.54,687.54,0.34372,18.25,1783139720
All Pools,KSWAP - AVAX,,false,343.52,687.51,0.34371,18.25,1783139720
All Pools,CFI - AVAX,,false,343.52,687.51,0.34371,18.25,1783139720
All Pools,SPOS - AVAX,,false,343.52,687.51,0.34371,18.25,1783139720
All Pools,SCART - AVAX,,false,343.52,687.51,0.34371,18.25,1783139720
All Pools,PTC - AVAX,,false,343.52,687.51,0.34371,18.25,1783139720
All Pools,WVTRU - AVAX,,false,343.52,687.51,0.34371,18.25,1783139720
All Pools,LAAI - AVAX,,false,343.52,687.51,0.34371,18.25,1783139720
All Pools,AP - AVAX,,false,343.48,687.44,0.34367,18.25,1783139720
All Pools,HAWEX - AVAX,,false,343.48,687.44,0.34367,18.25,1783139720
All Pools,MLS - AVAX,,false,343.46,687.39,0.34365,18.25,1783139720
All Pools,HUST - AVAX,,false,343.46,687.39,0.34365,18.25,1783139720
All Pools,ARX - AVAX,,false,343.46,687.39,0.34365,18.25,1783139720
All Pools,GRAIN - AVAX,,false,343.46,687.39,0.34365,18.25,1783139720
All Pools,GAME - AVAX,,false,343.46,-1.689,0.34365,-7427.5,1783139720
All Pools,LEE - AVAX,,false,343.46,687.39,0.34365,18.25,1783139720
All Pools,TIME - AVAX,,false,343.46,687.39,0.34365,18.25,1783139720
All Pools,A1X - AVAX,,false,343.44,687.36,0.34363,18.25,1783139720
All Pools,NBS - AVAX,,false,343.44,687.36,0.34363,18.25,1783139720
All Pools,GFTM - AVAX,,false,343.44,687.36,0.34363,18.25,1783139720
All Pools,LDZ - AVAX,,false,343.44,687.36,0.34363,18.25,1783139720
All Pools,KNOB - AVAX,,false,343.44,687.36,0.34363,18.25,1783139720
All Pools,MINTY - AVAX,,false,343.44,687.35,0.34363,18.25,1783139720
All Pools,XTSY - AVAX,,false,343.44,687.35,0.34363,18.25,1783139720
All Pools,LOPO - AVAX,,false,343.44,687.34,0.34362,18.25,1783139720
All Pools,WHOODX - AVAX,,false,343.44,687.34,0.34362,18.25,1783139720
All Pools,HYPED - AVAX,,false,343.44,687.34,0.34362,18.25,1783139720
All Pools,SPORES - AVAX,,false,343.44,-1.71,0.34362,-7334.59,1783139720
All Pools,JUICE - AVAX,,false,343.44,687.34,0.34362,18.25,1783139720
All Pools,ZAP - AVAX,,false,343.44,687.34,0.34362,18.25,1783139720
All Pools,FLDX - AVAX,,false,343.44,-1.71,0.34362,-7334.59,1783139720
All Pools,LOTUS - AVAX,,false,343.43,687.34,0.34362,18.25,1783139720
All Pools,STC - AVAX,,false,343.43,687.34,0.34362,18.25,1783139720
All Pools,LICORE - AVAX,,false,343.41,687.3,0.3436,18.25,1783139720
All Pools,PED - AVAX,,false,343.41,-1.735,0.3436,-7228.82,1783139720
All Pools,BTCN - AVAX,,false,343.41,687.3,0.3436,18.25,1783139720
All Pools,WBRK.BX - AVAX,,false,343.41,687.3,0.3436,18.25,1783139720
All Pools,COGNI - AVAX,,false,343.41,687.3,0.3436,18.25,1783139720
All Pools,MNT - AVAX,,false,343.4,687.27,0.34359,18.25,1783139720
All Pools,RUX - AVAX,,false,343.4,687.27,0.34359,18.25,1783139720
All Pools,SOLAR - AVAX,,false,343.4,687.27,0.34359,18.25,1783139720
All Pools,CTI - AVAX,,false,343.4,687.27,0.34359,18.25,1783139720
All Pools,GIANTAI - AVAX,,false,343.4,687.27,0.34359,18.25,1783139720
All Pools,KO.D - AVAX,,false,343.4,687.27,0.34359,18.25,1783139720
All Pools,MRETH - AVAX,,false,343.4,687.27,0.34359,18.25,1783139720
All Pools,WTMOX - AVAX,,false,343.39,687.26,0.34358,18.25,1783139720
All Pools,HBOX - AVAX,,false,343.39,687.26,0.34358,18.25,1783139720
All Pools,SONY.D - AVAX,,false,343.39,687.26,0.34358,18.25,1783139720
All Pools,NOX - AVAX,,false,343.39,687.26,0.34358,18.25,1783139720
All Pools,SWIFT - AVAX,,false,343.39,687.26,0.34358,18.25,1783139720
All Pools,OMN - AVAX,,false,343.39,687.26,0.34358,18.25,1783139720
All Pools,DIVA - AVAX,,false,343.39,687.26,0.34358,18.25,1783139720
All Pools,EBAYX - AVAX,,false,343.38,687.24,0.34357,18.25,1783139720
All Pools,$AIR - AVAX,,false,343.38,687.24,0.34357,18.25,1783139720
All Pools,YOOL - AVAX,,false,343.38,-1.763,0.34357,-7111.47,1783139720
All Pools,BM2K - AVAX,,false,343.38,687.24,0.34357,18.25,1783139720
All Pools,ARKB.D - AVAX,,false,343.38,687.24,0.34357,18.25,1783139720
All Pools,WLTK - AVAX,,false,343.38,687.24,0.34357,18.25,1783139720
All Pools,MCWBTC - AVAX,,false,343.38,687.24,0.34357,18.25,1783139720
All Pools,KETH - AVAX,,false,343.37,687.21,0.34356,18.25,1783139720
All Pools,WCSCOX - AVAX,,false,343.37,687.21,0.34356,18.25,1783139720
All Pools,LAA - AVAX,,false,343.37,687.21,0.34356,18.25,1783139720
All Pools,TEQOIN - AVAX,,false,343.37,687.21,0.34356,18.25,1783139720
All Pools,WRAM - AVAX,,false,343.37,687.21,0.34356,18.25,1783139720
All Pools,NPERENA - AVAX,,false,343.36,687.2,0.34355,18.25,1783139720
All Pools,TTT - AVAX,,false,343.36,687.2,0.34355,18.25,1783139720
All Pools,EVRX - AVAX,,false,343.36,687.2,0.34355,18.25,1783139720
All Pools,YETH - AVAX,,false,343.36,687.2,0.34355,18.25,1783139720
All Pools,TYZ - AVAX,,false,343.36,687.2,0.34355,18.25,1783139720
All Pools,CICCA - AVAX,,false,343.36,687.2,0.34355,18.25,1783139720
All Pools,HANDZ - AVAX,,false,343.36,687.2,0.34355,18.25,1783139720
All Pools,SAX - AVAX,,false,343.35,687.18,0.34354,18.25,1783139720
All Pools,WXOMX - AVAX,,false,343.35,687.18,0.34354,18.25,1783139720
All Pools,PT - DUALBTC - AVAX,,false,343.35,687.18,0.34354,18.25,1783139720
All Pools,WKG - AVAX,,false,343.35,687.18,0.34354,18.25,1783139720
All Pools,CRAU - AVAX,,false,343.35,687.18,0.34354,18.25,1783139720
All Pools,SANCTUM - AVAX,,false,343.35,687.18,0.34354,18.25,1783139720
All Pools,LIQUIFY - AVAX,,false,343.35,687.18,0.34354,18.25,1783139720
All Pools,PGPT - AVAX,,false,343.35,687.17,0.34354,18.25,1783139720
All Pools,GOC - AVAX,,false,343.35,687.17,0.34354,18.25,1783139720
All Pools,T9 - 5 - AVAX,,false,343.35,687.17,0.34354,18.25,1783139720
All Pools,SFX - AVAX,,false,343.35,687.17,0.34354,18.25,1783139720
All Pools,OASIS - AVAX,,false,343.35,687.17,0.34354,18.25,1783139720
All Pools,YVLINK - AVAX,,false,343.31,687.09,0.3435,18.25,1783139720
All Pools,AABL - AVAX,,false,343.31,687.09,0.3435,18.25,1783139720
All Pools,UNMD - AVAX,,false,343.31,687.09,0.3435,18.25,1783139720
All Pools,BUSD - AVAX,,false,343.31,687.09,0.3435,18.25,1783139720
All Pools,BTCPAY - AVAX,,false,343.31,687.08,0.34349,18.25,1783139720
All Pools,RTO - AVAX,,false,343.31,687.08,0.34349,18.25,1783139720
All Pools,LAVE - AVAX,,false,343.31,687.08,0.34349,18.25,1783139720
All Pools,GEM - AVAX,,false,343.31,687.08,0.34349,18.25,1783139720
All Pools,MEPAD - AVAX,,false,343.31,687.08,0.34349,18.25,1783139720
All Pools,UDAI - AVAX,,false,343.31,687.08,0.34349,18.25,1783139720
All Pools,UWU - AVAX,,false,343.31,687.08,0.34349,18.25,1783139720
All Pools,RUBX - AVAX,,false,343.3,687.07,0.34349,18.25,1783139720
All Pools,SOFT - AVAX,,false,343.3,687.07,0.34349,18.25,1783139720
All Pools,JPMD - AVAX,,false,343.29,687.06,0.34348,18.25,1783139720
All Pools,RENA - AVAX,,false,343.29,687.06,0.34348,18.25,1783139720
All Pools,JCT - AVAX,,false,343.29,687.06,0.34348,18.25,1783139720
All Pools,WAAPLX - AVAX,,false,343.29,687.06,0.34348,18.25,1783139720
All Pools,ARKX.D - AVAX,,false,343.29,687.06,0.34348,18.25,1783139720
All Pools,OPLS - AVAX,,false,343.29,687.06,0.34348,18.25,1783139720
All Pools,BABYX - AVAX,,false,343.29,687.06,0.34348,18.25,1783139720
All Pools,SPAD - AVAX,,false,343.29,687.06,0.34348,18.25,1783139720
All Pools,SWEETS - AVAX,,false,343.26,686.99,0.34345,18.25,1783139720
All Pools,WLINX - AVAX,,false,343.26,686.99,0.34345,18.25,1783139720
All Pools,KERC - AVAX,,false,343.26,686.99,0.34345,18.25,1783139720
All Pools,OORT - AVAX,,false,343.26,686.99,0.34345,18.25,1783139720
All Pools,HOOD.D - AVAX,,false,343.26,686.99,0.34345,18.25,1783139720
All Pools,TAHO - AVAX,,false,343.26,686.99,0.34345,18.25,1783139720
All Pools,NEOCLOUD - AVAX,,false,343.24,686.95,0.34343,18.25,1783139720
All Pools,JPM.D - AVAX,,false,343.24,686.95,0.34343,18.25,1783139720
All Pools,$BORED - AVAX,,false,343.24,686.95,0.34343,18.25,1783139720
All Pools,UFO.D - AVAX,,false,343.24,686.95,0.34343,18.25,1783139720
All Pools,$SPIN - AVAX,,false,343.24,686.95,0.34343,18.25,1783139720
All Pools,TRR - AVAX,,false,343.23,686.94,0.34342,18.25,1783139720
All Pools,AKTA - AVAX,,false,343.23,686.94,0.34342,18.25,1783139720
All Pools,JPGC - AVAX,,false,343.23,686.94,0.34342,18.25,1783139720
All Pools,XED - AVAX,,false,343.23,686.94,0.34342,18.25,1783139720
All Pools,GODE - AVAX,,false,343.23,686.94,0.34342,18.25,1783139720
All Pools,H2O - AVAX,,false,343.23,686.94,0.34342,18.25,1783139720
All Pools,SLMTX - AVAX,,false,343.22,686.92,0.34341,18.25,1783139720
All Pools,MARQ - AVAX,,false,343.22,686.92,0.34341,18.25,1783139720
All Pools,CAS - AVAX,,false,343.22,686.92,0.34341,18.25,1783139720
All Pools,NFALCON - AVAX,,false,343.22,686.92,0.34341,18.25,1783139720
All Pools,WACNX - AVAX,,false,343.22,686.92,0.34341,18.25,1783139720
All Pools,LOI - AVAX,,false,343.22,686.92,0.34341,18.25,1783139720
All Pools,SCORCH - AVAX,,false,343.22,686.92,0.34341,18.25,1783139720
All Pools,BIGOD - AVAX,,false,343.22,686.91,0.34341,18.25,1783139720
All Pools,FRED - AVAX,,false,343.22,686.91,0.34341,18.25,1783139720
All Pools,VPP - AVAX,,false,343.22,-1.928,0.34341,-6501.9,1783139720
All Pools,T99CENTS - AVAX,,false,343.22,686.91,0.34341,18.25,1783139720
All Pools,KAI - AVAX,,false,343.22,686.91,0.34341,18.25,1783139720
All Pools,BMONEY - AVAX,,false,343.22,686.91,0.34341,18.25,1783139720
All Pools,CTP - AVAX,,false,343.22,686.91,0.34341,18.25,1783139720
All Pools,POODLE - AVAX,,false,343.22,686.91,0.34341,18.25,1783139720
All Pools,XPL - AVAX,,false,343.22,686.91,0.34341,18.25,1783139720
All Pools,TMG - AVAX,,false,343.22,686.91,0.34341,18.25,1783139720
All Pools,OFE - AVAX,,false,343.22,-1.93,0.34341,-6495.69,1783139720
All Pools,WABA - AVAX,,false,343.22,686.91,0.34341,18.25,1783139720
All Pools,LOOP - AVAX,,false,343.22,686.91,0.34341,18.25,1783139720
All Pools,ABG - AVAX,,false,343.21,686.9,0.3434,18.25,1783139720
All Pools,XSTBRL - AVAX,,false,343.21,686.9,0.3434,18.25,1783139720
All Pools,WAR - AVAX,,false,343.21,686.9,0.3434,18.25,1783139720
All Pools,CHF24 - AVAX,,false,343.21,686.9,0.3434,18.25,1783139720
All Pools,NVYLDS - AVAX,,false,343.21,686.9,0.3434,18.25,1783139720
All Pools,COSTX - AVAX,,false,343.21,686.9,0.3434,18.25,1783139720
All Pools,GBPA - AVAX,,false,343.21,686.9,0.3434,18.25,1783139720
All Pools,SMX - AVAX,,false,343.2,686.87,0.34339,18.25,1783139720
All Pools,FORCE - AVAX,,false,343.2,686.87,0.34339,18.25,1783139720
All Pools,ANON - AVAX,,false,343.2,686.87,0.34339,18.25,1783139720
All Pools,YELD - AVAX,,false,343.2,686.87,0.34339,18.25,1783139720
All Pools,FOXE - AVAX,,false,343.2,686.87,0.34339,18.25,1783139720
All Pools,GM - AVAX,,false,343.2,686.87,0.34339,18.25,1783139720
All Pools,KFI - AVAX,,false,343.19,686.86,0.34338,18.25,1783139720
All Pools,DROPEE - AVAX,,false,343.19,686.86,0.34338,18.25,1783139720
All Pools,PC0000037 - AVAX,,false,343.19,686.86,0.34338,18.25,1783139720
All Pools,ONYX - AVAX,,false,343.19,686.86,0.34338,18.25,1783139720
All Pools,TOONS - AVAX,,false,343.19,686.86,0.34338,18.25,1783139720
All Pools,DEFAI - AVAX,,false,343.19,686.85,0.34338,18.25,1783139720
All Pools,OZONE - AVAX,,false,343.19,686.85,0.34338,18.25,1783139720
All Pools,SWAG - AVAX,,false,343.19,686.85,0.34338,18.25,1783139720
All Pools,HSDTX - AVAX,,false,343.18,686.84,0.34337,18.25,1783139720
All Pools,PFE.D - AVAX,,false,343.18,686.84,0.34337,18.25,1783139720
All Pools,BTH - AVAX,,false,343.18,686.84,0.34337,18.25,1783139720
All Pools,NAXI - AVAX,,false,343.18,686.84,0.34337,18.25,1783139720
All Pools,DFISH - AVAX,,false,343.18,686.84,0.34337,18.25,1783139720
All Pools,QUDO - AVAX,,false,343.18,686.84,0.34337,18.25,1783139720
All Pools,ZUG - AVAX,,false,343.18,-1.965,0.34337,-6379.34,1783139720
All Pools,NUTGV2 - AVAX,,false,343.18,686.83,0.34337,18.25,1783139720
All Pools,CCC - AVAX,,false,343.18,686.83,0.34337,18.25,1783139720
All Pools,BCX - AVAX,,false,343.18,686.83,0.34337,18.25,1783139720
All Pools,TREN - AVAX,,false,343.17,686.81,0.34336,18.25,1783139720
All Pools,YVSNX - AVAX,,false,343.17,686.81,0.34336,18.25,1783139720
All Pools,MURATIAI - AVAX,,false,343.17,686.81,0.34336,18.25,1783139720
All Pools,BASEETHGUSDCQ - AVAX,,false,343.15,686.78,0.34334,18.25,1783139720
All Pools,AGUS - AVAX,,false,343.15,-1.992,0.34334,-6289.72,1783139720
All Pools,LUMOX - AVAX,,false,343.15,686.78,0.34334,18.25,1783139720
All Pools,OXI - AVAX,,false,343.15,686.78,0.34334,18.25,1783139720
All Pools,JFB - AVAX,,false,343.15,686.78,0.34334,18.25,1783139720
All Pools,AC - AVAX,,false,343.11,-2.04,0.34329,-6142.66,1783139720
All Pools,FREDWILSON - AVAX,,false,343.11,686.69,0.34329,18.25,1783139720
All Pools,PLEB - AVAX,,false,343.11,686.69,0.34329,18.25,1783139720
All Pools,TKN - AVAX,,false,343.11,686.69,0.34329,18.25,1783139720
All Pools,VXVS - AVAX,,false,343.11,686.69,0.34329,18.25,1783139720
All Pools,SCR - AVAX,,false,343.09,686.65,0.34328,18.25,1783139720
All Pools,USDSL - AVAX,,false,343.09,686.65,0.34328,18.25,1783139720
All Pools,PIKU - AVAX,,false,343.09,686.65,0.34328,18.25,1783139720
All Pools,PHO.D - AVAX,,false,343.09,686.65,0.34328,18.25,1783139720
All Pools,TROY - AVAX,,false,343.09,686.65,0.34328,18.25,1783139720
All Pools,AUSD - AVAX,,false,343.09,686.65,0.34328,18.25,1783139720
All Pools,COUPHYPE - AVAX,,false,343.09,686.65,0.34328,18.25,1783139720
All Pools,REETH - AVAX,,false,343.09,686.65,0.34328,18.25,1783139720
All Pools,NOME - AVAX,,false,343.09,686.65,0.34328,18.25,1783139720
All Pools,SRLN.D - AVAX,,false,343.09,686.65,0.34328,18.25,1783139720
All Pools,EXY - AVAX,,false,343.09,686.65,0.34328,18.25,1783139720
All Pools,MADAI - AVAX,,false,343.08,686.64,0.34327,18.25,1783139720
All Pools,PQX - AVAX,,false,343.08,686.64,0.34327,18.25,1783139720
All Pools,WAZNX - AVAX,,false,343.08,686.64,0.34327,18.25,1783139720
All Pools,MARA.D - AVAX,,false,343.08,-2.062,0.34327,-6077.76,1783139720
All Pools,CR - AVAX,,false,343.08,686.64,0.34327,18.25,1783139720
All Pools,AGD - AVAX,,false,343.08,-2.062,0.34327,-6077.76,1783139720
All Pools,X - AVAX,,false,343.05,686.58,0.34324,18.25,1783139720
All Pools,PPT - AVAX,,false,343.05,686.58,0.34324,18.25,1783139720
All Pools,BL0CK - AVAX,,false,343.05,686.58,0.34324,18.25,1783139720
All Pools,BRUH - AVAX,,false,343.05,686.58,0.34324,18.25,1783139720
All Pools,NEZUKO - AVAX,,false,343.05,686.58,0.34324,18.25,1783139720
All Pools,USDB - AVAX,,false,343.05,686.58,0.34324,18.25,1783139720
All Pools,MULTI - AVAX,,false,343.05,-2.101,0.34323,-5963.67,1783139720
All Pools,NEX - AVAX,,false,343.05,686.56,0.34323,18.25,1783139720
All Pools,ONL - AVAX,,false,343.05,686.56,0.34323,18.25,1783139720
All Pools,VGLMR - AVAX,,false,343.05,686.56,0.34323,18.25,1783139720
All Pools,NIAO - AVAX,,false,343.05,686.56,0.34323,18.25,1783139720
All Pools,UPY - AVAX,,false,343.05,686.56,0.34323,18.25,1783139720
All Pools,CRUX - AVAX,,false,343.05,686.56,0.34323,18.25,1783139720
All Pools,STREET - AVAX,,false,343.05,686.56,0.34323,18.25,1783139720
All Pools,POLLY - AVAX,,false,343.05,686.56,0.34323,18.25,1783139720
All Pools,ROGER - AVAX,,false,343.05,686.56,0.34323,18.25,1783139720
All Pools,VST - AVAX,,false,343.05,686.56,0.34323,18.25,1783139720
All Pools,ZLP - AVAX,,false,343.05,686.56,0.34323,18.25,1783139720
All Pools,YUM - AVAX,,false,343.05,686.56,0.34323,18.25,1783139720
All Pools,BEBE - AVAX,,false,343.04,-2.107,0.34323,-5947.12,1783139720
All Pools,RUBY - AVAX,,false,343.04,686.55,0.34323,18.25,1783139720
All Pools,XBLD - AVAX,,false,343.04,686.55,0.34323,18.25,1783139720
All Pools,CMN - AVAX,,false,343.04,686.55,0.34323,18.25,1783139720
All Pools,U - AVAX,,false,343.04,686.55,0.34323,18.25,1783139720
All Pools,REDUX - AVAX,,false,343.04,686.55,0.34323,18.25,1783139720
All Pools,UNIT - AVAX,,false,343.04,686.55,0.34323,18.25,1783139720
All Pools,MC.EUSDC - AVAX,,false,343.04,686.55,0.34323,18.25,1783139720
All Pools,GG - AVAX,,false,343.04,686.55,0.34323,18.25,1783139720
All Pools,VITAL - AVAX,,false,343.04,686.55,0.34323,18.25,1783139720
All Pools,OSDMC - PRE - AVAX,,false,343.03,686.53,0.34322,18.25,1783139720
All Pools,ZOD - AVAX,,false,343.03,686.53,0.34322,18.25,1783139720
All Pools,WINTCX - AVAX,,false,343.03,686.53,0.34322,18.25,1783139720
All Pools,LUDAMOON - AVAX,,false,343.03,686.53,0.34322,18.25,1783139720
All Pools,SOUP - AVAX,,false,343.01,686.5,0.3432,18.25,1783139720
All Pools,$BMC - AVAX,,false,343.01,686.5,0.3432,18.25,1783139720
All Pools,VEAX - AVAX,,false,343.01,-2.135,0.3432,-5868.06,1783139720
All Pools,AZN.D - AVAX,,false,343.01,686.5,0.3432,18.25,1783139720
All Pools,SPETH - AVAX,,false,343.01,686.5,0.3432,18.25,1783139720
All Pools,BLOCK - AVAX,,false,343.01,686.5,0.3432,18.25,1783139720
All Pools,PST - AVAX,,false,343.01,686.5,0.3432,18.25,1783139720
All Pools,DENCH - AVAX,,false,343.01,686.49,0.3432,18.25,1783139720
All Pools,SUSDC - AVAX,,false,343.01,686.49,0.3432,18.25,1783139720
All Pools,WPFEX - AVAX,,false,343.01,686.49,0.3432,18.25,1783139720
All Pools,MNLT - AVAX,,false,343.01,686.49,0.3432,18.25,1783139720
All Pools,PAWDERICK - AVAX,,false,343.01,-2.139,0.3432,-5857.01,1783139720
All Pools,NATG - AVAX,,false,343.01,686.49,0.3432,18.25,1783139720
All Pools,BTCW.D - AVAX,,false,343.01,686.49,0.3432,18.25,1783139720
All Pools,ROBOTS - AVAX,,false,342.99,686.44,0.34317,18.25,1783139720
All Pools,EDS - AVAX,,false,342.99,686.44,0.34317,18.25,1783139720
All Pools,SSETH - AVAX,,false,342.99,686.44,0.34317,18.25,1783139720
All Pools,XSTLTC - AVAX,,false,342.99,686.44,0.34317,18.25,1783139720
All Pools,SBET - AVAX,,false,342.99,686.44,0.34317,18.25,1783139720
All Pools,WCVXX - AVAX,,false,342.99,686.44,0.34317,18.25,1783139720
All Pools,YPYMN - AVAX,,false,342.98,686.43,0.34317,18.25,1783139720
All Pools,TWB - AVAX,,false,342.98,686.43,0.34317,18.25,1783139720
All Pools,PLVGLP - AVAX,,false,342.98,686.43,0.34317,18.25,1783139720
All Pools,IMON - AVAX,,false,342.98,686.43,0.34317,18.25,1783139720
All Pools,DIS.D - AVAX,,false,342.98,686.43,0.34317,18.25,1783139720
All Pools,HORIZON - AVAX,,false,342.98,686.43,0.34317,18.25,1783139720
All Pools,WABBVX - AVAX,,false,342.98,686.43,0.34317,18.25,1783139720
All Pools,NVDA.D - AVAX,,false,342.98,686.43,0.34317,18.25,1783139720
All Pools,MANKRETH - AVAX,,false,342.98,686.43,0.34317,18.25,1783139720
All Pools,BA.D - AVAX,,false,342.98,686.43,0.34317,18.25,1783139720
All Pools,COMA - AVAX,,false,342.98,686.43,0.34317,18.25,1783139720
All Pools,FATSO - AVAX,,false,342.98,686.43,0.34317,18.25,1783139720
All Pools,DGCS - AVAX,,false,342.98,686.43,0.34317,18.25,1783139720
All Pools,DGR - AVAX,,false,342.96,686.4,0.34315,18.25,1783139720
All Pools,ARIES - AVAX,,false,342.96,686.4,0.34315,18.25,1783139720
All Pools,HKAVA - AVAX,,false,342.96,686.4,0.34315,18.25,1783139720
All Pools,WODO - AVAX,,false,342.96,-2.182,0.34315,-5739.24,1783139720
All Pools,STOCKMARKETTRBASISTRADE - AVAX,,false,342.96,686.4,0.34315,18.25,1783139720
All Pools,LAN - AVAX,,false,342.96,686.4,0.34315,18.25,1783139720
All Pools,TRONX - AVAX,,false,342.96,686.4,0.34315,18.25,1783139720
All Pools,DEZ - AVAX,,false,342.96,686.38,0.34314,18.25,1783139720
All Pools,LEE - AVAX,,false,342.96,686.38,0.34314,18.25,1783139720
All Pools,MAG - AVAX,,false,342.96,686.38,0.34314,18.25,1783139720
All Pools,BRK.A.D - AVAX,,false,342.94,686.34,0.34312,18.25,1783139720
All Pools,WAVGOX - AVAX,,false,342.94,686.34,0.34312,18.25,1783139720
All Pools,HDROME - AVAX,,false,342.94,686.34,0.34312,18.25,1783139720
All Pools,WORCLX - AVAX,,false,342.94,686.34,0.34312,18.25,1783139720
All Pools,HBTC - AVAX,,false,342.93,686.34,0.34312,18.25,1783139720
All Pools,MOSETH - AVAX,,false,342.93,686.34,0.34312,18.25,1783139720
All Pools,TXOR - AVAX,,false,342.93,686.34,0.34312,18.25,1783139720
All Pools,RAA - AVAX,,false,342.93,686.34,0.34312,18.25,1783139720
All Pools,BRC - AVAX,,false,342.93,686.34,0.34312,18.25,1783139720
All Pools,THGOLD - AVAX,,false,342.93,686.34,0.34312,18.25,1783139720
All Pools,TORR - AVAX,,false,342.93,686.34,0.34312,18.25,1783139720
All Pools,KBK - AVAX,,false,342.93,686.33,0.34312,18.25,1783139720
All Pools,PURRZIVAL - AVAX,,false,342.93,686.33,0.34312,18.25,1783139720
All Pools,CATMOUSE - AVAX,,false,342.93,686.33,0.34312,18.25,1783139720
All Pools,SPUSDC - AVAX,,false,342.93,686.33,0.34312,18.25,1783139720
All Pools,WPMX - AVAX,,false,342.93,686.33,0.34312,18.25,1783139720
All Pools,QUAN - AVAX,,false,342.93,686.33,0.34312,18.25,1783139720
All Pools,LOA - AVAX,,false,342.93,686.33,0.34312,18.25,1783139720
All Pools,SLT - AVAX,,false,342.93,686.33,0.34312,18.25,1783139720
All Pools,MCD.D - AVAX,,false,342.93,686.33,0.34312,18.25,1783139720
All Pools,PGRE - AVAX,,false,342.93,686.33,0.34312,18.25,1783139720
All Pools,MXNA - AVAX,,false,342.92,686.32,0.34311,18.25,1783139720
All Pools,HECTO - AVAX,,false,342.92,-2.225,0.34311,-5627.96,1783139720
All Pools,ZP - AVAX,,false,342.92,686.31,0.34311,18.25,1783139720
All Pools,$BILLY - AVAX,,false,342.91,686.29,0.3431,18.25,1783139720
All Pools,GREAT - AVAX,,false,342.91,686.29,0.3431,18.25,1783139720
All Pools,MDBL - AVAX,,false,342.91,-2.237,0.3431,-5597.42,1783139720
All Pools,PRI - AVAX,,false,342.91,686.29,0.3431,18.25,1783139720
All Pools,MEMEX - AVAX,,false,342.91,686.28,0.34309,18.25,1783139720
All Pools,MVEDA - AVAX,,false,342.91,686.28,0.34309,18.25,1783139720
All Pools,AIL - AVAX,,false,342.91,686.28,0.34309,18.25,1783139720
All Pools,TOWELI - AVAX,,false,342.91,686.28,0.34309,18.25,1783139720
All Pools,HTD - AVAX,,false,342.91,686.28,0.34309,18.25,1783139720
All Pools,TATE - AVAX,,false,342.91,-2.241,0.34309,-5588.84,1783139720
All Pools,ATV111 - AVAX,,false,342.89,686.24,0.34307,18.25,1783139720
All Pools,QNS - AVAX,,false,342.89,-2.26,0.34307,-5540.51,1783139720
All Pools,BDT - AVAX,,false,342.89,686.24,0.34307,18.25,1783139720
All Pools,ROSE - AVAX,,false,342.89,-2.26,0.34307,-5540.51,1783139720
All Pools,WAMZNX - AVAX,,false,342.89,686.24,0.34307,18.25,1783139720
All Pools,LIBFI - AVAX,,false,342.89,686.24,0.34307,18.25,1783139720
All Pools,CLYC - AVAX,,false,342.89,686.24,0.34307,18.25,1783139720
All Pools,ZEROS - AVAX,,false,342.87,686.21,0.34306,18.25,1783139720
All Pools,NAEST - AVAX,,false,342.87,686.21,0.34306,18.25,1783139720
All Pools,SOLAR - AVAX,,false,342.87,686.21,0.34306,18.25,1783139720
All Pools,EUCLID - AVAX,,false,342.87,686.21,0.34306,18.25,1783139720
All Pools,BTMT - AVAX,,false,342.87,686.21,0.34306,18.25,1783139720
All Pools,TT - AVAX,,false,342.87,686.21,0.34306,18.25,1783139720
All Pools,OPCH - AVAX,,false,342.87,686.21,0.34306,18.25,1783139720
All Pools,HUDL - AVAX,,false,342.87,686.21,0.34306,18.25,1783139720
All Pools,BOYSCLUB - AVAX,,false,342.87,686.21,0.34306,18.25,1783139720
All Pools,MRHB - AVAX,,false,342.87,686.21,0.34306,18.25,1783139720
All Pools,HIVE - AVAX,,false,342.87,686.21,0.34306,18.25,1783139720
All Pools,ZEROPAI - AVAX,,false,342.87,686.21,0.34306,18.25,1783139720
All Pools,IQ - AVAX,,false,342.87,686.21,0.34306,18.25,1783139720
All Pools,LOGG - AVAX,,false,342.84,686.16,0.34303,18.25,1783139720
All Pools,CIRCLE - AVAX,,false,342.84,686.16,0.34303,18.25,1783139720
All Pools,FFRAX - AVAX,,false,342.84,686.16,0.34303,18.25,1783139720
All Pools,ORB7 - AVAX,,false,342.84,686.16,0.34303,18.25,1783139720
All Pools,AEUSD - AVAX,,false,342.84,686.16,0.34303,18.25,1783139720
All Pools,IBIT.D - AVAX,,false,342.84,686.16,0.34303,18.25,1783139720
All Pools,SOMT - AVAX,,false,342.84,686.16,0.34303,18.25,1783139720
All Pools,POWER - AVAX,,false,342.84,686.16,0.34303,18.25,1783139720
All Pools,MCBETH - AVAX,,false,342.84,686.16,0.34303,18.25,1783139720
All Pools,DMU - AVAX,,false,342.84,686.16,0.34303,18.25,1783139720
All Pools,MWBETH - AVAX,,false,342.84,686.16,0.34303,18.25,1783139720
All Pools,WAPPX - AVAX,,false,342.84,686.16,0.34303,18.25,1783139720
All Pools,RTG - AVAX,,false,342.84,686.16,0.34303,18.25,1783139720
All Pools,ZRS - AVAX,,false,342.82,686.11,0.34301,18.25,1783139720
All Pools,LCOM - AVAX,,false,342.82,686.11,0.34301,18.25,1783139720
All Pools,CRISIS - AVAX,,false,342.82,-2.329,0.34301,-5375.75,1783139720
All Pools,HOU - AVAX,,false,342.82,686.11,0.34301,18.25,1783139720
All Pools,WMDTX - AVAX,,false,342.82,686.11,0.34301,18.25,1783139720
All Pools,MAGICGLP - AVAX,,false,342.82,686.11,0.34301,18.25,1783139720
All Pools,$SUSHI - AVAX,,false,342.82,686.11,0.34301,18.25,1783139720
All Pools,ANSEM - AVAX,,false,342.82,696.23,0.34301,17.98,1783139720
All Pools,NCT - AVAX,,false,342.82,686.11,0.34301,18.25,1783139720
All Pools,MBDAO - AVAX,,false,342.82,686.11,0.34301,18.25,1783139720
All Pools,SPADE - AVAX,,false,342.82,686.11,0.34301,18.25,1783139720
All Pools,$YIELD - AVAX,,false,342.82,686.11,0.34301,18.25,1783139720
All Pools,EGX - AVAX,,false,342.82,686.11,0.34301,18.25,1783139720
All Pools,HPC - AVAX,,false,342.82,686.11,0.34301,18.25,1783139720
All Pools,OASIS - AVAX,,false,342.81,686.1,0.343,18.25,1783139720
All Pools,BALL - AVAX,,false,342.81,686.1,0.343,18.25,1783139720
All Pools,CORX - AVAX,,false,342.81,686.1,0.343,18.25,1783139720
All Pools,MPIX - AVAX,,false,342.81,686.1,0.343,18.25,1783139720
All Pools,EIOB - AVAX,,false,342.81,686.1,0.343,18.25,1783139720
All Pools,ZEUS - AVAX,,false,342.81,-2.332,0.343,-5367.71,1783139720
All Pools,MEMBER - AVAX,,false,342.8,686.08,0.34299,18.25,1783139720
All Pools,CSWAP - AVAX,,false,342.8,686.08,0.34299,18.25,1783139720
All Pools,SENSO - AVAX,,false,342.8,686.08,0.34299,18.25,1783139720
All Pools,GD - AVAX,,false,342.79,686.05,0.34298,18.25,1783139720
All Pools,HISS - AVAX,,false,342.79,-2.357,0.34298,-5311.6,1783139720
All Pools,YVAAVE - AVAX,,false,342.79,686.05,0.34298,18.25,1783139720
All Pools,RAWR - AVAX,,false,342.79,-2.357,0.34298,-5311.6,1783139720
All Pools,TPAD - AVAX,,false,342.79,686.05,0.34298,18.25,1783139720
All Pools,BYTES - AVAX,,false,342.79,686.05,0.34298,18.25,1783139720
All Pools,STICKBUG - AVAX,,false,342.78,686.04,0.34297,18.25,1783139720
All Pools,SDG - AVAX,,false,342.78,686.04,0.34297,18.25,1783139720
All Pools,EMAX - AVAX,,false,342.78,686.04,0.34297,18.25,1783139720
All Pools,FSX - AVAX,,false,342.78,686.04,0.34297,18.25,1783139720
All Pools,NGPRIME - AVAX,,false,342.78,686.04,0.34297,18.25,1783139720
All Pools,AET - AVAX,,false,342.78,686.04,0.34297,18.25,1783139720
All Pools,PETS - AVAX,,false,342.78,686.04,0.34297,18.25,1783139720
All Pools,DAYL - AVAX,,false,342.78,686.04,0.34297,18.25,1783139720
All Pools,THUSD - AVAX,,false,342.78,686.04,0.34297,18.25,1783139720
All Pools,BUFF - AVAX,,false,342.78,686.04,0.34297,18.25,1783139720
All Pools,VSL - AVAX,,false,342.77,686,0.34295,18.25,1783139720
All Pools,DUBI - AVAX,,false,342.77,686,0.34295,18.25,1783139720
All Pools,TIX - AVAX,,false,342.77,686,0.34295,18.25,1783139720
All Pools,PAC - AVAX,,false,342.75,685.98,0.34294,18.25,1783139720
All Pools,WGSX - AVAX,,false,342.75,685.98,0.34294,18.25,1783139720
All Pools,IKAS - AVAX,,false,342.75,685.98,0.34294,18.25,1783139720
All Pools,COKE - AVAX,,false,342.75,685.98,0.34294,18.25,1783139720
All Pools,CQX - AVAX,,false,342.75,685.98,0.34294,18.25,1783139720
All Pools,XOC - AVAX,,false,342.75,685.98,0.34294,18.25,1783139720
All Pools,CPET - AVAX,,false,342.75,685.98,0.34294,18.25,1783139720
All Pools,ESS - AVAX,,false,342.75,685.97,0.34294,18.25,1783139720
All Pools,MORPH - AVAX,,false,342.75,685.97,0.34294,18.25,1783139720
All Pools,LUCIA - AVAX,,false,342.75,685.97,0.34294,18.25,1783139720
All Pools,HDL - AVAX,,false,342.75,685.97,0.34294,18.25,1783139720
All Pools,PAPYRUS - AVAX,,false,342.74,685.96,0.34293,18.25,1783139720
All Pools,PULS - AVAX,,false,342.74,685.96,0.34293,18.25,1783139720
All Pools,HEDGEHOG - AVAX,,false,342.74,685.96,0.34293,18.25,1783139720
All Pools,CCT - AVAX,,false,342.74,685.96,0.34293,18.25,1783139720
All Pools,NACKL - AVAX,,false,342.74,685.96,0.34293,18.25,1783139720
All Pools,URA - AVAX,,false,342.74,685.96,0.34293,18.25,1783139720
All Pools,AUSDC - AVAX,,false,342.74,685.95,0.34293,18.25,1783139720
All Pools,WDHRX - AVAX,,false,342.74,685.95,0.34293,18.25,1783139720
All Pools,CONET - AVAX,,false,342.72,685.92,0.34291,18.25,1783139720
All Pools,BCL - AVAX,,false,342.72,685.92,0.34291,18.25,1783139720
All Pools,COIN.D - AVAX,,false,342.72,685.92,0.34291,18.25,1783139720
All Pools,POCKET - AVAX,,false,342.72,685.92,0.34291,18.25,1783139720
All Pools,TRW - AVAX,,false,342.72,685.92,0.34291,18.25,1783139720
All Pools,WCRMX - AVAX,,false,342.72,685.92,0.34291,18.25,1783139720
All Pools,ITLG - AVAX,,false,342.72,685.92,0.34291,18.25,1783139720
All Pools,CBUNNY - AVAX,,false,342.72,685.92,0.34291,18.25,1783139720
All Pools,NORA - AVAX,,false,342.72,685.92,0.34291,18.25,1783139720
All Pools,FINE - AVAX,,false,342.72,685.92,0.34291,18.25,1783139720
All Pools,USDSUI - AVAX,,false,342.72,685.92,0.34291,18.25,1783139720
All Pools,GS - AVAX,,false,342.72,685.92,0.34291,18.25,1783139720
All Pools,RPTR - AVAX,,false,342.72,685.92,0.34291,18.25,1783139720
All Pools,GRAMG - AVAX,,false,342.72,685.92,0.34291,18.25,1783139720
All Pools,INT - AVAX,,false,342.71,685.9,0.3429,18.25,1783139720
All Pools,GBTC.D - AVAX,,false,342.71,685.9,0.3429,18.25,1783139720
All Pools,XO - AVAX,,false,342.71,685.9,0.3429,18.25,1783139720
All Pools,YTIME - AVAX,,false,342.71,685.9,0.3429,18.25,1783139720
All Pools,SPUS.D - AVAX,,false,342.71,685.9,0.3429,18.25,1783139720
All Pools,PHOTON - AVAX,,false,342.71,685.9,0.3429,18.25,1783139720
All Pools,ELP - AVAX,,false,342.7,685.88,0.34289,18.25,1783139720
All Pools,KING - AVAX,,false,342.7,685.88,0.34289,18.25,1783139720
All Pools,LFG - AVAX,,false,342.7,685.88,0.34289,18.25,1783139720
All Pools,ADACASH - AVAX,,false,342.7,685.88,0.34289,18.25,1783139720
All Pools,QTCC - AVAX,,false,342.7,685.88,0.34289,18.25,1783139720
All Pools,TRIO - AVAX,,false,342.7,685.88,0.34289,18.25,1783139720
All Pools,LUEYGI - AVAX,,false,342.7,685.87,0.34289,18.25,1783139720
All Pools,RKLBX - AVAX,,false,342.7,685.87,0.34289,18.25,1783139720
All Pools,LLM - AVAX,,false,342.7,685.87,0.34289,18.25,1783139720
All Pools,ALINK - AVAX,,false,342.7,685.87,0.34289,18.25,1783139720
All Pools,AICRE8 - AVAX,,false,342.7,685.87,0.34289,18.25,1783139720
All Pools,PULSR - AVAX,,false,342.7,685.87,0.34289,18.25,1783139720
All Pools,BOOST - AVAX,,false,342.7,685.87,0.34289,18.25,1783139720
All Pools,SEUR0 - AVAX,,false,342.7,685.87,0.34289,18.25,1783139720
All Pools,DCO - AVAX,,false,342.68,685.84,0.34287,18.25,1783139720
All Pools,CFES - AVAX,,false,342.68,685.84,0.34287,18.25,1783139720
All Pools,IOI - AVAX,,false,342.68,-2.463,0.34287,-5082.02,1783139720
All Pools,KEEP - AVAX,,false,342.68,685.84,0.34287,18.25,1783139720
All Pools,CBD - AVAX,,false,342.68,685.84,0.34287,18.25,1783139720
All Pools,VOY - AVAX,,false,342.68,685.84,0.34287,18.25,1783139720
All Pools,GBTC - AVAX,,false,342.68,685.83,0.34287,18.25,1783139720
All Pools,ILLU - AVAX,,false,342.68,685.83,0.34287,18.25,1783139720
All Pools,ZAM - AVAX,,false,342.68,-2.466,0.34287,-5075.74,1783139720
All Pools,ARENA - AVAX,,false,342.68,685.83,0.34287,18.25,1783139720
All Pools,DAMOON - AVAX,,false,342.68,685.83,0.34287,18.25,1783139720
All Pools,TANGO - AVAX,,false,342.68,685.83,0.34287,18.25,1783139720
All Pools,DSS - AVAX,,false,342.68,685.83,0.34287,18.25,1783139720
All Pools,NXA - AVAX,,false,342.68,685.83,0.34287,18.25,1783139720
All Pools,AIAB - AVAX,,false,342.68,685.83,0.34287,18.25,1783139720
All Pools,TEM - AVAX,,false,342.67,685.81,0.34286,18.25,1783139720
All Pools,GCR - AVAX,,false,342.67,685.81,0.34286,18.25,1783139720
All Pools,INFO - AVAX,,false,342.67,685.81,0.34286,18.25,1783139720
All Pools,ZEUM - AVAX,,false,342.67,685.81,0.34286,18.25,1783139720
All Pools,VICPAY - AVAX,,false,342.67,685.81,0.34286,18.25,1783139720
All Pools,CTB - AVAX,,false,342.67,685.81,0.34286,18.25,1783139720
All Pools,BABYMYRO - AVAX,,false,342.65,685.77,0.34284,18.25,1783139720
All Pools,CNR - AVAX,,false,342.65,685.77,0.34284,18.25,1783139720
All Pools,YCT - AVAX,,false,342.65,685.77,0.34284,18.25,1783139720
All Pools,COSMIC - AVAX,,false,342.65,685.77,0.34284,18.25,1783139720
All Pools,MOCKJUP - AVAX,,false,342.65,685.77,0.34284,18.25,1783139720
All Pools,IXIR - AVAX,,false,342.65,685.77,0.34284,18.25,1783139720
All Pools,BLUP - AVAX,,false,342.65,685.77,0.34284,18.25,1783139720
All Pools,MLUM - AVAX,,false,342.65,685.77,0.34284,18.25,1783139720
All Pools,APES - AVAX,,false,342.65,685.77,0.34284,18.25,1783139720
All Pools,CXPAD - AVAX,,false,342.65,685.77,0.34284,18.25,1783139720
All Pools,ELS - AVAX,,false,342.64,685.75,0.34283,18.25,1783139720
All Pools,CEM - AVAX,,false,342.64,685.75,0.34283,18.25,1783139720
All Pools,GOLD8 - AVAX,,false,342.64,685.75,0.34283,18.25,1783139720
All Pools,NOVA - AVAX,,false,342.63,685.73,0.34282,18.25,1783139720
All Pools,ZETRIX - AVAX,,false,342.63,685.73,0.34282,18.25,1783139720
All Pools,XCCX - AVAX,,false,342.63,685.73,0.34282,18.25,1783139720
All Pools,UM - AVAX,,false,342.63,-2.516,0.34282,-4973.82,1783139720
All Pools,BCA - AVAX,,false,342.63,685.73,0.34282,18.25,1783139720
All Pools,GALGO - AVAX,,false,342.63,685.73,0.34282,18.25,1783139720
All Pools,KPK - AVAX,,false,342.62,685.72,0.34281,18.25,1783139720
All Pools,STUSD - AVAX,,false,342.62,685.72,0.34281,18.25,1783139720
All Pools,ARM - WS - OS - AVAX,,false,342.62,685.72,0.34281,18.25,1783139720
All Pools,CC - AVAX,,false,342.62,685.72,0.34281,18.25,1783139720
All Pools,MORPHO - AVAX,,false,342.62,685.72,0.34281,18.25,1783139720
All Pools,XSTABLE - AVAX,,false,342.62,685.72,0.34281,18.25,1783139720
All Pools,BLIFE - AVAX,,false,342.62,685.72,0.34281,18.25,1783139720
All Pools,CICC - AVAX,,false,342.62,685.71,0.34281,18.25,1783139720
All Pools,LIQD - AVAX,,false,342.62,685.71,0.34281,18.25,1783139720
All Pools,SKULL - AVAX,,false,342.62,685.71,0.34281,18.25,1783139720
All Pools,METAKPK - AVAX,,false,342.62,685.71,0.34281,18.25,1783139720
All Pools,VITAFOXO - AVAX,,false,342.62,685.71,0.34281,18.25,1783139720
All Pools,FTM - AVAX,,false,342.62,685.71,0.34281,18.25,1783139720
All Pools,GEC - AVAX,,false,342.61,-2.535,0.3428,-4936.37,1783139720
All Pools,MULTI - AVAX,,false,342.61,685.7,0.3428,18.25,1783139720
All Pools,PEEPA - AVAX,,false,342.61,685.7,0.3428,18.25,1783139720
All Pools,BOBO - AVAX,,false,342.61,685.7,0.3428,18.25,1783139720
All Pools,MAPE - AVAX,,false,342.61,685.7,0.3428,18.25,1783139720
All Pools,HWL - AVAX,,false,342.61,685.7,0.3428,18.25,1783139720
All Pools,SSUI - AVAX,,false,342.61,685.68,0.34279,18.25,1783139720
All Pools,ING - AVAX,,false,342.61,685.68,0.34279,18.25,1783139720
All Pools,MUFFIN - AVAX,,false,342.61,685.68,0.34279,18.25,1783139720
All Pools,DRIP - AVAX,,false,342.61,685.68,0.34279,18.25,1783139720
All Pools,ULAB - AVAX,,false,342.61,685.68,0.34279,18.25,1783139720
All Pools,XBTC - AVAX,,false,342.59,685.65,0.34278,18.25,1783139720
All Pools,SCRX - AVAX,,false,342.59,685.65,0.34278,18.25,1783139720
All Pools,AXPX - AVAX,,false,342.59,-2.557,0.34278,-4893.47,1783139720
All Pools,PUSDC.E - AVAX,,false,342.59,685.65,0.34278,18.25,1783139720
All Pools,JACK - AVAX,,false,342.59,685.65,0.34278,18.25,1783139720
All Pools,FONQ - AVAX,,false,342.59,-2.557,0.34278,-4893.47,1783139720
All Pools,AEDZ - AVAX,,false,342.59,685.65,0.34278,18.25,1783139720
All Pools,ACHF - AVAX,,false,342.56,685.59,0.34275,18.25,1783139720
All Pools,GOAI - AVAX,,false,342.56,685.59,0.34275,18.25,1783139720
All Pools,ESPRF - AVAX,,false,342.56,685.59,0.34275,18.25,1783139720
All Pools,MODEX - AVAX,,false,342.56,685.59,0.34275,18.25,1783139720
All Pools,HOBBES - AVAX,,false,342.56,685.59,0.34275,18.25,1783139720
All Pools,SOLX - AVAX,,false,342.56,685.59,0.34275,18.25,1783139720
All Pools,SFL - AVAX,,false,342.56,685.59,0.34275,18.25,1783139720
All Pools,TAVA - AVAX,,false,342.56,685.59,0.34275,18.25,1783139720
All Pools,TSAT - AVAX,,false,342.56,685.58,0.34274,18.25,1783139720
All Pools,UTT - AVAX,,false,342.56,685.58,0.34274,18.25,1783139720
All Pools,ZOO - AVAX,,false,342.55,685.58,0.34274,18.25,1783139720
All Pools,THG - AVAX,,false,342.55,685.58,0.34274,18.25,1783139720
All Pools,WFO - AVAX,,false,342.55,-2.593,0.34274,-4823.64,1783139720
All Pools,PUSD - AVAX,,false,342.55,685.58,0.34274,18.25,1783139720
All Pools,ATTRA - AVAX,,false,342.55,685.58,0.34274,18.25,1783139720
All Pools,LEGLD - AVAX,,false,342.55,685.58,0.34274,18.25,1783139720
All Pools,PROOF - AVAX,,false,342.52,685.52,0.34271,18.25,1783139720
All Pools,MFARM - AVAX,,false,342.52,685.52,0.34271,18.25,1783139720
All Pools,FPT - AVAX,,false,342.52,685.52,0.34271,18.25,1783139720
All Pools,HOPPY - AVAX,,false,342.52,685.51,0.34271,18.25,1783139720
All Pools,HYPE - AVAX,,false,342.52,685.51,0.34271,18.25,1783139720
All Pools,RBL - AVAX,,false,342.52,685.51,0.34271,18.25,1783139720
All Pools,TIME - AVAX,,false,342.52,685.51,0.34271,18.25,1783139720
All Pools,DX - AVAX,,false,342.52,685.51,0.34271,18.25,1783139720
All Pools,EXIT - AVAX,,false,342.52,685.51,0.34271,18.25,1783139720
All Pools,COST.D - AVAX,,false,342.52,685.51,0.34271,18.25,1783139720
All Pools,EDC - AVAX,,false,342.52,685.51,0.34271,18.25,1783139720
All Pools,LASAGNA - AVAX,,false,342.52,685.51,0.34271,18.25,1783139720
All Pools,QJUNO - AVAX,,false,342.51,685.49,0.34269,18.25,1783139720
All Pools,ASET - AVAX,,false,342.51,685.49,0.34269,18.25,1783139720
All Pools,WGOOGLX - AVAX,,false,342.51,685.49,0.34269,18.25,1783139720
All Pools,AGT - AVAX,,false,342.51,685.49,0.34269,18.25,1783139720
All Pools,WHONX - AVAX,,false,342.51,685.49,0.34269,18.25,1783139720
All Pools,BITB.D - AVAX,,false,342.51,685.49,0.34269,18.25,1783139720
All Pools,DBD - AVAX,,false,342.49,685.46,0.34268,18.25,1783139720
All Pools,IOWBTC - AVAX,,false,342.49,685.46,0.34268,18.25,1783139720
All Pools,L3USD - AVAX,,false,342.49,685.46,0.34268,18.25,1783139720
All Pools,WILC - AVAX,,false,342.49,685.46,0.34268,18.25,1783139720
All Pools,METAN - AVAX,,false,342.47,685.42,0.34266,18.25,1783139720
All Pools,PC0000061 - AVAX,,false,342.47,685.42,0.34266,18.25,1783139720
All Pools,CLAY - AVAX,,false,342.47,685.42,0.34266,18.25,1783139720
All Pools,ETHV - AVAX,,false,342.47,685.42,0.34266,18.25,1783139720
All Pools,SOLZILLA - AVAX,,false,342.47,685.42,0.34266,18.25,1783139720
All Pools,LYK - AVAX,,false,342.47,685.42,0.34266,18.25,1783139720
All Pools,PLD - AVAX,,false,342.47,685.41,0.34266,18.25,1783139720
All Pools,STREAM - AVAX,,false,342.47,685.41,0.34266,18.25,1783139720
All Pools,ZERO - AVAX,,false,342.47,685.41,0.34266,18.25,1783139720
All Pools,T5PT - AVAX,,false,342.47,685.41,0.34266,18.25,1783139720
All Pools,BOBO - AVAX,,false,342.47,685.41,0.34266,18.25,1783139720
All Pools,SCHRDNGR - AVAX,,false,342.47,685.41,0.34266,18.25,1783139720
All Pools,KNET - AVAX,,false,342.46,-2.681,0.34265,-4664.37,1783139720
All Pools,TIPS - AVAX,,false,342.46,685.4,0.34265,18.25,1783139720
All Pools,PUSD - AVAX,,false,342.46,685.4,0.34265,18.25,1783139720
All Pools,EV - AVAX,,false,342.46,685.4,0.34265,18.25,1783139720
All Pools,GCZ - AVAX,,false,342.46,685.4,0.34265,18.25,1783139720
All Pools,CDT - AVAX,,false,342.46,685.4,0.34265,18.25,1783139720
All Pools,GHOST - AVAX,,false,342.46,685.39,0.34265,18.25,1783139720
All Pools,MIMATIC - AVAX,,false,342.45,685.38,0.34264,18.25,1783139720
All Pools,ENVI - AVAX,,false,342.45,685.38,0.34264,18.25,1783139720
All Pools,COPX - AVAX,,false,342.45,685.37,0.34264,18.25,1783139720
All Pools,NGY - AVAX,,false,342.45,685.37,0.34264,18.25,1783139720
All Pools,SMARS - AVAX,,false,342.45,-2.696,0.34264,-4638.29,1783139720
All Pools,HPO - AVAX,,false,342.45,685.37,0.34264,18.25,1783139720
All Pools,BHO - AVAX,,false,342.45,685.37,0.34264,18.25,1783139720
All Pools,BUND - AVAX,,false,342.45,685.37,0.34264,18.25,1783139720
All Pools,STACKS - AVAX,,false,342.45,685.37,0.34264,18.25,1783139720
All Pools,CTM - AVAX,,false,342.45,685.37,0.34264,18.25,1783139720
All Pools,MTG - AVAX,,false,342.45,685.37,0.34264,18.25,1783139720
All Pools,BRICKS - AVAX,,false,342.45,685.37,0.34264,18.25,1783139720
All Pools,FCP - AVAX,,false,342.45,-2.698,0.34264,-4635.63,1783139720
All Pools,XCV - AVAX,,false,342.45,-2.698,0.34264,-4635.63,1783139720
All Pools,MCEUR - AVAX,,false,342.44,685.35,0.34263,18.25,1783139720
All Pools,BTSLA - AVAX,,false,342.44,685.35,0.34263,18.25,1783139720
All Pools,FOCAI - AVAX,,false,342.44,685.35,0.34263,18.25,1783139720
All Pools,YLDY - AVAX,,false,342.44,685.35,0.34263,18.25,1783139720
All Pools,JQ - AVAX,,false,342.44,685.35,0.34263,18.25,1783139720
All Pools,MSS - AVAX,,false,342.44,685.35,0.34263,18.25,1783139720
All Pools,GMFAM - AVAX,,false,342.43,685.33,0.34262,18.25,1783139720
All Pools,DQUICK - AVAX,,false,342.43,685.33,0.34262,18.25,1783139720
All Pools,FRIC - AVAX,,false,342.43,685.33,0.34262,18.25,1783139720
All Pools,BUNI - AVAX,,false,342.43,685.33,0.34262,18.25,1783139720
All Pools,BLEO - AVAX,,false,342.43,685.33,0.34262,18.25,1783139720
All Pools,PARTY - AVAX,,false,342.43,685.33,0.34262,18.25,1783139720
All Pools,TBILL - AVAX,,false,342.43,685.32,0.34261,18.25,1783139720
All Pools,AAMMUNIMKRWETH - AVAX,,false,342.43,685.32,0.34261,18.25,1783139720
All Pools,BLOCK - AVAX,,false,342.43,685.32,0.34261,18.25,1783139720
All Pools,AAMMUNISNXWETH - AVAX,,false,342.43,685.32,0.34261,18.25,1783139720
All Pools,KIMCHI - AVAX,,false,342.43,685.32,0.34261,18.25,1783139720
All Pools,CASH - AVAX,,false,342.43,685.32,0.34261,18.25,1783139720
All Pools,EDDY - AVAX,,false,342.42,685.32,0.34261,18.25,1783139720
All Pools,BABYBONK - AVAX,,false,342.42,685.32,0.34261,18.25,1783139720
All Pools,NTR - AVAX,,false,342.42,685.32,0.34261,18.25,1783139720
All Pools,USFR.D - AVAX,,false,342.42,685.32,0.34261,18.25,1783139720
All Pools,ODICTOKEN - AVAX,,false,342.42,685.32,0.34261,18.25,1783139720
All Pools,MON - AVAX,,false,342.42,685.32,0.34261,18.25,1783139720
All Pools,TBC - AVAX,,false,342.41,685.3,0.3426,18.25,1783139720
All Pools,PUFF - AVAX,,false,342.41,685.3,0.3426,18.25,1783139720
All Pools,PLB - AVAX,,false,342.41,685.3,0.3426,18.25,1783139720
All Pools,DMCC - AVAX,,false,342.41,685.3,0.3426,18.25,1783139720
All Pools,STRM - AVAX,,false,342.41,685.3,0.3426,18.25,1783139720
All Pools,KBOX - AVAX,,false,342.41,-2.733,0.3426,-4575.98,1783139720
All Pools,SOIL - AVAX,,false,342.41,685.3,0.3426,18.25,1783139720
All Pools,TEMCO - AVAX,,false,342.41,685.29,0.3426,18.25,1783139720
All Pools,DEGG - AVAX,,false,342.41,-2.738,0.3426,-4567.04,1783139720
All Pools,DCAI - AVAX,,false,342.41,685.29,0.3426,18.25,1783139720
All Pools,SHI3LD - AVAX,,false,342.41,685.29,0.3426,18.25,1783139720
All Pools,VBSWAP - AVAX,,false,342.41,685.29,0.3426,18.25,1783139720
All Pools,DBZ - AVAX,,false,342.41,685.29,0.3426,18.25,1783139720
All Pools,ERW - AVAX,,false,342.4,685.27,0.34259,18.25,1783139720
All Pools,HKC - AVAX,,false,342.4,685.27,0.34259,18.25,1783139720
All Pools,PLSX - AVAX,,false,342.4,-2.746,0.34259,-4553.96,1783139720
All Pools,ART - AVAX,,false,342.4,685.27,0.34259,18.25,1783139720
All Pools,CSTAR - AVAX,,false,342.4,685.27,0.34259,18.25,1783139720
All Pools,H2ON - AVAX,,false,342.4,685.27,0.34259,18.25,1783139720
All Pools,SIAM - AVAX,,false,342.4,685.27,0.34259,18.25,1783139720
All Pools,V - AVAX,,false,342.4,685.27,0.34259,18.25,1783139720
All Pools,BCA - AVAX,,false,342.4,685.27,0.34259,18.25,1783139720
All Pools,XMT - AVAX,,false,342.39,685.26,0.34258,18.25,1783139720
All Pools,CATGE - AVAX,,false,342.39,685.26,0.34258,18.25,1783139720
All Pools,STI - AVAX,,false,342.39,685.26,0.34258,18.25,1783139720
All Pools,HO - AVAX,,false,342.39,685.26,0.34258,18.25,1783139720
All Pools,GODZ - AVAX,,false,342.39,685.26,0.34258,18.25,1783139720
All Pools,WGC - AVAX,,false,342.39,685.26,0.34258,18.25,1783139720
All Pools,TTN - AVAX,,false,342.39,685.26,0.34258,18.25,1783139720
All Pools,AFNTY - AVAX,,false,342.39,685.26,0.34258,18.25,1783139720
All Pools,NETA - AVAX,,false,342.39,685.26,0.34258,18.25,1783139720
All Pools,ROG - AVAX,,false,342.39,-2.753,0.34258,-4542.61,1783139720
All Pools,SHL - AVAX,,false,342.39,685.26,0.34258,18.25,1783139720
All Pools,LOCUS - AVAX,,false,342.39,685.26,0.34258,18.25,1783139720
All Pools,SET - AVAX,,false,342.38,685.23,0.34257,18.25,1783139720
All Pools,HUNT - AVAX,,false,342.38,685.23,0.34257,18.25,1783139720
All Pools,ETH - AVAX,,false,342.38,-2.767,0.34257,-4518.75,1783139720
All Pools,VFX - AVAX,,false,342.38,685.23,0.34257,18.25,1783139720
All Pools,MMIP - AVAX,,false,342.38,685.23,0.34257,18.25,1783139720
All Pools,PE - AVAX,,false,342.38,685.23,0.34257,18.25,1783139720
All Pools,BRRR - AVAX,,false,342.38,685.22,0.34256,18.25,1783139720
All Pools,YOURMOM - AVAX,,false,342.38,685.22,0.34256,18.25,1783139720
All Pools,ARUSD - AVAX,,false,342.38,685.22,0.34256,18.25,1783139720
All Pools,EXAUSDC.E - AVAX,,false,342.38,685.22,0.34256,18.25,1783139720
All Pools,WWEMIX - AVAX,,false,342.38,-2.771,0.34256,-4512.47,1783139720
All Pools,EFT - AVAX,,false,342.38,685.22,0.34256,18.25,1783139720
All Pools,AMT - AVAX,,false,342.37,685.21,0.34256,18.25,1783139720
All Pools,TBCC - AVAX,,false,342.37,685.21,0.34256,18.25,1783139720
All Pools,DROID - AVAX,,false,342.37,685.21,0.34256,18.25,1783139720
All Pools,CTUSD - AVAX,,false,342.37,685.21,0.34256,18.25,1783139720
All Pools,STEP - AVAX,,false,342.37,685.21,0.34256,18.25,1783139720
All Pools,TKC - AVAX,,false,342.37,685.21,0.34256,18.25,1783139720
All Pools,JUSD - AVAX,,false,342.37,685.21,0.34256,18.25,1783139720
All Pools,CCFI - AVAX,,false,342.37,685.21,0.34256,18.25,1783139720
All Pools,BEZO - AVAX,,false,342.37,685.21,0.34256,18.25,1783139720
All Pools,IBETH - AVAX,,false,342.37,685.21,0.34256,18.25,1783139720
All Pools,QWLA - AVAX,,false,342.37,685.21,0.34256,18.25,1783139720
All Pools,CHAT - AVAX,,false,342.37,685.21,0.34256,18.25,1783139720
All Pools,MOON - AVAX,,false,342.37,685.21,0.34256,18.25,1783139720
All Pools,AMI - AVAX,,false,342.37,685.21,0.34256,18.25,1783139720
All Pools,AKTIO - AVAX,,false,342.36,685.2,0.34255,18.25,1783139720
All Pools,MEB - AVAX,,false,342.36,685.2,0.34255,18.25,1783139720
All Pools,ICSA - AVAX,,false,342.36,685.19,0.34255,18.25,1783139720
All Pools,BET - AVAX,,false,342.36,685.19,0.34255,18.25,1783139720
All Pools,BRG - AVAX,,false,342.36,685.19,0.34255,18.25,1783139720
All Pools,HARE - AVAX,,false,342.36,685.19,0.34255,18.25,1783139720
All Pools,USDW - AVAX,,false,342.36,685.19,0.34255,18.25,1783139720
All Pools,STOMB - AVAX,,false,342.36,685.19,0.34255,18.25,1783139720
All Pools,BMSFT - AVAX,,false,342.36,685.19,0.34255,18.25,1783139720
All Pools,ANIMA - AVAX,,false,342.33,685.12,0.34251,18.25,1783139720
All Pools,XETH - AVAX,,false,342.33,685.12,0.34251,18.25,1783139720
All Pools,LFIT - AVAX,,false,342.33,685.12,0.34251,18.25,1783139720
All Pools,GNFT - AVAX,,false,342.33,685.12,0.34251,18.25,1783139720
All Pools,WMEMO - AVAX,,false,342.33,685.12,0.34251,18.25,1783139720
All Pools,HAUST - AVAX,,false,342.33,685.12,0.34251,18.25,1783139720
All Pools,SHARP - AVAX,,false,342.32,685.11,0.34251,18.25,1783139720
All Pools,NEXT - AVAX,,false,342.32,-2.825,0.34251,-4425,1783139720
All Pools,VRT - AVAX,,false,342.32,685.11,0.34251,18.25,1783139720
All Pools,LAND - AVAX,,false,342.32,685.11,0.34251,18.25,1783139720
All Pools,VFX - AVAX,,false,342.32,685.11,0.34251,18.25,1783139720
All Pools,SSU - AVAX,,false,342.32,685.11,0.34251,18.25,1783139720
All Pools,HMKR - AVAX,,false,342.31,685.09,0.3425,18.25,1783139720
All Pools,LSULP - AVAX,,false,342.31,685.09,0.3425,18.25,1783139720
All Pools,TUK - AVAX,,false,342.31,685.09,0.3425,18.25,1783139720
All Pools,CWT - AVAX,,false,342.31,685.09,0.3425,18.25,1783139720
All Pools,REAL - AVAX,,false,342.31,685.09,0.3425,18.25,1783139720
All Pools,CRAZYBUNNY - AVAX,,false,342.31,685.09,0.3425,18.25,1783139720
All Pools,T1MT - AVAX,,false,342.3,685.07,0.34249,18.25,1783139720
All Pools,IFLUX - AVAX,,false,342.3,685.07,0.34249,18.25,1783139720
All Pools,FFE - AVAX,,false,342.3,685.07,0.34249,18.25,1783139720
All Pools,CC - AVAX,,false,342.3,685.07,0.34249,18.25,1783139720
All Pools,KILT - AVAX,,false,342.3,685.07,0.34249,18.25,1783139720
All Pools,$BUD - AVAX,,false,342.3,685.07,0.34249,18.25,1783139720
All Pools,THUSD - AVAX,,false,342.3,685.07,0.34249,18.25,1783139720
All Pools,PRO - AVAX,,false,342.3,685.07,0.34249,18.25,1783139720
All Pools,ARC - AVAX,,false,342.3,685.07,0.34249,18.25,1783139720
All Pools,PORNROCKET - AVAX,,false,342.3,685.07,0.34249,18.25,1783139720
All Pools,ARKY - AVAX,,false,342.3,685.07,0.34249,18.25,1783139720
All Pools,FIST - AVAX,,false,342.3,685.06,0.34248,18.25,1783139720
All Pools,EUSX - AVAX,,false,342.3,685.06,0.34248,18.25,1783139720
All Pools,MELD - AVAX,,false,342.3,685.06,0.34248,18.25,1783139720
All Pools,SSS - AVAX,,false,342.3,685.06,0.34248,18.25,1783139720
All Pools,PLUMS - AVAX,,false,342.3,685.06,0.34248,18.25,1783139720
All Pools,SIGRSV - AVAX,,false,342.3,685.06,0.34248,18.25,1783139720
All Pools,BRCA - AVAX,,false,342.29,685.05,0.34248,18.25,1783139720
All Pools,VLTC - AVAX,,false,342.29,685.05,0.34248,18.25,1783139720
All Pools,TOTEM - AVAX,,false,342.29,685.05,0.34248,18.25,1783139720
All Pools,COREUM - AVAX,,false,342.29,685.05,0.34248,18.25,1783139720
All Pools,TAT - AVAX,,false,342.29,685.05,0.34248,18.25,1783139720
All Pools,TRIP - AVAX,,false,342.29,685.05,0.34248,18.25,1783139720
All Pools,NEX - AVAX,,false,342.29,685.05,0.34248,18.25,1783139720
All Pools,TOKAU - AVAX,,false,342.29,685.05,0.34248,18.25,1783139720
All Pools,LATOM - AVAX,,false,342.29,685.05,0.34248,18.25,1783139720
All Pools,LORE - AVAX,,false,342.29,685.05,0.34248,18.25,1783139720
All Pools,SOLAREUM - AVAX,,false,342.28,685.04,0.34247,18.25,1783139720
All Pools,MRS - AVAX,,false,342.28,685.04,0.34247,18.25,1783139720
All Pools,INVAAI - AVAX,,false,342.28,685.04,0.34247,18.25,1783139720
All Pools,VBTC - AVAX,,false,342.28,685.04,0.34247,18.25,1783139720
All Pools,BODAV2 - AVAX,,false,342.28,685.04,0.34247,18.25,1783139720
All Pools,MRC - AVAX,,false,342.28,685.04,0.34247,18.25,1783139720
All Pools,MEEB - AVAX,,false,342.28,685.03,0.34247,18.25,1783139720
All Pools,TOTT - AVAX,,false,342.27,685.02,0.34246,18.25,1783139720
All Pools,WASD - AVAX,,false,342.27,685.02,0.34246,18.25,1783139720
All Pools,DXL - AVAX,,false,342.27,685.02,0.34246,18.25,1783139720
All Pools,LUSD - AVAX,,false,342.27,685.02,0.34246,18.25,1783139720
All Pools,AETHR - AVAX,,false,342.27,685.02,0.34246,18.25,1783139720
All Pools,GM - AVAX,,false,342.27,685.02,0.34246,18.25,1783139720
All Pools,WATT - AVAX,,false,342.27,685.01,0.34246,18.25,1783139720
All Pools,$5SCAPE - AVAX,,false,342.25,684.97,0.34244,18.25,1783139720
All Pools,VENOM - AVAX,,false,342.25,684.97,0.34244,18.25,1783139720
All Pools,AID - AVAX,,false,342.25,684.97,0.34244,18.25,1783139720
All Pools,VBCH - AVAX,,false,342.25,684.97,0.34244,18.25,1783139720
All Pools,BMX - AVAX,,false,342.25,684.97,0.34244,18.25,1783139720
All Pools,WMN - AVAX,,false,342.25,684.97,0.34244,18.25,1783139720
All Pools,PAN - AVAX,,false,342.24,684.95,0.34243,18.25,1783139720
All Pools,IXAD - AVAX,,false,342.24,-2.908,0.34243,-4298.35,1783139720
All Pools,ERO.D - AVAX,,false,342.24,684.95,0.34243,18.25,1783139720
All Pools,DUOLX - AVAX,,false,342.24,684.95,0.34243,18.25,1783139720
All Pools,FLAP - AVAX,,false,342.24,684.95,0.34243,18.25,1783139720
All Pools,ALIGN - AVAX,,false,342.24,-2.908,0.34243,-4298.35,1783139720
All Pools,GRANT - AVAX,,false,342.24,-2.91,0.34242,-4295.37,1783139720
All Pools,TCL - AVAX,,false,342.24,684.95,0.34242,18.25,1783139720
All Pools,GPTPLUS - AVAX,,false,342.24,684.94,0.34242,18.25,1783139720
All Pools,BABYBOME - AVAX,,false,342.24,684.94,0.34242,18.25,1783139720
All Pools,TURBO - AVAX,,false,342.24,684.94,0.34242,18.25,1783139720
All Pools,COPYCAT - AVAX,,false,342.24,684.94,0.34242,18.25,1783139720
All Pools,NERO - AVAX,,false,342.24,684.94,0.34242,18.25,1783139720
All Pools,FUACK - AVAX,,false,342.24,684.94,0.34242,18.25,1783139720
All Pools,TOMOE - AVAX,,false,342.24,-2.911,0.34242,-4294.05,1783139720
All Pools,ZED - AVAX,,false,342.24,-2.911,0.34242,-4294.05,1783139720
All Pools,THE - AVAX,,false,342.24,684.94,0.34242,18.25,1783139720
All Pools,GOB - AVAX,,false,342.24,684.94,0.34242,18.25,1783139720
All Pools,DC - AVAX,,false,342.24,684.94,0.34242,18.25,1783139720
All Pools,BMSTR - AVAX,,false,342.24,684.94,0.34242,18.25,1783139720
All Pools,OOJU - AVAX,,false,342.24,684.94,0.34242,18.25,1783139720
All Pools,@G - AVAX,,false,342.24,684.94,0.34242,18.25,1783139720
All Pools,T3CRV - AVAX,,false,342.23,684.93,0.34242,18.25,1783139720
All Pools,BLACK - AVAX,,false,342.23,684.93,0.34242,18.25,1783139720
All Pools,COLLECT - AVAX,,false,342.22,684.92,0.34241,18.25,1783139720
All Pools,BABYTOMCAT - AVAX,,false,342.22,684.91,0.34241,18.25,1783139720
All Pools,CONX - AVAX,,false,342.22,684.91,0.34241,18.25,1783139720
All Pools,AAMMUNIAAVEWETH - AVAX,,false,342.22,684.91,0.34241,18.25,1783139720
All Pools,LPL - AVAX,,false,342.22,684.91,0.34241,18.25,1783139720
All Pools,BESA - AVAX,,false,342.22,684.91,0.34241,18.25,1783139720
All Pools,AMINO - AVAX,,false,342.22,684.91,0.34241,18.25,1783139720
All Pools,BOGE - AVAX,,false,342.21,684.9,0.3424,18.25,1783139720
All Pools,FLOOP - AVAX,,false,342.21,684.9,0.3424,18.25,1783139720
All Pools,LFNTY - AVAX,,false,342.21,684.9,0.3424,18.25,1783139720
All Pools,AURUM - AVAX,,false,342.21,684.9,0.3424,18.25,1783139720
All Pools,ZENC - AVAX,,false,342.21,684.9,0.3424,18.25,1783139720
All Pools,BLUE - AVAX,,false,342.21,684.9,0.3424,18.25,1783139720
All Pools,SUSD - AVAX,,false,342.21,684.88,0.34239,18.25,1783139720
All Pools,ECP - AVAX,,false,342.21,684.88,0.34239,18.25,1783139720
All Pools,IETHV2 - AVAX,,false,342.21,684.88,0.34239,18.25,1783139720
All Pools,GCME - AVAX,,false,342.21,684.88,0.34239,18.25,1783139720
All Pools,GLE - AVAX,,false,342.21,684.88,0.34239,18.25,1783139720
All Pools,BALA - AVAX,,false,342.21,684.88,0.34239,18.25,1783139720
All Pools,LIMITIESS - AVAX,,false,342.21,684.88,0.34239,18.25,1783139720
All Pools,USDM - AVAX,,false,342.2,684.87,0.34239,18.25,1783139720
All Pools,STONE - AVAX,,false,342.2,684.87,0.34239,18.25,1783139720
All Pools,MAGIC - AVAX,,false,342.19,684.85,0.34238,18.25,1783139720
All Pools,AMC.D - AVAX,,false,342.19,-2.957,0.34238,-4226.55,1783139720
All Pools,GECKO - AVAX,,false,342.19,684.85,0.34238,18.25,1783139720
All Pools,BBADGER - AVAX,,false,342.19,684.85,0.34238,18.25,1783139720
All Pools,CAPY - AVAX,,false,342.19,684.85,0.34238,18.25,1783139720
All Pools,LYD - AVAX,,false,342.16,684.79,0.34235,18.25,1783139720
All Pools,PINK - AVAX,,false,342.16,684.79,0.34235,18.25,1783139720
All Pools,DOJO - AVAX,,false,342.16,684.79,0.34235,18.25,1783139720
All Pools,PLEB - AVAX,,false,342.16,684.79,0.34235,18.25,1783139720
All Pools,SPY - AVAX,,false,342.16,684.79,0.34235,18.25,1783139720
All Pools,PKN - AVAX,,false,342.16,684.79,0.34235,18.25,1783139720
All Pools,ANARCHY - AVAX,,false,342.16,684.79,0.34235,18.25,1783139720
All Pools,DUBBZ - AVAX,,false,342.15,684.78,0.34234,18.25,1783139720
All Pools,XVG - AVAX,,false,342.15,684.78,0.34234,18.25,1783139720
All Pools,KYROS - AVAX,,false,342.15,684.78,0.34234,18.25,1783139720
All Pools,GDT - AVAX,,false,342.15,684.78,0.34234,18.25,1783139720
All Pools,XRPC - AVAX,,false,342.15,684.78,0.34234,18.25,1783139720
All Pools,YVRAI - AVAX,,false,342.15,684.78,0.34234,18.25,1783139720
All Pools,TAO - AVAX,,false,342.15,689.29,0.34234,18.13,1783139720
All Pools,KOJI - AVAX,,false,342.14,684.76,0.34233,18.25,1783139720
All Pools,IVIP - AVAX,,false,342.14,684.76,0.34233,18.25,1783139720
All Pools,NUTS - AVAX,,false,342.14,684.76,0.34233,18.25,1783139720
All Pools,MOETH - AVAX,,false,342.14,684.74,0.34232,18.25,1783139720
All Pools,ARBI - AVAX,,false,342.14,684.74,0.34232,18.25,1783139720
All Pools,LABI - AVAX,,false,342.13,-3.013,0.34232,-4147.42,1783139720
All Pools,DFSM - AVAX,,false,342.13,684.74,0.34232,18.25,1783139720
All Pools,ICPX - AVAX,,false,342.13,684.74,0.34232,18.25,1783139720
All Pools,GERO - AVAX,,false,342.13,684.74,0.34232,18.25,1783139720
All Pools,RTK - AVAX,,false,342.13,684.74,0.34232,18.25,1783139720
All Pools,LEAF - AVAX,,false,342.13,684.74,0.34232,18.25,1783139720
All Pools,WBS - AVAX,,false,342.13,684.74,0.34232,18.25,1783139720
All Pools,AEVUM - AVAX,,false,342.12,684.71,0.34231,18.25,1783139720
All Pools,AXIS - AVAX,,false,342.12,684.71,0.34231,18.25,1783139720
All Pools,BABYPEIPEI - AVAX,,false,342.12,684.71,0.34231,18.25,1783139720
All Pools,NUNA - AVAX,,false,342.12,684.71,0.34231,18.25,1783139720
All Pools,PILT - AVAX,,false,342.12,684.71,0.34231,18.25,1783139720
All Pools,MBTC - AVAX,,false,342.12,684.71,0.34231,18.25,1783139720
All Pools,CHONKY - AVAX,,false,342.12,684.7,0.3423,18.25,1783139720
All Pools,ACP - AVAX,,false,342.12,684.7,0.3423,18.25,1783139720
All Pools,FTON - AVAX,,false,342.12,684.7,0.3423,18.25,1783139720
All Pools,BERO - AVAX,,false,342.12,684.7,0.3423,18.25,1783139720
All Pools,WX - AVAX,,false,342.12,684.7,0.3423,18.25,1783139720
All Pools,CIP - AVAX,,false,342.12,684.7,0.3423,18.25,1783139720
All Pools,APE - AVAX,,false,342.11,684.7,0.3423,18.25,1783139720
All Pools,TLF - AVAX,,false,342.11,684.7,0.3423,18.25,1783139720
All Pools,LOCKS - AVAX,,false,342.11,684.7,0.3423,18.25,1783139720
All Pools,ONE - AVAX,,false,342.11,684.7,0.3423,18.25,1783139720
All Pools,SCALE - AVAX,,false,342.11,684.7,0.3423,18.25,1783139720
All Pools,PUZZLE - AVAX,,false,342.11,684.7,0.3423,18.25,1783139720
All Pools,AVAXAI - AVAX,,false,342.11,684.7,0.3423,18.25,1783139720
All Pools,F3 - AVAX,,false,342.11,684.7,0.3423,18.25,1783139720
All Pools,KLC - AVAX,,false,342.11,684.7,0.3423,18.25,1783139720
All Pools,LGNS - AVAX,,false,342.11,684.7,0.3423,18.25,1783139720
All Pools,CTCP - AVAX,,false,342.11,684.7,0.3423,18.25,1783139720
All Pools,MCO2 - AVAX,,false,342.11,684.7,0.3423,18.25,1783139720
All Pools,TWD - AVAX,,false,342.11,684.7,0.3423,18.25,1783139720
All Pools,SAFE - AVAX,,false,342.1,684.67,0.34229,18.25,1783139720
All Pools,T9INCH - AVAX,,false,342.1,684.67,0.34229,18.25,1783139720
All Pools,SNPT - AVAX,,false,342.1,684.67,0.34229,18.25,1783139720
All Pools,GNX - AVAX,,false,342.1,684.67,0.34229,18.25,1783139720
All Pools,AVAX - ALVA,,false,325.28,929.54,0.8132,31.93,1783139720
All Pools,HUSKY - AVAX,,false,290.09,2474.33,0.72524,10.7,1783139720
All Pools,KLO - AVAX,,false,268.5,12316,0.67126,1.99,1783139720
All Pools,GGP - AVAX,,false,255.08,35685,0.6377,0.65,1783139720
All Pools,AVAX - JUICY,,false,254.54,3522.21,0.63635,6.59,1783139720
All Pools,AVAX - XAVA,,false,222.59,13576,0.55646,1.5,1783139720
All Pools,HERESY - AVAX,,false,220.19,14061,0.55048,1.43,1783139720
All Pools,MAI - AVAX,,false,215.76,1625.91,0.5394,12.11,1783139720
All Pools,WETH.e - USDC.e,,false,186.67,10716,0.46669,1.59,1783139720
All Pools,SB - AVAX,,false,149.48,6531.36,0.37369,2.09,1783139720
All Pools,AI - AVAX,,false,142.99,3151.37,0.35749,4.14,1783139720
All Pools,gOHM - AVAX,,false,129.28,125919,0.32319,0.09,1783139720
All Pools,MIM - SB,,false,116.37,2362.75,0.29092,4.49,1783139720
All Pools,Balln - AVAX,,false,111.29,4031.28,0.27823,2.52,1783139720
All Pools,MIM - USDT.e,,false,107.31,1515.65,0.26828,6.46,1783139720
All Pools,w3ULL - AVAX,,false,100.68,51876,0.25169,0.18,1783139720
All Pools,MONEY - AVAX,,false,89.43,477.11,0.22358,17.1,1783139720
All Pools,ALOT - AVAX,,false,78.74,10552,0.19685,0.68,1783139720
All Pools,AVAX - JUICE,,false,64.81,9821.57,0.16201,0.6,1783139720
All Pools,UST - AVAX,,false,60.75,6121,0.15188,0.91,1783139720
All Pools,APIX - USDt,,false,58.14,6137.97,0.14536,0.86,1783139720
All Pools,AVAX - GEC,,false,53.72,28281,0.13429,0.17,1783139720
All Pools,MIM - USDC.e,,false,49.2,771.48,0.12299,5.82,1783139720
All Pools,OSAK - AVAX,,false,43.24,3494.22,0.10811,1.13,1783139720
All Pools,AVAX - AMI,,false,38.51,366.71,0.09628,9.58,1783139720
All Pools,FLD - AVAX,,false,35.83,36786,0.08957,0.09,1783139720
All Pools,ROY - AVAX,,false,35.66,4179.36,0.08915,0.78,1783139720
All Pools,APIX - USDC,,false,35.2,3066.96,0.088,1.05,1783139720
All Pools,AVAX - UST,,false,33.86,7167.75,0.08464,0.43,1783139720
All Pools,GMX - AVAX,,false,32.6,4030.63,0.08149,0.74,1783139720
All Pools,APIX - ID,,false,29.17,20437,0.07293,0.13,1783139720
All Pools,MIM - WETH.e,,false,28.59,489.88,0.07147,5.32,1783139720
All Pools,SWORLD - AVAX,,false,27.48,2136.39,0.0687,1.17,1783139720
All Pools,PNG - AVAX,,false,26.91,854.89,0.06727,2.87,1783139720
All Pools,MAJIN - AVAX,,false,26.75,3123.51,0.06689,0.78,1783139720
All Pools,USDt - ncash,,false,26.48,1034.79,0.06619,2.33,1783139720
All Pools,gOHM - FRAX,,false,26.14,3468.43,0.06535,0.69,1783139720
All Pools,AVAX - TOPIA,,false,24.79,1034.54,0.06197,2.19,1783139720
All Pools,BOI - AVAX,,false,24.73,42.24,0.06182,53.42,1783139720
All Pools,GENI - USDC,,false,23.6,1198.8,0.059,1.8,1783139720
All Pools,YAK - USDC.e,,false,23.09,206.53,0.05772,10.2,1783139720
All Pools,BLSEYE🎯 - AVAX,,false,20.16,4811.39,0.0504,0.38,1783139720
All Pools,APIX - ARENA,,false,18.91,1799.94,0.04728,0.96,1783139720
All Pools,GUN - BLSEYE🎯,,false,18.37,479.6,0.04592,3.49,1783139720
All Pools,YEEHAW - CHAMP,,false,18.07,980.79,0.04517,1.68,1783139720
All Pools,DPS - USDC,,false,17.18,1842.79,0.04295,0.85,1783139720
All Pools,BTC.b - TOPIA,,false,15.85,416.56,0.03963,3.47,1783139720
All Pools,HUSKY - JOE,,false,15.43,113.53,0.03858,12.4,1783139720
All Pools,USDC.e - sSB,,false,14.3,897.54,0.03574,1.45,1783139720
All Pools,GUN - AVAX,,false,13.97,213.25,0.03493,5.98,1783139720
All Pools,AVAX - aXEN,,false,13.32,185.01,0.0333,6.57,1783139720
All Pools,Psychic - AVAX,,false,13.19,932.78,0.03297,1.29,1783139720
All Pools,USDC.e - WMATIC,,false,13.14,16.51,0.03285,72.62,1783139720
All Pools,STG - USDC,,false,13.1,1296.09,0.03275,0.92,1783139720
All Pools,ABC - AVAX,,false,12.99,597.41,0.03247,1.98,1783139720
All Pools,DCAU - USDT.e,,false,12.35,5060.94,0.03088,0.22,1783139720
All Pools,Psychic - BLACK,,false,12.33,300.93,0.03083,3.74,1783139720
All Pools,SECOND - AVAX,,false,11.17,1493.07,0.02792,0.68,1783139720
All Pools,SECOND - USDC,,false,11.16,6981.19,0.02791,0.15,1783139720
All Pools,JEWEL - USDC,,false,11.12,3881.02,0.0278,0.26,1783139720
All Pools,RGOGLZ - USDC,,false,10.89,1364.81,0.02723,0.73,1783139720
All Pools,AVAX - TIME,,false,10.69,606.3,0.02673,1.61,1783139720
All Pools,WOLF - AVAX,,false,9.979,30370,0.02495,0.03,1783139720
All Pools,DCAU - AVAX,,false,9.947,1052.81,0.02487,0.86,1783139720
All Pools,STG - AVAX,,false,9.759,1119.07,0.0244,0.8,1783139720
All Pools,WOO.e - AVAX,,false,9.226,72.42,0.02307,11.62,1783139720
All Pools,LF - AVAX,,false,9.194,298.36,0.02298,2.81,1783139720
All Pools,MIM - LF,,false,9.129,406.12,0.02282,2.05,1783139720
All Pools,AVAX - FRAX,,false,9.083,719.71,0.02271,1.15,1783139720
All Pools,HEMIBTC - AVAX,,false,9.042,0.04024,0.0226,20503.65,1783139720
All Pools,USDt - USDT.e,,false,8.238,20390,0.0206,0.04,1783139720
All Pools,SPORE - USDC,,false,8.104,1439.92,0.02026,0.51,1783139720
All Pools,AVAX - XPOW,,false,7.816,1371,0.01954,0.52,1783139720
All Pools,HUSKY - AMI,,false,7.511,50.8,0.01878,13.49,1783139720
All Pools,SWOL - AVAX,,false,7.446,37.62,0.01862,18.06,1783139720
All Pools,yes - AVAX,,false,6.983,1115.82,0.01746,0.57,1783139720
All Pools,AVAX - PEFI,,false,6.982,3422.24,0.01745,0.19,1783139720
All Pools,BLSEYE🎯 - ARENA,,false,6.946,931.93,0.01737,0.68,1783139720
All Pools,UNIX - AVAX,,false,6.84,156.01,0.0171,4,1783139720
All Pools,FITFI - USDT.e,,false,6.71,177.84,0.01678,3.44,1783139720
All Pools,MYST - AVAX,,false,6.679,686.77,0.0167,0.89,1783139720
All Pools,sAVAX - AVAX,,false,6.574,182915,0.01644,0,1783139720
All Pools,USDC.e - MU,,false,6.541,13129,0.01635,0.05,1783139720
All Pools,DCAU - MIM,,false,5.865,114.31,0.01466,4.68,1783139720
All Pools,ABC - HOWDY,,false,5.845,518.06,0.01461,1.03,1783139720
All Pools,HOWDY - AVAX,,false,5.667,6790.08,0.01417,0.08,1783139720
All Pools,YOU - ORNG,,false,5.578,1413.02,0.01395,0.36,1783139720
All Pools,MIM - MU,,false,4.976,95.29,0.01244,4.76,1783139720
All Pools,ORNG - JUCI,,false,4.916,253.93,0.01229,1.77,1783139720
All Pools,USV - DAI.e,,false,4.683,4038.83,0.01171,0.11,1783139720
All Pools,HATCHY - AVAX,,false,4.649,7172.02,0.01162,0.06,1783139720
All Pools,Psychic - XAUt0,,false,4.611,6010.15,0.01153,0.07,1783139720
All Pools,MIM - SDOG,,false,4.503,92.64,0.01126,4.44,1783139720
All Pools,USDC - SDOG,,false,4.459,368.96,0.01115,1.1,1783139720
All Pools,MAI - TOMB,,false,4.457,132.04,0.01114,3.08,1783139720
All Pools,JOE - USDT,,false,4.394,303.12,0.01098,1.32,1783139720
All Pools,MIM - GG,,false,4.384,71.93,0.01096,5.56,1783139720
All Pools,SOL - USDC,,false,4.317,21.54,0.01079,18.28,1783139720
All Pools,USDC.e - WXT,,false,4.24,219.7,0.0106,1.76,1783139720
All Pools,ORNG - SAI,,false,4.149,110.86,0.01037,3.42,1783139720
All Pools,AVAX - mYAK,,false,4.047,48.18,0.01012,7.66,1783139720
All Pools,PNG - JOE,,false,4.001,126.91,0.01,2.88,1783139720
All Pools,AAVE.e - REDWOLF,,false,3.799,147.99,0.0095,2.34,1783139720
All Pools,AVAX - ELK,,false,3.708,1359.5,0.00927,0.25,1783139720
All Pools,MYST - USDC,,false,3.657,222.76,0.00914,1.5,1783139720
All Pools,MIM - PEFI,,false,3.629,68.69,0.00907,4.82,1783139720
All Pools,ORNG - FLUX,,false,3.543,108.07,0.00886,2.99,1783139720
All Pools,LINK.e - USDT.e,,false,3.366,218.47,0.00842,1.41,1783139720
All Pools,WORM - AVAX,,false,3.364,295.37,0.00841,1.04,1783139720
All Pools,Now - BLACK,,false,3.333,277.62,0.00833,1.1,1783139720
All Pools,3QF - D - AVAX,,false,3.268,1354.32,0.00817,0.22,1783139720
All Pools,3QF - D - WETH.e,,false,3.262,2391.21,0.00815,0.12,1783139720
All Pools,DPS - AVAX,,false,3.246,187.75,0.00811,1.58,1783139720
All Pools,REDWOLF - AVAX,,false,3.222,407.91,0.00806,0.72,1783139720
All Pools,TSD - AVAX,,false,3.203,186.09,0.00801,1.57,1783139720
All Pools,AVAX - AKITAX,,false,3.179,13.63,0.00795,21.28,1783139720
All Pools,AVAX - DOMI,,false,3.018,11396,0.00754,0.02,1783139720
All Pools,SWIFT - USDC.e,,false,2.892,476.71,0.00723,0.55,1783139720
All Pools,COQ - BLSEYE🎯,,false,2.886,156.92,0.00721,1.68,1783139720
All Pools,avUSD - sAVAX,,false,2.882,232.22,0.0072,1.13,1783139720
All Pools,SWIFT - WETH.e,,false,2.813,1255.14,0.00703,0.2,1783139720
All Pools,HEFE - AVAX,,false,2.752,26887,0.00688,0.01,1783139720
All Pools,UST - USDC.e,,false,2.747,682.6,0.00687,0.37,1783139720
All Pools,MIM - USDC,,false,2.705,29.75,0.00676,8.3,1783139720
All Pools,DUNKZ - AVAX,,false,2.688,378.79,0.00672,0.65,1783139720
All Pools,ORNG - MOOM,,false,2.685,196.36,0.00671,1.25,1783139720
All Pools,AVAX - Seventeen,,false,2.629,218.95,0.00657,1.1,1783139720
All Pools,XROSS - ORNG,,false,2.504,241.44,0.00626,0.95,1783139720
All Pools,ISA - USDC.e,,false,2.474,435.64,0.00619,0.52,1783139720
All Pools,miMatic - AVAX,,false,2.469,33.25,0.00617,6.78,1783139720
All Pools,DATCM - ORNG,,false,2.45,239.86,0.00613,0.93,1783139720
All Pools,SHRAP - DOMI,,false,2.406,173.13,0.00602,1.27,1783139720
All Pools,ISA - AVAX,,false,2.324,1135.55,0.00581,0.19,1783139720
All Pools,APIX - LAMBO,,false,2.295,418.88,0.00574,0.5,1783139720
All Pools,AVAX - NaughtiusMaximus,,false,2.234,355.34,0.00559,0.57,1783139720
All Pools,LINK.e - USDC.e,,false,2.144,181.6,0.00536,1.08,1783139720
All Pools,BEAM - AVAX,,false,2.069,373.98,0.00517,0.5,1783139720
All Pools,UST - USDC,,false,1.989,442.7,0.00497,0.41,1783139720
All Pools,ONDO - AVAX,,false,1.895,0.28696,0.00474,602.57,1783139720
All Pools,MIM - wsOHM,,false,1.826,181.22,0.00457,0.92,1783139720
All Pools,ETHM - AVAX,,false,1.807,25.94,0.00452,6.35,1783139720
All Pools,WETH - USDC.e,,false,1.752,196.44,0.00438,0.81,1783139720
All Pools,AVAX - SOCK,,false,1.716,2567.82,0.00429,0.06,1783139720
All Pools,USDC - SOCK,,false,1.706,432.59,0.00426,0.36,1783139720
All Pools,JOE - KRW,,false,1.681,161.1,0.0042,0.95,1783139720
All Pools,KRW - AVAX,,false,1.677,336.75,0.00419,0.45,1783139720
All Pools,HUSKY - MUG,,false,1.642,16.26,0.0041,9.21,1783139720
All Pools,TRESR - AVAX,,false,1.634,8361.82,0.00408,0.02,1783139720
All Pools,WETH.e - ONION,,false,1.621,227.31,0.00405,0.65,1783139720
All Pools,WBTC.e - USDT.e,,false,1.609,154.36,0.00402,0.95,1783139720
All Pools,GENI - AVAX,,false,1.57,52.51,0.00393,2.73,1783139720
All Pools,ZRO - AVAX,,false,1.49,142.09,0.00373,0.96,1783139720
All Pools,COQ - COQAI,,false,1.474,20355,0.00369,0.01,1783139720
All Pools,USDt - INFRA.e,,false,1.456,25073,0.00364,0.01,1783139720
All Pools,REDWOLF - USDC,,false,1.453,190.1,0.00363,0.7,1783139720
All Pools,USDT.e - ONION,,false,1.438,735.91,0.00359,0.18,1783139720
All Pools,KAIA - AVAX,,false,1.435,1.641,0.00359,79.8,1783139720
All Pools,APOW - AVAX,,false,1.4,651.47,0.0035,0.2,1783139720
All Pools,AVAX - APOW,,false,1.392,1475.23,0.00348,0.09,1783139720
All Pools,WETH.e - USDT.e,,false,1.367,145.78,0.00342,0.86,1783139720
All Pools,REDWOLF - WMATIC,,false,1.344,2.131,0.00336,57.54,1783139720
All Pools,APOW - XPOW,,false,1.315,400.25,0.00329,0.3,1783139720
All Pools,WETH.e - REDWOLF,,false,1.305,83.04,0.00326,1.43,1783139720
All Pools,JOE - EXP,,false,1.302,10898842,0.00325,0,1783139720
All Pools,TOMB - USDC,,false,1.246,10.39,0.00311,10.94,1783139720
All Pools,MAGICK - USDC,,false,1.241,217.1,0.0031,0.52,1783139720
All Pools,KIMBO - AVAX,,false,1.214,45515,0.00303,0,1783139720
All Pools,XAUt0 - NaughtiusMaximus,,false,1.191,924.43,0.00298,0.12,1783139720
All Pools,MIM - TIME,,false,1.178,27.05,0.00294,3.97,1783139720
All Pools,GURS - AVAX,,false,1.172,5880.51,0.00293,0.02,1783139720
All Pools,AVAX - USDT,,false,1.162,1815.11,0.0029,0.06,1783139720
All Pools,HOST - DAI.e,,false,1.155,2536.09,0.00289,0.04,1783139720
All Pools,AVAX - CLY,,false,1.138,23363,0.00285,0,1783139720
All Pools,USDT.e - CLY,,false,1.136,186.7,0.00284,0.56,1783139720
All Pools,Ush - AVAX,,false,1.13,2221.24,0.00283,0.05,1783139720
All Pools,MIM - DAI.e,,false,1.127,19.73,0.00282,5.22,1783139720
All Pools,MAGICK - AVAX,,false,1.106,278.64,0.00276,0.36,1783139720
All Pools,LUNA - USDC.e,,false,1.084,340.06,0.00271,0.29,1783139720
All Pools,SWIFT - AVAX,,false,1.074,238.05,0.00269,0.41,1783139720
All Pools,YUSD - AVAX,,false,1.068,119.9,0.00267,0.81,1783139720
All Pools,NaughtiusMaximus - Seventeen,,false,1.045,719.7,0.00261,0.13,1783139720
All Pools,EGG - AVAX,,false,1.033,17334,0.00258,0.01,1783139720
All Pools,STEAK - AVAX,,false,1.032,10412,0.00258,0.01,1783139720
All Pools,SPC - DAI.e,,false,1.024,20.48,0.00256,4.56,1783139720
All Pools,AMI - TOPIA,,false,1.011,144,0.00253,0.64,1783139720
All Pools,miMatic - USDC.e,,false,1.005,24.14,0.00251,3.8,1783139720
All Pools,NXPC - AVAX,,false,0.98467,1.055,0.00246,85.13,1783139720
All Pools,AVAX - FRAX,,false,0.94808,237.72,0.00237,0.36,1783139720
All Pools,USDC.e - AVVO,,false,0.91641,228.29,0.00229,0.37,1783139720
All Pools,DCAU - USDC,,false,0.90856,144.78,0.00227,0.57,1783139720
All Pools,UNI.e - REDWOLF,,false,0.89727,9.971,0.00224,8.21,1783139720
All Pools,ACS - AVAX,,false,0.89511,176.98,0.00224,0.46,1783139720
All Pools,BUD - USDC.e,,false,0.86541,226.36,0.00216,0.35,1783139720
All Pools,BNB - AVAX,,false,0.85189,2993.43,0.00213,0.03,1783139720
All Pools,BUD - AVAX,,false,0.84243,581.2,0.00211,0.13,1783139720
All Pools,Yule - XAUt0,,false,0.83402,62.43,0.00209,1.22,1783139720
All Pools,SMRTr - AVAX,,false,0.81638,27447,0.00204,0,1783139720
All Pools,BLSEYE🎯 - BEAM,,false,0.81113,273.87,0.00203,0.27,1783139720
All Pools,SMRTr - USDC.e,,false,0.79379,107.99,0.00198,0.67,1783139720
All Pools,Now - AVAX,,false,0.79299,204.01,0.00198,0.35,1783139720
All Pools,Yule - Seventeen,,false,0.78965,232.48,0.00197,0.31,1783139720
All Pools,USDC - aXEN,,false,0.78671,9.676,0.00197,7.42,1783139720
All Pools,FXS - AVAX,,false,0.7707,315.51,0.00193,0.22,1783139720
All Pools,GB - AVAX,,false,0.76904,1875.07,0.00192,0.04,1783139720
All Pools,gOHM - wsOHM,,false,0.75259,17.03,0.00188,4.03,1783139720
All Pools,wsOHM - USDC.e,,false,0.7525,18.34,0.00188,3.74,1783139720
All Pools,APOW - USDt,,false,0.75047,116.9,0.00188,0.59,1783139720
All Pools,USDC.e - ONION,,false,0.74514,367.74,0.00186,0.18,1783139720
All Pools,WBTC.e - ONION,,false,0.73471,347.18,0.00184,0.19,1783139720
All Pools,APOW - USDC,,false,0.73002,117.26,0.00183,0.57,1783139720
All Pools,AVAX - ARENA,,false,0.71312,61.35,0.00178,1.06,1783139720
All Pools,AVAX - MUG,,false,0.70066,265.66,0.00175,0.24,1783139720
All Pools,AVAX - ONION,,false,0.69616,151.67,0.00174,0.42,1783139720
All Pools,BLUB - AVAX,,false,0.68895,12714,0.00172,0,1783139720
All Pools,Val - AVAX,,false,0.66643,264.12,0.00167,0.23,1783139720
All Pools,DAI.e - ONION,,false,0.64328,330.71,0.00161,0.18,1783139720
All Pools,SYN - REDWOLF,,false,0.63353,7.281,0.00158,7.94,1783139720
All Pools,BANKSY - AVAX,,false,0.63187,148.94,0.00158,0.39,1783139720
All Pools,BANKSY - USDT.e,,false,0.63129,1534.31,0.00158,0.04,1783139720
All Pools,AVAX - AVVO,,false,0.62307,240.57,0.00156,0.24,1783139720
All Pools,MIM - FORT,,false,0.61389,2661.56,0.00153,0.02,1783139720
All Pools,AVAX - FORT,,false,0.6103,13.19,0.00153,4.22,1783139720
All Pools,DREGG - AVAX,,false,0.6099,151.5,0.00152,0.37,1783139720
All Pools,YEEHAW - BTC.b,,false,0.60971,48.95,0.00152,1.14,1783139720
All Pools,DREGG - USDT.e,,false,0.60869,515.66,0.00152,0.11,1783139720
All Pools,KIWI - AVAX,,false,0.59301,97.69,0.00148,0.55,1783139720
All Pools,KIWI - USDC,,false,0.59272,299.7,0.00148,0.18,1783139720
All Pools,Orange - Now,,false,0.59117,502.68,0.00148,0.11,1783139720
All Pools,Gravity - AVAX,,false,0.58158,255.73,0.00145,0.21,1783139720
All Pools,AVAX - MU,,false,0.57842,76.08,0.00145,0.69,1783139720
All Pools,USDC - SHRAP,,false,0.56654,23.36,0.00142,2.21,1783139720
All Pools,MIM - VOLT,,false,0.5608,14.34,0.0014,3.57,1783139720
All Pools,PTOP900 - TOPIA,,false,0.54968,76.89,0.00137,0.65,1783139720
All Pools,XAUt0 - Now,,false,0.54769,595.46,0.00137,0.08,1783139720
All Pools,AVAX - GG,,false,0.52523,5.33,0.00131,8.99,1783139720
All Pools,MIM - GRAPE,,false,0.49812,112.22,0.00125,0.41,1783139720
All Pools,STATIK - AVAX,,false,0.49768,31.87,0.00124,1.42,1783139720
All Pools,YEEHAW - TOPIA,,false,0.49056,102.17,0.00123,0.44,1783139720
All Pools,DAI.e - VOLT,,false,0.48525,41.1,0.00121,1.08,1783139720
All Pools,AVAX - SMRT,,false,0.48468,1753.89,0.00121,0.03,1783139720
All Pools,HOST - AVAX,,false,0.46751,92.34,0.00117,0.46,1783139720
All Pools,MIM - AUSD,,false,0.46333,10.97,0.00116,3.86,1783139720
All Pools,USDT.e - SMRT,,false,0.46106,91.74,0.00115,0.46,1783139720
All Pools,FITFI - AVAX,,false,0.45584,16.37,0.00114,2.54,1783139720
All Pools,APOW - AVAX,,false,0.45399,37.28,0.00113,1.11,1783139720
All Pools,AVAX - BLACK,,false,0.45321,3.835,0.00113,10.78,1783139720
All Pools,MIM - PAPA,,false,0.45125,66.13,0.00113,0.62,1783139720
All Pools,PAPA - AVAX,,false,0.44887,11.19,0.00112,3.66,1783139720
All Pools,WLRS - USDC.e,,false,0.43546,4115.2,0.00109,0.01,1783139720
All Pools,LUNA - USDC.e,,false,0.43537,681.93,0.00109,0.06,1783139720
All Pools,wsOHM - AVAX,,false,0.42964,8.356,0.00107,4.69,1783139720
All Pools,PTOP1100 - TOPIA,,false,0.42515,109.43,0.00106,0.35,1783139720
All Pools,Trinity - AVAX,,false,0.42337,777.99,0.00106,0.05,1783139720
All Pools,Orange - DivineFeminine,,false,0.41973,827.12,0.00105,0.05,1783139720
All Pools,YAK - SPORE,,false,0.41135,5.069,0.00103,7.4,1783139720
All Pools,LINDA - AVAX,,false,0.40797,1655.27,0.00102,0.02,1783139720
All Pools,WLRS - GRAPE,,false,0.40042,8.617,0.001,4.24,1783139720
All Pools,BOI - MU,,false,0.3953,0.74569,0,48.37,1783139720
All Pools,PTOP1300 - TOPIA,,false,0.39209,101.9,0,0.35,1783139720
All Pools,SYMBIOT - AVAX,,false,0.37969,78.23,0,0.44,1783139720
All Pools,AVAX - ZUBAX,,false,0.37934,95.85,0,0.36,1783139720
All Pools,SYMBIOT - DAI.e,,false,0.3754,450.63,0,0.08,1783139720
All Pools,sAVAX - COQ,,false,0.36954,65.51,0,0.51,1783139720
All Pools,WETH.e - SURE,,false,0.36323,830,0,0.04,1783139720
All Pools,AVAX - SWAP.e,,false,0.35644,21712,0,0,1783139720
All Pools,USDC - MXNB,,false,0.3524,28.68,0,1.12,1783139720
All Pools,UNIV - AVAX,,false,0.35189,6.388,0,5.03,1783139720
All Pools,SYN - USDC.e,,false,0.35133,3.648,0,8.79,1783139720
All Pools,AVAX - FTY,,false,0.34336,1.249,0,25.09,1783139720
All Pools,MAXI - DAI.e,,false,0.34217,227.59,0,0.14,1783139720
All Pools,SOL - AVAX,,false,0.33693,0.00172,0,17886.92,1783139720
All Pools,USDC - GAU,,false,0.33642,841.46,0,0.04,1783139720
All Pools,meGNX - AVAX,,false,0.33223,13.65,0,2.22,1783139720
All Pools,BRO - AVAX,,false,0.33144,106734,0,0,1783139720
All Pools,BRO - COQ,,false,0.33056,144.82,0,0.21,1783139720
All Pools,MIM - BLANC,,false,0.33056,1227.03,0,0.02,1783139720
All Pools,aDXN - aXEN,,false,0.33018,5.325,0,5.66,1783139720
All Pools,Orange - AVAX,,false,0.32953,66.32,0,0.45,1783139720
All Pools,KALM - AVAX,,false,0.32847,101.79,0,0.29,1783139720
All Pools,AVAX - BLANC,,false,0.32839,7.328,0,4.09,1783139720
All Pools,KALM - USDC,,false,0.3282,78.32,0,0.38,1783139720
All Pools,LINK.e - REDWOLF,,false,0.32673,70.51,0,0.42,1783139720
All Pools,TSD - WOLF,,false,0.31972,28.72,0,1.02,1783139720
All Pools,BTC.b - REDWOLF,,false,0.31848,99.43,0,0.29,1783139720
All Pools,gOHM - SB,,false,0.31725,17.25,0,1.68,1783139720
All Pools,WOLF - AVAX,,false,0.30809,48.52,0,0.58,1783139720
All Pools,GUN - AMI,,false,0.30034,9.34,0,2.93,1783139720
All Pools,Gladiator - USDC,,false,0.29376,275.44,0,0.1,1783139720
All Pools,Gladiator - ARENA,,false,0.29142,356.86,0,0.07,1783139720
All Pools,BrideOfChrist - BLACK,,false,0.2845,20.57,0,1.26,1783139720
All Pools,ZUBAX - USDT.e,,false,0.28426,173.62,0,0.15,1783139720
All Pools,PTOP1000 - TOPIA,,false,0.2836,75.4,0,0.34,1783139720
All Pools,MIM - RUG,,false,0.28174,6.265,0,4.1,1783139720
All Pools,BLS - USDt,,false,0.27068,128.02,0,0.19,1783139720
All Pools,aAvaWAVAX - meGNX,,false,0.25944,3.143,0,7.53,1783139720
All Pools,USDC.e - SOL,,false,0.25679,36.59,0,0.64,1783139720
All Pools,LUNA - AVAX,,false,0.25416,129.97,0,0.18,1783139720
All Pools,Trinity - BrideOfChrist,,false,0.25165,59766537,0,0,1783139720
All Pools,SYN - WETH.e,,false,0.24894,1.756,0,12.93,1783139720
All Pools,BOI - AMI,,false,0.24271,0.49247,0,44.97,1783139720
All Pools,XAUt0 - Gravity,,false,0.23723,330.03,0,0.07,1783139720
All Pools,AVAX - SUBZERO,,false,0.23167,31.85,0,0.66,1783139720
All Pools,TOMB - SUBZERO,,false,0.23048,9.734,0,2.16,1783139720
All Pools,aDXN - AVAX,,false,0.22866,52.3,0,0.4,1783139720
All Pools,DivineFeminine - Gravity,,false,0.22206,1731.36,0,0.01,1783139720
All Pools,MM - USDC,,false,0.22112,50.5,0,0.4,1783139720
All Pools,50 - AVAX,,false,0.21914,62.35,0,0.32,1783139720
All Pools,50 - USDC,,false,0.21888,113.02,0,0.18,1783139720
All Pools,MIM - UNIV,,false,0.21767,5.551,0,3.58,1783139720
All Pools,MM - AVAX,,false,0.2166,70.16,0,0.28,1783139720
All Pools,AVAX - SNOB,,false,0.21349,747.61,0,0.03,1783139720
All Pools,USDT.e - MU,,false,0.21282,249.19,0,0.08,1783139720
All Pools,BUSD - AVAX,,false,0.21264,366.36,0,0.05,1783139720
All Pools,USDC.e - RUG,,false,0.21143,17.75,0,1.09,1783139720
All Pools,WDAO - MIM,,false,0.20561,5.476,0,3.43,1783139720
All Pools,WDAO - AVAX,,false,0.20446,10.44,0,1.79,1783139720
All Pools,AVAX - IMPACT2,,false,0.20394,144.4,0,0.13,1783139720
All Pools,AVAXAI - USDC,,false,0.20204,1627.71,0,0.01,1783139720
All Pools,COQ - OSAK,,false,0.20132,19.08,0,0.96,1783139720
All Pools,CGS - AVAX,,false,0.19369,55.87,0,0.32,1783139720
All Pools,CGS - USDC.e,,false,0.19307,152.73,0,0.12,1783139720
All Pools,SURE - DAI.e,,false,0.18913,24.17,0,0.71,1783139720
All Pools,LadyMary - AVAX,,false,0.18691,273.43,0,0.06,1783139720
All Pools,FollowTheWhiteRabbit - DivineFeminine,,false,0.18691,501.45,0,0.03,1783139720
All Pools,LadyMary - FollowTheWhiteRabbit,,false,0.18676,479.77,0,0.04,1783139720
All Pools,AVAX - Blessing,,false,0.18019,60.07,0,0.27,1783139720
All Pools,Now - Blessing,,false,0.18013,609.03,0,0.03,1783139720
All Pools,SYN - USDT.e,,false,0.179,1.945,0,8.4,1783139720
All Pools,MEOW - AVAX,,false,0.17561,7982.55,0,0,1783139720
All Pools,CHAMP - AMI,,false,0.17225,28.72,0,0.55,1783139720
All Pools,wMEMO - MIM,,false,0.16532,4.591,0,3.29,1783139720
All Pools,Hopi - Now,,false,0.16518,545.07,0,0.03,1783139720
All Pools,Hopi - AVAX,,false,0.16486,164.33,0,0.09,1783139720
All Pools,WETH.e - USDC,,false,0.16367,19.8,0,0.75,1783139720
All Pools,MIM - TSNFTGM,,false,0.16317,3.568,0,4.17,1783139720
All Pools,BTC.b - SolvBTC,,false,0.16186,4477.37,0,0,1783139720
All Pools,AVAX - OK,,false,0.15722,1.573,0,9.12,1783139720
All Pools,SPORE - AVAX,,false,0.15496,139.55,0,0.1,1783139720
All Pools,FollowTheWhiteRabbit - AVAX,,false,0.15409,123.63,0,0.11,1783139720
All Pools,YEEHAW - AVAX,,false,0.15283,12,0,1.16,1783139720
All Pools,Solar - AVAX,,false,0.15124,67.61,0,0.2,1783139720
All Pools,Solar - Now,,false,0.15115,689.27,0,0.02,1783139720
All Pools,Blue - AVAX,,false,0.14961,200.05,0,0.07,1783139720
All Pools,AVAX - SHRAP,,false,0.14843,12.73,0,1.06,1783139720
All Pools,AftermathsKobe - AVAX,,false,0.1473,227.13,0,0.06,1783139720
All Pools,Psychic - AftermathsKobe,,false,0.14709,259.46,0,0.05,1783139720
All Pools,MIM - SBR,,false,0.14692,11.32,0,1.18,1783139720
All Pools,SBR - AVAX,,false,0.14584,3.904,0,3.41,1783139720
All Pools,SURE - USDC.e,,false,0.14165,20.62,0,0.63,1783139720
All Pools,Matter - Now,,false,0.13737,617.67,0,0.02,1783139720
All Pools,Matter - AVAX,,false,0.13733,59.91,0,0.21,1783139720
All Pools,AVAX - SPELL,,false,0.13624,2076.78,0,0.01,1783139720
All Pools,CHAMP - ARENA,,false,0.13597,15.16,0,0.82,1783139720
All Pools,USDt - IMPACT2,,false,0.13539,70.03,0,0.18,1783139720
All Pools,RUG - USDT.e,,false,0.13407,10.55,0,1.16,1783139720
All Pools,TSNFTGM - DAI.e,,false,0.13356,30.42,0,0.4,1783139720
All Pools,REDWOLF - SOL,,false,0.13326,61.15,0,0.2,1783139720
All Pools,wMEMO - AVAX,,false,0.13222,6.974,0,1.73,1783139720
All Pools,MIM - GG,,false,0.12846,4.937,0,2.37,1783139720
All Pools,GG - AVAX,,false,0.12746,5.935,0,1.96,1783139720
All Pools,SLUSH - AVAX,,false,0.12718,47.99,0,0.24,1783139720
All Pools,AVAX - LYLY,,false,0.12703,53.78,0,0.22,1783139720
All Pools,SLUSH - USDT.e,,false,0.12673,56.35,0,0.21,1783139720
All Pools,AVAX - DUO,,false,0.12434,57.32,0,0.2,1783139720
All Pools,UNIV - DAI.e,,false,0.12433,11.36,0,1,1783139720
All Pools,USDT.e - DUO,,false,0.12393,53.3,0,0.21,1783139720
All Pools,AVAX - Teste,,false,0.12336,66.44,0,0.17,1783139720
All Pools,Now - Teste,,false,0.12332,686.02,0,0.02,1783139720
All Pools,XAUt0 - ElvisJackpot,,false,0.12265,292.3,0,0.04,1783139720
All Pools,MIM - SPELL,,false,0.12254,2.515,0,4.45,1783139720
All Pools,Slope - Now,,false,0.12209,682.94,0,0.02,1783139720
All Pools,Slope - AVAX,,false,0.12204,67.13,0,0.17,1783139720
All Pools,XPOW - AVAX,,false,0.12172,31.99,0,0.35,1783139720
All Pools,NODA - NODL,,false,0.12072,17.99,0,0.61,1783139720
All Pools,NODA - AVAX,,false,0.11952,230.59,0,0.05,1783139720
All Pools,TruthClosure - BLACK,,false,0.11939,15.18,0,0.72,1783139720
All Pools,MIM - NADO,,false,0.11911,171.08,0,0.06,1783139720
All Pools,AVAX - NADO,,false,0.11817,2.613,0,4.13,1783139720
All Pools,APOW - USDC,,false,0.1173,21.95,0,0.49,1783139720
All Pools,Now - Propriety,,false,0.11649,686.27,0,0.02,1783139720
All Pools,AVAX - Propriety,,false,0.11637,67.17,0,0.16,1783139720
All Pools,USDC - USD+,,false,0.11625,29.08,0,0.36,1783139720
All Pools,GLOBA - AVAX,,false,0.11516,42.06,0,0.25,1783139720
All Pools,Psychic - All,,false,0.11491,256.22,0,0.04,1783139720
All Pools,AVAX - All,,false,0.11482,225.89,0,0.05,1783139720
All Pools,AVAI - USDC.e,,false,0.11435,26.64,0,0.39,1783139720
All Pools,Christmas - Blue,,false,0.11403,1471.14,0,0.01,1783139720
All Pools,Psychic - Sinterklaas,,false,0.11401,252.63,0,0.04,1783139720
All Pools,Christmas - Sinterklaas,,false,0.11401,320.35,0,0.03,1783139720
All Pools,QI - LYLY,,false,0.11378,1.953,0,5.32,1783139720
All Pools,Jjj - AVAX,,false,0.11328,223.5,0,0.05,1783139720
All Pools,Psychic - Jjj,,false,0.11314,255.15,0,0.04,1783139720
All Pools,AVVO - DAI.e,,false,0.11268,35.37,0,0.29,1783139720
All Pools,Psychic - NeatestQuackery,,false,0.1125,256.52,0,0.04,1783139720
All Pools,Psychic - Now,,false,0.11247,498.02,0,0.02,1783139720
All Pools,NeatestQuackery - AVAX,,false,0.11243,224.24,0,0.05,1783139720
All Pools,AVAX - WISE,,false,0.11221,62.95,0,0.16,1783139720
All Pools,USDC.e - WISE,,false,0.11198,42.23,0,0.24,1783139720
All Pools,CQK - AVAX,,false,0.11091,103.13,0,0.1,1783139720
All Pools,CQK - USDC,,false,0.1107,31.74,0,0.32,1783139720
All Pools,Now - √Root,,false,0.11013,683.42,0,0.01,1783139720
All Pools,AVAX - √Root,,false,0.11004,67.04,0,0.15,1783139720
All Pools,USDT.e - EXP,,false,0.10937,44904260,0,0,1783139720
All Pools,MIM - DUNEV3,,false,0.10781,53533,0,0,1783139720
All Pools,GLOBA - DAI.e,,false,0.10775,48.57,0,0.2,1783139720
All Pools,USDC - yyAVAX,,false,0.10572,12.39,0,0.78,1783139720
All Pools,VEE - USDC,,false,0.10444,32.51,0,0.29,1783139720
All Pools,DFIAT - AVAX,,false,0.10397,6390.97,0,0,1783139720
All Pools,DFIAT - USDT.e,,false,0.10358,27.55,0,0.34,1783139720
All Pools,DiamondbackGall - AVAX,,false,0.10336,224.35,0,0.04,1783139720
All Pools,Psychic - DiamondbackGall,,false,0.10324,254.63,0,0.04,1783139720
All Pools,USDC - OK,,false,0.10187,1.1,0,8.45,1783139720
All Pools,TRYB - USDC.e,,false,0.10097,32.12,0,0.29,1783139720
All Pools,RUX - AVAX,,false,0.1008,26.48,0,0.35,1783139720
All Pools,USDt - RUX,,false,0.10048,16072,0,0,1783139720
All Pools,MIM - LIFE,,false,0.1004,11.02,0,0.83,1783139720
All Pools,LIFE - AVAX,,false,0.09964,2.725,0,3.34,1783139720
All Pools,Ducks - AVAX,,false,0.09939,224.59,0,0.04,1783139720
All Pools,Psychic - Ducks,,false,0.09915,256.6,0,0.04,1783139720
All Pools,Now - Necromancer,,false,0.09324,686.32,0,0.01,1783139720
All Pools,Necromancer - AVAX,,false,0.09317,67.32,0,0.13,1783139720
All Pools,XA9 - USDt,,false,0.08779,3.887,0,2.06,1783139720
All Pools,ArniStitch - AVAX,,false,0.08682,224.7,0,0.04,1783139720
All Pools,Psychic - ArniStitch,,false,0.08662,256.68,0,0.03,1783139720
All Pools,Four - AVAX,,false,0.08657,56.24,0,0.14,1783139720
All Pools,MIM - DICK,,false,0.08595,2.155,0,3.64,1783139720
All Pools,Vaccine - Now,,false,0.08571,679.51,0,0.01,1783139720
All Pools,Vaccine - AVAX,,false,0.08553,66.15,0,0.12,1783139720
All Pools,Silver - Now,,false,0.08509,686.12,0,0.01,1783139720
All Pools,Silver - AVAX,,false,0.085,66.12,0,0.12,1783139720
All Pools,MU - WMATIC,,false,0.08422,0.14219,0,54.04,1783139720
All Pools,USDt - DXN,,false,0.08407,214.21,0,0.04,1783139720
All Pools,JOE - ZABU,,false,0.08397,13.83,0,0.55,1783139720
All Pools,WBTC - AVAX,,false,0.08375,31.49,0,0.24,1783139720
All Pools,AVAT - USDC,,false,0.08373,38.16,0,0.2,1783139720
All Pools,TickTock - Now,,false,0.08342,684.96,0,0.01,1783139720
All Pools,TickTock - AVAX,,false,0.08332,67.18,0,0.11,1783139720
All Pools,AVAX - CHAM,,false,0.08317,27.06,0,0.28,1783139720
All Pools,USDC - CHAM,,false,0.08301,47.3,0,0.16,1783139720
All Pools,XPOW - AVAX,,false,0.08273,83,0,0.09,1783139720
All Pools,Psychic - CommieSukey,,false,0.08266,256.67,0,0.03,1783139720
All Pools,CommieSukey - AVAX,,false,0.08264,225.36,0,0.03,1783139720
All Pools,Uncontractable - AVAX,,false,0.0805,66.19,0,0.11,1783139720
All Pools,Sanskrit - Now,,false,0.0805,684.17,0,0.01,1783139720
All Pools,Sanskrit - AVAX,,false,0.08042,67.11,0,0.11,1783139720
All Pools,Uncontractable - Now,,false,0.08028,671.19,0,0.01,1783139720
All Pools,ALOT - USDC.e,,false,0.0797,7.492,0,0.97,1783139720
All Pools,USDC - NXUSD,,false,0.07795,3.198,0,2.22,1783139720
All Pools,MELT - AVAX,,false,0.07784,20.9,0,0.34,1783139720
All Pools,RACEX - MUG,,false,0.07617,134.66,0,0.05,1783139720
All Pools,XPOW - APOW,,false,0.07516,51.81,0,0.13,1783139720
All Pools,QI - REDWOLF,,false,0.07482,1.234,0,5.53,1783139720
All Pools,AVAX - MILO,,false,0.07059,847.75,0,0.01,1783139720
All Pools,USDt - MILO,,false,0.07043,14.56,0,0.44,1783139720
All Pools,CFR - AVAX,,false,0.06997,2690.58,0,0,1783139720
All Pools,FollowTheWhiteRabbit - TruthClosure,,false,0.06944,32.12,0,0.2,1783139720
All Pools,USDT.e - ZABU,,false,0.06887,45.12,0,0.14,1783139720
All Pools,AVAI - AVAX,,false,0.06827,20.38,0,0.31,1783139720
All Pools,USDT.e - XAVA,,false,0.06807,10.93,0,0.57,1783139720
All Pools,AVAX - ZABU,,false,0.0674,24.62,0,0.25,1783139720
All Pools,AVAX - APE - X,,false,0.06714,496.76,0,0.01,1783139720
All Pools,UST - USDT.e,,false,0.06669,38.79,0,0.16,1783139720
All Pools,AVAX - SDOG,,false,0.06665,6.773,0,0.9,1783139720
All Pools,WETH.e - ETHM,,false,0.06552,0.47495,0,12.59,1783139720
All Pools,METAG - AVAX,,false,0.06529,20.57,0,0.29,1783139720
All Pools,YAK - JOE,,false,0.0652,0.92941,0,6.4,1783139720
All Pools,WETH.e - yyAVAX,,false,0.06508,14.57,0,0.41,1783139720
All Pools,KLO - USDT.e,,false,0.06393,5.398,0,1.08,1783139720
All Pools,LIBRE - USDC.e,,false,0.06355,12.73,0,0.46,1783139720
All Pools,AVAX - ChristMark,,false,0.06334,283.51,0,0.02,1783139720
All Pools,LUNA - AVAX,,false,0.06323,15.09,0,0.38,1783139720
All Pools,bECH - AVAX,,false,0.06319,17.83,0,0.32,1783139720
All Pools,IMPACT2 - EURC,,false,0.06312,43,0,0.13,1783139720
All Pools,MIM - TEMPO,,false,0.06207,5.102,0,1.11,1783139720
All Pools,AAVE.e - USDT.e,,false,0.06166,2.536,0,2.22,1783139720
All Pools,TEMPO - AVAX,,false,0.06146,1.862,0,3.01,1783139720
All Pools,SaintGermain - BLACK,,false,0.06033,1.523,0,3.61,1783139720
All Pools,AVAX - STRAW,,false,0.05928,14.92,0,0.36,1783139720
All Pools,GB - USDT.e,,false,0.05834,20.34,0,0.26,1783139720
All Pools,YEEHAW - USDC,,false,0.0579,5.458,0,0.97,1783139720
All Pools,FLAKE - AVAX,,false,0.05769,17.93,0,0.29,1783139720
All Pools,MELT - USDC.e,,false,0.05763,30,0,0.18,1783139720
All Pools,TruthClosure - AVAX,,false,0.05759,8.257,0,0.64,1783139720
All Pools,FLAKE - USDT.e,,false,0.05749,48.95,0,0.11,1783139720
All Pools,USDC - XPOW,,false,0.05738,0.02735,0,191.42,1783139720
All Pools,MIM - AFARMER,,false,0.05668,3622.83,0,0,1783139720
All Pools,MIM - sTHO,,false,0.05662,201.82,0,0.03,1783139720
All Pools,USDt - REDWOLF,,false,0.05513,13.98,0,0.36,1783139720
All Pools,DogL - AVAX,,false,0.05472,225.03,0,0.02,1783139720
All Pools,Psychic - DogL,,false,0.05461,255.68,0,0.02,1783139720
All Pools,$Td - AVAX,,false,0.05447,4667.4,0,0,1783139720
All Pools,$Td - AMI,,false,0.05381,26.34,0,0.19,1783139720
All Pools,AVAT - AVAX,,false,0.05378,17.61,0,0.28,1783139720
All Pools,DAI.e - STRAW,,false,0.05376,36.6,0,0.13,1783139720
All Pools,BANKSY - AVAX,,false,0.05358,19.26,0,0.25,1783139720
All Pools,MIM - WOHM,,false,0.05346,13.19,0,0.37,1783139720
All Pools,BANKSY - USDC.e,,false,0.05339,29.62,0,0.16,1783139720
All Pools,LINK.e - MU,,false,0.05337,6.785,0,0.72,1783139720
All Pools,SUB - USDC,,false,0.05321,11.71,0,0.41,1783139720
All Pools,AVAX - WOHM,,false,0.05305,1.185,0,4.08,1783139720
All Pools,ETHM - DAI.e,,false,0.05288,0.72474,0,6.66,1783139720
All Pools,APOW - USDt,,false,0.05282,21.95,0,0.22,1783139720
All Pools,COQ - NOCHILL,,false,0.05239,9.258,0,0.52,1783139720
All Pools,Serpentarius - AVAX,,false,0.05112,227.72,0,0.02,1783139720
All Pools,Psychic - Serpentarius,,false,0.05101,259.46,0,0.02,1783139720
All Pools,AMI - JUICY,,false,0.0508,0.94177,0,4.92,1783139720
All Pools,USDC.e - DAI.e,,false,0.0508,22255,0,0,1783139720
All Pools,USDC.e - USDC,,false,0.05079,480494,0,0,1783139720
All Pools,Gil - AVAX,,false,0.0506,14.26,0,0.32,1783139720
All Pools,LoveIsTheKey - BLACK,,false,0.04929,4.815,0,0.93,1783139720
All Pools,LoveIsTheKey - FollowTheWhiteRabbit,,false,0.04836,46.89,0,0.09,1783139720
All Pools,AVAX - BlackAndGold,,false,0.0475,224.59,0,0.02,1783139720
All Pools,Psychic - BlackAndGold,,false,0.04741,255.16,0,0.02,1783139720
All Pools,Gil - DAI.e,,false,0.04734,26.79,0,0.16,1783139720
All Pools,Stolen - AVAX,,false,0.04657,13.55,0,0.31,1783139720
All Pools,Yellow - AVAX,,false,0.04597,201.87,0,0.02,1783139720
All Pools,Yellow - BLACK,,false,0.04586,3.047,0,1.37,1783139720
All Pools,RUGPULL - MUG,,false,0.04545,139.65,0,0.03,1783139720
All Pools,ETHM - USDC.e,,false,0.04542,0.52129,0,7.95,1783139720
All Pools,QI - USDC.e,,false,0.04534,0.6781,0,6.1,1783139720
All Pools,COQ - AMI,,false,0.04492,8.547,0,0.48,1783139720
All Pools,DICK - AVAX,,false,0.04485,6.333,0,0.65,1783139720
All Pools,MAJIN - REDWOLF,,false,0.04426,5.584,0,0.72,1783139720
All Pools,Four - Found,,false,0.04328,1395.2,0,0,1783139720
All Pools,ACS - USDC.e,,false,0.04232,5.208,0,0.74,1783139720
All Pools,USDC - APOW,,false,0.04206,0.01754,0,218.78,1783139720
All Pools,USDC - WSPP,,false,0.04205,42.35,0,0.09,1783139720
All Pools,COQ - JUICE,,false,0.04148,27.41,0,0.14,1783139720
All Pools,AUSD - HUSKY,,false,0.0411,0.5495,0,6.82,1783139720
All Pools,USDt - XPOW,,false,0.04058,0.02038,0,181.68,1783139720
All Pools,PNG - REDWOLF,,false,0.04034,3.657,0,1.01,1783139720
All Pools,JOE - ZUBAX,,false,0.04014,6.84,0,0.54,1783139720
All Pools,MAJIN - MU,,false,0.04004,3.686,0,0.99,1783139720
All Pools,COQ - JUICY,,false,0.03938,0.75333,0,4.77,1783139720
All Pools,AVAX - WOLF,,false,0.03935,57.28,0,0.06,1783139720
All Pools,USDR - USDC,,false,0.03926,40.16,0,0.09,1783139720
All Pools,AVAX - WINE,,false,0.03918,0.08316,0,42.99,1783139720
All Pools,USDC.e - WOLF,,false,0.03917,7.798,0,0.46,1783139720
All Pools,MELT - AVAX,,false,0.03915,862.45,0,0,1783139720
All Pools,BUSD - USDC,,false,0.0391,7.746,0,0.46,1783139720
All Pools,JOE - QI,,false,0.03893,0.6318,0,5.62,1783139720
All Pools,Trinity - FourFourFour,,false,0.03879,3.625,0,0.98,1783139720
All Pools,WOLF - USDT.e,,false,0.03868,3.216,0,1.1,1783139720
All Pools,MerryXmas - AVAX,,false,0.03859,206.4,0,0.02,1783139720
All Pools,YAK - USDT.e,,false,0.03852,0.52269,0,6.72,1783139720
All Pools,Psychic - MerryXmas,,false,0.03852,235.35,0,0.01,1783139720
All Pools,ABC - AMI,,false,0.03845,2.667,0,1.32,1783139720
All Pools,NXPC - USDC,,false,0.03841,0.69522,0,5.04,1783139720
All Pools,FourFourFour - BLACK,,false,0.03808,3.751,0,0.93,1783139720
All Pools,FatherChristmas - AVAX,,false,0.03806,40.16,0,0.09,1783139720
All Pools,FatherChristmas - Gravity,,false,0.03788,16.27,0,0.21,1783139720
All Pools,MIM - WINE,,false,0.03745,164.89,0,0.02,1783139720
All Pools,BNZ - AVAX,,false,0.03743,161.11,0,0.02,1783139720
All Pools,USDt - APOW,,false,0.03704,0.01545,0,218.84,1783139720
All Pools,Gravity - SaintGermain,,false,0.03697,19.21,0,0.18,1783139720
All Pools,AVAX - RedFolder,,false,0.03685,224.01,0,0.02,1783139720
All Pools,USDt - XPOW,,false,0.03683,10.62,0,0.32,1783139720
All Pools,Psychic - RedFolder,,false,0.03679,255.61,0,0.01,1783139720
All Pools,MIM - EDG,,false,0.03677,1.568,0,2.14,1783139720
All Pools,AVAX - EDG,,false,0.03648,1.426,0,2.33,1783139720
All Pools,METAG - USDT.e,,false,0.03638,47.84,0,0.07,1783139720
All Pools,USDC.e - GG,,false,0.03606,0.36814,0,8.94,1783139720
All Pools,AVAX - NEMO,,false,0.03597,6.783,0,0.48,1783139720
All Pools,USDt - NEMO,,false,0.03585,96.6,0,0.03,1783139720
All Pools,AVAX - GAU,,false,0.03555,5.907,0,0.55,1783139720
All Pools,Blue - BLACK,,false,0.03546,3.057,0,1.06,1783139720
All Pools,AVAX - SantaGospel,,false,0.03545,101.21,0,0.03,1783139720
All Pools,BLACK - SantaGospel,,false,0.03542,2.985,0,1.08,1783139720
All Pools,MELT - USDC.e,,false,0.03492,6.136,0,0.52,1783139720
All Pools,BSGG - AVAX,,false,0.03398,2.615,0,1.19,1783139720
All Pools,GAS - AVAX,,false,0.0337,141.04,0,0.02,1783139720
All Pools,AVAX - KET,,false,0.03363,24.08,0,0.13,1783139720
All Pools,Orange - BLACK,,false,0.03348,2.556,0,1.2,1783139720
All Pools,AVAX - Strength,,false,0.03336,107.82,0,0.03,1783139720
All Pools,BrideOfChrist - AVAX,,false,0.03334,67.38,0,0.05,1783139720
All Pools,Who - AVAX,,false,0.03327,107.05,0,0.03,1783139720
All Pools,Strength - BLACK,,false,0.03326,3.041,0,1,1783139720
All Pools,Who - BLACK,,false,0.03318,3.043,0,1,1783139720
All Pools,BLS - SHRAP,,false,0.03224,8.784,0,0.33,1783139720
All Pools,YEEHAW - AMI,,false,0.03184,3.089,0,0.94,1783139720
All Pools,ICUBE - AVAX,,false,0.0314,5.536,0,0.52,1783139720
All Pools,Beyond - AVAX,,false,0.03133,67,0,0.04,1783139720
All Pools,Beyond - Orange,,false,0.03129,3320.4,0,0,1783139720
All Pools,ICUBE - USDT.e,,false,0.03126,107.92,0,0.03,1783139720
All Pools,MIM - RUG,,false,0.03117,1.333,0,2.13,1783139720
All Pools,RUG - USDC,,false,0.03073,1.123,0,2.5,1783139720
All Pools,Stolen - BLACK,,false,0.03051,3.42,0,0.81,1783139720
All Pools,MU - DAI.e,,false,0.03026,235.9,0,0.01,1783139720
All Pools,Go - BLACK,,false,0.03021,3.034,0,0.91,1783139720
All Pools,Hydrogen - AVAX,,false,0.03014,200.99,0,0.01,1783139720
All Pools,Hydrogen - BLACK,,false,0.03007,3.069,0,0.89,1783139720
All Pools,NineHundred - AVAX,,false,0.03007,106.98,0,0.03,1783139720
All Pools,COQ - SNOWY,,false,0.03007,0.9144,0,3,1783139720
All Pools,NineHundred - BLACK,,false,0.02999,3.043,0,0.9,1783139720
All Pools,BENIS - AVAX,,false,0.02989,11.3,0,0.24,1783139720
All Pools,AVAX - WEAVE,,false,0.02956,2.972,0,0.91,1783139720
All Pools,AVAX - GRAV,,false,0.02924,12.36,0,0.22,1783139720
All Pools,AAVE.e - meGNX,,false,0.02896,3.535,0,0.75,1783139720
All Pools,USDC - USDT.e,,false,0.02895,154.36,0,0.02,1783139720
All Pools,MIM - VYBE,,false,0.02895,0.87195,0,3.03,1783139720
All Pools,USDC.e - WEAVE,,false,0.02886,8.527,0,0.31,1783139720
All Pools,LF - USDT.e,,false,0.02878,1.003,0,2.62,1783139720
All Pools,METAG - USDt,,false,0.02867,15.6,0,0.17,1783139720
All Pools,AVAX - VYBE,,false,0.02865,1.739,0,1.5,1783139720
All Pools,BTC.b - MU,,false,0.02854,9.896,0,0.26,1783139720
All Pools,AVAX - BOREA,,false,0.0274,5.688,0,0.44,1783139720
All Pools,USDT.e - BOREA,,false,0.02728,25.92,0,0.1,1783139720
All Pools,ZRO - USDC,,false,0.02721,4.609,0,0.54,1783139720
All Pools,NRK - DAI.e,,false,0.0272,280.46,0,0.01,1783139720
All Pools,CNR - USDC,,false,0.02701,4.332,0,0.57,1783139720
All Pools,AVAX - DAI,,false,0.02658,58.63,0,0.04,1783139720
All Pools,SLIME - AVAX,,false,0.02648,16199,0,0,1783139720
All Pools,SLIME - USDt,,false,0.02635,6.339,0,0.38,1783139720
All Pools,MIM - SMRT,,false,0.02618,0.54697,0,4.37,1783139720
All Pools,GURS - ARENA,,false,0.02613,5.646,0,0.42,1783139720
All Pools,USDC.e - NXUSD,,false,0.02593,1.495,0,1.58,1783139720
All Pools,MCV - AVAX,,false,0.02584,303.38,0,0.01,1783139720
All Pools,COQ - MCV,,false,0.02583,6.762,0,0.35,1783139720
All Pools,KOVIN - AVAX,,false,0.02515,2347.76,0,0,1783139720
All Pools,AVAX - BAVA,,false,0.02503,9.132,0,0.25,1783139720
All Pools,Priory - AVAX,,false,0.02496,57.34,0,0.04,1783139720
All Pools,FollowTheWhiteRabbit - Priory,,false,0.02492,682.42,0,0,1783139720
All Pools,ELE - AVAX,,false,0.02437,93.18,0,0.02,1783139720
All Pools,Go - AVAX,,false,0.02435,106.96,0,0.02,1783139720
All Pools,MIM - TEST,,false,0.02403,0.5218,0,4.2,1783139720
All Pools,NOCHILL - OX,,false,0.02382,13722,0,0,1783139720
All Pools,QI - SNOWY,,false,0.02382,0.34923,0,6.22,1783139720
All Pools,GRELF[ava] - AVAX,,false,0.02377,934.65,0,0,1783139720
All Pools,AVAX - GOT,,false,0.02272,4.432,0,0.47,1783139720
All Pools,USDT.e - GOT,,false,0.02261,12.44,0,0.17,1783139720
All Pools,CROWN - AVAX,,false,0.0223,0.52582,0,3.87,1783139720
All Pools,TOMB - ZSHARE,,false,0.02177,1.197,0,1.66,1783139720
All Pools,AVAX - ZSHARE,,false,0.02166,13.4,0,0.15,1783139720
All Pools,XPOW - USDC,,false,0.02155,10.69,0,0.18,1783139720
All Pools,BTC.b - USDC,,false,0.02122,4.175,0,0.46,1783139720
All Pools,BOOFI - PEFI,,false,0.02118,14.47,0,0.13,1783139720
All Pools,BOOFI - AVAX,,false,0.02117,576.34,0,0,1783139720
All Pools,Psychic - Blessings,,false,0.02101,49.69,0,0.04,1783139720
All Pools,Psychic - Nine,,false,0.02091,49.71,0,0.04,1783139720
All Pools,WETH.e - meGNX,,false,0.02088,5.156,0,0.37,1783139720
All Pools,Psychic - Qubit,,false,0.02067,49.69,0,0.04,1783139720
All Pools,Psychic - Aquarius,,false,0.02063,49.73,0,0.04,1783139720
All Pools,Psychic - Thick,,false,0.02051,49.71,0,0.04,1783139720
All Pools,DUO - USDT.e,,false,0.02047,6.371,0,0.29,1783139720
All Pools,Psychic - WhoWho,,false,0.02038,49.72,0,0.04,1783139720
All Pools,WETH.e - USDR,,false,0.02026,2.383,0,0.78,1783139720
All Pools,Psychic - Zero,,false,0.02019,49.71,0,0.04,1783139720
All Pools,Aquarius - BLACK,,false,0.02018,1.476,0,1.25,1783139720
All Pools,wsOHM - OTWO,,false,0.02012,1.517,0,1.21,1783139720
All Pools,MELT - USDT.e,,false,0.01997,29.75,0,0.06,1783139720
All Pools,Psychic - Gematria,,false,0.01994,49.73,0,0.04,1783139720
All Pools,Psychic - Architect,,false,0.01991,49.73,0,0.04,1783139720
All Pools,Psychic - TrumpCard,,false,0.01991,49.74,0,0.04,1783139720
All Pools,Psychic - Happy,,false,0.0199,49.73,0,0.04,1783139720
All Pools,Psychic - KatzJoel,,false,0.01988,49.7,0,0.04,1783139720
All Pools,Psychic - Diamonds,,false,0.0198,51.66,0,0.03,1783139720
All Pools,gOHM - OTWO,,false,0.01972,90332,0,0,1783139720
All Pools,Psychic - [In]finity,,false,0.01971,49.7,0,0.04,1783139720
All Pools,Psychic - Hexagon,,false,0.01971,49.72,0,0.04,1783139720
All Pools,SURE - AVAX,,false,0.0197,5.451,0,0.33,1783139720
All Pools,Psychic - Luck,,false,0.01969,49.73,0,0.04,1783139720
All Pools,Psychic - FinityFinity,,false,0.01966,49.73,0,0.04,1783139720
All Pools,Psychic - Gematria,,false,0.01966,49.73,0,0.04,1783139720
All Pools,Happy - BLACK,,false,0.01964,1.465,0,1.22,1783139720
All Pools,Psychic - Turtle,,false,0.01962,49.73,0,0.04,1783139720
All Pools,KatzJoel - BLACK,,false,0.01962,1.471,0,1.22,1783139720
All Pools,USDt - SNOWY,,false,0.01951,5.521,0,0.32,1783139720
All Pools,WBTC.e - ETHM,,false,0.01949,0.30251,0,5.88,1783139720
All Pools,AVAX - TMT,,false,0.01948,6.073,0,0.29,1783139720
All Pools,Apollyon - AVAX,,false,0.01947,27.42,0,0.06,1783139720
All Pools,Psychic - OneOneOne,,false,0.01946,49.72,0,0.04,1783139720
All Pools,Trinity - Apollyon,,false,0.01943,175227044,0,0,1783139720
All Pools,USDT.e - TMT,,false,0.01938,25.57,0,0.07,1783139720
All Pools,Psychic - Six,,false,0.01933,49.73,0,0.04,1783139720
All Pools,TSNFTGM - AVAX,,false,0.01932,3.189,0,0.55,1783139720
All Pools,MIM - CROWN,,false,0.01931,13.14,0,0.13,1783139720
All Pools,Psychic - Alphabet,,false,0.0193,49.74,0,0.04,1783139720
All Pools,Psychic - Solved,,false,0.01922,49.72,0,0.04,1783139720
All Pools,BLACK - Luck,,false,0.01922,1.466,0,1.2,1783139720
All Pools,FinityFinity - BLACK,,false,0.01919,1.466,0,1.2,1783139720
All Pools,BLACK - Gematria,,false,0.01919,1.467,0,1.19,1783139720
All Pools,Psychic - ElmoSunkGematria,,false,0.01919,49.74,0,0.04,1783139720
All Pools,Six - BLACK,,false,0.01908,1.465,0,1.19,1783139720
All Pools,Alphabet - BLACK,,false,0.019,1.463,0,1.18,1783139720
All Pools,Spider - Psychic,,false,0.01899,49.69,0,0.03,1783139720
All Pools,AVAX - ELK,,false,0.01896,50.84,0,0.03,1783139720
All Pools,Christmas - AVAX,,false,0.01891,189.91,0,0.01,1783139720
All Pools,Psychic - Christmas,,false,0.01887,34.94,0,0.05,1783139720
All Pools,AMPL - MIM,,false,0.01885,0.48411,0,3.55,1783139720
All Pools,Solved - BLACK,,false,0.01876,1.468,0,1.17,1783139720
All Pools,YAK - mYAK,,false,0.01876,0.75753,0,2.26,1783139720
All Pools,Milk - AVAX,,false,0.01866,5.591,0,0.3,1783139720
All Pools,Chrism - BLACK,,false,0.01858,1.534,0,1.11,1783139720
All Pools,Milk - USDT.e,,false,0.01854,13.98,0,0.12,1783139720
All Pools,Gravity - BLACK,,false,0.01837,0.29979,0,5.59,1783139720
All Pools,Psychic - Codes,,false,0.01829,49.74,0,0.03,1783139720
All Pools,TEST - USDC,,false,0.01823,3.953,0,0.42,1783139720
All Pools,WBTC.e - USDC.e,,false,0.01815,7.986,0,0.21,1783139720
All Pools,Psychic - PennyTrinity,,false,0.01798,49.74,0,0.03,1783139720
All Pools,WOLF - MU,,false,0.01797,4.086,0,0.4,1783139720
All Pools,AVAX - SQRCAT,,false,0.01795,4454.09,0,0,1783139720
All Pools,AMI - SQRCAT,,false,0.01793,10.56,0,0.15,1783139720
All Pools,Eye - Psychic,,false,0.0179,49.73,0,0.03,1783139720
All Pools,AVAX - Nala,,false,0.01769,20.06,0,0.08,1783139720
All Pools,Psychic - Nala,,false,0.01765,218.39,0,0.01,1783139720
All Pools,Psychic - TheArcher,,false,0.01747,49.74,0,0.03,1783139720
All Pools,MPL - AVAX,,false,0.01743,5.281,0,0.3,1783139720
All Pools,MPL - USDt,,false,0.01733,30.21,0,0.05,1783139720
All Pools,AAVE.e - USDC.e,,false,0.01723,1.225,0,1.28,1783139720
All Pools,Psychic - Number,,false,0.01719,49.74,0,0.03,1783139720
All Pools,TheArcher - BLACK,,false,0.01704,1.466,0,1.06,1783139720
All Pools,Psychic - BiTonic,,false,0.01701,49.8,0,0.03,1783139720
All Pools,Psychic - PoPo,,false,0.01674,49.73,0,0.03,1783139720
All Pools,SNTA - MIM,,false,0.01668,0.32866,0,4.63,1783139720
All Pools,PoPo - BLACK,,false,0.0165,1.465,0,1.03,1783139720
All Pools,SWIFT - AVAX,,false,0.01644,10.14,0,0.15,1783139720
All Pools,CNR - USDt,,false,0.0162,4.347,0,0.34,1783139720
All Pools,MIM - YAK,,false,0.01617,0.1552,0,9.51,1783139720
All Pools,YEEHAW - ARENA,,false,0.01612,0.87452,0,1.68,1783139720
All Pools,Trinity - Stolen,,false,0.01603,22.62,0,0.06,1783139720
All Pools,Chrism - ChristMark,,false,0.01602,146.99,0,0.01,1783139720
All Pools,NOCHILL - KET,,false,0.01597,9.169,0,0.16,1783139720
All Pools,TEDDY - AVAX,,false,0.0158,12.81,0,0.11,1783139720
All Pools,AVAX - SPADE,,false,0.0157,5.122,0,0.28,1783139720
All Pools,ChristMark - ChristIAmYou,,false,0.01569,21.3,0,0.07,1783139720
All Pools,AVAX - AXIAL,,false,0.01568,636.25,0,0,1783139720
All Pools,AVAX - USDR,,false,0.01564,2.54,0,0.56,1783139720
All Pools,USDC.e - SPADE,,false,0.01563,15.66,0,0.09,1783139720
All Pools,Psychic - Bonfire,,false,0.01546,49.73,0,0.03,1783139720
All Pools,BLACK - ChristIAmYou,,false,0.01542,1.477,0,0.95,1783139720
All Pools,aAvaLINK - meGNX,,false,0.01517,8.632,0,0.16,1783139720
All Pools,Bonfire - BLACK,,false,0.01513,1.46,0,0.95,1783139720
All Pools,SHERPA - AVAX,,false,0.01483,98.48,0,0.01,1783139720
All Pools,MIM - PAR,,false,0.01467,0.47374,0,2.83,1783139720
All Pools,YETI - WINE,,false,0.01465,0.17507,0,7.64,1783139720
All Pools,AVAX - DWC,,false,0.01454,4342.41,0,0,1783139720
All Pools,AVAX - PAR,,false,0.0145,1.342,0,0.99,1783139720
All Pools,MIM - ICE,,false,0.0145,0.31815,0,4.16,1783139720
All Pools,DWC - MU,,false,0.01448,2.818,0,0.47,1783139720
All Pools,LordJesusChrist - BLACK,,false,0.01446,1.395,0,0.95,1783139720
All Pools,AVAX - TUSK,,false,0.01444,2.119,0,0.62,1783139720
All Pools,YETI - AVAX,,false,0.01443,700.28,0,0,1783139720
All Pools,USDC.e - TUSK,,false,0.01436,9.48,0,0.14,1783139720
All Pools,AVAX - ICE,,false,0.01431,108.95,0,0.01,1783139720
All Pools,WOLF - AMI,,false,0.01419,2.579,0,0.5,1783139720
All Pools,MUMO - WMATIC,,false,0.01414,0.02615,0,49.35,1783139720
All Pools,ZH - JOE,,false,0.01414,2.199,0,0.59,1783139720
All Pools,Psychic - SevenSevenSeven,,false,0.01408,49.75,0,0.03,1783139720
All Pools,Psychic - Vampire,,false,0.01404,49.74,0,0.03,1783139720
All Pools,CATWIF - AVAX,,false,0.01402,2363.51,0,0,1783139720
All Pools,CATWIF - MU,,false,0.01396,2.926,0,0.44,1783139720
All Pools,BGLD - AVAX,,false,0.01394,3.729,0,0.34,1783139720
All Pools,BGLD - USDT.e,,false,0.01386,16.6,0,0.08,1783139720
All Pools,Alpha - AVAX,,false,0.01385,2.487,0,0.51,1783139720
All Pools,Vampire - BLACK,,false,0.01385,1.453,0,0.87,1783139720
All Pools,Alpha - USDC,,false,0.01381,32.1,0,0.04,1783139720
All Pools,COQ - REDWOLF,,false,0.01368,9.14,0,0.14,1783139720
All Pools,Psychic - Verse,,false,0.01358,49.71,0,0.02,1783139720
All Pools,COQ - LYLY,,false,0.01348,10.37,0,0.12,1783139720
All Pools,EVRT - AVAX,,false,0.01344,37.12,0,0.03,1783139720
All Pools,MU - COQAI,,false,0.01337,5.855,0,0.21,1783139720
All Pools,AMPL - AVAX,,false,0.01327,217.98,0,0.01,1783139720
All Pools,BTC.b - GMX,,false,0.01309,1.285,0,0.93,1783139720
All Pools,JOE - REDWOLF,,false,0.01303,2.942,0,0.4,1783139720
All Pools,VPND - AVAX,,false,0.01302,19052,0,0,1783139720
All Pools,BTC.b - BEAM,,false,0.013,0.24679,0,4.81,1783139720
All Pools,AVAX - WISE,,false,0.01299,2.339,0,0.51,1783139720
All Pools,USDC.e - WISE,,false,0.01292,6.812,0,0.17,1783139720
All Pools,MIM - DB,,false,0.01288,0.76211,0,1.54,1783139720
All Pools,USDT.e - AVVO,,false,0.01282,3.676,0,0.32,1783139720
All Pools,COQ - KOVIN,,false,0.01278,8.731,0,0.13,1783139720
All Pools,Psychic - IAmThatIAm,,false,0.01272,49.74,0,0.02,1783139720
All Pools,SatoshiNakamoto - Psychic,,false,0.01272,49.74,0,0.02,1783139720
All Pools,XETA - AVAX,,false,0.01256,0.16392,0,6.99,1783139720
All Pools,BLACK - IAmThatIAm,,false,0.01251,1.45,0,0.79,1783139720
All Pools,Psychic - Oracle,,false,0.01249,49.74,0,0.02,1783139720
All Pools,KOVIN - MU,,false,0.01227,2.544,0,0.44,1783139720
All Pools,3ULL - AVAX,,false,0.01192,36.37,0,0.03,1783139720
All Pools,Psychic - QuetzalCoatl,,false,0.01178,49.75,0,0.02,1783139720
All Pools,Psychic - Penny,,false,0.01178,49.75,0,0.02,1783139720
All Pools,MIM - MTB,,false,0.01167,0.44418,0,2.4,1783139720
All Pools,WETH.e - MU,,false,0.01163,1.752,0,0.61,1783139720
All Pools,Psychic - TrueStory,,false,0.01156,49.75,0,0.02,1783139720
All Pools,MIM - MEAD,,false,0.01153,0.24176,0,4.35,1783139720
All Pools,AVAX - MTB,,false,0.01153,0.43906,0,2.4,1783139720
All Pools,Psychic - Time,,false,0.0115,49.74,0,0.02,1783139720
All Pools,MEAD - AVAX,,false,0.0115,107.8,0,0.01,1783139720
All Pools,Psychic - LordJesusChrist,,false,0.01136,47.77,0,0.02,1783139720
All Pools,wALGO - AVAX,,false,0.01134,123.57,0,0.01,1783139720
All Pools,Time - BLACK,,false,0.01129,1.451,0,0.71,1783139720
All Pools,wALGO - USDC,,false,0.01129,2.482,0,0.41,1783139720
All Pools,SUB - AVAX,,false,0.01119,15.83,0,0.06,1783139720
All Pools,MIM - toi,,false,0.01116,0.63111,0,1.61,1783139720
All Pools,Flection - Psychic,,false,0.01109,49.75,0,0.02,1783139720
All Pools,toi - AVAX,,false,0.01103,0.39338,0,2.56,1783139720
All Pools,HUSKY - SNOWY,,false,0.01103,0.17469,0,5.76,1783139720
All Pools,AVAX - iBONE,,false,0.01098,4.42,0,0.23,1783139720
All Pools,Psychic - Artemis,,false,0.01097,49.88,0,0.02,1783139720
All Pools,AI9000 - AVAX,,false,0.01094,228.36,0,0,1783139720
All Pools,Flection - BLACK,,false,0.01092,1.447,0,0.69,1783139720
All Pools,USDT.e - iBONE,,false,0.01091,4.516,0,0.22,1783139720
All Pools,Loyalty - Psychic,,false,0.01085,49.71,0,0.02,1783139720
All Pools,SMRTr - GG,,false,0.01083,0.10939,0,9.04,1783139720
All Pools,REDWOLF - SHRAP,,false,0.01083,0.88221,0,1.12,1783139720
All Pools,Artemis - BLACK,,false,0.01078,1.471,0,0.67,1783139720
All Pools,USDt - OK,,false,0.01074,0.1467,0,6.68,1783139720
All Pools,MUMO - USDC,,false,0.01068,7.858,0,0.12,1783139720
All Pools,DivineFeminine - AVAX,,false,0.01064,4.657,0,0.21,1783139720
All Pools,TRACTOR - AVAX,,false,0.01057,11265,0,0,1783139720
All Pools,Psychic - BirthingCode,,false,0.01052,49.75,0,0.02,1783139720
All Pools,BOOTY - AVAX,,false,0.01051,1620.46,0,0,1783139720
All Pools,TRACTOR - USDT.e,,false,0.01049,1.72,0,0.56,1783139720
All Pools,COQ - BOOTY,,false,0.01047,7.294,0,0.13,1783139720
All Pools,Psychic - Line,,false,0.01045,50.42,0,0.02,1783139720
All Pools,SNP - AVAX,,false,0.01044,8.278,0,0.12,1783139720
All Pools,BirthingCode - BLACK,,false,0.01042,1.445,0,0.66,1783139720
All Pools,XIO - AVAX,,false,0.01042,2.415,0,0.39,1783139720
All Pools,COQ - SNP,,false,0.0104,17.29,0,0.05,1783139720
All Pools,XIO - USDC,,false,0.01037,24.18,0,0.04,1783139720
All Pools,Psychic - Abracadabra,,false,0.01036,49.72,0,0.02,1783139720
All Pools,Psychic - WhoWhoWho,,false,0.01033,49.71,0,0.02,1783139720
All Pools,Psychic - Lock,,false,0.01031,49.73,0,0.02,1783139720
All Pools,ARA - AVAX,,false,0.0103,2.424,0,0.39,1783139720
All Pools,JOE - CRA,,false,0.01029,7.658,0,0.12,1783139720
All Pools,MIM - DREX,,false,0.01027,5.564,0,0.17,1783139720
All Pools,CRA - AVAX,,false,0.01027,7647.8,0,0,1783139720
All Pools,Psychic - Chrism,,false,0.01015,52.14,0,0.02,1783139720
All Pools,AVAX - DREX,,false,0.01014,0.20274,0,4.57,1783139720
All Pools,XOMB - AVAX,,false,0.01013,16.58,0,0.06,1783139720
All Pools,BLACK - IfYouKnowYouKnow,,false,0.01011,1.484,0,0.62,1783139720
All Pools,XOMB - USDT.e,,false,0.01007,2.15,0,0.43,1783139720
All Pools,Psychic - KekiusMaximus,,false,0.00988,49.75,0,0.02,1783139720
All Pools,COQ - MU,,false,0.00986,3.55,0,0.25,1783139720
All Pools,Psychic - Sequence,,false,0.00985,49.75,0,0.02,1783139720
All Pools,MIM - DB,,false,0.00979,0.50521,0,1.77,1783139720
All Pools,MEOW - MU,,false,0.00975,1.339,0,0.66,1783139720
All Pools,DB - AVAX,,false,0.00975,0.35245,0,2.52,1783139720
All Pools,Psychic - Confusion,,false,0.0097,49.74,0,0.02,1783139720
All Pools,ARENA - AMI,,false,0.00964,0.9176,0,0.96,1783139720
All Pools,DrainTheSwamp - AVAX,,false,0.00959,28.88,0,0.03,1783139720
All Pools,MIM - LIFE,,false,0.00956,0.23915,0,3.65,1783139720
All Pools,DrainTheSwamp - FollowTheWhiteRabbit,,false,0.00956,8.35,0,0.1,1783139720
All Pools,Psychic - James,,false,0.00955,49.76,0,0.02,1783139720
All Pools,Psychic - daVinci,,false,0.00955,49.74,0,0.02,1783139720
All Pools,AVAX - WSPP,,false,0.00952,2.412,0,0.36,1783139720
All Pools,SodomAndGomorrah - AVAX,,false,0.00949,14.41,0,0.06,1783139720
All Pools,Trinity - SodomAndGomorrah,,false,0.00947,16.85,0,0.05,1783139720
All Pools,LIFE - AVAX,,false,0.00944,0.77353,0,1.11,1783139720
All Pools,daVinci - BLACK,,false,0.00939,1.446,0,0.59,1783139720
All Pools,Psychic - Crypt,,false,0.00929,49.71,0,0.02,1783139720
All Pools,Psychic - Numbers,,false,0.00928,49.74,0,0.02,1783139720
All Pools,SMRTr - USDT.e,,false,0.00924,1.123,0,0.75,1783139720
All Pools,Numbers - BLACK,,false,0.00922,1.446,0,0.58,1783139720
All Pools,Crypt - BLACK,,false,0.00917,1.458,0,0.57,1783139720
All Pools,Psychic - Partment,,false,0.00902,49.73,0,0.02,1783139720
All Pools,BIRD - AVAX,,false,0.00899,0.01012,0,81.06,1783139720
All Pools,MIM - DB,,false,0.00886,0.19204,0,4.21,1783139720
All Pools,Psychic - Alice,,false,0.00884,49.72,0,0.02,1783139720
All Pools,AVAX - COSMIC,,false,0.00879,1.081,0,0.74,1783139720
All Pools,JOE - aXEN,,false,0.00875,0.19691,0,4.05,1783139720
All Pools,USDC - COSMIC,,false,0.00875,54.06,0,0.01,1783139720
All Pools,DB - AVAX,,false,0.00875,1.435,0,0.56,1783139720
All Pools,BLACK - Alice,,false,0.00872,1.455,0,0.55,1783139720
All Pools,AVAX - MUG,,false,0.00871,1.039,0,0.77,1783139720
All Pools,Psychic - PlotTwist,,false,0.00867,50.85,0,0.02,1783139720
All Pools,NOCHILL - MU,,false,0.00864,1.625,0,0.49,1783139720
All Pools,KOKSAL - AVAX,,false,0.00858,2.908,0,0.27,1783139720
All Pools,BENIS - NOCHILL,,false,0.00855,3.104,0,0.25,1783139720
All Pools,KOKSAL - USDC,,false,0.00854,4.522,0,0.17,1783139720
All Pools,Psychic - TwinFlames,,false,0.00852,50.31,0,0.02,1783139720
All Pools,AKA - AVAX,,false,0.00851,1.866,0,0.42,1783139720
All Pools,AKA - USDt,,false,0.00848,2.775,0,0.28,1783139720
All Pools,GMX - USDC,,false,0.00839,0.83936,0,0.91,1783139720
All Pools,Psychic - RefZip,,false,0.00823,49.75,0,0.02,1783139720
All Pools,SWIFT - USDT.e,,false,0.00821,0.41878,0,1.79,1783139720
All Pools,RefZip - BLACK,,false,0.00819,1.445,0,0.52,1783139720
All Pools,AVAX - Ouroboros,,false,0.00813,16.1,0,0.05,1783139720
All Pools,Trinity - Ouroboros,,false,0.00811,9.583,0,0.08,1783139720
All Pools,ORNG - JUICE,,false,0.00796,1.398,0,0.52,1783139720
All Pools,AVAX - NORTH,,false,0.00795,1.83,0,0.4,1783139720
All Pools,AVAX - NXUSD,,false,0.00794,0.38741,0,1.87,1783139720
All Pools,USDT.e - NORTH,,false,0.0079,26.55,0,0.03,1783139720
All Pools,CAPY - ARENA,,false,0.0079,23023,0,0,1783139720
All Pools,USDC.e - BAVA,,false,0.00788,2.708,0,0.27,1783139720
All Pools,Psychic - Equal,,false,0.00778,49.75,0,0.01,1783139720
All Pools,Choice - Psychic,,false,0.00775,49.72,0,0.01,1783139720
All Pools,Equal - BLACK,,false,0.00773,1.444,0,0.49,1783139720
All Pools,CNR - AVAX,,false,0.00769,47.8,0,0.01,1783139720
All Pools,ETHM - LINK.e,,false,0.00765,0.11073,0,6.3,1783139720
All Pools,3ULL - USDt,,false,0.0076,2.235,0,0.31,1783139720
All Pools,EagleToken - AVAX,,false,0.00757,1.713,0,0.4,1783139720
All Pools,EagleToken - USDC.e,,false,0.00753,2.057,0,0.33,1783139720
All Pools,Trinity - TruthClosure,,false,0.0074,6.927,0,0.1,1783139720
All Pools,PB - MIM,,false,0.00738,5.793,0,0.12,1783139720
All Pools,AVAX - DUA,,false,0.00738,1.795,0,0.38,1783139720
All Pools,DUA - USDC,,false,0.00734,11.54,0,0.06,1783139720
All Pools,MUMO - AVAX,,false,0.00731,0.14846,0,4.49,1783139720
All Pools,RUG - DAI.e,,false,0.00729,0.76857,0,0.87,1783139720
All Pools,PB - AVAX,,false,0.00727,0.1631,0,4.07,1783139720
All Pools,Trinity - IngersollLockwood,,false,0.00724,0.73848,0,0.89,1783139720
All Pools,SFI - AVAX,,false,0.00718,0.94678,0,0.69,1783139720
All Pools,MIM - ICY,,false,0.00718,7.48,0,0.09,1783139720
All Pools,SMRT - XAVA,,false,0.00709,2.391,0,0.27,1783139720
All Pools,DB - AVAX,,false,0.00709,0.78221,0,0.83,1783139720
All Pools,LYD - REDWOLF,,false,0.00705,4.197,0,0.15,1783139720
All Pools,MIM - SFI,,false,0.00685,0.16529,0,3.78,1783139720
All Pools,KR - AVAX,,false,0.0068,1.444,0,0.43,1783139720
All Pools,KR - USDC.e,,false,0.00676,11.16,0,0.06,1783139720
All Pools,AI9000 - MU,,false,0.00668,1.083,0,0.56,1783139720
All Pools,MU - SOL,,false,0.00665,1.134,0,0.53,1783139720
All Pools,USDC.e - UST,,false,0.00661,1.583,0,0.38,1783139720
All Pools,NOCHILL - AMI,,false,0.0065,3.519,0,0.17,1783139720
All Pools,TIME - SPELL,,false,0.00646,0.41133,0,1.43,1783139720
All Pools,AVAX - SNOWY,,false,0.00646,4.261,0,0.14,1783139720
All Pools,DB - USDC,,false,0.00645,0.35072,0,1.68,1783139720
All Pools,XPOW - USDt,,false,0.00644,1.119,0,0.53,1783139720
All Pools,AVAX - RUG,,false,0.00642,0.33113,0,1.77,1783139720
All Pools,Psychic - Self,,false,0.0064,51.57,0,0.01,1783139720
All Pools,USV - AVAX,,false,0.00637,0.96353,0,0.6,1783139720
All Pools,MU - MUG,,false,0.00637,2334.95,0,0,1783139720
All Pools,HH - AVAX,,false,0.00636,257.63,0,0,1783139720
All Pools,APOW - MU,,false,0.00634,2.371,0,0.24,1783139720
All Pools,HH - ARENA,,false,0.00632,1.771,0,0.33,1783139720
All Pools,JOE - CNR,,false,0.00629,0.75053,0,0.76,1783139720
All Pools,Self - BLACK,,false,0.00627,0.64584,0,0.89,1783139720
All Pools,AVAX - HOST,,false,0.00622,1.617,0,0.35,1783139720
All Pools,Psychic - Checkmate,,false,0.00618,49.86,0,0.01,1783139720
All Pools,Checkmate - BLACK,,false,0.00615,1.447,0,0.39,1783139720
All Pools,LUNA - USDC,,false,0.00615,1.463,0,0.38,1783139720
All Pools,JOE - USDt,,false,0.00613,0.67278,0,0.83,1783139720
All Pools,CRA - USDC.e,,false,0.00604,0.4896,0,1.13,1783139720
All Pools,Gladiator - AVAX,,false,0.00603,1.599,0,0.34,1783139720
All Pools,WITCH - AVAX,,false,0.00602,2.221,0,0.25,1783139720
All Pools,APOW - XPOW,,false,0.00599,22.31,0,0.02,1783139720
All Pools,WITCH - USDC,,false,0.00598,1.591,0,0.34,1783139720
All Pools,Psychic - Go,,false,0.00597,58.69,0,0.01,1783139720
All Pools,GRAPE - AVAX,,false,0.00597,0.09278,0,5.87,1783139720
All Pools,Trinity - IfYouKnowYouKnow,,false,0.00596,3.618,0,0.15,1783139720
All Pools,AVAX - sSB,,false,0.00584,0.47072,0,1.13,1783139720
All Pools,EGG - AVAX,,false,0.00583,1.382,0,0.39,1783139720
All Pools,HOST - DAI.e,,false,0.00579,2.82,0,0.19,1783139720
All Pools,EGG - USDT.e,,false,0.00578,1.858,0,0.28,1783139720
All Pools,DAI.e - NXUSD,,false,0.00577,0.19459,0,2.7,1783139720
All Pools,HATCHY - AMI,,false,0.00575,2.782,0,0.19,1783139720
All Pools,CRAFT - USDC.e,,false,0.00575,0.75628,0,0.69,1783139720
All Pools,UST - WINE,,false,0.00553,0.11281,0,4.47,1783139720
All Pools,LUNA - USDt,,false,0.0055,1.386,0,0.36,1783139720
All Pools,AVE - AVAX,,false,0.00549,3.243,0,0.15,1783139720
All Pools,ETHM - USDT.e,,false,0.00546,0.06996,0,7.12,1783139720
All Pools,xJOE - wsOHM,,false,0.00545,0.18676,0,2.66,1783139720
All Pools,xJOE - AVAX,,false,0.00538,1.925,0,0.26,1783139720
All Pools,Degen - AVAX,,false,0.00535,1508.2,0,0,1783139720
All Pools,MIM - ARABBIT,,false,0.00534,0.25782,0,1.89,1783139720
All Pools,ARABBIT - AVAX,,false,0.00524,0.25696,0,1.86,1783139720
All Pools,BEAM - MU,,false,0.00515,0.91051,0,0.52,1783139720
All Pools,MIM - SMOKA,,false,0.00502,0.23118,0,1.98,1783139720
All Pools,AVAX - LODE,,false,0.00497,1.037,0,0.44,1783139720
All Pools,USDC - LODE,,false,0.00492,1025.08,0,0,1783139720
All Pools,SMOKA - AVAX,,false,0.00492,0.2532,0,1.77,1783139720
All Pools,BEE - AVAX,,false,0.00487,0.69736,0,0.64,1783139720
All Pools,BEE - USDT.e,,false,0.00483,32.17,0,0.01,1783139720
All Pools,QI - USDC,,false,0.00482,0.07427,0,5.92,1783139720
All Pools,TokenZ - AVAX,,false,0.00479,1.986,0,0.22,1783139720
All Pools,TokenZ - USDC,,false,0.00477,3.603,0,0.12,1783139720
All Pools,MIM - PLEB,,false,0.00475,7.87,0,0.06,1783139720
All Pools,gOHM - USDT.e,,false,0.00468,0.62842,0,0.68,1783139720
All Pools,AVAX - PLEB,,false,0.00466,0.09036,0,4.71,1783139720
All Pools,AVAX - IMPACT,,false,0.00453,2.806,0,0.15,1783139720
All Pools,USDt - IMPACT,,false,0.00451,1.729,0,0.24,1783139720
All Pools,MIM - AKITA,,false,0.00442,0.08369,0,4.82,1783139720
All Pools,AVAX - SAGE,,false,0.00436,0.74127,0,0.54,1783139720
All Pools,AVAX - AKITA,,false,0.00433,1876.48,0,0,1783139720
All Pools,USDC.e - SAGE,,false,0.00432,2.079,0,0.19,1783139720
All Pools,JOE - AVE,,false,0.00431,1.271,0,0.31,1783139720
All Pools,DCAR - AVAX,,false,0.00423,0.96045,0,0.4,1783139720
All Pools,3ULL - USDT.e,,false,0.00422,0.57611,0,0.67,1783139720
All Pools,DCAR - USDC,,false,0.00421,56.33,0,0.01,1783139720
All Pools,AVAX - TT,,false,0.00421,1.694,0,0.23,1783139720
All Pools,USDC - TT,,false,0.00419,2.024,0,0.19,1783139720
All Pools,AI9000 - USDt,,false,0.00418,0.78212,0,0.49,1783139720
All Pools,SixSixSix - AVAX,,false,0.00409,2.428,0,0.15,1783139720
All Pools,Trinity - SixSixSix,,false,0.00407,2.849,0,0.13,1783139720
All Pools,COQ - ARENA,,false,0.00391,0.84928,0,0.42,1783139720
All Pools,ACS - USDt,,false,0.00368,0.94478,0,0.36,1783139720
All Pools,REDWOLF - ODDZ,,false,0.00364,1.365,0,0.24,1783139720
All Pools,AVAX - ASND,,false,0.00362,0.11053,0,2.99,1783139720
All Pools,TSD - USDT.e,,false,0.00357,0.17416,0,1.87,1783139720
All Pools,HUSKY - aXEN,,false,0.00356,0.05673,0,5.73,1783139720
All Pools,MIM - ASND,,false,0.00356,70.64,0,0,1783139720
All Pools,ELXR - USDC.e,,false,0.00352,1092.41,0,0,1783139720
All Pools,WET - USDT.e,,false,0.00349,0.38237,0,0.83,1783139720
All Pools,JamesBond - BLACK,,false,0.00349,0.32969,0,0.97,1783139720
All Pools,JOE - USDR,,false,0.00347,0.57021,0,0.56,1783139720
All Pools,RGK - AVAX,,false,0.00344,0.06044,0,5.2,1783139720
All Pools,Trinity - BLACK,,false,0.00337,0.19807,0,1.55,1783139720
All Pools,USDC.e - TIME,,false,0.00336,0.20295,0,1.51,1783139720
All Pools,SUB - AVAX,,false,0.00335,0.44081,0,0.69,1783139720
All Pools,SUB - USDC,,false,0.00332,69.67,0,0,1783139720
All Pools,GMX - USDt,,false,0.00328,0.34695,0,0.86,1783139720
All Pools,USDC.e - SMRT,,false,0.00326,1.888,0,0.16,1783139720
All Pools,BNZ - KET,,false,0.00324,2.649,0,0.11,1783139720
All Pools,Balln - AMI,,false,0.00323,0.49892,0,0.59,1783139720
All Pools,MU - KET,,false,0.00322,0.95128,0,0.31,1783139720
All Pools,USDC - SPT,,false,0.0032,0.13767,0,2.12,1783139720
All Pools,MAXI - AVAX,,false,0.00304,0.67594,0,0.41,1783139720
All Pools,MEAT - AVAX,,false,0.00297,3990.19,0,0,1783139720
All Pools,MEAT - MU,,false,0.00295,0.4157,0,0.65,1783139720
All Pools,DoloresCannon - BLACK,,false,0.00294,0.33017,0,0.81,1783139720
All Pools,USDC.e - WET,,false,0.00294,0.38245,0,0.7,1783139720
All Pools,HUSKY - MU,,false,0.0029,0.04143,0,6.38,1783139720
All Pools,Psychic - YouAndI,,false,0.00284,49.76,0,0.01,1783139720
All Pools,tst1 - AVAX,,false,0.00282,0.49074,0,0.52,1783139720
All Pools,SB - DAI.e,,false,0.0028,0.13559,0,1.89,1783139720
All Pools,tst1 - USDT.e,,false,0.0028,2.627,0,0.1,1783139720
All Pools,sAVAX - USDC,,false,0.00279,0.4652,0,0.55,1783139720
All Pools,NOCHILL - WAIFU,,false,0.00279,147.62,0,0,1783139720
All Pools,TEST - DAI.e,,false,0.00275,1.174,0,0.21,1783139720
All Pools,USDC - AMI,,false,0.00272,0.5115,0,0.48,1783139720
All Pools,AMI - DEGEN404,,false,0.00271,0.76679,0,0.32,1783139720
All Pools,gOHM - USDC.e,,false,0.0027,0.31927,0,0.77,1783139720
All Pools,OLIVE - AVAX,,false,0.0027,0.0012,0,204.5,1783139720
All Pools,SPORE - JOE,,false,0.0027,0.44493,0,0.55,1783139720
All Pools,MIM - BSGG,,false,0.00267,0.08021,0,3.04,1783139720
All Pools,HUSKY - SMRTr,,false,0.00266,0.04619,0,5.26,1783139720
All Pools,AUX - AVAX,,false,0.00261,0.32116,0,0.74,1783139720
All Pools,UNI.e - AVAX,,false,0.00261,0.02989,0,7.96,1783139720
All Pools,FITFI - USDC,,false,0.0026,0.21418,0,1.11,1783139720
All Pools,AUX - USDC,,false,0.00259,646.77,0,0,1783139720
All Pools,GATOR - GURS,,false,0.00251,0.12706,0,1.81,1783139720
All Pools,GOD - AVAX,,false,0.0025,22.05,0,0.01,1783139720
All Pools,BTC.b - MUMO,,false,0.00246,4.079,0,0.06,1783139720
All Pools,YEEHAW - ABC,,false,0.00245,0.25839,0,0.87,1783139720
All Pools,LYD - AVAX,,false,0.00245,0.67169,0,0.33,1783139720
All Pools,NOCHILL - ARENA,,false,0.00242,0.28982,0,0.76,1783139720
All Pools,TEST - USDT.e,,false,0.00242,3.922,0,0.06,1783139720
All Pools,MIM - BTC.b,,false,0.0024,0.02363,0,9.25,1783139720
All Pools,AVAX - CAKE,,false,0.00232,0.6245,0,0.34,1783139720
All Pools,CRA - USDT.e,,false,0.00232,0.23105,0,0.92,1783139720
All Pools,USDT.e - CAKE,,false,0.00231,48.32,0,0,1783139720
All Pools,LINK.e - MUG,,false,0.00231,0.22691,0,0.93,1783139720
All Pools,NUG - AVAX,,false,0.0023,0.32598,0,0.64,1783139720
All Pools,NUG - USDC,,false,0.00228,2.33,0,0.09,1783139720
All Pools,AVAX - RBEES,,false,0.00222,0.55502,0,0.37,1783139720
All Pools,WETH.e - USDt,,false,0.00222,0.06557,0,3.09,1783139720
All Pools,USDC.e - RBEES,,false,0.0022,0.45364,0,0.44,1783139720
All Pools,USDC.e - XAVA,,false,0.00214,0.34838,0,0.56,1783139720
All Pools,MIM - LEXIP,,false,0.00207,0.06242,0,3.03,1783139720
All Pools,SolarDAO - AVAX,,false,0.00207,0.33768,0,0.56,1783139720
All Pools,LIRA - AVAX,,false,0.00206,10.98,0,0.02,1783139720
All Pools,MIM - SNOW,,false,0.00206,0.11986,0,1.57,1783139720
All Pools,SolarDAO - USDT.e,,false,0.00205,2.016,0,0.09,1783139720
All Pools,LEXIP - AVAX,,false,0.00202,0.25341,0,0.73,1783139720
All Pools,SYMBIOT - AVAX,,false,0.00201,1.157,0,0.16,1783139720
All Pools,SNOW - AVAX,,false,0.00201,0.0828,0,2.21,1783139720
All Pools,AVAX - WARP,,false,0.00198,1.2,0,0.15,1783139720
All Pools,PNG - USDT.e,,false,0.00198,0.81677,0,0.22,1783139720
All Pools,TEDDY - USDC,,false,0.00198,0.37572,0,0.48,1783139720
All Pools,USDT.e - WARP,,false,0.00197,0.84354,0,0.21,1783139720
All Pools,FollowTheWhiteRabbit - BLACK,,false,0.00194,0.14945,0,1.18,1783139720
All Pools,BTC.b - yyAVAX,,false,0.00188,4.275,0,0.04,1783139720
All Pools,ACTA - AVAX,,false,0.00188,0.19292,0,0.89,1783139720
All Pools,SYMBIOT - DAI.e,,false,0.00187,0.41516,0,0.41,1783139720
All Pools,Gravity - ThreeThreeSeven,,false,0.00187,1.61,0,0.11,1783139720
All Pools,BTC.b - WETH.e,,false,0.00186,0.42174,0,0.4,1783139720
All Pools,ACTA - USDt,,false,0.00186,464.95,0,0,1783139720
All Pools,CREAM - AVAX,,false,0.00186,167.55,0,0,1783139720
All Pools,GMX - JOE,,false,0.00186,0.31258,0,0.54,1783139720
All Pools,MIM - CLAVIS,,false,0.00184,17.07,0,0.01,1783139720
All Pools,CREAM - STRAW,,false,0.00184,0.18246,0,0.92,1783139720
All Pools,AVME - AVAX,,false,0.00182,0.00172,0,96.85,1783139720
All Pools,BLACK - ThreeThreeSeven,,false,0.0018,0.24075,0,0.68,1783139720
All Pools,CLAVIS - AVAX,,false,0.0018,0.04337,0,3.79,1783139720
All Pools,MIM - LVT,,false,0.00178,0.03304,0,4.91,1783139720
All Pools,xAVAX - AVAX,,false,0.00177,0.56625,0,0.29,1783139720
All Pools,JADE - USDC,,false,0.00177,318.69,0,0,1783139720
All Pools,JPYC - AVAX,,false,0.0017,0.24438,0,0.64,1783139720
All Pools,MIM - SN,,false,0.0017,14.27,0,0.01,1783139720
All Pools,WETH.e - SPELL,,false,0.00169,0.2183,0,0.71,1783139720
All Pools,AVAX - LVT,,false,0.00167,43288,0,0,1783139720
All Pools,SN - AVAX,,false,0.00166,0.03999,0,3.78,1783139720
All Pools,LIBRE - AVAX,,false,0.00165,1.372,0,0.11,1783139720
All Pools,JOE - LIBRE,,false,0.00164,0.31926,0,0.47,1783139720
All Pools,MIM - DON,,false,0.00161,0.0391,0,3.76,1783139720
All Pools,LAMA - JUICY,,false,0.00157,0.01834,0,7.81,1783139720
All Pools,HUSKY - TRESR,,false,0.00156,0.02568,0,5.55,1783139720
All Pools,GENI - USDC.e,,false,0.00154,0.09824,0,1.43,1783139720
All Pools,ARENA - JUICY,,false,0.00152,0.03903,0,3.56,1783139720
All Pools,MIM - MNT,,false,0.00149,0.09788,0,1.38,1783139720
All Pools,AVAX - BFG,,false,0.00148,1.592,0,0.08,1783139720
All Pools,USDC - BFG,,false,0.00147,0.18802,0,0.71,1783139720
All Pools,MNT - AVAX,,false,0.00145,0.04154,0,3.18,1783139720
All Pools,LAMA - AVAX,,false,0.00143,8801.51,0,0,1783139720
All Pools,JEWEL - AVAX,,false,0.00143,0.16707,0,0.78,1783139720
All Pools,BLUB - MU,,false,0.00138,0.14685,0,0.86,1783139720
All Pools,xAVAX - USDC,,false,0.00137,0.21906,0,0.57,1783139720
All Pools,GGP - JUICY,,false,0.00133,0.03267,0,3.71,1783139720
All Pools,GRAPE - USDC.e,,false,0.00132,0.03688,0,3.26,1783139720
All Pools,FITFI - USDC.e,,false,0.0013,0.11482,0,1.04,1783139720
All Pools,ABC - MU,,false,0.0013,0.05574,0,2.13,1783139720
All Pools,EUROS - AVAX,,false,0.0013,0.99277,0,0.12,1783139720
All Pools,WETH.e - MUMO,,false,0.00124,0.18728,0,0.6,1783139720
All Pools,MIM - FAP,,false,0.00121,0.04924,0,2.25,1783139720
All Pools,DEG - AVAX,,false,0.00119,207.45,0,0,1783139720
All Pools,BFLY - AVAX,,false,0.00117,0.34735,0,0.31,1783139720
All Pools,BFLY - USDC,,false,0.00116,0.20868,0,0.51,1783139720
All Pools,SOFT - AVAX,,false,0.00116,0.39711,0,0.27,1783139720
All Pools,LUEEGI - AVAX,,false,0.00115,1063.56,0,0,1783139720
All Pools,MIM - KANDY,,false,0.00114,0.05862,0,1.77,1783139720
All Pools,SOFT - USDT.e,,false,0.00113,0.73626,0,0.14,1783139720
All Pools,LUEEGI - USDt,,false,0.00113,0.07152,0,1.44,1783139720
All Pools,LoveIsTheKey - AVAX,,false,0.00112,11.02,0,0.01,1783139720
All Pools,FAP - DAI.e,,false,0.00111,0.64601,0,0.16,1783139720
All Pools,KANDY - AVAX,,false,0.00111,0.03735,0,2.71,1783139720
All Pools,LOK - AVAX,,false,0.0011,193.88,0,0,1783139720
All Pools,BANKSY - AVAX,,false,0.0011,0.16154,0,0.62,1783139720
All Pools,STG - JOE,,false,0.00109,0.11527,0,0.86,1783139720
All Pools,BANKSY - USDT.e,,false,0.00109,0.65996,0,0.15,1783139720
All Pools,LOK - MU,,false,0.00108,0.07095,0,1.39,1783139720
All Pools,AVAX - HOST,,false,0.00105,0.12414,0,0.78,1783139720
All Pools,XPOW - USDC,,false,0.00103,0.08147,0,1.16,1783139720
All Pools,TSD - USDC.e,,false,0.00103,0.06282,0,1.49,1783139720
All Pools,AVAX - APOW,,false,0,4.371,0,0.02,1783139720
All Pools,DAI.e - HOST,,false,0,15.67,0,0.01,1783139720
All Pools,USDC - APOW,,false,0,0.08404,0,1.05,1783139720
All Pools,MIM - KING,,false,0,75667221,0,0,1783139720
All Pools,MIM - ACME,,false,0,0.02341,0,3.74,1783139720
All Pools,Gravity - Mercury,,false,0,1.61,0,0.05,1783139720
All Pools,AVAX - ASND,,false,0,0.2626,0,0.33,1783139720
All Pools,LIRA - USDt,,false,0,0.07145,0,1.19,1783139720
All Pools,ASND - USDT.e,,false,0,0.70461,0,0.12,1783139720
All Pools,AVAX - SPT,,false,0,0.10634,0,0.77,1783139720
All Pools,144Thousand - Gravity,,false,0,1.608,0,0.05,1783139720
All Pools,ETHM - JOE,,false,0,0.01,0,7.69,1783139720
All Pools,144Thousand - BLACK,,false,0,0.23984,0,0.32,1783139720
All Pools,MUME - MIM,,false,0,0.01316,0,5.76,1783139720
All Pools,BUSD - USDT.e,,false,0,0.07817,0,0.97,1783139720
All Pools,APOW - AVAX,,false,0,0.12693,0,0.59,1783139720
All Pools,APOW - USDt,,false,0,0.18734,0,0.4,1783139720
All Pools,AVAX - SYMBIOT,,false,0,0.27451,0,0.26,1783139720
All Pools,BNB - MU,,false,0,0.07178,0,0.99,1783139720
All Pools,HUSKY - HIGHER,,false,0,0.01011,0,6.69,1783139720
All Pools,DON - AVAX,,false,0,3666.95,0,0,1783139720
All Pools,DAI.e - SYMBIOT,,false,0,1.356,0,0.05,1783139720
All Pools,AVAX - HON,,false,0,53067,0,0,1783139720
All Pools,MIM - STOMB,,false,0,0.05005,0,1.24,1783139720
All Pools,USDt - HON,,false,0,0.03067,0,1.99,1783139720
All Pools,STOMB - AVAX,,false,0,0.06251,0,0.97,1783139720
All Pools,SOB - LUNA,,false,0,0.87322,0,0.07,1783139720
All Pools,MUMO - MU,,false,0,0.56796,0,0.1,1783139720
All Pools,BTCFi - AVAX,,false,0,0.10957,0,0.51,1783139720
All Pools,BTCFi - USDC,,false,0,0.04061,0,1.34,1783139720
All Pools,USDC.e - WSHARE,,false,0,2321.7,0,0,1783139720
All Pools,MIM - SNOW,,false,0,0.02206,0,2.42,1783139720
All Pools,SNOW - AVAX,,false,0,4.637,0,0.01,1783139720
All Pools,FMN - AVAX,,false,0,0.0313,0,1.55,1783139720
All Pools,USDT.e - AKITAX,,false,0,0.00247,0,18.79,1783139720
All Pools,MAI - MAI,,false,0,0.20132,0,0.23,1783139720
All Pools,SUBZERO - TOMB,,false,0,0.02986,0,1.51,1783139720
All Pools,MIM - CROWN,,false,0,105.48,0,0,1783139720
All Pools,AVAX - MAI,,false,0,0.01871,0,2.39,1783139720
All Pools,AVAX - CROWN,,false,0,0.0105,0,4.09,1783139720
All Pools,MIM - MAG,,false,0,86.87,0,0,1783139720
All Pools,ETHW - AVAX,,false,0,0.01712,0,2.34,1783139720
All Pools,ETHW - USDC,,false,0,1.195,0,0.03,1783139720
All Pools,MAG - AVAX,,false,0,0.00911,0,4.25,1783139720
All Pools,MUME - USDC.e,,false,0,0.51177,0,0.08,1783139720
All Pools,MIM - EAGLE,,false,0,0.0449,0,0.85,1783139720
All Pools,ACME - AVAX,,false,0,0.0233,0,1.63,1783139720
All Pools,EAGLE - USDC,,false,0,0.01641,0,2.23,1783139720
All Pools,SHERPA - USDT.e,,false,0,0.06062,0,0.59,1783139720
All Pools,YEEHAW - xAVAX,,false,0,0.20369,0,0.17,1783139720
All Pools,USDT.e - NEKO,,false,0,0.04723,0,0.72,1783139720
All Pools,AI - MU,,false,0,0.01264,0,2.67,1783139720
All Pools,MUME - USDC,,false,0,0.07852,0,0.43,1783139720
All Pools,MIM - AVE,,false,0,0.0094,0,3.57,1783139720
All Pools,MIM - TESSTT,,false,0,0.00871,0,3.69,1783139720
All Pools,TESSTT - AVAX,,false,0,0.05876,0,0.55,1783139720
All Pools,MIM - VLGR,,false,0,0.01819,0,1.75,1783139720
All Pools,MIM - NEBU,,false,0,0.00842,0,3.7,1783139720
All Pools,MIM - MNT,,false,0,4.424,0,0.01,1783139720
All Pools,AVAX - VLGR,,false,0,0.01299,0,2.34,1783139720
All Pools,AVAX - NEBU,,false,0,1.166,0,0.03,1783139720
All Pools,MNT - AVAX,,false,0,0.00949,0,3.1,1783139720
All Pools,Now - AVAX,,false,0,0.01908,0,1.54,1783139720
All Pools,LUNA - MIM,,false,0,0.00613,0,4.76,1783139720
All Pools,GMX - MU,,false,0,0.00803,0,3.56,1783139720
All Pools,Now - BLACK,,false,0,0.10493,0,0.27,1783139720
All Pools,CREAMA - AVAX,,false,0,0.0415,0,0.65,1783139720
All Pools,CREAMA - USDt,,false,0,0.02395,0,1.1,1783139720
All Pools,WETH.e - LINK.e,,false,0,0.11903,0,0.22,1783139720
All Pools,USDT.e - GG,,false,0,0.01247,0,2.05,1783139720
All Pools,QI - XAVA,,false,0,0.00383,0,6.63,1783139720
All Pools,AVAX - Lukhanyo,,false,0,8.367,0,0,1783139720
All Pools,Gravity - Lukhanyo,,false,0,1.618,0,0.01,1783139720
All Pools,MIM - MUMO,,false,0,0.00512,0,4.09,1783139720
All Pools,OH - USDT.e,,false,0,0.03089,0,0.66,1783139720
All Pools,MUMO - USDT.e,,false,0,0.10571,0,0.19,1783139720
All Pools,HUNT - AVAX,,false,0,0.01612,0,1.08,1783139720
All Pools,USDC.e - HUNT,,false,0,0.04565,0,0.37,1783139720
All Pools,MIM - MILK,,false,0,10.72,0,0,1783139720
All Pools,CAPY - AVAX,,false,0,0.01538,0,1.02,1783139720
All Pools,MILK - AVAX,,false,0,0.0025,0,6.15,1783139720
All Pools,MIM - JOE,,false,0,0.00223,0,6.53,1783139720
All Pools,MIM - ARMOR,,false,0,0.00412,0,3.35,1783139720
All Pools,ARMOR - AVAX,,false,0,0.00304,0,4.17,1783139720
All Pools,SRA - AVAX,,false,0,0.00235,0,4.48,1783139720
All Pools,bJOE - JOE,,false,0,0.06002,0,0.08,1783139720
All Pools,aAvaWAVAX - AVAX,,false,0,0.19654,0,0.01,1783139720
All Pools,PRINCESS - AVAX,,false,0,0.10964,0,0.01,1783139720
All Pools,FATE - USDC,,false,0,472765,0,0,1783139720
All Pools,SaintGermain - WhoLovesYou,,false,0,0,0,0,1783139720
All Pools,Volodymyr - SaintGermain,,false,0,0,0,0,1783139720
All Pools,ThreeThreeNine - SaintGermain,,false,0,0,0,0,1783139720
All Pools,PlotTwist - LordJesusChrist,,false,0,0,0,0,1783139720