filter,pool_name,fee_percent,has_rewards,volume_24h,liquidity,fees_24h,apr_24h,epoch_time
All Pools,AVAX - USDC,,False,713943.0,393665.0,369.69,34.28,1784939310
All Pools,ARENA - AVAX,,False,116963.0,242921.0,11.67,1.75,1784939310
All Pools,sAVAX - AVAX,,False,82755.0,44997.0,8.469,6.87,1784939310
All Pools,WETH.e - USDC,,False,39081.0,12779.0,58.97,168.43,1784939310
All Pools,BTC.b - USDC,,False,29622.0,580657.0,15.09,0.95,1784939310
All Pools,sAVAX - AVAX,,False,24974.0,50835.0,25.0,17.95,1784939310
All Pools,USDC.e - AVAX,,False,24712.0,359552.0,61.78,6.27,1784939310
All Pools,NXUSD - WXT,,False,24574.0,446021.0,61.43,5.03,1784939310
All Pools,AUSD - USDC,,False,18948.0,118014.0,1.948,0.6,1784939310
All Pools,BEAM - AVAX,,False,16135.0,14843.0,40.82,100.39,1784939310
All Pools,AVAX - USDC,,False,15535.0,340159.0,38.84,4.17,1784939310
All Pools,USDt - USDC,,False,11998.0,162676.0,0.96481,0.22,1784939310
All Pools,AVAX - USDT.e,,False,11886.0,461550.0,29.71,2.35,1784939310
All Pools,USDC - XAVA,,False,10373.0,481460.0,25.93,1.97,1784939310
All Pools,FOLKS - AVAX,,False,9830.42,34810.0,24.95,26.16,1784939310
All Pools,USDt - USDC,,False,9238.11,159932.0,0.64769,0.15,1784939310
All Pools,COQ - AVAX,,False,8661.1,411634.0,21.65,1.92,1784939310
All Pools,AVAX - USDt,,False,7862.76,96415.0,15.96,6.04,1784939310
All Pools,XAUt0 - USDt,,False,7691.24,27636.0,4.028,5.32,1784939310
All Pools,USDT.e - USDt,,False,7360.72,44443.0,1.475,1.21,1784939310
All Pools,BEAM - USDC,,False,7265.18,67621.0,18.16,9.8,1784939310
All Pools,CAPY - ARENA,,False,6541.4,26146.0,16.35,22.83,1784939310
All Pools,USDT.e - USDC,,False,6036.76,51088.0,1.23,0.88,1784939310
All Pools,AAVE.e - AVAX,,False,5742.18,252043.0,14.36,2.08,1784939310
All Pools,JOE - USDC.e,,False,5241.13,257134.0,13.1,1.86,1784939310
All Pools,WETH.e - AVAX,,False,4928.32,368350.0,12.32,1.22,1784939310
All Pools,AVAX - BTC.b,,False,4758.54,25396.0,2.877,4.14,1784939310
All Pools,XAVA - AVAX,,False,3919.6,117936.0,31.37,9.71,1784939310
All Pools,QI - AVAX,,False,3627.69,115416.0,9.069,2.87,1784939310
All Pools,JOE - AVAX,,False,3512.65,206141.0,8.782,1.55,1784939310
All Pools,GUN - AVAX,,False,2504.68,8964.51,7.741,31.52,1784939310
All Pools,LCPEDU - USDt,,False,2214.79,6934835.0,35.51,0.19,1784939310
All Pools,USDC.e - USDC,,False,2139.31,3894.55,0.43481,4.08,1784939310
All Pools,ORNG - AVAX,,False,2003.64,16444.0,5.009,11.12,1784939310
All Pools,GGP - AVAX,,False,1874.89,19278.0,4.687,8.87,1784939310
All Pools,QI - AVAX,,False,1862.76,7431.02,4.691,23.04,1784939310
All Pools,DAI.e - USDC,,False,1812.25,26580.0,0.39179,0.54,1784939310
All Pools,HUNDRED - USDC,,False,1668.24,474294.0,4.171,0.32,1784939310
All Pools,EURC - USDC,,False,1616.3,10025.0,1.107,4.03,1784939310
All Pools,WBTC.e - AVAX,,False,1602.61,129836.0,4.007,1.13,1784939310
All Pools,gOHM - AVAX,,False,1549.11,125571.0,3.873,1.13,1784939310
All Pools,BTC.b - AVAX,,False,1492.7,106118.0,3.732,1.28,1784939310
All Pools,TOPIA - AVAX,,False,1236.81,2967.27,1.783,21.93,1784939310
All Pools,FLD - AVAX,,False,1119.32,35060.0,2.798,2.91,1784939310
All Pools,WBTC.e - BTC.b,,False,985.65,230067.0,0.3183,0.05,1784939310
All Pools,USDt - AVAX,,False,960.28,37877.0,2.401,2.31,1784939310
All Pools,GMX - AVAX,,False,928.89,4138.7,2.322,20.48,1784939310
All Pools,MOR - AVAX,,False,892.63,80.28,2.232,1014.62,1784939310
All Pools,MUON - AVAX,,False,890.9,42720.0,2.227,1.9,1784939310
All Pools,LINK.e - AVAX,,False,875.07,38660.0,2.188,2.07,1784939310
All Pools,SIERRA - USDC,,False,830.42,159812.0,0.89116,0.2,1784939310
All Pools,JOE - USDT.e,,False,830.08,51552.0,2.075,1.47,1784939310
All Pools,KIMBO - AVAX,,False,802.41,40040.0,2.006,1.83,1784939310
All Pools,USDC.e - USDC,,False,747.24,9736.19,0.08103,0.3,1784939310
All Pools,AUSD - USDt,,False,712.32,54730.0,0.07204,0.05,1784939310
All Pools,HERESY - AVAX,,False,674.23,18385.0,1.686,3.35,1784939310
All Pools,NOCHILL - AVAX,,False,658.84,52889.0,1.647,1.14,1784939310
All Pools,PTOP400 - AVAX,,False,648.38,227.15,2.113,339.53,1784939310
All Pools,TOPIA - BTC.b,,False,628.35,479.98,0.91023,69.22,1784939310
All Pools,ZRO - AVAX,,False,549.04,1626.2,1.4,31.41,1784939310
All Pools,AVAX - DAI.e,,False,506.73,27976.0,1.267,1.65,1784939310
All Pools,APIX - ARENA,,False,498.17,2367.28,1.245,19.2,1784939310
All Pools,USDC.e - USDC,,False,475.57,1955.07,0.09558,1.78,1784939310
All Pools,JPYC - USDC,,False,452.78,2977.25,0.33874,4.15,1784939310
All Pools,WBTC - BTC.b,,False,451.64,68103.0,0.1397,0.07,1784939310
All Pools,AVAX - ALVA,,False,439.69,699.22,1.099,57.38,1784939310
All Pools,JOE - USDC,,False,434.24,23398.0,1.086,1.69,1784939310
All Pools,USDT.e - USDC,,False,393.51,897.73,0.04262,1.73,1784939310
All Pools,AVAX - XAVA,,False,349.68,12461.0,0.8742,2.56,1784939310
All Pools,OSAK - AVAX,,False,337.16,3176.18,0.84289,9.69,1784939310
All Pools,FRAX - USDC,,False,329.66,241.44,0.86183,130.29,1784939310
All Pools,MINA - AVAX,,False,314.72,629.86,0.31489,18.25,1784939310
All Pools,ZETA - AVAX,,False,314.42,629.27,0.31459,18.25,1784939310
All Pools,AXL - AVAX,,False,313.52,627.46,0.31369,18.25,1784939310
All Pools,- AVAX,,False,313.14,626.71,0.31331,18.25,1784939310
All Pools,BDCA - AVAX,,False,312.76,625.96,0.31294,18.25,1784939310
All Pools,KNTQ - AVAX,,False,312.52,625.48,0.3127,18.25,1784939310
All Pools,XP - AVAX,,False,311.95,624.32,0.31212,18.25,1784939310
All Pools,OMI - AVAX,,False,311.89,624.21,0.31206,18.25,1784939310
All Pools,TSLAX - AVAX,,False,311.83,624.08,0.312,18.25,1784939310
All Pools,SKR - AVAX,,False,311.82,624.08,0.31199,18.25,1784939310
All Pools,HOT - AVAX,,False,311.74,623.92,0.31191,18.25,1784939310
All Pools,ASTEROID - AVAX,,False,311.73,623.89,0.3119,18.25,1784939310
All Pools,QFI - AVAX,,False,311.55,623.54,0.31172,18.25,1784939310
All Pools,BASEDHYPE - AVAX,,False,311.5,623.44,0.31167,18.25,1784939310
All Pools,GCOIN - AVAX,,False,311.34,623.1,0.31151,18.25,1784939310
All Pools,T0G - AVAX,,False,311.3,623.03,0.31147,18.25,1784939310
All Pools,IGRA - AVAX,,False,311.21,622.85,0.31138,18.25,1784939310
All Pools,FLUID - AVAX,,False,311.14,623.78,0.31131,18.22,1784939310
All Pools,SN4 - AVAX,,False,311.08,622.58,0.31125,18.25,1784939310
All Pools,EURI - AVAX,,False,311.07,622.57,0.31124,18.25,1784939310
All Pools,PUFF - AVAX,,False,311.05,622.52,0.31122,18.25,1784939310
All Pools,CYS - AVAX,,False,311.05,622.52,0.31122,18.25,1784939310
All Pools,NILA - AVAX,,False,311.05,622.52,0.31122,18.25,1784939310
All Pools,NXT - AVAX,,False,311.05,622.52,0.31122,18.25,1784939310
All Pools,DEGEN - AVAX,,False,311.05,622.52,0.31122,18.25,1784939310
All Pools,FXSAVE - AVAX,,False,310.93,622.28,0.3111,18.25,1784939310
All Pools,NMR - AVAX,,False,310.89,622.21,0.31106,18.25,1784939310
All Pools,DOG - AVAX,,False,310.89,622.21,0.31106,18.25,1784939310
All Pools,QUBIC - AVAX,,False,310.89,622.21,0.31106,18.25,1784939310
All Pools,PC0000019 - AVAX,,False,310.89,622.21,0.31106,18.25,1784939310
All Pools,ARRR - AVAX,,False,310.89,622.21,0.31106,18.25,1784939310
All Pools,MHORSE - AVAX,,False,310.89,622.21,0.31106,18.25,1784939310
All Pools,ALCH - AVAX,,False,310.83,622.09,0.311,18.25,1784939310
All Pools,AIPF - AVAX,,False,310.83,622.09,0.311,18.25,1784939310
All Pools,VBILL - AVAX,,False,310.83,622.09,0.311,18.25,1784939310
All Pools,BAN - AVAX,,False,310.83,622.09,0.311,18.25,1784939310
All Pools,VELO - AVAX,,False,310.81,622.05,0.31098,18.25,1784939310
All Pools,BRETT - AVAX,,False,310.81,622.05,0.31098,18.25,1784939310
All Pools,JELLYJELLY - AVAX,,False,310.81,622.05,0.31098,18.25,1784939310
All Pools,TBK - AVAX,,False,310.8,622.03,0.31097,18.25,1784939310
All Pools,BABYDOGE - AVAX,,False,310.8,622.03,0.31097,18.25,1784939310
All Pools,SUPER - AVAX,,False,310.8,622.03,0.31097,18.25,1784939310
All Pools,TFUEL - AVAX,,False,310.8,622.03,0.31097,18.25,1784939310
All Pools,JCT - AVAX,,False,310.8,622.03,0.31097,18.25,1784939310
All Pools,USDU - AVAX,,False,310.8,622.03,0.31097,18.25,1784939310
All Pools,LBT - AVAX,,False,310.78,622.0,0.31096,18.25,1784939310
All Pools,COAI - AVAX,,False,310.78,622.0,0.31096,18.25,1784939310
All Pools,YFI - AVAX,,False,310.78,622.0,0.31096,18.25,1784939310
All Pools,UAI - AVAX,,False,310.78,622.0,0.31096,18.25,1784939310
All Pools,IO - AVAX,,False,310.78,622.0,0.31096,18.25,1784939310
All Pools,PLUME - AVAX,,False,310.78,622.0,0.31096,18.25,1784939310
All Pools,LINEA - AVAX,,False,310.76,621.95,0.31093,18.25,1784939310
All Pools,PURR - AVAX,,False,310.76,621.95,0.31093,18.25,1784939310
All Pools,ZIL - AVAX,,False,310.76,621.95,0.31093,18.25,1784939310
All Pools,SWOP - AVAX,,False,310.76,621.95,0.31093,18.25,1784939310
All Pools,TURBO - AVAX,,False,310.76,621.95,0.31093,18.25,1784939310
All Pools,METAL - AVAX,,False,310.76,621.95,0.31093,18.25,1784939310
All Pools,MEGA - AVAX,,False,310.74,621.91,0.31091,18.25,1784939310
All Pools,XAUM - AVAX,,False,310.74,621.91,0.31091,18.25,1784939310
All Pools,W - AVAX,,False,310.74,621.91,0.31091,18.25,1784939310
All Pools,BERA - AVAX,,False,310.74,621.91,0.31091,18.25,1784939310
All Pools,GMX - AVAX,,False,310.74,621.91,0.31091,18.25,1784939310
All Pools,XPR - AVAX,,False,310.74,621.91,0.31091,18.25,1784939310
All Pools,APES - AVAX,,False,310.65,621.72,0.31082,18.25,1784939310
All Pools,CARDS - AVAX,,False,310.64,621.71,0.31081,18.25,1784939310
All Pools,ZRX - AVAX,,False,310.64,621.71,0.31081,18.25,1784939310
All Pools,BRLV - AVAX,,False,310.64,621.71,0.31081,18.25,1784939310
All Pools,META - AVAX,,False,310.64,621.71,0.31081,18.25,1784939310
All Pools,ENJ - AVAX,,False,310.64,621.71,0.31081,18.25,1784939310
All Pools,USDON - AVAX,,False,310.64,621.71,0.31081,18.25,1784939310
All Pools,PMUSD - AVAX,,False,310.59,621.62,0.31076,18.25,1784939310
All Pools,GAS - AVAX,,False,310.59,621.62,0.31076,18.25,1784939310
All Pools,ORCA - AVAX,,False,310.59,621.62,0.31076,18.25,1784939310
All Pools,AIOZ - AVAX,,False,310.59,621.62,0.31076,18.25,1784939310
All Pools,ORDI - AVAX,,False,310.59,-3.531,0.31076,-3212.67,1784939310
All Pools,BEAM - AVAX,,False,310.59,621.62,0.31076,18.25,1784939310
All Pools,Q - AVAX,,False,310.59,621.62,0.31076,18.25,1784939310
All Pools,RAVE - AVAX,,False,310.55,621.53,0.31072,18.25,1784939310
All Pools,SAFE - AVAX,,False,310.55,621.53,0.31072,18.25,1784939310
All Pools,IVVON - AVAX,,False,310.55,621.53,0.31072,18.25,1784939310
All Pools,SIERRA - AVAX,,False,310.55,621.53,0.31072,18.25,1784939310
All Pools,TROLL - AVAX,,False,310.55,621.53,0.31072,18.25,1784939310
All Pools,CHIP - AVAX,,False,310.55,621.53,0.31072,18.25,1784939310
All Pools,ZIG - AVAX,,False,310.52,621.46,0.31069,18.25,1784939310
All Pools,MAG7.SSI - AVAX,,False,310.52,621.46,0.31069,18.25,1784939310
All Pools,RVN - AVAX,,False,310.52,621.46,0.31069,18.25,1784939310
All Pools,MF - ONE - AVAX,,False,310.52,621.46,0.31069,18.25,1784939310
All Pools,BIO - AVAX,,False,310.52,621.46,0.31069,18.25,1784939310
All Pools,BLSEYE🎯 - AVAX,,False,310.49,4401.64,0.77622,6.44,1784939310
All Pools,LISUSD - AVAX,,False,310.28,621.0,0.31046,18.25,1784939310
All Pools,USELESS - AVAX,,False,310.28,621.0,0.31046,18.25,1784939310
All Pools,MELANIA - AVAX,,False,310.28,621.0,0.31046,18.25,1784939310
All Pools,STAU - AVAX,,False,310.28,621.0,0.31046,18.25,1784939310
All Pools,PROS - AVAX,,False,310.28,621.0,0.31046,18.25,1784939310
All Pools,CGUSD - AVAX,,False,310.28,621.0,0.31046,18.25,1784939310
All Pools,FEUSD - AVAX,,False,310.28,620.99,0.31045,18.25,1784939310
All Pools,PC0000023 - AVAX,,False,310.28,620.99,0.31045,18.25,1784939310
All Pools,XDAI - AVAX,,False,310.28,620.99,0.31045,18.25,1784939310
All Pools,USDX - AVAX,,False,310.28,620.99,0.31045,18.25,1784939310
All Pools,DBR - AVAX,,False,310.1,620.63,0.31027,18.25,1784939310
All Pools,LOUZI - AVAX,,False,310.1,620.63,0.31027,18.25,1784939310
All Pools,PC0000101 - AVAX,,False,310.1,620.63,0.31027,18.25,1784939310
All Pools,ARC - AVAX,,False,310.1,620.63,0.31027,18.25,1784939310
All Pools,BAS - AVAX,,False,310.1,-4.023,0.31027,-2815.26,1784939310
All Pools,QTUM - AVAX,,False,310.1,620.63,0.31027,18.25,1784939310
All Pools,HOME - AVAX,,False,309.84,620.1,0.31001,18.25,1784939310
All Pools,NUSD - AVAX,,False,309.84,620.1,0.31001,18.25,1784939310
All Pools,QAIT - AVAX,,False,309.84,620.1,0.31001,18.25,1784939310
All Pools,IUSD - AVAX,,False,309.75,619.93,0.30992,18.25,1784939310
All Pools,ZAMA - AVAX,,False,309.75,619.93,0.30992,18.25,1784939310
All Pools,QRL - AVAX,,False,309.75,619.93,0.30992,18.25,1784939310
All Pools,SN64 - AVAX,,False,309.75,619.93,0.30992,18.25,1784939310
All Pools,DYDX - AVAX,,False,309.7,619.83,0.30987,18.25,1784939310
All Pools,STAC - AVAX,,False,309.7,-4.424,0.30987,-2556.32,1784939310
All Pools,SOSO - AVAX,,False,309.7,619.83,0.30987,18.25,1784939310
All Pools,AB - AVAX,,False,309.7,619.83,0.30987,18.25,1784939310
All Pools,ZANO - AVAX,,False,309.61,619.64,0.30978,18.25,1784939310
All Pools,EDGE - AVAX,,False,309.61,619.64,0.30978,18.25,1784939310
All Pools,FDIT - AVAX,,False,309.61,619.64,0.30978,18.25,1784939310
All Pools,EARNETH - AVAX,,False,309.57,619.57,0.30974,18.25,1784939310
All Pools,ALLO - AVAX,,False,309.57,619.57,0.30974,18.25,1784939310
All Pools,DRV - AVAX,,False,309.57,619.57,0.30974,18.25,1784939310
All Pools,ATH - AVAX,,False,309.57,619.57,0.30974,18.25,1784939310
All Pools,BANANAS31 - AVAX,,False,309.57,619.57,0.30974,18.25,1784939310
All Pools,AUSD - AVAX,,False,309.53,619.48,0.3097,18.25,1784939310
All Pools,BILL - AVAX,,False,309.53,619.48,0.3097,18.25,1784939310
All Pools,GENIUS - AVAX,,False,309.53,619.48,0.3097,18.25,1784939310
All Pools,APE - AVAX,,False,309.53,619.48,0.3097,18.25,1784939310
All Pools,SAFO - AVAX,,False,309.53,619.48,0.3097,18.25,1784939310
All Pools,KMNO - AVAX,,False,309.5,619.43,0.30967,18.25,1784939310
All Pools,COW - AVAX,,False,309.5,619.43,0.30967,18.25,1784939310
All Pools,MET - AVAX,,False,309.41,619.24,0.30958,18.25,1784939310
All Pools,MAGMA - AVAX,,False,309.41,619.24,0.30958,18.25,1784939310
All Pools,CUSD - AVAX,,False,309.41,619.24,0.30958,18.25,1784939310
All Pools,VCNT - AVAX,,False,309.41,619.24,0.30958,18.25,1784939310
All Pools,T1INCH - AVAX,,False,309.4,619.23,0.30957,18.25,1784939310
All Pools,AWE - AVAX,,False,309.4,619.23,0.30957,18.25,1784939310
All Pools,BMX - AVAX,,False,309.4,619.23,0.30957,18.25,1784939310
All Pools,PC0000085 - AVAX,,False,309.4,619.23,0.30957,18.25,1784939310
All Pools,TAG - AVAX,,False,309.4,619.23,0.30957,18.25,1784939310
All Pools,FORM - AVAX,,False,309.4,619.23,0.30957,18.25,1784939310
All Pools,UMXM - AVAX,,False,309.4,619.23,0.30957,18.25,1784939310
All Pools,RIVER - AVAX,,False,309.4,619.23,0.30957,18.25,1784939310
All Pools,CFG - AVAX,,False,309.4,619.23,0.30957,18.25,1784939310
All Pools,GEOD - AVAX,,False,309.4,619.23,0.30957,18.25,1784939310
All Pools,NXPC - AVAX,,False,309.4,619.23,0.30957,18.25,1784939310
All Pools,NXM - AVAX,,False,309.36,619.14,0.30953,18.25,1784939310
All Pools,DAI - AVAX,,False,309.36,619.14,0.30953,18.25,1784939310
All Pools,PGOLD - AVAX,,False,309.36,619.14,0.30953,18.25,1784939310
All Pools,BSB - AVAX,,False,309.36,619.14,0.30953,18.25,1784939310
All Pools,KTA - AVAX,,False,309.36,619.14,0.30953,18.25,1784939310
All Pools,TAC - AVAX,,False,309.35,619.12,0.30952,18.25,1784939310
All Pools,TKX - AVAX,,False,309.35,619.12,0.30952,18.25,1784939310
All Pools,DUSD - AVAX,,False,309.35,619.12,0.30952,18.25,1784939310
All Pools,PC0000077 - AVAX,,False,309.35,619.12,0.30952,18.25,1784939310
All Pools,RLB - AVAX,,False,309.35,619.12,0.30952,18.25,1784939310
All Pools,UUSD - AVAX,,False,309.35,619.12,0.30952,18.25,1784939310
All Pools,NOCK - AVAX,,False,309.32,619.06,0.30949,18.25,1784939310
All Pools,RIF - AVAX,,False,309.32,619.06,0.30949,18.25,1784939310
All Pools,SIREN - AVAX,,False,309.32,619.06,0.30949,18.25,1784939310
All Pools,LPT - AVAX,,False,309.32,619.06,0.30949,18.25,1784939310
All Pools,EGLD - AVAX,,False,309.32,619.06,0.30949,18.25,1784939310
All Pools,BAT - AVAX,,False,309.2,618.83,0.30937,18.25,1784939310
All Pools,OZO - AVAX,,False,309.2,618.83,0.30937,18.25,1784939310
All Pools,GALA - AVAX,,False,309.2,618.83,0.30937,18.25,1784939310
All Pools,VSN - AVAX,,False,309.2,618.83,0.30937,18.25,1784939310
All Pools,FT - AVAX,,False,309.2,618.83,0.30937,18.25,1784939310
All Pools,PC0000097 - AVAX,,False,309.18,618.79,0.30935,18.25,1784939310
All Pools,RUNE - AVAX,,False,309.18,618.79,0.30935,18.25,1784939310
All Pools,AR - AVAX,,False,309.18,618.79,0.30935,18.25,1784939310
All Pools,EURCV - AVAX,,False,309.18,618.79,0.30935,18.25,1784939310
All Pools,STRCX - AVAX,,False,309.18,618.79,0.30935,18.25,1784939310
All Pools,WAL - AVAX,,False,309.13,618.68,0.3093,18.25,1784939310
All Pools,SNX - AVAX,,False,309.13,618.68,0.3093,18.25,1784939310
All Pools,RSR - AVAX,,False,309.13,618.68,0.3093,18.25,1784939310
All Pools,WOULD - AVAX,,False,309.13,618.68,0.3093,18.25,1784939310
All Pools,SHX - AVAX,,False,309.13,618.68,0.3093,18.25,1784939310
All Pools,GRX - AVAX,,False,309.09,618.6,0.30926,18.25,1784939310
All Pools,MUON - AVAX,,False,309.05,618.52,0.30922,18.25,1784939310
All Pools,ZEN - AVAX,,False,309.05,618.52,0.30922,18.25,1784939310
All Pools,USDA - AVAX,,False,309.05,618.52,0.30922,18.25,1784939310
All Pools,EXOD - AVAX,,False,309.05,618.52,0.30922,18.25,1784939310
All Pools,WM - AVAX,,False,309.05,618.52,0.30922,18.25,1784939310
All Pools,ARKM - AVAX,,False,309.05,618.52,0.30922,18.25,1784939310
All Pools,GLM - AVAX,,False,309.02,618.47,0.30919,18.25,1784939310
All Pools,WEMIX - AVAX,,False,309.02,618.47,0.30919,18.25,1784939310
All Pools,S - AVAX,,False,309.02,618.47,0.30919,18.25,1784939310
All Pools,FARTCOIN - AVAX,,False,308.8,618.02,0.30897,18.25,1784939310
All Pools,SHFL - AVAX,,False,308.8,618.02,0.30897,18.25,1784939310
All Pools,CASH - AVAX,,False,308.8,618.02,0.30897,18.25,1784939310
All Pools,IMX - AVAX,,False,308.8,618.02,0.30897,18.25,1784939310
All Pools,THBILL - AVAX,,False,308.8,618.02,0.30897,18.25,1784939310
All Pools,AVUSD - AVAX,,False,308.7,617.84,0.30887,18.25,1784939310
All Pools,CVX - AVAX,,False,308.7,617.84,0.30887,18.25,1784939310
All Pools,IP - AVAX,,False,308.7,617.84,0.30887,18.25,1784939310
All Pools,USDAT - AVAX,,False,308.7,617.84,0.30887,18.25,1784939310
All Pools,CRCLON - AVAX,,False,308.7,617.84,0.30887,18.25,1784939310
All Pools,TIBBIR - AVAX,,False,308.67,617.77,0.30884,18.25,1784939310
All Pools,KAITO - AVAX,,False,308.67,617.77,0.30884,18.25,1784939310
All Pools,ACRED - AVAX,,False,308.67,617.77,0.30884,18.25,1784939310
All Pools,USDF - AVAX,,False,308.67,617.77,0.30884,18.25,1784939310
All Pools,GOMINING - AVAX,,False,308.67,617.77,0.30884,18.25,1784939310
All Pools,PC0000023 - AVAX,,False,308.67,617.77,0.30884,18.25,1784939310
All Pools,XEC - AVAX,,False,308.64,617.71,0.30881,18.25,1784939310
All Pools,A - AVAX,,False,308.64,617.71,0.30881,18.25,1784939310
All Pools,PC0000015 - AVAX,,False,308.64,617.71,0.30881,18.25,1784939310
All Pools,SENT - AVAX,,False,308.64,617.71,0.30881,18.25,1784939310
All Pools,CHEEMS - AVAX,,False,308.64,617.71,0.30881,18.25,1784939310
All Pools,FRXUSD - AVAX,,False,308.63,617.69,0.3088,18.25,1784939310
All Pools,O - AVAX,,False,308.63,617.69,0.3088,18.25,1784939310
All Pools,BC - AVAX,,False,308.63,617.69,0.3088,18.25,1784939310
All Pools,SFP - AVAX,,False,308.63,617.69,0.3088,18.25,1784939310
All Pools,ZK - AVAX,,False,308.63,617.69,0.3088,18.25,1784939310
All Pools,SolvBTC - BTC.b,,False,296.97,176815.0,0.1384,0.03,1784939310
All Pools,WTHT - USDC,,False,269.38,318.26,7.565,867.59,1784939310
All Pools,PTOP1300 - BTC.b,,False,249.81,474.02,0.87732,67.55,1784939310
All Pools,XSEED - AVAX,,False,230.23,9305.81,0.57557,2.26,1784939310
All Pools,BLSEYE🎯 - ARENA,,False,227.56,1292.64,0.56891,16.06,1784939310
All Pools,USDC.e - OT - qiUSDC - 28DEC2023,,False,225.91,4291.73,0.56477,4.8,1784939310
All Pools,PTOP700 - AVAX,,False,225.86,89.89,0.28707,116.57,1784939310
All Pools,AVAX - DOMI,,False,218.5,11091.0,0.54626,1.8,1784939310
All Pools,AVAX - TOPIA,,False,211.46,1648.92,0.52866,11.7,1784939310
All Pools,SYN - AVAX,,False,211.42,3874.38,0.52856,4.98,1784939310
All Pools,MIM - AVAX,,False,168.39,160792.0,0.42098,0.1,1784939310
All Pools,NXPC - USDC,,False,166.78,112.66,1.371,444.29,1784939310
All Pools,SB - AVAX,,False,162.75,5856.78,0.40686,2.54,1784939310
All Pools,ARENA - AVAX,,False,161.61,508.44,4.187,300.59,1784939310
All Pools,WETH.e - USDC.e,,False,137.5,11029.0,0.34375,1.14,1784939310
All Pools,APIX - USDt,,False,137.03,5572.47,0.34258,2.24,1784939310
All Pools,MAI - AVAX,,False,125.88,1419.89,0.3147,8.09,1784939310
All Pools,AI - AVAX,,False,102.28,3032.67,0.25569,3.08,1784939310
All Pools,sAVAX - JACK,,False,97.71,273215.0,0.24428,0.03,1784939310
All Pools,PTOP700 - BTC.b,,False,97.53,256.92,0.12857,18.27,1784939310
All Pools,w3ULL - AVAX,,False,94.47,47314.0,0.23618,0.18,1784939310
All Pools,GMX - AVAX,,False,88.22,38.24,0.27553,262.99,1784939310
All Pools,gOHM - FRAX,,False,82.8,3453.34,0.207,2.19,1784939310
All Pools,MONEY - AVAX,,False,78.45,1488.41,0.19637,4.82,1784939310
All Pools,USDC.e - USDC,,False,77.12,481206.0,0.19281,0.01,1784939310
All Pools,HUSKY - AVAX,,False,73.54,2173.39,0.18384,3.09,1784939310
All Pools,PTOP900 - BTC.b,,False,71.07,217.07,0.1166,19.61,1784939310
All Pools,PTOP1000 - USDC,,False,68.79,128.01,0.26575,75.78,1784939310
All Pools,BTC.b - TOPIA,,False,68.72,631.78,0.17181,9.93,1784939310
All Pools,APIX - USDC,,False,68.26,2783.0,0.17065,2.24,1784939310
All Pools,HOWDY - AVAX,,False,62.74,6778.39,0.15684,0.84,1784939310
All Pools,GUN - AVAX,,False,60.64,15559.0,0.0627,0.15,1784939310
All Pools,L1 - AVAX,,False,57.55,16292.0,1.235,2.77,1784939310
All Pools,WBTC.e - BTC.b,,False,55.66,559.76,0.02322,1.51,1784939310
All Pools,AVAX - JUICE,,False,55.42,9937.77,0.13854,0.51,1784939310
All Pools,USDt - ncash,,False,55.28,1004.22,0.1382,5.02,1784939310
All Pools,KOVIN - AVAX,,False,54.79,2015.85,0.13696,2.48,1784939310
All Pools,JEWEL - USDC,,False,51.54,3735.7,0.12886,1.26,1784939310
All Pools,PTOP1300 - TOPIA,,False,47.77,165.9,0.11942,26.28,1784939310
All Pools,PTOP600 - USDC,,False,46.42,446.43,0.07887,6.45,1784939310
All Pools,GRO - AVAX,,False,46.27,184.88,0.11567,22.84,1784939310
All Pools,MONEY - AVAX,,False,45.23,434.38,0.11308,9.5,1784939310
All Pools,DAI.e - USDC,,False,44.97,2290.22,0.00921,0.15,1784939310
All Pools,STG - USDC,,False,44.92,1187.53,0.1123,3.45,1784939310
All Pools,SHRAP - AVAX,,False,41.94,7633.48,0.33768,1.61,1784939310
All Pools,USDC.e - WXT,,False,41.16,186.36,0.10291,20.16,1784939310
All Pools,UST - AVAX,,False,40.53,5646.46,0.10133,0.66,1784939310
All Pools,Degen - AVAX,,False,38.37,1297.09,0.09592,2.7,1784939310
All Pools,MIM - SB,,False,38.29,1970.41,0.09573,1.77,1784939310
All Pools,ALOT - AVAX,,False,38.16,9832.24,0.09541,0.35,1784939310
All Pools,GUN - BLSEYE🎯,,False,37.14,417.43,0.09286,8.12,1784939310
All Pools,AVAX - aXEN,,False,37.08,155.5,0.09269,21.76,1784939310
All Pools,WHEAT - AVAX,,False,36.62,192.74,0.09156,17.34,1784939310
All Pools,BEAM - AVAX,,False,36.31,383.07,0.09079,8.65,1784939310
All Pools,GURS - AVAX,,False,35.91,5233.12,0.08977,0.63,1784939310
All Pools,TRESR - AVAX,,False,35.2,7512.59,0.088,0.43,1784939310
All Pools,ROCO - AVAX,,False,34.11,1288.71,0.08527,2.41,1784939310
All Pools,AVAX - FRAX,,False,33.78,654.56,0.08446,4.71,1784939310
All Pools,GRO - MOR,,False,33.32,7.937,0.08331,383.09,1784939310
All Pools,yes - AVAX,,False,31.12,983.27,0.07779,2.89,1784939310
All Pools,WHEAT - MOR,,False,26.88,5.999,0.0672,408.88,1784939310
All Pools,Gladiator - ARENA,,False,26.55,668.75,0.06637,3.62,1784939310
All Pools,Gladiator - USDC,,False,26.14,357.71,0.06536,6.67,1784939310
All Pools,FITFI - USDT.e,,False,25.47,65.9,0.06366,35.26,1784939310
All Pools,AVAX - UST,,False,24.76,6598.2,0.06191,0.34,1784939310
All Pools,HEFE - AVAX,,False,22.91,25991.0,0.05726,0.08,1784939310
All Pools,STG - AVAX,,False,22.54,977.87,0.05636,2.1,1784939310
All Pools,AVAX - AMI,,False,22.25,408.27,0.05563,4.97,1784939310
All Pools,PRIME - AVAX,,False,21.79,133763.0,0.10437,0.03,1784939310
All Pools,PNG - AVAX,,False,21.71,773.83,0.05428,2.56,1784939310
All Pools,PTOP400 - TOPIA,,False,20.84,147.78,0.05211,12.87,1784939310
All Pools,AVAX - ARENA,,False,20.75,84.9,0.05188,22.3,1784939310
All Pools,APIX - LAMBO,,False,20.16,375.01,0.0504,4.91,1784939310
All Pools,BLSEYE🎯 - BEAM,,False,20.12,280.87,0.05031,6.54,1784939310
All Pools,WOLF - AVAX,,False,19.27,27208.0,0.04817,0.06,1784939310
All Pools,CHAMP - ARENA,,False,18.67,18.58,0.04667,91.67,1784939310
All Pools,LUNA - USDC.e,,False,18.18,628.0,0.04545,2.64,1784939310
All Pools,XPOW - AVAX,,False,18.09,616.28,0.14498,8.59,1784939310
All Pools,LINK.e - USDT.e,,False,17.0,223.96,0.0425,6.93,1784939310
All Pools,PTOP1300 - AVAX,,False,16.8,16.82,0.02991,64.9,1784939310
All Pools,PTOP900 - USDC,,False,15.83,134.33,0.06007,16.32,1784939310
All Pools,PTOP10000 - AVAX,,False,15.41,9.65,0.0366,138.44,1784939310
All Pools,Balln - AVAX,,False,15.12,4139.39,0.0378,0.33,1784939310
All Pools,GUN - AVAX,,False,15.08,185.21,0.0377,7.43,1784939310
All Pools,TECH - AVAX,,False,12.93,9006.27,0.03233,0.13,1784939310
All Pools,XPOW - AVAX,,False,12.92,1161.66,0.0323,1.01,1784939310
All Pools,BOI - AVAX,,False,12.43,35.75,0.03107,31.72,1784939310
All Pools,AVAX - GEC,,False,11.81,26063.0,0.02952,0.04,1784939310
All Pools,YAK - AVAX,,False,11.04,3118.4,0.0276,0.32,1784939310
All Pools,FLD - EVB,,False,11.01,4439.04,0.02752,0.23,1784939310
All Pools,AVAX - EVB,,False,10.71,2054.71,0.02679,0.48,1784939310
All Pools,MIM - USDT.e,,False,10.69,1352.98,0.02673,0.72,1784939310
All Pools,ISA - AVAX,,False,10.49,16311.0,0.02623,0.06,1784939310
All Pools,ISA - USDC.e,,False,10.49,1415.8,0.02623,0.68,1784939310
All Pools,HATCHY - AVAX,,False,10.36,6726.01,0.02589,0.14,1784939310
All Pools,YEEHAW - CHAMP,,False,9.666,935.35,0.02416,0.94,1784939310
All Pools,HYDRA - AVAX,,False,9.621,338.29,0.02405,2.6,1784939310
All Pools,SECOND - USDC,,False,9.546,7011.26,0.02386,0.12,1784939310
All Pools,SECOND - AVAX,,False,9.542,1431.29,0.02386,0.61,1784939310
All Pools,TOPIA - PTOP800,,False,9.459,172.83,0.02365,4.99,1784939310
All Pools,Psychic - AVAX,,False,9.096,866.8,0.02274,0.96,1784939310
All Pools,PTOP1000 - TOPIA,,False,8.907,180.89,0.02227,4.49,1784939310
All Pools,PTOP900 - TOPIA,,False,8.761,173.2,0.0219,4.62,1784939310
All Pools,DCAU - USDT.e,,False,8.31,4989.45,0.02078,0.15,1784939310
All Pools,H4SH - AVAX,,False,8.077,4553.93,0.02019,0.16,1784939310
All Pools,AMI - TOPIA,,False,7.925,248.49,0.01981,2.91,1784939310
All Pools,BIG - AVAX,,False,7.908,8881.97,0.01977,0.08,1784939310
All Pools,YUSD - AVAX,,False,7.878,114.95,0.01969,6.25,1784939310
All Pools,APOW - AVAX,,False,7.698,1263.28,0.01925,0.56,1784939310
All Pools,BOOTY - AVAX,,False,7.455,1409.63,0.01864,0.48,1784939310
All Pools,MYST - AVAX,,False,7.356,642.85,0.01839,1.04,1784939310
All Pools,AVAX - HON,,False,7.285,47643.0,0.01821,0.01,1784939310
All Pools,Psychic - XAUt0,,False,7.269,5775.4,0.01817,0.11,1784939310
All Pools,TOPIA - PTOP10000,,False,7.043,176.62,0.01761,3.64,1784939310
All Pools,RGOGLZ - USDC,,False,6.838,1301.63,0.01709,0.48,1784939310
All Pools,AVAX - BGR,,False,6.831,253.97,0.01708,2.45,1784939310
All Pools,TOPIA - PTOP600,,False,6.474,163.57,0.01619,3.61,1784939310
All Pools,DCAU - AVAX,,False,6.421,989.57,0.01605,0.59,1784939310
All Pools,ABC - AVAX,,False,6.267,477.57,0.01567,1.2,1784939310
All Pools,APOW - XPOW,,False,6.068,1143.63,0.01517,0.48,1784939310
All Pools,ORNG - SAI,,False,5.748,108.47,0.01437,4.84,1784939310
All Pools,MIM - USDC.e,,False,5.666,688.79,0.01416,0.75,1784939310
All Pools,COQ - BLSEYE🎯,,False,5.633,152.28,0.01408,3.38,1784939310
All Pools,agEUR - USDC,,False,5.338,58.96,0.01335,8.26,1784939310
All Pools,DATCM - ORNG,,False,5.309,228.47,0.01327,2.12,1784939310
All Pools,PTOP1100 - TOPIA,,False,5.266,177.17,0.01317,2.71,1784939310
All Pools,CAI - AVAX,,False,5.201,1213.34,0.013,0.39,1784939310
All Pools,AVAX - SPELL,,False,4.814,1807.32,0.01204,0.24,1784939310
All Pools,ORNG - FLUX,,False,4.8,107.42,0.012,4.08,1784939310
All Pools,PTOP700 - TOPIA,,False,4.354,157.56,0.01088,2.52,1784939310
All Pools,JPYC - USDC,,False,4.265,367.94,0.01066,1.06,1784939310
All Pools,AVAX - ELK,,False,3.775,1260.7,0.00944,0.27,1784939310
All Pools,HUSKY - JOE,,False,3.73,98.75,0.00933,3.45,1784939310
All Pools,YEEHAW - TOPIA,,False,3.715,169.89,0.00929,2.0,1784939310
All Pools,USDC.e - MU,,False,3.369,13214.0,0.00842,0.02,1784939310
All Pools,HOWDY - ARENA,,False,3.325,59.45,0.00831,5.1,1784939310
All Pools,avUSD - sAVAX,,False,3.069,199.14,0.00767,1.41,1784939310
All Pools,MYST - USDC,,False,3.058,218.61,0.00765,1.28,1784939310
All Pools,MIM - WETH.e,,False,2.901,448.01,0.00725,0.59,1784939310
All Pools,BLSEYE🎯 - MEOW,,False,2.75,853.56,0.00687,0.29,1784939310
All Pools,PTOP1200 - TOPIA,,False,2.738,173.17,0.00684,1.44,1784939310
All Pools,ORNG - JUCI,,False,2.72,240.46,0.0068,1.03,1784939310
All Pools,3QF - D - AVAX,,False,2.66,1296.23,0.00665,0.19,1784939310
All Pools,3QF - D - WETH.e,,False,2.65,2460.76,0.00662,0.1,1784939310
All Pools,BRO - AVAX,,False,2.631,96344.0,0.00658,0.0,1784939310
All Pools,AVAX - PEFI,,False,2.477,3126.99,0.00619,0.07,1784939310
All Pools,HUSKY - AMI,,False,2.358,54.17,0.00589,3.97,1784939310
All Pools,USV - DAI.e,,False,2.327,3950.23,0.00582,0.05,1784939310
All Pools,SHRAP - DOMI,,False,2.241,152.32,0.0056,1.34,1784939310
All Pools,SPORE - USDC,,False,2.187,1368.6,0.00547,0.15,1784939310
All Pools,YOU - ORNG,,False,2.126,1345.38,0.00531,0.14,1784939310
All Pools,ZRO - AVAX,,False,2.06,131.91,0.00515,1.42,1784939310
All Pools,FITFI - AVAX,,False,2.02,5.78,0.00505,31.9,1784939310
All Pools,AVAX - EROL,,False,1.981,46.6,0.0,0.0,1784939310
All Pools,MAI - TOMB,,False,1.964,113.47,0.00491,1.58,1784939310
All Pools,SWIFT - WETH.e,,False,1.943,1316.91,0.00486,0.13,1784939310
All Pools,USDC - aXEN,,False,1.917,8.527,0.00479,20.52,1784939310
All Pools,COQ - COQAI,,False,1.885,18976.0,0.00471,0.01,1784939310
All Pools,FXS - AVAX,,False,1.852,283.02,0.00463,0.6,1784939310
All Pools,PNG - JOE,,False,1.832,113.65,0.00458,1.47,1784939310
All Pools,ROY - AVAX,,False,1.797,3727.29,0.00449,0.04,1784939310
All Pools,YAK - USDC.e,,False,1.762,202.32,0.00441,0.79,1784939310
All Pools,WETH - USDC.e,,False,1.701,205.87,0.00425,0.75,1784939310
All Pools,LINK.e - USDC.e,,False,1.68,186.19,0.0042,0.82,1784939310
All Pools,SWIFT - USDC.e,,False,1.668,488.11,0.00417,0.31,1784939310
All Pools,Psychic - BLACK,,False,1.651,243.46,0.00413,0.62,1784939310
All Pools,ORNG - MOOM,,False,1.645,186.22,0.00411,0.81,1784939310
All Pools,USDT.e - ONION,,False,1.517,743.12,0.00379,0.19,1784939310
All Pools,WETH.e - ONION,,False,1.517,235.4,0.00379,0.59,1784939310
All Pools,JOE - USDT,,False,1.478,274.82,0.0037,0.49,1784939310
All Pools,MaryMagdalene - AVAX,,False,1.434,169.94,0.00358,0.77,1784939310
All Pools,miMatic - USDC.e,,False,1.422,22.23,0.00356,5.84,1784939310
All Pools,XAUt0 - NaughtiusMaximus,,False,1.393,880.5,0.00348,0.14,1784939310
All Pools,miMatic - AVAX,,False,1.372,29.19,0.00343,4.29,1784939310
All Pools,WETH.e - USDT.e,,False,1.314,149.91,0.00329,0.8,1784939310
All Pools,DINO - AVAX,,False,1.286,2730.3,0.00322,0.04,1784939310
All Pools,AVAX - EROL,,False,1.256,24.98,0.00314,4.59,1784939310
All Pools,AVAX - NaughtiusMaximus,,False,1.246,327.26,0.00312,0.35,1784939310
All Pools,UST - USDC,,False,1.242,427.15,0.0031,0.27,1784939310
All Pools,GB - AVAX,,False,1.224,1726.14,0.00306,0.06,1784939310
All Pools,CHAMP - AMI,,False,1.209,28.06,0.00302,3.93,1784939310
All Pools,YEEHAW - BTC.b,,False,1.173,55.32,0.00293,1.94,1784939310
All Pools,COQ - OSAK,,False,1.166,18.4,0.00292,5.78,1784939310
All Pools,Now - AVAX,,False,1.151,185.77,0.00288,0.57,1784939310
All Pools,ABC - HOWDY,,False,1.144,504.82,0.00286,0.21,1784939310
All Pools,BUSD - AVAX,,False,1.142,331.93,0.00286,0.31,1784939310
All Pools,HOWDY - USDC,,False,1.119,3104.66,0.0028,0.03,1784939310
All Pools,XROSS - ORNG,,False,1.107,229.76,0.00277,0.44,1784939310
All Pools,LUNA - USDC.e,,False,1.078,322.77,0.00269,0.3,1784939310
All Pools,Trinity - AVAX,,False,1.062,705.98,0.00265,0.14,1784939310
All Pools,XAUt0 - Now,,False,1.054,560.66,0.00264,0.17,1784939310
All Pools,GURS - ARENA,,False,1.017,7.62,0.00254,12.18,1784939310
All Pools,REDWOLF - AVAX,,False,1.004,378.56,0.00251,0.24,1784939310
All Pools,BabyCoq - AVAX,,False,0.9539,1457.76,0.00238,0.06,1784939310
All Pools,BTC.b - IMPACT2,,False,0.92577,1408.11,0.00231,0.06,1784939310
All Pools,aDXN - aXEN,,False,0.92236,5.203,0.00231,16.18,1784939310
All Pools,Now - BLACK,,False,0.92007,220.0,0.0023,0.38,1784939310
All Pools,oXAUT - AVAX,,False,0.904,402.39,0.00226,0.21,1784939310
All Pools,BTC.b - oXAUT,,False,0.90378,314.29,0.00226,0.26,1784939310
All Pools,HOWDY - AMI,,False,0.89827,1575.84,0.00225,0.05,1784939310
All Pools,REDWOLF - USDC,,False,0.87771,184.89,0.00219,0.43,1784939310
All Pools,AAVE.e - REDWOLF,,False,0.87711,147.05,0.00219,0.54,1784939310
All Pools,APOW - AVAX,,False,0.87086,603.66,0.00218,0.13,1784939310
All Pools,MaryMagdalene - XAUt0,,False,0.84109,1657.78,0.0021,0.05,1784939310
All Pools,aDXN - AVAX,,False,0.83944,55.58,0.0021,1.38,1784939310
All Pools,AVAX - ELK,,False,0.83941,44.93,0.0021,1.7,1784939310
All Pools,AVAX - IMPACT2,,False,0.83218,141.33,0.00208,0.54,1784939310
All Pools,USDT.e - CLY,,False,0.82671,177.2,0.00207,0.43,1784939310
All Pools,SWIFT - AVAX,,False,0.80571,232.33,0.00201,0.32,1784939310
All Pools,XAUt0 - ChristMark,,False,0.7804,577.97,0.00195,0.12,1784939310
All Pools,AVAX - ChristMark,,False,0.77752,262.96,0.00194,0.27,1784939310
All Pools,USDC - NXUSD,,False,0.76058,3.13,0.0019,22.17,1784939310
All Pools,DPS - USDC,,False,0.73775,1808.97,0.00184,0.04,1784939310
All Pools,DPS - AVAX,,False,0.73729,179.73,0.00184,0.37,1784939310
All Pools,VPND - AVAX,,False,0.73319,17310.0,0.00183,0.0,1784939310
All Pools,USDC - MXNB,,False,0.71607,16.96,0.00179,3.85,1784939310
All Pools,KRW - AVAX,,False,0.70415,305.33,0.00176,0.21,1784939310
All Pools,MAGICK - USDC,,False,0.70375,224.04,0.00176,0.29,1784939310
All Pools,JOE - KRW,,False,0.70361,144.51,0.00176,0.44,1784939310
All Pools,MAGICK - AVAX,,False,0.70345,274.48,0.00176,0.23,1784939310
All Pools,USDC.e - AVVO,,False,0.68869,223.13,0.00172,0.28,1784939310
All Pools,$Crazy - AVAX,,False,0.68549,706.64,0.00171,0.09,1784939310
All Pools,ARENA - MU,,False,0.64036,4.108,0.0016,14.22,1784939310
All Pools,BRO - COQ,,False,0.63543,138.73,0.00159,0.42,1784939310
All Pools,AVAX - ONION,,False,0.61483,146.08,0.00154,0.38,1784939310
All Pools,XAUt0 - Gravity,,False,0.57438,310.67,0.00144,0.17,1784939310
All Pools,Trinity - Gravity,,False,0.57068,1663.86,0.00143,0.03,1784939310
All Pools,AVAX - SOCK,,False,0.57034,2321.58,0.00143,0.02,1784939310
All Pools,USDC - SOCK,,False,0.57004,409.81,0.00143,0.13,1784939310
All Pools,HOST - DAI.e,,False,0.55947,2482.85,0.0014,0.02,1784939310
All Pools,BLUB - AVAX,,False,0.55675,11177.0,0.00139,0.0,1784939310
All Pools,PTOP500 - TOPIA,,False,0.54352,141.75,0.00136,0.35,1784939310
All Pools,LUNA - AVAX,,False,0.53695,117.57,0.00134,0.42,1784939310
All Pools,FTOMB - AVAX,,False,0.5326,6423.76,0.00133,0.01,1784939310
All Pools,Ush - AVAX,,False,0.52762,2007.41,0.00132,0.02,1784939310
All Pools,AVAX - CLY,,False,0.52304,21131.0,0.00131,0.0,1784939310
All Pools,APOW - USDC,,False,0.51682,113.86,0.00129,0.41,1784939310
All Pools,GUN - AMI,,False,0.50838,9.817,0.00127,4.73,1784939310
All Pools,Trinity - Psychic,,False,0.49194,392.12,0.00123,0.11,1784939310
All Pools,AVAX - MU,,False,0.48663,73.03,0.00122,0.61,1784939310
All Pools,sAVAX - COQ,,False,0.46679,63.51,0.00117,0.67,1784939310
All Pools,SMRTr - AVAX,,False,0.4444,24865.0,0.00111,0.0,1784939310
All Pools,SMRTr - USDC.e,,False,0.44371,102.7,0.00111,0.39,1784939310
All Pools,Psychic - Now,,False,0.42352,462.07,0.00106,0.08,1784939310
All Pools,USDT.e - SING,,False,0.42307,1195.46,0.00106,0.03,1784939310
All Pools,AVAX - SMRT,,False,0.41556,1594.15,0.00104,0.02,1784939310
All Pools,AVAX - SING,,False,0.41259,106.38,0.00103,0.35,1784939310
All Pools,Psychic - Jjj,,False,0.40934,235.89,0.00102,0.16,1784939310
All Pools,Psychic - BlackAndGold,,False,0.40838,236.09,0.00102,0.16,1784939310
All Pools,Jjj - AVAX,,False,0.40821,202.72,0.00102,0.18,1784939310
All Pools,AVAX - BlackAndGold,,False,0.40723,204.07,0.00102,0.18,1784939310
All Pools,USDT.e - SMRT,,False,0.40345,87.48,0.00101,0.42,1784939310
All Pools,HH - ARENA,,False,0.38095,2.447,0.0,14.2,1784939310
All Pools,DREGG - USDT.e,,False,0.38094,513.46,0.0,0.07,1784939310
All Pools,DREGG - AVAX,,False,0.3803,143.86,0.0,0.24,1784939310
All Pools,HH - AVAX,,False,0.37998,230.05,0.0,0.15,1784939310
All Pools,WBTC.e - USDT.e,,False,0.37479,156.75,0.0,0.22,1784939310
All Pools,AVAX - CAST,,False,0.37304,1327.49,0.0,0.03,1784939310
All Pools,Psychic - All,,False,0.36774,236.07,0.0,0.14,1784939310
All Pools,AVAX - All,,False,0.36676,204.18,0.0,0.16,1784939310
All Pools,APOW - USDt,,False,0.35471,113.55,0.0,0.29,1784939310
All Pools,BANKSY - USDT.e,,False,0.34984,1512.75,0.0,0.02,1784939310
All Pools,BANKSY - AVAX,,False,0.34902,140.07,0.0,0.23,1784939310
All Pools,Psychic - Prometheus,,False,0.34835,229.72,0.0,0.14,1784939310
All Pools,AVAX - Prometheus,,False,0.34768,198.12,0.0,0.16,1784939310
All Pools,SOL - AVAX,,False,0.34294,0.00155,0.0,20170.06,1784939310
All Pools,AVAX - AVVO,,False,0.33677,224.08,0.0,0.14,1784939310
All Pools,WBTC.e - ONION,,False,0.33598,355.05,0.0,0.09,1784939310
All Pools,AVAX - USDT,,False,0.33129,1662.88,0.0,0.02,1784939310
All Pools,GATOR - ARENA,,False,0.32843,2.62,0.0,11.44,1784939310
All Pools,weETH - AVAX,,False,0.32309,0.28729,0.0,102.62,1784939310
All Pools,WETH.e - REDWOLF,,False,0.32109,82.89,0.0,0.35,1784939310
All Pools,DCAU - USDC,,False,0.32092,142.6,0.0,0.21,1784939310
All Pools,$Td - AVAX,,False,0.31692,3760.06,0.0,0.01,1784939310
All Pools,$Td - AMI,,False,0.3135,25.7,0.0,1.11,1784939310
All Pools,Psychic - Sinterklaas,,False,0.31324,232.03,0.0,0.12,1784939310
All Pools,NaughtiusMaximus - Seventeen,,False,0.30642,661.72,0.0,0.04,1784939310
All Pools,AVAX - Seventeen,,False,0.30563,199.26,0.0,0.14,1784939310
All Pools,COQ - JUICE,,False,0.30082,29.42,0.0,0.93,1784939310
All Pools,KIWI - USDC,,False,0.29981,298.26,0.0,0.09,1784939310
All Pools,KIWI - AVAX,,False,0.29961,92.84,0.0,0.29,1784939310
All Pools,UST - USDC.e,,False,0.29726,660.59,0.0,0.04,1784939310
All Pools,TOMB - USDC,,False,0.293,9.764,0.0,2.74,1784939310
All Pools,MaryMagdalene - FollowTheWhiteRabbit,,False,0.29193,152.91,0.0,0.17,1784939310
All Pools,LadyMary - FollowTheWhiteRabbit,,False,0.29031,433.4,0.0,0.06,1784939310
All Pools,LadyMary - AVAX,,False,0.29014,247.75,0.0,0.11,1784939310
All Pools,HUSKY - MUG,,False,0.2889,14.18,0.0,1.86,1784939310
All Pools,AVAX - FRAX,,False,0.28864,221.96,0.0,0.12,1784939310
All Pools,TSD - AVAX,,False,0.28058,165.81,0.0,0.15,1784939310
All Pools,MAXI - DAI.e,,False,0.27226,220.59,0.0,0.11,1784939310
All Pools,UNIV - AVAX,,False,0.26379,5.707,0.0,4.22,1784939310
All Pools,AVAX - ZUBAX,,False,0.26015,90.51,0.0,0.26,1784939310
All Pools,LUNA - AVAX,,False,0.25259,13.25,0.0,1.74,1784939310
All Pools,MIM - MU,,False,0.24307,85.23,0.0,0.26,1784939310
All Pools,USDC.e - NXUSD,,False,0.23831,1.463,0.0,14.86,1784939310
All Pools,PENGU - AVAX,,False,0.23606,937.84,0.0,0.02,1784939310
All Pools,YEEHAW - AVAX,,False,0.23384,12.79,0.0,1.67,1784939310
All Pools,ARENA - AMI,,False,0.23379,1.535,0.0,13.9,1784939310
All Pools,CGS - AVAX,,False,0.23304,52.21,0.0,0.41,1784939310
All Pools,CGS - USDC.e,,False,0.23239,149.74,0.0,0.14,1784939310
All Pools,STATIK - AVAX,,False,0.22855,30.24,0.0,0.69,1784939310
All Pools,Psychic - Meaning,,False,0.22532,230.59,0.0,0.09,1784939310
All Pools,Meaning - AVAX,,False,0.22483,316.18,0.0,0.06,1784939310
All Pools,NineHundred - Sinterklaas,,False,0.22259,1147.39,0.0,0.02,1784939310
All Pools,NineHundred - AVAX,,False,0.22259,96.39,0.0,0.21,1784939310
All Pools,Psychic - MeaningOfNumbers,,False,0.21324,236.39,0.0,0.08,1784939310
All Pools,BTC.b - HOWDY,,False,0.21297,64.24,0.0,0.3,1784939310
All Pools,AVAX - MeaningOfNumbers,,False,0.21267,202.93,0.0,0.1,1784939310
All Pools,Psychic - Ducks,,False,0.21213,235.59,0.0,0.08,1784939310
All Pools,Ducks - AVAX,,False,0.21139,202.29,0.0,0.1,1784939310
All Pools,COQ - AMI,,False,0.21041,10.01,0.0,1.92,1784939310
All Pools,JOE - EXP,,False,0.20714,10330019.0,0.0,0.0,1784939310
All Pools,Psychic - CommieSukey,,False,0.20515,236.16,0.0,0.08,1784939310
All Pools,CommieSukey - AVAX,,False,0.20462,203.4,0.0,0.09,1784939310
All Pools,Psychic - Serpentarius,,False,0.19901,239.08,0.0,0.08,1784939310
All Pools,Serpentarius - AVAX,,False,0.19833,206.06,0.0,0.09,1784939310
All Pools,BTC.b - REDWOLF,,False,0.19459,97.85,0.0,0.18,1784939310
All Pools,Orem - NaughtiusMaximus,,False,0.19215,97.21,0.0,0.18,1784939310
All Pools,Orem - AVAX,,False,0.19097,73.25,0.0,0.24,1784939310
All Pools,HOST - AVAX,,False,0.19077,86.93,0.0,0.2,1784939310
All Pools,DAI.e - ONION,,False,0.19046,331.55,0.0,0.05,1784939310
All Pools,SYMBIOT - AVAX,,False,0.18695,73.45,0.0,0.23,1784939310
All Pools,MIM - USDC,,False,0.18244,26.51,0.0,0.63,1784939310
All Pools,Now - √Root,,False,0.18114,617.81,0.0,0.03,1784939310
All Pools,AVAX - √Root,,False,0.18027,60.68,0.0,0.27,1784939310
All Pools,USDC.e - ONION,,False,0.17845,371.48,0.0,0.04,1784939310
All Pools,SHOE - BTC.b,,False,0.17775,1.27,0.0,12.77,1784939310
All Pools,USDt - XPOW,,False,0.1764,18.47,0.0,0.87,1784939310
All Pools,BOI - MU,,False,0.17621,0.66191,0.0,24.29,1784939310
All Pools,SYMBIOT - DAI.e,,False,0.17529,439.99,0.0,0.04,1784939310
All Pools,Psychic - DogL,,False,0.17387,235.79,0.0,0.07,1784939310
All Pools,DogL - AVAX,,False,0.17333,203.78,0.0,0.08,1784939310
All Pools,COQ - KOVIN,,False,0.17262,7.96,0.0,1.98,1784939310
All Pools,UNIV - DAI.e,,False,0.17258,10.51,0.0,1.5,1784939310
All Pools,YEEHAW - ARENA,,False,0.17163,1.411,0.0,11.1,1784939310
All Pools,Sanskrit - Now,,False,0.1711,618.55,0.0,0.03,1784939310
All Pools,GENI - AVAX,,False,0.17058,46.03,0.0,0.34,1784939310
All Pools,GENI - USDC,,False,0.17052,1100.38,0.0,0.01,1784939310
All Pools,Sanskrit - AVAX,,False,0.17029,60.74,0.0,0.26,1784939310
All Pools,SYN - REDWOLF,,False,0.1672,3.944,0.0,3.87,1784939310
All Pools,AVAX - SUBZERO,,False,0.16332,28.83,0.0,0.52,1784939310
All Pools,IMPACT2 - EURC,,False,0.16327,41.91,0.0,0.36,1784939310
All Pools,COQ - ARENA,,False,0.16292,1.246,0.0,11.93,1784939310
All Pools,TOMB - SUBZERO,,False,0.16197,8.668,0.0,1.71,1784939310
All Pools,WETH.e - USDC,,False,0.16102,20.51,0.0,0.72,1784939310
All Pools,MaryMagdalene - TheGospelOfMary,,False,0.16053,207.99,0.0,0.07,1784939310
All Pools,AVAX - TheGospelOfMary,,False,0.15996,112.24,0.0,0.13,1784939310
All Pools,AMI - SQRCAT,,False,0.15826,11.78,0.0,1.23,1784939310
All Pools,XPOW - USDC,,False,0.15789,18.51,0.0,0.78,1784939310
All Pools,AVAX - SQRCAT,,False,0.15742,4102.87,0.0,0.0,1784939310
All Pools,MM - USDC,,False,0.15674,49.41,0.0,0.29,1784939310
All Pools,MM - AVAX,,False,0.1567,65.52,0.0,0.22,1784939310
All Pools,LINDA - AVAX,,False,0.15383,1324.8,0.0,0.01,1784939310
All Pools,Psychic - NeatestQuackery,,False,0.14994,235.82,0.0,0.06,1784939310
All Pools,NeatestQuackery - AVAX,,False,0.14951,202.23,0.0,0.07,1784939310
All Pools,USDC - GAU,,False,0.14512,711.25,0.0,0.02,1784939310
All Pools,meGNX - AVAX,,False,0.14506,12.87,0.0,1.03,1784939310
All Pools,MEOW - AVAX,,False,0.14166,7433.88,0.0,0.0,1784939310
All Pools,KALM - AVAX,,False,0.14085,95.16,0.0,0.14,1784939310
All Pools,KALM - USDC,,False,0.1408,76.71,0.0,0.17,1784939310
All Pools,SLUSH - USDT.e,,False,0.13684,55.04,0.0,0.23,1784939310
All Pools,SLUSH - AVAX,,False,0.13648,44.7,0.0,0.28,1784939310
All Pools,DCAU - MIM,,False,0.13574,100.16,0.0,0.12,1784939310
All Pools,USDt - RUX,,False,0.13331,16080.0,0.0,0.0,1784939310
All Pools,RUX - AVAX,,False,0.13307,25.29,0.0,0.48,1784939310
All Pools,50 - AVAX,,False,0.13178,58.78,0.0,0.2,1784939310
All Pools,50 - USDC,,False,0.13175,111.6,0.0,0.11,1784939310
All Pools,USDT.e - XAVA,,False,0.13048,10.51,0.0,1.13,1784939310
All Pools,YEEHAW - USDC,,False,0.1273,6.088,0.0,1.91,1784939310
All Pools,Light - Now,,False,0.12728,619.21,0.0,0.02,1784939310
All Pools,Light - AVAX,,False,0.12679,60.82,0.0,0.19,1784939310
All Pools,WETH.e - SURE,,False,0.12652,874.65,0.0,0.01,1784939310
All Pools,aAvaWAVAX - meGNX,,False,0.12584,2.946,0.0,3.9,1784939310
All Pools,3ULL - AVAX,,False,0.12448,54.24,0.0,0.21,1784939310
All Pools,Kryptonite - NaughtiusMaximus,,False,0.12423,97.73,0.0,0.12,1784939310
All Pools,AVAX - Kryptonite,,False,0.12373,73.6,0.0,0.15,1784939310
All Pools,BOI - AMI,,False,0.11644,0.50358,0.0,21.1,1784939310
All Pools,CQK - USDC,,False,0.11039,30.53,0.0,0.33,1784939310
All Pools,CQK - AVAX,,False,0.11017,94.66,0.0,0.11,1784939310
All Pools,USDC.e - WISE,,False,0.10914,41.09,0.0,0.24,1784939310
All Pools,AVAX - WISE,,False,0.10893,58.38,0.0,0.17,1784939310
All Pools,SOL - USDC,,False,0.10491,20.33,0.0,0.47,1784939310
All Pools,APOW - USDC,,False,0.10226,20.71,0.0,0.45,1784939310
All Pools,USDC - WSPP,,False,0.0983,41.89,0.0,0.21,1784939310
All Pools,Wormhole - NaughtiusMaximus,,False,0.09774,97.02,0.0,0.09,1784939310
All Pools,ZUBAX - USDT.e,,False,0.0972,171.92,0.0,0.05,1784939310
All Pools,Wormhole - AVAX,,False,0.09708,73.06,0.0,0.12,1784939310
All Pools,SYN - USDC.e,,False,0.09676,2.036,0.0,4.34,1784939310
All Pools,USDC.e - SOL,,False,0.09644,34.57,0.0,0.25,1784939310
All Pools,APOW - USDt,,False,0.09593,20.72,0.0,0.42,1784939310
All Pools,Psychic - DéjàVu,,False,0.09551,143.27,0.0,0.06,1784939310
All Pools,Mungo - AVAX,,False,0.09533,28.06,0.0,0.31,1784939310
All Pools,DéjàVu - Mungo,,False,0.09533,124.68,0.0,0.07,1784939310
All Pools,AVAI - AVAX,,False,0.0951,19.26,0.0,0.45,1784939310
All Pools,USDt - USDT.e,,False,0.0921,20424.0,0.0,0.0,1784939310
All Pools,USDC - BVAX,,False,0.0918,25.33,0.0,0.33,1784939310
All Pools,USDt - MILO,,False,0.09127,13.86,0.0,0.6,1784939310
All Pools,AVAX - MILO,,False,0.09102,769.6,0.0,0.01,1784939310
All Pools,USDt - IMPACT2,,False,0.09061,71.83,0.0,0.12,1784939310
All Pools,AVAX - Sinterklaas,,False,0.08949,96.18,0.0,0.08,1784939310
All Pools,USDC - USD+,,False,0.08746,27.78,0.0,0.29,1784939310
All Pools,COQ - OX,,False,0.08652,11766.0,0.0,0.0,1784939310
All Pools,NOCHILL - OX,,False,0.08546,10973.0,0.0,0.0,1784939310
All Pools,MIM - UNIV,,False,0.08461,4.614,0.0,1.67,1784939310
All Pools,VEE - USDC,,False,0.08254,30.84,0.0,0.24,1784939310
All Pools,MIM - GRAPE,,False,0.08213,94.66,0.0,0.08,1784939310
All Pools,SURE - USDC.e,,False,0.0803,21.2,0.0,0.35,1784939310
All Pools,GLOBA - AVAX,,False,0.07975,38.88,0.0,0.19,1784939310
All Pools,UNIQOC - AVAX,,False,0.07862,782.31,0.0,0.01,1784939310
All Pools,UST - USDT.e,,False,0.07728,37.52,0.0,0.19,1784939310
All Pools,AVAX - SNOB,,False,0.07673,730.27,0.0,0.01,1784939310
All Pools,Psychic - Strength,,False,0.0753,54.55,0.0,0.13,1784939310
All Pools,AVAX - Strength,,False,0.07503,97.33,0.0,0.07,1784939310
All Pools,GLOBA - DAI.e,,False,0.07482,46.71,0.0,0.15,1784939310
All Pools,KIMBO - KOVIN,,False,0.07438,3.028,0.0,2.24,1784939310
All Pools,KOVIN - MU,,False,0.07361,2.301,0.0,2.92,1784939310
All Pools,USDC - SDOG,,False,0.0735,357.08,0.0,0.02,1784939310
All Pools,MIM - SDOG,,False,0.07332,79.73,0.0,0.08,1784939310
All Pools,UNIQOC - COQ,,False,0.07289,36.35,0.0,0.18,1784939310
All Pools,NOCHILL - AMI,,False,0.07186,3.815,0.0,1.72,1784939310
All Pools,AVAX - ZABU,,False,0.07184,22.99,0.0,0.29,1784939310
All Pools,MaryMagdalene - RoselineBloodline,,False,0.07182,35.54,0.0,0.18,1784939310
All Pools,RoselineBloodline - AVAX,,False,0.0714,31.01,0.0,0.21,1784939310
All Pools,MaryMagdalene - BrideOfChrist,,False,0.069,89.87,0.0,0.07,1784939310
All Pools,BrideOfChrist - AVAX,,False,0.06876,61.59,0.0,0.1,1784939310
All Pools,SPC - DAI.e,,False,0.06732,20.36,0.0,0.3,1784939310
All Pools,ORNG - JUICE,,False,0.06702,1.446,0.0,4.23,1784939310
All Pools,AVAX - MUG,,False,0.06494,240.44,0.0,0.02,1784939310
All Pools,MIM - PEFI,,False,0.06395,58.5,0.0,0.1,1784939310
All Pools,ZRO - USDC,,False,0.06155,4.478,0.0,1.25,1784939310
All Pools,USDC - yyAVAX,,False,0.06121,11.85,0.0,0.47,1784939310
All Pools,AVAX - NXUSD,,False,0.06085,0.3628,0.0,15.3,1784939310
All Pools,CANS - AVAX,,False,0.06013,7.951,0.0,0.69,1784939310
All Pools,KIMBO - CANS,,False,0.05998,215.59,0.0,0.03,1784939310
All Pools,USDT.e - DUO,,False,0.05928,50.1,0.0,0.11,1784939310
All Pools,AVAX - DUO,,False,0.05915,51.36,0.0,0.11,1784939310
All Pools,Psychic - Go,,False,0.05878,54.28,0.0,0.1,1784939310
All Pools,Go - AVAX,,False,0.05859,97.14,0.0,0.06,1784939310
All Pools,METAG - USDT.e,,False,0.05829,46.88,0.0,0.11,1784939310
All Pools,AVVO - DAI.e,,False,0.058,34.31,0.0,0.15,1784939310
All Pools,METAG - AVAX,,False,0.05795,19.22,0.0,0.28,1784939310
All Pools,DFIAT - USDT.e,,False,0.05674,26.3,0.0,0.2,1784939310
All Pools,gOHM - SB,,False,0.05671,16.9,0.0,0.31,1784939310
All Pools,DFIAT - AVAX,,False,0.05661,5813.88,0.0,0.0,1784939310
All Pools,WOLF - AMI,,False,0.05632,2.805,0.0,1.83,1784939310
All Pools,KIMBO - AMI,,False,0.05617,2.835,0.0,1.81,1784939310
All Pools,Psychic - Nala,,False,0.05611,203.03,0.0,0.03,1784939310
All Pools,AVAX - Nala,,False,0.05584,18.32,0.0,0.28,1784939310
All Pools,LINK.e - MU,,False,0.05279,6.977,0.0,0.69,1784939310
All Pools,MELT - USDT.e,,False,0.05189,29.18,0.0,0.16,1784939310
All Pools,MELT - AVAX,,False,0.05159,19.54,0.0,0.24,1784939310
All Pools,JPYC - USDC.e,,False,0.05145,5.013,0.0,0.94,1784939310
All Pools,SHOE - AMI,,False,0.04914,0.33853,0.0,13.25,1784939310
All Pools,COQ - NOCHILL,,False,0.04856,8.789,0.0,0.5,1784939310
All Pools,SYN - USDT.e,,False,0.04819,1.085,0.0,4.05,1784939310
All Pools,MIM - DAI.e,,False,0.0479,17.45,0.0,0.25,1784939310
All Pools,SYN - WETH.e,,False,0.04665,1.006,0.0,4.23,1784939310
All Pools,SUB - USDC,,False,0.04656,11.17,0.0,0.38,1784939310
All Pools,SPECTA - AVAX,,False,0.04648,6.56,0.0,0.65,1784939310
All Pools,Psychic - Christmas,,False,0.04638,32.36,0.0,0.13,1784939310
All Pools,USDC - SHRAP,,False,0.04635,20.18,0.0,0.21,1784939310
All Pools,Christmas - AVAX,,False,0.04623,172.79,0.0,0.02,1784939310
All Pools,SPECTA - USDC.e,,False,0.04583,17.43,0.0,0.24,1784939310
All Pools,BTC.b - MU,,False,0.04572,10.07,0.0,0.41,1784939310
All Pools,USDt - DXN,,False,0.04552,213.52,0.0,0.02,1784939310
All Pools,GAINS - AVAX,,False,0.04542,29.42,0.0,0.14,1784939310
All Pools,TRYB - USDC.e,,False,0.04526,31.7,0.0,0.13,1784939310
All Pools,SURE - DAI.e,,False,0.04394,24.64,0.0,0.16,1784939310
All Pools,COQ - REDWOLF,,False,0.0433,9.004,0.0,0.44,1784939310
All Pools,XAUt0 - ElvisJackpot,,False,0.04283,283.1,0.0,0.01,1784939310
All Pools,MIM - VOLT,,False,0.04283,12.5,0.0,0.31,1784939310
All Pools,USDt - REDWOLF,,False,0.04277,13.6,0.0,0.29,1784939310
All Pools,WLRS - GRAPE,,False,0.04263,7.758,0.0,0.5,1784939310
All Pools,AVAI - USDC.e,,False,0.04214,26.42,0.0,0.15,1784939310
All Pools,WLRS - USDC.e,,False,0.04213,3891.85,0.0,0.0,1784939310
All Pools,ElvisJackpot - BLACK,,False,0.04197,9.605,0.0,0.4,1784939310
All Pools,LOST - AVAX,,False,0.0414,1132.12,0.0,0.0,1784939310
All Pools,AVAX - LYLY,,False,0.03978,49.38,0.0,0.07,1784939310
All Pools,YAK - SPORE,,False,0.03977,4.708,0.0,0.77,1784939310
All Pools,MU - COQAI,,False,0.03927,5.392,0.0,0.66,1784939310
All Pools,AMI - COQAI,,False,0.03914,3.079,0.0,1.16,1784939310
All Pools,TECH - OX,,False,0.03808,4454.86,0.0,0.0,1784939310
All Pools,GATOR - AMI,,False,0.03803,4.179,0.0,0.83,1784939310
All Pools,KLO - AVAX,,False,0.03783,9803.7,0.0,0.0,1784939310
All Pools,DAI.e - VOLT,,False,0.03772,39.45,0.0,0.09,1784939310
All Pools,WETH.e - yyAVAX,,False,0.03678,14.32,0.0,0.23,1784939310
All Pools,NOCHILL - ARENA,,False,0.03616,0.39284,0.0,8.4,1784939310
All Pools,FLAKE - USDT.e,,False,0.03322,48.04,0.0,0.06,1784939310
All Pools,FLAKE - AVAX,,False,0.03309,16.77,0.0,0.18,1784939310
All Pools,SHERPA - AVAX,,False,0.03291,89.27,0.0,0.03,1784939310
All Pools,ABC - AMI,,False,0.03279,2.877,0.0,1.04,1784939310
All Pools,GAINS - Degen,,False,0.03264,1.376,0.0,2.16,1784939310
All Pools,LIBRE - USDC.e,,False,0.03243,12.04,0.0,0.25,1784939310
All Pools,HATCHY - AMI,,False,0.03199,3.11,0.0,0.94,1784939310
All Pools,Degen - AMI,,False,0.0319,0.84411,0.0,3.45,1784939310
All Pools,gOHM - wsOHM,,False,0.03162,16.1,0.0,0.18,1784939310
All Pools,wsOHM - AVAX,,False,0.03137,7.221,0.0,0.4,1784939310
All Pools,BNB - AVAX,,False,0.03135,2694.0,0.0,0.0,1784939310
All Pools,BENSI - AMI,,False,0.03103,2.414,0.0,1.17,1784939310
All Pools,WINK - AVAX,,False,0.02941,42.05,0.0,0.06,1784939310
All Pools,MIM - TIME,,False,0.02925,22.31,0.0,0.12,1784939310
All Pools,Anon - AVAX,,False,0.02923,7.352,0.0,0.36,1784939310
All Pools,AVAX - TIME,,False,0.02922,536.89,0.0,0.0,1784939310
All Pools,COQ - LYLY,,False,0.02797,10.11,0.0,0.25,1784939310
All Pools,AMI - DEGEN404,,False,0.02795,0.80684,0.0,3.16,1784939310
All Pools,YEEHAW - AMI,,False,0.02769,3.979,0.0,0.63,1784939310
All Pools,SNP - AVAX,,False,0.02732,7.847,0.0,0.32,1784939310
All Pools,COQ - SNP,,False,0.02715,17.37,0.0,0.14,1784939310
All Pools,Degen - DEGEN404,,False,0.02698,213.38,0.0,0.01,1784939310
All Pools,DAI.e - NXUSD,,False,0.02663,0.18612,0.0,13.05,1784939310
All Pools,HIGHER - AVAX,,False,0.02619,1.243,0.0,1.92,1784939310
All Pools,MCV - AVAX,,False,0.02525,274.87,0.0,0.01,1784939310
All Pools,BTC.b - GMX,,False,0.02519,1.4,0.0,1.64,1784939310
All Pools,COQ - MCV,,False,0.02512,6.505,0.0,0.35,1784939310
All Pools,JOE - ZABU,,False,0.02441,12.78,0.0,0.17,1784939310
All Pools,HEFE - AMI,,False,0.02271,2.292,0.0,0.9,1784939310
All Pools,BTC.b - yyAVAX,,False,0.02263,4.14,0.0,0.5,1784939310
All Pools,AMI - EROL,,False,0.02205,0.44913,0.0,4.48,1784939310
All Pools,CRAFT - AVAX,,False,0.0217,280.22,0.0,0.01,1784939310
All Pools,AMI - MU,,False,0.02158,1.478,0.0,1.33,1784939310
All Pools,JOE - aXEN,,False,0.02131,0.16333,0.0,11.91,1784939310
All Pools,BEAM - MU,,False,0.02122,0.9795,0.0,1.98,1784939310
All Pools,LUNA - LUNA,,False,0.02079,1.736,0.0,1.09,1784939310
All Pools,JOE - CRA,,False,0.02009,6.85,0.0,0.27,1784939310
All Pools,CRA - AVAX,,False,0.02001,6920.49,0.0,0.0,1784939310
All Pools,JOE - ZUBAX,,False,0.01995,6.388,0.0,0.28,1784939310
All Pools,GMX - USDC,,False,0.01939,0.90015,0.0,1.97,1784939310
All Pools,AVAX - ZSHARE,,False,0.01901,12.2,0.0,0.14,1784939310
All Pools,TECH - AMI,,False,0.01895,1.839,0.0,0.94,1784939310
All Pools,SUB - AVAX,,False,0.01894,14.42,0.0,0.12,1784939310
All Pools,TOMB - ZSHARE,,False,0.01883,1.073,0.0,1.6,1784939310
All Pools,AVAXAI - USDC,,False,0.01797,1433.24,0.0,0.0,1784939310
All Pools,AVAX - SPT,,False,0.01763,0.17275,0.0,9.31,1784939310
All Pools,BTC.b - USDC,,False,0.01741,4.23,0.0,0.38,1784939310
All Pools,AVAX - BAVA,,False,0.01734,8.4,0.0,0.19,1784939310
All Pools,COQ - BOOTY,,False,0.01725,6.756,0.0,0.23,1784939310
All Pools,AVAX - BLACK,,False,0.0172,3.047,0.0,0.52,1784939310
All Pools,HCT - AVAX,,False,0.01703,2.583,0.0,0.6,1784939310
All Pools,AVAX - AXIAL,,False,0.01688,573.89,0.0,0.0,1784939310
All Pools,Gladiator - AMI,,False,0.01686,1.607,0.0,0.96,1784939310
All Pools,FBOND - FTOMB,,False,0.01675,1.676,0.0,0.91,1784939310
All Pools,AVAX - GAU,,False,0.01644,4.767,0.0,0.31,1784939310
All Pools,COQ - MU,,False,0.01627,3.616,0.0,0.41,1784939310
All Pools,FITFI - USDC,,False,0.01611,0.07825,0.0,18.79,1784939310
All Pools,HIGHER - AMI,,False,0.01582,2.335,0.0,0.62,1784939310
All Pools,gOHM - JOE,,False,0.01536,3.212,0.0,0.44,1784939310
All Pools,AAVE.e - meGNX,,False,0.01455,3.565,0.0,0.37,1784939310
All Pools,BSGG - AVAX,,False,0.0141,2.407,0.0,0.53,1784939310
All Pools,DADDY - USDT.e,,False,0.01388,16.94,0.0,0.07,1784939310
All Pools,DADDY - AVAX,,False,0.01366,0.7392,0.0,1.69,1784939310
All Pools,ERROR - AMI,,False,0.01352,2.127,0.0,0.58,1784939310
All Pools,CNR - USDC,,False,0.01288,4.388,0.0,0.27,1784939310
All Pools,DWC - MU,,False,0.01285,2.671,0.0,0.44,1784939310
All Pools,AVAX - DWC,,False,0.01277,3909.46,0.0,0.0,1784939310
All Pools,SMRT - XAVA,,False,0.01257,2.188,0.0,0.52,1784939310
All Pools,AVAX - KET,,False,0.01247,20.51,0.0,0.06,1784939310
All Pools,USDC - AMI,,False,0.01244,0.59254,0.0,1.92,1784939310
All Pools,USDR - USDC,,False,0.01241,39.78,0.0,0.03,1784939310
All Pools,WETH.e - USDR,,False,0.0123,2.425,0.0,0.46,1784939310
All Pools,FLOT - AVAX,,False,0.01223,2687.33,0.0,0.0,1784939310
All Pools,AAVE.e - USDT.e,,False,0.01215,2.595,0.0,0.43,1784939310
All Pools,USDC - SPT,,False,0.0119,0.23369,0.0,4.65,1784939310
All Pools,GAINS - KOVIN,,False,0.01159,0.42712,0.0,2.48,1784939310
All Pools,QI - LYLY,,False,0.01158,1.709,0.0,0.62,1784939310
All Pools,GURS - AMI,,False,0.01109,1.448,0.0,0.7,1784939310
All Pools,WOLF - MU,,False,0.01078,3.859,0.0,0.25,1784939310
All Pools,CATWIF - MU,,False,0.01051,2.855,0.0,0.34,1784939310
All Pools,CATWIF - AVAX,,False,0.01051,2190.99,0.0,0.0,1784939310
All Pools,Psychic - KatzJoel,,False,0.01049,46.76,0.0,0.02,1784939310
All Pools,NOCHILL - MU,,False,0.01048,1.53,0.0,0.62,1784939310
All Pools,AVAX - WSPP,,False,0.01041,2.28,0.0,0.42,1784939310
All Pools,SHOE - COQ,,False,0.01032,0.06595,0.0,14.28,1784939310
All Pools,KatzJoel - BLACK,,False,0.01025,1.181,0.0,0.79,1784939310
All Pools,BTC.b - SPT,,False,0.01002,0.1715,0.0,5.33,1784939310
All Pools,NRK - DAI.e,,False,0.00978,282.51,0.0,0.0,1784939310
All Pools,AMPL - AVAX,,False,0.00963,201.46,0.0,0.0,1784939310
All Pools,RUG - DAI.e,,False,0.00962,0.732,0.0,1.2,1784939310
All Pools,AMI - aSOCK,,False,0.00926,1.84,0.0,0.46,1784939310
All Pools,WBTC - AVAX,,False,0.00923,30.75,0.0,0.03,1784939310
All Pools,AVAX - aSOCK,,False,0.00919,9.585,0.0,0.09,1784939310
All Pools,PUSH - AVAX,,False,0.0091,0.36925,0.0,2.25,1784939310
All Pools,HERESY - MEOW,,False,0.00903,0.2378,0.0,3.46,1784939310
All Pools,KOKSAL - USDC,,False,0.00883,4.404,0.0,0.18,1784939310
All Pools,KOKSAL - AVAX,,False,0.00879,2.706,0.0,0.3,1784939310
All Pools,GURS - NOCHILL,,False,0.00872,1.149,0.0,0.69,1784939310
All Pools,AAVE.e - USDC.e,,False,0.0086,1.254,0.0,0.63,1784939310
All Pools,AI9000 - MU,,False,0.00813,1.03,0.0,0.72,1784939310
All Pools,AI9000 - AVAX,,False,0.0081,206.48,0.0,0.0,1784939310
All Pools,WABBIT - AMI,,False,0.00783,0.89573,0.0,0.8,1784939310
All Pools,NXPC - AVAX,,False,0.00781,0.97911,0.0,0.73,1784939310
All Pools,WABBIT - AVAX,,False,0.00775,3986.67,0.0,0.0,1784939310
All Pools,JOE - REDWOLF,,False,0.00773,2.702,0.0,0.26,1784939310
All Pools,QI - REDWOLF,,False,0.00767,1.092,0.0,0.64,1784939310
All Pools,XAVA - HON,,False,0.00731,1.094,0.0,0.61,1784939310
All Pools,HUSKY - aXEN,,False,0.00707,0.04574,0.0,14.11,1784939310
All Pools,KIMBO - COQ,,False,0.00691,1.021,0.0,0.62,1784939310
All Pools,JOE - QI,,False,0.0069,0.54324,0.0,1.16,1784939310
All Pools,QI - USDC.e,,False,0.00683,0.61842,0.0,1.01,1784939310
All Pools,AVAX - JUICY,,False,0.00678,1767.65,0.0,0.0,1784939310
All Pools,Balln - AMI,,False,0.00641,0.5719,0.0,1.02,1784939310
All Pools,USDt - USDC.e,,False,0.00618,14.2,0.0,0.04,1784939310
All Pools,GMX - JOE,,False,0.00604,0.31656,0.0,1.74,1784939310
All Pools,HOWDY - WINE,,False,0.00586,0.1114,0.0,4.8,1784939310
All Pools,AIVAX - AMI,,False,0.00557,0.1012,0.0,5.03,1784939310
All Pools,USDC - MU,,False,0.00555,0.33764,0.0,1.5,1784939310
All Pools,WINE - AVAX,,False,0.00551,752.92,0.0,0.0,1784939310
All Pools,Quet - AVAX,,False,0.00551,0.14255,0.0,3.52,1784939310
All Pools,AMI - JUICY,,False,0.00548,0.57318,0.0,0.87,1784939310
All Pools,FBOND - AVAX,,False,0.00547,0.57226,0.0,0.87,1784939310
All Pools,YAK - USDT.e,,False,0.00543,0.51148,0.0,0.97,1784939310
All Pools,3ULL - USDC,,False,0.00542,0.54515,0.0,0.91,1784939310
All Pools,3ULL - AVAX,,False,0.00536,32.79,0.0,0.01,1784939310
All Pools,UNIQOC - Degen,,False,0.00532,0.19977,0.0,2.43,1784939310
All Pools,WINK - NOCHILL,,False,0.00529,0.40438,0.0,1.19,1784939310
All Pools,CAI - AMI,,False,0.00526,0.37641,0.0,1.28,1784939310
All Pools,WBTC.e - USDC,,False,0.00521,0.40151,0.0,1.18,1784939310
All Pools,Quet - ARENA,,False,0.00511,0.65854,0.0,0.71,1784939310
All Pools,JPYC - AVAX,,False,0.00509,0.23934,0.0,1.94,1784939310
All Pools,FITFI - USDC.e,,False,0.00509,0.04191,0.0,11.08,1784939310
All Pools,ALPHAZERO - USDT.e,,False,0.00501,2.032,0.0,0.23,1784939310
All Pools,GMX - USDt,,False,0.00496,0.37383,0.0,1.21,1784939310
All Pools,NOCHILL - WAIFU,,False,0.00489,146.23,0.0,0.0,1784939310
All Pools,MEOW - AMI,,False,0.00476,0.36131,0.0,1.2,1784939310
All Pools,SUB - USDC,,False,0.00468,69.22,0.0,0.01,1784939310
All Pools,KANA - USDC,,False,0.00465,0.41722,0.0,1.02,1784939310
All Pools,SUB - AVAX,,False,0.00463,0.41854,0.0,1.01,1784939310
All Pools,KANA - AVAX,,False,0.0046,766.8,0.0,0.0,1784939310
All Pools,USDC.e - XAVA,,False,0.00448,0.33545,0.0,1.22,1784939310
All Pools,SolarDAO - USDT.e,,False,0.00395,1.991,0.0,0.18,1784939310
All Pools,AUX - USDC,,False,0.00395,633.08,0.0,0.0,1784939310
All Pools,AUX - AVAX,,False,0.00389,0.30042,0.0,1.18,1784939310
All Pools,SolarDAO - AVAX,,False,0.00389,0.31833,0.0,1.11,1784939310
All Pools,Naughty - HIGHER,,False,0.00376,0.30039,0.0,1.14,1784939310
All Pools,FEED - AMI,,False,0.00371,0.15347,0.0,2.21,1784939310
All Pools,Naughty - AVAX,,False,0.0037,163.79,0.0,0.0,1784939310
All Pools,FEED - AVAX,,False,0.00362,5468.94,0.0,0.0,1784939310
All Pools,xARENA - ARENA,,False,0.00355,1.763,0.0,0.18,1784939310
All Pools,yes - ARENA,,False,0.00342,0.05277,0.0,5.92,1784939310
All Pools,USDC - USDT.e,,False,0.0034,154.55,0.0,0.0,1784939310
All Pools,UST - UST,,False,0.00336,1.426,0.0,0.22,1784939310
All Pools,HIGHER - NOCHILL,,False,0.00335,0.19801,0.0,1.54,1784939310
All Pools,xARENA - AVAX,,False,0.00333,0.06971,0.0,4.35,1784939310
All Pools,PUSH - AMI,,False,0.00317,0.12019,0.0,2.4,1784939310
All Pools,HIGHER - Degen,,False,0.00315,0.07405,0.0,3.88,1784939310
All Pools,sAVAX - AMI,,False,0.00312,0.2873,0.0,0.99,1784939310
All Pools,WETH.e - SPELL,,False,0.00309,0.20455,0.0,1.38,1784939310
All Pools,sAVAX - USDC,,False,0.00308,0.44529,0.0,0.63,1784939310
All Pools,JOE - AMI,,False,0.00305,0.17027,0.0,1.63,1784939310
All Pools,ABOB - AMI,,False,0.00296,0.10189,0.0,2.65,1784939310
All Pools,YEEHAW - Gladiator,,False,0.00294,0.11957,0.0,2.25,1784939310
All Pools,DEV - ARENA,,False,0.00287,0.05134,0.0,5.1,1784939310
All Pools,ABOB - AVAX,,False,0.00287,570.99,0.0,0.0,1784939310
All Pools,DEV - AVAX,,False,0.00267,3.272,0.0,0.07,1784939310
All Pools,LINK.e - SPELL,,False,0.00259,0.12923,0.0,1.83,1784939310
All Pools,AVAX - WXT,,False,0.00254,0.0159,0.0,14.59,1784939310
All Pools,USDC - BFG,,False,0.00247,0.13791,0.0,1.64,1784939310
All Pools,AVAX - BFG,,False,0.00242,1.115,0.0,0.2,1784939310
All Pools,KIMBO - MU,,False,0.00194,0.07346,0.0,2.41,1784939310
All Pools,JOE - MU,,False,0.00171,0.07338,0.0,2.13,1784939310
All Pools,CAPY - AVAX,,False,0.00163,0.01149,0.0,12.91,1784939310
All Pools,SD - AMI,,False,0.00156,4.062,0.0,0.04,1784939310
All Pools,wMEMO - AVAX,,False,0.00155,6.14,0.0,0.02,1784939310
All Pools,FLOT - FTOMB,,False,0.00153,0.04619,0.0,3.01,1784939310
All Pools,JOE - CNR,,False,0.00148,0.71807,0.0,0.19,1784939310
All Pools,ARENA - JUICY,,False,0.00144,0.02966,0.0,4.42,1784939310
All Pools,HUSKY - SMRTr,,False,0.00139,0.04031,0.0,3.15,1784939310
All Pools,BTC.b - USDt,,False,0.00136,0.13699,0.0,0.91,1784939310
All Pools,TURBO - AVAX,,False,0.00125,3.58,0.0,0.03,1784939310
All Pools,MOR - USDC.e,,False,0.00123,0.0,0.0,151.69,1784939310
All Pools,AQUID - ARENA,,False,0.00122,0.01319,0.0,8.47,1784939310
All Pools,KIOO - AVAX,,False,0.00118,393.3,0.0,0.0,1784939310
All Pools,COQ - USDt,,False,0.00108,0.04343,0.0,2.28,1784939310
All Pools,HUSKY - TRESR,,False,0.00101,0.02224,0.0,4.12,1784939310
All Pools,AMI - KONG,,False,0.0,0.30017,0.0,0.23,1784939310
All Pools,GGP - AMI,,False,0.0,0.00666,0.0,9.52,1784939310
All Pools,Quet - WETH.e,,False,0.0,0.02498,0.0,2.42,1784939310
All Pools,BTC.b - WETH.e,,False,0.0,0.43904,0.0,0.13,1784939310
All Pools,BIRD - AVAX,,False,0.0,0.00816,0.0,5.63,1784939310
All Pools,STICK - ARENA,,False,0.0,0.00139,0.0,30.05,1784939310
All Pools,YETI - AVAX,,False,0.0,637.86,0.0,0.0,1784939310
All Pools,AVAX - STICK,,False,0.0,1088.21,0.0,0.0,1784939310
All Pools,MEAT - AVAX,,False,0.0,2930.11,0.0,0.0,1784939310
All Pools,FATE - USDC,,False,0.0,433454.0,0.0,0.0,1784939310
All Pools,DONT_BUY - AVAX,,False,0.0,0.0,0.0,10.09,1784939310
All Pools,BabyCoq - BBC,,False,0.0,0.0,0.0,0.02,1784939310
All Pools,WOLF - BBC,,False,0.0,0.07201,0.0,0.0,1784939310
All Pools,AVAX - USDC,0.05,False,713943.0,393665.0,369.69,34.28,1784939375
All Pools,ARENA - AVAX,0.01,False,116963.0,242921.0,11.67,1.75,1784939375
All Pools,sAVAX - AVAX,0.01,False,82755.0,44997.0,8.469,6.87,1784939375
All Pools,WETH.e - USDC,0.15,False,39081.0,12779.0,58.97,168.43,1784939375
All Pools,BTC.b - USDC,0.05,False,29622.0,580657.0,15.09,0.95,1784939375
All Pools,sAVAX - AVAX,0.1,False,24974.0,50835.0,25.0,17.95,1784939375
All Pools,USDC.e - AVAX,0.3,False,24712.0,359552.0,61.78,6.27,1784939375
All Pools,NXUSD - WXT,0.3,False,24574.0,446021.0,61.43,5.03,1784939375
All Pools,AUSD - USDC,0.01,False,18948.0,118014.0,1.948,0.6,1784939375
All Pools,BEAM - AVAX,0.25,False,16135.0,14843.0,40.82,100.39,1784939375
All Pools,AVAX - USDC,0.3,False,15535.0,340159.0,38.84,4.17,1784939375
All Pools,USDt - USDC,0.01,False,11998.0,162676.0,0.96481,0.22,1784939375
All Pools,AVAX - USDT.e,0.3,False,11886.0,461550.0,29.71,2.35,1784939375
All Pools,USDC - XAVA,0.3,False,10373.0,481460.0,25.93,1.97,1784939375
All Pools,FOLKS - AVAX,0.25,False,9830.42,34810.0,24.95,26.16,1784939375
All Pools,USDt - USDC,0.005,False,9238.11,159932.0,0.64769,0.15,1784939375
All Pools,COQ - AVAX,0.3,False,8661.1,411634.0,21.65,1.92,1784939375
All Pools,AVAX - USDt,0.2,False,7862.76,96415.0,15.96,6.04,1784939375
All Pools,XAUt0 - USDt,0.04,False,7691.24,27636.0,4.028,5.32,1784939375
All Pools,USDT.e - USDt,0.02,False,7360.72,44443.0,1.475,1.21,1784939375
All Pools,BEAM - USDC,0.3,False,7265.18,67621.0,18.16,9.8,1784939375
All Pools,CAPY - ARENA,0.3,False,6541.4,26146.0,16.35,22.83,1784939375
All Pools,USDT.e - USDC,0.02,False,6036.76,51088.0,1.23,0.88,1784939375
All Pools,AAVE.e - AVAX,0.3,False,5742.18,252043.0,14.36,2.08,1784939375
All Pools,JOE - USDC.e,0.3,False,5241.13,257134.0,13.1,1.86,1784939375
All Pools,WETH.e - AVAX,0.3,False,4928.32,368350.0,12.32,1.22,1784939375
All Pools,AVAX - BTC.b,0.05,False,4758.54,25396.0,2.877,4.14,1784939375
All Pools,XAVA - AVAX,0.8,False,3919.6,117936.0,31.37,9.71,1784939375
All Pools,QI - AVAX,0.3,False,3627.69,115416.0,9.069,2.87,1784939375
All Pools,JOE - AVAX,0.3,False,3512.65,206141.0,8.782,1.55,1784939375
All Pools,GUN - AVAX,0.25,False,2504.68,8964.51,7.741,31.52,1784939375
All Pools,LCPEDU - USDt,0.8,False,2214.79,6934835.0,35.51,0.19,1784939375
All Pools,USDC.e - USDC,0.02,False,2139.31,3894.55,0.43481,4.08,1784939375
All Pools,ORNG - AVAX,0.3,False,2003.64,16444.0,5.009,11.12,1784939375
All Pools,GGP - AVAX,0.3,False,1874.89,19278.0,4.687,8.87,1784939375
All Pools,QI - AVAX,0.25,False,1862.76,7431.02,4.691,23.04,1784939375
All Pools,DAI.e - USDC,0.02,False,1812.25,26580.0,0.39179,0.54,1784939375
All Pools,HUNDRED - USDC,0.3,False,1668.24,474294.0,4.171,0.32,1784939375
All Pools,EURC - USDC,0.03,False,1616.3,10025.0,1.107,4.03,1784939375
All Pools,WBTC.e - AVAX,0.3,False,1602.61,129836.0,4.007,1.13,1784939375
All Pools,gOHM - AVAX,0.3,False,1549.11,125571.0,3.873,1.13,1784939375
All Pools,BTC.b - AVAX,0.3,False,1492.7,106118.0,3.732,1.28,1784939375
All Pools,TOPIA - AVAX,0.1,False,1236.81,2967.27,1.783,21.93,1784939375
All Pools,FLD - AVAX,0.3,False,1119.32,35060.0,2.798,2.91,1784939375
All Pools,WBTC.e - BTC.b,0.03,False,985.65,230067.0,0.3183,0.05,1784939375
All Pools,USDt - AVAX,0.3,False,960.28,37877.0,2.401,2.31,1784939375
All Pools,GMX - AVAX,0.3,False,928.89,4138.7,2.322,20.48,1784939375
All Pools,MOR - AVAX,0.3,False,892.63,80.28,2.232,1014.62,1784939375
All Pools,MUON - AVAX,0.3,False,890.9,42720.0,2.227,1.9,1784939375
All Pools,LINK.e - AVAX,0.3,False,875.07,38660.0,2.188,2.07,1784939375
All Pools,SIERRA - USDC,0.1,False,830.42,159812.0,0.89116,0.2,1784939375
All Pools,JOE - USDT.e,0.3,False,830.08,51552.0,2.075,1.47,1784939375
All Pools,KIMBO - AVAX,0.3,False,802.41,40040.0,2.006,1.83,1784939375
All Pools,USDC.e - USDC,0.02,False,747.24,9736.19,0.08103,0.3,1784939375
All Pools,AUSD - USDt,0.01,False,712.32,54730.0,0.07204,0.05,1784939375
All Pools,HERESY - AVAX,0.3,False,674.23,18385.0,1.686,3.35,1784939375
All Pools,NOCHILL - AVAX,0.3,False,658.84,52889.0,1.647,1.14,1784939375
All Pools,PTOP400 - AVAX,0.1,False,648.38,227.15,2.113,339.53,1784939375
All Pools,TOPIA - BTC.b,0.1,False,628.35,479.98,0.91023,69.22,1784939375
All Pools,ZRO - AVAX,0.25,False,549.04,1626.2,1.4,31.41,1784939375
All Pools,AVAX - DAI.e,0.3,False,506.73,27976.0,1.267,1.65,1784939375
All Pools,APIX - ARENA,0.3,False,498.17,2367.28,1.245,19.2,1784939375
All Pools,USDC.e - USDC,0.02,False,475.57,1955.07,0.09558,1.78,1784939375
All Pools,JPYC - USDC,0.04,False,452.78,2977.25,0.33874,4.15,1784939375
All Pools,WBTC - BTC.b,0.03,False,451.64,68103.0,0.1397,0.07,1784939375
All Pools,AVAX - ALVA,0.3,False,439.69,699.22,1.099,57.38,1784939375
All Pools,JOE - USDC,0.3,False,434.24,23398.0,1.086,1.69,1784939375
All Pools,USDT.e - USDC,0.02,False,393.51,897.73,0.04262,1.73,1784939375
All Pools,AVAX - XAVA,0.3,False,349.68,12461.0,0.8742,2.56,1784939375
All Pools,OSAK - AVAX,0.3,False,337.16,3176.18,0.84289,9.69,1784939375
All Pools,FRAX - USDC,0.25,False,329.66,241.44,0.86183,130.29,1784939375
All Pools,MINA - AVAX,0.1,False,314.72,629.86,0.31489,18.25,1784939375
All Pools,ZETA - AVAX,0.1,False,314.42,629.27,0.31459,18.25,1784939375
All Pools,AXL - AVAX,0.1,False,313.52,627.46,0.31369,18.25,1784939375
All Pools,- AVAX,0.1,False,313.14,626.71,0.31331,18.25,1784939375
All Pools,BDCA - AVAX,0.1,False,312.76,625.96,0.31294,18.25,1784939375
All Pools,KNTQ - AVAX,0.1,False,312.52,625.48,0.3127,18.25,1784939375
All Pools,XP - AVAX,0.1,False,311.95,624.32,0.31212,18.25,1784939375
All Pools,OMI - AVAX,0.1,False,311.89,624.21,0.31206,18.25,1784939375
All Pools,TSLAX - AVAX,0.1,False,311.83,624.08,0.312,18.25,1784939375
All Pools,SKR - AVAX,0.1,False,311.82,624.08,0.31199,18.25,1784939375
All Pools,HOT - AVAX,0.1,False,311.74,623.92,0.31191,18.25,1784939375
All Pools,ASTEROID - AVAX,0.1,False,311.73,623.89,0.3119,18.25,1784939375
All Pools,QFI - AVAX,0.1,False,311.55,623.54,0.31172,18.25,1784939375
All Pools,BASEDHYPE - AVAX,0.1,False,311.5,623.44,0.31167,18.25,1784939375
All Pools,GCOIN - AVAX,0.1,False,311.34,623.1,0.31151,18.25,1784939375
All Pools,T0G - AVAX,0.1,False,311.3,623.03,0.31147,18.25,1784939375
All Pools,IGRA - AVAX,0.1,False,311.21,622.85,0.31138,18.25,1784939375
All Pools,FLUID - AVAX,0.1,False,311.14,623.78,0.31131,18.22,1784939375
All Pools,SN4 - AVAX,0.1,False,311.08,622.58,0.31125,18.25,1784939375
All Pools,EURI - AVAX,0.1,False,311.07,622.57,0.31124,18.25,1784939375
All Pools,PUFF - AVAX,0.1,False,311.05,622.52,0.31122,18.25,1784939375
All Pools,CYS - AVAX,0.1,False,311.05,622.52,0.31122,18.25,1784939375
All Pools,NILA - AVAX,0.1,False,311.05,622.52,0.31122,18.25,1784939375
All Pools,NXT - AVAX,0.1,False,311.05,622.52,0.31122,18.25,1784939375
All Pools,DEGEN - AVAX,0.1,False,311.05,622.52,0.31122,18.25,1784939375
All Pools,FXSAVE - AVAX,0.1,False,310.93,622.28,0.3111,18.25,1784939375
All Pools,NMR - AVAX,0.1,False,310.89,622.21,0.31106,18.25,1784939375
All Pools,DOG - AVAX,0.1,False,310.89,622.21,0.31106,18.25,1784939375
All Pools,QUBIC - AVAX,0.1,False,310.89,622.21,0.31106,18.25,1784939375
All Pools,PC0000019 - AVAX,0.1,False,310.89,622.21,0.31106,18.25,1784939375
All Pools,ARRR - AVAX,0.1,False,310.89,622.21,0.31106,18.25,1784939375
All Pools,MHORSE - AVAX,0.1,False,310.89,622.21,0.31106,18.25,1784939375
All Pools,ALCH - AVAX,0.1,False,310.83,622.09,0.311,18.25,1784939375
All Pools,AIPF - AVAX,0.1,False,310.83,622.09,0.311,18.25,1784939375
All Pools,VBILL - AVAX,0.1,False,310.83,622.09,0.311,18.25,1784939375
All Pools,BAN - AVAX,0.1,False,310.83,622.09,0.311,18.25,1784939375
All Pools,VELO - AVAX,0.1,False,310.81,622.05,0.31098,18.25,1784939375
All Pools,BRETT - AVAX,0.1,False,310.81,622.05,0.31098,18.25,1784939375
All Pools,JELLYJELLY - AVAX,0.1,False,310.81,622.05,0.31098,18.25,1784939375
All Pools,TBK - AVAX,0.1,False,310.8,622.03,0.31097,18.25,1784939375
All Pools,BABYDOGE - AVAX,0.1,False,310.8,622.03,0.31097,18.25,1784939375
All Pools,SUPER - AVAX,0.1,False,310.8,622.03,0.31097,18.25,1784939375
All Pools,TFUEL - AVAX,0.1,False,310.8,622.03,0.31097,18.25,1784939375
All Pools,JCT - AVAX,0.1,False,310.8,622.03,0.31097,18.25,1784939375
All Pools,USDU - AVAX,0.1,False,310.8,622.03,0.31097,18.25,1784939375
All Pools,LBT - AVAX,0.1,False,310.78,622.0,0.31096,18.25,1784939375
All Pools,COAI - AVAX,0.1,False,310.78,622.0,0.31096,18.25,1784939375
All Pools,YFI - AVAX,0.1,False,310.78,622.0,0.31096,18.25,1784939375
All Pools,UAI - AVAX,0.1,False,310.78,622.0,0.31096,18.25,1784939375
All Pools,IO - AVAX,0.1,False,310.78,622.0,0.31096,18.25,1784939375
All Pools,PLUME - AVAX,0.1,False,310.78,622.0,0.31096,18.25,1784939375
All Pools,LINEA - AVAX,0.1,False,310.76,621.95,0.31093,18.25,1784939375
All Pools,PURR - AVAX,0.1,False,310.76,621.95,0.31093,18.25,1784939375
All Pools,ZIL - AVAX,0.1,False,310.76,621.95,0.31093,18.25,1784939375
All Pools,SWOP - AVAX,0.1,False,310.76,621.95,0.31093,18.25,1784939375
All Pools,TURBO - AVAX,0.1,False,310.76,621.95,0.31093,18.25,1784939375
All Pools,METAL - AVAX,0.1,False,310.76,621.95,0.31093,18.25,1784939375
All Pools,MEGA - AVAX,0.1,False,310.74,621.91,0.31091,18.25,1784939375
All Pools,XAUM - AVAX,0.1,False,310.74,621.91,0.31091,18.25,1784939375
All Pools,W - AVAX,0.1,False,310.74,621.91,0.31091,18.25,1784939375
All Pools,BERA - AVAX,0.1,False,310.74,621.91,0.31091,18.25,1784939375
All Pools,GMX - AVAX,0.1,False,310.74,621.91,0.31091,18.25,1784939375
All Pools,XPR - AVAX,0.1,False,310.74,621.91,0.31091,18.25,1784939375
All Pools,APES - AVAX,0.1,False,310.65,621.72,0.31082,18.25,1784939375
All Pools,CARDS - AVAX,0.1,False,310.64,621.71,0.31081,18.25,1784939375
All Pools,ZRX - AVAX,0.1,False,310.64,621.71,0.31081,18.25,1784939375
All Pools,BRLV - AVAX,0.1,False,310.64,621.71,0.31081,18.25,1784939375
All Pools,META - AVAX,0.1,False,310.64,621.71,0.31081,18.25,1784939375
All Pools,ENJ - AVAX,0.1,False,310.64,621.71,0.31081,18.25,1784939375
All Pools,USDON - AVAX,0.1,False,310.64,621.71,0.31081,18.25,1784939375
All Pools,PMUSD - AVAX,0.1,False,310.59,621.62,0.31076,18.25,1784939375
All Pools,GAS - AVAX,0.1,False,310.59,621.62,0.31076,18.25,1784939375
All Pools,ORCA - AVAX,0.1,False,310.59,621.62,0.31076,18.25,1784939375
All Pools,AIOZ - AVAX,0.1,False,310.59,621.62,0.31076,18.25,1784939375
All Pools,ORDI - AVAX,0.1,False,310.59,-3.531,0.31076,-3212.67,1784939375
All Pools,BEAM - AVAX,0.1,False,310.59,621.62,0.31076,18.25,1784939375
All Pools,Q - AVAX,0.1,False,310.59,621.62,0.31076,18.25,1784939375
All Pools,RAVE - AVAX,0.1,False,310.55,621.53,0.31072,18.25,1784939375
All Pools,SAFE - AVAX,0.1,False,310.55,621.53,0.31072,18.25,1784939375
All Pools,IVVON - AVAX,0.1,False,310.55,621.53,0.31072,18.25,1784939375
All Pools,SIERRA - AVAX,0.1,False,310.55,621.53,0.31072,18.25,1784939375
All Pools,TROLL - AVAX,0.1,False,310.55,621.53,0.31072,18.25,1784939375
All Pools,CHIP - AVAX,0.1,False,310.55,621.53,0.31072,18.25,1784939375
All Pools,ZIG - AVAX,0.1,False,310.52,621.46,0.31069,18.25,1784939375
All Pools,MAG7.SSI - AVAX,0.1,False,310.52,621.46,0.31069,18.25,1784939375
All Pools,RVN - AVAX,0.1,False,310.52,621.46,0.31069,18.25,1784939375
All Pools,MF - ONE - AVAX,0.1,False,310.52,621.46,0.31069,18.25,1784939375
All Pools,BIO - AVAX,0.1,False,310.52,621.46,0.31069,18.25,1784939375
All Pools,BLSEYE🎯 - AVAX,0.3,False,310.49,4401.64,0.77622,6.44,1784939375
All Pools,LISUSD - AVAX,0.1,False,310.28,621.0,0.31046,18.25,1784939375
All Pools,USELESS - AVAX,0.1,False,310.28,621.0,0.31046,18.25,1784939375
All Pools,MELANIA - AVAX,0.1,False,310.28,621.0,0.31046,18.25,1784939375
All Pools,STAU - AVAX,0.1,False,310.28,621.0,0.31046,18.25,1784939375
All Pools,PROS - AVAX,0.1,False,310.28,621.0,0.31046,18.25,1784939375
All Pools,CGUSD - AVAX,0.1,False,310.28,621.0,0.31046,18.25,1784939375
All Pools,FEUSD - AVAX,0.1,False,310.28,620.99,0.31045,18.25,1784939375
All Pools,PC0000023 - AVAX,0.1,False,310.28,620.99,0.31045,18.25,1784939375
All Pools,XDAI - AVAX,0.1,False,310.28,620.99,0.31045,18.25,1784939375
All Pools,USDX - AVAX,0.1,False,310.28,620.99,0.31045,18.25,1784939375
All Pools,DBR - AVAX,0.1,False,310.1,620.63,0.31027,18.25,1784939375
All Pools,LOUZI - AVAX,0.1,False,310.1,620.63,0.31027,18.25,1784939375
All Pools,PC0000101 - AVAX,0.1,False,310.1,620.63,0.31027,18.25,1784939375
All Pools,ARC - AVAX,0.1,False,310.1,620.63,0.31027,18.25,1784939375
All Pools,BAS - AVAX,0.1,False,310.1,-4.023,0.31027,-2815.26,1784939375
All Pools,QTUM - AVAX,0.1,False,310.1,620.63,0.31027,18.25,1784939375
All Pools,HOME - AVAX,0.1,False,309.84,620.1,0.31001,18.25,1784939375
All Pools,NUSD - AVAX,0.1,False,309.84,620.1,0.31001,18.25,1784939375
All Pools,QAIT - AVAX,0.1,False,309.84,620.1,0.31001,18.25,1784939375
All Pools,IUSD - AVAX,0.1,False,309.75,619.93,0.30992,18.25,1784939375
All Pools,ZAMA - AVAX,0.1,False,309.75,619.93,0.30992,18.25,1784939375
All Pools,QRL - AVAX,0.1,False,309.75,619.93,0.30992,18.25,1784939375
All Pools,SN64 - AVAX,0.1,False,309.75,619.93,0.30992,18.25,1784939375
All Pools,DYDX - AVAX,0.1,False,309.7,619.83,0.30987,18.25,1784939375
All Pools,STAC - AVAX,0.1,False,309.7,-4.424,0.30987,-2556.32,1784939375
All Pools,SOSO - AVAX,0.1,False,309.7,619.83,0.30987,18.25,1784939375
All Pools,AB - AVAX,0.1,False,309.7,619.83,0.30987,18.25,1784939375
All Pools,ZANO - AVAX,0.1,False,309.61,619.64,0.30978,18.25,1784939375
All Pools,EDGE - AVAX,0.1,False,309.61,619.64,0.30978,18.25,1784939375
All Pools,FDIT - AVAX,0.1,False,309.61,619.64,0.30978,18.25,1784939375
All Pools,EARNETH - AVAX,0.1,False,309.57,619.57,0.30974,18.25,1784939375
All Pools,ALLO - AVAX,0.1,False,309.57,619.57,0.30974,18.25,1784939375
All Pools,DRV - AVAX,0.1,False,309.57,619.57,0.30974,18.25,1784939375
All Pools,ATH - AVAX,0.1,False,309.57,619.57,0.30974,18.25,1784939375
All Pools,BANANAS31 - AVAX,0.1,False,309.57,619.57,0.30974,18.25,1784939375
All Pools,AUSD - AVAX,0.1,False,309.53,619.48,0.3097,18.25,1784939375
All Pools,BILL - AVAX,0.1,False,309.53,619.48,0.3097,18.25,1784939375
All Pools,GENIUS - AVAX,0.1,False,309.53,619.48,0.3097,18.25,1784939375
All Pools,APE - AVAX,0.1,False,309.53,619.48,0.3097,18.25,1784939375
All Pools,SAFO - AVAX,0.1,False,309.53,619.48,0.3097,18.25,1784939375
All Pools,KMNO - AVAX,0.1,False,309.5,619.43,0.30967,18.25,1784939375
All Pools,COW - AVAX,0.1,False,309.5,619.43,0.30967,18.25,1784939375
All Pools,MET - AVAX,0.1,False,309.41,619.24,0.30958,18.25,1784939375
All Pools,MAGMA - AVAX,0.1,False,309.41,619.24,0.30958,18.25,1784939375
All Pools,CUSD - AVAX,0.1,False,309.41,619.24,0.30958,18.25,1784939375
All Pools,VCNT - AVAX,0.1,False,309.41,619.24,0.30958,18.25,1784939375
All Pools,T1INCH - AVAX,0.1,False,309.4,619.23,0.30957,18.25,1784939375
All Pools,AWE - AVAX,0.1,False,309.4,619.23,0.30957,18.25,1784939375
All Pools,BMX - AVAX,0.1,False,309.4,619.23,0.30957,18.25,1784939375
All Pools,PC0000085 - AVAX,0.1,False,309.4,619.23,0.30957,18.25,1784939375
All Pools,TAG - AVAX,0.1,False,309.4,619.23,0.30957,18.25,1784939375
All Pools,FORM - AVAX,0.1,False,309.4,619.23,0.30957,18.25,1784939375
All Pools,UMXM - AVAX,0.1,False,309.4,619.23,0.30957,18.25,1784939375
All Pools,RIVER - AVAX,0.1,False,309.4,619.23,0.30957,18.25,1784939375
All Pools,CFG - AVAX,0.1,False,309.4,619.23,0.30957,18.25,1784939375
All Pools,GEOD - AVAX,0.1,False,309.4,619.23,0.30957,18.25,1784939375
All Pools,NXPC - AVAX,0.1,False,309.4,619.23,0.30957,18.25,1784939375
All Pools,NXM - AVAX,0.1,False,309.36,619.14,0.30953,18.25,1784939375
All Pools,DAI - AVAX,0.1,False,309.36,619.14,0.30953,18.25,1784939375
All Pools,PGOLD - AVAX,0.1,False,309.36,619.14,0.30953,18.25,1784939375
All Pools,BSB - AVAX,0.1,False,309.36,619.14,0.30953,18.25,1784939375
All Pools,KTA - AVAX,0.1,False,309.36,619.14,0.30953,18.25,1784939375
All Pools,TAC - AVAX,0.1,False,309.35,619.12,0.30952,18.25,1784939375
All Pools,TKX - AVAX,0.1,False,309.35,619.12,0.30952,18.25,1784939375
All Pools,DUSD - AVAX,0.1,False,309.35,619.12,0.30952,18.25,1784939375
All Pools,PC0000077 - AVAX,0.1,False,309.35,619.12,0.30952,18.25,1784939375
All Pools,RLB - AVAX,0.1,False,309.35,619.12,0.30952,18.25,1784939375
All Pools,UUSD - AVAX,0.1,False,309.35,619.12,0.30952,18.25,1784939375
All Pools,NOCK - AVAX,0.1,False,309.32,619.06,0.30949,18.25,1784939375
All Pools,RIF - AVAX,0.1,False,309.32,619.06,0.30949,18.25,1784939375
All Pools,SIREN - AVAX,0.1,False,309.32,619.06,0.30949,18.25,1784939375
All Pools,LPT - AVAX,0.1,False,309.32,619.06,0.30949,18.25,1784939375
All Pools,EGLD - AVAX,0.1,False,309.32,619.06,0.30949,18.25,1784939375
All Pools,BAT - AVAX,0.1,False,309.2,618.83,0.30937,18.25,1784939375
All Pools,OZO - AVAX,0.1,False,309.2,618.83,0.30937,18.25,1784939375
All Pools,GALA - AVAX,0.1,False,309.2,618.83,0.30937,18.25,1784939375
All Pools,VSN - AVAX,0.1,False,309.2,618.83,0.30937,18.25,1784939375
All Pools,FT - AVAX,0.1,False,309.2,618.83,0.30937,18.25,1784939375
All Pools,PC0000097 - AVAX,0.1,False,309.18,618.79,0.30935,18.25,1784939375
All Pools,RUNE - AVAX,0.1,False,309.18,618.79,0.30935,18.25,1784939375
All Pools,AR - AVAX,0.1,False,309.18,618.79,0.30935,18.25,1784939375
All Pools,EURCV - AVAX,0.1,False,309.18,618.79,0.30935,18.25,1784939375
All Pools,STRCX - AVAX,0.1,False,309.18,618.79,0.30935,18.25,1784939375
All Pools,WAL - AVAX,0.1,False,309.13,618.68,0.3093,18.25,1784939375
All Pools,SNX - AVAX,0.1,False,309.13,618.68,0.3093,18.25,1784939375
All Pools,RSR - AVAX,0.1,False,309.13,618.68,0.3093,18.25,1784939375
All Pools,WOULD - AVAX,0.1,False,309.13,618.68,0.3093,18.25,1784939375
All Pools,SHX - AVAX,0.1,False,309.13,618.68,0.3093,18.25,1784939375
All Pools,GRX - AVAX,0.1,False,309.09,618.6,0.30926,18.25,1784939375
All Pools,MUON - AVAX,0.1,False,309.05,618.52,0.30922,18.25,1784939375
All Pools,ZEN - AVAX,0.1,False,309.05,618.52,0.30922,18.25,1784939375
All Pools,USDA - AVAX,0.1,False,309.05,618.52,0.30922,18.25,1784939375
All Pools,EXOD - AVAX,0.1,False,309.05,618.52,0.30922,18.25,1784939375
All Pools,WM - AVAX,0.1,False,309.05,618.52,0.30922,18.25,1784939375
All Pools,ARKM - AVAX,0.1,False,309.05,618.52,0.30922,18.25,1784939375
All Pools,GLM - AVAX,0.1,False,309.02,618.47,0.30919,18.25,1784939375
All Pools,WEMIX - AVAX,0.1,False,309.02,618.47,0.30919,18.25,1784939375
All Pools,S - AVAX,0.1,False,309.02,618.47,0.30919,18.25,1784939375
All Pools,FARTCOIN - AVAX,0.1,False,308.8,618.02,0.30897,18.25,1784939375
All Pools,SHFL - AVAX,0.1,False,308.8,618.02,0.30897,18.25,1784939375
All Pools,CASH - AVAX,0.1,False,308.8,618.02,0.30897,18.25,1784939375
All Pools,IMX - AVAX,0.1,False,308.8,618.02,0.30897,18.25,1784939375
All Pools,THBILL - AVAX,0.1,False,308.8,618.02,0.30897,18.25,1784939375
All Pools,AVUSD - AVAX,0.1,False,308.7,617.84,0.30887,18.25,1784939375
All Pools,CVX - AVAX,0.1,False,308.7,617.84,0.30887,18.25,1784939375
All Pools,IP - AVAX,0.1,False,308.7,617.84,0.30887,18.25,1784939375
All Pools,USDAT - AVAX,0.1,False,308.7,617.84,0.30887,18.25,1784939375
All Pools,CRCLON - AVAX,0.1,False,308.7,617.84,0.30887,18.25,1784939375
All Pools,TIBBIR - AVAX,0.1,False,308.67,617.77,0.30884,18.25,1784939375
All Pools,KAITO - AVAX,0.1,False,308.67,617.77,0.30884,18.25,1784939375
All Pools,ACRED - AVAX,0.1,False,308.67,617.77,0.30884,18.25,1784939375
All Pools,USDF - AVAX,0.1,False,308.67,617.77,0.30884,18.25,1784939375
All Pools,GOMINING - AVAX,0.1,False,308.67,617.77,0.30884,18.25,1784939375
All Pools,PC0000023 - AVAX,0.1,False,308.67,617.77,0.30884,18.25,1784939375
All Pools,XEC - AVAX,0.1,False,308.64,617.71,0.30881,18.25,1784939375
All Pools,A - AVAX,0.1,False,308.64,617.71,0.30881,18.25,1784939375
All Pools,PC0000015 - AVAX,0.1,False,308.64,617.71,0.30881,18.25,1784939375
All Pools,SENT - AVAX,0.1,False,308.64,617.71,0.30881,18.25,1784939375
All Pools,CHEEMS - AVAX,0.1,False,308.64,617.71,0.30881,18.25,1784939375
All Pools,FRXUSD - AVAX,0.1,False,308.63,617.69,0.3088,18.25,1784939375
All Pools,O - AVAX,0.1,False,308.63,617.69,0.3088,18.25,1784939375
All Pools,BC - AVAX,0.1,False,308.63,617.69,0.3088,18.25,1784939375
All Pools,SFP - AVAX,0.1,False,308.63,617.69,0.3088,18.25,1784939375
All Pools,ZK - AVAX,0.1,False,308.63,617.69,0.3088,18.25,1784939375
All Pools,SolvBTC - BTC.b,0.04,False,296.97,176815.0,0.1384,0.03,1784939375
All Pools,WTHT - USDC,0.8,False,269.38,318.26,7.565,867.59,1784939375
All Pools,PTOP1300 - BTC.b,0.1,False,249.81,474.02,0.87732,67.55,1784939375
All Pools,XSEED - AVAX,0.3,False,230.23,9305.81,0.57557,2.26,1784939375
All Pools,BLSEYE🎯 - ARENA,0.3,False,227.56,1292.64,0.56891,16.06,1784939375
All Pools,USDC.e - OT - qiUSDC - 28DEC2023,0.3,False,225.91,4291.73,0.56477,4.8,1784939375
All Pools,PTOP700 - AVAX,0.1,False,225.86,89.89,0.28707,116.57,1784939375
All Pools,AVAX - DOMI,0.3,False,218.5,11091.0,0.54626,1.8,1784939375
All Pools,AVAX - TOPIA,0.3,False,211.46,1648.92,0.52866,11.7,1784939375
All Pools,SYN - AVAX,0.3,False,211.42,3874.38,0.52856,4.98,1784939375
All Pools,MIM - AVAX,0.3,False,168.39,160792.0,0.42098,0.1,1784939375
All Pools,NXPC - USDC,0.8,False,166.78,112.66,1.371,444.29,1784939375
All Pools,SB - AVAX,0.3,False,162.75,5856.78,0.40686,2.54,1784939375
All Pools,ARENA - AVAX,2.5,False,161.61,508.44,4.187,300.59,1784939375
All Pools,WETH.e - USDC.e,0.3,False,137.5,11029.0,0.34375,1.14,1784939375
All Pools,APIX - USDt,0.3,False,137.03,5572.47,0.34258,2.24,1784939375
All Pools,MAI - AVAX,0.3,False,125.88,1419.89,0.3147,8.09,1784939375
All Pools,AI - AVAX,0.3,False,102.28,3032.67,0.25569,3.08,1784939375
All Pools,sAVAX - JACK,0.3,False,97.71,273215.0,0.24428,0.03,1784939375
All Pools,PTOP700 - BTC.b,0.1,False,97.53,256.92,0.12857,18.27,1784939375
All Pools,w3ULL - AVAX,0.3,False,94.47,47314.0,0.23618,0.18,1784939375
All Pools,GMX - AVAX,0.2,False,88.22,38.24,0.27553,262.99,1784939375
All Pools,gOHM - FRAX,0.3,False,82.8,3453.34,0.207,2.19,1784939375
All Pools,MONEY - AVAX,0.25,False,78.45,1488.41,0.19637,4.82,1784939375
All Pools,USDC.e - USDC,0.3,False,77.12,481206.0,0.19281,0.01,1784939375
All Pools,HUSKY - AVAX,0.3,False,73.54,2173.39,0.18384,3.09,1784939375
All Pools,PTOP900 - BTC.b,0.1,False,71.07,217.07,0.1166,19.61,1784939375
All Pools,PTOP1000 - USDC,0.1,False,68.79,128.01,0.26575,75.78,1784939375
All Pools,BTC.b - TOPIA,0.3,False,68.72,631.78,0.17181,9.93,1784939375
All Pools,APIX - USDC,0.3,False,68.26,2783.0,0.17065,2.24,1784939375
All Pools,HOWDY - AVAX,0.3,False,62.74,6778.39,0.15684,0.84,1784939375
All Pools,GUN - AVAX,0.1,False,60.64,15559.0,0.0627,0.15,1784939375
All Pools,L1 - AVAX,0.8,False,57.55,16292.0,1.235,2.77,1784939375
All Pools,WBTC.e - BTC.b,0.03,False,55.66,559.76,0.02322,1.51,1784939375
All Pools,AVAX - JUICE,0.3,False,55.42,9937.77,0.13854,0.51,1784939375
All Pools,USDt - ncash,0.3,False,55.28,1004.22,0.1382,5.02,1784939375
All Pools,KOVIN - AVAX,0.3,False,54.79,2015.85,0.13696,2.48,1784939375
All Pools,JEWEL - USDC,0.3,False,51.54,3735.7,0.12886,1.26,1784939375
All Pools,PTOP1300 - TOPIA,0.3,False,47.77,165.9,0.11942,26.28,1784939375
All Pools,PTOP600 - USDC,0.1,False,46.42,446.43,0.07887,6.45,1784939375
All Pools,GRO - AVAX,0.3,False,46.27,184.88,0.11567,22.84,1784939375
All Pools,MONEY - AVAX,0.3,False,45.23,434.38,0.11308,9.5,1784939375
All Pools,DAI.e - USDC,0.02,False,44.97,2290.22,0.00921,0.15,1784939375
All Pools,STG - USDC,0.3,False,44.92,1187.53,0.1123,3.45,1784939375
All Pools,SHRAP - AVAX,0.8,False,41.94,7633.48,0.33768,1.61,1784939375
All Pools,USDC.e - WXT,0.3,False,41.16,186.36,0.10291,20.16,1784939375
All Pools,UST - AVAX,0.3,False,40.53,5646.46,0.10133,0.66,1784939375
All Pools,Degen - AVAX,0.3,False,38.37,1297.09,0.09592,2.7,1784939375
All Pools,MIM - SB,0.3,False,38.29,1970.41,0.09573,1.77,1784939375
All Pools,ALOT - AVAX,0.3,False,38.16,9832.24,0.09541,0.35,1784939375
All Pools,GUN - BLSEYE🎯,0.3,False,37.14,417.43,0.09286,8.12,1784939375
All Pools,AVAX - aXEN,0.3,False,37.08,155.5,0.09269,21.76,1784939375
All Pools,WHEAT - AVAX,0.3,False,36.62,192.74,0.09156,17.34,1784939375
All Pools,BEAM - AVAX,0.3,False,36.31,383.07,0.09079,8.65,1784939375
All Pools,GURS - AVAX,0.3,False,35.91,5233.12,0.08977,0.63,1784939375
All Pools,TRESR - AVAX,0.3,False,35.2,7512.59,0.088,0.43,1784939375
All Pools,ROCO - AVAX,0.3,False,34.11,1288.71,0.08527,2.41,1784939375
All Pools,AVAX - FRAX,0.3,False,33.78,654.56,0.08446,4.71,1784939375
All Pools,GRO - MOR,0.3,False,33.32,7.937,0.08331,383.09,1784939375
All Pools,yes - AVAX,0.3,False,31.12,983.27,0.07779,2.89,1784939375
All Pools,WHEAT - MOR,0.3,False,26.88,5.999,0.0672,408.88,1784939375
All Pools,Gladiator - ARENA,0.3,False,26.55,668.75,0.06637,3.62,1784939375
All Pools,Gladiator - USDC,0.3,False,26.14,357.71,0.06536,6.67,1784939375
All Pools,FITFI - USDT.e,0.3,False,25.47,65.9,0.06366,35.26,1784939375
All Pools,AVAX - UST,0.3,False,24.76,6598.2,0.06191,0.34,1784939375
All Pools,HEFE - AVAX,0.3,False,22.91,25991.0,0.05726,0.08,1784939375
All Pools,STG - AVAX,0.3,False,22.54,977.87,0.05636,2.1,1784939375
All Pools,AVAX - AMI,0.3,False,22.25,408.27,0.05563,4.97,1784939375
All Pools,PRIME - AVAX,0.4,False,21.79,133763.0,0.10437,0.03,1784939375
All Pools,PNG - AVAX,0.3,False,21.71,773.83,0.05428,2.56,1784939375
All Pools,PTOP400 - TOPIA,0.3,False,20.84,147.78,0.05211,12.87,1784939375
All Pools,AVAX - ARENA,0.3,False,20.75,84.9,0.05188,22.3,1784939375
All Pools,APIX - LAMBO,0.3,False,20.16,375.01,0.0504,4.91,1784939375
All Pools,BLSEYE🎯 - BEAM,0.3,False,20.12,280.87,0.05031,6.54,1784939375
All Pools,WOLF - AVAX,0.3,False,19.27,27208.0,0.04817,0.06,1784939375
All Pools,CHAMP - ARENA,0.3,False,18.67,18.58,0.04667,91.67,1784939375
All Pools,LUNA - USDC.e,0.3,False,18.18,628.0,0.04545,2.64,1784939375
All Pools,XPOW - AVAX,0.8,False,18.09,616.28,0.14498,8.59,1784939375
All Pools,LINK.e - USDT.e,0.3,False,17.0,223.96,0.0425,6.93,1784939375
All Pools,PTOP1300 - AVAX,0.1,False,16.8,16.82,0.02991,64.9,1784939375
All Pools,PTOP900 - USDC,0.1,False,15.83,134.33,0.06007,16.32,1784939375
All Pools,PTOP10000 - AVAX,0.1,False,15.41,9.65,0.0366,138.44,1784939375
All Pools,Balln - AVAX,0.3,False,15.12,4139.39,0.0378,0.33,1784939375
All Pools,GUN - AVAX,0.3,False,15.08,185.21,0.0377,7.43,1784939375
All Pools,TECH - AVAX,0.3,False,12.93,9006.27,0.03233,0.13,1784939375
All Pools,XPOW - AVAX,0.3,False,12.92,1161.66,0.0323,1.01,1784939375
All Pools,BOI - AVAX,0.3,False,12.43,35.75,0.03107,31.72,1784939375
All Pools,AVAX - GEC,0.3,False,11.81,26063.0,0.02952,0.04,1784939375
All Pools,YAK - AVAX,0.3,False,11.04,3118.4,0.0276,0.32,1784939375
All Pools,FLD - EVB,0.3,False,11.01,4439.04,0.02752,0.23,1784939375
All Pools,AVAX - EVB,0.3,False,10.71,2054.71,0.02679,0.48,1784939375
All Pools,MIM - USDT.e,0.3,False,10.69,1352.98,0.02673,0.72,1784939375
All Pools,ISA - AVAX,0.3,False,10.49,16311.0,0.02623,0.06,1784939375
All Pools,ISA - USDC.e,0.3,False,10.49,1415.8,0.02623,0.68,1784939375
All Pools,HATCHY - AVAX,0.3,False,10.36,6726.01,0.02589,0.14,1784939375
All Pools,YEEHAW - CHAMP,0.3,False,9.666,935.35,0.02416,0.94,1784939375
All Pools,HYDRA - AVAX,0.3,False,9.621,338.29,0.02405,2.6,1784939375
All Pools,SECOND - USDC,0.3,False,9.546,7011.26,0.02386,0.12,1784939375
All Pools,SECOND - AVAX,0.3,False,9.542,1431.29,0.02386,0.61,1784939375
All Pools,TOPIA - PTOP800,0.3,False,9.459,172.83,0.02365,4.99,1784939375
All Pools,Psychic - AVAX,0.3,False,9.096,866.8,0.02274,0.96,1784939375
All Pools,PTOP1000 - TOPIA,0.3,False,8.907,180.89,0.02227,4.49,1784939375
All Pools,PTOP900 - TOPIA,0.3,False,8.761,173.2,0.0219,4.62,1784939375
All Pools,DCAU - USDT.e,0.3,False,8.31,4989.45,0.02078,0.15,1784939375
All Pools,H4SH - AVAX,0.3,False,8.077,4553.93,0.02019,0.16,1784939375
All Pools,AMI - TOPIA,0.3,False,7.925,248.49,0.01981,2.91,1784939375
All Pools,BIG - AVAX,0.3,False,7.908,8881.97,0.01977,0.08,1784939375
All Pools,YUSD - AVAX,0.3,False,7.878,114.95,0.01969,6.25,1784939375
All Pools,APOW - AVAX,0.3,False,7.698,1263.28,0.01925,0.56,1784939375
All Pools,BOOTY - AVAX,0.3,False,7.455,1409.63,0.01864,0.48,1784939375
All Pools,MYST - AVAX,0.3,False,7.356,642.85,0.01839,1.04,1784939375
All Pools,AVAX - HON,0.3,False,7.285,47643.0,0.01821,0.01,1784939375
All Pools,Psychic - XAUt0,0.3,False,7.269,5775.4,0.01817,0.11,1784939375
All Pools,TOPIA - PTOP10000,0.3,False,7.043,176.62,0.01761,3.64,1784939375
All Pools,RGOGLZ - USDC,0.3,False,6.838,1301.63,0.01709,0.48,1784939375
All Pools,AVAX - BGR,0.3,False,6.831,253.97,0.01708,2.45,1784939375
All Pools,TOPIA - PTOP600,0.3,False,6.474,163.57,0.01619,3.61,1784939375
All Pools,DCAU - AVAX,0.3,False,6.421,989.57,0.01605,0.59,1784939375
All Pools,ABC - AVAX,0.3,False,6.267,477.57,0.01567,1.2,1784939375
All Pools,APOW - XPOW,0.3,False,6.068,1143.63,0.01517,0.48,1784939375
All Pools,ORNG - SAI,0.3,False,5.748,108.47,0.01437,4.84,1784939375
All Pools,MIM - USDC.e,0.3,False,5.666,688.79,0.01416,0.75,1784939375
All Pools,COQ - BLSEYE🎯,0.3,False,5.633,152.28,0.01408,3.38,1784939375
All Pools,agEUR - USDC,0.3,False,5.338,58.96,0.01335,8.26,1784939375
All Pools,DATCM - ORNG,0.3,False,5.309,228.47,0.01327,2.12,1784939375
All Pools,PTOP1100 - TOPIA,0.3,False,5.266,177.17,0.01317,2.71,1784939375
All Pools,CAI - AVAX,0.3,False,5.201,1213.34,0.013,0.39,1784939375
All Pools,AVAX - SPELL,0.3,False,4.814,1807.32,0.01204,0.24,1784939375
All Pools,ORNG - FLUX,0.3,False,4.8,107.42,0.012,4.08,1784939375
All Pools,PTOP700 - TOPIA,0.3,False,4.354,157.56,0.01088,2.52,1784939375
All Pools,JPYC - USDC,0.3,False,4.265,367.94,0.01066,1.06,1784939375
All Pools,AVAX - ELK,0.3,False,3.775,1260.7,0.00944,0.27,1784939375
All Pools,HUSKY - JOE,0.3,False,3.73,98.75,0.00933,3.45,1784939375
All Pools,YEEHAW - TOPIA,0.3,False,3.715,169.89,0.00929,2.0,1784939375
All Pools,USDC.e - MU,0.3,False,3.369,13214.0,0.00842,0.02,1784939375
All Pools,HOWDY - ARENA,0.3,False,3.325,59.45,0.00831,5.1,1784939375
All Pools,avUSD - sAVAX,0.3,False,3.069,199.14,0.00767,1.41,1784939375
All Pools,MYST - USDC,0.3,False,3.058,218.61,0.00765,1.28,1784939375
All Pools,MIM - WETH.e,0.3,False,2.901,448.01,0.00725,0.59,1784939375
All Pools,BLSEYE🎯 - MEOW,0.3,False,2.75,853.56,0.00687,0.29,1784939375
All Pools,PTOP1200 - TOPIA,0.3,False,2.738,173.17,0.00684,1.44,1784939375
All Pools,ORNG - JUCI,0.3,False,2.72,240.46,0.0068,1.03,1784939375
All Pools,3QF - D - AVAX,0.3,False,2.66,1296.23,0.00665,0.19,1784939375
All Pools,3QF - D - WETH.e,0.3,False,2.65,2460.76,0.00662,0.1,1784939375
All Pools,BRO - AVAX,0.3,False,2.631,96344.0,0.00658,0.0,1784939375
All Pools,AVAX - PEFI,0.3,False,2.477,3126.99,0.00619,0.07,1784939375
All Pools,HUSKY - AMI,0.3,False,2.358,54.17,0.00589,3.97,1784939375
All Pools,USV - DAI.e,0.3,False,2.327,3950.23,0.00582,0.05,1784939375
All Pools,SHRAP - DOMI,0.3,False,2.241,152.32,0.0056,1.34,1784939375
All Pools,SPORE - USDC,0.3,False,2.187,1368.6,0.00547,0.15,1784939375
All Pools,YOU - ORNG,0.3,False,2.126,1345.38,0.00531,0.14,1784939375
All Pools,ZRO - AVAX,0.3,False,2.06,131.91,0.00515,1.42,1784939375
All Pools,FITFI - AVAX,0.3,False,2.02,5.78,0.00505,31.9,1784939375
All Pools,AVAX - EROL,0.0,False,1.981,46.6,0.0,0.0,1784939375
All Pools,MAI - TOMB,0.3,False,1.964,113.47,0.00491,1.58,1784939375
All Pools,SWIFT - WETH.e,0.3,False,1.943,1316.91,0.00486,0.13,1784939375
All Pools,USDC - aXEN,0.3,False,1.917,8.527,0.00479,20.52,1784939375
All Pools,COQ - COQAI,0.3,False,1.885,18976.0,0.00471,0.01,1784939375
All Pools,FXS - AVAX,0.3,False,1.852,283.02,0.00463,0.6,1784939375
All Pools,PNG - JOE,0.3,False,1.832,113.65,0.00458,1.47,1784939375
All Pools,ROY - AVAX,0.3,False,1.797,3727.29,0.00449,0.04,1784939375
All Pools,YAK - USDC.e,0.3,False,1.762,202.32,0.00441,0.79,1784939375
All Pools,WETH - USDC.e,0.3,False,1.701,205.87,0.00425,0.75,1784939375
All Pools,LINK.e - USDC.e,0.3,False,1.68,186.19,0.0042,0.82,1784939375
All Pools,SWIFT - USDC.e,0.3,False,1.668,488.11,0.00417,0.31,1784939375
All Pools,Psychic - BLACK,0.3,False,1.651,243.46,0.00413,0.62,1784939375
All Pools,ORNG - MOOM,0.3,False,1.645,186.22,0.00411,0.81,1784939375
All Pools,USDT.e - ONION,0.3,False,1.517,743.12,0.00379,0.19,1784939375
All Pools,WETH.e - ONION,0.3,False,1.517,235.4,0.00379,0.59,1784939375
All Pools,JOE - USDT,0.3,False,1.478,274.82,0.0037,0.49,1784939375
All Pools,MaryMagdalene - AVAX,0.3,False,1.434,169.94,0.00358,0.77,1784939375
All Pools,miMatic - USDC.e,0.3,False,1.422,22.23,0.00356,5.84,1784939375
All Pools,XAUt0 - NaughtiusMaximus,0.3,False,1.393,880.5,0.00348,0.14,1784939375
All Pools,miMatic - AVAX,0.3,False,1.372,29.19,0.00343,4.29,1784939375
All Pools,WETH.e - USDT.e,0.3,False,1.314,149.91,0.00329,0.8,1784939375
All Pools,DINO - AVAX,0.3,False,1.286,2730.3,0.00322,0.04,1784939375
All Pools,AVAX - EROL,0.3,False,1.256,24.98,0.00314,4.59,1784939375
All Pools,AVAX - NaughtiusMaximus,0.3,False,1.246,327.26,0.00312,0.35,1784939375
All Pools,UST - USDC,0.3,False,1.242,427.15,0.0031,0.27,1784939375
All Pools,GB - AVAX,0.3,False,1.224,1726.14,0.00306,0.06,1784939375
All Pools,CHAMP - AMI,0.3,False,1.209,28.06,0.00302,3.93,1784939375
All Pools,YEEHAW - BTC.b,0.3,False,1.173,55.32,0.00293,1.94,1784939375
All Pools,COQ - OSAK,0.3,False,1.166,18.4,0.00292,5.78,1784939375
All Pools,Now - AVAX,0.3,False,1.151,185.77,0.00288,0.57,1784939375
All Pools,ABC - HOWDY,0.3,False,1.144,504.82,0.00286,0.21,1784939375
All Pools,BUSD - AVAX,0.3,False,1.142,331.93,0.00286,0.31,1784939375
All Pools,HOWDY - USDC,0.3,False,1.119,3104.66,0.0028,0.03,1784939375
All Pools,XROSS - ORNG,0.3,False,1.107,229.76,0.00277,0.44,1784939375
All Pools,LUNA - USDC.e,0.3,False,1.078,322.77,0.00269,0.3,1784939375
All Pools,Trinity - AVAX,0.3,False,1.062,705.98,0.00265,0.14,1784939375
All Pools,XAUt0 - Now,0.3,False,1.054,560.66,0.00264,0.17,1784939375
All Pools,GURS - ARENA,0.3,False,1.017,7.62,0.00254,12.18,1784939375
All Pools,REDWOLF - AVAX,0.3,False,1.004,378.56,0.00251,0.24,1784939375
All Pools,BabyCoq - AVAX,0.3,False,0.9539,1457.76,0.00238,0.06,1784939375
All Pools,BTC.b - IMPACT2,0.3,False,0.92577,1408.11,0.00231,0.06,1784939375
All Pools,aDXN - aXEN,0.3,False,0.92236,5.203,0.00231,16.18,1784939375
All Pools,Now - BLACK,0.3,False,0.92007,220.0,0.0023,0.38,1784939375
All Pools,oXAUT - AVAX,0.3,False,0.904,402.39,0.00226,0.21,1784939375
All Pools,BTC.b - oXAUT,0.3,False,0.90378,314.29,0.00226,0.26,1784939375
All Pools,HOWDY - AMI,0.3,False,0.89827,1575.84,0.00225,0.05,1784939375
All Pools,REDWOLF - USDC,0.3,False,0.87771,184.89,0.00219,0.43,1784939375
All Pools,AAVE.e - REDWOLF,0.3,False,0.87711,147.05,0.00219,0.54,1784939375
All Pools,APOW - AVAX,0.3,False,0.87086,603.66,0.00218,0.13,1784939375
All Pools,MaryMagdalene - XAUt0,0.3,False,0.84109,1657.78,0.0021,0.05,1784939375
All Pools,aDXN - AVAX,0.3,False,0.83944,55.58,0.0021,1.38,1784939375
All Pools,AVAX - ELK,0.3,False,0.83941,44.93,0.0021,1.7,1784939375
All Pools,AVAX - IMPACT2,0.3,False,0.83218,141.33,0.00208,0.54,1784939375
All Pools,USDT.e - CLY,0.3,False,0.82671,177.2,0.00207,0.43,1784939375
All Pools,SWIFT - AVAX,0.3,False,0.80571,232.33,0.00201,0.32,1784939375
All Pools,XAUt0 - ChristMark,0.3,False,0.7804,577.97,0.00195,0.12,1784939375
All Pools,AVAX - ChristMark,0.3,False,0.77752,262.96,0.00194,0.27,1784939375
All Pools,USDC - NXUSD,0.3,False,0.76058,3.13,0.0019,22.17,1784939375
All Pools,DPS - USDC,0.3,False,0.73775,1808.97,0.00184,0.04,1784939375
All Pools,DPS - AVAX,0.3,False,0.73729,179.73,0.00184,0.37,1784939375
All Pools,VPND - AVAX,0.3,False,0.73319,17310.0,0.00183,0.0,1784939375
All Pools,USDC - MXNB,0.3,False,0.71607,16.96,0.00179,3.85,1784939375
All Pools,KRW - AVAX,0.3,False,0.70415,305.33,0.00176,0.21,1784939375
All Pools,MAGICK - USDC,0.3,False,0.70375,224.04,0.00176,0.29,1784939375
All Pools,JOE - KRW,0.3,False,0.70361,144.51,0.00176,0.44,1784939375
All Pools,MAGICK - AVAX,0.3,False,0.70345,274.48,0.00176,0.23,1784939375
All Pools,USDC.e - AVVO,0.3,False,0.68869,223.13,0.00172,0.28,1784939375
All Pools,$Crazy - AVAX,0.3,False,0.68549,706.64,0.00171,0.09,1784939375
All Pools,ARENA - MU,0.3,False,0.64036,4.108,0.0016,14.22,1784939375
All Pools,BRO - COQ,0.3,False,0.63543,138.73,0.00159,0.42,1784939375
All Pools,AVAX - ONION,0.3,False,0.61483,146.08,0.00154,0.38,1784939375
All Pools,XAUt0 - Gravity,0.3,False,0.57438,310.67,0.00144,0.17,1784939375
All Pools,Trinity - Gravity,0.3,False,0.57068,1663.86,0.00143,0.03,1784939375
All Pools,AVAX - SOCK,0.3,False,0.57034,2321.58,0.00143,0.02,1784939375
All Pools,USDC - SOCK,0.3,False,0.57004,409.81,0.00143,0.13,1784939375
All Pools,HOST - DAI.e,0.3,False,0.55947,2482.85,0.0014,0.02,1784939375
All Pools,BLUB - AVAX,0.3,False,0.55675,11177.0,0.00139,0.0,1784939375
All Pools,PTOP500 - TOPIA,0.3,False,0.54352,141.75,0.00136,0.35,1784939375
All Pools,LUNA - AVAX,0.3,False,0.53695,117.57,0.00134,0.42,1784939375
All Pools,FTOMB - AVAX,0.3,False,0.5326,6423.76,0.00133,0.01,1784939375
All Pools,Ush - AVAX,0.3,False,0.52762,2007.41,0.00132,0.02,1784939375
All Pools,AVAX - CLY,0.3,False,0.52304,21131.0,0.00131,0.0,1784939375
All Pools,APOW - USDC,0.3,False,0.51682,113.86,0.00129,0.41,1784939375
All Pools,GUN - AMI,0.3,False,0.50838,9.817,0.00127,4.73,1784939375
All Pools,Trinity - Psychic,0.3,False,0.49194,392.12,0.00123,0.11,1784939375
All Pools,AVAX - MU,0.3,False,0.48663,73.03,0.00122,0.61,1784939375
All Pools,sAVAX - COQ,0.3,False,0.46679,63.51,0.00117,0.67,1784939375
All Pools,SMRTr - AVAX,0.3,False,0.4444,24865.0,0.00111,0.0,1784939375
All Pools,SMRTr - USDC.e,0.3,False,0.44371,102.7,0.00111,0.39,1784939375
All Pools,Psychic - Now,0.3,False,0.42352,462.07,0.00106,0.08,1784939375
All Pools,USDT.e - SING,0.3,False,0.42307,1195.46,0.00106,0.03,1784939375
All Pools,AVAX - SMRT,0.3,False,0.41556,1594.15,0.00104,0.02,1784939375
All Pools,AVAX - SING,0.3,False,0.41259,106.38,0.00103,0.35,1784939375
All Pools,Psychic - Jjj,0.3,False,0.40934,235.89,0.00102,0.16,1784939375
All Pools,Psychic - BlackAndGold,0.3,False,0.40838,236.09,0.00102,0.16,1784939375
All Pools,Jjj - AVAX,0.3,False,0.40821,202.72,0.00102,0.18,1784939375
All Pools,AVAX - BlackAndGold,0.3,False,0.40723,204.07,0.00102,0.18,1784939375
All Pools,USDT.e - SMRT,0.3,False,0.40345,87.48,0.00101,0.42,1784939375
All Pools,HH - ARENA,0.3,False,0.38095,2.447,,14.2,1784939375
All Pools,DREGG - USDT.e,0.3,False,0.38094,513.46,,0.07,1784939375
All Pools,DREGG - AVAX,0.3,False,0.3803,143.86,,0.24,1784939375
All Pools,HH - AVAX,0.3,False,0.37998,230.05,,0.15,1784939375
All Pools,WBTC.e - USDT.e,0.3,False,0.37479,156.75,,0.22,1784939375
All Pools,AVAX - CAST,0.3,False,0.37304,1327.49,,0.03,1784939375
All Pools,Psychic - All,0.3,False,0.36774,236.07,,0.14,1784939375
All Pools,AVAX - All,0.3,False,0.36676,204.18,,0.16,1784939375
All Pools,APOW - USDt,0.3,False,0.35471,113.55,,0.29,1784939375
All Pools,BANKSY - USDT.e,0.3,False,0.34984,1512.75,,0.02,1784939375
All Pools,BANKSY - AVAX,0.3,False,0.34902,140.07,,0.23,1784939375
All Pools,Psychic - Prometheus,0.3,False,0.34835,229.72,,0.14,1784939375
All Pools,AVAX - Prometheus,0.3,False,0.34768,198.12,,0.16,1784939375
All Pools,SOL - AVAX,0.3,False,0.34294,0.00155,,20170.06,1784939375
All Pools,AVAX - AVVO,0.3,False,0.33677,224.08,,0.14,1784939375
All Pools,WBTC.e - ONION,0.3,False,0.33598,355.05,,0.09,1784939375
All Pools,AVAX - USDT,0.3,False,0.33129,1662.88,,0.02,1784939375
All Pools,GATOR - ARENA,0.3,False,0.32843,2.62,,11.44,1784939375
All Pools,weETH - AVAX,0.3,False,0.32309,0.28729,,102.62,1784939375
All Pools,WETH.e - REDWOLF,0.3,False,0.32109,82.89,,0.35,1784939375
All Pools,DCAU - USDC,0.3,False,0.32092,142.6,,0.21,1784939375
All Pools,$Td - AVAX,0.3,False,0.31692,3760.06,,0.01,1784939375
All Pools,$Td - AMI,0.3,False,0.3135,25.7,,1.11,1784939375
All Pools,Psychic - Sinterklaas,0.3,False,0.31324,232.03,,0.12,1784939375
All Pools,NaughtiusMaximus - Seventeen,0.3,False,0.30642,661.72,,0.04,1784939375
All Pools,AVAX - Seventeen,0.3,False,0.30563,199.26,,0.14,1784939375
All Pools,COQ - JUICE,0.3,False,0.30082,29.42,,0.93,1784939375
All Pools,KIWI - USDC,0.3,False,0.29981,298.26,,0.09,1784939375
All Pools,KIWI - AVAX,0.3,False,0.29961,92.84,,0.29,1784939375
All Pools,UST - USDC.e,0.3,False,0.29726,660.59,,0.04,1784939375
All Pools,TOMB - USDC,0.3,False,0.293,9.764,,2.74,1784939375
All Pools,MaryMagdalene - FollowTheWhiteRabbit,0.3,False,0.29193,152.91,,0.17,1784939375
All Pools,LadyMary - FollowTheWhiteRabbit,0.3,False,0.29031,433.4,,0.06,1784939375
All Pools,LadyMary - AVAX,0.3,False,0.29014,247.75,,0.11,1784939375
All Pools,HUSKY - MUG,0.3,False,0.2889,14.18,,1.86,1784939375
All Pools,AVAX - FRAX,0.3,False,0.28864,221.96,,0.12,1784939375
All Pools,TSD - AVAX,0.3,False,0.28058,165.81,,0.15,1784939375
All Pools,MAXI - DAI.e,0.3,False,0.27226,220.59,,0.11,1784939375
All Pools,UNIV - AVAX,0.3,False,0.26379,5.707,,4.22,1784939375
All Pools,AVAX - ZUBAX,0.3,False,0.26015,90.51,,0.26,1784939375
All Pools,LUNA - AVAX,0.3,False,0.25259,13.25,,1.74,1784939375
All Pools,MIM - MU,0.3,False,0.24307,85.23,,0.26,1784939375
All Pools,USDC.e - NXUSD,0.3,False,0.23831,1.463,,14.86,1784939375
All Pools,PENGU - AVAX,0.3,False,0.23606,937.84,,0.02,1784939375
All Pools,YEEHAW - AVAX,0.3,False,0.23384,12.79,,1.67,1784939375
All Pools,ARENA - AMI,0.3,False,0.23379,1.535,,13.9,1784939375
All Pools,CGS - AVAX,0.3,False,0.23304,52.21,,0.41,1784939375
All Pools,CGS - USDC.e,0.3,False,0.23239,149.74,,0.14,1784939375
All Pools,STATIK - AVAX,0.3,False,0.22855,30.24,,0.69,1784939375
All Pools,Psychic - Meaning,0.3,False,0.22532,230.59,,0.09,1784939375
All Pools,Meaning - AVAX,0.3,False,0.22483,316.18,,0.06,1784939375
All Pools,NineHundred - Sinterklaas,0.3,False,0.22259,1147.39,,0.02,1784939375
All Pools,NineHundred - AVAX,0.3,False,0.22259,96.39,,0.21,1784939375
All Pools,Psychic - MeaningOfNumbers,0.3,False,0.21324,236.39,,0.08,1784939375
All Pools,BTC.b - HOWDY,0.3,False,0.21297,64.24,,0.3,1784939375
All Pools,AVAX - MeaningOfNumbers,0.3,False,0.21267,202.93,,0.1,1784939375
All Pools,Psychic - Ducks,0.3,False,0.21213,235.59,,0.08,1784939375
All Pools,Ducks - AVAX,0.3,False,0.21139,202.29,,0.1,1784939375
All Pools,COQ - AMI,0.3,False,0.21041,10.01,,1.92,1784939375
All Pools,JOE - EXP,0.3,False,0.20714,10330019.0,,,1784939375
All Pools,Psychic - CommieSukey,0.3,False,0.20515,236.16,,0.08,1784939375
All Pools,CommieSukey - AVAX,0.3,False,0.20462,203.4,,0.09,1784939375
All Pools,Psychic - Serpentarius,0.3,False,0.19901,239.08,,0.08,1784939375
All Pools,Serpentarius - AVAX,0.3,False,0.19833,206.06,,0.09,1784939375
All Pools,BTC.b - REDWOLF,0.3,False,0.19459,97.85,,0.18,1784939375
All Pools,Orem - NaughtiusMaximus,0.3,False,0.19215,97.21,,0.18,1784939375
All Pools,Orem - AVAX,0.3,False,0.19097,73.25,,0.24,1784939375
All Pools,HOST - AVAX,0.3,False,0.19077,86.93,,0.2,1784939375
All Pools,DAI.e - ONION,0.3,False,0.19046,331.55,,0.05,1784939375
All Pools,SYMBIOT - AVAX,0.3,False,0.18695,73.45,,0.23,1784939375
All Pools,MIM - USDC,0.3,False,0.18244,26.51,,0.63,1784939375
All Pools,Now - √Root,0.3,False,0.18114,617.81,,0.03,1784939375
All Pools,AVAX - √Root,0.3,False,0.18027,60.68,,0.27,1784939375
All Pools,USDC.e - ONION,0.3,False,0.17845,371.48,,0.04,1784939375
All Pools,SHOE - BTC.b,0.3,False,0.17775,1.27,,12.77,1784939375
All Pools,USDt - XPOW,0.3,False,0.1764,18.47,,0.87,1784939375
All Pools,BOI - MU,0.3,False,0.17621,0.66191,,24.29,1784939375
All Pools,SYMBIOT - DAI.e,0.3,False,0.17529,439.99,,0.04,1784939375
All Pools,Psychic - DogL,0.3,False,0.17387,235.79,,0.07,1784939375
All Pools,DogL - AVAX,0.3,False,0.17333,203.78,,0.08,1784939375
All Pools,COQ - KOVIN,0.3,False,0.17262,7.96,,1.98,1784939375
All Pools,UNIV - DAI.e,0.3,False,0.17258,10.51,,1.5,1784939375
All Pools,YEEHAW - ARENA,0.3,False,0.17163,1.411,,11.1,1784939375
All Pools,Sanskrit - Now,0.3,False,0.1711,618.55,,0.03,1784939375
All Pools,GENI - AVAX,0.3,False,0.17058,46.03,,0.34,1784939375
All Pools,GENI - USDC,0.3,False,0.17052,1100.38,,0.01,1784939375
All Pools,Sanskrit - AVAX,0.3,False,0.17029,60.74,,0.26,1784939375
All Pools,SYN - REDWOLF,0.3,False,0.1672,3.944,,3.87,1784939375
All Pools,AVAX - SUBZERO,0.3,False,0.16332,28.83,,0.52,1784939375
All Pools,IMPACT2 - EURC,0.3,False,0.16327,41.91,,0.36,1784939375
All Pools,COQ - ARENA,0.3,False,0.16292,1.246,,11.93,1784939375
All Pools,TOMB - SUBZERO,0.3,False,0.16197,8.668,,1.71,1784939375
All Pools,WETH.e - USDC,0.3,False,0.16102,20.51,,0.72,1784939375
All Pools,MaryMagdalene - TheGospelOfMary,0.3,False,0.16053,207.99,,0.07,1784939375
All Pools,AVAX - TheGospelOfMary,0.3,False,0.15996,112.24,,0.13,1784939375
All Pools,AMI - SQRCAT,0.3,False,0.15826,11.78,,1.23,1784939375
All Pools,XPOW - USDC,0.3,False,0.15789,18.51,,0.78,1784939375
All Pools,AVAX - SQRCAT,0.3,False,0.15742,4102.87,,0.0,1784939375
All Pools,MM - USDC,0.3,False,0.15674,49.41,,0.29,1784939375
All Pools,MM - AVAX,0.3,False,0.1567,65.52,,0.22,1784939375
All Pools,LINDA - AVAX,0.3,False,0.15383,1324.8,,0.01,1784939375
All Pools,Psychic - NeatestQuackery,0.3,False,0.14994,235.82,,0.06,1784939375
All Pools,NeatestQuackery - AVAX,0.3,False,0.14951,202.23,,0.07,1784939375
All Pools,USDC - GAU,0.3,False,0.14512,711.25,,0.02,1784939375
All Pools,meGNX - AVAX,0.3,False,0.14506,12.87,,1.03,1784939375
All Pools,MEOW - AVAX,0.3,False,0.14166,7433.88,,0.0,1784939375
All Pools,KALM - AVAX,0.3,False,0.14085,95.16,,0.14,1784939375
All Pools,KALM - USDC,0.3,False,0.1408,76.71,,0.17,1784939375
All Pools,SLUSH - USDT.e,0.3,False,0.13684,55.04,,0.23,1784939375
All Pools,SLUSH - AVAX,0.3,False,0.13648,44.7,,0.28,1784939375
All Pools,DCAU - MIM,0.3,False,0.13574,100.16,,0.12,1784939375
All Pools,USDt - RUX,0.3,False,0.13331,16080.0,,,1784939375
All Pools,RUX - AVAX,0.3,False,0.13307,25.29,,0.48,1784939375
All Pools,50 - AVAX,0.3,False,0.13178,58.78,,0.2,1784939375
All Pools,50 - USDC,0.3,False,0.13175,111.6,,0.11,1784939375
All Pools,USDT.e - XAVA,0.3,False,0.13048,10.51,,1.13,1784939375
All Pools,YEEHAW - USDC,0.3,False,0.1273,6.088,,1.91,1784939375
All Pools,Light - Now,0.3,False,0.12728,619.21,,0.02,1784939375
All Pools,Light - AVAX,0.3,False,0.12679,60.82,,0.19,1784939375
All Pools,WETH.e - SURE,0.3,False,0.12652,874.65,,0.01,1784939375
All Pools,aAvaWAVAX - meGNX,0.3,False,0.12584,2.946,,3.9,1784939375
All Pools,3ULL - AVAX,0.3,False,0.12448,54.24,,0.21,1784939375
All Pools,Kryptonite - NaughtiusMaximus,0.3,False,0.12423,97.73,,0.12,1784939375
All Pools,AVAX - Kryptonite,0.3,False,0.12373,73.6,,0.15,1784939375
All Pools,BOI - AMI,0.3,False,0.11644,0.50358,,21.1,1784939375
All Pools,CQK - USDC,0.3,False,0.11039,30.53,,0.33,1784939375
All Pools,CQK - AVAX,0.3,False,0.11017,94.66,,0.11,1784939375
All Pools,USDC.e - WISE,0.3,False,0.10914,41.09,,0.24,1784939375
All Pools,AVAX - WISE,0.3,False,0.10893,58.38,,0.17,1784939375
All Pools,SOL - USDC,0.3,False,0.10491,20.33,,0.47,1784939375
All Pools,APOW - USDC,0.3,False,0.10226,20.71,,0.45,1784939375
All Pools,USDC - WSPP,0.3,False,0.0983,41.89,,0.21,1784939375
All Pools,Wormhole - NaughtiusMaximus,0.3,False,0.09774,97.02,,0.09,1784939375
All Pools,ZUBAX - USDT.e,0.3,False,0.0972,171.92,,0.05,1784939375
All Pools,Wormhole - AVAX,0.3,False,0.09708,73.06,,0.12,1784939375
All Pools,SYN - USDC.e,0.3,False,0.09676,2.036,,4.34,1784939375
All Pools,USDC.e - SOL,0.3,False,0.09644,34.57,,0.25,1784939375
All Pools,APOW - USDt,0.3,False,0.09593,20.72,,0.42,1784939375
All Pools,Psychic - DéjàVu,0.3,False,0.09551,143.27,,0.06,1784939375
All Pools,Mungo - AVAX,0.3,False,0.09533,28.06,,0.31,1784939375
All Pools,DéjàVu - Mungo,0.3,False,0.09533,124.68,,0.07,1784939375
All Pools,AVAI - AVAX,0.3,False,0.0951,19.26,,0.45,1784939375
All Pools,USDt - USDT.e,0.3,False,0.0921,20424.0,,,1784939375
All Pools,USDC - BVAX,0.3,False,0.0918,25.33,,0.33,1784939375
All Pools,USDt - MILO,0.3,False,0.09127,13.86,,0.6,1784939375
All Pools,AVAX - MILO,0.3,False,0.09102,769.6,,0.01,1784939375
All Pools,USDt - IMPACT2,0.3,False,0.09061,71.83,,0.12,1784939375
All Pools,AVAX - Sinterklaas,0.3,False,0.08949,96.18,,0.08,1784939375
All Pools,USDC - USD+,0.3,False,0.08746,27.78,,0.29,1784939375
All Pools,COQ - OX,0.3,False,0.08652,11766.0,,,1784939375
All Pools,NOCHILL - OX,0.3,False,0.08546,10973.0,,,1784939375
All Pools,MIM - UNIV,0.3,False,0.08461,4.614,,1.67,1784939375
All Pools,VEE - USDC,0.3,False,0.08254,30.84,,0.24,1784939375
All Pools,MIM - GRAPE,0.3,False,0.08213,94.66,,0.08,1784939375
All Pools,SURE - USDC.e,0.3,False,0.0803,21.2,,0.35,1784939375
All Pools,GLOBA - AVAX,0.3,False,0.07975,38.88,,0.19,1784939375
All Pools,UNIQOC - AVAX,0.3,False,0.07862,782.31,,0.01,1784939375
All Pools,UST - USDT.e,0.3,False,0.07728,37.52,,0.19,1784939375
All Pools,AVAX - SNOB,0.3,False,0.07673,730.27,,0.01,1784939375
All Pools,Psychic - Strength,0.3,False,0.0753,54.55,,0.13,1784939375
All Pools,AVAX - Strength,0.3,False,0.07503,97.33,,0.07,1784939375
All Pools,GLOBA - DAI.e,0.3,False,0.07482,46.71,,0.15,1784939375
All Pools,KIMBO - KOVIN,0.3,False,0.07438,3.028,,2.24,1784939375
All Pools,KOVIN - MU,0.3,False,0.07361,2.301,,2.92,1784939375
All Pools,USDC - SDOG,0.3,False,0.0735,357.08,,0.02,1784939375
All Pools,MIM - SDOG,0.3,False,0.07332,79.73,,0.08,1784939375
All Pools,UNIQOC - COQ,0.3,False,0.07289,36.35,,0.18,1784939375
All Pools,NOCHILL - AMI,0.3,False,0.07186,3.815,,1.72,1784939375
All Pools,AVAX - ZABU,0.3,False,0.07184,22.99,,0.29,1784939375
All Pools,MaryMagdalene - RoselineBloodline,0.3,False,0.07182,35.54,,0.18,1784939375
All Pools,RoselineBloodline - AVAX,0.3,False,0.0714,31.01,,0.21,1784939375
All Pools,MaryMagdalene - BrideOfChrist,0.3,False,0.069,89.87,,0.07,1784939375
All Pools,BrideOfChrist - AVAX,0.3,False,0.06876,61.59,,0.1,1784939375
All Pools,SPC - DAI.e,0.3,False,0.06732,20.36,,0.3,1784939375
All Pools,ORNG - JUICE,0.3,False,0.06702,1.446,,4.23,1784939375
All Pools,AVAX - MUG,0.3,False,0.06494,240.44,,0.02,1784939375
All Pools,MIM - PEFI,0.3,False,0.06395,58.5,,0.1,1784939375
All Pools,ZRO - USDC,0.3,False,0.06155,4.478,,1.25,1784939375
All Pools,USDC - yyAVAX,0.3,False,0.06121,11.85,,0.47,1784939375
All Pools,AVAX - NXUSD,0.3,False,0.06085,0.3628,,15.3,1784939375
All Pools,CANS - AVAX,0.3,False,0.06013,7.951,,0.69,1784939375
All Pools,KIMBO - CANS,0.3,False,0.05998,215.59,,0.03,1784939375
All Pools,USDT.e - DUO,0.3,False,0.05928,50.1,,0.11,1784939375
All Pools,AVAX - DUO,0.3,False,0.05915,51.36,,0.11,1784939375
All Pools,Psychic - Go,0.3,False,0.05878,54.28,,0.1,1784939375
All Pools,Go - AVAX,0.3,False,0.05859,97.14,,0.06,1784939375
All Pools,METAG - USDT.e,0.3,False,0.05829,46.88,,0.11,1784939375
All Pools,AVVO - DAI.e,0.3,False,0.058,34.31,,0.15,1784939375
All Pools,METAG - AVAX,0.3,False,0.05795,19.22,,0.28,1784939375
All Pools,DFIAT - USDT.e,0.3,False,0.05674,26.3,,0.2,1784939375
All Pools,gOHM - SB,0.3,False,0.05671,16.9,,0.31,1784939375
All Pools,DFIAT - AVAX,0.3,False,0.05661,5813.88,,,1784939375
All Pools,WOLF - AMI,0.3,False,0.05632,2.805,,1.83,1784939375
All Pools,KIMBO - AMI,0.3,False,0.05617,2.835,,1.81,1784939375
All Pools,Psychic - Nala,0.3,False,0.05611,203.03,,0.03,1784939375
All Pools,AVAX - Nala,0.3,False,0.05584,18.32,,0.28,1784939375
All Pools,LINK.e - MU,0.3,False,0.05279,6.977,,0.69,1784939375
All Pools,MELT - USDT.e,0.3,False,0.05189,29.18,,0.16,1784939375
All Pools,MELT - AVAX,0.3,False,0.05159,19.54,,0.24,1784939375
All Pools,JPYC - USDC.e,0.3,False,0.05145,5.013,,0.94,1784939375
All Pools,SHOE - AMI,0.3,False,0.04914,0.33853,,13.25,1784939375
All Pools,COQ - NOCHILL,0.3,False,0.04856,8.789,,0.5,1784939375
All Pools,SYN - USDT.e,0.3,False,0.04819,1.085,,4.05,1784939375
All Pools,MIM - DAI.e,0.3,False,0.0479,17.45,,0.25,1784939375
All Pools,SYN - WETH.e,0.3,False,0.04665,1.006,,4.23,1784939375
All Pools,SUB - USDC,0.3,False,0.04656,11.17,,0.38,1784939375
All Pools,SPECTA - AVAX,0.3,False,0.04648,6.56,,0.65,1784939375
All Pools,Psychic - Christmas,0.3,False,0.04638,32.36,,0.13,1784939375
All Pools,USDC - SHRAP,0.3,False,0.04635,20.18,,0.21,1784939375
All Pools,Christmas - AVAX,0.3,False,0.04623,172.79,,0.02,1784939375
All Pools,SPECTA - USDC.e,0.3,False,0.04583,17.43,,0.24,1784939375
All Pools,BTC.b - MU,0.3,False,0.04572,10.07,,0.41,1784939375
All Pools,USDt - DXN,0.3,False,0.04552,213.52,,0.02,1784939375
All Pools,GAINS - AVAX,0.3,False,0.04542,29.42,,0.14,1784939375
All Pools,TRYB - USDC.e,0.3,False,0.04526,31.7,,0.13,1784939375
All Pools,SURE - DAI.e,0.3,False,0.04394,24.64,,0.16,1784939375
All Pools,COQ - REDWOLF,0.3,False,0.0433,9.004,,0.44,1784939375
All Pools,XAUt0 - ElvisJackpot,0.3,False,0.04283,283.1,,0.01,1784939375
All Pools,MIM - VOLT,0.3,False,0.04283,12.5,,0.31,1784939375
All Pools,USDt - REDWOLF,0.3,False,0.04277,13.6,,0.29,1784939375
All Pools,WLRS - GRAPE,0.3,False,0.04263,7.758,,0.5,1784939375
All Pools,AVAI - USDC.e,0.3,False,0.04214,26.42,,0.15,1784939375
All Pools,WLRS - USDC.e,0.3,False,0.04213,3891.85,,,1784939375
All Pools,ElvisJackpot - BLACK,0.3,False,0.04197,9.605,,0.4,1784939375
All Pools,LOST - AVAX,0.3,False,0.0414,1132.12,,0.0,1784939375
All Pools,AVAX - LYLY,0.3,False,0.03978,49.38,,0.07,1784939375
All Pools,YAK - SPORE,0.3,False,0.03977,4.708,,0.77,1784939375
All Pools,MU - COQAI,0.3,False,0.03927,5.392,,0.66,1784939375
All Pools,AMI - COQAI,0.3,False,0.03914,3.079,,1.16,1784939375
All Pools,TECH - OX,0.3,False,0.03808,4454.86,,,1784939375
All Pools,GATOR - AMI,0.3,False,0.03803,4.179,,0.83,1784939375
All Pools,KLO - AVAX,0.3,False,0.03783,9803.7,,,1784939375
All Pools,DAI.e - VOLT,0.3,False,0.03772,39.45,,0.09,1784939375
All Pools,WETH.e - yyAVAX,0.3,False,0.03678,14.32,,0.23,1784939375
All Pools,NOCHILL - ARENA,0.3,False,0.03616,0.39284,,8.4,1784939375
All Pools,FLAKE - USDT.e,0.3,False,0.03322,48.04,,0.06,1784939375
All Pools,FLAKE - AVAX,0.3,False,0.03309,16.77,,0.18,1784939375
All Pools,SHERPA - AVAX,0.3,False,0.03291,89.27,,0.03,1784939375
All Pools,ABC - AMI,0.3,False,0.03279,2.877,,1.04,1784939375
All Pools,GAINS - Degen,0.3,False,0.03264,1.376,,2.16,1784939375
All Pools,LIBRE - USDC.e,0.3,False,0.03243,12.04,,0.25,1784939375
All Pools,HATCHY - AMI,0.3,False,0.03199,3.11,,0.94,1784939375
All Pools,Degen - AMI,0.3,False,0.0319,0.84411,,3.45,1784939375
All Pools,gOHM - wsOHM,0.3,False,0.03162,16.1,,0.18,1784939375
All Pools,wsOHM - AVAX,0.3,False,0.03137,7.221,,0.4,1784939375
All Pools,BNB - AVAX,0.3,False,0.03135,2694.0,,0.0,1784939375
All Pools,BENSI - AMI,0.3,False,0.03103,2.414,,1.17,1784939375
All Pools,WINK - AVAX,0.3,False,0.02941,42.05,,0.06,1784939375
All Pools,MIM - TIME,0.3,False,0.02925,22.31,,0.12,1784939375
All Pools,Anon - AVAX,0.3,False,0.02923,7.352,,0.36,1784939375
All Pools,AVAX - TIME,0.3,False,0.02922,536.89,,0.0,1784939375
All Pools,COQ - LYLY,0.3,False,0.02797,10.11,,0.25,1784939375
All Pools,AMI - DEGEN404,0.3,False,0.02795,0.80684,,3.16,1784939375
All Pools,YEEHAW - AMI,0.3,False,0.02769,3.979,,0.63,1784939375
All Pools,SNP - AVAX,0.3,False,0.02732,7.847,,0.32,1784939375
All Pools,COQ - SNP,0.3,False,0.02715,17.37,,0.14,1784939375
All Pools,Degen - DEGEN404,0.3,False,0.02698,213.38,,0.01,1784939375
All Pools,DAI.e - NXUSD,0.3,False,0.02663,0.18612,,13.05,1784939375
All Pools,HIGHER - AVAX,0.3,False,0.02619,1.243,,1.92,1784939375
All Pools,MCV - AVAX,0.3,False,0.02525,274.87,,0.01,1784939375
All Pools,BTC.b - GMX,0.3,False,0.02519,1.4,,1.64,1784939375
All Pools,COQ - MCV,0.3,False,0.02512,6.505,,0.35,1784939375
All Pools,JOE - ZABU,0.3,False,0.02441,12.78,,0.17,1784939375
All Pools,HEFE - AMI,0.3,False,0.02271,2.292,,0.9,1784939375
All Pools,BTC.b - yyAVAX,0.3,False,0.02263,4.14,,0.5,1784939375
All Pools,AMI - EROL,0.3,False,0.02205,0.44913,,4.48,1784939375
All Pools,CRAFT - AVAX,0.3,False,0.0217,280.22,,0.01,1784939375
All Pools,AMI - MU,0.3,False,0.02158,1.478,,1.33,1784939375
All Pools,JOE - aXEN,0.3,False,0.02131,0.16333,,11.91,1784939375
All Pools,BEAM - MU,0.3,False,0.02122,0.9795,,1.98,1784939375
All Pools,LUNA - LUNA,0.3,False,0.02079,1.736,,1.09,1784939375
All Pools,JOE - CRA,0.3,False,0.02009,6.85,,0.27,1784939375
All Pools,CRA - AVAX,0.3,False,0.02001,6920.49,,,1784939375
All Pools,JOE - ZUBAX,0.3,False,0.01995,6.388,,0.28,1784939375
All Pools,GMX - USDC,0.3,False,0.01939,0.90015,,1.97,1784939375
All Pools,AVAX - ZSHARE,0.3,False,0.01901,12.2,,0.14,1784939375
All Pools,TECH - AMI,0.3,False,0.01895,1.839,,0.94,1784939375
All Pools,SUB - AVAX,0.3,False,0.01894,14.42,,0.12,1784939375
All Pools,TOMB - ZSHARE,0.3,False,0.01883,1.073,,1.6,1784939375
All Pools,AVAXAI - USDC,0.3,False,0.01797,1433.24,,0.0,1784939375
All Pools,AVAX - SPT,0.3,False,0.01763,0.17275,,9.31,1784939375
All Pools,BTC.b - USDC,0.3,False,0.01741,4.23,,0.38,1784939375
All Pools,AVAX - BAVA,0.3,False,0.01734,8.4,,0.19,1784939375
All Pools,COQ - BOOTY,0.3,False,0.01725,6.756,,0.23,1784939375
All Pools,AVAX - BLACK,0.3,False,0.0172,3.047,,0.52,1784939375
All Pools,HCT - AVAX,0.3,False,0.01703,2.583,,0.6,1784939375
All Pools,AVAX - AXIAL,0.3,False,0.01688,573.89,,0.0,1784939375
All Pools,Gladiator - AMI,0.3,False,0.01686,1.607,,0.96,1784939375
All Pools,FBOND - FTOMB,0.3,False,0.01675,1.676,,0.91,1784939375
All Pools,AVAX - GAU,0.3,False,0.01644,4.767,,0.31,1784939375
All Pools,COQ - MU,0.3,False,0.01627,3.616,,0.41,1784939375
All Pools,FITFI - USDC,0.3,False,0.01611,0.07825,,18.79,1784939375
All Pools,HIGHER - AMI,0.3,False,0.01582,2.335,,0.62,1784939375
All Pools,gOHM - JOE,0.3,False,0.01536,3.212,,0.44,1784939375
All Pools,AAVE.e - meGNX,0.3,False,0.01455,3.565,,0.37,1784939375
All Pools,BSGG - AVAX,0.3,False,0.0141,2.407,,0.53,1784939375
All Pools,DADDY - USDT.e,0.3,False,0.01388,16.94,,0.07,1784939375
All Pools,DADDY - AVAX,0.3,False,0.01366,0.7392,,1.69,1784939375
All Pools,ERROR - AMI,0.3,False,0.01352,2.127,,0.58,1784939375
All Pools,CNR - USDC,0.3,False,0.01288,4.388,,0.27,1784939375
All Pools,DWC - MU,0.3,False,0.01285,2.671,,0.44,1784939375
All Pools,AVAX - DWC,0.3,False,0.01277,3909.46,,,1784939375
All Pools,SMRT - XAVA,0.3,False,0.01257,2.188,,0.52,1784939375
All Pools,AVAX - KET,0.3,False,0.01247,20.51,,0.06,1784939375
All Pools,USDC - AMI,0.3,False,0.01244,0.59254,,1.92,1784939375
All Pools,USDR - USDC,0.3,False,0.01241,39.78,,0.03,1784939375
All Pools,WETH.e - USDR,0.3,False,0.0123,2.425,,0.46,1784939375
All Pools,FLOT - AVAX,0.3,False,0.01223,2687.33,,,1784939375
All Pools,AAVE.e - USDT.e,0.3,False,0.01215,2.595,,0.43,1784939375
All Pools,USDC - SPT,0.3,False,0.0119,0.23369,,4.65,1784939375
All Pools,GAINS - KOVIN,0.3,False,0.01159,0.42712,,2.48,1784939375
All Pools,QI - LYLY,0.3,False,0.01158,1.709,,0.62,1784939375
All Pools,GURS - AMI,0.3,False,0.01109,1.448,,0.7,1784939375
All Pools,WOLF - MU,0.3,False,0.01078,3.859,,0.25,1784939375
All Pools,CATWIF - MU,0.3,False,0.01051,2.855,,0.34,1784939375
All Pools,CATWIF - AVAX,0.3,False,0.01051,2190.99,,,1784939375
All Pools,Psychic - KatzJoel,0.3,False,0.01049,46.76,,0.02,1784939375
All Pools,NOCHILL - MU,0.3,False,0.01048,1.53,,0.62,1784939375
All Pools,AVAX - WSPP,0.3,False,0.01041,2.28,,0.42,1784939375
All Pools,SHOE - COQ,0.3,False,0.01032,0.06595,,14.28,1784939375
All Pools,KatzJoel - BLACK,0.3,False,0.01025,1.181,,0.79,1784939375
All Pools,BTC.b - SPT,0.3,False,0.01002,0.1715,,5.33,1784939375
All Pools,NRK - DAI.e,0.3,False,0.00978,282.51,,0.0,1784939375
All Pools,AMPL - AVAX,0.3,False,0.00963,201.46,,0.0,1784939375
All Pools,RUG - DAI.e,0.3,False,0.00962,0.732,,1.2,1784939375
All Pools,AMI - aSOCK,0.3,False,0.00926,1.84,,0.46,1784939375
All Pools,WBTC - AVAX,0.3,False,0.00923,30.75,,0.03,1784939375
All Pools,AVAX - aSOCK,0.3,False,0.00919,9.585,,0.09,1784939375
All Pools,PUSH - AVAX,0.3,False,0.0091,0.36925,,2.25,1784939375
All Pools,HERESY - MEOW,0.3,False,0.00903,0.2378,,3.46,1784939375
All Pools,KOKSAL - USDC,0.3,False,0.00883,4.404,,0.18,1784939375
All Pools,KOKSAL - AVAX,0.3,False,0.00879,2.706,,0.3,1784939375
All Pools,GURS - NOCHILL,0.3,False,0.00872,1.149,,0.69,1784939375
All Pools,AAVE.e - USDC.e,0.3,False,0.0086,1.254,,0.63,1784939375
All Pools,AI9000 - MU,0.3,False,0.00813,1.03,,0.72,1784939375
All Pools,AI9000 - AVAX,0.3,False,0.0081,206.48,,0.0,1784939375
All Pools,WABBIT - AMI,0.3,False,0.00783,0.89573,,0.8,1784939375
All Pools,NXPC - AVAX,0.3,False,0.00781,0.97911,,0.73,1784939375
All Pools,WABBIT - AVAX,0.3,False,0.00775,3986.67,,,1784939375
All Pools,JOE - REDWOLF,0.3,False,0.00773,2.702,,0.26,1784939375
All Pools,QI - REDWOLF,0.3,False,0.00767,1.092,,0.64,1784939375
All Pools,XAVA - HON,0.3,False,0.00731,1.094,,0.61,1784939375
All Pools,HUSKY - aXEN,0.3,False,0.00707,0.04574,,14.11,1784939375
All Pools,KIMBO - COQ,0.3,False,0.00691,1.021,,0.62,1784939375
All Pools,JOE - QI,0.3,False,0.0069,0.54324,,1.16,1784939375
All Pools,QI - USDC.e,0.3,False,0.00683,0.61842,,1.01,1784939375
All Pools,AVAX - JUICY,0.3,False,0.00678,1767.65,,,1784939375
All Pools,Balln - AMI,0.3,False,0.00641,0.5719,,1.02,1784939375
All Pools,USDt - USDC.e,0.3,False,0.00618,14.2,,0.04,1784939375
All Pools,GMX - JOE,0.3,False,0.00604,0.31656,,1.74,1784939375
All Pools,HOWDY - WINE,0.3,False,0.00586,0.1114,,4.8,1784939375
All Pools,AIVAX - AMI,0.3,False,0.00557,0.1012,,5.03,1784939375
All Pools,USDC - MU,0.3,False,0.00555,0.33764,,1.5,1784939375
All Pools,WINE - AVAX,0.3,False,0.00551,752.92,,,1784939375
All Pools,Quet - AVAX,0.3,False,0.00551,0.14255,,3.52,1784939375
All Pools,AMI - JUICY,0.3,False,0.00548,0.57318,,0.87,1784939375
All Pools,FBOND - AVAX,0.3,False,0.00547,0.57226,,0.87,1784939375
All Pools,YAK - USDT.e,0.3,False,0.00543,0.51148,,0.97,1784939375
All Pools,3ULL - USDC,0.3,False,0.00542,0.54515,,0.91,1784939375
All Pools,3ULL - AVAX,0.3,False,0.00536,32.79,,0.01,1784939375
All Pools,UNIQOC - Degen,0.3,False,0.00532,0.19977,,2.43,1784939375
All Pools,WINK - NOCHILL,0.3,False,0.00529,0.40438,,1.19,1784939375
All Pools,CAI - AMI,0.3,False,0.00526,0.37641,,1.28,1784939375
All Pools,WBTC.e - USDC,0.3,False,0.00521,0.40151,,1.18,1784939375
All Pools,Quet - ARENA,0.3,False,0.00511,0.65854,,0.71,1784939375
All Pools,JPYC - AVAX,0.3,False,0.00509,0.23934,,1.94,1784939375
All Pools,FITFI - USDC.e,0.3,False,0.00509,0.04191,,11.08,1784939375
All Pools,ALPHAZERO - USDT.e,0.3,False,0.00501,2.032,,0.23,1784939375
All Pools,GMX - USDt,0.3,False,0.00496,0.37383,,1.21,1784939375
All Pools,NOCHILL - WAIFU,0.3,False,0.00489,146.23,,0.0,1784939375
All Pools,MEOW - AMI,0.3,False,0.00476,0.36131,,1.2,1784939375
All Pools,SUB - USDC,0.3,False,0.00468,69.22,,0.01,1784939375
All Pools,KANA - USDC,0.3,False,0.00465,0.41722,,1.02,1784939375
All Pools,SUB - AVAX,0.3,False,0.00463,0.41854,,1.01,1784939375
All Pools,KANA - AVAX,0.3,False,0.0046,766.8,,,1784939375
All Pools,USDC.e - XAVA,0.3,False,0.00448,0.33545,,1.22,1784939375
All Pools,SolarDAO - USDT.e,0.3,False,0.00395,1.991,,0.18,1784939375
All Pools,AUX - USDC,0.3,False,0.00395,633.08,,,1784939375
All Pools,AUX - AVAX,0.3,False,0.00389,0.30042,,1.18,1784939375
All Pools,SolarDAO - AVAX,0.3,False,0.00389,0.31833,,1.11,1784939375
All Pools,Naughty - HIGHER,0.3,False,0.00376,0.30039,,1.14,1784939375
All Pools,FEED - AMI,0.3,False,0.00371,0.15347,,2.21,1784939375
All Pools,Naughty - AVAX,0.3,False,0.0037,163.79,,0.0,1784939375
All Pools,FEED - AVAX,0.3,False,0.00362,5468.94,,,1784939375
All Pools,xARENA - ARENA,0.3,False,0.00355,1.763,,0.18,1784939375
All Pools,yes - ARENA,0.3,False,0.00342,0.05277,,5.92,1784939375
All Pools,USDC - USDT.e,0.3,False,0.0034,154.55,,0.0,1784939375
All Pools,UST - UST,0.3,False,0.00336,1.426,,0.22,1784939375
All Pools,HIGHER - NOCHILL,0.3,False,0.00335,0.19801,,1.54,1784939375
All Pools,xARENA - AVAX,0.3,False,0.00333,0.06971,,4.35,1784939375
All Pools,PUSH - AMI,0.3,False,0.00317,0.12019,,2.4,1784939375
All Pools,HIGHER - Degen,0.3,False,0.00315,0.07405,,3.88,1784939375
All Pools,sAVAX - AMI,0.3,False,0.00312,0.2873,,0.99,1784939375
All Pools,WETH.e - SPELL,0.3,False,0.00309,0.20455,,1.38,1784939375
All Pools,sAVAX - USDC,0.3,False,0.00308,0.44529,,0.63,1784939375
All Pools,JOE - AMI,0.3,False,0.00305,0.17027,,1.63,1784939375
All Pools,ABOB - AMI,0.3,False,0.00296,0.10189,,2.65,1784939375
All Pools,YEEHAW - Gladiator,0.3,False,0.00294,0.11957,,2.25,1784939375
All Pools,DEV - ARENA,0.3,False,0.00287,0.05134,,5.1,1784939375
All Pools,ABOB - AVAX,0.3,False,0.00287,570.99,,,1784939375
All Pools,DEV - AVAX,0.3,False,0.00267,3.272,,0.07,1784939375
All Pools,LINK.e - SPELL,0.3,False,0.00259,0.12923,,1.83,1784939375
All Pools,AVAX - WXT,0.3,False,0.00254,0.0159,,14.59,1784939375
All Pools,USDC - BFG,0.3,False,0.00247,0.13791,,1.64,1784939375
All Pools,AVAX - BFG,0.3,False,0.00242,1.115,,0.2,1784939375
All Pools,KIMBO - MU,0.3,False,0.00194,0.07346,,2.41,1784939375
All Pools,JOE - MU,0.3,False,0.00171,0.07338,,2.13,1784939375
All Pools,CAPY - AVAX,0.3,False,0.00163,0.01149,,12.91,1784939375
All Pools,SD - AMI,0.3,False,0.00156,4.062,,0.04,1784939375
All Pools,wMEMO - AVAX,0.3,False,0.00155,6.14,,0.02,1784939375
All Pools,FLOT - FTOMB,0.3,False,0.00153,0.04619,,3.01,1784939375
All Pools,JOE - CNR,0.3,False,0.00148,0.71807,,0.19,1784939375
All Pools,ARENA - JUICY,0.3,False,0.00144,0.02966,,4.42,1784939375
All Pools,HUSKY - SMRTr,0.3,False,0.00139,0.04031,,3.15,1784939375
All Pools,BTC.b - USDt,0.3,False,0.00136,0.13699,,0.91,1784939375
All Pools,TURBO - AVAX,0.3,False,0.00125,3.58,,0.03,1784939375
All Pools,MOR - USDC.e,0.3,False,0.00123,,,151.69,1784939375
All Pools,AQUID - ARENA,0.3,False,0.00122,0.01319,,8.47,1784939375
All Pools,KIOO - AVAX,0.3,False,0.00118,393.3,,,1784939375
All Pools,COQ - USDt,0.3,False,0.00108,0.04343,,2.28,1784939375
All Pools,HUSKY - TRESR,0.3,False,0.00101,0.02224,,4.12,1784939375
All Pools,AMI - KONG,0.3,False,,0.30017,,0.23,1784939375
All Pools,GGP - AMI,0.3,False,,0.00666,,9.52,1784939375
All Pools,Quet - WETH.e,0.3,False,,0.02498,,2.42,1784939375
All Pools,BTC.b - WETH.e,0.3,False,,0.43904,,0.13,1784939375
All Pools,BIRD - AVAX,0.3,False,,0.00816,,5.63,1784939375
All Pools,STICK - ARENA,0.3,False,,0.00139,,30.05,1784939375
All Pools,YETI - AVAX,0.3,False,,637.86,,,1784939375
All Pools,AVAX - STICK,0.3,False,,1088.21,,,1784939375
All Pools,MEAT - AVAX,0.3,False,,2930.11,,,1784939375
All Pools,FATE - USDC,0.3,False,,433454.0,,,1784939375
All Pools,DONT_BUY - AVAX,0.3,False,,,,10.09,1784939375
All Pools,BabyCoq - BBC,0.3,False,,,,0.02,1784939375
All Pools,WOLF - BBC,0.3,False,,0.07201,,,1784939375
All Pools,AVAX - USDC,0.05,False,716908.0,393833.0,371.16,34.4,1784942976
All Pools,ARENA - AVAX,0.01,False,149425.0,250771.0,14.91,2.17,1784942976
All Pools,sAVAX - AVAX,0.01,False,82567.0,45029.0,8.45,6.85,1784942976
All Pools,WETH.e - USDC,0.15,False,37525.0,12791.0,56.64,161.63,1784942976
All Pools,BTC.b - USDC,0.05,False,28644.0,580557.0,14.6,0.92,1784942976
All Pools,sAVAX - AVAX,0.1,False,24974.0,50890.0,25.0,17.93,1784942976
All Pools,NXUSD - WXT,0.3,False,24574.0,446021.0,61.43,5.03,1784942976
All Pools,USDC.e - AVAX,0.3,False,24566.0,358309.0,61.42,6.26,1784942976
All Pools,AUSD - USDC,0.01,False,19060.0,118051.0,1.96,0.61,1784942976
All Pools,BEAM - AVAX,0.25,False,16525.0,14824.0,41.8,102.93,1784942976
All Pools,AVAX - USDC,0.3,False,15242.0,338958.0,38.1,4.1,1784942976
All Pools,USDt - USDC,0.01,False,12005.0,163069.0,0.96531,0.22,1784942976
All Pools,AVAX - USDT.e,0.3,False,11726.0,459446.0,29.31,2.33,1784942976
All Pools,USDC - XAVA,0.3,False,10366.0,479069.0,25.92,1.97,1784942976
All Pools,FOLKS - AVAX,0.25,False,10119.0,34743.0,25.78,27.09,1784942976
All Pools,USDt - USDC,0.005,False,9238.11,160355.0,0.64769,0.15,1784942976
All Pools,COQ - AVAX,0.3,False,8468.83,408863.0,21.17,1.89,1784942976
All Pools,XAUt0 - USDt,0.04,False,7631.17,27640.0,3.992,5.27,1784942976
All Pools,AVAX - USDt,0.2,False,7578.41,96495.0,15.39,5.82,1784942976
All Pools,BEAM - USDC,0.3,False,7464.54,67507.0,18.66,10.09,1784942976
All Pools,USDT.e - USDt,0.02,False,7185.84,44450.0,1.44,1.18,1784942976
All Pools,CAPY - ARENA,0.3,False,6541.4,25172.0,16.35,23.71,1784942976
All Pools,AAVE.e - AVAX,0.3,False,5681.36,250240.0,14.2,2.07,1784942976
All Pools,USDT.e - USDC,0.02,False,5674.36,51088.0,1.158,0.83,1784942976
All Pools,JOE - USDC.e,0.3,False,5260.72,256409.0,13.15,1.87,1784942976
All Pools,WETH.e - AVAX,0.3,False,4917.09,366199.0,12.29,1.23,1784942976
All Pools,AVAX - BTC.b,0.05,False,4882.74,25408.0,2.94,4.22,1784942976
All Pools,XAVA - AVAX,0.8,False,3919.6,118000.0,31.37,9.7,1784942976
All Pools,QI - AVAX,0.3,False,3398.2,114777.0,8.495,2.7,1784942976
All Pools,JOE - AVAX,0.3,False,3368.89,204816.0,8.422,1.5,1784942976
All Pools,TOPIA - AVAX,0.1,False,2510.45,3089.0,3.87,45.73,1784942976
All Pools,GUN - AVAX,0.25,False,2505.84,8998.52,7.744,31.41,1784942976
All Pools,USDC.e - USDC,0.02,False,2105.07,3898.26,0.42797,4.01,1784942976
All Pools,ORNG - AVAX,0.3,False,1980.66,16343.0,4.952,11.06,1784942976
All Pools,GGP - AVAX,0.3,False,1874.89,19210.0,4.687,8.91,1784942976
All Pools,QI - AVAX,0.25,False,1811.33,7404.35,4.562,22.49,1784942976
All Pools,HUNDRED - USDC,0.3,False,1782.54,473625.0,4.456,0.34,1784942976
All Pools,DAI.e - USDC,0.02,False,1690.5,26580.0,0.36915,0.51,1784942976
All Pools,EURC - USDC,0.03,False,1616.3,10025.0,1.107,4.03,1784942976
All Pools,gOHM - AVAX,0.3,False,1552.32,124652.0,3.881,1.14,1784942976
All Pools,WBTC.e - AVAX,0.3,False,1547.22,129010.0,3.868,1.09,1784942976
All Pools,BTC.b - AVAX,0.3,False,1487.77,105646.0,3.719,1.29,1784942976
All Pools,FLD - AVAX,0.3,False,1117.77,34936.0,2.794,2.92,1784942976
All Pools,WBTC.e - BTC.b,0.03,False,985.65,230063.0,0.3183,0.05,1784942976
All Pools,USDt - AVAX,0.3,False,945.54,37722.0,2.364,2.29,1784942976
All Pools,GMX - AVAX,0.3,False,918.63,4124.05,2.297,20.33,1784942976
All Pools,LINK.e - AVAX,0.3,False,910.67,38444.0,2.277,2.16,1784942976
All Pools,MOR - AVAX,0.3,False,894.17,80.0,2.235,1019.94,1784942976
All Pools,MUON - AVAX,0.3,False,890.9,42568.0,2.227,1.91,1784942976
All Pools,SIERRA - USDC,0.1,False,830.42,159812.0,0.89116,0.2,1784942976
All Pools,JOE - USDT.e,0.3,False,829.88,51349.0,2.075,1.47,1784942976
All Pools,KIMBO - AVAX,0.3,False,802.41,39792.0,2.006,1.84,1784942976
All Pools,USDC.e - USDC,0.02,False,726.1,9747.65,0.07891,0.3,1784942976
All Pools,HERESY - AVAX,0.3,False,716.53,18329.0,1.791,3.57,1784942976
All Pools,AUSD - USDt,0.01,False,712.32,54897.0,0.07204,0.05,1784942976
All Pools,PTOP400 - AVAX,0.1,False,695.65,230.44,2.169,343.51,1784942976
All Pools,TOPIA - BTC.b,0.1,False,683.36,488.31,1.016,75.97,1784942976
All Pools,APIX - ARENA,0.3,False,569.66,2244.97,1.424,23.15,1784942976
All Pools,ZRO - AVAX,0.25,False,559.28,1632.07,1.425,31.87,1784942976
All Pools,AVAX - DAI.e,0.3,False,486.71,27863.0,1.217,1.59,1784942976
All Pools,NOCHILL - AVAX,0.3,False,462.66,52598.0,1.157,0.8,1784942976
All Pools,JPYC - USDC,0.04,False,452.78,2977.25,0.33874,4.15,1784942976
All Pools,WBTC - BTC.b,0.03,False,443.12,68094.0,0.13713,0.07,1784942976
All Pools,AVAX - ALVA,0.3,False,439.69,696.75,1.099,57.59,1784942976
All Pools,JOE - USDC,0.3,False,426.6,23330.0,1.067,1.67,1784942976
All Pools,AVAX - TOPIA,0.3,False,387.8,1661.67,0.96951,21.3,1784942976
All Pools,USDT.e - USDC,0.02,False,379.19,897.73,0.04116,1.67,1784942976
All Pools,USDC.e - USDC,0.02,False,362.13,1957.58,0.0729,1.36,1784942976
All Pools,AVAX - XAVA,0.3,False,338.5,12355.0,0.84626,2.5,1784942976
All Pools,BLSEYE🎯 - AVAX,0.3,False,336.99,4346.45,0.84247,7.07,1784942976
All Pools,FRAX - USDC,0.25,False,329.66,241.44,0.86183,130.29,1784942976
All Pools,CCD - AVAX,0.1,False,314.8,630.04,0.31498,18.25,1784942976
All Pools,MINA - AVAX,0.1,False,314.72,629.86,0.31489,18.25,1784942976
All Pools,ZETA - AVAX,0.1,False,314.42,629.27,0.31459,18.25,1784942976
All Pools,AXL - AVAX,0.1,False,313.52,627.46,0.31369,18.25,1784942976
All Pools,- AVAX,0.1,False,313.14,626.71,0.31331,18.25,1784942976
All Pools,BDCA - AVAX,0.1,False,312.76,625.96,0.31294,18.25,1784942976
All Pools,KNTQ - AVAX,0.1,False,312.52,625.48,0.3127,18.25,1784942976
All Pools,XP - AVAX,0.1,False,311.95,624.32,0.31212,18.25,1784942976
All Pools,OMI - AVAX,0.1,False,311.89,624.21,0.31206,18.25,1784942976
All Pools,TSLAX - AVAX,0.1,False,311.83,624.08,0.312,18.25,1784942976
All Pools,SKR - AVAX,0.1,False,311.82,624.08,0.31199,18.25,1784942976
All Pools,HOT - AVAX,0.1,False,311.74,623.92,0.31191,18.25,1784942976
All Pools,ASTEROID - AVAX,0.1,False,311.73,623.89,0.3119,18.25,1784942976
All Pools,QFI - AVAX,0.1,False,311.55,623.54,0.31172,18.25,1784942976
All Pools,BASEDHYPE - AVAX,0.1,False,311.5,623.44,0.31167,18.25,1784942976
All Pools,GCOIN - AVAX,0.1,False,311.34,623.1,0.31151,18.25,1784942976
All Pools,T0G - AVAX,0.1,False,311.3,623.03,0.31147,18.25,1784942976
All Pools,IGRA - AVAX,0.1,False,311.21,622.85,0.31138,18.25,1784942976
All Pools,FLUID - AVAX,0.1,False,311.14,623.78,0.31131,18.22,1784942976
All Pools,SN4 - AVAX,0.1,False,311.08,622.58,0.31125,18.25,1784942976
All Pools,EURI - AVAX,0.1,False,311.07,622.57,0.31124,18.25,1784942976
All Pools,PUFF - AVAX,0.1,False,311.05,622.52,0.31122,18.25,1784942976
All Pools,DEGEN - AVAX,0.1,False,311.05,622.52,0.31122,18.25,1784942976
All Pools,CYS - AVAX,0.1,False,311.05,622.52,0.31122,18.25,1784942976
All Pools,NILA - AVAX,0.1,False,311.05,622.52,0.31122,18.25,1784942976
All Pools,NXT - AVAX,0.1,False,311.05,622.52,0.31122,18.25,1784942976
All Pools,FXSAVE - AVAX,0.1,False,310.93,622.28,0.3111,18.25,1784942976
All Pools,DOG - AVAX,0.1,False,310.89,622.21,0.31106,18.25,1784942976
All Pools,NMR - AVAX,0.1,False,310.89,622.21,0.31106,18.25,1784942976
All Pools,QUBIC - AVAX,0.1,False,310.89,622.21,0.31106,18.25,1784942976
All Pools,PC0000019 - AVAX,0.1,False,310.89,622.21,0.31106,18.25,1784942976
All Pools,ARRR - AVAX,0.1,False,310.89,622.21,0.31106,18.25,1784942976
All Pools,MHORSE - AVAX,0.1,False,310.89,622.21,0.31106,18.25,1784942976
All Pools,ALCH - AVAX,0.1,False,310.83,622.09,0.311,18.25,1784942976
All Pools,AIPF - AVAX,0.1,False,310.83,622.09,0.311,18.25,1784942976
All Pools,VBILL - AVAX,0.1,False,310.83,622.09,0.311,18.25,1784942976
All Pools,BAN - AVAX,0.1,False,310.83,622.09,0.311,18.25,1784942976
All Pools,JELLYJELLY - AVAX,0.1,False,310.81,622.05,0.31098,18.25,1784942976
All Pools,BRETT - AVAX,0.1,False,310.81,622.05,0.31098,18.25,1784942976
All Pools,VELO - AVAX,0.1,False,310.81,622.05,0.31098,18.25,1784942976
All Pools,FXUSD - AVAX,0.1,False,310.81,622.05,0.31098,18.25,1784942976
All Pools,BABYDOGE - AVAX,0.1,False,310.8,622.03,0.31097,18.25,1784942976
All Pools,SUPER - AVAX,0.1,False,310.8,622.03,0.31097,18.25,1784942976
All Pools,TFUEL - AVAX,0.1,False,310.8,622.03,0.31097,18.25,1784942976
All Pools,JCT - AVAX,0.1,False,310.8,622.03,0.31097,18.25,1784942976
All Pools,USDU - AVAX,0.1,False,310.8,622.03,0.31097,18.25,1784942976
All Pools,TBK - AVAX,0.1,False,310.8,622.03,0.31097,18.25,1784942976
All Pools,LBT - AVAX,0.1,False,310.78,622.0,0.31096,18.25,1784942976
All Pools,YFI - AVAX,0.1,False,310.78,622.0,0.31096,18.25,1784942976
All Pools,COAI - AVAX,0.1,False,310.78,622.0,0.31096,18.25,1784942976
All Pools,UAI - AVAX,0.1,False,310.78,622.0,0.31096,18.25,1784942976
All Pools,IO - AVAX,0.1,False,310.78,622.0,0.31096,18.25,1784942976
All Pools,PLUME - AVAX,0.1,False,310.78,622.0,0.31096,18.25,1784942976
All Pools,LINEA - AVAX,0.1,False,310.76,621.95,0.31093,18.25,1784942976
All Pools,ZIL - AVAX,0.1,False,310.76,621.95,0.31093,18.25,1784942976
All Pools,PURR - AVAX,0.1,False,310.76,621.95,0.31093,18.25,1784942976
All Pools,METAL - AVAX,0.1,False,310.76,621.95,0.31093,18.25,1784942976
All Pools,SWOP - AVAX,0.1,False,310.76,621.95,0.31093,18.25,1784942976
All Pools,TURBO - AVAX,0.1,False,310.76,621.95,0.31093,18.25,1784942976
All Pools,XPR - AVAX,0.1,False,310.74,621.91,0.31091,18.25,1784942976
All Pools,XAUM - AVAX,0.1,False,310.74,621.91,0.31091,18.25,1784942976
All Pools,W - AVAX,0.1,False,310.74,621.91,0.31091,18.25,1784942976
All Pools,GMX - AVAX,0.1,False,310.74,621.91,0.31091,18.25,1784942976
All Pools,MEGA - AVAX,0.1,False,310.74,621.91,0.31091,18.25,1784942976
All Pools,BERA - AVAX,0.1,False,310.74,621.91,0.31091,18.25,1784942976
All Pools,APES - AVAX,0.1,False,310.65,621.72,0.31082,18.25,1784942976
All Pools,META - AVAX,0.1,False,310.64,621.71,0.31081,18.25,1784942976
All Pools,BRLV - AVAX,0.1,False,310.64,621.71,0.31081,18.25,1784942976
All Pools,CARDS - AVAX,0.1,False,310.64,621.71,0.31081,18.25,1784942976
All Pools,ENJ - AVAX,0.1,False,310.64,621.71,0.31081,18.25,1784942976
All Pools,USDON - AVAX,0.1,False,310.64,621.71,0.31081,18.25,1784942976
All Pools,ZRX - AVAX,0.1,False,310.64,621.71,0.31081,18.25,1784942976
All Pools,PMUSD - AVAX,0.1,False,310.59,621.62,0.31076,18.25,1784942976
All Pools,GAS - AVAX,0.1,False,310.59,621.62,0.31076,18.25,1784942976
All Pools,ORCA - AVAX,0.1,False,310.59,621.62,0.31076,18.25,1784942976
All Pools,AIOZ - AVAX,0.1,False,310.59,621.62,0.31076,18.25,1784942976
All Pools,ORDI - AVAX,0.1,False,310.59,-3.692,0.31076,-3071.99,1784942976
All Pools,BEAM - AVAX,0.1,False,310.59,621.62,0.31076,18.25,1784942976
All Pools,Q - AVAX,0.1,False,310.59,621.62,0.31076,18.25,1784942976
All Pools,SAFE - AVAX,0.1,False,310.55,621.53,0.31072,18.25,1784942976
All Pools,CHIP - AVAX,0.1,False,310.55,621.53,0.31072,18.25,1784942976
All Pools,RAVE - AVAX,0.1,False,310.55,621.53,0.31072,18.25,1784942976
All Pools,IVVON - AVAX,0.1,False,310.55,621.53,0.31072,18.25,1784942976
All Pools,SIERRA - AVAX,0.1,False,310.55,621.53,0.31072,18.25,1784942976
All Pools,TROLL - AVAX,0.1,False,310.55,621.53,0.31072,18.25,1784942976
All Pools,RVN - AVAX,0.1,False,310.52,621.46,0.31069,18.25,1784942976
All Pools,ZIG - AVAX,0.1,False,310.52,621.46,0.31069,18.25,1784942976
All Pools,MAG7.SSI - AVAX,0.1,False,310.52,621.46,0.31069,18.25,1784942976
All Pools,BIO - AVAX,0.1,False,310.52,621.46,0.31069,18.25,1784942976
All Pools,MF - ONE - AVAX,0.1,False,310.52,621.46,0.31069,18.25,1784942976
All Pools,USELESS - AVAX,0.1,False,310.28,621.0,0.31046,18.25,1784942976
All Pools,LISUSD - AVAX,0.1,False,310.28,621.0,0.31046,18.25,1784942976
All Pools,STAU - AVAX,0.1,False,310.28,621.0,0.31046,18.25,1784942976
All Pools,MELANIA - AVAX,0.1,False,310.28,621.0,0.31046,18.25,1784942976
All Pools,CGUSD - AVAX,0.1,False,310.28,621.0,0.31046,18.25,1784942976
All Pools,PROS - AVAX,0.1,False,310.28,621.0,0.31046,18.25,1784942976
All Pools,XDAI - AVAX,0.1,False,310.28,620.99,0.31045,18.25,1784942976
All Pools,USDX - AVAX,0.1,False,310.28,620.99,0.31045,18.25,1784942976
All Pools,FEUSD - AVAX,0.1,False,310.28,620.99,0.31045,18.25,1784942976
All Pools,PC0000023 - AVAX,0.1,False,310.28,620.99,0.31045,18.25,1784942976
All Pools,DBR - AVAX,0.1,False,310.1,620.63,0.31027,18.25,1784942976
All Pools,QTUM - AVAX,0.1,False,310.1,620.63,0.31027,18.25,1784942976
All Pools,BAS - AVAX,0.1,False,310.1,-4.184,0.31027,-2706.48,1784942976
All Pools,ARC - AVAX,0.1,False,310.1,620.63,0.31027,18.25,1784942976
All Pools,PC0000101 - AVAX,0.1,False,310.1,620.63,0.31027,18.25,1784942976
All Pools,LOUZI - AVAX,0.1,False,310.1,620.63,0.31027,18.25,1784942976
All Pools,HOME - AVAX,0.1,False,309.84,620.1,0.31001,18.25,1784942976
All Pools,QAIT - AVAX,0.1,False,309.84,620.1,0.31001,18.25,1784942976
All Pools,NUSD - AVAX,0.1,False,309.84,620.1,0.31001,18.25,1784942976
All Pools,ZAMA - AVAX,0.1,False,309.75,619.93,0.30992,18.25,1784942976
All Pools,IUSD - AVAX,0.1,False,309.75,619.93,0.30992,18.25,1784942976
All Pools,QRL - AVAX,0.1,False,309.75,619.93,0.30992,18.25,1784942976
All Pools,SN64 - AVAX,0.1,False,309.75,619.93,0.30992,18.25,1784942976
All Pools,AB - AVAX,0.1,False,309.7,619.83,0.30987,18.25,1784942976
All Pools,SOSO - AVAX,0.1,False,309.7,619.83,0.30987,18.25,1784942976
All Pools,DYDX - AVAX,0.1,False,309.7,619.83,0.30987,18.25,1784942976
All Pools,STAC - AVAX,0.1,False,309.7,-4.586,0.30987,-2466.19,1784942976
All Pools,EDGE - AVAX,0.1,False,309.61,619.64,0.30978,18.25,1784942976
All Pools,FDIT - AVAX,0.1,False,309.61,619.64,0.30978,18.25,1784942976
All Pools,ZANO - AVAX,0.1,False,309.61,619.64,0.30978,18.25,1784942976
All Pools,BANANAS31 - AVAX,0.1,False,309.57,619.57,0.30974,18.25,1784942976
All Pools,EARNETH - AVAX,0.1,False,309.57,619.57,0.30974,18.25,1784942976
All Pools,ATH - AVAX,0.1,False,309.57,619.57,0.30974,18.25,1784942976
All Pools,DRV - AVAX,0.1,False,309.57,619.57,0.30974,18.25,1784942976
All Pools,ALLO - AVAX,0.1,False,309.57,619.57,0.30974,18.25,1784942976
All Pools,SAFO - AVAX,0.1,False,309.53,619.48,0.3097,18.25,1784942976
All Pools,APE - AVAX,0.1,False,309.53,619.48,0.3097,18.25,1784942976
All Pools,GENIUS - AVAX,0.1,False,309.53,619.48,0.3097,18.25,1784942976
All Pools,BILL - AVAX,0.1,False,309.53,619.48,0.3097,18.25,1784942976
All Pools,AUSD - AVAX,0.1,False,309.53,619.48,0.3097,18.25,1784942976
All Pools,COW - AVAX,0.1,False,309.5,619.43,0.30967,18.25,1784942976
All Pools,KMNO - AVAX,0.1,False,309.5,619.43,0.30967,18.25,1784942976
All Pools,MAGMA - AVAX,0.1,False,309.41,619.24,0.30958,18.25,1784942976
All Pools,MET - AVAX,0.1,False,309.41,619.24,0.30958,18.25,1784942976
All Pools,VCNT - AVAX,0.1,False,309.41,619.24,0.30958,18.25,1784942976
All Pools,CUSD - AVAX,0.1,False,309.41,619.24,0.30958,18.25,1784942976
All Pools,AWE - AVAX,0.1,False,309.4,619.24,0.30957,18.25,1784942976
All Pools,PC0000085 - AVAX,0.1,False,309.4,619.24,0.30957,18.25,1784942976
All Pools,BMX - AVAX,0.1,False,309.4,619.24,0.30957,18.25,1784942976
All Pools,T1INCH - AVAX,0.1,False,309.4,619.24,0.30957,18.25,1784942976
All Pools,TAG - AVAX,0.1,False,309.4,619.24,0.30957,18.25,1784942976
All Pools,NXPC - AVAX,0.1,False,309.4,619.23,0.30957,18.25,1784942976
All Pools,UMXM - AVAX,0.1,False,309.4,619.23,0.30957,18.25,1784942976
All Pools,RIVER - AVAX,0.1,False,309.4,619.23,0.30957,18.25,1784942976
All Pools,FORM - AVAX,0.1,False,309.4,619.23,0.30957,18.25,1784942976
All Pools,GEOD - AVAX,0.1,False,309.4,619.23,0.30957,18.25,1784942976
All Pools,CFG - AVAX,0.1,False,309.4,619.23,0.30957,18.25,1784942976
All Pools,KTA - AVAX,0.1,False,309.36,619.14,0.30953,18.25,1784942976
All Pools,BSB - AVAX,0.1,False,309.36,619.14,0.30953,18.25,1784942976
All Pools,NXM - AVAX,0.1,False,309.36,619.14,0.30953,18.25,1784942976
All Pools,PGOLD - AVAX,0.1,False,309.36,619.14,0.30953,18.25,1784942976
All Pools,DAI - AVAX,0.1,False,309.36,619.14,0.30953,18.25,1784942976
All Pools,DUSD - AVAX,0.1,False,309.35,619.12,0.30952,18.25,1784942976
All Pools,TKX - AVAX,0.1,False,309.35,619.12,0.30952,18.25,1784942976
All Pools,TAC - AVAX,0.1,False,309.35,619.12,0.30952,18.25,1784942976
All Pools,PC0000077 - AVAX,0.1,False,309.35,619.12,0.30952,18.25,1784942976
All Pools,RLB - AVAX,0.1,False,309.35,619.12,0.30952,18.25,1784942976
All Pools,UUSD - AVAX,0.1,False,309.35,619.12,0.30952,18.25,1784942976
All Pools,NOCK - AVAX,0.1,False,309.32,619.06,0.30949,18.25,1784942976
All Pools,RIF - AVAX,0.1,False,309.32,619.06,0.30949,18.25,1784942976
All Pools,EGLD - AVAX,0.1,False,309.32,619.06,0.30949,18.25,1784942976
All Pools,LPT - AVAX,0.1,False,309.32,619.06,0.30949,18.25,1784942976
All Pools,SIREN - AVAX,0.1,False,309.32,619.06,0.30949,18.25,1784942976
All Pools,OZO - AVAX,0.1,False,309.2,618.83,0.30937,18.25,1784942976
All Pools,GALA - AVAX,0.1,False,309.2,618.83,0.30937,18.25,1784942976
All Pools,FT - AVAX,0.1,False,309.2,618.83,0.30937,18.25,1784942976
All Pools,VSN - AVAX,0.1,False,309.2,618.83,0.30937,18.25,1784942976
All Pools,BAT - AVAX,0.1,False,309.2,618.83,0.30937,18.25,1784942976
All Pools,STRCX - AVAX,0.1,False,309.18,618.79,0.30935,18.25,1784942976
All Pools,PC0000097 - AVAX,0.1,False,309.18,618.79,0.30935,18.25,1784942976
All Pools,EURCV - AVAX,0.1,False,309.18,618.79,0.30935,18.25,1784942976
All Pools,AR - AVAX,0.1,False,309.18,618.79,0.30935,18.25,1784942976
All Pools,RUNE - AVAX,0.1,False,309.18,618.79,0.30935,18.25,1784942976
All Pools,RSR - AVAX,0.1,False,309.13,618.68,0.3093,18.25,1784942976
All Pools,SHX - AVAX,0.1,False,309.13,618.68,0.3093,18.25,1784942976
All Pools,WAL - AVAX,0.1,False,309.13,618.68,0.3093,18.25,1784942976
All Pools,SNX - AVAX,0.1,False,309.13,618.68,0.3093,18.25,1784942976
All Pools,WOULD - AVAX,0.1,False,309.13,618.68,0.3093,18.25,1784942976
All Pools,GRX - AVAX,0.1,False,309.09,618.6,0.30926,18.25,1784942976
All Pools,USDA - AVAX,0.1,False,309.05,618.52,0.30922,18.25,1784942976
All Pools,ARKM - AVAX,0.1,False,309.05,618.52,0.30922,18.25,1784942976
All Pools,EXOD - AVAX,0.1,False,309.05,618.52,0.30922,18.25,1784942976
All Pools,ZEN - AVAX,0.1,False,309.05,618.52,0.30922,18.25,1784942976
All Pools,WM - AVAX,0.1,False,309.05,618.52,0.30922,18.25,1784942976
All Pools,MUON - AVAX,0.1,False,309.05,618.52,0.30922,18.25,1784942976
All Pools,WEMIX - AVAX,0.1,False,309.02,618.47,0.30919,18.25,1784942976
All Pools,S - AVAX,0.1,False,309.02,618.47,0.30919,18.25,1784942976
All Pools,GLM - AVAX,0.1,False,309.02,618.47,0.30919,18.25,1784942976
All Pools,IMX - AVAX,0.1,False,308.8,618.02,0.30897,18.25,1784942976
All Pools,FARTCOIN - AVAX,0.1,False,308.8,618.02,0.30897,18.25,1784942976
All Pools,SHFL - AVAX,0.1,False,308.8,618.02,0.30897,18.25,1784942976
All Pools,THBILL - AVAX,0.1,False,308.8,618.02,0.30897,18.25,1784942976
All Pools,CASH - AVAX,0.1,False,308.8,618.02,0.30897,18.25,1784942976
All Pools,AVUSD - AVAX,0.1,False,308.7,617.84,0.30887,18.25,1784942976
All Pools,CVX - AVAX,0.1,False,308.7,617.84,0.30887,18.25,1784942976
All Pools,CRCLON - AVAX,0.1,False,308.7,617.84,0.30887,18.25,1784942976
All Pools,IP - AVAX,0.1,False,308.7,617.84,0.30887,18.25,1784942976
All Pools,USDAT - AVAX,0.1,False,308.7,617.84,0.30887,18.25,1784942976
All Pools,ACRED - AVAX,0.1,False,308.67,617.77,0.30884,18.25,1784942976
All Pools,KAITO - AVAX,0.1,False,308.67,617.77,0.30884,18.25,1784942976
All Pools,TIBBIR - AVAX,0.1,False,308.67,617.77,0.30884,18.25,1784942976
All Pools,USDF - AVAX,0.1,False,308.67,617.77,0.30884,18.25,1784942976
All Pools,PC0000023 - AVAX,0.1,False,308.67,617.77,0.30884,18.25,1784942976
All Pools,GOMINING - AVAX,0.1,False,308.67,617.77,0.30884,18.25,1784942976
All Pools,A - AVAX,0.1,False,308.64,617.71,0.30881,18.25,1784942976
All Pools,SENT - AVAX,0.1,False,308.64,617.71,0.30881,18.25,1784942976
All Pools,XEC - AVAX,0.1,False,308.64,617.71,0.30881,18.25,1784942976
All Pools,CHEEMS - AVAX,0.1,False,308.64,617.71,0.30881,18.25,1784942976
All Pools,PC0000015 - AVAX,0.1,False,308.64,617.71,0.30881,18.25,1784942976
All Pools,BC - AVAX,0.1,False,308.63,617.69,0.3088,18.25,1784942976
All Pools,FRXUSD - AVAX,0.1,False,308.63,617.69,0.3088,18.25,1784942976
All Pools,O - AVAX,0.1,False,308.63,617.69,0.3088,18.25,1784942976
All Pools,ZK - AVAX,0.1,False,308.63,617.69,0.3088,18.25,1784942976
All Pools,SFP - AVAX,0.1,False,308.63,617.69,0.3088,18.25,1784942976
All Pools,OSAK - AVAX,0.3,False,298.19,3164.94,0.74548,8.6,1784942976
All Pools,PTOP700 - AVAX,0.1,False,297.16,91.32,0.37692,150.65,1784942976
All Pools,SolvBTC - BTC.b,0.04,False,296.97,176813.0,0.1384,0.03,1784942976
All Pools,WTHT - USDC,0.8,False,269.38,318.26,7.565,867.59,1784942976
All Pools,BLSEYE🎯 - ARENA,0.3,False,258.4,1226.55,0.64599,19.22,1784942976
All Pools,PTOP1300 - BTC.b,0.1,False,252.02,475.9,0.88181,67.63,1784942976
All Pools,ARENA - AVAX,2.5,False,246.89,531.28,6.36,436.98,1784942976
All Pools,SYN - AVAX,0.3,False,230.51,3993.05,0.57627,5.27,1784942976
All Pools,XSEED - AVAX,0.3,False,230.23,9272.87,0.57557,2.27,1784942976
All Pools,USDC.e - OT - qiUSDC - 28DEC2023,0.3,False,225.91,4292.24,0.56477,4.8,1784942976
All Pools,AVAX - DOMI,0.3,False,218.5,11052.0,0.54626,1.8,1784942976
All Pools,PTOP900 - BTC.b,0.1,False,205.69,238.35,0.56401,86.37,1784942976
All Pools,MIM - AVAX,0.3,False,167.58,159539.0,0.41896,0.1,1784942976
All Pools,NXPC - USDC,0.8,False,165.88,112.66,1.364,441.97,1784942976
All Pools,SB - AVAX,0.3,False,162.75,5836.03,0.40686,2.54,1784942976
All Pools,APIX - USDt,0.3,False,155.82,5516.46,0.38954,2.58,1784942976
All Pools,BTC.b - TOPIA,0.3,False,151.78,638.39,0.37944,21.69,1784942976
All Pools,APIX - ID,0.3,False,139.98,17085.0,0.34995,0.75,1784942976
All Pools,WETH.e - USDC.e,0.3,False,135.5,11004.0,0.33875,1.12,1784942976
All Pools,PTOP700 - BTC.b,0.1,False,128.39,261.19,0.17282,24.15,1784942976
All Pools,MAI - AVAX,0.3,False,125.88,1414.83,0.3147,8.12,1784942976
All Pools,AI - AVAX,0.3,False,102.28,3021.91,0.25569,3.09,1784942976
All Pools,sAVAX - JACK,0.3,False,97.71,273206.0,0.24428,0.03,1784942976
All Pools,w3ULL - AVAX,0.3,False,94.94,46951.0,0.23735,0.18,1784942976
All Pools,GMX - AVAX,0.2,False,87.36,38.25,0.27382,261.32,1784942976
All Pools,gOHM - FRAX,0.3,False,85.0,3429.15,0.21249,2.26,1784942976
All Pools,PTOP600 - USDC,0.1,False,83.7,450.69,0.1222,9.9,1784942976
All Pools,MONEY - AVAX,0.25,False,78.45,1488.82,0.19637,4.81,1784942976
All Pools,APIX - USDC,0.3,False,78.38,2756.79,0.19595,2.59,1784942976
All Pools,USDC.e - USDC,0.3,False,77.12,481242.0,0.19281,0.01,1784942976
All Pools,HUSKY - AVAX,0.3,False,71.38,2158.92,0.17844,3.02,1784942976
All Pools,PTOP1000 - USDC,0.1,False,70.82,128.81,0.26804,75.95,1784942976
All Pools,HOWDY - AVAX,0.3,False,62.74,6738.39,0.15684,0.85,1784942976
All Pools,GUN - AVAX,0.1,False,60.64,15670.0,0.0627,0.15,1784942976
All Pools,L1 - AVAX,0.8,False,57.55,16292.0,1.235,2.77,1784942976
All Pools,AVAX - JUICE,0.3,False,57.53,9894.7,0.14383,0.53,1784942976
All Pools,WBTC.e - BTC.b,0.03,False,55.66,559.69,0.02322,1.51,1784942976
All Pools,KOVIN - AVAX,0.3,False,54.79,2008.69,0.13696,2.49,1784942976
All Pools,USDt - ncash,0.3,False,54.33,1003.6,0.13583,4.94,1784942976
All Pools,JEWEL - USDC,0.3,False,51.54,3735.7,0.12886,1.26,1784942976
All Pools,PTOP1300 - TOPIA,0.3,False,47.77,167.8,0.11942,25.98,1784942976
All Pools,PTOP900 - USDC,0.1,False,46.37,144.77,0.11435,28.83,1784942976
All Pools,GRO - AVAX,0.3,False,46.27,184.23,0.11567,22.92,1784942976
All Pools,MONEY - AVAX,0.3,False,45.23,432.83,0.11308,9.54,1784942976
All Pools,STG - USDC,0.3,False,45.02,1184.93,0.11254,3.47,1784942976
All Pools,SHRAP - AVAX,0.8,False,41.94,7635.32,0.33768,1.61,1784942976
All Pools,GURS - AVAX,0.3,False,41.61,5188.31,0.10401,0.73,1784942976
All Pools,USDC.e - WXT,0.3,False,41.16,186.37,0.10291,20.15,1784942976
All Pools,UST - AVAX,0.3,False,40.53,5626.53,0.10133,0.66,1784942976
All Pools,GUN - BLSEYE🎯,0.3,False,39.83,413.22,0.09957,8.8,1784942976
All Pools,DAI.e - USDC,0.02,False,39.3,2290.22,0.00816,0.13,1784942976
All Pools,Degen - AVAX,0.3,False,38.37,1292.49,0.09592,2.71,1784942976
All Pools,MIM - SB,0.3,False,38.29,1962.0,0.09573,1.78,1784942976
All Pools,ALOT - AVAX,0.3,False,38.16,9797.21,0.09541,0.36,1784942976
All Pools,AVAX - AMI,0.3,False,37.59,401.9,0.09397,8.53,1784942976
All Pools,AVAX - aXEN,0.3,False,37.06,154.95,0.09265,21.82,1784942976
All Pools,WHEAT - AVAX,0.3,False,36.62,192.06,0.09156,17.4,1784942976
All Pools,BEAM - AVAX,0.3,False,36.51,381.07,0.09127,8.74,1784942976
All Pools,TRESR - AVAX,0.3,False,35.2,7485.93,0.088,0.43,1784942976
All Pools,ROCO - AVAX,0.3,False,34.11,1284.14,0.08527,2.42,1784942976
All Pools,AVAX - FRAX,0.3,False,33.88,650.18,0.0847,4.75,1784942976
All Pools,GRO - MOR,0.3,False,33.32,7.937,0.08331,383.09,1784942976
All Pools,Gladiator - ARENA,0.3,False,32.2,608.28,0.08051,4.83,1784942976
All Pools,Gladiator - USDC,0.3,False,31.87,339.91,0.07968,8.56,1784942976
All Pools,yes - AVAX,0.3,False,31.12,979.79,0.07779,2.9,1784942976
All Pools,WHEAT - MOR,0.3,False,26.88,5.999,0.0672,408.89,1784942976
All Pools,FITFI - USDT.e,0.3,False,25.29,65.83,0.06322,35.05,1784942976
All Pools,PTOP400 - TOPIA,0.3,False,25.13,149.25,0.06283,15.36,1784942976
All Pools,AVAX - UST,0.3,False,24.44,6574.93,0.0611,0.34,1784942976
All Pools,AVAX - ARENA,0.3,False,23.12,81.01,0.0578,26.04,1784942976
All Pools,HEFE - AVAX,0.3,False,22.91,25899.0,0.05726,0.08,1784942976
All Pools,STG - AVAX,0.3,False,22.14,972.28,0.05534,2.08,1784942976
All Pools,PRIME - AVAX,0.4,False,21.79,133763.0,0.10437,0.03,1784942976
All Pools,PNG - AVAX,0.3,False,21.6,771.1,0.05401,2.56,1784942976
All Pools,BLSEYE🎯 - BEAM,0.3,False,21.4,277.86,0.0535,7.03,1784942976
All Pools,APIX - LAMBO,0.3,False,21.26,370.57,0.05315,5.24,1784942976
All Pools,WOLF - AVAX,0.3,False,19.3,27014.0,0.04824,0.07,1784942976
All Pools,CHAMP - ARENA,0.3,False,19.02,17.76,0.04756,97.77,1784942976
All Pools,ABC - AVAX,0.3,False,18.67,463.65,0.04668,3.67,1784942976
All Pools,TOPIA - PTOP10000,0.3,False,18.2,174.71,0.04549,9.5,1784942976
All Pools,LUNA - USDC.e,0.3,False,18.18,628.05,0.04545,2.64,1784942976
All Pools,XPOW - AVAX,0.8,False,18.09,616.51,0.14498,8.58,1784942976
All Pools,AMI - TOPIA,0.3,False,17.47,248.18,0.04367,6.42,1784942976
All Pools,LINK.e - USDT.e,0.3,False,17.18,223.26,0.04295,7.02,1784942976
All Pools,PTOP10000 - AVAX,0.1,False,16.9,9.688,0.03815,143.71,1784942976
All Pools,PTOP1300 - AVAX,0.1,False,16.8,16.83,0.02991,64.87,1784942976
All Pools,GUN - AVAX,0.3,False,15.29,184.36,0.03821,7.57,1784942976
All Pools,Balln - AVAX,0.3,False,15.12,4124.78,0.0378,0.33,1784942976
All Pools,TECH - AVAX,0.3,False,12.87,8954.55,0.03218,0.13,1784942976
All Pools,XPOW - AVAX,0.3,False,12.87,1157.54,0.03217,1.01,1784942976
All Pools,BOI - AVAX,0.3,False,12.43,35.62,0.03107,31.83,1784942976
All Pools,AVAX - GEC,0.3,False,11.81,25971.0,0.02952,0.04,1784942976
All Pools,YAK - AVAX,0.3,False,11.08,3096.5,0.0277,0.33,1784942976
All Pools,FLD - EVB,0.3,False,11.01,4439.04,0.02752,0.23,1784942976
All Pools,MIM - USDT.e,0.3,False,10.83,1345.81,0.02707,0.73,1784942976
All Pools,AVAX - EVB,0.3,False,10.71,2047.4,0.02679,0.48,1784942976
All Pools,ISA - AVAX,0.3,False,10.49,16253.0,0.02623,0.06,1784942976
All Pools,ISA - USDC.e,0.3,False,10.49,1415.91,0.02623,0.68,1784942976
All Pools,HATCHY - AVAX,0.3,False,10.38,6683.96,0.02594,0.14,1784942976
All Pools,YEEHAW - CHAMP,0.3,False,10.02,930.18,0.02506,0.98,1784942976
All Pools,SECOND - USDC,0.3,False,9.546,7011.26,0.02386,0.12,1784942976
All Pools,SECOND - AVAX,0.3,False,9.542,1426.24,0.02386,0.61,1784942976
All Pools,TOPIA - PTOP800,0.3,False,9.459,174.74,0.02365,4.94,1784942976
All Pools,TOPIA - PTOP600,0.3,False,9.362,162.1,0.02341,5.27,1784942976
All Pools,PTOP1000 - TOPIA,0.3,False,8.907,183.12,0.02227,4.44,1784942976
All Pools,PTOP900 - TOPIA,0.3,False,8.761,175.34,0.0219,4.56,1784942976
All Pools,DCAU - USDT.e,0.3,False,8.74,4975.89,0.02185,0.16,1784942976
All Pools,H4SH - AVAX,0.3,False,8.077,4537.82,0.02019,0.16,1784942976
All Pools,BIG - AVAX,0.3,False,7.908,8850.45,0.01977,0.08,1784942976
All Pools,YUSD - AVAX,0.3,False,7.749,114.55,0.01937,6.17,1784942976
All Pools,APOW - AVAX,0.3,False,7.698,1258.78,0.01925,0.56,1784942976
All Pools,Psychic - AVAX,0.3,False,7.523,863.74,0.01881,0.79,1784942976
All Pools,PTOP1100 - TOPIA,0.3,False,7.475,179.0,0.01869,3.81,1784942976
All Pools,BOOTY - AVAX,0.3,False,7.455,1404.63,0.01864,0.48,1784942976
All Pools,MYST - AVAX,0.3,False,7.45,637.84,0.01862,1.07,1784942976
All Pools,AVAX - HON,0.3,False,7.285,47474.0,0.01821,0.01,1784942976
All Pools,RGOGLZ - USDC,0.3,False,6.838,1301.63,0.01709,0.48,1784942976
All Pools,AVAX - BGR,0.3,False,6.831,253.07,0.01708,2.46,1784942976
All Pools,DCAU - AVAX,0.3,False,6.5,984.4,0.01625,0.6,1784942976
All Pools,COQ - BLSEYE🎯,0.3,False,6.433,150.42,0.01608,3.9,1784942976
All Pools,MIM - USDC.e,0.3,False,6.399,685.9,0.016,0.85,1784942976
All Pools,ORNG - SAI,0.3,False,6.341,108.71,0.01585,5.32,1784942976
All Pools,PTOP700 - TOPIA,0.3,False,6.246,157.52,0.01561,3.62,1784942976
All Pools,Psychic - XAUt0,0.3,False,6.089,5775.4,0.01522,0.1,1784942976
All Pools,APOW - XPOW,0.3,False,6.068,1143.63,0.01517,0.48,1784942976
All Pools,YEEHAW - TOPIA,0.3,False,5.901,171.17,0.01475,3.15,1784942976
All Pools,AVAX - EROL,0.0,False,5.86,46.22,0.0,0.0,1784942976
All Pools,agEUR - USDC,0.3,False,5.338,58.96,0.01335,8.26,1784942976
All Pools,CAI - AVAX,0.3,False,5.201,1209.04,0.013,0.39,1784942976
All Pools,PTOP1200 - TOPIA,0.3,False,5.051,174.92,0.01263,2.64,1784942976
All Pools,AVAX - SPELL,0.3,False,4.814,1800.9,0.01204,0.24,1784942976
All Pools,ORNG - FLUX,0.3,False,4.795,106.72,0.01199,4.1,1784942976
All Pools,AVAX - ELK,0.3,False,4.616,1252.19,0.01154,0.34,1784942976
All Pools,JPYC - USDC,0.3,False,4.265,367.94,0.01066,1.06,1784942976
All Pools,DATCM - ORNG,0.3,False,4.203,226.97,0.01051,1.69,1784942976
All Pools,HOWDY - ARENA,0.3,False,4.107,56.81,0.01027,6.6,1784942976
All Pools,AVAX - EROL,0.3,False,4.047,24.78,0.01012,14.9,1784942976
All Pools,HUSKY - JOE,0.3,False,3.801,98.15,0.0095,3.53,1784942976
All Pools,USDC.e - MU,0.3,False,3.554,13184.0,0.00889,0.02,1784942976
All Pools,MYST - USDC,0.3,False,3.542,217.67,0.00885,1.48,1784942976
All Pools,BLSEYE🎯 - MEOW,0.3,False,2.976,844.8,0.00744,0.32,1784942976
All Pools,MIM - WETH.e,0.3,False,2.901,445.05,0.00725,0.59,1784942976
All Pools,HUSKY - AMI,0.3,False,2.856,53.34,0.00714,4.89,1784942976
All Pools,avUSD - sAVAX,0.3,False,2.843,199.07,0.00711,1.3,1784942976
All Pools,ORNG - JUCI,0.3,False,2.72,239.05,0.0068,1.04,1784942976
All Pools,ZRO - AVAX,0.3,False,2.66,131.95,0.00665,1.84,1784942976
All Pools,3QF - D - AVAX,0.3,False,2.66,1290.92,0.00665,0.19,1784942976
All Pools,3QF - D - WETH.e,0.3,False,2.65,2455.09,0.00662,0.1,1784942976
All Pools,BRO - AVAX,0.3,False,2.522,95949.0,0.0063,0.0,1784942976
All Pools,AVAX - PEFI,0.3,False,2.477,3114.2,0.00619,0.07,1784942976
All Pools,USV - DAI.e,0.3,False,2.327,3948.58,0.00582,0.05,1784942976
All Pools,SHRAP - DOMI,0.3,False,2.241,152.32,0.0056,1.34,1784942976
All Pools,YOU - ORNG,0.3,False,2.126,1337.52,0.00531,0.15,1784942976
All Pools,FITFI - AVAX,0.3,False,1.995,5.756,0.00499,31.63,1784942976
All Pools,MAI - TOMB,0.3,False,1.964,113.47,0.00491,1.58,1784942976
All Pools,SWIFT - WETH.e,0.3,False,1.943,1313.88,0.00486,0.13,1784942976
All Pools,YEEHAW - BTC.b,0.3,False,1.921,55.08,0.0048,3.18,1784942976
All Pools,USDC - aXEN,0.3,False,1.917,8.527,0.00479,20.52,1784942976
All Pools,COQ - COQAI,0.3,False,1.885,18942.0,0.00471,0.01,1784942976
All Pools,FXS - AVAX,0.3,False,1.852,281.86,0.00463,0.6,1784942976
All Pools,PNG - JOE,0.3,False,1.832,113.32,0.00458,1.48,1784942976
All Pools,LINK.e - USDC.e,0.3,False,1.816,185.82,0.00454,0.89,1784942976
All Pools,ROY - AVAX,0.3,False,1.797,3711.99,0.00449,0.04,1784942976
All Pools,YAK - USDC.e,0.3,False,1.762,201.63,0.00441,0.8,1784942976
All Pools,WETH - USDC.e,0.3,False,1.701,205.89,0.00425,0.75,1784942976
All Pools,SWIFT - USDC.e,0.3,False,1.668,488.15,0.00417,0.31,1784942976
All Pools,Psychic - BLACK,0.3,False,1.651,243.46,0.00413,0.62,1784942976
All Pools,ORNG - MOOM,0.3,False,1.645,185.13,0.00411,0.81,1784942976
All Pools,USDT.e - ONION,0.3,False,1.517,742.36,0.00379,0.19,1784942976
All Pools,WETH.e - ONION,0.3,False,1.517,234.85,0.00379,0.59,1784942976
All Pools,HOWDY - AMI,0.3,False,1.48,1552.64,0.0037,0.09,1784942976
All Pools,JOE - USDT,0.3,False,1.478,274.02,0.0037,0.49,1784942976
All Pools,MaryMagdalene - AVAX,0.3,False,1.434,169.24,0.00358,0.77,1784942976
All Pools,miMatic - USDC.e,0.3,False,1.422,22.23,0.00356,5.84,1784942976
All Pools,XAUt0 - NaughtiusMaximus,0.3,False,1.393,880.5,0.00348,0.14,1784942976
All Pools,miMatic - AVAX,0.3,False,1.372,29.07,0.00343,4.31,1784942976
All Pools,WETH.e - USDT.e,0.3,False,1.314,149.41,0.00329,0.8,1784942976
All Pools,DINO - AVAX,0.3,False,1.286,2719.06,0.00322,0.04,1784942976
All Pools,AVAX - NaughtiusMaximus,0.3,False,1.246,325.91,0.00312,0.35,1784942976
All Pools,UST - USDC,0.3,False,1.242,427.15,0.0031,0.27,1784942976
All Pools,GB - AVAX,0.3,False,1.224,1719.0,0.00306,0.06,1784942976
All Pools,CHAMP - AMI,0.3,False,1.209,27.86,0.00302,3.96,1784942976
All Pools,GURS - ARENA,0.3,False,1.174,7.255,0.00294,14.77,1784942976
All Pools,Now - AVAX,0.3,False,1.151,185.01,0.00288,0.57,1784942976
All Pools,AVAX - ELK,0.3,False,1.148,45.17,0.00287,2.32,1784942976
All Pools,ABC - HOWDY,0.3,False,1.144,490.79,0.00286,0.21,1784942976
All Pools,BUSD - AVAX,0.3,False,1.142,330.56,0.00286,0.32,1784942976
All Pools,HOWDY - USDC,0.3,False,1.119,3097.24,0.0028,0.03,1784942976
All Pools,XROSS - ORNG,0.3,False,1.107,228.42,0.00277,0.44,1784942976
All Pools,LUNA - USDC.e,0.3,False,1.078,322.8,0.00269,0.3,1784942976
All Pools,AAVE.e - REDWOLF,0.3,False,1.074,145.79,0.00268,0.67,1784942976
All Pools,Trinity - AVAX,0.3,False,1.062,703.06,0.00265,0.14,1784942976
All Pools,XAUt0 - Now,0.3,False,1.054,560.66,0.00264,0.17,1784942976
All Pools,REDWOLF - AVAX,0.3,False,1.0,375.14,0.0025,0.24,1784942976
All Pools,COQ - OSAK,0.3,False,0.96872,18.34,0.00242,4.82,1784942976
All Pools,BabyCoq - AVAX,0.3,False,0.9539,1451.78,0.00238,0.06,1784942976
All Pools,REDWOLF - USDC,0.3,False,0.95162,183.97,0.00238,0.47,1784942976
All Pools,BTC.b - IMPACT2,0.3,False,0.92577,1406.81,0.00231,0.06,1784942976
All Pools,aDXN - aXEN,0.3,False,0.92236,5.203,0.00231,16.18,1784942976
All Pools,Now - BLACK,0.3,False,0.92007,220.0,0.0023,0.38,1784942976
All Pools,oXAUT - AVAX,0.3,False,0.904,400.74,0.00226,0.21,1784942976
All Pools,BTC.b - oXAUT,0.3,False,0.90378,314.0,0.00226,0.26,1784942976
All Pools,APOW - AVAX,0.3,False,0.87086,601.19,0.00218,0.13,1784942976
All Pools,MaryMagdalene - XAUt0,0.3,False,0.84109,1657.78,0.0021,0.05,1784942976
All Pools,AVAX - IMPACT2,0.3,False,0.83218,140.76,0.00208,0.54,1784942976
All Pools,aDXN - AVAX,0.3,False,0.83096,55.35,0.00208,1.37,1784942976
All Pools,USDT.e - CLY,0.3,False,0.82671,177.02,0.00207,0.43,1784942976
All Pools,SWIFT - AVAX,0.3,False,0.80571,231.38,0.00201,0.32,1784942976
All Pools,XAUt0 - ChristMark,0.3,False,0.7804,577.97,0.00195,0.12,1784942976
All Pools,AVAX - ChristMark,0.3,False,0.77752,261.87,0.00194,0.27,1784942976
All Pools,USDC - NXUSD,0.3,False,0.76058,3.13,0.0019,22.17,1784942976
All Pools,DPS - USDC,0.3,False,0.73775,1808.97,0.00184,0.04,1784942976
All Pools,DPS - AVAX,0.3,False,0.73729,179.0,0.00184,0.38,1784942976
All Pools,VPND - AVAX,0.3,False,0.73319,17239.0,0.00183,0.0,1784942976
All Pools,ARENA - MU,0.3,False,0.729,3.923,0.00182,16.96,1784942976
All Pools,USDC - MXNB,0.3,False,0.71607,16.96,0.00179,3.85,1784942976
All Pools,KRW - AVAX,0.3,False,0.70415,304.08,0.00176,0.21,1784942976
All Pools,MAGICK - USDC,0.3,False,0.70375,224.04,0.00176,0.29,1784942976
All Pools,JOE - KRW,0.3,False,0.70361,144.09,0.00176,0.45,1784942976
All Pools,MAGICK - AVAX,0.3,False,0.70345,273.36,0.00176,0.23,1784942976
All Pools,USDC.e - AVVO,0.3,False,0.68869,223.14,0.00172,0.28,1784942976
All Pools,$Crazy - AVAX,0.3,False,0.68549,703.72,0.00171,0.09,1784942976
All Pools,AVAX - ONION,0.3,False,0.61483,145.49,0.00154,0.39,1784942976
All Pools,GUN - AMI,0.3,False,0.57498,9.687,0.00144,5.42,1784942976
All Pools,XAUt0 - Gravity,0.3,False,0.57438,310.67,0.00144,0.17,1784942976
All Pools,Trinity - Gravity,0.3,False,0.57068,1663.86,0.00143,0.03,1784942976
All Pools,AVAX - SOCK,0.3,False,0.57034,2311.98,0.00143,0.02,1784942976
All Pools,USDC - SOCK,0.3,False,0.57004,409.81,0.00143,0.13,1784942976
All Pools,HOST - DAI.e,0.3,False,0.55947,2481.82,0.0014,0.02,1784942976
All Pools,BLUB - AVAX,0.3,False,0.55675,11131.0,0.00139,0.0,1784942976
All Pools,PTOP500 - TOPIA,0.3,False,0.54352,143.41,0.00136,0.35,1784942976
All Pools,LUNA - AVAX,0.3,False,0.53695,117.09,0.00134,0.42,1784942976
All Pools,FTOMB - AVAX,0.3,False,0.5326,6397.52,0.00133,0.01,1784942976
All Pools,Ush - AVAX,0.3,False,0.52762,1999.16,0.00132,0.02,1784942976
All Pools,BRO - COQ,0.3,False,0.52586,138.28,0.00131,0.35,1784942976
All Pools,AVAX - CLY,0.3,False,0.52304,21045.0,0.00131,0.0,1784942976
All Pools,APOW - USDC,0.3,False,0.51682,113.86,0.00129,0.41,1784942976
All Pools,sAVAX - COQ,0.3,False,0.50824,63.29,0.00127,0.73,1784942976
All Pools,Trinity - Psychic,0.3,False,0.49194,392.12,0.00123,0.11,1784942976
All Pools,AVAX - MU,0.3,False,0.48663,72.56,0.00122,0.61,1784942976
All Pools,SPORE - USDC,0.3,False,0.47505,1368.6,0.00119,0.03,1784942976
All Pools,SMRTr - AVAX,0.3,False,0.4444,24764.0,0.00111,0.0,1784942976
All Pools,SMRTr - USDC.e,0.3,False,0.44371,102.71,0.00111,0.39,1784942976
All Pools,HH - ARENA,0.3,False,0.43488,2.335,0.00109,16.99,1784942976
All Pools,HH - AVAX,0.3,False,0.43479,228.46,0.00109,0.17,1784942976
All Pools,YEEHAW - AVAX,0.3,False,0.42535,12.69,0.00106,3.06,1784942976
All Pools,Psychic - Now,0.3,False,0.42352,462.07,0.00106,0.08,1784942976
All Pools,USDT.e - SING,0.3,False,0.42307,1194.19,0.00106,0.03,1784942976
All Pools,AVAX - SMRT,0.3,False,0.41556,1587.63,0.00104,0.02,1784942976
All Pools,AVAX - SING,0.3,False,0.41259,105.94,0.00103,0.36,1784942976
All Pools,USDT.e - SMRT,0.3,False,0.40345,87.39,0.00101,0.42,1784942976
All Pools,DREGG - USDT.e,0.3,False,0.38094,512.94,,0.07,1784942976
All Pools,DREGG - AVAX,0.3,False,0.3803,143.28,,0.24,1784942976
All Pools,WBTC.e - USDT.e,0.3,False,0.37479,156.14,,0.22,1784942976
All Pools,AVAX - CAST,0.3,False,0.37304,1322.04,,0.03,1784942976
All Pools,Psychic - All,0.3,False,0.36774,236.07,,0.14,1784942976
All Pools,AVAX - All,0.3,False,0.36676,203.33,,0.16,1784942976
All Pools,GATOR - ARENA,0.3,False,0.35967,2.461,,13.34,1784942976
All Pools,APOW - USDt,0.3,False,0.35471,113.49,,0.29,1784942976
All Pools,BANKSY - USDT.e,0.3,False,0.34984,1511.18,,0.02,1784942976
All Pools,BANKSY - AVAX,0.3,False,0.34902,139.51,,0.23,1784942976
All Pools,Psychic - Prometheus,0.3,False,0.34835,229.72,,0.14,1784942976
All Pools,AVAX - Prometheus,0.3,False,0.34768,197.34,,0.16,1784942976
All Pools,SOL - AVAX,0.3,False,0.34294,0.00154,,20255.2,1784942976
All Pools,AVAX - AVVO,0.3,False,0.33677,223.2,,0.14,1784942976
All Pools,WBTC.e - ONION,0.3,False,0.33598,354.05,,0.09,1784942976
All Pools,AVAX - USDT,0.3,False,0.33129,1656.36,,0.02,1784942976
All Pools,weETH - AVAX,0.3,False,0.32309,0.2861,,103.05,1784942976
All Pools,WETH.e - REDWOLF,0.3,False,0.32109,82.29,,0.36,1784942976
All Pools,DCAU - USDC,0.3,False,0.32092,142.36,,0.21,1784942976
All Pools,$Td - AVAX,0.3,False,0.31692,3745.32,,0.01,1784942976
All Pools,$Td - AMI,0.3,False,0.3135,25.39,,1.13,1784942976
All Pools,Psychic - Sinterklaas,0.3,False,0.31324,232.03,,0.12,1784942976
All Pools,NaughtiusMaximus - Seventeen,0.3,False,0.30642,661.72,,0.04,1784942976
All Pools,AVAX - Seventeen,0.3,False,0.30563,198.47,,0.14,1784942976
All Pools,COQ - JUICE,0.3,False,0.30082,29.3,,0.94,1784942976
All Pools,KIWI - USDC,0.3,False,0.29981,298.26,,0.09,1784942976
All Pools,KIWI - AVAX,0.3,False,0.29961,92.47,,0.3,1784942976
All Pools,UST - USDC.e,0.3,False,0.29726,660.64,,0.04,1784942976
All Pools,COQ - AMI,0.3,False,0.29592,9.86,,2.74,1784942976
All Pools,TOMB - USDC,0.3,False,0.293,9.764,,2.74,1784942976
All Pools,MaryMagdalene - FollowTheWhiteRabbit,0.3,False,0.29193,152.91,,0.17,1784942976
All Pools,LadyMary - FollowTheWhiteRabbit,0.3,False,0.29031,433.4,,0.06,1784942976
All Pools,LadyMary - AVAX,0.3,False,0.29014,246.77,,0.11,1784942976
All Pools,AVAX - FRAX,0.3,False,0.28864,221.08,,0.12,1784942976
All Pools,TSD - AVAX,0.3,False,0.28058,165.16,,0.16,1784942976
All Pools,AMI - SQRCAT,0.3,False,0.27332,11.6,,2.15,1784942976
All Pools,AVAX - SQRCAT,0.3,False,0.273,4074.24,,0.01,1784942976
All Pools,MAXI - DAI.e,0.3,False,0.27226,220.49,,0.11,1784942976
All Pools,UNIV - AVAX,0.3,False,0.26379,5.684,,4.23,1784942976
All Pools,ARENA - AMI,0.3,False,0.26111,1.451,,16.42,1784942976
All Pools,AVAX - ZUBAX,0.3,False,0.26015,90.17,,0.26,1784942976
All Pools,HUSKY - MUG,0.3,False,0.25636,14.14,,1.65,1784942976
All Pools,LUNA - AVAX,0.3,False,0.25259,13.2,,1.75,1784942976
All Pools,Psychic - Jjj,0.3,False,0.25168,235.89,,0.1,1784942976
All Pools,Jjj - AVAX,0.3,False,0.25101,201.91,,0.11,1784942976
All Pools,MIM - MU,0.3,False,0.24307,84.66,,0.26,1784942976
All Pools,USDC.e - NXUSD,0.3,False,0.23831,1.464,,14.86,1784942976
All Pools,PENGU - AVAX,0.3,False,0.23606,934.14,,0.02,1784942976
All Pools,CGS - AVAX,0.3,False,0.23304,52.01,,0.41,1784942976
All Pools,CGS - USDC.e,0.3,False,0.23239,149.75,,0.14,1784942976
All Pools,Psychic - BlackAndGold,0.3,False,0.22883,236.09,,0.09,1784942976
All Pools,STATIK - AVAX,0.3,False,0.22855,30.12,,0.69,1784942976
All Pools,AVAX - BlackAndGold,0.3,False,0.22826,203.26,,0.1,1784942976
All Pools,Psychic - Meaning,0.3,False,0.22532,230.59,,0.09,1784942976
All Pools,Meaning - AVAX,0.3,False,0.22483,314.92,,0.07,1784942976
All Pools,NineHundred - Sinterklaas,0.3,False,0.22259,1147.39,,0.02,1784942976
All Pools,NineHundred - AVAX,0.3,False,0.22259,96.01,,0.21,1784942976
All Pools,Psychic - MeaningOfNumbers,0.3,False,0.21324,236.39,,0.08,1784942976
All Pools,BTC.b - HOWDY,0.3,False,0.21297,64.03,,0.3,1784942976
All Pools,AVAX - MeaningOfNumbers,0.3,False,0.21267,202.13,,0.1,1784942976
All Pools,Psychic - Ducks,0.3,False,0.21213,235.59,,0.08,1784942976
All Pools,Ducks - AVAX,0.3,False,0.21139,201.49,,0.1,1784942976
All Pools,JOE - EXP,0.3,False,0.20714,10330019.0,,,1784942976
All Pools,Psychic - CommieSukey,0.3,False,0.20515,236.16,,0.08,1784942976
All Pools,CommieSukey - AVAX,0.3,False,0.20462,202.6,,0.09,1784942976
All Pools,COQ - ARENA,0.3,False,0.20108,1.189,,15.43,1784942976
All Pools,Psychic - Serpentarius,0.3,False,0.19901,239.08,,0.08,1784942976
All Pools,Serpentarius - AVAX,0.3,False,0.19833,205.24,,0.09,1784942976
All Pools,YEEHAW - ARENA,0.3,False,0.19573,1.346,,13.27,1784942976
All Pools,BTC.b - REDWOLF,0.3,False,0.19459,97.27,,0.18,1784942976
All Pools,Orem - NaughtiusMaximus,0.3,False,0.19215,97.21,,0.18,1784942976
All Pools,Orem - AVAX,0.3,False,0.19097,72.96,,0.24,1784942976
All Pools,HOST - AVAX,0.3,False,0.19077,86.59,,0.2,1784942976
All Pools,DAI.e - ONION,0.3,False,0.19046,331.41,,0.05,1784942976
All Pools,SYMBIOT - AVAX,0.3,False,0.18695,73.16,,0.23,1784942976
All Pools,YEEHAW - USDC,0.3,False,0.18663,6.066,,2.81,1784942976
All Pools,MIM - USDC,0.3,False,0.18244,26.4,,0.63,1784942976
All Pools,Now - √Root,0.3,False,0.18114,617.81,,0.03,1784942976
All Pools,YEEHAW - HOWDY,0.3,False,0.18037,7720.05,,0.0,1784942976
All Pools,AVAX - √Root,0.3,False,0.18027,60.44,,0.27,1784942976
All Pools,USDC.e - ONION,0.3,False,0.17845,371.51,,0.04,1784942976
All Pools,SHOE - BTC.b,0.3,False,0.17775,1.27,,12.77,1784942976
All Pools,BOI - MU,0.3,False,0.17621,0.66032,,24.35,1784942976
All Pools,SYMBIOT - DAI.e,0.3,False,0.17529,439.81,,0.04,1784942976
All Pools,Psychic - DogL,0.3,False,0.17387,235.79,,0.07,1784942976
All Pools,DogL - AVAX,0.3,False,0.17333,202.97,,0.08,1784942976
All Pools,COQ - KOVIN,0.3,False,0.17262,7.934,,1.99,1784942976
All Pools,UNIV - DAI.e,0.3,False,0.17258,10.51,,1.5,1784942976
All Pools,Sanskrit - Now,0.3,False,0.1711,618.55,,0.03,1784942976
All Pools,GENI - AVAX,0.3,False,0.17058,45.85,,0.34,1784942976
All Pools,GENI - USDC,0.3,False,0.17052,1100.38,,0.01,1784942976
All Pools,Sanskrit - AVAX,0.3,False,0.17029,60.5,,0.26,1784942976
All Pools,USDT.e - XAVA,0.3,False,0.16705,10.45,,1.46,1784942976
All Pools,SYN - REDWOLF,0.3,False,0.16374,4.059,,3.68,1784942976
All Pools,AVAX - SUBZERO,0.3,False,0.16332,28.71,,0.52,1784942976
All Pools,IMPACT2 - EURC,0.3,False,0.16327,41.91,,0.36,1784942976
All Pools,TOMB - SUBZERO,0.3,False,0.16197,8.668,,1.71,1784942976
All Pools,WETH.e - USDC,0.3,False,0.16102,20.45,,0.72,1784942976
All Pools,MaryMagdalene - TheGospelOfMary,0.3,False,0.16053,207.99,,0.07,1784942976
All Pools,AVAX - TheGospelOfMary,0.3,False,0.15996,111.8,,0.13,1784942976
All Pools,XPOW - USDC,0.3,False,0.15789,18.51,,0.78,1784942976
All Pools,MM - USDC,0.3,False,0.15674,49.41,,0.29,1784942976
All Pools,MM - AVAX,0.3,False,0.1567,65.26,,0.22,1784942976
All Pools,Gladiator - AVAX,0.3,False,0.15551,1.878,,7.56,1784942976
All Pools,LINDA - AVAX,0.3,False,0.15383,1319.58,,0.01,1784942976
All Pools,Psychic - NeatestQuackery,0.3,False,0.14994,235.82,,0.06,1784942976
All Pools,NeatestQuackery - AVAX,0.3,False,0.14951,201.43,,0.07,1784942976
All Pools,USDC - GAU,0.3,False,0.14512,711.25,,0.02,1784942976
All Pools,meGNX - AVAX,0.3,False,0.14506,12.82,,1.03,1784942976
All Pools,MEOW - AVAX,0.3,False,0.14166,7404.66,,0.0,1784942976
All Pools,KALM - AVAX,0.3,False,0.14085,94.79,,0.14,1784942976
All Pools,KALM - USDC,0.3,False,0.1408,76.71,,0.17,1784942976
All Pools,SLUSH - USDT.e,0.3,False,0.13684,54.99,,0.23,1784942976
All Pools,SLUSH - AVAX,0.3,False,0.13648,44.52,,0.28,1784942976
All Pools,DCAU - MIM,0.3,False,0.13574,99.56,,0.12,1784942976
All Pools,USDt - RUX,0.3,False,0.13331,16071.0,,,1784942976
All Pools,RUX - AVAX,0.3,False,0.13307,25.19,,0.48,1784942976
All Pools,50 - AVAX,0.3,False,0.13178,58.55,,0.21,1784942976
All Pools,50 - USDC,0.3,False,0.13175,111.6,,0.11,1784942976
All Pools,Light - Now,0.3,False,0.12728,619.21,,0.02,1784942976
All Pools,Light - AVAX,0.3,False,0.12679,60.58,,0.19,1784942976
All Pools,WETH.e - SURE,0.3,False,0.12652,872.15,,0.01,1784942976
All Pools,aAvaWAVAX - meGNX,0.3,False,0.12584,2.946,,3.9,1784942976
All Pools,3ULL - AVAX,0.3,False,0.12448,54.03,,0.21,1784942976
All Pools,Kryptonite - NaughtiusMaximus,0.3,False,0.12423,97.73,,0.12,1784942976
All Pools,AVAX - Kryptonite,0.3,False,0.12373,73.31,,0.15,1784942976
All Pools,USDt - XPOW,0.3,False,0.12232,18.46,,0.6,1784942976
All Pools,BOI - AMI,0.3,False,0.11644,0.49743,,21.36,1784942976
All Pools,CQK - USDC,0.3,False,0.11039,30.53,,0.33,1784942976
All Pools,CQK - AVAX,0.3,False,0.11017,94.28,,0.11,1784942976
All Pools,NOCHILL - AMI,0.3,False,0.10942,3.759,,2.66,1784942976
All Pools,USDC.e - WISE,0.3,False,0.10914,41.1,,0.24,1784942976
All Pools,AVAX - WISE,0.3,False,0.10893,58.15,,0.17,1784942976
All Pools,SOL - USDC,0.3,False,0.10491,20.33,,0.47,1784942976
All Pools,APOW - USDC,0.3,False,0.10226,20.71,,0.45,1784942976
All Pools,USDC - WSPP,0.3,False,0.0983,41.89,,0.21,1784942976
All Pools,SYN - USDC.e,0.3,False,0.09776,2.106,,4.24,1784942976
All Pools,Wormhole - NaughtiusMaximus,0.3,False,0.09774,97.02,,0.09,1784942976
All Pools,ZUBAX - USDT.e,0.3,False,0.0972,171.78,,0.05,1784942976
All Pools,Wormhole - AVAX,0.3,False,0.09708,72.77,,0.12,1784942976
All Pools,USDC.e - SOL,0.3,False,0.09644,34.57,,0.25,1784942976
All Pools,APOW - USDt,0.3,False,0.09593,20.71,,0.42,1784942976
All Pools,Psychic - DéjàVu,0.3,False,0.09551,143.27,,0.06,1784942976
All Pools,Mungo - AVAX,0.3,False,0.09533,27.94,,0.31,1784942976
All Pools,DéjàVu - Mungo,0.3,False,0.09533,124.68,,0.07,1784942976
All Pools,AVAI - AVAX,0.3,False,0.0951,19.19,,0.45,1784942976
All Pools,USDt - USDT.e,0.3,False,0.0921,20392.0,,,1784942976
All Pools,USDC - BVAX,0.3,False,0.0918,25.33,,0.33,1784942976
All Pools,USDt - MILO,0.3,False,0.09127,13.85,,0.6,1784942976
All Pools,AVAX - MILO,0.3,False,0.09102,766.58,,0.01,1784942976
All Pools,USDt - IMPACT2,0.3,False,0.09061,71.79,,0.12,1784942976
All Pools,AVAX - Sinterklaas,0.3,False,0.08949,95.8,,0.09,1784942976
All Pools,USDC - USD+,0.3,False,0.08746,27.78,,0.29,1784942976
All Pools,COQ - OX,0.3,False,0.08652,11765.0,,,1784942976
All Pools,NOCHILL - OX,0.3,False,0.08546,10973.0,,,1784942976
All Pools,MIM - UNIV,0.3,False,0.08461,4.594,,1.68,1784942976
All Pools,WOLF - AMI,0.3,False,0.08296,2.759,,2.74,1784942976
All Pools,ZRO - USDC,0.3,False,0.08292,4.498,,1.68,1784942976
All Pools,VEE - USDC,0.3,False,0.08254,30.84,,0.24,1784942976
All Pools,MIM - GRAPE,0.3,False,0.08213,94.26,,0.08,1784942976
All Pools,KLO - AVAX,0.3,False,0.08187,9772.48,,,1784942976
All Pools,SURE - USDC.e,0.3,False,0.0803,21.2,,0.35,1784942976
All Pools,GLOBA - AVAX,0.3,False,0.07975,38.73,,0.19,1784942976
All Pools,UNIQOC - AVAX,0.3,False,0.07862,779.23,,0.01,1784942976
All Pools,UST - USDT.e,0.3,False,0.07728,37.48,,0.19,1784942976
All Pools,AVAX - SNOB,0.3,False,0.07673,727.41,,0.01,1784942976
All Pools,Psychic - Strength,0.3,False,0.0753,54.55,,0.13,1784942976
All Pools,AVAX - Strength,0.3,False,0.07503,96.94,,0.07,1784942976
All Pools,GLOBA - DAI.e,0.3,False,0.07482,46.69,,0.15,1784942976
All Pools,KIMBO - KOVIN,0.3,False,0.07438,3.02,,2.25,1784942976
All Pools,KOVIN - MU,0.3,False,0.07361,2.296,,2.93,1784942976
All Pools,USDC - SDOG,0.3,False,0.0735,357.08,,0.02,1784942976
All Pools,MIM - SDOG,0.3,False,0.07332,79.39,,0.08,1784942976
All Pools,LINK.e - REDWOLF,0.3,False,0.07325,69.61,,0.1,1784942976
All Pools,UNIQOC - COQ,0.3,False,0.07289,36.22,,0.18,1784942976
All Pools,KIMBO - AMI,0.3,False,0.07279,2.792,,2.38,1784942976
All Pools,AVAX - ZABU,0.3,False,0.07184,22.9,,0.29,1784942976
All Pools,MaryMagdalene - RoselineBloodline,0.3,False,0.07182,35.54,,0.18,1784942976
All Pools,RoselineBloodline - AVAX,0.3,False,0.0714,30.88,,0.21,1784942976
All Pools,MaryMagdalene - BrideOfChrist,0.3,False,0.069,89.87,,0.07,1784942976
All Pools,BrideOfChrist - AVAX,0.3,False,0.06876,61.35,,0.1,1784942976
All Pools,SPC - DAI.e,0.3,False,0.06732,20.36,,0.3,1784942976
All Pools,ORNG - JUICE,0.3,False,0.06702,1.441,,4.24,1784942976
All Pools,MIM - PEFI,0.3,False,0.06395,58.25,,0.1,1784942976
All Pools,USDC - yyAVAX,0.3,False,0.06121,11.85,,0.47,1784942976
All Pools,AVAX - NXUSD,0.3,False,0.06085,0.36076,,15.39,1784942976
All Pools,CANS - AVAX,0.3,False,0.06013,7.919,,0.69,1784942976
All Pools,KIMBO - CANS,0.3,False,0.05998,215.01,,0.03,1784942976
All Pools,USDT.e - DUO,0.3,False,0.05928,50.04,,0.11,1784942976
All Pools,AVAX - DUO,0.3,False,0.05915,51.16,,0.11,1784942976
All Pools,Psychic - Go,0.3,False,0.05878,54.28,,0.1,1784942976
All Pools,Go - AVAX,0.3,False,0.05859,96.76,,0.06,1784942976
All Pools,METAG - USDT.e,0.3,False,0.05829,46.83,,0.11,1784942976
All Pools,AVVO - DAI.e,0.3,False,0.058,34.3,,0.15,1784942976
All Pools,METAG - AVAX,0.3,False,0.05795,19.14,,0.28,1784942976
All Pools,DFIAT - USDT.e,0.3,False,0.05674,26.27,,0.2,1784942976
All Pools,gOHM - SB,0.3,False,0.05671,16.84,,0.31,1784942976
All Pools,DFIAT - AVAX,0.3,False,0.05661,5790.91,,,1784942976
All Pools,HATCHY - AMI,0.3,False,0.05458,3.062,,1.63,1784942976
All Pools,LINK.e - MU,0.3,False,0.05279,6.945,,0.69,1784942976
All Pools,MELT - USDT.e,0.3,False,0.05189,29.15,,0.16,1784942976
All Pools,SYN - USDT.e,0.3,False,0.05175,1.121,,4.21,1784942976
All Pools,MELT - AVAX,0.3,False,0.05159,19.46,,0.24,1784942976
All Pools,JPYC - USDC.e,0.3,False,0.05145,5.013,,0.94,1784942976
All Pools,SHOE - AMI,0.3,False,0.04914,0.33767,,13.28,1784942976
All Pools,COQ - NOCHILL,0.3,False,0.04856,8.738,,0.51,1784942976
All Pools,MIM - DAI.e,0.3,False,0.0479,17.37,,0.25,1784942976
All Pools,SUB - USDC,0.3,False,0.04656,11.17,,0.38,1784942976
All Pools,SPECTA - AVAX,0.3,False,0.04648,6.534,,0.65,1784942976
All Pools,Psychic - Christmas,0.3,False,0.04638,32.36,,0.13,1784942976
All Pools,USDC - SHRAP,0.3,False,0.04635,20.18,,0.21,1784942976
All Pools,Christmas - AVAX,0.3,False,0.04623,172.11,,0.02,1784942976
All Pools,SPECTA - USDC.e,0.3,False,0.04583,17.42,,0.24,1784942976
All Pools,BTC.b - MU,0.3,False,0.04572,10.04,,0.42,1784942976
All Pools,USDt - DXN,0.3,False,0.04552,213.4,,0.02,1784942976
All Pools,GAINS - AVAX,0.3,False,0.04542,29.31,,0.14,1784942976
All Pools,NOCHILL - ARENA,0.3,False,0.04528,0.37519,,11.01,1784942976
All Pools,SYN - WETH.e,0.3,False,0.04513,1.038,,3.97,1784942976
All Pools,SURE - DAI.e,0.3,False,0.04394,24.63,,0.16,1784942976
All Pools,COQ - REDWOLF,0.3,False,0.0433,8.925,,0.44,1784942976
All Pools,XAUt0 - ElvisJackpot,0.3,False,0.04283,283.1,,0.01,1784942976
All Pools,MIM - VOLT,0.3,False,0.04283,12.39,,0.32,1784942976
All Pools,USDt - REDWOLF,0.3,False,0.04277,13.52,,0.29,1784942976
All Pools,WLRS - GRAPE,0.3,False,0.04263,7.758,,0.5,1784942976
All Pools,AMI - EROL,0.3,False,0.04242,0.44158,,8.77,1784942976
All Pools,AVAI - USDC.e,0.3,False,0.04214,26.41,,0.15,1784942976
All Pools,WLRS - USDC.e,0.3,False,0.04213,3892.18,,,1784942976
All Pools,ElvisJackpot - BLACK,0.3,False,0.04197,9.605,,0.4,1784942976
All Pools,LOST - AVAX,0.3,False,0.0414,1127.66,,0.0,1784942976
All Pools,JOE - ZUBAX,0.3,False,0.04,6.371,,0.57,1784942976
All Pools,AVAX - LYLY,0.3,False,0.03978,49.18,,0.07,1784942976
All Pools,YAK - SPORE,0.3,False,0.03977,4.691,,0.77,1784942976
All Pools,MU - COQAI,0.3,False,0.03927,5.384,,0.67,1784942976
All Pools,AMI - COQAI,0.3,False,0.03914,3.057,,1.17,1784942976
All Pools,TECH - OX,0.3,False,0.03808,4454.8,,,1784942976
All Pools,GATOR - AMI,0.3,False,0.03803,4.073,,0.85,1784942976
All Pools,DAI.e - VOLT,0.3,False,0.03772,39.41,,0.09,1784942976
All Pools,WETH.e - yyAVAX,0.3,False,0.03678,14.28,,0.24,1784942976
All Pools,Gladiator - AMI,0.3,False,0.03562,1.551,,2.1,1784942976
All Pools,FLAKE - USDT.e,0.3,False,0.03322,47.99,,0.06,1784942976
All Pools,FLAKE - AVAX,0.3,False,0.03309,16.71,,0.18,1784942976
All Pools,SHERPA - AVAX,0.3,False,0.03291,88.92,,0.03,1784942976
All Pools,ABC - AMI,0.3,False,0.03279,2.768,,1.08,1784942976
All Pools,GAINS - Degen,0.3,False,0.03264,1.376,,2.16,1784942976
All Pools,AMI - MU,0.3,False,0.03247,1.456,,2.03,1784942976
All Pools,LIBRE - USDC.e,0.3,False,0.03243,12.03,,0.25,1784942976
All Pools,AVAX - MUG,0.3,False,0.03227,239.49,,0.01,1784942976
All Pools,Degen - AMI,0.3,False,0.0319,0.83334,,3.49,1784942976
All Pools,gOHM - wsOHM,0.3,False,0.03162,16.04,,0.18,1784942976
All Pools,wsOHM - AVAX,0.3,False,0.03137,7.192,,0.4,1784942976
All Pools,BNB - AVAX,0.3,False,0.03135,2683.34,,0.0,1784942976
All Pools,TECH - AMI,0.3,False,0.0312,1.811,,1.57,1784942976
All Pools,BENSI - AMI,0.3,False,0.03103,2.399,,1.18,1784942976
All Pools,MIM - TIME,0.3,False,0.02925,22.21,,0.12,1784942976
All Pools,Anon - AVAX,0.3,False,0.02923,7.323,,0.36,1784942976
All Pools,AVAX - TIME,0.3,False,0.02922,534.76,,0.0,1784942976
All Pools,COQ - LYLY,0.3,False,0.02797,10.07,,0.25,1784942976
All Pools,AMI - DEGEN404,0.3,False,0.02795,0.78636,,3.24,1784942976
All Pools,YEEHAW - AMI,0.3,False,0.02769,3.915,,0.65,1784942976
All Pools,SNP - AVAX,0.3,False,0.02732,7.816,,0.32,1784942976
All Pools,COQ - SNP,0.3,False,0.02715,17.3,,0.14,1784942976
All Pools,Degen - DEGEN404,0.3,False,0.02698,213.38,,0.01,1784942976
All Pools,DAI.e - NXUSD,0.3,False,0.02663,0.18601,,13.06,1784942976
All Pools,MCV - AVAX,0.3,False,0.02525,273.79,,0.01,1784942976
All Pools,BTC.b - GMX,0.3,False,0.02519,1.399,,1.64,1784942976
All Pools,COQ - MCV,0.3,False,0.02512,6.48,,0.35,1784942976
All Pools,JOE - ZABU,0.3,False,0.02441,12.74,,0.17,1784942976
All Pools,WINK - AVAX,0.3,False,0.02404,41.88,,0.05,1784942976
All Pools,HIGHER - AVAX,0.3,False,0.02277,1.238,,1.68,1784942976
All Pools,HEFE - AMI,0.3,False,0.02271,2.263,,0.92,1784942976
All Pools,BTC.b - yyAVAX,0.3,False,0.02263,4.137,,0.5,1784942976
All Pools,CRAFT - AVAX,0.3,False,0.0217,279.11,,0.01,1784942976
All Pools,JOE - aXEN,0.3,False,0.02131,0.16284,,11.94,1784942976
All Pools,BEAM - MU,0.3,False,0.02122,0.97553,,1.98,1784942976
All Pools,LUNA - LUNA,0.3,False,0.02079,1.736,,1.09,1784942976
All Pools,USDC - AMI,0.3,False,0.02038,0.58507,,3.18,1784942976
All Pools,JOE - CRA,0.3,False,0.02009,6.83,,0.27,1784942976
All Pools,CRA - AVAX,0.3,False,0.02001,6893.25,,,1784942976
All Pools,GMX - USDC,0.3,False,0.01939,0.90015,,1.97,1784942976
All Pools,BTC.b - USDC,0.3,False,0.01933,4.226,,0.42,1784942976
All Pools,AVAX - ZSHARE,0.3,False,0.01901,12.16,,0.14,1784942976
All Pools,SUB - AVAX,0.3,False,0.01894,14.37,,0.12,1784942976
All Pools,TOMB - ZSHARE,0.3,False,0.01883,1.073,,1.6,1784942976
All Pools,AVAXAI - USDC,0.3,False,0.01797,1433.24,,0.0,1784942976
All Pools,AVAX - SPT,0.3,False,0.01763,0.17208,,9.35,1784942976
All Pools,AVAX - BAVA,0.3,False,0.01734,8.367,,0.19,1784942976
All Pools,COQ - BOOTY,0.3,False,0.01725,6.73,,0.23,1784942976
All Pools,AVAX - BLACK,0.3,False,0.01718,3.035,,0.52,1784942976
All Pools,AVAX - AXIAL,0.3,False,0.01688,571.63,,0.0,1784942976
All Pools,FBOND - FTOMB,0.3,False,0.01675,1.676,,0.91,1784942976
All Pools,AVAX - GAU,0.3,False,0.01644,4.748,,0.32,1784942976
All Pools,COQ - MU,0.3,False,0.01627,3.594,,0.41,1784942976
All Pools,FITFI - USDC,0.3,False,0.01611,0.07825,,18.79,1784942976
All Pools,HIGHER - AMI,0.3,False,0.01582,2.305,,0.63,1784942976
All Pools,gOHM - JOE,0.3,False,0.01536,3.189,,0.44,1784942976
All Pools,ZUM - NOCHILL,0.3,False,0.01469,0.74132,,1.81,1784942976
All Pools,AAVE.e - meGNX,0.3,False,0.01455,3.552,,0.37,1784942976
All Pools,DADDY - USDT.e,0.3,False,0.01388,16.92,,0.07,1784942976
All Pools,DADDY - AVAX,0.3,False,0.01366,0.73627,,1.69,1784942976
All Pools,ERROR - AMI,0.3,False,0.01352,2.123,,0.58,1784942976
All Pools,CNR - USDC,0.3,False,0.01288,4.388,,0.27,1784942976
All Pools,DWC - MU,0.3,False,0.01285,2.664,,0.44,1784942976
All Pools,AVAX - DWC,0.3,False,0.01277,3893.99,,,1784942976
All Pools,SMRT - XAVA,0.3,False,0.01257,2.177,,0.53,1784942976
All Pools,AVAX - KET,0.3,False,0.01247,20.43,,0.06,1784942976
All Pools,USDR - USDC,0.3,False,0.01241,39.78,,0.03,1784942976
All Pools,WETH.e - USDR,0.3,False,0.0123,2.418,,0.46,1784942976
All Pools,FLOT - AVAX,0.3,False,0.01223,2676.75,,,1784942976
All Pools,AAVE.e - USDT.e,0.3,False,0.01215,2.583,,0.43,1784942976
All Pools,USDC - SPT,0.3,False,0.0119,0.23369,,4.65,1784942976
All Pools,GAINS - KOVIN,0.3,False,0.01159,0.42712,,2.48,1784942976
All Pools,QI - LYLY,0.3,False,0.01158,1.706,,0.62,1784942976
All Pools,GURS - AMI,0.3,False,0.01109,1.422,,0.71,1784942976
All Pools,WOLF - MU,0.3,False,0.01078,3.836,,0.26,1784942976
All Pools,CATWIF - MU,0.3,False,0.01051,2.848,,0.34,1784942976
All Pools,CATWIF - AVAX,0.3,False,0.01051,2182.35,,,1784942976
All Pools,Psychic - KatzJoel,0.3,False,0.01049,46.76,,0.02,1784942976
All Pools,NOCHILL - MU,0.3,False,0.01048,1.523,,0.63,1784942976
All Pools,AVAX - WSPP,0.3,False,0.01041,2.271,,0.42,1784942976
All Pools,SHOE - COQ,0.3,False,0.01032,0.0659,,14.29,1784942976
All Pools,KatzJoel - BLACK,0.3,False,0.01025,1.181,,0.79,1784942976
All Pools,BTC.b - SPT,0.3,False,0.01002,0.17134,,5.34,1784942976
All Pools,NRK - DAI.e,0.3,False,0.00978,282.5,,0.0,1784942976
All Pools,AMPL - AVAX,0.3,False,0.00963,200.63,,0.0,1784942976
All Pools,RUG - DAI.e,0.3,False,0.00962,0.73169,,1.2,1784942976
All Pools,AMI - aSOCK,0.3,False,0.00926,1.817,,0.47,1784942976
All Pools,WBTC - AVAX,0.3,False,0.00923,30.62,,0.03,1784942976
All Pools,AVAX - aSOCK,0.3,False,0.00919,9.547,,0.09,1784942976
All Pools,PUSH - AVAX,0.3,False,0.0091,0.36779,,2.26,1784942976
All Pools,HERESY - MEOW,0.3,False,0.00903,0.23791,,3.46,1784942976
All Pools,KOKSAL - USDC,0.3,False,0.00883,4.404,,0.18,1784942976
All Pools,KOKSAL - AVAX,0.3,False,0.00879,2.695,,0.3,1784942976
All Pools,GURS - NOCHILL,0.3,False,0.00872,1.141,,0.7,1784942976
All Pools,AAVE.e - USDC.e,0.3,False,0.0086,1.249,,0.63,1784942976
All Pools,AI9000 - MU,0.3,False,0.00813,1.028,,0.72,1784942976
All Pools,AI9000 - AVAX,0.3,False,0.0081,205.66,,0.0,1784942976
All Pools,WABBIT - AMI,0.3,False,0.00783,0.88428,,0.81,1784942976
All Pools,NXPC - AVAX,0.3,False,0.00781,0.9768,,0.73,1784942976
All Pools,WABBIT - AVAX,0.3,False,0.00775,3970.97,,,1784942976
All Pools,JOE - REDWOLF,0.3,False,0.00773,2.679,,0.26,1784942976
All Pools,QI - REDWOLF,0.3,False,0.00767,1.084,,0.65,1784942976
All Pools,XAVA - HON,0.3,False,0.00731,1.089,,0.61,1784942976
All Pools,KIMBO - COQ,0.3,False,0.00691,1.014,,0.62,1784942976
All Pools,JOE - QI,0.3,False,0.0069,0.54027,,1.17,1784942976
All Pools,QI - USDC.e,0.3,False,0.00683,0.61694,,1.01,1784942976
All Pools,AVAX - JUICY,0.3,False,0.00678,1760.69,,,1784942976
All Pools,Balln - AMI,0.3,False,0.00641,0.56468,,1.04,1784942976
All Pools,USDt - USDC.e,0.3,False,0.00618,14.18,,0.04,1784942976
All Pools,GMX - JOE,0.3,False,0.00604,0.31545,,1.75,1784942976
All Pools,HOWDY - WINE,0.3,False,0.00586,0.11113,,4.81,1784942976
All Pools,AIVAX - AMI,0.3,False,0.00557,0.09992,,5.09,1784942976
All Pools,USDC - MU,0.3,False,0.00555,0.33684,,1.5,1784942976
All Pools,WINE - AVAX,0.3,False,0.00551,749.97,,,1784942976
All Pools,Quet - AVAX,0.3,False,0.00551,0.14198,,3.54,1784942976
All Pools,AMI - JUICY,0.3,False,0.00548,0.56588,,0.88,1784942976
All Pools,FBOND - AVAX,0.3,False,0.00547,0.57001,,0.88,1784942976
All Pools,YAK - USDT.e,0.3,False,0.00543,0.50916,,0.97,1784942976
All Pools,3ULL - USDC,0.3,False,0.00542,0.54515,,0.91,1784942976
All Pools,HUSKY - aXEN,0.3,False,0.00537,0.0456,,10.76,1784942976
All Pools,3ULL - AVAX,0.3,False,0.00536,32.66,,0.01,1784942976
All Pools,UNIQOC - Degen,0.3,False,0.00532,0.19977,,2.43,1784942976
All Pools,CAI - AMI,0.3,False,0.00526,0.37161,,1.29,1784942976
All Pools,WBTC.e - USDC,0.3,False,0.00521,0.40038,,1.19,1784942976
All Pools,Quet - ARENA,0.3,False,0.00511,0.63164,,0.74,1784942976
All Pools,JPYC - AVAX,0.3,False,0.00509,0.2384,,1.95,1784942976
All Pools,FITFI - USDC.e,0.3,False,0.00509,0.0419,,11.08,1784942976
All Pools,ALPHAZERO - USDT.e,0.3,False,0.00501,2.03,,0.23,1784942976
All Pools,GMX - USDt,0.3,False,0.00496,0.37362,,1.21,1784942976
All Pools,MEOW - AMI,0.3,False,0.00476,0.35674,,1.22,1784942976
All Pools,FINANCE - NOCHILL,0.3,False,0.00469,387.55,,0.0,1784942976
All Pools,SUB - USDC,0.3,False,0.00468,69.22,,0.01,1784942976
All Pools,KANA - USDC,0.3,False,0.00465,0.41722,,1.02,1784942976
All Pools,SUB - AVAX,0.3,False,0.00463,0.41688,,1.01,1784942976
All Pools,KANA - AVAX,0.3,False,0.0046,763.76,,,1784942976
All Pools,USDC.e - XAVA,0.3,False,0.00448,0.33367,,1.23,1784942976
All Pools,SolarDAO - USDT.e,0.3,False,0.00395,1.989,,0.18,1784942976
All Pools,AUX - USDC,0.3,False,0.00395,633.08,,,1784942976
All Pools,AUX - AVAX,0.3,False,0.00389,0.29924,,1.19,1784942976
All Pools,SolarDAO - AVAX,0.3,False,0.00389,0.31707,,1.12,1784942976
All Pools,Naughty - HIGHER,0.3,False,0.00376,0.30039,,1.14,1784942976
All Pools,FEED - AMI,0.3,False,0.00371,0.15151,,2.24,1784942976
All Pools,Naughty - AVAX,0.3,False,0.0037,163.15,,0.0,1784942976
All Pools,FEED - AVAX,0.3,False,0.00362,5447.42,,,1784942976
All Pools,xARENA - ARENA,0.3,False,0.00355,1.694,,0.19,1784942976
All Pools,yes - ARENA,0.3,False,0.00342,0.05053,,6.18,1784942976
All Pools,USDC - USDT.e,0.3,False,0.0034,154.39,,0.0,1784942976
All Pools,UST - UST,0.3,False,0.00336,1.426,,0.22,1784942976
All Pools,xARENA - AVAX,0.3,False,0.00333,0.06944,,4.37,1784942976
All Pools,YEEHAW - xAVAX,0.3,False,0.00324,0.22392,,1.32,1784942976
All Pools,xAVAX - AVAX,0.3,False,0.00317,0.53373,,0.54,1784942976
All Pools,PUSH - AMI,0.3,False,0.00317,0.11862,,2.44,1784942976
All Pools,HIGHER - Degen,0.3,False,0.00315,0.07405,,3.88,1784942976
All Pools,sAVAX - AMI,0.3,False,0.00312,0.28351,,1.01,1784942976
All Pools,WETH.e - SPELL,0.3,False,0.00309,0.20397,,1.38,1784942976
All Pools,sAVAX - USDC,0.3,False,0.00308,0.44516,,0.63,1784942976
All Pools,JOE - AMI,0.3,False,0.00305,0.16751,,1.66,1784942976
All Pools,ABOB - AMI,0.3,False,0.00296,0.10059,,2.68,1784942976
All Pools,YEEHAW - Gladiator,0.3,False,0.00294,0.11655,,2.3,1784942976
All Pools,DEV - ARENA,0.3,False,0.00287,0.04916,,5.32,1784942976
All Pools,ABOB - AVAX,0.3,False,0.00287,568.75,,,1784942976
All Pools,DEV - AVAX,0.3,False,0.00267,3.259,,0.07,1784942976
All Pools,LINK.e - SPELL,0.3,False,0.00259,0.12897,,1.84,1784942976
All Pools,AVAX - WXT,0.3,False,0.00254,0.01584,,14.65,1784942976
All Pools,USDC - BFG,0.3,False,0.00247,0.13791,,1.64,1784942976
All Pools,AVAX - BFG,0.3,False,0.00242,1.111,,0.2,1784942976
All Pools,KIMBO - MU,0.3,False,0.00194,0.07309,,2.42,1784942976
All Pools,JOE - MU,0.3,False,0.00171,0.07295,,2.14,1784942976
All Pools,CAPY - AVAX,0.3,False,0.00163,0.01144,,12.96,1784942976
All Pools,SD - AMI,0.3,False,0.00156,4.061,,0.04,1784942976
All Pools,wMEMO - AVAX,0.3,False,0.00155,6.115,,0.02,1784942976
All Pools,FLOT - FTOMB,0.3,False,0.00153,0.04619,,3.01,1784942976
All Pools,JOE - CNR,0.3,False,0.00148,0.71558,,0.19,1784942976
All Pools,ARENA - JUICY,0.3,False,0.00144,0.02847,,4.61,1784942976
All Pools,HUSKY - SMRTr,0.3,False,0.00139,0.04019,,3.16,1784942976
All Pools,BTC.b - USDt,0.3,False,0.00136,0.13671,,0.91,1784942976
All Pools,MUMO - AVAX,0.3,False,0.00131,0.14413,,0.83,1784942976
All Pools,BTC.b - MUMO,0.3,False,0.00129,4.205,,0.03,1784942976
All Pools,TURBO - AVAX,0.3,False,0.00125,3.566,,0.03,1784942976
All Pools,MOR - USDC.e,0.3,False,0.00123,,,151.71,1784942976
All Pools,AQUID - ARENA,0.3,False,0.00122,0.01259,,8.87,1784942976
All Pools,KIOO - AVAX,0.3,False,0.00118,391.74,,,1784942976
All Pools,COQ - USDt,0.3,False,0.00108,0.04324,,2.29,1784942976
All Pools,HUSKY - TRESR,0.3,False,0.00101,0.02217,,4.14,1784942976
All Pools,AMI - KONG,0.3,False,,0.29628,,0.24,1784942976
All Pools,GGP - AMI,0.3,False,,0.00658,,9.64,1784942976
All Pools,Quet - WETH.e,0.3,False,,0.02492,,2.43,1784942976
All Pools,BTC.b - WETH.e,0.3,False,,0.43712,,0.13,1784942976
All Pools,BIRD - AVAX,0.3,False,,0.00813,,5.65,1784942976
All Pools,STICK - ARENA,0.3,False,,0.00133,,31.33,1784942976
All Pools,YETI - AVAX,0.3,False,,635.34,,,1784942976
All Pools,AVAX - STICK,0.3,False,,1083.95,,,1784942976
All Pools,MEAT - AVAX,0.3,False,,2918.61,,,1784942976
All Pools,FATE - USDC,0.3,False,,433454.0,,,1784942976
All Pools,DONT_BUY - AVAX,0.3,False,,,,10.13,1784942976
All Pools,BabyCoq - BBC,0.3,False,,,,0.02,1784942976
All Pools,WOLF - BBC,0.3,False,,0.07179,,,1784942976
All Pools,AVAX - USDC,0.05,False,721989.0,392044.0,373.75,34.8,1784946568
All Pools,ARENA - AVAX,0.01,False,197983.0,221528.0,19.74,3.25,1784946568
All Pools,sAVAX - AVAX,0.01,False,82568.0,44816.0,8.45,6.88,1784946568
All Pools,WETH.e - USDC,0.15,False,31258.0,12725.0,47.13,135.18,1784946568
All Pools,BTC.b - USDC,0.05,False,27108.0,579850.0,13.81,0.87,1784946568
All Pools,sAVAX - AVAX,0.1,False,24974.0,50740.0,25.0,17.99,1784946568
All Pools,NXUSD - WXT,0.3,False,24798.0,444757.0,61.99,5.09,1784946568
All Pools,USDC.e - AVAX,0.3,False,24046.0,357901.0,60.11,6.13,1784946568
All Pools,AUSD - USDC,0.01,False,19505.0,117831.0,1.994,0.62,1784946568
All Pools,BEAM - AVAX,0.25,False,18029.0,14822.0,45.63,112.37,1784946568
All Pools,AVAX - USDC,0.3,False,15543.0,338995.0,38.86,4.18,1784946568
All Pools,USDt - USDC,0.01,False,11929.0,162791.0,0.95923,0.22,1784946568
All Pools,AVAX - USDT.e,0.3,False,11118.0,459888.0,27.79,2.21,1784946568
All Pools,FOLKS - AVAX,0.25,False,10234.0,34659.0,26.06,27.44,1784946568
All Pools,USDC - XAVA,0.3,False,9769.19,479069.0,24.42,1.86,1784946568
All Pools,USDt - USDC,0.005,False,9010.97,160056.0,0.63155,0.14,1784946568
All Pools,COQ - AVAX,0.3,False,8469.13,408750.0,21.17,1.89,1784946568
All Pools,BEAM - USDC,0.3,False,8249.89,67917.0,20.62,11.08,1784946568
All Pools,XAUt0 - USDt,0.04,False,7421.41,27596.0,3.883,5.14,1784946568
All Pools,USDT.e - USDt,0.02,False,7147.28,44390.0,1.432,1.18,1784946568
All Pools,AVAX - USDt,0.2,False,7070.02,95997.0,14.36,5.46,1784946568
All Pools,CAPY - ARENA,0.3,False,6541.4,18611.0,16.35,32.07,1784946568
All Pools,AAVE.e - AVAX,0.3,False,5753.12,249787.0,14.38,2.1,1784946568
All Pools,USDT.e - USDC,0.02,False,5676.99,51025.0,1.158,0.83,1784946568
All Pools,AVAX - BTC.b,0.05,False,5145.68,25272.0,3.086,4.46,1784946568
All Pools,JOE - USDC.e,0.3,False,5113.46,256247.0,12.78,1.82,1784946568
All Pools,WETH.e - AVAX,0.3,False,4558.83,366237.0,11.4,1.14,1784946568
All Pools,JOE - AVAX,0.3,False,3364.25,204964.0,8.411,1.5,1784946568
All Pools,XAVA - AVAX,0.8,False,3307.39,117263.0,26.39,8.21,1784946568
All Pools,TOPIA - AVAX,0.1,False,3186.87,1959.82,4.739,88.27,1784946568
All Pools,QI - AVAX,0.3,False,3000.18,114789.0,7.5,2.38,1784946568
All Pools,USDC.e - USDC,0.02,False,2656.74,3894.39,0.54361,5.09,1784946568
All Pools,GUN - AVAX,0.25,False,2412.99,8945.75,7.509,30.64,1784946568
All Pools,ORNG - AVAX,0.3,False,1981.71,16377.0,4.954,11.04,1784946568
All Pools,GGP - AVAX,0.3,False,1874.89,19212.0,4.687,8.91,1784946568
All Pools,DAI.e - USDC,0.02,False,1714.14,26552.0,0.37319,0.51,1784946568
All Pools,HUNDRED - USDC,0.3,False,1666.72,473625.0,4.167,0.32,1784946568
All Pools,EURC - USDC,0.03,False,1616.3,10025.0,1.107,4.03,1784946568
All Pools,QI - AVAX,0.25,False,1576.04,7374.67,3.971,19.65,1784946568
All Pools,gOHM - AVAX,0.3,False,1552.32,124665.0,3.881,1.14,1784946568
All Pools,WBTC.e - AVAX,0.3,False,1547.22,129023.0,3.868,1.09,1784946568
All Pools,BTC.b - AVAX,0.3,False,1471.76,105687.0,3.679,1.27,1784946568
All Pools,FLD - AVAX,0.3,False,1116.52,34940.0,2.791,2.92,1784946568
All Pools,WBTC.e - BTC.b,0.03,False,975.7,228854.0,0.31505,0.05,1784946568
All Pools,GMX - AVAX,0.3,False,929.81,4081.38,2.325,20.79,1784946568
All Pools,LINK.e - AVAX,0.3,False,909.8,38448.0,2.274,2.16,1784946568
All Pools,USDt - AVAX,0.3,False,905.58,37743.0,2.264,2.19,1784946568
All Pools,MOR - AVAX,0.3,False,894.17,80.01,2.235,1019.83,1784946568
All Pools,MUON - AVAX,0.3,False,890.9,42573.0,2.227,1.91,1784946568
All Pools,SIERRA - USDC,0.1,False,830.42,159812.0,0.89116,0.2,1784946568
All Pools,JOE - USDT.e,0.3,False,825.25,51425.0,2.063,1.46,1784946568
All Pools,KIMBO - AVAX,0.3,False,802.46,39754.0,2.006,1.84,1784946568
All Pools,PTOP400 - AVAX,0.1,False,772.68,172.64,2.271,480.13,1784946568
All Pools,USDC.e - USDC,0.02,False,734.48,9736.1,0.07984,0.3,1784946568
All Pools,HERESY - AVAX,0.3,False,716.53,18331.0,1.791,3.57,1784946568
All Pools,AUSD - USDt,0.01,False,705.53,54774.0,0.07127,0.05,1784946568
All Pools,APIX - ARENA,0.3,False,674.7,1993.14,1.687,30.89,1784946568
All Pools,TOPIA - BTC.b,0.1,False,638.99,130.35,0.9316,260.87,1784946568
All Pools,ZRO - AVAX,0.25,False,634.82,1632.03,1.615,36.13,1784946568
All Pools,AVAX - TOPIA,0.3,False,573.24,1556.43,1.433,33.61,1784946568
All Pools,AVAX - DAI.e,0.3,False,465.18,27894.0,1.163,1.52,1784946568
All Pools,AVAX - ALVA,0.3,False,439.69,696.82,1.099,57.58,1784946568
All Pools,WBTC - BTC.b,0.03,False,439.43,68032.0,0.13583,0.07,1784946568
All Pools,PTOP700 - AVAX,0.1,False,431.79,87.12,0.59307,248.48,1784946568
All Pools,JOE - USDC,0.3,False,426.6,23345.0,1.067,1.67,1784946568
All Pools,BLSEYE🎯 - AVAX,0.3,False,421.01,4301.89,1.053,8.93,1784946568
All Pools,ARENA - AVAX,2.5,False,410.72,444.75,10.88,892.63,1784946568
All Pools,USDT.e - USDC,0.02,False,374.9,896.65,0.04074,1.66,1784946568
All Pools,USDC.e - USDC,0.02,False,364.22,1955.04,0.07332,1.37,1784946568
All Pools,NOCHILL - AVAX,0.3,False,354.49,52548.0,0.88621,0.62,1784946568
All Pools,JPYC - USDC,0.04,False,339.18,2968.87,0.2541,3.12,1784946568
All Pools,FRAX - USDC,0.25,False,329.66,240.53,0.86183,130.78,1784946568
All Pools,AVAX - XAVA,0.3,False,317.43,12356.0,0.79358,2.34,1784946568
All Pools,BLSEYE🎯 - ARENA,0.3,False,315.82,1088.43,0.78955,26.48,1784946568
All Pools,DIEM - AVAX,0.1,False,315.16,630.76,0.31534,18.25,1784946568
All Pools,CCD - AVAX,0.1,False,314.8,630.04,0.31498,18.25,1784946568
All Pools,MINA - AVAX,0.1,False,314.72,629.86,0.31489,18.25,1784946568
All Pools,PC0000081 - AVAX,0.1,False,314.6,629.62,0.31477,18.25,1784946568
All Pools,ZETA - AVAX,0.1,False,314.42,629.26,0.31459,18.25,1784946568
All Pools,AXL - AVAX,0.1,False,313.52,627.46,0.31369,18.25,1784946568
All Pools,- AVAX,0.1,False,313.14,626.71,0.31331,18.25,1784946568
All Pools,BDCA - AVAX,0.1,False,312.76,625.96,0.31294,18.25,1784946568
All Pools,KNTQ - AVAX,0.1,False,312.52,625.48,0.3127,18.25,1784946568
All Pools,XP - AVAX,0.1,False,311.95,624.32,0.31212,18.25,1784946568
All Pools,OMI - AVAX,0.1,False,311.89,624.21,0.31206,18.25,1784946568
All Pools,TSLAX - AVAX,0.1,False,311.83,624.08,0.312,18.25,1784946568
All Pools,SKR - AVAX,0.1,False,311.82,624.08,0.31199,18.25,1784946568
All Pools,HOT - AVAX,0.1,False,311.74,623.92,0.31191,18.25,1784946568
All Pools,ASTEROID - AVAX,0.1,False,311.73,623.89,0.3119,18.25,1784946568
All Pools,QFI - AVAX,0.1,False,311.55,623.54,0.31172,18.25,1784946568
All Pools,BASEDHYPE - AVAX,0.1,False,311.5,623.43,0.31167,18.25,1784946568
All Pools,GCOIN - AVAX,0.1,False,311.34,623.1,0.31151,18.25,1784946568
All Pools,T0G - AVAX,0.1,False,311.3,623.03,0.31147,18.25,1784946568
All Pools,IGRA - AVAX,0.1,False,311.21,622.85,0.31138,18.25,1784946568
All Pools,FLUID - AVAX,0.1,False,311.14,623.77,0.31131,18.22,1784946568
All Pools,SN4 - AVAX,0.1,False,311.08,622.58,0.31125,18.25,1784946568
All Pools,EURI - AVAX,0.1,False,311.07,622.57,0.31124,18.25,1784946568
All Pools,NXT - AVAX,0.1,False,311.05,622.52,0.31122,18.25,1784946568
All Pools,PUFF - AVAX,0.1,False,311.05,622.52,0.31122,18.25,1784946568
All Pools,NILA - AVAX,0.1,False,311.05,622.52,0.31122,18.25,1784946568
All Pools,CYS - AVAX,0.1,False,311.05,622.52,0.31122,18.25,1784946568
All Pools,DEGEN - AVAX,0.1,False,311.05,622.52,0.31122,18.25,1784946568
All Pools,FXSAVE - AVAX,0.1,False,310.93,622.28,0.3111,18.25,1784946568
All Pools,DOG - AVAX,0.1,False,310.89,622.21,0.31106,18.25,1784946568
All Pools,ARRR - AVAX,0.1,False,310.89,622.21,0.31106,18.25,1784946568
All Pools,PC0000019 - AVAX,0.1,False,310.89,622.21,0.31106,18.25,1784946568
All Pools,QUBIC - AVAX,0.1,False,310.89,622.21,0.31106,18.25,1784946568
All Pools,MHORSE - AVAX,0.1,False,310.89,622.21,0.31106,18.25,1784946568
All Pools,NMR - AVAX,0.1,False,310.89,622.21,0.31106,18.25,1784946568
All Pools,ALCH - AVAX,0.1,False,310.83,622.09,0.311,18.25,1784946568
All Pools,BAN - AVAX,0.1,False,310.83,622.09,0.311,18.25,1784946568
All Pools,VBILL - AVAX,0.1,False,310.83,622.09,0.311,18.25,1784946568
All Pools,FXUSD - AVAX,0.1,False,310.81,622.05,0.31098,18.25,1784946568
All Pools,JELLYJELLY - AVAX,0.1,False,310.81,622.05,0.31098,18.25,1784946568
All Pools,BRETT - AVAX,0.1,False,310.81,622.05,0.31098,18.25,1784946568
All Pools,VELO - AVAX,0.1,False,310.81,622.05,0.31098,18.25,1784946568
All Pools,JCT - AVAX,0.1,False,310.8,622.03,0.31097,18.25,1784946568
All Pools,TFUEL - AVAX,0.1,False,310.8,622.03,0.31097,18.25,1784946568
All Pools,SUPER - AVAX,0.1,False,310.8,622.03,0.31097,18.25,1784946568
All Pools,BABYDOGE - AVAX,0.1,False,310.8,622.03,0.31097,18.25,1784946568
All Pools,TBK - AVAX,0.1,False,310.8,622.03,0.31097,18.25,1784946568
All Pools,USDU - AVAX,0.1,False,310.8,622.03,0.31097,18.25,1784946568
All Pools,YFI - AVAX,0.1,False,310.78,622.0,0.31096,18.25,1784946568
All Pools,LBT - AVAX,0.1,False,310.78,622.0,0.31096,18.25,1784946568
All Pools,COAI - AVAX,0.1,False,310.78,622.0,0.31096,18.25,1784946568
All Pools,UAI - AVAX,0.1,False,310.78,622.0,0.31096,18.25,1784946568
All Pools,PLUME - AVAX,0.1,False,310.78,622.0,0.31096,18.25,1784946568
All Pools,IO - AVAX,0.1,False,310.78,622.0,0.31096,18.25,1784946568
All Pools,SWOP - AVAX,0.1,False,310.76,621.95,0.31093,18.25,1784946568
All Pools,PURR - AVAX,0.1,False,310.76,621.95,0.31093,18.25,1784946568
All Pools,METAL - AVAX,0.1,False,310.76,621.95,0.31093,18.25,1784946568
All Pools,LINEA - AVAX,0.1,False,310.76,621.95,0.31093,18.25,1784946568
All Pools,ZIL - AVAX,0.1,False,310.76,621.95,0.31093,18.25,1784946568
All Pools,TURBO - AVAX,0.1,False,310.76,621.95,0.31093,18.25,1784946568
All Pools,W - AVAX,0.1,False,310.74,621.9,0.31091,18.25,1784946568
All Pools,KSM - AVAX,0.1,False,310.74,621.9,0.31091,18.25,1784946568
All Pools,GMX - AVAX,0.1,False,310.74,621.9,0.31091,18.25,1784946568
All Pools,MEGA - AVAX,0.1,False,310.74,621.9,0.31091,18.25,1784946568
All Pools,XAUM - AVAX,0.1,False,310.74,621.9,0.31091,18.25,1784946568
All Pools,APES - AVAX,0.1,False,310.65,621.72,0.31082,18.25,1784946568
All Pools,META - AVAX,0.1,False,310.64,621.71,0.31081,18.25,1784946568
All Pools,CARDS - AVAX,0.1,False,310.64,621.71,0.31081,18.25,1784946568
All Pools,BRLV - AVAX,0.1,False,310.64,621.71,0.31081,18.25,1784946568
All Pools,ZRX - AVAX,0.1,False,310.64,621.71,0.31081,18.25,1784946568
All Pools,USDON - AVAX,0.1,False,310.64,621.71,0.31081,18.25,1784946568
All Pools,ENJ - AVAX,0.1,False,310.64,621.71,0.31081,18.25,1784946568
All Pools,AIOZ - AVAX,0.1,False,310.59,621.61,0.31076,18.25,1784946568
All Pools,GAS - AVAX,0.1,False,310.59,621.61,0.31076,18.25,1784946568
All Pools,ORDI - AVAX,0.1,False,310.59,-1.932,0.31076,-5872.08,1784946568
All Pools,ORCA - AVAX,0.1,False,310.59,621.61,0.31076,18.25,1784946568
All Pools,BEAM - AVAX,0.1,False,310.59,621.61,0.31076,18.25,1784946568
All Pools,Q - AVAX,0.1,False,310.59,621.61,0.31076,18.25,1784946568
All Pools,PMUSD - AVAX,0.1,False,310.59,621.61,0.31076,18.25,1784946568
All Pools,IVVON - AVAX,0.1,False,310.55,621.53,0.31072,18.25,1784946568
All Pools,CHIP - AVAX,0.1,False,310.55,621.53,0.31072,18.25,1784946568
All Pools,SAFE - AVAX,0.1,False,310.55,621.53,0.31072,18.25,1784946568
All Pools,RAVE - AVAX,0.1,False,310.55,621.53,0.31072,18.25,1784946568
All Pools,SIERRA - AVAX,0.1,False,310.55,621.53,0.31072,18.25,1784946568
All Pools,TROLL - AVAX,0.1,False,310.55,621.53,0.31072,18.25,1784946568
All Pools,ZIG - AVAX,0.1,False,310.52,621.46,0.31069,18.25,1784946568
All Pools,BIO - AVAX,0.1,False,310.52,621.46,0.31069,18.25,1784946568
All Pools,MAG7.SSI - AVAX,0.1,False,310.52,621.46,0.31069,18.25,1784946568
All Pools,RVN - AVAX,0.1,False,310.52,621.46,0.31069,18.25,1784946568
All Pools,MF - ONE - AVAX,0.1,False,310.52,621.46,0.31069,18.25,1784946568
All Pools,TEMPLE - AVAX,0.1,False,310.52,621.46,0.31069,18.25,1784946568
All Pools,CGUSD - AVAX,0.1,False,310.28,621.0,0.31046,18.25,1784946568
All Pools,PROS - AVAX,0.1,False,310.28,621.0,0.31046,18.25,1784946568
All Pools,LISUSD - AVAX,0.1,False,310.28,621.0,0.31046,18.25,1784946568
All Pools,STAU - AVAX,0.1,False,310.28,621.0,0.31046,18.25,1784946568
All Pools,MELANIA - AVAX,0.1,False,310.28,621.0,0.31046,18.25,1784946568
All Pools,USELESS - AVAX,0.1,False,310.28,621.0,0.31046,18.25,1784946568
All Pools,PC0000023 - AVAX,0.1,False,310.28,620.99,0.31045,18.25,1784946568
All Pools,FEUSD - AVAX,0.1,False,310.28,620.99,0.31045,18.25,1784946568
All Pools,XDAI - AVAX,0.1,False,310.28,620.99,0.31045,18.25,1784946568
All Pools,USDX - AVAX,0.1,False,310.28,620.99,0.31045,18.25,1784946568
All Pools,ARC - AVAX,0.1,False,310.1,620.63,0.31027,18.25,1784946568
All Pools,DBR - AVAX,0.1,False,310.1,620.63,0.31027,18.25,1784946568
All Pools,PC0000101 - AVAX,0.1,False,310.1,620.63,0.31027,18.25,1784946568
All Pools,QTUM - AVAX,0.1,False,310.1,620.63,0.31027,18.25,1784946568
All Pools,BAS - AVAX,0.1,False,310.1,-2.424,0.31027,-4672.6,1784946568
All Pools,LOUZI - AVAX,0.1,False,310.1,620.63,0.31027,18.25,1784946568
All Pools,HOME - AVAX,0.1,False,309.84,620.1,0.31001,18.25,1784946568
All Pools,QAIT - AVAX,0.1,False,309.84,620.1,0.31001,18.25,1784946568
All Pools,NUSD - AVAX,0.1,False,309.84,620.1,0.31001,18.25,1784946568
All Pools,QRL - AVAX,0.1,False,309.75,619.93,0.30992,18.25,1784946568
All Pools,SN64 - AVAX,0.1,False,309.75,619.93,0.30992,18.25,1784946568
All Pools,IUSD - AVAX,0.1,False,309.75,619.93,0.30992,18.25,1784946568
All Pools,ZAMA - AVAX,0.1,False,309.75,619.93,0.30992,18.25,1784946568
All Pools,DYDX - AVAX,0.1,False,309.7,619.83,0.30987,18.25,1784946568
All Pools,AB - AVAX,0.1,False,309.7,619.83,0.30987,18.25,1784946568
All Pools,SOSO - AVAX,0.1,False,309.7,619.83,0.30987,18.25,1784946568
All Pools,STAC - AVAX,0.1,False,309.7,-2.825,0.30987,-4003.03,1784946568
All Pools,EDGE - AVAX,0.1,False,309.61,619.64,0.30978,18.25,1784946568
All Pools,FDIT - AVAX,0.1,False,309.61,619.64,0.30978,18.25,1784946568
All Pools,ZANO - AVAX,0.1,False,309.61,619.64,0.30978,18.25,1784946568
All Pools,ATH - AVAX,0.1,False,309.57,619.57,0.30974,18.25,1784946568
All Pools,DRV - AVAX,0.1,False,309.57,619.57,0.30974,18.25,1784946568
All Pools,EARNETH - AVAX,0.1,False,309.57,619.57,0.30974,18.25,1784946568
All Pools,BANANAS31 - AVAX,0.1,False,309.57,619.57,0.30974,18.25,1784946568
All Pools,ALLO - AVAX,0.1,False,309.57,619.57,0.30974,18.25,1784946568
All Pools,AUSD - AVAX,0.1,False,309.53,619.48,0.3097,18.25,1784946568
All Pools,APE - AVAX,0.1,False,309.53,619.48,0.3097,18.25,1784946568
All Pools,BILL - AVAX,0.1,False,309.53,619.48,0.3097,18.25,1784946568
All Pools,SAFO - AVAX,0.1,False,309.53,619.48,0.3097,18.25,1784946568
All Pools,GENIUS - AVAX,0.1,False,309.53,619.48,0.3097,18.25,1784946568
All Pools,KMNO - AVAX,0.1,False,309.5,619.43,0.30967,18.25,1784946568
All Pools,COW - AVAX,0.1,False,309.5,619.43,0.30967,18.25,1784946568
All Pools,MET - AVAX,0.1,False,309.41,619.24,0.30958,18.25,1784946568
All Pools,MAGMA - AVAX,0.1,False,309.41,619.24,0.30958,18.25,1784946568
All Pools,VCNT - AVAX,0.1,False,309.41,619.24,0.30958,18.25,1784946568
All Pools,CUSD - AVAX,0.1,False,309.41,619.24,0.30958,18.25,1784946568
All Pools,PC0000085 - AVAX,0.1,False,309.4,619.23,0.30957,18.25,1784946568
All Pools,AWE - AVAX,0.1,False,309.4,619.23,0.30957,18.25,1784946568
All Pools,BMX - AVAX,0.1,False,309.4,619.23,0.30957,18.25,1784946568
All Pools,TAG - AVAX,0.1,False,309.4,619.23,0.30957,18.25,1784946568
All Pools,T1INCH - AVAX,0.1,False,309.4,619.23,0.30957,18.25,1784946568
All Pools,NXPC - AVAX,0.1,False,309.4,619.23,0.30957,18.25,1784946568
All Pools,RIVER - AVAX,0.1,False,309.4,619.23,0.30957,18.25,1784946568
All Pools,UMXM - AVAX,0.1,False,309.4,619.23,0.30957,18.25,1784946568
All Pools,CFG - AVAX,0.1,False,309.4,619.23,0.30957,18.25,1784946568
All Pools,GEOD - AVAX,0.1,False,309.4,619.23,0.30957,18.25,1784946568
All Pools,FORM - AVAX,0.1,False,309.4,619.23,0.30957,18.25,1784946568
All Pools,NXM - AVAX,0.1,False,309.36,619.14,0.30953,18.25,1784946568
All Pools,PGOLD - AVAX,0.1,False,309.36,619.14,0.30953,18.25,1784946568
All Pools,KTA - AVAX,0.1,False,309.36,619.14,0.30953,18.25,1784946568
All Pools,BSB - AVAX,0.1,False,309.36,619.14,0.30953,18.25,1784946568
All Pools,DAI - AVAX,0.1,False,309.36,619.14,0.30953,18.25,1784946568
All Pools,DUSD - AVAX,0.1,False,309.35,619.12,0.30952,18.25,1784946568
All Pools,TKX - AVAX,0.1,False,309.35,619.12,0.30952,18.25,1784946568
All Pools,TAC - AVAX,0.1,False,309.35,619.12,0.30952,18.25,1784946568
All Pools,RLB - AVAX,0.1,False,309.35,619.12,0.30952,18.25,1784946568
All Pools,PC0000077 - AVAX,0.1,False,309.35,619.12,0.30952,18.25,1784946568
All Pools,UUSD - AVAX,0.1,False,309.35,619.12,0.30952,18.25,1784946568
All Pools,SIREN - AVAX,0.1,False,309.32,619.06,0.30949,18.25,1784946568
All Pools,LPT - AVAX,0.1,False,309.32,619.06,0.30949,18.25,1784946568
All Pools,EGLD - AVAX,0.1,False,309.32,619.06,0.30949,18.25,1784946568
All Pools,RIF - AVAX,0.1,False,309.32,619.06,0.30949,18.25,1784946568
All Pools,NOCK - AVAX,0.1,False,309.32,619.06,0.30949,18.25,1784946568
All Pools,VSN - AVAX,0.1,False,309.2,618.83,0.30937,18.25,1784946568
All Pools,GALA - AVAX,0.1,False,309.2,618.83,0.30937,18.25,1784946568
All Pools,BAT - AVAX,0.1,False,309.2,618.83,0.30937,18.25,1784946568
All Pools,OZO - AVAX,0.1,False,309.2,618.83,0.30937,18.25,1784946568
All Pools,FT - AVAX,0.1,False,309.2,618.83,0.30937,18.25,1784946568
All Pools,RUNE - AVAX,0.1,False,309.18,618.79,0.30935,18.25,1784946568
All Pools,AR - AVAX,0.1,False,309.18,618.79,0.30935,18.25,1784946568
All Pools,EURCV - AVAX,0.1,False,309.18,618.79,0.30935,18.25,1784946568
All Pools,STRCX - AVAX,0.1,False,309.18,618.79,0.30935,18.25,1784946568
All Pools,PC0000097 - AVAX,0.1,False,309.18,618.79,0.30935,18.25,1784946568
All Pools,SNX - AVAX,0.1,False,309.13,618.68,0.3093,18.25,1784946568
All Pools,WOULD - AVAX,0.1,False,309.13,618.68,0.3093,18.25,1784946568
All Pools,WAL - AVAX,0.1,False,309.13,618.68,0.3093,18.25,1784946568
All Pools,SHX - AVAX,0.1,False,309.13,618.68,0.3093,18.25,1784946568
All Pools,RSR - AVAX,0.1,False,309.13,618.68,0.3093,18.25,1784946568
All Pools,GRX - AVAX,0.1,False,309.09,618.6,0.30926,18.25,1784946568
All Pools,ZEN - AVAX,0.1,False,309.05,618.52,0.30922,18.25,1784946568
All Pools,MUON - AVAX,0.1,False,309.05,618.52,0.30922,18.25,1784946568
All Pools,EXOD - AVAX,0.1,False,309.05,618.52,0.30922,18.25,1784946568
All Pools,USDA - AVAX,0.1,False,309.05,618.52,0.30922,18.25,1784946568
All Pools,WM - AVAX,0.1,False,309.05,618.52,0.30922,18.25,1784946568
All Pools,ARKM - AVAX,0.1,False,309.05,618.52,0.30922,18.25,1784946568
All Pools,S - AVAX,0.1,False,309.02,618.47,0.30919,18.25,1784946568
All Pools,WEMIX - AVAX,0.1,False,309.02,618.47,0.30919,18.25,1784946568
All Pools,GLM - AVAX,0.1,False,309.02,618.47,0.30919,18.25,1784946568
All Pools,CASH - AVAX,0.1,False,308.8,618.02,0.30897,18.25,1784946568
All Pools,IMX - AVAX,0.1,False,308.8,618.02,0.30897,18.25,1784946568
All Pools,SHFL - AVAX,0.1,False,308.8,618.02,0.30897,18.25,1784946568
All Pools,FARTCOIN - AVAX,0.1,False,308.8,618.02,0.30897,18.25,1784946568
All Pools,THBILL - AVAX,0.1,False,308.8,618.02,0.30897,18.25,1784946568
All Pools,CVX - AVAX,0.1,False,308.7,617.84,0.30887,18.25,1784946568
All Pools,USDAT - AVAX,0.1,False,308.7,617.84,0.30887,18.25,1784946568
All Pools,CRCLON - AVAX,0.1,False,308.7,617.84,0.30887,18.25,1784946568
All Pools,IP - AVAX,0.1,False,308.7,617.84,0.30887,18.25,1784946568
All Pools,AVUSD - AVAX,0.1,False,308.7,617.84,0.30887,18.25,1784946568
All Pools,TIBBIR - AVAX,0.1,False,308.67,617.76,0.30884,18.25,1784946568
All Pools,USDF - AVAX,0.1,False,308.67,617.76,0.30884,18.25,1784946568
All Pools,ACRED - AVAX,0.1,False,308.67,617.76,0.30884,18.25,1784946568
All Pools,KAITO - AVAX,0.1,False,308.67,617.76,0.30884,18.25,1784946568
All Pools,GOMINING - AVAX,0.1,False,308.67,617.76,0.30884,18.25,1784946568
All Pools,PC0000023 - AVAX,0.1,False,308.67,617.76,0.30884,18.25,1784946568
All Pools,A - AVAX,0.1,False,308.64,617.7,0.30881,18.25,1784946568
All Pools,CHEEMS - AVAX,0.1,False,308.64,617.7,0.30881,18.25,1784946568
All Pools,SENT - AVAX,0.1,False,308.64,617.7,0.30881,18.25,1784946568
All Pools,PC0000015 - AVAX,0.1,False,308.64,617.7,0.30881,18.25,1784946568
All Pools,XEC - AVAX,0.1,False,308.64,617.7,0.30881,18.25,1784946568
All Pools,FRXUSD - AVAX,0.1,False,308.63,617.69,0.3088,18.25,1784946568
All Pools,BC - AVAX,0.1,False,308.63,617.69,0.3088,18.25,1784946568
All Pools,SFP - AVAX,0.1,False,308.63,617.69,0.3088,18.25,1784946568
All Pools,O - AVAX,0.1,False,308.63,617.69,0.3088,18.25,1784946568
All Pools,ZK - AVAX,0.1,False,308.63,617.69,0.3088,18.25,1784946568
All Pools,OSAK - AVAX,0.3,False,298.19,3165.27,0.74548,8.6,1784946568
All Pools,SolvBTC - BTC.b,0.04,False,296.97,176801.0,0.1384,0.03,1784946568
All Pools,WTHT - USDC,0.8,False,269.38,318.26,7.565,867.59,1784946568
All Pools,PTOP1300 - BTC.b,0.1,False,252.02,239.11,0.88181,134.61,1784946568
All Pools,SYN - AVAX,0.3,False,237.46,3979.67,0.59364,5.44,1784946568
All Pools,XSEED - AVAX,0.3,False,230.23,9273.84,0.57557,2.27,1784946568
All Pools,USDC.e - OT - qiUSDC - 28DEC2023,0.3,False,225.91,4283.81,0.56477,4.81,1784946568
All Pools,AVAX - DOMI,0.3,False,218.5,11053.0,0.54626,1.8,1784946568
All Pools,APIX - ID,0.3,False,211.68,16900.0,0.52919,1.14,1784946568
All Pools,PTOP900 - BTC.b,0.1,False,209.02,81.15,0.56695,254.99,1784946568
All Pools,APIX - USDt,0.3,False,184.08,5464.36,0.46019,3.07,1784946568
All Pools,BTC.b - TOPIA,0.3,False,178.61,597.94,0.44654,27.26,1784946568
All Pools,PTOP700 - BTC.b,0.1,False,176.18,209.78,0.23228,40.42,1784946568
All Pools,NXPC - USDC,0.8,False,173.67,112.81,1.428,461.98,1784946568
All Pools,MIM - AVAX,0.3,False,166.15,159837.0,0.41538,0.09,1784946568
All Pools,SB - AVAX,0.3,False,162.75,5836.64,0.40686,2.54,1784946568
All Pools,PTOP800 - BTC.b,0.1,False,153.75,430.47,0.3306,28.03,1784946568
All Pools,AI - AVAX,0.3,False,133.08,3084.64,0.33269,3.94,1784946568
All Pools,MAI - AVAX,0.3,False,125.88,1414.97,0.3147,8.12,1784946568
All Pools,WETH.e - USDC.e,0.3,False,119.45,10991.0,0.29861,0.99,1784946568
All Pools,PTOP600 - USDC,0.1,False,102.55,365.31,0.14281,14.27,1784946568
All Pools,sAVAX - JACK,0.3,False,97.71,273206.0,0.24428,0.03,1784946568
All Pools,w3ULL - AVAX,0.3,False,94.35,46956.0,0.23586,0.18,1784946568
All Pools,APIX - USDC,0.3,False,92.09,2729.56,0.23023,3.08,1784946568
All Pools,gOHM - FRAX,0.3,False,85.0,3429.15,0.21249,2.26,1784946568
All Pools,GMX - AVAX,0.2,False,83.88,38.18,0.26675,254.98,1784946568
All Pools,MONEY - AVAX,0.25,False,78.45,1484.37,0.19637,4.83,1784946568
All Pools,HUSKY - AVAX,0.3,False,71.55,2155.98,0.17888,3.03,1784946568
All Pools,PTOP1000 - USDC,0.1,False,71.27,46.8,0.26843,209.34,1784946568
All Pools,HOWDY - AVAX,0.3,False,63.57,6729.05,0.15893,0.86,1784946568
All Pools,USDC.e - USDC,0.3,False,61.59,480644.0,0.15397,0.01,1784946568
All Pools,AVAX - AMI,0.3,False,60.77,384.54,0.15192,14.42,1784946568
All Pools,GUN - AVAX,0.1,False,60.64,15574.0,0.0627,0.15,1784946568
All Pools,PTOP600 - AVAX,0.1,False,58.8,7.484,0.14565,710.31,1784946568
All Pools,L1 - AVAX,0.8,False,57.55,16292.0,1.235,2.77,1784946568
All Pools,AVAX - JUICE,0.3,False,57.53,9895.73,0.14383,0.53,1784946568
All Pools,WBTC.e - BTC.b,0.03,False,55.66,558.28,0.02322,1.52,1784946568
All Pools,KOVIN - AVAX,0.3,False,54.79,2008.9,0.13696,2.49,1784946568
All Pools,USDt - ncash,0.3,False,54.33,1004.11,0.13583,4.94,1784946568
All Pools,GURS - AVAX,0.3,False,51.86,5166.9,0.12965,0.92,1784946568
All Pools,JEWEL - USDC,0.3,False,51.54,3735.7,0.12886,1.26,1784946568
All Pools,PTOP900 - USDC,0.1,False,49.16,79.05,0.11751,54.26,1784946568
All Pools,PTOP1300 - TOPIA,0.3,False,48.32,156.19,0.1208,28.23,1784946568
All Pools,GRO - AVAX,0.3,False,46.27,184.24,0.11567,22.91,1784946568
All Pools,MONEY - AVAX,0.3,False,45.23,432.88,0.11308,9.53,1784946568
All Pools,STG - USDC,0.3,False,45.02,1184.93,0.11254,3.47,1784946568
All Pools,Gladiator - ARENA,0.3,False,42.66,512.87,0.10664,7.59,1784946568
All Pools,Gladiator - USDC,0.3,False,42.3,319.67,0.10574,12.07,1784946568
All Pools,SHRAP - AVAX,0.8,False,41.94,7615.29,0.33768,1.62,1784946568
All Pools,USDC.e - WXT,0.3,False,41.16,185.83,0.10291,20.21,1784946568
All Pools,UST - AVAX,0.3,False,40.53,5627.12,0.10133,0.66,1784946568
All Pools,BEAM - AVAX,0.3,False,39.33,383.42,0.09832,9.36,1784946568
All Pools,GUN - BLSEYE🎯,0.3,False,39.33,408.59,0.09832,8.78,1784946568
All Pools,Degen - AVAX,0.3,False,38.41,1292.02,0.09602,2.71,1784946568
All Pools,MIM - SB,0.3,False,38.29,1965.46,0.09573,1.78,1784946568
All Pools,ALOT - AVAX,0.3,False,38.16,9798.24,0.09541,0.36,1784946568
All Pools,AVAX - aXEN,0.3,False,37.32,154.09,0.09329,22.1,1784946568
All Pools,WHEAT - AVAX,0.3,False,36.62,192.08,0.09156,17.4,1784946568
All Pools,DAI.e - USDC,0.02,False,35.46,2288.18,0.00733,0.12,1784946568
All Pools,TRESR - AVAX,0.3,False,35.2,7486.71,0.088,0.43,1784946568
All Pools,ROCO - AVAX,0.3,False,34.11,1284.27,0.08527,2.42,1784946568
All Pools,AVAX - FRAX,0.3,False,33.71,650.25,0.08427,4.73,1784946568
All Pools,GRO - MOR,0.3,False,33.32,7.937,0.08331,383.09,1784946568
All Pools,yes - AVAX,0.3,False,31.12,979.17,0.0778,2.9,1784946568
All Pools,ISA - AVAX,0.3,False,30.93,16155.0,0.07732,0.17,1784946568
All Pools,PTOP800 - AVAX,0.1,False,28.74,110.17,0.03409,11.3,1784946568
All Pools,PTOP400 - TOPIA,0.3,False,28.56,141.07,0.07139,18.47,1784946568
All Pools,PTOP10000 - AVAX,0.1,False,28.05,9.425,0.06161,238.59,1784946568
All Pools,AVAX - ARENA,0.3,False,28.01,72.64,0.07001,35.18,1784946568
All Pools,WHEAT - MOR,0.3,False,26.88,5.999,0.0672,408.89,1784946568
All Pools,FITFI - USDT.e,0.3,False,25.29,65.89,0.06322,35.02,1784946568
All Pools,BLSEYE🎯 - BEAM,0.3,False,24.83,276.63,0.06208,8.19,1784946568
All Pools,AVAX - UST,0.3,False,24.26,6551.78,0.06066,0.34,1784946568
All Pools,HEFE - AVAX,0.3,False,22.91,25883.0,0.05726,0.08,1784946568
All Pools,APIX - LAMBO,0.3,False,22.34,366.45,0.05586,5.56,1784946568
All Pools,STG - AVAX,0.3,False,22.14,972.38,0.05534,2.08,1784946568
All Pools,ABC - AVAX,0.3,False,21.89,458.71,0.05471,4.35,1784946568
All Pools,PRIME - AVAX,0.4,False,21.79,133760.0,0.10437,0.03,1784946568
All Pools,PNG - AVAX,0.3,False,21.65,768.96,0.05414,2.57,1784946568
All Pools,AMI - TOPIA,0.3,False,20.53,222.26,0.05132,8.43,1784946568
All Pools,CHAMP - ARENA,0.3,False,19.68,16.38,0.04919,109.59,1784946568
All Pools,WOLF - AVAX,0.3,False,19.34,27001.0,0.04836,0.07,1784946568
All Pools,TOPIA - PTOP600,0.3,False,18.32,153.13,0.04579,10.92,1784946568
All Pools,TOPIA - PTOP10000,0.3,False,18.2,164.59,0.04549,10.09,1784946568
All Pools,XPOW - AVAX,0.8,False,18.09,614.01,0.14498,8.62,1784946568
All Pools,LINK.e - USDT.e,0.3,False,17.14,223.45,0.04284,7.0,1784946568
All Pools,PTOP1300 - AVAX,0.1,False,16.8,16.74,0.02991,65.23,1784946568
All Pools,Balln - AVAX,0.3,False,15.12,4112.02,0.0378,0.34,1784946568
All Pools,GUN - AVAX,0.3,False,14.11,184.23,0.03528,6.99,1784946568
All Pools,XPOW - AVAX,0.3,False,12.87,1157.66,0.03217,1.01,1784946568
All Pools,PTOP1100 - BTC.b,0.1,False,12.66,494.91,0.0155,1.14,1784946568
All Pools,BOI - AVAX,0.3,False,12.43,35.58,0.03109,31.89,1784946568
All Pools,YAK - AVAX,0.3,False,12.0,3098.96,0.03,0.35,1784946568
All Pools,AVAX - GEC,0.3,False,11.81,25973.0,0.02952,0.04,1784946568
All Pools,FLD - EVB,0.3,False,11.01,4439.04,0.02752,0.23,1784946568
All Pools,PTOP1100 - TOPIA,0.3,False,10.78,167.53,0.02694,5.87,1784946568
All Pools,MIM - USDT.e,0.3,False,10.77,1349.34,0.02692,0.73,1784946568
All Pools,AVAX - EVB,0.3,False,10.71,2047.62,0.02679,0.48,1784946568
All Pools,YEEHAW - CHAMP,0.3,False,10.68,927.95,0.02669,1.05,1784946568
All Pools,ISA - USDC.e,0.3,False,10.49,1405.48,0.02623,0.68,1784946568
All Pools,HATCHY - AVAX,0.3,False,10.42,6679.79,0.02605,0.14,1784946568
All Pools,PTOP1200 - BTC.b,0.1,False,10.05,443.25,0.01427,1.18,1784946568
All Pools,TOPIA - PTOP800,0.3,False,9.459,163.85,0.02365,5.27,1784946568
All Pools,SECOND - USDC,0.3,False,9.063,7011.26,0.02266,0.12,1784946568
All Pools,SECOND - AVAX,0.3,False,9.06,1426.39,0.02265,0.58,1784946568
All Pools,PTOP1000 - TOPIA,0.3,False,8.907,170.37,0.02227,4.77,1784946568
All Pools,PTOP900 - TOPIA,0.3,False,8.761,163.12,0.0219,4.9,1784946568
All Pools,DCAU - USDT.e,0.3,False,8.74,4980.16,0.02185,0.16,1784946568
All Pools,YEEHAW - TOPIA,0.3,False,8.436,155.52,0.02109,4.95,1784946568
All Pools,H4SH - AVAX,0.3,False,8.077,4538.29,0.02019,0.16,1784946568
All Pools,TECH - AVAX,0.3,False,8.003,8944.32,0.02001,0.08,1784946568
All Pools,BIG - AVAX,0.3,False,7.908,8851.38,0.01977,0.08,1784946568
All Pools,YUSD - AVAX,0.3,False,7.749,114.56,0.01937,6.17,1784946568
All Pools,Psychic - AVAX,0.3,False,7.702,861.04,0.01926,0.82,1784946568
All Pools,APOW - AVAX,0.3,False,7.698,1258.92,0.01925,0.56,1784946568
All Pools,BOOTY - AVAX,0.3,False,7.455,1404.78,0.01864,0.48,1784946568
All Pools,MYST - AVAX,0.3,False,7.45,637.9,0.01862,1.07,1784946568
All Pools,AVAX - HON,0.3,False,7.285,47479.0,0.01821,0.01,1784946568
All Pools,PTOP1200 - TOPIA,0.3,False,7.116,163.68,0.01779,3.97,1784946568
All Pools,COQ - BLSEYE🎯,0.3,False,6.853,148.8,0.01713,4.2,1784946568
All Pools,RGOGLZ - USDC,0.3,False,6.838,1301.63,0.01709,0.48,1784946568
All Pools,AVAX - BGR,0.3,False,6.831,253.1,0.01708,2.46,1784946568
All Pools,HOWDY - ARENA,0.3,False,6.525,50.89,0.01631,11.7,1784946568
All Pools,DCAU - AVAX,0.3,False,6.5,984.5,0.01625,0.6,1784946568
All Pools,MIM - USDC.e,0.3,False,6.399,686.26,0.016,0.85,1784946568
All Pools,PTOP700 - TOPIA,0.3,False,6.246,147.78,0.01561,3.86,1784946568
All Pools,Psychic - XAUt0,0.3,False,6.089,5756.77,0.01522,0.1,1784946568
All Pools,APOW - XPOW,0.3,False,6.068,1143.63,0.01517,0.48,1784946568
All Pools,ORNG - SAI,0.3,False,6.023,109.03,0.01506,5.04,1784946568
All Pools,AVAX - EROL,0,False,5.86,46.23,0.0,0.0,1784946568
All Pools,agEUR - USDC,0.3,False,5.338,58.96,0.01335,8.26,1784946568
All Pools,CAI - AVAX,0.3,False,5.207,1209.25,0.01302,0.39,1784946568
All Pools,AVAX - SPELL,0.3,False,4.814,1801.09,0.01204,0.24,1784946568
All Pools,AVAX - ELK,0.3,False,4.616,1252.32,0.01154,0.34,1784946568
All Pools,ORNG - FLUX,0.3,False,4.419,107.03,0.01105,3.77,1784946568
All Pools,JPYC - USDC,0.3,False,4.265,367.94,0.01066,1.06,1784946568
All Pools,DATCM - ORNG,0.3,False,4.203,227.75,0.01051,1.68,1784946568
All Pools,AVAX - EROL,0.3,False,4.047,24.78,0.01012,14.9,1784946568
All Pools,HUSKY - JOE,0.3,False,3.801,98.07,0.0095,3.54,1784946568
All Pools,HUSKY - AMI,0.3,False,3.765,50.95,0.00941,6.74,1784946568
All Pools,USDC.e - MU,0.3,False,3.743,13151.0,0.00936,0.03,1784946568
All Pools,MYST - USDC,0.3,False,3.542,217.67,0.00885,1.48,1784946568
All Pools,BLSEYE🎯 - MEOW,0.3,False,3.137,838.28,0.00784,0.34,1784946568
All Pools,avUSD - sAVAX,0.3,False,2.843,199.07,0.00711,1.3,1784946568
All Pools,MIM - WETH.e,0.3,False,2.731,445.84,0.00683,0.56,1784946568
All Pools,YEEHAW - BTC.b,0.3,False,2.713,53.47,0.00678,4.63,1784946568
All Pools,ZRO - AVAX,0.3,False,2.66,131.96,0.00665,1.84,1784946568
All Pools,3QF - D - AVAX,0.3,False,2.66,1291.06,0.00665,0.19,1784946568
All Pools,3QF - D - WETH.e,0.3,False,2.65,2455.09,0.00662,0.1,1784946568
All Pools,BRO - AVAX,0.3,False,2.522,95959.0,0.0063,0.0,1784946568
All Pools,AVAX - PEFI,0.3,False,2.477,3114.52,0.00619,0.07,1784946568
All Pools,USV - DAI.e,0.3,False,2.327,3952.55,0.00582,0.05,1784946568
All Pools,SHRAP - DOMI,0.3,False,2.241,152.32,0.0056,1.34,1784946568
All Pools,ORNG - JUCI,0.3,False,2.189,239.87,0.00547,0.83,1784946568
All Pools,COQ - COQAI,0.3,False,2.091,18842.0,0.00523,0.01,1784946568
All Pools,FITFI - AVAX,0.3,False,1.995,5.757,0.00499,31.62,1784946568
All Pools,MAI - TOMB,0.3,False,1.964,113.47,0.00491,1.58,1784946568
All Pools,SWIFT - WETH.e,0.3,False,1.943,1313.88,0.00486,0.13,1784946568
All Pools,USDC - aXEN,0.3,False,1.917,8.479,0.00479,20.63,1784946568
All Pools,FXS - AVAX,0.3,False,1.852,281.88,0.00463,0.6,1784946568
All Pools,ORNG - MOOM,0.3,False,1.838,185.38,0.00459,0.9,1784946568
All Pools,PNG - JOE,0.3,False,1.832,113.07,0.00458,1.48,1784946568
All Pools,Psychic - BLACK,0.3,False,1.83,242.0,0.00458,0.69,1784946568
All Pools,LINK.e - USDC.e,0.3,False,1.816,185.58,0.00454,0.89,1784946568
All Pools,ROY - AVAX,0.3,False,1.797,3712.38,0.00449,0.04,1784946568
All Pools,YAK - USDC.e,0.3,False,1.762,201.52,0.00441,0.8,1784946568
All Pools,YOU - ORNG,0.3,False,1.701,1342.13,0.00425,0.12,1784946568
All Pools,YEEHAW - HOWDY,0.3,False,1.689,7480.09,0.00422,0.02,1784946568
All Pools,SWIFT - USDC.e,0.3,False,1.668,487.54,0.00417,0.31,1784946568
All Pools,WETH - USDC.e,0.3,False,1.638,205.63,0.00409,0.73,1784946568
All Pools,MaryMagdalene - AVAX,0.3,False,1.497,168.68,0.00374,0.81,1784946568
All Pools,HOWDY - AMI,0.3,False,1.48,1483.68,0.0037,0.09,1784946568
All Pools,JOE - USDT,0.3,False,1.478,274.19,0.0037,0.49,1784946568
All Pools,GURS - ARENA,0.3,False,1.472,6.478,0.00368,20.74,1784946568
All Pools,miMatic - USDC.e,0.3,False,1.422,22.2,0.00356,5.85,1784946568
All Pools,XAUt0 - NaughtiusMaximus,0.3,False,1.393,880.5,0.00348,0.14,1784946568
All Pools,miMatic - AVAX,0.3,False,1.372,29.07,0.00343,4.31,1784946568
All Pools,DINO - AVAX,0.3,False,1.286,2719.35,0.00322,0.04,1784946568
All Pools,WETH.e - ONION,0.3,False,1.27,234.85,0.00318,0.49,1784946568
All Pools,USDT.e - ONION,0.3,False,1.269,743.0,0.00317,0.16,1784946568
All Pools,AVAX - NaughtiusMaximus,0.3,False,1.246,325.95,0.00312,0.35,1784946568
All Pools,UST - USDC,0.3,False,1.242,425.6,0.0031,0.27,1784946568
All Pools,GB - AVAX,0.3,False,1.224,1719.18,0.00306,0.06,1784946568
All Pools,CHAMP - AMI,0.3,False,1.209,27.72,0.00302,3.98,1784946568
All Pools,WETH.e - USDT.e,0.3,False,1.174,149.54,0.00294,0.72,1784946568
All Pools,Now - AVAX,0.3,False,1.151,185.03,0.00288,0.57,1784946568
All Pools,AVAX - ELK,0.3,False,1.148,45.17,0.00287,2.32,1784946568
All Pools,ABC - HOWDY,0.3,False,1.144,484.92,0.00286,0.22,1784946568
All Pools,BUSD - AVAX,0.3,False,1.142,330.59,0.00286,0.32,1784946568
All Pools,HOWDY - USDC,0.3,False,1.119,3092.61,0.0028,0.03,1784946568
All Pools,XROSS - ORNG,0.3,False,1.107,229.21,0.00277,0.44,1784946568
All Pools,Trinity - AVAX,0.3,False,1.062,703.14,0.00265,0.14,1784946568
All Pools,AAVE.e - REDWOLF,0.3,False,1.058,145.57,0.00265,0.66,1784946568
All Pools,XAUt0 - Now,0.3,False,1.054,560.66,0.00264,0.17,1784946568
All Pools,REDWOLF - AVAX,0.3,False,1.0,375.33,0.0025,0.24,1784946568
All Pools,COQ - OSAK,0.3,False,0.96872,18.33,0.00242,4.82,1784946568
All Pools,BabyCoq - AVAX,0.3,False,0.9539,1451.93,0.00238,0.06,1784946568
All Pools,REDWOLF - USDC,0.3,False,0.93565,184.04,0.00234,0.46,1784946568
All Pools,BTC.b - IMPACT2,0.3,False,0.92577,1407.21,0.00231,0.06,1784946568
All Pools,aDXN - aXEN,0.3,False,0.92236,5.159,0.00231,16.32,1784946568
All Pools,Now - BLACK,0.3,False,0.92007,219.39,0.0023,0.38,1784946568
All Pools,$Td - AVAX,0.3,False,0.9052,3729.13,0.00226,0.02,1784946568
All Pools,oXAUT - AVAX,0.3,False,0.904,400.78,0.00226,0.21,1784946568
All Pools,BTC.b - oXAUT,0.3,False,0.90378,314.09,0.00226,0.26,1784946568
All Pools,ARENA - MU,0.3,False,0.90241,3.512,0.00226,23.44,1784946568
All Pools,APOW - AVAX,0.3,False,0.87086,601.25,0.00218,0.13,1784946568
All Pools,MaryMagdalene - XAUt0,0.3,False,0.84109,1652.11,0.0021,0.05,1784946568
All Pools,aDXN - AVAX,0.3,False,0.83918,55.2,0.0021,1.39,1784946568
All Pools,AVAX - IMPACT2,0.3,False,0.83218,140.77,0.00208,0.54,1784946568
All Pools,USDT.e - CLY,0.3,False,0.82671,177.17,0.00207,0.43,1784946568
All Pools,SWIFT - AVAX,0.3,False,0.80571,231.41,0.00201,0.32,1784946568
All Pools,XAUt0 - ChristMark,0.3,False,0.7804,577.97,0.00195,0.12,1784946568
All Pools,AVAX - ChristMark,0.3,False,0.77752,261.9,0.00194,0.27,1784946568
All Pools,USDC - NXUSD,0.3,False,0.76058,3.127,0.0019,22.19,1784946568
All Pools,DPS - USDC,0.3,False,0.73775,1808.97,0.00184,0.04,1784946568
All Pools,DPS - AVAX,0.3,False,0.73729,179.01,0.00184,0.38,1784946568
All Pools,VPND - AVAX,0.3,False,0.73319,17240.0,0.00183,0.0,1784946568
All Pools,GUN - AMI,0.3,False,0.72172,9.259,0.0018,7.11,1784946568
All Pools,USDC - MXNB,0.3,False,0.71607,16.96,0.00179,3.85,1784946568
All Pools,KRW - AVAX,0.3,False,0.70415,304.11,0.00176,0.21,1784946568
All Pools,MAGICK - USDC,0.3,False,0.70375,224.04,0.00176,0.29,1784946568
All Pools,JOE - KRW,0.3,False,0.70361,144.18,0.00176,0.45,1784946568
All Pools,MAGICK - AVAX,0.3,False,0.70345,273.38,0.00176,0.23,1784946568
All Pools,USDC.e - AVVO,0.3,False,0.68869,222.87,0.00172,0.28,1784946568
All Pools,$Crazy - AVAX,0.3,False,0.68549,703.8,0.00171,0.09,1784946568
All Pools,YEEHAW - AVAX,0.3,False,0.61538,12.32,0.00154,4.56,1784946568
All Pools,AVAX - ONION,0.3,False,0.61483,145.5,0.00154,0.39,1784946568
All Pools,$Td - AMI,0.3,False,0.60604,24.19,0.00152,2.29,1784946568
All Pools,LUNA - USDC.e,0.3,False,0.58697,322.4,0.00147,0.17,1784946568
All Pools,XAUt0 - Gravity,0.3,False,0.57438,310.67,0.00144,0.17,1784946568
All Pools,Trinity - Gravity,0.3,False,0.57068,1663.86,0.00143,0.03,1784946568
All Pools,AVAX - SOCK,0.3,False,0.57034,2312.23,0.00143,0.02,1784946568
All Pools,USDC - SOCK,0.3,False,0.57004,409.81,0.00143,0.13,1784946568
All Pools,HOST - DAI.e,0.3,False,0.55947,2484.3,0.0014,0.02,1784946568
All Pools,BLUB - AVAX,0.3,False,0.55675,11132.0,0.00139,0.0,1784946568
All Pools,PTOP500 - TOPIA,0.3,False,0.54352,133.95,0.00136,0.37,1784946568
All Pools,HH - ARENA,0.3,False,0.53716,2.089,0.00134,23.46,1784946568
All Pools,HH - AVAX,0.3,False,0.53267,227.99,0.00133,0.21,1784946568
All Pools,FTOMB - AVAX,0.3,False,0.5326,6398.18,0.00133,0.01,1784946568
All Pools,Ush - AVAX,0.3,False,0.52762,1999.36,0.00132,0.02,1784946568
All Pools,BRO - COQ,0.3,False,0.52586,138.23,0.00131,0.35,1784946568
All Pools,AVAX - CLY,0.3,False,0.52304,21047.0,0.00131,0.0,1784946568
All Pools,APOW - USDC,0.3,False,0.51682,113.86,0.00129,0.41,1784946568
All Pools,sAVAX - COQ,0.3,False,0.50824,63.26,0.00127,0.73,1784946568
All Pools,Trinity - Psychic,0.3,False,0.49194,390.84,0.00123,0.11,1784946568
All Pools,AVAX - MU,0.3,False,0.48663,72.48,0.00122,0.61,1784946568
All Pools,AVAX - SQRCAT,0.3,False,0.48105,4070.65,0.0012,0.01,1784946568
All Pools,AMI - SQRCAT,0.3,False,0.48028,11.09,0.0012,3.95,1784946568
All Pools,COQ - AMI,0.3,False,0.47847,9.429,0.0012,4.63,1784946568
All Pools,SMRTr - AVAX,0.3,False,0.4444,24766.0,0.00111,0.0,1784946568
All Pools,SMRTr - USDC.e,0.3,False,0.44371,102.58,0.00111,0.39,1784946568
All Pools,GATOR - ARENA,0.3,False,0.43115,2.108,0.00108,18.67,1784946568
All Pools,Psychic - Now,0.3,False,0.42352,460.58,0.00106,0.08,1784946568
All Pools,USDT.e - SING,0.3,False,0.42307,1195.25,0.00106,0.03,1784946568
All Pools,AVAX - SMRT,0.3,False,0.41556,1587.8,0.00104,0.02,1784946568
All Pools,AVAX - SING,0.3,False,0.41259,105.95,0.00103,0.36,1784946568
All Pools,USDT.e - SMRT,0.3,False,0.40345,87.47,0.00101,0.42,1784946568
All Pools,DREGG - USDT.e,0.3,False,0.38094,513.38,,0.07,1784946568
All Pools,DREGG - AVAX,0.3,False,0.3803,143.29,,0.24,1784946568
All Pools,WBTC.e - USDT.e,0.3,False,0.37479,156.28,,0.22,1784946568
All Pools,AVAX - CAST,0.3,False,0.37304,1322.18,,0.03,1784946568
All Pools,Psychic - All,0.3,False,0.36774,235.3,,0.14,1784946568
All Pools,AVAX - All,0.3,False,0.36676,203.35,,0.16,1784946568
All Pools,APOW - USDt,0.3,False,0.35471,113.54,,0.29,1784946568
All Pools,BANKSY - USDT.e,0.3,False,0.34984,1512.49,,0.02,1784946568
All Pools,BANKSY - AVAX,0.3,False,0.34902,139.5,,0.23,1784946568
All Pools,Psychic - Prometheus,0.3,False,0.34835,228.97,,0.14,1784946568
All Pools,AVAX - Prometheus,0.3,False,0.34768,197.32,,0.16,1784946568
All Pools,SOL - AVAX,0.3,False,0.34294,0.00154,,20256.6,1784946568
All Pools,AVAX - AVVO,0.3,False,0.33677,223.18,,0.14,1784946568
All Pools,WBTC.e - ONION,0.3,False,0.33598,354.05,,0.09,1784946568
All Pools,AVAX - USDT,0.3,False,0.33129,1656.25,,0.02,1784946568
All Pools,weETH - AVAX,0.3,False,0.32309,0.28613,,103.04,1784946568
All Pools,WETH.e - REDWOLF,0.3,False,0.32109,82.32,,0.36,1784946568
All Pools,DCAU - USDC,0.3,False,0.32092,142.36,,0.21,1784946568
All Pools,Psychic - Sinterklaas,0.3,False,0.31324,231.28,,0.12,1784946568
All Pools,ARENA - AMI,0.3,False,0.31262,1.244,,22.93,1784946568
All Pools,NaughtiusMaximus - Seventeen,0.3,False,0.30642,661.72,,0.04,1784946568
All Pools,AVAX - Seventeen,0.3,False,0.30563,198.46,,0.14,1784946568
All Pools,COQ - JUICE,0.3,False,0.30082,29.29,,0.94,1784946568
All Pools,KIWI - USDC,0.3,False,0.29981,298.26,,0.09,1784946568
All Pools,KIWI - AVAX,0.3,False,0.29961,92.47,,0.3,1784946568
All Pools,UST - USDC.e,0.3,False,0.29726,659.82,,0.04,1784946568
All Pools,TOMB - USDC,0.3,False,0.293,9.764,,2.74,1784946568
All Pools,MaryMagdalene - FollowTheWhiteRabbit,0.3,False,0.29193,152.38,,0.17,1784946568
All Pools,LadyMary - FollowTheWhiteRabbit,0.3,False,0.29031,433.4,,0.06,1784946568
All Pools,LadyMary - AVAX,0.3,False,0.29014,246.75,,0.11,1784946568
All Pools,LUNA - AVAX,0.3,False,0.28702,117.1,,0.22,1784946568
All Pools,TSD - AVAX,0.3,False,0.28058,165.15,,0.16,1784946568
All Pools,MAXI - DAI.e,0.3,False,0.27226,220.72,,0.11,1784946568
All Pools,meGNX - AVAX,0.3,False,0.26689,12.78,,1.91,1784946568
All Pools,AVAX - ZUBAX,0.3,False,0.26015,90.16,,0.26,1784946568
All Pools,HUSKY - MUG,0.3,False,0.25636,14.12,,1.66,1784946568
All Pools,COQ - ARENA,0.3,False,0.25463,1.065,,21.81,1784946568
All Pools,YEEHAW - ARENA,0.3,False,0.25186,1.171,,19.63,1784946568
All Pools,Psychic - Jjj,0.3,False,0.25168,235.13,,0.1,1784946568
All Pools,Jjj - AVAX,0.3,False,0.25101,201.9,,0.11,1784946568
All Pools,aAvaWAVAX - meGNX,0.3,False,0.24398,2.937,,7.58,1784946568
All Pools,MIM - MU,0.3,False,0.24307,84.71,,0.26,1784946568
All Pools,USDC.e - NXUSD,0.3,False,0.23831,1.46,,14.9,1784946568
All Pools,PENGU - AVAX,0.3,False,0.23606,934.08,,0.02,1784946568
All Pools,CGS - AVAX,0.3,False,0.23304,52.0,,0.41,1784946568
All Pools,YEEHAW - USDC,0.3,False,0.23262,5.887,,3.61,1784946568
All Pools,CGS - USDC.e,0.3,False,0.23239,149.56,,0.14,1784946568
All Pools,Psychic - BlackAndGold,0.3,False,0.22883,235.33,,0.09,1784946568
All Pools,STATIK - AVAX,0.3,False,0.22855,30.12,,0.69,1784946568
All Pools,AVAX - BlackAndGold,0.3,False,0.22826,203.25,,0.1,1784946568
All Pools,Psychic - Meaning,0.3,False,0.22532,229.84,,0.09,1784946568
All Pools,Meaning - AVAX,0.3,False,0.22483,314.9,,0.07,1784946568
All Pools,NineHundred - Sinterklaas,0.3,False,0.22259,1147.39,,0.02,1784946568
All Pools,NineHundred - AVAX,0.3,False,0.22259,96.0,,0.21,1784946568
All Pools,Psychic - MeaningOfNumbers,0.3,False,0.21324,235.62,,0.08,1784946568
All Pools,BTC.b - HOWDY,0.3,False,0.21297,63.95,,0.3,1784946568
All Pools,AVAX - MeaningOfNumbers,0.3,False,0.21267,202.11,,0.1,1784946568
All Pools,Psychic - Ducks,0.3,False,0.21213,234.82,,0.08,1784946568
All Pools,Ducks - AVAX,0.3,False,0.21139,201.48,,0.1,1784946568
All Pools,Gladiator - AVAX,0.3,False,0.21108,1.766,,10.91,1784946568
All Pools,JOE - EXP,0.3,False,0.20714,10330019.0,,,1784946568
All Pools,Psychic - CommieSukey,0.3,False,0.20515,235.39,,0.08,1784946568
All Pools,CommieSukey - AVAX,0.3,False,0.20462,202.58,,0.09,1784946568
All Pools,Psychic - Serpentarius,0.3,False,0.19901,238.3,,0.08,1784946568
All Pools,Serpentarius - AVAX,0.3,False,0.19833,205.23,,0.09,1784946568
All Pools,BTC.b - REDWOLF,0.3,False,0.19459,97.34,,0.18,1784946568
All Pools,Orem - NaughtiusMaximus,0.3,False,0.19215,97.21,,0.18,1784946568
All Pools,Orem - AVAX,0.3,False,0.19097,72.96,,0.24,1784946568
All Pools,HOST - AVAX,0.3,False,0.19077,86.58,,0.2,1784946568
All Pools,DAI.e - ONION,0.3,False,0.19046,331.74,,0.05,1784946568
All Pools,SYMBIOT - AVAX,0.3,False,0.18695,73.16,,0.23,1784946568
All Pools,Now - √Root,0.3,False,0.18114,617.81,,0.03,1784946568
All Pools,AVAX - √Root,0.3,False,0.18027,60.44,,0.27,1784946568
All Pools,USDC.e - ONION,0.3,False,0.17845,371.05,,0.04,1784946568
All Pools,SHOE - BTC.b,0.3,False,0.17775,1.27,,12.77,1784946568
All Pools,BOI - MU,0.3,False,0.17621,0.65868,,24.41,1784946568
All Pools,SYMBIOT - DAI.e,0.3,False,0.17529,440.25,,0.04,1784946568
All Pools,NOCHILL - AMI,0.3,False,0.17412,3.592,,4.42,1784946568
All Pools,Psychic - DogL,0.3,False,0.17387,235.02,,0.07,1784946568
All Pools,DogL - AVAX,0.3,False,0.17333,202.96,,0.08,1784946568
All Pools,COQ - KOVIN,0.3,False,0.17262,7.931,,1.99,1784946568
All Pools,Sanskrit - Now,0.3,False,0.1711,618.55,,0.03,1784946568
All Pools,GENI - AVAX,0.3,False,0.17058,45.85,,0.34,1784946568
All Pools,GENI - USDC,0.3,False,0.17052,1100.38,,0.01,1784946568
All Pools,Sanskrit - AVAX,0.3,False,0.17029,60.5,,0.26,1784946568
All Pools,USDT.e - XAVA,0.3,False,0.16705,10.46,,1.46,1784946568
All Pools,SYN - REDWOLF,0.3,False,0.16374,4.046,,3.69,1784946568
All Pools,AVAX - SUBZERO,0.3,False,0.16332,28.71,,0.52,1784946568
All Pools,IMPACT2 - EURC,0.3,False,0.16327,41.91,,0.36,1784946568
All Pools,TOMB - SUBZERO,0.3,False,0.16197,8.668,,1.71,1784946568
All Pools,WETH.e - USDC,0.3,False,0.16102,20.45,,0.72,1784946568
All Pools,MaryMagdalene - TheGospelOfMary,0.3,False,0.16053,207.27,,0.07,1784946568
All Pools,AVAX - TheGospelOfMary,0.3,False,0.15996,111.79,,0.13,1784946568
All Pools,XPOW - USDC,0.3,False,0.15789,18.51,,0.78,1784946568
All Pools,MM - USDC,0.3,False,0.15674,49.41,,0.29,1784946568
All Pools,MM - AVAX,0.3,False,0.1567,65.26,,0.22,1784946568
All Pools,SPORE - USDC,0.3,False,0.1558,1368.6,,0.01,1784946568
All Pools,LINDA - AVAX,0.3,False,0.15383,1319.5,,0.01,1784946568
All Pools,Psychic - NeatestQuackery,0.3,False,0.14994,235.05,,0.06,1784946568
All Pools,NeatestQuackery - AVAX,0.3,False,0.14951,201.41,,0.07,1784946568
All Pools,USDC - GAU,0.3,False,0.14512,711.25,,0.02,1784946568
All Pools,MEOW - AVAX,0.3,False,0.14166,7371.75,,0.0,1784946568
All Pools,KALM - AVAX,0.3,False,0.14085,94.78,,0.14,1784946568
All Pools,KALM - USDC,0.3,False,0.1408,76.71,,0.17,1784946568
All Pools,MIM - USDC,0.3,False,0.13935,26.44,,0.48,1784946568
All Pools,SLUSH - USDT.e,0.3,False,0.13684,55.04,,0.23,1784946568
All Pools,SLUSH - AVAX,0.3,False,0.13648,44.52,,0.28,1784946568
All Pools,DCAU - MIM,0.3,False,0.13574,99.73,,0.12,1784946568
All Pools,USDt - RUX,0.3,False,0.13331,16079.0,,,1784946568
All Pools,RUX - AVAX,0.3,False,0.13307,25.19,,0.48,1784946568
All Pools,MaryMagdalene - BrideOfChrist,0.3,False,0.13199,89.33,,0.13,1784946568
All Pools,50 - AVAX,0.3,False,0.13178,58.55,,0.21,1784946568
All Pools,50 - USDC,0.3,False,0.13175,111.6,,0.11,1784946568
All Pools,WOLF - AMI,0.3,False,0.13068,2.638,,4.52,1784946568
All Pools,UNIQOC - AVAX,0.3,False,0.12999,778.57,,0.02,1784946568
All Pools,Light - Now,0.3,False,0.12728,619.21,,0.02,1784946568
All Pools,Light - AVAX,0.3,False,0.12679,60.57,,0.19,1784946568
All Pools,3ULL - AVAX,0.3,False,0.12448,54.03,,0.21,1784946568
All Pools,Kryptonite - NaughtiusMaximus,0.3,False,0.12423,97.73,,0.12,1784946568
All Pools,UNIQOC - COQ,0.3,False,0.12407,36.17,,0.31,1784946568
All Pools,BOI - AMI,0.3,False,0.12376,0.47534,,23.76,1784946568
All Pools,AVAX - Kryptonite,0.3,False,0.12373,73.3,,0.15,1784946568
All Pools,KIMBO - AMI,0.3,False,0.12295,2.668,,4.21,1784946568
All Pools,USDt - XPOW,0.3,False,0.12232,18.47,,0.6,1784946568
All Pools,AVAX - SNOB,0.3,False,0.11089,724.41,,0.01,1784946568
All Pools,CQK - USDC,0.3,False,0.11039,30.53,,0.33,1784946568
All Pools,CQK - AVAX,0.3,False,0.11017,94.28,,0.11,1784946568
All Pools,USDC.e - WISE,0.3,False,0.10914,41.05,,0.24,1784946568
All Pools,AVAX - WISE,0.3,False,0.10893,58.15,,0.17,1784946568
All Pools,HATCHY - AMI,0.3,False,0.10664,2.927,,3.32,1784946568
All Pools,SOL - USDC,0.3,False,0.10491,20.33,,0.47,1784946568
All Pools,APOW - USDC,0.3,False,0.10226,20.71,,0.45,1784946568
All Pools,USDC - WSPP,0.3,False,0.0983,41.89,,0.21,1784946568
All Pools,SYN - USDC.e,0.3,False,0.09776,2.096,,4.26,1784946568
All Pools,Wormhole - NaughtiusMaximus,0.3,False,0.09774,97.02,,0.09,1784946568
All Pools,ZUBAX - USDT.e,0.3,False,0.0972,171.93,,0.05,1784946568
All Pools,Wormhole - AVAX,0.3,False,0.09708,72.76,,0.12,1784946568
All Pools,USDC.e - SOL,0.3,False,0.09644,34.52,,0.25,1784946568
All Pools,APOW - USDt,0.3,False,0.09593,20.71,,0.42,1784946568
All Pools,Psychic - DéjàVu,0.3,False,0.09551,142.8,,0.06,1784946568
All Pools,Mungo - AVAX,0.3,False,0.09533,27.94,,0.31,1784946568
All Pools,DéjàVu - Mungo,0.3,False,0.09533,124.68,,0.07,1784946568
All Pools,AVAI - AVAX,0.3,False,0.0951,19.19,,0.45,1784946568
All Pools,AMI - COQAI,0.3,False,0.09366,2.919,,2.93,1784946568
All Pools,USDt - USDT.e,0.3,False,0.0921,20419.0,,,1784946568
All Pools,USDC - BVAX,0.3,False,0.0918,25.33,,0.33,1784946568
All Pools,USDt - MILO,0.3,False,0.09127,13.86,,0.6,1784946568
All Pools,AVAX - MILO,0.3,False,0.09102,766.53,,0.01,1784946568
All Pools,USDt - IMPACT2,0.3,False,0.09061,71.82,,0.12,1784946568
All Pools,AVAX - Sinterklaas,0.3,False,0.08949,95.8,,0.09,1784946568
All Pools,USDC - USD+,0.3,False,0.08746,27.78,,0.29,1784946568
All Pools,COQ - OX,0.3,False,0.08652,11765.0,,,1784946568
All Pools,NOCHILL - OX,0.3,False,0.08546,10972.0,,,1784946568
All Pools,ZRO - USDC,0.3,False,0.08292,4.498,,1.68,1784946568
All Pools,VEE - USDC,0.3,False,0.08254,30.84,,0.24,1784946568
All Pools,MIM - GRAPE,0.3,False,0.08213,94.42,,0.08,1784946568
All Pools,KLO - AVAX,0.3,False,0.08187,9771.85,,,1784946568
All Pools,GLOBA - AVAX,0.3,False,0.07975,38.72,,0.19,1784946568
All Pools,WETH.e - SURE,0.3,False,0.07817,872.15,,0.01,1784946568
All Pools,UST - USDT.e,0.3,False,0.07728,37.51,,0.19,1784946568
All Pools,Psychic - Strength,0.3,False,0.0753,54.37,,0.13,1784946568
All Pools,AVAX - Strength,0.3,False,0.07503,96.94,,0.07,1784946568
All Pools,GLOBA - DAI.e,0.3,False,0.07482,46.73,,0.15,1784946568
All Pools,KIMBO - KOVIN,0.3,False,0.07438,3.017,,2.25,1784946568
All Pools,LUNA - USDC.e,0.3,False,0.07431,627.27,,0.01,1784946568
All Pools,KOVIN - MU,0.3,False,0.07361,2.293,,2.93,1784946568
All Pools,USDC - SDOG,0.3,False,0.0735,357.08,,0.02,1784946568
All Pools,MIM - SDOG,0.3,False,0.07332,79.53,,0.08,1784946568
All Pools,LINK.e - REDWOLF,0.3,False,0.07325,69.64,,0.1,1784946568
All Pools,AVAX - ZABU,0.3,False,0.07184,22.9,,0.29,1784946568
All Pools,MaryMagdalene - RoselineBloodline,0.3,False,0.07182,35.42,,0.19,1784946568
All Pools,RoselineBloodline - AVAX,0.3,False,0.0714,30.88,,0.21,1784946568
All Pools,BrideOfChrist - AVAX,0.3,False,0.06876,61.18,,0.1,1784946568
All Pools,SPC - DAI.e,0.3,False,0.06732,20.37,,0.3,1784946568
All Pools,ORNG - JUICE,0.3,False,0.06702,1.443,,4.24,1784946568
All Pools,BENSI - AMI,0.3,False,0.06524,2.313,,2.57,1784946568
All Pools,MIM - PEFI,0.3,False,0.06395,58.35,,0.1,1784946568
All Pools,BrideOfChrist - BLACK,0.3,False,0.0628,16.28,,0.35,1784946568
All Pools,USDC - yyAVAX,0.3,False,0.06121,11.85,,0.47,1784946568
All Pools,AVAX - NXUSD,0.3,False,0.06085,0.36039,,15.41,1784946568
All Pools,NOCHILL - ARENA,0.3,False,0.06074,0.33613,,16.49,1784946568
All Pools,CANS - AVAX,0.3,False,0.06013,7.919,,0.69,1784946568
All Pools,KIMBO - CANS,0.3,False,0.05998,214.78,,0.03,1784946568
All Pools,YEEHAW - AMI,0.3,False,0.05985,3.635,,1.5,1784946568
All Pools,USDT.e - DUO,0.3,False,0.05928,50.09,,0.11,1784946568
All Pools,AVAX - DUO,0.3,False,0.05915,51.16,,0.11,1784946568
All Pools,Psychic - Go,0.3,False,0.05878,54.11,,0.1,1784946568
All Pools,Go - AVAX,0.3,False,0.05859,96.76,,0.06,1784946568
All Pools,METAG - USDT.e,0.3,False,0.05829,46.87,,0.11,1784946568
All Pools,AVVO - DAI.e,0.3,False,0.058,34.33,,0.15,1784946568
All Pools,METAG - AVAX,0.3,False,0.05795,19.14,,0.28,1784946568
All Pools,MIM - DAI.e,0.3,False,0.05787,17.42,,0.3,1784946568
All Pools,COQ - NOCHILL,0.3,False,0.05678,8.726,,0.59,1784946568
All Pools,DFIAT - USDT.e,0.3,False,0.05674,26.29,,0.2,1784946568
All Pools,gOHM - SB,0.3,False,0.05671,16.84,,0.31,1784946568
All Pools,DFIAT - AVAX,0.3,False,0.05661,5790.53,,,1784946568
All Pools,GATOR - AMI,0.3,False,0.05477,3.696,,1.35,1784946568
All Pools,AMI - MU,0.3,False,0.05395,1.391,,3.54,1784946568
All Pools,LINK.e - MU,0.3,False,0.05279,6.937,,0.69,1784946568
All Pools,TECH - AMI,0.3,False,0.05219,1.731,,2.75,1784946568
All Pools,HEFE - AMI,0.3,False,0.05212,2.164,,2.2,1784946568
All Pools,MELT - USDT.e,0.3,False,0.05189,29.17,,0.16,1784946568
All Pools,SYN - USDT.e,0.3,False,0.05175,1.118,,4.22,1784946568
All Pools,MELT - AVAX,0.3,False,0.05159,19.46,,0.24,1784946568
All Pools,JPYC - USDC.e,0.3,False,0.05145,5.007,,0.94,1784946568
All Pools,SHOE - AMI,0.3,False,0.04914,0.33488,,13.39,1784946568
All Pools,SUB - USDC,0.3,False,0.04656,11.17,,0.38,1784946568
All Pools,SPECTA - AVAX,0.3,False,0.04648,6.533,,0.65,1784946568
All Pools,Psychic - Christmas,0.3,False,0.04638,32.25,,0.13,1784946568
All Pools,USDC - SHRAP,0.3,False,0.04635,20.18,,0.21,1784946568
All Pools,Degen - AMI,0.3,False,0.04627,0.79437,,5.31,1784946568
All Pools,Christmas - AVAX,0.3,False,0.04623,172.1,,0.02,1784946568
All Pools,SPECTA - USDC.e,0.3,False,0.04583,17.4,,0.24,1784946568
All Pools,BTC.b - MU,0.3,False,0.04572,10.02,,0.42,1784946568
All Pools,USDt - DXN,0.3,False,0.04552,213.5,,0.02,1784946568
All Pools,BTC.b - USDC,0.3,False,0.04544,4.226,,0.98,1784946568
All Pools,GAINS - AVAX,0.3,False,0.04542,29.3,,0.14,1784946568
All Pools,SYN - WETH.e,0.3,False,0.04513,1.034,,3.98,1784946568
All Pools,ABC - AMI,0.3,False,0.04504,2.611,,1.57,1784946568
All Pools,SURE - DAI.e,0.3,False,0.04394,24.65,,0.16,1784946568
All Pools,AVAX - aSOCK,0.3,False,0.04374,9.482,,0.42,1784946568
All Pools,AMI - aSOCK,0.3,False,0.04345,1.721,,2.3,1784946568
All Pools,COQ - REDWOLF,0.3,False,0.0433,8.925,,0.44,1784946568
All Pools,XAUt0 - ElvisJackpot,0.3,False,0.04283,283.1,,0.01,1784946568
All Pools,MIM - VOLT,0.3,False,0.04283,12.44,,0.31,1784946568
All Pools,USDt - REDWOLF,0.3,False,0.04277,13.53,,0.29,1784946568
All Pools,WLRS - GRAPE,0.3,False,0.04263,7.758,,0.5,1784946568
All Pools,AMI - EROL,0.3,False,0.04242,0.42125,,9.19,1784946568
All Pools,AVAI - USDC.e,0.3,False,0.04214,26.38,,0.15,1784946568
All Pools,WLRS - USDC.e,0.3,False,0.04213,3886.71,,,1784946568
All Pools,ElvisJackpot - BLACK,0.3,False,0.04197,9.551,,0.4,1784946568
All Pools,LOST - AVAX,0.3,False,0.0414,1127.59,,0.0,1784946568
All Pools,Gladiator - AMI,0.3,False,0.04135,1.39,,2.71,1784946568
All Pools,JOE - ZUBAX,0.3,False,0.04,6.375,,0.57,1784946568
All Pools,AMI - DEGEN404,0.3,False,0.03992,0.74261,,4.91,1784946568
All Pools,AVAX - LYLY,0.3,False,0.03978,49.18,,0.07,1784946568
All Pools,YAK - SPORE,0.3,False,0.03977,4.694,,0.77,1784946568
All Pools,MU - COQAI,0.3,False,0.03927,5.353,,0.67,1784946568
All Pools,Degen - DEGEN404,0.3,False,0.03921,213.15,,0.02,1784946568
All Pools,TECH - OX,0.3,False,0.03808,4454.76,,,1784946568
All Pools,DAI.e - VOLT,0.3,False,0.03772,39.5,,0.09,1784946568
All Pools,WETH.e - yyAVAX,0.3,False,0.03678,14.28,,0.24,1784946568
All Pools,GURS - AMI,0.3,False,0.03556,1.351,,2.4,1784946568
All Pools,HIGHER - AVAX,0.3,False,0.03411,1.215,,2.56,1784946568
All Pools,FLAKE - USDT.e,0.3,False,0.03322,48.03,,0.06,1784946568
All Pools,FLAKE - AVAX,0.3,False,0.03309,16.71,,0.18,1784946568
All Pools,SHERPA - AVAX,0.3,False,0.03291,88.91,,0.03,1784946568
All Pools,GAINS - Degen,0.3,False,0.03264,1.376,,2.16,1784946568
All Pools,LIBRE - USDC.e,0.3,False,0.03243,12.02,,0.25,1784946568
All Pools,AVAX - MUG,0.3,False,0.03227,239.47,,0.01,1784946568
All Pools,gOHM - wsOHM,0.3,False,0.03162,16.04,,0.18,1784946568
All Pools,SURE - USDC.e,0.3,False,0.03158,21.17,,0.14,1784946568
All Pools,wsOHM - AVAX,0.3,False,0.03137,7.192,,0.4,1784946568
All Pools,BNB - AVAX,0.3,False,0.03135,2683.17,,0.0,1784946568
All Pools,MIM - TIME,0.3,False,0.02925,22.25,,0.12,1784946568
All Pools,Anon - AVAX,0.3,False,0.02923,7.322,,0.36,1784946568
All Pools,AVAX - TIME,0.3,False,0.02922,534.72,,0.0,1784946568
All Pools,WABBIT - AVAX,0.3,False,0.02866,3971.78,,,1784946568
All Pools,GMX - USDC,0.3,False,0.02823,0.89068,,2.89,1784946568
All Pools,COQ - LYLY,0.3,False,0.02797,10.06,,0.25,1784946568
All Pools,WABBIT - AMI,0.3,False,0.02759,0.84396,,2.98,1784946568
All Pools,SNP - AVAX,0.3,False,0.02732,7.815,,0.32,1784946568
All Pools,COQ - SNP,0.3,False,0.02715,17.3,,0.14,1784946568
All Pools,HIGHER - AMI,0.3,False,0.02699,2.16,,1.14,1784946568
All Pools,DAI.e - NXUSD,0.3,False,0.02663,0.18608,,13.06,1784946568
All Pools,USDC - AMI,0.3,False,0.02616,0.5582,,4.28,1784946568
All Pools,MCV - AVAX,0.3,False,0.02525,273.77,,0.01,1784946568
All Pools,BTC.b - GMX,0.3,False,0.02519,1.385,,1.66,1784946568
All Pools,COQ - MCV,0.3,False,0.02512,6.477,,0.35,1784946568
All Pools,JOE - ZABU,0.3,False,0.02441,12.75,,0.17,1784946568
All Pools,WINK - AVAX,0.3,False,0.02404,41.88,,0.05,1784946568
All Pools,BTC.b - yyAVAX,0.3,False,0.02263,4.137,,0.5,1784946568
All Pools,CRAFT - AVAX,0.3,False,0.0217,279.09,,0.01,1784946568
All Pools,JOE - aXEN,0.3,False,0.02131,0.16206,,12.0,1784946568
All Pools,BEAM - MU,0.3,False,0.02122,0.98032,,1.98,1784946568
All Pools,JOE - CRA,0.3,False,0.02009,6.834,,0.27,1784946568
All Pools,CRA - AVAX,0.3,False,0.02001,6892.8,,,1784946568
All Pools,AVAX - ZSHARE,0.3,False,0.01901,12.16,,0.14,1784946568
All Pools,SUB - AVAX,0.3,False,0.01894,14.36,,0.12,1784946568
All Pools,TOMB - ZSHARE,0.3,False,0.01883,1.073,,1.6,1784946568
All Pools,AMI - JUICY,0.3,False,0.0188,0.5398,,3.18,1784946568
All Pools,AVAXAI - USDC,0.3,False,0.01797,1433.24,,0.0,1784946568
All Pools,AVAX - SPT,0.3,False,0.01763,0.17277,,9.31,1784946568
All Pools,AVAX - BAVA,0.3,False,0.01734,8.367,,0.19,1784946568
All Pools,COQ - BOOTY,0.3,False,0.01725,6.727,,0.23,1784946568
All Pools,AVAX - BLACK,0.3,False,0.01718,3.026,,0.52,1784946568
All Pools,AVAX - AXIAL,0.3,False,0.01688,571.59,,0.0,1784946568
All Pools,FBOND - FTOMB,0.3,False,0.01675,1.676,,0.91,1784946568
All Pools,AVAX - GAU,0.3,False,0.01644,4.748,,0.32,1784946568
All Pools,Balln - AMI,0.3,False,0.01644,0.53718,,2.79,1784946568
All Pools,ERROR - AMI,0.3,False,0.01643,2.042,,0.73,1784946568
All Pools,COQ - MU,0.3,False,0.01627,3.588,,0.41,1784946568
All Pools,FITFI - USDC,0.3,False,0.01611,0.07825,,18.79,1784946568
All Pools,gOHM - JOE,0.3,False,0.01536,3.191,,0.44,1784946568
All Pools,ZUM - NOCHILL,0.3,False,0.01469,0.74053,,1.81,1784946568
All Pools,AAVE.e - meGNX,0.3,False,0.01455,3.533,,0.38,1784946568
All Pools,DADDY - USDT.e,0.3,False,0.01388,16.94,,0.07,1784946568
All Pools,Quet - AVAX,0.3,False,0.01379,0.12488,,10.08,1784946568
All Pools,DADDY - AVAX,0.3,False,0.01366,0.73622,,1.69,1784946568
All Pools,MEOW - AMI,0.3,False,0.01341,0.33887,,3.61,1784946568
All Pools,Quet - ARENA,0.3,False,0.01304,0.4969,,2.39,1784946568
All Pools,AVAX - JUICY,0.3,False,0.01302,1760.11,,,1784946568
All Pools,CNR - USDC,0.3,False,0.01288,4.388,,0.27,1784946568
All Pools,DWC - MU,0.3,False,0.01285,2.661,,0.44,1784946568
All Pools,AVAX - DWC,0.3,False,0.01277,3893.74,,,1784946568
All Pools,SMRT - XAVA,0.3,False,0.01257,2.177,,0.53,1784946568
All Pools,AVAX - KET,0.3,False,0.01247,20.43,,0.06,1784946568
All Pools,USDR - USDC,0.3,False,0.01241,39.78,,0.03,1784946568
All Pools,WETH.e - USDR,0.3,False,0.0123,2.418,,0.46,1784946568
All Pools,FLOT - AVAX,0.3,False,0.01223,2676.58,,,1784946568
All Pools,AAVE.e - USDT.e,0.3,False,0.01215,2.581,,0.43,1784946568
All Pools,GAINS - KOVIN,0.3,False,0.01159,0.42712,,2.48,1784946568
All Pools,QI - LYLY,0.3,False,0.01158,1.706,,0.62,1784946568
All Pools,CAI - AMI,0.3,False,0.01146,0.35472,,2.95,1784946568
All Pools,WOLF - MU,0.3,False,0.01078,3.829,,0.26,1784946568
All Pools,CATWIF - MU,0.3,False,0.01051,2.845,,0.34,1784946568
All Pools,CATWIF - AVAX,0.3,False,0.01051,2182.21,,,1784946568
All Pools,Psychic - KatzJoel,0.3,False,0.01049,46.46,,0.02,1784946568
All Pools,NOCHILL - MU,0.3,False,0.01048,1.52,,0.63,1784946568
All Pools,AVAX - WSPP,0.3,False,0.01041,2.271,,0.42,1784946568
All Pools,SHOE - COQ,0.3,False,0.01032,0.0659,,14.29,1784946568
All Pools,KatzJoel - BLACK,0.3,False,0.01025,1.174,,0.8,1784946568
All Pools,BTC.b - SPT,0.3,False,0.01002,0.15754,,5.8,1784946568
All Pools,NRK - DAI.e,0.3,False,0.00978,282.52,,0.0,1784946568
All Pools,AMPL - AVAX,0.3,False,0.00963,200.62,,0.0,1784946568
All Pools,RUG - DAI.e,0.3,False,0.00962,0.73242,,1.2,1784946568
All Pools,PUSH - AVAX,0.3,False,0.0091,0.36777,,2.26,1784946568
All Pools,HERESY - MEOW,0.3,False,0.00903,0.2358,,3.49,1784946568
All Pools,KOKSAL - USDC,0.3,False,0.00883,4.404,,0.18,1784946568
All Pools,KOKSAL - AVAX,0.3,False,0.00879,2.695,,0.3,1784946568
All Pools,GURS - NOCHILL,0.3,False,0.00872,1.135,,0.7,1784946568
All Pools,AAVE.e - USDC.e,0.3,False,0.0086,1.246,,0.63,1784946568
All Pools,AI9000 - MU,0.3,False,0.00813,1.026,,0.72,1784946568
All Pools,AI9000 - AVAX,0.3,False,0.0081,205.65,,0.0,1784946568
All Pools,NXPC - AVAX,0.3,False,0.00781,0.97691,,0.73,1784946568
All Pools,JOE - REDWOLF,0.3,False,0.00773,2.682,,0.26,1784946568
All Pools,QI - REDWOLF,0.3,False,0.00767,1.084,,0.65,1784946568
All Pools,XAVA - HON,0.3,False,0.00731,1.089,,0.61,1784946568
All Pools,BAWLS - AVAX,0.3,False,0.00704,11.26,,0.06,1784946568
All Pools,KIMBO - COQ,0.3,False,0.00691,1.013,,0.62,1784946568
All Pools,JOE - QI,0.3,False,0.0069,0.5406,,1.16,1784946568
All Pools,QI - USDC.e,0.3,False,0.00683,0.61617,,1.01,1784946568
All Pools,YEEHAW - Gladiator,0.3,False,0.00643,0.10626,,5.52,1784946568
All Pools,xARENA - ARENA,0.3,False,0.00642,1.375,,0.43,1784946568
All Pools,xARENA - AVAX,0.3,False,0.00638,0.06286,,9.26,1784946568
All Pools,yes - ARENA,0.3,False,0.00623,0.0453,,12.54,1784946568
All Pools,USDt - USDC.e,0.3,False,0.00618,14.17,,0.04,1784946568
All Pools,GMX - JOE,0.3,False,0.00604,0.3124,,1.76,1784946568
All Pools,JOE - AMI,0.3,False,0.00602,0.15998,,3.43,1784946568
All Pools,HOWDY - WINE,0.3,False,0.00586,0.11097,,4.82,1784946568
All Pools,AIVAX - AMI,0.3,False,0.00557,0.09551,,5.33,1784946568
All Pools,USDC - MU,0.3,False,0.00555,0.33642,,1.5,1784946568
All Pools,WINE - AVAX,0.3,False,0.00551,749.92,,,1784946568
All Pools,DEV - ARENA,0.3,False,0.00551,0.0441,,11.39,1784946568
All Pools,DEV - AVAX,0.3,False,0.00548,3.258,,0.15,1784946568
All Pools,FBOND - AVAX,0.3,False,0.00547,0.56997,,0.88,1784946568
All Pools,YAK - USDT.e,0.3,False,0.00543,0.50995,,0.97,1784946568
All Pools,3ULL - USDC,0.3,False,0.00542,0.54515,,0.91,1784946568
All Pools,HUSKY - aXEN,0.3,False,0.00537,0.04529,,10.83,1784946568
All Pools,3ULL - AVAX,0.3,False,0.00536,32.67,,0.01,1784946568
All Pools,UNIQOC - Degen,0.3,False,0.00532,0.19952,,2.43,1784946568
All Pools,WBTC.e - USDC,0.3,False,0.00521,0.40038,,1.19,1784946568
All Pools,JPYC - AVAX,0.3,False,0.00509,0.23844,,1.95,1784946568
All Pools,FITFI - USDC.e,0.3,False,0.00509,0.04185,,11.09,1784946568
All Pools,ALPHAZERO - USDT.e,0.3,False,0.00501,2.032,,0.23,1784946568
All Pools,AMI - KONG,0.3,False,0.005,0.28356,,1.61,1784946568
All Pools,GMX - USDt,0.3,False,0.00496,0.36993,,1.22,1784946568
All Pools,FINANCE - NOCHILL,0.3,False,0.00469,387.55,,0.0,1784946568
All Pools,SUB - USDC,0.3,False,0.00468,69.22,,0.01,1784946568
All Pools,KANA - USDC,0.3,False,0.00465,0.41722,,1.02,1784946568
All Pools,SUB - AVAX,0.3,False,0.00463,0.41696,,1.01,1784946568
All Pools,KANA - AVAX,0.3,False,0.0046,763.91,,,1784946568
All Pools,USDC.e - XAVA,0.3,False,0.00448,0.33325,,1.23,1784946568
All Pools,YEEHAW - ABC,0.3,False,0.00399,0.24981,,1.46,1784946568
All Pools,SolarDAO - USDT.e,0.3,False,0.00395,1.991,,0.18,1784946568
All Pools,AUX - USDC,0.3,False,0.00395,633.08,,,1784946568
All Pools,AUX - AVAX,0.3,False,0.00389,0.29929,,1.19,1784946568
All Pools,SolarDAO - AVAX,0.3,False,0.00389,0.31714,,1.12,1784946568
All Pools,Naughty - HIGHER,0.3,False,0.00376,0.29488,,1.16,1784946568
All Pools,FEED - AMI,0.3,False,0.00371,0.14477,,2.34,1784946568
All Pools,Naughty - AVAX,0.3,False,0.0037,163.18,,0.0,1784946568
All Pools,FEED - AVAX,0.3,False,0.00362,5448.48,,,1784946568
All Pools,USDC - USDT.e,0.3,False,0.0034,154.53,,0.0,1784946568
All Pools,UST - UST,0.3,False,0.00336,1.421,,0.22,1784946568
All Pools,YEEHAW - xAVAX,0.3,False,0.00324,0.21733,,1.36,1784946568
All Pools,xAVAX - AVAX,0.3,False,0.00317,0.53383,,0.54,1784946568
All Pools,PUSH - AMI,0.3,False,0.00317,0.11323,,2.55,1784946568
All Pools,HIGHER - Degen,0.3,False,0.00315,0.07265,,3.96,1784946568
All Pools,sAVAX - AMI,0.3,False,0.00312,0.27078,,1.05,1784946568
All Pools,WETH.e - SPELL,0.3,False,0.00309,0.20397,,1.38,1784946568
All Pools,sAVAX - USDC,0.3,False,0.00308,0.44516,,0.63,1784946568
All Pools,ARENA - JUICY,0.3,False,0.00299,0.02552,,10.7,1784946568
All Pools,ABOB - AMI,0.3,False,0.00296,0.09614,,2.81,1784946568
All Pools,ABOB - AVAX,0.3,False,0.00287,568.86,,,1784946568
All Pools,LINK.e - SPELL,0.3,False,0.00259,0.12897,,1.84,1784946568
All Pools,AVAX - WXT,0.3,False,0.00254,0.01581,,14.67,1784946568
All Pools,CAPY - AVAX,0.3,False,0.00252,0.00952,,24.13,1784946568
All Pools,USDC - BFG,0.3,False,0.00247,0.13791,,1.64,1784946568
All Pools,AVAX - BFG,0.3,False,0.00242,1.111,,0.2,1784946568
All Pools,KIMBO - MU,0.3,False,0.00194,0.07292,,2.43,1784946568
All Pools,JOE - MU,0.3,False,0.00171,0.07291,,2.15,1784946568
All Pools,SD - AMI,0.3,False,0.00156,4.059,,0.04,1784946568
All Pools,wMEMO - AVAX,0.3,False,0.00155,6.117,,0.02,1784946568
All Pools,FLOT - FTOMB,0.3,False,0.00153,0.04619,,3.01,1784946568
All Pools,JOE - CNR,0.3,False,0.00148,0.71602,,0.19,1784946568
All Pools,HUSKY - SMRTr,0.3,False,0.00139,0.04014,,3.16,1784946568
All Pools,BTC.b - USDt,0.3,False,0.00136,0.13679,,0.91,1784946568
All Pools,MUMO - AVAX,0.3,False,0.00131,0.14416,,0.83,1784946568
All Pools,BTC.b - MUMO,0.3,False,0.00129,4.205,,0.03,1784946568
All Pools,TURBO - AVAX,0.3,False,0.00125,3.566,,0.03,1784946568
All Pools,MOR - USDC.e,0.3,False,0.00123,,,151.79,1784946568
All Pools,AQUID - ARENA,0.3,False,0.00122,0.01133,,9.86,1784946568
All Pools,KIOO - AVAX,0.3,False,0.00118,391.82,,,1784946568
All Pools,COQ - USDt,0.3,False,0.00108,0.04324,,2.29,1784946568
All Pools,HUSKY - TRESR,0.3,False,0.00101,0.02215,,4.14,1784946568
All Pools,WABBIT - MU,0.3,False,,0.08819,,0.9,1784946568
All Pools,ABC - MU,0.3,False,,0.05011,,1.52,1784946568
All Pools,GGP - AMI,0.3,False,,0.00628,,10.11,1784946568
All Pools,Quet - WETH.e,0.3,False,,0.02187,,2.77,1784946568
All Pools,BTC.b - WETH.e,0.3,False,,0.43717,,0.13,1784946568
All Pools,BIRD - AVAX,0.3,False,,0.00813,,5.65,1784946568
All Pools,STICK - ARENA,0.3,False,,0.00121,,34.45,1784946568
All Pools,YETI - AVAX,0.3,False,,635.47,,,1784946568
All Pools,AVAX - STICK,0.3,False,,1084.16,,,1784946568
All Pools,MEAT - AVAX,0.3,False,,2919.18,,,1784946568
All Pools,FATE - USDC,0.3,False,,433454.0,,,1784946568
All Pools,DONT_BUY - AVAX,0.3,False,,,,10.13,1784946568
All Pools,BabyCoq - BBC,0.3,False,,,,0.02,1784946568
All Pools,WOLF - BBC,0.3,False,,0.07175,,,1784946568
All Pools,AVAX - USDC,,false,689969,391787,357.19,33.28,1784950122
All Pools,ARENA - AVAX,,false,227619,200568,22.69,4.13,1784950122
All Pools,sAVAX - AVAX,,false,81554,44746,8.349,6.81,1784950122
All Pools,WETH.e - USDC,,false,30411,12725,45.86,131.55,1784950122
All Pools,BTC.b - USDC,,false,26123,579665,13.31,0.84,1784950122
All Pools,sAVAX - AVAX,,false,24974,50583,25,18.04,1784950122
All Pools,NXUSD - WXT,,false,24781,444757,61.95,5.08,1784950122
All Pools,USDC.e - AVAX,,false,23785,357377,59.46,6.07,1784950122
All Pools,BEAM - AVAX,,false,19921,14938,50.46,123.3,1784950122
All Pools,AUSD - USDC,,false,19283,117831,1.974,0.61,1784950122
All Pools,AVAX - USDC,,false,15153,338796,37.88,4.08,1784950122
All Pools,USDt - USDC,,false,11907,162712,0.95746,0.21,1784950122
All Pools,AVAX - USDT.e,,false,10789,459094,26.97,2.14,1784950122
All Pools,FOLKS - AVAX,,false,10261,34708,26.13,27.48,1784950122
All Pools,USDC - XAVA,,false,9436.28,479069,23.59,1.8,1784950122
All Pools,USDt - USDC,,false,9004.64,159971,0.63111,0.14,1784950122
All Pools,BEAM - USDC,,false,8894.58,67581,22.24,12.01,1784950122
All Pools,COQ - AVAX,,false,8340.65,409004,20.85,1.86,1784950122
All Pools,XAUt0 - USDt,,false,7421.41,27596,3.883,5.14,1784950122
All Pools,USDT.e - USDt,,false,6809.5,44461,1.365,1.12,1784950122
All Pools,AVAX - USDt,,false,6683.58,95921,13.59,5.17,1784950122
All Pools,CAPY - ARENA,,false,6541.4,19037,16.35,31.35,1784950122
All Pools,AAVE.e - AVAX,,false,5704.55,249824,14.26,2.08,1784950122
All Pools,USDT.e - USDC,,false,5492.61,51108,1.121,0.8,1784950122
All Pools,JOE - USDC.e,,false,5483.14,255750,13.71,1.96,1784950122
All Pools,AVAX - BTC.b,,false,5306.16,25253,3.169,4.58,1784950122
All Pools,WETH.e - AVAX,,false,4134.53,366272,10.34,1.03,1784950122
All Pools,JOE - AVAX,,false,3587.42,204627,8.969,1.6,1784950122
All Pools,TOPIA - AVAX,,false,3186.87,1753.6,4.739,98.65,1784950122
All Pools,QI - AVAX,,false,3037.52,114572,7.594,2.42,1784950122
All Pools,XAVA - AVAX,,false,2792.46,117182,22.19,6.91,1784950122
All Pools,USDC.e - USDC,,false,2629.36,3887.04,0.53813,5.05,1784950122
All Pools,GUN - AVAX,,false,2313.25,8935.14,7.254,29.63,1784950122
All Pools,ORNG - AVAX,,false,1968.12,16339,4.92,10.99,1784950122
All Pools,GGP - AVAX,,false,1874.89,19201,4.687,8.91,1784950122
All Pools,HUNDRED - USDC,,false,1726.94,473797,4.317,0.33,1784950122
All Pools,DAI.e - USDC,,false,1663.53,26576,0.36354,0.5,1784950122
All Pools,EURC - USDC,,false,1615.71,10025,1.106,4.03,1784950122
All Pools,gOHM - AVAX,,false,1552.32,124592,3.881,1.14,1784950122
All Pools,QI - AVAX,,false,1500.48,7351.27,3.781,18.77,1784950122
All Pools,WBTC.e - AVAX,,false,1406.01,129124,3.515,0.99,1784950122
All Pools,BTC.b - AVAX,,false,1331.43,105571,3.329,1.15,1784950122
All Pools,FLD - AVAX,,false,1116.52,34919,2.791,2.92,1784950122
All Pools,WBTC.e - BTC.b,,false,975.7,228847,0.31505,0.05,1784950122
All Pools,GMX - AVAX,,false,929.81,4078.99,2.325,20.8,1784950122
All Pools,JOE - USDT.e,,false,905.65,51312,2.264,1.61,1784950122
All Pools,LINK.e - AVAX,,false,905.33,38448,2.263,2.15,1784950122
All Pools,MOR - AVAX,,false,894.17,79.96,2.235,1020.43,1784950122
All Pools,MUON - AVAX,,false,890.9,42548,2.227,1.91,1784950122
All Pools,USDt - AVAX,,false,879.16,37706,2.198,2.13,1784950122
All Pools,SIERRA - USDC,,false,830.42,159812,0.89116,0.2,1784950122
All Pools,KIMBO - AVAX,,false,802.46,39753,2.006,1.84,1784950122
All Pools,PTOP400 - AVAX,,false,772.68,172.67,2.271,480.07,1784950122
All Pools,HERESY - AVAX,,false,752.56,18237,1.881,3.77,1784950122
All Pools,APIX - ARENA,,false,729.22,2045.44,1.823,32.53,1784950122
All Pools,USDC.e - USDC,,false,710.31,9712.42,0.07741,0.29,1784950122
All Pools,AUSD - USDt,,false,703.58,54741,0.07105,0.05,1784950122
All Pools,AVAX - TOPIA,,false,645.29,1584.87,1.613,37.15,1784950122
All Pools,TOPIA - BTC.b,,false,613.92,116.63,0.90545,283.37,1784950122
All Pools,ZRO - AVAX,,false,583.11,1631.18,1.486,33.24,1784950122
All Pools,JOE - USDC,,false,471.49,23320,1.179,1.84,1784950122
All Pools,AVAX - DAI.e,,false,449.34,27840,1.123,1.47,1784950122
All Pools,BLSEYE🎯 - AVAX,,false,441.36,4318.17,1.103,9.33,1784950122
All Pools,AVAX - ALVA,,false,439.69,696.41,1.099,57.61,1784950122
All Pools,WBTC - BTC.b,,false,439.43,68016,0.13583,0.07,1784950122
All Pools,PTOP700 - AVAX,,false,431.79,87.12,0.59307,248.48,1784950122
All Pools,ARENA - AVAX,,false,427.85,378.25,11.35,1095.68,1784950122
All Pools,USDT.e - USDC,,false,364.09,898.07,0.03966,1.61,1784950122
All Pools,NOCHILL - AVAX,,false,354.49,52517,0.88621,0.62,1784950122
All Pools,JPYC - USDC,,false,339.18,2968.87,0.2541,3.12,1784950122
All Pools,BLSEYE🎯 - ARENA,,false,339.16,1119.98,0.84791,27.63,1784950122
All Pools,FRAX - USDC,,false,329.66,240.53,0.86183,130.78,1784950122
All Pools,DIEM - AVAX,,false,315.16,630.76,0.31534,18.25,1784950122
All Pools,CCD - AVAX,,false,314.8,630.04,0.31498,18.25,1784950122
All Pools,MINA - AVAX,,false,314.72,629.86,0.31489,18.25,1784950122
All Pools,PC0000081 - AVAX,,false,314.6,629.62,0.31477,18.25,1784950122
All Pools,ZETA - AVAX,,false,314.42,629.26,0.31459,18.25,1784950122
All Pools,AXL - AVAX,,false,313.52,627.46,0.31369,18.25,1784950122
All Pools,- AVAX,,false,313.14,626.71,0.31331,18.25,1784950122
All Pools,BABY - AVAX,,false,312.99,626.41,0.31316,18.25,1784950122
All Pools,BDCA - AVAX,,false,312.76,625.96,0.31294,18.25,1784950122
All Pools,MTBILL - AVAX,,false,312.68,625.79,0.31285,18.25,1784950122
All Pools,KNTQ - AVAX,,false,312.52,625.48,0.3127,18.25,1784950122
All Pools,XP - AVAX,,false,311.95,624.32,0.31212,18.25,1784950122
All Pools,OMI - AVAX,,false,311.89,624.21,0.31206,18.25,1784950122
All Pools,TSLAX - AVAX,,false,311.83,624.08,0.312,18.25,1784950122
All Pools,SKR - AVAX,,false,311.82,624.08,0.31199,18.25,1784950122
All Pools,HOT - AVAX,,false,311.74,623.92,0.31191,18.25,1784950122
All Pools,ASTEROID - AVAX,,false,311.73,623.89,0.3119,18.25,1784950122
All Pools,QFI - AVAX,,false,311.55,623.54,0.31172,18.25,1784950122
All Pools,BASEDHYPE - AVAX,,false,311.5,623.43,0.31167,18.25,1784950122
All Pools,GCOIN - AVAX,,false,311.34,623.1,0.31151,18.25,1784950122
All Pools,T0G - AVAX,,false,311.3,623.03,0.31147,18.25,1784950122
All Pools,IGRA - AVAX,,false,311.21,622.85,0.31138,18.25,1784950122
All Pools,FLUID - AVAX,,false,311.14,623.77,0.31131,18.22,1784950122
All Pools,SN4 - AVAX,,false,311.08,622.58,0.31125,18.25,1784950122
All Pools,EURI - AVAX,,false,311.07,622.57,0.31124,18.25,1784950122
All Pools,DEGEN - AVAX,,false,311.05,622.52,0.31122,18.25,1784950122
All Pools,NXT - AVAX,,false,311.05,622.52,0.31122,18.25,1784950122
All Pools,PUFF - AVAX,,false,311.05,622.52,0.31122,18.25,1784950122
All Pools,NILA - AVAX,,false,311.05,622.52,0.31122,18.25,1784950122
All Pools,CYS - AVAX,,false,311.05,622.52,0.31122,18.25,1784950122
All Pools,FXSAVE - AVAX,,false,310.93,622.28,0.3111,18.25,1784950122
All Pools,DOG - AVAX,,false,310.89,622.21,0.31106,18.25,1784950122
All Pools,PC0000019 - AVAX,,false,310.89,622.21,0.31106,18.25,1784950122
All Pools,NMR - AVAX,,false,310.89,622.21,0.31106,18.25,1784950122
All Pools,ARRR - AVAX,,false,310.89,622.21,0.31106,18.25,1784950122
All Pools,MHORSE - AVAX,,false,310.89,622.21,0.31106,18.25,1784950122
All Pools,QUBIC - AVAX,,false,310.89,622.21,0.31106,18.25,1784950122
All Pools,ALCH - AVAX,,false,310.83,622.09,0.311,18.25,1784950122
All Pools,BAN - AVAX,,false,310.83,622.09,0.311,18.25,1784950122
All Pools,VBILL - AVAX,,false,310.83,622.09,0.311,18.25,1784950122
All Pools,AIPF - AVAX,,false,310.83,622.09,0.311,18.25,1784950122
All Pools,JELLYJELLY - AVAX,,false,310.81,622.05,0.31098,18.25,1784950122
All Pools,FXUSD - AVAX,,false,310.81,622.05,0.31098,18.25,1784950122
All Pools,VELO - AVAX,,false,310.81,622.05,0.31098,18.25,1784950122
All Pools,BRETT - AVAX,,false,310.81,622.05,0.31098,18.25,1784950122
All Pools,JCT - AVAX,,false,310.8,622.03,0.31097,18.25,1784950122
All Pools,SUPER - AVAX,,false,310.8,622.03,0.31097,18.25,1784950122
All Pools,TFUEL - AVAX,,false,310.8,622.03,0.31097,18.25,1784950122
All Pools,BABYDOGE - AVAX,,false,310.8,622.03,0.31097,18.25,1784950122
All Pools,USDU - AVAX,,false,310.8,622.03,0.31097,18.25,1784950122
All Pools,TBK - AVAX,,false,310.8,622.03,0.31097,18.25,1784950122
All Pools,LBT - AVAX,,false,310.78,622,0.31096,18.25,1784950122
All Pools,YFI - AVAX,,false,310.78,622,0.31096,18.25,1784950122
All Pools,IO - AVAX,,false,310.78,622,0.31096,18.25,1784950122
All Pools,COAI - AVAX,,false,310.78,622,0.31096,18.25,1784950122
All Pools,UAI - AVAX,,false,310.78,622,0.31096,18.25,1784950122
All Pools,PLUME - AVAX,,false,310.78,622,0.31096,18.25,1784950122
All Pools,SWOP - AVAX,,false,310.76,621.95,0.31093,18.25,1784950122
All Pools,PURR - AVAX,,false,310.76,621.95,0.31093,18.25,1784950122
All Pools,LINEA - AVAX,,false,310.76,621.95,0.31093,18.25,1784950122
All Pools,METAL - AVAX,,false,310.76,621.95,0.31093,18.25,1784950122
All Pools,TURBO - AVAX,,false,310.76,621.95,0.31093,18.25,1784950122
All Pools,ZIL - AVAX,,false,310.76,621.95,0.31093,18.25,1784950122
All Pools,XPR - AVAX,,false,310.74,621.9,0.31091,18.25,1784950122
All Pools,BERA - AVAX,,false,310.74,621.9,0.31091,18.25,1784950122
All Pools,KSM - AVAX,,false,310.74,621.9,0.31091,18.25,1784950122
All Pools,W - AVAX,,false,310.74,621.9,0.31091,18.25,1784950122
All Pools,GMX - AVAX,,false,310.74,621.9,0.31091,18.25,1784950122
All Pools,XAUM - AVAX,,false,310.74,621.9,0.31091,18.25,1784950122
All Pools,MEGA - AVAX,,false,310.74,621.9,0.31091,18.25,1784950122
All Pools,APES - AVAX,,false,310.65,621.72,0.31082,18.25,1784950122
All Pools,ENJ - AVAX,,false,310.64,621.71,0.31081,18.25,1784950122
All Pools,BRLV - AVAX,,false,310.64,621.71,0.31081,18.25,1784950122
All Pools,ZRX - AVAX,,false,310.64,621.71,0.31081,18.25,1784950122
All Pools,CARDS - AVAX,,false,310.64,621.71,0.31081,18.25,1784950122
All Pools,META - AVAX,,false,310.64,621.71,0.31081,18.25,1784950122
All Pools,USDON - AVAX,,false,310.64,621.71,0.31081,18.25,1784950122
All Pools,AIOZ - AVAX,,false,310.59,621.61,0.31076,18.25,1784950122
All Pools,ORDI - AVAX,,false,310.59,-1.678,0.31076,-6760.43,1784950122
All Pools,ORCA - AVAX,,false,310.59,621.61,0.31076,18.25,1784950122
All Pools,BEAM - AVAX,,false,310.59,621.61,0.31076,18.25,1784950122
All Pools,GAS - AVAX,,false,310.59,621.61,0.31076,18.25,1784950122
All Pools,Q - AVAX,,false,310.59,621.61,0.31076,18.25,1784950122
All Pools,PMUSD - AVAX,,false,310.59,621.61,0.31076,18.25,1784950122
All Pools,IVVON - AVAX,,false,310.55,621.53,0.31072,18.25,1784950122
All Pools,CHIP - AVAX,,false,310.55,621.53,0.31072,18.25,1784950122
All Pools,SIERRA - AVAX,,false,310.55,621.53,0.31072,18.25,1784950122
All Pools,SAFE - AVAX,,false,310.55,621.53,0.31072,18.25,1784950122
All Pools,RAVE - AVAX,,false,310.55,621.53,0.31072,18.25,1784950122
All Pools,TEMPLE - AVAX,,false,310.52,621.46,0.31069,18.25,1784950122
All Pools,MF - ONE - AVAX,,false,310.52,621.46,0.31069,18.25,1784950122
All Pools,RVN - AVAX,,false,310.52,621.46,0.31069,18.25,1784950122
All Pools,MAG7.SSI - AVAX,,false,310.52,621.46,0.31069,18.25,1784950122
All Pools,BIO - AVAX,,false,310.52,621.46,0.31069,18.25,1784950122
All Pools,ZIG - AVAX,,false,310.52,621.46,0.31069,18.25,1784950122
All Pools,MELANIA - AVAX,,false,310.28,621,0.31046,18.25,1784950122
All Pools,LISUSD - AVAX,,false,310.28,621,0.31046,18.25,1784950122
All Pools,USELESS - AVAX,,false,310.28,621,0.31046,18.25,1784950122
All Pools,CGUSD - AVAX,,false,310.28,621,0.31046,18.25,1784950122
All Pools,STAU - AVAX,,false,310.28,621,0.31046,18.25,1784950122
All Pools,PROS - AVAX,,false,310.28,621,0.31046,18.25,1784950122
All Pools,XDAI - AVAX,,false,310.28,620.99,0.31045,18.25,1784950122
All Pools,PC0000023 - AVAX,,false,310.28,620.99,0.31045,18.25,1784950122
All Pools,FEUSD - AVAX,,false,310.28,620.99,0.31045,18.25,1784950122
All Pools,USDX - AVAX,,false,310.28,620.99,0.31045,18.25,1784950122
All Pools,QTUM - AVAX,,false,310.1,620.63,0.31027,18.25,1784950122
All Pools,DBR - AVAX,,false,310.1,620.63,0.31027,18.25,1784950122
All Pools,ARC - AVAX,,false,310.1,620.63,0.31027,18.25,1784950122
All Pools,LOUZI - AVAX,,false,310.1,620.63,0.31027,18.25,1784950122
All Pools,PC0000101 - AVAX,,false,310.1,620.63,0.31027,18.25,1784950122
All Pools,BAS - AVAX,,false,310.1,-2.17,0.31027,-5219.2,1784950122
All Pools,QAIT - AVAX,,false,309.84,620.1,0.31001,18.25,1784950122
All Pools,HOME - AVAX,,false,309.84,620.1,0.31001,18.25,1784950122
All Pools,NUSD - AVAX,,false,309.84,620.1,0.31001,18.25,1784950122
All Pools,ZAMA - AVAX,,false,309.75,619.93,0.30992,18.25,1784950122
All Pools,IUSD - AVAX,,false,309.75,619.93,0.30992,18.25,1784950122
All Pools,QRL - AVAX,,false,309.75,619.93,0.30992,18.25,1784950122
All Pools,SN64 - AVAX,,false,309.75,619.93,0.30992,18.25,1784950122
All Pools,DYDX - AVAX,,false,309.7,619.83,0.30987,18.25,1784950122
All Pools,AB - AVAX,,false,309.7,619.83,0.30987,18.25,1784950122
All Pools,SOSO - AVAX,,false,309.7,619.83,0.30987,18.25,1784950122
All Pools,STAC - AVAX,,false,309.7,-2.572,0.30987,-4398.14,1784950122
All Pools,EDGE - AVAX,,false,309.61,619.64,0.30978,18.25,1784950122
All Pools,ZANO - AVAX,,false,309.61,619.64,0.30978,18.25,1784950122
All Pools,FDIT - AVAX,,false,309.61,619.64,0.30978,18.25,1784950122
All Pools,EARNETH - AVAX,,false,309.57,619.57,0.30974,18.25,1784950122
All Pools,ALLO - AVAX,,false,309.57,619.57,0.30974,18.25,1784950122
All Pools,DRV - AVAX,,false,309.57,619.57,0.30974,18.25,1784950122
All Pools,BANANAS31 - AVAX,,false,309.57,619.57,0.30974,18.25,1784950122
All Pools,ATH - AVAX,,false,309.57,619.57,0.30974,18.25,1784950122
All Pools,AUSD - AVAX,,false,309.53,619.48,0.3097,18.25,1784950122
All Pools,SAFO - AVAX,,false,309.53,619.48,0.3097,18.25,1784950122
All Pools,GENIUS - AVAX,,false,309.53,619.48,0.3097,18.25,1784950122
All Pools,APE - AVAX,,false,309.53,619.48,0.3097,18.25,1784950122
All Pools,BILL - AVAX,,false,309.53,619.48,0.3097,18.25,1784950122
All Pools,KMNO - AVAX,,false,309.5,619.43,0.30967,18.25,1784950122
All Pools,COW - AVAX,,false,309.5,619.43,0.30967,18.25,1784950122
All Pools,CUSD - AVAX,,false,309.41,619.24,0.30958,18.25,1784950122
All Pools,VCNT - AVAX,,false,309.41,619.24,0.30958,18.25,1784950122
All Pools,MAGMA - AVAX,,false,309.41,619.24,0.30958,18.25,1784950122
All Pools,MET - AVAX,,false,309.41,619.24,0.30958,18.25,1784950122
All Pools,PC0000085 - AVAX,,false,309.4,619.23,0.30957,18.25,1784950122
All Pools,T1INCH - AVAX,,false,309.4,619.23,0.30957,18.25,1784950122
All Pools,AWE - AVAX,,false,309.4,619.23,0.30957,18.25,1784950122
All Pools,TAG - AVAX,,false,309.4,619.23,0.30957,18.25,1784950122
All Pools,BMX - AVAX,,false,309.4,619.23,0.30957,18.25,1784950122
All Pools,NXPC - AVAX,,false,309.4,619.23,0.30957,18.25,1784950122
All Pools,UMXM - AVAX,,false,309.4,619.23,0.30957,18.25,1784950122
All Pools,FORM - AVAX,,false,309.4,619.23,0.30957,18.25,1784950122
All Pools,CFG - AVAX,,false,309.4,619.23,0.30957,18.25,1784950122
All Pools,RIVER - AVAX,,false,309.4,619.23,0.30957,18.25,1784950122
All Pools,GEOD - AVAX,,false,309.4,619.23,0.30957,18.25,1784950122
All Pools,PGOLD - AVAX,,false,309.36,619.14,0.30953,18.25,1784950122
All Pools,DAI - AVAX,,false,309.36,619.14,0.30953,18.25,1784950122
All Pools,NXM - AVAX,,false,309.36,619.14,0.30953,18.25,1784950122
All Pools,KTA - AVAX,,false,309.36,619.14,0.30953,18.25,1784950122
All Pools,BSB - AVAX,,false,309.36,619.14,0.30953,18.25,1784950122
All Pools,UUSD - AVAX,,false,309.35,619.12,0.30952,18.25,1784950122
All Pools,DUSD - AVAX,,false,309.35,619.12,0.30952,18.25,1784950122
All Pools,TKX - AVAX,,false,309.35,619.12,0.30952,18.25,1784950122
All Pools,RLB - AVAX,,false,309.35,619.12,0.30952,18.25,1784950122
All Pools,TAC - AVAX,,false,309.35,619.12,0.30952,18.25,1784950122
All Pools,PC0000077 - AVAX,,false,309.35,619.12,0.30952,18.25,1784950122
All Pools,LPT - AVAX,,false,309.32,619.06,0.30949,18.25,1784950122
All Pools,EGLD - AVAX,,false,309.32,619.06,0.30949,18.25,1784950122
All Pools,NOCK - AVAX,,false,309.32,619.06,0.30949,18.25,1784950122
All Pools,SIREN - AVAX,,false,309.32,619.06,0.30949,18.25,1784950122
All Pools,RIF - AVAX,,false,309.32,619.06,0.30949,18.25,1784950122
All Pools,GALA - AVAX,,false,309.2,618.83,0.30937,18.25,1784950122
All Pools,FT - AVAX,,false,309.2,618.83,0.30937,18.25,1784950122
All Pools,OZO - AVAX,,false,309.2,618.83,0.30937,18.25,1784950122
All Pools,BAT - AVAX,,false,309.2,618.83,0.30937,18.25,1784950122
All Pools,VSN - AVAX,,false,309.2,618.83,0.30937,18.25,1784950122
All Pools,RUNE - AVAX,,false,309.18,618.79,0.30935,18.25,1784950122
All Pools,PC0000097 - AVAX,,false,309.18,618.79,0.30935,18.25,1784950122
All Pools,STRCX - AVAX,,false,309.18,618.79,0.30935,18.25,1784950122
All Pools,EURCV - AVAX,,false,309.18,618.79,0.30935,18.25,1784950122
All Pools,AR - AVAX,,false,309.18,618.79,0.30935,18.25,1784950122
All Pools,SHX - AVAX,,false,309.13,618.68,0.3093,18.25,1784950122
All Pools,SNX - AVAX,,false,309.13,618.68,0.3093,18.25,1784950122
All Pools,WOULD - AVAX,,false,309.13,618.68,0.3093,18.25,1784950122
All Pools,RSR - AVAX,,false,309.13,618.68,0.3093,18.25,1784950122
All Pools,WAL - AVAX,,false,309.13,618.68,0.3093,18.25,1784950122
All Pools,GRX - AVAX,,false,309.09,618.6,0.30926,18.25,1784950122
All Pools,ZEN - AVAX,,false,309.05,618.52,0.30922,18.25,1784950122
All Pools,ARKM - AVAX,,false,309.05,618.52,0.30922,18.25,1784950122
All Pools,USDA - AVAX,,false,309.05,618.52,0.30922,18.25,1784950122
All Pools,WM - AVAX,,false,309.05,618.52,0.30922,18.25,1784950122
All Pools,MUON - AVAX,,false,309.05,618.52,0.30922,18.25,1784950122
All Pools,EXOD - AVAX,,false,309.05,618.52,0.30922,18.25,1784950122
All Pools,S - AVAX,,false,309.02,618.47,0.30919,18.25,1784950122
All Pools,GLM - AVAX,,false,309.02,618.47,0.30919,18.25,1784950122
All Pools,WEMIX - AVAX,,false,309.02,618.47,0.30919,18.25,1784950122
All Pools,CASH - AVAX,,false,308.8,618.02,0.30897,18.25,1784950122
All Pools,THBILL - AVAX,,false,308.8,618.02,0.30897,18.25,1784950122
All Pools,IMX - AVAX,,false,308.8,618.02,0.30897,18.25,1784950122
All Pools,SHFL - AVAX,,false,308.8,618.02,0.30897,18.25,1784950122
All Pools,FARTCOIN - AVAX,,false,308.8,618.02,0.30897,18.25,1784950122
All Pools,CRCLON - AVAX,,false,308.7,617.84,0.30887,18.25,1784950122
All Pools,IP - AVAX,,false,308.7,617.84,0.30887,18.25,1784950122
All Pools,CVX - AVAX,,false,308.7,617.84,0.30887,18.25,1784950122
All Pools,AVUSD - AVAX,,false,308.7,617.84,0.30887,18.25,1784950122
All Pools,USDAT - AVAX,,false,308.7,617.84,0.30887,18.25,1784950122
All Pools,ACRED - AVAX,,false,308.67,617.76,0.30884,18.25,1784950122
All Pools,PC0000023 - AVAX,,false,308.67,617.76,0.30884,18.25,1784950122
All Pools,USDF - AVAX,,false,308.67,617.76,0.30884,18.25,1784950122
All Pools,GOMINING - AVAX,,false,308.67,617.76,0.30884,18.25,1784950122
All Pools,KAITO - AVAX,,false,308.67,617.76,0.30884,18.25,1784950122
All Pools,TIBBIR - AVAX,,false,308.67,617.76,0.30884,18.25,1784950122
All Pools,SENT - AVAX,,false,308.64,617.7,0.30881,18.25,1784950122
All Pools,CHEEMS - AVAX,,false,308.64,617.7,0.30881,18.25,1784950122
All Pools,PC0000015 - AVAX,,false,308.64,617.7,0.30881,18.25,1784950122
All Pools,XEC - AVAX,,false,308.64,617.7,0.30881,18.25,1784950122
All Pools,A - AVAX,,false,308.64,617.7,0.30881,18.25,1784950122
All Pools,O - AVAX,,false,308.63,617.69,0.3088,18.25,1784950122
All Pools,BC - AVAX,,false,308.63,617.69,0.3088,18.25,1784950122
All Pools,ZK - AVAX,,false,308.63,617.69,0.3088,18.25,1784950122
All Pools,SFP - AVAX,,false,308.63,617.69,0.3088,18.25,1784950122
All Pools,FRXUSD - AVAX,,false,308.63,617.69,0.3088,18.25,1784950122
All Pools,AVAX - XAVA,,false,302.84,12349,0.75711,2.24,1784950122
All Pools,OSAK - AVAX,,false,298.19,3163.42,0.74548,8.6,1784950122
All Pools,USDC.e - USDC,,false,292.9,1949.89,0.05908,1.11,1784950122
All Pools,SYN - AVAX,,false,274.98,4050.52,0.68746,6.19,1784950122
All Pools,SolvBTC - BTC.b,,false,270.55,176798,0.13127,0.03,1784950122
All Pools,WTHT - USDC,,false,269.38,318.26,7.565,867.59,1784950122
All Pools,PTOP1300 - BTC.b,,false,252.02,236.81,0.88181,135.92,1784950122
All Pools,XSEED - AVAX,,false,230.23,9268.4,0.57557,2.27,1784950122
All Pools,USDC.e - OT - qiUSDC - 28DEC2023,,false,225.91,4277.85,0.56477,4.82,1784950122
All Pools,AVAX - DOMI,,false,218.5,11046,0.54626,1.8,1784950122
All Pools,APIX - ID,,false,211.68,16900,0.52919,1.14,1784950122
All Pools,PTOP900 - BTC.b,,false,209.02,81.15,0.56695,254.99,1784950122
All Pools,APIX - USDt,,false,204.81,5471.17,0.51202,3.42,1784950122
All Pools,BTC.b - TOPIA,,false,191.84,608.86,0.47961,28.75,1784950122
All Pools,sAVAX - JACK,,false,184.03,274546,0.46007,0.06,1784950122
All Pools,PTOP700 - BTC.b,,false,176.18,209.78,0.23228,40.42,1784950122
All Pools,NXPC - USDC,,false,169.2,112.86,1.39,449.5,1784950122
All Pools,MIM - AVAX,,false,163.96,159744,0.40989,0.09,1784950122
All Pools,SB - AVAX,,false,162.75,5833.22,0.40686,2.55,1784950122
All Pools,PTOP800 - BTC.b,,false,153.75,430.47,0.3306,28.03,1784950122
All Pools,AI - AVAX,,false,133.08,3082.84,0.33269,3.94,1784950122
All Pools,WETH.e - USDC.e,,false,116.83,10988,0.29209,0.97,1784950122
All Pools,PTOP600 - USDC,,false,102.55,364.04,0.14281,14.32,1784950122
All Pools,APIX - USDC,,false,100.56,2734.09,0.25139,3.36,1784950122
All Pools,GMX - AVAX,,false,88.3,37.56,0.27663,268.85,1784950122
All Pools,gOHM - FRAX,,false,84.8,3429.15,0.212,2.26,1784950122
All Pools,HUSKY - AVAX,,false,71.68,2156.73,0.1792,3.03,1784950122
All Pools,PTOP1000 - USDC,,false,71.27,46.8,0.26843,209.34,1784950122
All Pools,AVAX - AMI,,false,69.74,389.53,0.17434,16.34,1784950122
All Pools,w3ULL - AVAX,,false,67.92,46928,0.16979,0.13,1784950122
All Pools,HOWDY - AVAX,,false,63.57,6725.11,0.15893,0.86,1784950122
All Pools,USDC.e - USDC,,false,61.59,480221,0.15397,0.01,1784950122
All Pools,PTOP600 - AVAX,,false,59.79,7.462,0.14665,717.36,1784950122
All Pools,AVAX - JUICE,,false,58.1,9877.85,0.14526,0.54,1784950122
All Pools,L1 - AVAX,,false,57.55,16292,1.235,2.77,1784950122
All Pools,WBTC.e - BTC.b,,false,55.66,558.15,0.02322,1.52,1784950122
All Pools,GURS - AVAX,,false,55.49,5166.98,0.13871,0.98,1784950122
All Pools,KOVIN - AVAX,,false,54.79,2007.72,0.13696,2.49,1784950122
All Pools,USDt - ncash,,false,54.11,1003.65,0.13528,4.92,1784950122
All Pools,JEWEL - USDC,,false,51.54,3735.7,0.12886,1.26,1784950122
All Pools,GUN - AVAX,,false,49.8,15550,0.05176,0.12,1784950122
All Pools,PTOP1300 - TOPIA,,false,49.64,159.3,0.1241,28.44,1784950122
All Pools,PTOP900 - USDC,,false,49.16,79.05,0.11751,54.26,1784950122
All Pools,GRO - AVAX,,false,46.27,184.14,0.11567,22.93,1784950122
All Pools,Gladiator - ARENA,,false,45.37,525.83,0.11344,7.87,1784950122
All Pools,Gladiator - USDC,,false,44.58,319.9,0.11145,12.72,1784950122
All Pools,STG - USDC,,false,44.44,1184.93,0.11109,3.42,1784950122
All Pools,SHRAP - AVAX,,false,41.94,7612.4,0.33768,1.62,1784950122
All Pools,BEAM - AVAX,,false,40.64,381.29,0.10159,9.72,1784950122
All Pools,UST - AVAX,,false,40.53,5623.83,0.10133,0.66,1784950122
All Pools,GUN - BLSEYE🎯,,false,39.55,409.49,0.09888,8.81,1784950122
All Pools,Degen - AVAX,,false,38.42,1291.96,0.09604,2.71,1784950122
All Pools,MIM - SB,,false,38.29,1965.46,0.09573,1.78,1784950122
All Pools,ALOT - AVAX,,false,38.16,9792.46,0.09541,0.36,1784950122
All Pools,AVAX - aXEN,,false,37.38,153.8,0.09346,22.18,1784950122
All Pools,WHEAT - AVAX,,false,36.62,191.97,0.09156,17.41,1784950122
All Pools,TRESR - AVAX,,false,35.2,7482.31,0.088,0.43,1784950122
All Pools,ROCO - AVAX,,false,34.11,1283.52,0.08527,2.42,1784950122
All Pools,GRO - MOR,,false,33.32,7.937,0.08331,383.09,1784950122
All Pools,DAI.e - USDC,,false,31.28,2290.38,0.00655,0.1,1784950122
All Pools,yes - AVAX,,false,31.12,978.6,0.0778,2.9,1784950122
All Pools,ISA - AVAX,,false,31.07,16133,0.07767,0.18,1784950122
All Pools,AVAX - ARENA,,false,29.85,74.4,0.07464,36.62,1784950122
All Pools,PTOP800 - AVAX,,false,28.74,110.17,0.03409,11.3,1784950122
All Pools,PTOP400 - TOPIA,,false,28.56,143.37,0.07139,18.18,1784950122
All Pools,PTOP10000 - AVAX,,false,28.05,9.425,0.06161,238.59,1784950122
All Pools,WHEAT - MOR,,false,26.88,5.999,0.0672,408.89,1784950122
All Pools,BLSEYE🎯 - BEAM,,false,25.99,276.46,0.06496,8.58,1784950122
All Pools,APIX - LAMBO,,false,25.66,366.86,0.06415,6.38,1784950122
All Pools,FITFI - USDT.e,,false,25.29,65.81,0.06322,35.06,1784950122
All Pools,AVAX - UST,,false,23.9,6537.01,0.05975,0.33,1784950122
All Pools,HEFE - AVAX,,false,22.91,25868,0.05726,0.08,1784950122
All Pools,ABC - AVAX,,false,22.18,459.24,0.05544,4.41,1784950122
All Pools,PRIME - AVAX,,false,21.79,133759,0.10437,0.03,1784950122
All Pools,AMI - TOPIA,,false,21.67,229.48,0.05418,8.62,1784950122
All Pools,PNG - AVAX,,false,21.14,768.64,0.05286,2.51,1784950122
All Pools,CHAMP - ARENA,,false,19.68,16.42,0.04919,109.34,1784950122
All Pools,WOLF - AVAX,,false,19.34,26985,0.04836,0.07,1784950122
All Pools,PTOP1300 - AVAX,,false,18.35,16.72,0.03147,68.68,1784950122
All Pools,TOPIA - PTOP600,,false,18.32,155.6,0.04579,10.74,1784950122
All Pools,TOPIA - PTOP10000,,false,18.2,167.3,0.04549,9.92,1784950122
All Pools,XPOW - AVAX,,false,18.09,613.65,0.14498,8.62,1784950122
All Pools,PTOP1100 - BTC.b,,false,17.26,494.53,0.02011,1.48,1784950122
All Pools,STG - AVAX,,false,17.2,971.81,0.04301,1.62,1784950122
All Pools,LINK.e - USDT.e,,false,17.14,223.33,0.04284,7,1784950122
All Pools,AVAX - FRAX,,false,16.6,649.83,0.0415,2.33,1784950122
All Pools,USDC.e - WXT,,false,15.68,185.67,0.03919,7.71,1784950122
All Pools,Balln - AVAX,,false,15.12,4109.61,0.0378,0.34,1784950122
All Pools,PTOP1200 - BTC.b,,false,14.65,442.72,0.01888,1.56,1784950122
All Pools,GUN - AVAX,,false,13.46,183.73,0.03364,6.68,1784950122
All Pools,XPOW - AVAX,,false,12.87,1156.98,0.03217,1.01,1784950122
All Pools,BOI - AVAX,,false,12.43,35.56,0.03107,31.89,1784950122
All Pools,YAK - AVAX,,false,11.84,3097.14,0.02959,0.35,1784950122
All Pools,AVAX - GEC,,false,11.81,25958,0.02952,0.04,1784950122
All Pools,PTOP1100 - TOPIA,,false,11.65,170.72,0.02913,6.23,1784950122
All Pools,FLD - EVB,,false,11.01,4439.04,0.02752,0.23,1784950122
All Pools,AVAX - EVB,,false,10.71,2046.41,0.02679,0.48,1784950122
All Pools,YEEHAW - CHAMP,,false,10.68,928.71,0.02669,1.05,1784950122
All Pools,ISA - USDC.e,,false,10.63,1403.14,0.02658,0.69,1784950122
All Pools,HATCHY - AVAX,,false,10.42,6675.88,0.02605,0.14,1784950122
All Pools,MIM - USDT.e,,false,10.18,1347.8,0.02544,0.69,1784950122
All Pools,TOPIA - PTOP800,,false,9.459,166.77,0.02365,5.18,1784950122
All Pools,YEEHAW - TOPIA,,false,9.367,159.85,0.02342,5.35,1784950122
All Pools,SECOND - USDC,,false,9.063,7011.26,0.02266,0.12,1784950122
All Pools,SECOND - AVAX,,false,9.06,1425.55,0.02265,0.58,1784950122
All Pools,PTOP1000 - TOPIA,,false,8.907,173.79,0.02227,4.68,1784950122
All Pools,PTOP900 - TOPIA,,false,8.761,166.4,0.0219,4.8,1784950122
All Pools,DCAU - USDT.e,,false,8.74,4974.48,0.02185,0.16,1784950122
All Pools,H4SH - AVAX,,false,8.077,4535.64,0.02019,0.16,1784950122
All Pools,TECH - AVAX,,false,8.015,8940.66,0.02004,0.08,1784950122
All Pools,BIG - AVAX,,false,7.908,8846.18,0.01977,0.08,1784950122
All Pools,PTOP1200 - TOPIA,,false,7.871,166.8,0.01968,4.31,1784950122
All Pools,Psychic - AVAX,,false,7.846,859.97,0.01961,0.83,1784950122
All Pools,APOW - AVAX,,false,7.698,1258.17,0.01925,0.56,1784950122
All Pools,BOOTY - AVAX,,false,7.455,1403.95,0.01864,0.48,1784950122
All Pools,MYST - AVAX,,false,7.45,637.53,0.01862,1.07,1784950122
All Pools,AVAX - HON,,false,7.285,47451,0.01821,0.01,1784950122
All Pools,COQ - BLSEYE🎯,,false,7.19,149.63,0.01798,4.38,1784950122
All Pools,AVAX - BGR,,false,6.831,252.95,0.01708,2.46,1784950122
All Pools,HOWDY - ARENA,,false,6.525,52.1,0.01631,11.43,1784950122
All Pools,DCAU - AVAX,,false,6.5,983.93,0.01625,0.6,1784950122
All Pools,RGOGLZ - USDC,,false,6.486,1301.63,0.01622,0.45,1784950122
All Pools,MIM - USDC.e,,false,6.399,685.65,0.016,0.85,1784950122
All Pools,PTOP700 - TOPIA,,false,6.246,150.4,0.01561,3.79,1784950122
All Pools,ORNG - SAI,,false,6.125,108.51,0.01531,5.15,1784950122
All Pools,Psychic - XAUt0,,false,6.089,5752.97,0.01522,0.1,1784950122
All Pools,APOW - XPOW,,false,6.068,1143.63,0.01517,0.48,1784950122
All Pools,AVAX - EROL,,false,5.86,46.2,0,0,1784950122
All Pools,agEUR - USDC,,false,5.338,58.96,0.01335,8.26,1784950122
All Pools,CAI - AVAX,,false,5.207,1208.54,0.01302,0.39,1784950122
All Pools,YUSD - AVAX,,false,4.821,114.49,0.01205,3.84,1784950122
All Pools,AVAX - SPELL,,false,4.814,1800.03,0.01204,0.24,1784950122
All Pools,AVAX - ELK,,false,4.616,1251.58,0.01154,0.34,1784950122
All Pools,JPYC - USDC,,false,4.265,367.94,0.01066,1.06,1784950122
All Pools,HUSKY - AMI,,false,4.21,51.68,0.01052,7.43,1784950122
All Pools,DATCM - ORNG,,false,4.175,227.97,0.01044,1.67,1784950122
All Pools,AVAX - EROL,,false,4.047,24.76,0.01012,14.91,1784950122
All Pools,HUSKY - JOE,,false,3.801,98.06,0.0095,3.54,1784950122
All Pools,ORNG - FLUX,,false,3.785,106.47,0.00946,3.24,1784950122
All Pools,USDC.e - MU,,false,3.614,13164,0.00904,0.03,1784950122
All Pools,MYST - USDC,,false,3.393,217.67,0.00848,1.42,1784950122
All Pools,BLSEYE🎯 - MEOW,,false,3.137,838.65,0.00784,0.34,1784950122
All Pools,YEEHAW - BTC.b,,false,2.877,53.92,0.00719,4.87,1784950122
All Pools,avUSD - sAVAX,,false,2.743,198.34,0.00686,1.26,1784950122
All Pools,MIM - WETH.e,,false,2.731,446.15,0.00683,0.56,1784950122
All Pools,ZRO - AVAX,,false,2.66,131.89,0.00665,1.84,1784950122
All Pools,3QF - D - AVAX,,false,2.66,1290.3,0.00665,0.19,1784950122
All Pools,3QF - D - WETH.e,,false,2.65,2456.77,0.00662,0.1,1784950122
All Pools,BRO - AVAX,,false,2.522,95903,0.0063,0,1784950122
All Pools,AVAX - PEFI,,false,2.477,3112.7,0.00619,0.07,1784950122
All Pools,USV - DAI.e,,false,2.327,3947.33,0.00582,0.05,1784950122
All Pools,SHRAP - DOMI,,false,2.241,152.32,0.0056,1.34,1784950122
All Pools,COQ - COQAI,,false,2.091,18855,0.00523,0.01,1784950122
All Pools,FITFI - AVAX,,false,1.995,5.753,0.00499,31.64,1784950122
All Pools,SWIFT - WETH.e,,false,1.943,1314.77,0.00486,0.13,1784950122
All Pools,USDC - aXEN,,false,1.934,8.468,0.00483,20.84,1784950122
All Pools,FXS - AVAX,,false,1.852,281.72,0.00463,0.6,1784950122
All Pools,PNG - JOE,,false,1.832,112.97,0.00458,1.48,1784950122
All Pools,Psychic - BLACK,,false,1.83,241.76,0.00458,0.69,1784950122
All Pools,ROY - AVAX,,false,1.797,3710.2,0.00449,0.04,1784950122
All Pools,ORNG - MOOM,,false,1.731,184.37,0.00433,0.86,1784950122
All Pools,YEEHAW - HOWDY,,false,1.689,7546.31,0.00422,0.02,1784950122
All Pools,LINK.e - USDC.e,,false,1.682,185.53,0.00421,0.83,1784950122
All Pools,SWIFT - USDC.e,,false,1.668,487.12,0.00417,0.31,1784950122
All Pools,WETH - USDC.e,,false,1.638,205.45,0.00409,0.73,1784950122
All Pools,YAK - USDC.e,,false,1.637,201.34,0.00409,0.74,1784950122
All Pools,XROSS - ORNG,,false,1.546,229.42,0.00386,0.61,1784950122
All Pools,ORNG - JUCI,,false,1.543,239.18,0.00386,0.59,1784950122
All Pools,GURS - ARENA,,false,1.524,6.641,0.00381,20.95,1784950122
All Pools,MaryMagdalene - AVAX,,false,1.497,168.58,0.00374,0.81,1784950122
All Pools,HOWDY - AMI,,false,1.48,1503.16,0.0037,0.09,1784950122
All Pools,JOE - USDT,,false,1.478,273.9,0.0037,0.49,1784950122
All Pools,XAUt0 - NaughtiusMaximus,,false,1.393,880.5,0.00348,0.14,1784950122
All Pools,YOU - ORNG,,false,1.357,1338.24,0.00339,0.09,1784950122
All Pools,MONEY - AVAX,,false,1.34,432.62,0.00335,0.28,1784950122
All Pools,DINO - AVAX,,false,1.286,2717.75,0.00322,0.04,1784950122
All Pools,WETH.e - ONION,,false,1.27,235.01,0.00318,0.49,1784950122
All Pools,USDT.e - ONION,,false,1.269,742.15,0.00317,0.16,1784950122
All Pools,AVAX - NaughtiusMaximus,,false,1.246,325.76,0.00312,0.35,1784950122
All Pools,UST - USDC,,false,1.242,424.89,0.0031,0.27,1784950122
All Pools,GB - AVAX,,false,1.224,1718.16,0.00306,0.07,1784950122
All Pools,CHAMP - AMI,,false,1.209,27.75,0.00302,3.98,1784950122
All Pools,WETH.e - USDT.e,,false,1.174,149.47,0.00294,0.72,1784950122
All Pools,Now - AVAX,,false,1.151,184.92,0.00288,0.57,1784950122
All Pools,AVAX - ELK,,false,1.148,45.14,0.00287,2.32,1784950122
All Pools,ABC - HOWDY,,false,1.144,485.74,0.00286,0.21,1784950122
All Pools,BUSD - AVAX,,false,1.142,330.4,0.00286,0.32,1784950122
All Pools,HOWDY - USDC,,false,1.119,3092.61,0.0028,0.03,1784950122
All Pools,Trinity - AVAX,,false,1.062,702.72,0.00265,0.14,1784950122
All Pools,AAVE.e - REDWOLF,,false,1.058,145.67,0.00265,0.66,1784950122
All Pools,XAUt0 - Now,,false,1.054,560.66,0.00264,0.17,1784950122
All Pools,REDWOLF - AVAX,,false,0.97127,375.1,0.00243,0.24,1784950122
All Pools,COQ - OSAK,,false,0.96872,18.36,0.00242,4.82,1784950122
All Pools,ARENA - MU,,false,0.95571,3.606,0.00239,24.18,1784950122
All Pools,BabyCoq - AVAX,,false,0.9539,1451.08,0.00238,0.06,1784950122
All Pools,REDWOLF - USDC,,false,0.93565,184.04,0.00234,0.46,1784950122
All Pools,BTC.b - IMPACT2,,false,0.92577,1406.5,0.00231,0.06,1784950122
All Pools,aDXN - aXEN,,false,0.92236,5.152,0.00231,16.34,1784950122
All Pools,PTOP500 - TOPIA,,false,0.92195,136.36,0.0023,0.62,1784950122
All Pools,Now - BLACK,,false,0.92007,219.32,0.0023,0.38,1784950122
All Pools,$Td - AVAX,,false,0.9052,3726.94,0.00226,0.02,1784950122
All Pools,oXAUT - AVAX,,false,0.904,400.54,0.00226,0.21,1784950122
All Pools,BTC.b - oXAUT,,false,0.90378,313.93,0.00226,0.26,1784950122
All Pools,APOW - AVAX,,false,0.87086,600.9,0.00218,0.13,1784950122
All Pools,MaryMagdalene - XAUt0,,false,0.84109,1652.11,0.0021,0.05,1784950122
All Pools,aDXN - AVAX,,false,0.83918,55.17,0.0021,1.39,1784950122
All Pools,AVAX - IMPACT2,,false,0.83218,140.69,0.00208,0.54,1784950122
All Pools,USDT.e - CLY,,false,0.82671,176.97,0.00207,0.43,1784950122
All Pools,SWIFT - AVAX,,false,0.80571,231.27,0.00201,0.32,1784950122
All Pools,XAUt0 - ChristMark,,false,0.7804,577.97,0.00195,0.12,1784950122
All Pools,AVAX - ChristMark,,false,0.77752,261.75,0.00194,0.27,1784950122
All Pools,GUN - AMI,,false,0.7567,9.364,0.00189,7.37,1784950122
All Pools,DPS - USDC,,false,0.73775,1808.97,0.00184,0.04,1784950122
All Pools,DPS - AVAX,,false,0.73729,178.91,0.00184,0.38,1784950122
All Pools,VPND - AVAX,,false,0.73319,17230,0.00183,0,1784950122
All Pools,USDC - MXNB,,false,0.71607,16.96,0.00179,3.85,1784950122
All Pools,KRW - AVAX,,false,0.70415,303.94,0.00176,0.21,1784950122
All Pools,MAGICK - USDC,,false,0.70375,224.04,0.00176,0.29,1784950122
All Pools,JOE - KRW,,false,0.70361,144.02,0.00176,0.45,1784950122
All Pools,MAGICK - AVAX,,false,0.70345,273.22,0.00176,0.23,1784950122
All Pools,USDC.e - AVVO,,false,0.68869,222.67,0.00172,0.28,1784950122
All Pools,$Crazy - AVAX,,false,0.68549,703.38,0.00171,0.09,1784950122
All Pools,YEEHAW - AVAX,,false,0.66894,12.42,0.00167,4.92,1784950122
All Pools,AVAX - ONION,,false,0.61483,145.42,0.00154,0.39,1784950122
All Pools,$Td - AMI,,false,0.60604,24.51,0.00152,2.26,1784950122
All Pools,LUNA - USDC.e,,false,0.58697,322.12,0.00147,0.17,1784950122
All Pools,XAUt0 - Gravity,,false,0.57438,310.67,0.00144,0.17,1784950122
All Pools,Trinity - Gravity,,false,0.57068,1663.86,0.00143,0.03,1784950122
All Pools,AVAX - SOCK,,false,0.57034,2310.86,0.00143,0.02,1784950122
All Pools,USDC - SOCK,,false,0.57004,409.81,0.00143,0.13,1784950122
All Pools,HH - ARENA,,false,0.56296,2.143,0.00141,23.97,1784950122
All Pools,HOST - DAI.e,,false,0.55947,2481.03,0.0014,0.02,1784950122
All Pools,HH - AVAX,,false,0.55825,228.05,0.0014,0.22,1784950122
All Pools,BLUB - AVAX,,false,0.55675,11126,0.00139,0,1784950122
All Pools,Ush - AVAX,,false,0.52762,1998.19,0.00132,0.02,1784950122
All Pools,BRO - COQ,,false,0.52586,138.4,0.00131,0.35,1784950122
All Pools,AVAX - MU,,false,0.52528,72.57,0.00131,0.66,1784950122
All Pools,AVAX - CLY,,false,0.52304,21035,0.00131,0,1784950122
All Pools,AVAX - SQRCAT,,false,0.52294,4068.76,0.00131,0.01,1784950122
All Pools,AMI - SQRCAT,,false,0.52232,11.24,0.00131,4.24,1784950122
All Pools,APOW - USDC,,false,0.51682,113.86,0.00129,0.41,1784950122
All Pools,COQ - AMI,,false,0.51324,9.568,0.00128,4.9,1784950122
All Pools,sAVAX - COQ,,false,0.50824,63.13,0.00127,0.73,1784950122
All Pools,MAI - AVAX,,false,0.49842,1414.14,0.00125,0.03,1784950122
All Pools,Trinity - Psychic,,false,0.49194,390.58,0.00123,0.11,1784950122
All Pools,GATOR - ARENA,,false,0.44766,2.18,0.00112,18.74,1784950122
All Pools,SMRTr - AVAX,,false,0.4444,24752,0.00111,0,1784950122
All Pools,SMRTr - USDC.e,,false,0.44371,102.49,0.00111,0.4,1784950122
All Pools,Psychic - Now,,false,0.42352,460.27,0.00106,0.08,1784950122
All Pools,USDT.e - SING,,false,0.42307,1193.84,0.00106,0.03,1784950122
All Pools,AVAX - SMRT,,false,0.41556,1586.87,0.00104,0.02,1784950122
All Pools,AVAX - SING,,false,0.41259,105.89,0.00103,0.36,1784950122
All Pools,USDT.e - SMRT,,false,0.40345,87.37,0.00101,0.42,1784950122
All Pools,DREGG - USDT.e,,false,0.38094,512.79,0,0.07,1784950122
All Pools,DREGG - AVAX,,false,0.3803,143.21,0,0.24,1784950122
All Pools,WBTC.e - USDT.e,,false,0.37479,156.31,0,0.22,1784950122
All Pools,AVAX - CAST,,false,0.37304,1321.4,0,0.03,1784950122
All Pools,Psychic - All,,false,0.36774,235.14,0,0.14,1784950122
All Pools,AVAX - All,,false,0.36676,203.23,0,0.16,1784950122
All Pools,APOW - USDt,,false,0.35471,113.49,0,0.29,1784950122
All Pools,BANKSY - USDT.e,,false,0.34984,1510.75,0,0.02,1784950122
All Pools,BANKSY - AVAX,,false,0.34902,139.42,0,0.23,1784950122
All Pools,Psychic - Prometheus,,false,0.34835,228.82,0,0.14,1784950122
All Pools,AVAX - Prometheus,,false,0.34768,197.21,0,0.16,1784950122
All Pools,SOL - AVAX,,false,0.34294,0.00154,0,20269.29,1784950122
All Pools,AVAX - AVVO,,false,0.33677,223.05,0,0.14,1784950122
All Pools,WBTC.e - ONION,,false,0.33598,354.53,0,0.09,1784950122
All Pools,AVAX - USDT,,false,0.33129,1655.28,0,0.02,1784950122
All Pools,ARENA - AMI,,false,0.32784,1.292,0,23.15,1784950122
All Pools,weETH - AVAX,,false,0.32309,0.28596,0,103.1,1784950122
All Pools,Psychic - Sinterklaas,,false,0.31324,231.12,0,0.12,1784950122
All Pools,USDC - NXUSD,,false,0.30838,3.127,0,9,1784950122
All Pools,NaughtiusMaximus - Seventeen,,false,0.30642,661.72,0,0.04,1784950122
All Pools,AVAX - Seventeen,,false,0.30563,198.34,0,0.14,1784950122
All Pools,COQ - JUICE,,false,0.30082,29.29,0,0.94,1784950122
All Pools,KIWI - USDC,,false,0.29981,298.26,0,0.09,1784950122
All Pools,KIWI - AVAX,,false,0.29961,92.41,0,0.3,1784950122
All Pools,UST - USDC.e,,false,0.29726,659.24,0,0.04,1784950122
All Pools,MaryMagdalene - FollowTheWhiteRabbit,,false,0.29193,152.38,0,0.17,1784950122
All Pools,LadyMary - FollowTheWhiteRabbit,,false,0.29031,433.4,0,0.06,1784950122
All Pools,LadyMary - AVAX,,false,0.29014,246.61,0,0.11,1784950122
All Pools,LUNA - AVAX,,false,0.28702,117.03,0,0.22,1784950122
All Pools,DCAU - USDC,,false,0.2836,142.36,0,0.18,1784950122
All Pools,TSD - AVAX,,false,0.28058,165.05,0,0.16,1784950122
All Pools,MAXI - DAI.e,,false,0.27226,220.42,0,0.11,1784950122
All Pools,meGNX - AVAX,,false,0.26689,12.77,0,1.91,1784950122
All Pools,COQ - ARENA,,false,0.26535,1.093,0,22.15,1784950122
All Pools,YEEHAW - ARENA,,false,0.26247,1.21,0,19.79,1784950122
All Pools,WETH.e - REDWOLF,,false,0.26231,82.38,0,0.29,1784950122
All Pools,AVAX - ZUBAX,,false,0.26015,90.13,0,0.26,1784950122
All Pools,HUSKY - MUG,,false,0.25636,14.13,0,1.66,1784950122
All Pools,Psychic - Jjj,,false,0.25168,234.97,0,0.1,1784950122
All Pools,Jjj - AVAX,,false,0.25101,201.82,0,0.11,1784950122
All Pools,aAvaWAVAX - meGNX,,false,0.24398,2.937,0,7.58,1784950122
All Pools,MIM - MU,,false,0.24307,84.86,0,0.26,1784950122
All Pools,PENGU - AVAX,,false,0.23606,933.69,0,0.02,1784950122
All Pools,CGS - AVAX,,false,0.23304,51.98,0,0.41,1784950122
All Pools,YEEHAW - USDC,,false,0.23262,5.94,0,3.57,1784950122
All Pools,CGS - USDC.e,,false,0.23239,149.43,0,0.14,1784950122
All Pools,Psychic - BlackAndGold,,false,0.22883,235.17,0,0.09,1784950122
All Pools,STATIK - AVAX,,false,0.22855,30.11,0,0.69,1784950122
All Pools,AVAX - BlackAndGold,,false,0.22826,203.17,0,0.1,1784950122
All Pools,Psychic - Meaning,,false,0.22532,229.69,0,0.09,1784950122
All Pools,Meaning - AVAX,,false,0.22483,314.77,0,0.07,1784950122
All Pools,NineHundred - Sinterklaas,,false,0.22259,1147.39,0,0.02,1784950122
All Pools,NineHundred - AVAX,,false,0.22259,95.96,0,0.21,1784950122
All Pools,Psychic - MeaningOfNumbers,,false,0.21324,235.47,0,0.08,1784950122
All Pools,BTC.b - HOWDY,,false,0.21297,63.92,0,0.3,1784950122
All Pools,AVAX - MeaningOfNumbers,,false,0.21267,202.03,0,0.1,1784950122
All Pools,Psychic - Ducks,,false,0.21213,234.67,0,0.08,1784950122
All Pools,Ducks - AVAX,,false,0.21139,201.4,0,0.1,1784950122
All Pools,Gladiator - AVAX,,false,0.21108,1.767,0,10.9,1784950122
All Pools,JOE - EXP,,false,0.20714,10330019,0,0,1784950122
All Pools,Psychic - CommieSukey,,false,0.20515,235.24,0,0.08,1784950122
All Pools,CommieSukey - AVAX,,false,0.20462,202.5,0,0.09,1784950122
All Pools,Psychic - Serpentarius,,false,0.19901,238.14,0,0.08,1784950122
All Pools,Serpentarius - AVAX,,false,0.19833,205.14,0,0.09,1784950122
All Pools,BTC.b - REDWOLF,,false,0.19459,97.28,0,0.18,1784950122
All Pools,SYN - REDWOLF,,false,0.19411,4.121,0,4.3,1784950122
All Pools,Orem - NaughtiusMaximus,,false,0.19215,97.21,0,0.18,1784950122
All Pools,Orem - AVAX,,false,0.19097,72.93,0,0.24,1784950122
All Pools,HOST - AVAX,,false,0.19077,86.55,0,0.2,1784950122
All Pools,DAI.e - ONION,,false,0.19046,331.31,0,0.05,1784950122
All Pools,FTOMB - AVAX,,false,0.18954,6395.58,0,0,1784950122
All Pools,SYMBIOT - AVAX,,false,0.18695,73.13,0,0.23,1784950122
All Pools,Now - √Root,,false,0.18114,617.81,0,0.03,1784950122
All Pools,AVAX - √Root,,false,0.18027,60.41,0,0.27,1784950122
All Pools,USDC.e - ONION,,false,0.17845,370.73,0,0.04,1784950122
All Pools,SHOE - BTC.b,,false,0.17775,1.27,0,12.77,1784950122
All Pools,BOI - MU,,false,0.17621,0.6599,0,24.37,1784950122
All Pools,SYMBIOT - DAI.e,,false,0.17529,439.67,0,0.04,1784950122
All Pools,NOCHILL - AMI,,false,0.17412,3.64,0,4.36,1784950122
All Pools,Psychic - DogL,,false,0.17387,234.86,0,0.07,1784950122
All Pools,DogL - AVAX,,false,0.17333,202.88,0,0.08,1784950122
All Pools,COQ - KOVIN,,false,0.17262,7.941,0,1.98,1784950122
All Pools,Sanskrit - Now,,false,0.1711,618.55,0,0.03,1784950122
All Pools,GENI - AVAX,,false,0.17058,45.83,0,0.34,1784950122
All Pools,GENI - USDC,,false,0.17052,1100.38,0,0.01,1784950122
All Pools,Sanskrit - AVAX,,false,0.17029,60.47,0,0.26,1784950122
All Pools,USDT.e - XAVA,,false,0.16705,10.45,0,1.46,1784950122
All Pools,IMPACT2 - EURC,,false,0.16327,41.91,0,0.36,1784950122
All Pools,WETH.e - USDC,,false,0.16102,20.46,0,0.72,1784950122
All Pools,MaryMagdalene - TheGospelOfMary,,false,0.16053,207.27,0,0.07,1784950122
All Pools,AVAX - TheGospelOfMary,,false,0.15996,111.75,0,0.13,1784950122
All Pools,XPOW - USDC,,false,0.15789,18.51,0,0.78,1784950122
All Pools,MM - USDC,,false,0.15674,49.41,0,0.29,1784950122
All Pools,MM - AVAX,,false,0.1567,65.23,0,0.22,1784950122
All Pools,SPORE - USDC,,false,0.1558,1368.6,0,0.01,1784950122
All Pools,LINDA - AVAX,,false,0.15383,1318.96,0,0.01,1784950122
All Pools,Psychic - NeatestQuackery,,false,0.14994,234.89,0,0.06,1784950122
All Pools,NeatestQuackery - AVAX,,false,0.14951,201.33,0,0.07,1784950122
All Pools,USDC - GAU,,false,0.14512,711.25,0,0.02,1784950122
All Pools,MEOW - AVAX,,false,0.14166,7368.73,0,0,1784950122
All Pools,KALM - AVAX,,false,0.14085,94.74,0,0.14,1784950122
All Pools,KALM - USDC,,false,0.1408,76.71,0,0.17,1784950122
All Pools,MIM - USDC,,false,0.13935,26.44,0,0.48,1784950122
All Pools,SLUSH - USDT.e,,false,0.13684,54.97,0,0.23,1784950122
All Pools,SLUSH - AVAX,,false,0.13648,44.5,0,0.28,1784950122
All Pools,DCAU - MIM,,false,0.13574,99.73,0,0.12,1784950122
All Pools,KIMBO - AMI,,false,0.13517,2.705,0,4.56,1784950122
All Pools,USDt - RUX,,false,0.13331,16072,0,0,1784950122
All Pools,RUX - AVAX,,false,0.13307,25.18,0,0.48,1784950122
All Pools,MaryMagdalene - BrideOfChrist,,false,0.13199,89.33,0,0.13,1784950122
All Pools,50 - AVAX,,false,0.13178,58.53,0,0.21,1784950122
All Pools,50 - USDC,,false,0.13175,111.6,0,0.11,1784950122
All Pools,miMatic - USDC.e,,false,0.13174,22.18,0,0.54,1784950122
All Pools,WOLF - AMI,,false,0.13068,2.674,0,4.46,1784950122
All Pools,UNIQOC - AVAX,,false,0.12999,778.25,0,0.02,1784950122
All Pools,Light - Now,,false,0.12728,619.21,0,0.02,1784950122
All Pools,Light - AVAX,,false,0.12679,60.55,0,0.19,1784950122
All Pools,3ULL - AVAX,,false,0.12448,54,0,0.21,1784950122
All Pools,Kryptonite - NaughtiusMaximus,,false,0.12423,97.73,0,0.12,1784950122
All Pools,UNIQOC - COQ,,false,0.12407,36.22,0,0.31,1784950122
All Pools,BOI - AMI,,false,0.12376,0.48164,0,23.45,1784950122
All Pools,AVAX - Kryptonite,,false,0.12373,73.27,0,0.15,1784950122
All Pools,USDt - XPOW,,false,0.12232,18.46,0,0.6,1784950122
All Pools,USDC.e - NXUSD,,false,0.11751,1.458,0,7.36,1784950122
All Pools,SYN - USDC.e,,false,0.11629,2.133,0,4.97,1784950122
All Pools,AVAX - SNOB,,false,0.11089,724.11,0,0.01,1784950122
All Pools,CQK - USDC,,false,0.11039,30.53,0,0.33,1784950122
All Pools,CQK - AVAX,,false,0.11017,94.24,0,0.11,1784950122
All Pools,USDC.e - WISE,,false,0.10914,41.01,0,0.24,1784950122
All Pools,AVAX - WISE,,false,0.10893,58.12,0,0.17,1784950122
All Pools,HATCHY - AMI,,false,0.10664,2.967,0,3.28,1784950122
All Pools,SOL - USDC,,false,0.10491,20.33,0,0.47,1784950122
All Pools,APOW - USDC,,false,0.10226,20.71,0,0.45,1784950122
All Pools,USDC - WSPP,,false,0.0983,41.89,0,0.21,1784950122
All Pools,Wormhole - NaughtiusMaximus,,false,0.09774,97.02,0,0.09,1784950122
All Pools,ZUBAX - USDT.e,,false,0.0972,171.73,0,0.05,1784950122
All Pools,Wormhole - AVAX,,false,0.09708,72.73,0,0.12,1784950122
All Pools,USDC.e - SOL,,false,0.09644,34.49,0,0.26,1784950122
All Pools,APOW - USDt,,false,0.09593,20.71,0,0.42,1784950122
All Pools,Psychic - DéjàVu,,false,0.09551,142.71,0,0.06,1784950122
All Pools,Mungo - AVAX,,false,0.09533,27.93,0,0.31,1784950122
All Pools,DéjàVu - Mungo,,false,0.09533,124.68,0,0.07,1784950122
All Pools,AVAI - AVAX,,false,0.0951,19.18,0,0.45,1784950122
All Pools,AMI - COQAI,,false,0.09366,2.941,0,2.91,1784950122
All Pools,USDt - USDT.e,,false,0.0921,20387,0,0,1784950122
All Pools,USDC - BVAX,,false,0.0918,25.33,0,0.33,1784950122
All Pools,USDt - MILO,,false,0.09127,13.85,0,0.6,1784950122
All Pools,AVAX - MILO,,false,0.09102,766.22,0,0.01,1784950122
All Pools,USDt - IMPACT2,,false,0.09061,71.8,0,0.12,1784950122
All Pools,AVAX - Sinterklaas,,false,0.08949,95.76,0,0.09,1784950122
All Pools,USDC - USD+,,false,0.08746,27.78,0,0.29,1784950122
All Pools,COQ - OX,,false,0.08652,11766,0,0,1784950122
All Pools,NOCHILL - OX,,false,0.08546,10972,0,0,1784950122
All Pools,ZRO - USDC,,false,0.08292,4.498,0,1.68,1784950122
All Pools,VEE - USDC,,false,0.08254,30.84,0,0.24,1784950122
All Pools,MIM - GRAPE,,false,0.08213,94.42,0,0.08,1784950122
All Pools,KLO - AVAX,,false,0.08187,9767.86,0,0,1784950122
All Pools,GLOBA - AVAX,,false,0.07975,38.71,0,0.19,1784950122
All Pools,WETH.e - SURE,,false,0.07817,872.74,0,0.01,1784950122
All Pools,UST - USDT.e,,false,0.07728,37.47,0,0.19,1784950122
All Pools,Psychic - Strength,,false,0.0753,54.33,0,0.13,1784950122
All Pools,AVAX - Strength,,false,0.07503,96.9,0,0.07,1784950122
All Pools,GLOBA - DAI.e,,false,0.07482,46.67,0,0.15,1784950122
All Pools,KIMBO - KOVIN,,false,0.07438,3.018,0,2.25,1784950122
All Pools,LUNA - USDC.e,,false,0.07431,626.71,0,0.01,1784950122
All Pools,KOVIN - MU,,false,0.07361,2.297,0,2.92,1784950122
All Pools,USDC - SDOG,,false,0.0735,357.08,0,0.02,1784950122
All Pools,MIM - SDOG,,false,0.07332,79.53,0,0.08,1784950122
All Pools,LINK.e - REDWOLF,,false,0.07325,69.68,0,0.1,1784950122
All Pools,ABC - AMI,,false,0.07244,2.659,0,2.49,1784950122
All Pools,AVAX - ZABU,,false,0.07184,22.89,0,0.29,1784950122
All Pools,MaryMagdalene - RoselineBloodline,,false,0.07182,35.42,0,0.19,1784950122
All Pools,RoselineBloodline - AVAX,,false,0.0714,30.87,0,0.21,1784950122
All Pools,BrideOfChrist - AVAX,,false,0.06876,61.15,0,0.1,1784950122
All Pools,SPC - DAI.e,,false,0.06732,20.36,0,0.3,1784950122
All Pools,ORNG - JUICE,,false,0.06702,1.439,0,4.25,1784950122
All Pools,BENSI - AMI,,false,0.06524,2.328,0,2.56,1784950122
All Pools,Avaxdog - AVAX,,false,0.06463,2.529,0,2.33,1784950122
All Pools,TECH - AMI,,false,0.06445,1.754,0,3.35,1784950122
All Pools,MIM - PEFI,,false,0.06395,58.35,0,0.1,1784950122
All Pools,BrideOfChrist - BLACK,,false,0.0628,16.28,0,0.35,1784950122
All Pools,USDC - yyAVAX,,false,0.06121,11.85,0,0.47,1784950122
All Pools,NOCHILL - ARENA,,false,0.06074,0.34433,0,16.1,1784950122
All Pools,CANS - AVAX,,false,0.06013,7.916,0,0.69,1784950122
All Pools,KIMBO - CANS,,false,0.05998,214.9,0,0.03,1784950122
All Pools,YEEHAW - AMI,,false,0.05985,3.716,0,1.47,1784950122
All Pools,USDT.e - DUO,,false,0.05928,50.03,0,0.11,1784950122
All Pools,AVAX - DUO,,false,0.05915,51.14,0,0.11,1784950122
All Pools,Psychic - Go,,false,0.05878,54.07,0,0.1,1784950122
All Pools,Go - AVAX,,false,0.05859,96.72,0,0.06,1784950122
All Pools,METAG - USDT.e,,false,0.05829,46.82,0,0.11,1784950122
All Pools,AVVO - DAI.e,,false,0.058,34.29,0,0.15,1784950122
All Pools,METAG - AVAX,,false,0.05795,19.13,0,0.28,1784950122
All Pools,MIM - DAI.e,,false,0.05787,17.39,0,0.3,1784950122
All Pools,COQ - NOCHILL,,false,0.05678,8.736,0,0.59,1784950122
All Pools,DFIAT - USDT.e,,false,0.05674,26.26,0,0.2,1784950122
All Pools,gOHM - SB,,false,0.05671,16.84,0,0.31,1784950122
All Pools,DFIAT - AVAX,,false,0.05661,5788.16,0,0,1784950122
All Pools,GATOR - AMI,,false,0.05477,3.796,0,1.32,1784950122
All Pools,AMI - MU,,false,0.05395,1.413,0,3.49,1784950122
All Pools,LINK.e - MU,,false,0.05279,6.954,0,0.69,1784950122
All Pools,HEFE - AMI,,false,0.05212,2.192,0,2.17,1784950122
All Pools,MELT - USDT.e,,false,0.05189,29.14,0,0.16,1784950122
All Pools,SYN - USDT.e,,false,0.05175,1.137,0,4.15,1784950122
All Pools,MELT - AVAX,,false,0.05159,19.45,0,0.24,1784950122
All Pools,JPYC - USDC.e,,false,0.05145,5.003,0,0.94,1784950122
All Pools,SHOE - AMI,,false,0.04914,0.33569,0,13.36,1784950122
All Pools,SUB - USDC,,false,0.04656,11.17,0,0.38,1784950122
All Pools,SPECTA - AVAX,,false,0.04648,6.53,0,0.65,1784950122
All Pools,Psychic - Christmas,,false,0.04638,32.23,0,0.13,1784950122
All Pools,USDC - SHRAP,,false,0.04635,20.18,0,0.21,1784950122
All Pools,Degen - AMI,,false,0.04627,0.80795,0,5.23,1784950122
All Pools,Christmas - AVAX,,false,0.04623,172.03,0,0.02,1784950122
All Pools,SPECTA - USDC.e,,false,0.04583,17.39,0,0.24,1784950122
All Pools,BTC.b - MU,,false,0.04572,10.04,0,0.42,1784950122
All Pools,USDt - DXN,,false,0.04552,213.41,0,0.02,1784950122
All Pools,BTC.b - USDC,,false,0.04544,4.225,0,0.98,1784950122
All Pools,GAINS - AVAX,,false,0.04542,29.29,0,0.14,1784950122
All Pools,SYN - WETH.e,,false,0.04513,1.054,0,3.91,1784950122
All Pools,AMI - DEGEN404,,false,0.04508,0.77333,0,5.32,1784950122
All Pools,Degen - DEGEN404,,false,0.04448,213.37,0,0.02,1784950122
All Pools,SURE - DAI.e,,false,0.04394,24.62,0,0.16,1784950122
All Pools,AVAX - aSOCK,,false,0.04374,9.478,0,0.42,1784950122
All Pools,AMI - aSOCK,,false,0.04345,1.75,0,2.27,1784950122
All Pools,COQ - REDWOLF,,false,0.0433,8.935,0,0.44,1784950122
All Pools,XAUt0 - ElvisJackpot,,false,0.04283,283.1,0,0.01,1784950122
All Pools,MIM - VOLT,,false,0.04283,12.44,0,0.31,1784950122
All Pools,USDt - REDWOLF,,false,0.04277,13.53,0,0.29,1784950122
All Pools,WLRS - GRAPE,,false,0.04263,7.758,0,0.5,1784950122
All Pools,AMI - EROL,,false,0.04242,0.42812,0,9.04,1784950122
All Pools,AVAI - USDC.e,,false,0.04214,26.36,0,0.15,1784950122
All Pools,WLRS - USDC.e,,false,0.04213,3882.84,0,0,1784950122
All Pools,ElvisJackpot - BLACK,,false,0.04197,9.545,0,0.4,1784950122
All Pools,miMatic - AVAX,,false,0.04186,29.06,0,0.13,1784950122
All Pools,LOST - AVAX,,false,0.0414,1127.13,0,0,1784950122
All Pools,Gladiator - AMI,,false,0.04135,1.415,0,2.67,1784950122
All Pools,JOE - ZUBAX,,false,0.04,6.368,0,0.57,1784950122
All Pools,AVAX - LYLY,,false,0.03978,49.16,0,0.07,1784950122
All Pools,MU - COQAI,,false,0.03927,5.359,0,0.67,1784950122
All Pools,TECH - OX,,false,0.03808,4454.77,0,0,1784950122
All Pools,DAI.e - VOLT,,false,0.03772,39.39,0,0.09,1784950122
All Pools,WETH.e - yyAVAX,,false,0.03678,14.29,0,0.23,1784950122
All Pools,GURS - AMI,,false,0.03556,1.374,0,2.36,1784950122
All Pools,HIGHER - AVAX,,false,0.03411,1.215,0,2.56,1784950122
All Pools,FLAKE - USDT.e,,false,0.03322,47.97,0,0.06,1784950122
All Pools,FLAKE - AVAX,,false,0.03309,16.7,0,0.18,1784950122
All Pools,SHERPA - AVAX,,false,0.03291,88.87,0,0.03,1784950122
All Pools,GAINS - Degen,,false,0.03264,1.376,0,2.16,1784950122
All Pools,LIBRE - USDC.e,,false,0.03243,12.01,0,0.25,1784950122
All Pools,AVAX - MUG,,false,0.03227,239.37,0,0.01,1784950122
All Pools,gOHM - wsOHM,,false,0.03162,16.04,0,0.18,1784950122
All Pools,SURE - USDC.e,,false,0.03158,21.15,0,0.14,1784950122
All Pools,wsOHM - AVAX,,false,0.03137,7.189,0,0.4,1784950122
All Pools,BNB - AVAX,,false,0.03135,2682.07,0,0,1784950122
All Pools,MIM - TIME,,false,0.02925,22.25,0,0.12,1784950122
All Pools,Anon - AVAX,,false,0.02923,7.319,0,0.36,1784950122
All Pools,AVAX - TIME,,false,0.02922,534.5,0,0,1784950122
All Pools,WABBIT - AVAX,,false,0.02866,3970.16,0,0,1784950122
All Pools,GMX - USDC,,false,0.02823,0.89068,0,2.89,1784950122
All Pools,COQ - LYLY,,false,0.02797,10.08,0,0.25,1784950122
All Pools,TOMB - USDC,,false,0.02773,9.764,0,0.26,1784950122
All Pools,MAI - TOMB,,false,0.02767,113.47,0,0.02,1784950122
All Pools,WABBIT - AMI,,false,0.02759,0.85757,0,2.94,1784950122
All Pools,SNP - AVAX,,false,0.02732,7.812,0,0.32,1784950122
All Pools,COQ - SNP,,false,0.02715,17.32,0,0.14,1784950122
All Pools,HIGHER - AMI,,false,0.02699,2.194,0,1.12,1784950122
All Pools,USDC - AMI,,false,0.02616,0.56714,0,4.21,1784950122
All Pools,AVAX - NXUSD,,false,0.02581,0.36018,0,6.54,1784950122
All Pools,MCV - AVAX,,false,0.02525,273.66,0,0.01,1784950122
All Pools,BTC.b - GMX,,false,0.02519,1.384,0,1.66,1784950122
All Pools,COQ - MCV,,false,0.02512,6.485,0,0.35,1784950122
All Pools,JOE - ZABU,,false,0.02441,12.74,0,0.17,1784950122
All Pools,AVAX - SPT,,false,0.02441,0.15729,0,14.16,1784950122
All Pools,WINK - AVAX,,false,0.02404,41.86,0,0.05,1784950122
All Pools,USDC - SPT,,false,0.02303,0.21373,0,9.83,1784950122
All Pools,BTC.b - yyAVAX,,false,0.02263,4.136,0,0.5,1784950122
All Pools,CRAFT - AVAX,,false,0.0217,278.98,0,0.01,1784950122
All Pools,JOE - aXEN,,false,0.02131,0.16168,0,12.03,1784950122
All Pools,BEAM - MU,,false,0.02122,0.97713,0,1.98,1784950122
All Pools,JOE - CRA,,false,0.02009,6.827,0,0.27,1784950122
All Pools,CRA - AVAX,,false,0.02001,6889.99,0,0,1784950122
All Pools,SUB - AVAX,,false,0.01894,14.36,0,0.12,1784950122
All Pools,AMI - JUICY,,false,0.0188,0.54847,0,3.13,1784950122
All Pools,AVAXAI - USDC,,false,0.01797,1433.24,0,0,1784950122
All Pools,AVAX - BAVA,,false,0.01734,8.363,0,0.19,1784950122
All Pools,COQ - BOOTY,,false,0.01725,6.736,0,0.23,1784950122
All Pools,AVAX - AXIAL,,false,0.01688,571.36,0,0,1784950122
All Pools,AVAX - GAU,,false,0.01644,4.746,0,0.32,1784950122
All Pools,Balln - AMI,,false,0.01644,0.54564,0,2.75,1784950122
All Pools,ERROR - AMI,,false,0.01643,2.048,0,0.73,1784950122
All Pools,COQ - MU,,false,0.01627,3.599,0,0.41,1784950122
All Pools,FITFI - USDC,,false,0.01611,0.07825,0,18.79,1784950122
All Pools,gOHM - JOE,,false,0.01536,3.187,0,0.44,1784950122
All Pools,ZUM - NOCHILL,,false,0.01469,0.74053,0,1.81,1784950122
All Pools,AAVE.e - meGNX,,false,0.01455,3.535,0,0.38,1784950122
All Pools,DADDY - USDT.e,,false,0.01388,16.92,0,0.07,1784950122
All Pools,Quet - AVAX,,false,0.01379,0.12483,0,10.08,1784950122
All Pools,DADDY - AVAX,,false,0.01366,0.73592,0,1.69,1784950122
All Pools,MEOW - AMI,,false,0.01341,0.3443,0,3.55,1784950122
All Pools,Quet - ARENA,,false,0.01304,0.50904,0,2.34,1784950122
All Pools,AVAX - JUICY,,false,0.01302,1759.39,0,0,1784950122
All Pools,CNR - USDC,,false,0.01288,4.388,0,0.27,1784950122
All Pools,DWC - MU,,false,0.01285,2.666,0,0.44,1784950122
All Pools,AVAX - DWC,,false,0.01277,3892.14,0,0,1784950122
All Pools,SMRT - XAVA,,false,0.01257,2.177,0,0.53,1784950122
All Pools,AVAX - KET,,false,0.01247,20.42,0,0.06,1784950122
All Pools,USDR - USDC,,false,0.01241,39.78,0,0.03,1784950122
All Pools,WETH.e - USDR,,false,0.0123,2.419,0,0.46,1784950122
All Pools,AAVE.e - USDT.e,,false,0.01215,2.579,0,0.43,1784950122
All Pools,Psychic - Lock,,false,0.01206,46.4,0,0.02,1784950122
All Pools,Psychic - WhoWho,,false,0.01204,46.41,0,0.02,1784950122
All Pools,Psychic - IAmThatIAm,,false,0.01201,46.42,0,0.02,1784950122
All Pools,Psychic - KekiusMaximus,,false,0.012,46.42,0,0.02,1784950122
All Pools,Psychic - ElmoSunkGematria,,false,0.01199,46.43,0,0.02,1784950122
All Pools,Lock - BLACK,,false,0.01185,1.175,0,0.92,1784950122
All Pools,WhoWho - BLACK,,false,0.01183,1.172,0,0.92,1784950122
All Pools,BLACK - IAmThatIAm,,false,0.0118,1.171,0,0.92,1784950122
All Pools,Psychic - Artemis,,false,0.01179,46.55,0,0.02,1784950122
All Pools,KekiusMaximus - BLACK,,false,0.01178,1.171,0,0.92,1784950122
All Pools,BLACK - ElmoSunkGematria,,false,0.01178,1.169,0,0.92,1784950122
All Pools,DAI.e - NXUSD,,false,0.01166,0.18572,0,5.73,1784950122
All Pools,Artemis - BLACK,,false,0.01159,1.186,0,0.89,1784950122
All Pools,GAINS - KOVIN,,false,0.01159,0.42712,0,2.48,1784950122
All Pools,QI - LYLY,,false,0.01158,1.704,0,0.62,1784950122
All Pools,CAI - AMI,,false,0.01146,0.36029,0,2.9,1784950122
All Pools,AVAX - BLACK,,false,0.01096,3.024,0,0.33,1784950122
All Pools,WOLF - MU,,false,0.01078,3.836,0,0.26,1784950122
All Pools,CATWIF - MU,,false,0.01051,2.85,0,0.34,1784950122
All Pools,CATWIF - AVAX,,false,0.01051,2181.31,0,0,1784950122
All Pools,Psychic - KatzJoel,,false,0.01049,46.4,0,0.02,1784950122
All Pools,NOCHILL - MU,,false,0.01048,1.522,0,0.63,1784950122
All Pools,AVAX - WSPP,,false,0.01041,2.27,0,0.42,1784950122
All Pools,SHOE - COQ,,false,0.01032,0.06591,0,14.29,1784950122
All Pools,KatzJoel - BLACK,,false,0.01025,1.173,0,0.8,1784950122
All Pools,BTC.b - SPT,,false,0.01002,0.15748,0,5.81,1784950122
All Pools,NRK - DAI.e,,false,0.00978,282.5,0,0,1784950122
All Pools,AMPL - AVAX,,false,0.00963,200.53,0,0,1784950122
All Pools,RUG - DAI.e,,false,0.00962,0.73146,0,1.2,1784950122
All Pools,PUSH - AVAX,,false,0.0091,0.36762,0,2.26,1784950122
All Pools,HERESY - MEOW,,false,0.00903,0.2358,0,3.49,1784950122
All Pools,KOKSAL - USDC,,false,0.00883,4.404,0,0.18,1784950122
All Pools,KOKSAL - AVAX,,false,0.00879,2.694,0,0.3,1784950122
All Pools,GURS - NOCHILL,,false,0.00872,1.136,0,0.7,1784950122
All Pools,AAVE.e - USDC.e,,false,0.0086,1.245,0,0.63,1784950122
All Pools,AI9000 - MU,,false,0.00813,1.028,0,0.72,1784950122
All Pools,AI9000 - AVAX,,false,0.0081,205.56,0,0,1784950122
All Pools,sAVAX - AMI,,false,0.00804,0.27397,0,2.68,1784950122
All Pools,JOE - REDWOLF,,false,0.00773,2.679,0,0.26,1784950122
All Pools,QI - REDWOLF,,false,0.00767,1.083,0,0.65,1784950122
All Pools,XAVA - HON,,false,0.00731,1.089,0,0.61,1784950122
All Pools,BAWLS - AVAX,,false,0.00704,11.26,0,0.06,1784950122
All Pools,KIMBO - COQ,,false,0.00691,1.014,0,0.62,1784950122
All Pools,JOE - QI,,false,0.0069,0.53932,0,1.17,1784950122
All Pools,QI - USDC.e,,false,0.00683,0.61482,0,1.01,1784950122
All Pools,YEEHAW - Gladiator,,false,0.00643,0.10734,0,5.47,1784950122
All Pools,xARENA - ARENA,,false,0.00642,1.406,0,0.42,1784950122
All Pools,xARENA - AVAX,,false,0.00638,0.06283,0,9.26,1784950122
All Pools,yes - ARENA,,false,0.00623,0.04641,0,12.24,1784950122
All Pools,USDt - USDC.e,,false,0.00618,14.16,0,0.04,1784950122
All Pools,GMX - JOE,,false,0.00604,0.31206,0,1.77,1784950122
All Pools,JOE - AMI,,false,0.00602,0.16233,0,3.38,1784950122
All Pools,HOWDY - WINE,,false,0.00586,0.11097,0,4.82,1784950122
All Pools,AIVAX - AMI,,false,0.00557,0.09695,0,5.25,1784950122
All Pools,USDC - MU,,false,0.00555,0.33704,0,1.5,1784950122
All Pools,WINE - AVAX,,false,0.00551,749.62,0,0,1784950122
All Pools,DEV - ARENA,,false,0.00551,0.04517,0,11.12,1784950122
All Pools,DEV - AVAX,,false,0.00548,3.257,0,0.15,1784950122
All Pools,YAK - USDT.e,,false,0.00543,0.50936,0,0.97,1784950122
All Pools,3ULL - USDC,,false,0.00542,0.54515,0,0.91,1784950122
All Pools,HUSKY - aXEN,,false,0.00537,0.04526,0,10.84,1784950122
All Pools,3ULL - AVAX,,false,0.00536,32.65,0,0.01,1784950122
All Pools,UNIQOC - Degen,,false,0.00532,0.19963,0,2.43,1784950122
All Pools,WBTC.e - USDC,,false,0.00521,0.40092,0,1.19,1784950122
All Pools,JPYC - AVAX,,false,0.00509,0.23828,0,1.95,1784950122
All Pools,FITFI - USDC.e,,false,0.00509,0.04181,0,11.1,1784950122
All Pools,ALPHAZERO - USDT.e,,false,0.00501,2.03,0,0.23,1784950122
All Pools,AMI - KONG,,false,0.005,0.28806,0,1.58,1784950122
All Pools,GMX - USDt,,false,0.00496,0.36977,0,1.22,1784950122
All Pools,FINANCE - NOCHILL,,false,0.00469,387.55,0,0,1784950122
All Pools,SUB - USDC,,false,0.00468,69.22,0,0.01,1784950122
All Pools,KANA - USDC,,false,0.00465,0.41722,0,1.02,1784950122
All Pools,SUB - AVAX,,false,0.00463,0.41668,0,1.01,1784950122
All Pools,KANA - AVAX,,false,0.0046,763.39,0,0,1784950122
All Pools,USDC.e - XAVA,,false,0.00448,0.33295,0,1.23,1784950122
All Pools,YEEHAW - ABC,,false,0.00399,0.25256,0,1.44,1784950122
All Pools,SolarDAO - USDT.e,,false,0.00395,1.989,0,0.18,1784950122
All Pools,AUX - USDC,,false,0.00395,633.08,0,0,1784950122
All Pools,AUX - AVAX,,false,0.00389,0.29909,0,1.19,1784950122
All Pools,SolarDAO - AVAX,,false,0.00389,0.31692,0,1.12,1784950122
All Pools,Naughty - HIGHER,,false,0.00376,0.29488,0,1.16,1784950122
All Pools,FEED - AMI,,false,0.00371,0.14697,0,2.3,1784950122
All Pools,Naughty - AVAX,,false,0.0037,163.07,0,0,1784950122
All Pools,FEED - AVAX,,false,0.00362,5444.84,0,0,1784950122
All Pools,USDC - USDT.e,,false,0.0034,154.35,0,0,1784950122
All Pools,UST - UST,,false,0.00336,1.418,0,0.22,1784950122
All Pools,YEEHAW - xAVAX,,false,0.00324,0.21929,0,1.35,1784950122
All Pools,xAVAX - AVAX,,false,0.00317,0.53348,0,0.54,1784950122
All Pools,PUSH - AMI,,false,0.00317,0.115,0,2.51,1784950122
All Pools,HIGHER - Degen,,false,0.00315,0.07269,0,3.95,1784950122
All Pools,WETH.e - SPELL,,false,0.00309,0.2041,0,1.38,1784950122
All Pools,sAVAX - USDC,,false,0.00308,0.44371,0,0.63,1784950122
All Pools,ARENA - JUICY,,false,0.00299,0.0261,0,10.46,1784950122
All Pools,ABOB - AMI,,false,0.00296,0.09759,0,2.76,1784950122
All Pools,ABOB - AVAX,,false,0.00287,568.48,0,0,1784950122
All Pools,LINK.e - SPELL,,false,0.00259,0.12904,0,1.83,1784950122
All Pools,AVAX - WXT,,false,0.00254,0.0158,0,14.68,1784950122
All Pools,CAPY - AVAX,,false,0.00252,0.00951,0,24.14,1784950122
All Pools,USDC - BFG,,false,0.00247,0.13791,0,1.64,1784950122
All Pools,AVAX - BFG,,false,0.00242,1.11,0,0.2,1784950122
All Pools,KIMBO - MU,,false,0.00194,0.0731,0,2.42,1784950122
All Pools,JOE - MU,,false,0.00171,0.07296,0,2.14,1784950122
All Pools,SD - AMI,,false,0.00156,4.06,0,0.04,1784950122
All Pools,wMEMO - AVAX,,false,0.00155,6.113,0,0.02,1784950122
All Pools,JOE - CNR,,false,0.00148,0.71526,0,0.19,1784950122
All Pools,HUSKY - SMRTr,,false,0.00139,0.04017,0,3.16,1784950122
All Pools,BTC.b - USDt,,false,0.00136,0.13669,0,0.91,1784950122
All Pools,MUMO - AVAX,,false,0.00131,0.14407,0,0.83,1784950122
All Pools,BTC.b - MUMO,,false,0.00129,4.204,0,0.03,1784950122
All Pools,TURBO - AVAX,,false,0.00125,3.564,0,0.03,1784950122
All Pools,MOR - USDC.e,,false,0.00123,0,0,151.84,1784950122
All Pools,AQUID - ARENA,,false,0.00122,0.01159,0,9.64,1784950122
All Pools,KIOO - AVAX,,false,0.00118,391.56,0,0,1784950122
All Pools,COQ - USDt,,false,0.00108,0.04328,0,2.28,1784950122
All Pools,HUSKY - TRESR,,false,0.00101,0.02216,0,4.14,1784950122
All Pools,WABBIT - MU,,false,0,0.08835,0,0.9,1784950122
All Pools,ABC - MU,,false,0,0.05029,0,1.51,1784950122
All Pools,GGP - AMI,,false,0,0.00638,0,9.95,1784950122
All Pools,Quet - WETH.e,,false,0,0.02188,0,2.77,1784950122
All Pools,BTC.b - WETH.e,,false,0,0.43733,0,0.13,1784950122
All Pools,BIRD - AVAX,,false,0,0.00813,0,5.65,1784950122
All Pools,STICK - ARENA,,false,0,0.00124,0,33.76,1784950122
All Pools,YETI - AVAX,,false,0,635.04,0,0,1784950122
All Pools,AVAX - STICK,,false,0,1083.43,0,0,1784950122
All Pools,MEAT - AVAX,,false,0,2917.24,0,0,1784950122
All Pools,FATE - USDC,,false,0,433454,0,0,1784950122
All Pools,DONT_BUY - AVAX,,false,0,0,0,10.14,1784950122
All Pools,BabyCoq - BBC,,false,0,0,0,0.02,1784950122
All Pools,WOLF - BBC,,false,0,0.07175,0,0,1784950122