filter,pool_name,fee_percent,has_rewards,volume_24h,liquidity,fees_24h,apr_24h,epoch_time
All Pools,AVAX - USDC,,False,745822.0,404410.0,381.47,34.43,1784766532
All Pools,sAVAX - AVAX,,False,188755.0,52036.0,21.44,15.04,1784766532
All Pools,sAVAX - AVAX,,False,128513.0,53343.0,129.36,88.52,1784766532
All Pools,ARENA - AVAX,,False,106573.0,107242.0,10.63,3.62,1784766532
All Pools,AUSD - USDC,,False,76466.0,117561.0,7.817,2.43,1784766532
All Pools,BTC.b - USDC,,False,41187.0,598198.0,26.65,1.63,1784766532
All Pools,SIERRA - USDC,,False,24898.0,161285.0,27.57,6.24,1784766532
All Pools,XAUt0 - USDt,,False,24268.0,28061.0,10.55,13.72,1784766532
All Pools,JOE - USDC.e,,False,17398.0,263134.0,43.5,6.03,1784766532
All Pools,COQ - AVAX,,False,14676.0,438804.0,36.69,3.05,1784766532
All Pools,AAVE.e - AVAX,,False,13875.0,266168.0,34.69,4.76,1784766532
All Pools,USDt - USDC,,False,11824.0,163131.0,0.94704,0.21,1784766532
All Pools,JOE - AVAX,,False,10916.0,216264.0,27.29,4.61,1784766532
All Pools,AVAX - USDC,,False,10409.0,348630.0,26.02,2.72,1784766532
All Pools,AVAX - USDT.e,,False,9382.01,473729.0,23.46,1.81,1784766532
All Pools,USDt - USDC,,False,8679.09,160448.0,0.60887,0.14,1784766532
All Pools,USDC.e - USDC,,False,8355.48,9743.94,0.83716,3.14,1784766532
All Pools,USDC.e - AVAX,,False,7849.34,368499.0,19.62,1.94,1784766532
All Pools,AVAX - USDt,,False,7581.64,100852.0,15.26,5.52,1784766532
All Pools,FOLKS - AVAX,,False,6759.61,36493.0,17.2,17.2,1784766532
All Pools,USDT.e - USDt,,False,6662.43,44587.0,1.337,1.09,1784766532
All Pools,USDC - XAVA,,False,6098.15,493153.0,15.25,1.13,1784766532
All Pools,AUSD - USDt,,False,5390.72,54684.0,0.53026,0.35,1784766532
All Pools,USDT.e - USDC,,False,5030.13,51244.0,1.005,0.72,1784766532
All Pools,NXUSD - WXT,,False,4718.23,489118.0,11.8,0.88,1784766532
All Pools,DAI.e - USDC,,False,4413.72,27070.0,0.85789,1.16,1784766532
All Pools,AVAX - BTC.b,,False,4327.63,26526.0,2.362,3.25,1784766532
All Pools,MUON - AVAX,,False,3918.06,43400.0,9.795,8.24,1784766532
All Pools,XAVA - AVAX,,False,3807.5,126318.0,30.66,8.86,1784766532
All Pools,WETH.e - AVAX,,False,3534.05,384645.0,8.835,0.84,1784766532
All Pools,NOCHILL - AVAX,,False,3047.46,57924.0,7.619,4.8,1784766532
All Pools,QI - AVAX,,False,2625.05,124222.0,6.563,1.93,1784766532
All Pools,USDC - MCCGA,,False,2407.86,0.00303,6.02,72581815.0,1784766532
All Pools,JPYC - USDC,,False,2352.96,3178.98,1.221,14.01,1784766532
All Pools,JOE - USDT.e,,False,2247.72,52826.0,5.619,3.88,1784766532
All Pools,GUN - AVAX,,False,2153.36,9586.83,6.914,26.32,1784766532
All Pools,w3ULL - AVAX,,False,1679.76,49602.0,4.199,3.09,1784766532
All Pools,ORNG - AVAX,,False,1636.71,16948.0,4.092,8.81,1784766532
All Pools,QI - AVAX,,False,1537.11,8089.85,3.864,17.43,1784766532
All Pools,WBTC.e - AVAX,,False,1222.74,134871.0,3.057,0.83,1784766532
All Pools,BTC.b - AVAX,,False,1097.81,110518.0,2.745,0.91,1784766532
All Pools,BEAM - USDC,,False,1033.47,64858.0,2.584,1.45,1784766532
All Pools,JOE - USDC,,False,968.38,23944.0,2.421,3.69,1784766532
All Pools,HUNDRED - USDC,,False,854.47,483984.0,2.136,0.16,1784766532
All Pools,USDt - AVAX,,False,795.89,38819.0,1.99,1.87,1784766532
All Pools,AVAX - SWAP.e,,False,690.26,19185.0,1.726,3.28,1784766532
All Pools,KIMBO - AVAX,,False,673.36,42158.0,1.683,1.46,1784766532
All Pools,ZRO - AVAX,,False,647.03,1604.96,1.704,38.75,1784766532
All Pools,GGP - AVAX,,False,636.69,24511.0,1.592,2.37,1784766532
All Pools,AVAX - TOPIA,,False,632.77,1585.5,1.582,36.42,1784766532
All Pools,DAI.e - USDC,,False,588.57,2319.27,0.11545,1.82,1784766532
All Pools,BEAM - AVAX,,False,545.78,14049.0,1.369,3.56,1784766532
All Pools,AVAX - DAI.e,,False,474.43,28813.0,1.186,1.5,1784766532
All Pools,CAPY - ARENA,,False,440.28,34905.0,1.101,1.15,1784766532
All Pools,APIX - ARENA,,False,406.62,2374.46,1.017,15.63,1784766532
All Pools,LINK.e - AVAX,,False,343.1,40269.0,0.85774,0.78,1784766532
All Pools,AVAX - DOMI,,False,334.69,11420.0,0.83673,2.67,1784766532
All Pools,TOPIA - BTC.b,,False,304.56,447.27,0.6667,54.41,1784766532
All Pools,KLO - AVAX,,False,289.61,10334.0,0.72404,2.56,1784766532
All Pools,MIM - AVAX,,False,288.55,168220.0,0.72136,0.16,1784766532
All Pools,OSAK - AVAX,,False,279.11,3296.4,0.69777,7.73,1784766532
All Pools,GUN - AVAX,,False,278.55,16941.0,0.31269,0.67,1784766532
All Pools,FLD - AVAX,,False,262.53,35983.0,0.65632,0.67,1784766532
All Pools,WBTC.e - BTC.b,,False,240.06,235353.0,0.07399,0.01,1784766532
All Pools,USDT.e - USDC,,False,235.52,900.47,0.02403,0.97,1784766532
All Pools,BLSEYE🎯 - AVAX,,False,235.08,4619.44,0.58769,4.64,1784766532
All Pools,PTOP400 - AVAX,,False,225.41,228.56,0.24094,38.48,1784766532
All Pools,SolvBTC - BTC.b,,False,214.88,186157.0,0.10679,0.02,1784766532
All Pools,NXPC - USDC,,False,200.36,81.15,1.659,746.43,1784766532
All Pools,SYN - AVAX,,False,188.94,4460.38,0.47235,3.87,1784766532
All Pools,WETH.e - USDC.e,,False,177.87,11234.0,0.44469,1.44,1784766532
All Pools,BLSEYE🎯 - ARENA,,False,175.74,1302.32,0.43934,12.31,1784766532
All Pools,USDC.e - USDC,,False,165.03,3895.67,0.03299,0.31,1784766532
All Pools,GMX - AVAX,,False,157.98,4138.39,0.39495,3.48,1784766532
All Pools,PTOP700 - BTC.b,,False,150.56,257.08,0.20559,29.19,1784766532
All Pools,gOHM - AVAX,,False,138.37,129791.0,0.34592,0.1,1784766532
All Pools,AVAX - XAVA,,False,133.61,13092.0,0.33402,0.93,1784766532
All Pools,USDC.e - USDC,,False,131.17,1957.67,0.02623,0.49,1784766532
All Pools,APIX - USDt,,False,130.17,5677.75,0.32543,2.09,1784766532
All Pools,AVAX - JUICE,,False,124.0,10151.0,0.31001,1.11,1784766532
All Pools,AVAX - AMI,,False,111.96,411.35,0.27989,24.84,1784766532
All Pools,BTC.b - TOPIA,,False,111.58,602.3,0.27894,16.9,1784766532
All Pools,APIX - ID,,False,111.22,17877.0,0.27806,0.57,1784766532
All Pools,PTOP700 - AVAX,,False,103.0,89.92,0.11676,47.4,1784766532
All Pools,AVAX - ALVA,,False,102.06,677.7,0.25514,13.74,1784766532
All Pools,sAVAX - AVAX,,False,90.23,175139.0,0.22557,0.05,1784766532
All Pools,FITFI - USDT.e,,False,83.98,72.04,0.20995,106.38,1784766532
All Pools,WETH.e - USDC,,False,78.23,9833.79,0.11833,0.44,1784766532
All Pools,BOI - AVAX,,False,74.42,51.25,0.18604,132.5,1784766532
All Pools,XSEED - AVAX,,False,71.13,10313.0,0.17782,0.63,1784766532
All Pools,ABC - AVAX,,False,68.83,436.37,0.17207,14.39,1784766532
All Pools,APIX - USDC,,False,62.28,2836.02,0.15569,2.0,1784766532
All Pools,HUSKY - AVAX,,False,61.81,2253.25,0.15452,2.5,1784766532
All Pools,USDC.e - USDC,,False,60.95,481217.0,0.15239,0.01,1784766532
All Pools,WTHT - USDC,,False,60.59,287.89,0.87707,111.2,1784766532
All Pools,HEFE - AVAX,,False,59.57,27490.0,0.14892,0.2,1784766532
All Pools,HOWDY - AVAX,,False,56.8,6862.81,0.14201,0.76,1784766532
All Pools,XSGD - USDC,,False,52.29,528.66,0.00839,0.58,1784766532
All Pools,STG - USDC,,False,51.77,1230.27,0.12943,3.84,1784766532
All Pools,AVAX - JUICY,,False,49.27,1865.48,0.12318,2.41,1784766532
All Pools,SWORLD - AVAX,,False,45.22,2262.84,0.11306,1.82,1784766532
All Pools,XPOW - AVAX,,False,44.45,658.12,0.3574,19.82,1784766532
All Pools,GURS - AVAX,,False,40.36,5483.06,0.1009,0.67,1784766532
All Pools,ARENA - AVAX,,False,35.48,462.72,0.89707,70.76,1784766532
All Pools,USDC.e - MU,,False,34.86,13229.0,0.08714,0.24,1784766532
All Pools,YAK - AVAX,,False,32.98,3287.92,0.08244,0.92,1784766532
All Pools,MEAT - AVAX,,False,32.8,3168.72,0.08199,0.94,1784766532
All Pools,TECH - AVAX,,False,30.77,9653.78,0.07692,0.29,1784766532
All Pools,GUN - BLSEYE🎯,,False,29.28,444.91,0.07321,6.01,1784766532
All Pools,YEEHAW - HOWDY,,False,28.94,7586.61,0.07234,0.35,1784766532
All Pools,UST - AVAX,,False,28.54,5832.07,0.07135,0.45,1784766532
All Pools,HOWDY - AMI,,False,27.57,1528.94,0.06892,1.65,1784766532
All Pools,HOWDY - USDC,,False,27.43,3064.64,0.06857,0.82,1784766532
All Pools,USDt - USDC,,False,27.33,2237.6,0.00552,0.09,1784766532
All Pools,SB - AVAX,,False,23.5,6002.27,0.05876,0.36,1784766532
All Pools,Gladiator - ARENA,,False,23.26,628.03,0.05815,3.38,1784766532
All Pools,STG - AVAX,,False,22.97,1039.14,0.05742,2.02,1784766532
All Pools,Gladiator - USDC,,False,22.94,341.07,0.05734,6.14,1784766532
All Pools,YEEHAW - CHAMP,,False,20.41,960.87,0.05103,1.94,1784766532
All Pools,WBTC - BTC.b,,False,19.4,70111.0,0.00728,0.0,1784766532
All Pools,Balln - AVAX,,False,18.97,4336.17,0.04742,0.4,1784766532
All Pools,AVAX - UST,,False,18.55,6873.08,0.04636,0.25,1784766532
All Pools,GUN - AVAX,,False,18.12,197.85,0.04531,8.36,1784766532
All Pools,XPOW - AVAX,,False,17.73,1258.52,0.04434,1.29,1784766532
All Pools,YEEHAW - TOPIA,,False,16.21,157.69,0.04052,9.38,1784766532
All Pools,Psychic - AVAX,,False,15.96,901.19,0.03991,1.62,1784766532
All Pools,AVAX - ARENA,,False,15.52,85.7,0.03881,16.53,1784766532
All Pools,ZRO - AVAX,,False,13.66,131.02,0.03415,9.51,1784766532
All Pools,PTOP1000 - TOPIA,,False,13.39,162.1,0.03347,7.54,1784766532
All Pools,PTOP1000 - USDC,,False,13.35,212.31,0.01405,2.42,1784766532
All Pools,HERESY - AVAX,,False,12.89,16288.0,0.03222,0.07,1784766532
All Pools,SHRAP - AVAX,,False,12.56,8171.43,0.10102,0.45,1784766532
All Pools,LUNA - USDC.e,,False,11.86,658.61,0.02964,1.64,1784766532
All Pools,gOHM - FRAX,,False,11.83,3551.57,0.02957,0.3,1784766532
All Pools,Psychic - XAUt0,,False,11.79,5911.03,0.02947,0.18,1784766532
All Pools,PTOP900 - TOPIA,,False,11.35,161.4,0.02838,6.42,1784766532
All Pools,PTOP900 - AVAX,,False,11.33,61.48,0.01135,6.74,1784766532
All Pools,WABBIT - AVAX,,False,10.04,3829.42,0.0251,0.24,1784766532
All Pools,AVAX - aXEN,,False,9.95,153.59,0.02487,5.91,1784766532
All Pools,PTOP1200 - TOPIA,,False,9.94,145.5,0.02485,6.23,1784766532
All Pools,TOPIA - PTOP800,,False,9.748,147.33,0.02437,6.04,1784766532
All Pools,AVAX - PEFI,,False,9.49,3278.49,0.02373,0.26,1784766532
All Pools,AMI - TOPIA,,False,9.261,229.09,0.02315,3.69,1784766532
All Pools,PNG - AVAX,,False,9.214,801.82,0.02303,1.05,1784766532
All Pools,PTOP1100 - TOPIA,,False,9.169,150.79,0.02292,5.55,1784766532
All Pools,APOW - AVAX,,False,8.927,1337.88,0.02232,0.61,1784766532
All Pools,APOW - XPOW,,False,8.754,1247.39,0.02188,0.64,1784766532
All Pools,MIM - USDT.e,,False,8.683,1381.78,0.02171,0.57,1784766532
All Pools,HATCHY - AVAX,,False,8.674,7063.2,0.02169,0.11,1784766532
All Pools,ISA - AVAX,,False,7.974,17148.0,0.01993,0.04,1784766532
All Pools,ISA - USDC.e,,False,7.301,1451.1,0.01825,0.46,1784766532
All Pools,CATCH - AVAX,,False,7.108,496.73,0.01777,1.31,1784766532
All Pools,AVAX - BAL,,False,7.06,47.9,0.01765,13.45,1784766532
All Pools,PTOP700 - TOPIA,,False,7.024,148.95,0.01756,4.3,1784766532
All Pools,COQ - COQAI,,False,6.87,20145.0,0.01717,0.03,1784766532
All Pools,SECOND - AVAX,,False,6.841,1472.52,0.0171,0.42,1784766532
All Pools,SECOND - USDC,,False,6.839,7032.83,0.0171,0.09,1784766532
All Pools,FITFI - AVAX,,False,6.769,6.469,0.01692,95.48,1784766532
All Pools,PTOP400 - TOPIA,,False,6.515,140.26,0.01629,4.24,1784766532
All Pools,RGOGLZ - USDC,,False,6.137,1338.17,0.01534,0.42,1784766532
All Pools,MIM - SB,,False,5.906,2008.29,0.01476,0.27,1784766532
All Pools,AVAX - FRAX,,False,5.777,684.79,0.01444,0.77,1784766532
All Pools,YEEHAW - BTC.b,,False,5.689,55.63,0.01422,9.33,1784766532
All Pools,BLSEYE🎯 - BEAM,,False,5.266,275.74,0.01316,1.74,1784766532
All Pools,USDC - GAU,,False,5.114,739.35,0.01278,0.63,1784766532
All Pools,DCAU - AVAX,,False,5.095,1020.61,0.01274,0.46,1784766532
All Pools,DCAU - USDT.e,,False,5.006,5024.0,0.01251,0.09,1784766532
All Pools,JOE - USDT,,False,4.967,287.9,0.01242,1.57,1784766532
All Pools,ABC - HOWDY,,False,4.618,444.17,0.01155,0.95,1784766532
All Pools,ORNG - SAI,,False,4.527,106.43,0.01132,3.88,1784766532
All Pools,COQ - BLSEYE🎯,,False,4.502,162.06,0.01125,2.53,1784766532
All Pools,USDt - ncash,,False,4.474,1023.38,0.01118,0.4,1784766532
All Pools,AVAX - SPELL,,False,4.403,1937.84,0.01101,0.21,1784766532
All Pools,DATCM - ORNG,,False,4.356,231.19,0.01089,1.72,1784766532
All Pools,YAK - USDC.e,,False,4.298,207.97,0.01075,1.89,1784766532
All Pools,AVAX - GEC,,False,4.26,27538.0,0.01065,0.01,1784766532
All Pools,MIM - USDC.e,,False,4.178,702.52,0.01045,0.54,1784766532
All Pools,ORNG - JUCI,,False,3.879,243.9,0.0097,1.45,1784766532
All Pools,HOWDY - ARENA,,False,3.784,57.84,0.00946,5.97,1784766532
All Pools,SHRAP - DOMI,,False,3.779,159.37,0.00945,2.16,1784766532
All Pools,BOOTY - AVAX,,False,3.718,1507.14,0.0093,0.23,1784766532
All Pools,ZOO - AVAX,,False,3.629,1420.71,0.00907,0.23,1784766532
All Pools,HUSKY - AMI,,False,3.489,53.8,0.00872,5.92,1784766532
All Pools,ROCO - AVAX,,False,3.405,1324.77,0.00851,0.23,1784766532
All Pools,TRESR - AVAX,,False,3.315,7859.88,0.00829,0.04,1784766532
All Pools,Psychic - BLACK,,False,3.298,249.56,0.00824,1.21,1784766532
All Pools,LOK - AVAX,,False,3.275,186.6,0.00819,1.6,1784766532
All Pools,XROSS - ORNG,,False,3.241,234.89,0.0081,1.26,1784766532
All Pools,HUSKY - JOE,,False,3.196,102.15,0.00799,2.86,1784766532
All Pools,agEUR - USDC,,False,3.074,59.82,0.00768,4.69,1784766532
All Pools,YOU - ORNG,,False,3.034,1360.64,0.00758,0.2,1784766532
All Pools,AVAX - HON,,False,3.034,49950.0,0.00758,0.01,1784766532
All Pools,MIM - WETH.e,,False,2.987,465.47,0.00747,0.59,1784766532
All Pools,ORNG - FLUX,,False,2.984,106.24,0.00746,2.56,1784766532
All Pools,3QF - D - AVAX,,False,2.719,1356.82,0.0068,0.18,1784766532
All Pools,VPND - AVAX,,False,2.709,18326.0,0.00677,0.01,1784766532
All Pools,3QF - D - WETH.e,,False,2.707,2559.61,0.00677,0.1,1784766532
All Pools,PNG - JOE,,False,2.682,117.51,0.00671,2.08,1784766532
All Pools,AVAX - ELK,,False,2.617,1317.83,0.00654,0.18,1784766532
All Pools,avUSD - sAVAX,,False,2.597,228.37,0.00649,1.04,1784766532
All Pools,AVAX - EROL,,False,2.399,44.61,0.0,0.0,1784766532
All Pools,AVAX - EROL,,False,2.322,23.91,0.00581,8.86,1784766532
All Pools,POLAR - AVAX,,False,2.3,1334.68,0.00575,0.16,1784766532
All Pools,AVAX - CLY,,False,2.233,22258.0,0.00558,0.01,1784766532
All Pools,ZEUS - AVAX,,False,2.183,810.54,0.00546,0.25,1784766532
All Pools,JPYC - USDC,,False,2.182,364.75,0.00545,0.55,1784766532
All Pools,WETH - USDC.e,,False,2.173,209.32,0.00543,0.95,1784766532
All Pools,Ush - AVAX,,False,2.167,2115.3,0.00542,0.09,1784766532
All Pools,Now - BLACK,,False,2.101,225.91,0.00525,0.85,1784766532
All Pools,BRO - COQ,,False,2.065,148.53,0.00516,1.27,1784766532
All Pools,XAUt0 - Now,,False,2.062,574.85,0.00515,0.33,1784766532
All Pools,BRO - AVAX,,False,2.061,101682.0,0.00515,0.0,1784766532
All Pools,AVAX - NaughtiusMaximus,,False,2.043,339.64,0.00511,0.55,1784766532
All Pools,APIX - LAMBO,,False,1.914,390.66,0.00479,0.45,1784766532
All Pools,BEAM - AVAX,,False,1.903,376.88,0.00476,0.46,1784766532
All Pools,LUNA - USDC.e,,False,1.861,328.95,0.00465,0.52,1784766532
All Pools,LINK.e - USDT.e,,False,1.825,227.7,0.00456,0.73,1784766532
All Pools,XAUt0 - NaughtiusMaximus,,False,1.794,900.0,0.00448,0.18,1784766532
All Pools,CHAMP - ARENA,,False,1.773,18.54,0.00443,8.73,1784766532
All Pools,USDC - HOTVOH,,False,1.755,0.0041,0.00439,39091.59,1784766532
All Pools,PTOP500 - TOPIA,,False,1.701,136.26,0.00425,1.14,1784766532
All Pools,REDWOLF - SOL,,False,1.693,59.03,0.00423,2.62,1784766532
All Pools,AVAX - ChristMark,,False,1.646,276.13,0.00412,0.54,1784766532
All Pools,HOWDY - USDt,,False,1.625,180.01,0.00406,0.82,1784766532
All Pools,COQ - OSAK,,False,1.604,19.37,0.00401,7.56,1784766532
All Pools,TOPIA - PTOP600,,False,1.602,138.16,0.00401,1.06,1784766532
All Pools,JOE - KRW,,False,1.585,151.53,0.00396,0.95,1784766532
All Pools,Now - AVAX,,False,1.583,193.38,0.00396,0.75,1784766532
All Pools,KRW - AVAX,,False,1.582,320.7,0.00395,0.45,1784766532
All Pools,UST - USDC,,False,1.523,433.8,0.00381,0.32,1784766532
All Pools,USDC.e - DAI.e,,False,1.476,22248.0,0.00369,0.01,1784766532
All Pools,JOE - EXP,,False,1.373,10568526.0,0.00343,0.0,1784766532
All Pools,XAUt0 - ChristMark,,False,1.366,597.79,0.00341,0.21,1784766532
All Pools,WETH.e - USDT.e,,False,1.362,152.91,0.00341,0.81,1784766532
All Pools,Trinity - AVAX,,False,1.355,744.54,0.00339,0.17,1784766532
All Pools,BNB - AVAX,,False,1.339,2830.82,0.00335,0.04,1784766532
All Pools,SWIFT - USDC.e,,False,1.331,494.8,0.00333,0.25,1784766532
All Pools,SWIFT - WETH.e,,False,1.31,1359.87,0.00327,0.09,1784766532
All Pools,ALOT - AVAX,,False,1.292,10203.0,0.00323,0.01,1784766532
All Pools,YEEHAW - AVAX,,False,1.278,12.97,0.0032,9.0,1784766532
All Pools,USDC.e - SOL,,False,1.22,35.75,0.00305,3.11,1784766532
All Pools,Trinity - Psychic,,False,1.205,408.94,0.00301,0.27,1784766532
All Pools,BOI - MU,,False,1.174,0.92889,0.00294,115.36,1784766532
All Pools,PTOP1300 - TOPIA,,False,1.166,139.44,0.00291,0.76,1784766532
All Pools,AAVE.e - REDWOLF,,False,1.09,154.36,0.00273,0.64,1784766532
All Pools,ROY - AVAX,,False,1.063,3929.71,0.00266,0.02,1784766532
All Pools,sAVAX - COQ,,False,1.054,67.6,0.00264,1.42,1784766532
All Pools,REDWOLF - AVAX,,False,1.052,395.43,0.00263,0.24,1784766532
All Pools,Gravity - AVAX,,False,1.028,246.48,0.00257,0.38,1784766532
All Pools,USDC - SOCK,,False,1.016,423.4,0.00254,0.22,1784766532
All Pools,AVAX - SOCK,,False,0.99128,2458.74,0.00248,0.04,1784766532
All Pools,LUEEGI - AVAX,,False,0.98994,1024.35,0.00247,0.09,1784766532
All Pools,BLSEYE🎯 - MEOW,,False,0.93165,800.03,0.00233,0.11,1784766532
All Pools,DPS - AVAX,,False,0.91781,184.73,0.00229,0.45,1784766532
All Pools,DPS - USDC,,False,0.91737,1813.77,0.00229,0.05,1784766532
All Pools,CHAMP - AMI,,False,0.90496,28.68,0.00226,2.88,1784766532
All Pools,SWIFT - AVAX,,False,0.90181,241.43,0.00225,0.34,1784766532
All Pools,MYST - AVAX,,False,0.89872,668.54,0.00225,0.12,1784766532
All Pools,MYST - USDC,,False,0.89841,221.64,0.00225,0.37,1784766532
All Pools,XAUt0 - Gravity,,False,0.83929,324.03,0.0021,0.24,1784766532
All Pools,$Td - AVAX,,False,0.82802,3945.33,0.00207,0.02,1784766532
All Pools,BOI - AMI,,False,0.82773,0.6936,0.00207,108.9,1784766532
All Pools,$Td - AMI,,False,0.82025,25.85,0.00205,2.9,1784766532
All Pools,GURS - ARENA,,False,0.78946,7.664,0.00197,9.4,1784766532
All Pools,AI - AVAX,,False,0.76765,3189.5,0.00192,0.02,1784766532
All Pools,ACS - AVAX,,False,0.76491,164.47,0.00191,0.42,1784766532
All Pools,NOCHILL - OX,,False,0.76011,11085.0,0.0019,0.01,1784766532
All Pools,WETH.e - ONION,,False,0.75453,240.91,0.00189,0.29,1784766532
All Pools,REDWOLF - USDC,,False,0.74185,188.39,0.00185,0.36,1784766532
All Pools,SOL - USDC,,False,0.73892,20.91,0.00185,3.23,1784766532
All Pools,GUN - AMI,,False,0.73693,10.05,0.00184,6.69,1784766532
All Pools,USDT.e - CLY,,False,0.73656,182.3,0.00184,0.37,1784766532
All Pools,ORNG - MOOM,,False,0.73616,187.21,0.00184,0.36,1784766532
All Pools,MAGICK - AVAX,,False,0.6872,285.66,0.00172,0.22,1784766532
All Pools,MAGICK - USDC,,False,0.68682,227.45,0.00172,0.28,1784766532
All Pools,COQ - JUICE,,False,0.67269,30.47,0.00168,2.01,1784766532
All Pools,AVAX - ONION,,False,0.66255,150.45,0.00166,0.4,1784766532
All Pools,APOW - AVAX,,False,0.63355,630.4,0.00158,0.09,1784766532
All Pools,COQ - OX,,False,0.63068,11661.0,0.00158,0.0,1784766532
All Pools,MaryMagdalene - XAUt0,,False,0.60744,1674.18,0.00152,0.03,1784766532
All Pools,MaryMagdalene - AVAX,,False,0.6055,174.23,0.00151,0.32,1784766532
All Pools,AVAXAI - USDC,,False,0.55914,1480.0,0.0014,0.03,1784766532
All Pools,YUSD - AVAX,,False,0.54189,117.96,0.00135,0.42,1784766532
All Pools,CORK - AVAX,,False,0.53593,925.81,0.00134,0.05,1784766532
All Pools,USDC.e - WXT,,False,0.52994,196.71,0.00132,0.25,1784766532
All Pools,USDC.e - USDT.e,,False,0.5034,40102.0,0.00126,0.0,1784766532
All Pools,USDT.e - ONION,,False,0.50306,747.59,0.00126,0.06,1784766532
All Pools,Psychic - DogL,,False,0.46469,244.41,0.00116,0.17,1784766532
All Pools,MONK - AVAX,,False,0.46443,2300.57,0.00116,0.02,1784766532
All Pools,DogL - AVAX,,False,0.46388,213.62,0.00116,0.2,1784766532
All Pools,AMI - SQRCAT,,False,0.45885,11.87,0.00115,3.53,1784766532
All Pools,Psychic - Jjj,,False,0.45852,244.42,0.00115,0.17,1784766532
All Pools,Jjj - AVAX,,False,0.45776,212.41,0.00114,0.2,1784766532
All Pools,AVAX - SQRCAT,,False,0.45691,4311.96,0.00114,0.01,1784766532
All Pools,Psychic - BlackAndGold,,False,0.45671,244.25,0.00114,0.17,1784766532
All Pools,AVAX - BlackAndGold,,False,0.45591,213.5,0.00114,0.19,1784766532
All Pools,ELXR - USDC.e,,False,0.43247,1067.67,0.00108,0.04,1784766532
All Pools,AVAX - IMPACT2,,False,0.42307,146.9,0.00106,0.26,1784766532
All Pools,APOW - USDC,,False,0.41814,115.98,0.00105,0.33,1784766532
All Pools,Psychic - Now,,False,0.4156,475.68,0.00104,0.08,1784766532
All Pools,AVAX - MU,,False,0.40811,74.95,0.00102,0.5,1784766532
All Pools,ARENA - MU,,False,0.40424,4.049,0.00101,9.11,1784766532
All Pools,HOST - DAI.e,,False,0.40292,2525.31,0.00101,0.01,1784766532
All Pools,TOPIA - PTOP10000,,False,0.40071,151.02,0.001,0.24,1784766532
All Pools,USDT.e - EXP,,False,0.39654,44966791.0,0.0,0.0,1784766532
All Pools,FXS - AVAX,,False,0.39409,295.43,0.0,0.12,1784766532
All Pools,USDC.e - COOKBOOK,,False,0.39111,0.20365,0.0,175.24,1784766532
All Pools,COQ - AMI,,False,0.39061,10.23,0.0,3.48,1784766532
All Pools,USDC.e - AVVO,,False,0.38569,226.25,0.0,0.16,1784766532
All Pools,USDC - aXEN,,False,0.36253,8.212,0.0,4.03,1784766532
All Pools,BANKSY - USDT.e,,False,0.35926,1534.52,0.0,0.02,1784766532
All Pools,BANKSY - AVAX,,False,0.35905,145.44,0.0,0.23,1784766532
All Pools,UNIQOC - AVAX,,False,0.35796,824.41,0.0,0.04,1784766532
All Pools,UNIQOC - COQ,,False,0.35435,38.84,0.0,0.83,1784766532
All Pools,MU - DAI.e,,False,0.35178,236.87,0.0,0.14,1784766532
All Pools,DREGG - USDT.e,,False,0.35123,518.02,0.0,0.06,1784766532
All Pools,DREGG - AVAX,,False,0.35113,148.58,0.0,0.22,1784766532
All Pools,LINK.e - USDC.e,,False,0.33931,189.09,0.0,0.16,1784766532
All Pools,USDT.e - MU,,False,0.33787,251.35,0.0,0.12,1784766532
All Pools,WOLF - AVAX,,False,0.33164,28179.0,0.0,0.0,1784766532
All Pools,COQ - NOCHILL,,False,0.32565,9.759,0.0,3.04,1784766532
All Pools,BTC.b - HOWDY,,False,0.31652,64.46,0.0,0.45,1784766532
All Pools,Psychic - Meaning,,False,0.29935,238.4,0.0,0.11,1784766532
All Pools,Meaning - AVAX,,False,0.29824,330.56,0.0,0.08,1784766532
All Pools,BTC.b - IMPACT2,,False,0.29534,1403.87,0.0,0.02,1784766532
All Pools,USDT.e - SMRT,,False,0.29528,89.88,0.0,0.3,1784766532
All Pools,AVAX - SMRT,,False,0.29516,1676.82,0.0,0.02,1784766532
All Pools,USDC - SDOG,,False,0.29179,363.45,0.0,0.07,1784766532
All Pools,MIM - SDOG,,False,0.29137,82.77,0.0,0.32,1784766532
All Pools,USDC.e - ONION,,False,0.28534,373.23,0.0,0.07,1784766532
All Pools,ZRO - USDC,,False,0.28496,4.339,0.0,5.99,1784766532
All Pools,GOOD - COQ,,False,0.28429,66.62,0.0,0.39,1784766532
All Pools,MIM - MU,,False,0.2837,87.03,0.0,0.3,1784766532
All Pools,GOOD - AVAX,,False,0.28248,106.5,0.0,0.24,1784766532
All Pools,bCASH - NOCHILL,,False,0.28157,13.79,0.0,1.86,1784766532
All Pools,Psychic - DiamondbackGall,,False,0.27979,243.71,0.0,0.1,1784766532
All Pools,DiamondbackGall - AVAX,,False,0.27868,213.02,0.0,0.12,1784766532
All Pools,KIWI - USDC,,False,0.26389,300.1,0.0,0.08,1784766532
All Pools,KIWI - AVAX,,False,0.26388,95.75,0.0,0.25,1784766532
All Pools,LINDA - AVAX,,False,0.2623,1381.53,0.0,0.02,1784766532
All Pools,UST - USDC.e,,False,0.25793,665.26,0.0,0.04,1784766532
All Pools,NaughtiusMaximus - Seventeen,,False,0.25512,679.28,0.0,0.03,1784766532
All Pools,AVAX - Seventeen,,False,0.25434,207.12,0.0,0.11,1784766532
All Pools,BUSD - AVAX,,False,0.25216,345.23,0.0,0.07,1784766532
All Pools,BTC.b - REDWOLF,,False,0.25151,101.35,0.0,0.23,1784766532
All Pools,HOST - AVAX,,False,0.24859,90.19,0.0,0.25,1784766532
All Pools,YEEHAW - USDC,,False,0.24779,6.022,0.0,3.75,1784766532
All Pools,LINK.e - REDWOLF,,False,0.24237,72.55,0.0,0.3,1784766532
All Pools,Psychic - RedFolder,,False,0.24158,243.72,0.0,0.09,1784766532
All Pools,AVAX - RedFolder,,False,0.2407,212.1,0.0,0.1,1784766532
All Pools,HUSKY - MUG,,False,0.23606,14.77,0.0,1.46,1784766532
All Pools,Psychic - Serpentarius,,False,0.23308,247.25,0.0,0.09,1784766532
All Pools,GENI - USDC,,False,0.23253,1165.62,0.0,0.02,1784766532
All Pools,GENI - AVAX,,False,0.23249,49.98,0.0,0.42,1784766532
All Pools,Serpentarius - AVAX,,False,0.23226,215.5,0.0,0.1,1784766532
All Pools,Psychic - MerryXmas,,False,0.23097,224.6,0.0,0.09,1784766532
All Pools,MerryXmas - AVAX,,False,0.23011,195.6,0.0,0.11,1784766532
All Pools,WBTC.e - ONION,,False,0.2281,361.47,0.0,0.06,1784766532
All Pools,JOE - ZABU,,False,0.22136,13.24,0.0,1.53,1784766532
All Pools,Psychic - Hopi,,False,0.2175,215.92,0.0,0.09,1784766532
All Pools,LUNA - AVAX,,False,0.21739,122.83,0.0,0.16,1784766532
All Pools,Hopi - AVAX,,False,0.21665,155.84,0.0,0.13,1784766532
All Pools,APOW - USDt,,False,0.21521,115.66,0.0,0.17,1784766532
All Pools,NOCHILL - KET,,False,0.21414,8.412,0.0,2.32,1784766532
All Pools,HH - ARENA,,False,0.21398,2.464,0.0,7.92,1784766532
All Pools,ELXR - COOKBOOK,,False,0.21368,0.19051,0.0,102.35,1784766532
All Pools,HH - AVAX,,False,0.21191,241.93,0.0,0.08,1784766532
All Pools,Psychic - MeaningOfNumbers,,False,0.21145,243.92,0.0,0.08,1784766532
All Pools,AVAX - MeaningOfNumbers,,False,0.21073,211.74,0.0,0.09,1784766532
All Pools,Psychic - All,,False,0.20214,243.21,0.0,0.08,1784766532
All Pools,LUNA - AVAX,,False,0.20205,14.24,0.0,1.29,1784766532
All Pools,Psychic - Xmas,,False,0.20156,228.49,0.0,0.08,1784766532
All Pools,AVAX - All,,False,0.20146,212.71,0.0,0.09,1784766532
All Pools,Xmas - AVAX,,False,0.20087,198.88,0.0,0.09,1784766532
All Pools,AVAX - mYAK,,False,0.20066,47.17,0.0,0.39,1784766532
All Pools,ZUBAX - USDT.e,,False,0.19926,173.55,0.0,0.1,1784766532
All Pools,AVAX - ZUBAX,,False,0.1991,93.53,0.0,0.19,1784766532
All Pools,AVAX - USDT,,False,0.19689,1744.98,0.0,0.01,1784766532
All Pools,USDt - XPOW,,False,0.19638,19.51,0.0,0.92,1784766532
All Pools,Hydrogen - AVAX,,False,0.19336,190.97,0.0,0.09,1784766532
All Pools,TECH - OX,,False,0.19278,4456.78,0.0,0.0,1784766532
All Pools,AVAX - FRAX,,False,0.19189,228.59,0.0,0.08,1784766532
All Pools,ABC - AMI,,False,0.18787,2.519,0.0,6.81,1784766532
All Pools,Psychic - NeatestQuackery,,False,0.1859,243.94,0.0,0.07,1784766532
All Pools,NeatestQuackery - AVAX,,False,0.18531,211.55,0.0,0.08,1784766532
All Pools,Psychic - Wej,,False,0.18157,243.3,0.0,0.07,1784766532
All Pools,AVAX - Wej,,False,0.18102,211.92,0.0,0.08,1784766532
All Pools,Psychic - Ducks,,False,0.18098,243.72,0.0,0.07,1784766532
All Pools,Ducks - AVAX,,False,0.18042,211.62,0.0,0.08,1784766532
All Pools,STOMB - AVAX,,False,0.17965,5277.29,0.0,0.0,1784766532
All Pools,Psychic - Sinterklaas,,False,0.17839,239.26,0.0,0.07,1784766532
All Pools,AVAX - Sinterklaas,,False,0.17786,100.29,0.0,0.16,1784766532
All Pools,50 - AVAX,,False,0.17682,60.81,0.0,0.27,1784766532
All Pools,50 - USDC,,False,0.17673,112.62,0.0,0.14,1784766532
All Pools,KALM - AVAX,,False,0.17565,98.98,0.0,0.16,1784766532
All Pools,KALM - USDC,,False,0.17561,77.84,0.0,0.21,1784766532
All Pools,AVAX - MUG,,False,0.17404,253.81,0.0,0.06,1784766532
All Pools,GATOR - ARENA,,False,0.17015,2.604,0.0,5.96,1784766532
All Pools,EVDC - AVAX,,False,0.16926,0.5109,0.0,30.23,1784766532
All Pools,NOCHILL - AMI,,False,0.16568,4.002,0.0,3.78,1784766532
All Pools,DCAU - USDC,,False,0.16107,143.39,0.0,0.1,1784766532
All Pools,Psychic - Hydrogen,,False,0.16006,62.86,0.0,0.23,1784766532
All Pools,SMRTr - USDC.e,,False,0.15726,104.28,0.0,0.14,1784766532
All Pools,SMRTr - AVAX,,False,0.15683,25871.0,0.0,0.0,1784766532
All Pools,meGNX - AVAX,,False,0.1559,13.47,0.0,1.06,1784766532
All Pools,bCASH - LINK.e,,False,0.15335,322.61,0.0,0.04,1784766532
All Pools,XAUt0 - ElvisJackpot,,False,0.1528,288.79,0.0,0.05,1784766532
All Pools,Psychic - ArniStitch,,False,0.15214,245.22,0.0,0.06,1784766532
All Pools,ArniStitch - AVAX,,False,0.1517,212.93,0.0,0.07,1784766532
All Pools,WETH.e - yyAVAX,,False,0.1502,14.96,0.0,0.92,1784766532
All Pools,Psychic - AftermathsKobe,,False,0.14709,247.67,0.0,0.05,1784766532
All Pools,AftermathsKobe - AVAX,,False,0.14683,215.08,0.0,0.06,1784766532
All Pools,USDC - SHRAP,,False,0.14506,21.03,0.0,0.63,1784766532
All Pools,KIMBO - AMI,,False,0.14079,2.86,0.0,4.49,1784766532
All Pools,AVAX - BLACK,,False,0.13996,3.158,0.0,4.04,1784766532
All Pools,MM - AVAX,,False,0.13752,68.18,0.0,0.18,1784766532
All Pools,MM - USDC,,False,0.1375,50.15,0.0,0.25,1784766532
All Pools,XPOW - USDC,,False,0.13697,19.55,0.0,0.64,1784766532
All Pools,JEWEL - USDC,,False,0.13621,3832.26,0.0,0.0,1784766532
All Pools,AVAX - AVVO,,False,0.13608,232.92,0.0,0.05,1784766532
All Pools,Psychic - Go,,False,0.13223,56.33,0.0,0.21,1784766532
All Pools,aAvaWAVAX - meGNX,,False,0.13128,3.097,0.0,3.87,1784766532
All Pools,SYN - REDWOLF,,False,0.13073,4.511,0.0,2.64,1784766532
All Pools,UNIX - AVAX,,False,0.13053,148.61,0.0,0.08,1784766532
All Pools,Christmas - ChristMark,,False,0.12937,112.66,0.0,0.1,1784766532
All Pools,Christmas - AVAX,,False,0.12893,179.62,0.0,0.07,1784766532
All Pools,USDt - IMPACT2,,False,0.12758,72.82,0.0,0.16,1784766532
All Pools,BLS - USDt,,False,0.12717,127.35,0.0,0.09,1784766532
All Pools,PEON - AVAX,,False,0.12658,8496.42,0.0,0.0,1784766532
All Pools,Psychic - CommieSukey,,False,0.12628,243.19,0.0,0.05,1784766532
All Pools,CommieSukey - AVAX,,False,0.12595,211.81,0.0,0.05,1784766532
All Pools,BrideOfChrist - BLACK,,False,0.12489,16.85,0.0,0.68,1784766532
All Pools,MaryMagdalene - ChristMark,,False,0.12437,305.61,0.0,0.04,1784766532
All Pools,MaryMagdalene - TheGospelOfMary,,False,0.12388,211.21,0.0,0.05,1784766532
All Pools,AVAX - TheGospelOfMary,,False,0.12353,116.84,0.0,0.1,1784766532
All Pools,Anon - AVAX,,False,0.12308,7.687,0.0,1.46,1784766532
All Pools,COQ - BOOTY,,False,0.11934,7.313,0.0,1.49,1784766532
All Pools,Go - AVAX,,False,0.11806,101.95,0.0,0.11,1784766532
All Pools,COQ - ARENA,,False,0.11761,1.276,0.0,8.41,1784766532
All Pools,TRYB - USDC.e,,False,0.11695,31.92,0.0,0.33,1784766532
All Pools,Now - Teste,,False,0.11384,642.6,0.0,0.02,1784766532
All Pools,AVAX - Teste,,False,0.11345,62.91,0.0,0.16,1784766532
All Pools,YEEHAW - ARENA,,False,0.11197,1.374,0.0,7.44,1784766532
All Pools,AVAX - LYLY,,False,0.11166,52.14,0.0,0.2,1784766532
All Pools,WBTC.e - USDT.e,,False,0.11164,159.05,0.0,0.06,1784766532
All Pools,STATIK - AVAX,,False,0.1109,31.16,0.0,0.32,1784766532
All Pools,MIM - USDC,,False,0.10952,27.04,0.0,0.37,1784766532
All Pools,ElvisJackpot - BLACK,,False,0.10924,9.734,0.0,1.02,1784766532
All Pools,Gladiator - AVAX,,False,0.10717,1.94,0.0,5.04,1784766532
All Pools,AVAX - KET,,False,0.10574,21.62,0.0,0.45,1784766532
All Pools,KLO - USDT.e,,False,0.10535,4.64,0.0,2.07,1784766532
All Pools,AMI - COQAI,,False,0.10374,3.097,0.0,3.06,1784766532
All Pools,HATCHY - AMI,,False,0.10267,3.13,0.0,2.99,1784766532
All Pools,COQ - LYLY,,False,0.10172,10.82,0.0,0.86,1784766532
All Pools,WINK - AVAX,,False,0.1001,44.54,0.0,0.21,1784766532
All Pools,APOW - USDC,,False,0.09989,21.38,0.0,0.43,1784766532
All Pools,MIM - PEFI,,False,0.09874,61.03,0.0,0.15,1784766532
All Pools,AMI - MU,,False,0.09844,1.453,0.0,6.18,1784766532
All Pools,SYMBIOT - AVAX,,False,0.09791,75.43,0.0,0.12,1784766532
All Pools,TruthClosure - BLACK,,False,0.09603,12.01,0.0,0.73,1784766532
All Pools,WOLF - AMI,,False,0.09455,2.782,0.0,3.1,1784766532
All Pools,YEEHAW - AMI,,False,0.09452,3.866,0.0,2.23,1784766532
All Pools,WBTC.e - REDWOLF,,False,0.09412,50.1,0.0,0.17,1784766532
All Pools,AVAX - aSOCK,,False,0.09351,10.04,0.0,0.85,1784766532
All Pools,SYMBIOT - DAI.e,,False,0.09187,442.3,0.0,0.02,1784766532
All Pools,aDXN - AVAX,,False,0.0911,49.82,0.0,0.17,1784766532
All Pools,aDXN - aXEN,,False,0.09043,4.383,0.0,1.88,1784766532
All Pools,COQ - REDWOLF,,False,0.08865,9.535,0.0,0.85,1784766532
All Pools,COQ - KOVIN,,False,0.08836,8.997,0.0,0.9,1784766532
All Pools,CQK - USDC,,False,0.087,31.12,0.0,0.26,1784766532
All Pools,CQK - AVAX,,False,0.08697,98.98,0.0,0.08,1784766532
All Pools,HEFE - AMI,,False,0.08648,2.321,0.0,3.4,1784766532
All Pools,BENSI - AMI,,False,0.08604,2.421,0.0,3.24,1784766532
All Pools,JOE - CRA,,False,0.08503,7.228,0.0,1.07,1784766532
All Pools,KOVIN - AVAX,,False,0.08497,2248.5,0.0,0.0,1784766532
All Pools,CRA - AVAX,,False,0.08461,7314.79,0.0,0.0,1784766532
All Pools,VEE - USDC,,False,0.08377,31.7,0.0,0.24,1784766532
All Pools,AVAX - SantaGospel,,False,0.08331,97.49,0.0,0.08,1784766532
All Pools,Degen - AVAX,,False,0.08289,1445.42,0.0,0.01,1784766532
All Pools,CANS - AVAX,,False,0.08194,8.472,0.0,0.88,1784766532
All Pools,WORM - AVAX,,False,0.07961,246.8,0.0,0.03,1784766532
All Pools,FERT - AVAX,,False,0.07941,486.17,0.0,0.01,1784766532
All Pools,BLUB - AVAX,,False,0.07828,33.0,0.0,0.0,1784766532
All Pools,BENIS - NOCHILL,,False,0.07605,2.816,0.0,2.46,1784766532
All Pools,Trinity - BrideOfChrist,,False,0.07371,56949422.0,0.0,0.0,1784766532
All Pools,SNP - AVAX,,False,0.07309,8.345,0.0,0.8,1784766532
All Pools,COQ - SNP,,False,0.073,18.72,0.0,0.36,1784766532
All Pools,USDC - USD+,,False,0.07277,28.43,0.0,0.23,1784766532
All Pools,USDC - yyAVAX,,False,0.07247,12.17,0.0,0.54,1784766532
All Pools,AVAX - CHAM,,False,0.07206,26.21,0.0,0.25,1784766532
All Pools,USDC - CHAM,,False,0.07203,46.8,0.0,0.14,1784766532
All Pools,MCV - AVAX,,False,0.07101,290.35,0.0,0.02,1784766532
All Pools,COQ - MCV,,False,0.0709,6.962,0.0,0.93,1784766532
All Pools,WETH.e - REDWOLF,,False,0.06822,86.15,0.0,0.07,1784766532
All Pools,ARENA - AMI,,False,0.06806,1.485,0.0,4.18,1784766532
All Pools,NOCHILL - REDWOLF,,False,0.06769,2.471,0.0,2.5,1784766532
All Pools,AVAX - XPOW,,False,0.06742,0.61638,0.0,9.98,1784766532
All Pools,MAXI - DAI.e,,False,0.06713,224.8,0.0,0.03,1784766532
All Pools,TECH - AMI,,False,0.06588,1.887,0.0,3.19,1784766532
All Pools,Psychic - Who,,False,0.06361,56.39,0.0,0.1,1784766532
All Pools,Chemistry - Now,,False,0.06227,639.8,0.0,0.01,1784766532
All Pools,Chemistry - AVAX,,False,0.06211,63.55,0.0,0.09,1784766532
All Pools,LIBRE - USDC.e,,False,0.05686,12.47,0.0,0.42,1784766532
All Pools,APOW - USDt,,False,0.05676,21.43,0.0,0.24,1784766532
All Pools,JOE - ZUBAX,,False,0.0565,6.594,0.0,0.78,1784766532
All Pools,Psychic - SantaGospel,,False,0.05511,56.13,0.0,0.09,1784766532
All Pools,USDC.e - WISE,,False,0.05452,41.31,0.0,0.12,1784766532
All Pools,USDT.e - ZABU,,False,0.05451,44.77,0.0,0.11,1784766532
All Pools,AMI - aSOCK,,False,0.05443,1.847,0.0,2.69,1784766532
All Pools,AVAX - WISE,,False,0.05434,60.15,0.0,0.08,1784766532
All Pools,MU - COQAI,,False,0.05268,5.537,0.0,0.87,1784766532
All Pools,KIMBO - CANS,,False,0.05247,230.03,0.0,0.02,1784766532
All Pools,BrideOfChrist - Gravity,,False,0.05142,37.33,0.0,0.13,1784766532
All Pools,AVAT - AVAX,,False,0.05034,17.04,0.0,0.27,1784766532
All Pools,AVAT - USDC,,False,0.05033,37.73,0.0,0.12,1784766532
All Pools,SYN - USDC.e,,False,0.04991,2.288,0.0,1.99,1784766532
All Pools,HIGHER - AVAX,,False,0.04737,1.302,0.0,3.32,1784766532
All Pools,FollowTheWhiteRabbit - AVAX,,False,0.04737,118.15,0.0,0.04,1784766532
All Pools,FollowTheWhiteRabbit - TruthClosure,,False,0.04733,29.51,0.0,0.15,1784766532
All Pools,USDt - REDWOLF,,False,0.04718,13.88,0.0,0.31,1784766532
All Pools,NOCHILL - MU,,False,0.04577,1.636,0.0,2.55,1784766532
All Pools,Matter - Now,,False,0.04434,578.33,0.0,0.01,1784766532
All Pools,Matter - AVAX,,False,0.04424,56.73,0.0,0.07,1784766532
All Pools,BUSD - USDC,,False,0.04394,7.458,0.0,0.54,1784766532
All Pools,LoveIsTheKey - BLACK,,False,0.0439,3.886,0.0,1.03,1784766532
All Pools,USDT.e - DUO,,False,0.04351,50.74,0.0,0.08,1784766532
All Pools,AVAX - DUO,,False,0.04339,53.31,0.0,0.07,1784766532
All Pools,ElvisJackpot - Gravity,,False,0.04268,14.98,0.0,0.26,1784766532
All Pools,COQ - MU,,False,0.04247,3.762,0.0,1.03,1784766532
All Pools,MU - KET,,False,0.04121,0.87715,0.0,4.29,1784766532
All Pools,AVAX - ELK,,False,0.04117,48.81,0.0,0.08,1784766532
All Pools,APOW - XPOW,,False,0.04079,0.27373,0.0,13.6,1784766532
All Pools,SYN - WETH.e,,False,0.04078,1.151,0.0,3.23,1784766532
All Pools,WETH.e - USDC,,False,0.04047,20.9,0.0,0.18,1784766532
All Pools,JOE - REDWOLF,,False,0.0401,2.818,0.0,1.3,1784766532
All Pools,AVAX - APOW,,False,0.03999,0.4792,0.0,7.62,1784766532
All Pools,GURS - AMI,,False,0.03991,1.452,0.0,2.51,1784766532
All Pools,HIGHER - AMI,,False,0.03944,2.342,0.0,1.54,1784766532
All Pools,SOCK - aSOCK,,False,0.03938,5.512,0.0,0.65,1784766532
All Pools,JPYC - USDC.e,,False,0.03858,4.974,0.0,0.71,1784766532
All Pools,FITFI - USDC,,False,0.03815,0.08558,0.0,40.68,1784766532
All Pools,gOHM - JOE,,False,0.0375,3.313,0.0,1.03,1784766532
All Pools,METAG - USDT.e,,False,0.0375,47.17,0.0,0.07,1784766532
All Pools,Who - AVAX,,False,0.03741,101.13,0.0,0.03,1784766532
All Pools,METAG - AVAX,,False,0.03736,19.81,0.0,0.17,1784766532
All Pools,USDt - RUX,,False,0.03679,16008.0,0.0,0.0,1784766532
All Pools,RUX - AVAX,,False,0.0367,25.77,0.0,0.13,1784766532
All Pools,GURS - NOCHILL,,False,0.03655,1.254,0.0,2.66,1784766532
All Pools,AVAX - SPT,,False,0.03539,0.15574,0.0,20.74,1784766532
All Pools,SUB - AVAX,,False,0.03512,15.18,0.0,0.21,1784766532
All Pools,SUB - USDC,,False,0.0351,11.46,0.0,0.28,1784766532
All Pools,AMI - JUICY,,False,0.03476,0.57948,0.0,5.47,1784766532
All Pools,Trinity - TruthClosure,,False,0.03444,6.375,0.0,0.49,1784766532
All Pools,Hydrogen - BLACK,,False,0.03373,2.501,0.0,1.23,1784766532
All Pools,Go - BLACK,,False,0.03367,2.481,0.0,1.24,1784766532
All Pools,ZH - JOE,,False,0.03321,2.11,0.0,1.44,1784766532
All Pools,ZH - USDC.e,,False,0.03248,22.31,0.0,0.13,1784766532
All Pools,AMI - EROL,,False,0.03226,0.41185,0.0,7.15,1784766532
All Pools,FLAKE - USDT.e,,False,0.03159,48.38,0.0,0.06,1784766532
All Pools,FLAKE - AVAX,,False,0.03148,17.31,0.0,0.17,1784766532
All Pools,Yellow - BLACK,,False,0.03115,2.492,0.0,1.14,1784766532
All Pools,Yellow - AVAX,,False,0.03106,192.54,0.0,0.01,1784766532
All Pools,LoveIsTheKey - Gravity,,False,0.03022,29.41,0.0,0.09,1784766532
All Pools,MELT - USDT.e,,False,0.0299,29.42,0.0,0.09,1784766532
All Pools,MELT - AVAX,,False,0.02978,20.19,0.0,0.13,1784766532
All Pools,AVAX - Strength,,False,0.02954,102.24,0.0,0.03,1784766532
All Pools,Strength - BLACK,,False,0.02941,2.472,0.0,1.09,1784766532
All Pools,MIM - DAI.e,,False,0.02915,17.88,0.0,0.15,1784766532
All Pools,BENIS - AVAX,,False,0.02907,10.04,0.0,0.26,1784766532
All Pools,Degen - AMI,,False,0.02849,0.9001,0.0,2.89,1784766532
All Pools,BLACK - SantaGospel,,False,0.02832,2.465,0.0,1.05,1784766532
All Pools,Psychic - Stolen,,False,0.02829,64.74,0.0,0.04,1784766532
All Pools,Stolen - BLACK,,False,0.02797,2.76,0.0,0.92,1784766532
All Pools,SYN - USDT.e,,False,0.02683,1.219,0.0,2.01,1784766532
All Pools,NineHundred - AVAX,,False,0.02593,101.46,0.0,0.02,1784766532
All Pools,NineHundred - BLACK,,False,0.02589,2.474,0.0,0.95,1784766532
All Pools,Who - BLACK,,False,0.02585,2.464,0.0,0.96,1784766532
All Pools,AVAX - GAU,,False,0.02548,5.082,0.0,0.46,1784766532
All Pools,GATOR - AMI,,False,0.0249,4.107,0.0,0.55,1784766532
All Pools,Psychic - Blue,,False,0.02431,62.07,0.0,0.04,1784766532
All Pools,AMI - DEGEN404,,False,0.02427,0.86854,0.0,2.55,1784766532
All Pools,HEFE - CANS,,False,0.02423,4.975,0.0,0.44,1784766532
All Pools,miMatic - USDC.e,,False,0.02406,24.09,0.0,0.09,1784766532
All Pools,Blue - BLACK,,False,0.02403,2.482,0.0,0.88,1784766532
All Pools,miMatic - AVAX,,False,0.02398,32.43,0.0,0.07,1784766532
All Pools,LUNA - LUNA,,False,0.02394,1.855,0.0,1.18,1784766532
All Pools,NOCHILL - ARENA,,False,0.02357,0.41333,0.0,5.2,1784766532
All Pools,Degen - DEGEN404,,False,0.02344,251.51,0.0,0.01,1784766532
All Pools,USDC - SPT,,False,0.02337,0.20545,0.0,10.38,1784766532
All Pools,WABBIT - AMI,,False,0.02184,0.8243,0.0,2.42,1784766532
All Pools,TOMB - USDC,,False,0.02142,10.03,0.0,0.19,1784766532
All Pools,SHOE - AMI,,False,0.02114,0.44045,0.0,4.38,1784766532
All Pools,CWAI - AVAX,,False,0.02092,990.28,0.0,0.0,1784766532
All Pools,USDC - AMI,,False,0.02088,0.58186,0.0,3.27,1784766532
All Pools,xJOE - AVAX,,False,0.02067,1.841,0.0,1.02,1784766532
All Pools,KIMBO - COQ,,False,0.01921,1.09,0.0,1.61,1784766532
All Pools,FINANCE - NOCHILL,,False,0.01915,398.88,0.0,0.0,1784766532
All Pools,ORNG - JUICE,,False,0.01895,1.45,0.0,1.19,1784766532
All Pools,ACS - USDC.e,,False,0.01887,4.959,0.0,0.35,1784766532
All Pools,BTC.b - USDC,,False,0.01804,4.301,0.0,0.38,1784766532
All Pools,NOCHILL - WAIFU,,False,0.01787,150.31,0.0,0.01,1784766532
All Pools,GMX - USDC,,False,0.01761,0.87836,0.0,1.83,1784766532
All Pools,ZUM - NOCHILL,,False,0.01719,0.81544,0.0,1.92,1784766532
All Pools,YEEHAW - ABC,,False,0.01667,0.23643,0.0,6.43,1784766532
All Pools,Psychic - Ups,,False,0.01612,48.09,0.0,0.03,1784766532
All Pools,ELE - AVAX,,False,0.016,89.81,0.0,0.02,1784766532
All Pools,AMPL - AVAX,,False,0.01589,211.13,0.0,0.01,1784766532
All Pools,Psychic - TrumpCard,,False,0.01575,48.1,0.0,0.03,1784766532
All Pools,KIMBO - KOVIN,,False,0.01571,3.38,0.0,0.42,1784766532
All Pools,BLACK - Ups,,False,0.01568,1.191,0.0,1.2,1784766532
All Pools,TrumpCard - BLACK,,False,0.0155,1.188,0.0,1.19,1784766532
All Pools,Chrism - ChristMark,,False,0.01527,145.04,0.0,0.01,1784766532
All Pools,Psychic - Codes,,False,0.01515,48.1,0.0,0.03,1784766532
All Pools,Chrism - BLACK,,False,0.01513,1.281,0.0,1.08,1784766532
All Pools,Psychic - Confusion,,False,0.01511,48.09,0.0,0.03,1784766532
All Pools,AVAX - SHRAP,,False,0.01499,11.21,0.0,0.12,1784766532
All Pools,Codes - BLACK,,False,0.01472,1.188,0.0,1.13,1784766532
All Pools,Confusion - BLACK,,False,0.01468,1.19,0.0,1.13,1784766532
All Pools,GAS - AVAX,,False,0.01463,133.33,0.0,0.01,1784766532
All Pools,Psychic - Vampire,,False,0.01456,48.09,0.0,0.03,1784766532
All Pools,Psychic - Qubit,,False,0.01448,48.06,0.0,0.03,1784766532
All Pools,Psychic - Blessings,,False,0.01443,48.06,0.0,0.03,1784766532
All Pools,TruthClosure - AVAX,,False,0.01442,7.609,0.0,0.17,1784766532
All Pools,FITFI - USDC.e,,False,0.0144,0.04588,0.0,28.64,1784766532
All Pools,Balln - AMI,,False,0.01435,0.57359,0.0,2.28,1784766532
All Pools,Psychic - Seminole,,False,0.01434,48.05,0.0,0.03,1784766532
All Pools,Psychic - Luck,,False,0.01425,48.09,0.0,0.03,1784766532
All Pools,Flection - Psychic,,False,0.01422,48.09,0.0,0.03,1784766532
All Pools,Qubit - BLACK,,False,0.01422,1.196,0.0,1.09,1784766532
All Pools,Vampire - BLACK,,False,0.01414,1.189,0.0,1.09,1784766532
All Pools,Blessings - BLACK,,False,0.01405,1.197,0.0,1.07,1784766532
All Pools,Trinity - FourFourFour,,False,0.01404,3.433,0.0,0.37,1784766532
All Pools,Loyalty - Psychic,,False,0.01402,48.06,0.0,0.03,1784766532
All Pools,SatoshiNakamoto - Psychic,,False,0.01397,48.09,0.0,0.03,1784766532
All Pools,Seminole - BLACK,,False,0.01397,1.198,0.0,1.06,1784766532
All Pools,Psychic - Bonfire,,False,0.01396,48.08,0.0,0.03,1784766532
All Pools,Psychic - Nine,,False,0.01395,48.07,0.0,0.03,1784766532
All Pools,LOIQ - AMI,,False,0.01394,0.4611,0.0,2.76,1784766532
All Pools,Psychic - FinityFinity,,False,0.01393,48.1,0.0,0.03,1784766532
All Pools,LoveIsTheKey - AVAX,,False,0.01391,10.39,0.0,0.12,1784766532
All Pools,BLACK - Luck,,False,0.01387,1.189,0.0,1.06,1784766532
All Pools,Flection - BLACK,,False,0.01385,1.189,0.0,1.06,1784766532
All Pools,Psychic - Turtle,,False,0.01383,48.1,0.0,0.03,1784766532
All Pools,Bonfire - BLACK,,False,0.01381,1.199,0.0,1.05,1784766532
All Pools,FourFourFour - BLACK,,False,0.01381,3.035,0.0,0.42,1784766532
All Pools,Psychic - Gematria,,False,0.01378,48.09,0.0,0.03,1784766532
All Pools,Loyalty - BLACK,,False,0.0136,1.195,0.0,1.04,1784766532
All Pools,BLACK - Nine,,False,0.01357,1.194,0.0,1.04,1784766532
All Pools,FinityFinity - BLACK,,False,0.01357,1.188,0.0,1.04,1784766532
All Pools,SatoshiNakamoto - BLACK,,False,0.01356,1.188,0.0,1.04,1784766532
All Pools,ALOT - USDC.e,,False,0.01353,7.42,0.0,0.17,1784766532
All Pools,Psychic - TrueStory,,False,0.01351,48.09,0.0,0.03,1784766532
All Pools,Turtle - BLACK,,False,0.01348,1.188,0.0,1.04,1784766532
All Pools,Psychic - James,,False,0.01345,48.1,0.0,0.03,1784766532
All Pools,BLACK - Gematria,,False,0.01343,1.189,0.0,1.03,1784766532
All Pools,Psychic - Gematria,,False,0.01338,48.09,0.0,0.03,1784766532
All Pools,Psychic - Mirror,,False,0.01337,48.06,0.0,0.03,1784766532
All Pools,Psychic - Aquarius,,False,0.01336,48.09,0.0,0.03,1784766532
All Pools,Mirror - BLACK,,False,0.01324,1.203,0.0,1.0,1784766532
All Pools,TrueStory - BLACK,,False,0.01318,1.189,0.0,1.01,1784766532
All Pools,James - BLACK,,False,0.01311,1.187,0.0,1.01,1784766532
All Pools,Gematria - BLACK,,False,0.013,1.188,0.0,1.0,1784766532
All Pools,Psychic - Crypt,,False,0.01299,48.04,0.0,0.02,1784766532
All Pools,Aquarius - BLACK,,False,0.01299,1.196,0.0,0.99,1784766532
All Pools,Psychic - Who,,False,0.01297,48.09,0.0,0.02,1784766532
All Pools,Psychic - TheArcher,,False,0.01293,48.09,0.0,0.02,1784766532
All Pools,Psychic - Chrism,,False,0.01288,50.7,0.0,0.02,1784766532
All Pools,Psychic - ChristIAmYou,,False,0.01288,48.47,0.0,0.02,1784766532
All Pools,Psychic - Sequence,,False,0.01286,48.08,0.0,0.02,1784766532
All Pools,Psychic - Six,,False,0.01285,48.08,0.0,0.02,1784766532
All Pools,Psychic - Penny,,False,0.0128,48.09,0.0,0.02,1784766532
All Pools,Psychic - Alphabet,,False,0.01279,48.1,0.0,0.02,1784766532
All Pools,SURE - AVAX,,False,0.01278,5.553,0.0,0.21,1784766532
All Pools,Psychic - BiTonic,,False,0.01278,48.17,0.0,0.02,1784766532
All Pools,[i]Lluminati - BLACK,,False,0.01275,1.241,0.0,0.94,1784766532
All Pools,WETH.e - SURE,,False,0.01274,903.54,0.0,0.0,1784766532
All Pools,Crypt - BLACK,,False,0.01273,1.209,0.0,0.96,1784766532
All Pools,Gravity - SaintGermain,,False,0.01272,18.36,0.0,0.06,1784766532
All Pools,Psychic - Alice,,False,0.01271,48.05,0.0,0.02,1784766532
All Pools,TheArcher - BLACK,,False,0.01267,1.201,0.0,0.96,1784766532
All Pools,Who - BLACK,,False,0.01266,1.189,0.0,0.97,1784766532
All Pools,Six - BLACK,,False,0.01265,1.203,0.0,0.96,1784766532
All Pools,Psychic - RefZip,,False,0.01262,48.08,0.0,0.02,1784766532
All Pools,SaintGermain - BLACK,,False,0.01261,1.251,0.0,0.92,1784766532
All Pools,Psychic - Oracle,,False,0.0126,48.09,0.0,0.02,1784766532
All Pools,Sequence - BLACK,,False,0.0126,1.199,0.0,0.96,1784766532
All Pools,BLACK - Alice,,False,0.0126,1.205,0.0,0.95,1784766532
All Pools,Psychic - Architect,,False,0.01259,48.08,0.0,0.02,1784766532
All Pools,BLACK - ChristIAmYou,,False,0.01258,1.209,0.0,0.95,1784766532
All Pools,Spider - Psychic,,False,0.01254,48.04,0.0,0.02,1784766532
All Pools,Psychic - Diamonds,,False,0.01253,49.95,0.0,0.02,1784766532
All Pools,RefZip - BLACK,,False,0.01251,1.199,0.0,0.95,1784766532
All Pools,BiTonic - BLACK,,False,0.01251,1.186,0.0,0.96,1784766532
All Pools,Oracle - BLACK,,False,0.01249,1.198,0.0,0.95,1784766532
All Pools,Architect - BLACK,,False,0.01248,1.198,0.0,0.95,1784766532
All Pools,Penny - BLACK,,False,0.01243,1.187,0.0,0.96,1784766532
All Pools,Alphabet - BLACK,,False,0.01243,1.186,0.0,0.96,1784766532
All Pools,Psychic - TwinFlames,,False,0.0124,48.62,0.0,0.02,1784766532
All Pools,Diamonds - BLACK,,False,0.0123,1.248,0.0,0.9,1784766532
All Pools,Spider - BLACK,,False,0.01229,1.209,0.0,0.93,1784766532
All Pools,CAI - AMI,,False,0.01225,0.38253,0.0,2.92,1784766532
All Pools,Psychic - PoPo,,False,0.01219,48.1,0.0,0.02,1784766532
All Pools,Psychic - Happy,,False,0.01219,48.09,0.0,0.02,1784766532
All Pools,Psychic - SevenSevenSeven,,False,0.01217,48.1,0.0,0.02,1784766532
All Pools,Psychic - Thick,,False,0.01216,48.08,0.0,0.02,1784766532
All Pools,BLACK - TwinFlames,,False,0.01216,1.218,0.0,0.91,1784766532
All Pools,PNG - REDWOLF,,False,0.01212,3.468,0.0,0.32,1784766532
All Pools,Choice - Psychic,,False,0.0121,48.05,0.0,0.02,1784766532
All Pools,CAI - AVAX,,False,0.01202,1288.64,0.0,0.0,1784766532
All Pools,Psychic - Solved,,False,0.01202,48.08,0.0,0.02,1784766532
All Pools,Psychic - Checkmate,,False,0.01198,48.19,0.0,0.02,1784766532
All Pools,Psychic - [In]finity,,False,0.01197,48.05,0.0,0.02,1784766532
All Pools,Psychic - daVinci,,False,0.01196,48.08,0.0,0.02,1784766532
All Pools,Psychic - Time,,False,0.01194,48.09,0.0,0.02,1784766532
All Pools,Psychic - QuetzalCoatl,,False,0.01193,48.08,0.0,0.02,1784766532
All Pools,MEOW - AMI,,False,0.01193,0.36382,0.0,2.99,1784766532
All Pools,Happy - BLACK,,False,0.01192,1.184,0.0,0.92,1784766532
All Pools,PoPo - BLACK,,False,0.01192,1.183,0.0,0.92,1784766532
All Pools,Psychic - OneOneOne,,False,0.01191,48.07,0.0,0.02,1784766532
All Pools,SevenSevenSeven - BLACK,,False,0.01191,1.182,0.0,0.92,1784766532
All Pools,Thick - BLACK,,False,0.0119,1.188,0.0,0.91,1784766532
All Pools,Choice - BLACK,,False,0.01188,1.206,0.0,0.9,1784766532
All Pools,daVinci - BLACK,,False,0.01187,1.199,0.0,0.9,1784766532
All Pools,Psychic - Partment,,False,0.01185,48.06,0.0,0.02,1784766532
All Pools,Time - BLACK,,False,0.01185,1.183,0.0,0.91,1784766532
All Pools,Eye - Psychic,,False,0.01183,48.1,0.0,0.02,1784766532
All Pools,Psychic - YouAndI,,False,0.01181,48.09,0.0,0.02,1784766532
All Pools,Psychic - Line,,False,0.01181,48.77,0.0,0.02,1784766532
All Pools,Psychic - IAmThatIAm,,False,0.01181,48.1,0.0,0.02,1784766532
All Pools,Psychic - KatzJoel,,False,0.0118,48.07,0.0,0.02,1784766532
All Pools,Psychic - Lock,,False,0.0118,48.08,0.0,0.02,1784766532
All Pools,Solved - BLACK,,False,0.0118,1.2,0.0,0.9,1784766532
All Pools,Psychic - PlotTwist,,False,0.01179,49.17,0.0,0.02,1784766532
All Pools,Psychic - Number,,False,0.01179,48.11,0.0,0.02,1784766532
All Pools,Psychic - KekiusMaximus,,False,0.01178,48.1,0.0,0.02,1784766532
All Pools,Psychic - Finish,,False,0.01178,48.06,0.0,0.02,1784766532
All Pools,BLACK - Partment,,False,0.01177,1.203,0.0,0.89,1784766532
All Pools,Psychic - Equal,,False,0.01176,48.1,0.0,0.02,1784766532
All Pools,Checkmate - BLACK,,False,0.01176,1.203,0.0,0.89,1784766532
All Pools,[In]finity - BLACK,,False,0.01175,1.205,0.0,0.89,1784766532
All Pools,Eye - BLACK,,False,0.01174,1.182,0.0,0.91,1784766532
All Pools,Psychic - WhoWho,,False,0.01173,48.09,0.0,0.02,1784766532
All Pools,YouAndI - BLACK,,False,0.01172,1.184,0.0,0.9,1784766532
All Pools,QuetzalCoatl - BLACK,,False,0.01171,1.2,0.0,0.89,1784766532
All Pools,MEOW - AVAX,,False,0.01171,7818.63,0.0,0.0,1784766532
All Pools,Psychic - ElmoSunkGematria,,False,0.01171,48.11,0.0,0.02,1784766532
All Pools,Number - BLACK,,False,0.0117,1.18,0.0,0.9,1784766532
All Pools,OneOneOne - BLACK,,False,0.01169,1.201,0.0,0.89,1784766532
All Pools,Finish - BLACK,,False,0.01169,1.19,0.0,0.9,1784766532
All Pools,BLACK - IAmThatIAm,,False,0.01168,1.181,0.0,0.9,1784766532
All Pools,KatzJoel - BLACK,,False,0.01168,1.186,0.0,0.9,1784766532
All Pools,Lock - BLACK,,False,0.01167,1.185,0.0,0.9,1784766532
All Pools,Equal - BLACK,,False,0.01167,1.182,0.0,0.9,1784766532
All Pools,KekiusMaximus - BLACK,,False,0.01165,1.181,0.0,0.9,1784766532
All Pools,Psychic - LordJesusChrist,,False,0.01163,46.16,0.0,0.02,1784766532
All Pools,Psychic - Verse,,False,0.01163,48.07,0.0,0.02,1784766532
All Pools,WhoWho - BLACK,,False,0.0116,1.182,0.0,0.9,1784766532
All Pools,BLACK - ElmoSunkGematria,,False,0.01158,1.179,0.0,0.9,1784766532
All Pools,PlotTwist - BLACK,,False,0.01156,1.207,0.0,0.87,1784766532
All Pools,LordJesusChrist - BLACK,,False,0.01154,1.158,0.0,0.91,1784766532
All Pools,Line - BLACK,,False,0.01147,1.027,0.0,1.02,1784766532
All Pools,Psychic - Abracadabra,,False,0.01145,48.08,0.0,0.02,1784766532
All Pools,Psychic - WhoWhoWho,,False,0.0114,48.07,0.0,0.02,1784766532
All Pools,Psychic - Artemis,,False,0.0114,48.24,0.0,0.02,1784766532
All Pools,Psychic - BirthingCode,,False,0.01137,48.1,0.0,0.02,1784766532
All Pools,Psychic - PennyTrinity,,False,0.01134,48.11,0.0,0.02,1784766532
All Pools,Psychic - Zero,,False,0.01134,48.08,0.0,0.02,1784766532
All Pools,Psychic - Hexagon,,False,0.01132,48.09,0.0,0.02,1784766532
All Pools,AAVE.e - USDT.e,,False,0.01126,2.676,0.0,0.38,1784766532
All Pools,Abracadabra - BLACK,,False,0.01123,1.186,0.0,0.86,1784766532
All Pools,BLACK - Verse,,False,0.01123,1.188,0.0,0.86,1784766532
All Pools,Psychic - Numbers,,False,0.0112,48.08,0.0,0.02,1784766532
All Pools,WhoWhoWho - BLACK,,False,0.01118,1.188,0.0,0.86,1784766532
All Pools,Artemis - BLACK,,False,0.01118,1.196,0.0,0.85,1784766532
All Pools,BirthingCode - BLACK,,False,0.01115,1.181,0.0,0.86,1784766532
All Pools,PennyTrinity - BLACK,,False,0.01113,1.178,0.0,0.86,1784766532
All Pools,Zero - BLACK,,False,0.01112,1.186,0.0,0.86,1784766532
All Pools,Hexagon - BLACK,,False,0.0111,1.182,0.0,0.86,1784766532
All Pools,Numbers - BLACK,,False,0.011,1.2,0.0,0.84,1784766532
All Pools,xORDER - AVAX,,False,0.01091,0.16194,0.0,6.15,1784766532
All Pools,AMI - MOOCH,,False,0.01072,0.43215,0.0,2.26,1784766532
All Pools,WETH.e - meGNX,,False,0.01053,5.44,0.0,0.18,1784766532
All Pools,AVAX - MICRO,,False,0.01046,19.02,0.0,0.05,1784766532
All Pools,COQ - MICRO,,False,0.01037,2.949,0.0,0.32,1784766532
All Pools,JOE - AVE,,False,0.01012,1.202,0.0,0.77,1784766532
All Pools,AMI - KONG,,False,0.01009,0.30446,0.0,3.02,1784766532
All Pools,QI - LYLY,,False,0.01001,1.849,0.0,0.49,1784766532
All Pools,AVAX - KONG,,False,0.0099,5405.16,0.0,0.0,1784766532
All Pools,JOE - SNLP,,False,0.00988,1.072,0.0,0.84,1784766532
All Pools,COQ - JUICY,,False,0.00988,0.42933,0.0,2.1,1784766532
All Pools,SLEEP - AMI,,False,0.00985,35.19,0.0,0.03,1784766532
All Pools,SNLP - AVAX,,False,0.00978,2649.41,0.0,0.0,1784766532
All Pools,USDt - USDC.e,,False,0.00973,14.2,0.0,0.06,1784766532
All Pools,AAVE.e - meGNX,,False,0.00968,3.75,0.0,0.24,1784766532
All Pools,Quet - ARENA,,False,0.00965,0.62984,0.0,1.4,1784766532
All Pools,WINK - NOCHILL,,False,0.00958,0.44617,0.0,1.96,1784766532
All Pools,sAVAX - AMI,,False,0.0093,0.28875,0.0,2.94,1784766532
All Pools,Quet - AVAX,,False,0.00921,0.14194,0.0,5.92,1784766532
All Pools,TRACTOR - JOE,,False,0.00906,1.148,0.0,0.72,1784766532
All Pools,TRACTOR - AVAX,,False,0.00899,10760.0,0.0,0.0,1784766532
All Pools,HIGHER - NOCHILL,,False,0.00895,0.21605,0.0,3.78,1784766532
All Pools,BIRD - AVAX,,False,0.00878,0.00968,0.0,82.77,1784766532
All Pools,BTC.b - SPT,,False,0.00868,0.15346,0.0,5.16,1784766532
All Pools,AAVE.e - USDC.e,,False,0.0086,1.293,0.0,0.61,1784766532
All Pools,JOE - USDt,,False,0.0082,0.65073,0.0,1.15,1784766532
All Pools,SNO Token - JOE,,False,0.00814,51.51,0.0,0.01,1784766532
All Pools,SNO Token - AVAX,,False,0.00807,1.153,0.0,0.64,1784766532
All Pools,HOWDY - NOCHILL,,False,0.00791,0.33084,0.0,2.18,1784766532
All Pools,SOB - LUNA,,False,0.00784,0.81313,0.0,0.88,1784766532
All Pools,SOB - AVAX,,False,0.00775,390.13,0.0,0.0,1784766532
All Pools,GAINS - Degen,,False,0.00775,1.545,0.0,0.46,1784766532
All Pools,GAINS - AVAX,,False,0.00769,31.2,0.0,0.02,1784766532
All Pools,Orange - AVAX,,False,0.00754,63.08,0.0,0.01,1784766532
All Pools,Orange - BLACK,,False,0.0075,2.084,0.0,0.33,1784766532
All Pools,xARENA - ARENA,,False,0.00737,1.616,0.0,0.42,1784766532
All Pools,BTC.b - yyAVAX,,False,0.00729,4.321,0.0,0.15,1784766532
All Pools,BLUB - AVAX,,False,0.00728,11788.0,0.0,0.0,1784766532
All Pools,ORDER - xORDER,,False,0.00727,0.53124,0.0,1.25,1784766532
All Pools,AUSD - HUSKY,,False,0.00715,0.50211,0.0,1.3,1784766532
All Pools,STICK - AMI,,False,0.007,0.17076,0.0,3.74,1784766532
All Pools,xARENA - AVAX,,False,0.00692,0.06661,0.0,9.48,1784766532
All Pools,Trinity - IngersollLockwood,,False,0.0069,0.63608,0.0,0.99,1784766532
All Pools,AVAX - STICK,,False,0.00684,1133.41,0.0,0.0,1784766532
All Pools,IngersollLockwood - BLACK,,False,0.00676,1.092,0.0,0.56,1784766532
All Pools,AVAX - COFI,,False,0.0063,441.32,0.0,0.0,1784766532
All Pools,COQ - COFI,,False,0.00626,1.312,0.0,0.44,1784766532
All Pools,JOE - CNR,,False,0.00618,0.75723,0.0,0.74,1784766532
All Pools,CNR - USDC,,False,0.00611,4.521,0.0,0.12,1784766532
All Pools,ERROR - AMI,,False,0.0058,2.059,0.0,0.26,1784766532
All Pools,Gladiator - AMI,,False,0.00529,1.549,0.0,0.31,1784766532
All Pools,LF - USDT.e,,False,0.00509,0.87115,0.0,0.53,1784766532
All Pools,LF - AVAX,,False,0.00505,253.34,0.0,0.0,1784766532
All Pools,JOE - AMI,,False,0.00483,0.17112,0.0,2.58,1784766532
All Pools,FEED - AMI,,False,0.00481,0.15437,0.0,2.84,1784766532
All Pools,FEED - AVAX,,False,0.00465,5745.29,0.0,0.0,1784766532
All Pools,CANS - AMI,,False,0.00463,0.15107,0.0,2.8,1784766532
All Pools,YEEHAW - xAVAX,,False,0.00455,0.22467,0.0,1.85,1784766532
All Pools,xAVAX - AVAX,,False,0.00442,0.55546,0.0,0.73,1784766532
All Pools,COOK - AMI,,False,0.00435,0.15489,0.0,2.57,1784766532
All Pools,FLOT - AVAX,,False,0.00429,2956.96,0.0,0.0,1784766532
All Pools,FLOT - COQ,,False,0.00425,0.53235,0.0,0.73,1784766532
All Pools,YEEHAW - HIGHER,,False,0.00407,0.17556,0.0,2.11,1784766532
All Pools,Naughty - AVAX,,False,0.00405,171.09,0.0,0.0,1784766532
All Pools,DEV - ARENA,,False,0.00374,0.05214,0.0,6.54,1784766532
All Pools,ARENA - JUICY,,False,0.00371,0.03006,0.0,11.27,1784766532
All Pools,YEEHAW - MU,,False,0.00367,0.13291,0.0,2.52,1784766532
All Pools,ABOB - AMI,,False,0.00352,0.10251,0.0,3.13,1784766532
All Pools,DEV - AVAX,,False,0.00344,3.45,0.0,0.09,1784766532
All Pools,JOE - aXEN,,False,0.00343,0.16109,0.0,1.94,1784766532
All Pools,ABOB - AVAX,,False,0.00339,599.89,0.0,0.0,1784766532
All Pools,SHEN - AVAX,,False,0.0033,40.86,0.0,0.01,1784766532
All Pools,xORDER - USDC,,False,0.00329,0.156,0.0,1.92,1784766532
All Pools,COQ - SHEN,,False,0.00326,0.34692,0.0,0.86,1784766532
All Pools,H2O - AVAX,,False,0.0032,21.38,0.0,0.01,1784766532
All Pools,Naughty - HIGHER,,False,0.00298,0.31256,0.0,0.87,1784766532
All Pools,yes - ARENA,,False,0.00277,0.05673,0.0,4.46,1784766532
All Pools,CATWIF - UNIQOC,,False,0.0027,0.18432,0.0,1.34,1784766532
All Pools,BTC.b - GMX,,False,0.00266,1.39,0.0,0.17,1784766532
All Pools,CATWIF - AVAX,,False,0.00266,2307.07,0.0,0.0,1784766532
All Pools,yes - AVAX,,False,0.0026,1101.71,0.0,0.0,1784766532
All Pools,BRUH - AMI,,False,0.00258,0.09612,0.0,2.45,1784766532
All Pools,GMX - USDt,,False,0.00256,0.36482,0.0,0.64,1784766532
All Pools,BRUH - AVAX,,False,0.00251,892.6,0.0,0.0,1784766532
All Pools,APEX - AMI,,False,0.00244,0.10578,0.0,2.11,1784766532
All Pools,MAJIN - AMI,,False,0.00238,0.10783,0.0,2.01,1784766532
All Pools,TECH - HOWDY,,False,0.00238,0.03285,0.0,6.61,1784766532
All Pools,APEX - AVAX,,False,0.00237,0.62046,0.0,0.35,1784766532
All Pools,DWC - AMI,,False,0.00237,0.08794,0.0,2.46,1784766532
All Pools,PUSH - AMI,,False,0.00233,0.12259,0.0,1.74,1784766532
All Pools,MAJIN - AVAX,,False,0.00232,2898.86,0.0,0.0,1784766532
All Pools,AVAX - DWC,,False,0.0023,4109.46,0.0,0.0,1784766532
All Pools,PUSH - AVAX,,False,0.00227,0.39337,0.0,0.53,1784766532
All Pools,LAMA - AMI,,False,0.00196,0.07494,0.0,2.39,1784766532
All Pools,LAMA - AVAX,,False,0.0019,8417.16,0.0,0.0,1784766532
All Pools,STINU - AMI,,False,0.0019,0.07547,0.0,2.3,1784766532
All Pools,ORDER - ARENA,,False,0.00186,0.01396,0.0,12.16,1784766532
All Pools,STINU - AVAX,,False,0.00185,25.66,0.0,0.01,1784766532
All Pools,CAPY - AVAX,,False,0.00184,0.01606,0.0,10.46,1784766532
All Pools,USDt - XPOW,,False,0.00181,0.01477,0.0,11.18,1784766532
All Pools,ABC - MU,,False,0.00157,0.04663,0.0,3.07,1784766532
All Pools,LOK - AMI,,False,0.00154,0.04307,0.0,3.27,1784766532
All Pools,USDC - XPOW,,False,0.00154,0.01981,0.0,7.08,1784766532
All Pools,AMI - GEC,,False,0.00152,0.05048,0.0,2.75,1784766532
All Pools,WINK - AMI,,False,0.00152,0.06022,0.0,2.3,1784766532
All Pools,BAWLS - AMI,,False,0.00151,0.04817,0.0,2.86,1784766532
All Pools,BAWLS - AVAX,,False,0.00146,11.9,0.0,0.01,1784766532
All Pools,zJoe - AMI,,False,0.00137,0.14257,0.0,0.88,1784766532
All Pools,BTC.b - AMI,,False,0.00136,0.03439,0.0,3.61,1784766532
All Pools,Naughty - AMI,,False,0.00116,0.02794,0.0,3.77,1784766532
All Pools,AVAX - Always,,False,0.0011,0.53803,0.0,0.19,1784766532
All Pools,Trinity - ElvisJackpot,,False,0.00108,1.868,0.0,0.05,1784766532
All Pools,HEFE - Always,,False,0.00108,1.402,0.0,0.07,1784766532
All Pools,THOR - AVAX,,False,0.0,23510.0,0.0,0.0,1784766532
All Pools,AVAX - AKITAX,,False,0.0,18.95,0.0,0.0,1784766532
All Pools,WOOF - AMI,,False,0.0,1.378,0.0,0.05,1784766532
All Pools,USDT.e - AKITAX,,False,0.0,0.00353,0.0,19.22,1784766532
All Pools,WOLFI - AMI,,False,0.0,2.625,0.0,0.02,1784766532
All Pools,GGP - AMI,,False,0.0,0.00811,0.0,7.44,1784766532
All Pools,sAVAX - USDC,,False,0.0,0.45571,0.0,0.04,1784766532
All Pools,GATOR - GURS,,False,0.0,0.14452,0.0,0.11,1784766532
All Pools,avUSD - USDC,,False,0.0,19.1,0.0,0.0,1784766532
All Pools,AVAX - ART,,False,0.0,0.0,0.0,16.42,1784766532
All Pools,FATE - USDC,,False,0.0,458326.0,0.0,0.0,1784766532
All Pools,sAVAX - WETH.e,,False,0.0,0.0102,0.0,0.0,1784766532
All Pools,aUST - AVAX,,False,0.0,0.00287,0.0,0.0,1784766532
All Pools,ETHS - AVAX,,False,0.0,0.591,0.0,0.0,1784766532
All Pools,[i]Lluminati - Chrism,,False,0.0,0.0,0.0,0.0,1784766532
All Pools,AVAX - USDC,0.05,False,745822.0,404410.0,381.47,34.43,1784766591
All Pools,sAVAX - AVAX,0.01,False,188755.0,52036.0,21.44,15.04,1784766591
All Pools,sAVAX - AVAX,0.1,False,128513.0,53343.0,129.36,88.52,1784766591
All Pools,ARENA - AVAX,0.01,False,106573.0,107242.0,10.63,3.62,1784766591
All Pools,AUSD - USDC,0.01,False,76466.0,117561.0,7.817,2.43,1784766591
All Pools,BTC.b - USDC,0.05,False,41187.0,598198.0,26.65,1.63,1784766591
All Pools,SIERRA - USDC,0.1,False,24898.0,161285.0,27.57,6.24,1784766591
All Pools,XAUt0 - USDt,0.04,False,24268.0,28061.0,10.55,13.72,1784766591
All Pools,JOE - USDC.e,0.3,False,17398.0,263134.0,43.5,6.03,1784766591
All Pools,COQ - AVAX,0.3,False,14676.0,438804.0,36.69,3.05,1784766591
All Pools,AAVE.e - AVAX,0.3,False,13875.0,266168.0,34.69,4.76,1784766591
All Pools,USDt - USDC,0.01,False,11824.0,163131.0,0.94704,0.21,1784766591
All Pools,JOE - AVAX,0.3,False,10916.0,216264.0,27.29,4.61,1784766591
All Pools,AVAX - USDC,0.3,False,10409.0,348630.0,26.02,2.72,1784766591
All Pools,AVAX - USDT.e,0.3,False,9382.01,473729.0,23.46,1.81,1784766591
All Pools,USDt - USDC,0.005,False,8679.09,160448.0,0.60887,0.14,1784766591
All Pools,USDC.e - USDC,0.02,False,8355.48,9743.94,0.83716,3.14,1784766591
All Pools,USDC.e - AVAX,0.3,False,7849.34,368499.0,19.62,1.94,1784766591
All Pools,AVAX - USDt,0.2,False,7581.64,100852.0,15.26,5.52,1784766591
All Pools,FOLKS - AVAX,0.25,False,6759.61,36493.0,17.2,17.2,1784766591
All Pools,USDT.e - USDt,0.02,False,6662.43,44587.0,1.337,1.09,1784766591
All Pools,USDC - XAVA,0.3,False,6098.15,493153.0,15.25,1.13,1784766591
All Pools,AUSD - USDt,0.01,False,5390.72,54684.0,0.53026,0.35,1784766591
All Pools,USDT.e - USDC,0.02,False,5030.13,51244.0,1.005,0.72,1784766591
All Pools,NXUSD - WXT,0.3,False,4718.23,489118.0,11.8,0.88,1784766591
All Pools,DAI.e - USDC,0.02,False,4413.72,27070.0,0.85789,1.16,1784766591
All Pools,AVAX - BTC.b,0.05,False,4327.63,26526.0,2.362,3.25,1784766591
All Pools,MUON - AVAX,0.3,False,3918.06,43400.0,9.795,8.24,1784766591
All Pools,XAVA - AVAX,0.8,False,3807.5,126318.0,30.66,8.86,1784766591
All Pools,WETH.e - AVAX,0.3,False,3534.05,384645.0,8.835,0.84,1784766591
All Pools,NOCHILL - AVAX,0.3,False,3047.46,57924.0,7.619,4.8,1784766591
All Pools,QI - AVAX,0.3,False,2625.05,124222.0,6.563,1.93,1784766591
All Pools,USDC - MCCGA,0.3,False,2407.86,0.00303,6.02,72581815.0,1784766591
All Pools,JPYC - USDC,0.04,False,2352.96,3178.98,1.221,14.01,1784766591
All Pools,JOE - USDT.e,0.3,False,2247.72,52826.0,5.619,3.88,1784766591
All Pools,GUN - AVAX,0.25,False,2153.36,9586.83,6.914,26.32,1784766591
All Pools,w3ULL - AVAX,0.3,False,1679.76,49602.0,4.199,3.09,1784766591
All Pools,ORNG - AVAX,0.3,False,1636.71,16948.0,4.092,8.81,1784766591
All Pools,QI - AVAX,0.25,False,1537.11,8089.85,3.864,17.43,1784766591
All Pools,WBTC.e - AVAX,0.3,False,1222.74,134871.0,3.057,0.83,1784766591
All Pools,BTC.b - AVAX,0.3,False,1097.81,110518.0,2.745,0.91,1784766591
All Pools,BEAM - USDC,0.3,False,1033.47,64858.0,2.584,1.45,1784766591
All Pools,JOE - USDC,0.3,False,968.38,23944.0,2.421,3.69,1784766591
All Pools,HUNDRED - USDC,0.3,False,854.47,483984.0,2.136,0.16,1784766591
All Pools,USDt - AVAX,0.3,False,795.89,38819.0,1.99,1.87,1784766591
All Pools,AVAX - SWAP.e,0.3,False,690.26,19185.0,1.726,3.28,1784766591
All Pools,KIMBO - AVAX,0.3,False,673.36,42158.0,1.683,1.46,1784766591
All Pools,ZRO - AVAX,0.25,False,647.03,1604.96,1.704,38.75,1784766591
All Pools,GGP - AVAX,0.3,False,636.69,24511.0,1.592,2.37,1784766591
All Pools,AVAX - TOPIA,0.3,False,632.77,1585.5,1.582,36.42,1784766591
All Pools,DAI.e - USDC,0.02,False,588.57,2319.27,0.11545,1.82,1784766591
All Pools,BEAM - AVAX,0.25,False,545.78,14049.0,1.369,3.56,1784766591
All Pools,AVAX - DAI.e,0.3,False,474.43,28813.0,1.186,1.5,1784766591
All Pools,CAPY - ARENA,0.3,False,440.28,34905.0,1.101,1.15,1784766591
All Pools,APIX - ARENA,0.3,False,406.62,2374.46,1.017,15.63,1784766591
All Pools,LINK.e - AVAX,0.3,False,343.1,40269.0,0.85774,0.78,1784766591
All Pools,AVAX - DOMI,0.3,False,334.69,11420.0,0.83673,2.67,1784766591
All Pools,TOPIA - BTC.b,0.1,False,304.56,447.27,0.6667,54.41,1784766591
All Pools,KLO - AVAX,0.3,False,289.61,10334.0,0.72404,2.56,1784766591
All Pools,MIM - AVAX,0.3,False,288.55,168220.0,0.72136,0.16,1784766591
All Pools,OSAK - AVAX,0.3,False,279.11,3296.4,0.69777,7.73,1784766591
All Pools,GUN - AVAX,0.1,False,278.55,16941.0,0.31269,0.67,1784766591
All Pools,FLD - AVAX,0.3,False,262.53,35983.0,0.65632,0.67,1784766591
All Pools,WBTC.e - BTC.b,0.03,False,240.06,235353.0,0.07399,0.01,1784766591
All Pools,USDT.e - USDC,0.02,False,235.52,900.47,0.02403,0.97,1784766591
All Pools,BLSEYE🎯 - AVAX,0.3,False,235.08,4619.44,0.58769,4.64,1784766591
All Pools,PTOP400 - AVAX,0.1,False,225.41,228.56,0.24094,38.48,1784766591
All Pools,SolvBTC - BTC.b,0.04,False,214.88,186157.0,0.10679,0.02,1784766591
All Pools,NXPC - USDC,0.8,False,200.36,81.15,1.659,746.43,1784766591
All Pools,SYN - AVAX,0.3,False,188.94,4460.38,0.47235,3.87,1784766591
All Pools,WETH.e - USDC.e,0.3,False,177.87,11234.0,0.44469,1.44,1784766591
All Pools,BLSEYE🎯 - ARENA,0.3,False,175.74,1302.32,0.43934,12.31,1784766591
All Pools,USDC.e - USDC,0.02,False,165.03,3895.67,0.03299,0.31,1784766591
All Pools,GMX - AVAX,0.3,False,157.98,4138.39,0.39495,3.48,1784766591
All Pools,PTOP700 - BTC.b,0.1,False,150.56,257.08,0.20559,29.19,1784766591
All Pools,gOHM - AVAX,0.3,False,138.37,129791.0,0.34592,0.1,1784766591
All Pools,AVAX - XAVA,0.3,False,133.61,13092.0,0.33402,0.93,1784766591
All Pools,USDC.e - USDC,0.02,False,131.17,1957.67,0.02623,0.49,1784766591
All Pools,APIX - USDt,0.3,False,130.17,5677.75,0.32543,2.09,1784766591
All Pools,AVAX - JUICE,0.3,False,124.0,10151.0,0.31001,1.11,1784766591
All Pools,AVAX - AMI,0.3,False,111.96,411.35,0.27989,24.84,1784766591
All Pools,BTC.b - TOPIA,0.3,False,111.58,602.3,0.27894,16.9,1784766591
All Pools,APIX - ID,0.3,False,111.22,17877.0,0.27806,0.57,1784766591
All Pools,PTOP700 - AVAX,0.1,False,103.0,89.92,0.11676,47.4,1784766591
All Pools,AVAX - ALVA,0.3,False,102.06,677.7,0.25514,13.74,1784766591
All Pools,sAVAX - AVAX,0.3,False,90.23,175139.0,0.22557,0.05,1784766591
All Pools,FITFI - USDT.e,0.3,False,83.98,72.04,0.20995,106.38,1784766591
All Pools,WETH.e - USDC,0.15,False,78.23,9833.79,0.11833,0.44,1784766591
All Pools,BOI - AVAX,0.3,False,74.42,51.25,0.18604,132.5,1784766591
All Pools,XSEED - AVAX,0.3,False,71.13,10313.0,0.17782,0.63,1784766591
All Pools,ABC - AVAX,0.3,False,68.83,436.37,0.17207,14.39,1784766591
All Pools,APIX - USDC,0.3,False,62.28,2836.02,0.15569,2.0,1784766591
All Pools,HUSKY - AVAX,0.3,False,61.81,2253.25,0.15452,2.5,1784766591
All Pools,USDC.e - USDC,0.3,False,60.95,481217.0,0.15239,0.01,1784766591
All Pools,WTHT - USDC,0.8,False,60.59,287.89,0.87707,111.2,1784766591
All Pools,HEFE - AVAX,0.3,False,59.57,27490.0,0.14892,0.2,1784766591
All Pools,HOWDY - AVAX,0.3,False,56.8,6862.81,0.14201,0.76,1784766591
All Pools,XSGD - USDC,0.05,False,52.29,528.66,0.00839,0.58,1784766591
All Pools,STG - USDC,0.3,False,51.77,1230.27,0.12943,3.84,1784766591
All Pools,AVAX - JUICY,0.3,False,49.27,1865.48,0.12318,2.41,1784766591
All Pools,SWORLD - AVAX,0.3,False,45.22,2262.84,0.11306,1.82,1784766591
All Pools,XPOW - AVAX,0.8,False,44.45,658.12,0.3574,19.82,1784766591
All Pools,GURS - AVAX,0.3,False,40.36,5483.06,0.1009,0.67,1784766591
All Pools,ARENA - AVAX,2.5,False,35.48,462.72,0.89707,70.76,1784766591
All Pools,USDC.e - MU,0.3,False,34.86,13229.0,0.08714,0.24,1784766591
All Pools,YAK - AVAX,0.3,False,32.98,3287.92,0.08244,0.92,1784766591
All Pools,MEAT - AVAX,0.3,False,32.8,3168.72,0.08199,0.94,1784766591
All Pools,TECH - AVAX,0.3,False,30.77,9653.78,0.07692,0.29,1784766591
All Pools,GUN - BLSEYE🎯,0.3,False,29.28,444.91,0.07321,6.01,1784766591
All Pools,YEEHAW - HOWDY,0.3,False,28.94,7586.61,0.07234,0.35,1784766591
All Pools,UST - AVAX,0.3,False,28.54,5832.07,0.07135,0.45,1784766591
All Pools,HOWDY - AMI,0.3,False,27.57,1528.94,0.06892,1.65,1784766591
All Pools,HOWDY - USDC,0.3,False,27.43,3064.64,0.06857,0.82,1784766591
All Pools,USDt - USDC,0.02,False,27.33,2237.6,0.00552,0.09,1784766591
All Pools,SB - AVAX,0.3,False,23.5,6002.27,0.05876,0.36,1784766591
All Pools,Gladiator - ARENA,0.3,False,23.26,628.03,0.05815,3.38,1784766591
All Pools,STG - AVAX,0.3,False,22.97,1039.14,0.05742,2.02,1784766591
All Pools,Gladiator - USDC,0.3,False,22.94,341.07,0.05734,6.14,1784766591
All Pools,YEEHAW - CHAMP,0.3,False,20.41,960.87,0.05103,1.94,1784766591
All Pools,WBTC - BTC.b,0.03,False,19.4,70111.0,0.00728,0.0,1784766591
All Pools,Balln - AVAX,0.3,False,18.97,4336.17,0.04742,0.4,1784766591
All Pools,AVAX - UST,0.3,False,18.55,6873.08,0.04636,0.25,1784766591
All Pools,GUN - AVAX,0.3,False,18.12,197.85,0.04531,8.36,1784766591
All Pools,XPOW - AVAX,0.3,False,17.73,1258.52,0.04434,1.29,1784766591
All Pools,YEEHAW - TOPIA,0.3,False,16.21,157.69,0.04052,9.38,1784766591
All Pools,Psychic - AVAX,0.3,False,15.96,901.19,0.03991,1.62,1784766591
All Pools,AVAX - ARENA,0.3,False,15.52,85.7,0.03881,16.53,1784766591
All Pools,ZRO - AVAX,0.3,False,13.66,131.02,0.03415,9.51,1784766591
All Pools,PTOP1000 - TOPIA,0.3,False,13.39,162.1,0.03347,7.54,1784766591
All Pools,PTOP1000 - USDC,0.1,False,13.35,212.31,0.01405,2.42,1784766591
All Pools,HERESY - AVAX,0.3,False,12.89,16288.0,0.03222,0.07,1784766591
All Pools,SHRAP - AVAX,0.8,False,12.56,8171.43,0.10102,0.45,1784766591
All Pools,LUNA - USDC.e,0.3,False,11.86,658.61,0.02964,1.64,1784766591
All Pools,gOHM - FRAX,0.3,False,11.83,3551.57,0.02957,0.3,1784766591
All Pools,Psychic - XAUt0,0.3,False,11.79,5911.03,0.02947,0.18,1784766591
All Pools,PTOP900 - TOPIA,0.3,False,11.35,161.4,0.02838,6.42,1784766591
All Pools,PTOP900 - AVAX,0.1,False,11.33,61.48,0.01135,6.74,1784766591
All Pools,WABBIT - AVAX,0.3,False,10.04,3829.42,0.0251,0.24,1784766591
All Pools,AVAX - aXEN,0.3,False,9.95,153.59,0.02487,5.91,1784766591
All Pools,PTOP1200 - TOPIA,0.3,False,9.94,145.5,0.02485,6.23,1784766591
All Pools,TOPIA - PTOP800,0.3,False,9.748,147.33,0.02437,6.04,1784766591
All Pools,AVAX - PEFI,0.3,False,9.49,3278.49,0.02373,0.26,1784766591
All Pools,AMI - TOPIA,0.3,False,9.261,229.09,0.02315,3.69,1784766591
All Pools,PNG - AVAX,0.3,False,9.214,801.82,0.02303,1.05,1784766591
All Pools,PTOP1100 - TOPIA,0.3,False,9.169,150.79,0.02292,5.55,1784766591
All Pools,APOW - AVAX,0.3,False,8.927,1337.88,0.02232,0.61,1784766591
All Pools,APOW - XPOW,0.3,False,8.754,1247.39,0.02188,0.64,1784766591
All Pools,MIM - USDT.e,0.3,False,8.683,1381.78,0.02171,0.57,1784766591
All Pools,HATCHY - AVAX,0.3,False,8.674,7063.2,0.02169,0.11,1784766591
All Pools,ISA - AVAX,0.3,False,7.974,17148.0,0.01993,0.04,1784766591
All Pools,ISA - USDC.e,0.3,False,7.301,1451.1,0.01825,0.46,1784766591
All Pools,CATCH - AVAX,0.3,False,7.108,496.73,0.01777,1.31,1784766591
All Pools,AVAX - BAL,0.3,False,7.06,47.9,0.01765,13.45,1784766591
All Pools,PTOP700 - TOPIA,0.3,False,7.024,148.95,0.01756,4.3,1784766591
All Pools,COQ - COQAI,0.3,False,6.87,20145.0,0.01717,0.03,1784766591
All Pools,SECOND - AVAX,0.3,False,6.841,1472.52,0.0171,0.42,1784766591
All Pools,SECOND - USDC,0.3,False,6.839,7032.83,0.0171,0.09,1784766591
All Pools,FITFI - AVAX,0.3,False,6.769,6.469,0.01692,95.48,1784766591
All Pools,PTOP400 - TOPIA,0.3,False,6.515,140.26,0.01629,4.24,1784766591
All Pools,RGOGLZ - USDC,0.3,False,6.137,1338.17,0.01534,0.42,1784766591
All Pools,MIM - SB,0.3,False,5.906,2008.29,0.01476,0.27,1784766591
All Pools,AVAX - FRAX,0.3,False,5.777,684.79,0.01444,0.77,1784766591
All Pools,YEEHAW - BTC.b,0.3,False,5.689,55.63,0.01422,9.33,1784766591
All Pools,BLSEYE🎯 - BEAM,0.3,False,5.266,275.74,0.01316,1.74,1784766591
All Pools,USDC - GAU,0.3,False,5.114,739.35,0.01278,0.63,1784766591
All Pools,DCAU - AVAX,0.3,False,5.095,1020.61,0.01274,0.46,1784766591
All Pools,DCAU - USDT.e,0.3,False,5.006,5024.0,0.01251,0.09,1784766591
All Pools,JOE - USDT,0.3,False,4.967,287.9,0.01242,1.57,1784766591
All Pools,ABC - HOWDY,0.3,False,4.618,444.17,0.01155,0.95,1784766591
All Pools,ORNG - SAI,0.3,False,4.527,106.43,0.01132,3.88,1784766591
All Pools,COQ - BLSEYE🎯,0.3,False,4.502,162.06,0.01125,2.53,1784766591
All Pools,USDt - ncash,0.3,False,4.474,1023.38,0.01118,0.4,1784766591
All Pools,AVAX - SPELL,0.3,False,4.403,1937.84,0.01101,0.21,1784766591
All Pools,DATCM - ORNG,0.3,False,4.356,231.19,0.01089,1.72,1784766591
All Pools,YAK - USDC.e,0.3,False,4.298,207.97,0.01075,1.89,1784766591
All Pools,AVAX - GEC,0.3,False,4.26,27538.0,0.01065,0.01,1784766591
All Pools,MIM - USDC.e,0.3,False,4.178,702.52,0.01045,0.54,1784766591
All Pools,ORNG - JUCI,0.3,False,3.879,243.9,0.0097,1.45,1784766591
All Pools,HOWDY - ARENA,0.3,False,3.784,57.84,0.00946,5.97,1784766591
All Pools,SHRAP - DOMI,0.3,False,3.779,159.37,0.00945,2.16,1784766591
All Pools,BOOTY - AVAX,0.3,False,3.718,1507.14,0.0093,0.23,1784766591
All Pools,ZOO - AVAX,0.3,False,3.629,1420.71,0.00907,0.23,1784766591
All Pools,HUSKY - AMI,0.3,False,3.489,53.8,0.00872,5.92,1784766591
All Pools,ROCO - AVAX,0.3,False,3.405,1324.77,0.00851,0.23,1784766591
All Pools,TRESR - AVAX,0.3,False,3.315,7859.88,0.00829,0.04,1784766591
All Pools,Psychic - BLACK,0.3,False,3.298,249.56,0.00824,1.21,1784766591
All Pools,LOK - AVAX,0.3,False,3.275,186.6,0.00819,1.6,1784766591
All Pools,XROSS - ORNG,0.3,False,3.241,234.89,0.0081,1.26,1784766591
All Pools,HUSKY - JOE,0.3,False,3.196,102.15,0.00799,2.86,1784766591
All Pools,agEUR - USDC,0.3,False,3.074,59.82,0.00768,4.69,1784766591
All Pools,YOU - ORNG,0.3,False,3.034,1360.64,0.00758,0.2,1784766591
All Pools,AVAX - HON,0.3,False,3.034,49950.0,0.00758,0.01,1784766591
All Pools,MIM - WETH.e,0.3,False,2.987,465.47,0.00747,0.59,1784766591
All Pools,ORNG - FLUX,0.3,False,2.984,106.24,0.00746,2.56,1784766591
All Pools,3QF - D - AVAX,0.3,False,2.719,1356.82,0.0068,0.18,1784766591
All Pools,VPND - AVAX,0.3,False,2.709,18326.0,0.00677,0.01,1784766591
All Pools,3QF - D - WETH.e,0.3,False,2.707,2559.61,0.00677,0.1,1784766591
All Pools,PNG - JOE,0.3,False,2.682,117.51,0.00671,2.08,1784766591
All Pools,AVAX - ELK,0.3,False,2.617,1317.83,0.00654,0.18,1784766591
All Pools,avUSD - sAVAX,0.3,False,2.597,228.37,0.00649,1.04,1784766591
All Pools,AVAX - EROL,0.0,False,2.399,44.61,0.0,0.0,1784766591
All Pools,AVAX - EROL,0.3,False,2.322,23.91,0.00581,8.86,1784766591
All Pools,POLAR - AVAX,0.3,False,2.3,1334.68,0.00575,0.16,1784766591
All Pools,AVAX - CLY,0.3,False,2.233,22258.0,0.00558,0.01,1784766591
All Pools,ZEUS - AVAX,0.3,False,2.183,810.54,0.00546,0.25,1784766591
All Pools,JPYC - USDC,0.3,False,2.182,364.75,0.00545,0.55,1784766591
All Pools,WETH - USDC.e,0.3,False,2.173,209.32,0.00543,0.95,1784766591
All Pools,Ush - AVAX,0.3,False,2.167,2115.3,0.00542,0.09,1784766591
All Pools,Now - BLACK,0.3,False,2.101,225.91,0.00525,0.85,1784766591
All Pools,BRO - COQ,0.3,False,2.065,148.53,0.00516,1.27,1784766591
All Pools,XAUt0 - Now,0.3,False,2.062,574.85,0.00515,0.33,1784766591
All Pools,BRO - AVAX,0.3,False,2.061,101682.0,0.00515,0.0,1784766591
All Pools,AVAX - NaughtiusMaximus,0.3,False,2.043,339.64,0.00511,0.55,1784766591
All Pools,APIX - LAMBO,0.3,False,1.914,390.66,0.00479,0.45,1784766591
All Pools,BEAM - AVAX,0.3,False,1.903,376.88,0.00476,0.46,1784766591
All Pools,LUNA - USDC.e,0.3,False,1.861,328.95,0.00465,0.52,1784766591
All Pools,LINK.e - USDT.e,0.3,False,1.825,227.7,0.00456,0.73,1784766591
All Pools,XAUt0 - NaughtiusMaximus,0.3,False,1.794,900.0,0.00448,0.18,1784766591
All Pools,CHAMP - ARENA,0.3,False,1.773,18.54,0.00443,8.73,1784766591
All Pools,USDC - HOTVOH,0.3,False,1.755,0.0041,0.00439,39091.59,1784766591
All Pools,PTOP500 - TOPIA,0.3,False,1.701,136.26,0.00425,1.14,1784766591
All Pools,REDWOLF - SOL,0.3,False,1.693,59.03,0.00423,2.62,1784766591
All Pools,AVAX - ChristMark,0.3,False,1.646,276.13,0.00412,0.54,1784766591
All Pools,HOWDY - USDt,0.3,False,1.625,180.01,0.00406,0.82,1784766591
All Pools,COQ - OSAK,0.3,False,1.604,19.37,0.00401,7.56,1784766591
All Pools,TOPIA - PTOP600,0.3,False,1.602,138.16,0.00401,1.06,1784766591
All Pools,JOE - KRW,0.3,False,1.585,151.53,0.00396,0.95,1784766591
All Pools,Now - AVAX,0.3,False,1.583,193.38,0.00396,0.75,1784766591
All Pools,KRW - AVAX,0.3,False,1.582,320.7,0.00395,0.45,1784766591
All Pools,UST - USDC,0.3,False,1.523,433.8,0.00381,0.32,1784766591
All Pools,USDC.e - DAI.e,0.3,False,1.476,22248.0,0.00369,0.01,1784766591
All Pools,JOE - EXP,0.3,False,1.373,10568526.0,0.00343,,1784766591
All Pools,XAUt0 - ChristMark,0.3,False,1.366,597.79,0.00341,0.21,1784766591
All Pools,WETH.e - USDT.e,0.3,False,1.362,152.91,0.00341,0.81,1784766591
All Pools,Trinity - AVAX,0.3,False,1.355,744.54,0.00339,0.17,1784766591
All Pools,BNB - AVAX,0.3,False,1.339,2830.82,0.00335,0.04,1784766591
All Pools,SWIFT - USDC.e,0.3,False,1.331,494.8,0.00333,0.25,1784766591
All Pools,SWIFT - WETH.e,0.3,False,1.31,1359.87,0.00327,0.09,1784766591
All Pools,ALOT - AVAX,0.3,False,1.292,10203.0,0.00323,0.01,1784766591
All Pools,YEEHAW - AVAX,0.3,False,1.278,12.97,0.0032,9.0,1784766591
All Pools,USDC.e - SOL,0.3,False,1.22,35.75,0.00305,3.11,1784766591
All Pools,Trinity - Psychic,0.3,False,1.205,408.94,0.00301,0.27,1784766591
All Pools,BOI - MU,0.3,False,1.174,0.92889,0.00294,115.36,1784766591
All Pools,PTOP1300 - TOPIA,0.3,False,1.166,139.44,0.00291,0.76,1784766591
All Pools,AAVE.e - REDWOLF,0.3,False,1.09,154.36,0.00273,0.64,1784766591
All Pools,ROY - AVAX,0.3,False,1.063,3929.71,0.00266,0.02,1784766591
All Pools,sAVAX - COQ,0.3,False,1.054,67.6,0.00264,1.42,1784766591
All Pools,REDWOLF - AVAX,0.3,False,1.052,395.43,0.00263,0.24,1784766591
All Pools,Gravity - AVAX,0.3,False,1.028,246.48,0.00257,0.38,1784766591
All Pools,USDC - SOCK,0.3,False,1.016,423.4,0.00254,0.22,1784766591
All Pools,AVAX - SOCK,0.3,False,0.99128,2458.74,0.00248,0.04,1784766591
All Pools,LUEEGI - AVAX,0.3,False,0.98994,1024.35,0.00247,0.09,1784766591
All Pools,BLSEYE🎯 - MEOW,0.3,False,0.93165,800.03,0.00233,0.11,1784766591
All Pools,DPS - AVAX,0.3,False,0.91781,184.73,0.00229,0.45,1784766591
All Pools,DPS - USDC,0.3,False,0.91737,1813.77,0.00229,0.05,1784766591
All Pools,CHAMP - AMI,0.3,False,0.90496,28.68,0.00226,2.88,1784766591
All Pools,SWIFT - AVAX,0.3,False,0.90181,241.43,0.00225,0.34,1784766591
All Pools,MYST - AVAX,0.3,False,0.89872,668.54,0.00225,0.12,1784766591
All Pools,MYST - USDC,0.3,False,0.89841,221.64,0.00225,0.37,1784766591
All Pools,XAUt0 - Gravity,0.3,False,0.83929,324.03,0.0021,0.24,1784766591
All Pools,$Td - AVAX,0.3,False,0.82802,3945.33,0.00207,0.02,1784766591
All Pools,BOI - AMI,0.3,False,0.82773,0.6936,0.00207,108.9,1784766591
All Pools,$Td - AMI,0.3,False,0.82025,25.85,0.00205,2.9,1784766591
All Pools,GURS - ARENA,0.3,False,0.78946,7.664,0.00197,9.4,1784766591
All Pools,AI - AVAX,0.3,False,0.76765,3189.5,0.00192,0.02,1784766591
All Pools,ACS - AVAX,0.3,False,0.76491,164.47,0.00191,0.42,1784766591
All Pools,NOCHILL - OX,0.3,False,0.76011,11085.0,0.0019,0.01,1784766591
All Pools,WETH.e - ONION,0.3,False,0.75453,240.91,0.00189,0.29,1784766591
All Pools,REDWOLF - USDC,0.3,False,0.74185,188.39,0.00185,0.36,1784766591
All Pools,SOL - USDC,0.3,False,0.73892,20.91,0.00185,3.23,1784766591
All Pools,GUN - AMI,0.3,False,0.73693,10.05,0.00184,6.69,1784766591
All Pools,USDT.e - CLY,0.3,False,0.73656,182.3,0.00184,0.37,1784766591
All Pools,ORNG - MOOM,0.3,False,0.73616,187.21,0.00184,0.36,1784766591
All Pools,MAGICK - AVAX,0.3,False,0.6872,285.66,0.00172,0.22,1784766591
All Pools,MAGICK - USDC,0.3,False,0.68682,227.45,0.00172,0.28,1784766591
All Pools,COQ - JUICE,0.3,False,0.67269,30.47,0.00168,2.01,1784766591
All Pools,AVAX - ONION,0.3,False,0.66255,150.45,0.00166,0.4,1784766591
All Pools,APOW - AVAX,0.3,False,0.63355,630.4,0.00158,0.09,1784766591
All Pools,COQ - OX,0.3,False,0.63068,11661.0,0.00158,0.0,1784766591
All Pools,MaryMagdalene - XAUt0,0.3,False,0.60744,1674.18,0.00152,0.03,1784766591
All Pools,MaryMagdalene - AVAX,0.3,False,0.6055,174.23,0.00151,0.32,1784766591
All Pools,AVAXAI - USDC,0.3,False,0.55914,1480.0,0.0014,0.03,1784766591
All Pools,YUSD - AVAX,0.3,False,0.54189,117.96,0.00135,0.42,1784766591
All Pools,CORK - AVAX,0.3,False,0.53593,925.81,0.00134,0.05,1784766591
All Pools,USDC.e - WXT,0.3,False,0.52994,196.71,0.00132,0.25,1784766591
All Pools,USDC.e - USDT.e,0.3,False,0.5034,40102.0,0.00126,0.0,1784766591
All Pools,USDT.e - ONION,0.3,False,0.50306,747.59,0.00126,0.06,1784766591
All Pools,Psychic - DogL,0.3,False,0.46469,244.41,0.00116,0.17,1784766591
All Pools,MONK - AVAX,0.3,False,0.46443,2300.57,0.00116,0.02,1784766591
All Pools,DogL - AVAX,0.3,False,0.46388,213.62,0.00116,0.2,1784766591
All Pools,AMI - SQRCAT,0.3,False,0.45885,11.87,0.00115,3.53,1784766591
All Pools,Psychic - Jjj,0.3,False,0.45852,244.42,0.00115,0.17,1784766591
All Pools,Jjj - AVAX,0.3,False,0.45776,212.41,0.00114,0.2,1784766591
All Pools,AVAX - SQRCAT,0.3,False,0.45691,4311.96,0.00114,0.01,1784766591
All Pools,Psychic - BlackAndGold,0.3,False,0.45671,244.25,0.00114,0.17,1784766591
All Pools,AVAX - BlackAndGold,0.3,False,0.45591,213.5,0.00114,0.19,1784766591
All Pools,ELXR - USDC.e,0.3,False,0.43247,1067.67,0.00108,0.04,1784766591
All Pools,AVAX - IMPACT2,0.3,False,0.42307,146.9,0.00106,0.26,1784766591
All Pools,APOW - USDC,0.3,False,0.41814,115.98,0.00105,0.33,1784766591
All Pools,Psychic - Now,0.3,False,0.4156,475.68,0.00104,0.08,1784766591
All Pools,AVAX - MU,0.3,False,0.40811,74.95,0.00102,0.5,1784766591
All Pools,ARENA - MU,0.3,False,0.40424,4.049,0.00101,9.11,1784766591
All Pools,HOST - DAI.e,0.3,False,0.40292,2525.31,0.00101,0.01,1784766591
All Pools,TOPIA - PTOP10000,0.3,False,0.40071,151.02,0.001,0.24,1784766591
All Pools,USDT.e - EXP,0.3,False,0.39654,44966791.0,,,1784766591
All Pools,FXS - AVAX,0.3,False,0.39409,295.43,,0.12,1784766591
All Pools,USDC.e - COOKBOOK,0.3,False,0.39111,0.20365,,175.24,1784766591
All Pools,COQ - AMI,0.3,False,0.39061,10.23,,3.48,1784766591
All Pools,USDC.e - AVVO,0.3,False,0.38569,226.25,,0.16,1784766591
All Pools,USDC - aXEN,0.3,False,0.36253,8.212,,4.03,1784766591
All Pools,BANKSY - USDT.e,0.3,False,0.35926,1534.52,,0.02,1784766591
All Pools,BANKSY - AVAX,0.3,False,0.35905,145.44,,0.23,1784766591
All Pools,UNIQOC - AVAX,0.3,False,0.35796,824.41,,0.04,1784766591
All Pools,UNIQOC - COQ,0.3,False,0.35435,38.84,,0.83,1784766591
All Pools,MU - DAI.e,0.3,False,0.35178,236.87,,0.14,1784766591
All Pools,DREGG - USDT.e,0.3,False,0.35123,518.02,,0.06,1784766591
All Pools,DREGG - AVAX,0.3,False,0.35113,148.58,,0.22,1784766591
All Pools,LINK.e - USDC.e,0.3,False,0.33931,189.09,,0.16,1784766591
All Pools,USDT.e - MU,0.3,False,0.33787,251.35,,0.12,1784766591
All Pools,WOLF - AVAX,0.3,False,0.33164,28179.0,,0.0,1784766591
All Pools,COQ - NOCHILL,0.3,False,0.32565,9.759,,3.04,1784766591
All Pools,BTC.b - HOWDY,0.3,False,0.31652,64.46,,0.45,1784766591
All Pools,Psychic - Meaning,0.3,False,0.29935,238.4,,0.11,1784766591
All Pools,Meaning - AVAX,0.3,False,0.29824,330.56,,0.08,1784766591
All Pools,BTC.b - IMPACT2,0.3,False,0.29534,1403.87,,0.02,1784766591
All Pools,USDT.e - SMRT,0.3,False,0.29528,89.88,,0.3,1784766591
All Pools,AVAX - SMRT,0.3,False,0.29516,1676.82,,0.02,1784766591
All Pools,USDC - SDOG,0.3,False,0.29179,363.45,,0.07,1784766591
All Pools,MIM - SDOG,0.3,False,0.29137,82.77,,0.32,1784766591
All Pools,USDC.e - ONION,0.3,False,0.28534,373.23,,0.07,1784766591
All Pools,ZRO - USDC,0.3,False,0.28496,4.339,,5.99,1784766591
All Pools,GOOD - COQ,0.3,False,0.28429,66.62,,0.39,1784766591
All Pools,MIM - MU,0.3,False,0.2837,87.03,,0.3,1784766591
All Pools,GOOD - AVAX,0.3,False,0.28248,106.5,,0.24,1784766591
All Pools,bCASH - NOCHILL,0.3,False,0.28157,13.79,,1.86,1784766591
All Pools,Psychic - DiamondbackGall,0.3,False,0.27979,243.71,,0.1,1784766591
All Pools,DiamondbackGall - AVAX,0.3,False,0.27868,213.02,,0.12,1784766591
All Pools,KIWI - USDC,0.3,False,0.26389,300.1,,0.08,1784766591
All Pools,KIWI - AVAX,0.3,False,0.26388,95.75,,0.25,1784766591
All Pools,LINDA - AVAX,0.3,False,0.2623,1381.53,,0.02,1784766591
All Pools,UST - USDC.e,0.3,False,0.25793,665.26,,0.04,1784766591
All Pools,NaughtiusMaximus - Seventeen,0.3,False,0.25512,679.28,,0.03,1784766591
All Pools,AVAX - Seventeen,0.3,False,0.25434,207.12,,0.11,1784766591
All Pools,BUSD - AVAX,0.3,False,0.25216,345.23,,0.07,1784766591
All Pools,BTC.b - REDWOLF,0.3,False,0.25151,101.35,,0.23,1784766591
All Pools,HOST - AVAX,0.3,False,0.24859,90.19,,0.25,1784766591
All Pools,YEEHAW - USDC,0.3,False,0.24779,6.022,,3.75,1784766591
All Pools,LINK.e - REDWOLF,0.3,False,0.24237,72.55,,0.3,1784766591
All Pools,Psychic - RedFolder,0.3,False,0.24158,243.72,,0.09,1784766591
All Pools,AVAX - RedFolder,0.3,False,0.2407,212.1,,0.1,1784766591
All Pools,HUSKY - MUG,0.3,False,0.23606,14.77,,1.46,1784766591
All Pools,Psychic - Serpentarius,0.3,False,0.23308,247.25,,0.09,1784766591
All Pools,GENI - USDC,0.3,False,0.23253,1165.62,,0.02,1784766591
All Pools,GENI - AVAX,0.3,False,0.23249,49.98,,0.42,1784766591
All Pools,Serpentarius - AVAX,0.3,False,0.23226,215.5,,0.1,1784766591
All Pools,Psychic - MerryXmas,0.3,False,0.23097,224.6,,0.09,1784766591
All Pools,MerryXmas - AVAX,0.3,False,0.23011,195.6,,0.11,1784766591
All Pools,WBTC.e - ONION,0.3,False,0.2281,361.47,,0.06,1784766591
All Pools,JOE - ZABU,0.3,False,0.22136,13.24,,1.53,1784766591
All Pools,Psychic - Hopi,0.3,False,0.2175,215.92,,0.09,1784766591
All Pools,LUNA - AVAX,0.3,False,0.21739,122.83,,0.16,1784766591
All Pools,Hopi - AVAX,0.3,False,0.21665,155.84,,0.13,1784766591
All Pools,APOW - USDt,0.3,False,0.21521,115.66,,0.17,1784766591
All Pools,NOCHILL - KET,0.3,False,0.21414,8.412,,2.32,1784766591
All Pools,HH - ARENA,0.3,False,0.21398,2.464,,7.92,1784766591
All Pools,ELXR - COOKBOOK,0.3,False,0.21368,0.19051,,102.35,1784766591
All Pools,HH - AVAX,0.3,False,0.21191,241.93,,0.08,1784766591
All Pools,Psychic - MeaningOfNumbers,0.3,False,0.21145,243.92,,0.08,1784766591
All Pools,AVAX - MeaningOfNumbers,0.3,False,0.21073,211.74,,0.09,1784766591
All Pools,Psychic - All,0.3,False,0.20214,243.21,,0.08,1784766591
All Pools,LUNA - AVAX,0.3,False,0.20205,14.24,,1.29,1784766591
All Pools,Psychic - Xmas,0.3,False,0.20156,228.49,,0.08,1784766591
All Pools,AVAX - All,0.3,False,0.20146,212.71,,0.09,1784766591
All Pools,Xmas - AVAX,0.3,False,0.20087,198.88,,0.09,1784766591
All Pools,AVAX - mYAK,0.3,False,0.20066,47.17,,0.39,1784766591
All Pools,ZUBAX - USDT.e,0.3,False,0.19926,173.55,,0.1,1784766591
All Pools,AVAX - ZUBAX,0.3,False,0.1991,93.53,,0.19,1784766591
All Pools,AVAX - USDT,0.3,False,0.19689,1744.98,,0.01,1784766591
All Pools,USDt - XPOW,0.3,False,0.19638,19.51,,0.92,1784766591
All Pools,Hydrogen - AVAX,0.3,False,0.19336,190.97,,0.09,1784766591
All Pools,TECH - OX,0.3,False,0.19278,4456.78,,0.0,1784766591
All Pools,AVAX - FRAX,0.3,False,0.19189,228.59,,0.08,1784766591
All Pools,ABC - AMI,0.3,False,0.18787,2.519,,6.81,1784766591
All Pools,Psychic - NeatestQuackery,0.3,False,0.1859,243.94,,0.07,1784766591
All Pools,NeatestQuackery - AVAX,0.3,False,0.18531,211.55,,0.08,1784766591
All Pools,Psychic - Wej,0.3,False,0.18157,243.3,,0.07,1784766591
All Pools,AVAX - Wej,0.3,False,0.18102,211.92,,0.08,1784766591
All Pools,Psychic - Ducks,0.3,False,0.18098,243.72,,0.07,1784766591
All Pools,Ducks - AVAX,0.3,False,0.18042,211.62,,0.08,1784766591
All Pools,STOMB - AVAX,0.3,False,0.17965,5277.29,,0.0,1784766591
All Pools,Psychic - Sinterklaas,0.3,False,0.17839,239.26,,0.07,1784766591
All Pools,AVAX - Sinterklaas,0.3,False,0.17786,100.29,,0.16,1784766591
All Pools,50 - AVAX,0.3,False,0.17682,60.81,,0.27,1784766591
All Pools,50 - USDC,0.3,False,0.17673,112.62,,0.14,1784766591
All Pools,KALM - AVAX,0.3,False,0.17565,98.98,,0.16,1784766591
All Pools,KALM - USDC,0.3,False,0.17561,77.84,,0.21,1784766591
All Pools,AVAX - MUG,0.3,False,0.17404,253.81,,0.06,1784766591
All Pools,GATOR - ARENA,0.3,False,0.17015,2.604,,5.96,1784766591
All Pools,EVDC - AVAX,0.3,False,0.16926,0.5109,,30.23,1784766591
All Pools,NOCHILL - AMI,0.3,False,0.16568,4.002,,3.78,1784766591
All Pools,DCAU - USDC,0.3,False,0.16107,143.39,,0.1,1784766591
All Pools,Psychic - Hydrogen,0.3,False,0.16006,62.86,,0.23,1784766591
All Pools,SMRTr - USDC.e,0.3,False,0.15726,104.28,,0.14,1784766591
All Pools,SMRTr - AVAX,0.3,False,0.15683,25871.0,,,1784766591
All Pools,meGNX - AVAX,0.3,False,0.1559,13.47,,1.06,1784766591
All Pools,bCASH - LINK.e,0.3,False,0.15335,322.61,,0.04,1784766591
All Pools,XAUt0 - ElvisJackpot,0.3,False,0.1528,288.79,,0.05,1784766591
All Pools,Psychic - ArniStitch,0.3,False,0.15214,245.22,,0.06,1784766591
All Pools,ArniStitch - AVAX,0.3,False,0.1517,212.93,,0.07,1784766591
All Pools,WETH.e - yyAVAX,0.3,False,0.1502,14.96,,0.92,1784766591
All Pools,Psychic - AftermathsKobe,0.3,False,0.14709,247.67,,0.05,1784766591
All Pools,AftermathsKobe - AVAX,0.3,False,0.14683,215.08,,0.06,1784766591
All Pools,USDC - SHRAP,0.3,False,0.14506,21.03,,0.63,1784766591
All Pools,KIMBO - AMI,0.3,False,0.14079,2.86,,4.49,1784766591
All Pools,AVAX - BLACK,0.3,False,0.13996,3.158,,4.04,1784766591
All Pools,MM - AVAX,0.3,False,0.13752,68.18,,0.18,1784766591
All Pools,MM - USDC,0.3,False,0.1375,50.15,,0.25,1784766591
All Pools,XPOW - USDC,0.3,False,0.13697,19.55,,0.64,1784766591
All Pools,JEWEL - USDC,0.3,False,0.13621,3832.26,,0.0,1784766591
All Pools,AVAX - AVVO,0.3,False,0.13608,232.92,,0.05,1784766591
All Pools,Psychic - Go,0.3,False,0.13223,56.33,,0.21,1784766591
All Pools,aAvaWAVAX - meGNX,0.3,False,0.13128,3.097,,3.87,1784766591
All Pools,SYN - REDWOLF,0.3,False,0.13073,4.511,,2.64,1784766591
All Pools,UNIX - AVAX,0.3,False,0.13053,148.61,,0.08,1784766591
All Pools,Christmas - ChristMark,0.3,False,0.12937,112.66,,0.1,1784766591
All Pools,Christmas - AVAX,0.3,False,0.12893,179.62,,0.07,1784766591
All Pools,USDt - IMPACT2,0.3,False,0.12758,72.82,,0.16,1784766591
All Pools,BLS - USDt,0.3,False,0.12717,127.35,,0.09,1784766591
All Pools,PEON - AVAX,0.3,False,0.12658,8496.42,,0.0,1784766591
All Pools,Psychic - CommieSukey,0.3,False,0.12628,243.19,,0.05,1784766591
All Pools,CommieSukey - AVAX,0.3,False,0.12595,211.81,,0.05,1784766591
All Pools,BrideOfChrist - BLACK,0.3,False,0.12489,16.85,,0.68,1784766591
All Pools,MaryMagdalene - ChristMark,0.3,False,0.12437,305.61,,0.04,1784766591
All Pools,MaryMagdalene - TheGospelOfMary,0.3,False,0.12388,211.21,,0.05,1784766591
All Pools,AVAX - TheGospelOfMary,0.3,False,0.12353,116.84,,0.1,1784766591
All Pools,Anon - AVAX,0.3,False,0.12308,7.687,,1.46,1784766591
All Pools,COQ - BOOTY,0.3,False,0.11934,7.313,,1.49,1784766591
All Pools,Go - AVAX,0.3,False,0.11806,101.95,,0.11,1784766591
All Pools,COQ - ARENA,0.3,False,0.11761,1.276,,8.41,1784766591
All Pools,TRYB - USDC.e,0.3,False,0.11695,31.92,,0.33,1784766591
All Pools,Now - Teste,0.3,False,0.11384,642.6,,0.02,1784766591
All Pools,AVAX - Teste,0.3,False,0.11345,62.91,,0.16,1784766591
All Pools,YEEHAW - ARENA,0.3,False,0.11197,1.374,,7.44,1784766591
All Pools,AVAX - LYLY,0.3,False,0.11166,52.14,,0.2,1784766591
All Pools,WBTC.e - USDT.e,0.3,False,0.11164,159.05,,0.06,1784766591
All Pools,STATIK - AVAX,0.3,False,0.1109,31.16,,0.32,1784766591
All Pools,MIM - USDC,0.3,False,0.10952,27.04,,0.37,1784766591
All Pools,ElvisJackpot - BLACK,0.3,False,0.10924,9.734,,1.02,1784766591
All Pools,Gladiator - AVAX,0.3,False,0.10717,1.94,,5.04,1784766591
All Pools,AVAX - KET,0.3,False,0.10574,21.62,,0.45,1784766591
All Pools,KLO - USDT.e,0.3,False,0.10535,4.64,,2.07,1784766591
All Pools,AMI - COQAI,0.3,False,0.10374,3.097,,3.06,1784766591
All Pools,HATCHY - AMI,0.3,False,0.10267,3.13,,2.99,1784766591
All Pools,COQ - LYLY,0.3,False,0.10172,10.82,,0.86,1784766591
All Pools,WINK - AVAX,0.3,False,0.1001,44.54,,0.21,1784766591
All Pools,APOW - USDC,0.3,False,0.09989,21.38,,0.43,1784766591
All Pools,MIM - PEFI,0.3,False,0.09874,61.03,,0.15,1784766591
All Pools,AMI - MU,0.3,False,0.09844,1.453,,6.18,1784766591
All Pools,SYMBIOT - AVAX,0.3,False,0.09791,75.43,,0.12,1784766591
All Pools,TruthClosure - BLACK,0.3,False,0.09603,12.01,,0.73,1784766591
All Pools,WOLF - AMI,0.3,False,0.09455,2.782,,3.1,1784766591
All Pools,YEEHAW - AMI,0.3,False,0.09452,3.866,,2.23,1784766591
All Pools,WBTC.e - REDWOLF,0.3,False,0.09412,50.1,,0.17,1784766591
All Pools,AVAX - aSOCK,0.3,False,0.09351,10.04,,0.85,1784766591
All Pools,SYMBIOT - DAI.e,0.3,False,0.09187,442.3,,0.02,1784766591
All Pools,aDXN - AVAX,0.3,False,0.0911,49.82,,0.17,1784766591
All Pools,aDXN - aXEN,0.3,False,0.09043,4.383,,1.88,1784766591
All Pools,COQ - REDWOLF,0.3,False,0.08865,9.535,,0.85,1784766591
All Pools,COQ - KOVIN,0.3,False,0.08836,8.997,,0.9,1784766591
All Pools,CQK - USDC,0.3,False,0.087,31.12,,0.26,1784766591
All Pools,CQK - AVAX,0.3,False,0.08697,98.98,,0.08,1784766591
All Pools,HEFE - AMI,0.3,False,0.08648,2.321,,3.4,1784766591
All Pools,BENSI - AMI,0.3,False,0.08604,2.421,,3.24,1784766591
All Pools,JOE - CRA,0.3,False,0.08503,7.228,,1.07,1784766591
All Pools,KOVIN - AVAX,0.3,False,0.08497,2248.5,,0.0,1784766591
All Pools,CRA - AVAX,0.3,False,0.08461,7314.79,,0.0,1784766591
All Pools,VEE - USDC,0.3,False,0.08377,31.7,,0.24,1784766591
All Pools,AVAX - SantaGospel,0.3,False,0.08331,97.49,,0.08,1784766591
All Pools,Degen - AVAX,0.3,False,0.08289,1445.42,,0.01,1784766591
All Pools,CANS - AVAX,0.3,False,0.08194,8.472,,0.88,1784766591
All Pools,WORM - AVAX,0.3,False,0.07961,246.8,,0.03,1784766591
All Pools,FERT - AVAX,0.3,False,0.07941,486.17,,0.01,1784766591
All Pools,BLUB - AVAX,0.0,False,0.07828,33.0,0.0,0.0,1784766591
All Pools,BENIS - NOCHILL,0.3,False,0.07605,2.816,,2.46,1784766591
All Pools,Trinity - BrideOfChrist,0.3,False,0.07371,56949422.0,,,1784766591
All Pools,SNP - AVAX,0.3,False,0.07309,8.345,,0.8,1784766591
All Pools,COQ - SNP,0.3,False,0.073,18.72,,0.36,1784766591
All Pools,USDC - USD+,0.3,False,0.07277,28.43,,0.23,1784766591
All Pools,USDC - yyAVAX,0.3,False,0.07247,12.17,,0.54,1784766591
All Pools,AVAX - CHAM,0.3,False,0.07206,26.21,,0.25,1784766591
All Pools,USDC - CHAM,0.3,False,0.07203,46.8,,0.14,1784766591
All Pools,MCV - AVAX,0.3,False,0.07101,290.35,,0.02,1784766591
All Pools,COQ - MCV,0.3,False,0.0709,6.962,,0.93,1784766591
All Pools,WETH.e - REDWOLF,0.3,False,0.06822,86.15,,0.07,1784766591
All Pools,ARENA - AMI,0.3,False,0.06806,1.485,,4.18,1784766591
All Pools,NOCHILL - REDWOLF,0.3,False,0.06769,2.471,,2.5,1784766591
All Pools,AVAX - XPOW,0.3,False,0.06742,0.61638,,9.98,1784766591
All Pools,MAXI - DAI.e,0.3,False,0.06713,224.8,,0.03,1784766591
All Pools,TECH - AMI,0.3,False,0.06588,1.887,,3.19,1784766591
All Pools,Psychic - Who,0.3,False,0.06361,56.39,,0.1,1784766591
All Pools,Chemistry - Now,0.3,False,0.06227,639.8,,0.01,1784766591
All Pools,Chemistry - AVAX,0.3,False,0.06211,63.55,,0.09,1784766591
All Pools,LIBRE - USDC.e,0.3,False,0.05686,12.47,,0.42,1784766591
All Pools,APOW - USDt,0.3,False,0.05676,21.43,,0.24,1784766591
All Pools,JOE - ZUBAX,0.3,False,0.0565,6.594,,0.78,1784766591
All Pools,Psychic - SantaGospel,0.3,False,0.05511,56.13,,0.09,1784766591
All Pools,USDC.e - WISE,0.3,False,0.05452,41.31,,0.12,1784766591
All Pools,USDT.e - ZABU,0.3,False,0.05451,44.77,,0.11,1784766591
All Pools,AMI - aSOCK,0.3,False,0.05443,1.847,,2.69,1784766591
All Pools,AVAX - WISE,0.3,False,0.05434,60.15,,0.08,1784766591
All Pools,MU - COQAI,0.3,False,0.05268,5.537,,0.87,1784766591
All Pools,KIMBO - CANS,0.3,False,0.05247,230.03,,0.02,1784766591
All Pools,BrideOfChrist - Gravity,0.3,False,0.05142,37.33,,0.13,1784766591
All Pools,AVAT - AVAX,0.3,False,0.05034,17.04,,0.27,1784766591
All Pools,AVAT - USDC,0.3,False,0.05033,37.73,,0.12,1784766591
All Pools,SYN - USDC.e,0.3,False,0.04991,2.288,,1.99,1784766591
All Pools,HIGHER - AVAX,0.3,False,0.04737,1.302,,3.32,1784766591
All Pools,FollowTheWhiteRabbit - AVAX,0.3,False,0.04737,118.15,,0.04,1784766591
All Pools,FollowTheWhiteRabbit - TruthClosure,0.3,False,0.04733,29.51,,0.15,1784766591
All Pools,USDt - REDWOLF,0.3,False,0.04718,13.88,,0.31,1784766591
All Pools,NOCHILL - MU,0.3,False,0.04577,1.636,,2.55,1784766591
All Pools,Matter - Now,0.3,False,0.04434,578.33,,0.01,1784766591
All Pools,Matter - AVAX,0.3,False,0.04424,56.73,,0.07,1784766591
All Pools,BUSD - USDC,0.3,False,0.04394,7.458,,0.54,1784766591
All Pools,LoveIsTheKey - BLACK,0.3,False,0.0439,3.886,,1.03,1784766591
All Pools,USDT.e - DUO,0.3,False,0.04351,50.74,,0.08,1784766591
All Pools,AVAX - DUO,0.3,False,0.04339,53.31,,0.07,1784766591
All Pools,ElvisJackpot - Gravity,0.3,False,0.04268,14.98,,0.26,1784766591
All Pools,COQ - MU,0.3,False,0.04247,3.762,,1.03,1784766591
All Pools,MU - KET,0.3,False,0.04121,0.87715,,4.29,1784766591
All Pools,AVAX - ELK,0.3,False,0.04117,48.81,,0.08,1784766591
All Pools,APOW - XPOW,0.3,False,0.04079,0.27373,,13.6,1784766591
All Pools,SYN - WETH.e,0.3,False,0.04078,1.151,,3.23,1784766591
All Pools,WETH.e - USDC,0.3,False,0.04047,20.9,,0.18,1784766591
All Pools,JOE - REDWOLF,0.3,False,0.0401,2.818,,1.3,1784766591
All Pools,AVAX - APOW,0.3,False,0.03999,0.4792,,7.62,1784766591
All Pools,GURS - AMI,0.3,False,0.03991,1.452,,2.51,1784766591
All Pools,HIGHER - AMI,0.3,False,0.03944,2.342,,1.54,1784766591
All Pools,SOCK - aSOCK,0.3,False,0.03938,5.512,,0.65,1784766591
All Pools,JPYC - USDC.e,0.3,False,0.03858,4.974,,0.71,1784766591
All Pools,FITFI - USDC,0.3,False,0.03815,0.08558,,40.68,1784766591
All Pools,gOHM - JOE,0.3,False,0.0375,3.313,,1.03,1784766591
All Pools,METAG - USDT.e,0.3,False,0.0375,47.17,,0.07,1784766591
All Pools,Who - AVAX,0.3,False,0.03741,101.13,,0.03,1784766591
All Pools,METAG - AVAX,0.3,False,0.03736,19.81,,0.17,1784766591
All Pools,USDt - RUX,0.3,False,0.03679,16008.0,,,1784766591
All Pools,RUX - AVAX,0.3,False,0.0367,25.77,,0.13,1784766591
All Pools,GURS - NOCHILL,0.3,False,0.03655,1.254,,2.66,1784766591
All Pools,AVAX - SPT,0.3,False,0.03539,0.15574,,20.74,1784766591
All Pools,SUB - AVAX,0.3,False,0.03512,15.18,,0.21,1784766591
All Pools,SUB - USDC,0.3,False,0.0351,11.46,,0.28,1784766591
All Pools,AMI - JUICY,0.3,False,0.03476,0.57948,,5.47,1784766591
All Pools,Trinity - TruthClosure,0.3,False,0.03444,6.375,,0.49,1784766591
All Pools,Hydrogen - BLACK,0.3,False,0.03373,2.501,,1.23,1784766591
All Pools,Go - BLACK,0.3,False,0.03367,2.481,,1.24,1784766591
All Pools,ZH - JOE,0.3,False,0.03321,2.11,,1.44,1784766591
All Pools,ZH - USDC.e,0.3,False,0.03248,22.31,,0.13,1784766591
All Pools,AMI - EROL,0.3,False,0.03226,0.41185,,7.15,1784766591
All Pools,FLAKE - USDT.e,0.3,False,0.03159,48.38,,0.06,1784766591
All Pools,FLAKE - AVAX,0.3,False,0.03148,17.31,,0.17,1784766591
All Pools,Yellow - BLACK,0.3,False,0.03115,2.492,,1.14,1784766591
All Pools,Yellow - AVAX,0.3,False,0.03106,192.54,,0.01,1784766591
All Pools,LoveIsTheKey - Gravity,0.3,False,0.03022,29.41,,0.09,1784766591
All Pools,MELT - USDT.e,0.3,False,0.0299,29.42,,0.09,1784766591
All Pools,MELT - AVAX,0.3,False,0.02978,20.19,,0.13,1784766591
All Pools,AVAX - Strength,0.3,False,0.02954,102.24,,0.03,1784766591
All Pools,Strength - BLACK,0.3,False,0.02941,2.472,,1.09,1784766591
All Pools,MIM - DAI.e,0.3,False,0.02915,17.88,,0.15,1784766591
All Pools,BENIS - AVAX,0.3,False,0.02907,10.04,,0.26,1784766591
All Pools,Degen - AMI,0.3,False,0.02849,0.9001,,2.89,1784766591
All Pools,BLACK - SantaGospel,0.3,False,0.02832,2.465,,1.05,1784766591
All Pools,Psychic - Stolen,0.3,False,0.02829,64.74,,0.04,1784766591
All Pools,Stolen - BLACK,0.3,False,0.02797,2.76,,0.92,1784766591
All Pools,SYN - USDT.e,0.3,False,0.02683,1.219,,2.01,1784766591
All Pools,NineHundred - AVAX,0.3,False,0.02593,101.46,,0.02,1784766591
All Pools,NineHundred - BLACK,0.3,False,0.02589,2.474,,0.95,1784766591
All Pools,Who - BLACK,0.3,False,0.02585,2.464,,0.96,1784766591
All Pools,AVAX - GAU,0.3,False,0.02548,5.082,,0.46,1784766591
All Pools,GATOR - AMI,0.3,False,0.0249,4.107,,0.55,1784766591
All Pools,Psychic - Blue,0.3,False,0.02431,62.07,,0.04,1784766591
All Pools,AMI - DEGEN404,0.3,False,0.02427,0.86854,,2.55,1784766591
All Pools,HEFE - CANS,0.3,False,0.02423,4.975,,0.44,1784766591
All Pools,miMatic - USDC.e,0.3,False,0.02406,24.09,,0.09,1784766591
All Pools,Blue - BLACK,0.3,False,0.02403,2.482,,0.88,1784766591
All Pools,miMatic - AVAX,0.3,False,0.02398,32.43,,0.07,1784766591
All Pools,LUNA - LUNA,0.3,False,0.02394,1.855,,1.18,1784766591
All Pools,NOCHILL - ARENA,0.3,False,0.02357,0.41333,,5.2,1784766591
All Pools,Degen - DEGEN404,0.3,False,0.02344,251.51,,0.01,1784766591
All Pools,USDC - SPT,0.3,False,0.02337,0.20545,,10.38,1784766591
All Pools,WABBIT - AMI,0.3,False,0.02184,0.8243,,2.42,1784766591
All Pools,TOMB - USDC,0.3,False,0.02142,10.03,,0.19,1784766591
All Pools,SHOE - AMI,0.3,False,0.02114,0.44045,,4.38,1784766591
All Pools,CWAI - AVAX,0.3,False,0.02092,990.28,,0.0,1784766591
All Pools,USDC - AMI,0.3,False,0.02088,0.58186,,3.27,1784766591
All Pools,xJOE - AVAX,0.3,False,0.02067,1.841,,1.02,1784766591
All Pools,KIMBO - COQ,0.3,False,0.01921,1.09,,1.61,1784766591
All Pools,FINANCE - NOCHILL,0.3,False,0.01915,398.88,,0.0,1784766591
All Pools,ORNG - JUICE,0.3,False,0.01895,1.45,,1.19,1784766591
All Pools,ACS - USDC.e,0.3,False,0.01887,4.959,,0.35,1784766591
All Pools,BTC.b - USDC,0.3,False,0.01804,4.301,,0.38,1784766591
All Pools,NOCHILL - WAIFU,0.3,False,0.01787,150.31,,0.01,1784766591
All Pools,GMX - USDC,0.3,False,0.01761,0.87836,,1.83,1784766591
All Pools,ZUM - NOCHILL,0.3,False,0.01719,0.81544,,1.92,1784766591
All Pools,YEEHAW - ABC,0.3,False,0.01667,0.23643,,6.43,1784766591
All Pools,Psychic - Ups,0.3,False,0.01612,48.09,,0.03,1784766591
All Pools,ELE - AVAX,0.3,False,0.016,89.81,,0.02,1784766591
All Pools,AMPL - AVAX,0.3,False,0.01589,211.13,,0.01,1784766591
All Pools,Psychic - TrumpCard,0.3,False,0.01575,48.1,,0.03,1784766591
All Pools,KIMBO - KOVIN,0.3,False,0.01571,3.38,,0.42,1784766591
All Pools,BLACK - Ups,0.3,False,0.01568,1.191,,1.2,1784766591
All Pools,TrumpCard - BLACK,0.3,False,0.0155,1.188,,1.19,1784766591
All Pools,Chrism - ChristMark,0.3,False,0.01527,145.04,,0.01,1784766591
All Pools,Psychic - Codes,0.3,False,0.01515,48.1,,0.03,1784766591
All Pools,Chrism - BLACK,0.3,False,0.01513,1.281,,1.08,1784766591
All Pools,Psychic - Confusion,0.3,False,0.01511,48.09,,0.03,1784766591
All Pools,AVAX - SHRAP,0.3,False,0.01499,11.21,,0.12,1784766591
All Pools,Codes - BLACK,0.3,False,0.01472,1.188,,1.13,1784766591
All Pools,Confusion - BLACK,0.3,False,0.01468,1.19,,1.13,1784766591
All Pools,GAS - AVAX,0.3,False,0.01463,133.33,,0.01,1784766591
All Pools,Psychic - Vampire,0.3,False,0.01456,48.09,,0.03,1784766591
All Pools,Psychic - Qubit,0.3,False,0.01448,48.06,,0.03,1784766591
All Pools,Psychic - Blessings,0.3,False,0.01443,48.06,,0.03,1784766591
All Pools,TruthClosure - AVAX,0.3,False,0.01442,7.609,,0.17,1784766591
All Pools,FITFI - USDC.e,0.3,False,0.0144,0.04588,,28.64,1784766591
All Pools,Balln - AMI,0.3,False,0.01435,0.57359,,2.28,1784766591
All Pools,Psychic - Seminole,0.3,False,0.01434,48.05,,0.03,1784766591
All Pools,Psychic - Luck,0.3,False,0.01425,48.09,,0.03,1784766591
All Pools,Flection - Psychic,0.3,False,0.01422,48.09,,0.03,1784766591
All Pools,Qubit - BLACK,0.3,False,0.01422,1.196,,1.09,1784766591
All Pools,Vampire - BLACK,0.3,False,0.01414,1.189,,1.09,1784766591
All Pools,Blessings - BLACK,0.3,False,0.01405,1.197,,1.07,1784766591
All Pools,Trinity - FourFourFour,0.3,False,0.01404,3.433,,0.37,1784766591
All Pools,Loyalty - Psychic,0.3,False,0.01402,48.06,,0.03,1784766591
All Pools,SatoshiNakamoto - Psychic,0.3,False,0.01397,48.09,,0.03,1784766591
All Pools,Seminole - BLACK,0.3,False,0.01397,1.198,,1.06,1784766591
All Pools,Psychic - Bonfire,0.3,False,0.01396,48.08,,0.03,1784766591
All Pools,Psychic - Nine,0.3,False,0.01395,48.07,,0.03,1784766591
All Pools,LOIQ - AMI,0.3,False,0.01394,0.4611,,2.76,1784766591
All Pools,Psychic - FinityFinity,0.3,False,0.01393,48.1,,0.03,1784766591
All Pools,LoveIsTheKey - AVAX,0.3,False,0.01391,10.39,,0.12,1784766591
All Pools,BLACK - Luck,0.3,False,0.01387,1.189,,1.06,1784766591
All Pools,Flection - BLACK,0.3,False,0.01385,1.189,,1.06,1784766591
All Pools,Psychic - Turtle,0.3,False,0.01383,48.1,,0.03,1784766591
All Pools,Bonfire - BLACK,0.3,False,0.01381,1.199,,1.05,1784766591
All Pools,FourFourFour - BLACK,0.3,False,0.01381,3.035,,0.42,1784766591
All Pools,Psychic - Gematria,0.3,False,0.01378,48.09,,0.03,1784766591
All Pools,Loyalty - BLACK,0.3,False,0.0136,1.195,,1.04,1784766591
All Pools,BLACK - Nine,0.3,False,0.01357,1.194,,1.04,1784766591
All Pools,FinityFinity - BLACK,0.3,False,0.01357,1.188,,1.04,1784766591
All Pools,SatoshiNakamoto - BLACK,0.3,False,0.01356,1.188,,1.04,1784766591
All Pools,ALOT - USDC.e,0.3,False,0.01353,7.42,,0.17,1784766591
All Pools,Psychic - TrueStory,0.3,False,0.01351,48.09,,0.03,1784766591
All Pools,Turtle - BLACK,0.3,False,0.01348,1.188,,1.04,1784766591
All Pools,Psychic - James,0.3,False,0.01345,48.1,,0.03,1784766591
All Pools,BLACK - Gematria,0.3,False,0.01343,1.189,,1.03,1784766591
All Pools,Psychic - Gematria,0.3,False,0.01338,48.09,,0.03,1784766591
All Pools,Psychic - Mirror,0.3,False,0.01337,48.06,,0.03,1784766591
All Pools,Psychic - Aquarius,0.3,False,0.01336,48.09,,0.03,1784766591
All Pools,Mirror - BLACK,0.3,False,0.01324,1.203,,1.0,1784766591
All Pools,TrueStory - BLACK,0.3,False,0.01318,1.189,,1.01,1784766591
All Pools,James - BLACK,0.3,False,0.01311,1.187,,1.01,1784766591
All Pools,Gematria - BLACK,0.3,False,0.013,1.188,,1.0,1784766591
All Pools,Psychic - Crypt,0.3,False,0.01299,48.04,,0.02,1784766591
All Pools,Aquarius - BLACK,0.3,False,0.01299,1.196,,0.99,1784766591
All Pools,Psychic - Who,0.3,False,0.01297,48.09,,0.02,1784766591
All Pools,Psychic - TheArcher,0.3,False,0.01293,48.09,,0.02,1784766591
All Pools,Psychic - Chrism,0.3,False,0.01288,50.7,,0.02,1784766591
All Pools,Psychic - ChristIAmYou,0.3,False,0.01288,48.47,,0.02,1784766591
All Pools,Psychic - Sequence,0.3,False,0.01286,48.08,,0.02,1784766591
All Pools,Psychic - Six,0.3,False,0.01285,48.08,,0.02,1784766591
All Pools,Psychic - Penny,0.3,False,0.0128,48.09,,0.02,1784766591
All Pools,Psychic - Alphabet,0.3,False,0.01279,48.1,,0.02,1784766591
All Pools,SURE - AVAX,0.3,False,0.01278,5.553,,0.21,1784766591
All Pools,Psychic - BiTonic,0.3,False,0.01278,48.17,,0.02,1784766591
All Pools,[i]Lluminati - BLACK,0.3,False,0.01275,1.241,,0.94,1784766591
All Pools,WETH.e - SURE,0.3,False,0.01274,903.54,,0.0,1784766591
All Pools,Crypt - BLACK,0.3,False,0.01273,1.209,,0.96,1784766591
All Pools,Gravity - SaintGermain,0.3,False,0.01272,18.36,,0.06,1784766591
All Pools,Psychic - Alice,0.3,False,0.01271,48.05,,0.02,1784766591
All Pools,TheArcher - BLACK,0.3,False,0.01267,1.201,,0.96,1784766591
All Pools,Who - BLACK,0.3,False,0.01266,1.189,,0.97,1784766591
All Pools,Six - BLACK,0.3,False,0.01265,1.203,,0.96,1784766591
All Pools,Psychic - RefZip,0.3,False,0.01262,48.08,,0.02,1784766591
All Pools,SaintGermain - BLACK,0.3,False,0.01261,1.251,,0.92,1784766591
All Pools,Psychic - Oracle,0.3,False,0.0126,48.09,,0.02,1784766591
All Pools,Sequence - BLACK,0.3,False,0.0126,1.199,,0.96,1784766591
All Pools,BLACK - Alice,0.3,False,0.0126,1.205,,0.95,1784766591
All Pools,Psychic - Architect,0.3,False,0.01259,48.08,,0.02,1784766591
All Pools,BLACK - ChristIAmYou,0.3,False,0.01258,1.209,,0.95,1784766591
All Pools,Spider - Psychic,0.3,False,0.01254,48.04,,0.02,1784766591
All Pools,Psychic - Diamonds,0.3,False,0.01253,49.95,,0.02,1784766591
All Pools,RefZip - BLACK,0.3,False,0.01251,1.199,,0.95,1784766591
All Pools,BiTonic - BLACK,0.3,False,0.01251,1.186,,0.96,1784766591
All Pools,Oracle - BLACK,0.3,False,0.01249,1.198,,0.95,1784766591
All Pools,Architect - BLACK,0.3,False,0.01248,1.198,,0.95,1784766591
All Pools,Penny - BLACK,0.3,False,0.01243,1.187,,0.96,1784766591
All Pools,Alphabet - BLACK,0.3,False,0.01243,1.186,,0.96,1784766591
All Pools,Psychic - TwinFlames,0.3,False,0.0124,48.62,,0.02,1784766591
All Pools,Diamonds - BLACK,0.3,False,0.0123,1.248,,0.9,1784766591
All Pools,Spider - BLACK,0.3,False,0.01229,1.209,,0.93,1784766591
All Pools,CAI - AMI,0.3,False,0.01225,0.38253,,2.92,1784766591
All Pools,Psychic - PoPo,0.3,False,0.01219,48.1,,0.02,1784766591
All Pools,Psychic - Happy,0.3,False,0.01219,48.09,,0.02,1784766591
All Pools,Psychic - SevenSevenSeven,0.3,False,0.01217,48.1,,0.02,1784766591
All Pools,Psychic - Thick,0.3,False,0.01216,48.08,,0.02,1784766591
All Pools,BLACK - TwinFlames,0.3,False,0.01216,1.218,,0.91,1784766591
All Pools,PNG - REDWOLF,0.3,False,0.01212,3.468,,0.32,1784766591
All Pools,Choice - Psychic,0.3,False,0.0121,48.05,,0.02,1784766591
All Pools,CAI - AVAX,0.3,False,0.01202,1288.64,,,1784766591
All Pools,Psychic - Solved,0.3,False,0.01202,48.08,,0.02,1784766591
All Pools,Psychic - Checkmate,0.3,False,0.01198,48.19,,0.02,1784766591
All Pools,Psychic - [In]finity,0.3,False,0.01197,48.05,,0.02,1784766591
All Pools,Psychic - daVinci,0.3,False,0.01196,48.08,,0.02,1784766591
All Pools,Psychic - Time,0.3,False,0.01194,48.09,,0.02,1784766591
All Pools,Psychic - QuetzalCoatl,0.3,False,0.01193,48.08,,0.02,1784766591
All Pools,MEOW - AMI,0.3,False,0.01193,0.36382,,2.99,1784766591
All Pools,Happy - BLACK,0.3,False,0.01192,1.184,,0.92,1784766591
All Pools,PoPo - BLACK,0.3,False,0.01192,1.183,,0.92,1784766591
All Pools,Psychic - OneOneOne,0.3,False,0.01191,48.07,,0.02,1784766591
All Pools,SevenSevenSeven - BLACK,0.3,False,0.01191,1.182,,0.92,1784766591
All Pools,Thick - BLACK,0.3,False,0.0119,1.188,,0.91,1784766591
All Pools,Choice - BLACK,0.3,False,0.01188,1.206,,0.9,1784766591
All Pools,daVinci - BLACK,0.3,False,0.01187,1.199,,0.9,1784766591
All Pools,Psychic - Partment,0.3,False,0.01185,48.06,,0.02,1784766591
All Pools,Time - BLACK,0.3,False,0.01185,1.183,,0.91,1784766591
All Pools,Eye - Psychic,0.3,False,0.01183,48.1,,0.02,1784766591
All Pools,Psychic - YouAndI,0.3,False,0.01181,48.09,,0.02,1784766591
All Pools,Psychic - Line,0.3,False,0.01181,48.77,,0.02,1784766591
All Pools,Psychic - IAmThatIAm,0.3,False,0.01181,48.1,,0.02,1784766591
All Pools,Psychic - KatzJoel,0.3,False,0.0118,48.07,,0.02,1784766591
All Pools,Psychic - Lock,0.3,False,0.0118,48.08,,0.02,1784766591
All Pools,Solved - BLACK,0.3,False,0.0118,1.2,,0.9,1784766591
All Pools,Psychic - PlotTwist,0.3,False,0.01179,49.17,,0.02,1784766591
All Pools,Psychic - Number,0.3,False,0.01179,48.11,,0.02,1784766591
All Pools,Psychic - KekiusMaximus,0.3,False,0.01178,48.1,,0.02,1784766591
All Pools,Psychic - Finish,0.3,False,0.01178,48.06,,0.02,1784766591
All Pools,BLACK - Partment,0.3,False,0.01177,1.203,,0.89,1784766591
All Pools,Psychic - Equal,0.3,False,0.01176,48.1,,0.02,1784766591
All Pools,Checkmate - BLACK,0.3,False,0.01176,1.203,,0.89,1784766591
All Pools,[In]finity - BLACK,0.3,False,0.01175,1.205,,0.89,1784766591
All Pools,Eye - BLACK,0.3,False,0.01174,1.182,,0.91,1784766591
All Pools,Psychic - WhoWho,0.3,False,0.01173,48.09,,0.02,1784766591
All Pools,YouAndI - BLACK,0.3,False,0.01172,1.184,,0.9,1784766591
All Pools,QuetzalCoatl - BLACK,0.3,False,0.01171,1.2,,0.89,1784766591
All Pools,MEOW - AVAX,0.3,False,0.01171,7818.63,,,1784766591
All Pools,Psychic - ElmoSunkGematria,0.3,False,0.01171,48.11,,0.02,1784766591
All Pools,Number - BLACK,0.3,False,0.0117,1.18,,0.9,1784766591
All Pools,OneOneOne - BLACK,0.3,False,0.01169,1.201,,0.89,1784766591
All Pools,Finish - BLACK,0.3,False,0.01169,1.19,,0.9,1784766591
All Pools,BLACK - IAmThatIAm,0.3,False,0.01168,1.181,,0.9,1784766591
All Pools,KatzJoel - BLACK,0.3,False,0.01168,1.186,,0.9,1784766591
All Pools,Lock - BLACK,0.3,False,0.01167,1.185,,0.9,1784766591
All Pools,Equal - BLACK,0.3,False,0.01167,1.182,,0.9,1784766591
All Pools,KekiusMaximus - BLACK,0.3,False,0.01165,1.181,,0.9,1784766591
All Pools,Psychic - LordJesusChrist,0.3,False,0.01163,46.16,,0.02,1784766591
All Pools,Psychic - Verse,0.3,False,0.01163,48.07,,0.02,1784766591
All Pools,WhoWho - BLACK,0.3,False,0.0116,1.182,,0.9,1784766591
All Pools,BLACK - ElmoSunkGematria,0.3,False,0.01158,1.179,,0.9,1784766591
All Pools,PlotTwist - BLACK,0.3,False,0.01156,1.207,,0.87,1784766591
All Pools,LordJesusChrist - BLACK,0.3,False,0.01154,1.158,,0.91,1784766591
All Pools,Line - BLACK,0.3,False,0.01147,1.027,,1.02,1784766591
All Pools,Psychic - Abracadabra,0.3,False,0.01145,48.08,,0.02,1784766591
All Pools,Psychic - WhoWhoWho,0.3,False,0.0114,48.07,,0.02,1784766591
All Pools,Psychic - Artemis,0.3,False,0.0114,48.24,,0.02,1784766591
All Pools,Psychic - BirthingCode,0.3,False,0.01137,48.1,,0.02,1784766591
All Pools,Psychic - PennyTrinity,0.3,False,0.01134,48.11,,0.02,1784766591
All Pools,Psychic - Zero,0.3,False,0.01134,48.08,,0.02,1784766591
All Pools,Psychic - Hexagon,0.3,False,0.01132,48.09,,0.02,1784766591
All Pools,AAVE.e - USDT.e,0.3,False,0.01126,2.676,,0.38,1784766591
All Pools,Abracadabra - BLACK,0.3,False,0.01123,1.186,,0.86,1784766591
All Pools,BLACK - Verse,0.3,False,0.01123,1.188,,0.86,1784766591
All Pools,Psychic - Numbers,0.3,False,0.0112,48.08,,0.02,1784766591
All Pools,WhoWhoWho - BLACK,0.3,False,0.01118,1.188,,0.86,1784766591
All Pools,Artemis - BLACK,0.3,False,0.01118,1.196,,0.85,1784766591
All Pools,BirthingCode - BLACK,0.3,False,0.01115,1.181,,0.86,1784766591
All Pools,PennyTrinity - BLACK,0.3,False,0.01113,1.178,,0.86,1784766591
All Pools,Zero - BLACK,0.3,False,0.01112,1.186,,0.86,1784766591
All Pools,Hexagon - BLACK,0.3,False,0.0111,1.182,,0.86,1784766591
All Pools,Numbers - BLACK,0.3,False,0.011,1.2,,0.84,1784766591
All Pools,xORDER - AVAX,0.3,False,0.01091,0.16194,,6.15,1784766591
All Pools,AMI - MOOCH,0.3,False,0.01072,0.43215,,2.26,1784766591
All Pools,WETH.e - meGNX,0.3,False,0.01053,5.44,,0.18,1784766591
All Pools,AVAX - MICRO,0.3,False,0.01046,19.02,,0.05,1784766591
All Pools,COQ - MICRO,0.3,False,0.01037,2.949,,0.32,1784766591
All Pools,JOE - AVE,0.3,False,0.01012,1.202,,0.77,1784766591
All Pools,AMI - KONG,0.3,False,0.01009,0.30446,,3.02,1784766591
All Pools,QI - LYLY,0.3,False,0.01001,1.849,,0.49,1784766591
All Pools,AVAX - KONG,0.3,False,0.0099,5405.16,,,1784766591
All Pools,JOE - SNLP,0.3,False,0.00988,1.072,,0.84,1784766591
All Pools,COQ - JUICY,0.3,False,0.00988,0.42933,,2.1,1784766591
All Pools,SLEEP - AMI,0.3,False,0.00985,35.19,,0.03,1784766591
All Pools,SNLP - AVAX,0.3,False,0.00978,2649.41,,,1784766591
All Pools,USDt - USDC.e,0.3,False,0.00973,14.2,,0.06,1784766591
All Pools,AAVE.e - meGNX,0.3,False,0.00968,3.75,,0.24,1784766591
All Pools,Quet - ARENA,0.3,False,0.00965,0.62984,,1.4,1784766591
All Pools,WINK - NOCHILL,0.3,False,0.00958,0.44617,,1.96,1784766591
All Pools,sAVAX - AMI,0.3,False,0.0093,0.28875,,2.94,1784766591
All Pools,Quet - AVAX,0.3,False,0.00921,0.14194,,5.92,1784766591
All Pools,TRACTOR - JOE,0.3,False,0.00906,1.148,,0.72,1784766591
All Pools,TRACTOR - AVAX,0.3,False,0.00899,10760.0,,,1784766591
All Pools,HIGHER - NOCHILL,0.3,False,0.00895,0.21605,,3.78,1784766591
All Pools,BIRD - AVAX,0.3,False,0.00878,0.00968,,82.77,1784766591
All Pools,BTC.b - SPT,0.3,False,0.00868,0.15346,,5.16,1784766591
All Pools,AAVE.e - USDC.e,0.3,False,0.0086,1.293,,0.61,1784766591
All Pools,JOE - USDt,0.3,False,0.0082,0.65073,,1.15,1784766591
All Pools,SNO Token - JOE,0.3,False,0.00814,51.51,,0.01,1784766591
All Pools,SNO Token - AVAX,0.3,False,0.00807,1.153,,0.64,1784766591
All Pools,HOWDY - NOCHILL,0.3,False,0.00791,0.33084,,2.18,1784766591
All Pools,SOB - LUNA,0.3,False,0.00784,0.81313,,0.88,1784766591
All Pools,SOB - AVAX,0.3,False,0.00775,390.13,,0.0,1784766591
All Pools,GAINS - Degen,0.3,False,0.00775,1.545,,0.46,1784766591
All Pools,GAINS - AVAX,0.3,False,0.00769,31.2,,0.02,1784766591
All Pools,Orange - AVAX,0.3,False,0.00754,63.08,,0.01,1784766591
All Pools,Orange - BLACK,0.3,False,0.0075,2.084,,0.33,1784766591
All Pools,xARENA - ARENA,0.3,False,0.00737,1.616,,0.42,1784766591
All Pools,BTC.b - yyAVAX,0.3,False,0.00729,4.321,,0.15,1784766591
All Pools,BLUB - AVAX,0.3,False,0.00728,11788.0,,,1784766591
All Pools,ORDER - xORDER,0.3,False,0.00727,0.53124,,1.25,1784766591
All Pools,AUSD - HUSKY,0.3,False,0.00715,0.50211,,1.3,1784766591
All Pools,STICK - AMI,0.3,False,0.007,0.17076,,3.74,1784766591
All Pools,xARENA - AVAX,0.3,False,0.00692,0.06661,,9.48,1784766591
All Pools,Trinity - IngersollLockwood,0.3,False,0.0069,0.63608,,0.99,1784766591
All Pools,AVAX - STICK,0.3,False,0.00684,1133.41,,,1784766591
All Pools,IngersollLockwood - BLACK,0.3,False,0.00676,1.092,,0.56,1784766591
All Pools,AVAX - COFI,0.3,False,0.0063,441.32,,0.0,1784766591
All Pools,COQ - COFI,0.3,False,0.00626,1.312,,0.44,1784766591
All Pools,JOE - CNR,0.3,False,0.00618,0.75723,,0.74,1784766591
All Pools,CNR - USDC,0.3,False,0.00611,4.521,,0.12,1784766591
All Pools,ERROR - AMI,0.3,False,0.0058,2.059,,0.26,1784766591
All Pools,Gladiator - AMI,0.3,False,0.00529,1.549,,0.31,1784766591
All Pools,LF - USDT.e,0.3,False,0.00509,0.87115,,0.53,1784766591
All Pools,LF - AVAX,0.3,False,0.00505,253.34,,0.0,1784766591
All Pools,JOE - AMI,0.3,False,0.00483,0.17112,,2.58,1784766591
All Pools,FEED - AMI,0.3,False,0.00481,0.15437,,2.84,1784766591
All Pools,FEED - AVAX,0.3,False,0.00465,5745.29,,,1784766591
All Pools,CANS - AMI,0.3,False,0.00463,0.15107,,2.8,1784766591
All Pools,YEEHAW - xAVAX,0.3,False,0.00455,0.22467,,1.85,1784766591
All Pools,xAVAX - AVAX,0.3,False,0.00442,0.55546,,0.73,1784766591
All Pools,COOK - AMI,0.3,False,0.00435,0.15489,,2.57,1784766591
All Pools,FLOT - AVAX,0.3,False,0.00429,2956.96,,,1784766591
All Pools,FLOT - COQ,0.3,False,0.00425,0.53235,,0.73,1784766591
All Pools,YEEHAW - HIGHER,0.3,False,0.00407,0.17556,,2.11,1784766591
All Pools,Naughty - AVAX,0.3,False,0.00405,171.09,,0.0,1784766591
All Pools,DEV - ARENA,0.3,False,0.00374,0.05214,,6.54,1784766591
All Pools,ARENA - JUICY,0.3,False,0.00371,0.03006,,11.27,1784766591
All Pools,YEEHAW - MU,0.3,False,0.00367,0.13291,,2.52,1784766591
All Pools,ABOB - AMI,0.3,False,0.00352,0.10251,,3.13,1784766591
All Pools,DEV - AVAX,0.3,False,0.00344,3.45,,0.09,1784766591
All Pools,JOE - aXEN,0.3,False,0.00343,0.16109,,1.94,1784766591
All Pools,ABOB - AVAX,0.3,False,0.00339,599.89,,,1784766591
All Pools,SHEN - AVAX,0.3,False,0.0033,40.86,,0.01,1784766591
All Pools,xORDER - USDC,0.3,False,0.00329,0.156,,1.92,1784766591
All Pools,COQ - SHEN,0.3,False,0.00326,0.34692,,0.86,1784766591
All Pools,H2O - AVAX,0.3,False,0.0032,21.38,,0.01,1784766591
All Pools,Naughty - HIGHER,0.3,False,0.00298,0.31256,,0.87,1784766591
All Pools,yes - ARENA,0.3,False,0.00277,0.05673,,4.46,1784766591
All Pools,CATWIF - UNIQOC,0.3,False,0.0027,0.18432,,1.34,1784766591
All Pools,BTC.b - GMX,0.3,False,0.00266,1.39,,0.17,1784766591
All Pools,CATWIF - AVAX,0.3,False,0.00266,2307.07,,,1784766591
All Pools,yes - AVAX,0.3,False,0.0026,1101.71,,,1784766591
All Pools,BRUH - AMI,0.3,False,0.00258,0.09612,,2.45,1784766591
All Pools,GMX - USDt,0.3,False,0.00256,0.36482,,0.64,1784766591
All Pools,BRUH - AVAX,0.3,False,0.00251,892.6,,,1784766591
All Pools,APEX - AMI,0.3,False,0.00244,0.10578,,2.11,1784766591
All Pools,MAJIN - AMI,0.3,False,0.00238,0.10783,,2.01,1784766591
All Pools,TECH - HOWDY,0.3,False,0.00238,0.03285,,6.61,1784766591
All Pools,APEX - AVAX,0.3,False,0.00237,0.62046,,0.35,1784766591
All Pools,DWC - AMI,0.3,False,0.00237,0.08794,,2.46,1784766591
All Pools,PUSH - AMI,0.3,False,0.00233,0.12259,,1.74,1784766591
All Pools,MAJIN - AVAX,0.3,False,0.00232,2898.86,,,1784766591
All Pools,AVAX - DWC,0.3,False,0.0023,4109.46,,,1784766591
All Pools,PUSH - AVAX,0.3,False,0.00227,0.39337,,0.53,1784766591
All Pools,LAMA - AMI,0.3,False,0.00196,0.07494,,2.39,1784766591
All Pools,LAMA - AVAX,0.3,False,0.0019,8417.16,,,1784766591
All Pools,STINU - AMI,0.3,False,0.0019,0.07547,,2.3,1784766591
All Pools,ORDER - ARENA,0.3,False,0.00186,0.01396,,12.16,1784766591
All Pools,STINU - AVAX,0.3,False,0.00185,25.66,,0.01,1784766591
All Pools,CAPY - AVAX,0.3,False,0.00184,0.01606,,10.46,1784766591
All Pools,USDt - XPOW,0.3,False,0.00181,0.01477,,11.18,1784766591
All Pools,ABC - MU,0.3,False,0.00157,0.04663,,3.07,1784766591
All Pools,LOK - AMI,0.3,False,0.00154,0.04307,,3.27,1784766591
All Pools,USDC - XPOW,0.3,False,0.00154,0.01981,,7.08,1784766591
All Pools,AMI - GEC,0.3,False,0.00152,0.05048,,2.75,1784766591
All Pools,WINK - AMI,0.3,False,0.00152,0.06022,,2.3,1784766591
All Pools,BAWLS - AMI,0.3,False,0.00151,0.04817,,2.86,1784766591
All Pools,BAWLS - AVAX,0.3,False,0.00146,11.9,,0.01,1784766591
All Pools,zJoe - AMI,0.3,False,0.00137,0.14257,,0.88,1784766591
All Pools,BTC.b - AMI,0.3,False,0.00136,0.03439,,3.61,1784766591
All Pools,Naughty - AMI,0.3,False,0.00116,0.02794,,3.77,1784766591
All Pools,AVAX - Always,0.3,False,0.0011,0.53803,,0.19,1784766591
All Pools,Trinity - ElvisJackpot,0.3,False,0.00108,1.868,,0.05,1784766591
All Pools,HEFE - Always,0.3,False,0.00108,1.402,,0.07,1784766591
All Pools,THOR - AVAX,0.3,False,,23510.0,,,1784766591
All Pools,AVAX - AKITAX,0.3,False,,18.95,,0.0,1784766591
All Pools,WOOF - AMI,0.3,False,,1.378,,0.05,1784766591
All Pools,USDT.e - AKITAX,0.3,False,,0.00353,,19.22,1784766591
All Pools,WOLFI - AMI,0.3,False,,2.625,,0.02,1784766591
All Pools,GGP - AMI,0.3,False,,0.00811,,7.44,1784766591
All Pools,sAVAX - USDC,0.3,False,,0.45571,,0.04,1784766591
All Pools,GATOR - GURS,0.3,False,,0.14452,,0.11,1784766591
All Pools,avUSD - USDC,0.3,False,,19.1,,,1784766591
All Pools,AVAX - ART,0.3,False,,,,16.42,1784766591
All Pools,FATE - USDC,0.3,False,,458326.0,,,1784766591
All Pools,sAVAX - WETH.e,0.3,False,,0.0102,,0.0,1784766591
All Pools,aUST - AVAX,0.3,False,,0.00287,,0.0,1784766591
All Pools,ETHS - AVAX,0.3,False,,0.591,,,1784766591
All Pools,[i]Lluminati - Chrism,0.3,False,0.0,0.0,0.0,0.0,1784766591
All Pools,AVAX - USDC,0.05,False,745822.0,404410.0,381.47,34.43,1784770196
All Pools,sAVAX - AVAX,0.01,False,188755.0,52036.0,21.44,15.04,1784770196
All Pools,sAVAX - AVAX,0.1,False,128513.0,53343.0,129.36,88.52,1784770196
All Pools,ARENA - AVAX,0.01,False,106573.0,107242.0,10.63,3.62,1784770196
All Pools,AUSD - USDC,0.01,False,76466.0,117561.0,7.817,2.43,1784770196
All Pools,BTC.b - USDC,0.05,False,41187.0,598198.0,26.65,1.63,1784770196
All Pools,SIERRA - USDC,0.1,False,24898.0,161285.0,27.57,6.24,1784770196
All Pools,XAUt0 - USDt,0.04,False,24268.0,28061.0,10.55,13.72,1784770196
All Pools,JOE - USDC.e,0.3,False,17546.0,262892.0,43.87,6.09,1784770196
All Pools,COQ - AVAX,0.3,False,15262.0,441952.0,38.16,3.15,1784770196
All Pools,AAVE.e - AVAX,0.3,False,13722.0,266137.0,34.3,4.7,1784770196
All Pools,USDt - USDC,0.01,False,11824.0,163131.0,0.94704,0.21,1784770196
All Pools,JOE - AVAX,0.3,False,10815.0,216256.0,27.04,4.56,1784770196
All Pools,AVAX - USDC,0.3,False,10300.0,348592.0,25.75,2.7,1784770196
All Pools,AVAX - USDT.e,0.3,False,8944.75,472568.0,22.36,1.73,1784770196
All Pools,USDt - USDC,0.005,False,8679.09,160448.0,0.60887,0.14,1784770196
All Pools,USDC.e - USDC,0.02,False,8355.48,9743.94,0.83716,3.14,1784770196
All Pools,AVAX - USDt,0.2,False,7581.64,100852.0,15.26,5.52,1784770196
All Pools,USDC.e - AVAX,0.3,False,7439.46,368089.0,18.6,1.84,1784770196
All Pools,FOLKS - AVAX,0.25,False,6759.61,36493.0,17.2,17.2,1784770196
All Pools,USDT.e - USDt,0.02,False,6662.43,44587.0,1.337,1.09,1784770196
All Pools,USDC - XAVA,0.3,False,6106.48,493990.0,15.27,1.13,1784770196
All Pools,AUSD - USDt,0.01,False,5390.72,54684.0,0.53026,0.35,1784770196
All Pools,USDT.e - USDC,0.02,False,5030.13,51244.0,1.005,0.72,1784770196
All Pools,NXUSD - WXT,0.3,False,4718.23,489118.0,11.8,0.88,1784770196
All Pools,DAI.e - USDC,0.02,False,4413.72,27070.0,0.85789,1.16,1784770196
All Pools,AVAX - BTC.b,0.05,False,4327.63,26526.0,2.362,3.25,1784770196
All Pools,MUON - AVAX,0.3,False,3918.06,43395.0,9.795,8.24,1784770196
All Pools,XAVA - AVAX,0.8,False,3807.5,126318.0,30.66,8.86,1784770196
All Pools,WETH.e - AVAX,0.3,False,3518.17,385084.0,8.795,0.83,1784770196
All Pools,NOCHILL - AVAX,0.3,False,3054.86,57951.0,7.637,4.81,1784770196
All Pools,QI - AVAX,0.3,False,2748.66,124193.0,6.872,2.02,1784770196
All Pools,USDC - MCCGA,0.3,False,2407.86,0.00303,6.02,72581815.0,1784770196
All Pools,JPYC - USDC,0.04,False,2352.96,3178.98,1.221,14.01,1784770196
All Pools,JOE - USDT.e,0.3,False,2247.72,52707.0,5.619,3.89,1784770196
All Pools,GUN - AVAX,0.25,False,2153.36,9586.83,6.914,26.32,1784770196
All Pools,w3ULL - AVAX,0.3,False,1679.76,49596.0,4.199,3.09,1784770196
All Pools,ORNG - AVAX,0.3,False,1674.1,16864.0,4.185,9.06,1784770196
All Pools,QI - AVAX,0.25,False,1537.11,8089.85,3.864,17.43,1784770196
All Pools,WBTC.e - AVAX,0.3,False,1214.41,134855.0,3.036,0.82,1784770196
All Pools,BTC.b - AVAX,0.3,False,1136.82,110334.0,2.842,0.94,1784770196
All Pools,BEAM - USDC,0.3,False,1068.91,64852.0,2.672,1.5,1784770196
All Pools,JOE - USDC,0.3,False,969.02,23946.0,2.423,3.69,1784770196
All Pools,HUNDRED - USDC,0.3,False,915.4,485080.0,2.289,0.17,1784770196
All Pools,USDt - AVAX,0.3,False,756.1,38817.0,1.89,1.78,1784770196
All Pools,KIMBO - AVAX,0.3,False,673.34,42153.0,1.683,1.46,1784770196
All Pools,ZRO - AVAX,0.25,False,647.03,1604.96,1.704,38.75,1784770196
All Pools,GGP - AVAX,0.3,False,636.69,24496.0,1.592,2.37,1784770196
All Pools,AVAX - TOPIA,0.3,False,614.95,1604.3,1.537,34.98,1784770196
All Pools,DAI.e - USDC,0.02,False,588.57,2319.27,0.11545,1.82,1784770196
All Pools,BEAM - AVAX,0.25,False,545.78,14049.0,1.369,3.56,1784770196
All Pools,AVAX - DAI.e,0.3,False,454.53,28808.0,1.136,1.44,1784770196
All Pools,CAPY - ARENA,0.3,False,440.28,35426.0,1.101,1.13,1784770196
All Pools,AVAX - SWAP.e,0.3,False,389.04,19183.0,0.97259,1.85,1784770196
All Pools,APIX - ARENA,0.3,False,385.73,2412.49,0.96432,14.59,1784770196
All Pools,LINK.e - AVAX,0.3,False,341.53,40244.0,0.85383,0.77,1784770196
All Pools,AVAX - DOMI,0.3,False,334.69,11413.0,0.83673,2.68,1784770196
All Pools,TOPIA - BTC.b,0.1,False,304.56,447.27,0.6667,54.41,1784770196
All Pools,MIM - AVAX,0.3,False,291.81,168405.0,0.72952,0.16,1784770196
All Pools,KLO - AVAX,0.3,False,289.61,10328.0,0.72404,2.56,1784770196
All Pools,OSAK - AVAX,0.3,False,279.11,3294.37,0.69777,7.73,1784770196
All Pools,GUN - AVAX,0.1,False,278.55,16941.0,0.31269,0.67,1784770196
All Pools,FLD - AVAX,0.3,False,252.16,35960.0,0.6304,0.64,1784770196
All Pools,WBTC.e - BTC.b,0.03,False,240.06,235353.0,0.07399,0.01,1784770196
All Pools,USDT.e - USDC,0.02,False,235.52,900.47,0.02403,0.97,1784770196
All Pools,BLSEYE🎯 - AVAX,0.3,False,228.98,4647.5,0.57246,4.5,1784770196
All Pools,PTOP400 - AVAX,0.1,False,225.41,228.56,0.24094,38.48,1784770196
All Pools,SolvBTC - BTC.b,0.04,False,214.88,186157.0,0.10679,0.02,1784770196
All Pools,NXPC - USDC,0.8,False,200.36,81.15,1.659,746.43,1784770196
All Pools,SYN - AVAX,0.3,False,188.97,4463.31,0.47242,3.86,1784770196
All Pools,BLSEYE🎯 - ARENA,0.3,False,169.44,1330.6,0.4236,11.62,1784770196
All Pools,USDC.e - USDC,0.02,False,165.03,3895.67,0.03299,0.31,1784770196
All Pools,WETH.e - USDC.e,0.3,False,163.4,11237.0,0.4085,1.33,1784770196
All Pools,GMX - AVAX,0.3,False,157.98,4135.84,0.39495,3.49,1784770196
All Pools,PTOP700 - BTC.b,0.1,False,150.56,257.08,0.20559,29.19,1784770196
All Pools,AVAX - XAVA,0.3,False,141.46,13105.0,0.35366,0.99,1784770196
All Pools,gOHM - AVAX,0.3,False,138.4,129484.0,0.34601,0.1,1784770196
All Pools,APIX - USDt,0.3,False,132.58,5684.03,0.33146,2.13,1784770196
All Pools,USDC.e - USDC,0.02,False,131.17,1957.67,0.02623,0.49,1784770196
All Pools,AVAX - JUICE,0.3,False,124.0,10145.0,0.31001,1.12,1784770196
All Pools,APIX - ID,0.3,False,111.22,17877.0,0.27806,0.57,1784770196
All Pools,AVAX - AMI,0.3,False,110.71,413.96,0.27678,24.4,1784770196
All Pools,BTC.b - TOPIA,0.3,False,105.24,608.53,0.26311,15.78,1784770196
All Pools,PTOP700 - AVAX,0.1,False,103.0,89.92,0.11676,47.4,1784770196
All Pools,AVAX - ALVA,0.3,False,102.06,677.28,0.25514,13.75,1784770196
All Pools,sAVAX - AVAX,0.3,False,90.23,175467.0,0.22557,0.05,1784770196
All Pools,FITFI - USDT.e,0.3,False,83.98,71.87,0.20995,106.63,1784770196
All Pools,WETH.e - USDC,0.15,False,78.23,9833.79,0.11833,0.44,1784770196
All Pools,BOI - AVAX,0.3,False,74.42,51.22,0.18604,132.59,1784770196
All Pools,ABC - AVAX,0.3,False,68.39,436.1,0.17097,14.31,1784770196
All Pools,HUSKY - AVAX,0.3,False,61.81,2253.07,0.15452,2.5,1784770196
All Pools,HEFE - AVAX,0.3,False,61.35,27508.0,0.15339,0.2,1784770196
All Pools,WTHT - USDC,0.8,False,60.59,287.89,0.87707,111.2,1784770196
All Pools,APIX - USDC,0.3,False,58.88,2839.12,0.14719,1.89,1784770196
All Pools,HOWDY - AVAX,0.3,False,56.8,6858.59,0.14201,0.76,1784770196
All Pools,XSGD - USDC,0.05,False,52.29,528.66,0.00839,0.58,1784770196
All Pools,STG - USDC,0.3,False,51.23,1230.27,0.12807,3.8,1784770196
All Pools,AVAX - JUICY,0.3,False,49.27,1864.34,0.12318,2.41,1784770196
All Pools,SWORLD - AVAX,0.3,False,45.22,2261.45,0.11306,1.82,1784770196
All Pools,XPOW - AVAX,0.8,False,44.45,658.12,0.3574,19.82,1784770196
All Pools,GURS - AVAX,0.3,False,38.76,5499.76,0.0969,0.64,1784770196
All Pools,SB - AVAX,0.3,False,35.88,5982.64,0.08969,0.55,1784770196
All Pools,ARENA - AVAX,2.5,False,35.48,462.72,0.89707,70.76,1784770196
All Pools,USDC.e - MU,0.3,False,34.86,13223.0,0.08714,0.24,1784770196
All Pools,YAK - AVAX,0.3,False,32.98,3285.9,0.08244,0.92,1784770196
All Pools,MEAT - AVAX,0.3,False,32.8,3166.76,0.08199,0.95,1784770196
All Pools,TECH - AVAX,0.3,False,30.76,9647.84,0.07689,0.29,1784770196
All Pools,USDC.e - USDC,0.3,False,30.1,480735.0,0.07525,0.01,1784770196
All Pools,GUN - BLSEYE🎯,0.3,False,29.71,447.25,0.07428,6.06,1784770196
All Pools,XSEED - AVAX,0.3,False,29.2,10307.0,0.07301,0.26,1784770196
All Pools,YEEHAW - HOWDY,0.3,False,28.94,7610.9,0.07234,0.35,1784770196
All Pools,UST - AVAX,0.3,False,28.54,5828.49,0.07135,0.45,1784770196
All Pools,HOWDY - AMI,0.3,False,27.57,1539.93,0.06892,1.63,1784770196
All Pools,USDt - USDC,0.02,False,27.33,2237.6,0.00552,0.09,1784770196
All Pools,HOWDY - USDC,0.3,False,27.31,3064.64,0.06827,0.81,1784770196
All Pools,Gladiator - ARENA,0.3,False,22.65,637.45,0.05663,3.24,1784770196
All Pools,Gladiator - USDC,0.3,False,22.32,341.05,0.0558,5.97,1784770196
All Pools,STG - AVAX,0.3,False,21.87,1038.5,0.05469,1.92,1784770196
All Pools,YEEHAW - CHAMP,0.3,False,19.94,961.16,0.04985,1.89,1784770196
All Pools,WBTC - BTC.b,0.03,False,19.4,70111.0,0.00728,0.0,1784770196
All Pools,Balln - AVAX,0.3,False,18.97,4333.51,0.04742,0.4,1784770196
All Pools,AVAX - UST,0.3,False,18.24,6868.86,0.04559,0.24,1784770196
All Pools,GUN - AVAX,0.3,False,18.12,197.44,0.04531,8.38,1784770196
All Pools,XPOW - AVAX,0.3,False,17.73,1257.74,0.04434,1.29,1784770196
All Pools,Psychic - AVAX,0.3,False,15.96,900.63,0.03991,1.62,1784770196
All Pools,YEEHAW - TOPIA,0.3,False,15.71,160.16,0.03928,8.95,1784770196
All Pools,AVAX - ARENA,0.3,False,15.37,86.93,0.03843,16.14,1784770196
All Pools,ZRO - AVAX,0.3,False,13.66,130.94,0.03415,9.52,1784770196
All Pools,PTOP1000 - USDC,0.1,False,13.35,212.31,0.01405,2.42,1784770196
All Pools,PTOP1000 - TOPIA,0.3,False,13.16,164.68,0.0329,7.29,1784770196
All Pools,SHRAP - AVAX,0.8,False,12.56,8171.43,0.10102,0.45,1784770196
All Pools,LUNA - USDC.e,0.3,False,11.86,657.95,0.02964,1.64,1784770196
All Pools,gOHM - FRAX,0.3,False,11.83,3544.78,0.02957,0.3,1784770196
All Pools,Psychic - XAUt0,0.3,False,11.79,5906.24,0.02947,0.18,1784770196
All Pools,PTOP900 - AVAX,0.1,False,11.33,61.48,0.01135,6.74,1784770196
All Pools,PTOP900 - TOPIA,0.3,False,10.48,163.41,0.0262,5.85,1784770196
All Pools,WABBIT - AVAX,0.3,False,10.03,3827.05,0.02508,0.24,1784770196
All Pools,AVAX - aXEN,0.3,False,9.95,153.49,0.02487,5.92,1784770196
All Pools,PTOP1100 - TOPIA,0.3,False,9.551,152.97,0.02388,5.7,1784770196
All Pools,AVAX - PEFI,0.3,False,9.49,3276.47,0.02373,0.26,1784770196
All Pools,MIM - SB,0.3,False,9.323,2006.4,0.02331,0.42,1784770196
All Pools,PNG - AVAX,0.3,False,9.25,802.95,0.02313,1.05,1784770196
All Pools,PTOP1200 - TOPIA,0.3,False,9.156,147.32,0.02289,5.67,1784770196
All Pools,AMI - TOPIA,0.3,False,9.107,233.56,0.02277,3.56,1784770196
All Pools,TOPIA - PTOP800,0.3,False,8.944,149.18,0.02236,5.47,1784770196
All Pools,APOW - AVAX,0.3,False,8.927,1337.06,0.02232,0.61,1784770196
All Pools,APOW - XPOW,0.3,False,8.754,1247.39,0.02188,0.64,1784770196
All Pools,HATCHY - AVAX,0.3,False,8.658,7058.85,0.02164,0.11,1784770196
All Pools,APIX - LAMBO,0.3,False,8.654,392.23,0.02163,2.01,1784770196
All Pools,MIM - USDT.e,0.3,False,8.217,1380.91,0.02054,0.54,1784770196
All Pools,ISA - AVAX,0.3,False,7.974,17137.0,0.01993,0.04,1784770196
All Pools,ISA - USDC.e,0.3,False,7.301,1449.66,0.01825,0.46,1784770196
All Pools,CATCH - AVAX,0.3,False,7.108,496.42,0.01777,1.31,1784770196
All Pools,PTOP700 - TOPIA,0.3,False,7.042,151.39,0.0176,4.24,1784770196
All Pools,COQ - COQAI,0.3,False,6.87,20230.0,0.01717,0.03,1784770196
All Pools,SECOND - AVAX,0.3,False,6.841,1471.61,0.0171,0.42,1784770196
All Pools,SECOND - USDC,0.3,False,6.839,7032.83,0.0171,0.09,1784770196
All Pools,FITFI - AVAX,0.3,False,6.769,6.465,0.01692,95.54,1784770196
All Pools,RGOGLZ - USDC,0.3,False,6.137,1338.17,0.01534,0.42,1784770196
All Pools,PTOP400 - TOPIA,0.3,False,6.01,142.58,0.01503,3.85,1784770196
All Pools,YEEHAW - BTC.b,0.3,False,5.672,55.69,0.01418,9.29,1784770196
All Pools,AVAX - FRAX,0.3,False,5.356,684.33,0.01339,0.71,1784770196
All Pools,DATCM - ORNG,0.3,False,5.242,230.9,0.0131,2.07,1784770196
All Pools,JOE - USDT,0.3,False,5.127,288.34,0.01282,1.62,1784770196
All Pools,USDC - GAU,0.3,False,5.114,739.35,0.01278,0.63,1784770196
All Pools,DCAU - AVAX,0.3,False,5.095,1019.99,0.01274,0.46,1784770196
All Pools,AVAX - BAL,0.3,False,5.058,47.87,0.01265,9.64,1784770196
All Pools,BLSEYE🎯 - BEAM,0.3,False,5.029,277.56,0.01257,1.65,1784770196
All Pools,DCAU - USDT.e,0.3,False,5.006,5012.28,0.01251,0.09,1784770196
All Pools,USDt - ncash,0.3,False,4.474,1023.42,0.01118,0.4,1784770196
All Pools,ORNG - SAI,0.3,False,4.439,105.36,0.0111,3.84,1784770196
All Pools,AVAX - SPELL,0.3,False,4.403,1936.65,0.01101,0.21,1784770196
All Pools,YAK - USDC.e,0.3,False,4.298,207.76,0.01075,1.89,1784770196
All Pools,ORNG - JUCI,0.3,False,4.28,242.24,0.0107,1.61,1784770196
All Pools,AVAX - GEC,0.3,False,4.26,27521.0,0.01065,0.01,1784770196
All Pools,ABC - HOWDY,0.3,False,4.248,444.17,0.01062,0.87,1784770196
All Pools,COQ - BLSEYE🎯,0.3,False,4.191,164.33,0.01048,2.33,1784770196
All Pools,SHRAP - DOMI,0.3,False,3.779,159.37,0.00945,2.16,1784770196
All Pools,MIM - USDC.e,0.3,False,3.775,703.03,0.00944,0.49,1784770196
All Pools,BOOTY - AVAX,0.3,False,3.718,1506.22,0.0093,0.23,1784770196
All Pools,ZOO - AVAX,0.3,False,3.629,1419.84,0.00907,0.23,1784770196
All Pools,ROCO - AVAX,0.3,False,3.405,1323.95,0.00851,0.23,1784770196
All Pools,HUSKY - AMI,0.3,False,3.4,54.2,0.0085,5.72,1784770196
All Pools,ORNG - FLUX,0.3,False,3.345,105.89,0.00836,2.88,1784770196
All Pools,HOWDY - ARENA,0.3,False,3.308,58.69,0.00827,5.14,1784770196
All Pools,Psychic - BLACK,0.3,False,3.298,249.56,0.00824,1.21,1784770196
All Pools,LOK - AVAX,0.3,False,3.275,186.49,0.00819,1.6,1784770196
All Pools,XROSS - ORNG,0.3,False,3.241,232.53,0.0081,1.27,1784770196
All Pools,YOU - ORNG,0.3,False,3.225,1346.85,0.00806,0.22,1784770196
All Pools,HUSKY - JOE,0.3,False,3.196,102.22,0.00799,2.85,1784770196
All Pools,agEUR - USDC,0.3,False,3.074,59.82,0.00768,4.69,1784770196
All Pools,AVAX - HON,0.3,False,3.034,49919.0,0.00758,0.01,1784770196
All Pools,VPND - AVAX,0.3,False,2.709,18314.0,0.00677,0.01,1784770196
All Pools,PNG - JOE,0.3,False,2.682,117.76,0.00671,2.08,1784770196
All Pools,AVAX - ELK,0.3,False,2.617,1317.02,0.00654,0.18,1784770196
All Pools,3QF - D - AVAX,0.3,False,2.553,1355.99,0.00638,0.17,1784770196
All Pools,3QF - D - WETH.e,0.3,False,2.542,2562.82,0.00636,0.09,1784770196
All Pools,AVAX - EROL,0,False,2.399,44.58,0.0,0.0,1784770196
All Pools,AVAX - EROL,0.3,False,2.322,23.89,0.00581,8.87,1784770196
All Pools,POLAR - AVAX,0.3,False,2.3,1333.85,0.00575,0.16,1784770196
All Pools,avUSD - sAVAX,0.3,False,2.275,228.94,0.00569,0.91,1784770196
All Pools,AVAX - CLY,0.3,False,2.233,22244.0,0.00558,0.01,1784770196
All Pools,ZEUS - AVAX,0.3,False,2.183,810.03,0.00546,0.25,1784770196
All Pools,JPYC - USDC,0.3,False,2.182,364.75,0.00545,0.55,1784770196
All Pools,Ush - AVAX,0.3,False,2.167,2114.0,0.00542,0.09,1784770196
All Pools,MIM - WETH.e,0.3,False,2.154,466.86,0.00539,0.42,1784770196
All Pools,HERESY - AVAX,0.3,False,2.122,16278.0,0.0053,0.01,1784770196
All Pools,Now - BLACK,0.3,False,2.101,225.91,0.00525,0.85,1784770196
All Pools,BRO - COQ,0.3,False,2.065,149.61,0.00516,1.26,1784770196
All Pools,XAUt0 - Now,0.3,False,2.062,574.38,0.00515,0.33,1784770196
All Pools,BRO - AVAX,0.3,False,2.061,101619.0,0.00515,0.0,1784770196
All Pools,AVAX - NaughtiusMaximus,0.3,False,2.043,339.42,0.00511,0.55,1784770196
All Pools,TRESR - AVAX,0.3,False,2.009,7855.04,0.00502,0.02,1784770196
All Pools,WETH - USDC.e,0.3,False,1.913,209.11,0.00478,0.83,1784770196
All Pools,LUNA - USDC.e,0.3,False,1.861,328.62,0.00465,0.52,1784770196
All Pools,PTOP1300 - TOPIA,0.3,False,1.824,141.34,0.00456,1.18,1784770196
All Pools,XAUt0 - NaughtiusMaximus,0.3,False,1.794,899.27,0.00448,0.18,1784770196
All Pools,USDC - HOTVOH,0.3,False,1.755,0.0041,0.00439,39091.59,1784770196
All Pools,BEAM - AVAX,0.3,False,1.703,376.61,0.00426,0.41,1784770196
All Pools,PTOP500 - TOPIA,0.3,False,1.701,138.01,0.00425,1.12,1784770196
All Pools,REDWOLF - SOL,0.3,False,1.693,59.03,0.00423,2.62,1784770196
All Pools,LINK.e - USDT.e,0.3,False,1.691,227.16,0.00423,0.68,1784770196
All Pools,AVAX - ChristMark,0.3,False,1.646,275.96,0.00412,0.54,1784770196
All Pools,HOWDY - USDt,0.3,False,1.625,180.01,0.00406,0.82,1784770196
All Pools,COQ - OSAK,0.3,False,1.604,19.51,0.00401,7.5,1784770196
All Pools,TOPIA - PTOP600,0.3,False,1.602,140.03,0.00401,1.04,1784770196
All Pools,JOE - KRW,0.3,False,1.585,151.54,0.00396,0.95,1784770196
All Pools,Now - AVAX,0.3,False,1.583,193.26,0.00396,0.75,1784770196
All Pools,KRW - AVAX,0.3,False,1.582,320.5,0.00395,0.45,1784770196
All Pools,CHAMP - ARENA,0.3,False,1.554,18.57,0.00389,7.64,1784770196
All Pools,UST - USDC,0.3,False,1.523,433.8,0.00381,0.32,1784770196
All Pools,USDC.e - DAI.e,0.3,False,1.476,22236.0,0.00369,0.01,1784770196
All Pools,JOE - EXP,0.3,False,1.373,10568526.0,0.00343,,1784770196
All Pools,XAUt0 - ChristMark,0.3,False,1.366,597.31,0.00341,0.21,1784770196
All Pools,Trinity - AVAX,0.3,False,1.355,744.08,0.00339,0.17,1784770196
All Pools,BNB - AVAX,0.3,False,1.339,2829.07,0.00335,0.04,1784770196
All Pools,ALOT - AVAX,0.3,False,1.232,10197.0,0.00308,0.01,1784770196
All Pools,USDC.e - SOL,0.3,False,1.22,35.71,0.00305,3.12,1784770196
All Pools,WETH.e - USDT.e,0.3,False,1.217,152.74,0.00304,0.73,1784770196
All Pools,YEEHAW - AVAX,0.3,False,1.207,13.0,0.00302,8.48,1784770196
All Pools,Trinity - Psychic,0.3,False,1.205,408.94,0.00301,0.27,1784770196
All Pools,BOI - MU,0.3,False,1.174,0.92944,0.00294,115.3,1784770196
All Pools,SWIFT - USDC.e,0.3,False,1.174,494.3,0.00293,0.22,1784770196
All Pools,SWIFT - WETH.e,0.3,False,1.154,1361.57,0.00288,0.08,1784770196
All Pools,AAVE.e - REDWOLF,0.3,False,1.09,154.36,0.00273,0.64,1784770196
All Pools,ROY - AVAX,0.3,False,1.063,3927.27,0.00266,0.02,1784770196
All Pools,sAVAX - COQ,0.3,False,1.054,68.26,0.00264,1.41,1784770196
All Pools,REDWOLF - AVAX,0.3,False,1.052,395.18,0.00263,0.24,1784770196
All Pools,Gravity - AVAX,0.3,False,1.028,246.33,0.00257,0.38,1784770196
All Pools,USDC - SOCK,0.3,False,1.016,423.4,0.00254,0.22,1784770196
All Pools,AVAX - SOCK,0.3,False,0.99128,2457.23,0.00248,0.04,1784770196
All Pools,LUEEGI - AVAX,0.3,False,0.98994,1023.71,0.00247,0.09,1784770196
All Pools,DPS - AVAX,0.3,False,0.91781,184.61,0.00229,0.45,1784770196
All Pools,DPS - USDC,0.3,False,0.91737,1813.77,0.00229,0.05,1784770196
All Pools,SWIFT - AVAX,0.3,False,0.90181,241.28,0.00225,0.34,1784770196
All Pools,MYST - AVAX,0.3,False,0.89872,668.13,0.00225,0.12,1784770196
All Pools,MYST - USDC,0.3,False,0.89841,221.64,0.00225,0.37,1784770196
All Pools,XAUt0 - Gravity,0.3,False,0.83929,323.77,0.0021,0.24,1784770196
All Pools,BOI - AMI,0.3,False,0.82773,0.69848,0.00207,108.14,1784770196
All Pools,BLSEYE🎯 - MEOW,0.3,False,0.78888,800.7,0.00197,0.09,1784770196
All Pools,GURS - ARENA,0.3,False,0.77152,7.802,0.00193,9.02,1784770196
All Pools,ACS - AVAX,0.3,False,0.76491,164.37,0.00191,0.42,1784770196
All Pools,NOCHILL - OX,0.3,False,0.76011,11085.0,0.0019,0.01,1784770196
All Pools,$Td - AVAX,0.3,False,0.7565,3942.91,0.00189,0.02,1784770196
All Pools,WETH.e - ONION,0.3,False,0.75453,241.21,0.00189,0.29,1784770196
All Pools,$Td - AMI,0.3,False,0.74925,26.03,0.00187,2.63,1784770196
All Pools,AI - AVAX,0.3,False,0.74777,3187.54,0.00187,0.02,1784770196
All Pools,SOL - USDC,0.3,False,0.73892,20.91,0.00185,3.23,1784770196
All Pools,USDT.e - CLY,0.3,False,0.73656,181.88,0.00184,0.37,1784770196
All Pools,ORNG - MOOM,0.3,False,0.73616,185.18,0.00184,0.36,1784770196
All Pools,GUN - AMI,0.3,False,0.69593,10.1,0.00174,6.29,1784770196
All Pools,MAGICK - AVAX,0.3,False,0.6872,285.48,0.00172,0.22,1784770196
All Pools,MAGICK - USDC,0.3,False,0.68682,227.45,0.00172,0.28,1784770196
All Pools,REDWOLF - USDC,0.3,False,0.6734,188.39,0.00168,0.33,1784770196
All Pools,COQ - JUICE,0.3,False,0.67269,30.69,0.00168,2.0,1784770196
All Pools,AVAX - ONION,0.3,False,0.66255,150.35,0.00166,0.4,1784770196
All Pools,CHAMP - AMI,0.3,False,0.65069,28.7,0.00163,2.07,1784770196
All Pools,APOW - AVAX,0.3,False,0.63355,630.01,0.00158,0.09,1784770196
All Pools,COQ - OX,0.3,False,0.63068,11661.0,0.00158,0.0,1784770196
All Pools,MaryMagdalene - XAUt0,0.3,False,0.60744,1672.81,0.00152,0.03,1784770196
All Pools,MaryMagdalene - AVAX,0.3,False,0.6055,174.12,0.00151,0.32,1784770196
All Pools,AVAXAI - USDC,0.3,False,0.55914,1480.0,0.0014,0.03,1784770196
All Pools,YUSD - AVAX,0.3,False,0.54189,117.89,0.00135,0.42,1784770196
All Pools,CORK - AVAX,0.3,False,0.53593,925.23,0.00134,0.05,1784770196
All Pools,USDC.e - WXT,0.3,False,0.52994,196.52,0.00132,0.25,1784770196
All Pools,USDC.e - USDT.e,0.3,False,0.5034,39968.0,0.00126,0.0,1784770196
All Pools,USDT.e - ONION,0.3,False,0.50306,745.84,0.00126,0.06,1784770196
All Pools,Psychic - DogL,0.3,False,0.46469,244.41,0.00116,0.17,1784770196
All Pools,MONK - AVAX,0.3,False,0.46443,2299.15,0.00116,0.02,1784770196
All Pools,DogL - AVAX,0.3,False,0.46388,213.49,0.00116,0.2,1784770196
All Pools,Psychic - Jjj,0.3,False,0.45852,244.42,0.00115,0.17,1784770196
All Pools,Jjj - AVAX,0.3,False,0.45776,212.28,0.00114,0.2,1784770196
All Pools,Psychic - BlackAndGold,0.3,False,0.45671,244.25,0.00114,0.17,1784770196
All Pools,AVAX - BlackAndGold,0.3,False,0.45591,213.37,0.00114,0.19,1784770196
All Pools,ELXR - USDC.e,0.3,False,0.43247,1066.59,0.00108,0.04,1784770196
All Pools,AMI - SQRCAT,0.3,False,0.42617,11.95,0.00107,3.25,1784770196
All Pools,AVAX - SQRCAT,0.3,False,0.42437,4309.31,0.00106,0.01,1784770196
All Pools,AVAX - IMPACT2,0.3,False,0.42307,146.81,0.00106,0.26,1784770196
All Pools,APOW - USDC,0.3,False,0.41814,115.98,0.00105,0.33,1784770196
All Pools,Psychic - Now,0.3,False,0.4156,475.68,0.00104,0.08,1784770196
All Pools,HOST - DAI.e,0.3,False,0.40292,2526.7,0.00101,0.01,1784770196
All Pools,TOPIA - PTOP10000,0.3,False,0.40071,153.03,0.001,0.24,1784770196
All Pools,USDT.e - EXP,0.3,False,0.39654,44966789.0,,,1784770196
All Pools,ARENA - MU,0.3,False,0.3943,4.11,,8.75,1784770196
All Pools,FXS - AVAX,0.3,False,0.39409,295.25,,0.12,1784770196
All Pools,USDC.e - COOKBOOK,0.3,False,0.39111,0.20325,,175.59,1784770196
All Pools,COQ - AMI,0.3,False,0.39061,10.38,,3.43,1784770196
All Pools,USDC.e - AVVO,0.3,False,0.38569,226.02,,0.16,1784770196
All Pools,AVAX - MU,0.3,False,0.37228,74.94,,0.45,1784770196
All Pools,USDC - aXEN,0.3,False,0.36253,8.212,,4.03,1784770196
All Pools,BANKSY - USDT.e,0.3,False,0.35926,1530.95,,0.02,1784770196
All Pools,BANKSY - AVAX,0.3,False,0.35905,145.35,,0.23,1784770196
All Pools,UNIQOC - AVAX,0.3,False,0.35796,823.9,,0.04,1784770196
All Pools,UNIQOC - COQ,0.3,False,0.35435,39.12,,0.83,1784770196
All Pools,MU - DAI.e,0.3,False,0.35178,237.16,,0.14,1784770196
All Pools,DREGG - USDT.e,0.3,False,0.35123,516.81,,0.06,1784770196
All Pools,DREGG - AVAX,0.3,False,0.35113,148.49,,0.22,1784770196
All Pools,LINK.e - USDC.e,0.3,False,0.33931,188.9,,0.16,1784770196
All Pools,USDT.e - MU,0.3,False,0.33787,250.91,,0.12,1784770196
All Pools,COQ - NOCHILL,0.3,False,0.32565,9.836,,3.02,1784770196
All Pools,WOLF - AVAX,0.3,False,0.32006,28162.0,,0.0,1784770196
All Pools,BTC.b - HOWDY,0.3,False,0.31652,64.33,,0.45,1784770196
All Pools,Psychic - Meaning,0.3,False,0.29935,238.4,,0.11,1784770196
All Pools,Meaning - AVAX,0.3,False,0.29824,330.36,,0.08,1784770196
All Pools,BTC.b - IMPACT2,0.3,False,0.29534,1400.91,,0.02,1784770196
All Pools,USDT.e - SMRT,0.3,False,0.29528,89.67,,0.3,1784770196
All Pools,AVAX - SMRT,0.3,False,0.29516,1675.79,,0.02,1784770196
All Pools,USDC - SDOG,0.3,False,0.29179,363.45,,0.07,1784770196
All Pools,MIM - SDOG,0.3,False,0.29137,82.91,,0.32,1784770196
All Pools,USDC.e - ONION,0.3,False,0.28534,372.85,,0.07,1784770196
All Pools,ZRO - USDC,0.3,False,0.28496,4.339,,5.99,1784770196
All Pools,GOOD - COQ,0.3,False,0.28429,67.11,,0.39,1784770196
All Pools,MIM - MU,0.3,False,0.2837,87.23,,0.3,1784770196
All Pools,GOOD - AVAX,0.3,False,0.28248,106.44,,0.24,1784770196
All Pools,bCASH - NOCHILL,0.3,False,0.28157,13.8,,1.86,1784770196
All Pools,Psychic - DiamondbackGall,0.3,False,0.27979,243.71,,0.1,1784770196
All Pools,DiamondbackGall - AVAX,0.3,False,0.27868,212.88,,0.12,1784770196
All Pools,KIWI - USDC,0.3,False,0.26389,300.1,,0.08,1784770196
All Pools,KIWI - AVAX,0.3,False,0.26388,95.69,,0.25,1784770196
All Pools,LINDA - AVAX,0.3,False,0.2623,1380.67,,0.02,1784770196
All Pools,UST - USDC.e,0.3,False,0.25793,664.6,,0.04,1784770196
All Pools,NaughtiusMaximus - Seventeen,0.3,False,0.25512,679.28,,0.03,1784770196
All Pools,AVAX - Seventeen,0.3,False,0.25434,206.99,,0.11,1784770196
All Pools,BUSD - AVAX,0.3,False,0.25216,345.01,,0.07,1784770196
All Pools,BTC.b - REDWOLF,0.3,False,0.25151,101.13,,0.23,1784770196
All Pools,HOST - AVAX,0.3,False,0.24859,90.14,,0.25,1784770196
All Pools,LINK.e - REDWOLF,0.3,False,0.24237,72.55,,0.3,1784770196
All Pools,Psychic - RedFolder,0.3,False,0.24158,243.72,,0.09,1784770196
All Pools,AVAX - RedFolder,0.3,False,0.2407,211.97,,0.1,1784770196
All Pools,Psychic - Serpentarius,0.3,False,0.23308,247.25,,0.09,1784770196
All Pools,GENI - USDC,0.3,False,0.23253,1165.62,,0.02,1784770196
All Pools,GENI - AVAX,0.3,False,0.23249,49.95,,0.42,1784770196
All Pools,Serpentarius - AVAX,0.3,False,0.23226,215.37,,0.1,1784770196
All Pools,Psychic - MerryXmas,0.3,False,0.23097,224.6,,0.09,1784770196
All Pools,MerryXmas - AVAX,0.3,False,0.23011,195.48,,0.11,1784770196
All Pools,WBTC.e - ONION,0.3,False,0.2281,361.47,,0.06,1784770196
All Pools,YEEHAW - USDC,0.3,False,0.2244,6.04,,3.39,1784770196
All Pools,JOE - ZABU,0.3,False,0.22136,13.24,,1.53,1784770196
All Pools,Psychic - Hopi,0.3,False,0.2175,215.92,,0.09,1784770196
All Pools,LUNA - AVAX,0.3,False,0.21739,122.75,,0.16,1784770196
All Pools,HUSKY - MUG,0.3,False,0.2167,14.77,,1.34,1784770196
All Pools,Hopi - AVAX,0.3,False,0.21665,155.75,,0.13,1784770196
All Pools,APOW - USDt,0.3,False,0.21521,115.67,,0.17,1784770196
All Pools,NOCHILL - KET,0.3,False,0.21414,8.417,,2.32,1784770196
All Pools,ELXR - COOKBOOK,0.3,False,0.21368,0.19051,,102.35,1784770196
All Pools,Psychic - MeaningOfNumbers,0.3,False,0.21145,243.92,,0.08,1784770196
All Pools,AVAX - MeaningOfNumbers,0.3,False,0.21073,211.61,,0.09,1784770196
All Pools,Psychic - All,0.3,False,0.20214,243.21,,0.08,1784770196
All Pools,LUNA - AVAX,0.3,False,0.20205,14.23,,1.3,1784770196
All Pools,Psychic - Xmas,0.3,False,0.20156,228.49,,0.08,1784770196
All Pools,AVAX - All,0.3,False,0.20146,212.58,,0.09,1784770196
All Pools,Xmas - AVAX,0.3,False,0.20087,198.75,,0.09,1784770196
All Pools,AVAX - mYAK,0.3,False,0.20066,47.14,,0.39,1784770196
All Pools,ZUBAX - USDT.e,0.3,False,0.19926,173.15,,0.11,1784770196
All Pools,AVAX - ZUBAX,0.3,False,0.1991,93.48,,0.19,1784770196
All Pools,AVAX - USDT,0.3,False,0.19689,1746.4,,0.01,1784770196
All Pools,USDt - XPOW,0.3,False,0.19638,19.51,,0.92,1784770196
All Pools,Hydrogen - AVAX,0.3,False,0.19336,190.85,,0.09,1784770196
All Pools,TECH - OX,0.3,False,0.19278,4456.78,,0.0,1784770196
All Pools,AVAX - FRAX,0.3,False,0.19189,228.44,,0.08,1784770196
All Pools,HH - ARENA,0.3,False,0.19028,2.5,,6.94,1784770196
All Pools,HH - AVAX,0.3,False,0.1885,241.78,,0.07,1784770196
All Pools,Psychic - NeatestQuackery,0.3,False,0.1859,243.94,,0.07,1784770196
All Pools,NeatestQuackery - AVAX,0.3,False,0.18531,211.42,,0.08,1784770196
All Pools,Psychic - Wej,0.3,False,0.18157,243.3,,0.07,1784770196
All Pools,AVAX - Wej,0.3,False,0.18102,211.78,,0.08,1784770196
All Pools,Psychic - Ducks,0.3,False,0.18098,243.72,,0.07,1784770196
All Pools,Ducks - AVAX,0.3,False,0.18042,211.49,,0.08,1784770196
All Pools,ABC - AMI,0.3,False,0.17999,2.536,,6.48,1784770196
All Pools,STOMB - AVAX,0.3,False,0.17965,5274.02,,0.0,1784770196
All Pools,Psychic - Sinterklaas,0.3,False,0.17839,239.26,,0.07,1784770196
All Pools,AVAX - Sinterklaas,0.3,False,0.17786,100.23,,0.16,1784770196
All Pools,50 - AVAX,0.3,False,0.17682,60.77,,0.27,1784770196
All Pools,50 - USDC,0.3,False,0.17673,112.62,,0.14,1784770196
All Pools,KALM - AVAX,0.3,False,0.17565,98.92,,0.16,1784770196
All Pools,KALM - USDC,0.3,False,0.17561,77.84,,0.21,1784770196
All Pools,GATOR - ARENA,0.3,False,0.17331,2.626,,6.02,1784770196
All Pools,EVDC - AVAX,0.3,False,0.16926,0.51058,,30.25,1784770196
All Pools,DCAU - USDC,0.3,False,0.16107,143.39,,0.1,1784770196
All Pools,Psychic - Hydrogen,0.3,False,0.16006,62.86,,0.23,1784770196
All Pools,SMRTr - USDC.e,0.3,False,0.15726,104.12,,0.14,1784770196
All Pools,SMRTr - AVAX,0.3,False,0.15683,25855.0,,,1784770196
All Pools,meGNX - AVAX,0.3,False,0.1559,13.47,,1.06,1784770196
All Pools,AVAX - MUG,0.3,False,0.15474,253.65,,0.06,1784770196
All Pools,bCASH - LINK.e,0.3,False,0.15335,322.61,,0.04,1784770196
All Pools,XAUt0 - ElvisJackpot,0.3,False,0.1528,288.32,,0.05,1784770196
All Pools,Psychic - ArniStitch,0.3,False,0.15214,245.22,,0.06,1784770196
All Pools,ArniStitch - AVAX,0.3,False,0.1517,212.8,,0.07,1784770196
All Pools,WETH.e - yyAVAX,0.3,False,0.1502,14.98,,0.91,1784770196
All Pools,NOCHILL - AMI,0.3,False,0.14757,4.032,,3.34,1784770196
All Pools,Psychic - AftermathsKobe,0.3,False,0.14709,247.67,,0.05,1784770196
All Pools,AftermathsKobe - AVAX,0.3,False,0.14683,214.95,,0.06,1784770196
All Pools,USDC - SHRAP,0.3,False,0.14506,21.03,,0.63,1784770196
All Pools,MM - AVAX,0.3,False,0.13752,68.14,,0.18,1784770196
All Pools,MM - USDC,0.3,False,0.1375,50.15,,0.25,1784770196
All Pools,XPOW - USDC,0.3,False,0.13697,19.55,,0.64,1784770196
All Pools,JEWEL - USDC,0.3,False,0.13621,3832.26,,0.0,1784770196
All Pools,AVAX - AVVO,0.3,False,0.13608,232.78,,0.05,1784770196
All Pools,Psychic - Go,0.3,False,0.13223,56.33,,0.21,1784770196
All Pools,aAvaWAVAX - meGNX,0.3,False,0.13128,3.097,,3.87,1784770196
All Pools,SYN - REDWOLF,0.3,False,0.13073,4.517,,2.64,1784770196
All Pools,UNIX - AVAX,0.3,False,0.13053,148.52,,0.08,1784770196
All Pools,AVAX - BLACK,0.3,False,0.12969,3.156,,3.75,1784770196
All Pools,Christmas - ChristMark,0.3,False,0.12937,112.66,,0.1,1784770196
All Pools,Christmas - AVAX,0.3,False,0.12893,179.51,,0.07,1784770196
All Pools,KIMBO - AMI,0.3,False,0.12781,2.88,,4.05,1784770196
All Pools,USDt - IMPACT2,0.3,False,0.12758,72.82,,0.16,1784770196
All Pools,BLS - USDt,0.3,False,0.12717,127.33,,0.09,1784770196
All Pools,PEON - AVAX,0.3,False,0.12658,8491.19,,0.0,1784770196
All Pools,Psychic - CommieSukey,0.3,False,0.12628,243.19,,0.05,1784770196
All Pools,CommieSukey - AVAX,0.3,False,0.12595,211.67,,0.05,1784770196
All Pools,BrideOfChrist - BLACK,0.3,False,0.12489,16.85,,0.68,1784770196
All Pools,MaryMagdalene - ChristMark,0.3,False,0.12437,305.61,,0.04,1784770196
All Pools,MaryMagdalene - TheGospelOfMary,0.3,False,0.12388,211.21,,0.05,1784770196
All Pools,AVAX - TheGospelOfMary,0.3,False,0.12353,116.76,,0.1,1784770196
All Pools,Anon - AVAX,0.3,False,0.12308,7.682,,1.46,1784770196
All Pools,COQ - BOOTY,0.3,False,0.11934,7.366,,1.48,1784770196
All Pools,Go - AVAX,0.3,False,0.11806,101.88,,0.11,1784770196
All Pools,TRYB - USDC.e,0.3,False,0.11695,31.82,,0.34,1784770196
All Pools,Now - Teste,0.3,False,0.11384,642.6,,0.02,1784770196
All Pools,AVAX - Teste,0.3,False,0.11345,62.87,,0.16,1784770196
All Pools,AVAX - LYLY,0.3,False,0.11166,52.11,,0.2,1784770196
All Pools,WBTC.e - USDT.e,0.3,False,0.11164,158.68,,0.06,1784770196
All Pools,STATIK - AVAX,0.3,False,0.1109,31.14,,0.32,1784770196
All Pools,COQ - ARENA,0.3,False,0.1096,1.304,,7.67,1784770196
All Pools,MIM - USDC,0.3,False,0.10952,27.09,,0.37,1784770196
All Pools,ElvisJackpot - BLACK,0.3,False,0.10924,9.734,,1.02,1784770196
All Pools,YEEHAW - ARENA,0.3,False,0.10628,1.398,,6.94,1784770196
All Pools,KLO - USDT.e,0.3,False,0.10535,4.629,,2.08,1784770196
All Pools,AMI - MU,0.3,False,0.10207,1.464,,6.36,1784770196
All Pools,COQ - LYLY,0.3,False,0.10172,10.9,,0.85,1784770196
All Pools,WINK - AVAX,0.3,False,0.1001,44.48,,0.21,1784770196
All Pools,APOW - USDC,0.3,False,0.09989,21.38,,0.43,1784770196
All Pools,MIM - PEFI,0.3,False,0.09874,61.13,,0.15,1784770196
All Pools,SYMBIOT - AVAX,0.3,False,0.09791,75.34,,0.12,1784770196
All Pools,TruthClosure - BLACK,0.3,False,0.09603,12.01,,0.73,1784770196
All Pools,WBTC.e - REDWOLF,0.3,False,0.09412,50.1,,0.17,1784770196
All Pools,AVAX - aSOCK,0.3,False,0.09351,10.03,,0.85,1784770196
All Pools,Gladiator - AVAX,0.3,False,0.09337,1.938,,4.4,1784770196
All Pools,SYMBIOT - DAI.e,0.3,False,0.09187,442.54,,0.02,1784770196
All Pools,aDXN - AVAX,0.3,False,0.0911,49.76,,0.17,1784770196
All Pools,aDXN - aXEN,0.3,False,0.09043,4.383,,1.88,1784770196
All Pools,AMI - COQAI,0.3,False,0.08908,3.11,,2.61,1784770196
All Pools,COQ - REDWOLF,0.3,False,0.08865,9.604,,0.84,1784770196
All Pools,COQ - KOVIN,0.3,False,0.08836,9.063,,0.89,1784770196
All Pools,CQK - USDC,0.3,False,0.087,31.12,,0.26,1784770196
All Pools,CQK - AVAX,0.3,False,0.08697,98.86,,0.08,1784770196
All Pools,HEFE - AMI,0.3,False,0.08648,2.34,,3.37,1784770196
All Pools,BENSI - AMI,0.3,False,0.08604,2.429,,3.23,1784770196
All Pools,HATCHY - AMI,0.3,False,0.08595,3.152,,2.49,1784770196
All Pools,JOE - CRA,0.3,False,0.08503,7.225,,1.07,1784770196
All Pools,KOVIN - AVAX,0.3,False,0.08497,2245.82,,0.0,1784770196
All Pools,CRA - AVAX,0.3,False,0.08461,7306.07,,0.0,1784770196
All Pools,VEE - USDC,0.3,False,0.08377,31.7,,0.24,1784770196
All Pools,AVAX - SantaGospel,0.3,False,0.08331,97.38,,0.08,1784770196
All Pools,WOLF - AMI,0.3,False,0.08289,2.801,,2.7,1784770196
All Pools,CANS - AVAX,0.3,False,0.08194,8.462,,0.88,1784770196
All Pools,WORM - AVAX,0.3,False,0.07961,246.5,,0.03,1784770196
All Pools,FERT - AVAX,0.3,False,0.07941,485.59,,0.01,1784770196
All Pools,BLUB - AVAX,0,False,0.07828,32.96,0.0,0.0,1784770196
All Pools,YEEHAW - AMI,0.3,False,0.07625,3.905,,1.78,1784770196
All Pools,BENIS - NOCHILL,0.3,False,0.07605,2.818,,2.46,1784770196
All Pools,AVAX - KET,0.3,False,0.07563,21.6,,0.32,1784770196
All Pools,Trinity - BrideOfChrist,0.3,False,0.07371,56949422.0,,,1784770196
All Pools,SNP - AVAX,0.3,False,0.07309,8.335,,0.8,1784770196
All Pools,COQ - SNP,0.3,False,0.073,18.85,,0.35,1784770196
All Pools,USDC - USD+,0.3,False,0.07277,28.43,,0.23,1784770196
All Pools,USDC - yyAVAX,0.3,False,0.07247,12.17,,0.54,1784770196
All Pools,AVAX - CHAM,0.3,False,0.07206,26.18,,0.25,1784770196
All Pools,USDC - CHAM,0.3,False,0.07203,46.8,,0.14,1784770196
All Pools,MCV - AVAX,0.3,False,0.07101,290.0,,0.02,1784770196
All Pools,COQ - MCV,0.3,False,0.0709,7.013,,0.92,1784770196
All Pools,Degen - AVAX,0.3,False,0.0691,1443.69,,0.0,1784770196
All Pools,NOCHILL - REDWOLF,0.3,False,0.06769,2.473,,2.5,1784770196
All Pools,AVAX - XPOW,0.3,False,0.06742,0.61564,,9.99,1784770196
All Pools,MAXI - DAI.e,0.3,False,0.06713,224.82,,0.03,1784770196
All Pools,Psychic - Who,0.3,False,0.06361,56.39,,0.1,1784770196
All Pools,SYN - USDC.e,0.3,False,0.06281,2.286,,2.51,1784770196
All Pools,Chemistry - Now,0.3,False,0.06227,639.8,,0.01,1784770196
All Pools,Chemistry - AVAX,0.3,False,0.06211,63.48,,0.09,1784770196
All Pools,ARENA - AMI,0.3,False,0.05889,1.517,,3.54,1784770196
All Pools,LIBRE - USDC.e,0.3,False,0.05686,12.45,,0.42,1784770196
All Pools,APOW - USDt,0.3,False,0.05676,21.39,,0.24,1784770196
All Pools,JOE - ZUBAX,0.3,False,0.0565,6.591,,0.78,1784770196
All Pools,TECH - AMI,0.3,False,0.05601,1.9,,2.69,1784770196
All Pools,Psychic - SantaGospel,0.3,False,0.05511,56.13,,0.09,1784770196
All Pools,USDC.e - WISE,0.3,False,0.05452,41.24,,0.12,1784770196
All Pools,USDT.e - ZABU,0.3,False,0.05451,44.67,,0.11,1784770196
All Pools,AMI - aSOCK,0.3,False,0.05443,1.859,,2.67,1784770196
All Pools,AVAX - WISE,0.3,False,0.05434,60.07,,0.08,1784770196
All Pools,MU - COQAI,0.3,False,0.05268,5.539,,0.87,1784770196
All Pools,KIMBO - CANS,0.3,False,0.05247,230.03,,0.02,1784770196
All Pools,BrideOfChrist - Gravity,0.3,False,0.05142,37.33,,0.13,1784770196
All Pools,AVAT - AVAX,0.3,False,0.05034,17.02,,0.27,1784770196
All Pools,AVAT - USDC,0.3,False,0.05033,37.73,,0.12,1784770196
All Pools,HIGHER - AVAX,0.3,False,0.04737,1.3,,3.32,1784770196
All Pools,FollowTheWhiteRabbit - AVAX,0.3,False,0.04737,118.01,,0.04,1784770196
All Pools,FollowTheWhiteRabbit - TruthClosure,0.3,False,0.04733,29.51,,0.15,1784770196
All Pools,USDt - REDWOLF,0.3,False,0.04718,13.85,,0.31,1784770196
All Pools,NOCHILL - MU,0.3,False,0.04577,1.638,,2.55,1784770196
All Pools,Matter - Now,0.3,False,0.04434,578.33,,0.01,1784770196
All Pools,Matter - AVAX,0.3,False,0.04424,56.66,,0.07,1784770196
All Pools,BUSD - USDC,0.3,False,0.04394,7.458,,0.54,1784770196
All Pools,LoveIsTheKey - BLACK,0.3,False,0.0439,3.886,,1.03,1784770196
All Pools,USDT.e - DUO,0.3,False,0.04351,50.64,,0.08,1784770196
All Pools,AVAX - DUO,0.3,False,0.04339,53.24,,0.07,1784770196
All Pools,ElvisJackpot - Gravity,0.3,False,0.04268,14.98,,0.26,1784770196
All Pools,COQ - MU,0.3,False,0.04247,3.792,,1.02,1784770196
All Pools,MU - KET,0.3,False,0.04121,0.87767,,4.28,1784770196
All Pools,AVAX - ELK,0.3,False,0.04117,48.75,,0.08,1784770196
All Pools,APOW - XPOW,0.3,False,0.04079,0.27373,,13.6,1784770196
All Pools,SYN - WETH.e,0.3,False,0.04078,1.153,,3.23,1784770196
All Pools,WETH.e - USDC,0.3,False,0.04047,20.9,,0.18,1784770196
All Pools,JOE - REDWOLF,0.3,False,0.0401,2.817,,1.3,1784770196
All Pools,AVAX - APOW,0.3,False,0.03999,0.47863,,7.62,1784770196
All Pools,HIGHER - AMI,0.3,False,0.03944,2.359,,1.53,1784770196
All Pools,SOCK - aSOCK,0.3,False,0.03938,5.512,,0.65,1784770196
All Pools,JPYC - USDC.e,0.3,False,0.03858,4.965,,0.71,1784770196
All Pools,FITFI - USDC,0.3,False,0.03815,0.08558,,40.68,1784770196
All Pools,gOHM - JOE,0.3,False,0.0375,3.306,,1.04,1784770196
All Pools,METAG - USDT.e,0.3,False,0.0375,47.07,,0.07,1784770196
All Pools,Who - AVAX,0.3,False,0.03741,101.01,,0.03,1784770196
All Pools,METAG - AVAX,0.3,False,0.03736,19.79,,0.17,1784770196
All Pools,USDt - RUX,0.3,False,0.03679,15973.0,,,1784770196
All Pools,RUX - AVAX,0.3,False,0.0367,25.75,,0.13,1784770196
All Pools,GURS - NOCHILL,0.3,False,0.03655,1.26,,2.65,1784770196
All Pools,gOHM - SB,0.3,False,0.03622,16.95,,0.2,1784770196
All Pools,SYN - USDT.e,0.3,False,0.03601,1.218,,2.7,1784770196
All Pools,SUB - AVAX,0.3,False,0.03512,15.16,,0.21,1784770196
All Pools,SUB - USDC,0.3,False,0.0351,11.46,,0.28,1784770196
All Pools,AMI - JUICY,0.3,False,0.03476,0.58354,,5.44,1784770196
All Pools,Trinity - TruthClosure,0.3,False,0.03444,6.375,,0.49,1784770196
All Pools,Hydrogen - BLACK,0.3,False,0.03373,2.501,,1.23,1784770196
All Pools,Go - BLACK,0.3,False,0.03367,2.481,,1.24,1784770196
All Pools,ZH - JOE,0.3,False,0.03321,2.108,,1.44,1784770196
All Pools,ZH - USDC.e,0.3,False,0.03248,22.23,,0.13,1784770196
All Pools,AMI - EROL,0.3,False,0.03226,0.41471,,7.1,1784770196
All Pools,FLAKE - USDT.e,0.3,False,0.03159,48.28,,0.06,1784770196
All Pools,GURS - AMI,0.3,False,0.03158,1.468,,1.96,1784770196
All Pools,FLAKE - AVAX,0.3,False,0.03148,17.29,,0.17,1784770196
All Pools,Yellow - BLACK,0.3,False,0.03115,2.492,,1.14,1784770196
All Pools,Yellow - AVAX,0.3,False,0.03106,192.39,,0.01,1784770196
All Pools,LoveIsTheKey - Gravity,0.3,False,0.03022,29.41,,0.09,1784770196
All Pools,MELT - USDT.e,0.3,False,0.0299,29.36,,0.09,1784770196
All Pools,MELT - AVAX,0.3,False,0.02978,20.18,,0.13,1784770196
All Pools,AVAX - Strength,0.3,False,0.02954,102.17,,0.03,1784770196
All Pools,Strength - BLACK,0.3,False,0.02941,2.472,,1.09,1784770196
All Pools,MIM - DAI.e,0.3,False,0.02915,17.92,,0.15,1784770196
All Pools,BENIS - AVAX,0.3,False,0.02907,10.03,,0.26,1784770196
All Pools,BLACK - SantaGospel,0.3,False,0.02832,2.465,,1.05,1784770196
All Pools,Psychic - Stolen,0.3,False,0.02829,64.74,,0.04,1784770196
All Pools,Stolen - BLACK,0.3,False,0.02797,2.76,,0.92,1784770196
All Pools,AVAX - SPT,0.3,False,0.02635,0.15562,,15.45,1784770196
All Pools,NineHundred - AVAX,0.3,False,0.02593,101.39,,0.02,1784770196
All Pools,NineHundred - BLACK,0.3,False,0.02589,2.474,,0.95,1784770196
All Pools,Who - BLACK,0.3,False,0.02585,2.464,,0.96,1784770196
All Pools,AVAX - GAU,0.3,False,0.02548,5.078,,0.46,1784770196
All Pools,GATOR - AMI,0.3,False,0.0249,4.164,,0.55,1784770196
All Pools,Psychic - Blue,0.3,False,0.02431,62.07,,0.04,1784770196
All Pools,AMI - DEGEN404,0.3,False,0.02427,0.88066,,2.51,1784770196
All Pools,HEFE - CANS,0.3,False,0.02423,4.982,,0.44,1784770196
All Pools,miMatic - USDC.e,0.3,False,0.02406,24.05,,0.09,1784770196
All Pools,Blue - BLACK,0.3,False,0.02403,2.482,,0.88,1784770196
All Pools,miMatic - AVAX,0.3,False,0.02398,32.4,,0.07,1784770196
All Pools,LUNA - LUNA,0.3,False,0.02394,1.855,,1.18,1784770196
All Pools,Degen - DEGEN404,0.3,False,0.02344,251.51,,0.01,1784770196
All Pools,Degen - AMI,0.3,False,0.02245,0.90643,,2.26,1784770196
All Pools,TOMB - USDC,0.3,False,0.02142,10.03,,0.19,1784770196
All Pools,SHOE - AMI,0.3,False,0.02114,0.4408,,4.38,1784770196
All Pools,CWAI - AVAX,0.3,False,0.02092,989.53,,0.0,1784770196
All Pools,USDC - AMI,0.3,False,0.02088,0.58594,,3.25,1784770196
All Pools,xJOE - AVAX,0.3,False,0.02067,1.839,,1.03,1784770196
All Pools,USDC - SPT,0.3,False,0.02018,0.20545,,8.96,1784770196
All Pools,NOCHILL - ARENA,0.3,False,0.02018,0.41954,,4.39,1784770196
All Pools,KIMBO - COQ,0.3,False,0.01921,1.097,,1.6,1784770196
All Pools,FINANCE - NOCHILL,0.3,False,0.01915,398.89,,0.0,1784770196
All Pools,ORNG - JUICE,0.3,False,0.01895,1.441,,1.2,1784770196
All Pools,ACS - USDC.e,0.3,False,0.01887,4.95,,0.35,1784770196
All Pools,BTC.b - USDC,0.3,False,0.01804,4.29,,0.38,1784770196
All Pools,NOCHILL - WAIFU,0.3,False,0.01787,150.31,,0.01,1784770196
All Pools,GMX - USDC,0.3,False,0.01761,0.87836,,1.83,1784770196
All Pools,ZUM - NOCHILL,0.3,False,0.01719,0.81593,,1.92,1784770196
All Pools,YEEHAW - ABC,0.3,False,0.01667,0.23716,,6.41,1784770196
All Pools,WABBIT - AMI,0.3,False,0.01646,0.83013,,1.81,1784770196
All Pools,Psychic - Ups,0.3,False,0.01612,48.09,,0.03,1784770196
All Pools,ELE - AVAX,0.3,False,0.016,89.74,,0.02,1784770196
All Pools,AMPL - AVAX,0.3,False,0.01589,210.96,,0.01,1784770196
All Pools,Psychic - TrumpCard,0.3,False,0.01575,48.1,,0.03,1784770196
All Pools,KIMBO - KOVIN,0.3,False,0.01571,3.38,,0.42,1784770196
All Pools,BLACK - Ups,0.3,False,0.01568,1.191,,1.2,1784770196
All Pools,TrumpCard - BLACK,0.3,False,0.0155,1.188,,1.19,1784770196
All Pools,Chrism - ChristMark,0.3,False,0.01527,145.04,,0.01,1784770196
All Pools,Psychic - Codes,0.3,False,0.01515,48.1,,0.03,1784770196
All Pools,Chrism - BLACK,0.3,False,0.01513,1.281,,1.08,1784770196
All Pools,Psychic - Confusion,0.3,False,0.01511,48.09,,0.03,1784770196
All Pools,AVAX - SHRAP,0.3,False,0.01499,11.2,,0.12,1784770196
All Pools,Codes - BLACK,0.3,False,0.01472,1.188,,1.13,1784770196
All Pools,Confusion - BLACK,0.3,False,0.01468,1.19,,1.13,1784770196
All Pools,GAS - AVAX,0.3,False,0.01463,133.23,,0.01,1784770196
All Pools,Psychic - Vampire,0.3,False,0.01456,48.09,,0.03,1784770196
All Pools,Psychic - Qubit,0.3,False,0.01448,48.06,,0.03,1784770196
All Pools,Psychic - Blessings,0.3,False,0.01443,48.06,,0.03,1784770196
All Pools,TruthClosure - AVAX,0.3,False,0.01442,7.603,,0.17,1784770196
All Pools,FITFI - USDC.e,0.3,False,0.0144,0.04579,,28.69,1784770196
All Pools,Balln - AMI,0.3,False,0.01435,0.57761,,2.27,1784770196
All Pools,Psychic - Seminole,0.3,False,0.01434,48.05,,0.03,1784770196
All Pools,Psychic - Luck,0.3,False,0.01425,48.09,,0.03,1784770196
All Pools,Flection - Psychic,0.3,False,0.01422,48.09,,0.03,1784770196
All Pools,Qubit - BLACK,0.3,False,0.01422,1.196,,1.09,1784770196
All Pools,Vampire - BLACK,0.3,False,0.01414,1.189,,1.09,1784770196
All Pools,Blessings - BLACK,0.3,False,0.01405,1.197,,1.07,1784770196
All Pools,Trinity - FourFourFour,0.3,False,0.01404,3.433,,0.37,1784770196
All Pools,Loyalty - Psychic,0.3,False,0.01402,48.06,,0.03,1784770196
All Pools,SatoshiNakamoto - Psychic,0.3,False,0.01397,48.09,,0.03,1784770196
All Pools,Seminole - BLACK,0.3,False,0.01397,1.198,,1.06,1784770196
All Pools,Psychic - Bonfire,0.3,False,0.01396,48.08,,0.03,1784770196
All Pools,Psychic - Nine,0.3,False,0.01395,48.07,,0.03,1784770196
All Pools,LOIQ - AMI,0.3,False,0.01394,0.46753,,2.72,1784770196
All Pools,Psychic - FinityFinity,0.3,False,0.01393,48.1,,0.03,1784770196
All Pools,LoveIsTheKey - AVAX,0.3,False,0.01391,10.38,,0.12,1784770196
All Pools,BLACK - Luck,0.3,False,0.01387,1.189,,1.06,1784770196
All Pools,Flection - BLACK,0.3,False,0.01385,1.189,,1.06,1784770196
All Pools,Psychic - Turtle,0.3,False,0.01383,48.1,,0.03,1784770196
All Pools,Bonfire - BLACK,0.3,False,0.01381,1.199,,1.05,1784770196
All Pools,FourFourFour - BLACK,0.3,False,0.01381,3.035,,0.42,1784770196
All Pools,Psychic - Gematria,0.3,False,0.01378,48.09,,0.03,1784770196
All Pools,Loyalty - BLACK,0.3,False,0.0136,1.195,,1.04,1784770196
All Pools,BLACK - Nine,0.3,False,0.01357,1.194,,1.04,1784770196
All Pools,FinityFinity - BLACK,0.3,False,0.01357,1.188,,1.04,1784770196
All Pools,SatoshiNakamoto - BLACK,0.3,False,0.01356,1.188,,1.04,1784770196
All Pools,Psychic - TrueStory,0.3,False,0.01351,48.09,,0.03,1784770196
All Pools,Turtle - BLACK,0.3,False,0.01348,1.188,,1.04,1784770196
All Pools,Psychic - James,0.3,False,0.01345,48.1,,0.03,1784770196
All Pools,BLACK - Gematria,0.3,False,0.01343,1.189,,1.03,1784770196
All Pools,Psychic - Gematria,0.3,False,0.01338,48.09,,0.03,1784770196
All Pools,Psychic - Mirror,0.3,False,0.01337,48.06,,0.03,1784770196
All Pools,Psychic - Aquarius,0.3,False,0.01336,48.09,,0.03,1784770196
All Pools,Mirror - BLACK,0.3,False,0.01324,1.203,,1.0,1784770196
All Pools,TrueStory - BLACK,0.3,False,0.01318,1.189,,1.01,1784770196
All Pools,James - BLACK,0.3,False,0.01311,1.187,,1.01,1784770196
All Pools,Gematria - BLACK,0.3,False,0.013,1.188,,1.0,1784770196
All Pools,Psychic - Crypt,0.3,False,0.01299,48.04,,0.02,1784770196
All Pools,Aquarius - BLACK,0.3,False,0.01299,1.196,,0.99,1784770196
All Pools,Psychic - Who,0.3,False,0.01297,48.09,,0.02,1784770196
All Pools,Psychic - TheArcher,0.3,False,0.01293,48.09,,0.02,1784770196
All Pools,Psychic - Chrism,0.3,False,0.01288,50.7,,0.02,1784770196
All Pools,Psychic - ChristIAmYou,0.3,False,0.01288,48.47,,0.02,1784770196
All Pools,Psychic - Sequence,0.3,False,0.01286,48.08,,0.02,1784770196
All Pools,Psychic - Six,0.3,False,0.01285,48.08,,0.02,1784770196
All Pools,Psychic - Penny,0.3,False,0.0128,48.09,,0.02,1784770196
All Pools,Psychic - Alphabet,0.3,False,0.01279,48.1,,0.02,1784770196
All Pools,SURE - AVAX,0.3,False,0.01278,5.549,,0.21,1784770196
All Pools,Psychic - BiTonic,0.3,False,0.01278,48.17,,0.02,1784770196
All Pools,[i]Lluminati - BLACK,0.3,False,0.01275,1.241,,0.94,1784770196
All Pools,WETH.e - SURE,0.3,False,0.01274,903.54,,0.0,1784770196
All Pools,Crypt - BLACK,0.3,False,0.01273,1.209,,0.96,1784770196
All Pools,Gravity - SaintGermain,0.3,False,0.01272,18.36,,0.06,1784770196
All Pools,Psychic - Alice,0.3,False,0.01271,48.05,,0.02,1784770196
All Pools,TheArcher - BLACK,0.3,False,0.01267,1.201,,0.96,1784770196
All Pools,Who - BLACK,0.3,False,0.01266,1.189,,0.97,1784770196
All Pools,Six - BLACK,0.3,False,0.01265,1.203,,0.96,1784770196
All Pools,Psychic - RefZip,0.3,False,0.01262,48.08,,0.02,1784770196
All Pools,SaintGermain - BLACK,0.3,False,0.01261,1.251,,0.92,1784770196
All Pools,Psychic - Oracle,0.3,False,0.0126,48.09,,0.02,1784770196
All Pools,Sequence - BLACK,0.3,False,0.0126,1.199,,0.96,1784770196
All Pools,BLACK - Alice,0.3,False,0.0126,1.205,,0.95,1784770196
All Pools,Psychic - Architect,0.3,False,0.01259,48.08,,0.02,1784770196
All Pools,BLACK - ChristIAmYou,0.3,False,0.01258,1.209,,0.95,1784770196
All Pools,Spider - Psychic,0.3,False,0.01254,48.04,,0.02,1784770196
All Pools,Psychic - Diamonds,0.3,False,0.01253,49.95,,0.02,1784770196
All Pools,RefZip - BLACK,0.3,False,0.01251,1.199,,0.95,1784770196
All Pools,BiTonic - BLACK,0.3,False,0.01251,1.186,,0.96,1784770196
All Pools,Oracle - BLACK,0.3,False,0.01249,1.198,,0.95,1784770196
All Pools,Architect - BLACK,0.3,False,0.01248,1.198,,0.95,1784770196
All Pools,Penny - BLACK,0.3,False,0.01243,1.187,,0.96,1784770196
All Pools,Alphabet - BLACK,0.3,False,0.01243,1.186,,0.96,1784770196
All Pools,Psychic - TwinFlames,0.3,False,0.0124,48.62,,0.02,1784770196
All Pools,Diamonds - BLACK,0.3,False,0.0123,1.248,,0.9,1784770196
All Pools,Spider - BLACK,0.3,False,0.01229,1.209,,0.93,1784770196
All Pools,CAI - AMI,0.3,False,0.01225,0.38521,,2.9,1784770196
All Pools,Psychic - PoPo,0.3,False,0.01219,48.1,,0.02,1784770196
All Pools,Psychic - Happy,0.3,False,0.01219,48.09,,0.02,1784770196
All Pools,Psychic - SevenSevenSeven,0.3,False,0.01217,48.1,,0.02,1784770196
All Pools,Psychic - Thick,0.3,False,0.01216,48.08,,0.02,1784770196
All Pools,BLACK - TwinFlames,0.3,False,0.01216,1.218,,0.91,1784770196
All Pools,PNG - REDWOLF,0.3,False,0.01212,3.475,,0.32,1784770196
All Pools,Choice - Psychic,0.3,False,0.0121,48.05,,0.02,1784770196
All Pools,CAI - AVAX,0.3,False,0.01202,1287.67,,,1784770196
All Pools,Psychic - Solved,0.3,False,0.01202,48.08,,0.02,1784770196
All Pools,Psychic - Checkmate,0.3,False,0.01198,48.19,,0.02,1784770196
All Pools,Psychic - [In]finity,0.3,False,0.01197,48.05,,0.02,1784770196
All Pools,Psychic - daVinci,0.3,False,0.01196,48.08,,0.02,1784770196
All Pools,Psychic - Time,0.3,False,0.01194,48.09,,0.02,1784770196
All Pools,Psychic - QuetzalCoatl,0.3,False,0.01193,48.08,,0.02,1784770196
All Pools,MEOW - AMI,0.3,False,0.01193,0.36636,,2.97,1784770196
All Pools,Happy - BLACK,0.3,False,0.01192,1.184,,0.92,1784770196
All Pools,PoPo - BLACK,0.3,False,0.01192,1.183,,0.92,1784770196
All Pools,Psychic - OneOneOne,0.3,False,0.01191,48.07,,0.02,1784770196
All Pools,SevenSevenSeven - BLACK,0.3,False,0.01191,1.182,,0.92,1784770196
All Pools,Thick - BLACK,0.3,False,0.0119,1.188,,0.91,1784770196
All Pools,Choice - BLACK,0.3,False,0.01188,1.206,,0.9,1784770196
All Pools,daVinci - BLACK,0.3,False,0.01187,1.199,,0.9,1784770196
All Pools,Psychic - Partment,0.3,False,0.01185,48.06,,0.02,1784770196
All Pools,Time - BLACK,0.3,False,0.01185,1.183,,0.91,1784770196
All Pools,Eye - Psychic,0.3,False,0.01183,48.1,,0.02,1784770196
All Pools,Psychic - YouAndI,0.3,False,0.01181,48.09,,0.02,1784770196
All Pools,Psychic - Line,0.3,False,0.01181,48.77,,0.02,1784770196
All Pools,Psychic - IAmThatIAm,0.3,False,0.01181,48.1,,0.02,1784770196
All Pools,Psychic - KatzJoel,0.3,False,0.0118,48.07,,0.02,1784770196
All Pools,Psychic - Lock,0.3,False,0.0118,48.08,,0.02,1784770196
All Pools,Solved - BLACK,0.3,False,0.0118,1.2,,0.9,1784770196
All Pools,Psychic - PlotTwist,0.3,False,0.01179,49.17,,0.02,1784770196
All Pools,Psychic - Number,0.3,False,0.01179,48.11,,0.02,1784770196
All Pools,Psychic - KekiusMaximus,0.3,False,0.01178,48.1,,0.02,1784770196
All Pools,Psychic - Finish,0.3,False,0.01178,48.06,,0.02,1784770196
All Pools,BLACK - Partment,0.3,False,0.01177,1.203,,0.89,1784770196
All Pools,Psychic - Equal,0.3,False,0.01176,48.1,,0.02,1784770196
All Pools,Checkmate - BLACK,0.3,False,0.01176,1.203,,0.89,1784770196
All Pools,[In]finity - BLACK,0.3,False,0.01175,1.205,,0.89,1784770196
All Pools,Eye - BLACK,0.3,False,0.01174,1.182,,0.91,1784770196
All Pools,Psychic - WhoWho,0.3,False,0.01173,48.09,,0.02,1784770196
All Pools,YouAndI - BLACK,0.3,False,0.01172,1.184,,0.9,1784770196
All Pools,QuetzalCoatl - BLACK,0.3,False,0.01171,1.2,,0.89,1784770196
All Pools,MEOW - AVAX,0.3,False,0.01171,7812.71,,,1784770196
All Pools,Psychic - ElmoSunkGematria,0.3,False,0.01171,48.11,,0.02,1784770196
All Pools,Number - BLACK,0.3,False,0.0117,1.18,,0.9,1784770196
All Pools,OneOneOne - BLACK,0.3,False,0.01169,1.201,,0.89,1784770196
All Pools,Finish - BLACK,0.3,False,0.01169,1.19,,0.9,1784770196
All Pools,BLACK - IAmThatIAm,0.3,False,0.01168,1.181,,0.9,1784770196
All Pools,KatzJoel - BLACK,0.3,False,0.01168,1.186,,0.9,1784770196
All Pools,Lock - BLACK,0.3,False,0.01167,1.185,,0.9,1784770196
All Pools,Equal - BLACK,0.3,False,0.01167,1.182,,0.9,1784770196
All Pools,KekiusMaximus - BLACK,0.3,False,0.01165,1.181,,0.9,1784770196
All Pools,Psychic - LordJesusChrist,0.3,False,0.01163,46.16,,0.02,1784770196
All Pools,Psychic - Verse,0.3,False,0.01163,48.07,,0.02,1784770196
All Pools,WhoWho - BLACK,0.3,False,0.0116,1.182,,0.9,1784770196
All Pools,BLACK - ElmoSunkGematria,0.3,False,0.01158,1.179,,0.9,1784770196
All Pools,PlotTwist - BLACK,0.3,False,0.01156,1.207,,0.87,1784770196
All Pools,LordJesusChrist - BLACK,0.3,False,0.01154,1.158,,0.91,1784770196
All Pools,Line - BLACK,0.3,False,0.01147,1.027,,1.02,1784770196
All Pools,Psychic - Abracadabra,0.3,False,0.01145,48.08,,0.02,1784770196
All Pools,Psychic - WhoWhoWho,0.3,False,0.0114,48.07,,0.02,1784770196
All Pools,Psychic - Artemis,0.3,False,0.0114,48.24,,0.02,1784770196
All Pools,Psychic - BirthingCode,0.3,False,0.01137,48.1,,0.02,1784770196
All Pools,Psychic - PennyTrinity,0.3,False,0.01134,48.11,,0.02,1784770196
All Pools,Psychic - Zero,0.3,False,0.01134,48.08,,0.02,1784770196
All Pools,Psychic - Hexagon,0.3,False,0.01132,48.09,,0.02,1784770196
All Pools,AAVE.e - USDT.e,0.3,False,0.01126,2.671,,0.38,1784770196
All Pools,Abracadabra - BLACK,0.3,False,0.01123,1.186,,0.86,1784770196
All Pools,BLACK - Verse,0.3,False,0.01123,1.188,,0.86,1784770196
All Pools,Psychic - Numbers,0.3,False,0.0112,48.08,,0.02,1784770196
All Pools,WhoWhoWho - BLACK,0.3,False,0.01118,1.188,,0.86,1784770196
All Pools,Artemis - BLACK,0.3,False,0.01118,1.196,,0.85,1784770196
All Pools,BirthingCode - BLACK,0.3,False,0.01115,1.181,,0.86,1784770196
All Pools,PennyTrinity - BLACK,0.3,False,0.01113,1.178,,0.86,1784770196
All Pools,Zero - BLACK,0.3,False,0.01112,1.186,,0.86,1784770196
All Pools,Hexagon - BLACK,0.3,False,0.0111,1.182,,0.86,1784770196
All Pools,Numbers - BLACK,0.3,False,0.011,1.2,,0.84,1784770196
All Pools,xORDER - AVAX,0.3,False,0.01091,0.16182,,6.15,1784770196
All Pools,AMI - MOOCH,0.3,False,0.01072,0.43523,,2.25,1784770196
All Pools,WETH.e - meGNX,0.3,False,0.01053,5.44,,0.18,1784770196
All Pools,AVAX - MICRO,0.3,False,0.01046,19.01,,0.05,1784770196
All Pools,COQ - MICRO,0.3,False,0.01037,2.971,,0.32,1784770196
All Pools,JOE - AVE,0.3,False,0.01012,1.201,,0.77,1784770196
All Pools,AMI - KONG,0.3,False,0.01009,0.30658,,3.0,1784770196
All Pools,QI - LYLY,0.3,False,0.01001,1.848,,0.49,1784770196
All Pools,AVAX - KONG,0.3,False,0.0099,5401.07,,,1784770196
All Pools,JOE - SNLP,0.3,False,0.00988,1.072,,0.84,1784770196
All Pools,COQ - JUICY,0.3,False,0.00988,0.4325,,2.08,1784770196
All Pools,SLEEP - AMI,0.3,False,0.00985,35.19,,0.03,1784770196
All Pools,SNLP - AVAX,0.3,False,0.00978,2647.41,,,1784770196
All Pools,USDt - USDC.e,0.3,False,0.00973,14.17,,0.06,1784770196
All Pools,AAVE.e - meGNX,0.3,False,0.00968,3.75,,0.24,1784770196
All Pools,Quet - ARENA,0.3,False,0.00965,0.63889,,1.38,1784770196
All Pools,WINK - NOCHILL,0.3,False,0.00958,0.44643,,1.96,1784770196
All Pools,sAVAX - AMI,0.3,False,0.0093,0.29148,,2.91,1784770196
All Pools,Quet - AVAX,0.3,False,0.00921,0.14183,,5.93,1784770196
All Pools,TRACTOR - JOE,0.3,False,0.00906,1.147,,0.72,1784770196
All Pools,TRACTOR - AVAX,0.3,False,0.00899,10752.0,,,1784770196
All Pools,HIGHER - NOCHILL,0.3,False,0.00895,0.21618,,3.78,1784770196
All Pools,BIRD - AVAX,0.3,False,0.00878,0.00967,,82.83,1784770196
All Pools,BTC.b - SPT,0.3,False,0.00868,0.15307,,5.17,1784770196
All Pools,AAVE.e - USDC.e,0.3,False,0.0086,1.29,,0.61,1784770196
All Pools,JOE - USDt,0.3,False,0.0082,0.65032,,1.15,1784770196
All Pools,SNO Token - JOE,0.3,False,0.00814,51.49,,0.01,1784770196
All Pools,SNO Token - AVAX,0.3,False,0.00807,1.152,,0.64,1784770196
All Pools,HOWDY - NOCHILL,0.3,False,0.00791,0.33104,,2.18,1784770196
All Pools,SOB - LUNA,0.3,False,0.00784,0.81313,,0.88,1784770196
All Pools,SOB - AVAX,0.3,False,0.00775,389.84,,0.0,1784770196
All Pools,Orange - AVAX,0.3,False,0.00754,63.03,,0.01,1784770196
All Pools,Orange - BLACK,0.3,False,0.0075,2.084,,0.33,1784770196
All Pools,BTC.b - yyAVAX,0.3,False,0.00729,4.311,,0.15,1784770196
All Pools,BLUB - AVAX,0.3,False,0.00728,11779.0,,,1784770196
All Pools,ORDER - xORDER,0.3,False,0.00727,0.53124,,1.25,1784770196
All Pools,AUSD - HUSKY,0.3,False,0.00715,0.50168,,1.3,1784770196
All Pools,Trinity - IngersollLockwood,0.3,False,0.0069,0.63608,,0.99,1784770196
All Pools,IngersollLockwood - BLACK,0.3,False,0.00676,1.092,,0.56,1784770196
All Pools,AVAX - COFI,0.3,False,0.0063,440.99,,0.0,1784770196
All Pools,COQ - COFI,0.3,False,0.00626,1.322,,0.43,1784770196
All Pools,JOE - CNR,0.3,False,0.00618,0.7569,,0.75,1784770196
All Pools,CNR - USDC,0.3,False,0.00611,4.521,,0.12,1784770196
All Pools,ERROR - AMI,0.3,False,0.0058,2.062,,0.26,1784770196
All Pools,Gladiator - AMI,0.3,False,0.00529,1.559,,0.31,1784770196
All Pools,LF - USDT.e,0.3,False,0.00509,0.86933,,0.53,1784770196
All Pools,LF - AVAX,0.3,False,0.00505,253.15,,0.0,1784770196
All Pools,JOE - AMI,0.3,False,0.00483,0.17224,,2.56,1784770196
All Pools,FEED - AMI,0.3,False,0.00481,0.15546,,2.82,1784770196
All Pools,FEED - AVAX,0.3,False,0.00465,5740.92,,,1784770196
All Pools,CANS - AMI,0.3,False,0.00463,0.15215,,2.78,1784770196
All Pools,YEEHAW - xAVAX,0.3,False,0.00455,0.22538,,1.84,1784770196
All Pools,xAVAX - AVAX,0.3,False,0.00442,0.55503,,0.73,1784770196
All Pools,COOK - AMI,0.3,False,0.00435,0.15705,,2.53,1784770196
All Pools,FLOT - AVAX,0.3,False,0.00429,2954.71,,,1784770196
All Pools,FLOT - COQ,0.3,False,0.00425,0.53628,,0.72,1784770196
All Pools,YEEHAW - HIGHER,0.3,False,0.00407,0.17609,,2.11,1784770196
All Pools,Naughty - AVAX,0.3,False,0.00405,170.96,,0.0,1784770196
All Pools,STICK - AMI,0.3,False,0.00381,0.17197,,2.02,1784770196
All Pools,DEV - ARENA,0.3,False,0.00374,0.05295,,6.44,1784770196
All Pools,AVAX - STICK,0.3,False,0.00372,1132.55,,,1784770196
All Pools,YEEHAW - MU,0.3,False,0.00367,0.1334,,2.51,1784770196
All Pools,ABOB - AMI,0.3,False,0.00352,0.10324,,3.11,1784770196
All Pools,xARENA - ARENA,0.3,False,0.00348,1.64,,0.19,1784770196
All Pools,DEV - AVAX,0.3,False,0.00344,3.447,,0.09,1784770196
All Pools,JOE - aXEN,0.3,False,0.00343,0.16102,,1.94,1784770196
All Pools,ABOB - AVAX,0.3,False,0.00339,599.44,,,1784770196
All Pools,SHEN - AVAX,0.3,False,0.0033,40.83,,0.01,1784770196
All Pools,xORDER - USDC,0.3,False,0.00329,0.156,,1.92,1784770196
All Pools,xARENA - AVAX,0.3,False,0.00328,0.06656,,4.5,1784770196
All Pools,COQ - SHEN,0.3,False,0.00326,0.34948,,0.85,1784770196
All Pools,H2O - AVAX,0.3,False,0.0032,21.36,,0.01,1784770196
All Pools,Naughty - HIGHER,0.3,False,0.00298,0.31256,,0.87,1784770196
All Pools,yes - ARENA,0.3,False,0.00277,0.05757,,4.39,1784770196
All Pools,CATWIF - UNIQOC,0.3,False,0.0027,0.18432,,1.34,1784770196
All Pools,BTC.b - GMX,0.3,False,0.00266,1.386,,0.17,1784770196
All Pools,CATWIF - AVAX,0.3,False,0.00266,2305.32,,,1784770196
All Pools,yes - AVAX,0.3,False,0.0026,1100.88,,,1784770196
All Pools,BRUH - AMI,0.3,False,0.00258,0.09681,,2.43,1784770196
All Pools,GMX - USDt,0.3,False,0.00256,0.36475,,0.64,1784770196
All Pools,BRUH - AVAX,0.3,False,0.00251,891.92,,,1784770196
All Pools,ARENA - JUICY,0.3,False,0.00249,0.03049,,7.46,1784770196
All Pools,APEX - AMI,0.3,False,0.00244,0.10654,,2.09,1784770196
All Pools,MAJIN - AMI,0.3,False,0.00238,0.1086,,2.0,1784770196
All Pools,TECH - HOWDY,0.3,False,0.00238,0.03285,,6.61,1784770196
All Pools,APEX - AVAX,0.3,False,0.00237,0.61999,,0.35,1784770196
All Pools,DWC - AMI,0.3,False,0.00237,0.08857,,2.44,1784770196
All Pools,PUSH - AMI,0.3,False,0.00233,0.12347,,1.73,1784770196
All Pools,MAJIN - AVAX,0.3,False,0.00232,2896.65,,,1784770196
All Pools,AVAX - DWC,0.3,False,0.0023,4106.32,,,1784770196
All Pools,PUSH - AVAX,0.3,False,0.00227,0.39307,,0.53,1784770196
All Pools,LAMA - AMI,0.3,False,0.00196,0.07548,,2.37,1784770196
All Pools,LAMA - AVAX,0.3,False,0.0019,8410.73,,,1784770196
All Pools,STINU - AMI,0.3,False,0.0019,0.07601,,2.28,1784770196
All Pools,ORDER - ARENA,0.3,False,0.00186,0.01417,,11.98,1784770196
All Pools,STINU - AVAX,0.3,False,0.00185,25.64,,0.01,1784770196
All Pools,CAPY - AVAX,0.3,False,0.00184,0.01605,,10.47,1784770196
All Pools,USDt - XPOW,0.3,False,0.00181,0.01477,,11.19,1784770196
All Pools,ABC - MU,0.3,False,0.00157,0.04665,,3.06,1784770196
All Pools,LOK - AMI,0.3,False,0.00154,0.04336,,3.25,1784770196
All Pools,USDC - XPOW,0.3,False,0.00154,0.01981,,7.08,1784770196
All Pools,AMI - GEC,0.3,False,0.00152,0.05084,,2.73,1784770196
All Pools,WINK - AMI,0.3,False,0.00152,0.06064,,2.28,1784770196
All Pools,BAWLS - AMI,0.3,False,0.00151,0.04851,,2.84,1784770196
All Pools,BAWLS - AVAX,0.3,False,0.00146,11.89,,0.01,1784770196
All Pools,zJoe - AMI,0.3,False,0.00137,0.14362,,0.87,1784770196
All Pools,BTC.b - AMI,0.3,False,0.00136,0.03455,,3.6,1784770196
All Pools,Naughty - AMI,0.3,False,0.00116,0.02814,,3.75,1784770196
All Pools,AVAX - Always,0.3,False,0.0011,0.53762,,0.19,1784770196
All Pools,Trinity - ElvisJackpot,0.3,False,0.00108,1.868,,0.05,1784770196
All Pools,HEFE - Always,0.3,False,0.00108,1.404,,0.07,1784770196
All Pools,THOR - AVAX,0.3,False,,23492.0,,,1784770196
All Pools,AVAX - AKITAX,0.3,False,,18.93,,0.0,1784770196
All Pools,WOOF - AMI,0.3,False,,1.378,,0.05,1784770196
All Pools,USDT.e - AKITAX,0.3,False,,0.00352,,19.26,1784770196
All Pools,WOLFI - AMI,0.3,False,,2.626,,0.02,1784770196
All Pools,GGP - AMI,0.3,False,,0.00817,,7.39,1784770196
All Pools,sAVAX - USDC,0.3,False,,0.45685,,0.04,1784770196
All Pools,GATOR - GURS,0.3,False,,0.14558,,0.1,1784770196
All Pools,avUSD - USDC,0.3,False,,19.1,,,1784770196
All Pools,AVAX - ART,0.3,False,,,,16.43,1784770196
All Pools,FATE - USDC,0.3,False,,458326.0,,,1784770196
All Pools,sAVAX - WETH.e,0.3,False,,0.01022,,0.0,1784770196
All Pools,aUST - AVAX,0.3,False,,0.00287,,0.0,1784770196
All Pools,ETHS - AVAX,0.3,False,,0.59055,,,1784770196
All Pools,[i]Lluminati - Chrism,0.3,False,0.0,0.0,0.0,0.0,1784770196
