filter,pool_name,fee_percent,has_rewards,volume_24h,liquidity,fees_24h,apr_24h,epoch_time
All Pools,AUSD - USDt,0.01,False,4614316.0,1427551.0,459.31,11.74,1783038776
All Pools,AUSD - USDC,0.01,False,4031254.0,1544968.0,405.03,9.57,1783038776
All Pools,AVAX - USDC,0.05,False,950350.0,384697.0,495.93,47.05,1783038776
All Pools,USDt - USDC,0.01,False,189305.0,162530.0,15.57,3.5,1783038776
All Pools,BTC.b - USDC,0.05,False,185027.0,574312.0,98.15,6.24,1783038776
All Pools,USDt - USDC,0.005,False,122132.0,365636.0,8.752,0.87,1783038776
All Pools,sAVAX - AVAX,0.01,False,95251.0,49060.0,9.586,7.13,1783038776
All Pools,WBTC.e - BTC.b,0.03,False,67984.0,220322.0,20.62,3.42,1783038776
All Pools,gOHM - AVAX,0.3,False,42348.0,123736.0,105.87,31.23,1783038776
All Pools,BCA - AVAX,0.3,False,32183.0,1.341,80.46,2189449.65,1783038776
All Pools,AVAX - CEWBNB,0.3,False,32049.0,1.339,80.12,2184856.34,1783038776
All Pools,MIM - AVAX,0.3,False,30506.0,169218.0,76.26,16.45,1783038776
All Pools,PRIME - AVAX,0.4,False,26901.0,194411.0,393.93,73.96,1783038776
All Pools,COQ - AVAX,0.3,False,25502.0,419699.0,63.75,5.54,1783038776
All Pools,WBTC - BTC.b,0.03,False,25330.0,65452.0,7.629,4.25,1783038776
All Pools,NXPC - AVAX,0.3,False,23695.0,3306.17,59.24,653.97,1783038776
All Pools,JOE - AVAX,0.3,False,19370.0,223110.0,48.42,7.92,1783038776
All Pools,JOE - USDC.e,0.3,False,18169.0,268039.0,45.42,6.19,1783038776
All Pools,USDC.e - USDC,0.02,False,15168.0,9724.09,1.635,6.14,1783038776
All Pools,NXUSD - WXT,0.3,False,14322.0,530881.0,35.8,2.46,1783038776
All Pools,AVAX - USDC,0.3,False,13375.0,352104.0,33.44,3.47,1783038776
All Pools,AVAX - USDT.e,0.3,False,11251.0,478137.0,28.13,2.15,1783038776
All Pools,USDC.e - AVAX,0.3,False,10639.0,372880.0,26.6,2.6,1783038776
All Pools,GUN - AVAX,0.25,False,9879.67,25963.0,27.12,38.12,1783038776
All Pools,ARENA - AVAX,0.01,False,9674.87,105770.0,0.9663,0.33,1783038776
All Pools,WETH.e - AVAX,0.3,False,9345.33,365346.0,23.36,2.33,1783038776
All Pools,USDC - XAVA,0.3,False,9191.76,505072.0,22.98,1.66,1783038776
All Pools,FOLKS - AVAX,0.25,False,9139.1,36451.0,23.44,23.47,1783038776
All Pools,QI - AVAX,0.3,False,8508.22,157257.0,21.27,4.94,1783038776
All Pools,USDT.e - USDC,0.02,False,7245.51,50095.0,1.456,1.06,1783038776
All Pools,AAVE.e - AVAX,0.3,False,7112.57,251996.0,17.78,2.58,1783038776
All Pools,AVAX - USDt,0.2,False,6691.18,102703.0,13.47,4.79,1783038776
All Pools,DAI.e - USDC,0.02,False,6268.75,28400.0,1.225,1.57,1783038776
All Pools,AVAX - BTC.b,0.05,False,4963.35,27369.0,2.742,3.66,1783038776
All Pools,USDT.e - USDt,0.02,False,4728.72,44416.0,0.94587,0.78,1783038776
All Pools,JPYC - USDC,0.04,False,3158.33,3322.59,4.265,46.86,1783038776
All Pools,QI - AVAX,0.25,False,3156.75,8288.3,9.512,41.89,1783038776
All Pools,USDC.e - USDC,0.02,False,3079.63,3887.45,0.64274,6.03,1783038776
All Pools,XAVA - AVAX,0.8,False,2944.44,150387.0,23.57,5.72,1783038776
All Pools,JOE - USDT.e,0.3,False,2720.16,53722.0,6.8,4.62,1783038776
All Pools,LCPEDU - USDt,0.8,False,2346.07,7533853.0,,,1783038776
All Pools,SYN - AVAX,0.3,False,2239.28,7586.71,5.598,26.93,1783038776
All Pools,EURC - USDC,0.03,False,2100.21,10887.0,0.86708,2.91,1783038776
All Pools,XAUt0 - USDt,0.04,False,1907.77,23808.0,1.718,2.63,1783038776
All Pools,SIERRA - USDC,0.1,False,1836.87,163835.0,1.982,0.44,1783038776
All Pools,ORNG - AVAX,0.3,False,1789.11,17364.0,4.473,9.4,1783038776
All Pools,BEAM - USDC,0.3,False,1782.59,62572.0,4.456,2.6,1783038776
All Pools,GUN - AVAX,0.1,False,1753.87,18206.0,2.436,4.88,1783038776
All Pools,USDC.e - USDC,0.02,False,1690.1,1953.78,0.35294,6.59,1783038776
All Pools,XSEED - AVAX,0.3,False,1635.5,12519.0,4.089,11.92,1783038776
All Pools,JOE - USDC,0.3,False,1574.88,24390.0,3.937,5.89,1783038776
All Pools,LINK.e - AVAX,0.3,False,1362.73,38583.0,3.407,3.22,1783038776
All Pools,WBTC.e - AVAX,0.3,False,1282.67,131821.0,3.207,0.89,1783038776
All Pools,WBTC.e - BTC.b,0.03,False,1273.5,536.74,0.42323,28.78,1783038776
All Pools,BEAM - AVAX,0.3,False,1131.96,367.6,2.83,280.99,1783038776
All Pools,USDt - AVAX,0.3,False,1040.25,39236.0,2.601,2.42,1783038776
All Pools,BTC.b - AVAX,0.3,False,1027.68,107766.0,2.569,0.87,1783038776
All Pools,HUNDRED - USDC,0.3,False,981.35,495101.0,2.453,0.18,1783038776
All Pools,gOHM - FRAX,0.3,False,981.18,3395.95,2.453,26.36,1783038776
All Pools,XSGD - USDC,0.05,False,962.82,874.71,0.64321,26.84,1783038776
All Pools,ZRO - AVAX,0.25,False,961.4,1692.58,2.505,54.02,1783038776
All Pools,USDC.e - O3,0.3,False,846.81,290397511.0,2.117,,1783038776
All Pools,USDV - AVAX,0.25,False,798.42,2577.76,3.673,52.0,1783038776
All Pools,AVAX - DAI.e,0.3,False,694.86,29145.0,1.737,2.18,1783038776
All Pools,ALOT - AVAX,0.3,False,633.81,10595.0,1.585,5.46,1783038776
All Pools,ggAVAX - AVAX,0.04,False,540.92,277.37,1.36,178.99,1783038776
All Pools,KLO - AVAX,0.3,False,532.97,11949.0,1.332,4.07,1783038776
All Pools,sAVAX - AVAX,0.3,False,472.37,179616.0,1.181,0.24,1783038776
All Pools,BEAM - AVAX,0.25,False,456.56,13255.0,1.15,3.17,1783038776
All Pools,DAI.e - USDC,0.02,False,364.55,2463.85,0.07018,1.04,1783038776
All Pools,WETH.e - USDC.e,0.3,False,346.69,10537.0,0.86672,3.0,1783038776
All Pools,USDT.e - USDC,0.02,False,344.1,897.52,0.03518,1.43,1783038776
All Pools,MOLTSTRONG - AVAX,0.1,False,340.46,681.38,0.34064,18.25,1783038776
All Pools,ALOYON - AVAX,0.1,False,340.46,681.38,0.34064,18.25,1783038776
All Pools,VIBE - AVAX,0.1,False,340.44,681.34,0.34062,18.25,1783038776
All Pools,AIQON - AVAX,0.1,False,340.44,681.34,0.34062,18.25,1783038776
All Pools,PENGON - AVAX,0.1,False,340.44,681.34,0.34062,18.25,1783038776
All Pools,UAMYON - AVAX,0.1,False,340.44,681.34,0.34062,18.25,1783038776
All Pools,MEION - AVAX,0.1,False,340.44,681.34,0.34062,18.25,1783038776
All Pools,BKCHON - AVAX,0.1,False,340.44,681.34,0.34062,18.25,1783038776
All Pools,ACLSON - AVAX,0.1,False,340.26,680.98,0.34044,18.25,1783038776
All Pools,APHON - AVAX,0.1,False,340.26,680.98,0.34044,18.25,1783038776
All Pools,AAONON - AVAX,0.1,False,340.26,680.98,0.34044,18.25,1783038776
All Pools,SOXQON - AVAX,0.1,False,340.26,680.98,0.34044,18.25,1783038776
All Pools,GNESS - AVAX,0.1,False,340.25,680.98,0.34044,18.25,1783038776
All Pools,GFSON - AVAX,0.1,False,340.25,680.98,0.34044,18.25,1783038776
All Pools,LASRON - AVAX,0.1,False,340.25,680.98,0.34044,18.25,1783038776
All Pools,HIION - AVAX,0.1,False,340.25,680.98,0.34044,18.25,1783038776
All Pools,AGON - AVAX,0.1,False,340.2,680.87,0.34039,18.25,1783038776
All Pools,OSEAN - AVAX,0.1,False,340.2,680.87,0.34039,18.25,1783038776
All Pools,CLFON - AVAX,0.1,False,340.2,680.87,0.34039,18.25,1783038776
All Pools,STLDON - AVAX,0.1,False,340.2,680.87,0.34039,18.25,1783038776
All Pools,DEXSHARE - AVAX,0.1,False,340.2,680.87,0.34039,18.25,1783038776
All Pools,BABY - AVAX,0.1,False,340.2,680.87,0.34039,18.25,1783038776
All Pools,NATON - AVAX,0.1,False,340.09,680.65,0.34028,18.25,1783038776
All Pools,KEYSON - AVAX,0.1,False,340.09,680.65,0.34028,18.25,1783038776
All Pools,MXLON - AVAX,0.1,False,340.09,680.65,0.34028,18.25,1783038776
All Pools,IGVON - AVAX,0.1,False,340.09,680.65,0.34028,18.25,1783038776
All Pools,LITON - AVAX,0.1,False,340.09,680.65,0.34028,18.25,1783038776
All Pools,EQTON - AVAX,0.1,False,340.09,680.65,0.34028,18.25,1783038776
All Pools,BMP - AVAX,0.1,False,339.99,680.45,0.34018,18.25,1783038776
All Pools,BLES - AVAX,0.1,False,339.99,680.45,0.34018,18.25,1783038776
All Pools,ATN - AVAX,0.1,False,339.99,680.45,0.34018,18.25,1783038776
All Pools,ATV111 - AVAX,0.1,False,339.99,680.45,0.34018,18.25,1783038776
All Pools,RE7CBBTC - AVAX,0.1,False,339.99,680.45,0.34018,18.25,1783038776
All Pools,KTB - AVAX,0.1,False,339.99,680.45,0.34018,18.25,1783038776
All Pools,BRTR - AVAX,0.1,False,339.99,680.45,0.34018,18.25,1783038776
All Pools,TENON - AVAX,0.1,False,339.94,680.34,0.34012,18.25,1783038776
All Pools,SAPON - AVAX,0.1,False,339.94,680.34,0.34012,18.25,1783038776
All Pools,WSON - AVAX,0.1,False,339.94,680.34,0.34012,18.25,1783038776
All Pools,SLBON - AVAX,0.1,False,339.94,680.34,0.34012,18.25,1783038776
All Pools,WLKON - AVAX,0.1,False,339.94,680.34,0.34012,18.25,1783038776
All Pools,WMBON - AVAX,0.1,False,339.93,0.40425,0.34012,30709.73,1783038776
All Pools,INROON - AVAX,0.1,False,339.93,680.33,0.34012,18.25,1783038776
All Pools,DRSON - AVAX,0.1,False,339.93,680.33,0.34012,18.25,1783038776
All Pools,COROON - AVAX,0.1,False,339.93,680.33,0.34012,18.25,1783038776
All Pools,HALON - AVAX,0.1,False,339.93,680.33,0.34012,18.25,1783038776
All Pools,RMBSON - AVAX,0.1,False,339.93,680.33,0.34012,18.25,1783038776
All Pools,XYLDON - AVAX,0.1,False,339.93,680.33,0.34012,18.25,1783038776
All Pools,BILON - AVAX,0.1,False,339.91,680.28,0.3401,18.25,1783038776
All Pools,ACMRON - AVAX,0.1,False,339.91,680.28,0.3401,18.25,1783038776
All Pools,BWETON - AVAX,0.1,False,339.91,680.28,0.3401,18.25,1783038776
All Pools,SABAKAINU - AVAX,0.1,False,339.91,680.28,0.34009,18.25,1783038776
All Pools,YVALOS - AVAX,0.1,False,339.91,680.28,0.34009,18.25,1783038776
All Pools,IUSD - AVAX,0.1,False,339.91,680.28,0.34009,18.25,1783038776
All Pools,NMNRL - AVAX,0.1,False,339.91,680.28,0.34009,18.25,1783038776
All Pools,PXEN - AVAX,0.1,False,339.91,680.28,0.34009,18.25,1783038776
All Pools,INELIXIR - AVAX,0.1,False,339.91,680.28,0.34009,18.25,1783038776
All Pools,LIQUIDRESERVE - AVAX,0.1,False,339.91,680.28,0.34009,18.25,1783038776
All Pools,EXTRON - AVAX,0.1,False,339.9,680.27,0.34009,18.25,1783038776
All Pools,STNGON - AVAX,0.1,False,339.9,680.27,0.34009,18.25,1783038776
All Pools,GDON - AVAX,0.1,False,339.9,680.27,0.34009,18.25,1783038776
All Pools,INSWON - AVAX,0.1,False,339.9,680.27,0.34009,18.25,1783038776
All Pools,SHLDON - AVAX,0.1,False,339.9,680.27,0.34009,18.25,1783038776
All Pools,COHUON - AVAX,0.1,False,339.9,680.27,0.34009,18.25,1783038776
All Pools,UCTTON - AVAX,0.1,False,339.9,680.27,0.34009,18.25,1783038776
All Pools,SILON - AVAX,0.1,False,339.9,680.27,0.34009,18.25,1783038776
All Pools,IEION - AVAX,0.1,False,339.9,680.27,0.34009,18.25,1783038776
All Pools,EFVON - AVAX,0.1,False,339.9,680.27,0.34009,18.25,1783038776
All Pools,CAT - AVAX,0.1,False,339.84,680.14,0.34003,18.25,1783038776
All Pools,RFSTETH - AVAX,0.1,False,339.84,680.14,0.34003,18.25,1783038776
All Pools,CAKITA - AVAX,0.1,False,339.84,680.14,0.34003,18.25,1783038776
All Pools,BRETT - AVAX,0.1,False,339.84,680.14,0.34003,18.25,1783038776
All Pools,WBNVDA - AVAX,0.1,False,339.84,680.14,0.34003,18.25,1783038776
All Pools,NBTC - AVAX,0.1,False,339.84,680.14,0.34003,18.25,1783038776
All Pools,ATKRON - AVAX,0.1,False,339.83,680.13,0.34002,18.25,1783038776
All Pools,VDEON - AVAX,0.1,False,339.83,680.13,0.34002,18.25,1783038776
All Pools,KOPNON - AVAX,0.1,False,339.83,680.13,0.34002,18.25,1783038776
All Pools,PRIMON - AVAX,0.1,False,339.83,680.13,0.34002,18.25,1783038776
All Pools,VRSNON - AVAX,0.1,False,339.83,680.13,0.34002,18.25,1783038776
All Pools,ENBON - AVAX,0.1,False,339.83,0.30391,0.34002,40836.59,1783038776
All Pools,BTDRON - AVAX,0.1,False,339.83,680.13,0.34002,18.25,1783038776
All Pools,DGXXON - AVAX,0.1,False,339.83,680.13,0.34002,18.25,1783038776
All Pools,AMEON - AVAX,0.1,False,339.83,680.13,0.34002,18.25,1783038776
All Pools,NUEON - AVAX,0.1,False,339.83,680.13,0.34002,18.25,1783038776
All Pools,OIION - AVAX,0.1,False,339.83,680.13,0.34002,18.25,1783038776
All Pools,KURO - AVAX,0.1,False,339.8,680.07,0.33999,18.25,1783038776
All Pools,URNMON - AVAX,0.1,False,339.8,680.07,0.33999,18.25,1783038776
All Pools,ORBXON - AVAX,0.1,False,339.8,680.07,0.33999,18.25,1783038776
All Pools,UPHL - AVAX,0.1,False,339.77,680.01,0.33996,18.25,1783038776
All Pools,STOSHI - AVAX,0.1,False,339.77,680.01,0.33996,18.25,1783038776
All Pools,TWINS - AVAX,0.1,False,339.77,680.01,0.33996,18.25,1783038776
All Pools,OIHON - AVAX,0.1,False,339.77,680.01,0.33996,18.25,1783038776
All Pools,SHOOT - AVAX,0.1,False,339.77,680.01,0.33996,18.25,1783038776
All Pools,HYSON - AVAX,0.1,False,339.77,680.01,0.33996,18.25,1783038776
All Pools,VOLS - AVAX,0.1,False,339.77,680.01,0.33996,18.25,1783038776
All Pools,QLTAON - AVAX,0.1,False,339.72,679.91,0.33991,18.25,1783038776
All Pools,EUHYON - AVAX,0.1,False,339.72,679.91,0.33991,18.25,1783038776
All Pools,BRTRON - AVAX,0.1,False,339.72,679.91,0.33991,18.25,1783038776
All Pools,BRLNON - AVAX,0.1,False,339.72,679.91,0.33991,18.25,1783038776
All Pools,YEARON - AVAX,0.1,False,339.72,679.91,0.33991,18.25,1783038776
All Pools,GGOVON - AVAX,0.1,False,339.72,679.91,0.33991,18.25,1783038776
All Pools,SHAO - AVAX,0.1,False,339.72,679.91,0.33991,18.25,1783038776
All Pools,PCHU - AVAX,0.1,False,339.72,679.91,0.33991,18.25,1783038776
All Pools,POORS - AVAX,0.1,False,339.72,679.91,0.33991,18.25,1783038776
All Pools,NINA - AVAX,0.1,False,339.72,0.19106,0.33991,64934.85,1783038776
All Pools,RING - AVAX,0.1,False,339.72,679.91,0.33991,18.25,1783038776
All Pools,MEAI - AVAX,0.1,False,339.72,679.91,0.33991,18.25,1783038776
All Pools,FLEXON - AVAX,0.1,False,339.72,679.91,0.33991,18.25,1783038776
All Pools,BRHYON - AVAX,0.1,False,339.72,679.91,0.33991,18.25,1783038776
All Pools,BLCRON - AVAX,0.1,False,339.72,0.19085,0.33991,65006.3,1783038776
All Pools,LEMBON - AVAX,0.1,False,339.72,679.91,0.33991,18.25,1783038776
All Pools,SWKSON - AVAX,0.1,False,339.72,679.91,0.33991,18.25,1783038776
All Pools,IGEBON - AVAX,0.1,False,339.72,679.91,0.33991,18.25,1783038776
All Pools,POWION - AVAX,0.1,False,339.71,679.89,0.3399,18.25,1783038776
All Pools,ICHRON - AVAX,0.1,False,339.71,679.89,0.3399,18.25,1783038776
All Pools,PCGON - AVAX,0.1,False,339.69,679.85,0.33988,18.25,1783038776
All Pools,CHARACCON - AVAX,0.1,False,339.69,679.85,0.33988,18.25,1783038776
All Pools,SSS - AVAX,0.1,False,339.69,679.85,0.33988,18.25,1783038776
All Pools,AMERICAFIRST - AVAX,0.1,False,339.69,679.85,0.33988,18.25,1783038776
All Pools,DTCRON - AVAX,0.1,False,339.69,679.85,0.33988,18.25,1783038776
All Pools,TASKON - AVAX,0.1,False,339.69,679.85,0.33988,18.25,1783038776
All Pools,NWC - AVAX,0.1,False,339.69,679.85,0.33988,18.25,1783038776
All Pools,BASE - AVAX,0.1,False,339.66,679.79,0.33985,18.25,1783038776
All Pools,FARTFUL - AVAX,0.1,False,339.66,679.79,0.33985,18.25,1783038776
All Pools,PULSE - AVAX,0.1,False,339.66,679.79,0.33985,18.25,1783038776
All Pools,ND - AVAX,0.1,False,339.66,679.79,0.33985,18.25,1783038776
All Pools,ATTN - AVAX,0.1,False,339.66,679.79,0.33985,18.25,1783038776
All Pools,CATX - AVAX,0.1,False,339.66,679.79,0.33985,18.25,1783038776
All Pools,USDU - AVAX,0.1,False,339.65,679.77,0.33984,18.25,1783038776
All Pools,CLSON - AVAX,0.1,False,339.65,679.77,0.33984,18.25,1783038776
All Pools,ODOR - AVAX,0.1,False,339.65,679.77,0.33984,18.25,1783038776
All Pools,KUNCI - AVAX,0.1,False,339.65,679.77,0.33984,18.25,1783038776
All Pools,STUBBS - AVAX,0.1,False,339.65,679.77,0.33984,18.25,1783038776
All Pools,CPOO - AVAX,0.1,False,339.65,679.77,0.33984,18.25,1783038776
All Pools,IJSON - AVAX,0.1,False,339.65,679.76,0.33983,18.25,1783038776
All Pools,QYLDON - AVAX,0.1,False,339.65,679.76,0.33983,18.25,1783038776
All Pools,HIVEON - AVAX,0.1,False,339.65,679.76,0.33983,18.25,1783038776
All Pools,VCXON - AVAX,0.1,False,339.65,679.76,0.33983,18.25,1783038776
All Pools,CPERON - AVAX,0.1,False,339.65,679.76,0.33983,18.25,1783038776
All Pools,NVMION - AVAX,0.1,False,339.65,679.76,0.33983,18.25,1783038776
All Pools,IRDMON - AVAX,0.1,False,339.61,679.68,0.3398,18.25,1783038776
All Pools,TTON - AVAX,0.1,False,339.61,679.68,0.3398,18.25,1783038776
All Pools,LECOON - AVAX,0.1,False,339.61,679.68,0.3398,18.25,1783038776
All Pools,WCCON - AVAX,0.1,False,339.61,679.68,0.3398,18.25,1783038776
All Pools,HLITON - AVAX,0.1,False,339.61,679.68,0.3398,18.25,1783038776
All Pools,VPGON - AVAX,0.1,False,339.61,679.68,0.3398,18.25,1783038776
All Pools,MYRGON - AVAX,0.1,False,339.61,679.68,0.3398,18.25,1783038776
All Pools,CAMTON - AVAX,0.1,False,339.58,679.63,0.33977,18.25,1783038776
All Pools,REGNON - AVAX,0.1,False,339.58,679.63,0.33977,18.25,1783038776
All Pools,UMCON - AVAX,0.1,False,339.58,679.63,0.33977,18.25,1783038776
All Pools,CULT - AVAX,0.1,False,339.58,679.63,0.33977,18.25,1783038776
All Pools,LWLGON - AVAX,0.1,False,339.58,679.63,0.33977,18.25,1783038776
All Pools,POMATO - AVAX,0.1,False,339.58,679.63,0.33977,18.25,1783038776
All Pools,IDAI - AVAX,0.1,False,339.57,679.61,0.33976,18.25,1783038776
All Pools,ARQQON - AVAX,0.1,False,339.57,679.61,0.33976,18.25,1783038776
All Pools,ATV111 - AVAX,0.1,False,339.57,679.61,0.33976,18.25,1783038776
All Pools,CLOAON - AVAX,0.1,False,339.57,679.61,0.33976,18.25,1783038776
All Pools,OPRAON - AVAX,0.1,False,339.57,679.61,0.33976,18.25,1783038776
All Pools,FSV - AVAX,0.1,False,339.54,679.55,0.33973,18.25,1783038776
All Pools,DEGENUSDC - AVAX,0.1,False,339.54,679.55,0.33973,18.25,1783038776
All Pools,FORMON - AVAX,0.1,False,339.54,679.55,0.33973,18.25,1783038776
All Pools,LOWON - AVAX,0.1,False,339.54,679.55,0.33973,18.25,1783038776
All Pools,FSOLON - AVAX,0.1,False,339.54,679.55,0.33973,18.25,1783038776
All Pools,MKSION - AVAX,0.1,False,339.54,679.55,0.33973,18.25,1783038776
All Pools,HAND - AVAX,0.1,False,339.51,679.5,0.3397,18.25,1783038776
All Pools,SUIRWAPIN - AVAX,0.1,False,339.51,-0.01363,0.3397,-909651.84,1783038776
All Pools,BASEGUY - AVAX,0.1,False,339.51,679.5,0.3397,18.25,1783038776
All Pools,FLNCON - AVAX,0.1,False,339.51,679.5,0.3397,18.25,1783038776
All Pools,BAION - AVAX,0.1,False,339.51,-0.01363,0.3397,-909651.84,1783038776
All Pools,BIPO - AVAX,0.1,False,339.51,679.5,0.3397,18.25,1783038776
All Pools,LUS - AVAX,0.1,False,339.44,679.35,0.33963,18.25,1783038776
All Pools,CHILI - AVAX,0.1,False,339.44,679.35,0.33963,18.25,1783038776
All Pools,AEHRON - AVAX,0.1,False,339.44,679.35,0.33963,18.25,1783038776
All Pools,PAVEON - AVAX,0.1,False,339.44,679.35,0.33963,18.25,1783038776
All Pools,RE7FRAX - AVAX,0.1,False,339.44,679.35,0.33963,18.25,1783038776
All Pools,GRNDON - AVAX,0.1,False,339.44,679.35,0.33963,18.25,1783038776
All Pools,HUNT - AVAX,0.1,False,339.38,679.24,0.33957,18.25,1783038776
All Pools,IYWON - AVAX,0.1,False,339.34,679.15,0.33953,18.25,1783038776
All Pools,LPTHON - AVAX,0.1,False,339.34,679.15,0.33953,18.25,1783038776
All Pools,IALTON - AVAX,0.1,False,339.34,679.15,0.33953,18.25,1783038776
All Pools,SATAON - AVAX,0.1,False,339.34,679.15,0.33953,18.25,1783038776
All Pools,MIDLE - AVAX,0.1,False,339.34,679.15,0.33953,18.25,1783038776
All Pools,FLORK - AVAX,0.1,False,339.34,679.15,0.33953,18.25,1783038776
All Pools,AOSLON - AVAX,0.1,False,339.29,679.04,0.33947,18.25,1783038776
All Pools,AIPON - AVAX,0.1,False,339.29,679.04,0.33947,18.25,1783038776
All Pools,FPSON - AVAX,0.1,False,339.29,679.04,0.33947,18.25,1783038776
All Pools,GNRCON - AVAX,0.1,False,339.29,679.04,0.33947,18.25,1783038776
All Pools,FCELON - AVAX,0.1,False,339.29,679.04,0.33947,18.25,1783038776
All Pools,EMRON - AVAX,0.1,False,339.29,679.04,0.33947,18.25,1783038776
All Pools,HEDGE - AVAX,0.1,False,339.24,678.95,0.33943,18.25,1783038776
All Pools,DDD - AVAX,0.1,False,339.24,678.95,0.33943,18.25,1783038776
All Pools,WOB - AVAX,0.1,False,339.24,678.95,0.33943,18.25,1783038776
All Pools,VOX - AVAX,0.1,False,339.24,678.95,0.33943,18.25,1783038776
All Pools,VIBEY - AVAX,0.1,False,339.24,678.95,0.33943,18.25,1783038776
All Pools,TARD - AVAX,0.1,False,339.24,678.95,0.33943,18.25,1783038776
All Pools,T1TO1 - AVAX,0.1,False,339.21,678.88,0.3394,18.25,1783038776
All Pools,AINIMALS - AVAX,0.1,False,339.2,678.87,0.33939,18.25,1783038776
All Pools,ZKTR - AVAX,0.1,False,339.2,678.87,0.33939,18.25,1783038776
All Pools,SAI - AVAX,0.1,False,339.2,678.87,0.33939,18.25,1783038776
All Pools,NUGGETS - AVAX,0.1,False,339.2,678.87,0.33939,18.25,1783038776
All Pools,STABLE - AVAX,0.1,False,339.2,678.87,0.33939,18.25,1783038776
All Pools,LOOT - AVAX,0.1,False,339.2,678.87,0.33939,18.25,1783038776
All Pools,T4.25 - AVAX,0.1,False,339.11,678.69,0.3393,18.25,1783038776
All Pools,SNOWMAN - AVAX,0.1,False,339.11,678.69,0.3393,18.25,1783038776
All Pools,BYNOMO - AVAX,0.1,False,339.11,678.69,0.3393,18.25,1783038776
All Pools,BONKBOY - AVAX,0.1,False,339.11,678.69,0.3393,18.25,1783038776
All Pools,AGOK - AVAX,0.1,False,339.11,678.69,0.3393,18.25,1783038776
All Pools,GIVE - AVAX,0.1,False,339.11,678.69,0.3393,18.25,1783038776
All Pools,APARTMENT - AVAX,0.1,False,339.1,678.67,0.33929,18.25,1783038776
All Pools,YEAR - AVAX,0.1,False,339.1,678.67,0.33929,18.25,1783038776
All Pools,POKERPUG - AVAX,0.1,False,339.1,678.67,0.33929,18.25,1783038776
All Pools,AMPLY - AVAX,0.1,False,339.1,678.67,0.33929,18.25,1783038776
All Pools,KR8TIV - AVAX,0.1,False,339.05,678.57,0.33924,18.25,1783038776
All Pools,TTMION - AVAX,0.1,False,339.05,678.57,0.33924,18.25,1783038776
All Pools,CLAIRON - AVAX,0.1,False,339.05,678.57,0.33924,18.25,1783038776
All Pools,MAPPIN - AVAX,0.1,False,339.05,678.57,0.33924,18.25,1783038776
All Pools,JOMON - AVAX,0.1,False,339.05,678.57,0.33924,18.25,1783038776
All Pools,MOVING - AVAX,0.1,False,339.05,678.57,0.33924,18.25,1783038776
All Pools,HANDGUY - AVAX,0.1,False,339.01,678.48,0.33919,18.25,1783038776
All Pools,VRTXON - AVAX,0.1,False,339.01,678.48,0.33919,18.25,1783038776
All Pools,DOGEWLFI - AVAX,0.1,False,339.01,678.48,0.33919,18.25,1783038776
All Pools,JOWNES - AVAX,0.1,False,339.01,678.48,0.33919,18.25,1783038776
All Pools,DPTX - AVAX,0.1,False,339.01,678.48,0.33919,18.25,1783038776
All Pools,MCAP - AVAX,0.1,False,339.01,678.48,0.33919,18.25,1783038776
All Pools,JUST - AVAX,0.1,False,339.01,678.48,0.33919,18.25,1783038776
All Pools,TSWAP - AVAX,0.1,False,338.99,678.44,0.33917,18.25,1783038776
All Pools,CRUNCH - AVAX,0.1,False,338.99,678.44,0.33917,18.25,1783038776
All Pools,ORCAI - AVAX,0.1,False,338.99,678.44,0.33917,18.25,1783038776
All Pools,MMIT - AVAX,0.1,False,338.95,678.36,0.33913,18.25,1783038776
All Pools,ROS - AVAX,0.1,False,338.95,678.36,0.33913,18.25,1783038776
All Pools,SAI - AVAX,0.1,False,338.95,678.36,0.33913,18.25,1783038776
All Pools,SNOR - AVAX,0.1,False,338.95,678.36,0.33913,18.25,1783038776
All Pools,CUBE - AVAX,0.1,False,338.95,678.36,0.33913,18.25,1783038776
All Pools,BOB - AVAX,0.1,False,338.95,678.36,0.33913,18.25,1783038776
All Pools,ZALPHA - AVAX,0.1,False,338.92,678.3,0.3391,18.25,1783038776
All Pools,PUMPATHON - AVAX,0.1,False,338.92,678.3,0.3391,18.25,1783038776
All Pools,REVAUNITS - AVAX,0.1,False,338.91,678.3,0.3391,18.25,1783038776
All Pools,RUNWISE - AVAX,0.1,False,338.91,678.3,0.3391,18.25,1783038776
All Pools,ALPHAX - AVAX,0.1,False,338.91,678.3,0.3391,18.25,1783038776
All Pools,CMD - AVAX,0.1,False,338.91,678.3,0.3391,18.25,1783038776
All Pools,SCREENER - AVAX,0.1,False,338.91,678.3,0.3391,18.25,1783038776
All Pools,SHRUB - AVAX,0.1,False,338.91,678.3,0.3391,18.25,1783038776
All Pools,NULL - AVAX,0.1,False,338.91,678.3,0.3391,18.25,1783038776
All Pools,CVNAON - AVAX,0.1,False,338.88,678.22,0.33906,18.25,1783038776
All Pools,FREEBIRD - AVAX,0.1,False,338.88,678.22,0.33906,18.25,1783038776
All Pools,MHGA - AVAX,0.1,False,338.88,678.22,0.33906,18.25,1783038776
All Pools,ONLYUP - AVAX,0.1,False,338.88,678.22,0.33906,18.25,1783038776
All Pools,LOOT - AVAX,0.1,False,338.88,678.22,0.33906,18.25,1783038776
All Pools,$PUPPA - AVAX,0.1,False,338.88,678.22,0.33906,18.25,1783038776
All Pools,BABYSHARK - AVAX,0.1,False,338.8,678.07,0.33899,18.25,1783038776
All Pools,FEENIX - AVAX,0.1,False,338.8,678.07,0.33899,18.25,1783038776
All Pools,CAPO - AVAX,0.1,False,338.8,678.07,0.33899,18.25,1783038776
All Pools,AUCTION - AVAX,0.1,False,338.8,678.07,0.33899,18.25,1783038776
All Pools,BUYTHIS - AVAX,0.1,False,338.8,678.07,0.33899,18.25,1783038776
All Pools,CROW - AVAX,0.1,False,338.8,678.07,0.33899,18.25,1783038776
All Pools,QNTR - AVAX,0.1,False,338.76,677.98,0.33894,18.25,1783038776
All Pools,HAVEN - AVAX,0.1,False,338.76,677.98,0.33894,18.25,1783038776
All Pools,SPIN - AVAX,0.1,False,338.76,677.98,0.33894,18.25,1783038776
All Pools,NNEON - AVAX,0.1,False,338.76,677.98,0.33894,18.25,1783038776
All Pools,KRAI - AVAX,0.1,False,338.76,677.98,0.33894,18.25,1783038776
All Pools,SSOL - AVAX,0.1,False,338.75,677.96,0.33893,18.25,1783038776
All Pools,TISM - AVAX,0.1,False,338.75,677.96,0.33893,18.25,1783038776
All Pools,DORITO - AVAX,0.1,False,338.75,677.96,0.33893,18.25,1783038776
All Pools,XRUNE - AVAX,0.1,False,338.75,677.96,0.33893,18.25,1783038776
All Pools,DOLL - AVAX,0.1,False,338.75,677.96,0.33893,18.25,1783038776
All Pools,UNIPUMP - AVAX,0.1,False,338.75,677.96,0.33893,18.25,1783038776
All Pools,KAIZENOS - AVAX,0.1,False,338.72,677.92,0.33891,18.25,1783038776
All Pools,MOLECULAR - AVAX,0.1,False,338.72,677.92,0.33891,18.25,1783038776
All Pools,NON - AVAX,0.1,False,338.72,677.92,0.33891,18.25,1783038776
All Pools,SIGMABOY - AVAX,0.1,False,338.72,677.91,0.33891,18.25,1783038776
All Pools,YN - AVAX,0.1,False,338.72,677.91,0.33891,18.25,1783038776
All Pools,PMUSH - AVAX,0.1,False,338.7,677.87,0.33889,18.25,1783038776
All Pools,GALAXE - AVAX,0.1,False,338.7,677.87,0.33889,18.25,1783038776
All Pools,PLON - AVAX,0.1,False,338.7,677.87,0.33889,18.25,1783038776
All Pools,RISK - AVAX,0.1,False,338.7,677.87,0.33889,18.25,1783038776
All Pools,PEDUCK - AVAX,0.1,False,338.7,677.87,0.33889,18.25,1783038776
All Pools,RNGR - AVAX,0.1,False,338.7,677.87,0.33889,18.25,1783038776
All Pools,HAHA - AVAX,0.1,False,338.7,677.87,0.33889,18.25,1783038776
All Pools,DOAI - AVAX,0.1,False,338.69,677.85,0.33888,18.25,1783038776
All Pools,LARP - AVAX,0.1,False,338.69,677.85,0.33888,18.25,1783038776
All Pools,CRABS - AVAX,0.1,False,338.69,677.85,0.33888,18.25,1783038776
All Pools,RC - AVAX,0.1,False,338.69,677.85,0.33888,18.25,1783038776
All Pools,MM - AVAX,0.1,False,338.69,677.85,0.33888,18.25,1783038776
All Pools,BOOST - AVAX,0.1,False,338.67,677.81,0.33886,18.25,1783038776
All Pools,$ORG - AVAX,0.1,False,338.67,677.81,0.33886,18.25,1783038776
All Pools,OOBE - AVAX,0.1,False,338.66,677.79,0.33885,18.25,1783038776
All Pools,AMURICAH - AVAX,0.1,False,338.66,677.79,0.33885,18.25,1783038776
All Pools,HUGGI - AVAX,0.1,False,338.63,677.72,0.33881,18.25,1783038776
All Pools,STANK - AVAX,0.1,False,338.63,677.72,0.33881,18.25,1783038776
All Pools,TRENCHES - AVAX,0.1,False,338.63,677.72,0.33881,18.25,1783038776
All Pools,GAZA - AVAX,0.1,False,338.63,677.72,0.33881,18.25,1783038776
All Pools,TRUMP - AVAX,0.1,False,338.63,677.72,0.33881,18.25,1783038776
All Pools,HEHEH - AVAX,0.1,False,338.63,677.72,0.33881,18.25,1783038776
All Pools,TRILLION - AVAX,0.1,False,338.63,677.72,0.33881,18.25,1783038776
All Pools,MUT - AVAX,0.1,False,338.61,677.69,0.3388,18.25,1783038776
All Pools,T73 - AVAX,0.1,False,338.61,677.69,0.3388,18.25,1783038776
All Pools,SLOPCRAFT - AVAX,0.1,False,338.61,677.69,0.3388,18.25,1783038776
All Pools,ETHAON - AVAX,0.1,False,338.61,677.69,0.3388,18.25,1783038776
All Pools,SLVR - AVAX,0.1,False,338.57,677.6,0.33875,18.25,1783038776
All Pools,SLOTH - AVAX,0.1,False,338.57,677.6,0.33875,18.25,1783038776
All Pools,MEG - AVAX,0.1,False,338.57,677.6,0.33875,18.25,1783038776
All Pools,BNSD - AVAX,0.1,False,338.57,677.6,0.33875,18.25,1783038776
All Pools,AGI - AVAX,0.1,False,338.57,677.6,0.33875,18.25,1783038776
All Pools,FLOOF - AVAX,0.1,False,338.56,677.59,0.33875,18.25,1783038776
All Pools,KEELON - AVAX,0.1,False,338.56,677.59,0.33875,18.25,1783038776
All Pools,MZC - AVAX,0.1,False,338.56,677.59,0.33875,18.25,1783038776
All Pools,TERON - AVAX,0.1,False,338.56,677.59,0.33875,18.25,1783038776
All Pools,CLOION - AVAX,0.1,False,338.56,677.59,0.33875,18.25,1783038776
All Pools,TREND - AVAX,0.1,False,338.56,-0.97076,0.33874,-12736.61,1783038776
All Pools,LULU - AVAX,0.1,False,338.56,677.58,0.33874,18.25,1783038776
All Pools,XPBNB - AVAX,0.1,False,338.56,677.58,0.33874,18.25,1783038776
All Pools,HORNY - AVAX,0.1,False,338.56,677.58,0.33874,18.25,1783038776
All Pools,IRRAWADDY - AVAX,0.1,False,338.56,677.58,0.33874,18.25,1783038776
All Pools,YODE - AVAX,0.1,False,338.56,677.58,0.33874,18.25,1783038776
All Pools,BAGLESS - AVAX,0.1,False,338.55,677.57,0.33874,18.25,1783038776
All Pools,FLIPCOIN - AVAX,0.1,False,338.55,677.57,0.33874,18.25,1783038776
All Pools,SPRT - AVAX,0.1,False,338.55,677.57,0.33874,18.25,1783038776
All Pools,BITCOINBOB - AVAX,0.1,False,338.55,677.57,0.33874,18.25,1783038776
All Pools,ZUL - AVAX,0.1,False,338.55,677.57,0.33874,18.25,1783038776
All Pools,SPRED - AVAX,0.1,False,338.55,-0.97926,0.33874,-12625.68,1783038776
All Pools,HOPECOIN - AVAX,0.1,False,338.53,677.53,0.33872,18.25,1783038776
All Pools,ZOPA - AVAX,0.1,False,338.53,677.53,0.33872,18.25,1783038776
All Pools,MU - AVAX,0.1,False,338.53,-0.99844,0.33872,-12382.44,1783038776
All Pools,PGC - AVAX,0.1,False,338.45,677.37,0.33864,18.25,1783038776
All Pools,WISE - AVAX,0.1,False,338.45,677.37,0.33864,18.25,1783038776
All Pools,BRICK - AVAX,0.1,False,338.45,677.37,0.33864,18.25,1783038776
All Pools,BWE - AVAX,0.1,False,338.45,-1.076,0.33864,-11486.35,1783038776
All Pools,SHIRO - AVAX,0.1,False,338.45,677.37,0.33864,18.25,1783038776
All Pools,BDC - AVAX,0.1,False,338.42,677.3,0.3386,18.25,1783038776
All Pools,GOATX - AVAX,0.1,False,338.42,677.3,0.3386,18.25,1783038776
All Pools,AISTR - AVAX,0.1,False,338.42,677.3,0.3386,18.25,1783038776
All Pools,MEMEXSOL - AVAX,0.1,False,338.42,677.3,0.3386,18.25,1783038776
All Pools,ZPAY - AVAX,0.1,False,338.42,677.3,0.3386,18.25,1783038776
All Pools,OPENVERSE - AVAX,0.1,False,338.42,677.3,0.3386,18.25,1783038776
All Pools,T42 - AVAX,0.1,False,338.42,677.3,0.3386,18.25,1783038776
All Pools,CCJON - AVAX,0.1,False,338.41,677.28,0.33859,18.25,1783038776
All Pools,INODON - AVAX,0.1,False,338.41,677.28,0.33859,18.25,1783038776
All Pools,EVA - AVAX,0.1,False,338.4,677.26,0.33858,18.25,1783038776
All Pools,DISBELIEF - AVAX,0.1,False,338.39,677.25,0.33858,18.25,1783038776
All Pools,COCK - AVAX,0.1,False,338.39,677.25,0.33858,18.25,1783038776
All Pools,PEBLO - AVAX,0.1,False,338.39,677.25,0.33858,18.25,1783038776
All Pools,IF - AVAX,0.1,False,338.39,677.25,0.33858,18.25,1783038776
All Pools,SIGMEW - AVAX,0.1,False,338.39,677.25,0.33858,18.25,1783038776
All Pools,AIKO - AVAX,0.1,False,338.39,677.25,0.33858,18.25,1783038776
All Pools,$GLINT - AVAX,0.1,False,338.38,677.23,0.33857,18.25,1783038776
All Pools,GEN - AVAX,0.1,False,338.38,677.23,0.33857,18.25,1783038776
All Pools,GREEN - AVAX,0.1,False,338.38,677.23,0.33857,18.25,1783038776
All Pools,CLOUT - AVAX,0.1,False,338.38,677.23,0.33857,18.25,1783038776
All Pools,KEDAENGE - AVAX,0.1,False,338.38,677.23,0.33857,18.25,1783038776
All Pools,GENZ - AVAX,0.1,False,338.38,677.23,0.33857,18.25,1783038776
All Pools,APOW - AVAX,0.1,False,338.38,677.23,0.33857,18.25,1783038776
All Pools,HPEON - AVAX,0.1,False,338.38,677.23,0.33857,18.25,1783038776
All Pools,SQRL - AVAX,0.1,False,338.36,-1.169,0.33855,-10570.45,1783038776
All Pools,JACKPOT - AVAX,0.1,False,338.36,677.19,0.33855,18.25,1783038776
All Pools,CHIBELON - AVAX,0.1,False,338.36,677.19,0.33855,18.25,1783038776
All Pools,SSL - AVAX,0.1,False,338.36,677.19,0.33855,18.25,1783038776
All Pools,RBIS - AVAX,0.1,False,338.36,677.19,0.33855,18.25,1783038776
All Pools,HLG - AVAX,0.1,False,338.36,677.19,0.33855,18.25,1783038776
All Pools,TOWN - AVAX,0.1,False,338.36,677.19,0.33855,18.25,1783038776
All Pools,REELRUSH - AVAX,0.1,False,338.36,677.18,0.33854,18.25,1783038776
All Pools,LNCHM - AVAX,0.1,False,338.36,677.18,0.33854,18.25,1783038776
All Pools,BSL - AVAX,0.1,False,338.36,-1.17,0.33854,-10560.73,1783038776
All Pools,BULLS - AVAX,0.1,False,338.36,677.18,0.33854,18.25,1783038776
All Pools,QEEA - AVAX,0.1,False,338.36,677.18,0.33854,18.25,1783038776
All Pools,VINE - AVAX,0.1,False,338.36,677.18,0.33854,18.25,1783038776
All Pools,REM - AVAX,0.1,False,338.34,677.14,0.33852,18.25,1783038776
All Pools,JAPANWHALE - AVAX,0.1,False,338.34,677.14,0.33852,18.25,1783038776
All Pools,HELPFUL - AVAX,0.1,False,338.34,677.14,0.33852,18.25,1783038776
All Pools,MBGA - AVAX,0.1,False,338.34,677.14,0.33852,18.25,1783038776
All Pools,SCHWON - AVAX,0.1,False,338.34,677.14,0.33852,18.25,1783038776
All Pools,XVGARB - AVAX,0.1,False,338.34,677.14,0.33852,18.25,1783038776
All Pools,TROL - AVAX,0.1,False,338.31,677.09,0.3385,18.25,1783038776
All Pools,ENSOUL - AVAX,0.1,False,338.31,677.09,0.3385,18.25,1783038776
All Pools,MACRO - AVAX,0.1,False,338.31,677.09,0.3385,18.25,1783038776
All Pools,KIKI - AVAX,0.1,False,338.31,677.09,0.3385,18.25,1783038776
All Pools,AGNS - AVAX,0.1,False,338.3,677.06,0.33848,18.25,1783038776
All Pools,$MESSA - AVAX,0.1,False,338.3,677.06,0.33848,18.25,1783038776
All Pools,MOLTIC - AVAX,0.1,False,338.28,677.02,0.33846,18.25,1783038776
All Pools,PANDA - AVAX,0.1,False,338.28,677.02,0.33846,18.25,1783038776
All Pools,CSEED - AVAX,0.1,False,338.28,677.02,0.33846,18.25,1783038776
All Pools,FORTKNOX - AVAX,0.1,False,338.28,677.02,0.33846,18.25,1783038776
All Pools,GGK - AVAX,0.1,False,338.27,677.01,0.33846,18.25,1783038776
All Pools,EARS - AVAX,0.1,False,338.27,677.01,0.33846,18.25,1783038776
All Pools,PISS - AVAX,0.1,False,338.27,677.01,0.33846,18.25,1783038776
All Pools,ERIC - AVAX,0.1,False,338.27,677.01,0.33846,18.25,1783038776
All Pools,SNAP - AVAX,0.1,False,338.27,677.01,0.33846,18.25,1783038776
All Pools,DG - AVAX,0.1,False,338.27,677.01,0.33846,18.25,1783038776
All Pools,BABYRAGE - AVAX,0.1,False,338.27,677.01,0.33846,18.25,1783038776
All Pools,USAI - AVAX,0.1,False,338.25,676.97,0.33844,18.25,1783038776
All Pools,CODED - AVAX,0.1,False,338.25,676.97,0.33844,18.25,1783038776
All Pools,PXL - AVAX,0.1,False,338.25,676.97,0.33844,18.25,1783038776
All Pools,RELO - AVAX,0.1,False,338.25,676.97,0.33844,18.25,1783038776
All Pools,COIN - AVAX,0.1,False,338.25,676.97,0.33844,18.25,1783038776
All Pools,DOGS - AVAX,0.1,False,338.24,676.94,0.33842,18.25,1783038776
All Pools,SPANKMAS - AVAX,0.1,False,338.24,676.94,0.33842,18.25,1783038776
All Pools,BARIO - AVAX,0.1,False,338.23,676.93,0.33842,18.25,1783038776
All Pools,DREAM - AVAX,0.1,False,338.23,676.93,0.33842,18.25,1783038776
All Pools,KU - CHAN - AVAX,0.1,False,338.23,676.93,0.33842,18.25,1783038776
All Pools,GARRY - AVAX,0.1,False,338.23,676.93,0.33842,18.25,1783038776
All Pools,QUIT - AVAX,0.1,False,338.23,676.93,0.33842,18.25,1783038776
All Pools,DESTABLE - AVAX,0.1,False,338.23,676.92,0.33841,18.25,1783038776
All Pools,GEEKED - AVAX,0.1,False,338.23,676.92,0.33841,18.25,1783038776
All Pools,CATWIF - AVAX,0.1,False,338.23,676.92,0.33841,18.25,1783038776
All Pools,BITBABY - AVAX,0.1,False,338.23,676.92,0.33841,18.25,1783038776
All Pools,BCI - AVAX,0.1,False,338.23,676.92,0.33841,18.25,1783038776
All Pools,ATNA - AVAX,0.1,False,338.23,676.92,0.33841,18.25,1783038776
All Pools,AFFI - AVAX,0.1,False,338.22,676.91,0.33841,18.25,1783038776
All Pools,SIMP - AVAX,0.1,False,338.22,676.91,0.33841,18.25,1783038776
All Pools,DOGCOIN - AVAX,0.1,False,338.22,676.91,0.33841,18.25,1783038776
All Pools,KAPIBALA - AVAX,0.1,False,338.22,676.91,0.33841,18.25,1783038776
All Pools,TROVE - AVAX,0.1,False,338.22,676.91,0.33841,18.25,1783038776
All Pools,SPUD - AVAX,0.1,False,338.22,676.91,0.33841,18.25,1783038776
All Pools,C - AVAX,0.1,False,338.22,-1.306,0.33841,-9460.5,1783038776
All Pools,DONKEE - AVAX,0.1,False,338.2,-1.326,0.33839,-9312.31,1783038776
All Pools,BOOMERANG - AVAX,0.1,False,338.2,-1.326,0.33839,-9312.31,1783038776
All Pools,AGXBT - AVAX,0.1,False,338.2,676.87,0.33839,18.25,1783038776
All Pools,RE7USDC - AVAX,0.1,False,338.2,676.87,0.33839,18.25,1783038776
All Pools,WHITEDOG - AVAX,0.1,False,338.2,676.87,0.33839,18.25,1783038776
All Pools,POP - AVAX,0.1,False,338.2,676.87,0.33839,18.25,1783038776
All Pools,MFEST - AVAX,0.1,False,338.2,676.87,0.33839,18.25,1783038776
All Pools,TRUTH - AVAX,0.1,False,338.2,676.87,0.33839,18.25,1783038776
All Pools,AGENTBANK - AVAX,0.1,False,338.2,676.87,0.33839,18.25,1783038776
All Pools,BOLGUR - AVAX,0.1,False,338.19,-1.34,0.33838,-9218.06,1783038776
All Pools,FDREAM - AVAX,0.1,False,338.19,676.84,0.33838,18.25,1783038776
All Pools,PICKL - AVAX,0.1,False,338.19,676.84,0.33838,18.25,1783038776
All Pools,PP - AVAX,0.1,False,338.19,676.84,0.33838,18.25,1783038776
All Pools,SALUKI - AVAX,0.1,False,338.17,676.81,0.33836,18.25,1783038776
All Pools,IMG - AVAX,0.1,False,338.17,676.81,0.33836,18.25,1783038776
All Pools,MAOW - AVAX,0.1,False,338.17,676.81,0.33836,18.25,1783038776
All Pools,POKI - AVAX,0.1,False,338.15,676.77,0.33834,18.25,1783038776
All Pools,BELUCHAD - AVAX,0.1,False,338.15,676.77,0.33834,18.25,1783038776
All Pools,PALU - AVAX,0.1,False,338.15,676.77,0.33834,18.25,1783038776
All Pools,ANIMALS - AVAX,0.1,False,338.15,676.77,0.33834,18.25,1783038776
All Pools,PPLTON - AVAX,0.1,False,338.15,676.77,0.33834,18.25,1783038776
All Pools,TARIFFCOIN - AVAX,0.1,False,338.15,676.76,0.33833,18.25,1783038776
All Pools,FARTGOAT - AVAX,0.1,False,338.15,676.76,0.33833,18.25,1783038776
All Pools,CONCENTRIC - AVAX,0.1,False,338.15,676.76,0.33833,18.25,1783038776
All Pools,T50STATES - AVAX,0.1,False,338.15,676.76,0.33833,18.25,1783038776
All Pools,BEL - AVAX,0.1,False,338.15,676.76,0.33833,18.25,1783038776
All Pools,VCASH - AVAX,0.1,False,338.14,676.75,0.33833,18.25,1783038776
All Pools,OIL - AVAX,0.1,False,338.14,676.75,0.33833,18.25,1783038776
All Pools,MEEP - AVAX,0.1,False,338.14,-1.388,0.33833,-8895.76,1783038776
All Pools,ROO - AVAX,0.1,False,338.12,676.71,0.33831,18.25,1783038776
All Pools,DOG - AVAX,0.1,False,338.12,676.71,0.33831,18.25,1783038776
All Pools,YOLKIE - AVAX,0.1,False,338.12,676.71,0.33831,18.25,1783038776
All Pools,MOONMOON - AVAX,0.1,False,338.12,676.71,0.33831,18.25,1783038776
All Pools,VICE - AVAX,0.1,False,338.12,676.71,0.33831,18.25,1783038776
All Pools,KIBO - AVAX,0.1,False,338.1,676.66,0.33828,18.25,1783038776
All Pools,CRABFURIE - AVAX,0.1,False,338.1,676.66,0.33828,18.25,1783038776
All Pools,CAPS - AVAX,0.1,False,338.1,676.66,0.33828,18.25,1783038776
All Pools,BINGUS - AVAX,0.1,False,338.1,676.66,0.33828,18.25,1783038776
All Pools,USARON - AVAX,0.1,False,338.08,676.62,0.33826,18.25,1783038776
All Pools,KLOUT - AVAX,0.1,False,338.08,676.62,0.33826,18.25,1783038776
All Pools,SHITCOIN - AVAX,0.1,False,338.08,676.62,0.33826,18.25,1783038776
All Pools,T925 - AVAX,0.1,False,338.08,676.62,0.33826,18.25,1783038776
All Pools,REDUARY - AVAX,0.1,False,338.08,676.62,0.33826,18.25,1783038776
All Pools,MOON - AVAX,0.1,False,338.08,676.62,0.33826,18.25,1783038776
All Pools,NETON - AVAX,0.1,False,338.07,676.6,0.33825,18.25,1783038776
All Pools,CELB - AVAX,0.1,False,338.07,676.6,0.33825,18.25,1783038776
All Pools,SOXSON - AVAX,0.1,False,338.07,676.6,0.33825,18.25,1783038776
All Pools,RNC - AVAX,0.1,False,338.06,676.58,0.33824,18.25,1783038776
All Pools,QLC - AVAX,0.1,False,338.06,676.58,0.33824,18.25,1783038776
All Pools,PUMPAD - AVAX,0.1,False,338.06,676.58,0.33824,18.25,1783038776
All Pools,NEKO - AVAX,0.1,False,338.06,676.58,0.33824,18.25,1783038776
All Pools,MEMERICA - AVAX,0.1,False,338.06,676.58,0.33824,18.25,1783038776
All Pools,VNQON - AVAX,0.1,False,338.06,676.58,0.33824,18.25,1783038776
All Pools,BELIEVE - AVAX,0.1,False,338.06,676.58,0.33824,18.25,1783038776
All Pools,RUVIEW - AVAX,0.1,False,338.06,676.58,0.33824,18.25,1783038776
All Pools,GRAB - AVAX,0.1,False,338.06,676.58,0.33824,18.25,1783038776
All Pools,GOLDPEPE - AVAX,0.1,False,338.06,676.58,0.33824,18.25,1783038776
All Pools,MIZUFI - AVAX,0.1,False,338.06,676.58,0.33824,18.25,1783038776
All Pools,VFS - AVAX,0.1,False,338.06,676.58,0.33824,18.25,1783038776
All Pools,SURREAL - AVAX,0.1,False,338.05,676.56,0.33823,18.25,1783038776
All Pools,COFFEECOIN - AVAX,0.1,False,338.05,676.56,0.33823,18.25,1783038776
All Pools,FINNPUTER - AVAX,0.1,False,338.05,676.56,0.33823,18.25,1783038776
All Pools,FLOW - AVAX,0.1,False,338.03,676.53,0.33822,18.25,1783038776
All Pools,ACTP - AVAX,0.1,False,338.03,676.53,0.33822,18.25,1783038776
All Pools,LOOP - AVAX,0.1,False,338.03,676.53,0.33822,18.25,1783038776
All Pools,CTO - AVAX,0.1,False,338.03,676.53,0.33822,18.25,1783038776
All Pools,PACOCA - AVAX,0.1,False,338.03,676.53,0.33822,18.25,1783038776
All Pools,LOOSE - AVAX,0.1,False,338.03,676.53,0.33822,18.25,1783038776
All Pools,MUBARAK - AVAX,0.1,False,338.03,676.53,0.33822,18.25,1783038776
All Pools,FUNGI - AVAX,0.1,False,338.03,676.53,0.33822,18.25,1783038776
All Pools,RALLY - AVAX,0.1,False,338.03,676.52,0.33821,18.25,1783038776
All Pools,MOGGER - AVAX,0.1,False,338.03,676.52,0.33821,18.25,1783038776
All Pools,USDP - AVAX,0.1,False,338.03,676.52,0.33821,18.25,1783038776
All Pools,KOLBO - AVAX,0.1,False,338.03,-1.501,0.33821,-8224.41,1783038776
All Pools,PUMPPERPS - AVAX,0.1,False,338.03,676.52,0.33821,18.25,1783038776
All Pools,FP - AVAX,0.1,False,338.02,676.5,0.3382,18.25,1783038776
All Pools,CAPYBARA - AVAX,0.1,False,338.02,676.5,0.3382,18.25,1783038776
All Pools,KORA - AVAX,0.1,False,338.02,676.5,0.3382,18.25,1783038776
All Pools,COINE - AVAX,0.1,False,338.02,676.5,0.3382,18.25,1783038776
All Pools,EARTHCOIN - AVAX,0.1,False,338.02,676.5,0.3382,18.25,1783038776
All Pools,STARS - AVAX,0.1,False,338.02,676.5,0.3382,18.25,1783038776
All Pools,BASEMENT - AVAX,0.1,False,338.0,676.46,0.33818,18.25,1783038776
All Pools,TISM - AVAX,0.1,False,338.0,676.46,0.33818,18.25,1783038776
All Pools,CLIP - AVAX,0.1,False,338.0,676.46,0.33818,18.25,1783038776
All Pools,BUTT - AVAX,0.1,False,338.0,676.46,0.33818,18.25,1783038776
All Pools,DIP - AVAX,0.1,False,338.0,676.46,0.33818,18.25,1783038776
All Pools,DEFIANT - AVAX,0.1,False,338.0,676.46,0.33818,18.25,1783038776
All Pools,THICC - AVAX,0.1,False,337.99,676.44,0.33817,18.25,1783038776
All Pools,GROUP7 - AVAX,0.1,False,337.99,676.44,0.33817,18.25,1783038776
All Pools,CHOMIK - AVAX,0.1,False,337.99,676.44,0.33817,18.25,1783038776
All Pools,KITTY - AVAX,0.1,False,337.99,676.44,0.33817,18.25,1783038776
All Pools,BAR - AVAX,0.1,False,337.99,676.44,0.33817,18.25,1783038776
All Pools,OXLABS - AVAX,0.1,False,337.99,676.44,0.33817,18.25,1783038776
All Pools,SLUB - AVAX,0.1,False,337.99,676.44,0.33817,18.25,1783038776
All Pools,NARRATIVE - AVAX,0.1,False,337.98,676.42,0.33816,18.25,1783038776
All Pools,BOZO - AVAX,0.1,False,337.98,676.42,0.33816,18.25,1783038776
All Pools,DOGUE - AVAX,0.1,False,337.98,676.42,0.33816,18.25,1783038776
All Pools,DUSD - AVAX,0.1,False,337.98,676.42,0.33816,18.25,1783038776
All Pools,MEOW - AVAX,0.1,False,337.98,676.42,0.33816,18.25,1783038776
All Pools,PEPETIDE - AVAX,0.1,False,337.97,676.4,0.33816,18.25,1783038776
All Pools,BLUECHIP - AVAX,0.1,False,337.97,676.4,0.33816,18.25,1783038776
All Pools,MAXI - AVAX,0.1,False,337.97,676.4,0.33816,18.25,1783038776
All Pools,MICHAEL - AVAX,0.1,False,337.97,676.4,0.33816,18.25,1783038776
All Pools,YOURAI - AVAX,0.1,False,337.96,676.38,0.33814,18.25,1783038776
All Pools,GRID - AVAX,0.1,False,337.96,676.38,0.33814,18.25,1783038776
All Pools,SUPERCOIN - AVAX,0.1,False,337.96,676.38,0.33814,18.25,1783038776
All Pools,NESHUDO - AVAX,0.1,False,337.96,676.38,0.33814,18.25,1783038776
All Pools,RUN - AVAX,0.1,False,337.96,676.38,0.33814,18.25,1783038776
All Pools,BOWIE - AVAX,0.1,False,337.96,676.38,0.33814,18.25,1783038776
All Pools,REPLY - AVAX,0.1,False,337.94,676.35,0.33813,18.25,1783038776
All Pools,DOLPHIN - AVAX,0.1,False,337.94,676.35,0.33813,18.25,1783038776
All Pools,YUCKY - AVAX,0.1,False,337.94,676.35,0.33813,18.25,1783038776
All Pools,$ROFL - AVAX,0.1,False,337.94,-1.589,0.33813,-7766.78,1783038776
All Pools,TRIX - AVAX,0.1,False,337.93,676.33,0.33812,18.25,1783038776
All Pools,SWIPE - AVAX,0.1,False,337.93,-1.598,0.33812,-7723.28,1783038776
All Pools,T501 - AVAX,0.1,False,337.93,676.32,0.33812,18.25,1783038776
All Pools,ADZILLA - AVAX,0.1,False,337.93,676.32,0.33812,18.25,1783038776
All Pools,BONER - AVAX,0.1,False,337.93,676.32,0.33812,18.25,1783038776
All Pools,AIT - AVAX,0.1,False,337.93,676.32,0.33812,18.25,1783038776
All Pools,PYRATE - AVAX,0.1,False,337.93,676.32,0.33812,18.25,1783038776
All Pools,TOBY - AVAX,0.1,False,337.93,-1.6,0.33812,-7714.78,1783038776
All Pools,MCP - AVAX,0.1,False,337.92,676.31,0.33811,18.25,1783038776
All Pools,AUSBAGWORK - AVAX,0.1,False,337.92,676.31,0.33811,18.25,1783038776
All Pools,JUMPBOX.ETH - AVAX,0.1,False,337.92,676.31,0.33811,18.25,1783038776
All Pools,ENERGY - AVAX,0.1,False,337.92,676.31,0.33811,18.25,1783038776
All Pools,HOLO - AVAX,0.1,False,337.92,676.31,0.33811,18.25,1783038776
All Pools,WIZB - AVAX,0.1,False,337.92,676.31,0.33811,18.25,1783038776
All Pools,GM - AVAX,0.1,False,337.92,676.31,0.33811,18.25,1783038776
All Pools,BLOX - AVAX,0.1,False,337.9,676.26,0.33808,18.25,1783038776
All Pools,INTROVERT - AVAX,0.1,False,337.9,676.26,0.33808,18.25,1783038776
All Pools,MOONERS - AVAX,0.1,False,337.9,676.26,0.33808,18.25,1783038776
All Pools,FAITHCOIN - AVAX,0.1,False,337.9,676.26,0.33808,18.25,1783038776
All Pools,XTRADE - AVAX,0.1,False,337.9,676.26,0.33808,18.25,1783038776
All Pools,CLARITY - AVAX,0.1,False,337.9,676.26,0.33808,18.25,1783038776
All Pools,W - AVAX,0.1,False,337.89,676.25,0.33808,18.25,1783038776
All Pools,MONDAY - AVAX,0.1,False,337.89,676.25,0.33808,18.25,1783038776
All Pools,YEPE - AVAX,0.1,False,337.89,676.25,0.33808,18.25,1783038776
All Pools,LIQ - AVAX,0.1,False,337.89,676.25,0.33808,18.25,1783038776
All Pools,PFU - AVAX,0.1,False,337.89,676.25,0.33808,18.25,1783038776
All Pools,SAMDINEKO - AVAX,0.1,False,337.89,676.25,0.33808,18.25,1783038776
All Pools,KNUT - AVAX,0.1,False,337.88,676.22,0.33807,18.25,1783038776
All Pools,SAVINGS - AVAX,0.1,False,337.88,676.22,0.33807,18.25,1783038776
All Pools,ROBOBOOK - AVAX,0.1,False,337.88,676.22,0.33807,18.25,1783038776
All Pools,HUEY - AVAX,0.1,False,337.88,676.22,0.33807,18.25,1783038776
All Pools,$EGG - AVAX,0.1,False,337.88,676.22,0.33807,18.25,1783038776
All Pools,FLARE - AVAX,0.1,False,337.88,676.22,0.33807,18.25,1783038776
All Pools,URMOM - AVAX,0.1,False,337.84,-1.686,0.33803,-7317.08,1783038776
All Pools,TCLAW - AVAX,0.1,False,337.84,676.15,0.33803,18.25,1783038776
All Pools,SAFEMOON - AVAX,0.1,False,337.84,676.15,0.33803,18.25,1783038776
All Pools,BQC - AVAX,0.1,False,337.84,676.15,0.33803,18.25,1783038776
All Pools,MEDJED - AVAX,0.1,False,337.84,676.15,0.33803,18.25,1783038776
All Pools,ORV - AVAX,0.1,False,337.84,676.15,0.33803,18.25,1783038776
All Pools,ATM - AVAX,0.1,False,337.84,676.15,0.33803,18.25,1783038776
All Pools,DIH - AVAX,0.1,False,337.84,676.15,0.33803,18.25,1783038776
All Pools,TRGT - AVAX,0.1,False,337.84,676.15,0.33803,18.25,1783038776
All Pools,COCO - AVAX,0.1,False,337.84,676.15,0.33803,18.25,1783038776
All Pools,$SACHO - AVAX,0.1,False,337.84,676.15,0.33803,18.25,1783038776
All Pools,EQM - AVAX,0.1,False,337.84,676.15,0.33803,18.25,1783038776
All Pools,VETTR - AVAX,0.1,False,337.83,676.13,0.33802,18.25,1783038776
All Pools,OILCOIN - AVAX,0.1,False,337.83,676.13,0.33802,18.25,1783038776
All Pools,BIGLY - AVAX,0.1,False,337.83,676.13,0.33802,18.25,1783038776
All Pools,WHALEQUEEN - AVAX,0.1,False,337.82,676.11,0.33801,18.25,1783038776
All Pools,FLOPI - AVAX,0.1,False,337.82,676.11,0.33801,18.25,1783038776
All Pools,BUBO - AVAX,0.1,False,337.82,676.11,0.33801,18.25,1783038776
All Pools,ATH - AVAX,0.1,False,337.82,676.11,0.33801,18.25,1783038776
All Pools,AVOID - AVAX,0.1,False,337.82,676.11,0.33801,18.25,1783038776
All Pools,WHETH - AVAX,0.1,False,337.82,676.11,0.33801,18.25,1783038776
All Pools,PENGID - AVAX,0.1,False,337.81,676.08,0.33799,18.25,1783038776
All Pools,PUMPBASE - AVAX,0.1,False,337.81,676.08,0.33799,18.25,1783038776
All Pools,SPCTROLL - AVAX,0.1,False,337.81,676.08,0.33799,18.25,1783038776
All Pools,GOOD - AVAX,0.1,False,337.8,676.07,0.33799,18.25,1783038776
All Pools,PP - AVAX,0.1,False,337.8,676.07,0.33799,18.25,1783038776
All Pools,WHAI - AVAX,0.1,False,337.8,676.07,0.33799,18.25,1783038776
All Pools,SIDELINER - AVAX,0.1,False,337.8,676.07,0.33799,18.25,1783038776
All Pools,MKAT - AVAX,0.1,False,337.8,676.07,0.33799,18.25,1783038776
All Pools,TIGERSHARK - AVAX,0.1,False,337.8,-1.725,0.33799,-7151.07,1783038776
All Pools,WALL - AVAX,0.1,False,337.8,-1.725,0.33799,-7151.07,1783038776
All Pools,OXAI - AVAX,0.1,False,337.8,-1.732,0.33798,-7123.02,1783038776
All Pools,NICO - AVAX,0.1,False,337.8,676.06,0.33798,18.25,1783038776
All Pools,AIVIA - AVAX,0.1,False,337.8,676.06,0.33798,18.25,1783038776
All Pools,EAGLE - AVAX,0.1,False,337.8,676.06,0.33798,18.25,1783038776
All Pools,PEPEMAGA - AVAX,0.1,False,337.8,676.06,0.33798,18.25,1783038776
All Pools,REESCOIN - AVAX,0.1,False,337.79,676.04,0.33797,18.25,1783038776
All Pools,PHAUNTEM - AVAX,0.1,False,337.79,-1.742,0.33797,-7081.94,1783038776
All Pools,JOY - AVAX,0.1,False,337.79,676.04,0.33797,18.25,1783038776
All Pools,MWHALE - AVAX,0.1,False,337.79,676.04,0.33797,18.25,1783038776
All Pools,XCHANGE - AVAX,0.1,False,337.79,676.04,0.33797,18.25,1783038776
All Pools,SNAKE - AVAX,0.1,False,337.79,676.04,0.33797,18.25,1783038776
All Pools,PIXELS - AVAX,0.1,False,337.79,676.04,0.33797,18.25,1783038776
All Pools,$PLATH - AVAX,0.1,False,337.79,-1.742,0.33797,-7080.39,1783038776
All Pools,TOA - AVAX,0.1,False,337.78,676.03,0.33797,18.25,1783038776
All Pools,CULTURE - AVAX,0.1,False,337.78,676.03,0.33797,18.25,1783038776
All Pools,BUTWHY - AVAX,0.1,False,337.78,676.02,0.33796,18.25,1783038776
All Pools,ARMY - AVAX,0.1,False,337.78,676.02,0.33796,18.25,1783038776
All Pools,WATER - AVAX,0.1,False,337.78,676.02,0.33796,18.25,1783038776
All Pools,MSTR - AVAX,0.1,False,337.78,676.02,0.33796,18.25,1783038776
All Pools,DOGE - AVAX,0.1,False,337.78,676.02,0.33796,18.25,1783038776
All Pools,BOJI - AVAX,0.1,False,337.78,676.02,0.33796,18.25,1783038776
All Pools,LUNCHMONEY - AVAX,0.1,False,337.77,676.01,0.33796,18.25,1783038776
All Pools,MCP - AVAX,0.1,False,337.77,676.01,0.33796,18.25,1783038776
All Pools,ARC - AVAX,0.1,False,337.76,675.98,0.33794,18.25,1783038776
All Pools,HTO - AVAX,0.1,False,337.76,675.98,0.33794,18.25,1783038776
All Pools,METHOD - AVAX,0.1,False,337.76,675.98,0.33794,18.25,1783038776
All Pools,WM - AVAX,0.1,False,337.76,675.98,0.33794,18.25,1783038776
All Pools,$BROKIE - AVAX,0.1,False,337.76,675.98,0.33794,18.25,1783038776
All Pools,ELUENT - AVAX,0.1,False,337.76,675.98,0.33794,18.25,1783038776
All Pools,NPAYFI - AVAX,0.1,False,337.76,675.98,0.33794,18.25,1783038776
All Pools,GRAMPS - AVAX,0.1,False,337.76,675.98,0.33794,18.25,1783038776
All Pools,FCS - AVAX,0.1,False,337.76,675.98,0.33794,18.25,1783038776
All Pools,UNTAXED - AVAX,0.1,False,337.75,675.97,0.33794,18.25,1783038776
All Pools,SPOT - AVAX,0.1,False,337.75,675.97,0.33794,18.25,1783038776
All Pools,DATA - AVAX,0.1,False,337.75,675.97,0.33794,18.25,1783038776
All Pools,COIN - AVAX,0.1,False,337.75,675.97,0.33794,18.25,1783038776
All Pools,COMET - AVAX,0.1,False,337.73,675.92,0.33791,18.25,1783038776
All Pools,BASEEGG - AVAX,0.1,False,337.73,675.92,0.33791,18.25,1783038776
All Pools,STONKS - AVAX,0.1,False,337.73,675.92,0.33791,18.25,1783038776
All Pools,BAPO - AVAX,0.1,False,337.73,675.92,0.33791,18.25,1783038776
All Pools,BADDIE - AVAX,0.1,False,337.73,675.92,0.33791,18.25,1783038776
All Pools,DECHAT - AVAX,0.1,False,337.73,675.92,0.33791,18.25,1783038776
All Pools,BUBU - AVAX,0.1,False,337.73,675.92,0.33791,18.25,1783038776
All Pools,TOLI - AVAX,0.1,False,337.73,675.92,0.33791,18.25,1783038776
All Pools,JSS - AVAX,0.1,False,337.72,675.91,0.33791,18.25,1783038776
All Pools,TROLLBOY - AVAX,0.1,False,337.72,675.91,0.33791,18.25,1783038776
All Pools,TIFF - AVAX,0.1,False,337.72,675.91,0.33791,18.25,1783038776
All Pools,PBANK - AVAX,0.1,False,337.72,675.91,0.33791,18.25,1783038776
All Pools,CAMEL - AVAX,0.1,False,337.71,675.88,0.3379,18.25,1783038776
All Pools,RACO - AVAX,0.1,False,337.71,675.88,0.3379,18.25,1783038776
All Pools,JAKPOT - AVAX,0.1,False,337.7,675.87,0.33789,18.25,1783038776
All Pools,WINTERDOGE - AVAX,0.1,False,337.7,675.87,0.33789,18.25,1783038776
All Pools,EVA - AVAX,0.1,False,337.7,675.87,0.33789,18.25,1783038776
All Pools,WOOLFUN - AVAX,0.1,False,337.7,675.87,0.33789,18.25,1783038776
All Pools,TEPE - AVAX,0.1,False,337.7,675.87,0.33789,18.25,1783038776
All Pools,SOLMON - AVAX,0.1,False,337.7,675.87,0.33789,18.25,1783038776
All Pools,CARICATURE - AVAX,0.1,False,337.7,675.87,0.33789,18.25,1783038776
All Pools,GLDS - AVAX,0.1,False,337.7,675.86,0.33788,18.25,1783038776
All Pools,FLIQ - AVAX,0.1,False,337.7,-1.834,0.33788,-6724.94,1783038776
All Pools,POLYMIND - AVAX,0.1,False,337.7,675.86,0.33788,18.25,1783038776
All Pools,LAND - AVAX,0.1,False,337.7,675.86,0.33788,18.25,1783038776
All Pools,DOGB - AVAX,0.1,False,337.7,675.86,0.33788,18.25,1783038776
All Pools,WILL - AVAX,0.1,False,337.7,675.86,0.33788,18.25,1783038776
All Pools,KNUXX - AVAX,0.1,False,337.69,675.84,0.33787,18.25,1783038776
All Pools,ALBON - AVAX,0.1,False,337.69,675.84,0.33787,18.25,1783038776
All Pools,TAPS - AVAX,0.1,False,337.69,675.84,0.33787,18.25,1783038776
All Pools,JU - AVAX,0.1,False,337.68,675.83,0.33787,18.25,1783038776
All Pools,GOODRUDI - AVAX,0.1,False,337.68,675.83,0.33787,18.25,1783038776
All Pools,SLURP - AVAX,0.1,False,337.68,675.83,0.33787,18.25,1783038776
All Pools,HORIZON - AVAX,0.1,False,337.68,675.83,0.33787,18.25,1783038776
All Pools,POWLON - AVAX,0.1,False,337.68,675.82,0.33786,18.25,1783038776
All Pools,RDMP - AVAX,0.1,False,337.68,675.82,0.33786,18.25,1783038776
All Pools,TFIA - AVAX,0.1,False,337.68,675.82,0.33786,18.25,1783038776
All Pools,DAY1 - AVAX,0.1,False,337.68,675.82,0.33786,18.25,1783038776
All Pools,RANDOM - AVAX,0.1,False,337.68,675.82,0.33786,18.25,1783038776
All Pools,PIK - AVAX,0.1,False,337.68,675.82,0.33786,18.25,1783038776
All Pools,PUSH - AVAX,0.1,False,337.68,675.82,0.33786,18.25,1783038776
All Pools,OXE - AVAX,0.1,False,337.64,675.75,0.33783,18.25,1783038776
All Pools,DAT - AVAX,0.1,False,337.64,675.75,0.33783,18.25,1783038776
All Pools,CAM - AVAX,0.1,False,337.64,675.75,0.33783,18.25,1783038776
All Pools,LOBSTONE - AVAX,0.1,False,337.64,675.75,0.33783,18.25,1783038776
All Pools,P - AVAX,0.1,False,337.64,675.75,0.33783,18.25,1783038776
All Pools,OLBOS - AVAX,0.1,False,337.64,675.75,0.33783,18.25,1783038776
All Pools,BRAD - AVAX,0.1,False,337.64,675.75,0.33783,18.25,1783038776
All Pools,PIMP - AVAX,0.1,False,337.62,675.71,0.33781,18.25,1783038776
All Pools,CLONES - AVAX,0.1,False,337.62,675.71,0.33781,18.25,1783038776
All Pools,SHITHEAD - AVAX,0.1,False,337.62,675.71,0.33781,18.25,1783038776
All Pools,TINFOIL - AVAX,0.1,False,337.62,675.71,0.33781,18.25,1783038776
All Pools,PITH - AVAX,0.1,False,337.62,675.71,0.33781,18.25,1783038776
All Pools,LTRN - AVAX,0.1,False,337.62,-1.905,0.33781,-6472.68,1783038776
All Pools,BURNCOIN - AVAX,0.1,False,337.62,675.71,0.33781,18.25,1783038776
All Pools,DEVAI - AVAX,0.1,False,337.62,675.71,0.33781,18.25,1783038776
All Pools,SHARPIE - AVAX,0.1,False,337.62,675.71,0.33781,18.25,1783038776
All Pools,WUKONG - AVAX,0.1,False,337.62,675.71,0.33781,18.25,1783038776
All Pools,SQUAD - AVAX,0.1,False,337.62,675.71,0.33781,18.25,1783038776
All Pools,LIONESS - AVAX,0.1,False,337.62,675.71,0.33781,18.25,1783038776
All Pools,QUANTAGENT - AVAX,0.1,False,337.62,675.71,0.33781,18.25,1783038776
All Pools,BOBR - AVAX,0.1,False,337.6,675.66,0.33778,18.25,1783038776
All Pools,POLYPORT - AVAX,0.1,False,337.6,675.66,0.33778,18.25,1783038776
All Pools,WHALLY - AVAX,0.1,False,337.6,675.66,0.33778,18.25,1783038776
All Pools,GREG - AVAX,0.1,False,337.6,675.66,0.33778,18.25,1783038776
All Pools,HOTP - AVAX,0.1,False,337.6,675.66,0.33778,18.25,1783038776
All Pools,OONI - AVAX,0.1,False,337.6,675.66,0.33778,18.25,1783038776
All Pools,VSHON - AVAX,0.1,False,337.6,675.66,0.33778,18.25,1783038776
All Pools,PICANTE - AVAX,0.1,False,337.59,675.65,0.33778,18.25,1783038776
All Pools,AETH - AVAX,0.1,False,337.59,675.65,0.33778,18.25,1783038776
All Pools,LONG - AVAX,0.1,False,337.59,675.65,0.33778,18.25,1783038776
All Pools,BUTTPLUG - AVAX,0.1,False,337.59,675.65,0.33778,18.25,1783038776
All Pools,PENNYSTOCK - AVAX,0.1,False,337.59,675.65,0.33778,18.25,1783038776
All Pools,MINDVOIDCOIN - AVAX,0.1,False,337.59,675.65,0.33778,18.25,1783038776
All Pools,BRO - AVAX,0.1,False,337.59,675.65,0.33778,18.25,1783038776
All Pools,STARPAY - AVAX,0.1,False,337.59,-1.937,0.33778,-6363.33,1783038776
All Pools,NEIROH - AVAX,0.1,False,337.59,-1.937,0.33778,-6363.33,1783038776
All Pools,MOVEMENT - AVAX,0.1,False,337.59,675.64,0.33778,18.25,1783038776
All Pools,APOLLO - AVAX,0.1,False,337.59,675.64,0.33777,18.25,1783038776
All Pools,LARRY - AVAX,0.1,False,337.59,675.64,0.33777,18.25,1783038776
All Pools,BRO - AVAX,0.1,False,337.59,675.64,0.33777,18.25,1783038776
All Pools,FUDNA - AVAX,0.1,False,337.59,675.64,0.33777,18.25,1783038776
All Pools,NORMIE - AVAX,0.1,False,337.59,675.64,0.33777,18.25,1783038776
All Pools,LUCKYCOIN - AVAX,0.1,False,337.58,675.62,0.33776,18.25,1783038776
All Pools,INCOG - AVAX,0.1,False,337.58,675.62,0.33776,18.25,1783038776
All Pools,NETF - AVAX,0.1,False,337.58,675.62,0.33776,18.25,1783038776
All Pools,BLACKOUT - AVAX,0.1,False,337.58,675.62,0.33776,18.25,1783038776
All Pools,HOLD - AVAX,0.1,False,337.58,675.62,0.33776,18.25,1783038776
All Pools,AURACLE - AVAX,0.1,False,337.58,675.62,0.33776,18.25,1783038776
All Pools,MIB - AVAX,0.1,False,337.57,675.61,0.33776,18.25,1783038776
All Pools,FM - AVAX,0.1,False,337.57,675.61,0.33776,18.25,1783038776
All Pools,BEET - AVAX,0.1,False,337.57,675.61,0.33776,18.25,1783038776
All Pools,MINDLESS - AVAX,0.1,False,337.57,675.61,0.33776,18.25,1783038776
All Pools,USD2 - AVAX,0.1,False,337.57,675.61,0.33776,18.25,1783038776
All Pools,JELLY - AVAX,0.1,False,337.57,675.61,0.33776,18.25,1783038776
All Pools,UFU - AVAX,0.1,False,337.57,675.61,0.33776,18.25,1783038776
All Pools,TWIN - AVAX,0.1,False,337.54,675.55,0.33773,18.25,1783038776
All Pools,GOLIATH - AVAX,0.1,False,337.54,675.55,0.33773,18.25,1783038776
All Pools,DCB - AVAX,0.1,False,337.54,675.55,0.33773,18.25,1783038776
All Pools,RICKY - AVAX,0.1,False,337.54,675.55,0.33773,18.25,1783038776
All Pools,T1HUB - AVAX,0.1,False,337.54,675.55,0.33773,18.25,1783038776
All Pools,ACID - AVAX,0.1,False,337.54,675.55,0.33773,18.25,1783038776
All Pools,ASTHER - AVAX,0.1,False,337.54,-1.988,0.33773,-6202.15,1783038776
All Pools,RECON - AVAX,0.1,False,337.54,675.55,0.33773,18.25,1783038776
All Pools,CWYPTO - AVAX,0.1,False,337.53,675.53,0.33772,18.25,1783038776
All Pools,PENCIL - AVAX,0.1,False,337.52,675.51,0.33771,18.25,1783038776
All Pools,BALLSACK - AVAX,0.1,False,337.52,675.51,0.33771,18.25,1783038776
All Pools,ZOO - AVAX,0.1,False,337.52,675.51,0.33771,18.25,1783038776
All Pools,SOLANIANS - AVAX,0.1,False,337.52,675.51,0.33771,18.25,1783038776
All Pools,FSX - AVAX,0.1,False,337.52,675.51,0.33771,18.25,1783038776
All Pools,LINGANG - AVAX,0.1,False,337.5,675.47,0.33769,18.25,1783038776
All Pools,BTGON - AVAX,0.1,False,337.5,675.47,0.33769,18.25,1783038776
All Pools,CAP - AVAX,0.1,False,337.5,675.47,0.33769,18.25,1783038776
All Pools,HINU - AVAX,0.1,False,337.5,675.47,0.33769,18.25,1783038776
All Pools,VIBECOIN - AVAX,0.1,False,337.49,675.44,0.33768,18.25,1783038776
All Pools,GOBLINMAXXING - AVAX,0.1,False,337.49,675.44,0.33768,18.25,1783038776
All Pools,HOLD - AVAX,0.1,False,337.49,675.44,0.33768,18.25,1783038776
All Pools,NODIE - AVAX,0.1,False,337.49,675.44,0.33768,18.25,1783038776
All Pools,SAMPL - AVAX,0.1,False,337.49,675.44,0.33768,18.25,1783038776
All Pools,NZOS - AVAX,0.1,False,337.49,675.44,0.33768,18.25,1783038776
All Pools,FERVUSAI - AVAX,0.1,False,337.48,675.43,0.33767,18.25,1783038776
All Pools,BEETLE - AVAX,0.1,False,337.48,675.43,0.33767,18.25,1783038776
All Pools,SU - AVAX,0.1,False,337.48,675.43,0.33767,18.25,1783038776
All Pools,COREJS - AVAX,0.1,False,337.48,675.43,0.33767,18.25,1783038776
All Pools,SPL - AVAX,0.1,False,337.48,675.43,0.33767,18.25,1783038776
All Pools,HEDGE - AVAX,0.1,False,337.48,675.43,0.33767,18.25,1783038776
All Pools,VILLAGEBOY - AVAX,0.1,False,337.48,-2.046,0.33767,-6024.57,1783038776
All Pools,COULD - AVAX,0.1,False,337.47,675.4,0.33765,18.25,1783038776
All Pools,EGG - AVAX,0.1,False,337.47,675.4,0.33765,18.25,1783038776
All Pools,SOTER - AVAX,0.1,False,337.47,675.4,0.33765,18.25,1783038776
All Pools,PUPX - AVAX,0.1,False,337.47,-2.063,0.33765,-5973.23,1783038776
All Pools,LAST - AVAX,0.1,False,337.47,675.4,0.33765,18.25,1783038776
All Pools,BENIS - AVAX,0.1,False,337.47,675.4,0.33765,18.25,1783038776
All Pools,PEPE - AVAX,0.1,False,337.47,675.4,0.33765,18.25,1783038776
All Pools,SOMA - AVAX,0.1,False,337.47,675.4,0.33765,18.25,1783038776
All Pools,BABYGROKX - AVAX,0.1,False,337.47,675.4,0.33765,18.25,1783038776
All Pools,GENCIT - AVAX,0.1,False,337.47,675.4,0.33765,18.25,1783038776
All Pools,CLIPPED - AVAX,0.1,False,337.47,675.4,0.33765,18.25,1783038776
All Pools,DS - AVAX,0.1,False,337.47,675.4,0.33765,18.25,1783038776
All Pools,TROLLPFACE - AVAX,0.1,False,337.47,675.4,0.33765,18.25,1783038776
All Pools,AVERAGEGUY - AVAX,0.1,False,337.45,675.37,0.33764,18.25,1783038776
All Pools,VIOLET - AVAX,0.1,False,337.45,675.37,0.33764,18.25,1783038776
All Pools,ROOTS - AVAX,0.1,False,337.45,675.37,0.33764,18.25,1783038776
All Pools,SHIBEMP - AVAX,0.1,False,337.45,675.37,0.33764,18.25,1783038776
All Pools,LOBCOIN - AVAX,0.1,False,337.45,675.37,0.33764,18.25,1783038776
All Pools,GEM - AVAX,0.1,False,337.44,675.34,0.33762,18.25,1783038776
All Pools,BITCOINWHALE - AVAX,0.1,False,337.44,675.34,0.33762,18.25,1783038776
All Pools,ENTRV - AVAX,0.1,False,337.44,675.34,0.33762,18.25,1783038776
All Pools,GRUMP - AVAX,0.1,False,337.44,675.34,0.33762,18.25,1783038776
All Pools,WOKA - AVAX,0.1,False,337.44,675.34,0.33762,18.25,1783038776
All Pools,OPENSOULS - AVAX,0.1,False,337.43,675.33,0.33762,18.25,1783038776
All Pools,PSYOPPEPE - AVAX,0.1,False,337.43,675.33,0.33762,18.25,1783038776
All Pools,WEEPI - AVAX,0.1,False,337.4,675.27,0.33759,18.25,1783038776
All Pools,ASTRO - AVAX,0.1,False,337.4,675.27,0.33759,18.25,1783038776
All Pools,EXARION - AVAX,0.1,False,337.4,675.27,0.33759,18.25,1783038776
All Pools,AMBALABU - AVAX,0.1,False,337.4,675.27,0.33759,18.25,1783038776
All Pools,AIRI - AVAX,0.1,False,337.4,675.27,0.33759,18.25,1783038776
All Pools,FTX - AVAX,0.1,False,337.4,675.27,0.33759,18.25,1783038776
All Pools,NULLA - AVAX,0.1,False,337.4,675.27,0.33759,18.25,1783038776
All Pools,PUMPLESS - AVAX,0.1,False,337.4,675.27,0.33759,18.25,1783038776
All Pools,QI - AVAX,0.1,False,337.4,675.27,0.33759,18.25,1783038776
All Pools,VOID - AVAX,0.1,False,337.4,675.26,0.33758,18.25,1783038776
All Pools,CITYBOY - AVAX,0.1,False,337.4,675.26,0.33758,18.25,1783038776
All Pools,BUBBLE - AVAX,0.1,False,337.4,675.26,0.33758,18.25,1783038776
All Pools,MORE - AVAX,0.1,False,337.4,675.26,0.33758,18.25,1783038776
All Pools,ARK - AVAX,0.1,False,337.4,675.26,0.33758,18.25,1783038776
All Pools,SRY - AVAX,0.1,False,337.4,675.26,0.33758,18.25,1783038776
All Pools,LASTCLICK - AVAX,0.1,False,337.4,675.26,0.33758,18.25,1783038776
All Pools,WUAI - AVAX,0.1,False,337.38,-2.149,0.33757,-5732.68,1783038776
All Pools,ZINTECH - AVAX,0.1,False,337.38,675.22,0.33757,18.25,1783038776
All Pools,SPACECAT - AVAX,0.1,False,337.38,675.22,0.33757,18.25,1783038776
All Pools,GMR - AVAX,0.1,False,337.38,675.22,0.33757,18.25,1783038776
All Pools,CJFT - AVAX,0.1,False,337.38,675.22,0.33757,18.25,1783038776
All Pools,ORAMAMA - AVAX,0.1,False,337.38,675.22,0.33757,18.25,1783038776
All Pools,WTF - AVAX,0.1,False,337.38,675.22,0.33756,18.25,1783038776
All Pools,ONBOARDING - AVAX,0.1,False,337.38,675.22,0.33756,18.25,1783038776
All Pools,BEAR - AVAX,0.1,False,337.38,675.22,0.33756,18.25,1783038776
All Pools,CODE - AVAX,0.1,False,337.38,675.22,0.33756,18.25,1783038776
All Pools,GOBLINTROLL - AVAX,0.1,False,337.38,675.22,0.33756,18.25,1783038776
All Pools,NUT - AVAX,0.1,False,337.38,675.22,0.33756,18.25,1783038776
All Pools,DMAIL - AVAX,0.1,False,337.37,675.2,0.33755,18.25,1783038776
All Pools,SOLIDENT - AVAX,0.1,False,337.37,675.2,0.33755,18.25,1783038776
All Pools,CLAW - AVAX,0.1,False,337.37,675.2,0.33755,18.25,1783038776
All Pools,LICO - AVAX,0.1,False,337.37,675.2,0.33755,18.25,1783038776
All Pools,BUILD - AVAX,0.1,False,337.37,-2.16,0.33755,-5703.03,1783038776
All Pools,NPAY - AVAX,0.1,False,337.35,675.17,0.33754,18.25,1783038776
All Pools,AGENT4X - AVAX,0.1,False,337.35,675.17,0.33754,18.25,1783038776
All Pools,AIT - AVAX,0.1,False,337.35,675.17,0.33754,18.25,1783038776
All Pools,FINANCE - AVAX,0.1,False,337.35,675.17,0.33754,18.25,1783038776
All Pools,PONZI - AVAX,0.1,False,337.35,675.17,0.33754,18.25,1783038776
All Pools,T19 - AVAX,0.1,False,337.35,675.17,0.33754,18.25,1783038776
All Pools,CLAW402 - AVAX,0.1,False,337.3,675.07,0.33749,18.25,1783038776
All Pools,IT - AVAX,0.1,False,337.3,-2.225,0.33749,-5536.56,1783038776
All Pools,BITVIA - AVAX,0.1,False,337.3,675.07,0.33749,18.25,1783038776
All Pools,LASHI - AVAX,0.1,False,337.3,675.07,0.33749,18.25,1783038776
All Pools,NANI - AVAX,0.1,False,337.3,675.07,0.33749,18.25,1783038776
All Pools,ISG - AVAX,0.1,False,337.28,675.03,0.33747,18.25,1783038776
All Pools,KOMI - AVAX,0.1,False,337.28,675.03,0.33747,18.25,1783038776
All Pools,RICHBANK - AVAX,0.1,False,337.28,675.03,0.33747,18.25,1783038776
All Pools,TOOTCOIN - AVAX,0.1,False,337.28,675.03,0.33747,18.25,1783038776
All Pools,GAEJOOK - AVAX,0.1,False,337.28,675.03,0.33747,18.25,1783038776
All Pools,TREASUREDAVID - AVAX,0.1,False,337.28,675.03,0.33747,18.25,1783038776
All Pools,ANTS - AVAX,0.1,False,337.27,675.01,0.33746,18.25,1783038776
All Pools,SOL402 - AVAX,0.1,False,337.27,675.01,0.33746,18.25,1783038776
All Pools,SVUSD - AVAX,0.1,False,337.27,675.01,0.33746,18.25,1783038776
All Pools,BUCKET - AVAX,0.1,False,337.27,675.01,0.33746,18.25,1783038776
All Pools,RYU - AVAX,0.1,False,337.27,675.01,0.33746,18.25,1783038776
All Pools,JOKECOIN - AVAX,0.1,False,337.27,675.01,0.33746,18.25,1783038776
All Pools,QUAK - AVAX,0.1,False,337.27,675.01,0.33746,18.25,1783038776
All Pools,UGGO - AVAX,0.1,False,337.27,675.0,0.33745,18.25,1783038776
All Pools,OPX - AVAX,0.1,False,337.27,675.0,0.33745,18.25,1783038776
All Pools,TEK - AVAX,0.1,False,337.27,675.0,0.33745,18.25,1783038776
All Pools,GROKSHARK - AVAX,0.1,False,337.27,675.0,0.33745,18.25,1783038776
All Pools,FREEDOM - AVAX,0.1,False,337.27,-2.262,0.33745,-5444.14,1783038776
All Pools,WORTHLESS - AVAX,0.1,False,337.27,675.0,0.33745,18.25,1783038776
All Pools,GCI - AVAX,0.1,False,337.27,675.0,0.33745,18.25,1783038776
All Pools,XEXAI - AVAX,0.1,False,337.27,675.0,0.33745,18.25,1783038776
All Pools,SAILANA - AVAX,0.1,False,337.27,675.0,0.33745,18.25,1783038776
All Pools,PIKAHORSE - AVAX,0.1,False,337.27,675.0,0.33745,18.25,1783038776
All Pools,GEN - AVAX,0.1,False,337.27,675.0,0.33745,18.25,1783038776
All Pools,CHILLMAS - AVAX,0.1,False,337.27,675.0,0.33745,18.25,1783038776
All Pools,ALMC - AVAX,0.1,False,337.27,675.0,0.33745,18.25,1783038776
All Pools,VISION - AVAX,0.1,False,337.24,674.94,0.33742,18.25,1783038776
All Pools,PIPCAT - AVAX,0.1,False,337.24,674.94,0.33742,18.25,1783038776
All Pools,USELESS - AVAX,0.1,False,337.24,674.94,0.33742,18.25,1783038776
All Pools,MEMECYCLE - AVAX,0.1,False,337.24,674.94,0.33742,18.25,1783038776
All Pools,$BOOTY - AVAX,0.1,False,337.24,674.94,0.33742,18.25,1783038776
All Pools,MUTE - AVAX,0.1,False,337.24,674.94,0.33742,18.25,1783038776
All Pools,$HWTR - AVAX,0.1,False,337.24,674.94,0.33742,18.25,1783038776
All Pools,NOOB - AVAX,0.1,False,337.24,674.94,0.33742,18.25,1783038776
All Pools,MOJ - AVAX,0.1,False,337.23,674.92,0.33741,18.25,1783038776
All Pools,AJAK - AVAX,0.1,False,337.23,674.92,0.33741,18.25,1783038776
All Pools,BLLM - AVAX,0.1,False,337.23,674.92,0.33741,18.25,1783038776
All Pools,NULL - AVAX,0.1,False,337.23,674.92,0.33741,18.25,1783038776
All Pools,INVO - AVAX,0.1,False,337.23,674.92,0.33741,18.25,1783038776
All Pools,POSHI - AVAX,0.1,False,337.2,674.86,0.33738,18.25,1783038776
All Pools,$SQUISH - AVAX,0.1,False,337.2,674.86,0.33738,18.25,1783038776
All Pools,GILLIONS - AVAX,0.1,False,337.2,674.86,0.33738,18.25,1783038776
All Pools,BURN - AVAX,0.1,False,337.2,674.86,0.33738,18.25,1783038776
All Pools,LEPRECOIN - AVAX,0.1,False,337.2,674.86,0.33738,18.25,1783038776
All Pools,ZOS - AVAX,0.1,False,337.2,674.86,0.33738,18.25,1783038776
All Pools,TERMINAL - AVAX,0.1,False,337.18,674.82,0.33736,18.25,1783038776
All Pools,US - AVAX,0.1,False,337.18,674.82,0.33736,18.25,1783038776
All Pools,STREAMGUY - AVAX,0.1,False,337.18,674.82,0.33736,18.25,1783038776
All Pools,BJUB - AVAX,0.1,False,337.18,674.82,0.33736,18.25,1783038776
All Pools,ZENT - AVAX,0.1,False,337.18,674.82,0.33736,18.25,1783038776
All Pools,CLU - AVAX,0.1,False,337.18,674.82,0.33736,18.25,1783038776
All Pools,NOOB - AVAX,0.1,False,337.18,674.82,0.33736,18.25,1783038776
All Pools,ATNM - AVAX,0.1,False,337.17,674.81,0.33736,18.25,1783038776
All Pools,ACRON - AVAX,0.1,False,337.17,674.81,0.33736,18.25,1783038776
All Pools,BULL - AVAX,0.1,False,337.17,674.81,0.33736,18.25,1783038776
All Pools,ALGO - AVAX,0.1,False,337.17,674.81,0.33736,18.25,1783038776
All Pools,PREGUNTALE - AVAX,0.1,False,337.17,674.81,0.33736,18.25,1783038776
All Pools,DIVIDENDS - AVAX,0.1,False,337.17,674.81,0.33736,18.25,1783038776
All Pools,LARPBALL - AVAX,0.1,False,337.12,674.71,0.33731,18.25,1783038776
All Pools,T6IXROOMS - AVAX,0.1,False,337.12,674.71,0.33731,18.25,1783038776
All Pools,RABBIT - AVAX,0.1,False,337.12,674.71,0.33731,18.25,1783038776
All Pools,SIMAI - AVAX,0.1,False,337.12,674.71,0.33731,18.25,1783038776
All Pools,SOB - AVAX,0.1,False,337.12,674.71,0.33731,18.25,1783038776
All Pools,SINX - AVAX,0.1,False,337.12,674.71,0.33731,18.25,1783038776
All Pools,ZCOIN - AVAX,0.1,False,337.12,674.71,0.33731,18.25,1783038776
All Pools,ROOT - AVAX,0.1,False,337.09,674.65,0.33728,18.25,1783038776
All Pools,PLECO - AVAX,0.1,False,337.08,674.62,0.33726,18.25,1783038776
All Pools,STRAIGHT - AVAX,0.1,False,337.08,674.62,0.33726,18.25,1783038776
All Pools,KOL - AVAX,0.1,False,337.08,674.62,0.33726,18.25,1783038776
All Pools,ECHO - AVAX,0.1,False,337.08,674.62,0.33726,18.25,1783038776
All Pools,FLAME - AVAX,0.1,False,337.08,674.62,0.33726,18.25,1783038776
All Pools,HIT - AVAX,0.1,False,337.08,674.62,0.33726,18.25,1783038776
All Pools,SAEP - AVAX,0.1,False,337.05,674.56,0.33723,18.25,1783038776
All Pools,SCARCE - AVAX,0.1,False,337.05,674.56,0.33723,18.25,1783038776
All Pools,AIRCOIN - AVAX,0.1,False,337.05,674.56,0.33723,18.25,1783038776
All Pools,NAMDUONG - AVAX,0.1,False,337.05,674.56,0.33723,18.25,1783038776
All Pools,GRIZZLY - AVAX,0.1,False,337.05,674.56,0.33723,18.25,1783038776
All Pools,SCRIPT - AVAX,0.1,False,337.05,674.56,0.33723,18.25,1783038776
All Pools,WAG - AVAX,0.1,False,337.03,-2.5,0.33721,-4922.4,1783038776
All Pools,$2 - AVAX,0.1,False,337.03,674.52,0.33721,18.25,1783038776
All Pools,ORBS - AVAX,0.1,False,337.01,674.49,0.3372,18.25,1783038776
All Pools,SON - AVAX,0.1,False,337.01,674.49,0.3372,18.25,1783038776
All Pools,$CLAP - AVAX,0.1,False,337.01,-2.519,0.3372,-4886.05,1783038776
All Pools,SENDIT - AVAX,0.1,False,337.01,674.49,0.3372,18.25,1783038776
All Pools,CYCLE - AVAX,0.1,False,337.01,674.49,0.3372,18.25,1783038776
All Pools,CHARLIE - AVAX,0.1,False,337.01,674.49,0.3372,18.25,1783038776
All Pools,SPLASH - AVAX,0.1,False,337.01,674.48,0.33719,18.25,1783038776
All Pools,LAMA - AVAX,0.1,False,337.01,674.48,0.33719,18.25,1783038776
All Pools,CORVUS - AVAX,0.1,False,337.01,674.48,0.33719,18.25,1783038776
All Pools,CAP - AVAX,0.1,False,337.01,674.48,0.33719,18.25,1783038776
All Pools,MOSHI - AVAX,0.1,False,337.01,-2.521,0.33719,-4881.66,1783038776
All Pools,MIR - AVAX,0.1,False,337.01,674.48,0.33719,18.25,1783038776
All Pools,FIXI - AVAX,0.1,False,337.01,674.48,0.33719,18.25,1783038776
All Pools,ORA - AVAX,0.1,False,336.99,674.44,0.33717,18.25,1783038776
All Pools,POLYPUMP - AVAX,0.1,False,336.99,674.44,0.33717,18.25,1783038776
All Pools,HAL - AVAX,0.1,False,336.99,674.44,0.33717,18.25,1783038776
All Pools,ROCK - AVAX,0.1,False,336.99,674.44,0.33717,18.25,1783038776
All Pools,SBABE - AVAX,0.1,False,336.99,674.44,0.33717,18.25,1783038776
All Pools,BB - AVAX,0.1,False,336.99,674.44,0.33717,18.25,1783038776
All Pools,HOPE - AVAX,0.1,False,336.97,674.4,0.33715,18.25,1783038776
All Pools,MATT - AVAX,0.1,False,336.97,674.4,0.33715,18.25,1783038776
All Pools,CEREALGUY - AVAX,0.1,False,336.97,674.4,0.33715,18.25,1783038776
All Pools,GOLDENGOAL - AVAX,0.1,False,336.95,674.36,0.33713,18.25,1783038776
All Pools,RIB - AVAX,0.1,False,336.95,674.36,0.33713,18.25,1783038776
All Pools,RUBYCOIN - AVAX,0.1,False,336.95,674.36,0.33713,18.25,1783038776
All Pools,TRINKET - AVAX,0.1,False,336.95,674.36,0.33713,18.25,1783038776
All Pools,FRANK - AVAX,0.1,False,336.95,674.36,0.33713,18.25,1783038776
All Pools,MKT - AVAX,0.1,False,336.95,674.36,0.33713,18.25,1783038776
All Pools,GOATSE - AVAX,0.1,False,336.92,674.31,0.33711,18.25,1783038776
All Pools,SHADY - AVAX,0.1,False,336.92,674.31,0.33711,18.25,1783038776
All Pools,WOLIENS - AVAX,0.1,False,336.92,674.31,0.33711,18.25,1783038776
All Pools,ITA - AVAX,0.1,False,336.92,674.31,0.33711,18.25,1783038776
All Pools,SMUDCAT - AVAX,0.1,False,336.92,674.31,0.33711,18.25,1783038776
All Pools,DELULU - AVAX,0.1,False,336.92,674.31,0.33711,18.25,1783038776
All Pools,K403 - AVAX,0.1,False,336.91,-2.621,0.33709,-4694.2,1783038776
All Pools,URI - AVAX,0.1,False,336.91,674.28,0.33709,18.25,1783038776
All Pools,WAGER - AVAX,0.1,False,336.91,674.28,0.33709,18.25,1783038776
All Pools,SOS - AVAX,0.1,False,336.91,674.28,0.33709,18.25,1783038776
All Pools,KTO - AVAX,0.1,False,336.91,674.28,0.33709,18.25,1783038776
All Pools,DAWAE - AVAX,0.1,False,336.87,674.2,0.33705,18.25,1783038776
All Pools,YOINK - AVAX,0.1,False,336.85,674.17,0.33704,18.25,1783038776
All Pools,CMD - AVAX,0.1,False,336.85,674.17,0.33704,18.25,1783038776
All Pools,TROLGA - AVAX,0.1,False,336.85,674.17,0.33704,18.25,1783038776
All Pools,ARB - AVAX,0.1,False,336.85,674.17,0.33704,18.25,1783038776
All Pools,DASHPAY - AVAX,0.1,False,336.85,674.17,0.33704,18.25,1783038776
All Pools,$BAPU - AVAX,0.1,False,336.85,674.17,0.33704,18.25,1783038776
All Pools,BILLY - AVAX,0.1,False,336.85,674.17,0.33704,18.25,1783038776
All Pools,ICEBEAR - AVAX,0.1,False,336.84,674.14,0.33702,18.25,1783038776
All Pools,CORX - AVAX,0.1,False,336.84,674.14,0.33702,18.25,1783038776
All Pools,PLANTFUN - AVAX,0.1,False,336.84,674.14,0.33702,18.25,1783038776
All Pools,RUGPROOFV2 - AVAX,0.1,False,336.84,-2.692,0.33702,-4569.0,1783038776
All Pools,BLACKFISH - AVAX,0.1,False,336.84,674.14,0.33702,18.25,1783038776
All Pools,HAMZ - AVAX,0.1,False,336.84,674.14,0.33702,18.25,1783038776
All Pools,BLUNT - AVAX,0.1,False,336.82,674.1,0.337,18.25,1783038776
All Pools,$FYC - AVAX,0.1,False,336.82,674.1,0.337,18.25,1783038776
All Pools,CREATURE - AVAX,0.1,False,336.82,674.1,0.337,18.25,1783038776
All Pools,GREENWHALE - AVAX,0.1,False,336.82,674.1,0.337,18.25,1783038776
All Pools,FMT - AVAX,0.1,False,336.82,674.1,0.337,18.25,1783038776
All Pools,WTF - AVAX,0.1,False,336.82,674.1,0.337,18.25,1783038776
All Pools,CULT - AVAX,0.1,False,336.79,674.04,0.33697,18.25,1783038776
All Pools,BANK - AVAX,0.1,False,336.79,-2.743,0.33697,-4483.83,1783038776
All Pools,MEMES - AVAX,0.1,False,336.79,-2.743,0.33697,-4483.83,1783038776
All Pools,OGNOME - AVAX,0.1,False,336.79,674.04,0.33697,18.25,1783038776
All Pools,PEPPA - AVAX,0.1,False,336.79,674.04,0.33697,18.25,1783038776
All Pools,TROLL - AVAX,0.1,False,336.79,674.04,0.33697,18.25,1783038776
All Pools,MPAY - AVAX,0.1,False,336.78,674.02,0.33696,18.25,1783038776
All Pools,WHURPLE - AVAX,0.1,False,336.78,674.02,0.33696,18.25,1783038776
All Pools,PRIDE - AVAX,0.1,False,336.78,674.02,0.33696,18.25,1783038776
All Pools,CHINIFY - AVAX,0.1,False,336.78,674.02,0.33696,18.25,1783038776
All Pools,VEILRA - AVAX,0.1,False,336.78,674.02,0.33696,18.25,1783038776
All Pools,WHITEHORSE - AVAX,0.1,False,336.78,674.02,0.33696,18.25,1783038776
All Pools,RWAFY - AVAX,0.1,False,336.78,674.02,0.33696,18.25,1783038776
All Pools,DNOW - AVAX,0.1,False,336.76,673.99,0.33695,18.25,1783038776
All Pools,FMC - AVAX,0.1,False,336.76,673.99,0.33695,18.25,1783038776
All Pools,USNDC - AVAX,0.1,False,336.76,673.99,0.33695,18.25,1783038776
All Pools,EDWARD - AVAX,0.1,False,336.76,673.99,0.33695,18.25,1783038776
All Pools,JEJE - AVAX,0.1,False,336.76,673.99,0.33695,18.25,1783038776
All Pools,FOOTBALL - AVAX,0.1,False,336.76,673.99,0.33695,18.25,1783038776
All Pools,MTF - AVAX,0.1,False,336.74,673.94,0.33692,18.25,1783038776
All Pools,PUMPAI - AVAX,0.1,False,336.74,673.94,0.33692,18.25,1783038776
All Pools,BALLIN - AVAX,0.1,False,336.74,673.94,0.33692,18.25,1783038776
All Pools,TOGETHER - AVAX,0.1,False,336.74,673.94,0.33692,18.25,1783038776
All Pools,WHITE - AVAX,0.1,False,336.74,673.94,0.33692,18.25,1783038776
All Pools,SIDEX - AVAX,0.1,False,336.74,673.94,0.33692,18.25,1783038776
All Pools,IKA - AVAX,0.1,False,336.74,673.94,0.33692,18.25,1783038776
All Pools,WINSTON - AVAX,0.1,False,336.73,673.93,0.33692,18.25,1783038776
All Pools,PUMPVERSE - AVAX,0.1,False,336.73,673.93,0.33692,18.25,1783038776
All Pools,NEKOMATA - AVAX,0.1,False,336.73,673.93,0.33692,18.25,1783038776
All Pools,VALENTINES - AVAX,0.1,False,336.73,673.93,0.33692,18.25,1783038776
All Pools,KFH - AVAX,0.1,False,336.73,673.92,0.33692,18.25,1783038776
All Pools,UTA - AVAX,0.1,False,336.73,673.92,0.33692,18.25,1783038776
All Pools,EXA - AVAX,0.1,False,336.73,673.92,0.33692,18.25,1783038776
All Pools,ONECOIN - AVAX,0.1,False,336.73,673.92,0.33692,18.25,1783038776
All Pools,WRONG - AVAX,0.1,False,336.7,673.86,0.33688,18.25,1783038776
All Pools,CHIMERICA - AVAX,0.1,False,336.7,673.86,0.33688,18.25,1783038776
All Pools,EVOLVE - AVAX,0.1,False,336.7,673.86,0.33688,18.25,1783038776
All Pools,WPAX - AVAX,0.1,False,336.66,673.78,0.33684,18.25,1783038776
All Pools,BEAR - AVAX,0.1,False,336.66,673.78,0.33684,18.25,1783038776
All Pools,DIB - AVAX,0.1,False,336.66,673.78,0.33684,18.25,1783038776
All Pools,UNEMPLOYED - AVAX,0.1,False,336.66,673.78,0.33684,18.25,1783038776
All Pools,SATOSHI - AVAX,0.1,False,336.66,673.78,0.33684,18.25,1783038776
All Pools,LOTTO - AVAX,0.1,False,336.66,673.78,0.33684,18.25,1783038776
All Pools,MTK - AVAX,0.1,False,336.6,673.66,0.33678,18.25,1783038776
All Pools,CROWNECK - AVAX,0.1,False,336.6,673.66,0.33678,18.25,1783038776
All Pools,PMX - AVAX,0.1,False,336.6,673.66,0.33678,18.25,1783038776
All Pools,KONEKT - AVAX,0.1,False,336.6,673.66,0.33678,18.25,1783038776
All Pools,FLOW402 - AVAX,0.1,False,336.59,673.65,0.33678,18.25,1783038776
All Pools,D3F - AVAX,0.1,False,336.59,673.65,0.33678,18.25,1783038776
All Pools,YVO3D - AVAX,0.1,False,336.59,673.65,0.33678,18.25,1783038776
All Pools,RACC - AVAX,0.1,False,336.54,673.54,0.33672,18.25,1783038776
All Pools,CPNGON - AVAX,0.1,False,336.54,673.54,0.33672,18.25,1783038776
All Pools,TITTY - AVAX,0.1,False,336.54,673.54,0.33672,18.25,1783038776
All Pools,ONE - AVAX,0.1,False,336.54,673.54,0.33672,18.25,1783038776
All Pools,MPGA - AVAX,0.1,False,336.51,673.48,0.3367,18.25,1783038776
All Pools,ESIM - AVAX,0.1,False,336.51,673.48,0.3367,18.25,1783038776
All Pools,ANTS - AVAX,0.1,False,336.51,673.48,0.3367,18.25,1783038776
All Pools,$SAFEHOUSE - AVAX,0.1,False,336.51,673.48,0.3367,18.25,1783038776
All Pools,VELON - AVAX,0.1,False,336.51,673.48,0.3367,18.25,1783038776
All Pools,SHIELD - AVAX,0.1,False,336.51,673.48,0.3367,18.25,1783038776
All Pools,EXODON - AVAX,0.1,False,336.51,673.48,0.3367,18.25,1783038776
All Pools,CHUBBYGOSLING - AVAX,0.1,False,336.46,673.38,0.33664,18.25,1783038776
All Pools,BIGJIM - AVAX,0.1,False,336.46,-3.073,0.33664,-3998.27,1783038776
All Pools,$WALLAH - AVAX,0.1,False,336.46,673.38,0.33664,18.25,1783038776
All Pools,GROKAN - AVAX,0.1,False,336.46,673.38,0.33664,18.25,1783038776
All Pools,PERPY - AVAX,0.1,False,336.46,673.38,0.33664,18.25,1783038776
All Pools,FARTHUB - AVAX,0.1,False,336.46,673.38,0.33664,18.25,1783038776
All Pools,MTLR - AVAX,0.1,False,336.46,673.38,0.33664,18.25,1783038776
All Pools,BALL - AVAX,0.1,False,336.42,673.31,0.33661,18.25,1783038776
All Pools,RAIIN - AVAX,0.1,False,336.42,673.31,0.33661,18.25,1783038776
All Pools,BOMB - AVAX,0.1,False,336.42,-3.106,0.33661,-3955.71,1783038776
All Pools,MICROCAP - AVAX,0.1,False,336.42,673.31,0.33661,18.25,1783038776
All Pools,GUDTEK - AVAX,0.1,False,336.42,673.31,0.33661,18.25,1783038776
All Pools,MEMEMIND - AVAX,0.1,False,336.42,673.31,0.33661,18.25,1783038776
All Pools,SLUG - AVAX,0.1,False,336.38,673.22,0.33656,18.25,1783038776
All Pools,GANY - AVAX,0.1,False,336.38,673.22,0.33656,18.25,1783038776
All Pools,PRVT - AVAX,0.1,False,336.38,673.22,0.33656,18.25,1783038776
All Pools,COLOURS - AVAX,0.1,False,336.38,673.22,0.33656,18.25,1783038776
All Pools,HANTA - AVAX,0.1,False,336.38,673.22,0.33656,18.25,1783038776
All Pools,LP - AVAX,0.1,False,336.38,673.22,0.33656,18.25,1783038776
All Pools,SHIRON - AVAX,0.1,False,336.36,673.18,0.33654,18.25,1783038776
All Pools,MEDI - AVAX,0.1,False,336.36,673.18,0.33654,18.25,1783038776
All Pools,SORACLE - AVAX,0.1,False,336.36,673.18,0.33654,18.25,1783038776
All Pools,SHIFT - AVAX,0.1,False,336.36,673.18,0.33654,18.25,1783038776
All Pools,DARKANI - AVAX,0.1,False,336.36,673.18,0.33654,18.25,1783038776
All Pools,TRUTHS - AVAX,0.1,False,336.36,673.18,0.33654,18.25,1783038776
All Pools,COOK - AVAX,0.1,False,336.29,673.05,0.33648,18.25,1783038776
All Pools,HERMY - AVAX,0.1,False,336.29,673.04,0.33647,18.25,1783038776
All Pools,NOSTALGIC - AVAX,0.1,False,336.29,673.04,0.33647,18.25,1783038776
All Pools,MUG - AVAX,0.1,False,336.29,673.04,0.33647,18.25,1783038776
All Pools,PENGUIN - AVAX,0.1,False,336.29,673.04,0.33647,18.25,1783038776
All Pools,SHORSEPRO - AVAX,0.1,False,336.29,673.04,0.33647,18.25,1783038776
All Pools,EGGP - AVAX,0.1,False,336.29,-3.244,0.33647,-3785.75,1783038776
All Pools,MDEX - AVAX,0.1,False,336.29,673.04,0.33647,18.25,1783038776
All Pools,NLC - AVAX,0.1,False,336.27,673.0,0.33645,18.25,1783038776
All Pools,PEEN - AVAX,0.1,False,336.27,673.0,0.33645,18.25,1783038776
All Pools,ZK402 - AVAX,0.1,False,336.27,673.0,0.33645,18.25,1783038776
All Pools,CORP - AVAX,0.1,False,336.27,673.0,0.33645,18.25,1783038776
All Pools,PHANNY - AVAX,0.1,False,336.27,673.0,0.33645,18.25,1783038776
All Pools,GHOST - AVAX,0.1,False,336.27,673.0,0.33645,18.25,1783038776
All Pools,TRENCHCUP - AVAX,0.1,False,336.23,672.93,0.33642,18.25,1783038776
All Pools,RLP - AVAX,0.1,False,336.23,672.93,0.33642,18.25,1783038776
All Pools,VANTA - AVAX,0.1,False,336.23,672.93,0.33642,18.25,1783038776
All Pools,GUS - AVAX,0.1,False,336.23,672.93,0.33642,18.25,1783038776
All Pools,CON - AVAX,0.1,False,336.23,672.93,0.33642,18.25,1783038776
All Pools,MOONBALL - AVAX,0.1,False,336.23,672.93,0.33642,18.25,1783038776
All Pools,HONESTRUG - AVAX,0.1,False,336.17,672.8,0.33635,18.25,1783038776
All Pools,SHRIMPS - AVAX,0.1,False,336.17,672.8,0.33635,18.25,1783038776
All Pools,WLFI - AVAX,0.1,False,336.17,672.8,0.33635,18.25,1783038776
All Pools,AIEPK - AVAX,0.1,False,336.17,672.8,0.33635,18.25,1783038776
All Pools,MOONWHALE - AVAX,0.1,False,336.17,672.8,0.33635,18.25,1783038776
All Pools,$MCHIBI - AVAX,0.1,False,336.17,672.8,0.33635,18.25,1783038776
All Pools,T41 - AVAX,0.1,False,336.16,672.78,0.33634,18.25,1783038776
All Pools,DEVSCAN - AVAX,0.1,False,336.16,672.78,0.33634,18.25,1783038776
All Pools,BOTZON - AVAX,0.1,False,336.16,672.78,0.33634,18.25,1783038776
All Pools,GRAYWHALE - AVAX,0.1,False,336.16,672.78,0.33634,18.25,1783038776
All Pools,$K8O5 - AVAX,0.1,False,336.16,672.78,0.33634,18.25,1783038776
All Pools,PEPEK - AVAX,0.1,False,336.13,672.73,0.33632,18.25,1783038776
All Pools,PLANDEMIC - AVAX,0.1,False,336.13,672.73,0.33632,18.25,1783038776
All Pools,BLACKBALL - AVAX,0.1,False,336.13,672.73,0.33632,18.25,1783038776
All Pools,ONTOON - AVAX,0.1,False,336.13,672.73,0.33632,18.25,1783038776
All Pools,MICRO - AVAX,0.1,False,336.13,672.73,0.33632,18.25,1783038776
All Pools,KANGA - AVAX,0.1,False,336.13,672.73,0.33632,18.25,1783038776
All Pools,ZAP - AVAX,0.1,False,336.13,672.73,0.33632,18.25,1783038776
All Pools,DERPY - AVAX,0.1,False,336.11,672.68,0.33629,18.25,1783038776
All Pools,PUNDLE - AVAX,0.1,False,336.11,672.68,0.33629,18.25,1783038776
All Pools,WHISTLE - AVAX,0.1,False,336.11,672.68,0.33629,18.25,1783038776
All Pools,CODED - AVAX,0.1,False,336.11,672.68,0.33629,18.25,1783038776
All Pools,FIREHORSE - AVAX,0.1,False,336.11,672.68,0.33629,18.25,1783038776
All Pools,PACE - AVAX,0.1,False,336.11,672.68,0.33629,18.25,1783038776
All Pools,TRUMPALIEN - AVAX,0.1,False,335.99,672.43,0.33617,18.25,1783038776
All Pools,MEMEROT - AVAX,0.1,False,335.99,672.43,0.33617,18.25,1783038776
All Pools,SNOWBALLS - AVAX,0.1,False,335.99,672.43,0.33617,18.25,1783038776
All Pools,PNTH - AVAX,0.1,False,335.99,672.43,0.33617,18.25,1783038776
All Pools,DOZER - AVAX,0.1,False,335.99,672.43,0.33617,18.25,1783038776
All Pools,YUREI - AVAX,0.1,False,335.99,672.43,0.33617,18.25,1783038776
All Pools,WLFI - AVAX,0.1,False,335.99,672.43,0.33617,18.25,1783038776
All Pools,LIDUM - AVAX,0.1,False,335.98,672.43,0.33617,18.25,1783038776
All Pools,AGF - AVAX,0.1,False,335.98,672.43,0.33617,18.25,1783038776
All Pools,PLEB - AVAX,0.1,False,335.97,672.4,0.33615,18.25,1783038776
All Pools,INFOPUNKS - AVAX,0.1,False,335.97,672.4,0.33615,18.25,1783038776
All Pools,AGENTIK - AVAX,0.1,False,335.97,672.4,0.33615,18.25,1783038776
All Pools,CEDAR - AVAX,0.1,False,335.97,672.4,0.33615,18.25,1783038776
All Pools,TOTO - AVAX,0.1,False,335.97,672.4,0.33615,18.25,1783038776
All Pools,AURA - AVAX,0.1,False,335.97,672.4,0.33615,18.25,1783038776
All Pools,CRAZZERS - AVAX,0.1,False,335.96,672.38,0.33614,18.25,1783038776
All Pools,SHIYO - AVAX,0.1,False,335.96,672.38,0.33614,18.25,1783038776
All Pools,PWH - AVAX,0.1,False,335.96,672.38,0.33614,18.25,1783038776
All Pools,$MIHARU - AVAX,0.1,False,335.96,672.38,0.33614,18.25,1783038776
All Pools,B - AVAX,0.1,False,335.96,672.38,0.33614,18.25,1783038776
All Pools,PNDR - AVAX,0.1,False,335.95,672.36,0.33613,18.25,1783038776
All Pools,NOHOUSE - AVAX,0.1,False,335.95,672.36,0.33613,18.25,1783038776
All Pools,BABYCLAW - AVAX,0.1,False,335.95,672.36,0.33613,18.25,1783038776
All Pools,YUTTY - AVAX,0.1,False,335.95,672.36,0.33613,18.25,1783038776
All Pools,SENDIT - AVAX,0.1,False,335.93,672.32,0.33611,18.25,1783038776
All Pools,MEMELESS - AVAX,0.1,False,335.93,672.32,0.33611,18.25,1783038776
All Pools,PERSOA - AVAX,0.1,False,335.93,672.32,0.33611,18.25,1783038776
All Pools,PPCOIN - AVAX,0.1,False,335.93,672.32,0.33611,18.25,1783038776
All Pools,NOCON - AVAX,0.1,False,335.93,672.32,0.33611,18.25,1783038776
All Pools,OPTIMUS - AVAX,0.1,False,335.93,672.32,0.33611,18.25,1783038776
All Pools,SUMI - AVAX,0.1,False,335.86,672.19,0.33605,18.25,1783038776
All Pools,PGEN - AVAX,0.1,False,335.86,672.19,0.33605,18.25,1783038776
All Pools,BALLS - AVAX,0.1,False,335.86,672.19,0.33605,18.25,1783038776
All Pools,GNOME - AVAX,0.1,False,335.86,672.19,0.33605,18.25,1783038776
All Pools,ECO - AVAX,0.1,False,335.86,672.19,0.33605,18.25,1783038776
All Pools,PARROT - AVAX,0.1,False,335.86,672.19,0.33605,18.25,1783038776
All Pools,ENLVON - AVAX,0.1,False,335.86,672.19,0.33605,18.25,1783038776
All Pools,SMP - AVAX,0.1,False,335.81,-3.717,0.336,-3299.29,1783038776
All Pools,ALIENS - AVAX,0.1,False,335.81,672.09,0.336,18.25,1783038776
All Pools,FAPCOIN - AVAX,0.1,False,335.81,672.09,0.336,18.25,1783038776
All Pools,ONE - AVAX,0.1,False,335.81,672.09,0.336,18.25,1783038776
All Pools,CG - AVAX,0.1,False,335.81,672.09,0.336,18.25,1783038776
All Pools,NOFACE - AVAX,0.1,False,335.81,672.09,0.336,18.25,1783038776
All Pools,ARTI - AVAX,0.1,False,335.81,672.09,0.336,18.25,1783038776
All Pools,SOLFC - AVAX,0.1,False,335.77,672.01,0.33596,18.25,1783038776
All Pools,SPIN - AVAX,0.1,False,335.74,671.94,0.33592,18.25,1783038776
All Pools,PAT - AVAX,0.1,False,335.74,671.94,0.33592,18.25,1783038776
All Pools,FLOW - AVAX,0.1,False,335.74,671.94,0.33592,18.25,1783038776
All Pools,STICK - AVAX,0.1,False,335.74,671.94,0.33592,18.25,1783038776
All Pools,PWC - AVAX,0.1,False,335.74,671.94,0.33592,18.25,1783038776
All Pools,BNTOBER - AVAX,0.1,False,335.74,671.94,0.33592,18.25,1783038776
All Pools,VNST - AVAX,0.1,False,335.74,671.94,0.33592,18.25,1783038776
All Pools,NAYM - AVAX,0.1,False,335.67,671.8,0.33585,18.25,1783038776
All Pools,BRAIN - AVAX,0.1,False,335.67,671.8,0.33585,18.25,1783038776
All Pools,BIOK - AVAX,0.1,False,335.67,671.8,0.33585,18.25,1783038776
All Pools,ALOT - AVAX,0.1,False,335.67,671.8,0.33585,18.25,1783038776
All Pools,ANIME - AVAX,0.1,False,335.67,671.8,0.33585,18.25,1783038776
All Pools,DM - AVAX,0.1,False,335.62,671.71,0.33581,18.25,1783038776
All Pools,CHORUZ - AVAX,0.1,False,335.62,671.71,0.33581,18.25,1783038776
All Pools,LAUNCHR - AVAX,0.1,False,335.62,671.71,0.33581,18.25,1783038776
All Pools,PEPE - AVAX,0.1,False,335.62,671.71,0.33581,18.25,1783038776
All Pools,PP - AVAX,0.1,False,335.62,671.71,0.33581,18.25,1783038776
All Pools,HAMMER - AVAX,0.1,False,335.62,671.71,0.33581,18.25,1783038776
All Pools,PIQ - AVAX,0.1,False,335.59,671.65,0.33578,18.25,1783038776
All Pools,AIC - AVAX,0.1,False,335.59,671.65,0.33578,18.25,1783038776
All Pools,COMCOIN - AVAX,0.1,False,335.59,671.65,0.33578,18.25,1783038776
All Pools,SHARE - AVAX,0.1,False,335.59,671.65,0.33578,18.25,1783038776
All Pools,HODL - AVAX,0.1,False,335.59,671.65,0.33578,18.25,1783038776
All Pools,DUBS - AVAX,0.1,False,335.59,671.65,0.33578,18.25,1783038776
All Pools,CATF - AVAX,0.1,False,335.59,671.65,0.33578,18.25,1783038776
All Pools,DARKHORSE - AVAX,0.1,False,335.59,671.64,0.33577,18.25,1783038776
All Pools,MAXI - AVAX,0.1,False,335.59,671.64,0.33577,18.25,1783038776
All Pools,G - AVAX,0.1,False,335.59,671.64,0.33577,18.25,1783038776
All Pools,NAMI - AVAX,0.1,False,335.59,671.64,0.33577,18.25,1783038776
All Pools,PEPEWIFHAT - AVAX,0.1,False,335.59,671.64,0.33577,18.25,1783038776
All Pools,LEPER - AVAX,0.1,False,335.59,-3.944,0.33577,-3107.51,1783038776
All Pools,ZKFG - AVAX,0.1,False,335.58,671.62,0.33576,18.25,1783038776
All Pools,HIGHER - AVAX,0.1,False,335.58,671.62,0.33576,18.25,1783038776
All Pools,ICONS - AVAX,0.1,False,335.58,671.62,0.33576,18.25,1783038776
All Pools,BOUTYWORK - AVAX,0.1,False,335.58,671.62,0.33576,18.25,1783038776
All Pools,CMFI - AVAX,0.1,False,335.58,671.62,0.33576,18.25,1783038776
All Pools,$HONEY - AVAX,0.1,False,335.58,671.62,0.33576,18.25,1783038776
All Pools,BUNNY - AVAX,0.1,False,335.54,671.55,0.33573,18.25,1783038776
All Pools,KOI - AVAX,0.1,False,335.54,671.55,0.33573,18.25,1783038776
All Pools,GOF - AVAX,0.1,False,335.54,671.55,0.33573,18.25,1783038776
All Pools,GWIRE - AVAX,0.1,False,335.54,671.54,0.33572,18.25,1783038776
All Pools,WIFOUT - AVAX,0.1,False,335.54,671.54,0.33572,18.25,1783038776
All Pools,FINN - AVAX,0.1,False,335.54,671.54,0.33572,18.25,1783038776
All Pools,FARTDOG - AVAX,0.1,False,335.51,671.48,0.33569,18.25,1783038776
All Pools,AMKRON - AVAX,0.1,False,335.51,671.48,0.33569,18.25,1783038776
All Pools,TOMMY - AVAX,0.1,False,335.51,671.48,0.33569,18.25,1783038776
All Pools,FAML - AVAX,0.1,False,335.51,671.48,0.33569,18.25,1783038776
All Pools,$ZARD - AVAX,0.1,False,335.51,671.48,0.33569,18.25,1783038776
All Pools,KORI - AVAX,0.1,False,335.51,671.48,0.33569,18.25,1783038776
All Pools,BABYDENG - AVAX,0.1,False,335.51,671.48,0.33569,18.25,1783038776
All Pools,NOBIKO - AVAX,0.1,False,335.51,671.48,0.33569,18.25,1783038776
All Pools,ALPAY - AVAX,0.1,False,335.51,671.48,0.33569,18.25,1783038776
All Pools,DOGENARII - AVAX,0.1,False,335.51,671.48,0.33569,18.25,1783038776
All Pools,SUCKYP - AVAX,0.1,False,335.51,671.48,0.33569,18.25,1783038776
All Pools,NED - AVAX,0.1,False,335.51,671.48,0.33569,18.25,1783038776
All Pools,BGOAT - AVAX,0.1,False,335.51,671.48,0.33569,18.25,1783038776
All Pools,MAGNUS - AVAX,0.1,False,335.5,671.46,0.33568,18.25,1783038776
All Pools,PROME - AVAX,0.1,False,335.5,671.46,0.33568,18.25,1783038776
All Pools,TREN - AVAX,0.1,False,335.5,671.46,0.33568,18.25,1783038776
All Pools,WORTHLESS - AVAX,0.1,False,335.5,671.46,0.33568,18.25,1783038776
All Pools,NOSE - AVAX,0.1,False,335.5,671.46,0.33568,18.25,1783038776
All Pools,WIBWOB - AVAX,0.1,False,335.5,671.46,0.33568,18.25,1783038776
All Pools,UNIPCS - AVAX,0.1,False,335.5,671.46,0.33568,18.25,1783038776
All Pools,CB - AVAX,0.1,False,335.49,671.45,0.33568,18.25,1783038776
All Pools,$RICH - AVAX,0.1,False,335.49,671.45,0.33568,18.25,1783038776
All Pools,MOCHICAT - AVAX,0.1,False,335.49,671.45,0.33568,18.25,1783038776
All Pools,GMX - AVAX,0.3,False,328.02,3910.3,0.82005,7.65,1783038776
All Pools,KIMBO - AVAX,0.3,False,285.76,44484.0,0.71441,0.59,1783038776
All Pools,AVAX - XAVA,0.3,False,253.28,13570.0,0.6332,1.7,1783038776
All Pools,HERESY - AVAX,0.3,False,243.09,14131.0,0.60772,1.57,1783038776
All Pools,WOLF - AVAX,0.3,False,229.9,29616.0,0.57475,0.71,1783038776
All Pools,MIM - USDT.e,0.3,False,211.65,1370.5,0.52913,14.09,1783038776
All Pools,MIM - SB,0.3,False,211.07,2107.05,0.52768,9.14,1783038776
All Pools,SB - AVAX,0.3,False,207.75,6384.86,0.51938,2.97,1783038776
All Pools,AVAX - aXEN,0.3,False,140.25,179.85,0.35064,71.16,1783038776
All Pools,UST - AVAX,0.3,False,126.86,6058.97,0.31716,1.91,1783038776
All Pools,MIM - USDC.e,0.3,False,109.14,698.37,0.27286,14.26,1783038776
All Pools,w3ULL - AVAX,0.3,False,84.77,50761.0,0.21194,0.15,1783038776
All Pools,MAI - AVAX,0.3,False,81.54,1486.84,0.20385,5.0,1783038776
All Pools,AVAX - JUICE,0.3,False,79.05,9742.66,0.19762,0.74,1783038776
All Pools,MUON - AVAX,0.3,False,78.68,38909.0,0.1967,0.18,1783038776
All Pools,STG - USDC,0.3,False,78.17,1299.42,0.19542,5.49,1783038776
All Pools,HOWDY - USDC,0.3,False,77.51,2963.21,0.19378,2.39,1783038776
All Pools,FEED - AVAX,0.3,False,74.5,6128.24,0.18626,1.11,1783038776
All Pools,AVAX - GEC,0.3,False,71.6,27673.0,0.179,0.24,1783038776
All Pools,AVAX - TOPIA,0.3,False,71.3,1041.4,0.17824,6.25,1783038776
All Pools,CATCH - AVAX,0.3,False,70.72,734.16,0.17681,8.79,1783038776
All Pools,AVAX - SOLNIC,0.3,False,67.59,3908.73,0.16897,1.58,1783038776
All Pools,GENI - USDC,0.3,False,66.77,1226.4,0.16692,4.97,1783038776
All Pools,AVAX - ANSEM,0.3,False,63.86,2.707,0.15966,2152.73,1783038776
All Pools,MIM - WETH.e,0.3,False,63.79,434.53,0.15948,13.4,1783038776
All Pools,NOCHILL - AVAX,0.3,False,63.22,57935.0,0.15805,0.1,1783038776
All Pools,STG - AVAX,0.3,False,58.4,1111.48,0.146,4.79,1783038776
All Pools,VPND - AVAX,0.3,False,57.81,18834.0,0.14453,0.28,1783038776
All Pools,APIX - USDt,0.3,False,51.82,6096.03,0.12955,0.78,1783038776
All Pools,AVAX - SWAP.e,0.3,False,51.07,21251.0,0.12766,0.22,1783038776
All Pools,HEFE - AVAX,0.3,False,45.32,26147.0,0.1133,0.16,1783038776
All Pools,AVAX - AMI,0.3,False,44.98,361.04,0.11245,11.37,1783038776
All Pools,APIX - USDC,0.3,False,44.85,3045.67,0.11213,1.34,1783038776
All Pools,AVAX - ALVA,0.3,False,43.49,919.4,0.10872,4.32,1783038776
All Pools,BLSEYE🎯 - AVAX,0.3,False,40.81,4728.19,0.10203,0.79,1783038776
All Pools,FLD - AVAX,0.3,False,39.68,36098.0,0.09921,0.1,1783038776
All Pools,APIX - ARENA,0.3,False,39.59,1809.83,0.09898,2.0,1783038776
All Pools,AVAXAI - USDC,0.3,False,37.91,1600.09,0.09479,2.16,1783038776
All Pools,sAVAX - JACK,0.3,False,36.6,270121.0,0.0915,0.01,1783038776
All Pools,AVAX - UADA,0.3,False,36.31,2.041,0.09077,1623.11,1783038776
All Pools,WADA - AVAX,0.3,False,36.3,2.041,0.09076,1623.01,1783038776
All Pools,HOWDY - AVAX,0.3,False,34.82,6717.99,0.08705,0.47,1783038776
All Pools,AVAX - UST,0.3,False,33.77,7064.27,0.08442,0.44,1783038776
All Pools,USDC.e - sSB,0.3,False,33.08,860.8,0.0827,3.51,1783038776
All Pools,Balln - AVAX,0.3,False,31.79,3859.36,0.07947,0.75,1783038776
All Pools,AVAX - SQRCAT,0.3,False,30.01,4378.96,0.07503,0.63,1783038776
All Pools,GUN - BLSEYE🎯,0.3,False,29.51,466.54,0.07376,5.77,1783038776
All Pools,BOI - AVAX,0.3,False,26.58,37.94,0.06644,63.92,1783038776
All Pools,USDt - ncash,0.3,False,24.94,1029.98,0.06235,2.21,1783038776
All Pools,BTC.b - TOPIA,0.3,False,24.42,419.51,0.06104,5.31,1783038776
All Pools,JADE - USDC,0.3,False,23.1,317.35,0.05776,6.64,1783038776
All Pools,ABC - AVAX,0.3,False,21.97,599.06,0.05492,3.35,1783038776
All Pools,APIX - ID,0.3,False,21.65,20025.0,0.05412,0.1,1783038776
All Pools,WABBIT - AVAX,0.3,False,20.39,4489.64,0.05099,0.41,1783038776
All Pools,GUN - AVAX,0.3,False,18.94,207.14,0.04736,8.35,1783038776
All Pools,HUSKY - AVAX,0.3,False,18.5,2104.09,0.04625,0.8,1783038776
All Pools,PNG - AVAX,0.3,False,18.3,849.1,0.04574,1.97,1783038776
All Pools,LF - AVAX,0.3,False,18.18,275.62,0.04546,6.02,1783038776
All Pools,MIM - LF,0.3,False,18.11,342.29,0.04529,4.83,1783038776
All Pools,BLSEYE🎯 - ARENA,0.3,False,16.08,935.95,0.0402,1.57,1783038776
All Pools,SECOND - AVAX,0.3,False,14.83,1476.05,0.03708,0.92,1783038776
All Pools,SECOND - USDC,0.3,False,14.83,6966.87,0.03708,0.19,1783038776
All Pools,AVAX - XPOW,0.3,False,14.2,1373.14,0.0355,0.94,1783038776
All Pools,DCAU - AVAX,0.3,False,13.11,1040.93,0.03278,1.15,1783038776
All Pools,DCAU - USDT.e,0.3,False,12.17,5054.79,0.03043,0.22,1783038776
All Pools,COQ - COQAI,0.3,False,12.13,19939.0,0.03032,0.06,1783038776
All Pools,RGOGLZ - USDC,0.3,False,12.04,1351.11,0.03011,0.81,1783038776
All Pools,AVAX - TIME,0.3,False,11.59,582.71,0.02897,1.81,1783038776
All Pools,FITFI - USDT.e,0.3,False,11.36,180.14,0.02839,5.75,1783038776
All Pools,DCAU - MIM,0.3,False,11.34,103.1,0.02835,10.04,1783038776
All Pools,rloop - AVAX,0.3,False,11.22,4617.67,0.02804,0.22,1783038776
All Pools,XETA - USDC,0.3,False,10.22,5380.7,0.02554,0.17,1783038776
All Pools,MAGICK - AVAX,0.3,False,10.2,275.85,0.02549,3.37,1783038776
All Pools,AVAX - FRAX,0.3,False,9.938,703.53,0.02485,1.29,1783038776
All Pools,ROCO - AVAX,0.3,False,9.595,1343.26,0.02399,0.65,1783038776
All Pools,MIM - MU,0.3,False,9.592,86.46,0.02398,10.12,1783038776
All Pools,USDC.e - MU,0.3,False,9.325,13192.0,0.02331,0.06,1783038776
All Pools,3QF - D - AVAX,0.3,False,8.601,1317.01,0.0215,0.6,1783038776
All Pools,3QF - D - WETH.e,0.3,False,8.587,2304.17,0.02147,0.34,1783038776
All Pools,MAGICK - USDC,0.3,False,8.526,216.95,0.02131,3.59,1783038776
All Pools,MIM - SDOG,0.3,False,8.359,81.98,0.0209,9.3,1783038776
All Pools,USDC - SDOG,0.3,False,8.333,361.27,0.02083,2.1,1783038776
All Pools,MIM - USDC,0.3,False,7.738,26.88,0.01935,26.27,1783038776
All Pools,TECH - AVAX,0.3,False,7.688,10524.0,0.01922,0.07,1783038776
All Pools,UST - USDC.e,0.3,False,7.534,682.66,0.01883,1.01,1783038776
All Pools,GGP - AVAX,0.3,False,7.531,35544.0,0.01883,0.02,1783038776
All Pools,HATCHY - AVAX,0.3,False,7.528,7062.75,0.01882,0.1,1783038776
All Pools,ORNG - SAI,0.3,False,6.995,115.79,0.01749,5.51,1783038776
All Pools,CAI - AVAX,0.3,False,6.975,1277.51,0.01744,0.5,1783038776
All Pools,MIM - PEFI,0.3,False,6.836,61.73,0.01709,10.11,1783038776
All Pools,REDWOLF - SOL,0.3,False,6.809,59.63,0.01702,10.42,1783038776
All Pools,EGG - AVAX,0.3,False,6.803,16971.0,0.01701,0.04,1783038776
All Pools,MIM - wsOHM,0.3,False,6.58,150.75,0.01645,3.98,1783038776
All Pools,USDC - aXEN,0.3,False,6.565,9.495,0.01641,63.1,1783038776
All Pools,TSD - AVAX,0.3,False,6.476,175.27,0.01619,3.37,1783038776
All Pools,LINK.e - USDT.e,0.3,False,6.449,215.28,0.01612,2.73,1783038776
All Pools,SWIFT - WETH.e,0.3,False,6.272,1224.62,0.01568,0.47,1783038776
All Pools,$Crazy - AVAX,0.3,False,6.24,757.92,0.0156,0.75,1783038776
All Pools,JOE - USDT,0.3,False,5.944,297.56,0.01486,1.82,1783038776
All Pools,SWIFT - USDC.e,0.3,False,5.906,474.21,0.01476,1.14,1783038776
All Pools,Psychic - AVAX,0.3,False,5.847,921.04,0.01462,0.58,1783038776
All Pools,WETH - USDC.e,0.3,False,5.818,195.11,0.01455,2.72,1783038776
All Pools,YOU - ORNG,0.3,False,5.807,1409.25,0.01452,0.38,1783038776
All Pools,ZRO - AVAX,0.3,False,5.768,137.6,0.01442,3.82,1783038776
All Pools,AVAX - PEFI,0.3,False,5.573,3371.18,0.01393,0.15,1783038776
All Pools,L - Swing - aXEN,0.3,False,5.3,54.24,0.01325,8.92,1783038776
All Pools,LINK.e - USDC.e,0.3,False,5.005,178.98,0.01251,2.55,1783038776
All Pools,gOHM - wsOHM,0.3,False,4.913,15.55,0.01228,28.83,1783038776
All Pools,PTOP400 - TOPIA,0.3,False,4.739,96.86,0.01185,4.46,1783038776
All Pools,AVAX - DOMI,0.3,False,4.6,11181.0,0.0115,0.04,1783038776
All Pools,XROSS - ORNG,0.3,False,4.495,240.06,0.01124,1.71,1783038776
All Pools,GENI - AVAX,0.3,False,4.357,53.21,0.01089,7.47,1783038776
All Pools,USDC - LODE,0.3,False,4.352,1024.97,0.01088,0.39,1783038776
All Pools,COQ - BLSEYE🎯,0.3,False,4.281,155.04,0.0107,2.52,1783038776
All Pools,gOHM - SB,0.3,False,4.27,16.89,0.01067,23.07,1783038776
All Pools,L - Swing - AVAX,0.3,False,4.212,109.65,0.01053,3.5,1783038776
All Pools,ISA - USDC.e,0.3,False,4.011,435.14,0.01003,0.84,1783038776
All Pools,Psychic - BLACK,0.3,False,3.985,305.43,0.00996,1.19,1783038776
All Pools,AVAX - ELK,0.3,False,3.967,1339.39,0.00992,0.27,1783038776
All Pools,ORNG - JUCI,0.3,False,3.898,253.35,0.00974,1.4,1783038776
All Pools,WETH.e - USDT.e,0.3,False,3.791,143.19,0.00948,2.42,1783038776
All Pools,AMI - TOPIA,0.3,False,3.648,145.49,0.00912,2.29,1783038776
All Pools,MYST - AVAX,0.3,False,3.572,674.25,0.00893,0.48,1783038776
All Pools,ORNG - MOOM,0.3,False,3.541,193.92,0.00885,1.67,1783038776
All Pools,PNG - JOE,0.3,False,3.522,125.45,0.00881,2.56,1783038776
All Pools,YAK - AVAX,0.3,False,3.461,3169.27,0.00865,0.1,1783038776
All Pools,BRO - COQ,0.3,False,3.452,142.53,0.00863,2.21,1783038776
All Pools,BRO - AVAX,0.3,False,3.446,104483.0,0.00862,0.0,1783038776
All Pools,REDWOLF - USDC,0.3,False,3.368,188.4,0.00842,1.63,1783038776
All Pools,SOL - AVAX,0.3,False,3.315,0.00167,0.00829,180758.32,1783038776
All Pools,aDXN - aXEN,0.3,False,3.3,5.23,0.00825,57.59,1783038776
All Pools,avUSD - sAVAX,0.3,False,3.27,231.17,0.00818,1.29,1783038776
All Pools,ORNG - FLUX,0.3,False,3.174,108.05,0.00793,2.68,1783038776
All Pools,ISA - AVAX,0.3,False,3.129,1122.69,0.00782,0.25,1783038776
All Pools,WETH.e - ONION,0.3,False,3.123,223.48,0.00781,1.28,1783038776
All Pools,TRESR - AVAX,0.3,False,2.908,8168.54,0.00727,0.03,1783038776
All Pools,Psychic - XAUt0,0.3,False,2.899,5954.84,0.00725,0.04,1783038776
All Pools,aDXN - AVAX,0.3,False,2.893,51.86,0.00723,5.09,1783038776
All Pools,BLSEYE🎯 - BEAM,0.3,False,2.873,269.57,0.00718,0.97,1783038776
All Pools,USV - DAI.e,0.3,False,2.811,4082.49,0.00703,0.06,1783038776
All Pools,UST - USDC,0.3,False,2.794,440.43,0.00699,0.58,1783038776
All Pools,USDC.e - SOL,0.3,False,2.742,36.02,0.00686,6.95,1783038776
All Pools,YAK - USDC.e,0.3,False,2.708,197.79,0.00677,1.25,1783038776
All Pools,PTOP1300 - TOPIA,0.3,False,2.668,102.97,0.00667,2.36,1783038776
All Pools,MAI - TOMB,0.3,False,2.654,119.92,0.00663,2.02,1783038776
All Pools,MYST - USDC,0.3,False,2.59,220.76,0.00648,1.07,1783038776
All Pools,MIM - DAI.e,0.3,False,2.589,17.8,0.00647,13.27,1783038776
All Pools,MIM - TIME,0.3,False,2.498,23.72,0.00625,9.61,1783038776
All Pools,PTOP1100 - TOPIA,0.3,False,2.492,111.1,0.00623,2.05,1783038776
All Pools,REDWOLF - AVAX,0.3,False,2.49,400.47,0.00622,0.57,1783038776
All Pools,SPC - DAI.e,0.3,False,2.317,21.73,0.00579,9.73,1783038776
All Pools,USDV - REDWOLF,0.3,False,2.185,18.12,0.00546,11.0,1783038776
All Pools,wsOHM - USDC.e,0.3,False,2.153,16.89,0.00538,11.63,1783038776
All Pools,USDT.e - ONION,0.3,False,2.057,737.59,0.00514,0.25,1783038776
All Pools,HAT - AVAX,0.3,False,2.025,7424.29,0.00506,0.02,1783038776
All Pools,USDC.e - DAI.e,0.3,False,1.999,22247.0,0.005,0.01,1783038776
All Pools,HUSKY - JOE,0.3,False,1.963,96.09,0.00491,1.86,1783038776
All Pools,USDC.e - USDT.e,0.3,False,1.876,39997.0,0.00469,0.0,1783038776
All Pools,YEEHAW - TOPIA,0.3,False,1.873,104.12,0.00468,1.64,1783038776
All Pools,USDT.e - CLY,0.3,False,1.868,185.21,0.00467,0.92,1783038776
All Pools,AVAX - CLY,0.3,False,1.858,22943.0,0.00465,0.01,1783038776
All Pools,DATCM - ORNG,0.3,False,1.822,238.11,0.00456,0.7,1783038776
All Pools,H2O - AVAX,0.3,False,1.807,17.51,0.00452,9.42,1783038776
All Pools,SYN - REDWOLF,0.3,False,1.773,7.598,0.00443,21.29,1783038776
All Pools,LUNA - USDC.e,0.3,False,1.751,338.58,0.00438,0.47,1783038776
All Pools,USDC - SOCK,0.3,False,1.749,425.01,0.00437,0.38,1783038776
All Pools,AVAX - SOCK,0.3,False,1.746,2499.22,0.00437,0.06,1783038776
All Pools,sAVAX - COQ,0.3,False,1.709,64.67,0.00427,2.41,1783038776
All Pools,SWIFT - AVAX,0.3,False,1.707,234.39,0.00427,0.66,1783038776
All Pools,PTOP900 - TOPIA,0.3,False,1.698,77.51,0.00425,2.0,1783038776
All Pools,miMatic - AVAX,0.3,False,1.697,30.25,0.00424,5.12,1783038776
All Pools,PTOP1000 - TOPIA,0.3,False,1.664,76.13,0.00416,1.99,1783038776
All Pools,USDC.e - WXT,0.3,False,1.626,217.87,0.00407,0.68,1783038776
All Pools,ABC - HOWDY,0.3,False,1.623,523.93,0.00406,0.28,1783038776
All Pools,AVAX - EROL,0,False,1.605,39.27,0.0,0.0,1783038776
All Pools,WETH.e - REDWOLF,0.3,False,1.605,80.78,0.00401,1.81,1783038776
All Pools,Now - BLACK,0.3,False,1.571,280.41,0.00393,0.51,1783038776
All Pools,MILK - USDC,0.3,False,1.571,509.71,0.00393,0.28,1783038776
All Pools,APOW - AVAX,0.3,False,1.562,640.29,0.00391,0.22,1783038776
All Pools,FITFI - AVAX,0.3,False,1.528,16.41,0.00382,8.5,1783038776
All Pools,DPS - AVAX,0.3,False,1.491,188.99,0.00373,0.72,1783038776
All Pools,DPS - USDC,0.3,False,1.491,1908.25,0.00373,0.07,1783038776
All Pools,HOWDY - USDt,0.3,False,1.48,174.05,0.0037,0.78,1783038776
All Pools,AVAX - SPELL,0.3,False,1.458,2043.3,0.00365,0.07,1783038776
All Pools,FXS - AVAX,0.3,False,1.423,307.17,0.00356,0.42,1783038776
All Pools,USDC.e - ONION,0.3,False,1.393,368.63,0.00348,0.34,1783038776
All Pools,YUSD - AVAX,0.3,False,1.374,118.81,0.00344,1.06,1783038776
All Pools,miMatic - USDC.e,0.3,False,1.329,22.2,0.00332,5.46,1783038776
All Pools,wsOHM - AVAX,0.3,False,1.306,7.618,0.00327,15.65,1783038776
All Pools,MIM - FORT,0.3,False,1.279,2164.04,0.0032,0.05,1783038776
All Pools,USDC.e - AVVO,0.3,False,1.278,226.86,0.0032,0.51,1783038776
All Pools,AVAX - FORT,0.3,False,1.274,11.75,0.00319,9.89,1783038776
All Pools,WBTC.e - USDT.e,0.3,False,1.208,153.31,0.00302,0.72,1783038776
All Pools,Now - AVAX,0.3,False,1.195,200.45,0.00299,0.54,1783038776
All Pools,KRW - AVAX,0.3,False,1.181,328.49,0.00295,0.33,1783038776
All Pools,JOE - KRW,0.3,False,1.179,156.4,0.00295,0.69,1783038776
All Pools,AVAX - MU,0.3,False,1.103,75.66,0.00276,1.33,1783038776
All Pools,STATIK - AVAX,0.3,False,1.096,31.27,0.00274,3.2,1783038776
All Pools,FTOMB - AVAX,0.3,False,1.082,6895.98,0.0027,0.01,1783038776
All Pools,DCAU - USDC,0.3,False,1.082,144.5,0.0027,0.68,1783038776
All Pools,GB - AVAX,0.3,False,1.08,1849.95,0.0027,0.05,1783038776
All Pools,SYN - USDC.e,0.3,False,1.066,3.844,0.00266,25.3,1783038776
All Pools,MIM - VOLT,0.3,False,1.047,12.7,0.00262,7.52,1783038776
All Pools,SHRAP - DOMI,0.3,False,1.031,172.06,0.00258,0.55,1783038776
All Pools,AVAX - IMPACT2,0.3,False,1.019,141.78,0.00255,0.66,1783038776
All Pools,AVAX - ONION,0.3,False,0.99942,150.49,0.0025,0.61,1783038776
All Pools,FXS - L - Swing,0.3,False,0.98629,28.03,0.00247,3.21,1783038776
All Pools,HUSKY - AMI,0.3,False,0.98143,43.36,0.00245,2.07,1783038776
All Pools,MIM - PAPA,0.3,False,0.94593,54.44,0.00236,1.59,1783038776
All Pools,PAPA - AVAX,0.3,False,0.94062,10.1,0.00235,8.5,1783038776
All Pools,DAI.e - VOLT,0.3,False,0.90728,40.02,0.00227,2.07,1783038776
All Pools,MIM - AUSD,0.3,False,0.90428,9.882,0.00226,8.35,1783038776
All Pools,gOHM - JOE,0.3,False,0.89915,3.182,0.00225,25.79,1783038776
All Pools,APOW - USDC,0.3,False,0.89056,116.33,0.00223,0.7,1783038776
All Pools,BTC.b - IMPACT2,0.3,False,0.87927,1152.5,0.0022,0.07,1783038776
All Pools,ROY - AVAX,0.3,False,0.86882,4057.73,0.00217,0.02,1783038776
All Pools,SMRTr - AVAX,0.3,False,0.86425,26938.0,0.00216,0.0,1783038776
All Pools,UNIQOC - AVAX,0.3,False,0.86121,842.9,0.00215,0.09,1783038776
All Pools,SMRTr - USDC.e,0.3,False,0.85946,107.08,0.00215,0.73,1783038776
All Pools,UNIQOC - COQ,0.3,False,0.85936,37.09,0.00215,2.11,1783038776
All Pools,LINK.e - REDWOLF,0.3,False,0.83373,68.81,0.00208,1.11,1783038776
All Pools,LINDA - AVAX,0.3,False,0.80846,1637.47,0.00202,0.05,1783038776
All Pools,MIM - GRAPE,0.3,False,0.79624,92.63,0.00199,0.78,1783038776
All Pools,Ush - AVAX,0.3,False,0.78728,2177.96,0.00197,0.03,1783038776
All Pools,AVAX - EROL,0.3,False,0.78328,21.04,0.00196,3.4,1783038776
All Pools,JOE - EXP,0.3,False,0.77948,10742101.0,0.00195,,1783038776
All Pools,USDt - USDT.e,0.3,False,0.77114,20407.0,0.00193,0.0,1783038776
All Pools,WBTC.e - ONION,0.3,False,0.76672,345.13,0.00192,0.2,1783038776
All Pools,USDT.e - MU,0.3,False,0.75701,250.35,0.00189,0.28,1783038776
All Pools,oXAUT - AVAX,0.3,False,0.73475,422.93,0.00184,0.16,1783038776
All Pools,BTC.b - oXAUT,0.3,False,0.73464,311.68,0.00184,0.22,1783038776
All Pools,HOST - DAI.e,0.3,False,0.72626,2529.23,0.00182,0.03,1783038776
All Pools,Gravity - AVAX,0.3,False,0.70643,251.69,0.00177,0.26,1783038776
All Pools,WLRS - USDC.e,0.3,False,0.69538,4087.34,0.00174,0.02,1783038776
All Pools,UNI.e - REDWOLF,0.3,False,0.6933,9.239,0.00173,6.85,1783038776
All Pools,MIM - BLANC,0.3,False,0.69293,1002.77,0.00173,0.06,1783038776
All Pools,AVAX - BLANC,0.3,False,0.68893,6.563,0.00172,9.58,1783038776
All Pools,ACS - AVAX,0.3,False,0.68725,173.69,0.00172,0.36,1783038776
All Pools,APOW - USDt,0.3,False,0.66547,115.99,0.00166,0.52,1783038776
All Pools,COQ - JUICE,0.3,False,0.64717,27.34,0.00162,2.16,1783038776
All Pools,WLRS - GRAPE,0.3,False,0.64105,7.809,0.0016,7.49,1783038776
All Pools,GUN - AMI,0.3,False,0.59954,9.103,0.0015,6.01,1783038776
All Pools,USDt - IMPACT2,0.3,False,0.58522,69.42,0.00146,0.77,1783038776
All Pools,BANKSY - AVAX,0.3,False,0.5782,147.45,0.00145,0.36,1783038776
All Pools,BANKSY - USDT.e,0.3,False,0.57759,1534.47,0.00144,0.03,1783038776
All Pools,WOLF - AVAX,0.3,False,0.57575,46.91,0.00144,1.12,1783038776
All Pools,TSD - WOLF,0.3,False,0.56562,26.64,0.00141,1.94,1783038776
All Pools,AAVE.e - REDWOLF,0.3,False,0.55513,144.68,0.00139,0.35,1783038776
All Pools,WETH.e - SURE,0.3,False,0.54562,797.64,0.00136,0.06,1783038776
All Pools,AVAX - AVVO,0.3,False,0.53108,236.64,0.00133,0.2,1783038776
All Pools,BTC.b - HOWDY,0.3,False,0.52919,59.99,0.00132,0.8,1783038776
All Pools,KIWI - AVAX,0.3,False,0.52841,96.55,0.00132,0.5,1783038776
All Pools,KIWI - USDC,0.3,False,0.52815,299.01,0.00132,0.16,1783038776
All Pools,XAUt0 - Gravity,0.3,False,0.52206,325.91,0.00131,0.15,1783038776
All Pools,SYN - USDT.e,0.3,False,0.51931,2.049,0.0013,23.13,1783038776
All Pools,DREGG - AVAX,0.3,False,0.51271,150.82,0.00128,0.31,1783038776
All Pools,DREGG - USDT.e,0.3,False,0.51231,518.58,0.00128,0.09,1783038776
All Pools,DAI.e - ONION,0.3,False,0.51122,330.94,0.00128,0.14,1783038776
All Pools,AVAX - SMRT,0.3,False,0.51,1707.81,0.00128,0.03,1783038776
All Pools,SYN - WETH.e,0.3,False,0.49758,1.815,0.00124,25.02,1783038776
All Pools,USDT.e - SMRT,0.3,False,0.48547,90.23,0.00121,0.49,1783038776
All Pools,YEEHAW - BTC.b,0.3,False,0.46795,48.61,0.00117,0.88,1783038776
All Pools,MIM - RUG,0.3,False,0.46151,5.53,0.00115,7.62,1783038776
All Pools,USDC - SHRAP,0.3,False,0.45951,23.44,0.00115,1.79,1783038776
All Pools,BIG - AVAX,0.3,False,0.45647,9580.64,0.00114,0.0,1783038776
All Pools,USDT.e - SING,0.3,False,0.4547,1267.47,0.00114,0.03,1783038776
All Pools,MIM - GG,0.3,False,0.45428,53.22,0.00114,0.78,1783038776
All Pools,AVAX - GG,0.3,False,0.45271,4.322,0.00113,9.56,1783038776
All Pools,TRACTOR - AVAX,0.3,False,0.44882,11021.0,0.00112,0.0,1783038776
All Pools,AVAX - SING,0.3,False,0.44369,117.09,0.00111,0.35,1783038776
All Pools,AVAX - ARENA,0.3,False,0.42684,61.53,0.00107,0.63,1783038776
All Pools,Anon - AVAX,0.3,False,0.41829,7.767,0.00105,4.91,1783038776
All Pools,USDC.e - RUG,0.3,False,0.4122,17.35,0.00103,2.17,1783038776
All Pools,AVAX - USDT,0.3,False,0.39489,1790.35,,0.02,1783038776
All Pools,XAUt0 - Now,0.3,False,0.39449,587.05,,0.06,1783038776
All Pools,COQ - OSAK,0.3,False,0.39366,18.46,,1.95,1783038776
All Pools,OSAK - AVAX,0.3,False,0.39264,3362.46,,0.01,1783038776
All Pools,WETH.e - USDC,0.3,False,0.39206,19.44,,1.84,1783038776
All Pools,50 - AVAX,0.3,False,0.38942,61.54,,0.58,1783038776
All Pools,50 - USDC,0.3,False,0.3892,112.6,,0.32,1783038776
All Pools,TOMB - USDC,0.3,False,0.38557,10.22,,3.44,1783038776
All Pools,YEEHAW - CHAMP,0.3,False,0.37916,988.93,,0.03,1783038776
All Pools,HOWDY - AMI,0.3,False,0.37701,1292.36,,0.03,1783038776
All Pools,BUSD - AVAX,0.3,False,0.37676,358.31,,0.1,1783038776
All Pools,AI - AVAX,0.3,False,0.36683,2944.22,,0.01,1783038776
All Pools,UST - USDT.e,0.3,False,0.35882,38.78,,0.84,1783038776
All Pools,BTC.b - REDWOLF,0.3,False,0.33826,97.58,,0.32,1783038776
All Pools,WDAO - MIM,0.3,False,0.33769,4.718,,6.53,1783038776
All Pools,WDAO - AVAX,0.3,False,0.3361,9.858,,3.11,1783038776
All Pools,COQ - OX,0.3,False,0.33303,13548.0,,0.0,1783038776
All Pools,BLUB - AVAX,0.3,False,0.33106,12491.0,,0.0,1783038776
All Pools,AVAX - ZUBAX,0.3,False,0.32682,94.74,,0.31,1783038776
All Pools,LUNA - AVAX,0.3,False,0.32618,128.08,,0.23,1783038776
All Pools,BOI - MU,0.3,False,0.32613,0.67884,,43.84,1783038776
All Pools,HOST - AVAX,0.3,False,0.31878,91.34,,0.32,1783038776
All Pools,APIX - LAMBO,0.3,False,0.31855,413.81,,0.07,1783038776
All Pools,HOWDY - ARENA,0.3,False,0.31212,39.75,,0.72,1783038776
All Pools,SOL - USDC,0.3,False,0.30632,21.22,,1.32,1783038776
All Pools,KALM - AVAX,0.3,False,0.30493,100.91,,0.28,1783038776
All Pools,KALM - USDC,0.3,False,0.30472,78.39,,0.35,1783038776
All Pools,wMEMO - AVAX,0.3,False,0.30447,6.739,,4.12,1783038776
All Pools,MIM - UNIV,0.3,False,0.27092,4.856,,5.09,1783038776
All Pools,wMEMO - MIM,0.3,False,0.2704,4.047,,6.1,1783038776
All Pools,MIM - SBR,0.3,False,0.27032,9.391,,2.63,1783038776
All Pools,SBR - AVAX,0.3,False,0.26906,3.548,,6.92,1783038776
All Pools,UNIV - AVAX,0.3,False,0.26788,6.124,,3.99,1783038776
All Pools,AVAX - APOW,0.3,False,0.26016,1496.16,,0.02,1783038776
All Pools,SYMBIOT - AVAX,0.3,False,0.25566,77.37,,0.3,1783038776
All Pools,SURE - USDC.e,0.3,False,0.25549,20.2,,1.15,1783038776
All Pools,MIM - GG,0.3,False,0.25355,4.242,,5.45,1783038776
All Pools,CHAMP - AMI,0.3,False,0.25354,28.2,,0.82,1783038776
All Pools,GG - AVAX,0.3,False,0.25239,5.589,,4.12,1783038776
All Pools,AVAI - AVAX,0.3,False,0.2518,19.91,,1.15,1783038776
All Pools,RUG - USDT.e,0.3,False,0.24999,10.31,,2.21,1783038776
All Pools,MIM - SPELL,0.3,False,0.24993,2.258,,10.1,1783038776
All Pools,Psychic - Prometheus,0.3,False,0.24703,244.54,,0.09,1783038776
All Pools,AVAX - Prometheus,0.3,False,0.24671,213.66,,0.11,1783038776
All Pools,COQ - AMI,0.3,False,0.246,8.454,,2.66,1783038776
All Pools,SURE - DAI.e,0.3,False,0.24592,23.63,,0.95,1783038776
All Pools,SHOE - BTC.b,0.3,False,0.24463,0.81921,,27.25,1783038776
All Pools,NOCHILL - OX,0.3,False,0.2401,13700.0,,0.0,1783038776
All Pools,SYMBIOT - DAI.e,0.3,False,0.23921,449.31,,0.05,1783038776
All Pools,MIM - NADO,0.3,False,0.23802,139.71,,0.16,1783038776
All Pools,AVAX - NADO,0.3,False,0.23674,2.339,,9.24,1783038776
All Pools,ZRO - USDC,0.3,False,0.22228,4.505,,4.5,1783038776
All Pools,Light - Now,0.3,False,0.22208,676.62,,0.03,1783038776
All Pools,Light - AVAX,0.3,False,0.22196,66.29,,0.31,1783038776
All Pools,TOMB - SUBZERO,0.3,False,0.22126,9.398,,2.15,1783038776
All Pools,AVAX - SUBZERO,0.3,False,0.22119,30.98,,0.65,1783038776
All Pools,AVAX - rsAVAX,0.3,False,0.22066,168.71,,0.12,1783038776
All Pools,USDC - GAU,0.3,False,0.21962,846.07,,0.02,1783038776
All Pools,TOPIA - PTOP600,0.3,False,0.21909,108.84,,0.18,1783038776
All Pools,BOI - AMI,0.3,False,0.21827,0.44402,,44.86,1783038776
All Pools,AVAX - LYLY,0.3,False,0.21407,52.56,,0.37,1783038776
All Pools,ZUBAX - USDT.e,0.3,False,0.21062,173.35,,0.11,1783038776
All Pools,MIM - DUNEV3,0.3,False,0.20525,51669.0,,,1783038776
All Pools,MIM - LIFE,0.3,False,0.20516,9.184,,2.04,1783038776
All Pools,LIFE - AVAX,0.3,False,0.20388,2.488,,7.48,1783038776
All Pools,COQ - REDWOLF,0.3,False,0.20371,9.023,,2.06,1783038776
All Pools,DUNEV3 - USDC.e,0.3,False,0.20286,27236.0,,,1783038776
All Pools,USDC - MXNB,0.3,False,0.19982,26.34,,0.69,1783038776
All Pools,BUD - USDC.e,0.3,False,0.19903,224.88,,0.08,1783038776
All Pools,STEAK - AVAX,0.3,False,0.19693,10124.0,,0.0,1783038776
All Pools,IMPACT2 - EURC,0.3,False,0.19594,42.13,,0.42,1783038776
All Pools,MIM - TSNFTGM,0.3,False,0.19458,3.166,,5.61,1783038776
All Pools,BUD - AVAX,0.3,False,0.19367,571.52,,0.03,1783038776
All Pools,CHAMP - ARENA,0.3,False,0.19337,15.05,,1.17,1783038776
All Pools,BNB - AVAX,0.3,False,0.1915,2935.1,,0.01,1783038776
All Pools,WETH.e - yyAVAX,0.3,False,0.19015,14.22,,1.22,1783038776
All Pools,USDC - CHAM,0.3,False,0.18624,46.76,,0.36,1783038776
All Pools,YEEHAW - AVAX,0.3,False,0.18585,11.92,,1.42,1783038776
All Pools,Chemistry - AVAX,0.3,False,0.1827,66.44,,0.25,1783038776
All Pools,Chemistry - Now,0.3,False,0.18268,677.31,,0.02,1783038776
All Pools,MM - AVAX,0.3,False,0.18181,69.53,,0.24,1783038776
All Pools,MM - USDC,0.3,False,0.18165,50.51,,0.33,1783038776
All Pools,COQ - KOVIN,0.3,False,0.18049,8.568,,1.92,1783038776
All Pools,COQ - LYLY,0.3,False,0.17713,10.19,,1.59,1783038776
All Pools,MU - DAI.e,0.3,False,0.17701,236.62,,0.07,1783038776
All Pools,WBTC - AVAX,0.3,False,0.17523,31.2,,0.51,1783038776
All Pools,WBTC.e - REDWOLF,0.3,False,0.17386,48.42,,0.33,1783038776
All Pools,MAXI - DAI.e,0.3,False,0.16829,228.98,,0.07,1783038776
All Pools,VEE - USDC,0.3,False,0.16737,31.95,,0.48,1783038776
All Pools,USDC - USD+,0.3,False,0.16583,28.68,,0.53,1783038776
All Pools,GOOD - AVAX,0.3,False,0.16324,109.22,,0.14,1783038776
All Pools,GOOD - COQ,0.3,False,0.16251,63.87,,0.23,1783038776
All Pools,Trinity - AVAX,0.3,False,0.16208,763.95,,0.02,1783038776
All Pools,COQ - NOCHILL,0.3,False,0.15631,9.121,,1.56,1783038776
All Pools,TSNFTGM - DAI.e,0.3,False,0.15287,29.82,,0.47,1783038776
All Pools,GURS - AVAX,0.3,False,0.15271,5745.61,,0.0,1783038776
All Pools,CQK - AVAX,0.3,False,0.14952,101.15,,0.13,1783038776
All Pools,CQK - USDC,0.3,False,0.14944,31.43,,0.43,1783038776
All Pools,AVAX - SDOG,0.3,False,0.14894,6.569,,2.07,1783038776
All Pools,AVAX - CHAM,0.3,False,0.14854,26.5,,0.51,1783038776
All Pools,USDC - APOW,0.3,False,0.1406,21.8,,0.59,1783038776
All Pools,CAPY - ARENA,0.3,False,0.14002,23535.0,,,1783038776
All Pools,COQ - BOOTY,0.3,False,0.13881,7.194,,1.76,1783038776
All Pools,BOOTY - AVAX,0.3,False,0.13857,1591.11,,0.01,1783038776
All Pools,SLUSH - AVAX,0.3,False,0.13532,47.35,,0.26,1783038776
All Pools,Void - AVAX,0.3,False,0.13527,65.17,,0.19,1783038776
All Pools,Void - Now,0.3,False,0.13522,680.09,,0.02,1783038776
All Pools,SLUSH - USDT.e,0.3,False,0.135,56.17,,0.22,1783038776
All Pools,AMI - SQRCAT,0.3,False,0.13282,10.4,,1.16,1783038776
All Pools,LINK.e - MU,0.3,False,0.13261,6.708,,1.8,1783038776
All Pools,gOHM - USDT.e,0.3,False,0.13249,0.62381,,19.38,1783038776
All Pools,COQ - MCV,0.3,False,0.12828,6.631,,1.77,1783038776
All Pools,MCV - AVAX,0.3,False,0.12805,295.87,,0.04,1783038776
All Pools,wsOHM - OTWO,0.3,False,0.12775,1.409,,8.27,1783038776
All Pools,gOHM - OTWO,0.3,False,0.12682,90035.0,,,1783038776
All Pools,USDC - yyAVAX,0.3,False,0.12556,12.31,,0.93,1783038776
All Pools,MEOW - AVAX,0.3,False,0.12554,7855.32,,0.0,1783038776
All Pools,MIM - TEMPO,0.3,False,0.12451,4.283,,2.65,1783038776
All Pools,JEWEL - USDC,0.3,False,0.12413,3929.49,,0.0,1783038776
All Pools,TEMPO - AVAX,0.3,False,0.12396,1.713,,6.6,1783038776
All Pools,MU - COQAI,0.3,False,0.12114,5.77,,1.92,1783038776
All Pools,USDt - APOW,0.3,False,0.11917,21.8,,0.5,1783038776
All Pools,MIM - sTHO,0.3,False,0.11664,185.15,,0.06,1783038776
All Pools,KLO - USDT.e,0.3,False,0.11606,5.29,,2.0,1783038776
All Pools,BrideOfChrist - BLACK,0.3,False,0.11302,20.61,,0.5,1783038776
All Pools,MIM - AFARMER,0.3,False,0.11274,3291.66,,0.0,1783038776
All Pools,JOE - aXEN,0.3,False,0.11247,0.19055,,53.86,1783038776
All Pools,Now - Mentor,0.3,False,0.10876,676.84,,0.01,1783038776
All Pools,AVAX - Mentor,0.3,False,0.10871,66.28,,0.15,1783038776
All Pools,COQ - SNP,0.3,False,0.10735,17.02,,0.58,1783038776
All Pools,SNP - AVAX,0.3,False,0.10709,8.111,,1.2,1783038776
All Pools,BSGG - AVAX,0.3,False,0.10658,2.501,,3.89,1783038776
All Pools,RUX - AVAX,0.3,False,0.10461,26.23,,0.36,1783038776
All Pools,AVAX - SHRAP,0.3,False,0.10454,12.66,,0.75,1783038776
All Pools,USDt - RUX,0.3,False,0.10453,16072.0,,,1783038776
All Pools,USDC - XPOW,0.3,False,0.10445,10.54,,0.9,1783038776
All Pools,SWORD - AVAX,0.3,False,0.10362,14.47,,0.65,1783038776
All Pools,MIM - WOHM,0.3,False,0.0979,10.77,,0.83,1783038776
All Pools,AVAX - WOHM,0.3,False,0.09746,1.06,,8.39,1783038776
All Pools,AVAX - WISE,0.3,False,0.09705,61.95,,0.14,1783038776
All Pools,USDC.e - WISE,0.3,False,0.09699,41.99,,0.21,1783038776
All Pools,MIM - DICK,0.3,False,0.09649,1.903,,4.63,1783038776
All Pools,TruthClosure - BLACK,0.3,False,0.09539,15.45,,0.56,1783038776
All Pools,Sanskrit - Now,0.3,False,0.09228,678.1,,0.01,1783038776
All Pools,Sanskrit - AVAX,0.3,False,0.09228,66.42,,0.13,1783038776
All Pools,TECH - OX,0.3,False,0.0915,5937.76,,0.0,1783038776
All Pools,USDt - XPOW,0.3,False,0.09114,10.47,,0.79,1783038776
All Pools,HUSKY - MUG,0.3,False,0.0906,13.79,,0.6,1783038776
All Pools,AVAX - ZABU,0.3,False,0.0896,24.12,,0.34,1783038776
All Pools,AVAI - USDC.e,0.3,False,0.08762,26.3,,0.3,1783038776
All Pools,BLS - USDt,0.3,False,0.08759,128.4,,0.06,1783038776
All Pools,MAGICK - COSMIC,0.3,False,0.08662,3.238,,2.44,1783038776
All Pools,USDC - COSMIC,0.3,False,0.08575,53.95,,0.15,1783038776
All Pools,AVAT - AVAX,0.3,False,0.08567,17.39,,0.45,1783038776
All Pools,AVAT - USDC,0.3,False,0.08548,38.05,,0.2,1783038776
All Pools,COQ - MU,0.3,False,0.08222,3.55,,2.11,1783038776
All Pools,METAG - AVAX,0.3,False,0.08199,20.31,,0.37,1783038776
All Pools,SUB - USDC,0.3,False,0.07967,11.53,,0.63,1783038776
All Pools,CGS - AVAX,0.3,False,0.079,55.17,,0.13,1783038776
All Pools,CGS - USDC.e,0.3,False,0.07881,152.39,,0.05,1783038776
All Pools,AVAX - BLACK,0.3,False,0.07702,3.868,,1.82,1783038776
All Pools,TickTock - Now,0.3,False,0.07678,677.37,,0.01,1783038776
All Pools,TickTock - AVAX,0.3,False,0.07676,66.35,,0.11,1783038776
All Pools,AVAX - MUG,0.3,False,0.07491,260.01,,0.03,1783038776
All Pools,Trinity - BrideOfChrist,0.3,False,0.07446,58292603.0,,,1783038776
All Pools,ABC - AMI,0.3,False,0.07019,2.681,,2.39,1783038776
All Pools,USDt - REDWOLF,0.3,False,0.06977,13.85,,0.46,1783038776
All Pools,LUNA - AVAX,0.3,False,0.06895,14.84,,0.42,1783038776
All Pools,TRYB - USDC.e,0.3,False,0.0684,32.19,,0.19,1783038776
All Pools,$Td - AVAX,0.3,False,0.06703,4549.14,,0.0,1783038776
All Pools,gOHM - USDC.e,0.3,False,0.06668,0.31696,,19.2,1783038776
All Pools,$Td - AMI,0.3,False,0.0663,25.74,,0.24,1783038776
All Pools,MIM - EDG,0.3,False,0.06625,1.334,,4.53,1783038776
All Pools,AVAX - EDG,0.3,False,0.06593,1.33,,4.52,1783038776
All Pools,SaintGermain - BLACK,0.3,False,0.06527,1.55,,3.84,1783038776
All Pools,USDC.e - USDC,0.3,False,0.06398,480903.0,,,1783038776
All Pools,AVAX - MILO,0.3,False,0.06373,832.28,,0.01,1783038776
All Pools,USDt - MILO,0.3,False,0.06359,14.43,,0.4,1783038776
All Pools,BTC.b - USDC,0.3,False,0.06335,4.135,,1.4,1783038776
All Pools,WBTC.e - USDC.e,0.3,False,0.06181,7.933,,0.71,1783038776
All Pools,SHOE - AMI,0.3,False,0.06135,0.19837,,28.22,1783038776
All Pools,USDC.e - WSHARE,0.3,False,0.06064,2281.58,,0.0,1783038776
All Pools,AMI - COQAI,0.3,False,0.0597,2.841,,1.92,1783038776
All Pools,METAG - USDT.e,0.3,False,0.05901,47.72,,0.11,1783038776
All Pools,LUNA - USDC.e,0.3,False,0.05793,677.8,,0.01,1783038776
All Pools,USDC - BVAX,0.3,False,0.0578,26.59,,0.2,1783038776
All Pools,MIM - RUG,0.3,False,0.05728,1.133,,4.61,1783038776
All Pools,RUG - USDC,0.3,False,0.05678,1.055,,4.91,1783038776
All Pools,SURE - AVAX,0.3,False,0.05667,5.288,,0.98,1783038776
All Pools,FollowTheWhiteRabbit - AVAX,0.3,False,0.05641,121.48,,0.04,1783038776
All Pools,USDC.e - WMATIC,0.3,False,0.05624,16.6,,0.31,1783038776
All Pools,FRENXEN - USDC,0.3,False,0.05575,8.643,,0.59,1783038776
All Pools,FollowTheWhiteRabbit - TruthClosure,0.3,False,0.05499,31.84,,0.16,1783038776
All Pools,AVVO - DAI.e,0.3,False,0.05444,35.08,,0.14,1783038776
All Pools,FRENXEN - aXEN,0.3,False,0.0543,0.28204,,17.57,1783038776
All Pools,Beyond - AVAX,0.3,False,0.05294,66.09,,0.07,1783038776
All Pools,USDT.e - ZABU,0.3,False,0.05292,44.66,,0.11,1783038776
All Pools,Beyond - Now,0.3,False,0.05281,340.8,,0.01,1783038776
All Pools,GB - USDT.e,0.3,False,0.05276,20.27,,0.24,1783038776
All Pools,DFIAT - AVAX,0.3,False,0.05271,6268.0,,,1783038776
All Pools,GLOBA - AVAX,0.3,False,0.05267,41.42,,0.12,1783038776
All Pools,DFIAT - USDT.e,0.3,False,0.05252,27.3,,0.18,1783038776
All Pools,AVAX - ELK,0.3,False,0.0518,49.65,,0.1,1783038776
All Pools,AVAX - NEMO,0.3,False,0.05162,6.663,,0.71,1783038776
All Pools,USDt - NEMO,0.3,False,0.05154,95.81,,0.05,1783038776
All Pools,DICK - AVAX,0.3,False,0.05056,6.13,,0.75,1783038776
All Pools,JOE - ZABU,0.3,False,0.05018,13.49,,0.34,1783038776
All Pools,COQ - MICRO,0.3,False,0.04965,2.915,,1.55,1783038776
All Pools,LF - USDT.e,0.3,False,0.04953,0.93565,,4.83,1783038776
All Pools,AVAX - MICRO,0.3,False,0.04948,20.11,,0.22,1783038776
All Pools,GLOBA - DAI.e,0.3,False,0.04924,48.22,,0.09,1783038776
All Pools,MIM - SMRT,0.3,False,0.0491,0.48583,,9.22,1783038776
All Pools,MIM - VYBE,0.3,False,0.04888,0.75603,,5.9,1783038776
All Pools,AVAX - VYBE,0.3,False,0.04852,1.653,,2.68,1783038776
All Pools,NXPC - USDC,0.3,False,0.04739,0.70388,,6.14,1783038776
All Pools,AVAX - DUO,0.3,False,0.04702,56.53,,0.08,1783038776
All Pools,USDT.e - DUO,0.3,False,0.04691,53.1,,0.08,1783038776
All Pools,meGNX - AVAX,0.3,False,0.04684,13.32,,0.32,1783038776
All Pools,BTC.b - MU,0.3,False,0.04648,9.838,,0.43,1783038776
All Pools,MIM - TEST,0.3,False,0.04529,0.46911,,8.81,1783038776
All Pools,LoveIsTheKey - AVAX,0.3,False,0.04459,10.83,,0.38,1783038776
All Pools,ElvisJackpot - BLACK,0.3,False,0.04257,11.86,,0.33,1783038776
All Pools,ElvisJackpot - Gravity,0.3,False,0.04257,15.21,,0.26,1783038776
All Pools,BUSD - USDC,0.3,False,0.04245,7.647,,0.51,1783038776
All Pools,NRK - DAI.e,0.3,False,0.04183,282.14,,0.01,1783038776
All Pools,MIM - WINE,0.3,False,0.04182,132.6,,0.03,1783038776
All Pools,bCASH - TECH,0.3,False,0.04053,11.91,,0.31,1783038776
All Pools,MELT - AVAX,0.3,False,0.04034,20.71,,0.18,1783038776
All Pools,MELT - USDT.e,0.3,False,0.04015,29.79,,0.12,1783038776
All Pools,WETH.e - meGNX,0.3,False,0.04006,4.987,,0.73,1783038776
All Pools,UST - USDC,0.3,False,0.03959,3.962,,0.91,1783038776
All Pools,COQ - bCASH,0.3,False,0.03869,12.78,,0.28,1783038776
All Pools,BrideOfChrist - AVAX,0.3,False,0.03851,65.68,,0.05,1783038776
All Pools,BANKSY - AVAX,0.3,False,0.03821,19.05,,0.18,1783038776
All Pools,BANKSY - USDC.e,0.3,False,0.03804,29.6,,0.12,1783038776
All Pools,FLAKE - AVAX,0.3,False,0.03794,17.73,,0.2,1783038776
All Pools,FLAKE - USDT.e,0.3,False,0.03778,48.92,,0.07,1783038776
All Pools,QI - LYLY,0.3,False,0.0374,1.88,,1.82,1783038776
All Pools,Gravity - SaintGermain,0.3,False,0.0366,19.03,,0.18,1783038776
All Pools,Trinity - TruthClosure,0.3,False,0.03591,6.862,,0.48,1783038776
All Pools,AVAX - APE - X,0.3,False,0.03521,488.04,,0.01,1783038776
All Pools,AVAX - ZSHARE,0.3,False,0.03404,13.14,,0.24,1783038776
All Pools,TOMB - ZSHARE,0.3,False,0.03402,1.165,,2.66,1783038776
All Pools,ROCKY - AVAX,0.3,False,0.03324,2.638,,1.15,1783038776
All Pools,AVAX - KET,0.3,False,0.03238,23.8,,0.12,1783038776
All Pools,WETH.e - MU,0.3,False,0.03113,1.726,,1.65,1783038776
All Pools,AMPL - MIM,0.3,False,0.03112,0.42999,,6.6,1783038776
All Pools,SNTA - MIM,0.3,False,0.03008,0.29796,,9.21,1783038776
All Pools,MIM - PAR,0.3,False,0.02983,0.41565,,6.55,1783038776
All Pools,nETH - WETH.e,0.3,False,0.02977,0.20435,,13.29,1783038776
All Pools,AVAX - PAR,0.3,False,0.02959,1.291,,2.09,1783038776
All Pools,YEEHAW - AMI,0.3,False,0.02934,3.076,,0.87,1783038776
All Pools,TSNFTGM - AVAX,0.3,False,0.02916,3.103,,0.86,1783038776
All Pools,LoveIsTheKey - BLACK,0.3,False,0.02906,4.855,,0.55,1783038776
All Pools,QI - REDWOLF,0.3,False,0.0289,1.194,,2.21,1783038776
All Pools,USDR - USDC,0.3,False,0.02857,40.18,,0.06,1783038776
All Pools,MIM - BTC.b,0.3,False,0.02737,0.02101,,118.87,1783038776
All Pools,KOVIN - AVAX,0.3,False,0.02724,2291.24,,0.0,1783038776
All Pools,AVAX - SNOB,0.3,False,0.02687,732.59,,0.0,1783038776
All Pools,MIM - ICE,0.3,False,0.02677,0.28519,,8.57,1783038776
All Pools,USDC.e - GG,0.3,False,0.02662,0.30162,,8.05,1783038776
All Pools,WOLF - USDT.e,0.3,False,0.0265,3.14,,0.77,1783038776
All Pools,GAINS - COQ,0.3,False,0.02622,1.438,,1.66,1783038776
All Pools,GAINS - AVAX,0.3,False,0.02616,31.61,,0.08,1783038776
All Pools,TruthClosure - AVAX,0.3,False,0.02609,8.173,,0.29,1783038776
All Pools,ACS - USDC.e,0.3,False,0.02608,5.163,,0.46,1783038776
All Pools,Stolen - AVAX,0.3,False,0.02607,13.28,,0.18,1783038776
All Pools,GATOR - ARENA,0.3,False,0.02578,1.455,,1.62,1783038776
All Pools,CNR - USDC,0.3,False,0.02528,4.28,,0.54,1783038776
All Pools,HUSKY - aXEN,0.3,False,0.02502,0.04781,,47.76,1783038776
All Pools,BLS - SHRAP,0.3,False,0.02497,8.841,,0.26,1783038776
All Pools,AVAX - WINE,0.3,False,0.02456,0.07317,,30.63,1783038776
All Pools,AVAX - NaughtiusMaximus,0.3,False,0.02439,344.44,,0.01,1783038776
All Pools,COQ - COFI,0.3,False,0.02432,1.262,,1.76,1783038776
All Pools,XAUt0 - NaughtiusMaximus,0.3,False,0.02431,899.1,,0.0,1783038776
All Pools,AVAX - COFI,0.3,False,0.02426,454.31,,0.0,1783038776
All Pools,PNG - REDWOLF,0.3,False,0.02425,3.634,,0.61,1783038776
All Pools,WETH.e - USDR,0.3,False,0.02299,2.34,,0.9,1783038776
All Pools,WOLF - AMI,0.3,False,0.02288,2.521,,0.83,1783038776
All Pools,METAG - USDt,0.3,False,0.0227,15.55,,0.13,1783038776
All Pools,JOE - aDXN,0.3,False,0.02259,0.28345,,7.27,1783038776
All Pools,SUB - AVAX,0.3,False,0.0223,15.45,,0.13,1783038776
All Pools,MIM - toi,0.3,False,0.02213,0.53447,,3.78,1783038776
All Pools,toi - AVAX,0.3,False,0.02196,0.36546,,5.48,1783038776
All Pools,CANS - AVAX,0.3,False,0.0218,8.951,,0.22,1783038776
All Pools,AVAX - SantaGospel,0.3,False,0.02135,100.1,,0.02,1783038776
All Pools,BLACK - SantaGospel,0.3,False,0.02132,3.032,,0.64,1783038776
All Pools,GATOR - AMI,0.3,False,0.02126,2.854,,0.68,1783038776
All Pools,YEEHAW - USDC,0.3,False,0.02107,5.473,,0.35,1783038776
All Pools,Gravity - BLACK,0.3,False,0.02104,0.30292,,6.34,1783038776
All Pools,BLACK - IfYouKnowYouKnow,0.3,False,0.02086,1.515,,1.26,1783038776
All Pools,LIBRE - USDC.e,0.3,False,0.02065,12.58,,0.15,1783038776
All Pools,KIMBO - COQ,0.3,False,0.02053,1.074,,1.74,1783038776
All Pools,KIMBO - CANS,0.3,False,0.02049,250.96,,0.01,1783038776
All Pools,AVAX - GAU,0.3,False,0.01976,5.882,,0.31,1783038776
All Pools,NineHundred - AVAX,0.3,False,0.01972,104.62,,0.02,1783038776
All Pools,NineHundred - BLACK,0.3,False,0.01971,3.056,,0.59,1783038776
All Pools,MIM - ICY,0.3,False,0.01948,7.14,,0.25,1783038776
All Pools,AAVE.e - USDT.e,0.3,False,0.01945,2.504,,0.71,1783038776
All Pools,AVAX - ICE,0.3,False,0.01898,107.09,,0.02,1783038776
All Pools,WETH.e - STATIK,0.3,False,0.01887,0.9449,,1.82,1783038776
All Pools,USDt - USDC.e,0.3,False,0.01835,14.17,,0.12,1783038776
All Pools,MIM - MTB,0.3,False,0.01777,0.37796,,4.29,1783038776
All Pools,AVAX - MTB,0.3,False,0.0176,0.40983,,3.92,1783038776
All Pools,NOCHILL - AMI,0.3,False,0.01721,3.457,,0.45,1783038776
All Pools,BNZ - AVAX,0.3,False,0.01719,158.04,,0.01,1783038776
All Pools,DUO - USDT.e,0.3,False,0.01705,6.297,,0.25,1783038776
All Pools,Stolen - BLACK,0.3,False,0.01694,3.442,,0.45,1783038776
All Pools,MIM - DREX,0.3,False,0.01683,4.502,,0.34,1783038776
All Pools,QI - USDC.e,0.3,False,0.0168,0.66231,,2.32,1783038776
All Pools,AVAX - DREX,0.3,False,0.01667,0.17991,,8.45,1783038776
All Pools,KIMBO - AMI,0.3,False,0.01649,2.604,,0.58,1783038776
All Pools,Who - AVAX,0.3,False,0.01632,104.14,,0.01,1783038776
All Pools,Who - BLACK,0.3,False,0.0163,3.039,,0.49,1783038776
All Pools,Yellow - BLACK,0.3,False,0.0161,3.071,,0.48,1783038776
All Pools,AVAX - MUG,0.3,False,0.01601,1.022,,1.43,1783038776
All Pools,MIM - LIFE,0.3,False,0.01597,0.20949,,6.96,1783038776
All Pools,JADE - AVAX,0.3,False,0.01597,0.28021,,5.2,1783038776
All Pools,Go - BLACK,0.3,False,0.01593,3.053,,0.48,1783038776
All Pools,BTC.b - MUMO,0.3,False,0.01593,4.077,,0.36,1783038776
All Pools,MUMO - USDC,0.3,False,0.01585,7.933,,0.18,1783038776
All Pools,WOLF - MU,0.3,False,0.01582,4.037,,0.36,1783038776
All Pools,LIFE - AVAX,0.3,False,0.01579,0.74336,,1.94,1783038776
All Pools,TIME - SPELL,0.3,False,0.01563,0.39636,,3.6,1783038776
All Pools,LoveIsTheKey - Gravity,0.3,False,0.01559,30.58,,0.05,1783038776
All Pools,YETI - AVAX,0.3,False,0.01559,688.36,,0.0,1783038776
All Pools,YETI - WINE,0.3,False,0.01551,0.15449,,9.16,1783038776
All Pools,ORNG - JUICE,0.3,False,0.01541,1.398,,1.01,1783038776
All Pools,USDT.e - XAVA,0.3,False,0.01539,11.03,,0.13,1783038776
All Pools,COQ - ARENA,0.3,False,0.0151,0.85638,,1.61,1783038776
All Pools,Anon - USDC,0.3,False,0.01509,0.65306,,2.11,1783038776
All Pools,AMI - MU,0.3,False,0.01495,1.267,,1.08,1783038776
All Pools,Hydrogen - BLACK,0.3,False,0.01468,3.068,,0.44,1783038776
All Pools,Hydrogen - AVAX,0.3,False,0.01467,195.65,,0.01,1783038776
All Pools,RUG - DAI.e,0.3,False,0.01442,0.74946,,1.76,1783038776
All Pools,HATCHY - AMI,0.3,False,0.01434,2.746,,0.48,1783038776
All Pools,PB - MIM,0.3,False,0.01402,4.735,,0.27,1783038776
All Pools,PB - AVAX,0.3,False,0.01385,0.14625,,8.64,1783038776
All Pools,aAvaLINK - LINK.e,0.3,False,0.01379,1.539,,0.82,1783038776
All Pools,SHOE - COQ,0.3,False,0.01376,0.04295,,29.25,1783038776
All Pools,aAvaLINK - AVAX,0.3,False,0.01376,7.485,,0.17,1783038776
All Pools,TEST - USDT.e,0.3,False,0.01374,3.901,,0.32,1783038776
All Pools,Psychic - BiTonic,0.3,False,0.01353,49.4,,0.02,1783038776
All Pools,COQ - ZUM,0.3,False,0.01344,0.76667,,1.6,1783038776
All Pools,BiTonic - BLACK,0.3,False,0.01336,1.483,,0.82,1783038776
All Pools,MIM - DB,0.3,False,0.01326,0.17032,,7.1,1783038776
All Pools,Blue - BLACK,0.3,False,0.01324,3.072,,0.39,1783038776
All Pools,Blue - AVAX,0.3,False,0.01322,195.84,,0.01,1783038776
All Pools,Trinity - BLACK,0.3,False,0.01316,0.19972,,6.01,1783038776
All Pools,SLIME - AVAX,0.3,False,0.01314,15825.0,,,1783038776
All Pools,SLIME - USDt,0.3,False,0.01313,6.252,,0.19,1783038776
All Pools,DB - AVAX,0.3,False,0.01309,1.397,,0.86,1783038776
All Pools,COQ - SNOWY,0.3,False,0.01294,0.90258,,1.31,1783038776
All Pools,TEST - USDC,0.3,False,0.01284,3.934,,0.3,1783038776
All Pools,REDWOLF - WMATIC,0.3,False,0.01282,2.121,,0.55,1783038776
All Pools,bECH - AVAX,0.3,False,0.01276,17.57,,0.07,1783038776
All Pools,BTC.b - yyAVAX,0.3,False,0.01272,4.209,,0.28,1783038776
All Pools,USDt - SNOWY,0.3,False,0.01271,5.47,,0.21,1783038776
All Pools,MIM - YAK,0.3,False,0.01261,0.13423,,8.57,1783038776
All Pools,MIM - MEAD,0.3,False,0.0126,0.21652,,5.31,1783038776
All Pools,MIM - SFI,0.3,False,0.01257,0.14913,,7.69,1783038776
All Pools,MEAD - AVAX,0.3,False,0.01249,105.92,,0.01,1783038776
All Pools,AVAX - Strength,0.3,False,0.01241,104.89,,0.01,1783038776
All Pools,Strength - BLACK,0.3,False,0.0124,3.038,,0.37,1783038776
All Pools,MaryMagdalene - AVAX,0.3,False,0.01237,179.36,,0.01,1783038776
All Pools,MaryMagdalene - XAUt0,0.3,False,0.01236,1697.76,,,1783038776
All Pools,JOE - QI,0.3,False,0.01218,0.60791,,1.83,1783038776
All Pools,Gil - AVAX,0.3,False,0.012,14.1,,0.08,1783038776
All Pools,Trinity - IfYouKnowYouKnow,0.3,False,0.01191,3.567,,0.3,1783038776
All Pools,AVAX - Yeshua,0.3,False,0.01184,22.82,,0.05,1783038776
All Pools,Trinity - Yeshua,0.3,False,0.01182,26.66,,0.04,1783038776
All Pools,USDC - WSPP,0.3,False,0.01144,42.23,,0.02,1783038776
All Pools,AVAX - WSPP,0.3,False,0.01143,2.385,,0.44,1783038776
All Pools,LYD - REDWOLF,0.3,False,0.01143,4.133,,0.25,1783038776
All Pools,Gil - DAI.e,0.3,False,0.01122,26.71,,0.04,1783038776
All Pools,USDC - NXUSD,0.3,False,0.01119,3.217,,0.32,1783038776
All Pools,WETH - AVAX,0.3,False,0.01112,0.98687,,1.03,1783038776
All Pools,AVAX - STRAW,0.3,False,0.0111,14.75,,0.07,1783038776
All Pools,MU - SOL,0.3,False,0.0111,1.121,,0.9,1783038776
All Pools,DB - USDC,0.3,False,0.01081,0.34132,,2.89,1783038776
All Pools,Psychic - Hexagon,0.3,False,0.0108,49.33,,0.02,1783038776
All Pools,MIM - SMOKA,0.3,False,0.01078,0.19925,,4.94,1783038776
All Pools,Hexagon - BLACK,0.3,False,0.01066,1.478,,0.66,1783038776
All Pools,SMOKA - AVAX,0.3,False,0.01062,0.23946,,4.05,1783038776
All Pools,AMI - EROL,0.3,False,0.01049,0.31313,,3.06,1783038776
All Pools,xJOE - wsOHM,0.3,False,0.01048,0.16951,,5.64,1783038776
All Pools,xJOE - AVAX,0.3,False,0.01038,1.883,,0.5,1783038776
All Pools,DAI.e - STRAW,0.3,False,0.01038,36.48,,0.03,1783038776
All Pools,MIM - DB,0.3,False,0.01028,0.66841,,1.4,1783038776
All Pools,MIM - ARABBIT,0.3,False,0.01028,0.22182,,4.23,1783038776
All Pools,ARABBIT - AVAX,0.3,False,0.01014,0.24258,,3.81,1783038776
All Pools,AVAX - KATANA,0.3,False,0.01013,0.5539,,1.67,1783038776
All Pools,TECH - AMI,0.3,False,0.01003,1.776,,0.52,1783038776
All Pools,FLOT - COQ,0.3,False,0.01003,0.53262,,1.72,1783038776
All Pools,FLOT - AVAX,0.3,False,0.00998,3164.57,,,1783038776
All Pools,USDC.e - SMRT,0.3,False,0.00998,1.858,,0.49,1783038776
All Pools,MPL - AVAX,0.3,False,0.00998,5.213,,0.17,1783038776
All Pools,MPL - USDt,0.3,False,0.00996,30.09,,0.03,1783038776
All Pools,AVAX - PLT,0.3,False,0.0098,30.51,,0.03,1783038776
All Pools,GAS - AVAX,0.3,False,0.00968,137.86,,0.01,1783038776
All Pools,MIM - DB,0.3,False,0.00966,0.42736,,2.06,1783038776
All Pools,AVAX - LODE,0.3,False,0.00962,1.034,,0.85,1783038776
All Pools,DB - AVAX,0.3,False,0.00962,0.32694,,2.68,1783038776
All Pools,Owl - AVAX,0.3,False,0.00959,8.362,,0.1,1783038776
All Pools,Owl - Gravity,0.3,False,0.00953,1.622,,0.54,1783038776
All Pools,AVAX - RUG,0.3,False,0.00949,0.32066,,2.7,1783038776
All Pools,CNR - REDWOLF,0.3,False,0.00947,14.55,,0.06,1783038776
All Pools,CNR - USDt,0.3,False,0.00931,4.295,,0.2,1783038776
All Pools,SOB - AVAX,0.3,False,0.0093,402.05,,0.0,1783038776
All Pools,FITFI - USDC,0.3,False,0.00928,0.21683,,3.91,1783038776
All Pools,COQ - MEAT,0.3,False,0.00927,0.4741,,1.78,1783038776
All Pools,ARENA - AMI,0.3,False,0.00918,0.92255,,0.91,1783038776
All Pools,GRAPE - AVAX,0.3,False,0.00914,0.08401,,9.93,1783038776
All Pools,AVAX - GOT,0.3,False,0.00914,4.379,,0.19,1783038776
All Pools,Trinity - Stolen,0.3,False,0.00913,22.19,,0.04,1783038776
All Pools,USDT.e - GOT,0.3,False,0.0091,12.42,,0.07,1783038776
All Pools,AVAX - BAVA,0.3,False,0.00901,8.998,,0.09,1783038776
All Pools,MU - MUG,0.3,False,0.00886,2326.49,,,1783038776
All Pools,AVAX - WOLF,0.3,False,0.00872,56.15,,0.01,1783038776
All Pools,USDC.e - WOLF,0.3,False,0.0087,7.724,,0.1,1783038776
All Pools,AAVE.e - USDC.e,0.3,False,0.00861,1.209,,0.65,1783038776
All Pools,MELT - AVAX,0.3,False,0.00854,845.7,,,1783038776
All Pools,MELT - USDC.e,0.3,False,0.00852,6.08,,0.13,1783038776
All Pools,Psychic - Ups,0.3,False,0.0085,49.33,,0.02,1783038776
All Pools,KIMBO - KOVIN,0.3,False,0.00847,3.548,,0.22,1783038776
All Pools,BLACK - Ups,0.3,False,0.00841,1.481,,0.52,1783038776
All Pools,AVAX - ChristMark,0.3,False,0.00836,279.74,,0.0,1783038776
All Pools,Gravity - ChristMark,0.3,False,0.00835,12.01,,0.06,1783038776
All Pools,AVAX - TMT,0.3,False,0.00828,6.001,,0.13,1783038776
All Pools,USDT.e - TMT,0.3,False,0.00826,25.52,,0.03,1783038776
All Pools,Psychic - Go,0.3,False,0.00824,57.8,,0.01,1783038776
All Pools,ARENA - MU,0.3,False,0.00818,2.866,,0.26,1783038776
All Pools,Yellow - AVAX,0.3,False,0.00817,198.16,,0.0,1783038776
All Pools,Orange - AVAX,0.3,False,0.00815,64.87,,0.01,1783038776
All Pools,Milk - AVAX,0.3,False,0.00814,5.519,,0.13,1783038776
All Pools,Orange - BLACK,0.3,False,0.00812,2.567,,0.29,1783038776
All Pools,Milk - USDT.e,0.3,False,0.00812,13.94,,0.05,1783038776
All Pools,gOHM - WETH.e,0.3,False,0.00804,0.04305,,17.04,1783038776
All Pools,Psychic - Abracadabra,0.3,False,0.00803,49.31,,0.01,1783038776
All Pools,ICUBE - AVAX,0.3,False,0.00802,5.491,,0.13,1783038776
All Pools,ICUBE - USDT.e,0.3,False,0.008,108.14,,0.01,1783038776
All Pools,GURS - AMI,0.3,False,0.00799,1.315,,0.55,1783038776
All Pools,Psychic - Yellow,0.3,False,0.00794,64.76,,0.01,1783038776
All Pools,Abracadabra - BLACK,0.3,False,0.00794,1.488,,0.49,1783038776
All Pools,Psychic - Artemis,0.3,False,0.0079,49.47,,0.01,1783038776
All Pools,Artemis - BLACK,0.3,False,0.00781,1.501,,0.47,1783038776
All Pools,Gladiator - AVAX,0.3,False,0.00778,1.586,,0.45,1783038776
All Pools,COQ - EGG,0.3,False,0.00771,0.39422,,1.78,1783038776
All Pools,Go - AVAX,0.3,False,0.00771,104.8,,0.01,1783038776
All Pools,Psychic - Seminole,0.3,False,0.00757,49.29,,0.01,1783038776
All Pools,MEAT - AVAX,0.3,False,0.00753,3903.16,,,1783038776
All Pools,MIM - AKITA,0.3,False,0.00751,0.07508,,9.13,1783038776
All Pools,Seminole - BLACK,0.3,False,0.00749,1.492,,0.46,1783038776
All Pools,AVAX - AKITA,0.3,False,0.00741,1846.86,,,1783038776
All Pools,ALOT - USDC.e,0.3,False,0.0074,7.6,,0.09,1783038776
All Pools,COQ - JUICY,0.3,False,0.0073,0.41766,,1.6,1783038776
All Pools,CNR - AVAX,0.3,False,0.00724,46.84,,0.01,1783038776
All Pools,MIM - PLEB,0.3,False,0.00721,6.349,,0.1,1783038776
All Pools,YEEHAW - ARENA,0.3,False,0.00714,0.88779,,0.73,1783038776
All Pools,AVAX - PLEB,0.3,False,0.00711,0.07996,,8.11,1783038776
All Pools,GRELF[ava] - AVAX,0.3,False,0.00701,920.48,,,1783038776
All Pools,Choice - Psychic,0.3,False,0.007,49.31,,0.01,1783038776
All Pools,ELE - AVAX,0.3,False,0.00699,91.67,,0.01,1783038776
All Pools,Choice - BLACK,0.3,False,0.00693,1.486,,0.43,1783038776
All Pools,AAVE.e - meGNX,0.3,False,0.0069,3.436,,0.18,1783038776
All Pools,TRACTOR - USDT.e,0.3,False,0.00685,1.699,,0.37,1783038776
All Pools,Eye - Psychic,0.3,False,0.00683,49.33,,0.01,1783038776
All Pools,TEDDY - AVAX,0.3,False,0.00683,12.57,,0.05,1783038776
All Pools,Eye - BLACK,0.3,False,0.00678,1.481,,0.42,1783038776
All Pools,Psychic - James,0.3,False,0.00671,49.34,,0.01,1783038776
All Pools,ALPHA.e - AVAX,0.3,False,0.0067,64.88,,0.01,1783038776
All Pools,Psychic - Confusion,0.3,False,0.00664,49.33,,0.01,1783038776
All Pools,Psychic - ChristIAmYou,0.3,False,0.00664,49.56,,0.01,1783038776
All Pools,James - BLACK,0.3,False,0.00662,1.475,,0.41,1783038776
All Pools,Psychic - RefZip,0.3,False,0.00661,49.33,,0.01,1783038776
All Pools,BLACK - ChristIAmYou,0.3,False,0.00657,1.497,,0.4,1783038776
All Pools,Confusion - BLACK,0.3,False,0.00656,1.48,,0.4,1783038776
All Pools,Psychic - Who,0.3,False,0.00654,49.33,,0.01,1783038776
All Pools,AMPL - AVAX,0.3,False,0.00653,212.54,,0.0,1783038776
All Pools,RefZip - BLACK,0.3,False,0.00652,1.479,,0.4,1783038776
All Pools,AVAX - BOREA,0.3,False,0.00651,5.631,,0.11,1783038776
All Pools,Spider - Psychic,0.3,False,0.00651,49.29,,0.01,1783038776
All Pools,USDT.e - BOREA,0.3,False,0.0065,25.93,,0.02,1783038776
All Pools,Who - BLACK,0.3,False,0.00647,1.481,,0.4,1783038776
All Pools,Psychic - PennyTrinity,0.3,False,0.00643,49.35,,0.01,1783038776
All Pools,Spider - BLACK,0.3,False,0.00643,1.49,,0.39,1783038776
All Pools,PennyTrinity - BLACK,0.3,False,0.00638,1.476,,0.39,1783038776
All Pools,Psychic - TwinFlames,0.3,False,0.00637,49.89,,0.01,1783038776
All Pools,Psychic - Alice,0.3,False,0.00637,49.3,,0.01,1783038776
All Pools,BLACK - Alice,0.3,False,0.00631,1.488,,0.39,1783038776
All Pools,BLACK - TwinFlames,0.3,False,0.00629,1.499,,0.38,1783038776
All Pools,HCT - AVAX,0.3,False,0.00625,2.705,,0.21,1783038776
All Pools,BAWLS - AVAX,0.3,False,0.00625,12.13,,0.05,1783038776
All Pools,Loyalty - Psychic,0.3,False,0.00622,49.3,,0.01,1783038776
All Pools,Psychic - PoPo,0.3,False,0.00621,49.33,,0.01,1783038776
All Pools,Psychic - Finish,0.3,False,0.00616,49.29,,0.01,1783038776
All Pools,PoPo - BLACK,0.3,False,0.00614,1.482,,0.38,1783038776
All Pools,Psychic - Gematria,0.3,False,0.00611,49.34,,0.01,1783038776
All Pools,Psychic - Alphabet,0.3,False,0.00609,49.34,,0.01,1783038776
All Pools,Psychic - FinityFinity,0.3,False,0.00608,49.34,,0.01,1783038776
All Pools,Finish - BLACK,0.3,False,0.00607,1.491,,0.37,1783038776
All Pools,Loyalty - BLACK,0.3,False,0.00607,1.485,,0.37,1783038776
All Pools,Gematria - BLACK,0.3,False,0.00603,1.476,,0.37,1783038776
All Pools,FinityFinity - BLACK,0.3,False,0.00602,1.477,,0.37,1783038776
All Pools,Alphabet - BLACK,0.3,False,0.00601,1.475,,0.37,1783038776
All Pools,APOW - MU,0.3,False,0.006,2.361,,0.23,1783038776
All Pools,AMI - aSOCK,0.3,False,0.00588,1.593,,0.34,1783038776
All Pools,CATWIF - AVAX,0.3,False,0.00587,2308.41,,,1783038776
All Pools,Psychic - Thick,0.3,False,0.00587,49.32,,0.01,1783038776
All Pools,CATWIF - MU,0.3,False,0.00586,2.895,,0.18,1783038776
All Pools,AVAX - DWC,0.3,False,0.00585,4243.69,,,1783038776
All Pools,Psychic - TheArcher,0.3,False,0.00585,49.34,,0.01,1783038776
All Pools,AVAX - USDR,0.3,False,0.00584,2.518,,0.21,1783038776
All Pools,AVAX - aSOCK,0.3,False,0.00584,10.03,,0.05,1783038776
All Pools,DWC - MU,0.3,False,0.00584,2.79,,0.19,1783038776
All Pools,Psychic - Happy,0.3,False,0.00583,49.33,,0.01,1783038776
All Pools,COQ - SHEN,0.3,False,0.00583,0.33434,,1.59,1783038776
All Pools,UST - UST,0.3,False,0.00582,1.522,,0.35,1783038776
All Pools,SHEN - AVAX,0.3,False,0.0058,42.12,,0.01,1783038776
All Pools,Psychic - Partment,0.3,False,0.00579,49.31,,0.01,1783038776
All Pools,Thick - BLACK,0.3,False,0.00578,1.482,,0.36,1783038776
All Pools,TheArcher - BLACK,0.3,False,0.00578,1.482,,0.36,1783038776
All Pools,Happy - BLACK,0.3,False,0.00576,1.476,,0.36,1783038776
All Pools,Psychic - TrueStory,0.3,False,0.00575,49.34,,0.01,1783038776
All Pools,BLACK - Partment,0.3,False,0.00571,1.483,,0.35,1783038776
All Pools,Psychic - Number,0.3,False,0.00568,49.34,,0.01,1783038776
All Pools,TrueStory - BLACK,0.3,False,0.00568,1.476,,0.35,1783038776
All Pools,Psychic - LordJesusChrist,0.3,False,0.00567,47.38,,0.01,1783038776
All Pools,Flection - Psychic,0.3,False,0.00567,49.34,,0.01,1783038776
All Pools,Number - BLACK,0.3,False,0.00561,1.479,,0.35,1783038776
All Pools,Flection - BLACK,0.3,False,0.0056,1.475,,0.35,1783038776
All Pools,LordJesusChrist - BLACK,0.3,False,0.00559,1.428,,0.36,1783038776
All Pools,GENI - USDC.e,0.3,False,0.00557,0.10058,,5.06,1783038776
All Pools,Balln - AMI,0.3,False,0.00551,0.4788,,1.05,1783038776
All Pools,BGLD - AVAX,0.3,False,0.00549,3.683,,0.14,1783038776
All Pools,BGLD - USDT.e,0.3,False,0.00548,16.55,,0.03,1783038776
All Pools,Psychic - SevenSevenSeven,0.3,False,0.00546,49.34,,0.01,1783038776
All Pools,Psychic - KekiusMaximus,0.3,False,0.00543,49.33,,0.01,1783038776
All Pools,AVAX - SPADE,0.3,False,0.00539,5.059,,0.1,1783038776
All Pools,KekiusMaximus - BLACK,0.3,False,0.00539,1.48,,0.33,1783038776
All Pools,USDC.e - SPADE,0.3,False,0.00537,15.63,,0.03,1783038776
All Pools,SevenSevenSeven - BLACK,0.3,False,0.00537,1.474,,0.33,1783038776
All Pools,Psychic - Time,0.3,False,0.00537,49.33,,0.01,1783038776
All Pools,AMI - MOOCH,0.3,False,0.00534,0.3852,,1.27,1783038776
All Pools,Time - BLACK,0.3,False,0.0053,1.478,,0.33,1783038776
All Pools,AVAX - AXIAL,0.3,False,0.0053,620.39,,,1783038776
All Pools,Psychic - Numbers,0.3,False,0.00529,49.33,,0.01,1783038776
All Pools,Psychic - PlotTwist,0.3,False,0.00529,50.43,,0.01,1783038776
All Pools,TEST - DAI.e,0.3,False,0.00526,1.167,,0.41,1783038776
All Pools,Psychic - Mirror,0.3,False,0.00526,49.31,,0.01,1783038776
All Pools,Psychic - Sequence,0.3,False,0.00525,49.34,,0.01,1783038776
All Pools,PlotTwist - BLACK,0.3,False,0.00523,1.511,,0.32,1783038776
All Pools,Numbers - BLACK,0.3,False,0.00522,1.477,,0.32,1783038776
All Pools,KIMBO - EHCNALAVA,0.3,False,0.00522,1.965,,0.24,1783038776
All Pools,Psychic - [In]finity,0.3,False,0.00521,49.31,,0.01,1783038776
All Pools,EHCNALAVA - AVAX,0.3,False,0.0052,1119.36,,,1783038776
All Pools,Psychic - Six,0.3,False,0.00519,49.33,,0.01,1783038776
All Pools,Mirror - BLACK,0.3,False,0.00518,1.482,,0.32,1783038776
All Pools,Sequence - BLACK,0.3,False,0.00517,1.475,,0.32,1783038776
All Pools,[In]finity - BLACK,0.3,False,0.00517,1.485,,0.32,1783038776
All Pools,Psychic - IAmThatIAm,0.3,False,0.00516,49.34,,0.01,1783038776
All Pools,Psychic - daVinci,0.3,False,0.00516,49.33,,0.01,1783038776
All Pools,Psychic - Chrism,0.3,False,0.00516,51.7,,0.01,1783038776
All Pools,Six - BLACK,0.3,False,0.00512,1.477,,0.32,1783038776
All Pools,Chrism - BLACK,0.3,False,0.00512,1.561,,0.3,1783038776
All Pools,Psychic - Crypt,0.3,False,0.00512,49.29,,0.01,1783038776
All Pools,daVinci - BLACK,0.3,False,0.00509,1.477,,0.31,1783038776
All Pools,BLACK - IAmThatIAm,0.3,False,0.00508,1.475,,0.31,1783038776
All Pools,Crypt - BLACK,0.3,False,0.00506,1.49,,0.31,1783038776
All Pools,SOB - LUNA,0.3,False,0.00503,0.85308,,0.54,1783038776
All Pools,Psychic - OneOneOne,0.3,False,0.00501,49.33,,0.01,1783038776
All Pools,Psychic - Turtle,0.3,False,0.00498,49.34,,0.01,1783038776
All Pools,Psychic - Vampire,0.3,False,0.00498,49.33,,0.01,1783038776
All Pools,Psychic - [i]Lluminati,0.3,False,0.00497,50.87,,0.01,1783038776
All Pools,Psychic - Luck,0.3,False,0.00497,49.34,,0.01,1783038776
All Pools,OneOneOne - BLACK,0.3,False,0.00496,1.481,,0.31,1783038776
All Pools,RGK - AVAX,0.3,False,0.00495,0.0543,,8.32,1783038776
All Pools,[i]Lluminati - BLACK,0.3,False,0.00495,1.529,,0.3,1783038776
All Pools,Turtle - BLACK,0.3,False,0.00494,1.477,,0.31,1783038776
All Pools,Psychic - Line,0.3,False,0.00491,50.0,,0.01,1783038776
All Pools,Vampire - BLACK,0.3,False,0.00491,1.476,,0.3,1783038776
All Pools,Psychic - Solved,0.3,False,0.00491,49.33,,0.01,1783038776
All Pools,BLACK - Luck,0.3,False,0.0049,1.478,,0.3,1783038776
All Pools,USDC.e - NXUSD,0.3,False,0.0049,1.509,,0.3,1783038776
All Pools,Psychic - Blessings,0.3,False,0.00487,49.3,,0.01,1783038776
All Pools,Psychic - Checkmate,0.3,False,0.00486,49.45,,0.01,1783038776
All Pools,Solved - BLACK,0.3,False,0.00485,1.48,,0.3,1783038776
All Pools,Line - BLACK,0.3,False,0.00485,1.275,,0.35,1783038776
All Pools,FITFI - USDC.e,0.3,False,0.00484,0.11634,,3.8,1783038776
All Pools,Psychic - WhoWho,0.3,False,0.00483,49.33,,0.01,1783038776
All Pools,Psychic - Nine,0.3,False,0.00483,49.32,,0.01,1783038776
All Pools,Psychic - Bonfire,0.3,False,0.00482,49.33,,0.01,1783038776
All Pools,Blessings - BLACK,0.3,False,0.00481,1.488,,0.3,1783038776
All Pools,Checkmate - BLACK,0.3,False,0.00479,1.479,,0.3,1783038776
All Pools,Gladiator - USDC,0.3,False,0.00478,275.51,,0.0,1783038776
All Pools,WhoWho - BLACK,0.3,False,0.00478,1.477,,0.3,1783038776
All Pools,BLACK - Nine,0.3,False,0.00477,1.481,,0.29,1783038776
All Pools,SMRTr - GG,0.3,False,0.00477,0.08873,,4.9,1783038776
All Pools,Psychic - Gematria,0.3,False,0.00476,49.33,,0.01,1783038776
All Pools,Bonfire - BLACK,0.3,False,0.00476,1.48,,0.29,1783038776
All Pools,Psychic - Equal,0.3,False,0.00473,49.33,,0.01,1783038776
All Pools,Psychic - Diamonds,0.3,False,0.00472,51.25,,0.01,1783038776
All Pools,BLACK - Gematria,0.3,False,0.0047,1.479,,0.29,1783038776
All Pools,Diamonds - BLACK,0.3,False,0.00469,1.538,,0.28,1783038776
All Pools,Equal - BLACK,0.3,False,0.00467,1.479,,0.29,1783038776
All Pools,Psychic - Lock,0.3,False,0.00466,49.31,,0.01,1783038776
All Pools,Balln - HOWDY,0.3,False,0.00462,0.11703,,3.61,1783038776
All Pools,Lock - BLACK,0.3,False,0.00461,1.484,,0.28,1783038776
All Pools,Psychic - QuetzalCoatl,0.3,False,0.00459,49.34,,0.01,1783038776
All Pools,Psychic - Oracle,0.3,False,0.00456,49.34,,0.01,1783038776
All Pools,SFI - AVAX,0.3,False,0.00456,0.93735,,0.44,1783038776
All Pools,Psychic - Zero,0.3,False,0.00455,49.31,,0.01,1783038776
All Pools,QuetzalCoatl - BLACK,0.3,False,0.00453,1.476,,0.28,1783038776
All Pools,Oracle - BLACK,0.3,False,0.0045,1.475,,0.28,1783038776
All Pools,Zero - BLACK,0.3,False,0.00449,1.482,,0.28,1783038776
All Pools,WBTC - AVAX,0.3,False,0.00449,1.922,,0.21,1783038776
All Pools,MIM - SNOW,0.3,False,0.00442,0.1023,,3.94,1783038776
All Pools,Psychic - Codes,0.3,False,0.00441,49.34,,0.01,1783038776
All Pools,SNOW - AVAX,0.3,False,0.00437,0.07754,,5.14,1783038776
All Pools,Codes - BLACK,0.3,False,0.00435,1.477,,0.27,1783038776
All Pools,AVAX - TT,0.3,False,0.00435,1.673,,0.24,1783038776
All Pools,UST - WINE,0.3,False,0.00432,0.0998,,3.95,1783038776
All Pools,HIGHER - AMI,0.3,False,0.00429,1.916,,0.2,1783038776
All Pools,BTC.b - MUG,0.3,False,0.00428,0.76804,,0.51,1783038776
All Pools,Psychic - Penny,0.3,False,0.00428,49.34,,0.01,1783038776
All Pools,TokenZ - AVAX,0.3,False,0.00428,1.964,,0.2,1783038776
All Pools,WBTC.e - MU,0.3,False,0.00427,0.6262,,0.62,1783038776
All Pools,TokenZ - USDC,0.3,False,0.00427,3.593,,0.11,1783038776
All Pools,HIGHER - AVAX,0.3,False,0.00426,1.232,,0.32,1783038776
All Pools,Penny - BLACK,0.3,False,0.00423,1.476,,0.26,1783038776
All Pools,SOB - FEED,0.3,False,0.00418,0.30147,,1.27,1783038776
All Pools,NOCHILL - MU,0.3,False,0.00416,1.613,,0.24,1783038776
All Pools,TSD - USDT.e,0.3,False,0.00416,0.16569,,2.29,1783038776
All Pools,Psychic - Architect,0.3,False,0.00413,49.33,,0.01,1783038776
All Pools,Psychic - YouAndI,0.3,False,0.00411,49.33,,0.01,1783038776
All Pools,Psychic - WhoWhoWho,0.3,False,0.00409,49.3,,0.01,1783038776
All Pools,Architect - BLACK,0.3,False,0.00408,1.476,,0.25,1783038776
All Pools,XPOW - AVAX,0.3,False,0.00406,80.95,,0.0,1783038776
All Pools,XPOW - USDt,0.3,False,0.00406,1.101,,0.34,1783038776
All Pools,REDWOLF - GEC,0.3,False,0.00406,3.269,,0.11,1783038776
All Pools,YouAndI - BLACK,0.3,False,0.00405,1.477,,0.25,1783038776
All Pools,WhoWhoWho - BLACK,0.3,False,0.00405,1.484,,0.25,1783038776
All Pools,MIM - LEXIP,0.3,False,0.00402,0.05508,,6.67,1783038776
All Pools,USDC - AMI,0.3,False,0.00402,0.50794,,0.72,1783038776
All Pools,AVAX - HOST,0.3,False,0.00397,1.594,,0.23,1783038776
All Pools,LEXIP - AVAX,0.3,False,0.00395,0.24527,,1.47,1783038776
All Pools,BEAM - MU,0.3,False,0.0039,0.907,,0.39,1783038776
All Pools,Psychic - Aquarius,0.3,False,0.00388,49.34,,0.01,1783038776
All Pools,AVAX - HON,0.3,False,0.00385,51723.0,,,1783038776
All Pools,Aquarius - BLACK,0.3,False,0.00384,1.486,,0.24,1783038776
All Pools,Psychic - TrumpCard,0.3,False,0.00383,49.34,,0.01,1783038776
All Pools,GMX - USDC,0.3,False,0.00383,0.82199,,0.43,1783038776
All Pools,XAVA - HON,0.3,False,0.00381,1.203,,0.29,1783038776
All Pools,TrumpCard - BLACK,0.3,False,0.00379,1.474,,0.23,1783038776
All Pools,WOLF - REDWOLF,0.3,False,0.00374,0.25427,,1.34,1783038776
All Pools,Psychic - BirthingCode,0.3,False,0.0037,49.34,,0.01,1783038776
All Pools,HOST - DAI.e,0.3,False,0.0037,2.799,,0.12,1783038776
All Pools,AVAX - NORTH,0.3,False,0.00367,1.815,,0.18,1783038776
All Pools,AVAX - IMPACT,0.3,False,0.00367,2.772,,0.12,1783038776
All Pools,Psychic - Qubit,0.3,False,0.00366,49.3,,0.01,1783038776
All Pools,USDT.e - NORTH,0.3,False,0.00366,26.58,,0.01,1783038776
All Pools,BirthingCode - BLACK,0.3,False,0.00366,1.475,,0.23,1783038776
All Pools,USDt - IMPACT,0.3,False,0.00365,1.722,,0.19,1783038776
All Pools,AVAX - ASND,0.3,False,0.00364,0.10147,,3.27,1783038776
All Pools,SHOE - USDC,0.3,False,0.00362,0.00643,,51.39,1783038776
All Pools,Qubit - BLACK,0.3,False,0.00362,1.486,,0.22,1783038776
All Pools,SatoshiNakamoto - Psychic,0.3,False,0.00361,49.33,,0.01,1783038776
All Pools,SLEEP - AMI,0.3,False,0.00361,28.71,,0.01,1783038776
All Pools,PNG - USDT.e,0.3,False,0.00359,0.81953,,0.4,1783038776
All Pools,AKA - AVAX,0.3,False,0.00359,1.843,,0.18,1783038776
All Pools,EGG - FEED,0.3,False,0.00358,0.30789,,1.06,1783038776
All Pools,MIM - ASND,0.3,False,0.00358,59.0,,0.01,1783038776
All Pools,AKA - USDt,0.3,False,0.00358,2.764,,0.12,1783038776
All Pools,SatoshiNakamoto - BLACK,0.3,False,0.00357,1.476,,0.22,1783038776
All Pools,Degen - AMI,0.3,False,0.00354,0.79947,,0.4,1783038776
All Pools,Degen - AVAX,0.3,False,0.00352,1486.24,,,1783038776
All Pools,USDC.e - BAVA,0.3,False,0.00351,2.695,,0.12,1783038776
All Pools,Psychic - KatzJoel,0.3,False,0.00343,49.31,,0.01,1783038776
All Pools,DCAR - AVAX,0.3,False,0.00343,0.95249,,0.33,1783038776
All Pools,MIM - CLAVIS,0.3,False,0.00343,14.05,,0.02,1783038776
All Pools,WITCH - AVAX,0.3,False,0.00341,2.185,,0.14,1783038776
All Pools,DCAR - USDC,0.3,False,0.00341,56.33,,0.01,1783038776
All Pools,JOE - REDWOLF,0.3,False,0.00341,2.875,,0.11,1783038776
All Pools,KatzJoel - BLACK,0.3,False,0.0034,1.482,,0.21,1783038776
All Pools,WITCH - USDC,0.3,False,0.0034,1.579,,0.2,1783038776
All Pools,AI9000 - USDt,0.3,False,0.00339,0.77256,,0.4,1783038776
All Pools,gOHM - USDC,0.3,False,0.00339,0.0259,,11.94,1783038776
All Pools,CLAVIS - AVAX,0.3,False,0.00336,0.03914,,7.84,1783038776
All Pools,AI9000 - AVAX,0.3,False,0.00335,223.7,,0.0,1783038776
All Pools,AVE - AVAX,0.3,False,0.00335,3.173,,0.1,1783038776
All Pools,AI9000 - MU,0.3,False,0.00334,1.074,,0.28,1783038776
All Pools,MIM - SN,0.3,False,0.0033,11.75,,0.03,1783038776
All Pools,AVAX - COSMIC,0.3,False,0.00329,1.07,,0.28,1783038776
All Pools,weETH - AVAX,0.3,False,0.00326,0.28141,,1.06,1783038776
All Pools,SN - AVAX,0.3,False,0.00324,0.03612,,8.18,1783038776
All Pools,FEED - AMI,0.3,False,0.00322,0.14227,,2.07,1783038776
All Pools,SportsBetting - BLACK,0.3,False,0.00319,0.33804,,0.86,1783038776
All Pools,ACS - USDt,0.3,False,0.00319,0.93589,,0.31,1783038776
All Pools,Psychic - Verse,0.3,False,0.00317,49.31,,0.01,1783038776
All Pools,BLACK - Verse,0.3,False,0.00314,1.483,,0.19,1783038776
All Pools,MIM - DON,0.3,False,0.00313,0.03503,,8.14,1783038776
All Pools,Trinity - IngersollLockwood,0.3,False,0.00309,0.73998,,0.38,1783038776
All Pools,USDC.e - CHAM,0.3,False,0.00305,0.77056,,0.36,1783038776
All Pools,Gladiator - AMI,0.3,False,0.00301,1.095,,0.25,1783038776
All Pools,IngersollLockwood - BLACK,0.3,False,0.00296,1.504,,0.18,1783038776
All Pools,EGG - AVAX,0.3,False,0.00291,1.364,,0.19,1783038776
All Pools,MIM - KING,0.3,False,0.00291,72553601.0,,,1783038776
All Pools,EGG - USDT.e,0.3,False,0.0029,1.851,,0.14,1783038776
All Pools,LINK.e - MUG,0.3,False,0.00289,0.22178,,1.19,1783038776
All Pools,USDC.e - KING,0.3,False,0.00281,190740915.0,,,1783038776
All Pools,WhoLovesYou - BLACK,0.3,False,0.00277,0.33783,,0.75,1783038776
All Pools,AVAX - sSB,0.3,False,0.00276,0.44684,,0.56,1783038776
All Pools,USDC.e - TIME,0.3,False,0.00272,0.19706,,1.26,1783038776
All Pools,MIM - BSGG,0.3,False,0.00268,0.06999,,3.49,1783038776
All Pools,Psychic - Self,0.3,False,0.00267,51.14,,0.0,1783038776
All Pools,COOK - AMI,0.3,False,0.00264,0.13336,,1.8,1783038776
All Pools,Self - BLACK,0.3,False,0.00263,0.65538,,0.37,1783038776
All Pools,WETH.e - ETHM,0.3,False,0.00263,0.40176,,0.6,1783038776
All Pools,ETHM - AVAX,0.3,False,0.00261,22.15,,0.01,1783038776
All Pools,CAI - AMI,0.3,False,0.00256,0.3201,,0.73,1783038776
All Pools,BLACK - JesusChrist,0.3,False,0.00255,0.33678,,0.69,1783038776
All Pools,UNIQOC - WOLF,0.3,False,0.00253,0.31368,,0.74,1783038776
All Pools,JumpNorthDonald - BLACK,0.3,False,0.0025,0.33488,,0.68,1783038776
All Pools,WETH.e - MUMO,0.3,False,0.00243,0.18557,,1.19,1783038776
All Pools,BEE - AVAX,0.3,False,0.00239,0.69294,,0.31,1783038776
All Pools,BEE - USDT.e,0.3,False,0.00238,32.26,,0.01,1783038776
All Pools,DON - AVAX,0.3,False,0.00238,3603.94,,,1783038776
All Pools,MIM - FAP,0.3,False,0.00235,0.04414,,4.86,1783038776
All Pools,GRAPE - USDC.e,0.3,False,0.00234,0.03369,,6.34,1783038776
All Pools,MIM - STOMB,0.3,False,0.00231,0.04392,,4.81,1783038776
All Pools,AVAX - SAGE,0.3,False,0.00231,0.73338,,0.29,1783038776
All Pools,USDC.e - SAGE,0.3,False,0.0023,2.076,,0.1,1783038776
All Pools,STOMB - AVAX,0.3,False,0.00227,0.06026,,3.43,1783038776
All Pools,AMI - KONG,0.3,False,0.0022,0.26273,,0.76,1783038776
All Pools,TEDDY - USDC,0.3,False,0.00218,0.37186,,0.54,1783038776
All Pools,AVAX - KONG,0.3,False,0.00218,5399.67,,,1783038776
All Pools,FAP - DAI.e,0.3,False,0.00218,0.64092,,0.31,1783038776
All Pools,sAVAX - AMI,0.3,False,0.00211,0.25541,,0.75,1783038776
All Pools,AVAX - WARP,0.3,False,0.00209,1.188,,0.16,1783038776
All Pools,USDC.e - WARP,0.3,False,0.00208,0.80378,,0.24,1783038776
All Pools,AVAX - CAKE,0.3,False,0.00207,0.61995,,0.3,1783038776
All Pools,ZUM - NOCHILL,0.3,False,0.00207,0.81476,,0.23,1783038776
All Pools,USDT.e - CAKE,0.3,False,0.00206,48.41,,0.0,1783038776
All Pools,MIM - EAGLE,0.3,False,0.00202,0.03807,,4.85,1783038776
All Pools,MIM - WINE,0.3,False,0.00201,0.02057,,8.93,1783038776
All Pools,MEOW - AMI,0.3,False,0.00201,0.31581,,0.58,1783038776
All Pools,AUX - AVAX,0.3,False,0.002,0.31843,,0.57,1783038776
All Pools,AUX - USDC,0.3,False,0.00199,646.74,,,1783038776
All Pools,WINE - AVAX,0.3,False,0.00198,0.77755,,0.23,1783038776
All Pools,USDC.e - WET,0.3,False,0.00198,0.37773,,0.48,1783038776
All Pools,SeventeenSeventyFive - BLACK,0.3,False,0.00198,0.33701,,0.53,1783038776
All Pools,Gravity - Mercury,0.3,False,0.00198,1.591,,0.11,1783038776
All Pools,144Thousand - Gravity,0.3,False,0.00195,1.589,,0.11,1783038776
All Pools,ALPHAZERO - USDT.e,0.3,False,0.00195,2.127,,0.08,1783038776
All Pools,Volodymyr - BLACK,0.3,False,0.00194,0.336,,0.53,1783038776
All Pools,GMX - USDt,0.3,False,0.00194,0.33995,,0.52,1783038776
All Pools,AMI - JUICY,0.3,False,0.00193,0.52048,,0.34,1783038776
All Pools,GMX - JOE,0.3,False,0.00192,0.30183,,0.58,1783038776
All Pools,JOE - CNR,0.3,False,0.00191,0.73126,,0.24,1783038776
All Pools,BLACK - Mercury,0.3,False,0.00189,0.24635,,0.7,1783038776
All Pools,144Thousand - BLACK,0.3,False,0.00187,0.24648,,0.69,1783038776
All Pools,YEEHAW - ABC,0.3,False,0.00187,0.26228,,0.65,1783038776
All Pools,BTC.b - WETH.e,0.3,False,0.00186,0.40998,,0.41,1783038776
All Pools,WBTC.e - USDC,0.3,False,0.00183,0.1859,,0.9,1783038776
All Pools,NUG - AVAX,0.3,False,0.0018,0.32256,,0.51,1783038776
All Pools,NUG - USDC,0.3,False,0.00179,2.326,,0.07,1783038776
All Pools,JPYC - AVAX,0.3,False,0.00178,0.2423,,0.67,1783038776
All Pools,AVAX - NXUSD,0.3,False,0.00178,0.38855,,0.42,1783038776
All Pools,COQ - RAIN,0.3,False,0.00177,0.12753,,1.27,1783038776
All Pools,RAIN - AVAX,0.3,False,0.00175,12.6,,0.01,1783038776
All Pools,MIM - SNOW,0.3,False,0.00174,0.01978,,8.03,1783038776
All Pools,BTCTRADE - USDC,0.3,False,0.00174,0.43283,,0.37,1783038776
All Pools,WETH.e - JOE,0.3,False,0.00172,0.02517,,6.24,1783038776
All Pools,SNOW - AVAX,0.3,False,0.0017,4.566,,0.03,1783038776
All Pools,JamesBond - BLACK,0.3,False,0.00169,0.33418,,0.46,1783038776
All Pools,DoloresCannon - BLACK,0.3,False,0.00168,0.33575,,0.46,1783038776
All Pools,MEAT - MU,0.3,False,0.00167,0.41169,,0.37,1783038776
All Pools,SolarDAO - AVAX,0.3,False,0.00167,0.33471,,0.45,1783038776
All Pools,USDC.e - UST,0.3,False,0.00166,1.577,,0.1,1783038776
All Pools,UNI.e - AVAX,0.3,False,0.00166,0.02771,,5.46,1783038776
All Pools,SolarDAO - USDT.e,0.3,False,0.00166,2.017,,0.08,1783038776
All Pools,MIM - KANDY,0.3,False,0.00165,0.04938,,3.04,1783038776
All Pools,MIM - MNT,0.3,False,0.00162,0.08169,,1.81,1783038776
All Pools,KANDY - AVAX,0.3,False,0.00161,0.03449,,4.27,1783038776
All Pools,STICK - AMI,0.3,False,0.0016,0.19005,,0.77,1783038776
All Pools,AVAX - STICK,0.3,False,0.00158,1460.04,,,1783038776
All Pools,MNT - AVAX,0.3,False,0.00158,0.03802,,3.79,1783038776
All Pools,AVAX - NUTS,0.3,False,0.00157,167.92,,,1783038776
All Pools,USDC - NUTS,0.3,False,0.00155,0.19748,,0.72,1783038776
All Pools,JOE - AMI,0.3,False,0.00154,0.15253,,0.92,1783038776
All Pools,WETH.e - SPELL,0.3,False,0.00152,0.21283,,0.65,1783038776
All Pools,FollowTheWhiteRabbit - BLACK,0.3,False,0.00152,0.15079,,0.92,1783038776
All Pools,XETA - AVAX,0.3,False,0.00149,0.17849,,0.76,1783038776
All Pools,SB - DAI.e,0.3,False,0.00149,0.13385,,1.01,1783038776
All Pools,ThreeThreeNine - BLACK,0.3,False,0.00146,0.33619,,0.4,1783038776
All Pools,MUMO - MU,0.3,False,0.00145,0.57562,,0.23,1783038776
All Pools,USV - AVAX,0.3,False,0.00145,0.96582,,0.14,1783038776
All Pools,YAK - USDT.e,0.3,False,0.00141,0.50058,,0.26,1783038776
All Pools,TSD - USDC.e,0.3,False,0.00141,0.05976,,2.15,1783038776
All Pools,STG - JOE,0.3,False,0.0014,0.11393,,1.12,1783038776
All Pools,xAVAX - USDC,0.3,False,0.00139,0.2149,,0.59,1783038776
All Pools,BIRD - AVAX,0.3,False,0.00139,0.00994,,12.75,1783038776
All Pools,CANS - AMI,0.3,False,0.00138,0.13803,,0.91,1783038776
All Pools,xAVAX - AVAX,0.3,False,0.00138,0.55063,,0.23,1783038776
All Pools,ERROR - AMI,0.3,False,0.00135,1.72,,0.07,1783038776
All Pools,USDC - USDT.e,0.3,False,0.00133,154.47,,,1783038776
All Pools,SYN - JOE,0.3,False,0.0013,0.02597,,4.57,1783038776
All Pools,EAGLE - DAI.e,0.3,False,0.00126,0.0301,,3.82,1783038776
All Pools,LINK.e - SPELL,0.3,False,0.00124,0.13547,,0.83,1783038776
All Pools,BTC.b - GMX,0.3,False,0.00122,1.246,,0.09,1783038776
All Pools,BTC.b - USDt,0.3,False,0.0012,0.13372,,0.82,1783038776
All Pools,WABBIT - AMI,0.3,False,0.00119,0.83433,,0.13,1783038776
All Pools,WABBIT - MU,0.3,False,0.00117,0.09579,,1.12,1783038776
All Pools,WETH.e - USDt,0.3,False,0.00116,0.06438,,1.65,1783038776
All Pools,LAMA - AMI,0.3,False,0.00114,0.06616,,1.57,1783038776
All Pools,WETH - MU,0.3,False,0.00113,0.07847,,1.31,1783038776
All Pools,LAMA - AVAX,0.3,False,0.00112,8601.49,,,1783038776
All Pools,WOLFI - AMI,0.3,False,0.00111,3.017,,0.03,1783038776
All Pools,MIM - ACME,0.3,False,0.00105,0.02027,,4.74,1783038776
All Pools,SOFT - AVAX,0.3,False,0.00105,0.38756,,0.25,1783038776
All Pools,SOFT - USDT.e,0.3,False,0.00104,0.72527,,0.13,1783038776
All Pools,AVAX - WXGEM,0.3,False,0.00104,982.65,,,1783038776
All Pools,USDC - WXGEM,0.3,False,0.00102,0.08826,,1.06,1783038776
All Pools,MUME - MIM,0.3,False,,0.01175,,7.71,1783038776
All Pools,sAVAX - USDC.e,0.3,False,,0.115,,0.78,1783038776
All Pools,MIM - JOLLY,0.3,False,,170.66,,,1783038776
All Pools,sifu - USDT.e,0.3,False,,10.2,,0.01,1783038776
All Pools,MUMO - USDC.e,0.3,False,,0.12572,,0.68,1783038776
All Pools,JOLLY - AVAX,0.3,False,,0.01368,,6.11,1783038776
All Pools,AVAX - SOL,0.3,False,,0.06861,,1.21,1783038776
All Pools,FAR - AVAX,0.3,False,,0.34845,,0.23,1783038776
All Pools,Gravity - ThreeThreeSeven,0.3,False,,1.593,,0.05,1783038776
All Pools,FAR - USDC.e,0.3,False,,0.1328,,0.59,1783038776
All Pools,zJoe - AMI,0.3,False,,0.12872,,0.61,1783038776
All Pools,BAWLS - AMI,0.3,False,,0.04245,,1.82,1783038776
All Pools,zJoe - AVAX,0.3,False,,0.09328,,0.82,1783038776
All Pools,BLACK - ThreeThreeSeven,0.3,False,,0.2455,,0.31,1783038776
All Pools,USDC.e - XAVA,0.3,False,,0.35179,,0.21,1783038776
All Pools,PIZZA - AVAX,0.3,False,,395.08,,,1783038776
All Pools,PIZZA - USDC.e,0.3,False,,0.0718,,1.0,1783038776
All Pools,WETH.e - FEED,0.3,False,,0.04739,,1.47,1783038776
All Pools,SUPER - BLSEYE🎯,0.3,False,,0.21972,,0.29,1783038776
All Pools,USDT.e - PEFI,0.3,False,,0.04264,,1.49,1783038776
All Pools,LOK - AMI,0.3,False,,0.03781,,1.65,1783038776
All Pools,SUBZERO - TOMB,0.3,False,,0.02982,,2.06,1783038776
All Pools,LOK - AVAX,0.3,False,,189.64,,,1783038776
All Pools,BANKSY - AVAX,0.3,False,,0.15949,,0.37,1783038776
All Pools,BANKSY - USDT.e,0.3,False,,0.65785,,0.09,1783038776
All Pools,COQ - USDt,0.3,False,,0.04267,,1.37,1783038776
All Pools,MUME - USDC.e,0.3,False,,0.50486,,0.12,1783038776
All Pools,AVAX - MAI,0.3,False,,0.01748,,3.25,1783038776
All Pools,MIM - AVE,0.3,False,,0.00838,,6.75,1783038776
All Pools,MAI - MAI,0.3,False,,0.17532,,0.31,1783038776
All Pools,SYN - XAVA,0.3,False,,0.00817,,6.59,1783038776
All Pools,WORM - AMI,0.3,False,,0.02342,,2.08,1783038776
All Pools,WORM - AVAX,0.3,False,,297.21,,,1783038776
All Pools,MIM - VPND,0.3,False,,0.00378,,11.48,1783038776
All Pools,WETH.e - TIME,0.3,False,,0.00964,,4.44,1783038776
All Pools,AVME - AVAX,0.3,False,,0.00169,,25.16,1783038776
All Pools,MIM - MORE,0.3,False,,0.00458,,9.22,1783038776
All Pools,MIM - MNT,0.3,False,,3.701,,0.01,1783038776
All Pools,MNT - AVAX,0.3,False,,0.00871,,4.28,1783038776
All Pools,SHERPA - AVAX,0.3,False,,95.48,,,1783038776
All Pools,GGP - AMI,0.3,False,,0.01016,,3.52,1783038776
All Pools,SHERPA - USDC.e,0.3,False,,0.04216,,0.84,1783038776
All Pools,OLIVE - AVAX,0.3,False,,0.00116,,28.39,1783038776
All Pools,DYSC - AVAX,0.3,False,,0.21622,,0.15,1783038776
All Pools,USDT.e - GG,0.3,False,,0.01002,,3.23,1783038776
All Pools,DYSC - USDT.e,0.3,False,,0.04982,,0.65,1783038776
All Pools,SIPLEAN - DAI.e,0.3,False,,0.09224,,0.34,1783038776
All Pools,MUME - USDT.e,0.3,False,,0.09314,,0.33,1783038776
All Pools,HUSKY - MU,0.3,False,,0.03571,,0.84,1783038776
All Pools,MIM - CROWN,0.3,False,,86.6,,,1783038776
All Pools,EAGLE - USDC,0.3,False,,0.01545,,1.9,1783038776
All Pools,AVAX - CROWN,0.3,False,,0.00945,,3.03,1783038776
All Pools,MIM - VLGR,0.3,False,,0.01552,,1.73,1783038776
All Pools,MIM - MAG,0.3,False,,71.07,,,1783038776
All Pools,EAGLE - USDC.e,0.3,False,,0.012,,2.23,1783038776
All Pools,MIM - NEBU,0.3,False,,0.00755,,3.53,1783038776
All Pools,CREAM - FUDGE,0.3,False,,0.03414,,0.77,1783038776
All Pools,JEWEL - USDC,0.3,False,,0.022,,1.18,1783038776
All Pools,MAG - AVAX,0.3,False,,0.00817,,3.17,1783038776
All Pools,AVAX - VLGR,0.3,False,,0.01215,,2.12,1783038776
All Pools,SMRT - CORN,0.3,False,,5.875,,0.0,1783038776
All Pools,LUNA - MIM,0.3,False,,0.00552,,4.63,1783038776
All Pools,AVAX - NEBU,0.3,False,,1.147,,0.02,1783038776
All Pools,CREAM - AVAX,0.3,False,,164.1,,,1783038776
All Pools,USDT.e - CORN,0.3,False,,161.66,,,1783038776
All Pools,DAI.e - FUDGE,0.3,False,,25.95,,,1783038776
All Pools,MIM - MUMO,0.3,False,,0.00467,,4.64,1783038776
All Pools,USDC.e - SDOG,0.3,False,,0.01636,,1.31,1783038776
All Pools,AVAX - AMC,0.3,False,,0.03214,,0.65,1783038776
All Pools,AVAX - WXT,0.3,False,,0.01931,,1.08,1783038776
All Pools,USDT.e - AMC,0.3,False,,0.06845,,0.3,1783038776
All Pools,BPT - AVAX,0.3,False,,319.02,,,1783038776
All Pools,BPT - USDC.e,0.3,False,,0.0669,,0.3,1783038776
All Pools,MUMO - USDT.e,0.3,False,,0.10671,,0.19,1783038776
All Pools,TickTock - AVAX,0.3,False,,0.01839,,1.08,1783038776
All Pools,TickTock - Now,0.3,False,,0.00623,,3.17,1783038776
All Pools,QI - USDC,0.3,False,,0.07247,,0.27,1783038776
All Pools,AVAX - MORE,0.3,False,,774.08,,,1783038776
All Pools,Now - BLACK,0.3,False,,0.10851,,0.18,1783038776
All Pools,MU - KET,0.3,False,,0.95301,,0.02,1783038776
All Pools,EGG - USDT.e,0.3,False,,0.01518,,1.13,1783038776
All Pools,TIME - aXEN,0.3,False,,0.00126,,13.43,1783038776
All Pools,MIM - OTK,0.3,False,,0.00409,,3.35,1783038776
All Pools,AVAX - OTK,0.3,False,,0.00449,,2.84,1783038776
All Pools,aAvaWAVAX - meGNX,0.3,False,,3.051,,0.0,1783038776
All Pools,TIME - GG,0.3,False,,,,8.84,1783038776
All Pools,KANDY - AVAX,0.3,False,,0.01258,,0.55,1783038776
All Pools,MIM - KANDY,0.3,False,,,,11.42,1783038776
All Pools,avaWOOL - AVAX,0.3,False,,0.11808,,0.03,1783038776
All Pools,MIM - avaWOOL,0.3,False,,,,23.71,1783038776
All Pools,FATE - USDC,0.3,False,,469301.0,,,1783038776
All Pools,SaintGermain - IfYouKnowYouKnow,0.3,False,0.0,0.0,0.0,0.0,1783038776
All Pools,MOOM - JUCI,0.3,False,0.0,0.0,0.0,0.0,1783038776
All Pools,SaintGermain - SportsBetting,0.3,False,0.0,0.0,0.0,0.0,1783038776
All Pools,Volodymyr - SaintGermain,0.3,False,0.0,0.0,0.0,0.0,1783038776
All Pools,ThreeThreeNine - SaintGermain,0.3,False,0.0,0.0,0.0,0.0,1783038776
All Pools,DoloresCannon - SaintGermain,0.3,False,0.0,0.0,0.0,0.0,1783038776
All Pools,SaintGermain - WhoLovesYou,0.3,False,0.0,0.0,0.0,0.0,1783038776
All Pools,JamesBond - SaintGermain,0.3,False,0.0,0.0,0.0,0.0,1783038776
All Pools,SeventeenSeventyFive - SaintGermain,0.3,False,0.0,0.0,0.0,0.0,1783038776
All Pools,SaintGermain - JesusChrist,0.3,False,0.0,0.0,0.0,0.0,1783038776
All Pools,JumpNorthDonald - SaintGermain,0.3,False,0.0,0.0,0.0,0.0,1783038776
All Pools,AUSD - USDt,,false,4614316,1427551,459.31,11.74,1783038938
All Pools,AUSD - USDC,,false,4031254,1544968,405.03,9.57,1783038938
All Pools,AVAX - USDC,,false,950350,384697,495.93,47.05,1783038938
All Pools,USDt - USDC,,false,189305,162530,15.57,3.5,1783038938
All Pools,BTC.b - USDC,,false,185027,574312,98.15,6.24,1783038938
All Pools,USDt - USDC,,false,122132,365636,8.752,0.87,1783038938
All Pools,sAVAX - AVAX,,false,95251,49060,9.586,7.13,1783038938
All Pools,WBTC.e - BTC.b,,false,67984,220322,20.62,3.42,1783038938
All Pools,gOHM - AVAX,,false,42348,123736,105.87,31.23,1783038938
All Pools,BCA - AVAX,,false,32183,1.341,80.46,2189449.65,1783038938
All Pools,AVAX - CEWBNB,,false,32049,1.339,80.12,2184856.34,1783038938
All Pools,MIM - AVAX,,false,30506,169218,76.26,16.45,1783038938
All Pools,PRIME - AVAX,,false,26901,194411,393.93,73.96,1783038938
All Pools,COQ - AVAX,,false,25502,419699,63.75,5.54,1783038938
All Pools,WBTC - BTC.b,,false,25330,65452,7.629,4.25,1783038938
All Pools,NXPC - AVAX,,false,23695,3306.17,59.24,653.97,1783038938
All Pools,JOE - AVAX,,false,19370,223110,48.42,7.92,1783038938
All Pools,JOE - USDC.e,,false,18169,268039,45.42,6.19,1783038938
All Pools,USDC.e - USDC,,false,15168,9724.09,1.635,6.14,1783038938
All Pools,NXUSD - WXT,,false,14322,530881,35.8,2.46,1783038938
All Pools,AVAX - USDC,,false,13375,352104,33.44,3.47,1783038938
All Pools,AVAX - USDT.e,,false,11251,478137,28.13,2.15,1783038938
All Pools,USDC.e - AVAX,,false,10639,372880,26.6,2.6,1783038938
All Pools,GUN - AVAX,,false,9879.67,25963,27.12,38.12,1783038938
All Pools,ARENA - AVAX,,false,9674.87,105770,0.9663,0.33,1783038938
All Pools,WETH.e - AVAX,,false,9345.33,365346,23.36,2.33,1783038938
All Pools,USDC - XAVA,,false,9191.76,505072,22.98,1.66,1783038938
All Pools,FOLKS - AVAX,,false,9139.1,36451,23.44,23.47,1783038938
All Pools,QI - AVAX,,false,8508.22,157257,21.27,4.94,1783038938
All Pools,USDT.e - USDC,,false,7245.51,50095,1.456,1.06,1783038938
All Pools,AAVE.e - AVAX,,false,7112.57,251996,17.78,2.58,1783038938
All Pools,AVAX - USDt,,false,6691.18,102703,13.47,4.79,1783038938
All Pools,DAI.e - USDC,,false,6268.75,28400,1.225,1.57,1783038938
All Pools,AVAX - BTC.b,,false,4963.35,27369,2.742,3.66,1783038938
All Pools,USDT.e - USDt,,false,4728.72,44416,0.94587,0.78,1783038938
All Pools,JPYC - USDC,,false,3158.33,3322.59,4.265,46.86,1783038938
All Pools,QI - AVAX,,false,3156.75,8288.3,9.512,41.89,1783038938
All Pools,USDC.e - USDC,,false,3079.63,3887.45,0.64274,6.03,1783038938
All Pools,XAVA - AVAX,,false,2944.44,150387,23.57,5.72,1783038938
All Pools,JOE - USDT.e,,false,2720.16,53722,6.8,4.62,1783038938
All Pools,LCPEDU - USDt,,false,2346.07,7533853,0,0,1783038938
All Pools,SYN - AVAX,,false,2239.28,7586.71,5.598,26.93,1783038938
All Pools,EURC - USDC,,false,2100.21,10887,0.86708,2.91,1783038938
All Pools,XAUt0 - USDt,,false,1907.77,23808,1.718,2.63,1783038938
All Pools,SIERRA - USDC,,false,1836.87,163835,1.982,0.44,1783038938
All Pools,ORNG - AVAX,,false,1789.11,17364,4.473,9.4,1783038938
All Pools,BEAM - USDC,,false,1782.59,62572,4.456,2.6,1783038938
All Pools,GUN - AVAX,,false,1753.87,18206,2.436,4.88,1783038938
All Pools,USDC.e - USDC,,false,1690.1,1953.78,0.35294,6.59,1783038938
All Pools,XSEED - AVAX,,false,1635.5,12519,4.089,11.92,1783038938
All Pools,JOE - USDC,,false,1574.88,24390,3.937,5.89,1783038938
All Pools,LINK.e - AVAX,,false,1362.73,38583,3.407,3.22,1783038938
All Pools,WBTC.e - AVAX,,false,1282.67,131821,3.207,0.89,1783038938
All Pools,WBTC.e - BTC.b,,false,1273.5,536.74,0.42323,28.78,1783038938
All Pools,BEAM - AVAX,,false,1131.96,367.6,2.83,280.99,1783038938
All Pools,USDt - AVAX,,false,1040.25,39236,2.601,2.42,1783038938
All Pools,BTC.b - AVAX,,false,1027.68,107766,2.569,0.87,1783038938
All Pools,HUNDRED - USDC,,false,981.35,495101,2.453,0.18,1783038938
All Pools,gOHM - FRAX,,false,981.18,3395.95,2.453,26.36,1783038938
All Pools,XSGD - USDC,,false,962.82,874.71,0.64321,26.84,1783038938
All Pools,ZRO - AVAX,,false,961.4,1692.58,2.505,54.02,1783038938
All Pools,USDC.e - O3,,false,846.81,290397511,2.117,0,1783038938
All Pools,USDV - AVAX,,false,798.42,2577.76,3.673,52,1783038938
All Pools,AVAX - DAI.e,,false,694.86,29145,1.737,2.18,1783038938
All Pools,ALOT - AVAX,,false,633.81,10595,1.585,5.46,1783038938
All Pools,ggAVAX - AVAX,,false,540.92,277.37,1.36,178.99,1783038938
All Pools,KLO - AVAX,,false,532.97,11949,1.332,4.07,1783038938
All Pools,sAVAX - AVAX,,false,472.37,179616,1.181,0.24,1783038938
All Pools,BEAM - AVAX,,false,456.56,13255,1.15,3.17,1783038938
All Pools,DAI.e - USDC,,false,364.55,2463.85,0.07018,1.04,1783038938
All Pools,WETH.e - USDC.e,,false,346.69,10537,0.86672,3,1783038938
All Pools,USDT.e - USDC,,false,344.1,897.52,0.03518,1.43,1783038938
All Pools,MOLTSTRONG - AVAX,,false,340.46,681.38,0.34064,18.25,1783038938
All Pools,ALOYON - AVAX,,false,340.46,681.38,0.34064,18.25,1783038938
All Pools,VIBE - AVAX,,false,340.44,681.34,0.34062,18.25,1783038938
All Pools,AIQON - AVAX,,false,340.44,681.34,0.34062,18.25,1783038938
All Pools,PENGON - AVAX,,false,340.44,681.34,0.34062,18.25,1783038938
All Pools,UAMYON - AVAX,,false,340.44,681.34,0.34062,18.25,1783038938
All Pools,MEION - AVAX,,false,340.44,681.34,0.34062,18.25,1783038938
All Pools,BKCHON - AVAX,,false,340.44,681.34,0.34062,18.25,1783038938
All Pools,ACLSON - AVAX,,false,340.26,680.98,0.34044,18.25,1783038938
All Pools,APHON - AVAX,,false,340.26,680.98,0.34044,18.25,1783038938
All Pools,AAONON - AVAX,,false,340.26,680.98,0.34044,18.25,1783038938
All Pools,SOXQON - AVAX,,false,340.26,680.98,0.34044,18.25,1783038938
All Pools,GNESS - AVAX,,false,340.25,680.98,0.34044,18.25,1783038938
All Pools,GFSON - AVAX,,false,340.25,680.98,0.34044,18.25,1783038938
All Pools,LASRON - AVAX,,false,340.25,680.98,0.34044,18.25,1783038938
All Pools,HIION - AVAX,,false,340.25,680.98,0.34044,18.25,1783038938
All Pools,AGON - AVAX,,false,340.2,680.87,0.34039,18.25,1783038938
All Pools,OSEAN - AVAX,,false,340.2,680.87,0.34039,18.25,1783038938
All Pools,CLFON - AVAX,,false,340.2,680.87,0.34039,18.25,1783038938
All Pools,STLDON - AVAX,,false,340.2,680.87,0.34039,18.25,1783038938
All Pools,DEXSHARE - AVAX,,false,340.2,680.87,0.34039,18.25,1783038938
All Pools,BABY - AVAX,,false,340.2,680.87,0.34039,18.25,1783038938
All Pools,NATON - AVAX,,false,340.09,680.65,0.34028,18.25,1783038938
All Pools,KEYSON - AVAX,,false,340.09,680.65,0.34028,18.25,1783038938
All Pools,MXLON - AVAX,,false,340.09,680.65,0.34028,18.25,1783038938
All Pools,IGVON - AVAX,,false,340.09,680.65,0.34028,18.25,1783038938
All Pools,LITON - AVAX,,false,340.09,680.65,0.34028,18.25,1783038938
All Pools,EQTON - AVAX,,false,340.09,680.65,0.34028,18.25,1783038938
All Pools,BMP - AVAX,,false,339.99,680.45,0.34018,18.25,1783038938
All Pools,BLES - AVAX,,false,339.99,680.45,0.34018,18.25,1783038938
All Pools,ATN - AVAX,,false,339.99,680.45,0.34018,18.25,1783038938
All Pools,ATV111 - AVAX,,false,339.99,680.45,0.34018,18.25,1783038938
All Pools,RE7CBBTC - AVAX,,false,339.99,680.45,0.34018,18.25,1783038938
All Pools,KTB - AVAX,,false,339.99,680.45,0.34018,18.25,1783038938
All Pools,BRTR - AVAX,,false,339.99,680.45,0.34018,18.25,1783038938
All Pools,TENON - AVAX,,false,339.94,680.34,0.34012,18.25,1783038938
All Pools,SAPON - AVAX,,false,339.94,680.34,0.34012,18.25,1783038938
All Pools,WSON - AVAX,,false,339.94,680.34,0.34012,18.25,1783038938
All Pools,SLBON - AVAX,,false,339.94,680.34,0.34012,18.25,1783038938
All Pools,WLKON - AVAX,,false,339.94,680.34,0.34012,18.25,1783038938
All Pools,WMBON - AVAX,,false,339.93,0.40425,0.34012,30709.73,1783038938
All Pools,INROON - AVAX,,false,339.93,680.33,0.34012,18.25,1783038938
All Pools,DRSON - AVAX,,false,339.93,680.33,0.34012,18.25,1783038938
All Pools,COROON - AVAX,,false,339.93,680.33,0.34012,18.25,1783038938
All Pools,HALON - AVAX,,false,339.93,680.33,0.34012,18.25,1783038938
All Pools,RMBSON - AVAX,,false,339.93,680.33,0.34012,18.25,1783038938
All Pools,XYLDON - AVAX,,false,339.93,680.33,0.34012,18.25,1783038938
All Pools,BILON - AVAX,,false,339.91,680.28,0.3401,18.25,1783038938
All Pools,ACMRON - AVAX,,false,339.91,680.28,0.3401,18.25,1783038938
All Pools,BWETON - AVAX,,false,339.91,680.28,0.3401,18.25,1783038938
All Pools,SABAKAINU - AVAX,,false,339.91,680.28,0.34009,18.25,1783038938
All Pools,YVALOS - AVAX,,false,339.91,680.28,0.34009,18.25,1783038938
All Pools,IUSD - AVAX,,false,339.91,680.28,0.34009,18.25,1783038938
All Pools,NMNRL - AVAX,,false,339.91,680.28,0.34009,18.25,1783038938
All Pools,PXEN - AVAX,,false,339.91,680.28,0.34009,18.25,1783038938
All Pools,INELIXIR - AVAX,,false,339.91,680.28,0.34009,18.25,1783038938
All Pools,LIQUIDRESERVE - AVAX,,false,339.91,680.28,0.34009,18.25,1783038938
All Pools,EXTRON - AVAX,,false,339.9,680.27,0.34009,18.25,1783038938
All Pools,STNGON - AVAX,,false,339.9,680.27,0.34009,18.25,1783038938
All Pools,GDON - AVAX,,false,339.9,680.27,0.34009,18.25,1783038938
All Pools,INSWON - AVAX,,false,339.9,680.27,0.34009,18.25,1783038938
All Pools,SHLDON - AVAX,,false,339.9,680.27,0.34009,18.25,1783038938
All Pools,COHUON - AVAX,,false,339.9,680.27,0.34009,18.25,1783038938
All Pools,UCTTON - AVAX,,false,339.9,680.27,0.34009,18.25,1783038938
All Pools,SILON - AVAX,,false,339.9,680.27,0.34009,18.25,1783038938
All Pools,IEION - AVAX,,false,339.9,680.27,0.34009,18.25,1783038938
All Pools,EFVON - AVAX,,false,339.9,680.27,0.34009,18.25,1783038938
All Pools,CAT - AVAX,,false,339.84,680.14,0.34003,18.25,1783038938
All Pools,RFSTETH - AVAX,,false,339.84,680.14,0.34003,18.25,1783038938
All Pools,CAKITA - AVAX,,false,339.84,680.14,0.34003,18.25,1783038938
All Pools,BRETT - AVAX,,false,339.84,680.14,0.34003,18.25,1783038938
All Pools,WBNVDA - AVAX,,false,339.84,680.14,0.34003,18.25,1783038938
All Pools,NBTC - AVAX,,false,339.84,680.14,0.34003,18.25,1783038938
All Pools,ATKRON - AVAX,,false,339.83,680.13,0.34002,18.25,1783038938
All Pools,VDEON - AVAX,,false,339.83,680.13,0.34002,18.25,1783038938
All Pools,KOPNON - AVAX,,false,339.83,680.13,0.34002,18.25,1783038938
All Pools,PRIMON - AVAX,,false,339.83,680.13,0.34002,18.25,1783038938
All Pools,VRSNON - AVAX,,false,339.83,680.13,0.34002,18.25,1783038938
All Pools,ENBON - AVAX,,false,339.83,0.30391,0.34002,40836.59,1783038938
All Pools,BTDRON - AVAX,,false,339.83,680.13,0.34002,18.25,1783038938
All Pools,DGXXON - AVAX,,false,339.83,680.13,0.34002,18.25,1783038938
All Pools,AMEON - AVAX,,false,339.83,680.13,0.34002,18.25,1783038938
All Pools,NUEON - AVAX,,false,339.83,680.13,0.34002,18.25,1783038938
All Pools,OIION - AVAX,,false,339.83,680.13,0.34002,18.25,1783038938
All Pools,KURO - AVAX,,false,339.8,680.07,0.33999,18.25,1783038938
All Pools,URNMON - AVAX,,false,339.8,680.07,0.33999,18.25,1783038938
All Pools,ORBXON - AVAX,,false,339.8,680.07,0.33999,18.25,1783038938
All Pools,UPHL - AVAX,,false,339.77,680.01,0.33996,18.25,1783038938
All Pools,STOSHI - AVAX,,false,339.77,680.01,0.33996,18.25,1783038938
All Pools,TWINS - AVAX,,false,339.77,680.01,0.33996,18.25,1783038938
All Pools,OIHON - AVAX,,false,339.77,680.01,0.33996,18.25,1783038938
All Pools,SHOOT - AVAX,,false,339.77,680.01,0.33996,18.25,1783038938
All Pools,HYSON - AVAX,,false,339.77,680.01,0.33996,18.25,1783038938
All Pools,VOLS - AVAX,,false,339.77,680.01,0.33996,18.25,1783038938
All Pools,QLTAON - AVAX,,false,339.72,679.91,0.33991,18.25,1783038938
All Pools,EUHYON - AVAX,,false,339.72,679.91,0.33991,18.25,1783038938
All Pools,BRTRON - AVAX,,false,339.72,679.91,0.33991,18.25,1783038938
All Pools,BRLNON - AVAX,,false,339.72,679.91,0.33991,18.25,1783038938
All Pools,YEARON - AVAX,,false,339.72,679.91,0.33991,18.25,1783038938
All Pools,GGOVON - AVAX,,false,339.72,679.91,0.33991,18.25,1783038938
All Pools,SHAO - AVAX,,false,339.72,679.91,0.33991,18.25,1783038938
All Pools,PCHU - AVAX,,false,339.72,679.91,0.33991,18.25,1783038938
All Pools,POORS - AVAX,,false,339.72,679.91,0.33991,18.25,1783038938
All Pools,NINA - AVAX,,false,339.72,0.19106,0.33991,64934.85,1783038938
All Pools,RING - AVAX,,false,339.72,679.91,0.33991,18.25,1783038938
All Pools,MEAI - AVAX,,false,339.72,679.91,0.33991,18.25,1783038938
All Pools,FLEXON - AVAX,,false,339.72,679.91,0.33991,18.25,1783038938
All Pools,BRHYON - AVAX,,false,339.72,679.91,0.33991,18.25,1783038938
All Pools,BLCRON - AVAX,,false,339.72,0.19085,0.33991,65006.3,1783038938
All Pools,LEMBON - AVAX,,false,339.72,679.91,0.33991,18.25,1783038938
All Pools,SWKSON - AVAX,,false,339.72,679.91,0.33991,18.25,1783038938
All Pools,IGEBON - AVAX,,false,339.72,679.91,0.33991,18.25,1783038938
All Pools,POWION - AVAX,,false,339.71,679.89,0.3399,18.25,1783038938
All Pools,ICHRON - AVAX,,false,339.71,679.89,0.3399,18.25,1783038938
All Pools,PCGON - AVAX,,false,339.69,679.85,0.33988,18.25,1783038938
All Pools,CHARACCON - AVAX,,false,339.69,679.85,0.33988,18.25,1783038938
All Pools,SSS - AVAX,,false,339.69,679.85,0.33988,18.25,1783038938
All Pools,AMERICAFIRST - AVAX,,false,339.69,679.85,0.33988,18.25,1783038938
All Pools,DTCRON - AVAX,,false,339.69,679.85,0.33988,18.25,1783038938
All Pools,TASKON - AVAX,,false,339.69,679.85,0.33988,18.25,1783038938
All Pools,NWC - AVAX,,false,339.69,679.85,0.33988,18.25,1783038938
All Pools,BASE - AVAX,,false,339.66,679.79,0.33985,18.25,1783038938
All Pools,FARTFUL - AVAX,,false,339.66,679.79,0.33985,18.25,1783038938
All Pools,PULSE - AVAX,,false,339.66,679.79,0.33985,18.25,1783038938
All Pools,ND - AVAX,,false,339.66,679.79,0.33985,18.25,1783038938
All Pools,ATTN - AVAX,,false,339.66,679.79,0.33985,18.25,1783038938
All Pools,CATX - AVAX,,false,339.66,679.79,0.33985,18.25,1783038938
All Pools,USDU - AVAX,,false,339.65,679.77,0.33984,18.25,1783038938
All Pools,CLSON - AVAX,,false,339.65,679.77,0.33984,18.25,1783038938
All Pools,ODOR - AVAX,,false,339.65,679.77,0.33984,18.25,1783038938
All Pools,KUNCI - AVAX,,false,339.65,679.77,0.33984,18.25,1783038938
All Pools,STUBBS - AVAX,,false,339.65,679.77,0.33984,18.25,1783038938
All Pools,CPOO - AVAX,,false,339.65,679.77,0.33984,18.25,1783038938
All Pools,IJSON - AVAX,,false,339.65,679.76,0.33983,18.25,1783038938
All Pools,QYLDON - AVAX,,false,339.65,679.76,0.33983,18.25,1783038938
All Pools,HIVEON - AVAX,,false,339.65,679.76,0.33983,18.25,1783038938
All Pools,VCXON - AVAX,,false,339.65,679.76,0.33983,18.25,1783038938
All Pools,CPERON - AVAX,,false,339.65,679.76,0.33983,18.25,1783038938
All Pools,NVMION - AVAX,,false,339.65,679.76,0.33983,18.25,1783038938
All Pools,IRDMON - AVAX,,false,339.61,679.68,0.3398,18.25,1783038938
All Pools,TTON - AVAX,,false,339.61,679.68,0.3398,18.25,1783038938
All Pools,LECOON - AVAX,,false,339.61,679.68,0.3398,18.25,1783038938
All Pools,WCCON - AVAX,,false,339.61,679.68,0.3398,18.25,1783038938
All Pools,HLITON - AVAX,,false,339.61,679.68,0.3398,18.25,1783038938
All Pools,VPGON - AVAX,,false,339.61,679.68,0.3398,18.25,1783038938
All Pools,MYRGON - AVAX,,false,339.61,679.68,0.3398,18.25,1783038938
All Pools,CAMTON - AVAX,,false,339.58,679.63,0.33977,18.25,1783038938
All Pools,REGNON - AVAX,,false,339.58,679.63,0.33977,18.25,1783038938
All Pools,UMCON - AVAX,,false,339.58,679.63,0.33977,18.25,1783038938
All Pools,CULT - AVAX,,false,339.58,679.63,0.33977,18.25,1783038938
All Pools,LWLGON - AVAX,,false,339.58,679.63,0.33977,18.25,1783038938
All Pools,POMATO - AVAX,,false,339.58,679.63,0.33977,18.25,1783038938
All Pools,IDAI - AVAX,,false,339.57,679.61,0.33976,18.25,1783038938
All Pools,ARQQON - AVAX,,false,339.57,679.61,0.33976,18.25,1783038938
All Pools,ATV111 - AVAX,,false,339.57,679.61,0.33976,18.25,1783038938
All Pools,CLOAON - AVAX,,false,339.57,679.61,0.33976,18.25,1783038938
All Pools,OPRAON - AVAX,,false,339.57,679.61,0.33976,18.25,1783038938
All Pools,FSV - AVAX,,false,339.54,679.55,0.33973,18.25,1783038938
All Pools,DEGENUSDC - AVAX,,false,339.54,679.55,0.33973,18.25,1783038938
All Pools,FORMON - AVAX,,false,339.54,679.55,0.33973,18.25,1783038938
All Pools,LOWON - AVAX,,false,339.54,679.55,0.33973,18.25,1783038938
All Pools,FSOLON - AVAX,,false,339.54,679.55,0.33973,18.25,1783038938
All Pools,MKSION - AVAX,,false,339.54,679.55,0.33973,18.25,1783038938
All Pools,HAND - AVAX,,false,339.51,679.5,0.3397,18.25,1783038938
All Pools,SUIRWAPIN - AVAX,,false,339.51,-0.01363,0.3397,-909651.84,1783038938
All Pools,BASEGUY - AVAX,,false,339.51,679.5,0.3397,18.25,1783038938
All Pools,FLNCON - AVAX,,false,339.51,679.5,0.3397,18.25,1783038938
All Pools,BAION - AVAX,,false,339.51,-0.01363,0.3397,-909651.84,1783038938
All Pools,BIPO - AVAX,,false,339.51,679.5,0.3397,18.25,1783038938
All Pools,LUS - AVAX,,false,339.44,679.35,0.33963,18.25,1783038938
All Pools,CHILI - AVAX,,false,339.44,679.35,0.33963,18.25,1783038938
All Pools,AEHRON - AVAX,,false,339.44,679.35,0.33963,18.25,1783038938
All Pools,PAVEON - AVAX,,false,339.44,679.35,0.33963,18.25,1783038938
All Pools,RE7FRAX - AVAX,,false,339.44,679.35,0.33963,18.25,1783038938
All Pools,GRNDON - AVAX,,false,339.44,679.35,0.33963,18.25,1783038938
All Pools,HUNT - AVAX,,false,339.38,679.24,0.33957,18.25,1783038938
All Pools,IYWON - AVAX,,false,339.34,679.15,0.33953,18.25,1783038938
All Pools,LPTHON - AVAX,,false,339.34,679.15,0.33953,18.25,1783038938
All Pools,IALTON - AVAX,,false,339.34,679.15,0.33953,18.25,1783038938
All Pools,SATAON - AVAX,,false,339.34,679.15,0.33953,18.25,1783038938
All Pools,MIDLE - AVAX,,false,339.34,679.15,0.33953,18.25,1783038938
All Pools,FLORK - AVAX,,false,339.34,679.15,0.33953,18.25,1783038938
All Pools,AOSLON - AVAX,,false,339.29,679.04,0.33947,18.25,1783038938
All Pools,AIPON - AVAX,,false,339.29,679.04,0.33947,18.25,1783038938
All Pools,FPSON - AVAX,,false,339.29,679.04,0.33947,18.25,1783038938
All Pools,GNRCON - AVAX,,false,339.29,679.04,0.33947,18.25,1783038938
All Pools,FCELON - AVAX,,false,339.29,679.04,0.33947,18.25,1783038938
All Pools,EMRON - AVAX,,false,339.29,679.04,0.33947,18.25,1783038938
All Pools,HEDGE - AVAX,,false,339.24,678.95,0.33943,18.25,1783038938
All Pools,DDD - AVAX,,false,339.24,678.95,0.33943,18.25,1783038938
All Pools,WOB - AVAX,,false,339.24,678.95,0.33943,18.25,1783038938
All Pools,VOX - AVAX,,false,339.24,678.95,0.33943,18.25,1783038938
All Pools,VIBEY - AVAX,,false,339.24,678.95,0.33943,18.25,1783038938
All Pools,TARD - AVAX,,false,339.24,678.95,0.33943,18.25,1783038938
All Pools,T1TO1 - AVAX,,false,339.21,678.88,0.3394,18.25,1783038938
All Pools,AINIMALS - AVAX,,false,339.2,678.87,0.33939,18.25,1783038938
All Pools,ZKTR - AVAX,,false,339.2,678.87,0.33939,18.25,1783038938
All Pools,SAI - AVAX,,false,339.2,678.87,0.33939,18.25,1783038938
All Pools,NUGGETS - AVAX,,false,339.2,678.87,0.33939,18.25,1783038938
All Pools,STABLE - AVAX,,false,339.2,678.87,0.33939,18.25,1783038938
All Pools,LOOT - AVAX,,false,339.2,678.87,0.33939,18.25,1783038938
All Pools,T4.25 - AVAX,,false,339.11,678.69,0.3393,18.25,1783038938
All Pools,SNOWMAN - AVAX,,false,339.11,678.69,0.3393,18.25,1783038938
All Pools,BYNOMO - AVAX,,false,339.11,678.69,0.3393,18.25,1783038938
All Pools,BONKBOY - AVAX,,false,339.11,678.69,0.3393,18.25,1783038938
All Pools,AGOK - AVAX,,false,339.11,678.69,0.3393,18.25,1783038938
All Pools,GIVE - AVAX,,false,339.11,678.69,0.3393,18.25,1783038938
All Pools,APARTMENT - AVAX,,false,339.1,678.67,0.33929,18.25,1783038938
All Pools,YEAR - AVAX,,false,339.1,678.67,0.33929,18.25,1783038938
All Pools,POKERPUG - AVAX,,false,339.1,678.67,0.33929,18.25,1783038938
All Pools,AMPLY - AVAX,,false,339.1,678.67,0.33929,18.25,1783038938
All Pools,KR8TIV - AVAX,,false,339.05,678.57,0.33924,18.25,1783038938
All Pools,TTMION - AVAX,,false,339.05,678.57,0.33924,18.25,1783038938
All Pools,CLAIRON - AVAX,,false,339.05,678.57,0.33924,18.25,1783038938
All Pools,MAPPIN - AVAX,,false,339.05,678.57,0.33924,18.25,1783038938
All Pools,JOMON - AVAX,,false,339.05,678.57,0.33924,18.25,1783038938
All Pools,MOVING - AVAX,,false,339.05,678.57,0.33924,18.25,1783038938
All Pools,HANDGUY - AVAX,,false,339.01,678.48,0.33919,18.25,1783038938
All Pools,VRTXON - AVAX,,false,339.01,678.48,0.33919,18.25,1783038938
All Pools,DOGEWLFI - AVAX,,false,339.01,678.48,0.33919,18.25,1783038938
All Pools,JOWNES - AVAX,,false,339.01,678.48,0.33919,18.25,1783038938
All Pools,DPTX - AVAX,,false,339.01,678.48,0.33919,18.25,1783038938
All Pools,MCAP - AVAX,,false,339.01,678.48,0.33919,18.25,1783038938
All Pools,JUST - AVAX,,false,339.01,678.48,0.33919,18.25,1783038938
All Pools,TSWAP - AVAX,,false,338.99,678.44,0.33917,18.25,1783038938
All Pools,CRUNCH - AVAX,,false,338.99,678.44,0.33917,18.25,1783038938
All Pools,ORCAI - AVAX,,false,338.99,678.44,0.33917,18.25,1783038938
All Pools,MMIT - AVAX,,false,338.95,678.36,0.33913,18.25,1783038938
All Pools,ROS - AVAX,,false,338.95,678.36,0.33913,18.25,1783038938
All Pools,SAI - AVAX,,false,338.95,678.36,0.33913,18.25,1783038938
All Pools,SNOR - AVAX,,false,338.95,678.36,0.33913,18.25,1783038938
All Pools,CUBE - AVAX,,false,338.95,678.36,0.33913,18.25,1783038938
All Pools,BOB - AVAX,,false,338.95,678.36,0.33913,18.25,1783038938
All Pools,ZALPHA - AVAX,,false,338.92,678.3,0.3391,18.25,1783038938
All Pools,PUMPATHON - AVAX,,false,338.92,678.3,0.3391,18.25,1783038938
All Pools,REVAUNITS - AVAX,,false,338.91,678.3,0.3391,18.25,1783038938
All Pools,RUNWISE - AVAX,,false,338.91,678.3,0.3391,18.25,1783038938
All Pools,ALPHAX - AVAX,,false,338.91,678.3,0.3391,18.25,1783038938
All Pools,CMD - AVAX,,false,338.91,678.3,0.3391,18.25,1783038938
All Pools,SCREENER - AVAX,,false,338.91,678.3,0.3391,18.25,1783038938
All Pools,SHRUB - AVAX,,false,338.91,678.3,0.3391,18.25,1783038938
All Pools,NULL - AVAX,,false,338.91,678.3,0.3391,18.25,1783038938
All Pools,CVNAON - AVAX,,false,338.88,678.22,0.33906,18.25,1783038938
All Pools,FREEBIRD - AVAX,,false,338.88,678.22,0.33906,18.25,1783038938
All Pools,MHGA - AVAX,,false,338.88,678.22,0.33906,18.25,1783038938
All Pools,ONLYUP - AVAX,,false,338.88,678.22,0.33906,18.25,1783038938
All Pools,LOOT - AVAX,,false,338.88,678.22,0.33906,18.25,1783038938
All Pools,$PUPPA - AVAX,,false,338.88,678.22,0.33906,18.25,1783038938
All Pools,BABYSHARK - AVAX,,false,338.8,678.07,0.33899,18.25,1783038938
All Pools,FEENIX - AVAX,,false,338.8,678.07,0.33899,18.25,1783038938
All Pools,CAPO - AVAX,,false,338.8,678.07,0.33899,18.25,1783038938
All Pools,AUCTION - AVAX,,false,338.8,678.07,0.33899,18.25,1783038938
All Pools,BUYTHIS - AVAX,,false,338.8,678.07,0.33899,18.25,1783038938
All Pools,CROW - AVAX,,false,338.8,678.07,0.33899,18.25,1783038938
All Pools,QNTR - AVAX,,false,338.76,677.98,0.33894,18.25,1783038938
All Pools,HAVEN - AVAX,,false,338.76,677.98,0.33894,18.25,1783038938
All Pools,SPIN - AVAX,,false,338.76,677.98,0.33894,18.25,1783038938
All Pools,NNEON - AVAX,,false,338.76,677.98,0.33894,18.25,1783038938
All Pools,KRAI - AVAX,,false,338.76,677.98,0.33894,18.25,1783038938
All Pools,SSOL - AVAX,,false,338.75,677.96,0.33893,18.25,1783038938
All Pools,TISM - AVAX,,false,338.75,677.96,0.33893,18.25,1783038938
All Pools,DORITO - AVAX,,false,338.75,677.96,0.33893,18.25,1783038938
All Pools,XRUNE - AVAX,,false,338.75,677.96,0.33893,18.25,1783038938
All Pools,DOLL - AVAX,,false,338.75,677.96,0.33893,18.25,1783038938
All Pools,UNIPUMP - AVAX,,false,338.75,677.96,0.33893,18.25,1783038938
All Pools,KAIZENOS - AVAX,,false,338.72,677.92,0.33891,18.25,1783038938
All Pools,MOLECULAR - AVAX,,false,338.72,677.92,0.33891,18.25,1783038938
All Pools,NON - AVAX,,false,338.72,677.92,0.33891,18.25,1783038938
All Pools,SIGMABOY - AVAX,,false,338.72,677.91,0.33891,18.25,1783038938
All Pools,YN - AVAX,,false,338.72,677.91,0.33891,18.25,1783038938
All Pools,PMUSH - AVAX,,false,338.7,677.87,0.33889,18.25,1783038938
All Pools,GALAXE - AVAX,,false,338.7,677.87,0.33889,18.25,1783038938
All Pools,PLON - AVAX,,false,338.7,677.87,0.33889,18.25,1783038938
All Pools,RISK - AVAX,,false,338.7,677.87,0.33889,18.25,1783038938
All Pools,PEDUCK - AVAX,,false,338.7,677.87,0.33889,18.25,1783038938
All Pools,RNGR - AVAX,,false,338.7,677.87,0.33889,18.25,1783038938
All Pools,HAHA - AVAX,,false,338.7,677.87,0.33889,18.25,1783038938
All Pools,DOAI - AVAX,,false,338.69,677.85,0.33888,18.25,1783038938
All Pools,LARP - AVAX,,false,338.69,677.85,0.33888,18.25,1783038938
All Pools,CRABS - AVAX,,false,338.69,677.85,0.33888,18.25,1783038938
All Pools,RC - AVAX,,false,338.69,677.85,0.33888,18.25,1783038938
All Pools,MM - AVAX,,false,338.69,677.85,0.33888,18.25,1783038938
All Pools,BOOST - AVAX,,false,338.67,677.81,0.33886,18.25,1783038938
All Pools,$ORG - AVAX,,false,338.67,677.81,0.33886,18.25,1783038938
All Pools,OOBE - AVAX,,false,338.66,677.79,0.33885,18.25,1783038938
All Pools,AMURICAH - AVAX,,false,338.66,677.79,0.33885,18.25,1783038938
All Pools,HUGGI - AVAX,,false,338.63,677.72,0.33881,18.25,1783038938
All Pools,STANK - AVAX,,false,338.63,677.72,0.33881,18.25,1783038938
All Pools,TRENCHES - AVAX,,false,338.63,677.72,0.33881,18.25,1783038938
All Pools,GAZA - AVAX,,false,338.63,677.72,0.33881,18.25,1783038938
All Pools,TRUMP - AVAX,,false,338.63,677.72,0.33881,18.25,1783038938
All Pools,HEHEH - AVAX,,false,338.63,677.72,0.33881,18.25,1783038938
All Pools,TRILLION - AVAX,,false,338.63,677.72,0.33881,18.25,1783038938
All Pools,MUT - AVAX,,false,338.61,677.69,0.3388,18.25,1783038938
All Pools,T73 - AVAX,,false,338.61,677.69,0.3388,18.25,1783038938
All Pools,SLOPCRAFT - AVAX,,false,338.61,677.69,0.3388,18.25,1783038938
All Pools,ETHAON - AVAX,,false,338.61,677.69,0.3388,18.25,1783038938
All Pools,SLVR - AVAX,,false,338.57,677.6,0.33875,18.25,1783038938
All Pools,SLOTH - AVAX,,false,338.57,677.6,0.33875,18.25,1783038938
All Pools,MEG - AVAX,,false,338.57,677.6,0.33875,18.25,1783038938
All Pools,BNSD - AVAX,,false,338.57,677.6,0.33875,18.25,1783038938
All Pools,AGI - AVAX,,false,338.57,677.6,0.33875,18.25,1783038938
All Pools,FLOOF - AVAX,,false,338.56,677.59,0.33875,18.25,1783038938
All Pools,KEELON - AVAX,,false,338.56,677.59,0.33875,18.25,1783038938
All Pools,MZC - AVAX,,false,338.56,677.59,0.33875,18.25,1783038938
All Pools,TERON - AVAX,,false,338.56,677.59,0.33875,18.25,1783038938
All Pools,CLOION - AVAX,,false,338.56,677.59,0.33875,18.25,1783038938
All Pools,TREND - AVAX,,false,338.56,-0.97076,0.33874,-12736.61,1783038938
All Pools,LULU - AVAX,,false,338.56,677.58,0.33874,18.25,1783038938
All Pools,XPBNB - AVAX,,false,338.56,677.58,0.33874,18.25,1783038938
All Pools,HORNY - AVAX,,false,338.56,677.58,0.33874,18.25,1783038938
All Pools,IRRAWADDY - AVAX,,false,338.56,677.58,0.33874,18.25,1783038938
All Pools,YODE - AVAX,,false,338.56,677.58,0.33874,18.25,1783038938
All Pools,BAGLESS - AVAX,,false,338.55,677.57,0.33874,18.25,1783038938
All Pools,FLIPCOIN - AVAX,,false,338.55,677.57,0.33874,18.25,1783038938
All Pools,SPRT - AVAX,,false,338.55,677.57,0.33874,18.25,1783038938
All Pools,BITCOINBOB - AVAX,,false,338.55,677.57,0.33874,18.25,1783038938
All Pools,ZUL - AVAX,,false,338.55,677.57,0.33874,18.25,1783038938
All Pools,SPRED - AVAX,,false,338.55,-0.97926,0.33874,-12625.68,1783038938
All Pools,HOPECOIN - AVAX,,false,338.53,677.53,0.33872,18.25,1783038938
All Pools,ZOPA - AVAX,,false,338.53,677.53,0.33872,18.25,1783038938
All Pools,MU - AVAX,,false,338.53,-0.99844,0.33872,-12382.44,1783038938
All Pools,PGC - AVAX,,false,338.45,677.37,0.33864,18.25,1783038938
All Pools,WISE - AVAX,,false,338.45,677.37,0.33864,18.25,1783038938
All Pools,BRICK - AVAX,,false,338.45,677.37,0.33864,18.25,1783038938
All Pools,BWE - AVAX,,false,338.45,-1.076,0.33864,-11486.35,1783038938
All Pools,SHIRO - AVAX,,false,338.45,677.37,0.33864,18.25,1783038938
All Pools,BDC - AVAX,,false,338.42,677.3,0.3386,18.25,1783038938
All Pools,GOATX - AVAX,,false,338.42,677.3,0.3386,18.25,1783038938
All Pools,AISTR - AVAX,,false,338.42,677.3,0.3386,18.25,1783038938
All Pools,MEMEXSOL - AVAX,,false,338.42,677.3,0.3386,18.25,1783038938
All Pools,ZPAY - AVAX,,false,338.42,677.3,0.3386,18.25,1783038938
All Pools,OPENVERSE - AVAX,,false,338.42,677.3,0.3386,18.25,1783038938
All Pools,T42 - AVAX,,false,338.42,677.3,0.3386,18.25,1783038938
All Pools,CCJON - AVAX,,false,338.41,677.28,0.33859,18.25,1783038938
All Pools,INODON - AVAX,,false,338.41,677.28,0.33859,18.25,1783038938
All Pools,EVA - AVAX,,false,338.4,677.26,0.33858,18.25,1783038938
All Pools,DISBELIEF - AVAX,,false,338.39,677.25,0.33858,18.25,1783038938
All Pools,COCK - AVAX,,false,338.39,677.25,0.33858,18.25,1783038938
All Pools,PEBLO - AVAX,,false,338.39,677.25,0.33858,18.25,1783038938
All Pools,IF - AVAX,,false,338.39,677.25,0.33858,18.25,1783038938
All Pools,SIGMEW - AVAX,,false,338.39,677.25,0.33858,18.25,1783038938
All Pools,AIKO - AVAX,,false,338.39,677.25,0.33858,18.25,1783038938
All Pools,$GLINT - AVAX,,false,338.38,677.23,0.33857,18.25,1783038938
All Pools,GEN - AVAX,,false,338.38,677.23,0.33857,18.25,1783038938
All Pools,GREEN - AVAX,,false,338.38,677.23,0.33857,18.25,1783038938
All Pools,CLOUT - AVAX,,false,338.38,677.23,0.33857,18.25,1783038938
All Pools,KEDAENGE - AVAX,,false,338.38,677.23,0.33857,18.25,1783038938
All Pools,GENZ - AVAX,,false,338.38,677.23,0.33857,18.25,1783038938
All Pools,APOW - AVAX,,false,338.38,677.23,0.33857,18.25,1783038938
All Pools,HPEON - AVAX,,false,338.38,677.23,0.33857,18.25,1783038938
All Pools,SQRL - AVAX,,false,338.36,-1.169,0.33855,-10570.45,1783038938
All Pools,JACKPOT - AVAX,,false,338.36,677.19,0.33855,18.25,1783038938
All Pools,CHIBELON - AVAX,,false,338.36,677.19,0.33855,18.25,1783038938
All Pools,SSL - AVAX,,false,338.36,677.19,0.33855,18.25,1783038938
All Pools,RBIS - AVAX,,false,338.36,677.19,0.33855,18.25,1783038938
All Pools,HLG - AVAX,,false,338.36,677.19,0.33855,18.25,1783038938
All Pools,TOWN - AVAX,,false,338.36,677.19,0.33855,18.25,1783038938
All Pools,REELRUSH - AVAX,,false,338.36,677.18,0.33854,18.25,1783038938
All Pools,LNCHM - AVAX,,false,338.36,677.18,0.33854,18.25,1783038938
All Pools,BSL - AVAX,,false,338.36,-1.17,0.33854,-10560.73,1783038938
All Pools,BULLS - AVAX,,false,338.36,677.18,0.33854,18.25,1783038938
All Pools,QEEA - AVAX,,false,338.36,677.18,0.33854,18.25,1783038938
All Pools,VINE - AVAX,,false,338.36,677.18,0.33854,18.25,1783038938
All Pools,REM - AVAX,,false,338.34,677.14,0.33852,18.25,1783038938
All Pools,JAPANWHALE - AVAX,,false,338.34,677.14,0.33852,18.25,1783038938
All Pools,HELPFUL - AVAX,,false,338.34,677.14,0.33852,18.25,1783038938
All Pools,MBGA - AVAX,,false,338.34,677.14,0.33852,18.25,1783038938
All Pools,SCHWON - AVAX,,false,338.34,677.14,0.33852,18.25,1783038938
All Pools,XVGARB - AVAX,,false,338.34,677.14,0.33852,18.25,1783038938
All Pools,TROL - AVAX,,false,338.31,677.09,0.3385,18.25,1783038938
All Pools,ENSOUL - AVAX,,false,338.31,677.09,0.3385,18.25,1783038938
All Pools,MACRO - AVAX,,false,338.31,677.09,0.3385,18.25,1783038938
All Pools,KIKI - AVAX,,false,338.31,677.09,0.3385,18.25,1783038938
All Pools,AGNS - AVAX,,false,338.3,677.06,0.33848,18.25,1783038938
All Pools,$MESSA - AVAX,,false,338.3,677.06,0.33848,18.25,1783038938
All Pools,MOLTIC - AVAX,,false,338.28,677.02,0.33846,18.25,1783038938
All Pools,PANDA - AVAX,,false,338.28,677.02,0.33846,18.25,1783038938
All Pools,CSEED - AVAX,,false,338.28,677.02,0.33846,18.25,1783038938
All Pools,FORTKNOX - AVAX,,false,338.28,677.02,0.33846,18.25,1783038938
All Pools,GGK - AVAX,,false,338.27,677.01,0.33846,18.25,1783038938
All Pools,EARS - AVAX,,false,338.27,677.01,0.33846,18.25,1783038938
All Pools,PISS - AVAX,,false,338.27,677.01,0.33846,18.25,1783038938
All Pools,ERIC - AVAX,,false,338.27,677.01,0.33846,18.25,1783038938
All Pools,SNAP - AVAX,,false,338.27,677.01,0.33846,18.25,1783038938
All Pools,DG - AVAX,,false,338.27,677.01,0.33846,18.25,1783038938
All Pools,BABYRAGE - AVAX,,false,338.27,677.01,0.33846,18.25,1783038938
All Pools,USAI - AVAX,,false,338.25,676.97,0.33844,18.25,1783038938
All Pools,CODED - AVAX,,false,338.25,676.97,0.33844,18.25,1783038938
All Pools,PXL - AVAX,,false,338.25,676.97,0.33844,18.25,1783038938
All Pools,RELO - AVAX,,false,338.25,676.97,0.33844,18.25,1783038938
All Pools,COIN - AVAX,,false,338.25,676.97,0.33844,18.25,1783038938
All Pools,DOGS - AVAX,,false,338.24,676.94,0.33842,18.25,1783038938
All Pools,SPANKMAS - AVAX,,false,338.24,676.94,0.33842,18.25,1783038938
All Pools,BARIO - AVAX,,false,338.23,676.93,0.33842,18.25,1783038938
All Pools,DREAM - AVAX,,false,338.23,676.93,0.33842,18.25,1783038938
All Pools,KU - CHAN - AVAX,,false,338.23,676.93,0.33842,18.25,1783038938
All Pools,GARRY - AVAX,,false,338.23,676.93,0.33842,18.25,1783038938
All Pools,QUIT - AVAX,,false,338.23,676.93,0.33842,18.25,1783038938
All Pools,DESTABLE - AVAX,,false,338.23,676.92,0.33841,18.25,1783038938
All Pools,GEEKED - AVAX,,false,338.23,676.92,0.33841,18.25,1783038938
All Pools,CATWIF - AVAX,,false,338.23,676.92,0.33841,18.25,1783038938
All Pools,BITBABY - AVAX,,false,338.23,676.92,0.33841,18.25,1783038938
All Pools,BCI - AVAX,,false,338.23,676.92,0.33841,18.25,1783038938
All Pools,ATNA - AVAX,,false,338.23,676.92,0.33841,18.25,1783038938
All Pools,AFFI - AVAX,,false,338.22,676.91,0.33841,18.25,1783038938
All Pools,SIMP - AVAX,,false,338.22,676.91,0.33841,18.25,1783038938
All Pools,DOGCOIN - AVAX,,false,338.22,676.91,0.33841,18.25,1783038938
All Pools,KAPIBALA - AVAX,,false,338.22,676.91,0.33841,18.25,1783038938
All Pools,TROVE - AVAX,,false,338.22,676.91,0.33841,18.25,1783038938
All Pools,SPUD - AVAX,,false,338.22,676.91,0.33841,18.25,1783038938
All Pools,C - AVAX,,false,338.22,-1.306,0.33841,-9460.5,1783038938
All Pools,DONKEE - AVAX,,false,338.2,-1.326,0.33839,-9312.31,1783038938
All Pools,BOOMERANG - AVAX,,false,338.2,-1.326,0.33839,-9312.31,1783038938
All Pools,AGXBT - AVAX,,false,338.2,676.87,0.33839,18.25,1783038938
All Pools,RE7USDC - AVAX,,false,338.2,676.87,0.33839,18.25,1783038938
All Pools,WHITEDOG - AVAX,,false,338.2,676.87,0.33839,18.25,1783038938
All Pools,POP - AVAX,,false,338.2,676.87,0.33839,18.25,1783038938
All Pools,MFEST - AVAX,,false,338.2,676.87,0.33839,18.25,1783038938
All Pools,TRUTH - AVAX,,false,338.2,676.87,0.33839,18.25,1783038938
All Pools,AGENTBANK - AVAX,,false,338.2,676.87,0.33839,18.25,1783038938
All Pools,BOLGUR - AVAX,,false,338.19,-1.34,0.33838,-9218.06,1783038938
All Pools,FDREAM - AVAX,,false,338.19,676.84,0.33838,18.25,1783038938
All Pools,PICKL - AVAX,,false,338.19,676.84,0.33838,18.25,1783038938
All Pools,PP - AVAX,,false,338.19,676.84,0.33838,18.25,1783038938
All Pools,SALUKI - AVAX,,false,338.17,676.81,0.33836,18.25,1783038938
All Pools,IMG - AVAX,,false,338.17,676.81,0.33836,18.25,1783038938
All Pools,MAOW - AVAX,,false,338.17,676.81,0.33836,18.25,1783038938
All Pools,POKI - AVAX,,false,338.15,676.77,0.33834,18.25,1783038938
All Pools,BELUCHAD - AVAX,,false,338.15,676.77,0.33834,18.25,1783038938
All Pools,PALU - AVAX,,false,338.15,676.77,0.33834,18.25,1783038938
All Pools,ANIMALS - AVAX,,false,338.15,676.77,0.33834,18.25,1783038938
All Pools,PPLTON - AVAX,,false,338.15,676.77,0.33834,18.25,1783038938
All Pools,TARIFFCOIN - AVAX,,false,338.15,676.76,0.33833,18.25,1783038938
All Pools,FARTGOAT - AVAX,,false,338.15,676.76,0.33833,18.25,1783038938
All Pools,CONCENTRIC - AVAX,,false,338.15,676.76,0.33833,18.25,1783038938
All Pools,T50STATES - AVAX,,false,338.15,676.76,0.33833,18.25,1783038938
All Pools,BEL - AVAX,,false,338.15,676.76,0.33833,18.25,1783038938
All Pools,VCASH - AVAX,,false,338.14,676.75,0.33833,18.25,1783038938
All Pools,OIL - AVAX,,false,338.14,676.75,0.33833,18.25,1783038938
All Pools,MEEP - AVAX,,false,338.14,-1.388,0.33833,-8895.76,1783038938
All Pools,ROO - AVAX,,false,338.12,676.71,0.33831,18.25,1783038938
All Pools,DOG - AVAX,,false,338.12,676.71,0.33831,18.25,1783038938
All Pools,YOLKIE - AVAX,,false,338.12,676.71,0.33831,18.25,1783038938
All Pools,MOONMOON - AVAX,,false,338.12,676.71,0.33831,18.25,1783038938
All Pools,VICE - AVAX,,false,338.12,676.71,0.33831,18.25,1783038938
All Pools,KIBO - AVAX,,false,338.1,676.66,0.33828,18.25,1783038938
All Pools,CRABFURIE - AVAX,,false,338.1,676.66,0.33828,18.25,1783038938
All Pools,CAPS - AVAX,,false,338.1,676.66,0.33828,18.25,1783038938
All Pools,BINGUS - AVAX,,false,338.1,676.66,0.33828,18.25,1783038938
All Pools,USARON - AVAX,,false,338.08,676.62,0.33826,18.25,1783038938
All Pools,KLOUT - AVAX,,false,338.08,676.62,0.33826,18.25,1783038938
All Pools,SHITCOIN - AVAX,,false,338.08,676.62,0.33826,18.25,1783038938
All Pools,T925 - AVAX,,false,338.08,676.62,0.33826,18.25,1783038938
All Pools,REDUARY - AVAX,,false,338.08,676.62,0.33826,18.25,1783038938
All Pools,MOON - AVAX,,false,338.08,676.62,0.33826,18.25,1783038938
All Pools,NETON - AVAX,,false,338.07,676.6,0.33825,18.25,1783038938
All Pools,CELB - AVAX,,false,338.07,676.6,0.33825,18.25,1783038938
All Pools,SOXSON - AVAX,,false,338.07,676.6,0.33825,18.25,1783038938
All Pools,RNC - AVAX,,false,338.06,676.58,0.33824,18.25,1783038938
All Pools,QLC - AVAX,,false,338.06,676.58,0.33824,18.25,1783038938
All Pools,PUMPAD - AVAX,,false,338.06,676.58,0.33824,18.25,1783038938
All Pools,NEKO - AVAX,,false,338.06,676.58,0.33824,18.25,1783038938
All Pools,MEMERICA - AVAX,,false,338.06,676.58,0.33824,18.25,1783038938
All Pools,VNQON - AVAX,,false,338.06,676.58,0.33824,18.25,1783038938
All Pools,BELIEVE - AVAX,,false,338.06,676.58,0.33824,18.25,1783038938
All Pools,RUVIEW - AVAX,,false,338.06,676.58,0.33824,18.25,1783038938
All Pools,GRAB - AVAX,,false,338.06,676.58,0.33824,18.25,1783038938
All Pools,GOLDPEPE - AVAX,,false,338.06,676.58,0.33824,18.25,1783038938
All Pools,MIZUFI - AVAX,,false,338.06,676.58,0.33824,18.25,1783038938
All Pools,VFS - AVAX,,false,338.06,676.58,0.33824,18.25,1783038938
All Pools,SURREAL - AVAX,,false,338.05,676.56,0.33823,18.25,1783038938
All Pools,COFFEECOIN - AVAX,,false,338.05,676.56,0.33823,18.25,1783038938
All Pools,FINNPUTER - AVAX,,false,338.05,676.56,0.33823,18.25,1783038938
All Pools,FLOW - AVAX,,false,338.03,676.53,0.33822,18.25,1783038938
All Pools,ACTP - AVAX,,false,338.03,676.53,0.33822,18.25,1783038938
All Pools,LOOP - AVAX,,false,338.03,676.53,0.33822,18.25,1783038938
All Pools,CTO - AVAX,,false,338.03,676.53,0.33822,18.25,1783038938
All Pools,PACOCA - AVAX,,false,338.03,676.53,0.33822,18.25,1783038938
All Pools,LOOSE - AVAX,,false,338.03,676.53,0.33822,18.25,1783038938
All Pools,MUBARAK - AVAX,,false,338.03,676.53,0.33822,18.25,1783038938
All Pools,FUNGI - AVAX,,false,338.03,676.53,0.33822,18.25,1783038938
All Pools,RALLY - AVAX,,false,338.03,676.52,0.33821,18.25,1783038938
All Pools,MOGGER - AVAX,,false,338.03,676.52,0.33821,18.25,1783038938
All Pools,USDP - AVAX,,false,338.03,676.52,0.33821,18.25,1783038938
All Pools,KOLBO - AVAX,,false,338.03,-1.501,0.33821,-8224.41,1783038938
All Pools,PUMPPERPS - AVAX,,false,338.03,676.52,0.33821,18.25,1783038938
All Pools,FP - AVAX,,false,338.02,676.5,0.3382,18.25,1783038938
All Pools,CAPYBARA - AVAX,,false,338.02,676.5,0.3382,18.25,1783038938
All Pools,KORA - AVAX,,false,338.02,676.5,0.3382,18.25,1783038938
All Pools,COINE - AVAX,,false,338.02,676.5,0.3382,18.25,1783038938
All Pools,EARTHCOIN - AVAX,,false,338.02,676.5,0.3382,18.25,1783038938
All Pools,STARS - AVAX,,false,338.02,676.5,0.3382,18.25,1783038938
All Pools,BASEMENT - AVAX,,false,338,676.46,0.33818,18.25,1783038938
All Pools,TISM - AVAX,,false,338,676.46,0.33818,18.25,1783038938
All Pools,CLIP - AVAX,,false,338,676.46,0.33818,18.25,1783038938
All Pools,BUTT - AVAX,,false,338,676.46,0.33818,18.25,1783038938
All Pools,DIP - AVAX,,false,338,676.46,0.33818,18.25,1783038938
All Pools,DEFIANT - AVAX,,false,338,676.46,0.33818,18.25,1783038938
All Pools,THICC - AVAX,,false,337.99,676.44,0.33817,18.25,1783038938
All Pools,GROUP7 - AVAX,,false,337.99,676.44,0.33817,18.25,1783038938
All Pools,CHOMIK - AVAX,,false,337.99,676.44,0.33817,18.25,1783038938
All Pools,KITTY - AVAX,,false,337.99,676.44,0.33817,18.25,1783038938
All Pools,BAR - AVAX,,false,337.99,676.44,0.33817,18.25,1783038938
All Pools,OXLABS - AVAX,,false,337.99,676.44,0.33817,18.25,1783038938
All Pools,SLUB - AVAX,,false,337.99,676.44,0.33817,18.25,1783038938
All Pools,NARRATIVE - AVAX,,false,337.98,676.42,0.33816,18.25,1783038938
All Pools,BOZO - AVAX,,false,337.98,676.42,0.33816,18.25,1783038938
All Pools,DOGUE - AVAX,,false,337.98,676.42,0.33816,18.25,1783038938
All Pools,DUSD - AVAX,,false,337.98,676.42,0.33816,18.25,1783038938
All Pools,MEOW - AVAX,,false,337.98,676.42,0.33816,18.25,1783038938
All Pools,PEPETIDE - AVAX,,false,337.97,676.4,0.33816,18.25,1783038938
All Pools,BLUECHIP - AVAX,,false,337.97,676.4,0.33816,18.25,1783038938
All Pools,MAXI - AVAX,,false,337.97,676.4,0.33816,18.25,1783038938
All Pools,MICHAEL - AVAX,,false,337.97,676.4,0.33816,18.25,1783038938
All Pools,YOURAI - AVAX,,false,337.96,676.38,0.33814,18.25,1783038938
All Pools,GRID - AVAX,,false,337.96,676.38,0.33814,18.25,1783038938
All Pools,SUPERCOIN - AVAX,,false,337.96,676.38,0.33814,18.25,1783038938
All Pools,NESHUDO - AVAX,,false,337.96,676.38,0.33814,18.25,1783038938
All Pools,RUN - AVAX,,false,337.96,676.38,0.33814,18.25,1783038938
All Pools,BOWIE - AVAX,,false,337.96,676.38,0.33814,18.25,1783038938
All Pools,REPLY - AVAX,,false,337.94,676.35,0.33813,18.25,1783038938
All Pools,DOLPHIN - AVAX,,false,337.94,676.35,0.33813,18.25,1783038938
All Pools,YUCKY - AVAX,,false,337.94,676.35,0.33813,18.25,1783038938
All Pools,$ROFL - AVAX,,false,337.94,-1.589,0.33813,-7766.78,1783038938
All Pools,TRIX - AVAX,,false,337.93,676.33,0.33812,18.25,1783038938
All Pools,SWIPE - AVAX,,false,337.93,-1.598,0.33812,-7723.28,1783038938
All Pools,T501 - AVAX,,false,337.93,676.32,0.33812,18.25,1783038938
All Pools,ADZILLA - AVAX,,false,337.93,676.32,0.33812,18.25,1783038938
All Pools,BONER - AVAX,,false,337.93,676.32,0.33812,18.25,1783038938
All Pools,AIT - AVAX,,false,337.93,676.32,0.33812,18.25,1783038938
All Pools,PYRATE - AVAX,,false,337.93,676.32,0.33812,18.25,1783038938
All Pools,TOBY - AVAX,,false,337.93,-1.6,0.33812,-7714.78,1783038938
All Pools,MCP - AVAX,,false,337.92,676.31,0.33811,18.25,1783038938
All Pools,AUSBAGWORK - AVAX,,false,337.92,676.31,0.33811,18.25,1783038938
All Pools,JUMPBOX.ETH - AVAX,,false,337.92,676.31,0.33811,18.25,1783038938
All Pools,ENERGY - AVAX,,false,337.92,676.31,0.33811,18.25,1783038938
All Pools,HOLO - AVAX,,false,337.92,676.31,0.33811,18.25,1783038938
All Pools,WIZB - AVAX,,false,337.92,676.31,0.33811,18.25,1783038938
All Pools,GM - AVAX,,false,337.92,676.31,0.33811,18.25,1783038938
All Pools,BLOX - AVAX,,false,337.9,676.26,0.33808,18.25,1783038938
All Pools,INTROVERT - AVAX,,false,337.9,676.26,0.33808,18.25,1783038938
All Pools,MOONERS - AVAX,,false,337.9,676.26,0.33808,18.25,1783038938
All Pools,FAITHCOIN - AVAX,,false,337.9,676.26,0.33808,18.25,1783038938
All Pools,XTRADE - AVAX,,false,337.9,676.26,0.33808,18.25,1783038938
All Pools,CLARITY - AVAX,,false,337.9,676.26,0.33808,18.25,1783038938
All Pools,W - AVAX,,false,337.89,676.25,0.33808,18.25,1783038938
All Pools,MONDAY - AVAX,,false,337.89,676.25,0.33808,18.25,1783038938
All Pools,YEPE - AVAX,,false,337.89,676.25,0.33808,18.25,1783038938
All Pools,LIQ - AVAX,,false,337.89,676.25,0.33808,18.25,1783038938
All Pools,PFU - AVAX,,false,337.89,676.25,0.33808,18.25,1783038938
All Pools,SAMDINEKO - AVAX,,false,337.89,676.25,0.33808,18.25,1783038938
All Pools,KNUT - AVAX,,false,337.88,676.22,0.33807,18.25,1783038938
All Pools,SAVINGS - AVAX,,false,337.88,676.22,0.33807,18.25,1783038938
All Pools,ROBOBOOK - AVAX,,false,337.88,676.22,0.33807,18.25,1783038938
All Pools,HUEY - AVAX,,false,337.88,676.22,0.33807,18.25,1783038938
All Pools,$EGG - AVAX,,false,337.88,676.22,0.33807,18.25,1783038938
All Pools,FLARE - AVAX,,false,337.88,676.22,0.33807,18.25,1783038938
All Pools,URMOM - AVAX,,false,337.84,-1.686,0.33803,-7317.08,1783038938
All Pools,TCLAW - AVAX,,false,337.84,676.15,0.33803,18.25,1783038938
All Pools,SAFEMOON - AVAX,,false,337.84,676.15,0.33803,18.25,1783038938
All Pools,BQC - AVAX,,false,337.84,676.15,0.33803,18.25,1783038938
All Pools,MEDJED - AVAX,,false,337.84,676.15,0.33803,18.25,1783038938
All Pools,ORV - AVAX,,false,337.84,676.15,0.33803,18.25,1783038938
All Pools,ATM - AVAX,,false,337.84,676.15,0.33803,18.25,1783038938
All Pools,DIH - AVAX,,false,337.84,676.15,0.33803,18.25,1783038938
All Pools,TRGT - AVAX,,false,337.84,676.15,0.33803,18.25,1783038938
All Pools,COCO - AVAX,,false,337.84,676.15,0.33803,18.25,1783038938
All Pools,$SACHO - AVAX,,false,337.84,676.15,0.33803,18.25,1783038938
All Pools,EQM - AVAX,,false,337.84,676.15,0.33803,18.25,1783038938
All Pools,VETTR - AVAX,,false,337.83,676.13,0.33802,18.25,1783038938
All Pools,OILCOIN - AVAX,,false,337.83,676.13,0.33802,18.25,1783038938
All Pools,BIGLY - AVAX,,false,337.83,676.13,0.33802,18.25,1783038938
All Pools,WHALEQUEEN - AVAX,,false,337.82,676.11,0.33801,18.25,1783038938
All Pools,FLOPI - AVAX,,false,337.82,676.11,0.33801,18.25,1783038938
All Pools,BUBO - AVAX,,false,337.82,676.11,0.33801,18.25,1783038938
All Pools,ATH - AVAX,,false,337.82,676.11,0.33801,18.25,1783038938
All Pools,AVOID - AVAX,,false,337.82,676.11,0.33801,18.25,1783038938
All Pools,WHETH - AVAX,,false,337.82,676.11,0.33801,18.25,1783038938
All Pools,PENGID - AVAX,,false,337.81,676.08,0.33799,18.25,1783038938
All Pools,PUMPBASE - AVAX,,false,337.81,676.08,0.33799,18.25,1783038938
All Pools,SPCTROLL - AVAX,,false,337.81,676.08,0.33799,18.25,1783038938
All Pools,GOOD - AVAX,,false,337.8,676.07,0.33799,18.25,1783038938
All Pools,PP - AVAX,,false,337.8,676.07,0.33799,18.25,1783038938
All Pools,WHAI - AVAX,,false,337.8,676.07,0.33799,18.25,1783038938
All Pools,SIDELINER - AVAX,,false,337.8,676.07,0.33799,18.25,1783038938
All Pools,MKAT - AVAX,,false,337.8,676.07,0.33799,18.25,1783038938
All Pools,TIGERSHARK - AVAX,,false,337.8,-1.725,0.33799,-7151.07,1783038938
All Pools,WALL - AVAX,,false,337.8,-1.725,0.33799,-7151.07,1783038938
All Pools,OXAI - AVAX,,false,337.8,-1.732,0.33798,-7123.02,1783038938
All Pools,NICO - AVAX,,false,337.8,676.06,0.33798,18.25,1783038938
All Pools,AIVIA - AVAX,,false,337.8,676.06,0.33798,18.25,1783038938
All Pools,EAGLE - AVAX,,false,337.8,676.06,0.33798,18.25,1783038938
All Pools,PEPEMAGA - AVAX,,false,337.8,676.06,0.33798,18.25,1783038938
All Pools,REESCOIN - AVAX,,false,337.79,676.04,0.33797,18.25,1783038938
All Pools,PHAUNTEM - AVAX,,false,337.79,-1.742,0.33797,-7081.94,1783038938
All Pools,JOY - AVAX,,false,337.79,676.04,0.33797,18.25,1783038938
All Pools,MWHALE - AVAX,,false,337.79,676.04,0.33797,18.25,1783038938
All Pools,XCHANGE - AVAX,,false,337.79,676.04,0.33797,18.25,1783038938
All Pools,SNAKE - AVAX,,false,337.79,676.04,0.33797,18.25,1783038938
All Pools,PIXELS - AVAX,,false,337.79,676.04,0.33797,18.25,1783038938
All Pools,$PLATH - AVAX,,false,337.79,-1.742,0.33797,-7080.39,1783038938
All Pools,TOA - AVAX,,false,337.78,676.03,0.33797,18.25,1783038938
All Pools,CULTURE - AVAX,,false,337.78,676.03,0.33797,18.25,1783038938
All Pools,BUTWHY - AVAX,,false,337.78,676.02,0.33796,18.25,1783038938
All Pools,ARMY - AVAX,,false,337.78,676.02,0.33796,18.25,1783038938
All Pools,WATER - AVAX,,false,337.78,676.02,0.33796,18.25,1783038938
All Pools,MSTR - AVAX,,false,337.78,676.02,0.33796,18.25,1783038938
All Pools,DOGE - AVAX,,false,337.78,676.02,0.33796,18.25,1783038938
All Pools,BOJI - AVAX,,false,337.78,676.02,0.33796,18.25,1783038938
All Pools,LUNCHMONEY - AVAX,,false,337.77,676.01,0.33796,18.25,1783038938
All Pools,MCP - AVAX,,false,337.77,676.01,0.33796,18.25,1783038938
All Pools,ARC - AVAX,,false,337.76,675.98,0.33794,18.25,1783038938
All Pools,HTO - AVAX,,false,337.76,675.98,0.33794,18.25,1783038938
All Pools,METHOD - AVAX,,false,337.76,675.98,0.33794,18.25,1783038938
All Pools,WM - AVAX,,false,337.76,675.98,0.33794,18.25,1783038938
All Pools,$BROKIE - AVAX,,false,337.76,675.98,0.33794,18.25,1783038938
All Pools,ELUENT - AVAX,,false,337.76,675.98,0.33794,18.25,1783038938
All Pools,NPAYFI - AVAX,,false,337.76,675.98,0.33794,18.25,1783038938
All Pools,GRAMPS - AVAX,,false,337.76,675.98,0.33794,18.25,1783038938
All Pools,FCS - AVAX,,false,337.76,675.98,0.33794,18.25,1783038938
All Pools,UNTAXED - AVAX,,false,337.75,675.97,0.33794,18.25,1783038938
All Pools,SPOT - AVAX,,false,337.75,675.97,0.33794,18.25,1783038938
All Pools,DATA - AVAX,,false,337.75,675.97,0.33794,18.25,1783038938
All Pools,COIN - AVAX,,false,337.75,675.97,0.33794,18.25,1783038938
All Pools,COMET - AVAX,,false,337.73,675.92,0.33791,18.25,1783038938
All Pools,BASEEGG - AVAX,,false,337.73,675.92,0.33791,18.25,1783038938
All Pools,STONKS - AVAX,,false,337.73,675.92,0.33791,18.25,1783038938
All Pools,BAPO - AVAX,,false,337.73,675.92,0.33791,18.25,1783038938
All Pools,BADDIE - AVAX,,false,337.73,675.92,0.33791,18.25,1783038938
All Pools,DECHAT - AVAX,,false,337.73,675.92,0.33791,18.25,1783038938
All Pools,BUBU - AVAX,,false,337.73,675.92,0.33791,18.25,1783038938
All Pools,TOLI - AVAX,,false,337.73,675.92,0.33791,18.25,1783038938
All Pools,JSS - AVAX,,false,337.72,675.91,0.33791,18.25,1783038938
All Pools,TROLLBOY - AVAX,,false,337.72,675.91,0.33791,18.25,1783038938
All Pools,TIFF - AVAX,,false,337.72,675.91,0.33791,18.25,1783038938
All Pools,PBANK - AVAX,,false,337.72,675.91,0.33791,18.25,1783038938
All Pools,CAMEL - AVAX,,false,337.71,675.88,0.3379,18.25,1783038938
All Pools,RACO - AVAX,,false,337.71,675.88,0.3379,18.25,1783038938
All Pools,JAKPOT - AVAX,,false,337.7,675.87,0.33789,18.25,1783038938
All Pools,WINTERDOGE - AVAX,,false,337.7,675.87,0.33789,18.25,1783038938
All Pools,EVA - AVAX,,false,337.7,675.87,0.33789,18.25,1783038938
All Pools,WOOLFUN - AVAX,,false,337.7,675.87,0.33789,18.25,1783038938
All Pools,TEPE - AVAX,,false,337.7,675.87,0.33789,18.25,1783038938
All Pools,SOLMON - AVAX,,false,337.7,675.87,0.33789,18.25,1783038938
All Pools,CARICATURE - AVAX,,false,337.7,675.87,0.33789,18.25,1783038938
All Pools,GLDS - AVAX,,false,337.7,675.86,0.33788,18.25,1783038938
All Pools,FLIQ - AVAX,,false,337.7,-1.834,0.33788,-6724.94,1783038938
All Pools,POLYMIND - AVAX,,false,337.7,675.86,0.33788,18.25,1783038938
All Pools,LAND - AVAX,,false,337.7,675.86,0.33788,18.25,1783038938
All Pools,DOGB - AVAX,,false,337.7,675.86,0.33788,18.25,1783038938
All Pools,WILL - AVAX,,false,337.7,675.86,0.33788,18.25,1783038938
All Pools,KNUXX - AVAX,,false,337.69,675.84,0.33787,18.25,1783038938
All Pools,ALBON - AVAX,,false,337.69,675.84,0.33787,18.25,1783038938
All Pools,TAPS - AVAX,,false,337.69,675.84,0.33787,18.25,1783038938
All Pools,JU - AVAX,,false,337.68,675.83,0.33787,18.25,1783038938
All Pools,GOODRUDI - AVAX,,false,337.68,675.83,0.33787,18.25,1783038938
All Pools,SLURP - AVAX,,false,337.68,675.83,0.33787,18.25,1783038938
All Pools,HORIZON - AVAX,,false,337.68,675.83,0.33787,18.25,1783038938
All Pools,POWLON - AVAX,,false,337.68,675.82,0.33786,18.25,1783038938
All Pools,RDMP - AVAX,,false,337.68,675.82,0.33786,18.25,1783038938
All Pools,TFIA - AVAX,,false,337.68,675.82,0.33786,18.25,1783038938
All Pools,DAY1 - AVAX,,false,337.68,675.82,0.33786,18.25,1783038938
All Pools,RANDOM - AVAX,,false,337.68,675.82,0.33786,18.25,1783038938
All Pools,PIK - AVAX,,false,337.68,675.82,0.33786,18.25,1783038938
All Pools,PUSH - AVAX,,false,337.68,675.82,0.33786,18.25,1783038938
All Pools,OXE - AVAX,,false,337.64,675.75,0.33783,18.25,1783038938
All Pools,DAT - AVAX,,false,337.64,675.75,0.33783,18.25,1783038938
All Pools,CAM - AVAX,,false,337.64,675.75,0.33783,18.25,1783038938
All Pools,LOBSTONE - AVAX,,false,337.64,675.75,0.33783,18.25,1783038938
All Pools,P - AVAX,,false,337.64,675.75,0.33783,18.25,1783038938
All Pools,OLBOS - AVAX,,false,337.64,675.75,0.33783,18.25,1783038938
All Pools,BRAD - AVAX,,false,337.64,675.75,0.33783,18.25,1783038938
All Pools,PIMP - AVAX,,false,337.62,675.71,0.33781,18.25,1783038938
All Pools,CLONES - AVAX,,false,337.62,675.71,0.33781,18.25,1783038938
All Pools,SHITHEAD - AVAX,,false,337.62,675.71,0.33781,18.25,1783038938
All Pools,TINFOIL - AVAX,,false,337.62,675.71,0.33781,18.25,1783038938
All Pools,PITH - AVAX,,false,337.62,675.71,0.33781,18.25,1783038938
All Pools,LTRN - AVAX,,false,337.62,-1.905,0.33781,-6472.68,1783038938
All Pools,BURNCOIN - AVAX,,false,337.62,675.71,0.33781,18.25,1783038938
All Pools,DEVAI - AVAX,,false,337.62,675.71,0.33781,18.25,1783038938
All Pools,SHARPIE - AVAX,,false,337.62,675.71,0.33781,18.25,1783038938
All Pools,WUKONG - AVAX,,false,337.62,675.71,0.33781,18.25,1783038938
All Pools,SQUAD - AVAX,,false,337.62,675.71,0.33781,18.25,1783038938
All Pools,LIONESS - AVAX,,false,337.62,675.71,0.33781,18.25,1783038938
All Pools,QUANTAGENT - AVAX,,false,337.62,675.71,0.33781,18.25,1783038938
All Pools,BOBR - AVAX,,false,337.6,675.66,0.33778,18.25,1783038938
All Pools,POLYPORT - AVAX,,false,337.6,675.66,0.33778,18.25,1783038938
All Pools,WHALLY - AVAX,,false,337.6,675.66,0.33778,18.25,1783038938
All Pools,GREG - AVAX,,false,337.6,675.66,0.33778,18.25,1783038938
All Pools,HOTP - AVAX,,false,337.6,675.66,0.33778,18.25,1783038938
All Pools,OONI - AVAX,,false,337.6,675.66,0.33778,18.25,1783038938
All Pools,VSHON - AVAX,,false,337.6,675.66,0.33778,18.25,1783038938
All Pools,PICANTE - AVAX,,false,337.59,675.65,0.33778,18.25,1783038938
All Pools,AETH - AVAX,,false,337.59,675.65,0.33778,18.25,1783038938
All Pools,LONG - AVAX,,false,337.59,675.65,0.33778,18.25,1783038938
All Pools,BUTTPLUG - AVAX,,false,337.59,675.65,0.33778,18.25,1783038938
All Pools,PENNYSTOCK - AVAX,,false,337.59,675.65,0.33778,18.25,1783038938
All Pools,MINDVOIDCOIN - AVAX,,false,337.59,675.65,0.33778,18.25,1783038938
All Pools,BRO - AVAX,,false,337.59,675.65,0.33778,18.25,1783038938
All Pools,STARPAY - AVAX,,false,337.59,-1.937,0.33778,-6363.33,1783038938
All Pools,NEIROH - AVAX,,false,337.59,-1.937,0.33778,-6363.33,1783038938
All Pools,MOVEMENT - AVAX,,false,337.59,675.64,0.33778,18.25,1783038938
All Pools,APOLLO - AVAX,,false,337.59,675.64,0.33777,18.25,1783038938
All Pools,LARRY - AVAX,,false,337.59,675.64,0.33777,18.25,1783038938
All Pools,BRO - AVAX,,false,337.59,675.64,0.33777,18.25,1783038938
All Pools,FUDNA - AVAX,,false,337.59,675.64,0.33777,18.25,1783038938
All Pools,NORMIE - AVAX,,false,337.59,675.64,0.33777,18.25,1783038938
All Pools,LUCKYCOIN - AVAX,,false,337.58,675.62,0.33776,18.25,1783038938
All Pools,INCOG - AVAX,,false,337.58,675.62,0.33776,18.25,1783038938
All Pools,NETF - AVAX,,false,337.58,675.62,0.33776,18.25,1783038938
All Pools,BLACKOUT - AVAX,,false,337.58,675.62,0.33776,18.25,1783038938
All Pools,HOLD - AVAX,,false,337.58,675.62,0.33776,18.25,1783038938
All Pools,AURACLE - AVAX,,false,337.58,675.62,0.33776,18.25,1783038938
All Pools,MIB - AVAX,,false,337.57,675.61,0.33776,18.25,1783038938
All Pools,FM - AVAX,,false,337.57,675.61,0.33776,18.25,1783038938
All Pools,BEET - AVAX,,false,337.57,675.61,0.33776,18.25,1783038938
All Pools,MINDLESS - AVAX,,false,337.57,675.61,0.33776,18.25,1783038938
All Pools,USD2 - AVAX,,false,337.57,675.61,0.33776,18.25,1783038938
All Pools,JELLY - AVAX,,false,337.57,675.61,0.33776,18.25,1783038938
All Pools,UFU - AVAX,,false,337.57,675.61,0.33776,18.25,1783038938
All Pools,TWIN - AVAX,,false,337.54,675.55,0.33773,18.25,1783038938
All Pools,GOLIATH - AVAX,,false,337.54,675.55,0.33773,18.25,1783038938
All Pools,DCB - AVAX,,false,337.54,675.55,0.33773,18.25,1783038938
All Pools,RICKY - AVAX,,false,337.54,675.55,0.33773,18.25,1783038938
All Pools,T1HUB - AVAX,,false,337.54,675.55,0.33773,18.25,1783038938
All Pools,ACID - AVAX,,false,337.54,675.55,0.33773,18.25,1783038938
All Pools,ASTHER - AVAX,,false,337.54,-1.988,0.33773,-6202.15,1783038938
All Pools,RECON - AVAX,,false,337.54,675.55,0.33773,18.25,1783038938
All Pools,CWYPTO - AVAX,,false,337.53,675.53,0.33772,18.25,1783038938
All Pools,PENCIL - AVAX,,false,337.52,675.51,0.33771,18.25,1783038938
All Pools,BALLSACK - AVAX,,false,337.52,675.51,0.33771,18.25,1783038938
All Pools,ZOO - AVAX,,false,337.52,675.51,0.33771,18.25,1783038938
All Pools,SOLANIANS - AVAX,,false,337.52,675.51,0.33771,18.25,1783038938
All Pools,FSX - AVAX,,false,337.52,675.51,0.33771,18.25,1783038938
All Pools,LINGANG - AVAX,,false,337.5,675.47,0.33769,18.25,1783038938
All Pools,BTGON - AVAX,,false,337.5,675.47,0.33769,18.25,1783038938
All Pools,CAP - AVAX,,false,337.5,675.47,0.33769,18.25,1783038938
All Pools,HINU - AVAX,,false,337.5,675.47,0.33769,18.25,1783038938
All Pools,VIBECOIN - AVAX,,false,337.49,675.44,0.33768,18.25,1783038938
All Pools,GOBLINMAXXING - AVAX,,false,337.49,675.44,0.33768,18.25,1783038938
All Pools,HOLD - AVAX,,false,337.49,675.44,0.33768,18.25,1783038938
All Pools,NODIE - AVAX,,false,337.49,675.44,0.33768,18.25,1783038938
All Pools,SAMPL - AVAX,,false,337.49,675.44,0.33768,18.25,1783038938
All Pools,NZOS - AVAX,,false,337.49,675.44,0.33768,18.25,1783038938
All Pools,FERVUSAI - AVAX,,false,337.48,675.43,0.33767,18.25,1783038938
All Pools,BEETLE - AVAX,,false,337.48,675.43,0.33767,18.25,1783038938
All Pools,SU - AVAX,,false,337.48,675.43,0.33767,18.25,1783038938
All Pools,COREJS - AVAX,,false,337.48,675.43,0.33767,18.25,1783038938
All Pools,SPL - AVAX,,false,337.48,675.43,0.33767,18.25,1783038938
All Pools,HEDGE - AVAX,,false,337.48,675.43,0.33767,18.25,1783038938
All Pools,VILLAGEBOY - AVAX,,false,337.48,-2.046,0.33767,-6024.57,1783038938
All Pools,COULD - AVAX,,false,337.47,675.4,0.33765,18.25,1783038938
All Pools,EGG - AVAX,,false,337.47,675.4,0.33765,18.25,1783038938
All Pools,SOTER - AVAX,,false,337.47,675.4,0.33765,18.25,1783038938
All Pools,PUPX - AVAX,,false,337.47,-2.063,0.33765,-5973.23,1783038938
All Pools,LAST - AVAX,,false,337.47,675.4,0.33765,18.25,1783038938
All Pools,BENIS - AVAX,,false,337.47,675.4,0.33765,18.25,1783038938
All Pools,PEPE - AVAX,,false,337.47,675.4,0.33765,18.25,1783038938
All Pools,SOMA - AVAX,,false,337.47,675.4,0.33765,18.25,1783038938
All Pools,BABYGROKX - AVAX,,false,337.47,675.4,0.33765,18.25,1783038938
All Pools,GENCIT - AVAX,,false,337.47,675.4,0.33765,18.25,1783038938
All Pools,CLIPPED - AVAX,,false,337.47,675.4,0.33765,18.25,1783038938
All Pools,DS - AVAX,,false,337.47,675.4,0.33765,18.25,1783038938
All Pools,TROLLPFACE - AVAX,,false,337.47,675.4,0.33765,18.25,1783038938
All Pools,AVERAGEGUY - AVAX,,false,337.45,675.37,0.33764,18.25,1783038938
All Pools,VIOLET - AVAX,,false,337.45,675.37,0.33764,18.25,1783038938
All Pools,ROOTS - AVAX,,false,337.45,675.37,0.33764,18.25,1783038938
All Pools,SHIBEMP - AVAX,,false,337.45,675.37,0.33764,18.25,1783038938
All Pools,LOBCOIN - AVAX,,false,337.45,675.37,0.33764,18.25,1783038938
All Pools,GEM - AVAX,,false,337.44,675.34,0.33762,18.25,1783038938
All Pools,BITCOINWHALE - AVAX,,false,337.44,675.34,0.33762,18.25,1783038938
All Pools,ENTRV - AVAX,,false,337.44,675.34,0.33762,18.25,1783038938
All Pools,GRUMP - AVAX,,false,337.44,675.34,0.33762,18.25,1783038938
All Pools,WOKA - AVAX,,false,337.44,675.34,0.33762,18.25,1783038938
All Pools,OPENSOULS - AVAX,,false,337.43,675.33,0.33762,18.25,1783038938
All Pools,PSYOPPEPE - AVAX,,false,337.43,675.33,0.33762,18.25,1783038938
All Pools,WEEPI - AVAX,,false,337.4,675.27,0.33759,18.25,1783038938
All Pools,ASTRO - AVAX,,false,337.4,675.27,0.33759,18.25,1783038938
All Pools,EXARION - AVAX,,false,337.4,675.27,0.33759,18.25,1783038938
All Pools,AMBALABU - AVAX,,false,337.4,675.27,0.33759,18.25,1783038938
All Pools,AIRI - AVAX,,false,337.4,675.27,0.33759,18.25,1783038938
All Pools,FTX - AVAX,,false,337.4,675.27,0.33759,18.25,1783038938
All Pools,NULLA - AVAX,,false,337.4,675.27,0.33759,18.25,1783038938
All Pools,PUMPLESS - AVAX,,false,337.4,675.27,0.33759,18.25,1783038938
All Pools,QI - AVAX,,false,337.4,675.27,0.33759,18.25,1783038938
All Pools,VOID - AVAX,,false,337.4,675.26,0.33758,18.25,1783038938
All Pools,CITYBOY - AVAX,,false,337.4,675.26,0.33758,18.25,1783038938
All Pools,BUBBLE - AVAX,,false,337.4,675.26,0.33758,18.25,1783038938
All Pools,MORE - AVAX,,false,337.4,675.26,0.33758,18.25,1783038938
All Pools,ARK - AVAX,,false,337.4,675.26,0.33758,18.25,1783038938
All Pools,SRY - AVAX,,false,337.4,675.26,0.33758,18.25,1783038938
All Pools,LASTCLICK - AVAX,,false,337.4,675.26,0.33758,18.25,1783038938
All Pools,WUAI - AVAX,,false,337.38,-2.149,0.33757,-5732.68,1783038938
All Pools,ZINTECH - AVAX,,false,337.38,675.22,0.33757,18.25,1783038938
All Pools,SPACECAT - AVAX,,false,337.38,675.22,0.33757,18.25,1783038938
All Pools,GMR - AVAX,,false,337.38,675.22,0.33757,18.25,1783038938
All Pools,CJFT - AVAX,,false,337.38,675.22,0.33757,18.25,1783038938
All Pools,ORAMAMA - AVAX,,false,337.38,675.22,0.33757,18.25,1783038938
All Pools,WTF - AVAX,,false,337.38,675.22,0.33756,18.25,1783038938
All Pools,ONBOARDING - AVAX,,false,337.38,675.22,0.33756,18.25,1783038938
All Pools,BEAR - AVAX,,false,337.38,675.22,0.33756,18.25,1783038938
All Pools,CODE - AVAX,,false,337.38,675.22,0.33756,18.25,1783038938
All Pools,GOBLINTROLL - AVAX,,false,337.38,675.22,0.33756,18.25,1783038938
All Pools,NUT - AVAX,,false,337.38,675.22,0.33756,18.25,1783038938
All Pools,DMAIL - AVAX,,false,337.37,675.2,0.33755,18.25,1783038938
All Pools,SOLIDENT - AVAX,,false,337.37,675.2,0.33755,18.25,1783038938
All Pools,CLAW - AVAX,,false,337.37,675.2,0.33755,18.25,1783038938
All Pools,LICO - AVAX,,false,337.37,675.2,0.33755,18.25,1783038938
All Pools,BUILD - AVAX,,false,337.37,-2.16,0.33755,-5703.03,1783038938
All Pools,NPAY - AVAX,,false,337.35,675.17,0.33754,18.25,1783038938
All Pools,AGENT4X - AVAX,,false,337.35,675.17,0.33754,18.25,1783038938
All Pools,AIT - AVAX,,false,337.35,675.17,0.33754,18.25,1783038938
All Pools,FINANCE - AVAX,,false,337.35,675.17,0.33754,18.25,1783038938
All Pools,PONZI - AVAX,,false,337.35,675.17,0.33754,18.25,1783038938
All Pools,T19 - AVAX,,false,337.35,675.17,0.33754,18.25,1783038938
All Pools,CLAW402 - AVAX,,false,337.3,675.07,0.33749,18.25,1783038938
All Pools,IT - AVAX,,false,337.3,-2.225,0.33749,-5536.56,1783038938
All Pools,BITVIA - AVAX,,false,337.3,675.07,0.33749,18.25,1783038938
All Pools,LASHI - AVAX,,false,337.3,675.07,0.33749,18.25,1783038938
All Pools,NANI - AVAX,,false,337.3,675.07,0.33749,18.25,1783038938
All Pools,ISG - AVAX,,false,337.28,675.03,0.33747,18.25,1783038938
All Pools,KOMI - AVAX,,false,337.28,675.03,0.33747,18.25,1783038938
All Pools,RICHBANK - AVAX,,false,337.28,675.03,0.33747,18.25,1783038938
All Pools,TOOTCOIN - AVAX,,false,337.28,675.03,0.33747,18.25,1783038938
All Pools,GAEJOOK - AVAX,,false,337.28,675.03,0.33747,18.25,1783038938
All Pools,TREASUREDAVID - AVAX,,false,337.28,675.03,0.33747,18.25,1783038938
All Pools,ANTS - AVAX,,false,337.27,675.01,0.33746,18.25,1783038938
All Pools,SOL402 - AVAX,,false,337.27,675.01,0.33746,18.25,1783038938
All Pools,SVUSD - AVAX,,false,337.27,675.01,0.33746,18.25,1783038938
All Pools,BUCKET - AVAX,,false,337.27,675.01,0.33746,18.25,1783038938
All Pools,RYU - AVAX,,false,337.27,675.01,0.33746,18.25,1783038938
All Pools,JOKECOIN - AVAX,,false,337.27,675.01,0.33746,18.25,1783038938
All Pools,QUAK - AVAX,,false,337.27,675.01,0.33746,18.25,1783038938
All Pools,UGGO - AVAX,,false,337.27,675,0.33745,18.25,1783038938
All Pools,OPX - AVAX,,false,337.27,675,0.33745,18.25,1783038938
All Pools,TEK - AVAX,,false,337.27,675,0.33745,18.25,1783038938
All Pools,GROKSHARK - AVAX,,false,337.27,675,0.33745,18.25,1783038938
All Pools,FREEDOM - AVAX,,false,337.27,-2.262,0.33745,-5444.14,1783038938
All Pools,WORTHLESS - AVAX,,false,337.27,675,0.33745,18.25,1783038938
All Pools,GCI - AVAX,,false,337.27,675,0.33745,18.25,1783038938
All Pools,XEXAI - AVAX,,false,337.27,675,0.33745,18.25,1783038938
All Pools,SAILANA - AVAX,,false,337.27,675,0.33745,18.25,1783038938
All Pools,PIKAHORSE - AVAX,,false,337.27,675,0.33745,18.25,1783038938
All Pools,GEN - AVAX,,false,337.27,675,0.33745,18.25,1783038938
All Pools,CHILLMAS - AVAX,,false,337.27,675,0.33745,18.25,1783038938
All Pools,ALMC - AVAX,,false,337.27,675,0.33745,18.25,1783038938
All Pools,VISION - AVAX,,false,337.24,674.94,0.33742,18.25,1783038938
All Pools,PIPCAT - AVAX,,false,337.24,674.94,0.33742,18.25,1783038938
All Pools,USELESS - AVAX,,false,337.24,674.94,0.33742,18.25,1783038938
All Pools,MEMECYCLE - AVAX,,false,337.24,674.94,0.33742,18.25,1783038938
All Pools,$BOOTY - AVAX,,false,337.24,674.94,0.33742,18.25,1783038938
All Pools,MUTE - AVAX,,false,337.24,674.94,0.33742,18.25,1783038938
All Pools,$HWTR - AVAX,,false,337.24,674.94,0.33742,18.25,1783038938
All Pools,NOOB - AVAX,,false,337.24,674.94,0.33742,18.25,1783038938
All Pools,MOJ - AVAX,,false,337.23,674.92,0.33741,18.25,1783038938
All Pools,AJAK - AVAX,,false,337.23,674.92,0.33741,18.25,1783038938
All Pools,BLLM - AVAX,,false,337.23,674.92,0.33741,18.25,1783038938
All Pools,NULL - AVAX,,false,337.23,674.92,0.33741,18.25,1783038938
All Pools,INVO - AVAX,,false,337.23,674.92,0.33741,18.25,1783038938
All Pools,POSHI - AVAX,,false,337.2,674.86,0.33738,18.25,1783038938
All Pools,$SQUISH - AVAX,,false,337.2,674.86,0.33738,18.25,1783038938
All Pools,GILLIONS - AVAX,,false,337.2,674.86,0.33738,18.25,1783038938
All Pools,BURN - AVAX,,false,337.2,674.86,0.33738,18.25,1783038938
All Pools,LEPRECOIN - AVAX,,false,337.2,674.86,0.33738,18.25,1783038938
All Pools,ZOS - AVAX,,false,337.2,674.86,0.33738,18.25,1783038938
All Pools,TERMINAL - AVAX,,false,337.18,674.82,0.33736,18.25,1783038938
All Pools,US - AVAX,,false,337.18,674.82,0.33736,18.25,1783038938
All Pools,STREAMGUY - AVAX,,false,337.18,674.82,0.33736,18.25,1783038938
All Pools,BJUB - AVAX,,false,337.18,674.82,0.33736,18.25,1783038938
All Pools,ZENT - AVAX,,false,337.18,674.82,0.33736,18.25,1783038938
All Pools,CLU - AVAX,,false,337.18,674.82,0.33736,18.25,1783038938
All Pools,NOOB - AVAX,,false,337.18,674.82,0.33736,18.25,1783038938
All Pools,ATNM - AVAX,,false,337.17,674.81,0.33736,18.25,1783038938
All Pools,ACRON - AVAX,,false,337.17,674.81,0.33736,18.25,1783038938
All Pools,BULL - AVAX,,false,337.17,674.81,0.33736,18.25,1783038938
All Pools,ALGO - AVAX,,false,337.17,674.81,0.33736,18.25,1783038938
All Pools,PREGUNTALE - AVAX,,false,337.17,674.81,0.33736,18.25,1783038938
All Pools,DIVIDENDS - AVAX,,false,337.17,674.81,0.33736,18.25,1783038938
All Pools,LARPBALL - AVAX,,false,337.12,674.71,0.33731,18.25,1783038938
All Pools,T6IXROOMS - AVAX,,false,337.12,674.71,0.33731,18.25,1783038938
All Pools,RABBIT - AVAX,,false,337.12,674.71,0.33731,18.25,1783038938
All Pools,SIMAI - AVAX,,false,337.12,674.71,0.33731,18.25,1783038938
All Pools,SOB - AVAX,,false,337.12,674.71,0.33731,18.25,1783038938
All Pools,SINX - AVAX,,false,337.12,674.71,0.33731,18.25,1783038938
All Pools,ZCOIN - AVAX,,false,337.12,674.71,0.33731,18.25,1783038938
All Pools,ROOT - AVAX,,false,337.09,674.65,0.33728,18.25,1783038938
All Pools,PLECO - AVAX,,false,337.08,674.62,0.33726,18.25,1783038938
All Pools,STRAIGHT - AVAX,,false,337.08,674.62,0.33726,18.25,1783038938
All Pools,KOL - AVAX,,false,337.08,674.62,0.33726,18.25,1783038938
All Pools,ECHO - AVAX,,false,337.08,674.62,0.33726,18.25,1783038938
All Pools,FLAME - AVAX,,false,337.08,674.62,0.33726,18.25,1783038938
All Pools,HIT - AVAX,,false,337.08,674.62,0.33726,18.25,1783038938
All Pools,SAEP - AVAX,,false,337.05,674.56,0.33723,18.25,1783038938
All Pools,SCARCE - AVAX,,false,337.05,674.56,0.33723,18.25,1783038938
All Pools,AIRCOIN - AVAX,,false,337.05,674.56,0.33723,18.25,1783038938
All Pools,NAMDUONG - AVAX,,false,337.05,674.56,0.33723,18.25,1783038938
All Pools,GRIZZLY - AVAX,,false,337.05,674.56,0.33723,18.25,1783038938
All Pools,SCRIPT - AVAX,,false,337.05,674.56,0.33723,18.25,1783038938
All Pools,WAG - AVAX,,false,337.03,-2.5,0.33721,-4922.4,1783038938
All Pools,$2 - AVAX,,false,337.03,674.52,0.33721,18.25,1783038938
All Pools,ORBS - AVAX,,false,337.01,674.49,0.3372,18.25,1783038938
All Pools,SON - AVAX,,false,337.01,674.49,0.3372,18.25,1783038938
All Pools,$CLAP - AVAX,,false,337.01,-2.519,0.3372,-4886.05,1783038938
All Pools,SENDIT - AVAX,,false,337.01,674.49,0.3372,18.25,1783038938
All Pools,CYCLE - AVAX,,false,337.01,674.49,0.3372,18.25,1783038938
All Pools,CHARLIE - AVAX,,false,337.01,674.49,0.3372,18.25,1783038938
All Pools,SPLASH - AVAX,,false,337.01,674.48,0.33719,18.25,1783038938
All Pools,LAMA - AVAX,,false,337.01,674.48,0.33719,18.25,1783038938
All Pools,CORVUS - AVAX,,false,337.01,674.48,0.33719,18.25,1783038938
All Pools,CAP - AVAX,,false,337.01,674.48,0.33719,18.25,1783038938
All Pools,MOSHI - AVAX,,false,337.01,-2.521,0.33719,-4881.66,1783038938
All Pools,MIR - AVAX,,false,337.01,674.48,0.33719,18.25,1783038938
All Pools,FIXI - AVAX,,false,337.01,674.48,0.33719,18.25,1783038938
All Pools,ORA - AVAX,,false,336.99,674.44,0.33717,18.25,1783038938
All Pools,POLYPUMP - AVAX,,false,336.99,674.44,0.33717,18.25,1783038938
All Pools,HAL - AVAX,,false,336.99,674.44,0.33717,18.25,1783038938
All Pools,ROCK - AVAX,,false,336.99,674.44,0.33717,18.25,1783038938
All Pools,SBABE - AVAX,,false,336.99,674.44,0.33717,18.25,1783038938
All Pools,BB - AVAX,,false,336.99,674.44,0.33717,18.25,1783038938
All Pools,HOPE - AVAX,,false,336.97,674.4,0.33715,18.25,1783038938
All Pools,MATT - AVAX,,false,336.97,674.4,0.33715,18.25,1783038938
All Pools,CEREALGUY - AVAX,,false,336.97,674.4,0.33715,18.25,1783038938
All Pools,GOLDENGOAL - AVAX,,false,336.95,674.36,0.33713,18.25,1783038938
All Pools,RIB - AVAX,,false,336.95,674.36,0.33713,18.25,1783038938
All Pools,RUBYCOIN - AVAX,,false,336.95,674.36,0.33713,18.25,1783038938
All Pools,TRINKET - AVAX,,false,336.95,674.36,0.33713,18.25,1783038938
All Pools,FRANK - AVAX,,false,336.95,674.36,0.33713,18.25,1783038938
All Pools,MKT - AVAX,,false,336.95,674.36,0.33713,18.25,1783038938
All Pools,GOATSE - AVAX,,false,336.92,674.31,0.33711,18.25,1783038938
All Pools,SHADY - AVAX,,false,336.92,674.31,0.33711,18.25,1783038938
All Pools,WOLIENS - AVAX,,false,336.92,674.31,0.33711,18.25,1783038938
All Pools,ITA - AVAX,,false,336.92,674.31,0.33711,18.25,1783038938
All Pools,SMUDCAT - AVAX,,false,336.92,674.31,0.33711,18.25,1783038938
All Pools,DELULU - AVAX,,false,336.92,674.31,0.33711,18.25,1783038938
All Pools,K403 - AVAX,,false,336.91,-2.621,0.33709,-4694.2,1783038938
All Pools,URI - AVAX,,false,336.91,674.28,0.33709,18.25,1783038938
All Pools,WAGER - AVAX,,false,336.91,674.28,0.33709,18.25,1783038938
All Pools,SOS - AVAX,,false,336.91,674.28,0.33709,18.25,1783038938
All Pools,KTO - AVAX,,false,336.91,674.28,0.33709,18.25,1783038938
All Pools,DAWAE - AVAX,,false,336.87,674.2,0.33705,18.25,1783038938
All Pools,YOINK - AVAX,,false,336.85,674.17,0.33704,18.25,1783038938
All Pools,CMD - AVAX,,false,336.85,674.17,0.33704,18.25,1783038938
All Pools,TROLGA - AVAX,,false,336.85,674.17,0.33704,18.25,1783038938
All Pools,ARB - AVAX,,false,336.85,674.17,0.33704,18.25,1783038938
All Pools,DASHPAY - AVAX,,false,336.85,674.17,0.33704,18.25,1783038938
All Pools,$BAPU - AVAX,,false,336.85,674.17,0.33704,18.25,1783038938
All Pools,BILLY - AVAX,,false,336.85,674.17,0.33704,18.25,1783038938
All Pools,ICEBEAR - AVAX,,false,336.84,674.14,0.33702,18.25,1783038938
All Pools,CORX - AVAX,,false,336.84,674.14,0.33702,18.25,1783038938
All Pools,PLANTFUN - AVAX,,false,336.84,674.14,0.33702,18.25,1783038938
All Pools,RUGPROOFV2 - AVAX,,false,336.84,-2.692,0.33702,-4569,1783038938
All Pools,BLACKFISH - AVAX,,false,336.84,674.14,0.33702,18.25,1783038938
All Pools,HAMZ - AVAX,,false,336.84,674.14,0.33702,18.25,1783038938
All Pools,BLUNT - AVAX,,false,336.82,674.1,0.337,18.25,1783038938
All Pools,$FYC - AVAX,,false,336.82,674.1,0.337,18.25,1783038938
All Pools,CREATURE - AVAX,,false,336.82,674.1,0.337,18.25,1783038938
All Pools,GREENWHALE - AVAX,,false,336.82,674.1,0.337,18.25,1783038938
All Pools,FMT - AVAX,,false,336.82,674.1,0.337,18.25,1783038938
All Pools,WTF - AVAX,,false,336.82,674.1,0.337,18.25,1783038938
All Pools,CULT - AVAX,,false,336.79,674.04,0.33697,18.25,1783038938
All Pools,BANK - AVAX,,false,336.79,-2.743,0.33697,-4483.83,1783038938
All Pools,MEMES - AVAX,,false,336.79,-2.743,0.33697,-4483.83,1783038938
All Pools,OGNOME - AVAX,,false,336.79,674.04,0.33697,18.25,1783038938
All Pools,PEPPA - AVAX,,false,336.79,674.04,0.33697,18.25,1783038938
All Pools,TROLL - AVAX,,false,336.79,674.04,0.33697,18.25,1783038938
All Pools,MPAY - AVAX,,false,336.78,674.02,0.33696,18.25,1783038938
All Pools,WHURPLE - AVAX,,false,336.78,674.02,0.33696,18.25,1783038938
All Pools,PRIDE - AVAX,,false,336.78,674.02,0.33696,18.25,1783038938
All Pools,CHINIFY - AVAX,,false,336.78,674.02,0.33696,18.25,1783038938
All Pools,VEILRA - AVAX,,false,336.78,674.02,0.33696,18.25,1783038938
All Pools,WHITEHORSE - AVAX,,false,336.78,674.02,0.33696,18.25,1783038938
All Pools,RWAFY - AVAX,,false,336.78,674.02,0.33696,18.25,1783038938
All Pools,DNOW - AVAX,,false,336.76,673.99,0.33695,18.25,1783038938
All Pools,FMC - AVAX,,false,336.76,673.99,0.33695,18.25,1783038938
All Pools,USNDC - AVAX,,false,336.76,673.99,0.33695,18.25,1783038938
All Pools,EDWARD - AVAX,,false,336.76,673.99,0.33695,18.25,1783038938
All Pools,JEJE - AVAX,,false,336.76,673.99,0.33695,18.25,1783038938
All Pools,FOOTBALL - AVAX,,false,336.76,673.99,0.33695,18.25,1783038938
All Pools,MTF - AVAX,,false,336.74,673.94,0.33692,18.25,1783038938
All Pools,PUMPAI - AVAX,,false,336.74,673.94,0.33692,18.25,1783038938
All Pools,BALLIN - AVAX,,false,336.74,673.94,0.33692,18.25,1783038938
All Pools,TOGETHER - AVAX,,false,336.74,673.94,0.33692,18.25,1783038938
All Pools,WHITE - AVAX,,false,336.74,673.94,0.33692,18.25,1783038938
All Pools,SIDEX - AVAX,,false,336.74,673.94,0.33692,18.25,1783038938
All Pools,IKA - AVAX,,false,336.74,673.94,0.33692,18.25,1783038938
All Pools,WINSTON - AVAX,,false,336.73,673.93,0.33692,18.25,1783038938
All Pools,PUMPVERSE - AVAX,,false,336.73,673.93,0.33692,18.25,1783038938
All Pools,NEKOMATA - AVAX,,false,336.73,673.93,0.33692,18.25,1783038938
All Pools,VALENTINES - AVAX,,false,336.73,673.93,0.33692,18.25,1783038938
All Pools,KFH - AVAX,,false,336.73,673.92,0.33692,18.25,1783038938
All Pools,UTA - AVAX,,false,336.73,673.92,0.33692,18.25,1783038938
All Pools,EXA - AVAX,,false,336.73,673.92,0.33692,18.25,1783038938
All Pools,ONECOIN - AVAX,,false,336.73,673.92,0.33692,18.25,1783038938
All Pools,WRONG - AVAX,,false,336.7,673.86,0.33688,18.25,1783038938
All Pools,CHIMERICA - AVAX,,false,336.7,673.86,0.33688,18.25,1783038938
All Pools,EVOLVE - AVAX,,false,336.7,673.86,0.33688,18.25,1783038938
All Pools,WPAX - AVAX,,false,336.66,673.78,0.33684,18.25,1783038938
All Pools,BEAR - AVAX,,false,336.66,673.78,0.33684,18.25,1783038938
All Pools,DIB - AVAX,,false,336.66,673.78,0.33684,18.25,1783038938
All Pools,UNEMPLOYED - AVAX,,false,336.66,673.78,0.33684,18.25,1783038938
All Pools,SATOSHI - AVAX,,false,336.66,673.78,0.33684,18.25,1783038938
All Pools,LOTTO - AVAX,,false,336.66,673.78,0.33684,18.25,1783038938
All Pools,MTK - AVAX,,false,336.6,673.66,0.33678,18.25,1783038938
All Pools,CROWNECK - AVAX,,false,336.6,673.66,0.33678,18.25,1783038938
All Pools,PMX - AVAX,,false,336.6,673.66,0.33678,18.25,1783038938
All Pools,KONEKT - AVAX,,false,336.6,673.66,0.33678,18.25,1783038938
All Pools,FLOW402 - AVAX,,false,336.59,673.65,0.33678,18.25,1783038938
All Pools,D3F - AVAX,,false,336.59,673.65,0.33678,18.25,1783038938
All Pools,YVO3D - AVAX,,false,336.59,673.65,0.33678,18.25,1783038938
All Pools,RACC - AVAX,,false,336.54,673.54,0.33672,18.25,1783038938
All Pools,CPNGON - AVAX,,false,336.54,673.54,0.33672,18.25,1783038938
All Pools,TITTY - AVAX,,false,336.54,673.54,0.33672,18.25,1783038938
All Pools,ONE - AVAX,,false,336.54,673.54,0.33672,18.25,1783038938
All Pools,MPGA - AVAX,,false,336.51,673.48,0.3367,18.25,1783038938
All Pools,ESIM - AVAX,,false,336.51,673.48,0.3367,18.25,1783038938
All Pools,ANTS - AVAX,,false,336.51,673.48,0.3367,18.25,1783038938
All Pools,$SAFEHOUSE - AVAX,,false,336.51,673.48,0.3367,18.25,1783038938
All Pools,VELON - AVAX,,false,336.51,673.48,0.3367,18.25,1783038938
All Pools,SHIELD - AVAX,,false,336.51,673.48,0.3367,18.25,1783038938
All Pools,EXODON - AVAX,,false,336.51,673.48,0.3367,18.25,1783038938
All Pools,CHUBBYGOSLING - AVAX,,false,336.46,673.38,0.33664,18.25,1783038938
All Pools,BIGJIM - AVAX,,false,336.46,-3.073,0.33664,-3998.27,1783038938
All Pools,$WALLAH - AVAX,,false,336.46,673.38,0.33664,18.25,1783038938
All Pools,GROKAN - AVAX,,false,336.46,673.38,0.33664,18.25,1783038938
All Pools,PERPY - AVAX,,false,336.46,673.38,0.33664,18.25,1783038938
All Pools,FARTHUB - AVAX,,false,336.46,673.38,0.33664,18.25,1783038938
All Pools,MTLR - AVAX,,false,336.46,673.38,0.33664,18.25,1783038938
All Pools,BALL - AVAX,,false,336.42,673.31,0.33661,18.25,1783038938
All Pools,RAIIN - AVAX,,false,336.42,673.31,0.33661,18.25,1783038938
All Pools,BOMB - AVAX,,false,336.42,-3.106,0.33661,-3955.71,1783038938
All Pools,MICROCAP - AVAX,,false,336.42,673.31,0.33661,18.25,1783038938
All Pools,GUDTEK - AVAX,,false,336.42,673.31,0.33661,18.25,1783038938
All Pools,MEMEMIND - AVAX,,false,336.42,673.31,0.33661,18.25,1783038938
All Pools,SLUG - AVAX,,false,336.38,673.22,0.33656,18.25,1783038938
All Pools,GANY - AVAX,,false,336.38,673.22,0.33656,18.25,1783038938
All Pools,PRVT - AVAX,,false,336.38,673.22,0.33656,18.25,1783038938
All Pools,COLOURS - AVAX,,false,336.38,673.22,0.33656,18.25,1783038938
All Pools,HANTA - AVAX,,false,336.38,673.22,0.33656,18.25,1783038938
All Pools,LP - AVAX,,false,336.38,673.22,0.33656,18.25,1783038938
All Pools,SHIRON - AVAX,,false,336.36,673.18,0.33654,18.25,1783038938
All Pools,MEDI - AVAX,,false,336.36,673.18,0.33654,18.25,1783038938
All Pools,SORACLE - AVAX,,false,336.36,673.18,0.33654,18.25,1783038938
All Pools,SHIFT - AVAX,,false,336.36,673.18,0.33654,18.25,1783038938
All Pools,DARKANI - AVAX,,false,336.36,673.18,0.33654,18.25,1783038938
All Pools,TRUTHS - AVAX,,false,336.36,673.18,0.33654,18.25,1783038938
All Pools,COOK - AVAX,,false,336.29,673.05,0.33648,18.25,1783038938
All Pools,HERMY - AVAX,,false,336.29,673.04,0.33647,18.25,1783038938
All Pools,NOSTALGIC - AVAX,,false,336.29,673.04,0.33647,18.25,1783038938
All Pools,MUG - AVAX,,false,336.29,673.04,0.33647,18.25,1783038938
All Pools,PENGUIN - AVAX,,false,336.29,673.04,0.33647,18.25,1783038938
All Pools,SHORSEPRO - AVAX,,false,336.29,673.04,0.33647,18.25,1783038938
All Pools,EGGP - AVAX,,false,336.29,-3.244,0.33647,-3785.75,1783038938
All Pools,MDEX - AVAX,,false,336.29,673.04,0.33647,18.25,1783038938
All Pools,NLC - AVAX,,false,336.27,673,0.33645,18.25,1783038938
All Pools,PEEN - AVAX,,false,336.27,673,0.33645,18.25,1783038938
All Pools,ZK402 - AVAX,,false,336.27,673,0.33645,18.25,1783038938
All Pools,CORP - AVAX,,false,336.27,673,0.33645,18.25,1783038938
All Pools,PHANNY - AVAX,,false,336.27,673,0.33645,18.25,1783038938
All Pools,GHOST - AVAX,,false,336.27,673,0.33645,18.25,1783038938
All Pools,TRENCHCUP - AVAX,,false,336.23,672.93,0.33642,18.25,1783038938
All Pools,RLP - AVAX,,false,336.23,672.93,0.33642,18.25,1783038938
All Pools,VANTA - AVAX,,false,336.23,672.93,0.33642,18.25,1783038938
All Pools,GUS - AVAX,,false,336.23,672.93,0.33642,18.25,1783038938
All Pools,CON - AVAX,,false,336.23,672.93,0.33642,18.25,1783038938
All Pools,MOONBALL - AVAX,,false,336.23,672.93,0.33642,18.25,1783038938
All Pools,HONESTRUG - AVAX,,false,336.17,672.8,0.33635,18.25,1783038938
All Pools,SHRIMPS - AVAX,,false,336.17,672.8,0.33635,18.25,1783038938
All Pools,WLFI - AVAX,,false,336.17,672.8,0.33635,18.25,1783038938
All Pools,AIEPK - AVAX,,false,336.17,672.8,0.33635,18.25,1783038938
All Pools,MOONWHALE - AVAX,,false,336.17,672.8,0.33635,18.25,1783038938
All Pools,$MCHIBI - AVAX,,false,336.17,672.8,0.33635,18.25,1783038938
All Pools,T41 - AVAX,,false,336.16,672.78,0.33634,18.25,1783038938
All Pools,DEVSCAN - AVAX,,false,336.16,672.78,0.33634,18.25,1783038938
All Pools,BOTZON - AVAX,,false,336.16,672.78,0.33634,18.25,1783038938
All Pools,GRAYWHALE - AVAX,,false,336.16,672.78,0.33634,18.25,1783038938
All Pools,$K8O5 - AVAX,,false,336.16,672.78,0.33634,18.25,1783038938
All Pools,PEPEK - AVAX,,false,336.13,672.73,0.33632,18.25,1783038938
All Pools,PLANDEMIC - AVAX,,false,336.13,672.73,0.33632,18.25,1783038938
All Pools,BLACKBALL - AVAX,,false,336.13,672.73,0.33632,18.25,1783038938
All Pools,ONTOON - AVAX,,false,336.13,672.73,0.33632,18.25,1783038938
All Pools,MICRO - AVAX,,false,336.13,672.73,0.33632,18.25,1783038938
All Pools,KANGA - AVAX,,false,336.13,672.73,0.33632,18.25,1783038938
All Pools,ZAP - AVAX,,false,336.13,672.73,0.33632,18.25,1783038938
All Pools,DERPY - AVAX,,false,336.11,672.68,0.33629,18.25,1783038938
All Pools,PUNDLE - AVAX,,false,336.11,672.68,0.33629,18.25,1783038938
All Pools,WHISTLE - AVAX,,false,336.11,672.68,0.33629,18.25,1783038938
All Pools,CODED - AVAX,,false,336.11,672.68,0.33629,18.25,1783038938
All Pools,FIREHORSE - AVAX,,false,336.11,672.68,0.33629,18.25,1783038938
All Pools,PACE - AVAX,,false,336.11,672.68,0.33629,18.25,1783038938
All Pools,TRUMPALIEN - AVAX,,false,335.99,672.43,0.33617,18.25,1783038938
All Pools,MEMEROT - AVAX,,false,335.99,672.43,0.33617,18.25,1783038938
All Pools,SNOWBALLS - AVAX,,false,335.99,672.43,0.33617,18.25,1783038938
All Pools,PNTH - AVAX,,false,335.99,672.43,0.33617,18.25,1783038938
All Pools,DOZER - AVAX,,false,335.99,672.43,0.33617,18.25,1783038938
All Pools,YUREI - AVAX,,false,335.99,672.43,0.33617,18.25,1783038938
All Pools,WLFI - AVAX,,false,335.99,672.43,0.33617,18.25,1783038938
All Pools,LIDUM - AVAX,,false,335.98,672.43,0.33617,18.25,1783038938
All Pools,AGF - AVAX,,false,335.98,672.43,0.33617,18.25,1783038938
All Pools,PLEB - AVAX,,false,335.97,672.4,0.33615,18.25,1783038938
All Pools,INFOPUNKS - AVAX,,false,335.97,672.4,0.33615,18.25,1783038938
All Pools,AGENTIK - AVAX,,false,335.97,672.4,0.33615,18.25,1783038938
All Pools,CEDAR - AVAX,,false,335.97,672.4,0.33615,18.25,1783038938
All Pools,TOTO - AVAX,,false,335.97,672.4,0.33615,18.25,1783038938
All Pools,AURA - AVAX,,false,335.97,672.4,0.33615,18.25,1783038938
All Pools,CRAZZERS - AVAX,,false,335.96,672.38,0.33614,18.25,1783038938
All Pools,SHIYO - AVAX,,false,335.96,672.38,0.33614,18.25,1783038938
All Pools,PWH - AVAX,,false,335.96,672.38,0.33614,18.25,1783038938
All Pools,$MIHARU - AVAX,,false,335.96,672.38,0.33614,18.25,1783038938
All Pools,B - AVAX,,false,335.96,672.38,0.33614,18.25,1783038938
All Pools,PNDR - AVAX,,false,335.95,672.36,0.33613,18.25,1783038938
All Pools,NOHOUSE - AVAX,,false,335.95,672.36,0.33613,18.25,1783038938
All Pools,BABYCLAW - AVAX,,false,335.95,672.36,0.33613,18.25,1783038938
All Pools,YUTTY - AVAX,,false,335.95,672.36,0.33613,18.25,1783038938
All Pools,SENDIT - AVAX,,false,335.93,672.32,0.33611,18.25,1783038938
All Pools,MEMELESS - AVAX,,false,335.93,672.32,0.33611,18.25,1783038938
All Pools,PERSOA - AVAX,,false,335.93,672.32,0.33611,18.25,1783038938
All Pools,PPCOIN - AVAX,,false,335.93,672.32,0.33611,18.25,1783038938
All Pools,NOCON - AVAX,,false,335.93,672.32,0.33611,18.25,1783038938
All Pools,OPTIMUS - AVAX,,false,335.93,672.32,0.33611,18.25,1783038938
All Pools,SUMI - AVAX,,false,335.86,672.19,0.33605,18.25,1783038938
All Pools,PGEN - AVAX,,false,335.86,672.19,0.33605,18.25,1783038938
All Pools,BALLS - AVAX,,false,335.86,672.19,0.33605,18.25,1783038938
All Pools,GNOME - AVAX,,false,335.86,672.19,0.33605,18.25,1783038938
All Pools,ECO - AVAX,,false,335.86,672.19,0.33605,18.25,1783038938
All Pools,PARROT - AVAX,,false,335.86,672.19,0.33605,18.25,1783038938
All Pools,ENLVON - AVAX,,false,335.86,672.19,0.33605,18.25,1783038938
All Pools,SMP - AVAX,,false,335.81,-3.717,0.336,-3299.29,1783038938
All Pools,ALIENS - AVAX,,false,335.81,672.09,0.336,18.25,1783038938
All Pools,FAPCOIN - AVAX,,false,335.81,672.09,0.336,18.25,1783038938
All Pools,ONE - AVAX,,false,335.81,672.09,0.336,18.25,1783038938
All Pools,CG - AVAX,,false,335.81,672.09,0.336,18.25,1783038938
All Pools,NOFACE - AVAX,,false,335.81,672.09,0.336,18.25,1783038938
All Pools,ARTI - AVAX,,false,335.81,672.09,0.336,18.25,1783038938
All Pools,SOLFC - AVAX,,false,335.77,672.01,0.33596,18.25,1783038938
All Pools,SPIN - AVAX,,false,335.74,671.94,0.33592,18.25,1783038938
All Pools,PAT - AVAX,,false,335.74,671.94,0.33592,18.25,1783038938
All Pools,FLOW - AVAX,,false,335.74,671.94,0.33592,18.25,1783038938
All Pools,STICK - AVAX,,false,335.74,671.94,0.33592,18.25,1783038938
All Pools,PWC - AVAX,,false,335.74,671.94,0.33592,18.25,1783038938
All Pools,BNTOBER - AVAX,,false,335.74,671.94,0.33592,18.25,1783038938
All Pools,VNST - AVAX,,false,335.74,671.94,0.33592,18.25,1783038938
All Pools,NAYM - AVAX,,false,335.67,671.8,0.33585,18.25,1783038938
All Pools,BRAIN - AVAX,,false,335.67,671.8,0.33585,18.25,1783038938
All Pools,BIOK - AVAX,,false,335.67,671.8,0.33585,18.25,1783038938
All Pools,ALOT - AVAX,,false,335.67,671.8,0.33585,18.25,1783038938
All Pools,ANIME - AVAX,,false,335.67,671.8,0.33585,18.25,1783038938
All Pools,DM - AVAX,,false,335.62,671.71,0.33581,18.25,1783038938
All Pools,CHORUZ - AVAX,,false,335.62,671.71,0.33581,18.25,1783038938
All Pools,LAUNCHR - AVAX,,false,335.62,671.71,0.33581,18.25,1783038938
All Pools,PEPE - AVAX,,false,335.62,671.71,0.33581,18.25,1783038938
All Pools,PP - AVAX,,false,335.62,671.71,0.33581,18.25,1783038938
All Pools,HAMMER - AVAX,,false,335.62,671.71,0.33581,18.25,1783038938
All Pools,PIQ - AVAX,,false,335.59,671.65,0.33578,18.25,1783038938
All Pools,AIC - AVAX,,false,335.59,671.65,0.33578,18.25,1783038938
All Pools,COMCOIN - AVAX,,false,335.59,671.65,0.33578,18.25,1783038938
All Pools,SHARE - AVAX,,false,335.59,671.65,0.33578,18.25,1783038938
All Pools,HODL - AVAX,,false,335.59,671.65,0.33578,18.25,1783038938
All Pools,DUBS - AVAX,,false,335.59,671.65,0.33578,18.25,1783038938
All Pools,CATF - AVAX,,false,335.59,671.65,0.33578,18.25,1783038938
All Pools,DARKHORSE - AVAX,,false,335.59,671.64,0.33577,18.25,1783038938
All Pools,MAXI - AVAX,,false,335.59,671.64,0.33577,18.25,1783038938
All Pools,G - AVAX,,false,335.59,671.64,0.33577,18.25,1783038938
All Pools,NAMI - AVAX,,false,335.59,671.64,0.33577,18.25,1783038938
All Pools,PEPEWIFHAT - AVAX,,false,335.59,671.64,0.33577,18.25,1783038938
All Pools,LEPER - AVAX,,false,335.59,-3.944,0.33577,-3107.51,1783038938
All Pools,ZKFG - AVAX,,false,335.58,671.62,0.33576,18.25,1783038938
All Pools,HIGHER - AVAX,,false,335.58,671.62,0.33576,18.25,1783038938
All Pools,ICONS - AVAX,,false,335.58,671.62,0.33576,18.25,1783038938
All Pools,BOUTYWORK - AVAX,,false,335.58,671.62,0.33576,18.25,1783038938
All Pools,CMFI - AVAX,,false,335.58,671.62,0.33576,18.25,1783038938
All Pools,$HONEY - AVAX,,false,335.58,671.62,0.33576,18.25,1783038938
All Pools,BUNNY - AVAX,,false,335.54,671.55,0.33573,18.25,1783038938
All Pools,KOI - AVAX,,false,335.54,671.55,0.33573,18.25,1783038938
All Pools,GOF - AVAX,,false,335.54,671.55,0.33573,18.25,1783038938
All Pools,GWIRE - AVAX,,false,335.54,671.54,0.33572,18.25,1783038938
All Pools,WIFOUT - AVAX,,false,335.54,671.54,0.33572,18.25,1783038938
All Pools,GMX - AVAX,,false,328.02,3910.3,0.82005,7.65,1783038938
All Pools,KIMBO - AVAX,,false,285.76,44484,0.71441,0.59,1783038938
All Pools,AVAX - XAVA,,false,253.28,13570,0.6332,1.7,1783038938
All Pools,HERESY - AVAX,,false,243.09,14131,0.60772,1.57,1783038938
All Pools,WOLF - AVAX,,false,229.9,29616,0.57475,0.71,1783038938
All Pools,MIM - USDT.e,,false,211.65,1370.5,0.52913,14.09,1783038938
All Pools,MIM - SB,,false,211.07,2107.05,0.52768,9.14,1783038938
All Pools,SB - AVAX,,false,207.75,6384.86,0.51938,2.97,1783038938
All Pools,AVAX - aXEN,,false,140.25,179.85,0.35064,71.16,1783038938
All Pools,UST - AVAX,,false,126.86,6058.97,0.31716,1.91,1783038938
All Pools,MIM - USDC.e,,false,109.14,698.37,0.27286,14.26,1783038938
All Pools,w3ULL - AVAX,,false,84.77,50761,0.21194,0.15,1783038938
All Pools,MAI - AVAX,,false,81.54,1486.84,0.20385,5,1783038938
All Pools,AVAX - JUICE,,false,79.05,9742.66,0.19762,0.74,1783038938
All Pools,MUON - AVAX,,false,78.68,38909,0.1967,0.18,1783038938
All Pools,STG - USDC,,false,78.17,1299.42,0.19542,5.49,1783038938
All Pools,HOWDY - USDC,,false,77.51,2963.21,0.19378,2.39,1783038938
All Pools,FEED - AVAX,,false,74.5,6128.24,0.18626,1.11,1783038938
All Pools,AVAX - GEC,,false,71.6,27673,0.179,0.24,1783038938
All Pools,AVAX - TOPIA,,false,71.3,1041.4,0.17824,6.25,1783038938
All Pools,CATCH - AVAX,,false,70.72,734.16,0.17681,8.79,1783038938
All Pools,AVAX - SOLNIC,,false,67.59,3908.73,0.16897,1.58,1783038938
All Pools,GENI - USDC,,false,66.77,1226.4,0.16692,4.97,1783038938
All Pools,AVAX - ANSEM,,false,63.86,2.707,0.15966,2152.73,1783038938
All Pools,MIM - WETH.e,,false,63.79,434.53,0.15948,13.4,1783038938
All Pools,NOCHILL - AVAX,,false,63.22,57935,0.15805,0.1,1783038938
All Pools,STG - AVAX,,false,58.4,1111.48,0.146,4.79,1783038938
All Pools,VPND - AVAX,,false,57.81,18834,0.14453,0.28,1783038938
All Pools,APIX - USDt,,false,51.82,6096.03,0.12955,0.78,1783038938
All Pools,AVAX - SWAP.e,,false,51.07,21251,0.12766,0.22,1783038938
All Pools,HEFE - AVAX,,false,45.32,26147,0.1133,0.16,1783038938
All Pools,AVAX - AMI,,false,44.98,361.04,0.11245,11.37,1783038938
All Pools,APIX - USDC,,false,44.85,3045.67,0.11213,1.34,1783038938
All Pools,AVAX - ALVA,,false,43.49,919.4,0.10872,4.32,1783038938
All Pools,BLSEYE🎯 - AVAX,,false,40.81,4728.19,0.10203,0.79,1783038938
All Pools,FLD - AVAX,,false,39.68,36098,0.09921,0.1,1783038938
All Pools,APIX - ARENA,,false,39.59,1809.83,0.09898,2,1783038938
All Pools,AVAXAI - USDC,,false,37.91,1600.09,0.09479,2.16,1783038938
All Pools,sAVAX - JACK,,false,36.6,270121,0.0915,0.01,1783038938
All Pools,AVAX - UADA,,false,36.31,2.041,0.09077,1623.11,1783038938
All Pools,WADA - AVAX,,false,36.3,2.041,0.09076,1623.01,1783038938
All Pools,HOWDY - AVAX,,false,34.82,6717.99,0.08705,0.47,1783038938
All Pools,AVAX - UST,,false,33.77,7064.27,0.08442,0.44,1783038938
All Pools,USDC.e - sSB,,false,33.08,860.8,0.0827,3.51,1783038938
All Pools,Balln - AVAX,,false,31.79,3859.36,0.07947,0.75,1783038938
All Pools,AVAX - SQRCAT,,false,30.01,4378.96,0.07503,0.63,1783038938
All Pools,GUN - BLSEYE🎯,,false,29.51,466.54,0.07376,5.77,1783038938
All Pools,BOI - AVAX,,false,26.58,37.94,0.06644,63.92,1783038938
All Pools,USDt - ncash,,false,24.94,1029.98,0.06235,2.21,1783038938
All Pools,BTC.b - TOPIA,,false,24.42,419.51,0.06104,5.31,1783038938
All Pools,JADE - USDC,,false,23.1,317.35,0.05776,6.64,1783038938
All Pools,ABC - AVAX,,false,21.97,599.06,0.05492,3.35,1783038938
All Pools,APIX - ID,,false,21.65,20025,0.05412,0.1,1783038938
All Pools,WABBIT - AVAX,,false,20.39,4489.64,0.05099,0.41,1783038938
All Pools,GUN - AVAX,,false,18.94,207.14,0.04736,8.35,1783038938
All Pools,HUSKY - AVAX,,false,18.5,2104.09,0.04625,0.8,1783038938
All Pools,PNG - AVAX,,false,18.3,849.1,0.04574,1.97,1783038938
All Pools,LF - AVAX,,false,18.18,275.62,0.04546,6.02,1783038938
All Pools,MIM - LF,,false,18.11,342.29,0.04529,4.83,1783038938
All Pools,BLSEYE🎯 - ARENA,,false,16.08,935.95,0.0402,1.57,1783038938
All Pools,SECOND - AVAX,,false,14.83,1476.05,0.03708,0.92,1783038938
All Pools,SECOND - USDC,,false,14.83,6966.87,0.03708,0.19,1783038938
All Pools,AVAX - XPOW,,false,14.2,1373.14,0.0355,0.94,1783038938
All Pools,DCAU - AVAX,,false,13.11,1040.93,0.03278,1.15,1783038938
All Pools,DCAU - USDT.e,,false,12.17,5054.79,0.03043,0.22,1783038938
All Pools,COQ - COQAI,,false,12.13,19939,0.03032,0.06,1783038938
All Pools,RGOGLZ - USDC,,false,12.04,1351.11,0.03011,0.81,1783038938
All Pools,AVAX - TIME,,false,11.59,582.71,0.02897,1.81,1783038938
All Pools,FITFI - USDT.e,,false,11.36,180.14,0.02839,5.75,1783038938
All Pools,DCAU - MIM,,false,11.34,103.1,0.02835,10.04,1783038938
All Pools,rloop - AVAX,,false,11.22,4617.67,0.02804,0.22,1783038938
All Pools,XETA - USDC,,false,10.22,5380.7,0.02554,0.17,1783038938
All Pools,MAGICK - AVAX,,false,10.2,275.85,0.02549,3.37,1783038938
All Pools,AVAX - FRAX,,false,9.938,703.53,0.02485,1.29,1783038938
All Pools,ROCO - AVAX,,false,9.595,1343.26,0.02399,0.65,1783038938
All Pools,MIM - MU,,false,9.592,86.46,0.02398,10.12,1783038938
All Pools,USDC.e - MU,,false,9.325,13192,0.02331,0.06,1783038938
All Pools,3QF - D - AVAX,,false,8.601,1317.01,0.0215,0.6,1783038938
All Pools,3QF - D - WETH.e,,false,8.587,2304.17,0.02147,0.34,1783038938
All Pools,MAGICK - USDC,,false,8.526,216.95,0.02131,3.59,1783038938
All Pools,MIM - SDOG,,false,8.359,81.98,0.0209,9.3,1783038938
All Pools,USDC - SDOG,,false,8.333,361.27,0.02083,2.1,1783038938
All Pools,MIM - USDC,,false,7.738,26.88,0.01935,26.27,1783038938
All Pools,TECH - AVAX,,false,7.688,10524,0.01922,0.07,1783038938
All Pools,UST - USDC.e,,false,7.534,682.66,0.01883,1.01,1783038938
All Pools,GGP - AVAX,,false,7.531,35544,0.01883,0.02,1783038938
All Pools,HATCHY - AVAX,,false,7.528,7062.75,0.01882,0.1,1783038938
All Pools,ORNG - SAI,,false,6.995,115.79,0.01749,5.51,1783038938
All Pools,CAI - AVAX,,false,6.975,1277.51,0.01744,0.5,1783038938
All Pools,MIM - PEFI,,false,6.836,61.73,0.01709,10.11,1783038938
All Pools,REDWOLF - SOL,,false,6.809,59.63,0.01702,10.42,1783038938
All Pools,EGG - AVAX,,false,6.803,16971,0.01701,0.04,1783038938
All Pools,MIM - wsOHM,,false,6.58,150.75,0.01645,3.98,1783038938
All Pools,USDC - aXEN,,false,6.565,9.495,0.01641,63.1,1783038938
All Pools,TSD - AVAX,,false,6.476,175.27,0.01619,3.37,1783038938
All Pools,LINK.e - USDT.e,,false,6.449,215.28,0.01612,2.73,1783038938
All Pools,SWIFT - WETH.e,,false,6.272,1224.62,0.01568,0.47,1783038938
All Pools,$Crazy - AVAX,,false,6.24,757.92,0.0156,0.75,1783038938
All Pools,JOE - USDT,,false,5.944,297.56,0.01486,1.82,1783038938
All Pools,SWIFT - USDC.e,,false,5.906,474.21,0.01476,1.14,1783038938
All Pools,Psychic - AVAX,,false,5.847,921.04,0.01462,0.58,1783038938
All Pools,WETH - USDC.e,,false,5.818,195.11,0.01455,2.72,1783038938
All Pools,YOU - ORNG,,false,5.807,1409.25,0.01452,0.38,1783038938
All Pools,ZRO - AVAX,,false,5.768,137.6,0.01442,3.82,1783038938
All Pools,AVAX - PEFI,,false,5.573,3371.18,0.01393,0.15,1783038938
All Pools,L - Swing - aXEN,,false,5.3,54.24,0.01325,8.92,1783038938
All Pools,LINK.e - USDC.e,,false,5.005,178.98,0.01251,2.55,1783038938
All Pools,gOHM - wsOHM,,false,4.913,15.55,0.01228,28.83,1783038938
All Pools,PTOP400 - TOPIA,,false,4.739,96.86,0.01185,4.46,1783038938
All Pools,AVAX - DOMI,,false,4.6,11181,0.0115,0.04,1783038938
All Pools,XROSS - ORNG,,false,4.495,240.06,0.01124,1.71,1783038938
All Pools,GENI - AVAX,,false,4.357,53.21,0.01089,7.47,1783038938
All Pools,USDC - LODE,,false,4.352,1024.97,0.01088,0.39,1783038938
All Pools,COQ - BLSEYE🎯,,false,4.281,155.04,0.0107,2.52,1783038938
All Pools,gOHM - SB,,false,4.27,16.89,0.01067,23.07,1783038938
All Pools,L - Swing - AVAX,,false,4.212,109.65,0.01053,3.5,1783038938
All Pools,ISA - USDC.e,,false,4.011,435.14,0.01003,0.84,1783038938
All Pools,Psychic - BLACK,,false,3.985,305.43,0.00996,1.19,1783038938
All Pools,AVAX - ELK,,false,3.967,1339.39,0.00992,0.27,1783038938
All Pools,ORNG - JUCI,,false,3.898,253.35,0.00974,1.4,1783038938
All Pools,WETH.e - USDT.e,,false,3.791,143.19,0.00948,2.42,1783038938
All Pools,AMI - TOPIA,,false,3.648,145.49,0.00912,2.29,1783038938
All Pools,MYST - AVAX,,false,3.572,674.25,0.00893,0.48,1783038938
All Pools,ORNG - MOOM,,false,3.541,193.92,0.00885,1.67,1783038938
All Pools,PNG - JOE,,false,3.522,125.45,0.00881,2.56,1783038938
All Pools,YAK - AVAX,,false,3.461,3169.27,0.00865,0.1,1783038938
All Pools,BRO - COQ,,false,3.452,142.53,0.00863,2.21,1783038938
All Pools,BRO - AVAX,,false,3.446,104483,0.00862,0,1783038938
All Pools,REDWOLF - USDC,,false,3.368,188.4,0.00842,1.63,1783038938
All Pools,SOL - AVAX,,false,3.315,0.00167,0.00829,180758.32,1783038938
All Pools,aDXN - aXEN,,false,3.3,5.23,0.00825,57.59,1783038938
All Pools,avUSD - sAVAX,,false,3.27,231.17,0.00818,1.29,1783038938
All Pools,ORNG - FLUX,,false,3.174,108.05,0.00793,2.68,1783038938
All Pools,ISA - AVAX,,false,3.129,1122.69,0.00782,0.25,1783038938
All Pools,WETH.e - ONION,,false,3.123,223.48,0.00781,1.28,1783038938
All Pools,TRESR - AVAX,,false,2.908,8168.54,0.00727,0.03,1783038938
All Pools,Psychic - XAUt0,,false,2.899,5954.84,0.00725,0.04,1783038938
All Pools,aDXN - AVAX,,false,2.893,51.86,0.00723,5.09,1783038938
All Pools,BLSEYE🎯 - BEAM,,false,2.873,269.57,0.00718,0.97,1783038938
All Pools,USV - DAI.e,,false,2.811,4082.49,0.00703,0.06,1783038938
All Pools,UST - USDC,,false,2.794,440.43,0.00699,0.58,1783038938
All Pools,USDC.e - SOL,,false,2.742,36.02,0.00686,6.95,1783038938
All Pools,YAK - USDC.e,,false,2.708,197.79,0.00677,1.25,1783038938
All Pools,PTOP1300 - TOPIA,,false,2.668,102.97,0.00667,2.36,1783038938
All Pools,MAI - TOMB,,false,2.654,119.92,0.00663,2.02,1783038938
All Pools,MYST - USDC,,false,2.59,220.76,0.00648,1.07,1783038938
All Pools,MIM - DAI.e,,false,2.589,17.8,0.00647,13.27,1783038938
All Pools,MIM - TIME,,false,2.498,23.72,0.00625,9.61,1783038938
All Pools,PTOP1100 - TOPIA,,false,2.492,111.1,0.00623,2.05,1783038938
All Pools,REDWOLF - AVAX,,false,2.49,400.47,0.00622,0.57,1783038938
All Pools,SPC - DAI.e,,false,2.317,21.73,0.00579,9.73,1783038938
All Pools,USDV - REDWOLF,,false,2.185,18.12,0.00546,11,1783038938
All Pools,wsOHM - USDC.e,,false,2.153,16.89,0.00538,11.63,1783038938
All Pools,USDT.e - ONION,,false,2.057,737.59,0.00514,0.25,1783038938
All Pools,HAT - AVAX,,false,2.025,7424.29,0.00506,0.02,1783038938
All Pools,USDC.e - DAI.e,,false,1.999,22247,0.005,0.01,1783038938
All Pools,HUSKY - JOE,,false,1.963,96.09,0.00491,1.86,1783038938
All Pools,USDC.e - USDT.e,,false,1.876,39997,0.00469,0,1783038938
All Pools,YEEHAW - TOPIA,,false,1.873,104.12,0.00468,1.64,1783038938
All Pools,USDT.e - CLY,,false,1.868,185.21,0.00467,0.92,1783038938
All Pools,AVAX - CLY,,false,1.858,22943,0.00465,0.01,1783038938
All Pools,DATCM - ORNG,,false,1.822,238.11,0.00456,0.7,1783038938
All Pools,H2O - AVAX,,false,1.807,17.51,0.00452,9.42,1783038938
All Pools,SYN - REDWOLF,,false,1.773,7.598,0.00443,21.29,1783038938
All Pools,LUNA - USDC.e,,false,1.751,338.58,0.00438,0.47,1783038938
All Pools,USDC - SOCK,,false,1.749,425.01,0.00437,0.38,1783038938
All Pools,AVAX - SOCK,,false,1.746,2499.22,0.00437,0.06,1783038938
All Pools,sAVAX - COQ,,false,1.709,64.67,0.00427,2.41,1783038938
All Pools,SWIFT - AVAX,,false,1.707,234.39,0.00427,0.66,1783038938
All Pools,PTOP900 - TOPIA,,false,1.698,77.51,0.00425,2,1783038938
All Pools,miMatic - AVAX,,false,1.697,30.25,0.00424,5.12,1783038938
All Pools,PTOP1000 - TOPIA,,false,1.664,76.13,0.00416,1.99,1783038938
All Pools,USDC.e - WXT,,false,1.626,217.87,0.00407,0.68,1783038938
All Pools,ABC - HOWDY,,false,1.623,523.93,0.00406,0.28,1783038938
All Pools,AVAX - EROL,,false,1.605,39.27,0,0,1783038938
All Pools,WETH.e - REDWOLF,,false,1.605,80.78,0.00401,1.81,1783038938
All Pools,Now - BLACK,,false,1.571,280.41,0.00393,0.51,1783038938
All Pools,MILK - USDC,,false,1.571,509.71,0.00393,0.28,1783038938
All Pools,APOW - AVAX,,false,1.562,640.29,0.00391,0.22,1783038938
All Pools,FITFI - AVAX,,false,1.528,16.41,0.00382,8.5,1783038938
All Pools,DPS - AVAX,,false,1.491,188.99,0.00373,0.72,1783038938
All Pools,DPS - USDC,,false,1.491,1908.25,0.00373,0.07,1783038938
All Pools,HOWDY - USDt,,false,1.48,174.05,0.0037,0.78,1783038938
All Pools,AVAX - SPELL,,false,1.458,2043.3,0.00365,0.07,1783038938
All Pools,FXS - AVAX,,false,1.423,307.17,0.00356,0.42,1783038938
All Pools,USDC.e - ONION,,false,1.393,368.63,0.00348,0.34,1783038938
All Pools,YUSD - AVAX,,false,1.374,118.81,0.00344,1.06,1783038938
All Pools,miMatic - USDC.e,,false,1.329,22.2,0.00332,5.46,1783038938
All Pools,wsOHM - AVAX,,false,1.306,7.618,0.00327,15.65,1783038938
All Pools,MIM - FORT,,false,1.279,2164.04,0.0032,0.05,1783038938
All Pools,USDC.e - AVVO,,false,1.278,226.86,0.0032,0.51,1783038938
All Pools,AVAX - FORT,,false,1.274,11.75,0.00319,9.89,1783038938
All Pools,WBTC.e - USDT.e,,false,1.208,153.31,0.00302,0.72,1783038938
All Pools,Now - AVAX,,false,1.195,200.45,0.00299,0.54,1783038938
All Pools,KRW - AVAX,,false,1.181,328.49,0.00295,0.33,1783038938
All Pools,JOE - KRW,,false,1.179,156.4,0.00295,0.69,1783038938
All Pools,AVAX - MU,,false,1.103,75.66,0.00276,1.33,1783038938
All Pools,STATIK - AVAX,,false,1.096,31.27,0.00274,3.2,1783038938
All Pools,FTOMB - AVAX,,false,1.082,6895.98,0.0027,0.01,1783038938
All Pools,DCAU - USDC,,false,1.082,144.5,0.0027,0.68,1783038938
All Pools,GB - AVAX,,false,1.08,1849.95,0.0027,0.05,1783038938
All Pools,SYN - USDC.e,,false,1.066,3.844,0.00266,25.3,1783038938
All Pools,MIM - VOLT,,false,1.047,12.7,0.00262,7.52,1783038938
All Pools,SHRAP - DOMI,,false,1.031,172.06,0.00258,0.55,1783038938
All Pools,AVAX - IMPACT2,,false,1.019,141.78,0.00255,0.66,1783038938
All Pools,AVAX - ONION,,false,0.99942,150.49,0.0025,0.61,1783038938
All Pools,FXS - L - Swing,,false,0.98629,28.03,0.00247,3.21,1783038938
All Pools,HUSKY - AMI,,false,0.98143,43.36,0.00245,2.07,1783038938
All Pools,MIM - PAPA,,false,0.94593,54.44,0.00236,1.59,1783038938
All Pools,PAPA - AVAX,,false,0.94062,10.1,0.00235,8.5,1783038938
All Pools,DAI.e - VOLT,,false,0.90728,40.02,0.00227,2.07,1783038938
All Pools,MIM - AUSD,,false,0.90428,9.882,0.00226,8.35,1783038938
All Pools,gOHM - JOE,,false,0.89915,3.182,0.00225,25.79,1783038938
All Pools,APOW - USDC,,false,0.89056,116.33,0.00223,0.7,1783038938
All Pools,BTC.b - IMPACT2,,false,0.87927,1152.5,0.0022,0.07,1783038938
All Pools,ROY - AVAX,,false,0.86882,4057.73,0.00217,0.02,1783038938
All Pools,SMRTr - AVAX,,false,0.86425,26938,0.00216,0,1783038938
All Pools,UNIQOC - AVAX,,false,0.86121,842.9,0.00215,0.09,1783038938
All Pools,SMRTr - USDC.e,,false,0.85946,107.08,0.00215,0.73,1783038938
All Pools,UNIQOC - COQ,,false,0.85936,37.09,0.00215,2.11,1783038938
All Pools,LINK.e - REDWOLF,,false,0.83373,68.81,0.00208,1.11,1783038938
All Pools,LINDA - AVAX,,false,0.80846,1637.47,0.00202,0.05,1783038938
All Pools,MIM - GRAPE,,false,0.79624,92.63,0.00199,0.78,1783038938
All Pools,Ush - AVAX,,false,0.78728,2177.96,0.00197,0.03,1783038938
All Pools,AVAX - EROL,,false,0.78328,21.04,0.00196,3.4,1783038938
All Pools,JOE - EXP,,false,0.77948,10742101,0.00195,0,1783038938
All Pools,USDt - USDT.e,,false,0.77114,20407,0.00193,0,1783038938
All Pools,WBTC.e - ONION,,false,0.76672,345.13,0.00192,0.2,1783038938
All Pools,USDT.e - MU,,false,0.75701,250.35,0.00189,0.28,1783038938
All Pools,oXAUT - AVAX,,false,0.73475,422.93,0.00184,0.16,1783038938
All Pools,BTC.b - oXAUT,,false,0.73464,311.68,0.00184,0.22,1783038938
All Pools,HOST - DAI.e,,false,0.72626,2529.23,0.00182,0.03,1783038938
All Pools,Gravity - AVAX,,false,0.70643,251.69,0.00177,0.26,1783038938
All Pools,WLRS - USDC.e,,false,0.69538,4087.34,0.00174,0.02,1783038938
All Pools,UNI.e - REDWOLF,,false,0.6933,9.239,0.00173,6.85,1783038938
All Pools,MIM - BLANC,,false,0.69293,1002.77,0.00173,0.06,1783038938
All Pools,AVAX - BLANC,,false,0.68893,6.563,0.00172,9.58,1783038938
All Pools,ACS - AVAX,,false,0.68725,173.69,0.00172,0.36,1783038938
All Pools,APOW - USDt,,false,0.66547,115.99,0.00166,0.52,1783038938
All Pools,COQ - JUICE,,false,0.64717,27.34,0.00162,2.16,1783038938
All Pools,WLRS - GRAPE,,false,0.64105,7.809,0.0016,7.49,1783038938
All Pools,GUN - AMI,,false,0.59954,9.103,0.0015,6.01,1783038938
All Pools,USDt - IMPACT2,,false,0.58522,69.42,0.00146,0.77,1783038938
All Pools,BANKSY - AVAX,,false,0.5782,147.45,0.00145,0.36,1783038938
All Pools,BANKSY - USDT.e,,false,0.57759,1534.47,0.00144,0.03,1783038938
All Pools,WOLF - AVAX,,false,0.57575,46.91,0.00144,1.12,1783038938
All Pools,TSD - WOLF,,false,0.56562,26.64,0.00141,1.94,1783038938
All Pools,AAVE.e - REDWOLF,,false,0.55513,144.68,0.00139,0.35,1783038938
All Pools,WETH.e - SURE,,false,0.54562,797.64,0.00136,0.06,1783038938
All Pools,AVAX - AVVO,,false,0.53108,236.64,0.00133,0.2,1783038938
All Pools,BTC.b - HOWDY,,false,0.52919,59.99,0.00132,0.8,1783038938
All Pools,KIWI - AVAX,,false,0.52841,96.55,0.00132,0.5,1783038938
All Pools,KIWI - USDC,,false,0.52815,299.01,0.00132,0.16,1783038938
All Pools,XAUt0 - Gravity,,false,0.52206,325.91,0.00131,0.15,1783038938
All Pools,SYN - USDT.e,,false,0.51931,2.049,0.0013,23.13,1783038938
All Pools,DREGG - AVAX,,false,0.51271,150.82,0.00128,0.31,1783038938
All Pools,DREGG - USDT.e,,false,0.51231,518.58,0.00128,0.09,1783038938
All Pools,DAI.e - ONION,,false,0.51122,330.94,0.00128,0.14,1783038938
All Pools,AVAX - SMRT,,false,0.51,1707.81,0.00128,0.03,1783038938
All Pools,SYN - WETH.e,,false,0.49758,1.815,0.00124,25.02,1783038938
All Pools,USDT.e - SMRT,,false,0.48547,90.23,0.00121,0.49,1783038938
All Pools,YEEHAW - BTC.b,,false,0.46795,48.61,0.00117,0.88,1783038938
All Pools,MIM - RUG,,false,0.46151,5.53,0.00115,7.62,1783038938
All Pools,USDC - SHRAP,,false,0.45951,23.44,0.00115,1.79,1783038938
All Pools,BIG - AVAX,,false,0.45647,9580.64,0.00114,0,1783038938
All Pools,USDT.e - SING,,false,0.4547,1267.47,0.00114,0.03,1783038938
All Pools,MIM - GG,,false,0.45428,53.22,0.00114,0.78,1783038938
All Pools,AVAX - GG,,false,0.45271,4.322,0.00113,9.56,1783038938
All Pools,TRACTOR - AVAX,,false,0.44882,11021,0.00112,0,1783038938
All Pools,AVAX - SING,,false,0.44369,117.09,0.00111,0.35,1783038938
All Pools,AVAX - ARENA,,false,0.42684,61.53,0.00107,0.63,1783038938
All Pools,Anon - AVAX,,false,0.41829,7.767,0.00105,4.91,1783038938
All Pools,USDC.e - RUG,,false,0.4122,17.35,0.00103,2.17,1783038938
All Pools,AVAX - USDT,,false,0.39489,1790.35,0,0.02,1783038938
All Pools,XAUt0 - Now,,false,0.39449,587.05,0,0.06,1783038938
All Pools,COQ - OSAK,,false,0.39366,18.46,0,1.95,1783038938
All Pools,OSAK - AVAX,,false,0.39264,3362.46,0,0.01,1783038938
All Pools,WETH.e - USDC,,false,0.39206,19.44,0,1.84,1783038938
All Pools,50 - AVAX,,false,0.38942,61.54,0,0.58,1783038938
All Pools,50 - USDC,,false,0.3892,112.6,0,0.32,1783038938
All Pools,TOMB - USDC,,false,0.38557,10.22,0,3.44,1783038938
All Pools,YEEHAW - CHAMP,,false,0.37916,988.93,0,0.03,1783038938
All Pools,HOWDY - AMI,,false,0.37701,1292.36,0,0.03,1783038938
All Pools,BUSD - AVAX,,false,0.37676,358.31,0,0.1,1783038938
All Pools,AI - AVAX,,false,0.36683,2944.22,0,0.01,1783038938
All Pools,UST - USDT.e,,false,0.35882,38.78,0,0.84,1783038938
All Pools,BTC.b - REDWOLF,,false,0.33826,97.58,0,0.32,1783038938
All Pools,WDAO - MIM,,false,0.33769,4.718,0,6.53,1783038938
All Pools,WDAO - AVAX,,false,0.3361,9.858,0,3.11,1783038938
All Pools,COQ - OX,,false,0.33303,13548,0,0,1783038938
All Pools,BLUB - AVAX,,false,0.33106,12491,0,0,1783038938
All Pools,AVAX - ZUBAX,,false,0.32682,94.74,0,0.31,1783038938
All Pools,LUNA - AVAX,,false,0.32618,128.08,0,0.23,1783038938
All Pools,BOI - MU,,false,0.32613,0.67884,0,43.84,1783038938
All Pools,HOST - AVAX,,false,0.31878,91.34,0,0.32,1783038938
All Pools,APIX - LAMBO,,false,0.31855,413.81,0,0.07,1783038938
All Pools,HOWDY - ARENA,,false,0.31212,39.75,0,0.72,1783038938
All Pools,SOL - USDC,,false,0.30632,21.22,0,1.32,1783038938
All Pools,KALM - AVAX,,false,0.30493,100.91,0,0.28,1783038938
All Pools,KALM - USDC,,false,0.30472,78.39,0,0.35,1783038938
All Pools,wMEMO - AVAX,,false,0.30447,6.739,0,4.12,1783038938
All Pools,MIM - UNIV,,false,0.27092,4.856,0,5.09,1783038938
All Pools,wMEMO - MIM,,false,0.2704,4.047,0,6.1,1783038938
All Pools,MIM - SBR,,false,0.27032,9.391,0,2.63,1783038938
All Pools,SBR - AVAX,,false,0.26906,3.548,0,6.92,1783038938
All Pools,UNIV - AVAX,,false,0.26788,6.124,0,3.99,1783038938
All Pools,AVAX - APOW,,false,0.26016,1496.16,0,0.02,1783038938
All Pools,SYMBIOT - AVAX,,false,0.25566,77.37,0,0.3,1783038938
All Pools,SURE - USDC.e,,false,0.25549,20.2,0,1.15,1783038938
All Pools,MIM - GG,,false,0.25355,4.242,0,5.45,1783038938
All Pools,CHAMP - AMI,,false,0.25354,28.2,0,0.82,1783038938
All Pools,GG - AVAX,,false,0.25239,5.589,0,4.12,1783038938
All Pools,AVAI - AVAX,,false,0.2518,19.91,0,1.15,1783038938
All Pools,RUG - USDT.e,,false,0.24999,10.31,0,2.21,1783038938
All Pools,MIM - SPELL,,false,0.24993,2.258,0,10.1,1783038938
All Pools,Psychic - Prometheus,,false,0.24703,244.54,0,0.09,1783038938
All Pools,AVAX - Prometheus,,false,0.24671,213.66,0,0.11,1783038938
All Pools,COQ - AMI,,false,0.246,8.454,0,2.66,1783038938
All Pools,SURE - DAI.e,,false,0.24592,23.63,0,0.95,1783038938
All Pools,SHOE - BTC.b,,false,0.24463,0.81921,0,27.25,1783038938
All Pools,NOCHILL - OX,,false,0.2401,13700,0,0,1783038938
All Pools,SYMBIOT - DAI.e,,false,0.23921,449.31,0,0.05,1783038938
All Pools,MIM - NADO,,false,0.23802,139.71,0,0.16,1783038938
All Pools,AVAX - NADO,,false,0.23674,2.339,0,9.24,1783038938
All Pools,ZRO - USDC,,false,0.22228,4.505,0,4.5,1783038938
All Pools,Light - Now,,false,0.22208,676.62,0,0.03,1783038938
All Pools,Light - AVAX,,false,0.22196,66.29,0,0.31,1783038938
All Pools,TOMB - SUBZERO,,false,0.22126,9.398,0,2.15,1783038938
All Pools,AVAX - SUBZERO,,false,0.22119,30.98,0,0.65,1783038938
All Pools,AVAX - rsAVAX,,false,0.22066,168.71,0,0.12,1783038938
All Pools,USDC - GAU,,false,0.21962,846.07,0,0.02,1783038938
All Pools,TOPIA - PTOP600,,false,0.21909,108.84,0,0.18,1783038938
All Pools,BOI - AMI,,false,0.21827,0.44402,0,44.86,1783038938
All Pools,AVAX - LYLY,,false,0.21407,52.56,0,0.37,1783038938
All Pools,ZUBAX - USDT.e,,false,0.21062,173.35,0,0.11,1783038938
All Pools,MIM - DUNEV3,,false,0.20525,51669,0,0,1783038938
All Pools,MIM - LIFE,,false,0.20516,9.184,0,2.04,1783038938
All Pools,LIFE - AVAX,,false,0.20388,2.488,0,7.48,1783038938
All Pools,COQ - REDWOLF,,false,0.20371,9.023,0,2.06,1783038938
All Pools,DUNEV3 - USDC.e,,false,0.20286,27236,0,0,1783038938
All Pools,USDC - MXNB,,false,0.19982,26.34,0,0.69,1783038938
All Pools,BUD - USDC.e,,false,0.19903,224.88,0,0.08,1783038938
All Pools,STEAK - AVAX,,false,0.19693,10124,0,0,1783038938
All Pools,IMPACT2 - EURC,,false,0.19594,42.13,0,0.42,1783038938
All Pools,MIM - TSNFTGM,,false,0.19458,3.166,0,5.61,1783038938
All Pools,BUD - AVAX,,false,0.19367,571.52,0,0.03,1783038938
All Pools,CHAMP - ARENA,,false,0.19337,15.05,0,1.17,1783038938
All Pools,BNB - AVAX,,false,0.1915,2935.1,0,0.01,1783038938
All Pools,WETH.e - yyAVAX,,false,0.19015,14.22,0,1.22,1783038938
All Pools,USDC - CHAM,,false,0.18624,46.76,0,0.36,1783038938
All Pools,YEEHAW - AVAX,,false,0.18585,11.92,0,1.42,1783038938
All Pools,Chemistry - AVAX,,false,0.1827,66.44,0,0.25,1783038938
All Pools,Chemistry - Now,,false,0.18268,677.31,0,0.02,1783038938
All Pools,MM - AVAX,,false,0.18181,69.53,0,0.24,1783038938
All Pools,MM - USDC,,false,0.18165,50.51,0,0.33,1783038938
All Pools,COQ - KOVIN,,false,0.18049,8.568,0,1.92,1783038938
All Pools,COQ - LYLY,,false,0.17713,10.19,0,1.59,1783038938
All Pools,MU - DAI.e,,false,0.17701,236.62,0,0.07,1783038938
All Pools,WBTC - AVAX,,false,0.17523,31.2,0,0.51,1783038938
All Pools,WBTC.e - REDWOLF,,false,0.17386,48.42,0,0.33,1783038938
All Pools,MAXI - DAI.e,,false,0.16829,228.98,0,0.07,1783038938
All Pools,VEE - USDC,,false,0.16737,31.95,0,0.48,1783038938
All Pools,USDC - USD+,,false,0.16583,28.68,0,0.53,1783038938
All Pools,GOOD - AVAX,,false,0.16324,109.22,0,0.14,1783038938
All Pools,GOOD - COQ,,false,0.16251,63.87,0,0.23,1783038938
All Pools,Trinity - AVAX,,false,0.16208,763.95,0,0.02,1783038938
All Pools,COQ - NOCHILL,,false,0.15631,9.121,0,1.56,1783038938
All Pools,TSNFTGM - DAI.e,,false,0.15287,29.82,0,0.47,1783038938
All Pools,GURS - AVAX,,false,0.15271,5745.61,0,0,1783038938
All Pools,CQK - AVAX,,false,0.14952,101.15,0,0.13,1783038938
All Pools,CQK - USDC,,false,0.14944,31.43,0,0.43,1783038938
All Pools,AVAX - SDOG,,false,0.14894,6.569,0,2.07,1783038938
All Pools,AVAX - CHAM,,false,0.14854,26.5,0,0.51,1783038938
All Pools,USDC - APOW,,false,0.1406,21.8,0,0.59,1783038938
All Pools,CAPY - ARENA,,false,0.14002,23535,0,0,1783038938
All Pools,COQ - BOOTY,,false,0.13881,7.194,0,1.76,1783038938
All Pools,BOOTY - AVAX,,false,0.13857,1591.11,0,0.01,1783038938
All Pools,SLUSH - AVAX,,false,0.13532,47.35,0,0.26,1783038938
All Pools,Void - AVAX,,false,0.13527,65.17,0,0.19,1783038938
All Pools,Void - Now,,false,0.13522,680.09,0,0.02,1783038938
All Pools,SLUSH - USDT.e,,false,0.135,56.17,0,0.22,1783038938
All Pools,AMI - SQRCAT,,false,0.13282,10.4,0,1.16,1783038938
All Pools,LINK.e - MU,,false,0.13261,6.708,0,1.8,1783038938
All Pools,gOHM - USDT.e,,false,0.13249,0.62381,0,19.38,1783038938
All Pools,COQ - MCV,,false,0.12828,6.631,0,1.77,1783038938
All Pools,MCV - AVAX,,false,0.12805,295.87,0,0.04,1783038938
All Pools,wsOHM - OTWO,,false,0.12775,1.409,0,8.27,1783038938
All Pools,gOHM - OTWO,,false,0.12682,90035,0,0,1783038938
All Pools,USDC - yyAVAX,,false,0.12556,12.31,0,0.93,1783038938
All Pools,MEOW - AVAX,,false,0.12554,7855.32,0,0,1783038938
All Pools,MIM - TEMPO,,false,0.12451,4.283,0,2.65,1783038938
All Pools,JEWEL - USDC,,false,0.12413,3929.49,0,0,1783038938
All Pools,TEMPO - AVAX,,false,0.12396,1.713,0,6.6,1783038938
All Pools,MU - COQAI,,false,0.12114,5.77,0,1.92,1783038938
All Pools,USDt - APOW,,false,0.11917,21.8,0,0.5,1783038938
All Pools,MIM - sTHO,,false,0.11664,185.15,0,0.06,1783038938
All Pools,KLO - USDT.e,,false,0.11606,5.29,0,2,1783038938
All Pools,BrideOfChrist - BLACK,,false,0.11302,20.61,0,0.5,1783038938
All Pools,MIM - AFARMER,,false,0.11274,3291.66,0,0,1783038938
All Pools,JOE - aXEN,,false,0.11247,0.19055,0,53.86,1783038938
All Pools,Now - Mentor,,false,0.10876,676.84,0,0.01,1783038938
All Pools,AVAX - Mentor,,false,0.10871,66.28,0,0.15,1783038938
All Pools,COQ - SNP,,false,0.10735,17.02,0,0.58,1783038938
All Pools,SNP - AVAX,,false,0.10709,8.111,0,1.2,1783038938
All Pools,BSGG - AVAX,,false,0.10658,2.501,0,3.89,1783038938
All Pools,RUX - AVAX,,false,0.10461,26.23,0,0.36,1783038938
All Pools,AVAX - SHRAP,,false,0.10454,12.66,0,0.75,1783038938
All Pools,USDt - RUX,,false,0.10453,16072,0,0,1783038938
All Pools,USDC - XPOW,,false,0.10445,10.54,0,0.9,1783038938
All Pools,SWORD - AVAX,,false,0.10362,14.47,0,0.65,1783038938
All Pools,MIM - WOHM,,false,0.0979,10.77,0,0.83,1783038938
All Pools,AVAX - WOHM,,false,0.09746,1.06,0,8.39,1783038938
All Pools,AVAX - WISE,,false,0.09705,61.95,0,0.14,1783038938
All Pools,USDC.e - WISE,,false,0.09699,41.99,0,0.21,1783038938
All Pools,MIM - DICK,,false,0.09649,1.903,0,4.63,1783038938
All Pools,TruthClosure - BLACK,,false,0.09539,15.45,0,0.56,1783038938
All Pools,Sanskrit - Now,,false,0.09228,678.1,0,0.01,1783038938
All Pools,Sanskrit - AVAX,,false,0.09228,66.42,0,0.13,1783038938
All Pools,TECH - OX,,false,0.0915,5937.76,0,0,1783038938
All Pools,USDt - XPOW,,false,0.09114,10.47,0,0.79,1783038938
All Pools,HUSKY - MUG,,false,0.0906,13.79,0,0.6,1783038938
All Pools,AVAX - ZABU,,false,0.0896,24.12,0,0.34,1783038938
All Pools,AVAI - USDC.e,,false,0.08762,26.3,0,0.3,1783038938
All Pools,BLS - USDt,,false,0.08759,128.4,0,0.06,1783038938
All Pools,MAGICK - COSMIC,,false,0.08662,3.238,0,2.44,1783038938
All Pools,USDC - COSMIC,,false,0.08575,53.95,0,0.15,1783038938
All Pools,AVAT - AVAX,,false,0.08567,17.39,0,0.45,1783038938
All Pools,AVAT - USDC,,false,0.08548,38.05,0,0.2,1783038938
All Pools,COQ - MU,,false,0.08222,3.55,0,2.11,1783038938
All Pools,METAG - AVAX,,false,0.08199,20.31,0,0.37,1783038938
All Pools,SUB - USDC,,false,0.07967,11.53,0,0.63,1783038938
All Pools,CGS - AVAX,,false,0.079,55.17,0,0.13,1783038938
All Pools,CGS - USDC.e,,false,0.07881,152.39,0,0.05,1783038938
All Pools,AVAX - BLACK,,false,0.07702,3.868,0,1.82,1783038938
All Pools,TickTock - Now,,false,0.07678,677.37,0,0.01,1783038938
All Pools,TickTock - AVAX,,false,0.07676,66.35,0,0.11,1783038938
All Pools,AVAX - MUG,,false,0.07491,260.01,0,0.03,1783038938
All Pools,Trinity - BrideOfChrist,,false,0.07446,58292603,0,0,1783038938
All Pools,ABC - AMI,,false,0.07019,2.681,0,2.39,1783038938
All Pools,USDt - REDWOLF,,false,0.06977,13.85,0,0.46,1783038938
All Pools,LUNA - AVAX,,false,0.06895,14.84,0,0.42,1783038938
All Pools,TRYB - USDC.e,,false,0.0684,32.2,0,0.19,1783038938
All Pools,$Td - AVAX,,false,0.06703,4549.14,0,0,1783038938
All Pools,gOHM - USDC.e,,false,0.06668,0.31696,0,19.2,1783038938
All Pools,$Td - AMI,,false,0.0663,25.74,0,0.24,1783038938
All Pools,MIM - EDG,,false,0.06625,1.334,0,4.53,1783038938
All Pools,AVAX - EDG,,false,0.06593,1.33,0,4.52,1783038938
All Pools,SaintGermain - BLACK,,false,0.06527,1.55,0,3.84,1783038938
All Pools,USDC.e - USDC,,false,0.06398,480903,0,0,1783038938
All Pools,AVAX - MILO,,false,0.06373,832.28,0,0.01,1783038938
All Pools,USDt - MILO,,false,0.06359,14.43,0,0.4,1783038938
All Pools,BTC.b - USDC,,false,0.06335,4.135,0,1.4,1783038938
All Pools,WBTC.e - USDC.e,,false,0.06181,7.933,0,0.71,1783038938
All Pools,SHOE - AMI,,false,0.06135,0.19837,0,28.22,1783038938
All Pools,USDC.e - WSHARE,,false,0.06064,2281.58,0,0,1783038938
All Pools,AMI - COQAI,,false,0.0597,2.841,0,1.92,1783038938
All Pools,METAG - USDT.e,,false,0.05901,47.72,0,0.11,1783038938
All Pools,LUNA - USDC.e,,false,0.05793,677.8,0,0.01,1783038938
All Pools,USDC - BVAX,,false,0.0578,26.59,0,0.2,1783038938
All Pools,MIM - RUG,,false,0.05728,1.133,0,4.61,1783038938
All Pools,RUG - USDC,,false,0.05678,1.055,0,4.91,1783038938
All Pools,SURE - AVAX,,false,0.05667,5.288,0,0.98,1783038938
All Pools,FollowTheWhiteRabbit - AVAX,,false,0.05641,121.48,0,0.04,1783038938
All Pools,USDC.e - WMATIC,,false,0.05624,16.6,0,0.31,1783038938
All Pools,FRENXEN - USDC,,false,0.05575,8.643,0,0.59,1783038938
All Pools,FollowTheWhiteRabbit - TruthClosure,,false,0.05499,31.84,0,0.16,1783038938
All Pools,AVVO - DAI.e,,false,0.05444,35.08,0,0.14,1783038938
All Pools,FRENXEN - aXEN,,false,0.0543,0.28204,0,17.57,1783038938
All Pools,Beyond - AVAX,,false,0.05294,66.09,0,0.07,1783038938
All Pools,USDT.e - ZABU,,false,0.05292,44.66,0,0.11,1783038938
All Pools,Beyond - Now,,false,0.05281,340.8,0,0.01,1783038938
All Pools,GB - USDT.e,,false,0.05276,20.27,0,0.24,1783038938
All Pools,DFIAT - AVAX,,false,0.05271,6268,0,0,1783038938
All Pools,GLOBA - AVAX,,false,0.05267,41.42,0,0.12,1783038938
All Pools,DFIAT - USDT.e,,false,0.05252,27.3,0,0.18,1783038938
All Pools,AVAX - ELK,,false,0.0518,49.65,0,0.1,1783038938
All Pools,AVAX - NEMO,,false,0.05162,6.663,0,0.71,1783038938
All Pools,USDt - NEMO,,false,0.05154,95.81,0,0.05,1783038938
All Pools,DICK - AVAX,,false,0.05056,6.13,0,0.75,1783038938
All Pools,JOE - ZABU,,false,0.05018,13.49,0,0.34,1783038938
All Pools,COQ - MICRO,,false,0.04965,2.915,0,1.55,1783038938
All Pools,LF - USDT.e,,false,0.04953,0.93565,0,4.83,1783038938
All Pools,AVAX - MICRO,,false,0.04948,20.11,0,0.22,1783038938
All Pools,GLOBA - DAI.e,,false,0.04924,48.22,0,0.09,1783038938
All Pools,MIM - SMRT,,false,0.0491,0.48583,0,9.22,1783038938
All Pools,MIM - VYBE,,false,0.04888,0.75603,0,5.9,1783038938
All Pools,AVAX - VYBE,,false,0.04852,1.653,0,2.68,1783038938
All Pools,NXPC - USDC,,false,0.04739,0.70388,0,6.14,1783038938
All Pools,AVAX - DUO,,false,0.04702,56.53,0,0.08,1783038938
All Pools,USDT.e - DUO,,false,0.04691,53.1,0,0.08,1783038938
All Pools,meGNX - AVAX,,false,0.04684,13.32,0,0.32,1783038938
All Pools,BTC.b - MU,,false,0.04648,9.838,0,0.43,1783038938
All Pools,MIM - TEST,,false,0.04529,0.46911,0,8.81,1783038938
All Pools,LoveIsTheKey - AVAX,,false,0.04459,10.83,0,0.38,1783038938
All Pools,ElvisJackpot - BLACK,,false,0.04257,11.86,0,0.33,1783038938
All Pools,ElvisJackpot - Gravity,,false,0.04257,15.21,0,0.26,1783038938
All Pools,BUSD - USDC,,false,0.04245,7.647,0,0.51,1783038938
All Pools,NRK - DAI.e,,false,0.04183,282.14,0,0.01,1783038938
All Pools,MIM - WINE,,false,0.04182,132.6,0,0.03,1783038938
All Pools,bCASH - TECH,,false,0.04053,11.91,0,0.31,1783038938
All Pools,MELT - AVAX,,false,0.04034,20.71,0,0.18,1783038938
All Pools,MELT - USDT.e,,false,0.04015,29.79,0,0.12,1783038938
All Pools,WETH.e - meGNX,,false,0.04006,4.987,0,0.73,1783038938
All Pools,UST - USDC,,false,0.03959,3.962,0,0.91,1783038938
All Pools,COQ - bCASH,,false,0.03869,12.78,0,0.28,1783038938
All Pools,BrideOfChrist - AVAX,,false,0.03851,65.68,0,0.05,1783038938
All Pools,BANKSY - AVAX,,false,0.03821,19.05,0,0.18,1783038938
All Pools,BANKSY - USDC.e,,false,0.03804,29.6,0,0.12,1783038938
All Pools,FLAKE - AVAX,,false,0.03794,17.73,0,0.2,1783038938
All Pools,FLAKE - USDT.e,,false,0.03778,48.92,0,0.07,1783038938
All Pools,QI - LYLY,,false,0.0374,1.88,0,1.82,1783038938
All Pools,Gravity - SaintGermain,,false,0.0366,19.03,0,0.18,1783038938
All Pools,Trinity - TruthClosure,,false,0.03591,6.862,0,0.48,1783038938
All Pools,AVAX - APE - X,,false,0.03521,488.04,0,0.01,1783038938
All Pools,AVAX - ZSHARE,,false,0.03404,13.14,0,0.24,1783038938
All Pools,TOMB - ZSHARE,,false,0.03402,1.165,0,2.66,1783038938
All Pools,ROCKY - AVAX,,false,0.03324,2.638,0,1.15,1783038938
All Pools,AVAX - KET,,false,0.03238,23.8,0,0.12,1783038938
All Pools,WETH.e - MU,,false,0.03113,1.726,0,1.65,1783038938
All Pools,AMPL - MIM,,false,0.03112,0.42999,0,6.6,1783038938
All Pools,SNTA - MIM,,false,0.03008,0.29796,0,9.21,1783038938
All Pools,MIM - PAR,,false,0.02983,0.41565,0,6.55,1783038938
All Pools,nETH - WETH.e,,false,0.02977,0.20435,0,13.29,1783038938
All Pools,AVAX - PAR,,false,0.02959,1.291,0,2.09,1783038938
All Pools,YEEHAW - AMI,,false,0.02934,3.076,0,0.87,1783038938
All Pools,TSNFTGM - AVAX,,false,0.02916,3.103,0,0.86,1783038938
All Pools,LoveIsTheKey - BLACK,,false,0.02906,4.855,0,0.55,1783038938
All Pools,QI - REDWOLF,,false,0.0289,1.194,0,2.21,1783038938
All Pools,USDR - USDC,,false,0.02857,40.18,0,0.06,1783038938
All Pools,MIM - BTC.b,,false,0.02737,0.02101,0,118.87,1783038938
All Pools,KOVIN - AVAX,,false,0.02724,2291.24,0,0,1783038938
All Pools,AVAX - SNOB,,false,0.02687,732.59,0,0,1783038938
All Pools,MIM - ICE,,false,0.02677,0.28519,0,8.57,1783038938
All Pools,USDC.e - GG,,false,0.02662,0.30162,0,8.05,1783038938
All Pools,WOLF - USDT.e,,false,0.0265,3.14,0,0.77,1783038938
All Pools,GAINS - COQ,,false,0.02622,1.438,0,1.66,1783038938
All Pools,GAINS - AVAX,,false,0.02616,31.61,0,0.08,1783038938
All Pools,TruthClosure - AVAX,,false,0.02609,8.173,0,0.29,1783038938
All Pools,ACS - USDC.e,,false,0.02608,5.163,0,0.46,1783038938
All Pools,Stolen - AVAX,,false,0.02607,13.28,0,0.18,1783038938
All Pools,GATOR - ARENA,,false,0.02578,1.455,0,1.62,1783038938
All Pools,CNR - USDC,,false,0.02528,4.28,0,0.54,1783038938
All Pools,HUSKY - aXEN,,false,0.02502,0.04781,0,47.76,1783038938
All Pools,BLS - SHRAP,,false,0.02497,8.841,0,0.26,1783038938
All Pools,AVAX - WINE,,false,0.02456,0.07317,0,30.63,1783038938
All Pools,AVAX - NaughtiusMaximus,,false,0.02439,344.44,0,0.01,1783038938
All Pools,COQ - COFI,,false,0.02432,1.262,0,1.76,1783038938
All Pools,XAUt0 - NaughtiusMaximus,,false,0.02431,899.1,0,0,1783038938
All Pools,AVAX - COFI,,false,0.02426,454.31,0,0,1783038938
All Pools,PNG - REDWOLF,,false,0.02425,3.634,0,0.61,1783038938
All Pools,WETH.e - USDR,,false,0.02299,2.34,0,0.9,1783038938
All Pools,WOLF - AMI,,false,0.02288,2.521,0,0.83,1783038938
All Pools,METAG - USDt,,false,0.0227,15.55,0,0.13,1783038938
All Pools,JOE - aDXN,,false,0.02259,0.28345,0,7.27,1783038938
All Pools,SUB - AVAX,,false,0.0223,15.45,0,0.13,1783038938
All Pools,MIM - toi,,false,0.02213,0.53447,0,3.78,1783038938
All Pools,toi - AVAX,,false,0.02196,0.36546,0,5.48,1783038938
All Pools,CANS - AVAX,,false,0.0218,8.951,0,0.22,1783038938
All Pools,AVAX - SantaGospel,,false,0.02135,100.1,0,0.02,1783038938
All Pools,BLACK - SantaGospel,,false,0.02132,3.032,0,0.64,1783038938
All Pools,GATOR - AMI,,false,0.02126,2.854,0,0.68,1783038938
All Pools,YEEHAW - USDC,,false,0.02107,5.473,0,0.35,1783038938
All Pools,Gravity - BLACK,,false,0.02104,0.30292,0,6.34,1783038938
All Pools,BLACK - IfYouKnowYouKnow,,false,0.02086,1.515,0,1.26,1783038938
All Pools,LIBRE - USDC.e,,false,0.02065,12.58,0,0.15,1783038938
All Pools,KIMBO - COQ,,false,0.02053,1.074,0,1.74,1783038938
All Pools,KIMBO - CANS,,false,0.02049,250.96,0,0.01,1783038938
All Pools,AVAX - GAU,,false,0.01976,5.882,0,0.31,1783038938
All Pools,NineHundred - AVAX,,false,0.01972,104.62,0,0.02,1783038938
All Pools,NineHundred - BLACK,,false,0.01971,3.056,0,0.59,1783038938
All Pools,MIM - ICY,,false,0.01948,7.14,0,0.25,1783038938
All Pools,AAVE.e - USDT.e,,false,0.01945,2.504,0,0.71,1783038938
All Pools,AVAX - ICE,,false,0.01898,107.09,0,0.02,1783038938
All Pools,WETH.e - STATIK,,false,0.01887,0.9449,0,1.82,1783038938
All Pools,USDt - USDC.e,,false,0.01835,14.17,0,0.12,1783038938
All Pools,MIM - MTB,,false,0.01777,0.37796,0,4.29,1783038938
All Pools,AVAX - MTB,,false,0.0176,0.40983,0,3.92,1783038938
All Pools,NOCHILL - AMI,,false,0.01721,3.457,0,0.45,1783038938
All Pools,BNZ - AVAX,,false,0.01719,158.04,0,0.01,1783038938
All Pools,DUO - USDT.e,,false,0.01705,6.297,0,0.25,1783038938
All Pools,Stolen - BLACK,,false,0.01694,3.442,0,0.45,1783038938
All Pools,MIM - DREX,,false,0.01683,4.502,0,0.34,1783038938
All Pools,QI - USDC.e,,false,0.0168,0.66231,0,2.32,1783038938
All Pools,AVAX - DREX,,false,0.01667,0.17991,0,8.45,1783038938
All Pools,KIMBO - AMI,,false,0.01649,2.604,0,0.58,1783038938
All Pools,Who - AVAX,,false,0.01632,104.14,0,0.01,1783038938
All Pools,Who - BLACK,,false,0.0163,3.039,0,0.49,1783038938
All Pools,Yellow - BLACK,,false,0.0161,3.071,0,0.48,1783038938
All Pools,AVAX - MUG,,false,0.01601,1.022,0,1.43,1783038938
All Pools,MIM - LIFE,,false,0.01597,0.20949,0,6.96,1783038938
All Pools,JADE - AVAX,,false,0.01597,0.28021,0,5.2,1783038938
All Pools,Go - BLACK,,false,0.01593,3.053,0,0.48,1783038938
All Pools,BTC.b - MUMO,,false,0.01593,4.077,0,0.36,1783038938
All Pools,MUMO - USDC,,false,0.01585,7.933,0,0.18,1783038938
All Pools,WOLF - MU,,false,0.01582,4.037,0,0.36,1783038938
All Pools,LIFE - AVAX,,false,0.01579,0.74336,0,1.94,1783038938
All Pools,TIME - SPELL,,false,0.01563,0.39636,0,3.6,1783038938
All Pools,LoveIsTheKey - Gravity,,false,0.01559,30.58,0,0.05,1783038938
All Pools,YETI - AVAX,,false,0.01559,688.36,0,0,1783038938
All Pools,YETI - WINE,,false,0.01551,0.15449,0,9.16,1783038938
All Pools,ORNG - JUICE,,false,0.01541,1.398,0,1.01,1783038938
All Pools,USDT.e - XAVA,,false,0.01539,11.03,0,0.13,1783038938
All Pools,COQ - ARENA,,false,0.0151,0.85638,0,1.61,1783038938
All Pools,Anon - USDC,,false,0.01509,0.65306,0,2.11,1783038938
All Pools,AMI - MU,,false,0.01495,1.267,0,1.08,1783038938
All Pools,Hydrogen - BLACK,,false,0.01468,3.068,0,0.44,1783038938
All Pools,Hydrogen - AVAX,,false,0.01467,195.65,0,0.01,1783038938
All Pools,RUG - DAI.e,,false,0.01442,0.74946,0,1.76,1783038938
All Pools,HATCHY - AMI,,false,0.01434,2.746,0,0.48,1783038938
All Pools,PB - MIM,,false,0.01402,4.735,0,0.27,1783038938
All Pools,PB - AVAX,,false,0.01385,0.14625,0,8.64,1783038938
All Pools,aAvaLINK - LINK.e,,false,0.01379,1.539,0,0.82,1783038938
All Pools,SHOE - COQ,,false,0.01376,0.04295,0,29.25,1783038938
All Pools,aAvaLINK - AVAX,,false,0.01376,7.485,0,0.17,1783038938
All Pools,TEST - USDT.e,,false,0.01374,3.901,0,0.32,1783038938
All Pools,Psychic - BiTonic,,false,0.01353,49.4,0,0.02,1783038938
All Pools,COQ - ZUM,,false,0.01344,0.76667,0,1.6,1783038938
All Pools,BiTonic - BLACK,,false,0.01336,1.483,0,0.82,1783038938
All Pools,MIM - DB,,false,0.01326,0.17032,0,7.1,1783038938
All Pools,Blue - BLACK,,false,0.01324,3.072,0,0.39,1783038938
All Pools,Blue - AVAX,,false,0.01322,195.84,0,0.01,1783038938
All Pools,Trinity - BLACK,,false,0.01316,0.19972,0,6.01,1783038938
All Pools,SLIME - AVAX,,false,0.01314,15825,0,0,1783038938
All Pools,SLIME - USDt,,false,0.01313,6.252,0,0.19,1783038938
All Pools,DB - AVAX,,false,0.01309,1.397,0,0.86,1783038938
All Pools,COQ - SNOWY,,false,0.01294,0.90258,0,1.31,1783038938
All Pools,TEST - USDC,,false,0.01284,3.934,0,0.3,1783038938
All Pools,REDWOLF - WMATIC,,false,0.01282,2.121,0,0.55,1783038938
All Pools,bECH - AVAX,,false,0.01276,17.57,0,0.07,1783038938
All Pools,BTC.b - yyAVAX,,false,0.01272,4.209,0,0.28,1783038938
All Pools,USDt - SNOWY,,false,0.01271,5.47,0,0.21,1783038938
All Pools,MIM - YAK,,false,0.01261,0.13423,0,8.57,1783038938
All Pools,MIM - MEAD,,false,0.0126,0.21652,0,5.31,1783038938
All Pools,MIM - SFI,,false,0.01257,0.14913,0,7.69,1783038938
All Pools,MEAD - AVAX,,false,0.01249,105.92,0,0.01,1783038938
All Pools,AVAX - Strength,,false,0.01241,104.89,0,0.01,1783038938
All Pools,Strength - BLACK,,false,0.0124,3.038,0,0.37,1783038938
All Pools,MaryMagdalene - AVAX,,false,0.01237,179.36,0,0.01,1783038938
All Pools,MaryMagdalene - XAUt0,,false,0.01236,1697.76,0,0,1783038938
All Pools,JOE - QI,,false,0.01218,0.60791,0,1.83,1783038938
All Pools,Gil - AVAX,,false,0.012,14.1,0,0.08,1783038938
All Pools,Trinity - IfYouKnowYouKnow,,false,0.01191,3.567,0,0.3,1783038938
All Pools,AVAX - Yeshua,,false,0.01184,22.82,0,0.05,1783038938
All Pools,Trinity - Yeshua,,false,0.01182,26.66,0,0.04,1783038938
All Pools,USDC - WSPP,,false,0.01144,42.23,0,0.02,1783038938
All Pools,AVAX - WSPP,,false,0.01143,2.385,0,0.44,1783038938
All Pools,LYD - REDWOLF,,false,0.01143,4.133,0,0.25,1783038938
All Pools,Gil - DAI.e,,false,0.01122,26.71,0,0.04,1783038938
All Pools,USDC - NXUSD,,false,0.01119,3.217,0,0.32,1783038938
All Pools,WETH - AVAX,,false,0.01112,0.98687,0,1.03,1783038938
All Pools,AVAX - STRAW,,false,0.0111,14.75,0,0.07,1783038938
All Pools,MU - SOL,,false,0.0111,1.121,0,0.9,1783038938
All Pools,DB - USDC,,false,0.01081,0.34132,0,2.89,1783038938
All Pools,Psychic - Hexagon,,false,0.0108,49.33,0,0.02,1783038938
All Pools,MIM - SMOKA,,false,0.01078,0.19925,0,4.94,1783038938
All Pools,SMOKA - AVAX,,false,0.01062,0.23946,0,4.05,1783038938
All Pools,AMI - EROL,,false,0.01049,0.31313,0,3.06,1783038938
All Pools,xJOE - wsOHM,,false,0.01048,0.16951,0,5.64,1783038938
All Pools,xJOE - AVAX,,false,0.01038,1.883,0,0.5,1783038938
All Pools,DAI.e - STRAW,,false,0.01038,36.48,0,0.03,1783038938
All Pools,MIM - DB,,false,0.01028,0.66841,0,1.4,1783038938
All Pools,MIM - ARABBIT,,false,0.01028,0.22182,0,4.23,1783038938
All Pools,ARABBIT - AVAX,,false,0.01014,0.24258,0,3.81,1783038938
All Pools,AVAX - KATANA,,false,0.01013,0.5539,0,1.67,1783038938
All Pools,TECH - AMI,,false,0.01003,1.776,0,0.52,1783038938
All Pools,FLOT - COQ,,false,0.01003,0.53262,0,1.72,1783038938
All Pools,FLOT - AVAX,,false,0.00998,3164.57,0,0,1783038938
All Pools,USDC.e - SMRT,,false,0.00998,1.858,0,0.49,1783038938
All Pools,MPL - AVAX,,false,0.00998,5.213,0,0.17,1783038938
All Pools,MPL - USDt,,false,0.00996,30.09,0,0.03,1783038938
All Pools,AVAX - PLT,,false,0.0098,30.51,0,0.03,1783038938
All Pools,GAS - AVAX,,false,0.00968,137.86,0,0.01,1783038938
All Pools,MIM - DB,,false,0.00966,0.42736,0,2.06,1783038938
All Pools,AVAX - LODE,,false,0.00962,1.034,0,0.85,1783038938
All Pools,DB - AVAX,,false,0.00962,0.32694,0,2.68,1783038938
All Pools,Owl - AVAX,,false,0.00959,8.362,0,0.1,1783038938
All Pools,Owl - Gravity,,false,0.00953,1.622,0,0.54,1783038938
All Pools,AVAX - RUG,,false,0.00949,0.32066,0,2.7,1783038938
All Pools,CNR - REDWOLF,,false,0.00947,14.55,0,0.06,1783038938
All Pools,CNR - USDt,,false,0.00931,4.295,0,0.2,1783038938
All Pools,SOB - AVAX,,false,0.0093,402.05,0,0,1783038938
All Pools,FITFI - USDC,,false,0.00928,0.21683,0,3.91,1783038938
All Pools,COQ - MEAT,,false,0.00927,0.4741,0,1.78,1783038938
All Pools,ARENA - AMI,,false,0.00918,0.92255,0,0.91,1783038938
All Pools,GRAPE - AVAX,,false,0.00914,0.08401,0,9.93,1783038938
All Pools,AVAX - GOT,,false,0.00914,4.379,0,0.19,1783038938
All Pools,Trinity - Stolen,,false,0.00913,22.19,0,0.04,1783038938
All Pools,USDT.e - GOT,,false,0.0091,12.42,0,0.07,1783038938
All Pools,AVAX - BAVA,,false,0.00901,8.996,0,0.09,1783038938
All Pools,MU - MUG,,false,0.00886,2326.49,0,0,1783038938
All Pools,AVAX - WOLF,,false,0.00872,56.14,0,0.01,1783038938
All Pools,USDC.e - WOLF,,false,0.0087,7.724,0,0.1,1783038938
All Pools,AAVE.e - USDC.e,,false,0.00861,1.209,0,0.65,1783038938
All Pools,MELT - AVAX,,false,0.00854,845.56,0,0,1783038938
All Pools,MELT - USDC.e,,false,0.00852,6.08,0,0.13,1783038938
All Pools,Psychic - Ups,,false,0.0085,49.33,0,0.02,1783038938
All Pools,KIMBO - KOVIN,,false,0.00847,3.548,0,0.22,1783038938
All Pools,BLACK - Ups,,false,0.00841,1.481,0,0.52,1783038938
All Pools,AVAX - ChristMark,,false,0.00836,279.69,0,0,1783038938
All Pools,Gravity - ChristMark,,false,0.00835,12.01,0,0.06,1783038938
All Pools,AVAX - TMT,,false,0.00828,6,0,0.13,1783038938
All Pools,USDT.e - TMT,,false,0.00826,25.52,0,0.03,1783038938
All Pools,Psychic - Go,,false,0.00824,57.8,0,0.01,1783038938
All Pools,ARENA - MU,,false,0.00818,2.866,0,0.26,1783038938
All Pools,Yellow - AVAX,,false,0.00817,198.13,0,0,1783038938
All Pools,Orange - AVAX,,false,0.00815,64.86,0,0.01,1783038938
All Pools,Milk - AVAX,,false,0.00814,5.518,0,0.13,1783038938
All Pools,Orange - BLACK,,false,0.00812,2.567,0,0.29,1783038938
All Pools,Milk - USDT.e,,false,0.00812,13.94,0,0.05,1783038938
All Pools,gOHM - WETH.e,,false,0.00804,0.04305,0,17.04,1783038938
All Pools,Psychic - Abracadabra,,false,0.00803,49.31,0,0.01,1783038938
All Pools,ICUBE - AVAX,,false,0.00802,5.49,0,0.13,1783038938
All Pools,ICUBE - USDT.e,,false,0.008,108.14,0,0.01,1783038938
All Pools,GURS - AMI,,false,0.00799,1.315,0,0.55,1783038938
All Pools,Psychic - Yellow,,false,0.00794,64.76,0,0.01,1783038938
All Pools,Psychic - Artemis,,false,0.0079,49.47,0,0.01,1783038938
All Pools,Gladiator - AVAX,,false,0.00778,1.586,0,0.45,1783038938
All Pools,COQ - EGG,,false,0.00771,0.39422,0,1.78,1783038938
All Pools,Go - AVAX,,false,0.00771,104.78,0,0.01,1783038938
All Pools,AVAX - OK,,false,0.00758,1.352,0,0.51,1783038938
All Pools,Psychic - Seminole,,false,0.00757,49.29,0,0.01,1783038938
All Pools,MEAT - AVAX,,false,0.00753,3902.47,0,0,1783038938
All Pools,MIM - AKITA,,false,0.00751,0.07507,0,9.13,1783038938
All Pools,Seminole - BLACK,,false,0.00749,1.492,0,0.46,1783038938
All Pools,AVAX - AKITA,,false,0.00741,1846.53,0,0,1783038938
All Pools,ALOT - USDC.e,,false,0.0074,7.6,0,0.09,1783038938
All Pools,COQ - JUICY,,false,0.0073,0.41766,0,1.6,1783038938
All Pools,CNR - AVAX,,false,0.00724,46.83,0,0.01,1783038938
All Pools,MIM - PLEB,,false,0.00721,6.348,0,0.1,1783038938
All Pools,YEEHAW - ARENA,,false,0.00714,0.88779,0,0.73,1783038938
All Pools,AVAX - PLEB,,false,0.00711,0.07995,0,8.11,1783038938
All Pools,GRELF[ava] - AVAX,,false,0.00701,920.31,0,0,1783038938
All Pools,Choice - Psychic,,false,0.007,49.31,0,0.01,1783038938
All Pools,ELE - AVAX,,false,0.00699,91.65,0,0.01,1783038938
All Pools,Choice - BLACK,,false,0.00693,1.486,0,0.43,1783038938
All Pools,AAVE.e - meGNX,,false,0.0069,3.436,0,0.18,1783038938
All Pools,TRACTOR - USDT.e,,false,0.00685,1.699,0,0.37,1783038938
All Pools,Eye - Psychic,,false,0.00683,49.33,0,0.01,1783038938
All Pools,TEDDY - AVAX,,false,0.00683,12.56,0,0.05,1783038938
All Pools,Eye - BLACK,,false,0.00678,1.481,0,0.42,1783038938
All Pools,Psychic - James,,false,0.00671,49.34,0,0.01,1783038938
All Pools,ALPHA.e - AVAX,,false,0.0067,64.87,0,0.01,1783038938
All Pools,Psychic - Confusion,,false,0.00664,49.33,0,0.01,1783038938
All Pools,Psychic - ChristIAmYou,,false,0.00664,49.56,0,0.01,1783038938
All Pools,Psychic - RefZip,,false,0.00661,49.33,0,0.01,1783038938
All Pools,BLACK - ChristIAmYou,,false,0.00657,1.497,0,0.4,1783038938
All Pools,Psychic - Who,,false,0.00654,49.33,0,0.01,1783038938
All Pools,AMPL - AVAX,,false,0.00653,212.5,0,0,1783038938
All Pools,RefZip - BLACK,,false,0.00652,1.479,0,0.4,1783038938
All Pools,AVAX - BOREA,,false,0.00651,5.63,0,0.11,1783038938
All Pools,Spider - Psychic,,false,0.00651,49.29,0,0.01,1783038938
All Pools,USDT.e - BOREA,,false,0.0065,25.93,0,0.02,1783038938
All Pools,Who - BLACK,,false,0.00647,1.481,0,0.4,1783038938
All Pools,Psychic - PennyTrinity,,false,0.00643,49.35,0,0.01,1783038938
All Pools,Spider - BLACK,,false,0.00643,1.49,0,0.39,1783038938
All Pools,Psychic - TwinFlames,,false,0.00637,49.89,0,0.01,1783038938
All Pools,Psychic - Alice,,false,0.00637,49.3,0,0.01,1783038938
All Pools,BLACK - TwinFlames,,false,0.00629,1.499,0,0.38,1783038938
All Pools,BLACK - Alice,,false,0.00631,1.488,0,0.39,1783038938
All Pools,HCT - AVAX,,false,0.00625,2.704,0,0.21,1783038938
All Pools,BAWLS - AVAX,,false,0.00625,12.13,0,0.05,1783038938
All Pools,Loyalty - Psychic,,false,0.00622,49.3,0,0.01,1783038938
All Pools,Psychic - PoPo,,false,0.00621,49.33,0,0.01,1783038938
All Pools,Psychic - Finish,,false,0.00616,49.29,0,0.01,1783038938
All Pools,Psychic - Gematria,,false,0.00611,49.34,0,0.01,1783038938
All Pools,Psychic - Alphabet,,false,0.00609,49.34,0,0.01,1783038938
All Pools,Psychic - FinityFinity,,false,0.00608,49.34,0,0.01,1783038938
All Pools,Gematria - BLACK,,false,0.00603,1.476,0,0.37,1783038938
All Pools,Alphabet - BLACK,,false,0.00601,1.475,0,0.37,1783038938
All Pools,APOW - MU,,false,0.006,2.361,0,0.23,1783038938
All Pools,AMI - aSOCK,,false,0.00588,1.593,0,0.34,1783038938
All Pools,CATWIF - AVAX,,false,0.00587,2308.01,0,0,1783038938
All Pools,Psychic - Thick,,false,0.00587,49.32,0,0.01,1783038938
All Pools,CATWIF - MU,,false,0.00586,2.895,0,0.18,1783038938
All Pools,AVAX - DWC,,false,0.00585,4242.94,0,0,1783038938
All Pools,Psychic - TheArcher,,false,0.00585,49.34,0,0.01,1783038938
All Pools,AVAX - USDR,,false,0.00584,2.518,0,0.21,1783038938
All Pools,AVAX - aSOCK,,false,0.00584,10.03,0,0.05,1783038938
All Pools,DWC - MU,,false,0.00584,2.79,0,0.19,1783038938
All Pools,Psychic - Happy,,false,0.00583,49.33,0,0.01,1783038938
All Pools,COQ - SHEN,,false,0.00583,0.33434,0,1.59,1783038938
All Pools,UST - UST,,false,0.00582,1.522,0,0.35,1783038938
All Pools,SHEN - AVAX,,false,0.0058,42.11,0,0.01,1783038938
All Pools,Psychic - Partment,,false,0.00579,49.31,0,0.01,1783038938
All Pools,Thick - BLACK,,false,0.00578,1.482,0,0.36,1783038938
All Pools,Happy - BLACK,,false,0.00576,1.476,0,0.36,1783038938
All Pools,Psychic - TrueStory,,false,0.00575,49.34,0,0.01,1783038938
All Pools,Psychic - Number,,false,0.00568,49.34,0,0.01,1783038938
All Pools,TrueStory - BLACK,,false,0.00568,1.476,0,0.35,1783038938
All Pools,Psychic - LordJesusChrist,,false,0.00567,47.38,0,0.01,1783038938
All Pools,Flection - Psychic,,false,0.00567,49.34,0,0.01,1783038938
All Pools,Flection - BLACK,,false,0.0056,1.475,0,0.35,1783038938
All Pools,GENI - USDC.e,,false,0.00557,0.10058,0,5.06,1783038938
All Pools,Balln - AMI,,false,0.00551,0.4788,0,1.05,1783038938
All Pools,BGLD - AVAX,,false,0.00549,3.682,0,0.14,1783038938
All Pools,BGLD - USDT.e,,false,0.00548,16.55,0,0.03,1783038938
All Pools,Psychic - SevenSevenSeven,,false,0.00546,49.34,0,0.01,1783038938
All Pools,Psychic - KekiusMaximus,,false,0.00543,49.33,0,0.01,1783038938
All Pools,AVAX - SPADE,,false,0.00539,5.059,0,0.1,1783038938
All Pools,USDC.e - SPADE,,false,0.00537,15.63,0,0.03,1783038938
All Pools,Psychic - Time,,false,0.00537,49.33,0,0.01,1783038938
All Pools,AMI - MOOCH,,false,0.00534,0.3852,0,1.27,1783038938
All Pools,Time - BLACK,,false,0.0053,1.478,0,0.33,1783038938
All Pools,AVAX - AXIAL,,false,0.0053,620.28,0,0,1783038938
All Pools,Psychic - Numbers,,false,0.00529,49.33,0,0.01,1783038938
All Pools,Psychic - PlotTwist,,false,0.00529,50.43,0,0.01,1783038938
All Pools,TEST - DAI.e,,false,0.00526,1.167,0,0.41,1783038938
All Pools,Psychic - Mirror,,false,0.00526,49.31,0,0.01,1783038938
All Pools,Psychic - Sequence,,false,0.00525,49.34,0,0.01,1783038938
All Pools,PlotTwist - BLACK,,false,0.00523,1.511,0,0.32,1783038938
All Pools,Numbers - BLACK,,false,0.00522,1.477,0,0.32,1783038938
All Pools,KIMBO - EHCNALAVA,,false,0.00522,1.965,0,0.24,1783038938
All Pools,Psychic - [In]finity,,false,0.00521,49.31,0,0.01,1783038938
All Pools,EHCNALAVA - AVAX,,false,0.0052,1119.16,0,0,1783038938
All Pools,Psychic - Six,,false,0.00519,49.33,0,0.01,1783038938
All Pools,Mirror - BLACK,,false,0.00518,1.482,0,0.32,1783038938
All Pools,Sequence - BLACK,,false,0.00517,1.475,0,0.32,1783038938
All Pools,[In]finity - BLACK,,false,0.00517,1.485,0,0.32,1783038938
All Pools,Psychic - IAmThatIAm,,false,0.00516,49.34,0,0.01,1783038938
All Pools,Psychic - daVinci,,false,0.00516,49.33,0,0.01,1783038938
All Pools,Psychic - Chrism,,false,0.00516,51.7,0,0.01,1783038938
All Pools,Chrism - BLACK,,false,0.00512,1.561,0,0.3,1783038938
All Pools,Psychic - Crypt,,false,0.00512,49.29,0,0.01,1783038938
All Pools,daVinci - BLACK,,false,0.00509,1.477,0,0.31,1783038938
All Pools,BLACK - IAmThatIAm,,false,0.00508,1.475,0,0.31,1783038938
All Pools,Crypt - BLACK,,false,0.00506,1.49,0,0.31,1783038938
All Pools,SOB - LUNA,,false,0.00503,0.85308,0,0.54,1783038938
All Pools,Psychic - OneOneOne,,false,0.00501,49.33,0,0.01,1783038938
All Pools,Psychic - Turtle,,false,0.00498,49.34,0,0.01,1783038938
All Pools,Psychic - Vampire,,false,0.00498,49.33,0,0.01,1783038938
All Pools,Psychic - [i]Lluminati,,false,0.00497,50.87,0,0.01,1783038938
All Pools,Psychic - Luck,,false,0.00497,49.34,0,0.01,1783038938
All Pools,OneOneOne - BLACK,,false,0.00496,1.481,0,0.31,1783038938
All Pools,RGK - AVAX,,false,0.00495,0.05429,0,8.32,1783038938
All Pools,[i]Lluminati - BLACK,,false,0.00495,1.529,0,0.3,1783038938
All Pools,Turtle - BLACK,,false,0.00494,1.477,0,0.31,1783038938
All Pools,Psychic - Line,,false,0.00491,50,0,0.01,1783038938
All Pools,Vampire - BLACK,,false,0.00491,1.476,0,0.3,1783038938
All Pools,Psychic - Solved,,false,0.00491,49.33,0,0.01,1783038938
All Pools,USDC.e - NXUSD,,false,0.0049,1.509,0,0.3,1783038938
All Pools,Psychic - Blessings,,false,0.00487,49.3,0,0.01,1783038938
All Pools,Psychic - Checkmate,,false,0.00486,49.45,0,0.01,1783038938
All Pools,FITFI - USDC.e,,false,0.00484,0.11634,0,3.8,1783038938
All Pools,Psychic - WhoWho,,false,0.00483,49.33,0,0.01,1783038938
All Pools,Psychic - Nine,,false,0.00483,49.32,0,0.01,1783038938
All Pools,Psychic - Bonfire,,false,0.00482,49.33,0,0.01,1783038938
All Pools,Checkmate - BLACK,,false,0.00479,1.479,0,0.3,1783038938
All Pools,Gladiator - USDC,,false,0.00478,275.51,0,0,1783038938
All Pools,WhoWho - BLACK,,false,0.00478,1.477,0,0.3,1783038938
All Pools,BLACK - Nine,,false,0.00477,1.481,0,0.29,1783038938
All Pools,SMRTr - GG,,false,0.00477,0.08873,0,4.9,1783038938
All Pools,Psychic - Gematria,,false,0.00476,49.33,0,0.01,1783038938
All Pools,Psychic - Equal,,false,0.00473,49.33,0,0.01,1783038938
All Pools,Psychic - Diamonds,,false,0.00472,51.25,0,0.01,1783038938
All Pools,BLACK - Gematria,,false,0.0047,1.479,0,0.29,1783038938
All Pools,Equal - BLACK,,false,0.00467,1.479,0,0.29,1783038938
All Pools,Psychic - Lock,,false,0.00466,49.31,0,0.01,1783038938
All Pools,Balln - HOWDY,,false,0.00462,0.11703,0,3.61,1783038938
All Pools,Lock - BLACK,,false,0.00461,1.484,0,0.28,1783038938
All Pools,Psychic - QuetzalCoatl,,false,0.00459,49.34,0,0.01,1783038938
All Pools,Psychic - Oracle,,false,0.00456,49.34,0,0.01,1783038938
All Pools,SFI - AVAX,,false,0.00456,0.93719,0,0.44,1783038938
All Pools,Psychic - Zero,,false,0.00455,49.31,0,0.01,1783038938
All Pools,QuetzalCoatl - BLACK,,false,0.00453,1.476,0,0.28,1783038938
All Pools,Oracle - BLACK,,false,0.0045,1.475,0,0.28,1783038938
All Pools,Zero - BLACK,,false,0.00449,1.482,0,0.28,1783038938
All Pools,WBTC - AVAX,,false,0.00449,1.922,0,0.21,1783038938
All Pools,MIM - SNOW,,false,0.00442,0.10229,0,3.94,1783038938
All Pools,Psychic - Codes,,false,0.00441,49.34,0,0.01,1783038938
All Pools,SNOW - AVAX,,false,0.00437,0.07752,0,5.14,1783038938
All Pools,Codes - BLACK,,false,0.00435,1.477,0,0.27,1783038938
All Pools,AVAX - TT,,false,0.00435,1.673,0,0.24,1783038938
All Pools,UST - WINE,,false,0.00432,0.0998,0,3.95,1783038938
All Pools,HIGHER - AMI,,false,0.00429,1.916,0,0.2,1783038938
All Pools,BTC.b - MUG,,false,0.00428,0.76791,0,0.51,1783038938
All Pools,Psychic - Penny,,false,0.00428,49.34,0,0.01,1783038938
All Pools,TokenZ - AVAX,,false,0.00428,1.963,0,0.2,1783038938
All Pools,WBTC.e - MU,,false,0.00427,0.62539,0,0.62,1783038938
All Pools,TokenZ - USDC,,false,0.00427,3.593,0,0.11,1783038938
All Pools,HIGHER - AVAX,,false,0.00426,1.231,0,0.32,1783038938
All Pools,SOB - FEED,,false,0.00418,0.30147,0,1.27,1783038938
All Pools,NOCHILL - MU,,false,0.00416,1.613,0,0.24,1783038938
All Pools,TSD - USDT.e,,false,0.00416,0.16569,0,2.29,1783038938
All Pools,Psychic - Architect,,false,0.00413,49.33,0,0.01,1783038938
All Pools,Psychic - YouAndI,,false,0.00411,49.33,0,0.01,1783038938
All Pools,Psychic - WhoWhoWho,,false,0.00409,49.3,0,0.01,1783038938
All Pools,Architect - BLACK,,false,0.00408,1.476,0,0.25,1783038938
All Pools,XPOW - AVAX,,false,0.00406,80.93,0,0,1783038938
All Pools,XPOW - USDt,,false,0.00406,1.101,0,0.34,1783038938
All Pools,REDWOLF - GEC,,false,0.00406,3.269,0,0.11,1783038938
All Pools,YouAndI - BLACK,,false,0.00405,1.477,0,0.25,1783038938
All Pools,MIM - LEXIP,,false,0.00402,0.05507,0,6.67,1783038938
All Pools,USDC - AMI,,false,0.00402,0.50794,0,0.72,1783038938
All Pools,AVAX - HOST,,false,0.00397,1.594,0,0.23,1783038938
All Pools,LEXIP - AVAX,,false,0.00395,0.24523,0,1.47,1783038938
All Pools,BEAM - MU,,false,0.0039,0.907,0,0.39,1783038938
All Pools,Psychic - Aquarius,,false,0.00388,49.34,0,0.01,1783038938
All Pools,AVAX - HON,,false,0.00385,51713,0,0,1783038938
All Pools,Aquarius - BLACK,,false,0.00384,1.486,0,0.24,1783038938
All Pools,Psychic - TrumpCard,,false,0.00383,49.34,0,0.01,1783038938
All Pools,GMX - USDC,,false,0.00383,0.82199,0,0.43,1783038938
All Pools,XAVA - HON,,false,0.00381,1.203,0,0.29,1783038938
All Pools,WOLF - REDWOLF,,false,0.00374,0.25427,0,1.34,1783038938
All Pools,Psychic - BirthingCode,,false,0.0037,49.34,0,0.01,1783038938
All Pools,HOST - DAI.e,,false,0.0037,2.799,0,0.12,1783038938
All Pools,AVAX - NORTH,,false,0.00367,1.815,0,0.18,1783038938
All Pools,AVAX - IMPACT,,false,0.00367,2.771,0,0.12,1783038938
All Pools,Psychic - Qubit,,false,0.00366,49.3,0,0.01,1783038938
All Pools,USDT.e - NORTH,,false,0.00366,26.58,0,0.01,1783038938
All Pools,BirthingCode - BLACK,,false,0.00366,1.475,0,0.23,1783038938
All Pools,USDt - IMPACT,,false,0.00365,1.722,0,0.19,1783038938
All Pools,AVAX - ASND,,false,0.00364,0.10145,0,3.27,1783038938
All Pools,SHOE - USDC,,false,0.00362,0.00643,0,51.39,1783038938
All Pools,Qubit - BLACK,,false,0.00362,1.486,0,0.22,1783038938
All Pools,SatoshiNakamoto - Psychic,,false,0.00361,49.33,0,0.01,1783038938
All Pools,SLEEP - AMI,,false,0.00361,28.71,0,0.01,1783038938
All Pools,PNG - USDT.e,,false,0.00359,0.81953,0,0.4,1783038938
All Pools,AKA - AVAX,,false,0.00359,1.843,0,0.18,1783038938
All Pools,EGG - FEED,,false,0.00358,0.30789,0,1.06,1783038938
All Pools,MIM - ASND,,false,0.00358,59,0,0.01,1783038938
All Pools,AKA - USDt,,false,0.00358,2.763,0,0.12,1783038938
All Pools,SatoshiNakamoto - BLACK,,false,0.00357,1.476,0,0.22,1783038938
All Pools,Degen - AMI,,false,0.00354,0.79947,0,0.4,1783038938
All Pools,Degen - AVAX,,false,0.00352,1485.98,0,0,1783038938
All Pools,USDC.e - BAVA,,false,0.00351,2.695,0,0.12,1783038938
All Pools,Psychic - KatzJoel,,false,0.00343,49.31,0,0.01,1783038938
All Pools,DCAR - AVAX,,false,0.00343,0.95232,0,0.33,1783038938
All Pools,MIM - CLAVIS,,false,0.00343,14.05,0,0.02,1783038938
All Pools,WITCH - AVAX,,false,0.00341,2.185,0,0.14,1783038938
All Pools,DCAR - USDC,,false,0.00341,56.33,0,0.01,1783038938
All Pools,JOE - REDWOLF,,false,0.00341,2.875,0,0.11,1783038938
All Pools,KatzJoel - BLACK,,false,0.0034,1.482,0,0.21,1783038938
All Pools,WITCH - USDC,,false,0.0034,1.579,0,0.2,1783038938
All Pools,AI9000 - USDt,,false,0.00339,0.77242,0,0.4,1783038938
All Pools,gOHM - USDC,,false,0.00339,0.0259,0,11.94,1783038938
All Pools,CLAVIS - AVAX,,false,0.00336,0.03913,0,7.84,1783038938
All Pools,AI9000 - AVAX,,false,0.00335,223.66,0,0,1783038938
All Pools,AVE - AVAX,,false,0.00335,3.172,0,0.1,1783038938
All Pools,AI9000 - MU,,false,0.00334,1.074,0,0.28,1783038938
All Pools,MIM - SN,,false,0.0033,11.75,0,0.03,1783038938
All Pools,AVAX - COSMIC,,false,0.00329,1.07,0,0.28,1783038938
All Pools,weETH - AVAX,,false,0.00326,0.28136,0,1.06,1783038938
All Pools,SN - AVAX,,false,0.00324,0.03611,0,8.18,1783038938
All Pools,FEED - AMI,,false,0.00322,0.14227,0,2.07,1783038938
All Pools,SportsBetting - BLACK,,false,0.00319,0.33804,0,0.86,1783038938
All Pools,ACS - USDt,,false,0.00319,0.93572,0,0.31,1783038938
All Pools,Psychic - Verse,,false,0.00317,49.31,0,0.01,1783038938
All Pools,BLACK - Verse,,false,0.00314,1.483,0,0.19,1783038938
All Pools,MIM - DON,,false,0.00313,0.03503,0,8.14,1783038938
All Pools,Trinity - IngersollLockwood,,false,0.00309,0.73998,0,0.38,1783038938
All Pools,USDC.e - CHAM,,false,0.00305,0.77056,0,0.36,1783038938
All Pools,Gladiator - AMI,,false,0.00301,1.095,0,0.25,1783038938
All Pools,IngersollLockwood - BLACK,,false,0.00296,1.504,0,0.18,1783038938
All Pools,EGG - AVAX,,false,0.00291,1.364,0,0.19,1783038938
All Pools,MIM - KING,,false,0.00291,72553601,0,0,1783038938
All Pools,EGG - USDT.e,,false,0.0029,1.851,0,0.14,1783038938
All Pools,LINK.e - MUG,,false,0.00289,0.22178,0,1.19,1783038938
All Pools,USDC.e - KING,,false,0.00281,190740915,0,0,1783038938
All Pools,WhoLovesYou - BLACK,,false,0.00277,0.33783,0,0.75,1783038938
All Pools,AVAX - sSB,,false,0.00276,0.44676,0,0.56,1783038938
All Pools,USDC.e - TIME,,false,0.00272,0.19706,0,1.26,1783038938
All Pools,MIM - BSGG,,false,0.00268,0.06998,0,3.49,1783038938
All Pools,Psychic - Self,,false,0.00267,51.14,0,0,1783038938
All Pools,COOK - AMI,,false,0.00264,0.13336,0,1.8,1783038938
All Pools,Self - BLACK,,false,0.00263,0.65538,0,0.37,1783038938
All Pools,WETH.e - ETHM,,false,0.00263,0.40176,0,0.6,1783038938
All Pools,ETHM - AVAX,,false,0.00261,22.15,0,0.01,1783038938
All Pools,CAI - AMI,,false,0.00256,0.3201,0,0.73,1783038938
All Pools,BLACK - JesusChrist,,false,0.00255,0.33678,0,0.69,1783038938
All Pools,UNIQOC - WOLF,,false,0.00253,0.31368,0,0.74,1783038938
All Pools,WETH.e - MUMO,,false,0.00243,0.18557,0,1.19,1783038938
All Pools,BEE - AVAX,,false,0.00239,0.69282,0,0.31,1783038938
All Pools,BEE - USDT.e,,false,0.00238,32.26,0,0.01,1783038938
All Pools,DON - AVAX,,false,0.00238,3603.3,0,0,1783038938
All Pools,MIM - FAP,,false,0.00235,0.04413,0,4.86,1783038938
All Pools,GRAPE - USDC.e,,false,0.00234,0.03369,0,6.34,1783038938
All Pools,MIM - STOMB,,false,0.00231,0.04391,0,4.81,1783038938
All Pools,AVAX - SAGE,,false,0.00231,0.73325,0,0.29,1783038938
All Pools,USDC.e - SAGE,,false,0.0023,2.076,0,0.1,1783038938
All Pools,STOMB - AVAX,,false,0.00227,0.06025,0,3.43,1783038938
All Pools,AMI - KONG,,false,0.0022,0.26273,0,0.76,1783038938
All Pools,TEDDY - USDC,,false,0.00218,0.37186,0,0.54,1783038938
All Pools,AVAX - KONG,,false,0.00218,5398.71,0,0,1783038938
All Pools,FAP - DAI.e,,false,0.00218,0.64092,0,0.31,1783038938
All Pools,sAVAX - AMI,,false,0.00211,0.25541,0,0.75,1783038938
All Pools,AVAX - WARP,,false,0.00209,1.188,0,0.16,1783038938
All Pools,USDC.e - WARP,,false,0.00208,0.80378,0,0.24,1783038938
All Pools,AVAX - CAKE,,false,0.00207,0.61984,0,0.3,1783038938
All Pools,ZUM - NOCHILL,,false,0.00207,0.81476,0,0.23,1783038938
All Pools,USDT.e - CAKE,,false,0.00206,48.41,0,0,1783038938
All Pools,MIM - EAGLE,,false,0.00202,0.03806,0,4.85,1783038938
All Pools,MIM - WINE,,false,0.00201,0.02057,0,8.94,1783038938
All Pools,MEOW - AMI,,false,0.00201,0.31581,0,0.58,1783038938
All Pools,AUX - AVAX,,false,0.002,0.31837,0,0.57,1783038938
All Pools,AUX - USDC,,false,0.00199,646.74,0,0,1783038938
All Pools,WINE - AVAX,,false,0.00198,0.77776,0,0.23,1783038938
All Pools,USDC.e - WET,,false,0.00198,0.37773,0,0.48,1783038938
All Pools,SeventeenSeventyFive - BLACK,,false,0.00198,0.33701,0,0.53,1783038938
All Pools,Gravity - Mercury,,false,0.00198,1.591,0,0.11,1783038938
All Pools,144Thousand - Gravity,,false,0.00195,1.589,0,0.11,1783038938
All Pools,ALPHAZERO - USDT.e,,false,0.00195,2.127,0,0.08,1783038938
All Pools,Volodymyr - BLACK,,false,0.00194,0.336,0,0.53,1783038938
All Pools,GMX - USDt,,false,0.00194,0.33989,0,0.52,1783038938
All Pools,AMI - JUICY,,false,0.00193,0.52048,0,0.34,1783038938
All Pools,GMX - JOE,,false,0.00192,0.30183,0,0.58,1783038938
All Pools,JOE - CNR,,false,0.00191,0.73126,0,0.24,1783038938
All Pools,BLACK - Mercury,,false,0.00189,0.24635,0,0.7,1783038938
All Pools,YEEHAW - ABC,,false,0.00187,0.26228,0,0.65,1783038938
All Pools,BTC.b - WETH.e,,false,0.00186,0.40991,0,0.41,1783038938
All Pools,WBTC.e - USDC,,false,0.00183,0.18567,0,0.9,1783038938
All Pools,NUG - AVAX,,false,0.0018,0.32265,0,0.51,1783038938
All Pools,NUG - USDC,,false,0.00179,2.326,0,0.07,1783038938
All Pools,JPYC - AVAX,,false,0.00178,0.24236,0,0.67,1783038938
All Pools,AVAX - NXUSD,,false,0.00178,0.38845,0,0.42,1783038938
All Pools,COQ - RAIN,,false,0.00177,0.12753,0,1.27,1783038938
All Pools,RAIN - AVAX,,false,0.00175,12.61,0,0.01,1783038938
All Pools,MIM - SNOW,,false,0.00174,0.01978,0,8.03,1783038938
All Pools,BTCTRADE - USDC,,false,0.00174,0.43283,0,0.37,1783038938
All Pools,WETH.e - JOE,,false,0.00172,0.02517,0,6.24,1783038938
All Pools,SNOW - AVAX,,false,0.0017,4.568,0,0.03,1783038938
All Pools,DoloresCannon - BLACK,,false,0.00168,0.33575,0,0.46,1783038938
All Pools,MEAT - MU,,false,0.00167,0.41169,0,0.37,1783038938
All Pools,SolarDAO - AVAX,,false,0.00167,0.3348,0,0.45,1783038938
All Pools,USDC.e - UST,,false,0.00166,1.577,0,0.1,1783038938
All Pools,UNI.e - AVAX,,false,0.00166,0.02772,0,5.46,1783038938
All Pools,SolarDAO - USDT.e,,false,0.00166,2.017,0,0.08,1783038938
All Pools,MIM - KANDY,,false,0.00165,0.04937,0,3.04,1783038938
All Pools,MIM - MNT,,false,0.00162,0.08168,0,1.81,1783038938
All Pools,KANDY - AVAX,,false,0.00161,0.0345,0,4.27,1783038938
All Pools,STICK - AMI,,false,0.0016,0.19005,0,0.77,1783038938
All Pools,AVAX - STICK,,false,0.00158,1460.43,0,0,1783038938
All Pools,MNT - AVAX,,false,0.00158,0.03803,0,3.79,1783038938
All Pools,AVAX - NUTS,,false,0.00157,167.97,0,0,1783038938
All Pools,USDC - NUTS,,false,0.00155,0.19748,0,0.72,1783038938
All Pools,JOE - AMI,,false,0.00154,0.15253,0,0.92,1783038938
All Pools,WETH.e - SPELL,,false,0.00152,0.21283,0,0.65,1783038938
All Pools,FollowTheWhiteRabbit - BLACK,,false,0.00152,0.15079,0,0.92,1783038938
All Pools,XETA - AVAX,,false,0.00149,0.17854,0,0.76,1783038938
All Pools,SB - DAI.e,,false,0.00149,0.13385,0,1.01,1783038938
All Pools,MUMO - MU,,false,0.00145,0.57562,0,0.23,1783038938
All Pools,USV - AVAX,,false,0.00145,0.96607,0,0.14,1783038938
All Pools,YAK - USDT.e,,false,0.00141,0.50058,0,0.26,1783038938
All Pools,TSD - USDC.e,,false,0.00141,0.05976,0,2.15,1783038938
All Pools,STG - JOE,,false,0.0014,0.11393,0,1.12,1783038938
All Pools,xAVAX - USDC,,false,0.00139,0.2149,0,0.59,1783038938
All Pools,BIRD - AVAX,,false,0.00139,0.00994,0,12.75,1783038938
All Pools,CANS - AMI,,false,0.00138,0.13803,0,0.91,1783038938
All Pools,xAVAX - AVAX,,false,0.00138,0.55078,0,0.23,1783038938
All Pools,ERROR - AMI,,false,0.00135,1.72,0,0.07,1783038938
All Pools,USDC - USDT.e,,false,0.00133,154.47,0,0,1783038938
All Pools,SYN - JOE,,false,0.0013,0.02597,0,4.57,1783038938
All Pools,EAGLE - DAI.e,,false,0.00126,0.0301,0,3.82,1783038938
All Pools,LINK.e - SPELL,,false,0.00124,0.13547,0,0.83,1783038938
All Pools,BTC.b - GMX,,false,0.00122,1.246,0,0.09,1783038938
All Pools,BTC.b - USDt,,false,0.0012,0.13374,0,0.82,1783038938
All Pools,WABBIT - AMI,,false,0.00119,0.83433,0,0.13,1783038938
All Pools,WABBIT - MU,,false,0.00117,0.09579,0,1.12,1783038938
All Pools,WETH.e - USDt,,false,0.00116,0.06439,0,1.65,1783038938
All Pools,LAMA - AMI,,false,0.00114,0.06616,0,1.57,1783038938
All Pools,WETH - MU,,false,0.00113,0.07847,0,1.31,1783038938
All Pools,LAMA - AVAX,,false,0.00112,8603.78,0,0,1783038938
All Pools,WOLFI - AMI,,false,0.00111,3.017,0,0.03,1783038938
All Pools,MIM - ACME,,false,0.00105,0.02027,0,4.74,1783038938
All Pools,SOFT - AVAX,,false,0.00105,0.38766,0,0.25,1783038938
All Pools,SOFT - USDT.e,,false,0.00104,0.72527,0,0.13,1783038938
All Pools,AVAX - WXGEM,,false,0.00104,982.9,0,0,1783038938
All Pools,USDC - WXGEM,,false,0.00102,0.08826,0,1.06,1783038938
All Pools,MUME - MIM,,false,0,0.01175,0,7.71,1783038938
All Pools,sAVAX - USDC.e,,false,0,0.115,0,0.78,1783038938
All Pools,MIM - JOLLY,,false,0,170.66,0,0,1783038938
All Pools,sifu - USDT.e,,false,0,10.2,0,0.01,1783038938
All Pools,MUMO - USDC.e,,false,0,0.12572,0,0.68,1783038938
All Pools,JOLLY - AVAX,,false,0,0.01368,0,6.11,1783038938
All Pools,FAR - AVAX,,false,0,0.34854,0,0.23,1783038938
All Pools,Gravity - ThreeThreeSeven,,false,0,1.593,0,0.05,1783038938
All Pools,FAR - USDC.e,,false,0,0.1328,0,0.59,1783038938
All Pools,zJoe - AMI,,false,0,0.12872,0,0.61,1783038938
All Pools,BAWLS - AMI,,false,0,0.04245,0,1.82,1783038938
All Pools,PIZZA - AVAX,,false,0,395.18,0,0,1783038938
All Pools,PIZZA - USDC.e,,false,0,0.07181,0,1,1783038938
All Pools,WETH.e - FEED,,false,0,0.04739,0,1.47,1783038938
All Pools,USDT.e - PEFI,,false,0,0.04265,0,1.49,1783038938
All Pools,LOK - AMI,,false,0,0.03781,0,1.65,1783038938
All Pools,SUBZERO - TOMB,,false,0,0.02982,0,2.06,1783038938
All Pools,LOK - AVAX,,false,0,189.69,0,0,1783038938
All Pools,BANKSY - AVAX,,false,0,0.15953,0,0.37,1783038938
All Pools,BANKSY - USDT.e,,false,0,0.65795,0,0.09,1783038938
All Pools,COQ - USDt,,false,0,0.04268,0,1.37,1783038938
All Pools,MUME - USDC.e,,false,0,0.50492,0,0.12,1783038938
All Pools,AVAX - MAI,,false,0,0.01748,0,3.25,1783038938
All Pools,MIM - AVE,,false,0,0.00838,0,6.75,1783038938
All Pools,MAI - MAI,,false,0,0.17532,0,0.31,1783038938
All Pools,SYN - XAVA,,false,0,0.00817,0,6.59,1783038938
All Pools,WORM - AMI,,false,0,0.02342,0,2.08,1783038938
All Pools,WORM - AVAX,,false,0,297.29,0,0,1783038938
All Pools,MIM - VPND,,false,0,0.00378,0,11.48,1783038938
All Pools,WETH.e - TIME,,false,0,0.00964,0,4.44,1783038938
All Pools,AVME - AVAX,,false,0,0.00169,0,25.15,1783038938
All Pools,MIM - MORE,,false,0,0.00458,0,9.22,1783038938
All Pools,MIM - MNT,,false,0,3.701,0,0.01,1783038938
All Pools,MNT - AVAX,,false,0,0.00872,0,4.28,1783038938
All Pools,SHERPA - AVAX,,false,0,95.5,0,0,1783038938
All Pools,GGP - AMI,,false,0,0.01016,0,3.52,1783038938
All Pools,SHERPA - USDC.e,,false,0,0.04217,0,0.84,1783038938
All Pools,OLIVE - AVAX,,false,0,0.00116,0,28.38,1783038938
All Pools,DYSC - AVAX,,false,0,0.21628,0,0.15,1783038938
All Pools,USDT.e - GG,,false,0,0.01002,0,3.23,1783038938
All Pools,DYSC - USDT.e,,false,0,0.04983,0,0.65,1783038938
All Pools,SIPLEAN - DAI.e,,false,0,0.09224,0,0.34,1783038938
All Pools,MUME - USDT.e,,false,0,0.09315,0,0.33,1783038938
All Pools,HUSKY - MU,,false,0,0.03571,0,0.84,1783038938
All Pools,MIM - CROWN,,false,0,86.6,0,0,1783038938
All Pools,EAGLE - USDC,,false,0,0.01545,0,1.9,1783038938
All Pools,AVAX - CROWN,,false,0,0.00945,0,3.03,1783038938
All Pools,MIM - VLGR,,false,0,0.01552,0,1.73,1783038938
All Pools,MIM - MAG,,false,0,71.07,0,0,1783038938
All Pools,EAGLE - USDC.e,,false,0,0.012,0,2.23,1783038938
All Pools,MIM - NEBU,,false,0,0.00755,0,3.53,1783038938
All Pools,CREAM - FUDGE,,false,0,0.03414,0,0.77,1783038938
All Pools,JEWEL - USDC,,false,0,0.022,0,1.18,1783038938
All Pools,MAG - AVAX,,false,0,0.00817,0,3.17,1783038938
All Pools,AVAX - VLGR,,false,0,0.01216,0,2.12,1783038938
All Pools,SMRT - CORN,,false,0,5.875,0,0,1783038938
All Pools,LUNA - MIM,,false,0,0.00552,0,4.63,1783038938
All Pools,AVAX - NEBU,,false,0,1.147,0,0.02,1783038938
All Pools,CREAM - AVAX,,false,0,164.14,0,0,1783038938
All Pools,DAI.e - FUDGE,,false,0,25.95,0,0,1783038938
All Pools,MIM - MUMO,,false,0,0.00467,0,4.64,1783038938
All Pools,USDC.e - SDOG,,false,0,0.01636,0,1.31,1783038938
All Pools,AVAX - AMC,,false,0,0.03215,0,0.65,1783038938
All Pools,AVAX - WXT,,false,0,0.01931,0,1.08,1783038938
All Pools,USDT.e - AMC,,false,0,0.06846,0,0.3,1783038938
All Pools,BPT - AVAX,,false,0,319.11,0,0,1783038938
All Pools,BPT - USDC.e,,false,0,0.06691,0,0.3,1783038938
All Pools,MUMO - USDT.e,,false,0,0.10672,0,0.19,1783038938
All Pools,TickTock - AVAX,,false,0,0.01839,0,1.08,1783038938
All Pools,TickTock - Now,,false,0,0.00623,0,3.17,1783038938
All Pools,QI - USDC,,false,0,0.07247,0,0.27,1783038938
All Pools,AVAX - MORE,,false,0,774.28,0,0,1783038938
All Pools,Now - BLACK,,false,0,0.10851,0,0.18,1783038938
All Pools,MU - KET,,false,0,0.95301,0,0.02,1783038938
All Pools,EGG - USDT.e,,false,0,0.01518,0,1.13,1783038938
All Pools,TIME - aXEN,,false,0,0.00126,0,13.43,1783038938
All Pools,MIM - OTK,,false,0,0.00409,0,3.35,1783038938
All Pools,AVAX - OTK,,false,0,0.00449,0,2.84,1783038938
All Pools,aAvaWAVAX - meGNX,,false,0,3.051,0,0,1783038938
All Pools,TIME - GG,,false,0,0,0,8.84,1783038938
All Pools,KANDY - AVAX,,false,0,0.01259,0,0.55,1783038938
All Pools,MIM - KANDY,,false,0,0,0,11.42,1783038938
All Pools,avaWOOL - AVAX,,false,0,0.11811,0,0.03,1783038938
All Pools,MIM - avaWOOL,,false,0,0,0,23.71,1783038938
All Pools,FATE - USDC,,false,0,469301,0,0,1783038938
All Pools,SaintGermain - JesusChrist,,false,0,0,0,0,1783038938
All Pools,JumpNorthDonald - SaintGermain,,false,0,0,0,0,1783038938
All Pools,ThreeThreeNine - SaintGermain,,false,0,0,0,0,1783038938
All Pools,Volodymyr - SaintGermain,,false,0,0,0,0,1783038938
All Pools,JamesBond - SaintGermain,,false,0,0,0,0,1783038938
All Pools,SaintGermain - SportsBetting,,false,0,0,0,0,1783038938
All Pools,MOOM - JUCI,,false,0,0,0,0,1783038938