filter,pool_name,fee_percent,has_rewards,volume_24h,liquidity,fees_24h,apr_24h,epoch_time
All Pools,AVAX - USDC,,False,1270619.0,375579.0,686.81,66.75,1783988922
All Pools,AUSD - USDC,,False,136090.0,101337.0,12.84,4.63,1783988922
All Pools,sAVAX - AVAX,,False,126116.0,46602.0,14.35,11.24,1783988922
All Pools,BTC.b - USDC,,False,76237.0,566675.0,40.11,2.58,1783988922
All Pools,USDt - USDC,,False,66813.0,160502.0,5.113,1.16,1783988922
All Pools,USDt - USDC,,False,65393.0,163238.0,7.179,1.61,1783988922
All Pools,AUSD - USDt,,False,45836.0,59935.0,4.697,2.86,1783988922
All Pools,AVAX - USDT.e,,False,30328.0,467765.0,75.82,5.92,1783988922
All Pools,AVAX - USDC,,False,26323.0,344471.0,65.81,6.97,1783988922
All Pools,USDC.e - AVAX,,False,25780.0,364233.0,64.45,6.46,1783988922
All Pools,AAVE.e - AVAX,,False,25054.0,257642.0,62.64,8.87,1783988922
All Pools,FOLKS - AVAX,,False,22431.0,35340.0,57.89,59.79,1783988922
All Pools,AVAX - USDt,,False,19714.0,97864.0,39.9,14.88,1783988922
All Pools,USDC - XAVA,,False,17403.0,489371.0,43.51,3.24,1783988922
All Pools,USDT.e - USDC,,False,17065.0,51158.0,3.428,2.45,1783988922
All Pools,gOHM - AVAX,,False,16240.0,124241.0,40.6,11.93,1783988922
All Pools,WETH.e - AVAX,,False,15282.0,365245.0,38.2,3.82,1783988922
All Pools,AVAX - BTC.b,,False,14997.0,26586.0,9.71,13.33,1783988922
All Pools,USDT.e - USDt,,False,12708.0,44519.0,2.547,2.09,1783988922
All Pools,ARENA - AVAX,,False,9496.48,97454.0,0.94952,0.36,1783988922
All Pools,COQ - AVAX,,False,8634.8,396125.0,21.59,1.99,1783988922
All Pools,JOE - USDC.e,,False,8081.62,257431.0,20.2,2.86,1783988922
All Pools,XAVA - AVAX,,False,7971.66,155247.0,64.18,15.09,1783988922
All Pools,JOE - AVAX,,False,6410.47,209229.0,16.03,2.8,1783988922
All Pools,WBTC.e - AVAX,,False,5372.56,129721.0,13.43,3.78,1783988922
All Pools,NXUSD - WXT,,False,4865.37,473281.0,12.16,0.94,1783988922
All Pools,BTC.b - AVAX,,False,4449.05,106132.0,11.12,3.83,1783988922
All Pools,MIM - AVAX,,False,4100.19,183843.0,10.25,2.04,1783988922
All Pools,QI - AVAX,,False,3532.63,127467.0,8.832,2.53,1783988922
All Pools,DAI.e - USDC,,False,3381.87,29461.0,0.67009,0.83,1783988922
All Pools,WBTC - BTC.b,,False,3313.12,79894.0,1.008,0.46,1783988922
All Pools,GUN - AVAX,,False,3244.57,9308.75,12.96,50.83,1783988922
All Pools,USDt - AVAX,,False,2954.85,38438.0,7.387,7.01,1783988922
All Pools,LINK.e - AVAX,,False,2603.78,38144.0,6.509,6.23,1783988922
All Pools,LCPEDU - USDt,,False,2338.38,7178730.0,37.49,0.19,1783988922
All Pools,BEAM - AVAX,,False,2043.92,14219.0,5.246,13.47,1783988922
All Pools,NOCHILL - AVAX,,False,2026.99,51022.0,5.067,3.63,1783988922
All Pools,BEAM - USDC,,False,1909.53,65598.0,4.774,2.66,1783988922
All Pools,USDC.e - USDC,,False,1902.02,3891.9,0.39314,3.69,1783988922
All Pools,ORNG - AVAX,,False,1838.51,16660.0,4.596,10.07,1783988922
All Pools,ZRO - AVAX,,False,1834.06,1631.96,13.68,306.06,1783988922
All Pools,QI - AVAX,,False,1681.82,7680.3,4.236,20.13,1783988922
All Pools,AVAX - DAI.e,,False,1622.83,28454.0,4.057,5.2,1783988922
All Pools,SolvBTC - BTC.b,,False,1518.14,174173.0,0.64822,0.14,1783988922
All Pools,HUNDRED - USDC,,False,1275.16,491229.0,3.188,0.24,1783988922
All Pools,JOE - USDT.e,,False,1226.36,51635.0,3.066,2.17,1783988922
All Pools,SB - AVAX,,False,1214.76,5959.02,3.037,18.6,1783988922
All Pools,HERESY - AVAX,,False,1186.76,14461.0,2.967,7.49,1783988922
All Pools,USDC.e - USDC,,False,1089.48,9733.46,0.13743,0.52,1783988922
All Pools,GUN - AVAX,,False,980.71,16654.0,2.677,5.87,1783988922
All Pools,WBTC.e - BTC.b,,False,757.73,221916.0,0.25257,0.04,1783988922
All Pools,JOE - USDC,,False,737.05,23425.0,1.843,2.87,1783988922
All Pools,USDT.e - USDC,,False,631.54,898.84,0.06598,2.68,1783988922
All Pools,AVAX - DOMI,,False,623.67,11486.0,1.559,4.95,1783988922
All Pools,XSEED - AVAX,,False,479.68,15911.0,1.199,2.75,1783988922
All Pools,AVAX - XAVA,,False,478.68,12840.0,1.197,3.4,1783988922
All Pools,WETH.e - USDC.e,,False,462.15,10787.0,1.155,3.91,1783988922
All Pools,JPYC - USDC,,False,461.15,3190.59,0.20031,2.29,1783988922
All Pools,SYN - AVAX,,False,460.68,5111.21,1.152,8.22,1783988922
All Pools,gOHM - FRAX,,False,422.99,3425.38,1.057,11.27,1783988922
All Pools,EURC - USDC,,False,385.94,10467.0,0.11336,0.4,1783988922
All Pools,AVAX - RISE,,False,383.4,42790.0,0.95851,0.82,1783988922
All Pools,XAUt0 - USDt,,False,364.36,24746.0,0.34346,0.51,1783988922
All Pools,MIM - SB,,False,319.33,2234.26,0.79833,13.04,1783988922
All Pools,USDC.e - USDC,,False,307.08,481309.0,0.76771,0.06,1783988922
All Pools,XSGD - USDC,,False,301.77,430.91,0.05015,4.25,1783988922
All Pools,AVAX - JUICE,,False,225.82,9339.36,0.56455,2.21,1783988922
All Pools,PRIME - AVAX,,False,225.16,112881.0,2.233,0.72,1783988922
All Pools,USDt - ncash,,False,211.1,1010.32,0.52774,19.07,1783988922
All Pools,GMX - AVAX,,False,206.33,3782.22,0.51582,4.98,1783988922
All Pools,OSAK - AVAX,,False,198.42,3166.87,0.49606,5.72,1783988922
All Pools,FITFI - USDT.e,,False,197.59,156.67,0.49398,115.08,1783988922
All Pools,DAI.e - USDC,,False,186.46,2586.87,0.03642,0.51,1783988922
All Pools,w3ULL - AVAX,,False,153.43,51423.0,0.38356,0.27,1783988922
All Pools,COQ - COQAI,,False,147.68,18667.0,0.36919,0.72,1783988922
All Pools,UST - AVAX,,False,145.15,5857.89,0.36287,2.26,1783988922
All Pools,ALOT - AVAX,,False,144.06,10142.0,0.36016,1.3,1783988922
All Pools,XPOW - AVAX,,False,135.19,235.84,1.238,191.54,1783988922
All Pools,AVAX - ALVA,,False,126.67,776.59,0.31666,14.88,1783988922
All Pools,APIX - USDt,,False,124.43,5848.55,0.31107,1.94,1783988922
All Pools,AVAX - UST,,False,121.57,6766.87,0.30393,1.64,1783988922
All Pools,AI - AVAX,,False,107.56,3115.66,0.2689,3.15,1783988922
All Pools,STG - USDC,,False,105.63,1227.96,0.26406,7.85,1783988922
All Pools,GB - AVAX,,False,103.81,1881.82,0.25952,5.03,1783988922
All Pools,WETH.e - USDC,,False,91.79,19.99,0.22946,419.02,1783988922
All Pools,STG - AVAX,,False,89.62,1025.63,0.22404,7.97,1783988922
All Pools,FLD - AVAX,,False,81.41,34954.0,0.20353,0.21,1783988922
All Pools,USDC.e - USDC,,False,79.22,1955.01,0.01588,0.3,1783988922
All Pools,APIX - ID,,False,70.73,16940.0,0.17683,0.38,1783988922
All Pools,XAVA - AVAX,,False,68.86,452.03,0.5614,45.33,1783988922
All Pools,KLO - AVAX,,False,63.89,11835.0,0.15972,0.49,1783988922
All Pools,APIX - USDC,,False,62.85,2915.62,0.15713,1.97,1783988922
All Pools,EMIN - AVAX,,False,62.23,2123.34,0.15556,2.67,1783988922
All Pools,WBTC.e - USDC,,False,58.45,0.39404,0.14613,13535.81,1783988922
All Pools,USDt - USDC,,False,56.93,2238.19,0.01144,0.19,1783988922
All Pools,HEFE - AVAX,,False,55.64,26838.0,0.13909,0.19,1783988922
All Pools,MIM - USDT.e,,False,50.82,1526.09,0.12705,3.04,1783988922
All Pools,BLSEYE🎯 - AVAX,,False,49.43,4399.06,0.12357,1.03,1783988922
All Pools,GUN - BLSEYE🎯,,False,40.32,426.91,0.10081,8.62,1783988922
All Pools,AVAX - AMI,,False,39.12,349.15,0.09781,10.23,1783988922
All Pools,ROY - AVAX,,False,33.2,3942.06,0.08299,0.77,1783988922
All Pools,ABC - AVAX,,False,33.09,488.13,0.08273,6.19,1783988922
All Pools,Balln - AVAX,,False,32.54,3778.61,0.08134,0.79,1783988922
All Pools,SECOND - USDC,,False,31.73,6996.98,0.07931,0.41,1783988922
All Pools,SECOND - AVAX,,False,31.72,1447.91,0.07931,2.0,1783988922
All Pools,ZRO - AVAX,,False,31.63,134.14,0.07906,21.51,1783988922
All Pools,GURS - AVAX,,False,30.74,5442.58,0.07685,0.52,1783988922
All Pools,ISA - AVAX,,False,29.56,16748.0,0.07391,0.16,1783988922
All Pools,ISA - USDC.e,,False,29.13,1433.78,0.07282,1.85,1783988922
All Pools,AVAX - TOPIA,,False,28.13,1062.91,0.07033,2.42,1783988922
All Pools,RGOGLZ - USDC,,False,27.18,1318.78,0.06794,1.88,1783988922
All Pools,MIM - USDC.e,,False,27.08,776.95,0.06771,3.18,1783988922
All Pools,Psychic - AVAX,,False,25.42,872.86,0.06354,2.66,1783988922
All Pools,BEAM - AVAX,,False,24.55,376.84,0.06138,5.95,1783988922
All Pools,PNG - AVAX,,False,23.0,795.51,0.0575,2.64,1783988922
All Pools,GUN - AVAX,,False,21.51,194.55,0.05378,10.09,1783988922
All Pools,DCAU - USDT.e,,False,21.43,5046.0,0.05358,0.39,1783988922
All Pools,AVAX - FRAX,,False,21.3,674.1,0.05326,2.88,1783988922
All Pools,DCAU - AVAX,,False,20.04,1014.06,0.05011,1.8,1783988922
All Pools,WETH.e - USDC,,False,19.4,8878.59,0.02961,0.12,1783988922
All Pools,BNB - AVAX,,False,19.35,2769.49,0.04837,0.64,1783988922
All Pools,LUNA - USDC.e,,False,19.14,641.99,0.04786,2.72,1783988922
All Pools,FITFI - AVAX,,False,18.61,13.92,0.04651,121.95,1783988922
All Pools,BINI - AVAX,,False,18.47,0.07743,0.04617,21764.39,1783988922
All Pools,BOI - AVAX,,False,18.26,40.78,0.04564,40.84,1783988922
All Pools,SHRAP - AVAX,,False,17.58,8730.61,0.14138,0.59,1783988922
All Pools,APIX - ARENA,,False,17.29,1652.51,0.04323,0.95,1783988922
All Pools,AVAX - SOLNIC,,False,17.18,3532.29,0.04295,0.44,1783988922
All Pools,3QF - D - AVAX,,False,16.75,1284.89,0.04188,1.19,1783988922
All Pools,Psychic - XAUt0,,False,16.71,5709.24,0.04178,0.27,1783988922
All Pools,3QF - D - WETH.e,,False,16.7,2355.25,0.04176,0.65,1783988922
All Pools,sAVAX - AVAX,,False,16.29,171134.0,0.04073,0.01,1783988922
All Pools,MIM - WETH.e,,False,14.35,494.41,0.03587,2.65,1783988922
All Pools,REDWOLF - AVAX,,False,12.62,180.62,0.03242,6.55,1783988922
All Pools,HUSKY - AVAX,,False,12.61,2033.86,0.03151,0.57,1783988922
All Pools,KIMBO - AVAX,,False,12.39,39602.0,0.03098,0.03,1783988922
All Pools,AVAXAI - USDC,,False,12.28,1516.86,0.03071,0.74,1783988922
All Pools,APIX - LAMBO,,False,11.96,437.2,0.02991,2.5,1783988922
All Pools,TECH - AVAX,,False,11.64,9684.93,0.0291,0.11,1783988922
All Pools,sAVAX - JACK,,False,11.61,273490.0,0.02903,0.0,1783988922
All Pools,AVAX - GEC,,False,11.26,27040.0,0.02815,0.04,1783988922
All Pools,HATCHY - AVAX,,False,11.26,6562.29,0.02814,0.16,1783988922
All Pools,AVAX - PEFI,,False,9.545,3191.6,0.02386,0.27,1783988922
All Pools,ABC - HOWDY,,False,9.266,484.5,0.02317,1.75,1783988922
All Pools,WETH.e - REDWOLF,,False,8.708,81.77,0.02177,9.72,1783988922
All Pools,AVAX - ELK,,False,8.699,1282.56,0.02175,0.62,1783988922
All Pools,HOWDY - USDC,,False,8.57,2950.49,0.02143,0.27,1783988922
All Pools,BTC.b - TOPIA,,False,8.55,441.41,0.02138,1.77,1783988922
All Pools,BLSEYE🎯 - ARENA,,False,8.495,850.61,0.02124,0.91,1783988922
All Pools,EGG - AVAX,,False,7.832,16432.0,0.01958,0.04,1783988922
All Pools,SHRAP - DOMI,,False,7.491,170.16,0.01873,4.02,1783988922
All Pools,avUSD - sAVAX,,False,6.895,225.54,0.01724,2.79,1783988922
All Pools,LINK.e - USDT.e,,False,6.841,218.05,0.0171,2.86,1783988922
All Pools,USDC.e - SOL,,False,6.566,35.97,0.01642,16.66,1783988922
All Pools,YAK - AVAX,,False,6.415,3302.83,0.01604,0.18,1783988922
All Pools,AAVE.e - REDWOLF,,False,6.145,149.6,0.01536,3.75,1783988922
All Pools,REDWOLF - USDC,,False,6.132,186.39,0.01533,3.0,1783988922
All Pools,UST - USDC,,False,5.725,432.07,0.01431,1.21,1783988922
All Pools,REDWOLF - AVAX,,False,5.718,386.79,0.01429,1.35,1783988922
All Pools,USV - DAI.e,,False,5.661,3960.7,0.01415,0.13,1783988922
All Pools,PTOP500 - TOPIA,,False,5.467,106.86,0.01367,4.67,1783988922
All Pools,SWIFT - WETH.e,,False,5.332,1257.35,0.01333,0.39,1783988922
All Pools,TRESR - AVAX,,False,5.319,7796.7,0.0133,0.06,1783988922
All Pools,AVAX - HON,,False,5.189,49226.0,0.01297,0.01,1783988922
All Pools,REDWOLF - SOL,,False,5.14,58.7,0.01285,7.99,1783988922
All Pools,LINK.e - USDC.e,,False,4.984,181.28,0.01246,2.51,1783988922
All Pools,USDC.e - MU,,False,4.683,13143.0,0.01171,0.03,1783988922
All Pools,LUNA - USDC.e,,False,4.61,332.04,0.01152,1.27,1783988922
All Pools,MUON - AVAX,,False,4.563,40244.0,0.01141,0.01,1783988922
All Pools,BLSEYE🎯 - BEAM,,False,4.519,268.97,0.0113,1.53,1783988922
All Pools,gOHM - SB,,False,4.421,16.57,0.01105,24.34,1783988922
All Pools,ORNG - FLUX,,False,4.419,109.02,0.01105,3.7,1783988922
All Pools,JOE - USDT,,False,4.207,276.68,0.01052,1.39,1783988922
All Pools,BLSEYE🎯 - MEOW,,False,4.177,824.59,0.01044,0.46,1783988922
All Pools,SWIFT - AVAX,,False,4.16,229.72,0.0104,1.65,1783988922
All Pools,AVAX - SOCK,,False,4.152,2382.87,0.01038,0.16,1783988922
All Pools,USDC - SOCK,,False,4.141,415.08,0.01035,0.91,1783988922
All Pools,MYST - USDC,,False,4.116,219.84,0.01029,1.71,1783988922
All Pools,FLOT - AVAX,,False,4.106,2920.81,0.01026,0.13,1783988922
All Pools,YOU - ORNG,,False,4.061,1350.43,0.01015,0.27,1783988922
All Pools,AVAX - FRAX,,False,3.875,225.6,0.00969,1.57,1783988922
All Pools,YAK - USDC.e,,False,3.865,211.37,0.00966,1.67,1783988922
All Pools,AVAX - aXEN,,False,3.863,166.95,0.00966,2.11,1783988922
All Pools,AVAX - NaughtiusMaximus,,False,3.77,331.24,0.00942,1.04,1783988922
All Pools,AVAX - AKITA,,False,3.641,1752.71,0.0091,0.19,1783988922
All Pools,oXAUT - AVAX,,False,3.59,405.42,0.00897,0.81,1783988922
All Pools,BTC.b - oXAUT,,False,3.587,308.4,0.00897,1.06,1783988922
All Pools,XROSS - ORNG,,False,3.514,233.35,0.00879,1.37,1783988922
All Pools,DATCM - ORNG,,False,3.484,231.36,0.00871,1.37,1783988922
All Pools,SWIFT - USDC.e,,False,3.445,476.37,0.00861,0.66,1783988922
All Pools,XAUt0 - NaughtiusMaximus,,False,3.419,875.18,0.00855,0.36,1783988922
All Pools,Now - AVAX,,False,3.38,189.07,0.00845,1.63,1783988922
All Pools,AVAX - BGR,,False,3.314,176.92,0.00828,1.71,1783988922
All Pools,FTOMB - AVAX,,False,3.212,6690.15,0.00803,0.04,1783988922
All Pools,WETH - USDC.e,,False,3.18,200.56,0.00795,1.45,1783988922
All Pools,DPS - AVAX,,False,3.178,182.28,0.00795,1.59,1783988922
All Pools,DPS - USDC,,False,3.178,1810.94,0.00795,0.16,1783988922
All Pools,APOW - AVAX,,False,3.126,617.96,0.00782,0.46,1783988922
All Pools,AVAX - EROL,,False,3.124,37.81,0.0,0.0,1783988922
All Pools,AVAX - ChristMark,,False,3.047,267.16,0.00762,1.04,1783988922
All Pools,YUSD - AVAX,,False,2.85,116.54,0.00713,2.23,1783988922
All Pools,USDC.e - sSB,,False,2.84,838.78,0.0071,0.31,1783988922
All Pools,AVAX - ONION,,False,2.684,146.23,0.00671,1.68,1783988922
All Pools,XAUt0 - ChristMark,,False,2.572,576.67,0.00643,0.41,1783988922
All Pools,HOST - DAI.e,,False,2.498,2497.55,0.00625,0.09,1783988922
All Pools,USDC.e - AVVO,,False,2.441,223.31,0.0061,1.0,1783988922
All Pools,ORNG - MOOM,,False,2.426,184.52,0.00607,1.2,1783988922
All Pools,USDT.e - ONION,,False,2.421,734.68,0.00605,0.3,1783988922
All Pools,UST - USDC.e,,False,2.39,676.26,0.00598,0.32,1783988922
All Pools,Psychic - BLACK,,False,2.379,254.88,0.00595,0.85,1783988922
All Pools,AVAX - IMPACT2,,False,2.365,137.65,0.00591,1.57,1783988922
All Pools,TOPIA - PTOP600,,False,2.363,119.6,0.00591,1.8,1783988922
All Pools,MAGICK - USDC,,False,2.342,224.41,0.00586,0.95,1783988922
All Pools,MAGICK - AVAX,,False,2.342,278.6,0.00586,0.77,1783988922
All Pools,VPND - AVAX,,False,2.289,17847.0,0.00572,0.01,1783988922
All Pools,ORNG - SAI,,False,2.271,104.41,0.00568,1.98,1783988922
All Pools,AVAX - CLY,,False,2.251,21725.0,0.00563,0.01,1783988922
All Pools,WETH.e - ONION,,False,2.227,227.5,0.00557,0.89,1783988922
All Pools,USDT.e - CLY,,False,2.215,179.88,0.00554,1.12,1783988922
All Pools,Now - BLACK,,False,2.215,232.92,0.00554,0.87,1783988922
All Pools,Gravity - AVAX,,False,2.165,237.92,0.00541,0.83,1783988922
All Pools,BUSD - AVAX,,False,2.119,336.62,0.0053,0.57,1783988922
All Pools,XAUt0 - Gravity,,False,2.113,311.86,0.00528,0.62,1783988922
All Pools,LIQR - AVAX,,False,2.082,36409.0,0.0052,0.01,1783988922
All Pools,BNZ - AVAX,,False,2.05,147.92,0.00513,1.26,1783988922
All Pools,USDt - USDT.e,,False,1.977,20475.0,0.00494,0.01,1783988922
All Pools,YEEHAW - BTC.b,,False,1.971,50.03,0.00493,3.59,1783988922
All Pools,BANKSY - USDT.e,,False,1.945,1514.54,0.00486,0.12,1783988922
All Pools,BANKSY - AVAX,,False,1.945,141.98,0.00486,1.25,1783988922
All Pools,BTC.b - IMPACT2,,False,1.904,1272.0,0.00476,0.14,1783988922
All Pools,PNG - JOE,,False,1.886,115.48,0.00471,1.49,1783988922
All Pools,XAUt0 - Now,,False,1.885,560.4,0.00471,0.31,1783988922
All Pools,APOW - USDC,,False,1.877,115.01,0.00469,1.49,1783988922
All Pools,WETH.e - USDT.e,,False,1.857,146.73,0.00464,1.15,1783988922
All Pools,MYST - AVAX,,False,1.843,655.57,0.00461,0.26,1783988922
All Pools,Gladiator - ARENA,,False,1.766,336.65,0.00442,0.48,1783988922
All Pools,LF - AVAX,,False,1.752,283.11,0.00438,0.56,1783988922
All Pools,MIM - LF,,False,1.728,399.52,0.00432,0.39,1783988922
All Pools,AVAX - USDT,,False,1.724,1693.51,0.00431,0.09,1783988922
All Pools,HUSKY - JOE,,False,1.669,91.31,0.00417,1.67,1783988922
All Pools,Gladiator - USDC,,False,1.643,269.07,0.00411,0.56,1783988922
All Pools,SMRTr - AVAX,,False,1.64,25536.0,0.0041,0.01,1783988922
All Pools,SMRTr - USDC.e,,False,1.639,104.08,0.0041,1.44,1783988922
All Pools,AVAX - TIME,,False,1.625,562.21,0.00406,0.26,1783988922
All Pools,KRW - AVAX,,False,1.603,309.78,0.00401,0.47,1783988922
All Pools,JOE - KRW,,False,1.601,144.97,0.004,1.01,1783988922
All Pools,AVAX - SPELL,,False,1.601,1934.8,0.004,0.08,1783988922
All Pools,FXS - AVAX,,False,1.553,286.79,0.00388,0.49,1783988922
All Pools,KIWI - AVAX,,False,1.488,94.36,0.00372,1.44,1783988922
All Pools,KIWI - USDC,,False,1.488,299.21,0.00372,0.45,1783988922
All Pools,gOHM - wsOHM,,False,1.471,17.29,0.00368,7.76,1783988922
All Pools,MIM - wsOHM,,False,1.464,180.86,0.00366,0.74,1783988922
All Pools,DREGG - AVAX,,False,1.376,145.11,0.00344,0.87,1783988922
All Pools,DREGG - USDT.e,,False,1.376,511.5,0.00344,0.25,1783988922
All Pools,USDC.e - ONION,,False,1.328,367.08,0.00332,0.33,1783988922
All Pools,APOW - USDt,,False,1.249,114.91,0.00312,0.99,1783988922
All Pools,USDC - MXNB,,False,1.241,16.91,0.0031,6.7,1783988922
All Pools,MIM - USDC,,False,1.228,29.9,0.00307,3.75,1783988922
All Pools,WOO.e - AVAX,,False,1.226,65.64,0.00306,1.7,1783988922
All Pools,BLUB - AVAX,,False,1.18,11652.0,0.00295,0.01,1783988922
All Pools,USDC - SDOG,,False,1.17,365.4,0.00292,0.29,1783988922
All Pools,STEAK - AVAX,,False,1.157,9736.13,0.00289,0.01,1783988922
All Pools,AVAX - AVVO,,False,1.143,227.22,0.00286,0.46,1783988922
All Pools,DCAU - MIM,,False,1.139,114.27,0.00285,0.91,1783988922
All Pools,MIM - SDOG,,False,1.128,92.09,0.00282,1.12,1783988922
All Pools,BTC.b - REDWOLF,,False,1.112,97.37,0.00278,1.04,1783988922
All Pools,DAI.e - ONION,,False,1.104,328.68,0.00276,0.31,1783988922
All Pools,HOST - AVAX,,False,1.102,88.26,0.00276,1.14,1783988922
All Pools,WBTC.e - USDT.e,,False,1.078,154.62,0.0027,0.64,1783988922
All Pools,PTOP700 - TOPIA,,False,1.069,102.82,0.00267,0.95,1783988922
All Pools,LUNA - AVAX,,False,1.068,122.54,0.00267,0.8,1783988922
All Pools,Trinity - AVAX,,False,1.063,738.41,0.00266,0.13,1783988922
All Pools,WBTC.e - ONION,,False,1.048,345.81,0.00262,0.28,1783988922
All Pools,Trinity - Psychic,,False,1.033,402.16,0.00258,0.23,1783988922
All Pools,DCAU - USDC,,False,1.03,144.14,0.00257,0.65,1783988922
All Pools,MaryMagdalene - AVAX,,False,1.013,173.73,0.00253,0.53,1783988922
All Pools,AVAX - MU,,False,1.01,73.57,0.00252,1.25,1783988922
All Pools,LINK.e - REDWOLF,,False,1.008,68.85,0.00252,1.34,1783988922
All Pools,AVAX - SMRT,,False,1.004,1623.11,0.00251,0.06,1783988922
All Pools,USDT.e - SMRT,,False,0.99039,87.95,0.00248,1.03,1783988922
All Pools,MIM - MU,,False,0.98234,95.64,0.00246,0.94,1783988922
All Pools,YEEHAW - TOPIA,,False,0.9811,110.68,0.00245,0.81,1783988922
All Pools,MaryMagdalene - XAUt0,,False,0.97646,1664.31,0.00244,0.05,1783988922
All Pools,LINDA - AVAX,,False,0.94452,1584.5,0.00236,0.05,1783988922
All Pools,SYMBIOT - AVAX,,False,0.91697,74.67,0.00229,1.12,1783988922
All Pools,AVAX - ARENA,,False,0.91384,57.33,0.00228,1.45,1783988922
All Pools,ORNG - JUCI,,False,0.88482,240.54,0.00221,0.34,1783988922
All Pools,SYMBIOT - DAI.e,,False,0.85754,443.2,0.00214,0.18,1783988922
All Pools,COQ - BLSEYE🎯,,False,0.83122,142.69,0.00208,0.53,1783988922
All Pools,MAXI - DAI.e,,False,0.82003,222.67,0.00205,0.34,1783988922
All Pools,USDt - IMPACT2,,False,0.80222,69.16,0.00201,1.06,1783988922
All Pools,ZUBAX - USDT.e,,False,0.78631,171.28,0.00197,0.42,1783988922
All Pools,RPEPE - AVAX,,False,0.78431,3703.3,0.00196,0.02,1783988922
All Pools,TSD - AVAX,,False,0.76623,177.9,0.00192,0.39,1783988922
All Pools,AVAX - EROL,,False,0.73832,20.26,0.00185,3.33,1783988922
All Pools,AVAX - ZUBAX,,False,0.73693,91.3,0.00184,0.74,1783988922
All Pools,sAVAX - COQ,,False,0.67675,60.97,0.00169,1.01,1783988922
All Pools,DFIAT - AVAX,,False,0.66999,5967.91,0.00167,0.01,1783988922
All Pools,GB - USDT.e,,False,0.66271,21.14,0.00166,2.86,1783988922
All Pools,BRO - AVAX,,False,0.66238,99829.0,0.00166,0.0,1783988922
All Pools,GENI - AVAX,,False,0.66161,49.83,0.00165,1.21,1783988922
All Pools,GENI - USDC,,False,0.66157,1175.83,0.00165,0.05,1783988922
All Pools,BRO - COQ,,False,0.65973,134.75,0.00165,0.45,1783988922
All Pools,AVAX - rsAVAX,,False,0.65862,162.06,0.00165,0.37,1783988922
All Pools,MIM - PEFI,,False,0.64973,66.5,0.00162,0.89,1783988922
All Pools,ZRO - USDC,,False,0.64512,4.496,0.00161,13.09,1783988922
All Pools,bCASH - LINK.e,,False,0.61352,304.36,0.00153,0.18,1783988922
All Pools,AVAX - MUG,,False,0.61146,247.25,0.00153,0.23,1783988922
All Pools,KALM - AVAX,,False,0.59777,96.43,0.00149,0.57,1783988922
All Pools,KALM - USDC,,False,0.59774,76.72,0.00149,0.71,1783988922
All Pools,WBTC - AVAX,,False,0.59514,30.5,0.00149,1.78,1783988922
All Pools,CommieSukey - AVAX,,False,0.55452,212.28,0.00139,0.24,1783988922
All Pools,Psychic - CommieSukey,,False,0.55307,241.67,0.00138,0.21,1783988922
All Pools,COQ - OSAK,,False,0.54886,17.2,0.00137,2.91,1783988922
All Pools,Meaning - AVAX,,False,0.54598,330.59,0.00136,0.15,1783988922
All Pools,Psychic - Meaning,,False,0.54494,236.52,0.00136,0.21,1783988922
All Pools,50 - AVAX,,False,0.53616,59.36,0.00134,0.82,1783988922
All Pools,50 - USDC,,False,0.53615,111.26,0.00134,0.44,1783988922
All Pools,JOE - EXP,,False,0.53483,10313460.0,0.00134,0.0,1783988922
All Pools,GB - MUG,,False,0.53335,16.47,0.00133,2.95,1783988922
All Pools,Anon - AVAX,,False,0.50681,7.768,0.00127,5.95,1783988922
All Pools,STG - L - Swing,,False,0.49938,16.18,0.00125,2.82,1783988922
All Pools,YEEHAW - CHAMP,,False,0.49376,923.49,0.00123,0.05,1783988922
All Pools,meGNX - AVAX,,False,0.49214,12.88,0.00123,3.49,1783988922
All Pools,AVAX - Wej,,False,0.47544,212.26,0.00119,0.2,1783988922
All Pools,Psychic - Wej,,False,0.47397,241.74,0.00118,0.18,1783988922
All Pools,sifu - DAI.e,,False,0.46831,3.884,0.00117,11.0,1783988922
All Pools,DogL - AVAX,,False,0.45883,213.04,0.00115,0.2,1783988922
All Pools,Psychic - DogL,,False,0.45752,241.81,0.00114,0.17,1783988922
All Pools,STATIK - AVAX,,False,0.45551,30.92,0.00114,1.34,1783988922
All Pools,L - Swing - aXEN,,False,0.45232,51.69,0.00113,0.8,1783988922
All Pools,USDC - GAU,,False,0.4499,836.31,0.00112,0.05,1783988922
All Pools,MerryXmas - AVAX,,False,0.44903,195.24,0.00112,0.21,1783988922
All Pools,Psychic - MerryXmas,,False,0.44772,222.4,0.00112,0.18,1783988922
All Pools,MIM - WINE,,False,0.44687,173.18,0.00112,0.24,1783988922
All Pools,AVAX - BlackAndGold,,False,0.44628,213.05,0.00112,0.19,1783988922
All Pools,Psychic - BlackAndGold,,False,0.44498,241.79,0.00111,0.17,1783988922
All Pools,AVAX - RedFolder,,False,0.44206,212.18,0.00111,0.19,1783988922
All Pools,Psychic - RedFolder,,False,0.44064,241.85,0.0011,0.17,1783988922
All Pools,MIM - GRAPE,,False,0.43814,119.58,0.0011,0.33,1783988922
All Pools,AVAX - All,,False,0.43684,213.25,0.00109,0.19,1783988922
All Pools,Psychic - All,,False,0.43546,241.86,0.00109,0.16,1783988922
All Pools,HUSKY - AMI,,False,0.43164,42.34,0.00108,0.93,1783988922
All Pools,sifu - USDT.e,,False,0.42542,10.25,0.00106,3.79,1783988922
All Pools,LUNA - AVAX,,False,0.41762,13.71,0.00104,2.78,1783988922
All Pools,ArniStitch - AVAX,,False,0.41642,211.78,0.00104,0.18,1783988922
All Pools,Psychic - ArniStitch,,False,0.41525,241.93,0.00104,0.16,1783988922
All Pools,MEOW - AVAX,,False,0.4141,7605.32,0.00104,0.0,1783988922
All Pools,JEWEL - USDC,,False,0.41088,3804.44,0.00103,0.01,1783988922
All Pools,Ducks - AVAX,,False,0.40807,211.83,0.00102,0.18,1783988922
All Pools,Psychic - Ducks,,False,0.40673,241.99,0.00102,0.15,1783988922
All Pools,MM - USDC,,False,0.40499,49.41,0.00101,0.75,1783988922
All Pools,MM - AVAX,,False,0.40489,66.37,0.00101,0.56,1783988922
All Pools,GUN - AMI,,False,0.40441,8.621,0.00101,4.28,1783988922
All Pools,Serpentarius - AVAX,,False,0.4035,215.65,0.00101,0.17,1783988922
All Pools,Psychic - Serpentarius,,False,0.40221,245.44,0.00101,0.15,1783988922
All Pools,AMI - TOPIA,,False,0.39485,149.58,0.0,0.24,1783988922
All Pools,BLS - USDt,,False,0.38798,128.06,0.0,0.28,1783988922
All Pools,USDC - SHRAP,,False,0.38729,22.05,0.0,1.6,1783988922
All Pools,aAvaWAVAX - meGNX,,False,0.3674,2.956,0.0,11.34,1783988922
All Pools,AVAX - Prometheus,,False,0.36657,206.76,0.0,0.16,1783988922
All Pools,Psychic - Prometheus,,False,0.36543,235.18,0.0,0.14,1783988922
All Pools,AVAX - SNOB,,False,0.35413,749.34,0.0,0.04,1783988922
All Pools,AVAX - Seventeen,,False,0.35397,207.43,0.0,0.16,1783988922
All Pools,NaughtiusMaximus - Seventeen,,False,0.35304,679.52,0.0,0.05,1783988922
All Pools,AVAX - KONG,,False,0.35113,5483.41,0.0,0.01,1783988922
All Pools,Hopi - Now,,False,0.34963,512.91,0.0,0.06,1783988922
All Pools,Hopi - AVAX,,False,0.34958,156.1,0.0,0.2,1783988922
All Pools,Jjj - AVAX,,False,0.34687,211.83,0.0,0.15,1783988922
All Pools,CQK - USDC,,False,0.34657,30.62,0.0,1.03,1783988922
All Pools,CQK - AVAX,,False,0.34646,96.16,0.0,0.33,1783988922
All Pools,Psychic - Jjj,,False,0.34578,241.82,0.0,0.13,1783988922
All Pools,COQ - JUICE,,False,0.34566,25.91,0.0,1.22,1783988922
All Pools,USDT.e - MU,,False,0.34,249.51,0.0,0.12,1783988922
All Pools,USDC - USD+,,False,0.3398,27.95,0.0,1.11,1783988922
All Pools,HOWDY - ARENA,,False,0.33154,37.76,0.0,0.8,1783988922
All Pools,SYN - REDWOLF,,False,0.33145,5.179,0.0,5.84,1783988922
All Pools,NOCHILL - OX,,False,0.32774,13226.0,0.0,0.0,1783988922
All Pools,Xmas - AVAX,,False,0.32638,198.98,0.0,0.15,1783988922
All Pools,Psychic - Xmas,,False,0.32544,226.78,0.0,0.13,1783988922
All Pools,AftermathsKobe - AVAX,,False,0.32428,213.21,0.0,0.14,1783988922
All Pools,Psychic - AftermathsKobe,,False,0.32347,243.53,0.0,0.12,1783988922
All Pools,DFIAT - USDT.e,,False,0.32213,26.65,0.0,1.1,1783988922
All Pools,gOHM - JOE,,False,0.31528,3.139,0.0,9.16,1783988922
All Pools,MIM - DAI.e,,False,0.31157,19.77,0.0,1.44,1783988922
All Pools,RUX - AVAX,,False,0.31066,25.43,0.0,1.11,1783988922
All Pools,USDt - RUX,,False,0.31041,15993.0,0.0,0.0,1783988922
All Pools,PepeAI - AVAX,,False,0.30999,1.542,0.0,18.34,1783988922
All Pools,BOI - MU,,False,0.30512,0.74365,0.0,37.44,1783988922
All Pools,GLOBA - AVAX,,False,0.30177,39.68,0.0,0.69,1783988922
All Pools,WETH.e - yyAVAX,,False,0.29929,14.19,0.0,1.92,1783988922
All Pools,COQ - OX,,False,0.29878,14024.0,0.0,0.0,1783988922
All Pools,Christmas - AVAX,,False,0.29776,179.94,0.0,0.15,1783988922
All Pools,SLUSH - AVAX,,False,0.29462,45.3,0.0,0.59,1783988922
All Pools,SLUSH - USDT.e,,False,0.2945,55.12,0.0,0.49,1783988922
All Pools,$Crazy - AVAX,,False,0.29379,741.05,0.0,0.04,1783988922
All Pools,USDC - aXEN,,False,0.29032,9.032,0.0,2.93,1783988922
All Pools,AVAX - DUO,,False,0.28936,52.44,0.0,0.5,1783988922
All Pools,USDT.e - DUO,,False,0.28923,50.53,0.0,0.52,1783988922
All Pools,AVAX - Sinterklaas,,False,0.28701,100.58,0.0,0.26,1783988922
All Pools,Psychic - Sinterklaas,,False,0.28651,238.03,0.0,0.11,1783988922
All Pools,CHAMP - AMI,,False,0.28229,25.37,0.0,1.02,1783988922
All Pools,GLOBA - DAI.e,,False,0.28223,47.25,0.0,0.55,1783988922
All Pools,SOL - USDC,,False,0.28051,20.65,0.0,1.24,1783988922
All Pools,XPOW - AVAX,,False,0.27767,1309.21,0.0,0.02,1783988922
All Pools,APOW - AVAX,,False,0.27481,1309.98,0.0,0.02,1783988922
All Pools,DiamondbackGall - AVAX,,False,0.27072,213.6,0.0,0.12,1783988922
All Pools,Psychic - DiamondbackGall,,False,0.26969,242.44,0.0,0.1,1783988922
All Pools,NeatestQuackery - AVAX,,False,0.2689,211.69,0.0,0.12,1783988922
All Pools,Psychic - NeatestQuackery,,False,0.26818,242.14,0.0,0.1,1783988922
All Pools,MU - DAI.e,,False,0.26345,235.16,0.0,0.1,1783988922
All Pools,USDC.e - WISE,,False,0.25582,41.08,0.0,0.57,1783988922
All Pools,AVAX - WISE,,False,0.25565,59.1,0.0,0.39,1783988922
All Pools,WBTC.e - REDWOLF,,False,0.25006,48.23,0.0,0.47,1783988922
All Pools,AVAX - TheGospelOfMary,,False,0.24151,116.9,0.0,0.19,1783988922
All Pools,MaryMagdalene - TheGospelOfMary,,False,0.24129,215.75,0.0,0.1,1783988922
All Pools,Silver - AVAX,,False,0.23789,62.59,0.0,0.35,1783988922
All Pools,Silver - Now,,False,0.23685,643.48,0.0,0.03,1783988922
All Pools,WETH.e - SURE,,False,0.23653,828.37,0.0,0.03,1783988922
All Pools,AVAX - CHAM,,False,0.23316,25.57,0.0,0.83,1783988922
All Pools,USDC - CHAM,,False,0.23306,46.22,0.0,0.46,1783988922
All Pools,USDC.e - WXT,,False,0.23182,194.1,0.0,0.11,1783988922
All Pools,GATOR - ARENA,,False,0.22805,1.505,0.0,13.83,1783988922
All Pools,AVAX - MeaningOfNumbers,,False,0.22442,212.23,0.0,0.1,1783988922
All Pools,TRYB - USDC.e,,False,0.22403,31.93,0.0,0.64,1783988922
All Pools,Psychic - MeaningOfNumbers,,False,0.22365,242.53,0.0,0.08,1783988922
All Pools,AVAX - ELK,,False,0.22186,48.26,0.0,0.42,1783988922
All Pools,HOWDY - USDt,,False,0.2217,173.65,0.0,0.12,1783988922
All Pools,WOLF - AVAX,,False,0.21674,27172.0,0.0,0.0,1783988922
All Pools,UNI.e - REDWOLF,,False,0.2159,11.06,0.0,1.78,1783988922
All Pools,USDC - yyAVAX,,False,0.21471,12.01,0.0,1.63,1783988922
All Pools,wsOHM - USDC.e,,False,0.2125,18.29,0.0,1.06,1783988922
All Pools,AVVO - DAI.e,,False,0.21231,34.45,0.0,0.56,1783988922
All Pools,CHAMP - ARENA,,False,0.21211,13.1,0.0,1.48,1783988922
All Pools,VEE - USDC,,False,0.21173,31.19,0.0,0.62,1783988922
All Pools,TEDDY - AVAX,,False,0.20961,20.61,0.0,0.93,1783988922
All Pools,AVAI - AVAX,,False,0.20951,19.67,0.0,0.97,1783988922
All Pools,COQ - NOCHILL,,False,0.20745,7.945,0.0,2.38,1783988922
All Pools,IMPACT2 - EURC,,False,0.20487,41.05,0.0,0.46,1783988922
All Pools,USDT.e - EXP,,False,0.20263,45046109.0,0.0,0.0,1783988922
All Pools,AVAX - ZABU,,False,0.2018,23.22,0.0,0.79,1783988922
All Pools,Christmas - ChristMark,,False,0.19926,111.82,0.0,0.16,1783988922
All Pools,wsOHM - AVAX,,False,0.19256,8.046,0.0,2.18,1783988922
All Pools,BOI - AMI,,False,0.18505,0.48186,0.0,35.04,1783988922
All Pools,MELT - AVAX,,False,0.18431,19.86,0.0,0.85,1783988922
All Pools,YEEHAW - AVAX,,False,0.17828,11.87,0.0,1.37,1783988922
All Pools,USDT.e - ZABU,,False,0.1769,44.08,0.0,0.37,1783988922
All Pools,AVAX - KET,,False,0.17503,22.73,0.0,0.7,1783988922
All Pools,Light - AVAX,,False,0.1727,63.64,0.0,0.25,1783988922
All Pools,Light - Now,,False,0.17218,642.72,0.0,0.02,1783988922
All Pools,BrideOfChrist - BLACK,,False,0.17204,17.6,0.0,0.89,1783988922
All Pools,SYN - USDC.e,,False,0.17191,2.653,0.0,5.91,1783988922
All Pools,UNIQOC - AVAX,,False,0.17102,812.86,0.0,0.02,1783988922
All Pools,APOW - USDt,,False,0.17058,21.24,0.0,0.73,1783988922
All Pools,UNIQOC - COQ,,False,0.17017,35.41,0.0,0.44,1783988922
All Pools,USDC - BVAX,,False,0.17011,26.11,0.0,0.59,1783988922
All Pools,AVAX - MILO,,False,0.16958,786.47,0.0,0.02,1783988922
All Pools,USDt - MILO,,False,0.16943,14.0,0.0,1.1,1783988922
All Pools,USDt - XPOW,,False,0.16313,20.58,0.0,0.72,1783988922
All Pools,MaryMagdalene - ChristMark,,False,0.16051,301.79,0.0,0.05,1783988922
All Pools,NOCHILL - KET,,False,0.15745,7.983,0.0,1.8,1783988922
All Pools,SPC - DAI.e,,False,0.15703,19.34,0.0,0.74,1783988922
All Pools,BANKSY - AVAX,,False,0.15383,18.22,0.0,0.77,1783988922
All Pools,BANKSY - USDC.e,,False,0.15377,29.03,0.0,0.48,1783988922
All Pools,XETA - USDC,,False,0.14999,5741.56,0.0,0.0,1783988922
All Pools,bCASH - NOCHILL,,False,0.14977,12.1,0.0,1.13,1783988922
All Pools,METAG - AVAX,,False,0.14974,19.53,0.0,0.7,1783988922
All Pools,Solar - AVAX,,False,0.14883,63.7,0.0,0.21,1783988922
All Pools,Solar - Now,,False,0.14875,643.25,0.0,0.02,1783988922
All Pools,AVAX - Propriety,,False,0.14842,63.5,0.0,0.21,1783988922
All Pools,Now - Propriety,,False,0.14819,642.61,0.0,0.02,1783988922
All Pools,AVAT - USDC,,False,0.14424,37.36,0.0,0.35,1783988922
All Pools,Vaccine - AVAX,,False,0.14417,62.54,0.0,0.21,1783988922
All Pools,Vaccine - Now,,False,0.14404,636.49,0.0,0.02,1783988922
All Pools,FLAKE - USDT.e,,False,0.14375,48.17,0.0,0.27,1783988922
All Pools,FLAKE - AVAX,,False,0.14374,17.02,0.0,0.77,1783988922
All Pools,AVAX - Mentor,,False,0.14212,63.51,0.0,0.2,1783988922
All Pools,Now - Mentor,,False,0.14155,641.67,0.0,0.02,1783988922
All Pools,UST - USDT.e,,False,0.1395,38.43,0.0,0.33,1783988922
All Pools,MELT - USDC.e,,False,0.13459,29.53,0.0,0.42,1783988922
All Pools,WTHT - SNOB,,False,0.1327,1.252,0.0,9.67,1783988922
All Pools,miMatic - AVAX,,False,0.13002,32.04,0.0,0.37,1783988922
All Pools,miMatic - USDC.e,,False,0.12995,24.11,0.0,0.49,1783988922
All Pools,TECH - OX,,False,0.1294,5926.21,0.0,0.0,1783988922
All Pools,MIM - TIME,,False,0.12891,26.03,0.0,0.45,1783988922
All Pools,TOMB - USDC,,False,0.12804,9.937,0.0,1.18,1783988922
All Pools,Matter - AVAX,,False,0.12747,56.85,0.0,0.2,1783988922
All Pools,USDt - REDWOLF,,False,0.12716,13.73,0.0,0.84,1783988922
All Pools,Matter - Now,,False,0.1271,580.53,0.0,0.02,1783988922
All Pools,ALOT - USDC.e,,False,0.12474,7.458,0.0,1.53,1783988922
All Pools,JOE - ZABU,,False,0.1243,12.77,0.0,0.89,1783988922
All Pools,Now - Blessing,,False,0.12366,568.09,0.0,0.02,1783988922
All Pools,AVAX - Blessing,,False,0.12365,56.56,0.0,0.2,1783988922
All Pools,MIM - VOLT,,False,0.12178,14.48,0.0,0.77,1783988922
All Pools,TickTock - AVAX,,False,0.12063,63.75,0.0,0.17,1783988922
All Pools,TickTock - Now,,False,0.12053,643.93,0.0,0.02,1783988922
All Pools,AVAX - STRAW,,False,0.11904,14.19,0.0,0.77,1783988922
All Pools,BrideOfChrist - AVAX,,False,0.11821,63.63,0.0,0.17,1783988922
All Pools,AVAT - AVAX,,False,0.11685,16.66,0.0,0.64,1783988922
All Pools,Gil - AVAX,,False,0.11629,13.53,0.0,0.78,1783988922
All Pools,SURE - USDC.e,,False,0.11498,20.53,0.0,0.51,1783988922
All Pools,Sanskrit - AVAX,,False,0.11383,63.58,0.0,0.16,1783988922
All Pools,XPOW - USDC,,False,0.11348,20.59,0.0,0.5,1783988922
All Pools,Sanskrit - Now,,False,0.11347,642.15,0.0,0.02,1783988922
All Pools,SYN - WETH.e,,False,0.11343,1.281,0.0,8.08,1783988922
All Pools,Necromancer - AVAX,,False,0.11181,63.63,0.0,0.16,1783988922
All Pools,Now - Necromancer,,False,0.11156,642.64,0.0,0.02,1783988922
All Pools,DAI.e - STRAW,,False,0.11135,35.89,0.0,0.28,1783988922
All Pools,AVAX - SantaGospel,,False,0.11028,96.48,0.0,0.1,1783988922
All Pools,Slope - AVAX,,False,0.10891,63.65,0.0,0.16,1783988922
All Pools,Gold - AVAX,,False,0.10884,63.76,0.0,0.16,1783988922
All Pools,Gil - DAI.e,,False,0.10878,26.21,0.0,0.38,1783988922
All Pools,Slope - Now,,False,0.10864,641.37,0.0,0.02,1783988922
All Pools,Gold - Now,,False,0.10848,643.85,0.0,0.02,1783988922
All Pools,AVAX - √Root,,False,0.10826,63.73,0.0,0.16,1783988922
All Pools,Now - √Root,,False,0.1076,643.57,0.0,0.02,1783988922
All Pools,Uncontractable - AVAX,,False,0.10754,62.6,0.0,0.16,1783988922
All Pools,Uncontractable - Now,,False,0.10718,628.88,0.0,0.02,1783988922
All Pools,DAI.e - VOLT,,False,0.10714,40.87,0.0,0.24,1783988922
All Pools,SUB - USDC,,False,0.10692,11.32,0.0,0.86,1783988922
All Pools,JOE - CRA,,False,0.1058,7.073,0.0,1.36,1783988922
All Pools,APOW - USDC,,False,0.10357,21.19,0.0,0.45,1783988922
All Pools,Blue - AVAX,,False,0.10241,189.03,0.0,0.05,1783988922
All Pools,Psychic - Blue,,False,0.10198,61.47,0.0,0.15,1783988922
All Pools,METAG - USDT.e,,False,0.10016,47.07,0.0,0.19,1783988922
All Pools,Christmas - Merovingian,,False,0.09786,85.67,0.0,0.1,1783988922
All Pools,Now - Merovingian,,False,0.09711,49.58,0.0,0.18,1783988922
All Pools,YEEHAW - USDC,,False,0.09705,5.581,0.0,1.59,1783988922
All Pools,bECH - AVAX,,False,0.09466,16.86,0.0,0.51,1783988922
All Pools,AVAX - Strength,,False,0.0943,101.51,0.0,0.08,1783988922
All Pools,Go - AVAX,,False,0.09413,100.89,0.0,0.09,1783988922
All Pools,Hydrogen - AVAX,,False,0.09396,189.2,0.0,0.05,1783988922
All Pools,Psychic - Strength,,False,0.09392,55.81,0.0,0.15,1783988922
All Pools,Psychic - Go,,False,0.09364,55.31,0.0,0.15,1783988922
All Pools,Psychic - Hydrogen,,False,0.09363,61.78,0.0,0.14,1783988922
All Pools,AVAX - PERA,,False,0.09339,60.3,0.0,0.14,1783988922
All Pools,SYN - USDT.e,,False,0.09155,1.414,0.0,5.91,1783988922
All Pools,NOCHILL - AMI,,False,0.09135,3.074,0.0,2.71,1783988922
All Pools,Yellow - AVAX,,False,0.09132,190.59,0.0,0.04,1783988922
All Pools,Psychic - Yellow,,False,0.09101,61.9,0.0,0.13,1783988922
All Pools,HUSKY - MUG,,False,0.09035,13.29,0.0,0.62,1783988922
All Pools,LIBRE - USDC.e,,False,0.08859,12.26,0.0,0.66,1783988922
All Pools,AVAX - FORT,,False,0.08718,12.89,0.0,0.62,1783988922
All Pools,MIM - FORT,,False,0.08668,2695.23,0.0,0.0,1783988922
All Pools,AVAX - WOLF,,False,0.08653,53.24,0.0,0.15,1783988922
All Pools,USDC.e - WOLF,,False,0.08649,7.511,0.0,1.05,1783988922
All Pools,BLS - SHRAP,,False,0.0856,8.269,0.0,0.94,1783988922
All Pools,Psychic - SantaGospel,,False,0.08551,55.13,0.0,0.14,1783988922
All Pools,CRA - AVAX,,False,0.08445,7224.75,0.0,0.0,1783988922
All Pools,MIM - AUSD,,False,0.08431,10.8,0.0,0.71,1783988922
All Pools,WTF - AVAX,,False,0.08416,514.31,0.0,0.01,1783988922
All Pools,SURE - DAI.e,,False,0.0836,23.94,0.0,0.32,1783988922
All Pools,AVAX - NEMO,,False,0.08306,6.503,0.0,1.17,1783988922
All Pools,USDt - NEMO,,False,0.08306,95.99,0.0,0.08,1783988922
All Pools,aAvaLINK - AVAX,,False,0.0828,7.452,0.0,1.01,1783988922
All Pools,CGS - USDC.e,,False,0.08173,152.78,0.0,0.05,1783988922
All Pools,CGS - AVAX,,False,0.08157,53.95,0.0,0.14,1783988922
All Pools,aDXN - aXEN,,False,0.07941,4.891,0.0,1.48,1783988922
All Pools,aDXN - AVAX,,False,0.07911,49.88,0.0,0.14,1783988922
All Pools,Who - AVAX,,False,0.07837,100.91,0.0,0.07,1783988922
All Pools,Psychic - Who,,False,0.07808,55.85,0.0,0.13,1783988922
All Pools,ABC - AMI,,False,0.07708,2.458,0.0,2.86,1783988922
All Pools,PAPA - AVAX,,False,0.07584,10.9,0.0,0.63,1783988922
All Pools,JOE - ZUBAX,,False,0.07525,6.372,0.0,1.08,1783988922
All Pools,MIM - PAPA,,False,0.07518,66.75,0.0,0.1,1783988922
All Pools,FITFI - USDC,,False,0.07472,0.18725,0.0,36.41,1783988922
All Pools,JESUS - AVAX,,False,0.07382,9.197,0.0,0.73,1783988922
All Pools,RUG - USDT.e,,False,0.07288,10.44,0.0,0.64,1783988922
All Pools,SURE - AVAX,,False,0.07048,5.24,0.0,1.23,1783988922
All Pools,AVAX - GAU,,False,0.07016,5.676,0.0,1.13,1783988922
All Pools,WBTC.e - USDC.e,,False,0.06927,7.998,0.0,0.79,1783988922
All Pools,Chrism - ChristMark,,False,0.06757,139.05,0.0,0.04,1783988922
All Pools,SHOE - AMI,,False,0.06723,0.17732,0.0,34.59,1783988922
All Pools,Psychic - Chrism,,False,0.06693,48.76,0.0,0.13,1783988922
All Pools,SHOE - BTC.b,,False,0.06563,0.75191,0.0,7.96,1783988922
All Pools,BENIS - NOCHILL,,False,0.06536,2.707,0.0,2.2,1783988922
All Pools,USDT.e - XAVA,,False,0.06515,10.7,0.0,0.56,1783988922
All Pools,USDC.e - DAI.e,,False,0.06418,22241.0,0.0,0.0,1783988922
All Pools,Ush - AVAX,,False,0.06395,2075.61,0.0,0.0,1783988922
All Pools,GAS - AVAX,,False,0.06369,130.81,0.0,0.04,1783988922
All Pools,SLIME - AVAX,,False,0.0621,14945.0,0.0,0.0,1783988922
All Pools,SLIME - USDt,,False,0.06209,6.064,0.0,0.93,1783988922
All Pools,NineHundred - AVAX,,False,0.06145,100.8,0.0,0.06,1783988922
All Pools,MELT - AVAX,,False,0.05966,799.7,0.0,0.01,1783988922
All Pools,MELT - USDC.e,,False,0.05964,5.897,0.0,0.92,1783988922
All Pools,MaryMagdalene - FollowTheWhiteRabbit,,False,0.05939,156.47,0.0,0.03,1783988922
All Pools,Priory - AVAX,,False,0.05929,53.87,0.0,0.1,1783988922
All Pools,FollowTheWhiteRabbit - Priory,,False,0.05918,640.17,0.0,0.01,1783988922
All Pools,Psychic - NineHundred,,False,0.05913,55.05,0.0,0.1,1783988922
All Pools,BENIS - AVAX,,False,0.05899,10.69,0.0,0.5,1783988922
All Pools,MU - SOL,,False,0.05851,1.113,0.0,4.8,1783988922
All Pools,COQ - AMI,,False,0.05825,8.055,0.0,0.66,1783988922
All Pools,AVAX - Nala,,False,0.05778,18.98,0.0,0.28,1783988922
All Pools,Psychic - Nala,,False,0.05753,206.35,0.0,0.03,1783988922
All Pools,WOLF - AVAX,,False,0.05677,46.16,0.0,0.11,1783988922
All Pools,CNR - USDC,,False,0.05655,4.408,0.0,1.17,1783988922
All Pools,DUO - USDT.e,,False,0.05624,6.109,0.0,0.84,1783988922
All Pools,MU - COQAI,,False,0.05422,5.573,0.0,0.89,1783988922
All Pools,MaryMagdalene - BrideOfChrist,,False,0.0537,92.49,0.0,0.05,1783988922
All Pools,BUSD - USDC,,False,0.0525,7.358,0.0,0.65,1783988922
All Pools,AVAX - LYLY,,False,0.05246,50.49,0.0,0.09,1783988922
All Pools,KLO - USDT.e,,False,0.05236,5.373,0.0,0.89,1783988922
All Pools,CNR - AVAX,,False,0.05224,47.08,0.0,0.1,1783988922
All Pools,USDC.e - WMATIC,,False,0.05212,16.15,0.0,0.29,1783988922
All Pools,CNR - USDt,,False,0.05187,4.434,0.0,1.07,1783988922
All Pools,ACS - AVAX,,False,0.05099,172.61,0.0,0.03,1783988922
All Pools,gOHM - USDT.e,,False,0.05077,0.64199,0.0,7.22,1783988922
All Pools,AVAX - BOREA,,False,0.05028,5.426,0.0,0.85,1783988922
All Pools,USDT.e - BOREA,,False,0.05015,25.62,0.0,0.18,1783988922
All Pools,MELT - USDT.e,,False,0.04976,29.29,0.0,0.16,1783988922
All Pools,METAG - USDt,,False,0.04938,15.35,0.0,0.29,1783988922
All Pools,ACS - USDC.e,,False,0.04906,5.262,0.0,0.85,1783988922
All Pools,bCASH - TECH,,False,0.04843,11.01,0.0,0.4,1783988922
All Pools,NOCHILL - REDWOLF,,False,0.04821,2.18,0.0,2.02,1783988922
All Pools,BLUB - AVAX,,False,0.04748,32.6,0.0,0.0,1783988922
All Pools,AAVE.e - meGNX,,False,0.04745,3.553,0.0,1.22,1783988922
All Pools,USDC - AMI,,False,0.04715,0.50105,0.0,8.59,1783988922
All Pools,MIM - RUG,,False,0.04615,6.212,0.0,0.68,1783988922
All Pools,KrisKringle - ChristMark,,False,0.04594,18.72,0.0,0.22,1783988922
All Pools,KrisKringle - AVAX,,False,0.04571,18.67,0.0,0.22,1783988922
All Pools,UNIV - AVAX,,False,0.04525,6.026,0.0,0.69,1783988922
All Pools,MIM - UNIV,,False,0.04447,5.433,0.0,0.75,1783988922
All Pools,ICUBE - AVAX,,False,0.04389,5.31,0.0,0.75,1783988922
All Pools,ICUBE - USDT.e,,False,0.04384,107.25,0.0,0.04,1783988922
All Pools,CNR - REDWOLF,,False,0.0435,14.81,0.0,0.27,1783988922
All Pools,TSD - WOLF,,False,0.04292,27.91,0.0,0.14,1783988922
All Pools,USDt - DXN,,False,0.04279,214.07,0.0,0.02,1783988922
All Pools,AVAX - TMT,,False,0.04019,5.778,0.0,0.63,1783988922
All Pools,ROCO - AVAX,,False,0.04017,1331.15,0.0,0.0,1783988922
All Pools,USDT.e - TMT,,False,0.04011,25.2,0.0,0.15,1783988922
All Pools,WETH.e - meGNX,,False,0.04007,5.049,0.0,0.72,1783988922
All Pools,AVAX - BLANC,,False,0.03994,7.211,0.0,0.51,1783988922
All Pools,AVAX - GG,,False,0.03977,5.213,0.0,0.7,1783988922
All Pools,MIM - BLANC,,False,0.0395,1251.42,0.0,0.0,1783988922
All Pools,AVAI - USDC.e,,False,0.03855,26.63,0.0,0.13,1783988922
All Pools,REDWOLF - WMATIC,,False,0.03854,2.038,0.0,1.73,1783988922
All Pools,NOCHILL - MU,,False,0.0385,1.449,0.0,2.43,1783988922
All Pools,GURS - ARENA,,False,0.03838,5.216,0.0,0.67,1783988922
All Pools,AVAX - BAVA,,False,0.03809,8.589,0.0,0.4,1783988922
All Pools,AVAX - SDOG,,False,0.03765,6.485,0.0,0.53,1783988922
All Pools,FITFI - USDC.e,,False,0.03721,0.10045,0.0,33.8,1783988922
All Pools,wMEMO - AVAX,,False,0.03716,6.433,0.0,0.53,1783988922
All Pools,WLRS - GRAPE,,False,0.03649,8.909,0.0,0.37,1783988922
All Pools,WLRS - USDC.e,,False,0.03628,4003.48,0.0,0.0,1783988922
All Pools,MIM - GG,,False,0.03535,72.92,0.0,0.04,1783988922
All Pools,MPL - AVAX,,False,0.0351,5.023,0.0,0.64,1783988922
All Pools,MPL - USDt,,False,0.03504,29.76,0.0,0.11,1783988922
All Pools,AAVE.e - USDT.e,,False,0.03465,2.62,0.0,1.21,1783988922
All Pools,BTC.b - MU,,False,0.03417,9.876,0.0,0.32,1783988922
All Pools,BTC.b - USDC,,False,0.03381,4.17,0.0,0.74,1783988922
All Pools,USDC.e - RUG,,False,0.03369,17.57,0.0,0.18,1783988922
All Pools,Anon - USDC,,False,0.03338,0.6688,0.0,4.56,1783988922
All Pools,TruthClosure - AVAX,,False,0.03317,7.657,0.0,0.4,1783988922
All Pools,TruthClosure - BLACK,,False,0.03312,12.76,0.0,0.24,1783988922
All Pools,BOOTY - AVAX,,False,0.0326,1489.24,0.0,0.0,1783988922
All Pools,LINK.e - MU,,False,0.03252,6.757,0.0,0.44,1783988922
All Pools,KOVIN - AVAX,,False,0.03242,2225.45,0.0,0.0,1783988922
All Pools,COQ - BOOTY,,False,0.03239,6.665,0.0,0.44,1783988922
All Pools,MIM - TSNFTGM,,False,0.03227,3.463,0.0,0.85,1783988922
All Pools,COQ - KOVIN,,False,0.03224,8.239,0.0,0.36,1783988922
All Pools,COQ - LYLY,,False,0.03222,9.69,0.0,0.3,1783988922
All Pools,gOHM - OTWO,,False,0.03185,91058.0,0.0,0.0,1783988922
All Pools,NXPC - AVAX,,False,0.03149,0.97681,0.0,2.94,1783988922
All Pools,wsOHM - OTWO,,False,0.03148,1.538,0.0,1.87,1783988922
All Pools,wALGO - AVAX,,False,0.03092,115.1,0.0,0.02,1783988922
All Pools,wALGO - USDC,,False,0.03084,2.39,0.0,1.18,1783988922
All Pools,AVAX - WSPP,,False,0.03068,2.311,0.0,1.21,1783988922
All Pools,USDC - WSPP,,False,0.03062,41.92,0.0,0.07,1783988922
All Pools,AVAX - BLACK,,False,0.03049,3.251,0.0,0.86,1783988922
All Pools,TSNFTGM - DAI.e,,False,0.02979,29.29,0.0,0.09,1783988922
All Pools,AVAX - CAST,,False,0.02953,1374.05,0.0,0.0,1783988922
All Pools,FollowTheWhiteRabbit - AVAX,,False,0.02945,115.4,0.0,0.02,1783988922
All Pools,XIO - AVAX,,False,0.02914,2.316,0.0,1.15,1783988922
All Pools,XIO - USDC,,False,0.02908,23.95,0.0,0.11,1783988922
All Pools,AVAX - SPADE,,False,0.02901,4.867,0.0,0.54,1783988922
All Pools,USDC.e - SPADE,,False,0.029,15.41,0.0,0.17,1783988922
All Pools,LUNA - LUNA,,False,0.02895,1.825,0.0,1.45,1783988922
All Pools,LoveIsTheKey - FollowTheWhiteRabbit,,False,0.02895,44.37,0.0,0.06,1783988922
All Pools,LoveIsTheKey - BLACK,,False,0.0289,4.13,0.0,0.64,1783988922
All Pools,JOE - REDWOLF,,False,0.02886,2.728,0.0,0.97,1783988922
All Pools,USDT.e - DAI.e,,False,0.02809,7179.75,0.0,0.0,1783988922
All Pools,COQ - REDWOLF,,False,0.0277,8.62,0.0,0.29,1783988922
All Pools,AVAX - USDR,,False,0.02732,2.441,0.0,1.02,1783988922
All Pools,SNP - AVAX,,False,0.02672,7.728,0.0,0.32,1783988922
All Pools,COQ - SNP,,False,0.02654,16.05,0.0,0.15,1783988922
All Pools,ARENA - AMI,,False,0.02634,0.86797,0.0,2.77,1783988922
All Pools,BGLD - AVAX,,False,0.02627,3.552,0.0,0.67,1783988922
All Pools,BGLD - USDT.e,,False,0.02626,16.37,0.0,0.15,1783988922
All Pools,SBR - AVAX,,False,0.02582,3.78,0.0,0.62,1783988922
All Pools,MCV - AVAX,,False,0.0258,283.38,0.0,0.01,1783988922
All Pools,COQ - MCV,,False,0.02566,6.287,0.0,0.37,1783988922
All Pools,WDAO - AVAX,,False,0.02558,9.937,0.0,0.23,1783988922
All Pools,MIM - SBR,,False,0.02554,11.37,0.0,0.2,1783988922
All Pools,aAvaLINK - meGNX,,False,0.02541,8.528,0.0,0.27,1783988922
All Pools,WDAO - MIM,,False,0.02535,5.409,0.0,0.43,1783988922
All Pools,ElvisJackpot - Gravity,,False,0.02516,14.37,0.0,0.16,1783988922
All Pools,ElvisJackpot - BLACK,,False,0.02495,10.02,0.0,0.23,1783988922
All Pools,wMEMO - MIM,,False,0.02487,4.394,0.0,0.52,1783988922
All Pools,AMI - SQRCAT,,False,0.02483,10.12,0.0,0.22,1783988922
All Pools,AVAX - SQRCAT,,False,0.02478,4216.73,0.0,0.0,1783988922
All Pools,BLACK - SantaGospel,,False,0.02436,2.575,0.0,0.86,1783988922
All Pools,ARA - AVAX,,False,0.02428,2.311,0.0,0.96,1783988922
All Pools,GG - AVAX,,False,0.02416,5.717,0.0,0.39,1783988922
All Pools,ZUM - NOCHILL,,False,0.02398,0.72222,0.0,3.03,1783988922
All Pools,BSGG - AVAX,,False,0.0239,2.519,0.0,0.87,1783988922
All Pools,MIM - GG,,False,0.0239,4.934,0.0,0.44,1783988922
All Pools,GURS - NOCHILL,,False,0.02348,1.123,0.0,1.91,1783988922
All Pools,AVAX - NADO,,False,0.02336,2.581,0.0,0.83,1783988922
All Pools,MIM - NADO,,False,0.02311,175.11,0.0,0.01,1783988922
All Pools,ARENA - MU,,False,0.02218,2.723,0.0,0.74,1783988922
All Pools,DBY - AVAX,,False,0.02191,7474.89,0.0,0.0,1783988922
All Pools,USDR - USDC,,False,0.02146,39.9,0.0,0.05,1783988922
All Pools,AVAX - SHRAP,,False,0.02129,11.62,0.0,0.17,1783988922
All Pools,COQ - MU,,False,0.02036,3.414,0.0,0.54,1783988922
All Pools,NOCHILL - WAIFU,,False,0.02035,138.2,0.0,0.01,1783988922
All Pools,Milk - AVAX,,False,0.01995,5.362,0.0,0.34,1783988922
All Pools,QI - LYLY,,False,0.01993,1.771,0.0,1.03,1783988922
All Pools,Milk - USDT.e,,False,0.01984,13.89,0.0,0.13,1783988922
All Pools,gOHM - USDC.e,,False,0.01958,0.3261,0.0,5.48,1783988922
All Pools,AVAX - AMONKS,,False,0.01953,1141.69,0.0,0.0,1783988922
All Pools,REDWOLF - AMONKS,,False,0.01947,5.627,0.0,0.32,1783988922
All Pools,AVAX - GOT,,False,0.0191,4.263,0.0,0.41,1783988922
All Pools,USDT.e - GOT,,False,0.01897,12.4,0.0,0.14,1783988922
All Pools,SOB - AVAX,,False,0.0183,389.42,0.0,0.0,1783988922
All Pools,LIFE - AVAX,,False,0.01817,2.672,0.0,0.62,1783988922
All Pools,SOB - LUNA,,False,0.01799,0.80108,0.0,2.05,1783988922
All Pools,MIM - LIFE,,False,0.01795,11.21,0.0,0.15,1783988922
All Pools,AVAX - DAI,,False,0.01792,55.91,0.0,0.03,1783988922
All Pools,MAJIN - AVAX,,False,0.01777,3013.26,0.0,0.0,1783988922
All Pools,MAJIN - MU,,False,0.0177,3.676,0.0,0.44,1783988922
All Pools,GATOR - AMI,,False,0.01765,3.055,0.0,0.53,1783988922
All Pools,WOLF - MU,,False,0.01756,3.778,0.0,0.42,1783988922
All Pools,MIM - DICK,,False,0.01742,2.153,0.0,0.74,1783988922
All Pools,MIM - sTHO,,False,0.01738,203.58,0.0,0.01,1783988922
All Pools,DICK - AVAX,,False,0.01733,6.097,0.0,0.26,1783988922
All Pools,SUB - AVAX,,False,0.01714,14.8,0.0,0.11,1783988922
All Pools,ZH - USDC.e,,False,0.0169,22.25,0.0,0.07,1783988922
All Pools,DUNEV3 - USDC.e,,False,0.01688,25237.0,0.0,0.0,1783988922
All Pools,ZH - JOE,,False,0.01656,2.054,0.0,0.74,1783988922
All Pools,MIM - DUNEV3,,False,0.01654,53686.0,0.0,0.0,1783988922
All Pools,JOE - AVE,,False,0.01619,1.179,0.0,1.25,1783988922
All Pools,KOKSAL - USDC,,False,0.01617,4.434,0.0,0.33,1783988922
All Pools,KOKSAL - AVAX,,False,0.01617,2.759,0.0,0.53,1783988922
All Pools,YEEHAW - AMI,,False,0.01577,3.091,0.0,0.47,1783988922
All Pools,DUA - USDC,,False,0.01577,11.42,0.0,0.13,1783988922
All Pools,AVAX - DUA,,False,0.01577,1.718,0.0,0.84,1783988922
All Pools,YAK - JOE,,False,0.01575,0.89807,0.0,1.6,1783988922
All Pools,SHOE - COQ,,False,0.0155,0.03762,0.0,37.59,1783988922
All Pools,KOVIN - MU,,False,0.01511,2.493,0.0,0.55,1783988922
All Pools,AAVE.e - USDC.e,,False,0.0147,1.265,0.0,1.06,1783988922
All Pools,NRK - DAI.e,,False,0.01406,280.4,0.0,0.0,1783988922
All Pools,SMRT - XAVA,,False,0.01388,2.235,0.0,0.57,1783988922
All Pools,Trinity - FourFourFour,,False,0.01382,3.545,0.0,0.36,1783988922
All Pools,MIM - SPELL,,False,0.01382,2.432,0.0,0.52,1783988922
All Pools,WOLF - USDT.e,,False,0.01379,3.17,0.0,0.4,1783988922
All Pools,FourFourFour - BLACK,,False,0.01377,3.207,0.0,0.39,1783988922
All Pools,UST - USDC,,False,0.01359,3.921,0.0,0.32,1783988922
All Pools,HCT - AVAX,,False,0.01352,2.618,0.0,0.47,1783988922
All Pools,CATWIF - AVAX,,False,0.0129,2350.64,0.0,0.0,1783988922
All Pools,HIGHER - AVAX,,False,0.01289,1.194,0.0,0.99,1783988922
All Pools,COQ - ARENA,,False,0.01287,0.78929,0.0,1.49,1783988922
All Pools,CATWIF - MU,,False,0.01283,3.007,0.0,0.39,1783988922
All Pools,AVAX - iBONE,,False,0.01268,4.221,0.0,0.27,1783988922
All Pools,ChristMark - ChristIAmYou,,False,0.01268,20.1,0.0,0.06,1783988922
All Pools,USDT.e - iBONE,,False,0.01259,4.464,0.0,0.26,1783988922
All Pools,KIMBO - AMI,,False,0.01257,2.341,0.0,0.49,1783988922
All Pools,BLACK - ChristIAmYou,,False,0.01242,1.263,0.0,0.9,1783988922
All Pools,BIRD - AVAX,,False,0.01232,0.00945,0.0,118.9,1783988922
All Pools,WTHT - AXIAL,,False,0.01226,0.28592,0.0,3.91,1783988922
All Pools,Psychic - BirthingCode,,False,0.01203,46.25,0.0,0.02,1783988922
All Pools,Psychic - Equal,,False,0.01202,46.24,0.0,0.02,1783988922
All Pools,Psychic - YouAndI,,False,0.01202,46.24,0.0,0.02,1783988922
All Pools,Psychic - Turtle,,False,0.01187,46.25,0.0,0.02,1783988922
All Pools,Psychic - Finish,,False,0.01185,46.21,0.0,0.02,1783988922
All Pools,AVAX - LAST,,False,0.01183,733.11,0.0,0.0,1783988922
All Pools,AVAX - APE - X,,False,0.01183,471.22,0.0,0.0,1783988922
All Pools,BirthingCode - BLACK,,False,0.0118,1.235,0.0,0.87,1783988922
All Pools,Equal - BLACK,,False,0.01179,1.236,0.0,0.87,1783988922
All Pools,YouAndI - BLACK,,False,0.01179,1.237,0.0,0.87,1783988922
All Pools,Psychic - TrueStory,,False,0.01179,46.24,0.0,0.02,1783988922
All Pools,Turtle - BLACK,,False,0.01166,1.235,0.0,0.86,1783988922
All Pools,Finish - BLACK,,False,0.01163,1.244,0.0,0.85,1783988922
All Pools,TrueStory - BLACK,,False,0.01157,1.236,0.0,0.85,1783988922
All Pools,AVAX - DWC,,False,0.01157,4102.51,0.0,0.0,1783988922
All Pools,DWC - MU,,False,0.0115,2.751,0.0,0.38,1783988922
All Pools,TECH - AMI,,False,0.01146,1.651,0.0,0.63,1783988922
All Pools,BTC.b - yyAVAX,,False,0.01144,4.14,0.0,0.25,1783988922
All Pools,GURS - HOWDY,,False,0.01135,0.57722,0.0,1.79,1783988922
All Pools,USDC - USDT.e,,False,0.01134,154.66,0.0,0.01,1783988922
All Pools,AVAX - MICRO,,False,0.01109,18.59,0.0,0.05,1783988922
All Pools,COQ - MICRO,,False,0.01102,2.667,0.0,0.38,1783988922
All Pools,AMPL - AVAX,,False,0.011,203.92,0.0,0.0,1783988922
All Pools,BEAM - MU,,False,0.01091,0.94564,0.0,1.05,1783988922
All Pools,WINK - AVAX,,False,0.0104,41.44,0.0,0.02,1783988922
All Pools,aAvaLINK - LINK.e,,False,0.01011,1.588,0.0,0.58,1783988922
All Pools,TEMPO - AVAX,,False,0.01003,1.822,0.0,0.5,1783988922
All Pools,MIM - TEMPO,,False,0.00994,5.176,0.0,0.18,1783988922
All Pools,GMX - USDC,,False,0.00977,0.81385,0.0,1.09,1783988922
All Pools,NXPC - USDC,,False,0.00962,0.66502,0.0,1.32,1783988922
All Pools,QI - USDC.e,,False,0.00953,0.63442,0.0,1.37,1783988922
All Pools,HERESY - MEOW,,False,0.00917,0.18647,0.0,4.49,1783988922
All Pools,AVAX - LODE,,False,0.00912,0.83109,0.0,1.0,1783988922
All Pools,AVAX - WOHM,,False,0.00871,1.163,0.0,0.68,1783988922
All Pools,GURS - AMI,,False,0.00867,1.257,0.0,0.63,1783988922
All Pools,MIM - WOHM,,False,0.00859,13.42,0.0,0.06,1783988922
All Pools,USDC.e - UST,,False,0.00852,1.548,0.0,0.5,1783988922
All Pools,HH - ARENA,,False,0.00847,1.646,0.0,0.47,1783988922
All Pools,HH - AVAX,,False,0.0084,237.7,0.0,0.0,1783988922
All Pools,Gladiator - AVAX,,False,0.00834,1.512,0.0,0.5,1783988922
All Pools,FINANCE - NOCHILL,,False,0.00833,359.58,0.0,0.0,1783988922
All Pools,TRACTOR - AVAX,,False,0.00813,10616.0,0.0,0.0,1783988922
All Pools,TRACTOR - JOE,,False,0.00806,1.122,0.0,0.66,1783988922
All Pools,BNZ - KET,,False,0.00805,2.464,0.0,0.3,1783988922
All Pools,SNO Token - AVAX,,False,0.00804,1.124,0.0,0.65,1783988922
All Pools,SNO Token - JOE,,False,0.00797,49.77,0.0,0.01,1783988922
All Pools,YEEHAW - ARENA,,False,0.00751,0.86323,0.0,0.79,1783988922
All Pools,AVAX - EDG,,False,0.0073,1.382,0.0,0.48,1783988922
All Pools,QI - REDWOLF,,False,0.00725,1.13,0.0,0.59,1783988922
All Pools,AMI - MU,,False,0.00723,1.244,0.0,0.53,1783988922
All Pools,MIM - EDG,,False,0.00722,1.577,0.0,0.42,1783988922
All Pools,WETH.e - MU,,False,0.00716,1.759,0.0,0.37,1783988922
All Pools,HIGHER - AMI,,False,0.00682,1.876,0.0,0.33,1783988922
All Pools,SNLP - AVAX,,False,0.00663,2620.07,0.0,0.0,1783988922
All Pools,JOE - SNLP,,False,0.00656,1.051,0.0,0.57,1783988922
All Pools,AVAX - VYBE,,False,0.00635,1.676,0.0,0.35,1783988922
All Pools,MIM - VYBE,,False,0.00628,0.8722,0.0,0.66,1783988922
All Pools,LF - USDT.e,,False,0.00618,0.98528,0.0,0.57,1783988922
All Pools,WINK - NOCHILL,,False,0.00606,0.37476,0.0,1.48,1783988922
All Pools,HIGHER - NOCHILL,,False,0.00602,0.17896,0.0,3.07,1783988922
All Pools,JOE - CNR,,False,0.006,0.72251,0.0,0.76,1783988922
All Pools,AVAX - AXIAL,,False,0.00578,596.19,0.0,0.0,1783988922
All Pools,JOE - USDR,,False,0.00577,0.53599,0.0,0.98,1783988922
All Pools,AVAX - OK,,False,0.00564,1.595,0.0,0.32,1783988922
All Pools,USDC - OK,,False,0.00559,1.153,0.0,0.44,1783988922
All Pools,MIM - AFARMER,,False,0.00555,3681.7,0.0,0.0,1783988922
All Pools,WETH.e - STATIK,,False,0.00545,0.97888,0.0,0.51,1783988922
All Pools,JOE - USDt,,False,0.0053,0.6379,0.0,0.76,1783988922
All Pools,AUSD - HUSKY,,False,0.00513,0.45236,0.0,1.04,1783988922
All Pools,YAK - USDT.e,,False,0.00495,0.53488,0.0,0.84,1783988922
All Pools,GMX - USDt,,False,0.00494,0.33724,0.0,1.34,1783988922
All Pools,TEDDY - USDC,,False,0.00489,0.62469,0.0,0.71,1783988922
All Pools,USDC - LODE,,False,0.00483,847.95,0.0,0.0,1783988922
All Pools,AVAX - SOL,,False,0.00481,0.06746,0.0,6.5,1783988922
All Pools,AVAX - PAR,,False,0.0048,1.294,0.0,0.34,1783988922
All Pools,MIM - PAR,,False,0.00473,0.4739,0.0,0.91,1783988922
All Pools,Oracle - BLACK,,False,0.00467,1.245,0.0,0.34,1783988922
All Pools,YEEHAW - ABC,,False,0.00444,0.24833,0.0,1.63,1783988922
All Pools,PinOcchio - AVAX,,False,0.00443,7.729,0.0,0.05,1783988922
All Pools,PinOcchio - Gravity,,False,0.00441,1.487,0.0,0.27,1783988922
All Pools,NOCHILL - ARENA,,False,0.00439,0.24971,0.0,1.61,1783988922
All Pools,ETHM - AVAX,,False,0.00434,21.43,0.0,0.02,1783988922
All Pools,WETH.e - ETHM,,False,0.00428,0.40753,0.0,0.96,1783988922
All Pools,USDC.e - GG,,False,0.00414,0.37297,0.0,1.01,1783988922
All Pools,BNZ - WINK,,False,0.00408,0.24471,0.0,1.52,1783988922
All Pools,AMI - EROL,,False,0.00394,0.30443,0.0,1.18,1783988922
All Pools,ERROR - AMI,,False,0.0035,1.743,0.0,0.18,1783988922
All Pools,AVAX - WINE,,False,0.00343,0.08444,0.0,3.7,1783988922
All Pools,JOE - GB,,False,0.00324,0.1552,0.0,1.91,1783988922
All Pools,AVAX - MTB,,False,0.00321,0.42472,0.0,0.69,1783988922
All Pools,AVAX - DREX,,False,0.00317,0.19887,0.0,1.46,1783988922
All Pools,MIM - MTB,,False,0.00315,0.44536,0.0,0.64,1783988922
All Pools,COQ - SHEN,,False,0.00313,0.31449,0.0,0.91,1783988922
All Pools,MIM - DREX,,False,0.00312,5.654,0.0,0.05,1783988922
All Pools,SHEN - AVAX,,False,0.00309,40.03,0.0,0.01,1783988922
All Pools,SNTA - MIM,,False,0.00299,0.32061,0.0,0.85,1783988922
All Pools,GRAPE - AVAX,,False,0.00298,0.09549,0.0,2.84,1783988922
All Pools,LIFE - AVAX,,False,0.00294,0.74014,0.0,0.36,1783988922
All Pools,MIM - LIFE,,False,0.00289,0.23726,0.0,1.11,1783988922
All Pools,USDC.e - TIME,,False,0.0028,0.19486,0.0,1.31,1783988922
All Pools,JOE - aXEN,,False,0.00274,0.17347,0.0,1.44,1783988922
All Pools,DB - AVAX,,False,0.00271,1.368,0.0,0.18,1783988922
All Pools,STG - JOE,,False,0.00268,0.10315,0.0,2.37,1783988922
All Pools,xJOE - AVAX,,False,0.00268,1.779,0.0,0.14,1783988922
All Pools,FAP - AVAX,,False,0.00267,67.68,0.0,0.0,1783988922
All Pools,MIM - DB,,False,0.00266,0.18975,0.0,1.28,1783988922
All Pools,xJOE - wsOHM,,False,0.00263,0.17744,0.0,1.35,1783988922
All Pools,MIM - FAP,,False,0.00255,0.04764,0.0,4.89,1783988922
All Pools,JOE - AMI,,False,0.00227,0.14433,0.0,1.43,1783988922
All Pools,ABC - MU,,False,0.00217,0.0524,0.0,3.78,1783988922
All Pools,NineHundred - BLACK,,False,0.00213,2.595,0.0,0.07,1783988922
All Pools,AVAX - PLEB,,False,0.0021,0.08878,0.0,2.16,1783988922
All Pools,BLOB - AVAX,,False,0.00206,2309.5,0.0,0.0,1783988922
All Pools,MIM - PLEB,,False,0.00205,8.008,0.0,0.02,1783988922
All Pools,LUNA - USDC,,False,0.00199,0.09458,0.0,1.92,1783988922
All Pools,MIM - AKITA,,False,0.00197,0.08105,0.0,2.22,1783988922
All Pools,AMI - COQAI,,False,0.00197,2.716,0.0,0.07,1783988922
All Pools,ACS - USDt,,False,0.00182,0.95483,0.0,0.17,1783988922
All Pools,USDC.e - XAVA,,False,0.00177,0.34102,0.0,0.47,1783988922
All Pools,LAMA - AVAX,,False,0.00161,8356.9,0.0,0.0,1783988922
All Pools,UST - WINE,,False,0.00152,0.11517,0.0,1.2,1783988922
All Pools,TSD - USDC.e,,False,0.00148,0.06215,0.0,2.17,1783988922
All Pools,BTC.b - GMX,,False,0.00125,1.244,0.0,0.09,1783988922
All Pools,ILoveMyTwinFlame - AVAX,,False,0.00115,3.981,0.0,0.03,1783988922
All Pools,ILoveMyTwinFlame - Gravity,,False,0.00114,1.608,0.0,0.06,1783988922
All Pools,YEEHAW - Gladiator,,False,0.00108,0.085,0.0,1.16,1783988922
All Pools,USDC - XPOW,,False,0.00102,0.024,0.0,3.86,1783988922
All Pools,GRAPE - USDC.e,,False,0.00101,0.03926,0.0,2.34,1783988922
All Pools,COQ - USDt,,False,0.0,0.04132,0.0,2.04,1783988922
All Pools,AVME - AVAX,,False,0.0,0.00164,0.0,45.5,1783988922
All Pools,CRAFT - AVAX,,False,0.0,289.02,0.0,0.0,1783988922
All Pools,ROCO - USDT.e,,False,0.0,0.10341,0.0,0.67,1783988922
All Pools,PGX - AVAX,,False,0.0,10107.0,0.0,0.0,1783988922
All Pools,SYN - JOE,,False,0.0,0.01724,0.0,3.2,1783988922
All Pools,FollowTheWhiteRabbit - BLACK,,False,0.0,0.12622,0.0,0.41,1783988922
All Pools,SPORE - USDC,,False,0.0,1393.97,0.0,0.0,1783988922
All Pools,DONK - AVAX,,False,0.0,21.57,0.0,0.0,1783988922
All Pools,aAVAXb - AVAX,,False,0.0,0.25493,0.0,0.02,1783988922
All Pools,EZE - AVAX,,False,0.0,0.04804,0.0,0.03,1783988922
All Pools,MU - KET,,False,0.0,0.93186,0.0,0.0,1783988922
All Pools,FATE - USDC,,False,0.0,451017.0,0.0,0.0,1783988922
All Pools,MIM - JOE,,False,0.0,0.00212,0.0,0.02,1783988922
All Pools,sAVAX - WETH.e,,False,0.0,0.00965,0.0,0.0,1783988922
All Pools,AVAX - USDC,0.05,False,1270619.0,375579.0,686.81,66.75,1783988991
All Pools,AUSD - USDC,0.01,False,136090.0,101337.0,12.84,4.63,1783988991
All Pools,sAVAX - AVAX,0.01,False,126116.0,46602.0,14.35,11.24,1783988991
All Pools,BTC.b - USDC,0.05,False,76237.0,566675.0,40.11,2.58,1783988991
All Pools,USDt - USDC,0.005,False,66813.0,160502.0,5.113,1.16,1783988991
All Pools,USDt - USDC,0.01,False,65393.0,163238.0,7.179,1.61,1783988991
All Pools,AUSD - USDt,0.01,False,45836.0,59935.0,4.697,2.86,1783988991
All Pools,AVAX - USDT.e,0.3,False,30328.0,467765.0,75.82,5.92,1783988991
All Pools,AVAX - USDC,0.3,False,26323.0,344471.0,65.81,6.97,1783988991
All Pools,USDC.e - AVAX,0.3,False,25780.0,364233.0,64.45,6.46,1783988991
All Pools,AAVE.e - AVAX,0.3,False,25054.0,257642.0,62.64,8.87,1783988991
All Pools,FOLKS - AVAX,0.25,False,22431.0,35340.0,57.89,59.79,1783988991
All Pools,AVAX - USDt,0.2,False,19714.0,97864.0,39.9,14.88,1783988991
All Pools,USDC - XAVA,0.3,False,17403.0,489371.0,43.51,3.24,1783988991
All Pools,USDT.e - USDC,0.02,False,17065.0,51158.0,3.428,2.45,1783988991
All Pools,gOHM - AVAX,0.3,False,16240.0,124241.0,40.6,11.93,1783988991
All Pools,WETH.e - AVAX,0.3,False,15282.0,365245.0,38.2,3.82,1783988991
All Pools,AVAX - BTC.b,0.05,False,14997.0,26586.0,9.71,13.33,1783988991
All Pools,USDT.e - USDt,0.02,False,12708.0,44519.0,2.547,2.09,1783988991
All Pools,ARENA - AVAX,0.01,False,9496.48,97454.0,0.94952,0.36,1783988991
All Pools,COQ - AVAX,0.3,False,8634.8,396125.0,21.59,1.99,1783988991
All Pools,JOE - USDC.e,0.3,False,8081.62,257431.0,20.2,2.86,1783988991
All Pools,XAVA - AVAX,0.8,False,7971.66,155247.0,64.18,15.09,1783988991
All Pools,JOE - AVAX,0.3,False,6410.47,209229.0,16.03,2.8,1783988991
All Pools,WBTC.e - AVAX,0.3,False,5372.56,129721.0,13.43,3.78,1783988991
All Pools,NXUSD - WXT,0.3,False,4865.37,473281.0,12.16,0.94,1783988991
All Pools,BTC.b - AVAX,0.3,False,4449.05,106132.0,11.12,3.83,1783988991
All Pools,MIM - AVAX,0.3,False,4100.19,183843.0,10.25,2.04,1783988991
All Pools,QI - AVAX,0.3,False,3532.63,127467.0,8.832,2.53,1783988991
All Pools,DAI.e - USDC,0.02,False,3381.87,29461.0,0.67009,0.83,1783988991
All Pools,WBTC - BTC.b,0.03,False,3313.12,79894.0,1.008,0.46,1783988991
All Pools,GUN - AVAX,0.25,False,3244.57,9308.75,12.96,50.83,1783988991
All Pools,USDt - AVAX,0.3,False,2954.85,38438.0,7.387,7.01,1783988991
All Pools,LINK.e - AVAX,0.3,False,2603.78,38144.0,6.509,6.23,1783988991
All Pools,LCPEDU - USDt,0.8,False,2338.38,7178730.0,37.49,0.19,1783988991
All Pools,BEAM - AVAX,0.25,False,2043.92,14219.0,5.246,13.47,1783988991
All Pools,NOCHILL - AVAX,0.3,False,2026.99,51022.0,5.067,3.63,1783988991
All Pools,BEAM - USDC,0.3,False,1909.53,65598.0,4.774,2.66,1783988991
All Pools,USDC.e - USDC,0.02,False,1902.02,3891.9,0.39314,3.69,1783988991
All Pools,ORNG - AVAX,0.3,False,1838.51,16660.0,4.596,10.07,1783988991
All Pools,ZRO - AVAX,0.25,False,1834.06,1631.96,13.68,306.06,1783988991
All Pools,QI - AVAX,0.25,False,1681.82,7680.3,4.236,20.13,1783988991
All Pools,AVAX - DAI.e,0.3,False,1622.83,28454.0,4.057,5.2,1783988991
All Pools,SolvBTC - BTC.b,0.04,False,1518.14,174173.0,0.64822,0.14,1783988991
All Pools,HUNDRED - USDC,0.3,False,1275.16,491229.0,3.188,0.24,1783988991
All Pools,JOE - USDT.e,0.3,False,1226.36,51635.0,3.066,2.17,1783988991
All Pools,SB - AVAX,0.3,False,1214.76,5959.02,3.037,18.6,1783988991
All Pools,HERESY - AVAX,0.3,False,1186.76,14461.0,2.967,7.49,1783988991
All Pools,USDC.e - USDC,0.02,False,1089.48,9733.46,0.13743,0.52,1783988991
All Pools,GUN - AVAX,0.1,False,980.71,16654.0,2.677,5.87,1783988991
All Pools,WBTC.e - BTC.b,0.03,False,757.73,221916.0,0.25257,0.04,1783988991
All Pools,JOE - USDC,0.3,False,737.05,23425.0,1.843,2.87,1783988991
All Pools,USDT.e - USDC,0.02,False,631.54,898.84,0.06598,2.68,1783988991
All Pools,AVAX - DOMI,0.3,False,623.67,11486.0,1.559,4.95,1783988991
All Pools,XSEED - AVAX,0.3,False,479.68,15911.0,1.199,2.75,1783988991
All Pools,AVAX - XAVA,0.3,False,478.68,12840.0,1.197,3.4,1783988991
All Pools,WETH.e - USDC.e,0.3,False,462.15,10787.0,1.155,3.91,1783988991
All Pools,JPYC - USDC,0.04,False,461.15,3190.59,0.20031,2.29,1783988991
All Pools,SYN - AVAX,0.3,False,460.68,5111.21,1.152,8.22,1783988991
All Pools,gOHM - FRAX,0.3,False,422.99,3425.38,1.057,11.27,1783988991
All Pools,EURC - USDC,0.03,False,385.94,10467.0,0.11336,0.4,1783988991
All Pools,AVAX - RISE,0.3,False,383.4,42790.0,0.95851,0.82,1783988991
All Pools,XAUt0 - USDt,0.04,False,364.36,24746.0,0.34346,0.51,1783988991
All Pools,MIM - SB,0.3,False,319.33,2234.26,0.79833,13.04,1783988991
All Pools,USDC.e - USDC,0.3,False,307.08,481309.0,0.76771,0.06,1783988991
All Pools,XSGD - USDC,0.05,False,301.77,430.91,0.05015,4.25,1783988991
All Pools,AVAX - JUICE,0.3,False,225.82,9339.36,0.56455,2.21,1783988991
All Pools,PRIME - AVAX,0.4,False,225.16,112881.0,2.233,0.72,1783988991
All Pools,USDt - ncash,0.3,False,211.1,1010.32,0.52774,19.07,1783988991
All Pools,GMX - AVAX,0.3,False,206.33,3782.22,0.51582,4.98,1783988991
All Pools,OSAK - AVAX,0.3,False,198.42,3166.87,0.49606,5.72,1783988991
All Pools,FITFI - USDT.e,0.3,False,197.59,156.67,0.49398,115.08,1783988991
All Pools,DAI.e - USDC,0.02,False,186.46,2586.87,0.03642,0.51,1783988991
All Pools,w3ULL - AVAX,0.3,False,153.43,51423.0,0.38356,0.27,1783988991
All Pools,COQ - COQAI,0.3,False,147.68,18667.0,0.36919,0.72,1783988991
All Pools,UST - AVAX,0.3,False,145.15,5857.89,0.36287,2.26,1783988991
All Pools,ALOT - AVAX,0.3,False,144.06,10142.0,0.36016,1.3,1783988991
All Pools,XPOW - AVAX,0.8,False,135.19,235.84,1.238,191.54,1783988991
All Pools,AVAX - ALVA,0.3,False,126.67,776.59,0.31666,14.88,1783988991
All Pools,APIX - USDt,0.3,False,124.43,5848.55,0.31107,1.94,1783988991
All Pools,AVAX - UST,0.3,False,121.57,6766.87,0.30393,1.64,1783988991
All Pools,AI - AVAX,0.3,False,107.56,3115.66,0.2689,3.15,1783988991
All Pools,STG - USDC,0.3,False,105.63,1227.96,0.26406,7.85,1783988991
All Pools,GB - AVAX,0.3,False,103.81,1881.82,0.25952,5.03,1783988991
All Pools,WETH.e - USDC,0.3,False,91.79,19.99,0.22946,419.02,1783988991
All Pools,STG - AVAX,0.3,False,89.62,1025.63,0.22404,7.97,1783988991
All Pools,FLD - AVAX,0.3,False,81.41,34954.0,0.20353,0.21,1783988991
All Pools,USDC.e - USDC,0.02,False,79.22,1955.01,0.01588,0.3,1783988991
All Pools,APIX - ID,0.3,False,70.73,16940.0,0.17683,0.38,1783988991
All Pools,XAVA - AVAX,0.8,False,68.86,452.03,0.5614,45.33,1783988991
All Pools,KLO - AVAX,0.3,False,63.89,11835.0,0.15972,0.49,1783988991
All Pools,APIX - USDC,0.3,False,62.85,2915.62,0.15713,1.97,1783988991
All Pools,EMIN - AVAX,0.3,False,62.23,2123.34,0.15556,2.67,1783988991
All Pools,WBTC.e - USDC,0.3,False,58.45,0.39404,0.14613,13535.81,1783988991
All Pools,USDt - USDC,0.02,False,56.93,2238.19,0.01144,0.19,1783988991
All Pools,HEFE - AVAX,0.3,False,55.64,26838.0,0.13909,0.19,1783988991
All Pools,MIM - USDT.e,0.3,False,50.82,1526.09,0.12705,3.04,1783988991
All Pools,BLSEYE🎯 - AVAX,0.3,False,49.43,4399.06,0.12357,1.03,1783988991
All Pools,GUN - BLSEYE🎯,0.3,False,40.32,426.91,0.10081,8.62,1783988991
All Pools,AVAX - AMI,0.3,False,39.12,349.15,0.09781,10.23,1783988991
All Pools,ROY - AVAX,0.3,False,33.2,3942.06,0.08299,0.77,1783988991
All Pools,ABC - AVAX,0.3,False,33.09,488.13,0.08273,6.19,1783988991
All Pools,Balln - AVAX,0.3,False,32.54,3778.61,0.08134,0.79,1783988991
All Pools,SECOND - USDC,0.3,False,31.73,6996.98,0.07931,0.41,1783988991
All Pools,SECOND - AVAX,0.3,False,31.72,1447.91,0.07931,2.0,1783988991
All Pools,ZRO - AVAX,0.3,False,31.63,134.14,0.07906,21.51,1783988991
All Pools,GURS - AVAX,0.3,False,30.74,5442.58,0.07685,0.52,1783988991
All Pools,ISA - AVAX,0.3,False,29.56,16748.0,0.07391,0.16,1783988991
All Pools,ISA - USDC.e,0.3,False,29.13,1433.78,0.07282,1.85,1783988991
All Pools,AVAX - TOPIA,0.3,False,28.13,1062.91,0.07033,2.42,1783988991
All Pools,RGOGLZ - USDC,0.3,False,27.18,1318.78,0.06794,1.88,1783988991
All Pools,MIM - USDC.e,0.3,False,27.08,776.95,0.06771,3.18,1783988991
All Pools,Psychic - AVAX,0.3,False,25.42,872.86,0.06354,2.66,1783988991
All Pools,BEAM - AVAX,0.3,False,24.55,376.84,0.06138,5.95,1783988991
All Pools,PNG - AVAX,0.3,False,23.0,795.51,0.0575,2.64,1783988991
All Pools,GUN - AVAX,0.3,False,21.51,194.55,0.05378,10.09,1783988991
All Pools,DCAU - USDT.e,0.3,False,21.43,5046.0,0.05358,0.39,1783988991
All Pools,AVAX - FRAX,0.3,False,21.3,674.1,0.05326,2.88,1783988991
All Pools,DCAU - AVAX,0.3,False,20.04,1014.06,0.05011,1.8,1783988991
All Pools,WETH.e - USDC,0.15,False,19.4,8878.59,0.02961,0.12,1783988991
All Pools,BNB - AVAX,0.3,False,19.35,2769.49,0.04837,0.64,1783988991
All Pools,LUNA - USDC.e,0.3,False,19.14,641.99,0.04786,2.72,1783988991
All Pools,FITFI - AVAX,0.3,False,18.61,13.92,0.04651,121.95,1783988991
All Pools,BINI - AVAX,0.3,False,18.47,0.07743,0.04617,21764.39,1783988991
All Pools,BOI - AVAX,0.3,False,18.26,40.78,0.04564,40.84,1783988991
All Pools,SHRAP - AVAX,0.8,False,17.58,8730.61,0.14138,0.59,1783988991
All Pools,APIX - ARENA,0.3,False,17.29,1652.51,0.04323,0.95,1783988991
All Pools,AVAX - SOLNIC,0.3,False,17.18,3532.29,0.04295,0.44,1783988991
All Pools,3QF - D - AVAX,0.3,False,16.75,1284.89,0.04188,1.19,1783988991
All Pools,Psychic - XAUt0,0.3,False,16.71,5709.24,0.04178,0.27,1783988991
All Pools,3QF - D - WETH.e,0.3,False,16.7,2355.25,0.04176,0.65,1783988991
All Pools,sAVAX - AVAX,0.3,False,16.29,171134.0,0.04073,0.01,1783988991
All Pools,MIM - WETH.e,0.3,False,14.35,494.41,0.03587,2.65,1783988991
All Pools,REDWOLF - AVAX,0.25,False,12.62,180.62,0.03242,6.55,1783988991
All Pools,HUSKY - AVAX,0.3,False,12.61,2033.86,0.03151,0.57,1783988991
All Pools,KIMBO - AVAX,0.3,False,12.39,39602.0,0.03098,0.03,1783988991
All Pools,AVAXAI - USDC,0.3,False,12.28,1516.86,0.03071,0.74,1783988991
All Pools,APIX - LAMBO,0.3,False,11.96,437.2,0.02991,2.5,1783988991
All Pools,TECH - AVAX,0.3,False,11.64,9684.93,0.0291,0.11,1783988991
All Pools,sAVAX - JACK,0.3,False,11.61,273490.0,0.02903,0.0,1783988991
All Pools,AVAX - GEC,0.3,False,11.26,27040.0,0.02815,0.04,1783988991
All Pools,HATCHY - AVAX,0.3,False,11.26,6562.29,0.02814,0.16,1783988991
All Pools,AVAX - PEFI,0.3,False,9.545,3191.6,0.02386,0.27,1783988991
All Pools,ABC - HOWDY,0.3,False,9.266,484.5,0.02317,1.75,1783988991
All Pools,WETH.e - REDWOLF,0.3,False,8.708,81.77,0.02177,9.72,1783988991
All Pools,AVAX - ELK,0.3,False,8.699,1282.56,0.02175,0.62,1783988991
All Pools,HOWDY - USDC,0.3,False,8.57,2950.49,0.02143,0.27,1783988991
All Pools,BTC.b - TOPIA,0.3,False,8.55,441.41,0.02138,1.77,1783988991
All Pools,BLSEYE🎯 - ARENA,0.3,False,8.495,850.61,0.02124,0.91,1783988991
All Pools,EGG - AVAX,0.3,False,7.832,16432.0,0.01958,0.04,1783988991
All Pools,SHRAP - DOMI,0.3,False,7.491,170.16,0.01873,4.02,1783988991
All Pools,avUSD - sAVAX,0.3,False,6.895,225.54,0.01724,2.79,1783988991
All Pools,LINK.e - USDT.e,0.3,False,6.841,218.05,0.0171,2.86,1783988991
All Pools,USDC.e - SOL,0.3,False,6.566,35.97,0.01642,16.66,1783988991
All Pools,YAK - AVAX,0.3,False,6.415,3302.83,0.01604,0.18,1783988991
All Pools,AAVE.e - REDWOLF,0.3,False,6.145,149.6,0.01536,3.75,1783988991
All Pools,REDWOLF - USDC,0.3,False,6.132,186.39,0.01533,3.0,1783988991
All Pools,UST - USDC,0.3,False,5.725,432.07,0.01431,1.21,1783988991
All Pools,REDWOLF - AVAX,0.3,False,5.718,386.79,0.01429,1.35,1783988991
All Pools,USV - DAI.e,0.3,False,5.661,3960.7,0.01415,0.13,1783988991
All Pools,PTOP500 - TOPIA,0.3,False,5.467,106.86,0.01367,4.67,1783988991
All Pools,SWIFT - WETH.e,0.3,False,5.332,1257.35,0.01333,0.39,1783988991
All Pools,TRESR - AVAX,0.3,False,5.319,7796.7,0.0133,0.06,1783988991
All Pools,AVAX - HON,0.3,False,5.189,49226.0,0.01297,0.01,1783988991
All Pools,REDWOLF - SOL,0.3,False,5.14,58.7,0.01285,7.99,1783988991
All Pools,LINK.e - USDC.e,0.3,False,4.984,181.28,0.01246,2.51,1783988991
All Pools,USDC.e - MU,0.3,False,4.683,13143.0,0.01171,0.03,1783988991
All Pools,LUNA - USDC.e,0.3,False,4.61,332.04,0.01152,1.27,1783988991
All Pools,MUON - AVAX,0.3,False,4.563,40244.0,0.01141,0.01,1783988991
All Pools,BLSEYE🎯 - BEAM,0.3,False,4.519,268.97,0.0113,1.53,1783988991
All Pools,gOHM - SB,0.3,False,4.421,16.57,0.01105,24.34,1783988991
All Pools,ORNG - FLUX,0.3,False,4.419,109.02,0.01105,3.7,1783988991
All Pools,JOE - USDT,0.3,False,4.207,276.68,0.01052,1.39,1783988991
All Pools,BLSEYE🎯 - MEOW,0.3,False,4.177,824.59,0.01044,0.46,1783988991
All Pools,SWIFT - AVAX,0.3,False,4.16,229.72,0.0104,1.65,1783988991
All Pools,AVAX - SOCK,0.3,False,4.152,2382.87,0.01038,0.16,1783988991
All Pools,USDC - SOCK,0.3,False,4.141,415.08,0.01035,0.91,1783988991
All Pools,MYST - USDC,0.3,False,4.116,219.84,0.01029,1.71,1783988991
All Pools,FLOT - AVAX,0.3,False,4.106,2920.81,0.01026,0.13,1783988991
All Pools,YOU - ORNG,0.3,False,4.061,1350.43,0.01015,0.27,1783988991
All Pools,AVAX - FRAX,0.3,False,3.875,225.6,0.00969,1.57,1783988991
All Pools,YAK - USDC.e,0.3,False,3.865,211.37,0.00966,1.67,1783988991
All Pools,AVAX - aXEN,0.3,False,3.863,166.95,0.00966,2.11,1783988991
All Pools,AVAX - NaughtiusMaximus,0.3,False,3.77,331.24,0.00942,1.04,1783988991
All Pools,AVAX - AKITA,0.3,False,3.641,1752.71,0.0091,0.19,1783988991
All Pools,oXAUT - AVAX,0.3,False,3.59,405.42,0.00897,0.81,1783988991
All Pools,BTC.b - oXAUT,0.3,False,3.587,308.4,0.00897,1.06,1783988991
All Pools,XROSS - ORNG,0.3,False,3.514,233.35,0.00879,1.37,1783988991
All Pools,DATCM - ORNG,0.3,False,3.484,231.36,0.00871,1.37,1783988991
All Pools,SWIFT - USDC.e,0.3,False,3.445,476.37,0.00861,0.66,1783988991
All Pools,XAUt0 - NaughtiusMaximus,0.3,False,3.419,875.18,0.00855,0.36,1783988991
All Pools,Now - AVAX,0.3,False,3.38,189.07,0.00845,1.63,1783988991
All Pools,AVAX - BGR,0.3,False,3.314,176.92,0.00828,1.71,1783988991
All Pools,FTOMB - AVAX,0.3,False,3.212,6690.15,0.00803,0.04,1783988991
All Pools,WETH - USDC.e,0.3,False,3.18,200.56,0.00795,1.45,1783988991
All Pools,DPS - AVAX,0.3,False,3.178,182.28,0.00795,1.59,1783988991
All Pools,DPS - USDC,0.3,False,3.178,1810.94,0.00795,0.16,1783988991
All Pools,APOW - AVAX,0.3,False,3.126,617.96,0.00782,0.46,1783988991
All Pools,AVAX - EROL,0.0,False,3.124,37.81,0.0,0.0,1783988991
All Pools,AVAX - ChristMark,0.3,False,3.047,267.16,0.00762,1.04,1783988991
All Pools,YUSD - AVAX,0.3,False,2.85,116.54,0.00713,2.23,1783988991
All Pools,USDC.e - sSB,0.3,False,2.84,838.78,0.0071,0.31,1783988991
All Pools,AVAX - ONION,0.3,False,2.684,146.23,0.00671,1.68,1783988991
All Pools,XAUt0 - ChristMark,0.3,False,2.572,576.67,0.00643,0.41,1783988991
All Pools,HOST - DAI.e,0.3,False,2.498,2497.55,0.00625,0.09,1783988991
All Pools,USDC.e - AVVO,0.3,False,2.441,223.31,0.0061,1.0,1783988991
All Pools,ORNG - MOOM,0.3,False,2.426,184.52,0.00607,1.2,1783988991
All Pools,USDT.e - ONION,0.3,False,2.421,734.68,0.00605,0.3,1783988991
All Pools,UST - USDC.e,0.3,False,2.39,676.26,0.00598,0.32,1783988991
All Pools,Psychic - BLACK,0.3,False,2.379,254.88,0.00595,0.85,1783988991
All Pools,AVAX - IMPACT2,0.3,False,2.365,137.65,0.00591,1.57,1783988991
All Pools,TOPIA - PTOP600,0.3,False,2.363,119.6,0.00591,1.8,1783988991
All Pools,MAGICK - USDC,0.3,False,2.342,224.41,0.00586,0.95,1783988991
All Pools,MAGICK - AVAX,0.3,False,2.342,278.6,0.00586,0.77,1783988991
All Pools,VPND - AVAX,0.3,False,2.289,17847.0,0.00572,0.01,1783988991
All Pools,ORNG - SAI,0.3,False,2.271,104.41,0.00568,1.98,1783988991
All Pools,AVAX - CLY,0.3,False,2.251,21725.0,0.00563,0.01,1783988991
All Pools,WETH.e - ONION,0.3,False,2.227,227.5,0.00557,0.89,1783988991
All Pools,USDT.e - CLY,0.3,False,2.215,179.88,0.00554,1.12,1783988991
All Pools,Now - BLACK,0.3,False,2.215,232.92,0.00554,0.87,1783988991
All Pools,Gravity - AVAX,0.3,False,2.165,237.92,0.00541,0.83,1783988991
All Pools,BUSD - AVAX,0.3,False,2.119,336.62,0.0053,0.57,1783988991
All Pools,XAUt0 - Gravity,0.3,False,2.113,311.86,0.00528,0.62,1783988991
All Pools,LIQR - AVAX,0.3,False,2.082,36409.0,0.0052,0.01,1783988991
All Pools,BNZ - AVAX,0.3,False,2.05,147.92,0.00513,1.26,1783988991
All Pools,USDt - USDT.e,0.3,False,1.977,20475.0,0.00494,0.01,1783988991
All Pools,YEEHAW - BTC.b,0.3,False,1.971,50.03,0.00493,3.59,1783988991
All Pools,BANKSY - USDT.e,0.3,False,1.945,1514.54,0.00486,0.12,1783988991
All Pools,BANKSY - AVAX,0.3,False,1.945,141.98,0.00486,1.25,1783988991
All Pools,BTC.b - IMPACT2,0.3,False,1.904,1272.0,0.00476,0.14,1783988991
All Pools,PNG - JOE,0.3,False,1.886,115.48,0.00471,1.49,1783988991
All Pools,XAUt0 - Now,0.3,False,1.885,560.4,0.00471,0.31,1783988991
All Pools,APOW - USDC,0.3,False,1.877,115.01,0.00469,1.49,1783988991
All Pools,WETH.e - USDT.e,0.3,False,1.857,146.73,0.00464,1.15,1783988991
All Pools,MYST - AVAX,0.3,False,1.843,655.57,0.00461,0.26,1783988991
All Pools,Gladiator - ARENA,0.3,False,1.766,336.65,0.00442,0.48,1783988991
All Pools,LF - AVAX,0.3,False,1.752,283.11,0.00438,0.56,1783988991
All Pools,MIM - LF,0.3,False,1.728,399.52,0.00432,0.39,1783988991
All Pools,AVAX - USDT,0.3,False,1.724,1693.51,0.00431,0.09,1783988991
All Pools,HUSKY - JOE,0.3,False,1.669,91.31,0.00417,1.67,1783988991
All Pools,Gladiator - USDC,0.3,False,1.643,269.07,0.00411,0.56,1783988991
All Pools,SMRTr - AVAX,0.3,False,1.64,25536.0,0.0041,0.01,1783988991
All Pools,SMRTr - USDC.e,0.3,False,1.639,104.08,0.0041,1.44,1783988991
All Pools,AVAX - TIME,0.3,False,1.625,562.21,0.00406,0.26,1783988991
All Pools,KRW - AVAX,0.3,False,1.603,309.78,0.00401,0.47,1783988991
All Pools,JOE - KRW,0.3,False,1.601,144.97,0.004,1.01,1783988991
All Pools,AVAX - SPELL,0.3,False,1.601,1934.8,0.004,0.08,1783988991
All Pools,FXS - AVAX,0.3,False,1.553,286.79,0.00388,0.49,1783988991
All Pools,KIWI - AVAX,0.3,False,1.488,94.36,0.00372,1.44,1783988991
All Pools,KIWI - USDC,0.3,False,1.488,299.21,0.00372,0.45,1783988991
All Pools,gOHM - wsOHM,0.3,False,1.471,17.29,0.00368,7.76,1783988991
All Pools,MIM - wsOHM,0.3,False,1.464,180.86,0.00366,0.74,1783988991
All Pools,DREGG - AVAX,0.3,False,1.376,145.11,0.00344,0.87,1783988991
All Pools,DREGG - USDT.e,0.3,False,1.376,511.5,0.00344,0.25,1783988991
All Pools,USDC.e - ONION,0.3,False,1.328,367.08,0.00332,0.33,1783988991
All Pools,APOW - USDt,0.3,False,1.249,114.91,0.00312,0.99,1783988991
All Pools,USDC - MXNB,0.3,False,1.241,16.91,0.0031,6.7,1783988991
All Pools,MIM - USDC,0.3,False,1.228,29.9,0.00307,3.75,1783988991
All Pools,WOO.e - AVAX,0.3,False,1.226,65.64,0.00306,1.7,1783988991
All Pools,BLUB - AVAX,0.3,False,1.18,11652.0,0.00295,0.01,1783988991
All Pools,USDC - SDOG,0.3,False,1.17,365.4,0.00292,0.29,1783988991
All Pools,STEAK - AVAX,0.3,False,1.157,9736.13,0.00289,0.01,1783988991
All Pools,AVAX - AVVO,0.3,False,1.143,227.22,0.00286,0.46,1783988991
All Pools,DCAU - MIM,0.3,False,1.139,114.27,0.00285,0.91,1783988991
All Pools,MIM - SDOG,0.3,False,1.128,92.09,0.00282,1.12,1783988991
All Pools,BTC.b - REDWOLF,0.3,False,1.112,97.37,0.00278,1.04,1783988991
All Pools,DAI.e - ONION,0.3,False,1.104,328.68,0.00276,0.31,1783988991
All Pools,HOST - AVAX,0.3,False,1.102,88.26,0.00276,1.14,1783988991
All Pools,WBTC.e - USDT.e,0.3,False,1.078,154.62,0.0027,0.64,1783988991
All Pools,PTOP700 - TOPIA,0.3,False,1.069,102.82,0.00267,0.95,1783988991
All Pools,LUNA - AVAX,0.3,False,1.068,122.54,0.00267,0.8,1783988991
All Pools,Trinity - AVAX,0.3,False,1.063,738.41,0.00266,0.13,1783988991
All Pools,WBTC.e - ONION,0.3,False,1.048,345.81,0.00262,0.28,1783988991
All Pools,Trinity - Psychic,0.3,False,1.033,402.16,0.00258,0.23,1783988991
All Pools,DCAU - USDC,0.3,False,1.03,144.14,0.00257,0.65,1783988991
All Pools,MaryMagdalene - AVAX,0.3,False,1.013,173.73,0.00253,0.53,1783988991
All Pools,AVAX - MU,0.3,False,1.01,73.57,0.00252,1.25,1783988991
All Pools,LINK.e - REDWOLF,0.3,False,1.008,68.85,0.00252,1.34,1783988991
All Pools,AVAX - SMRT,0.3,False,1.004,1623.11,0.00251,0.06,1783988991
All Pools,USDT.e - SMRT,0.3,False,0.99039,87.95,0.00248,1.03,1783988991
All Pools,MIM - MU,0.3,False,0.98234,95.64,0.00246,0.94,1783988991
All Pools,YEEHAW - TOPIA,0.3,False,0.9811,110.68,0.00245,0.81,1783988991
All Pools,MaryMagdalene - XAUt0,0.3,False,0.97646,1664.31,0.00244,0.05,1783988991
All Pools,LINDA - AVAX,0.3,False,0.94452,1584.5,0.00236,0.05,1783988991
All Pools,SYMBIOT - AVAX,0.3,False,0.91697,74.67,0.00229,1.12,1783988991
All Pools,AVAX - ARENA,0.3,False,0.91384,57.33,0.00228,1.45,1783988991
All Pools,ORNG - JUCI,0.3,False,0.88482,240.54,0.00221,0.34,1783988991
All Pools,SYMBIOT - DAI.e,0.3,False,0.85754,443.2,0.00214,0.18,1783988991
All Pools,COQ - BLSEYE🎯,0.3,False,0.83122,142.69,0.00208,0.53,1783988991
All Pools,MAXI - DAI.e,0.3,False,0.82003,222.67,0.00205,0.34,1783988991
All Pools,USDt - IMPACT2,0.3,False,0.80222,69.16,0.00201,1.06,1783988991
All Pools,ZUBAX - USDT.e,0.3,False,0.78631,171.28,0.00197,0.42,1783988991
All Pools,RPEPE - AVAX,0.3,False,0.78431,3703.3,0.00196,0.02,1783988991
All Pools,TSD - AVAX,0.3,False,0.76623,177.9,0.00192,0.39,1783988991
All Pools,AVAX - EROL,0.3,False,0.73832,20.26,0.00185,3.33,1783988991
All Pools,AVAX - ZUBAX,0.3,False,0.73693,91.3,0.00184,0.74,1783988991
All Pools,sAVAX - COQ,0.3,False,0.67675,60.97,0.00169,1.01,1783988991
All Pools,DFIAT - AVAX,0.3,False,0.66999,5967.91,0.00167,0.01,1783988991
All Pools,GB - USDT.e,0.3,False,0.66271,21.14,0.00166,2.86,1783988991
All Pools,BRO - AVAX,0.3,False,0.66238,99829.0,0.00166,,1783988991
All Pools,GENI - AVAX,0.3,False,0.66161,49.83,0.00165,1.21,1783988991
All Pools,GENI - USDC,0.3,False,0.66157,1175.83,0.00165,0.05,1783988991
All Pools,BRO - COQ,0.3,False,0.65973,134.75,0.00165,0.45,1783988991
All Pools,AVAX - rsAVAX,0.3,False,0.65862,162.06,0.00165,0.37,1783988991
All Pools,MIM - PEFI,0.3,False,0.64973,66.5,0.00162,0.89,1783988991
All Pools,ZRO - USDC,0.3,False,0.64512,4.496,0.00161,13.09,1783988991
All Pools,bCASH - LINK.e,0.3,False,0.61352,304.36,0.00153,0.18,1783988991
All Pools,AVAX - MUG,0.3,False,0.61146,247.25,0.00153,0.23,1783988991
All Pools,KALM - AVAX,0.3,False,0.59777,96.43,0.00149,0.57,1783988991
All Pools,KALM - USDC,0.3,False,0.59774,76.72,0.00149,0.71,1783988991
All Pools,WBTC - AVAX,0.3,False,0.59514,30.5,0.00149,1.78,1783988991
All Pools,CommieSukey - AVAX,0.3,False,0.55452,212.28,0.00139,0.24,1783988991
All Pools,Psychic - CommieSukey,0.3,False,0.55307,241.67,0.00138,0.21,1783988991
All Pools,COQ - OSAK,0.3,False,0.54886,17.2,0.00137,2.91,1783988991
All Pools,Meaning - AVAX,0.3,False,0.54598,330.59,0.00136,0.15,1783988991
All Pools,Psychic - Meaning,0.3,False,0.54494,236.52,0.00136,0.21,1783988991
All Pools,50 - AVAX,0.3,False,0.53616,59.36,0.00134,0.82,1783988991
All Pools,50 - USDC,0.3,False,0.53615,111.26,0.00134,0.44,1783988991
All Pools,JOE - EXP,0.3,False,0.53483,10313460.0,0.00134,,1783988991
All Pools,GB - MUG,0.3,False,0.53335,16.47,0.00133,2.95,1783988991
All Pools,Anon - AVAX,0.3,False,0.50681,7.768,0.00127,5.95,1783988991
All Pools,STG - L - Swing,0.3,False,0.49938,16.18,0.00125,2.82,1783988991
All Pools,YEEHAW - CHAMP,0.3,False,0.49376,923.49,0.00123,0.05,1783988991
All Pools,meGNX - AVAX,0.3,False,0.49214,12.88,0.00123,3.49,1783988991
All Pools,AVAX - Wej,0.3,False,0.47544,212.26,0.00119,0.2,1783988991
All Pools,Psychic - Wej,0.3,False,0.47397,241.74,0.00118,0.18,1783988991
All Pools,sifu - DAI.e,0.3,False,0.46831,3.884,0.00117,11.0,1783988991
All Pools,DogL - AVAX,0.3,False,0.45883,213.04,0.00115,0.2,1783988991
All Pools,Psychic - DogL,0.3,False,0.45752,241.81,0.00114,0.17,1783988991
All Pools,STATIK - AVAX,0.3,False,0.45551,30.92,0.00114,1.34,1783988991
All Pools,L - Swing - aXEN,0.3,False,0.45232,51.69,0.00113,0.8,1783988991
All Pools,USDC - GAU,0.3,False,0.4499,836.31,0.00112,0.05,1783988991
All Pools,MerryXmas - AVAX,0.3,False,0.44903,195.24,0.00112,0.21,1783988991
All Pools,Psychic - MerryXmas,0.3,False,0.44772,222.4,0.00112,0.18,1783988991
All Pools,MIM - WINE,0.3,False,0.44687,173.18,0.00112,0.24,1783988991
All Pools,AVAX - BlackAndGold,0.3,False,0.44628,213.05,0.00112,0.19,1783988991
All Pools,Psychic - BlackAndGold,0.3,False,0.44498,241.79,0.00111,0.17,1783988991
All Pools,AVAX - RedFolder,0.3,False,0.44206,212.18,0.00111,0.19,1783988991
All Pools,Psychic - RedFolder,0.3,False,0.44064,241.85,0.0011,0.17,1783988991
All Pools,MIM - GRAPE,0.3,False,0.43814,119.58,0.0011,0.33,1783988991
All Pools,AVAX - All,0.3,False,0.43684,213.25,0.00109,0.19,1783988991
All Pools,Psychic - All,0.3,False,0.43546,241.86,0.00109,0.16,1783988991
All Pools,HUSKY - AMI,0.3,False,0.43164,42.34,0.00108,0.93,1783988991
All Pools,sifu - USDT.e,0.3,False,0.42542,10.25,0.00106,3.79,1783988991
All Pools,LUNA - AVAX,0.3,False,0.41762,13.71,0.00104,2.78,1783988991
All Pools,ArniStitch - AVAX,0.3,False,0.41642,211.78,0.00104,0.18,1783988991
All Pools,Psychic - ArniStitch,0.3,False,0.41525,241.93,0.00104,0.16,1783988991
All Pools,MEOW - AVAX,0.3,False,0.4141,7605.32,0.00104,0.0,1783988991
All Pools,JEWEL - USDC,0.3,False,0.41088,3804.44,0.00103,0.01,1783988991
All Pools,Ducks - AVAX,0.3,False,0.40807,211.83,0.00102,0.18,1783988991
All Pools,Psychic - Ducks,0.3,False,0.40673,241.99,0.00102,0.15,1783988991
All Pools,MM - USDC,0.3,False,0.40499,49.41,0.00101,0.75,1783988991
All Pools,MM - AVAX,0.3,False,0.40489,66.37,0.00101,0.56,1783988991
All Pools,GUN - AMI,0.3,False,0.40441,8.621,0.00101,4.28,1783988991
All Pools,Serpentarius - AVAX,0.3,False,0.4035,215.65,0.00101,0.17,1783988991
All Pools,Psychic - Serpentarius,0.3,False,0.40221,245.44,0.00101,0.15,1783988991
All Pools,AMI - TOPIA,0.3,False,0.39485,149.58,,0.24,1783988991
All Pools,BLS - USDt,0.3,False,0.38798,128.06,,0.28,1783988991
All Pools,USDC - SHRAP,0.3,False,0.38729,22.05,,1.6,1783988991
All Pools,aAvaWAVAX - meGNX,0.3,False,0.3674,2.956,,11.34,1783988991
All Pools,AVAX - Prometheus,0.3,False,0.36657,206.76,,0.16,1783988991
All Pools,Psychic - Prometheus,0.3,False,0.36543,235.18,,0.14,1783988991
All Pools,AVAX - SNOB,0.3,False,0.35413,749.34,,0.04,1783988991
All Pools,AVAX - Seventeen,0.3,False,0.35397,207.43,,0.16,1783988991
All Pools,NaughtiusMaximus - Seventeen,0.3,False,0.35304,679.52,,0.05,1783988991
All Pools,AVAX - KONG,0.3,False,0.35113,5483.41,,0.01,1783988991
All Pools,Hopi - Now,0.3,False,0.34963,512.91,,0.06,1783988991
All Pools,Hopi - AVAX,0.3,False,0.34958,156.1,,0.2,1783988991
All Pools,Jjj - AVAX,0.3,False,0.34687,211.83,,0.15,1783988991
All Pools,CQK - USDC,0.3,False,0.34657,30.62,,1.03,1783988991
All Pools,CQK - AVAX,0.3,False,0.34646,96.16,,0.33,1783988991
All Pools,Psychic - Jjj,0.3,False,0.34578,241.82,,0.13,1783988991
All Pools,COQ - JUICE,0.3,False,0.34566,25.91,,1.22,1783988991
All Pools,USDT.e - MU,0.3,False,0.34,249.51,,0.12,1783988991
All Pools,USDC - USD+,0.3,False,0.3398,27.95,,1.11,1783988991
All Pools,HOWDY - ARENA,0.3,False,0.33154,37.76,,0.8,1783988991
All Pools,SYN - REDWOLF,0.3,False,0.33145,5.179,,5.84,1783988991
All Pools,NOCHILL - OX,0.3,False,0.32774,13226.0,,0.0,1783988991
All Pools,Xmas - AVAX,0.3,False,0.32638,198.98,,0.15,1783988991
All Pools,Psychic - Xmas,0.3,False,0.32544,226.78,,0.13,1783988991
All Pools,AftermathsKobe - AVAX,0.3,False,0.32428,213.21,,0.14,1783988991
All Pools,Psychic - AftermathsKobe,0.3,False,0.32347,243.53,,0.12,1783988991
All Pools,DFIAT - USDT.e,0.3,False,0.32213,26.65,,1.1,1783988991
All Pools,gOHM - JOE,0.3,False,0.31528,3.139,,9.16,1783988991
All Pools,MIM - DAI.e,0.3,False,0.31157,19.77,,1.44,1783988991
All Pools,RUX - AVAX,0.3,False,0.31066,25.43,,1.11,1783988991
All Pools,USDt - RUX,0.3,False,0.31041,15993.0,,0.0,1783988991
All Pools,PepeAI - AVAX,0.3,False,0.30999,1.542,,18.34,1783988991
All Pools,BOI - MU,0.3,False,0.30512,0.74365,,37.44,1783988991
All Pools,GLOBA - AVAX,0.3,False,0.30177,39.68,,0.69,1783988991
All Pools,WETH.e - yyAVAX,0.3,False,0.29929,14.19,,1.92,1783988991
All Pools,COQ - OX,0.3,False,0.29878,14024.0,,0.0,1783988991
All Pools,Christmas - AVAX,0.3,False,0.29776,179.94,,0.15,1783988991
All Pools,SLUSH - AVAX,0.3,False,0.29462,45.3,,0.59,1783988991
All Pools,SLUSH - USDT.e,0.3,False,0.2945,55.12,,0.49,1783988991
All Pools,$Crazy - AVAX,0.3,False,0.29379,741.05,,0.04,1783988991
All Pools,USDC - aXEN,0.3,False,0.29032,9.032,,2.93,1783988991
All Pools,AVAX - DUO,0.3,False,0.28936,52.44,,0.5,1783988991
All Pools,USDT.e - DUO,0.3,False,0.28923,50.53,,0.52,1783988991
All Pools,AVAX - Sinterklaas,0.3,False,0.28701,100.58,,0.26,1783988991
All Pools,Psychic - Sinterklaas,0.3,False,0.28651,238.03,,0.11,1783988991
All Pools,CHAMP - AMI,0.3,False,0.28229,25.37,,1.02,1783988991
All Pools,GLOBA - DAI.e,0.3,False,0.28223,47.25,,0.55,1783988991
All Pools,SOL - USDC,0.3,False,0.28051,20.65,,1.24,1783988991
All Pools,XPOW - AVAX,0.3,False,0.27767,1309.21,,0.02,1783988991
All Pools,APOW - AVAX,0.3,False,0.27481,1309.98,,0.02,1783988991
All Pools,DiamondbackGall - AVAX,0.3,False,0.27072,213.6,,0.12,1783988991
All Pools,Psychic - DiamondbackGall,0.3,False,0.26969,242.44,,0.1,1783988991
All Pools,NeatestQuackery - AVAX,0.3,False,0.2689,211.69,,0.12,1783988991
All Pools,Psychic - NeatestQuackery,0.3,False,0.26818,242.14,,0.1,1783988991
All Pools,MU - DAI.e,0.3,False,0.26345,235.16,,0.1,1783988991
All Pools,USDC.e - WISE,0.3,False,0.25582,41.08,,0.57,1783988991
All Pools,AVAX - WISE,0.3,False,0.25565,59.1,,0.39,1783988991
All Pools,WBTC.e - REDWOLF,0.3,False,0.25006,48.23,,0.47,1783988991
All Pools,AVAX - TheGospelOfMary,0.3,False,0.24151,116.9,,0.19,1783988991
All Pools,MaryMagdalene - TheGospelOfMary,0.3,False,0.24129,215.75,,0.1,1783988991
All Pools,Silver - AVAX,0.3,False,0.23789,62.59,,0.35,1783988991
All Pools,Silver - Now,0.3,False,0.23685,643.48,,0.03,1783988991
All Pools,WETH.e - SURE,0.3,False,0.23653,828.37,,0.03,1783988991
All Pools,AVAX - CHAM,0.3,False,0.23316,25.57,,0.83,1783988991
All Pools,USDC - CHAM,0.3,False,0.23306,46.22,,0.46,1783988991
All Pools,USDC.e - WXT,0.3,False,0.23182,194.1,,0.11,1783988991
All Pools,GATOR - ARENA,0.3,False,0.22805,1.505,,13.83,1783988991
All Pools,AVAX - MeaningOfNumbers,0.3,False,0.22442,212.23,,0.1,1783988991
All Pools,TRYB - USDC.e,0.3,False,0.22403,31.93,,0.64,1783988991
All Pools,Psychic - MeaningOfNumbers,0.3,False,0.22365,242.53,,0.08,1783988991
All Pools,AVAX - ELK,0.3,False,0.22186,48.26,,0.42,1783988991
All Pools,HOWDY - USDt,0.3,False,0.2217,173.65,,0.12,1783988991
All Pools,WOLF - AVAX,0.3,False,0.21674,27172.0,,,1783988991
All Pools,UNI.e - REDWOLF,0.3,False,0.2159,11.06,,1.78,1783988991
All Pools,USDC - yyAVAX,0.3,False,0.21471,12.01,,1.63,1783988991
All Pools,wsOHM - USDC.e,0.3,False,0.2125,18.29,,1.06,1783988991
All Pools,AVVO - DAI.e,0.3,False,0.21231,34.45,,0.56,1783988991
All Pools,CHAMP - ARENA,0.3,False,0.21211,13.1,,1.48,1783988991
All Pools,VEE - USDC,0.3,False,0.21173,31.19,,0.62,1783988991
All Pools,TEDDY - AVAX,0.3,False,0.20961,20.61,,0.93,1783988991
All Pools,AVAI - AVAX,0.3,False,0.20951,19.67,,0.97,1783988991
All Pools,COQ - NOCHILL,0.3,False,0.20745,7.945,,2.38,1783988991
All Pools,IMPACT2 - EURC,0.3,False,0.20487,41.05,,0.46,1783988991
All Pools,USDT.e - EXP,0.3,False,0.20263,45046109.0,,,1783988991
All Pools,AVAX - ZABU,0.3,False,0.2018,23.22,,0.79,1783988991
All Pools,Christmas - ChristMark,0.3,False,0.19926,111.82,,0.16,1783988991
All Pools,wsOHM - AVAX,0.3,False,0.19256,8.046,,2.18,1783988991
All Pools,BOI - AMI,0.3,False,0.18505,0.48186,,35.04,1783988991
All Pools,MELT - AVAX,0.3,False,0.18431,19.86,,0.85,1783988991
All Pools,YEEHAW - AVAX,0.3,False,0.17828,11.87,,1.37,1783988991
All Pools,USDT.e - ZABU,0.3,False,0.1769,44.08,,0.37,1783988991
All Pools,AVAX - KET,0.3,False,0.17503,22.73,,0.7,1783988991
All Pools,Light - AVAX,0.3,False,0.1727,63.64,,0.25,1783988991
All Pools,Light - Now,0.3,False,0.17218,642.72,,0.02,1783988991
All Pools,BrideOfChrist - BLACK,0.3,False,0.17204,17.6,,0.89,1783988991
All Pools,SYN - USDC.e,0.3,False,0.17191,2.653,,5.91,1783988991
All Pools,UNIQOC - AVAX,0.3,False,0.17102,812.86,,0.02,1783988991
All Pools,APOW - USDt,0.3,False,0.17058,21.24,,0.73,1783988991
All Pools,UNIQOC - COQ,0.3,False,0.17017,35.41,,0.44,1783988991
All Pools,USDC - BVAX,0.3,False,0.17011,26.11,,0.59,1783988991
All Pools,AVAX - MILO,0.3,False,0.16958,786.47,,0.02,1783988991
All Pools,USDt - MILO,0.3,False,0.16943,14.0,,1.1,1783988991
All Pools,USDt - XPOW,0.3,False,0.16313,20.58,,0.72,1783988991
All Pools,MaryMagdalene - ChristMark,0.3,False,0.16051,301.79,,0.05,1783988991
All Pools,NOCHILL - KET,0.3,False,0.15745,7.983,,1.8,1783988991
All Pools,SPC - DAI.e,0.3,False,0.15703,19.34,,0.74,1783988991
All Pools,BANKSY - AVAX,0.3,False,0.15383,18.22,,0.77,1783988991
All Pools,BANKSY - USDC.e,0.3,False,0.15377,29.03,,0.48,1783988991
All Pools,XETA - USDC,0.3,False,0.14999,5741.56,,0.0,1783988991
All Pools,bCASH - NOCHILL,0.3,False,0.14977,12.1,,1.13,1783988991
All Pools,METAG - AVAX,0.3,False,0.14974,19.53,,0.7,1783988991
All Pools,Solar - AVAX,0.3,False,0.14883,63.7,,0.21,1783988991
All Pools,Solar - Now,0.3,False,0.14875,643.25,,0.02,1783988991
All Pools,AVAX - Propriety,0.3,False,0.14842,63.5,,0.21,1783988991
All Pools,Now - Propriety,0.3,False,0.14819,642.61,,0.02,1783988991
All Pools,AVAT - USDC,0.3,False,0.14424,37.36,,0.35,1783988991
All Pools,Vaccine - AVAX,0.3,False,0.14417,62.54,,0.21,1783988991
All Pools,Vaccine - Now,0.3,False,0.14404,636.49,,0.02,1783988991
All Pools,FLAKE - USDT.e,0.3,False,0.14375,48.17,,0.27,1783988991
All Pools,FLAKE - AVAX,0.3,False,0.14374,17.02,,0.77,1783988991
All Pools,AVAX - Mentor,0.3,False,0.14212,63.51,,0.2,1783988991
All Pools,Now - Mentor,0.3,False,0.14155,641.67,,0.02,1783988991
All Pools,UST - USDT.e,0.3,False,0.1395,38.43,,0.33,1783988991
All Pools,MELT - USDC.e,0.3,False,0.13459,29.53,,0.42,1783988991
All Pools,WTHT - SNOB,0.3,False,0.1327,1.252,,9.67,1783988991
All Pools,miMatic - AVAX,0.3,False,0.13002,32.04,,0.37,1783988991
All Pools,miMatic - USDC.e,0.3,False,0.12995,24.11,,0.49,1783988991
All Pools,TECH - OX,0.3,False,0.1294,5926.21,,0.0,1783988991
All Pools,MIM - TIME,0.3,False,0.12891,26.03,,0.45,1783988991
All Pools,TOMB - USDC,0.3,False,0.12804,9.937,,1.18,1783988991
All Pools,Matter - AVAX,0.3,False,0.12747,56.85,,0.2,1783988991
All Pools,USDt - REDWOLF,0.3,False,0.12716,13.73,,0.84,1783988991
All Pools,Matter - Now,0.3,False,0.1271,580.53,,0.02,1783988991
All Pools,ALOT - USDC.e,0.3,False,0.12474,7.458,,1.53,1783988991
All Pools,JOE - ZABU,0.3,False,0.1243,12.77,,0.89,1783988991
All Pools,Now - Blessing,0.3,False,0.12366,568.09,,0.02,1783988991
All Pools,AVAX - Blessing,0.3,False,0.12365,56.56,,0.2,1783988991
All Pools,MIM - VOLT,0.3,False,0.12178,14.48,,0.77,1783988991
All Pools,TickTock - AVAX,0.3,False,0.12063,63.75,,0.17,1783988991
All Pools,TickTock - Now,0.3,False,0.12053,643.93,,0.02,1783988991
All Pools,AVAX - STRAW,0.3,False,0.11904,14.19,,0.77,1783988991
All Pools,BrideOfChrist - AVAX,0.3,False,0.11821,63.63,,0.17,1783988991
All Pools,AVAT - AVAX,0.3,False,0.11685,16.66,,0.64,1783988991
All Pools,Gil - AVAX,0.3,False,0.11629,13.53,,0.78,1783988991
All Pools,SURE - USDC.e,0.3,False,0.11498,20.53,,0.51,1783988991
All Pools,Sanskrit - AVAX,0.3,False,0.11383,63.58,,0.16,1783988991
All Pools,XPOW - USDC,0.3,False,0.11348,20.59,,0.5,1783988991
All Pools,Sanskrit - Now,0.3,False,0.11347,642.15,,0.02,1783988991
All Pools,SYN - WETH.e,0.3,False,0.11343,1.281,,8.08,1783988991
All Pools,Necromancer - AVAX,0.3,False,0.11181,63.63,,0.16,1783988991
All Pools,Now - Necromancer,0.3,False,0.11156,642.64,,0.02,1783988991
All Pools,DAI.e - STRAW,0.3,False,0.11135,35.89,,0.28,1783988991
All Pools,AVAX - SantaGospel,0.3,False,0.11028,96.48,,0.1,1783988991
All Pools,Slope - AVAX,0.3,False,0.10891,63.65,,0.16,1783988991
All Pools,Gold - AVAX,0.3,False,0.10884,63.76,,0.16,1783988991
All Pools,Gil - DAI.e,0.3,False,0.10878,26.21,,0.38,1783988991
All Pools,Slope - Now,0.3,False,0.10864,641.37,,0.02,1783988991
All Pools,Gold - Now,0.3,False,0.10848,643.85,,0.02,1783988991
All Pools,AVAX - √Root,0.3,False,0.10826,63.73,,0.16,1783988991
All Pools,Now - √Root,0.3,False,0.1076,643.57,,0.02,1783988991
All Pools,Uncontractable - AVAX,0.3,False,0.10754,62.6,,0.16,1783988991
All Pools,Uncontractable - Now,0.3,False,0.10718,628.88,,0.02,1783988991
All Pools,DAI.e - VOLT,0.3,False,0.10714,40.87,,0.24,1783988991
All Pools,SUB - USDC,0.3,False,0.10692,11.32,,0.86,1783988991
All Pools,JOE - CRA,0.3,False,0.1058,7.073,,1.36,1783988991
All Pools,APOW - USDC,0.3,False,0.10357,21.19,,0.45,1783988991
All Pools,Blue - AVAX,0.3,False,0.10241,189.03,,0.05,1783988991
All Pools,Psychic - Blue,0.3,False,0.10198,61.47,,0.15,1783988991
All Pools,METAG - USDT.e,0.3,False,0.10016,47.07,,0.19,1783988991
All Pools,Christmas - Merovingian,0.3,False,0.09786,85.67,,0.1,1783988991
All Pools,Now - Merovingian,0.3,False,0.09711,49.58,,0.18,1783988991
All Pools,YEEHAW - USDC,0.3,False,0.09705,5.581,,1.59,1783988991
All Pools,bECH - AVAX,0.3,False,0.09466,16.86,,0.51,1783988991
All Pools,AVAX - Strength,0.3,False,0.0943,101.51,,0.08,1783988991
All Pools,Go - AVAX,0.3,False,0.09413,100.89,,0.09,1783988991
All Pools,Hydrogen - AVAX,0.3,False,0.09396,189.2,,0.05,1783988991
All Pools,Psychic - Strength,0.3,False,0.09392,55.81,,0.15,1783988991
All Pools,Psychic - Go,0.3,False,0.09364,55.31,,0.15,1783988991
All Pools,Psychic - Hydrogen,0.3,False,0.09363,61.78,,0.14,1783988991
All Pools,AVAX - PERA,0.3,False,0.09339,60.3,,0.14,1783988991
All Pools,SYN - USDT.e,0.3,False,0.09155,1.414,,5.91,1783988991
All Pools,NOCHILL - AMI,0.3,False,0.09135,3.074,,2.71,1783988991
All Pools,Yellow - AVAX,0.3,False,0.09132,190.59,,0.04,1783988991
All Pools,Psychic - Yellow,0.3,False,0.09101,61.9,,0.13,1783988991
All Pools,HUSKY - MUG,0.3,False,0.09035,13.29,,0.62,1783988991
All Pools,LIBRE - USDC.e,0.3,False,0.08859,12.26,,0.66,1783988991
All Pools,AVAX - FORT,0.3,False,0.08718,12.89,,0.62,1783988991
All Pools,MIM - FORT,0.3,False,0.08668,2695.23,,0.0,1783988991
All Pools,AVAX - WOLF,0.3,False,0.08653,53.24,,0.15,1783988991
All Pools,USDC.e - WOLF,0.3,False,0.08649,7.511,,1.05,1783988991
All Pools,BLS - SHRAP,0.3,False,0.0856,8.269,,0.94,1783988991
All Pools,Psychic - SantaGospel,0.3,False,0.08551,55.13,,0.14,1783988991
All Pools,CRA - AVAX,0.3,False,0.08445,7224.75,,0.0,1783988991
All Pools,MIM - AUSD,0.3,False,0.08431,10.8,,0.71,1783988991
All Pools,WTF - AVAX,0.3,False,0.08416,514.31,,0.01,1783988991
All Pools,SURE - DAI.e,0.3,False,0.0836,23.94,,0.32,1783988991
All Pools,AVAX - NEMO,0.3,False,0.08306,6.503,,1.17,1783988991
All Pools,USDt - NEMO,0.3,False,0.08306,95.99,,0.08,1783988991
All Pools,aAvaLINK - AVAX,0.3,False,0.0828,7.452,,1.01,1783988991
All Pools,CGS - USDC.e,0.3,False,0.08173,152.78,,0.05,1783988991
All Pools,CGS - AVAX,0.3,False,0.08157,53.95,,0.14,1783988991
All Pools,aDXN - aXEN,0.3,False,0.07941,4.891,,1.48,1783988991
All Pools,aDXN - AVAX,0.3,False,0.07911,49.88,,0.14,1783988991
All Pools,Who - AVAX,0.3,False,0.07837,100.91,,0.07,1783988991
All Pools,Psychic - Who,0.3,False,0.07808,55.85,,0.13,1783988991
All Pools,ABC - AMI,0.3,False,0.07708,2.458,,2.86,1783988991
All Pools,PAPA - AVAX,0.3,False,0.07584,10.9,,0.63,1783988991
All Pools,JOE - ZUBAX,0.3,False,0.07525,6.372,,1.08,1783988991
All Pools,MIM - PAPA,0.3,False,0.07518,66.75,,0.1,1783988991
All Pools,FITFI - USDC,0.3,False,0.07472,0.18725,,36.41,1783988991
All Pools,JESUS - AVAX,0.3,False,0.07382,9.197,,0.73,1783988991
All Pools,RUG - USDT.e,0.3,False,0.07288,10.44,,0.64,1783988991
All Pools,SURE - AVAX,0.3,False,0.07048,5.24,,1.23,1783988991
All Pools,AVAX - GAU,0.3,False,0.07016,5.676,,1.13,1783988991
All Pools,WBTC.e - USDC.e,0.3,False,0.06927,7.998,,0.79,1783988991
All Pools,Chrism - ChristMark,0.3,False,0.06757,139.05,,0.04,1783988991
All Pools,SHOE - AMI,0.3,False,0.06723,0.17732,,34.59,1783988991
All Pools,Psychic - Chrism,0.3,False,0.06693,48.76,,0.13,1783988991
All Pools,SHOE - BTC.b,0.3,False,0.06563,0.75191,,7.96,1783988991
All Pools,BENIS - NOCHILL,0.3,False,0.06536,2.707,,2.2,1783988991
All Pools,USDT.e - XAVA,0.3,False,0.06515,10.7,,0.56,1783988991
All Pools,USDC.e - DAI.e,0.3,False,0.06418,22241.0,,,1783988991
All Pools,Ush - AVAX,0.3,False,0.06395,2075.61,,0.0,1783988991
All Pools,GAS - AVAX,0.3,False,0.06369,130.81,,0.04,1783988991
All Pools,SLIME - AVAX,0.3,False,0.0621,14945.0,,,1783988991
All Pools,SLIME - USDt,0.3,False,0.06209,6.064,,0.93,1783988991
All Pools,NineHundred - AVAX,0.3,False,0.06145,100.8,,0.06,1783988991
All Pools,MELT - AVAX,0.3,False,0.05966,799.7,,0.01,1783988991
All Pools,MELT - USDC.e,0.3,False,0.05964,5.897,,0.92,1783988991
All Pools,MaryMagdalene - FollowTheWhiteRabbit,0.3,False,0.05939,156.47,,0.03,1783988991
All Pools,Priory - AVAX,0.3,False,0.05929,53.87,,0.1,1783988991
All Pools,FollowTheWhiteRabbit - Priory,0.3,False,0.05918,640.17,,0.01,1783988991
All Pools,Psychic - NineHundred,0.3,False,0.05913,55.05,,0.1,1783988991
All Pools,BENIS - AVAX,0.3,False,0.05899,10.69,,0.5,1783988991
All Pools,MU - SOL,0.3,False,0.05851,1.113,,4.8,1783988991
All Pools,COQ - AMI,0.3,False,0.05825,8.055,,0.66,1783988991
All Pools,AVAX - Nala,0.3,False,0.05778,18.98,,0.28,1783988991
All Pools,Psychic - Nala,0.3,False,0.05753,206.35,,0.03,1783988991
All Pools,WOLF - AVAX,0.3,False,0.05677,46.16,,0.11,1783988991
All Pools,CNR - USDC,0.3,False,0.05655,4.408,,1.17,1783988991
All Pools,DUO - USDT.e,0.3,False,0.05624,6.109,,0.84,1783988991
All Pools,MU - COQAI,0.3,False,0.05422,5.573,,0.89,1783988991
All Pools,MaryMagdalene - BrideOfChrist,0.3,False,0.0537,92.49,,0.05,1783988991
All Pools,BUSD - USDC,0.3,False,0.0525,7.358,,0.65,1783988991
All Pools,AVAX - LYLY,0.3,False,0.05246,50.49,,0.09,1783988991
All Pools,KLO - USDT.e,0.3,False,0.05236,5.373,,0.89,1783988991
All Pools,CNR - AVAX,0.3,False,0.05224,47.08,,0.1,1783988991
All Pools,USDC.e - WMATIC,0.3,False,0.05212,16.15,,0.29,1783988991
All Pools,CNR - USDt,0.3,False,0.05187,4.434,,1.07,1783988991
All Pools,ACS - AVAX,0.3,False,0.05099,172.61,,0.03,1783988991
All Pools,gOHM - USDT.e,0.3,False,0.05077,0.64199,,7.22,1783988991
All Pools,AVAX - BOREA,0.3,False,0.05028,5.426,,0.85,1783988991
All Pools,USDT.e - BOREA,0.3,False,0.05015,25.62,,0.18,1783988991
All Pools,MELT - USDT.e,0.3,False,0.04976,29.29,,0.16,1783988991
All Pools,METAG - USDt,0.3,False,0.04938,15.35,,0.29,1783988991
All Pools,ACS - USDC.e,0.3,False,0.04906,5.262,,0.85,1783988991
All Pools,bCASH - TECH,0.3,False,0.04843,11.01,,0.4,1783988991
All Pools,NOCHILL - REDWOLF,0.3,False,0.04821,2.18,,2.02,1783988991
All Pools,BLUB - AVAX,0.0,False,0.04748,32.6,0.0,0.0,1783988991
All Pools,AAVE.e - meGNX,0.3,False,0.04745,3.553,,1.22,1783988991
All Pools,USDC - AMI,0.3,False,0.04715,0.50105,,8.59,1783988991
All Pools,MIM - RUG,0.3,False,0.04615,6.212,,0.68,1783988991
All Pools,KrisKringle - ChristMark,0.3,False,0.04594,18.72,,0.22,1783988991
All Pools,KrisKringle - AVAX,0.3,False,0.04571,18.67,,0.22,1783988991
All Pools,UNIV - AVAX,0.3,False,0.04525,6.026,,0.69,1783988991
All Pools,MIM - UNIV,0.3,False,0.04447,5.433,,0.75,1783988991
All Pools,ICUBE - AVAX,0.3,False,0.04389,5.31,,0.75,1783988991
All Pools,ICUBE - USDT.e,0.3,False,0.04384,107.25,,0.04,1783988991
All Pools,CNR - REDWOLF,0.3,False,0.0435,14.81,,0.27,1783988991
All Pools,TSD - WOLF,0.3,False,0.04292,27.91,,0.14,1783988991
All Pools,USDt - DXN,0.3,False,0.04279,214.07,,0.02,1783988991
All Pools,AVAX - TMT,0.3,False,0.04019,5.778,,0.63,1783988991
All Pools,ROCO - AVAX,0.3,False,0.04017,1331.15,,0.0,1783988991
All Pools,USDT.e - TMT,0.3,False,0.04011,25.2,,0.15,1783988991
All Pools,WETH.e - meGNX,0.3,False,0.04007,5.049,,0.72,1783988991
All Pools,AVAX - BLANC,0.3,False,0.03994,7.211,,0.51,1783988991
All Pools,AVAX - GG,0.3,False,0.03977,5.213,,0.7,1783988991
All Pools,MIM - BLANC,0.3,False,0.0395,1251.42,,0.0,1783988991
All Pools,AVAI - USDC.e,0.3,False,0.03855,26.63,,0.13,1783988991
All Pools,REDWOLF - WMATIC,0.3,False,0.03854,2.038,,1.73,1783988991
All Pools,NOCHILL - MU,0.3,False,0.0385,1.449,,2.43,1783988991
All Pools,GURS - ARENA,0.3,False,0.03838,5.216,,0.67,1783988991
All Pools,AVAX - BAVA,0.3,False,0.03809,8.589,,0.4,1783988991
All Pools,AVAX - SDOG,0.3,False,0.03765,6.485,,0.53,1783988991
All Pools,FITFI - USDC.e,0.3,False,0.03721,0.10045,,33.8,1783988991
All Pools,wMEMO - AVAX,0.3,False,0.03716,6.433,,0.53,1783988991
All Pools,WLRS - GRAPE,0.3,False,0.03649,8.909,,0.37,1783988991
All Pools,WLRS - USDC.e,0.3,False,0.03628,4003.48,,,1783988991
All Pools,MIM - GG,0.3,False,0.03535,72.92,,0.04,1783988991
All Pools,MPL - AVAX,0.3,False,0.0351,5.023,,0.64,1783988991
All Pools,MPL - USDt,0.3,False,0.03504,29.76,,0.11,1783988991
All Pools,AAVE.e - USDT.e,0.3,False,0.03465,2.62,,1.21,1783988991
All Pools,BTC.b - MU,0.3,False,0.03417,9.876,,0.32,1783988991
All Pools,BTC.b - USDC,0.3,False,0.03381,4.17,,0.74,1783988991
All Pools,USDC.e - RUG,0.3,False,0.03369,17.57,,0.18,1783988991
All Pools,Anon - USDC,0.3,False,0.03338,0.6688,,4.56,1783988991
All Pools,TruthClosure - AVAX,0.3,False,0.03317,7.657,,0.4,1783988991
All Pools,TruthClosure - BLACK,0.3,False,0.03312,12.76,,0.24,1783988991
All Pools,BOOTY - AVAX,0.3,False,0.0326,1489.24,,0.0,1783988991
All Pools,LINK.e - MU,0.3,False,0.03252,6.757,,0.44,1783988991
All Pools,KOVIN - AVAX,0.3,False,0.03242,2225.45,,0.0,1783988991
All Pools,COQ - BOOTY,0.3,False,0.03239,6.665,,0.44,1783988991
All Pools,MIM - TSNFTGM,0.3,False,0.03227,3.463,,0.85,1783988991
All Pools,COQ - KOVIN,0.3,False,0.03224,8.239,,0.36,1783988991
All Pools,COQ - LYLY,0.3,False,0.03222,9.69,,0.3,1783988991
All Pools,gOHM - OTWO,0.3,False,0.03185,91058.0,,,1783988991
All Pools,NXPC - AVAX,0.3,False,0.03149,0.97681,,2.94,1783988991
All Pools,wsOHM - OTWO,0.3,False,0.03148,1.538,,1.87,1783988991
All Pools,wALGO - AVAX,0.3,False,0.03092,115.1,,0.02,1783988991
All Pools,wALGO - USDC,0.3,False,0.03084,2.39,,1.18,1783988991
All Pools,AVAX - WSPP,0.3,False,0.03068,2.311,,1.21,1783988991
All Pools,USDC - WSPP,0.3,False,0.03062,41.92,,0.07,1783988991
All Pools,AVAX - BLACK,0.3,False,0.03049,3.251,,0.86,1783988991
All Pools,TSNFTGM - DAI.e,0.3,False,0.02979,29.29,,0.09,1783988991
All Pools,AVAX - CAST,0.3,False,0.02953,1374.05,,0.0,1783988991
All Pools,FollowTheWhiteRabbit - AVAX,0.3,False,0.02945,115.4,,0.02,1783988991
All Pools,XIO - AVAX,0.3,False,0.02914,2.316,,1.15,1783988991
All Pools,XIO - USDC,0.3,False,0.02908,23.95,,0.11,1783988991
All Pools,AVAX - SPADE,0.3,False,0.02901,4.867,,0.54,1783988991
All Pools,USDC.e - SPADE,0.3,False,0.029,15.41,,0.17,1783988991
All Pools,LUNA - LUNA,0.3,False,0.02895,1.825,,1.45,1783988991
All Pools,LoveIsTheKey - FollowTheWhiteRabbit,0.3,False,0.02895,44.37,,0.06,1783988991
All Pools,LoveIsTheKey - BLACK,0.3,False,0.0289,4.13,,0.64,1783988991
All Pools,JOE - REDWOLF,0.3,False,0.02886,2.728,,0.97,1783988991
All Pools,USDT.e - DAI.e,0.3,False,0.02809,7179.75,,,1783988991
All Pools,COQ - REDWOLF,0.3,False,0.0277,8.62,,0.29,1783988991
All Pools,AVAX - USDR,0.3,False,0.02732,2.441,,1.02,1783988991
All Pools,SNP - AVAX,0.3,False,0.02672,7.728,,0.32,1783988991
All Pools,COQ - SNP,0.3,False,0.02654,16.05,,0.15,1783988991
All Pools,ARENA - AMI,0.3,False,0.02634,0.86797,,2.77,1783988991
All Pools,BGLD - AVAX,0.3,False,0.02627,3.552,,0.67,1783988991
All Pools,BGLD - USDT.e,0.3,False,0.02626,16.37,,0.15,1783988991
All Pools,SBR - AVAX,0.3,False,0.02582,3.78,,0.62,1783988991
All Pools,MCV - AVAX,0.3,False,0.0258,283.38,,0.01,1783988991
All Pools,COQ - MCV,0.3,False,0.02566,6.287,,0.37,1783988991
All Pools,WDAO - AVAX,0.3,False,0.02558,9.937,,0.23,1783988991
All Pools,MIM - SBR,0.3,False,0.02554,11.37,,0.2,1783988991
All Pools,aAvaLINK - meGNX,0.3,False,0.02541,8.528,,0.27,1783988991
All Pools,WDAO - MIM,0.3,False,0.02535,5.409,,0.43,1783988991
All Pools,ElvisJackpot - Gravity,0.3,False,0.02516,14.37,,0.16,1783988991
All Pools,ElvisJackpot - BLACK,0.3,False,0.02495,10.02,,0.23,1783988991
All Pools,wMEMO - MIM,0.3,False,0.02487,4.394,,0.52,1783988991
All Pools,AMI - SQRCAT,0.3,False,0.02483,10.12,,0.22,1783988991
All Pools,AVAX - SQRCAT,0.3,False,0.02478,4216.73,,,1783988991
All Pools,BLACK - SantaGospel,0.3,False,0.02436,2.575,,0.86,1783988991
All Pools,ARA - AVAX,0.3,False,0.02428,2.311,,0.96,1783988991
All Pools,GG - AVAX,0.3,False,0.02416,5.717,,0.39,1783988991
All Pools,ZUM - NOCHILL,0.3,False,0.02398,0.72222,,3.03,1783988991
All Pools,BSGG - AVAX,0.3,False,0.0239,2.519,,0.87,1783988991
All Pools,MIM - GG,0.3,False,0.0239,4.934,,0.44,1783988991
All Pools,GURS - NOCHILL,0.3,False,0.02348,1.123,,1.91,1783988991
All Pools,AVAX - NADO,0.3,False,0.02336,2.581,,0.83,1783988991
All Pools,MIM - NADO,0.3,False,0.02311,175.11,,0.01,1783988991
All Pools,ARENA - MU,0.3,False,0.02218,2.723,,0.74,1783988991
All Pools,DBY - AVAX,0.3,False,0.02191,7474.89,,,1783988991
All Pools,USDR - USDC,0.3,False,0.02146,39.9,,0.05,1783988991
All Pools,AVAX - SHRAP,0.3,False,0.02129,11.62,,0.17,1783988991
All Pools,COQ - MU,0.3,False,0.02036,3.414,,0.54,1783988991
All Pools,NOCHILL - WAIFU,0.3,False,0.02035,138.2,,0.01,1783988991
All Pools,Milk - AVAX,0.3,False,0.01995,5.362,,0.34,1783988991
All Pools,QI - LYLY,0.3,False,0.01993,1.771,,1.03,1783988991
All Pools,Milk - USDT.e,0.3,False,0.01984,13.89,,0.13,1783988991
All Pools,gOHM - USDC.e,0.3,False,0.01958,0.3261,,5.48,1783988991
All Pools,AVAX - AMONKS,0.3,False,0.01953,1141.69,,0.0,1783988991
All Pools,REDWOLF - AMONKS,0.3,False,0.01947,5.627,,0.32,1783988991
All Pools,AVAX - GOT,0.3,False,0.0191,4.263,,0.41,1783988991
All Pools,USDT.e - GOT,0.3,False,0.01897,12.4,,0.14,1783988991
All Pools,SOB - AVAX,0.3,False,0.0183,389.42,,0.0,1783988991
All Pools,LIFE - AVAX,0.3,False,0.01817,2.672,,0.62,1783988991
All Pools,SOB - LUNA,0.3,False,0.01799,0.80108,,2.05,1783988991
All Pools,MIM - LIFE,0.3,False,0.01795,11.21,,0.15,1783988991
All Pools,AVAX - DAI,0.3,False,0.01792,55.91,,0.03,1783988991
All Pools,MAJIN - AVAX,0.3,False,0.01777,3013.26,,,1783988991
All Pools,MAJIN - MU,0.3,False,0.0177,3.676,,0.44,1783988991
All Pools,GATOR - AMI,0.3,False,0.01765,3.055,,0.53,1783988991
All Pools,WOLF - MU,0.3,False,0.01756,3.778,,0.42,1783988991
All Pools,MIM - DICK,0.3,False,0.01742,2.153,,0.74,1783988991
All Pools,MIM - sTHO,0.3,False,0.01738,203.58,,0.01,1783988991
All Pools,DICK - AVAX,0.3,False,0.01733,6.097,,0.26,1783988991
All Pools,SUB - AVAX,0.3,False,0.01714,14.8,,0.11,1783988991
All Pools,ZH - USDC.e,0.3,False,0.0169,22.25,,0.07,1783988991
All Pools,DUNEV3 - USDC.e,0.3,False,0.01688,25237.0,,,1783988991
All Pools,ZH - JOE,0.3,False,0.01656,2.054,,0.74,1783988991
All Pools,MIM - DUNEV3,0.3,False,0.01654,53686.0,,,1783988991
All Pools,JOE - AVE,0.3,False,0.01619,1.179,,1.25,1783988991
All Pools,KOKSAL - USDC,0.3,False,0.01617,4.434,,0.33,1783988991
All Pools,KOKSAL - AVAX,0.3,False,0.01617,2.759,,0.53,1783988991
All Pools,YEEHAW - AMI,0.3,False,0.01577,3.091,,0.47,1783988991
All Pools,DUA - USDC,0.3,False,0.01577,11.42,,0.13,1783988991
All Pools,AVAX - DUA,0.3,False,0.01577,1.718,,0.84,1783988991
All Pools,YAK - JOE,0.3,False,0.01575,0.89807,,1.6,1783988991
All Pools,SHOE - COQ,0.3,False,0.0155,0.03762,,37.59,1783988991
All Pools,KOVIN - MU,0.3,False,0.01511,2.493,,0.55,1783988991
All Pools,AAVE.e - USDC.e,0.3,False,0.0147,1.265,,1.06,1783988991
All Pools,NRK - DAI.e,0.3,False,0.01406,280.4,,0.0,1783988991
All Pools,SMRT - XAVA,0.3,False,0.01388,2.235,,0.57,1783988991
All Pools,Trinity - FourFourFour,0.3,False,0.01382,3.545,,0.36,1783988991
All Pools,MIM - SPELL,0.3,False,0.01382,2.432,,0.52,1783988991
All Pools,WOLF - USDT.e,0.3,False,0.01379,3.17,,0.4,1783988991
All Pools,FourFourFour - BLACK,0.3,False,0.01377,3.207,,0.39,1783988991
All Pools,UST - USDC,0.3,False,0.01359,3.921,,0.32,1783988991
All Pools,HCT - AVAX,0.3,False,0.01352,2.618,,0.47,1783988991
All Pools,CATWIF - AVAX,0.3,False,0.0129,2350.64,,,1783988991
All Pools,HIGHER - AVAX,0.3,False,0.01289,1.194,,0.99,1783988991
All Pools,COQ - ARENA,0.3,False,0.01287,0.78929,,1.49,1783988991
All Pools,CATWIF - MU,0.3,False,0.01283,3.007,,0.39,1783988991
All Pools,AVAX - iBONE,0.3,False,0.01268,4.221,,0.27,1783988991
All Pools,ChristMark - ChristIAmYou,0.3,False,0.01268,20.1,,0.06,1783988991
All Pools,USDT.e - iBONE,0.3,False,0.01259,4.464,,0.26,1783988991
All Pools,KIMBO - AMI,0.3,False,0.01257,2.341,,0.49,1783988991
All Pools,BLACK - ChristIAmYou,0.3,False,0.01242,1.263,,0.9,1783988991
All Pools,BIRD - AVAX,0.3,False,0.01232,0.00945,,118.9,1783988991
All Pools,WTHT - AXIAL,0.3,False,0.01226,0.28592,,3.91,1783988991
All Pools,Psychic - BirthingCode,0.3,False,0.01203,46.25,,0.02,1783988991
All Pools,Psychic - Equal,0.3,False,0.01202,46.24,,0.02,1783988991
All Pools,Psychic - YouAndI,0.3,False,0.01202,46.24,,0.02,1783988991
All Pools,Psychic - Turtle,0.3,False,0.01187,46.25,,0.02,1783988991
All Pools,Psychic - Finish,0.3,False,0.01185,46.21,,0.02,1783988991
All Pools,AVAX - LAST,0.3,False,0.01183,733.11,,0.0,1783988991
All Pools,AVAX - APE - X,0.3,False,0.01183,471.22,,0.0,1783988991
All Pools,BirthingCode - BLACK,0.3,False,0.0118,1.235,,0.87,1783988991
All Pools,Equal - BLACK,0.3,False,0.01179,1.236,,0.87,1783988991
All Pools,YouAndI - BLACK,0.3,False,0.01179,1.237,,0.87,1783988991
All Pools,Psychic - TrueStory,0.3,False,0.01179,46.24,,0.02,1783988991
All Pools,Turtle - BLACK,0.3,False,0.01166,1.235,,0.86,1783988991
All Pools,Finish - BLACK,0.3,False,0.01163,1.244,,0.85,1783988991
All Pools,TrueStory - BLACK,0.3,False,0.01157,1.236,,0.85,1783988991
All Pools,AVAX - DWC,0.3,False,0.01157,4102.51,,,1783988991
All Pools,DWC - MU,0.3,False,0.0115,2.751,,0.38,1783988991
All Pools,TECH - AMI,0.3,False,0.01146,1.651,,0.63,1783988991
All Pools,BTC.b - yyAVAX,0.3,False,0.01144,4.14,,0.25,1783988991
All Pools,GURS - HOWDY,0.3,False,0.01135,0.57722,,1.79,1783988991
All Pools,USDC - USDT.e,0.3,False,0.01134,154.66,,0.01,1783988991
All Pools,AVAX - MICRO,0.3,False,0.01109,18.59,,0.05,1783988991
All Pools,COQ - MICRO,0.3,False,0.01102,2.667,,0.38,1783988991
All Pools,AMPL - AVAX,0.3,False,0.011,203.92,,0.0,1783988991
All Pools,BEAM - MU,0.3,False,0.01091,0.94564,,1.05,1783988991
All Pools,WINK - AVAX,0.3,False,0.0104,41.44,,0.02,1783988991
All Pools,aAvaLINK - LINK.e,0.3,False,0.01011,1.588,,0.58,1783988991
All Pools,TEMPO - AVAX,0.3,False,0.01003,1.822,,0.5,1783988991
All Pools,MIM - TEMPO,0.3,False,0.00994,5.176,,0.18,1783988991
All Pools,GMX - USDC,0.3,False,0.00977,0.81385,,1.09,1783988991
All Pools,NXPC - USDC,0.3,False,0.00962,0.66502,,1.32,1783988991
All Pools,QI - USDC.e,0.3,False,0.00953,0.63442,,1.37,1783988991
All Pools,HERESY - MEOW,0.3,False,0.00917,0.18647,,4.49,1783988991
All Pools,AVAX - LODE,0.3,False,0.00912,0.83109,,1.0,1783988991
All Pools,AVAX - WOHM,0.3,False,0.00871,1.163,,0.68,1783988991
All Pools,GURS - AMI,0.3,False,0.00867,1.257,,0.63,1783988991
All Pools,MIM - WOHM,0.3,False,0.00859,13.42,,0.06,1783988991
All Pools,USDC.e - UST,0.3,False,0.00852,1.548,,0.5,1783988991
All Pools,HH - ARENA,0.3,False,0.00847,1.646,,0.47,1783988991
All Pools,HH - AVAX,0.3,False,0.0084,237.7,,0.0,1783988991
All Pools,Gladiator - AVAX,0.3,False,0.00834,1.512,,0.5,1783988991
All Pools,FINANCE - NOCHILL,0.3,False,0.00833,359.58,,0.0,1783988991
All Pools,TRACTOR - AVAX,0.3,False,0.00813,10616.0,,,1783988991
All Pools,TRACTOR - JOE,0.3,False,0.00806,1.122,,0.66,1783988991
All Pools,BNZ - KET,0.3,False,0.00805,2.464,,0.3,1783988991
All Pools,SNO Token - AVAX,0.3,False,0.00804,1.124,,0.65,1783988991
All Pools,SNO Token - JOE,0.3,False,0.00797,49.77,,0.01,1783988991
All Pools,YEEHAW - ARENA,0.3,False,0.00751,0.86323,,0.79,1783988991
All Pools,AVAX - EDG,0.3,False,0.0073,1.382,,0.48,1783988991
All Pools,QI - REDWOLF,0.3,False,0.00725,1.13,,0.59,1783988991
All Pools,AMI - MU,0.3,False,0.00723,1.244,,0.53,1783988991
All Pools,MIM - EDG,0.3,False,0.00722,1.577,,0.42,1783988991
All Pools,WETH.e - MU,0.3,False,0.00716,1.759,,0.37,1783988991
All Pools,HIGHER - AMI,0.3,False,0.00682,1.876,,0.33,1783988991
All Pools,SNLP - AVAX,0.3,False,0.00663,2620.07,,,1783988991
All Pools,JOE - SNLP,0.3,False,0.00656,1.051,,0.57,1783988991
All Pools,AVAX - VYBE,0.3,False,0.00635,1.676,,0.35,1783988991
All Pools,MIM - VYBE,0.3,False,0.00628,0.8722,,0.66,1783988991
All Pools,LF - USDT.e,0.3,False,0.00618,0.98528,,0.57,1783988991
All Pools,WINK - NOCHILL,0.3,False,0.00606,0.37476,,1.48,1783988991
All Pools,HIGHER - NOCHILL,0.3,False,0.00602,0.17896,,3.07,1783988991
All Pools,JOE - CNR,0.3,False,0.006,0.72251,,0.76,1783988991
All Pools,AVAX - AXIAL,0.3,False,0.00578,596.19,,,1783988991
All Pools,JOE - USDR,0.3,False,0.00577,0.53599,,0.98,1783988991
All Pools,AVAX - OK,0.3,False,0.00564,1.595,,0.32,1783988991
All Pools,USDC - OK,0.3,False,0.00559,1.153,,0.44,1783988991
All Pools,MIM - AFARMER,0.3,False,0.00555,3681.7,,,1783988991
All Pools,WETH.e - STATIK,0.3,False,0.00545,0.97888,,0.51,1783988991
All Pools,JOE - USDt,0.3,False,0.0053,0.6379,,0.76,1783988991
All Pools,AUSD - HUSKY,0.3,False,0.00513,0.45236,,1.04,1783988991
All Pools,YAK - USDT.e,0.3,False,0.00495,0.53488,,0.84,1783988991
All Pools,GMX - USDt,0.3,False,0.00494,0.33724,,1.34,1783988991
All Pools,TEDDY - USDC,0.3,False,0.00489,0.62469,,0.71,1783988991
All Pools,USDC - LODE,0.3,False,0.00483,847.95,,,1783988991
All Pools,AVAX - SOL,0.3,False,0.00481,0.06746,,6.5,1783988991
All Pools,AVAX - PAR,0.3,False,0.0048,1.294,,0.34,1783988991
All Pools,MIM - PAR,0.3,False,0.00473,0.4739,,0.91,1783988991
All Pools,Oracle - BLACK,0.3,False,0.00467,1.245,,0.34,1783988991
All Pools,YEEHAW - ABC,0.3,False,0.00444,0.24833,,1.63,1783988991
All Pools,PinOcchio - AVAX,0.3,False,0.00443,7.729,,0.05,1783988991
All Pools,PinOcchio - Gravity,0.3,False,0.00441,1.487,,0.27,1783988991
All Pools,NOCHILL - ARENA,0.3,False,0.00439,0.24971,,1.61,1783988991
All Pools,ETHM - AVAX,0.3,False,0.00434,21.43,,0.02,1783988991
All Pools,WETH.e - ETHM,0.3,False,0.00428,0.40753,,0.96,1783988991
All Pools,USDC.e - GG,0.3,False,0.00414,0.37297,,1.01,1783988991
All Pools,BNZ - WINK,0.3,False,0.00408,0.24471,,1.52,1783988991
All Pools,AMI - EROL,0.3,False,0.00394,0.30443,,1.18,1783988991
All Pools,ERROR - AMI,0.3,False,0.0035,1.743,,0.18,1783988991
All Pools,AVAX - WINE,0.3,False,0.00343,0.08444,,3.7,1783988991
All Pools,JOE - GB,0.3,False,0.00324,0.1552,,1.91,1783988991
All Pools,AVAX - MTB,0.3,False,0.00321,0.42472,,0.69,1783988991
All Pools,AVAX - DREX,0.3,False,0.00317,0.19887,,1.46,1783988991
All Pools,MIM - MTB,0.3,False,0.00315,0.44536,,0.64,1783988991
All Pools,COQ - SHEN,0.3,False,0.00313,0.31449,,0.91,1783988991
All Pools,MIM - DREX,0.3,False,0.00312,5.654,,0.05,1783988991
All Pools,SHEN - AVAX,0.3,False,0.00309,40.03,,0.01,1783988991
All Pools,SNTA - MIM,0.3,False,0.00299,0.32061,,0.85,1783988991
All Pools,GRAPE - AVAX,0.3,False,0.00298,0.09549,,2.84,1783988991
All Pools,LIFE - AVAX,0.3,False,0.00294,0.74014,,0.36,1783988991
All Pools,MIM - LIFE,0.3,False,0.00289,0.23726,,1.11,1783988991
All Pools,USDC.e - TIME,0.3,False,0.0028,0.19486,,1.31,1783988991
All Pools,JOE - aXEN,0.3,False,0.00274,0.17347,,1.44,1783988991
All Pools,DB - AVAX,0.3,False,0.00271,1.368,,0.18,1783988991
All Pools,STG - JOE,0.3,False,0.00268,0.10315,,2.37,1783988991
All Pools,xJOE - AVAX,0.3,False,0.00268,1.779,,0.14,1783988991
All Pools,FAP - AVAX,0.3,False,0.00267,67.68,,0.0,1783988991
All Pools,MIM - DB,0.3,False,0.00266,0.18975,,1.28,1783988991
All Pools,xJOE - wsOHM,0.3,False,0.00263,0.17744,,1.35,1783988991
All Pools,MIM - FAP,0.3,False,0.00255,0.04764,,4.89,1783988991
All Pools,JOE - AMI,0.3,False,0.00227,0.14433,,1.43,1783988991
All Pools,ABC - MU,0.3,False,0.00217,0.0524,,3.78,1783988991
All Pools,NineHundred - BLACK,0.3,False,0.00213,2.595,,0.07,1783988991
All Pools,AVAX - PLEB,0.3,False,0.0021,0.08878,,2.16,1783988991
All Pools,BLOB - AVAX,0.3,False,0.00206,2309.5,,,1783988991
All Pools,MIM - PLEB,0.3,False,0.00205,8.008,,0.02,1783988991
All Pools,LUNA - USDC,0.3,False,0.00199,0.09458,,1.92,1783988991
All Pools,MIM - AKITA,0.3,False,0.00197,0.08105,,2.22,1783988991
All Pools,AMI - COQAI,0.3,False,0.00197,2.716,,0.07,1783988991
All Pools,ACS - USDt,0.3,False,0.00182,0.95483,,0.17,1783988991
All Pools,USDC.e - XAVA,0.3,False,0.00177,0.34102,,0.47,1783988991
All Pools,LAMA - AVAX,0.3,False,0.00161,8356.9,,,1783988991
All Pools,UST - WINE,0.3,False,0.00152,0.11517,,1.2,1783988991
All Pools,TSD - USDC.e,0.3,False,0.00148,0.06215,,2.17,1783988991
All Pools,BTC.b - GMX,0.3,False,0.00125,1.244,,0.09,1783988991
All Pools,ILoveMyTwinFlame - AVAX,0.3,False,0.00115,3.981,,0.03,1783988991
All Pools,ILoveMyTwinFlame - Gravity,0.3,False,0.00114,1.608,,0.06,1783988991
All Pools,YEEHAW - Gladiator,0.3,False,0.00108,0.085,,1.16,1783988991
All Pools,USDC - XPOW,0.3,False,0.00102,0.024,,3.86,1783988991
All Pools,GRAPE - USDC.e,0.3,False,0.00101,0.03926,,2.34,1783988991
All Pools,COQ - USDt,0.3,False,,0.04132,,2.04,1783988991
All Pools,AVME - AVAX,0.3,False,,0.00164,,45.5,1783988991
All Pools,CRAFT - AVAX,0.3,False,,289.02,,,1783988991
All Pools,ROCO - USDT.e,0.3,False,,0.10341,,0.67,1783988991
All Pools,PGX - AVAX,0.3,False,,10107.0,,,1783988991
All Pools,SYN - JOE,0.3,False,,0.01724,,3.2,1783988991
All Pools,FollowTheWhiteRabbit - BLACK,0.3,False,,0.12622,,0.41,1783988991
All Pools,SPORE - USDC,0.3,False,,1393.97,,,1783988991
All Pools,DONK - AVAX,0.3,False,,21.57,,,1783988991
All Pools,aAVAXb - AVAX,0.3,False,,0.25493,,0.02,1783988991
All Pools,EZE - AVAX,0.3,False,,0.04804,,0.03,1783988991
All Pools,MU - KET,0.3,False,,0.93186,,,1783988991
All Pools,FATE - USDC,0.3,False,,451017.0,,,1783988991
All Pools,MIM - JOE,0.3,False,,0.00212,,0.02,1783988991
All Pools,sAVAX - WETH.e,0.3,False,,0.00965,,0.0,1783988991
All Pools,AVAX - USDC,0.05,False,1241749.0,378426.0,665.35,64.17,1783992597
All Pools,sAVAX - AVAX,0.01,False,126025.0,47203.0,14.34,11.09,1783992597
All Pools,USDt - USDC,0.01,False,87903.0,163329.0,9.165,2.05,1783992597
All Pools,AUSD - USDC,0.01,False,81120.0,102479.0,7.917,2.82,1783992597
All Pools,BTC.b - USDC,0.05,False,75762.0,570068.0,39.84,2.55,1783992597
All Pools,USDt - USDC,0.005,False,74581.0,160612.0,5.718,1.3,1783992597
All Pools,AUSD - USDt,0.01,False,37792.0,59989.0,3.976,2.42,1783992597
All Pools,AVAX - USDT.e,0.3,False,28105.0,468880.0,70.26,5.47,1783992597
All Pools,AVAX - USDC,0.3,False,24701.0,345022.0,61.75,6.53,1783992597
All Pools,USDC.e - AVAX,0.3,False,24118.0,364678.0,60.3,6.03,1783992597
All Pools,FOLKS - AVAX,0.25,False,22375.0,35659.0,57.75,59.11,1783992597
All Pools,AAVE.e - AVAX,0.3,False,20420.0,259489.0,51.05,7.18,1783992597
All Pools,AVAX - USDt,0.2,False,19123.0,98632.0,38.68,14.31,1783992597
All Pools,gOHM - AVAX,0.3,False,16224.0,124630.0,40.56,11.88,1783992597
All Pools,USDC - XAVA,0.3,False,15497.0,489820.0,38.74,2.89,1783992597
All Pools,WETH.e - AVAX,0.3,False,15232.0,366733.0,38.08,3.79,1783992597
All Pools,AVAX - BTC.b,0.05,False,14801.0,26818.0,9.563,13.02,1783992597
All Pools,USDT.e - USDC,0.02,False,14657.0,51104.0,2.945,2.1,1783992597
All Pools,USDT.e - USDt,0.02,False,12351.0,44484.0,2.474,2.03,1783992597
All Pools,ARENA - AVAX,0.01,False,8748.2,98080.0,0.87469,0.33,1783992597
All Pools,JOE - USDC.e,0.3,False,7423.99,257589.0,18.56,2.63,1783992597
All Pools,COQ - AVAX,0.3,False,6551.88,396795.0,16.38,1.51,1783992597
All Pools,XAVA - AVAX,0.8,False,6422.11,156449.0,51.74,12.07,1783992597
All Pools,JOE - AVAX,0.3,False,6113.94,209771.0,15.28,2.66,1783992597
All Pools,NXUSD - WXT,0.3,False,5218.5,476198.0,13.05,1.0,1783992597
All Pools,WBTC.e - AVAX,0.3,False,4927.04,130008.0,12.32,3.46,1783992597
All Pools,BTC.b - AVAX,0.3,False,4132.75,106384.0,10.33,3.54,1783992597
All Pools,MIM - AVAX,0.3,False,4080.98,184480.0,10.2,2.02,1783992597
All Pools,QI - AVAX,0.3,False,3763.87,127530.0,9.41,2.69,1783992597
All Pools,WBTC - BTC.b,0.03,False,3313.12,80273.0,1.008,0.46,1783992597
All Pools,GUN - AVAX,0.25,False,3246.85,9363.65,12.97,50.55,1783992597
All Pools,DAI.e - USDC,0.02,False,3172.31,29485.0,0.62531,0.77,1783992597
All Pools,NOCHILL - AVAX,0.3,False,2995.03,52107.0,7.488,5.24,1783992597
All Pools,USDt - AVAX,0.3,False,2771.63,38484.0,6.929,6.57,1783992597
All Pools,LCPEDU - USDt,0.8,False,2338.38,7178730.0,37.49,0.19,1783992597
All Pools,USDC.e - USDC,0.02,False,1988.51,3892.55,0.41045,3.85,1783992597
All Pools,BEAM - AVAX,0.25,False,1916.41,14347.0,4.925,12.53,1783992597
All Pools,ORNG - AVAX,0.3,False,1853.08,16741.0,4.633,10.1,1783992597
All Pools,ZRO - AVAX,0.25,False,1834.06,1639.91,13.68,304.58,1783992597
All Pools,BEAM - USDC,0.3,False,1779.63,65619.0,4.449,2.47,1783992597
All Pools,LINK.e - AVAX,0.3,False,1715.57,38255.0,4.289,4.09,1783992597
All Pools,QI - AVAX,0.25,False,1595.76,7757.23,4.016,18.9,1783992597
All Pools,AVAX - DAI.e,0.3,False,1485.16,28492.0,3.713,4.76,1783992597
All Pools,HERESY - AVAX,0.3,False,1451.28,15024.0,3.628,8.81,1783992597
All Pools,SolvBTC - BTC.b,0.04,False,1413.52,174175.0,0.59096,0.12,1783992597
All Pools,HUNDRED - USDC,0.3,False,1307.77,493902.0,3.269,0.24,1783992597
All Pools,SB - AVAX,0.3,False,1212.79,5968.57,3.032,18.54,1783992597
All Pools,USDC.e - USDC,0.02,False,1170.3,9735.94,0.14593,0.55,1783992597
All Pools,JOE - USDT.e,0.3,False,1135.22,51727.0,2.838,2.0,1783992597
All Pools,GUN - AVAX,0.1,False,966.38,16700.0,2.663,5.82,1783992597
All Pools,WBTC.e - BTC.b,0.03,False,757.73,223670.0,0.25257,0.04,1783992597
All Pools,JOE - USDC,0.3,False,691.58,23448.0,1.729,2.69,1783992597
All Pools,USDT.e - USDC,0.02,False,660.9,897.91,0.06899,2.8,1783992597
All Pools,AVAX - DOMI,0.3,False,623.67,11504.0,1.559,4.95,1783992597
All Pools,XSEED - AVAX,0.3,False,479.68,15936.0,1.199,2.75,1783992597
All Pools,JPYC - USDC,0.04,False,461.15,3190.59,0.20031,2.29,1783992597
All Pools,SYN - AVAX,0.3,False,460.68,5119.42,1.152,8.21,1783992597
All Pools,AVAX - XAVA,0.3,False,436.75,12873.0,1.092,3.1,1783992597
All Pools,WETH.e - USDC.e,0.3,False,430.26,10810.0,1.076,3.63,1783992597
All Pools,gOHM - FRAX,0.3,False,411.03,3435.6,1.028,10.92,1783992597
All Pools,EURC - USDC,0.03,False,385.94,10467.0,0.11336,0.4,1783992597
All Pools,AVAX - RISE,0.3,False,383.4,42858.0,0.95851,0.82,1783992597
All Pools,MIM - SB,0.3,False,317.36,2238.43,0.7934,12.94,1783992597
All Pools,USDC.e - USDC,0.3,False,307.08,481127.0,0.76771,0.06,1783992597
All Pools,XSGD - USDC,0.05,False,301.77,430.91,0.05015,4.25,1783992597
All Pools,PRIME - AVAX,0.4,False,225.16,112886.0,2.233,0.72,1783992597
All Pools,AVAX - JUICE,0.3,False,212.73,9354.39,0.53181,2.08,1783992597
All Pools,USDt - ncash,0.3,False,208.43,1009.89,0.52109,18.83,1783992597
All Pools,OSAK - AVAX,0.3,False,198.42,3171.95,0.49606,5.71,1783992597
All Pools,GB - AVAX,0.3,False,185.64,1986.76,0.4641,8.53,1783992597
All Pools,DAI.e - USDC,0.02,False,184.9,2589.95,0.03607,0.51,1783992597
All Pools,GMX - AVAX,0.3,False,174.08,3788.27,0.4352,4.19,1783992597
All Pools,FITFI - USDT.e,0.3,False,150.33,156.22,0.37582,87.81,1783992597
All Pools,COQ - COQAI,0.3,False,147.68,18668.0,0.36919,0.72,1783992597
All Pools,w3ULL - AVAX,0.3,False,145.85,51551.0,0.36464,0.26,1783992597
All Pools,ALOT - AVAX,0.3,False,144.06,10158.0,0.36016,1.29,1783992597
All Pools,YAK - AVAX,0.3,False,142.91,3464.21,0.35727,3.76,1783992597
All Pools,XPOW - AVAX,0.8,False,135.19,237.54,1.238,190.17,1783992597
All Pools,UST - AVAX,0.3,False,132.18,5869.7,0.33046,2.05,1783992597
All Pools,AVAX - ALVA,0.3,False,126.67,777.81,0.31666,14.86,1783992597
All Pools,AVAX - UST,0.3,False,113.22,6781.86,0.28306,1.52,1783992597
All Pools,APIX - USDt,0.3,False,111.54,5860.84,0.27885,1.74,1783992597
All Pools,AI - AVAX,0.3,False,107.56,3120.66,0.2689,3.15,1783992597
All Pools,STG - USDC,0.3,False,103.51,1228.48,0.25877,7.69,1783992597
All Pools,WETH.e - USDC,0.3,False,91.75,20.04,0.22937,417.83,1783992597
All Pools,STG - AVAX,0.3,False,87.83,1027.71,0.21956,7.8,1783992597
All Pools,USDC.e - USDC,0.02,False,83.41,1955.55,0.01672,0.31,1783992597
All Pools,FLD - AVAX,0.3,False,81.77,34984.0,0.20442,0.21,1783992597
All Pools,XAUt0 - USDt,0.04,False,80.42,24746.0,0.21785,0.32,1783992597
All Pools,APIX - ID,0.3,False,70.73,16941.0,0.17683,0.38,1783992597
All Pools,USDt - USDC,0.02,False,70.36,2239.79,0.01412,0.23,1783992597
All Pools,HEFE - AVAX,0.3,False,69.45,26954.0,0.17363,0.24,1783992597
All Pools,XAVA - AVAX,0.8,False,68.86,453.15,0.5614,45.22,1783992597
All Pools,KLO - AVAX,0.3,False,63.89,11854.0,0.15972,0.49,1783992597
All Pools,EMIN - AVAX,0.3,False,62.23,2126.74,0.15556,2.67,1783992597
All Pools,WBTC.e - USDC,0.3,False,58.45,0.39428,0.14613,13527.56,1783992597
All Pools,APIX - USDC,0.3,False,57.39,2923.0,0.14347,1.79,1783992597
All Pools,BLSEYE🎯 - AVAX,0.3,False,48.83,4406.13,0.12208,1.01,1783992597
All Pools,MIM - USDT.e,0.3,False,46.55,1530.14,0.11638,2.78,1783992597
All Pools,GUN - BLSEYE🎯,0.3,False,40.32,427.26,0.10081,8.61,1783992597
All Pools,AVAX - AMI,0.3,False,39.52,349.25,0.09879,10.32,1783992597
All Pools,ROY - AVAX,0.3,False,33.2,3948.39,0.08299,0.77,1783992597
All Pools,ABC - AVAX,0.3,False,33.09,488.91,0.08273,6.18,1783992597
All Pools,Balln - AVAX,0.3,False,32.72,3802.75,0.08181,0.79,1783992597
All Pools,ZRO - AVAX,0.3,False,31.63,134.35,0.07906,21.48,1783992597
All Pools,AVAX - TOPIA,0.3,False,31.18,1074.52,0.07794,2.65,1783992597
All Pools,SHRAP - AVAX,0.8,False,31.14,8816.74,0.25035,1.04,1783992597
All Pools,GURS - AVAX,0.3,False,30.74,5451.3,0.07685,0.51,1783992597
All Pools,SECOND - USDC,0.3,False,28.14,7003.88,0.07036,0.37,1783992597
All Pools,SECOND - AVAX,0.3,False,28.14,1451.65,0.07034,1.77,1783992597
All Pools,ISA - USDC.e,0.3,False,25.45,1435.32,0.06364,1.62,1783992597
All Pools,MIM - USDC.e,0.3,False,25.16,778.11,0.0629,2.95,1783992597
All Pools,ISA - AVAX,0.3,False,25.02,16799.0,0.06255,0.14,1783992597
All Pools,RGOGLZ - USDC,0.3,False,24.32,1320.85,0.0608,1.68,1783992597
All Pools,Psychic - AVAX,0.3,False,23.78,874.27,0.05946,2.48,1783992597
All Pools,BEAM - AVAX,0.3,False,23.72,377.57,0.0593,5.73,1783992597
All Pools,GUN - AVAX,0.3,False,21.51,194.93,0.05378,10.07,1783992597
All Pools,PNG - AVAX,0.3,False,21.28,796.43,0.0532,2.44,1783992597
All Pools,BNB - AVAX,0.3,False,19.35,2773.95,0.04837,0.64,1783992597
All Pools,AVAX - FRAX,0.3,False,19.16,676.18,0.0479,2.59,1783992597
All Pools,LUNA - USDC.e,0.3,False,19.14,641.75,0.04786,2.72,1783992597
All Pools,DCAU - USDT.e,0.3,False,19.01,5054.79,0.04751,0.34,1783992597
All Pools,BINI - AVAX,0.3,False,18.47,0.07755,0.04617,21729.68,1783992597
All Pools,BOI - AVAX,0.3,False,18.26,40.85,0.04564,40.78,1783992597
All Pools,DCAU - AVAX,0.3,False,17.7,1016.65,0.04426,1.59,1783992597
All Pools,WETH.e - USDC,0.15,False,17.44,8945.43,0.02638,0.11,1783992597
All Pools,AVAX - SOLNIC,0.3,False,17.18,3537.88,0.04295,0.44,1783992597
All Pools,3QF - D - AVAX,0.3,False,17.14,1297.73,0.04285,1.21,1783992597
All Pools,3QF - D - WETH.e,0.3,False,17.09,2380.89,0.04272,0.65,1783992597
All Pools,KIMBO - AVAX,0.3,False,16.39,39603.0,0.04098,0.04,1783992597
All Pools,AVAX - GEC,0.3,False,16.36,26971.0,0.04089,0.06,1783992597
All Pools,sAVAX - AVAX,0.3,False,16.29,171408.0,0.04073,0.01,1783992597
All Pools,Psychic - XAUt0,0.3,False,15.08,5709.24,0.0377,0.24,1783992597
All Pools,FITFI - AVAX,0.3,False,14.5,13.89,0.03624,95.23,1783992597
All Pools,MIM - WETH.e,0.3,False,13.84,496.56,0.0346,2.54,1783992597
All Pools,APIX - ARENA,0.3,False,13.82,1658.75,0.03456,0.76,1783992597
All Pools,HUSKY - AVAX,0.3,False,12.61,2037.13,0.03151,0.56,1783992597
All Pools,AVAXAI - USDC,0.3,False,12.28,1516.86,0.03071,0.74,1783992597
All Pools,APIX - LAMBO,0.3,False,11.96,438.23,0.02991,2.49,1783992597
All Pools,REDWOLF - AVAX,0.25,False,11.87,182.03,0.03052,6.12,1783992597
All Pools,TECH - AVAX,0.3,False,11.69,9649.4,0.02923,0.11,1783992597
All Pools,sAVAX - JACK,0.3,False,11.61,273490.0,0.02903,0.0,1783992597
All Pools,YAK - USDC.e,0.3,False,11.14,221.26,0.02786,4.6,1783992597
All Pools,HATCHY - AVAX,0.3,False,9.665,6579.12,0.02416,0.13,1783992597
All Pools,ABC - HOWDY,0.3,False,9.266,484.5,0.02317,1.75,1783992597
All Pools,WETH.e - REDWOLF,0.3,False,8.664,81.92,0.02166,9.65,1783992597
All Pools,AVAX - ELK,0.3,False,8.572,1295.38,0.02143,0.6,1783992597
All Pools,HOWDY - USDC,0.3,False,8.57,2950.49,0.02143,0.27,1783992597
All Pools,BLSEYE🎯 - ARENA,0.3,False,8.256,851.65,0.02064,0.88,1783992597
All Pools,EGG - AVAX,0.3,False,7.832,16458.0,0.01958,0.04,1783992597
All Pools,SHRAP - DOMI,0.3,False,7.491,170.16,0.01873,4.02,1783992597
All Pools,BTC.b - TOPIA,0.3,False,7.337,445.86,0.01834,1.5,1783992597
All Pools,AVAX - PEFI,0.3,False,6.627,3196.75,0.01657,0.19,1783992597
All Pools,USDC.e - SOL,0.3,False,6.566,35.95,0.01642,16.67,1783992597
All Pools,avUSD - sAVAX,0.3,False,6.049,225.54,0.01512,2.45,1783992597
All Pools,REDWOLF - USDC,0.3,False,6.017,186.27,0.01504,2.95,1783992597
All Pools,USV - DAI.e,0.3,False,5.661,3959.7,0.01415,0.13,1783992597
All Pools,UST - USDC,0.3,False,5.596,432.64,0.01399,1.18,1783992597
All Pools,PTOP500 - TOPIA,0.3,False,5.467,107.57,0.01367,4.64,1783992597
All Pools,TRESR - AVAX,0.3,False,5.319,7809.18,0.0133,0.06,1783992597
All Pools,SWIFT - WETH.e,0.3,False,5.262,1269.47,0.01315,0.38,1783992597
All Pools,REDWOLF - AVAX,0.3,False,5.246,387.16,0.01312,1.24,1783992597
All Pools,AVAX - HON,0.3,False,5.189,49306.0,0.01297,0.01,1783992597
All Pools,REDWOLF - SOL,0.3,False,5.14,58.65,0.01285,8.0,1783992597
All Pools,LINK.e - USDT.e,0.3,False,5.035,218.51,0.01259,2.1,1783992597
All Pools,AAVE.e - REDWOLF,0.3,False,4.952,150.34,0.01238,3.01,1783992597
All Pools,MUON - AVAX,0.3,False,4.563,40309.0,0.01141,0.01,1783992597
All Pools,AVAX - FRAX,0.3,False,4.478,226.75,0.01119,1.8,1783992597
All Pools,ORNG - FLUX,0.3,False,4.468,109.57,0.01117,3.72,1783992597
All Pools,USDC.e - MU,0.3,False,4.459,13242.0,0.01115,0.03,1783992597
All Pools,MYST - AVAX,0.3,False,4.44,651.28,0.0111,0.62,1783992597
All Pools,gOHM - SB,0.3,False,4.421,16.6,0.01105,24.31,1783992597
All Pools,LUNA - USDC.e,0.3,False,4.348,334.93,0.01087,1.18,1783992597
All Pools,JOE - USDT,0.3,False,4.207,276.96,0.01052,1.39,1783992597
All Pools,BLSEYE🎯 - MEOW,0.3,False,4.177,824.59,0.01044,0.46,1783992597
All Pools,MYST - USDC,0.3,False,4.168,218.05,0.01042,1.74,1783992597
All Pools,SWIFT - AVAX,0.3,False,4.16,231.73,0.0104,1.64,1783992597
All Pools,FLOT - AVAX,0.3,False,4.106,2925.47,0.01026,0.13,1783992597
All Pools,YOU - ORNG,0.3,False,4.061,1359.55,0.01015,0.27,1783992597
All Pools,LINK.e - USDC.e,0.3,False,3.838,181.59,0.00959,1.93,1783992597
All Pools,AVAX - NaughtiusMaximus,0.3,False,3.77,331.77,0.00942,1.04,1783992597
All Pools,XROSS - ORNG,0.3,False,3.712,234.53,0.00928,1.44,1783992597
All Pools,BLSEYE🎯 - BEAM,0.3,False,3.682,269.06,0.00921,1.25,1783992597
All Pools,AVAX - aXEN,0.3,False,3.668,167.22,0.00917,2.0,1783992597
All Pools,AVAX - AKITA,0.3,False,3.641,1755.52,0.0091,0.19,1783992597
All Pools,oXAUT - AVAX,0.3,False,3.59,406.07,0.00897,0.81,1783992597
All Pools,BTC.b - oXAUT,0.3,False,3.587,308.64,0.00897,1.06,1783992597
All Pools,XAUt0 - NaughtiusMaximus,0.3,False,3.419,875.18,0.00855,0.36,1783992597
All Pools,Now - AVAX,0.3,False,3.38,189.37,0.00845,1.63,1783992597
All Pools,SWIFT - USDC.e,0.3,False,3.374,479.98,0.00844,0.64,1783992597
All Pools,AVAX - BGR,0.3,False,3.314,177.21,0.00828,1.71,1783992597
All Pools,FTOMB - AVAX,0.3,False,3.212,6700.69,0.00803,0.04,1783992597
All Pools,DATCM - ORNG,0.3,False,3.139,232.87,0.00785,1.23,1783992597
All Pools,AVAX - EROL,0.0,False,3.124,37.87,0.0,0.0,1783992597
All Pools,AVAX - SOCK,0.3,False,3.051,2386.72,0.00763,0.12,1783992597
All Pools,USDC - SOCK,0.3,False,3.038,415.08,0.0076,0.67,1783992597
All Pools,DPS - USDC,0.3,False,2.987,1811.71,0.00747,0.15,1783992597
All Pools,DPS - AVAX,0.3,False,2.986,182.65,0.00747,1.49,1783992597
All Pools,APOW - AVAX,0.3,False,2.977,618.89,0.00744,0.44,1783992597
All Pools,WETH - USDC.e,0.3,False,2.906,200.91,0.00726,1.32,1783992597
All Pools,USDC.e - sSB,0.3,False,2.84,839.12,0.0071,0.31,1783992597
All Pools,YUSD - AVAX,0.3,False,2.638,116.65,0.0066,2.06,1783992597
All Pools,ORNG - MOOM,0.3,False,2.597,186.49,0.00649,1.27,1783992597
All Pools,AVAX - ONION,0.3,False,2.539,147.61,0.00635,1.57,1783992597
All Pools,AVAX - ChristMark,0.3,False,2.449,267.59,0.00612,0.84,1783992597
All Pools,USDT.e - ONION,0.3,False,2.421,740.83,0.00605,0.3,1783992597
All Pools,UST - USDC.e,0.3,False,2.39,676.82,0.00598,0.32,1783992597
All Pools,Psychic - BLACK,0.3,False,2.379,254.88,0.00595,0.85,1783992597
All Pools,TOPIA - PTOP600,0.3,False,2.363,120.36,0.00591,1.79,1783992597
All Pools,VPND - AVAX,0.3,False,2.289,17876.0,0.00572,0.01,1783992597
All Pools,ORNG - SAI,0.3,False,2.26,105.01,0.00565,1.96,1783992597
All Pools,USDC.e - AVVO,0.3,False,2.221,225.02,0.00555,0.9,1783992597
All Pools,AVAX - IMPACT2,0.3,False,2.216,137.87,0.00554,1.47,1783992597
All Pools,Now - BLACK,0.3,False,2.215,232.92,0.00554,0.87,1783992597
All Pools,MAGICK - USDC,0.3,False,2.206,226.13,0.00552,0.89,1783992597
All Pools,MAGICK - AVAX,0.3,False,2.206,281.17,0.00552,0.72,1783992597
All Pools,WETH.e - ONION,0.3,False,2.144,229.87,0.00536,0.85,1783992597
All Pools,LIQR - AVAX,0.3,False,2.082,36467.0,0.0052,0.01,1783992597
All Pools,BNZ - AVAX,0.3,False,2.05,148.16,0.00513,1.26,1783992597
All Pools,AVAX - CLY,0.3,False,1.994,21760.0,0.00499,0.01,1783992597
All Pools,USDt - USDT.e,0.3,False,1.977,20477.0,0.00494,0.01,1783992597
All Pools,XAUt0 - ChristMark,0.3,False,1.976,576.67,0.00494,0.31,1783992597
All Pools,YEEHAW - BTC.b,0.3,False,1.971,50.31,0.00493,3.57,1783992597
All Pools,USDT.e - CLY,0.3,False,1.959,179.97,0.0049,0.99,1783992597
All Pools,HOST - DAI.e,0.3,False,1.92,2498.77,0.0048,0.07,1783992597
All Pools,BTC.b - IMPACT2,0.3,False,1.904,1273.69,0.00476,0.14,1783992597
All Pools,PNG - JOE,0.3,False,1.886,115.54,0.00471,1.49,1783992597
All Pools,XAUt0 - Now,0.3,False,1.885,560.4,0.00471,0.31,1783992597
All Pools,BUSD - AVAX,0.3,False,1.883,337.16,0.00471,0.51,1783992597
All Pools,Gladiator - ARENA,0.3,False,1.766,337.06,0.00442,0.48,1783992597
All Pools,LF - AVAX,0.3,False,1.752,283.56,0.00438,0.56,1783992597
All Pools,MIM - LF,0.3,False,1.728,400.27,0.00432,0.39,1783992597
All Pools,AVAX - USDT,0.3,False,1.724,1696.25,0.00431,0.09,1783992597
All Pools,WETH.e - USDT.e,0.3,False,1.683,147.17,0.00421,1.04,1783992597
All Pools,HUSKY - JOE,0.3,False,1.669,91.4,0.00417,1.67,1783992597
All Pools,BANKSY - USDT.e,0.3,False,1.653,1515.3,0.00413,0.1,1783992597
All Pools,BANKSY - AVAX,0.3,False,1.651,142.21,0.00413,1.06,1783992597
All Pools,Gladiator - USDC,0.3,False,1.643,269.07,0.00411,0.56,1783992597
All Pools,AVAX - TIME,0.3,False,1.625,563.12,0.00406,0.26,1783992597
All Pools,APOW - USDC,0.3,False,1.618,115.0,0.00405,1.28,1783992597
All Pools,ORNG - JUCI,0.3,False,1.608,243.62,0.00402,0.6,1783992597
All Pools,KRW - AVAX,0.3,False,1.603,310.28,0.00401,0.47,1783992597
All Pools,JOE - KRW,0.3,False,1.601,145.11,0.004,1.01,1783992597
All Pools,AVAX - SPELL,0.3,False,1.601,1937.87,0.004,0.08,1783992597
All Pools,Gravity - AVAX,0.3,False,1.523,238.31,0.00381,0.58,1783992597
All Pools,XAUt0 - Gravity,0.3,False,1.474,311.86,0.00369,0.43,1783992597
All Pools,gOHM - wsOHM,0.3,False,1.471,17.32,0.00368,7.75,1783992597
All Pools,SMRTr - USDC.e,0.3,False,1.465,105.1,0.00366,1.27,1783992597
All Pools,SMRTr - AVAX,0.3,False,1.465,25815.0,0.00366,0.01,1783992597
All Pools,MIM - wsOHM,0.3,False,1.464,181.2,0.00366,0.74,1783992597
All Pools,FXS - AVAX,0.3,False,1.424,287.26,0.00356,0.45,1783992597
All Pools,DREGG - AVAX,0.3,False,1.376,145.34,0.00344,0.86,1783992597
All Pools,DREGG - USDT.e,0.3,False,1.376,511.75,0.00344,0.25,1783992597
All Pools,APOW - USDt,0.3,False,1.36,114.85,0.0034,1.08,1783992597
All Pools,KIWI - USDC,0.3,False,1.3,299.21,0.00325,0.4,1783992597
All Pools,KIWI - AVAX,0.3,False,1.299,94.51,0.00325,1.25,1783992597
All Pools,AVAX - AVVO,0.3,False,1.265,229.23,0.00316,0.5,1783992597
All Pools,USDC - MXNB,0.3,False,1.241,16.91,0.0031,6.7,1783992597
All Pools,WOO.e - AVAX,0.3,False,1.226,65.74,0.00306,1.7,1783992597
All Pools,USDC.e - ONION,0.3,False,1.184,370.12,0.00296,0.29,1783992597
All Pools,BLUB - AVAX,0.3,False,1.18,11671.0,0.00295,0.01,1783992597
All Pools,USDC - SDOG,0.3,False,1.17,365.4,0.00292,0.29,1783992597
All Pools,STEAK - AVAX,0.3,False,1.157,9751.67,0.00289,0.01,1783992597
All Pools,YEEHAW - TOPIA,0.3,False,1.145,112.2,0.00286,0.93,1783992597
All Pools,GB - USDT.e,0.3,False,1.14,22.3,0.00285,4.66,1783992597
All Pools,DCAU - MIM,0.3,False,1.139,114.59,0.00285,0.91,1783992597
All Pools,MIM - SDOG,0.3,False,1.128,92.27,0.00282,1.12,1783992597
All Pools,DCAU - USDC,0.3,False,1.12,144.28,0.0028,0.71,1783992597
All Pools,BTC.b - REDWOLF,0.3,False,1.112,97.42,0.00278,1.04,1783992597
All Pools,WBTC.e - USDT.e,0.3,False,1.078,154.79,0.0027,0.64,1783992597
All Pools,AVAX - mYAK,0.3,False,1.074,49.81,0.00269,1.97,1783992597
All Pools,PTOP700 - TOPIA,0.3,False,1.069,103.7,0.00267,0.94,1783992597
All Pools,LUNA - AVAX,0.3,False,1.068,123.75,0.00267,0.79,1783992597
All Pools,Trinity - AVAX,0.3,False,1.063,739.58,0.00266,0.13,1783992597
All Pools,WBTC.e - ONION,0.3,False,1.048,348.75,0.00262,0.27,1783992597
All Pools,Trinity - Psychic,0.3,False,1.033,402.16,0.00258,0.23,1783992597
All Pools,DAI.e - ONION,0.3,False,1.026,331.59,0.00257,0.28,1783992597
All Pools,MIM - USDC,0.3,False,1.024,29.96,0.00256,3.12,1783992597
All Pools,MaryMagdalene - AVAX,0.3,False,1.013,174.0,0.00253,0.53,1783992597
All Pools,AVAX - MU,0.3,False,1.01,74.21,0.00252,1.24,1783992597
All Pools,AVAX - SMRT,0.3,False,1.004,1625.72,0.00251,0.06,1783992597
All Pools,USDT.e - SMRT,0.3,False,0.99039,87.99,0.00248,1.03,1783992597
All Pools,MIM - MU,0.3,False,0.98234,96.49,0.00246,0.93,1783992597
All Pools,MaryMagdalene - XAUt0,0.3,False,0.97646,1664.31,0.00244,0.05,1783992597
All Pools,LINDA - AVAX,0.3,False,0.94452,1587.0,0.00236,0.05,1783992597
All Pools,AVAX - ARENA,0.3,False,0.9362,57.49,0.00234,1.49,1783992597
All Pools,GB - MUG,0.3,False,0.87807,17.46,0.0022,4.59,1783992597
All Pools,HOST - AVAX,0.3,False,0.83172,88.4,0.00208,0.86,1783992597
All Pools,COQ - BLSEYE🎯,0.3,False,0.83122,142.7,0.00208,0.53,1783992597
All Pools,ZUBAX - USDT.e,0.3,False,0.78631,171.36,0.00197,0.42,1783992597
All Pools,RPEPE - AVAX,0.3,False,0.78431,3709.22,0.00196,0.02,1783992597
All Pools,TSD - AVAX,0.3,False,0.76623,178.19,0.00192,0.39,1783992597
All Pools,SYMBIOT - AVAX,0.3,False,0.74256,74.79,0.00186,0.91,1783992597
All Pools,LINK.e - REDWOLF,0.3,False,0.73992,68.88,0.00185,0.98,1783992597
All Pools,AVAX - EROL,0.3,False,0.73832,20.29,0.00185,3.32,1783992597
All Pools,AVAX - ZUBAX,0.3,False,0.73693,91.45,0.00184,0.74,1783992597
All Pools,GENI - AVAX,0.3,False,0.71539,50.22,0.00179,1.3,1783992597
All Pools,GENI - USDC,0.3,False,0.71527,1183.17,0.00179,0.06,1783992597
All Pools,USDC.e - WXT,0.3,False,0.70721,194.83,0.00177,0.33,1783992597
All Pools,SYMBIOT - DAI.e,0.3,False,0.69489,443.42,0.00174,0.14,1783992597
All Pools,sAVAX - COQ,0.3,False,0.67675,60.98,0.00169,1.01,1783992597
All Pools,DFIAT - AVAX,0.3,False,0.66999,5977.53,0.00167,0.01,1783992597
All Pools,BRO - AVAX,0.3,False,0.66238,99988.0,0.00166,,1783992597
All Pools,BRO - COQ,0.3,False,0.65973,134.76,0.00165,0.45,1783992597
All Pools,AVAX - rsAVAX,0.3,False,0.65862,162.31,0.00165,0.37,1783992597
All Pools,USDt - IMPACT2,0.3,False,0.65432,69.13,0.00164,0.86,1783992597
All Pools,MIM - PEFI,0.3,False,0.64973,66.62,0.00162,0.89,1783992597
All Pools,MAXI - DAI.e,0.3,False,0.64958,222.77,0.00162,0.27,1783992597
All Pools,ZRO - USDC,0.3,False,0.64512,4.496,0.00161,13.09,1783992597
All Pools,KALM - AVAX,0.3,False,0.64493,97.3,0.00161,0.6,1783992597
All Pools,KALM - USDC,0.3,False,0.64484,77.29,0.00161,0.76,1783992597
All Pools,AVAX - MUG,0.3,False,0.61146,249.03,0.00153,0.22,1783992597
All Pools,WBTC - AVAX,0.3,False,0.59514,30.52,0.00149,1.78,1783992597
All Pools,50 - AVAX,0.3,False,0.59261,59.97,0.00148,0.9,1783992597
All Pools,50 - USDC,0.3,False,0.59249,112.18,0.00148,0.48,1783992597
All Pools,CommieSukey - AVAX,0.3,False,0.55452,212.61,0.00139,0.24,1783992597
All Pools,Psychic - CommieSukey,0.3,False,0.55307,241.67,0.00138,0.21,1783992597
All Pools,COQ - OSAK,0.3,False,0.54886,17.2,0.00137,2.91,1783992597
All Pools,Meaning - AVAX,0.3,False,0.54598,331.24,0.00136,0.15,1783992597
All Pools,Psychic - Meaning,0.3,False,0.54494,236.52,0.00136,0.21,1783992597
All Pools,JOE - EXP,0.3,False,0.53483,10313460.0,0.00134,,1783992597
All Pools,NOCHILL - OX,0.3,False,0.50997,13296.0,0.00127,0.0,1783992597
All Pools,Anon - AVAX,0.3,False,0.50681,7.783,0.00127,5.94,1783992597
All Pools,STG - L - Swing,0.3,False,0.49938,16.19,0.00125,2.82,1783992597
All Pools,YEEHAW - CHAMP,0.3,False,0.49376,923.84,0.00123,0.05,1783992597
All Pools,AVAX - Wej,0.3,False,0.47544,212.68,0.00119,0.2,1783992597
All Pools,Psychic - Wej,0.3,False,0.47397,241.74,0.00118,0.18,1783992597
All Pools,sifu - DAI.e,0.3,False,0.46831,3.886,0.00117,11.0,1783992597
All Pools,DogL - AVAX,0.3,False,0.45883,213.47,0.00115,0.2,1783992597
All Pools,Psychic - DogL,0.3,False,0.45752,241.81,0.00114,0.17,1783992597
All Pools,JEWEL - USDC,0.3,False,0.45617,3840.9,0.00114,0.01,1783992597
All Pools,STATIK - AVAX,0.3,False,0.45551,30.99,0.00114,1.34,1783992597
All Pools,L - Swing - aXEN,0.3,False,0.45232,51.69,0.00113,0.8,1783992597
All Pools,USDC - GAU,0.3,False,0.4499,836.31,0.00112,0.05,1783992597
All Pools,MerryXmas - AVAX,0.3,False,0.44903,195.63,0.00112,0.21,1783992597
All Pools,Psychic - MerryXmas,0.3,False,0.44772,222.4,0.00112,0.18,1783992597
All Pools,MIM - WINE,0.3,False,0.44687,173.49,0.00112,0.24,1783992597
All Pools,AVAX - BlackAndGold,0.3,False,0.44628,213.47,0.00112,0.19,1783992597
All Pools,Psychic - BlackAndGold,0.3,False,0.44498,241.79,0.00111,0.17,1783992597
All Pools,AVAX - RedFolder,0.3,False,0.44206,212.6,0.00111,0.19,1783992597
All Pools,Psychic - RedFolder,0.3,False,0.44064,241.85,0.0011,0.17,1783992597
All Pools,COQ - OX,0.3,False,0.43979,13967.0,0.0011,0.0,1783992597
All Pools,MIM - GRAPE,0.3,False,0.43814,119.81,0.0011,0.33,1783992597
All Pools,AVAX - All,0.3,False,0.43684,213.67,0.00109,0.19,1783992597
All Pools,Psychic - All,0.3,False,0.43546,241.86,0.00109,0.16,1783992597
All Pools,HUSKY - AMI,0.3,False,0.43164,42.28,0.00108,0.93,1783992597
All Pools,sifu - USDT.e,0.3,False,0.42542,10.26,0.00106,3.79,1783992597
All Pools,LUNA - AVAX,0.3,False,0.41762,13.74,0.00104,2.77,1783992597
All Pools,ArniStitch - AVAX,0.3,False,0.41642,212.2,0.00104,0.18,1783992597
All Pools,Psychic - ArniStitch,0.3,False,0.41525,241.93,0.00104,0.16,1783992597
All Pools,MEOW - AVAX,0.3,False,0.4141,7620.77,0.00104,0.0,1783992597
All Pools,Ducks - AVAX,0.3,False,0.40807,212.25,0.00102,0.18,1783992597
All Pools,Psychic - Ducks,0.3,False,0.40673,241.99,0.00102,0.15,1783992597
All Pools,MM - USDC,0.3,False,0.40499,49.41,0.00101,0.75,1783992597
All Pools,MM - AVAX,0.3,False,0.40489,66.51,0.00101,0.56,1783992597
All Pools,GUN - AMI,0.3,False,0.40441,8.613,0.00101,4.28,1783992597
All Pools,Serpentarius - AVAX,0.3,False,0.4035,216.08,0.00101,0.17,1783992597
All Pools,Psychic - Serpentarius,0.3,False,0.40221,245.44,0.00101,0.15,1783992597
All Pools,AMI - TOPIA,0.3,False,0.39485,150.77,,0.24,1783992597
All Pools,BLS - USDt,0.3,False,0.38798,128.01,,0.28,1783992597
All Pools,USDC - SHRAP,0.3,False,0.38729,22.05,,1.6,1783992597
All Pools,AVAX - Prometheus,0.3,False,0.36657,207.17,,0.16,1783992597
All Pools,Psychic - Prometheus,0.3,False,0.36543,235.18,,0.14,1783992597
All Pools,meGNX - AVAX,0.3,False,0.36409,12.9,,2.58,1783992597
All Pools,AVAX - SNOB,0.3,False,0.35413,750.85,,0.04,1783992597
All Pools,AVAX - Seventeen,0.3,False,0.35397,207.85,,0.16,1783992597
All Pools,NaughtiusMaximus - Seventeen,0.3,False,0.35304,679.52,,0.05,1783992597
All Pools,AVAX - KONG,0.3,False,0.35113,5494.5,,0.01,1783992597
All Pools,Hopi - Now,0.3,False,0.34963,512.91,,0.06,1783992597
All Pools,Hopi - AVAX,0.3,False,0.34958,156.41,,0.2,1783992597
All Pools,Jjj - AVAX,0.3,False,0.34687,212.26,,0.15,1783992597
All Pools,CQK - USDC,0.3,False,0.34657,30.62,,1.03,1783992597
All Pools,CQK - AVAX,0.3,False,0.34646,96.35,,0.33,1783992597
All Pools,Psychic - Jjj,0.3,False,0.34578,241.82,,0.13,1783992597
All Pools,COQ - JUICE,0.3,False,0.34566,25.92,,1.22,1783992597
All Pools,USDT.e - MU,0.3,False,0.34,251.4,,0.12,1783992597
All Pools,HOWDY - ARENA,0.3,False,0.33154,37.8,,0.8,1783992597
All Pools,SYN - REDWOLF,0.3,False,0.33145,5.176,,5.84,1783992597
All Pools,WETH.e - yyAVAX,0.3,False,0.32964,14.21,,2.12,1783992597
All Pools,Xmas - AVAX,0.3,False,0.32638,199.37,,0.15,1783992597
All Pools,Psychic - Xmas,0.3,False,0.32544,226.78,,0.13,1783992597
All Pools,AftermathsKobe - AVAX,0.3,False,0.32428,213.64,,0.14,1783992597
All Pools,Psychic - AftermathsKobe,0.3,False,0.32347,243.53,,0.12,1783992597
All Pools,DFIAT - USDT.e,0.3,False,0.32213,26.67,,1.1,1783992597
All Pools,gOHM - JOE,0.3,False,0.31528,3.147,,9.14,1783992597
All Pools,MIM - DAI.e,0.3,False,0.31157,19.82,,1.43,1783992597
All Pools,RUX - AVAX,0.3,False,0.31066,25.48,,1.11,1783992597
All Pools,USDt - RUX,0.3,False,0.31041,15987.0,,0.0,1783992597
All Pools,PepeAI - AVAX,0.3,False,0.30999,1.545,,18.31,1783992597
All Pools,BOI - MU,0.3,False,0.30512,0.74896,,37.18,1783992597
All Pools,GLOBA - AVAX,0.3,False,0.30177,39.76,,0.69,1783992597
All Pools,Christmas - AVAX,0.3,False,0.29776,180.3,,0.15,1783992597
All Pools,SLUSH - AVAX,0.3,False,0.29462,45.4,,0.59,1783992597
All Pools,SLUSH - USDT.e,0.3,False,0.2945,55.15,,0.49,1783992597
All Pools,$Crazy - AVAX,0.3,False,0.29379,742.54,,0.04,1783992597
All Pools,USDC - aXEN,0.3,False,0.29032,9.032,,2.93,1783992597
All Pools,AVAX - DUO,0.3,False,0.28936,52.54,,0.5,1783992597
All Pools,USDT.e - DUO,0.3,False,0.28923,50.55,,0.52,1783992597
All Pools,AVAX - Sinterklaas,0.3,False,0.28701,100.78,,0.26,1783992597
All Pools,Psychic - Sinterklaas,0.3,False,0.28651,238.03,,0.11,1783992597
All Pools,AVAX - KET,0.3,False,0.28258,22.88,,1.13,1783992597
All Pools,CHAMP - AMI,0.3,False,0.28229,25.37,,1.02,1783992597
All Pools,GLOBA - DAI.e,0.3,False,0.28223,47.27,,0.54,1783992597
All Pools,SOL - USDC,0.3,False,0.28051,20.65,,1.24,1783992597
All Pools,APOW - AVAX,0.3,False,0.27481,1312.63,,0.02,1783992597
All Pools,COQ - NOCHILL,0.3,False,0.27456,8.102,,3.09,1783992597
All Pools,DiamondbackGall - AVAX,0.3,False,0.27072,214.03,,0.12,1783992597
All Pools,Psychic - DiamondbackGall,0.3,False,0.26969,242.44,,0.1,1783992597
All Pools,NeatestQuackery - AVAX,0.3,False,0.2689,212.11,,0.12,1783992597
All Pools,Psychic - NeatestQuackery,0.3,False,0.26818,242.14,,0.1,1783992597
All Pools,MU - DAI.e,0.3,False,0.26345,237.06,,0.1,1783992597
All Pools,USDC.e - WISE,0.3,False,0.25582,41.08,,0.57,1783992597
All Pools,AVAX - WISE,0.3,False,0.25565,59.22,,0.39,1783992597
All Pools,USDC - USD+,0.3,False,0.25225,27.95,,0.82,1783992597
All Pools,WBTC.e - REDWOLF,0.3,False,0.25006,48.23,,0.47,1783992597
All Pools,agEUR - USDC,0.3,False,0.24441,59.79,,0.37,1783992597
All Pools,aAvaWAVAX - meGNX,0.3,False,0.24349,2.958,,7.51,1783992597
All Pools,AVAX - TheGospelOfMary,0.3,False,0.24151,117.13,,0.19,1783992597
All Pools,MaryMagdalene - TheGospelOfMary,0.3,False,0.24129,215.75,,0.1,1783992597
All Pools,Silver - AVAX,0.3,False,0.23789,62.72,,0.35,1783992597
All Pools,Silver - Now,0.3,False,0.23685,643.48,,0.03,1783992597
All Pools,WETH.e - SURE,0.3,False,0.23653,830.44,,0.03,1783992597
All Pools,AVAX - CHAM,0.3,False,0.23316,25.62,,0.83,1783992597
All Pools,USDC - CHAM,0.3,False,0.23306,46.22,,0.46,1783992597
All Pools,GATOR - ARENA,0.3,False,0.22805,1.509,,13.79,1783992597
All Pools,WOLF - AVAX,0.3,False,0.2267,27311.0,,,1783992597
All Pools,AVAX - MeaningOfNumbers,0.3,False,0.22442,212.65,,0.1,1783992597
All Pools,TRYB - USDC.e,0.3,False,0.22403,31.94,,0.64,1783992597
All Pools,Psychic - MeaningOfNumbers,0.3,False,0.22365,242.53,,0.08,1783992597
All Pools,HOWDY - USDt,0.3,False,0.2217,173.57,,0.12,1783992597
All Pools,NOCHILL - KET,0.3,False,0.22036,8.175,,2.46,1783992597
All Pools,UNI.e - REDWOLF,0.3,False,0.2159,11.05,,1.78,1783992597
All Pools,USDC - yyAVAX,0.3,False,0.21471,12.0,,1.63,1783992597
All Pools,wsOHM - USDC.e,0.3,False,0.2125,18.29,,1.06,1783992597
All Pools,AVVO - DAI.e,0.3,False,0.21231,34.73,,0.56,1783992597
All Pools,CHAMP - ARENA,0.3,False,0.21211,13.1,,1.48,1783992597
All Pools,VEE - USDC,0.3,False,0.21173,31.19,,0.62,1783992597
All Pools,TEDDY - AVAX,0.3,False,0.20961,20.65,,0.93,1783992597
All Pools,AVAI - AVAX,0.3,False,0.20951,19.71,,0.97,1783992597
All Pools,IMPACT2 - EURC,0.3,False,0.20487,41.05,,0.46,1783992597
All Pools,USDT.e - EXP,0.3,False,0.20263,45046109.0,,,1783992597
All Pools,AVAX - ZABU,0.3,False,0.2018,23.26,,0.79,1783992597
All Pools,Christmas - ChristMark,0.3,False,0.19926,111.82,,0.16,1783992597
All Pools,bCASH - NOCHILL,0.3,False,0.19361,12.27,,1.44,1783992597
All Pools,wsOHM - AVAX,0.3,False,0.19256,8.062,,2.18,1783992597
All Pools,BOI - AMI,0.3,False,0.18505,0.48123,,35.09,1783992597
All Pools,MELT - AVAX,0.3,False,0.18431,19.9,,0.85,1783992597
All Pools,YEEHAW - AVAX,0.3,False,0.17828,11.94,,1.36,1783992597
All Pools,USDT.e - ZABU,0.3,False,0.1769,44.11,,0.37,1783992597
All Pools,USDC.e - DAI.e,0.3,False,0.17404,22255.0,,,1783992597
All Pools,Light - AVAX,0.3,False,0.1727,63.77,,0.25,1783992597
All Pools,Light - Now,0.3,False,0.17218,642.72,,0.02,1783992597
All Pools,BrideOfChrist - BLACK,0.3,False,0.17204,17.6,,0.89,1783992597
All Pools,SYN - USDC.e,0.3,False,0.17191,2.653,,5.91,1783992597
All Pools,UNIQOC - AVAX,0.3,False,0.17102,814.47,,0.02,1783992597
All Pools,APOW - USDt,0.3,False,0.17058,21.23,,0.73,1783992597
All Pools,UNIQOC - COQ,0.3,False,0.17017,35.41,,0.44,1783992597
All Pools,USDC - BVAX,0.3,False,0.17011,26.11,,0.59,1783992597
All Pools,AVAX - MILO,0.3,False,0.16958,788.06,,0.02,1783992597
All Pools,USDt - MILO,0.3,False,0.16943,14.0,,1.1,1783992597
All Pools,AVAX - ELK,0.3,False,0.16922,48.35,,0.32,1783992597
All Pools,TECH - OX,0.3,False,0.16895,5914.9,,0.0,1783992597
All Pools,XPOW - AVAX,0.3,False,0.16354,1311.86,,0.01,1783992597
All Pools,USDt - XPOW,0.3,False,0.16313,20.57,,0.72,1783992597
All Pools,MaryMagdalene - ChristMark,0.3,False,0.16051,301.79,,0.05,1783992597
All Pools,SPC - DAI.e,0.3,False,0.15703,19.35,,0.74,1783992597
All Pools,BANKSY - AVAX,0.3,False,0.15383,18.25,,0.77,1783992597
All Pools,BANKSY - USDC.e,0.3,False,0.15377,29.03,,0.48,1783992597
All Pools,XETA - USDC,0.3,False,0.14999,5741.56,,0.0,1783992597
All Pools,METAG - AVAX,0.3,False,0.14974,19.57,,0.7,1783992597
All Pools,Solar - AVAX,0.3,False,0.14883,63.82,,0.21,1783992597
All Pools,Solar - Now,0.3,False,0.14875,643.25,,0.02,1783992597
All Pools,AVAX - Propriety,0.3,False,0.14842,63.62,,0.21,1783992597
All Pools,Now - Propriety,0.3,False,0.14819,642.61,,0.02,1783992597
All Pools,AVAT - USDC,0.3,False,0.14424,37.36,,0.35,1783992597
All Pools,Vaccine - AVAX,0.3,False,0.14417,62.66,,0.21,1783992597
All Pools,Vaccine - Now,0.3,False,0.14404,636.49,,0.02,1783992597
All Pools,FLAKE - USDT.e,0.3,False,0.14375,48.2,,0.27,1783992597
All Pools,FLAKE - AVAX,0.3,False,0.14374,17.06,,0.77,1783992597
All Pools,AVAX - Mentor,0.3,False,0.14212,63.63,,0.2,1783992597
All Pools,AVAX - BENJI,0.3,False,0.14182,4.761,,2.72,1783992597
All Pools,Now - Mentor,0.3,False,0.14155,641.67,,0.02,1783992597
All Pools,UST - USDT.e,0.3,False,0.1395,38.46,,0.33,1783992597
All Pools,USDt - REDWOLF,0.3,False,0.13881,13.72,,0.92,1783992597
All Pools,MELT - USDC.e,0.3,False,0.13459,29.54,,0.42,1783992597
All Pools,WTHT - SNOB,0.3,False,0.1327,1.252,,9.67,1783992597
All Pools,NOCHILL - AMI,0.3,False,0.13194,3.13,,3.85,1783992597
All Pools,miMatic - AVAX,0.3,False,0.13002,32.1,,0.37,1783992597
All Pools,miMatic - USDC.e,0.3,False,0.12995,24.11,,0.49,1783992597
All Pools,MIM - TIME,0.3,False,0.12891,26.08,,0.45,1783992597
All Pools,TOMB - USDC,0.3,False,0.12804,9.937,,1.18,1783992597
All Pools,Matter - AVAX,0.3,False,0.12747,56.96,,0.2,1783992597
All Pools,Matter - Now,0.3,False,0.1271,580.53,,0.02,1783992597
All Pools,ALOT - USDC.e,0.3,False,0.12474,7.459,,1.53,1783992597
All Pools,JOE - ZABU,0.3,False,0.1243,12.78,,0.89,1783992597
All Pools,Now - Blessing,0.3,False,0.12366,568.09,,0.02,1783992597
All Pools,AVAX - Blessing,0.3,False,0.12365,56.68,,0.2,1783992597
All Pools,MIM - VOLT,0.3,False,0.12178,14.53,,0.76,1783992597
All Pools,TickTock - AVAX,0.3,False,0.12063,63.88,,0.17,1783992597
All Pools,TickTock - Now,0.3,False,0.12053,643.93,,0.02,1783992597
All Pools,AVAX - STRAW,0.3,False,0.11904,14.22,,0.76,1783992597
All Pools,BrideOfChrist - AVAX,0.3,False,0.11821,63.76,,0.17,1783992597
All Pools,AVAT - AVAX,0.3,False,0.11685,16.7,,0.64,1783992597
All Pools,Gil - AVAX,0.3,False,0.11629,13.56,,0.78,1783992597
All Pools,SURE - USDC.e,0.3,False,0.11498,20.53,,0.51,1783992597
All Pools,Sanskrit - AVAX,0.3,False,0.11383,63.7,,0.16,1783992597
All Pools,Sanskrit - Now,0.3,False,0.11347,642.15,,0.02,1783992597
All Pools,SYN - WETH.e,0.3,False,0.11343,1.284,,8.06,1783992597
All Pools,Necromancer - AVAX,0.3,False,0.11181,63.75,,0.16,1783992597
All Pools,Now - Necromancer,0.3,False,0.11156,642.64,,0.02,1783992597
All Pools,DAI.e - STRAW,0.3,False,0.11135,35.9,,0.28,1783992597
All Pools,AVAX - SantaGospel,0.3,False,0.11028,96.67,,0.1,1783992597
All Pools,Slope - AVAX,0.3,False,0.10891,63.77,,0.16,1783992597
All Pools,Gold - AVAX,0.3,False,0.10884,63.89,,0.16,1783992597
All Pools,Gil - DAI.e,0.3,False,0.10878,26.22,,0.38,1783992597
All Pools,Slope - Now,0.3,False,0.10864,641.37,,0.02,1783992597
All Pools,Gold - Now,0.3,False,0.10848,643.85,,0.02,1783992597
All Pools,AVAX - √Root,0.3,False,0.10826,63.86,,0.15,1783992597
All Pools,Now - √Root,0.3,False,0.1076,643.57,,0.02,1783992597
All Pools,Uncontractable - AVAX,0.3,False,0.10754,62.72,,0.16,1783992597
All Pools,Uncontractable - Now,0.3,False,0.10718,628.88,,0.02,1783992597
All Pools,DAI.e - VOLT,0.3,False,0.10714,40.92,,0.24,1783992597
All Pools,SUB - USDC,0.3,False,0.10692,11.32,,0.86,1783992597
All Pools,JOE - CRA,0.3,False,0.1058,7.08,,1.36,1783992597
All Pools,APOW - USDC,0.3,False,0.10357,21.19,,0.45,1783992597
All Pools,Blue - AVAX,0.3,False,0.10241,189.41,,0.05,1783992597
All Pools,Psychic - Blue,0.3,False,0.10198,61.47,,0.15,1783992597
All Pools,METAG - USDT.e,0.3,False,0.10016,47.09,,0.19,1783992597
All Pools,Christmas - Merovingian,0.3,False,0.09786,85.67,,0.1,1783992597
All Pools,Now - Merovingian,0.3,False,0.09711,49.58,,0.18,1783992597
All Pools,YEEHAW - USDC,0.3,False,0.09705,5.606,,1.58,1783992597
All Pools,AVAX - DOGGY,0.3,False,0.09516,1.935,,4.49,1783992597
All Pools,bECH - AVAX,0.3,False,0.09466,16.9,,0.51,1783992597
All Pools,AVAX - Strength,0.3,False,0.0943,101.71,,0.08,1783992597
All Pools,Go - AVAX,0.3,False,0.09413,101.09,,0.08,1783992597
All Pools,Hydrogen - AVAX,0.3,False,0.09396,189.57,,0.05,1783992597
All Pools,Psychic - Strength,0.3,False,0.09392,55.81,,0.15,1783992597
All Pools,Psychic - Go,0.3,False,0.09364,55.31,,0.15,1783992597
All Pools,Psychic - Hydrogen,0.3,False,0.09363,61.78,,0.14,1783992597
All Pools,AVAX - PERA,0.3,False,0.09339,60.42,,0.14,1783992597
All Pools,SYN - USDT.e,0.3,False,0.09155,1.415,,5.91,1783992597
All Pools,Yellow - AVAX,0.3,False,0.09132,190.97,,0.04,1783992597
All Pools,Psychic - Yellow,0.3,False,0.09101,61.9,,0.13,1783992597
All Pools,HUSKY - MUG,0.3,False,0.09035,13.37,,0.62,1783992597
All Pools,LIBRE - USDC.e,0.3,False,0.08859,12.26,,0.66,1783992597
All Pools,AVAX - FORT,0.3,False,0.08718,12.91,,0.62,1783992597
All Pools,MIM - FORT,0.3,False,0.08668,2700.21,,0.0,1783992597
All Pools,AVAX - WOLF,0.3,False,0.08653,53.35,,0.15,1783992597
All Pools,USDC.e - WOLF,0.3,False,0.08649,7.512,,1.05,1783992597
All Pools,BLS - SHRAP,0.3,False,0.0856,8.269,,0.94,1783992597
All Pools,Psychic - SantaGospel,0.3,False,0.08551,55.13,,0.14,1783992597
All Pools,CRA - AVAX,0.3,False,0.08445,7239.12,,0.0,1783992597
All Pools,MIM - AUSD,0.3,False,0.08431,10.82,,0.71,1783992597
All Pools,WTF - AVAX,0.3,False,0.08416,515.33,,0.01,1783992597
All Pools,SURE - DAI.e,0.3,False,0.0836,23.95,,0.32,1783992597
All Pools,AVAX - NEMO,0.3,False,0.08306,6.516,,1.16,1783992597
All Pools,USDt - NEMO,0.3,False,0.08306,95.95,,0.08,1783992597
All Pools,aAvaLINK - AVAX,0.3,False,0.0828,7.467,,1.01,1783992597
All Pools,CGS - USDC.e,0.3,False,0.08173,152.8,,0.05,1783992597
All Pools,CGS - AVAX,0.3,False,0.08157,54.06,,0.14,1783992597
All Pools,Who - AVAX,0.3,False,0.07837,101.11,,0.07,1783992597
All Pools,Psychic - Who,0.3,False,0.07808,55.85,,0.13,1783992597
All Pools,ABC - AMI,0.3,False,0.07708,2.455,,2.86,1783992597
All Pools,PAPA - AVAX,0.3,False,0.07584,10.92,,0.63,1783992597
All Pools,JOE - ZUBAX,0.3,False,0.07525,6.379,,1.08,1783992597
All Pools,MIM - PAPA,0.3,False,0.07518,66.88,,0.1,1783992597
All Pools,JESUS - AVAX,0.3,False,0.07382,9.215,,0.73,1783992597
All Pools,RUG - USDT.e,0.3,False,0.07288,10.45,,0.64,1783992597
All Pools,SURE - AVAX,0.3,False,0.07048,5.251,,1.22,1783992597
All Pools,AVAX - GAU,0.3,False,0.07016,5.688,,1.13,1783992597
All Pools,WBTC.e - USDC.e,0.3,False,0.06927,8.004,,0.79,1783992597
All Pools,Chrism - ChristMark,0.3,False,0.06757,139.05,,0.04,1783992597
All Pools,Psychic - Chrism,0.3,False,0.06693,48.76,,0.13,1783992597
All Pools,SHOE - BTC.b,0.3,False,0.06563,0.75261,,7.96,1783992597
All Pools,BENIS - NOCHILL,0.3,False,0.06536,2.761,,2.16,1783992597
All Pools,USDT.e - XAVA,0.3,False,0.06515,10.71,,0.55,1783992597
All Pools,Ush - AVAX,0.3,False,0.06395,2079.8,,0.0,1783992597
All Pools,GAS - AVAX,0.3,False,0.06369,131.08,,0.04,1783992597
All Pools,SLIME - AVAX,0.3,False,0.0621,14975.0,,,1783992597
All Pools,SLIME - USDt,0.3,False,0.06209,6.061,,0.93,1783992597
All Pools,NineHundred - AVAX,0.3,False,0.06145,101.0,,0.06,1783992597
All Pools,NOCHILL - REDWOLF,0.3,False,0.05994,2.221,,2.46,1783992597
All Pools,NOCHILL - MU,0.3,False,0.0597,1.487,,3.66,1783992597
All Pools,MELT - AVAX,0.3,False,0.05966,801.32,,0.01,1783992597
All Pools,MELT - USDC.e,0.3,False,0.05964,5.897,,0.92,1783992597
All Pools,MaryMagdalene - FollowTheWhiteRabbit,0.3,False,0.05939,156.47,,0.03,1783992597
All Pools,Priory - AVAX,0.3,False,0.05929,53.98,,0.1,1783992597
All Pools,FollowTheWhiteRabbit - Priory,0.3,False,0.05918,640.17,,0.01,1783992597
All Pools,Psychic - NineHundred,0.3,False,0.05913,55.05,,0.1,1783992597
All Pools,BENIS - AVAX,0.3,False,0.05899,10.71,,0.5,1783992597
All Pools,MU - SOL,0.3,False,0.05851,1.123,,4.76,1783992597
All Pools,COQ - AMI,0.3,False,0.05825,8.045,,0.66,1783992597
All Pools,AVAX - Nala,0.3,False,0.05778,19.02,,0.28,1783992597
All Pools,Psychic - Nala,0.3,False,0.05753,206.35,,0.03,1783992597
All Pools,WOLF - AVAX,0.3,False,0.05677,46.25,,0.11,1783992597
All Pools,CNR - USDC,0.3,False,0.05655,4.408,,1.17,1783992597
All Pools,aDXN - aXEN,0.3,False,0.05644,4.891,,1.05,1783992597
All Pools,DUO - USDT.e,0.3,False,0.05624,6.112,,0.84,1783992597
All Pools,YAK - SPORE,0.3,False,0.05611,5.253,,0.97,1783992597
All Pools,aDXN - AVAX,0.3,False,0.05599,49.98,,0.1,1783992597
All Pools,MU - COQAI,0.3,False,0.05422,5.593,,0.88,1783992597
All Pools,MaryMagdalene - BrideOfChrist,0.3,False,0.0537,92.49,,0.05,1783992597
All Pools,BUSD - USDC,0.3,False,0.0525,7.358,,0.65,1783992597
All Pools,AVAX - LYLY,0.3,False,0.05246,50.6,,0.09,1783992597
All Pools,KLO - USDT.e,0.3,False,0.05236,5.376,,0.89,1783992597
All Pools,CNR - AVAX,0.3,False,0.05224,47.17,,0.1,1783992597
All Pools,USDC.e - WMATIC,0.3,False,0.05212,16.15,,0.29,1783992597
All Pools,CNR - USDt,0.3,False,0.05187,4.432,,1.07,1783992597
All Pools,ACS - AVAX,0.3,False,0.05099,172.96,,0.03,1783992597
All Pools,gOHM - USDT.e,0.3,False,0.05077,0.6433,,7.2,1783992597
All Pools,AVAX - BOREA,0.3,False,0.05028,5.437,,0.84,1783992597
All Pools,USDT.e - BOREA,0.3,False,0.05015,25.63,,0.18,1783992597
All Pools,MELT - USDT.e,0.3,False,0.04976,29.31,,0.15,1783992597
All Pools,METAG - USDt,0.3,False,0.04938,15.35,,0.29,1783992597
All Pools,ACS - USDC.e,0.3,False,0.04906,5.263,,0.85,1783992597
All Pools,bCASH - TECH,0.3,False,0.04843,10.91,,0.41,1783992597
All Pools,BLUB - AVAX,0.0,False,0.04748,32.67,0.0,0.0,1783992597
All Pools,AAVE.e - meGNX,0.3,False,0.04745,3.573,,1.21,1783992597
All Pools,USDC - AMI,0.3,False,0.04715,0.5004,,8.6,1783992597
All Pools,MIM - RUG,0.3,False,0.04615,6.223,,0.68,1783992597
All Pools,KrisKringle - ChristMark,0.3,False,0.04594,18.72,,0.22,1783992597
All Pools,KrisKringle - AVAX,0.3,False,0.04571,18.71,,0.22,1783992597
All Pools,SHOE - AMI,0.3,False,0.04546,0.17714,,23.42,1783992597
All Pools,UNIV - AVAX,0.3,False,0.04525,6.038,,0.68,1783992597
All Pools,MIM - UNIV,0.3,False,0.04447,5.443,,0.75,1783992597
All Pools,ICUBE - AVAX,0.3,False,0.04389,5.32,,0.75,1783992597
All Pools,ICUBE - USDT.e,0.3,False,0.04384,107.3,,0.04,1783992597
All Pools,CNR - REDWOLF,0.3,False,0.0435,14.8,,0.27,1783992597
All Pools,TSD - WOLF,0.3,False,0.04292,27.91,,0.14,1783992597
All Pools,USDt - DXN,0.3,False,0.04279,213.98,,0.02,1783992597
All Pools,BTC.b - USDC,0.3,False,0.04192,4.177,,0.92,1783992597
All Pools,AVAX - TMT,0.3,False,0.04019,5.79,,0.63,1783992597
All Pools,FITFI - USDC,0.3,False,0.04018,0.18658,,19.65,1783992597
All Pools,ROCO - AVAX,0.3,False,0.04017,1333.83,,0.0,1783992597
All Pools,USDT.e - TMT,0.3,False,0.04011,25.21,,0.15,1783992597
All Pools,WETH.e - meGNX,0.3,False,0.04007,5.066,,0.72,1783992597
All Pools,AVAX - BLANC,0.3,False,0.03994,7.225,,0.5,1783992597
All Pools,AVAX - GG,0.3,False,0.03977,5.224,,0.69,1783992597
All Pools,MIM - BLANC,0.3,False,0.0395,1253.73,,0.0,1783992597
All Pools,AVAI - USDC.e,0.3,False,0.03855,26.63,,0.13,1783992597
All Pools,REDWOLF - WMATIC,0.3,False,0.03854,2.037,,1.73,1783992597
All Pools,GURS - ARENA,0.3,False,0.03838,5.223,,0.67,1783992597
All Pools,AVAX - BAVA,0.3,False,0.03809,8.606,,0.4,1783992597
All Pools,AVAX - SDOG,0.3,False,0.03765,6.498,,0.53,1783992597
All Pools,wMEMO - AVAX,0.3,False,0.03716,6.446,,0.53,1783992597
All Pools,WLRS - GRAPE,0.3,False,0.03649,8.909,,0.37,1783992597
All Pools,WLRS - USDC.e,0.3,False,0.03628,4003.94,,,1783992597
All Pools,MIM - GG,0.3,False,0.03535,73.06,,0.04,1783992597
All Pools,MPL - AVAX,0.3,False,0.0351,5.033,,0.64,1783992597
All Pools,MPL - USDt,0.3,False,0.03504,29.75,,0.11,1783992597
All Pools,AAVE.e - USDT.e,0.3,False,0.03465,2.636,,1.2,1783992597
All Pools,BTC.b - MU,0.3,False,0.03417,9.962,,0.31,1783992597
All Pools,USDC.e - RUG,0.3,False,0.03369,17.57,,0.18,1783992597
All Pools,Anon - USDC,0.3,False,0.03338,0.6688,,4.56,1783992597
All Pools,TruthClosure - AVAX,0.3,False,0.03317,7.673,,0.39,1783992597
All Pools,TruthClosure - BLACK,0.3,False,0.03312,12.76,,0.24,1783992597
All Pools,BOOTY - AVAX,0.3,False,0.0326,1492.23,,0.0,1783992597
All Pools,LINK.e - MU,0.3,False,0.03252,6.812,,0.44,1783992597
All Pools,KOVIN - AVAX,0.3,False,0.03242,2229.88,,0.0,1783992597
All Pools,COQ - BOOTY,0.3,False,0.03239,6.665,,0.44,1783992597
All Pools,MIM - TSNFTGM,0.3,False,0.03227,3.47,,0.85,1783992597
All Pools,COQ - KOVIN,0.3,False,0.03224,8.24,,0.36,1783992597
All Pools,COQ - LYLY,0.3,False,0.03222,9.691,,0.3,1783992597
All Pools,gOHM - OTWO,0.3,False,0.03185,91117.0,,,1783992597
All Pools,NXPC - AVAX,0.3,False,0.03149,0.97878,,2.94,1783992597
All Pools,wsOHM - OTWO,0.3,False,0.03148,1.538,,1.87,1783992597
All Pools,wALGO - AVAX,0.3,False,0.03092,115.33,,0.02,1783992597
All Pools,wALGO - USDC,0.3,False,0.03084,2.39,,1.18,1783992597
All Pools,AVAX - WSPP,0.3,False,0.03068,2.316,,1.21,1783992597
All Pools,USDC - WSPP,0.3,False,0.03062,41.92,,0.07,1783992597
All Pools,AVAX - BLACK,0.3,False,0.03049,3.257,,0.85,1783992597
All Pools,YAK - JOE,0.3,False,0.03046,0.94128,,2.95,1783992597
All Pools,TSNFTGM - DAI.e,0.3,False,0.02979,29.3,,0.09,1783992597
All Pools,AVAX - CAST,0.3,False,0.02953,1376.83,,0.0,1783992597
All Pools,FollowTheWhiteRabbit - AVAX,0.3,False,0.02945,115.63,,0.02,1783992597
All Pools,XIO - AVAX,0.3,False,0.02914,2.32,,1.15,1783992597
All Pools,XIO - USDC,0.3,False,0.02908,23.95,,0.11,1783992597
All Pools,AVAX - SPADE,0.3,False,0.02901,4.876,,0.54,1783992597
All Pools,USDC.e - SPADE,0.3,False,0.029,15.41,,0.17,1783992597
All Pools,LUNA - LUNA,0.3,False,0.02895,1.84,,1.44,1783992597
All Pools,LoveIsTheKey - FollowTheWhiteRabbit,0.3,False,0.02895,44.37,,0.06,1783992597
All Pools,LoveIsTheKey - BLACK,0.3,False,0.0289,4.13,,0.64,1783992597
All Pools,JOE - REDWOLF,0.3,False,0.02886,2.729,,0.96,1783992597
All Pools,USDT.e - DAI.e,0.3,False,0.02809,7185.5,,,1783992597
All Pools,COQ - REDWOLF,0.3,False,0.0277,8.615,,0.29,1783992597
All Pools,WOLF - MU,0.3,False,0.02755,3.817,,0.66,1783992597
All Pools,AVAX - USDR,0.3,False,0.02732,2.446,,1.02,1783992597
All Pools,SNP - AVAX,0.3,False,0.02672,7.744,,0.31,1783992597
All Pools,COQ - SNP,0.3,False,0.02654,16.05,,0.15,1783992597
All Pools,ARENA - AMI,0.3,False,0.02634,0.86791,,2.77,1783992597
All Pools,BGLD - AVAX,0.3,False,0.02627,3.559,,0.67,1783992597
All Pools,BGLD - USDT.e,0.3,False,0.02626,16.38,,0.15,1783992597
All Pools,SBR - AVAX,0.3,False,0.02582,3.788,,0.62,1783992597
All Pools,MCV - AVAX,0.3,False,0.0258,283.95,,0.01,1783992597
All Pools,COQ - MCV,0.3,False,0.02566,6.287,,0.37,1783992597
All Pools,WDAO - AVAX,0.3,False,0.02558,9.956,,0.23,1783992597
All Pools,MIM - SBR,0.3,False,0.02554,11.39,,0.2,1783992597
All Pools,aAvaLINK - meGNX,0.3,False,0.02541,8.528,,0.27,1783992597
All Pools,WDAO - MIM,0.3,False,0.02535,5.419,,0.43,1783992597
All Pools,ElvisJackpot - Gravity,0.3,False,0.02516,14.37,,0.16,1783992597
All Pools,ElvisJackpot - BLACK,0.3,False,0.02495,10.02,,0.23,1783992597
All Pools,wMEMO - MIM,0.3,False,0.02487,4.402,,0.52,1783992597
All Pools,AMI - SQRCAT,0.3,False,0.02483,10.11,,0.22,1783992597
All Pools,AVAX - SQRCAT,0.3,False,0.02478,4225.14,,,1783992597
All Pools,BLACK - SantaGospel,0.3,False,0.02436,2.575,,0.86,1783992597
All Pools,ARA - AVAX,0.3,False,0.02428,2.316,,0.96,1783992597
All Pools,GG - AVAX,0.3,False,0.02416,5.728,,0.38,1783992597
All Pools,ZUM - NOCHILL,0.3,False,0.02398,0.73629,,2.97,1783992597
All Pools,BSGG - AVAX,0.3,False,0.0239,2.524,,0.86,1783992597
All Pools,MIM - GG,0.3,False,0.0239,4.943,,0.44,1783992597
All Pools,GURS - NOCHILL,0.3,False,0.02348,1.145,,1.87,1783992597
All Pools,AVAX - NADO,0.3,False,0.02336,2.586,,0.82,1783992597
All Pools,MIM - NADO,0.3,False,0.02311,175.44,,0.01,1783992597
All Pools,ARENA - MU,0.3,False,0.02218,2.745,,0.74,1783992597
All Pools,DBY - AVAX,0.3,False,0.02191,7489.78,,,1783992597
All Pools,USDR - USDC,0.3,False,0.02146,39.9,,0.05,1783992597
All Pools,AVAX - SHRAP,0.3,False,0.02129,11.64,,0.17,1783992597
All Pools,COQ - MU,0.3,False,0.02036,3.438,,0.54,1783992597
All Pools,NOCHILL - WAIFU,0.3,False,0.02035,138.23,,0.01,1783992597
All Pools,Milk - AVAX,0.3,False,0.01995,5.372,,0.34,1783992597
All Pools,QI - LYLY,0.3,False,0.01993,1.769,,1.03,1783992597
All Pools,Milk - USDT.e,0.3,False,0.01984,13.89,,0.13,1783992597
All Pools,gOHM - USDC.e,0.3,False,0.01958,0.32663,,5.47,1783992597
All Pools,AVAX - AMONKS,0.3,False,0.01953,1143.97,,0.0,1783992597
All Pools,REDWOLF - AMONKS,0.3,False,0.01947,5.623,,0.32,1783992597
All Pools,AVAX - GOT,0.3,False,0.0191,4.271,,0.41,1783992597
All Pools,USDT.e - GOT,0.3,False,0.01897,12.41,,0.14,1783992597
All Pools,SOB - AVAX,0.3,False,0.0183,390.2,,0.0,1783992597
All Pools,LIFE - AVAX,0.3,False,0.01817,2.677,,0.62,1783992597
All Pools,SOB - LUNA,0.3,False,0.01799,0.80108,,2.05,1783992597
All Pools,MIM - LIFE,0.3,False,0.01795,11.23,,0.15,1783992597
All Pools,AVAX - DAI,0.3,False,0.01792,56.02,,0.03,1783992597
All Pools,MAJIN - AVAX,0.3,False,0.01777,3019.24,,,1783992597
All Pools,MAJIN - MU,0.3,False,0.0177,3.701,,0.44,1783992597
All Pools,GATOR - AMI,0.3,False,0.01765,3.047,,0.53,1783992597
All Pools,MIM - DICK,0.3,False,0.01742,2.157,,0.74,1783992597
All Pools,MIM - sTHO,0.3,False,0.01738,203.58,,0.01,1783992597
All Pools,DICK - AVAX,0.3,False,0.01733,6.109,,0.26,1783992597
All Pools,SUB - AVAX,0.3,False,0.01714,14.83,,0.11,1783992597
All Pools,ZH - USDC.e,0.3,False,0.0169,22.25,,0.07,1783992597
All Pools,DUNEV3 - USDC.e,0.3,False,0.01688,25237.0,,,1783992597
All Pools,ZH - JOE,0.3,False,0.01656,2.058,,0.73,1783992597
All Pools,MIM - DUNEV3,0.3,False,0.01654,53686.0,,,1783992597
All Pools,FITFI - USDC.e,0.3,False,0.01622,0.10009,,14.79,1783992597
All Pools,JOE - AVE,0.3,False,0.01619,1.18,,1.25,1783992597
All Pools,KOKSAL - USDC,0.3,False,0.01617,4.434,,0.33,1783992597
All Pools,KOKSAL - AVAX,0.3,False,0.01617,2.765,,0.53,1783992597
All Pools,YEEHAW - AMI,0.3,False,0.01577,3.1,,0.46,1783992597
All Pools,DUA - USDC,0.3,False,0.01577,11.42,,0.13,1783992597
All Pools,AVAX - DUA,0.3,False,0.01577,1.721,,0.84,1783992597
All Pools,KOVIN - MU,0.3,False,0.01511,2.51,,0.55,1783992597
All Pools,AAVE.e - USDC.e,0.3,False,0.0147,1.272,,1.05,1783992597
All Pools,NRK - DAI.e,0.3,False,0.01406,280.41,,0.0,1783992597
All Pools,SMRT - XAVA,0.3,False,0.01388,2.237,,0.57,1783992597
All Pools,Trinity - FourFourFour,0.3,False,0.01382,3.545,,0.36,1783992597
All Pools,MIM - SPELL,0.3,False,0.01382,2.437,,0.52,1783992597
All Pools,YAK - USDT.e,0.3,False,0.01381,0.56033,,2.25,1783992597
All Pools,WOLF - USDT.e,0.3,False,0.01379,3.171,,0.4,1783992597
All Pools,FourFourFour - BLACK,0.3,False,0.01377,3.207,,0.39,1783992597
All Pools,UST - USDC,0.3,False,0.01359,3.922,,0.32,1783992597
All Pools,HCT - AVAX,0.3,False,0.01352,2.623,,0.47,1783992597
All Pools,CATWIF - AVAX,0.3,False,0.0129,2355.31,,,1783992597
All Pools,HIGHER - AVAX,0.3,False,0.01289,1.197,,0.98,1783992597
All Pools,COQ - ARENA,0.3,False,0.01287,0.79032,,1.49,1783992597
All Pools,CATWIF - MU,0.3,False,0.01283,3.028,,0.39,1783992597
All Pools,AVAX - iBONE,0.3,False,0.01268,4.229,,0.27,1783992597
All Pools,ChristMark - ChristIAmYou,0.3,False,0.01268,20.1,,0.06,1783992597
All Pools,USDT.e - iBONE,0.3,False,0.01259,4.466,,0.26,1783992597
All Pools,KIMBO - AMI,0.3,False,0.01257,2.334,,0.49,1783992597
All Pools,BLACK - ChristIAmYou,0.3,False,0.01242,1.263,,0.9,1783992597
All Pools,BIRD - AVAX,0.3,False,0.01232,0.00947,,118.66,1783992597
All Pools,WTHT - AXIAL,0.3,False,0.01226,0.28592,,3.91,1783992597
All Pools,Psychic - BirthingCode,0.3,False,0.01203,46.25,,0.02,1783992597
All Pools,Psychic - Equal,0.3,False,0.01202,46.24,,0.02,1783992597
All Pools,Psychic - YouAndI,0.3,False,0.01202,46.24,,0.02,1783992597
All Pools,Psychic - Turtle,0.3,False,0.01187,46.25,,0.02,1783992597
All Pools,Psychic - Finish,0.3,False,0.01185,46.21,,0.02,1783992597
All Pools,AVAX - LAST,0.3,False,0.01183,734.54,,0.0,1783992597
All Pools,AVAX - APE - X,0.3,False,0.01183,472.13,,0.0,1783992597
All Pools,BirthingCode - BLACK,0.3,False,0.0118,1.235,,0.87,1783992597
All Pools,Equal - BLACK,0.3,False,0.01179,1.236,,0.87,1783992597
All Pools,YouAndI - BLACK,0.3,False,0.01179,1.237,,0.87,1783992597
All Pools,Psychic - TrueStory,0.3,False,0.01179,46.24,,0.02,1783992597
All Pools,Turtle - BLACK,0.3,False,0.01166,1.235,,0.86,1783992597
All Pools,Finish - BLACK,0.3,False,0.01163,1.244,,0.85,1783992597
All Pools,TrueStory - BLACK,0.3,False,0.01157,1.236,,0.85,1783992597
All Pools,AVAX - DWC,0.3,False,0.01157,4110.38,,,1783992597
All Pools,DWC - MU,0.3,False,0.0115,2.771,,0.38,1783992597
All Pools,TECH - AMI,0.3,False,0.01146,1.64,,0.64,1783992597
All Pools,BTC.b - yyAVAX,0.3,False,0.01144,4.141,,0.25,1783992597
All Pools,GURS - HOWDY,0.3,False,0.01135,0.57722,,1.79,1783992597
All Pools,USDC - USDT.e,0.3,False,0.01134,154.73,,0.01,1783992597
All Pools,AVAX - MICRO,0.3,False,0.01109,18.62,,0.05,1783992597
All Pools,COQ - MICRO,0.3,False,0.01102,2.667,,0.38,1783992597
All Pools,AMPL - AVAX,0.3,False,0.011,204.34,,0.0,1783992597
All Pools,JOE - GB,0.3,False,0.01088,0.16354,,6.07,1783992597
All Pools,WINK - AVAX,0.3,False,0.0104,41.52,,0.02,1783992597
All Pools,aAvaLINK - LINK.e,0.3,False,0.01011,1.589,,0.58,1783992597
All Pools,TEMPO - AVAX,0.3,False,0.01003,1.825,,0.5,1783992597
All Pools,MIM - TEMPO,0.3,False,0.00994,5.185,,0.17,1783992597
All Pools,SHOE - COQ,0.3,False,0.0099,0.03763,,24.0,1783992597
All Pools,GMX - USDC,0.3,False,0.00977,0.81385,,1.09,1783992597
All Pools,NXPC - USDC,0.3,False,0.00962,0.66502,,1.32,1783992597
All Pools,QI - USDC.e,0.3,False,0.00953,0.63378,,1.37,1783992597
All Pools,HERESY - MEOW,0.3,False,0.00917,0.19362,,4.32,1783992597
All Pools,AVAX - LODE,0.3,False,0.00912,0.83403,,1.0,1783992597
All Pools,AVAX - WOHM,0.3,False,0.00871,1.165,,0.68,1783992597
All Pools,GURS - AMI,0.3,False,0.00867,1.256,,0.63,1783992597
All Pools,MIM - WOHM,0.3,False,0.00859,13.45,,0.06,1783992597
All Pools,USDC.e - UST,0.3,False,0.00852,1.55,,0.5,1783992597
All Pools,HH - ARENA,0.3,False,0.00847,1.648,,0.47,1783992597
All Pools,HH - AVAX,0.3,False,0.0084,238.17,,0.0,1783992597
All Pools,Gladiator - AVAX,0.3,False,0.00834,1.515,,0.5,1783992597
All Pools,FINANCE - NOCHILL,0.3,False,0.00833,359.61,,0.0,1783992597
All Pools,NOCHILL - ARENA,0.3,False,0.00833,0.25492,,2.98,1783992597
All Pools,BEAM - MU,0.3,False,0.00813,0.95264,,0.78,1783992597
All Pools,TRACTOR - AVAX,0.3,False,0.00813,10636.0,,,1783992597
All Pools,TRACTOR - JOE,0.3,False,0.00806,1.123,,0.65,1783992597
All Pools,BNZ - KET,0.3,False,0.00805,2.465,,0.3,1783992597
All Pools,SNO Token - AVAX,0.3,False,0.00804,1.127,,0.65,1783992597
All Pools,SNO Token - JOE,0.3,False,0.00797,49.82,,0.01,1783992597
All Pools,YEEHAW - ARENA,0.3,False,0.00751,0.86804,,0.79,1783992597
All Pools,AVAX - EDG,0.3,False,0.0073,1.385,,0.48,1783992597
All Pools,QI - REDWOLF,0.3,False,0.00725,1.128,,0.59,1783992597
All Pools,AMI - MU,0.3,False,0.00723,1.251,,0.53,1783992597
All Pools,MIM - EDG,0.3,False,0.00722,1.58,,0.42,1783992597
All Pools,WETH.e - MU,0.3,False,0.00716,1.777,,0.37,1783992597
All Pools,HIGHER - AMI,0.3,False,0.00682,1.874,,0.33,1783992597
All Pools,SNLP - AVAX,0.3,False,0.00663,2625.09,,,1783992597
All Pools,JOE - SNLP,0.3,False,0.00656,1.052,,0.57,1783992597
All Pools,AVAX - VYBE,0.3,False,0.00635,1.68,,0.35,1783992597
All Pools,MIM - VYBE,0.3,False,0.00628,0.87381,,0.66,1783992597
All Pools,LF - USDT.e,0.3,False,0.00618,0.98577,,0.57,1783992597
All Pools,WINK - NOCHILL,0.3,False,0.00606,0.38202,,1.45,1783992597
All Pools,HIGHER - NOCHILL,0.3,False,0.00602,0.18248,,3.01,1783992597
All Pools,JOE - CNR,0.3,False,0.006,0.72323,,0.76,1783992597
All Pools,AVAX - AXIAL,0.3,False,0.00578,597.34,,,1783992597
All Pools,JOE - USDR,0.3,False,0.00577,0.53652,,0.98,1783992597
All Pools,AVAX - OK,0.3,False,0.00564,1.598,,0.32,1783992597
All Pools,USDC - OK,0.3,False,0.00559,1.153,,0.44,1783992597
All Pools,MIM - AFARMER,0.3,False,0.00555,3681.7,,,1783992597
All Pools,WETH.e - STATIK,0.3,False,0.00545,0.98209,,0.51,1783992597
All Pools,JOE - USDt,0.3,False,0.0053,0.63822,,0.76,1783992597
All Pools,AUSD - HUSKY,0.3,False,0.00513,0.45275,,1.03,1783992597
All Pools,GMX - USDt,0.3,False,0.00494,0.33708,,1.34,1783992597
All Pools,TEDDY - USDC,0.3,False,0.00489,0.62469,,0.71,1783992597
All Pools,USDC - LODE,0.3,False,0.00483,847.95,,,1783992597
All Pools,AVAX - SOL,0.3,False,0.00481,0.06762,,6.49,1783992597
All Pools,AVAX - PAR,0.3,False,0.0048,1.296,,0.34,1783992597
All Pools,MIM - PAR,0.3,False,0.00473,0.47477,,0.91,1783992597
All Pools,Oracle - BLACK,0.3,False,0.00467,1.245,,0.34,1783992597
All Pools,YEEHAW - ABC,0.3,False,0.00444,0.24942,,1.62,1783992597
All Pools,PinOcchio - AVAX,0.3,False,0.00443,7.744,,0.05,1783992597
All Pools,PinOcchio - Gravity,0.3,False,0.00441,1.487,,0.27,1783992597
All Pools,ETHM - AVAX,0.3,False,0.00434,21.47,,0.02,1783992597
All Pools,WETH.e - ETHM,0.3,False,0.00428,0.40885,,0.96,1783992597
All Pools,USDC.e - GG,0.3,False,0.00414,0.37301,,1.01,1783992597
All Pools,BNZ - WINK,0.3,False,0.00408,0.24471,,1.52,1783992597
All Pools,MIM - YAK,0.3,False,0.00398,0.16692,,2.17,1783992597
All Pools,AMI - EROL,0.3,False,0.00394,0.30404,,1.18,1783992597
All Pools,ERROR - AMI,0.3,False,0.0035,1.743,,0.18,1783992597
All Pools,AVAX - WINE,0.3,False,0.00343,0.08461,,3.69,1783992597
All Pools,AVAX - MTB,0.3,False,0.00321,0.42554,,0.69,1783992597
All Pools,AVAX - DREX,0.3,False,0.00317,0.19926,,1.45,1783992597
All Pools,MIM - MTB,0.3,False,0.00315,0.44618,,0.64,1783992597
All Pools,MIM - DREX,0.3,False,0.00312,5.664,,0.05,1783992597
All Pools,SNTA - MIM,0.3,False,0.00299,0.32181,,0.85,1783992597
All Pools,GRAPE - AVAX,0.3,False,0.00298,0.09567,,2.84,1783992597
All Pools,LIFE - AVAX,0.3,False,0.00294,0.74157,,0.36,1783992597
All Pools,MIM - LIFE,0.3,False,0.00289,0.2377,,1.11,1783992597
All Pools,USDC.e - TIME,0.3,False,0.0028,0.19488,,1.31,1783992597
All Pools,JOE - aXEN,0.3,False,0.00274,0.17365,,1.44,1783992597
All Pools,DB - AVAX,0.3,False,0.00271,1.37,,0.18,1783992597
All Pools,STG - JOE,0.3,False,0.00268,0.1033,,2.37,1783992597
All Pools,xJOE - AVAX,0.3,False,0.00268,1.782,,0.14,1783992597
All Pools,FAP - AVAX,0.3,False,0.00267,67.81,,0.0,1783992597
All Pools,MIM - DB,0.3,False,0.00266,0.1901,,1.28,1783992597
All Pools,xJOE - wsOHM,0.3,False,0.00263,0.17744,,1.35,1783992597
All Pools,MIM - FAP,0.3,False,0.00255,0.04773,,4.88,1783992597
All Pools,JOE - AMI,0.3,False,0.00227,0.14428,,1.44,1783992597
All Pools,ABC - MU,0.3,False,0.00217,0.05278,,3.76,1783992597
All Pools,NineHundred - BLACK,0.3,False,0.00213,2.595,,0.07,1783992597
All Pools,AVAX - PLEB,0.3,False,0.0021,0.08895,,2.16,1783992597
All Pools,BLOB - AVAX,0.3,False,0.00206,2313.96,,,1783992597
All Pools,MIM - PLEB,0.3,False,0.00205,8.023,,0.02,1783992597
All Pools,LUNA - USDC,0.3,False,0.00199,0.09458,,1.92,1783992597
All Pools,MIM - AKITA,0.3,False,0.00197,0.0812,,2.22,1783992597
All Pools,AMI - COQAI,0.3,False,0.00197,2.714,,0.07,1783992597
All Pools,ACS - USDt,0.3,False,0.00182,0.95438,,0.17,1783992597
All Pools,USDC.e - XAVA,0.3,False,0.00177,0.34137,,0.47,1783992597
All Pools,LAMA - AVAX,0.3,False,0.00161,8368.58,,,1783992597
All Pools,UST - WINE,0.3,False,0.00152,0.11531,,1.2,1783992597
All Pools,TSD - USDC.e,0.3,False,0.00148,0.06216,,2.17,1783992597
All Pools,BTC.b - GMX,0.3,False,0.00125,1.246,,0.09,1783992597
All Pools,ILoveMyTwinFlame - AVAX,0.3,False,0.00115,3.987,,0.03,1783992597
All Pools,ILoveMyTwinFlame - Gravity,0.3,False,0.00114,1.608,,0.06,1783992597
All Pools,YEEHAW - Gladiator,0.3,False,0.00108,0.08536,,1.16,1783992597
All Pools,USDC - XPOW,0.3,False,0.00102,0.024,,3.86,1783992597
All Pools,GRAPE - USDC.e,0.3,False,0.00101,0.03926,,2.34,1783992597
All Pools,COQ - USDt,0.3,False,,0.0413,,2.04,1783992597
All Pools,AVME - AVAX,0.3,False,,0.00165,,45.43,1783992597
All Pools,CRAFT - AVAX,0.3,False,,289.43,,,1783992597
All Pools,ROCO - USDT.e,0.3,False,,0.10346,,0.67,1783992597
All Pools,PGX - AVAX,0.3,False,,10121.0,,,1783992597
All Pools,SYN - JOE,0.3,False,,0.01726,,3.19,1783992597
All Pools,FollowTheWhiteRabbit - BLACK,0.3,False,,0.12622,,0.41,1783992597
All Pools,SPORE - USDC,0.3,False,,1394.51,,,1783992597
All Pools,DONK - AVAX,0.3,False,,21.61,,,1783992597
All Pools,aAVAXb - AVAX,0.3,False,,0.25529,,0.02,1783992597
All Pools,EZE - AVAX,0.3,False,,0.04811,,0.03,1783992597
All Pools,MU - KET,0.3,False,,0.93883,,,1783992597
All Pools,FATE - USDC,0.3,False,,451017.0,,,1783992597
All Pools,MIM - JOE,0.3,False,,0.00212,,0.02,1783992597
All Pools,sAVAX - WETH.e,0.3,False,,0.0097,,0.0,1783992597
All Pools,AVAX - USDC,0.05,False,1161596.0,379253.0,621.19,59.78,1783996195
All Pools,sAVAX - AVAX,0.01,False,125952.0,47345.0,14.33,11.05,1783996195
All Pools,USDt - USDC,0.01,False,87771.0,162838.0,9.154,2.05,1783996195
All Pools,AUSD - USDC,0.01,False,80534.0,103076.0,7.9,2.8,1783996195
All Pools,USDt - USDC,0.005,False,75599.0,160112.0,5.789,1.32,1783996195
All Pools,BTC.b - USDC,0.05,False,71711.0,570603.0,37.63,2.41,1783996195
All Pools,AUSD - USDt,0.01,False,33263.0,59738.0,3.57,2.18,1783996195
All Pools,FOLKS - AVAX,0.25,False,25840.0,36142.0,66.64,67.29,1783996195
All Pools,AVAX - USDT.e,0.3,False,25838.0,466502.0,64.59,5.05,1783996195
All Pools,AVAX - USDC,0.3,False,22763.0,344108.0,56.91,6.04,1783996195
All Pools,USDC.e - AVAX,0.3,False,22243.0,363042.0,55.61,5.59,1783996195
All Pools,AAVE.e - AVAX,0.3,False,20274.0,259660.0,50.68,7.12,1783996195
All Pools,AVAX - USDt,0.2,False,17632.0,98806.0,35.65,13.17,1783996195
All Pools,gOHM - AVAX,0.3,False,16221.0,124300.0,40.55,11.91,1783996195
All Pools,USDC - XAVA,0.3,False,15388.0,489653.0,38.47,2.87,1783996195
All Pools,WETH.e - AVAX,0.3,False,14831.0,365000.0,37.08,3.71,1783996195
All Pools,AVAX - BTC.b,0.05,False,14275.0,26884.0,9.268,12.58,1783996195
All Pools,USDT.e - USDC,0.02,False,13506.0,51106.0,2.715,1.94,1783996195
All Pools,USDT.e - USDt,0.02,False,12639.0,44459.0,2.532,2.08,1783996195
All Pools,ARENA - AVAX,0.01,False,8642.42,98325.0,0.86411,0.32,1783996195
All Pools,JOE - USDC.e,0.3,False,6777.05,257115.0,16.94,2.41,1783996195
All Pools,XAVA - AVAX,0.8,False,6415.16,156819.0,51.68,12.03,1783996195
All Pools,COQ - AVAX,0.3,False,6315.45,395480.0,15.79,1.46,1783996195
All Pools,JOE - AVAX,0.3,False,5985.4,209215.0,14.96,2.61,1783996195
All Pools,NXUSD - WXT,0.3,False,5924.17,475707.0,14.81,1.14,1783996195
All Pools,WBTC.e - AVAX,0.3,False,4665.51,129664.0,11.66,3.28,1783996195
All Pools,MIM - AVAX,0.3,False,4070.18,183819.0,10.18,2.02,1783996195
All Pools,BTC.b - AVAX,0.3,False,3913.54,105906.0,9.784,3.37,1783996195
All Pools,QI - AVAX,0.3,False,3565.52,127298.0,8.914,2.56,1783996195
All Pools,GUN - AVAX,0.25,False,3261.29,9412.19,13.0,50.43,1783996195
All Pools,NOCHILL - AVAX,0.3,False,2996.93,51892.0,7.492,5.27,1783996195
All Pools,DAI.e - USDC,0.02,False,2980.09,29492.0,0.5896,0.73,1783996195
All Pools,USDt - AVAX,0.3,False,2563.25,38357.0,6.408,6.1,1783996195
All Pools,LCPEDU - USDt,0.8,False,2338.38,7178730.0,37.49,0.19,1783996195
All Pools,USDC.e - USDC,0.02,False,1992.17,3886.13,0.41118,3.86,1783996195
All Pools,BEAM - AVAX,0.25,False,1878.68,14361.0,4.83,12.28,1783996195
All Pools,ORNG - AVAX,0.3,False,1855.86,16663.0,4.64,10.16,1783996195
All Pools,ZRO - AVAX,0.25,False,1824.07,1642.22,13.66,303.59,1783996195
All Pools,BEAM - USDC,0.3,False,1788.2,65623.0,4.47,2.49,1783996195
All Pools,QI - AVAX,0.25,False,1710.81,7746.25,4.307,20.29,1783996195
All Pools,LINK.e - AVAX,0.3,False,1676.85,38153.0,4.192,4.01,1783996195
All Pools,HUNDRED - USDC,0.3,False,1446.36,494477.0,3.616,0.27,1783996195
All Pools,HERESY - AVAX,0.3,False,1446.16,14984.0,3.615,8.81,1783996195
All Pools,SolvBTC - BTC.b,0.04,False,1395.41,174175.0,0.58592,0.12,1783996195
All Pools,AVAX - DAI.e,0.3,False,1342.68,28402.0,3.357,4.31,1783996195
All Pools,SB - AVAX,0.3,False,1213.11,5969.73,3.033,18.54,1783996195
All Pools,USDC.e - USDC,0.02,False,1161.94,9716.22,0.14508,0.55,1783996195
All Pools,JOE - USDT.e,0.3,False,1044.02,51602.0,2.61,1.85,1783996195
All Pools,GUN - AVAX,0.1,False,966.38,16832.0,2.663,5.77,1783996195
All Pools,WBTC - BTC.b,0.03,False,864.3,80580.0,0.26594,0.12,1783996195
All Pools,WBTC.e - BTC.b,0.03,False,669.5,223912.0,0.22587,0.04,1783996195
All Pools,JOE - USDC,0.3,False,653.54,23448.0,1.634,2.54,1783996195
All Pools,AVAX - DOMI,0.3,False,623.72,11485.0,1.559,4.96,1783996195
All Pools,USDT.e - USDC,0.02,False,621.75,897.95,0.065,2.64,1783996195
All Pools,SYN - AVAX,0.3,False,510.12,5033.07,1.275,9.25,1783996195
All Pools,XSEED - AVAX,0.3,False,479.68,15894.0,1.199,2.75,1783996195
All Pools,JPYC - USDC,0.04,False,461.15,3190.59,0.20031,2.29,1783996195
All Pools,gOHM - FRAX,0.3,False,407.16,3438.07,1.018,10.81,1783996195
All Pools,AVAX - XAVA,0.3,False,405.03,12834.0,1.013,2.88,1783996195
All Pools,WETH.e - USDC.e,0.3,False,399.4,10768.0,0.99851,3.38,1783996195
All Pools,AVAX - RISE,0.3,False,383.4,42744.0,0.95851,0.82,1783996195
All Pools,EURC - USDC,0.03,False,338.6,10467.0,0.10063,0.35,1783996195
All Pools,MIM - SB,0.3,False,317.67,2242.73,0.79417,12.93,1783996195
All Pools,USDC.e - USDC,0.3,False,307.08,480240.0,0.76771,0.06,1783996195
All Pools,XSGD - USDC,0.05,False,301.77,430.91,0.05015,4.25,1783996195
All Pools,PRIME - AVAX,0.4,False,225.16,112887.0,2.233,0.72,1783996195
All Pools,USDt - ncash,0.3,False,206.87,1011.47,0.51718,18.66,1783996195
All Pools,AVAX - JUICE,0.3,False,201.23,9393.86,0.50308,1.95,1783996195
All Pools,OSAK - AVAX,0.3,False,200.53,3170.2,0.50133,5.77,1783996195
All Pools,DAI.e - USDC,0.02,False,197.34,2591.89,0.03877,0.55,1783996195
All Pools,GB - AVAX,0.3,False,185.64,1981.5,0.4641,8.55,1783996195
All Pools,GMX - AVAX,0.3,False,173.91,3778.23,0.43477,4.2,1783996195
All Pools,FITFI - USDT.e,0.3,False,151.77,152.93,0.37942,90.55,1783996195
All Pools,COQ - COQAI,0.3,False,148.08,18796.0,0.3702,0.72,1783996195
All Pools,ALOT - AVAX,0.3,False,143.08,10135.0,0.35769,1.29,1783996195
All Pools,YAK - AVAX,0.3,False,142.07,3455.03,0.35518,3.75,1783996195
All Pools,w3ULL - AVAX,0.3,False,139.14,51414.0,0.34785,0.25,1783996195
All Pools,XPOW - AVAX,0.8,False,135.19,238.03,1.238,189.77,1783996195
All Pools,AVAX - ALVA,0.3,False,126.67,775.78,0.31666,14.9,1783996195
All Pools,UST - AVAX,0.3,False,121.65,5854.17,0.30414,1.9,1783996195
All Pools,AI - AVAX,0.3,False,107.56,3112.37,0.2689,3.15,1783996195
All Pools,AVAX - UST,0.3,False,106.46,6767.77,0.26614,1.44,1783996195
All Pools,APIX - USDt,0.3,False,105.87,5854.87,0.26466,1.65,1783996195
All Pools,STG - USDC,0.3,False,102.35,1228.48,0.25588,7.6,1783996195
All Pools,WETH.e - USDC,0.3,False,91.75,20.0,0.22937,418.64,1783996195
All Pools,STG - AVAX,0.3,False,86.67,1024.98,0.21668,7.72,1783996195
All Pools,USDC.e - USDC,0.02,False,84.51,1951.24,0.01694,0.32,1783996195
All Pools,FLD - AVAX,0.3,False,76.28,34891.0,0.1907,0.2,1783996195
All Pools,APIX - ID,0.3,False,70.73,16940.0,0.17683,0.38,1783996195
All Pools,USDt - USDC,0.02,False,70.36,2232.71,0.01412,0.23,1783996195
All Pools,HEFE - AVAX,0.3,False,69.45,26882.0,0.17363,0.24,1783996195
All Pools,XAVA - AVAX,0.8,False,68.86,453.8,0.5614,45.15,1783996195
All Pools,KLO - AVAX,0.3,False,63.89,11822.0,0.15972,0.49,1783996195
All Pools,EMIN - AVAX,0.3,False,62.23,2121.1,0.15556,2.68,1783996195
All Pools,XAUt0 - USDt,0.04,False,58.8,24746.0,0.18529,0.27,1783996195
All Pools,WBTC.e - USDC,0.3,False,58.45,0.39428,0.14613,13527.56,1783996195
All Pools,APIX - USDC,0.3,False,53.48,2922.04,0.1337,1.67,1783996195
All Pools,BLSEYE🎯 - AVAX,0.3,False,48.83,4394.4,0.12208,1.01,1783996195
All Pools,MIM - USDT.e,0.3,False,44.46,1524.99,0.11114,2.66,1783996195
All Pools,GUN - BLSEYE🎯,0.3,False,40.32,425.88,0.10081,8.64,1783996195
All Pools,AVAX - AMI,0.3,False,39.83,349.85,0.09958,10.39,1783996195
All Pools,ROY - AVAX,0.3,False,33.2,3937.87,0.08299,0.77,1783996195
All Pools,ABC - AVAX,0.3,False,33.09,487.61,0.08273,6.19,1783996195
All Pools,Balln - AVAX,0.3,False,32.72,3792.65,0.08181,0.79,1783996195
All Pools,ZRO - AVAX,0.3,False,31.68,134.35,0.07921,21.52,1783996195
All Pools,SHRAP - AVAX,0.8,False,31.14,8827.71,0.25035,1.04,1783996195
All Pools,GURS - AVAX,0.3,False,30.74,5436.82,0.07685,0.52,1783996195
All Pools,AVAX - TOPIA,0.3,False,30.52,1072.1,0.0763,2.6,1783996195
All Pools,SECOND - USDC,0.3,False,24.66,7003.88,0.06166,0.32,1783996195
All Pools,SECOND - AVAX,0.3,False,24.66,1447.8,0.06165,1.55,1783996195
All Pools,Psychic - AVAX,0.3,False,23.81,880.49,0.05952,2.47,1783996195
All Pools,BEAM - AVAX,0.3,False,23.72,376.6,0.0593,5.75,1783996195
All Pools,ISA - USDC.e,0.3,False,22.63,1432.86,0.05657,1.44,1783996195
All Pools,ISA - AVAX,0.3,False,22.19,16754.0,0.05549,0.12,1783996195
All Pools,MIM - USDC.e,0.3,False,21.93,776.05,0.05482,2.58,1783996195
All Pools,GUN - AVAX,0.3,False,21.51,193.88,0.05378,10.13,1783996195
All Pools,AVAX - GEC,0.3,False,21.11,26899.0,0.05277,0.07,1783996195
All Pools,RGOGLZ - USDC,0.3,False,20.98,1320.85,0.05246,1.45,1783996195
All Pools,PNG - AVAX,0.3,False,19.72,793.42,0.0493,2.27,1783996195
All Pools,YAK - USDC,0.25,False,19.46,22.17,0.06141,101.09,1783996195
All Pools,BNB - AVAX,0.3,False,19.35,2766.54,0.04837,0.64,1783996195
All Pools,LUNA - USDC.e,0.3,False,19.14,640.64,0.04786,2.73,1783996195
All Pools,BINI - AVAX,0.3,False,18.47,0.07735,0.04617,21787.36,1783996195
All Pools,BOI - AVAX,0.3,False,18.26,40.74,0.04564,40.89,1783996195
All Pools,AVAX - FRAX,0.3,False,17.67,674.68,0.04418,2.39,1783996195
All Pools,DCAU - USDT.e,0.3,False,17.18,5040.96,0.04295,0.31,1783996195
All Pools,AVAX - SOLNIC,0.3,False,17.18,3528.61,0.04295,0.44,1783996195
All Pools,3QF - D - AVAX,0.3,False,17.14,1294.29,0.04285,1.21,1783996195
All Pools,3QF - D - WETH.e,0.3,False,17.09,2376.23,0.04272,0.66,1783996195
All Pools,KIMBO - AVAX,0.3,False,16.39,39498.0,0.04098,0.04,1783996195
All Pools,sAVAX - AVAX,0.3,False,16.29,171251.0,0.04073,0.01,1783996195
All Pools,WETH.e - USDC,0.15,False,16.08,9003.87,0.02428,0.1,1783996195
All Pools,DCAU - AVAX,0.3,False,15.88,1013.64,0.0397,1.43,1783996195
All Pools,APIX - ARENA,0.3,False,15.21,1661.59,0.03802,0.84,1783996195
All Pools,Psychic - XAUt0,0.3,False,15.08,5765.28,0.0377,0.24,1783996195
All Pools,FITFI - AVAX,0.3,False,14.63,13.6,0.03657,98.16,1783996195
All Pools,HUSKY - AVAX,0.3,False,13.45,2043.36,0.03363,0.6,1783996195
All Pools,MIM - WETH.e,0.3,False,13.09,495.12,0.03272,2.41,1783996195
All Pools,AVAXAI - USDC,0.3,False,12.28,1516.86,0.03071,0.74,1783996195
All Pools,APIX - LAMBO,0.3,False,11.96,438.08,0.02991,2.49,1783996195
All Pools,REDWOLF - AVAX,0.25,False,11.87,181.9,0.03052,6.12,1783996195
All Pools,TECH - AVAX,0.3,False,11.69,9623.8,0.02923,0.11,1783996195
All Pools,sAVAX - JACK,0.3,False,11.61,273543.0,0.02903,0.0,1783996195
All Pools,YAK - USDC.e,0.3,False,10.81,220.88,0.02702,4.47,1783996195
All Pools,ABC - HOWDY,0.3,False,9.266,484.5,0.02317,1.75,1783996195
All Pools,HATCHY - AVAX,0.3,False,8.904,6561.69,0.02226,0.12,1783996195
All Pools,AVAX - ELK,0.3,False,8.6,1291.52,0.0215,0.61,1783996195
All Pools,WETH.e - REDWOLF,0.3,False,8.593,81.93,0.02148,9.57,1783996195
All Pools,HOWDY - USDC,0.3,False,8.57,2950.49,0.02143,0.27,1783996195
All Pools,BLSEYE🎯 - ARENA,0.3,False,7.991,853.41,0.01998,0.85,1783996195
All Pools,EGG - AVAX,0.3,False,7.832,16415.0,0.01958,0.04,1783996195
All Pools,SHRAP - DOMI,0.3,False,7.491,170.34,0.01873,4.01,1783996195
All Pools,BTC.b - TOPIA,0.3,False,7.249,445.21,0.01812,1.49,1783996195
All Pools,USDC.e - SOL,0.3,False,6.566,35.87,0.01642,16.7,1783996195
All Pools,TRESR - AVAX,0.3,False,6.478,7802.22,0.0162,0.08,1783996195
All Pools,AVAX - PEFI,0.3,False,6.43,3216.84,0.01607,0.18,1783996195
All Pools,REDWOLF - USDC,0.3,False,6.096,186.65,0.01524,2.98,1783996195
All Pools,avUSD - sAVAX,0.3,False,5.994,226.33,0.01498,2.42,1783996195
All Pools,USV - DAI.e,0.3,False,5.661,3958.34,0.01415,0.13,1783996195
All Pools,UST - USDC,0.3,False,5.596,432.58,0.01399,1.18,1783996195
All Pools,PTOP500 - TOPIA,0.3,False,5.467,107.6,0.01367,4.64,1783996195
All Pools,REDWOLF - AVAX,0.3,False,5.298,386.91,0.01324,1.25,1783996195
All Pools,SWIFT - WETH.e,0.3,False,5.262,1266.99,0.01315,0.38,1783996195
All Pools,AVAX - HON,0.3,False,5.189,49174.0,0.01297,0.01,1783996195
All Pools,REDWOLF - SOL,0.3,False,5.14,58.8,0.01285,7.98,1783996195
All Pools,LINK.e - USDT.e,0.3,False,5.035,217.98,0.01259,2.11,1783996195
All Pools,AAVE.e - REDWOLF,0.3,False,5.032,151.14,0.01258,3.04,1783996195
All Pools,ORNG - FLUX,0.3,False,4.58,108.88,0.01145,3.84,1783996195
All Pools,MUON - AVAX,0.3,False,4.563,40201.0,0.01141,0.01,1783996195
All Pools,USDC.e - MU,0.3,False,4.519,13192.0,0.0113,0.03,1783996195
All Pools,AVAX - FRAX,0.3,False,4.478,226.15,0.01119,1.81,1783996195
All Pools,gOHM - SB,0.3,False,4.421,16.65,0.01105,24.24,1783996195
All Pools,LUNA - USDC.e,0.3,False,4.348,334.1,0.01087,1.19,1783996195
All Pools,JOE - USDT,0.3,False,4.207,279.37,0.01052,1.37,1783996195
All Pools,BLSEYE🎯 - MEOW,0.3,False,4.177,824.59,0.01044,0.46,1783996195
All Pools,SWIFT - AVAX,0.3,False,4.16,231.12,0.0104,1.64,1783996195
All Pools,MYST - AVAX,0.3,False,4.151,649.55,0.01038,0.58,1783996195
All Pools,FLOT - AVAX,0.3,False,4.106,2917.73,0.01026,0.13,1783996195
All Pools,YOU - ORNG,0.3,False,4.061,1354.1,0.01015,0.27,1783996195
All Pools,XROSS - ORNG,0.3,False,4.007,234.31,0.01002,1.56,1783996195
All Pools,MYST - USDC,0.3,False,3.877,218.05,0.00969,1.62,1783996195
All Pools,AVAX - NaughtiusMaximus,0.3,False,3.77,330.88,0.00942,1.04,1783996195
All Pools,BLSEYE🎯 - BEAM,0.3,False,3.682,269.07,0.00921,1.25,1783996195
All Pools,AVAX - aXEN,0.3,False,3.668,166.77,0.00917,2.01,1783996195
All Pools,AVAX - AKITA,0.3,False,3.641,1750.85,0.0091,0.19,1783996195
All Pools,oXAUT - AVAX,0.3,False,3.59,404.99,0.00897,0.81,1783996195
All Pools,BTC.b - oXAUT,0.3,False,3.587,308.06,0.00897,1.06,1783996195
All Pools,XAUt0 - NaughtiusMaximus,0.3,False,3.419,875.18,0.00855,0.36,1783996195
All Pools,Now - AVAX,0.3,False,3.38,188.87,0.00845,1.63,1783996195
All Pools,SWIFT - USDC.e,0.3,False,3.374,478.77,0.00844,0.64,1783996195
All Pools,LINK.e - USDC.e,0.3,False,3.36,181.14,0.0084,1.69,1783996195
All Pools,AVAX - BGR,0.3,False,3.314,176.74,0.00828,1.71,1783996195
All Pools,FTOMB - AVAX,0.3,False,3.212,6683.19,0.00803,0.04,1783996195
All Pools,AVAX - EROL,0.0,False,3.124,37.77,0.0,0.0,1783996195
All Pools,DATCM - ORNG,0.3,False,3.065,231.94,0.00766,1.21,1783996195
All Pools,AVAX - SOCK,0.3,False,3.051,2380.34,0.00763,0.12,1783996195
All Pools,USDC - SOCK,0.3,False,3.038,415.08,0.0076,0.67,1783996195
All Pools,DPS - USDC,0.3,False,2.987,1811.71,0.00747,0.15,1783996195
All Pools,DPS - AVAX,0.3,False,2.986,182.17,0.00747,1.5,1783996195
All Pools,WETH - USDC.e,0.3,False,2.906,200.4,0.00726,1.32,1783996195
All Pools,APOW - AVAX,0.3,False,2.865,617.91,0.00716,0.42,1783996195
All Pools,ORNG - SAI,0.3,False,2.85,105.51,0.00712,2.46,1783996195
All Pools,USDC.e - sSB,0.3,False,2.84,837.03,0.0071,0.31,1783996195
All Pools,AVAX - ONION,0.3,False,2.539,147.22,0.00635,1.57,1783996195
All Pools,YUSD - AVAX,0.3,False,2.462,116.34,0.00615,1.93,1783996195
All Pools,AVAX - ChristMark,0.3,False,2.449,266.88,0.00612,0.84,1783996195
All Pools,USDT.e - ONION,0.3,False,2.421,739.04,0.00605,0.3,1783996195
All Pools,UST - USDC.e,0.3,False,2.39,675.12,0.00598,0.32,1783996195
All Pools,Psychic - BLACK,0.3,False,2.379,258.85,0.00595,0.84,1783996195
All Pools,TOPIA - PTOP600,0.3,False,2.363,120.39,0.00591,1.79,1783996195
All Pools,ORNG - MOOM,0.3,False,2.358,185.75,0.0059,1.16,1783996195
All Pools,USDC.e - AVVO,0.3,False,2.221,224.46,0.00555,0.9,1783996195
All Pools,AVAX - IMPACT2,0.3,False,2.216,137.5,0.00554,1.47,1783996195
All Pools,Now - BLACK,0.3,False,2.215,234.23,0.00554,0.86,1783996195
All Pools,MAGICK - USDC,0.3,False,2.206,226.13,0.00552,0.89,1783996195
All Pools,MAGICK - AVAX,0.3,False,2.206,280.43,0.00552,0.72,1783996195
All Pools,WETH.e - ONION,0.3,False,2.144,229.42,0.00536,0.85,1783996195
All Pools,VPND - AVAX,0.3,False,2.101,17828.0,0.00525,0.01,1783996195
All Pools,LIQR - AVAX,0.3,False,2.082,36371.0,0.0052,0.01,1783996195
All Pools,BNZ - AVAX,0.3,False,2.05,147.77,0.00513,1.27,1783996195
All Pools,AVAX - CLY,0.3,False,1.994,21702.0,0.00499,0.01,1783996195
All Pools,AVAX - USDT,0.3,False,1.989,1706.49,0.00497,0.11,1783996195
All Pools,USDt - USDT.e,0.3,False,1.977,20413.0,0.00494,0.01,1783996195
All Pools,XAUt0 - ChristMark,0.3,False,1.976,576.67,0.00494,0.31,1783996195
All Pools,YEEHAW - BTC.b,0.3,False,1.971,50.19,0.00493,3.58,1783996195
All Pools,USDT.e - CLY,0.3,False,1.959,179.53,0.0049,1.0,1783996195
All Pools,HOST - DAI.e,0.3,False,1.92,2496.08,0.0048,0.07,1783996195
All Pools,BTC.b - IMPACT2,0.3,False,1.904,1270.61,0.00476,0.14,1783996195
All Pools,PNG - JOE,0.3,False,1.886,115.2,0.00471,1.49,1783996195
All Pools,XAUt0 - Now,0.3,False,1.885,560.4,0.00471,0.31,1783996195
All Pools,BUSD - AVAX,0.3,False,1.883,336.26,0.00471,0.51,1783996195
All Pools,WETH.e - USDT.e,0.3,False,1.817,146.52,0.00454,1.13,1783996195
All Pools,Gladiator - ARENA,0.3,False,1.766,337.76,0.00442,0.48,1783996195
All Pools,LF - AVAX,0.3,False,1.752,282.81,0.00438,0.57,1783996195
All Pools,MIM - LF,0.3,False,1.728,399.89,0.00432,0.39,1783996195
All Pools,HUSKY - JOE,0.3,False,1.669,91.75,0.00417,1.66,1783996195
All Pools,BANKSY - USDT.e,0.3,False,1.653,1511.59,0.00413,0.1,1783996195
All Pools,BANKSY - AVAX,0.3,False,1.651,141.83,0.00413,1.06,1783996195
All Pools,Gladiator - USDC,0.3,False,1.643,269.07,0.00411,0.56,1783996195
All Pools,AVAX - TIME,0.3,False,1.625,561.62,0.00406,0.26,1783996195
All Pools,KRW - AVAX,0.3,False,1.603,309.45,0.00401,0.47,1783996195
All Pools,JOE - KRW,0.3,False,1.601,144.84,0.004,1.01,1783996195
All Pools,AVAX - SPELL,0.3,False,1.601,1932.78,0.004,0.08,1783996195
All Pools,Gravity - AVAX,0.3,False,1.523,237.67,0.00381,0.58,1783996195
All Pools,APOW - USDC,0.3,False,1.506,115.12,0.00376,1.19,1783996195
All Pools,XAUt0 - Gravity,0.3,False,1.474,311.86,0.00369,0.43,1783996195
All Pools,gOHM - wsOHM,0.3,False,1.471,17.32,0.00368,7.75,1783996195
All Pools,SMRTr - USDC.e,0.3,False,1.465,104.84,0.00366,1.28,1783996195
All Pools,SMRTr - AVAX,0.3,False,1.465,25747.0,0.00366,0.01,1783996195
All Pools,MIM - wsOHM,0.3,False,1.464,181.03,0.00366,0.74,1783996195
All Pools,ORNG - JUCI,0.3,False,1.446,242.65,0.00361,0.54,1783996195
All Pools,FXS - AVAX,0.3,False,1.424,286.49,0.00356,0.45,1783996195
All Pools,DREGG - AVAX,0.3,False,1.376,144.96,0.00344,0.87,1783996195
All Pools,DREGG - USDT.e,0.3,False,1.376,510.5,0.00344,0.25,1783996195
All Pools,APOW - USDt,0.3,False,1.36,114.9,0.0034,1.08,1783996195
All Pools,KIWI - USDC,0.3,False,1.3,299.21,0.00325,0.4,1783996195
All Pools,KIWI - AVAX,0.3,False,1.299,94.26,0.00325,1.26,1783996195
All Pools,USDC - MXNB,0.3,False,1.28,16.97,0.0032,6.89,1783996195
All Pools,AVAX - AVVO,0.3,False,1.265,228.62,0.00316,0.5,1783996195
All Pools,WOO.e - AVAX,0.3,False,1.226,65.57,0.00306,1.71,1783996195
All Pools,USDC.e - ONION,0.3,False,1.184,369.2,0.00296,0.29,1783996195
All Pools,BLUB - AVAX,0.3,False,1.18,11639.0,0.00295,0.01,1783996195
All Pools,BEAR - AVAX,0.3,False,1.176,5044.6,0.00294,0.02,1783996195
All Pools,USDC - SDOG,0.3,False,1.17,365.4,0.00292,0.29,1783996195
All Pools,STEAK - AVAX,0.3,False,1.157,9725.88,0.00289,0.01,1783996195
All Pools,YEEHAW - TOPIA,0.3,False,1.145,112.24,0.00286,0.93,1783996195
All Pools,GB - USDT.e,0.3,False,1.14,22.24,0.00285,4.68,1783996195
All Pools,DCAU - MIM,0.3,False,1.139,114.44,0.00285,0.91,1783996195
All Pools,MIM - SDOG,0.3,False,1.128,92.18,0.00282,1.12,1783996195
All Pools,DCAU - USDC,0.3,False,1.12,144.24,0.0028,0.71,1783996195
All Pools,BTC.b - REDWOLF,0.3,False,1.112,97.4,0.00278,1.04,1783996195
All Pools,WBTC.e - USDT.e,0.3,False,1.078,154.41,0.0027,0.64,1783996195
All Pools,AVAX - mYAK,0.3,False,1.074,49.67,0.00269,1.97,1783996195
All Pools,AVAX - MU,0.3,False,1.07,73.92,0.00268,1.32,1783996195
All Pools,PTOP700 - TOPIA,0.3,False,1.069,103.73,0.00267,0.94,1783996195
All Pools,LUNA - AVAX,0.3,False,1.068,123.42,0.00267,0.79,1783996195
All Pools,Trinity - AVAX,0.3,False,1.063,737.64,0.00266,0.13,1783996195
All Pools,MIM - USDC,0.3,False,1.059,29.93,0.00265,3.23,1783996195
All Pools,WBTC.e - ONION,0.3,False,1.048,348.75,0.00262,0.27,1783996195
All Pools,WOLF - AVAX,0.3,False,1.036,27299.0,0.00259,0.0,1783996195
All Pools,Trinity - Psychic,0.3,False,1.033,406.06,0.00258,0.23,1783996195
All Pools,DAI.e - ONION,0.3,False,1.026,331.23,0.00257,0.28,1783996195
All Pools,MaryMagdalene - AVAX,0.3,False,1.013,173.55,0.00253,0.53,1783996195
All Pools,AVAX - SMRT,0.3,False,1.004,1621.38,0.00251,0.06,1783996195
All Pools,USDT.e - SMRT,0.3,False,0.99039,87.78,0.00248,1.03,1783996195
All Pools,MIM - MU,0.3,False,0.98234,96.28,0.00246,0.93,1783996195
All Pools,MaryMagdalene - XAUt0,0.3,False,0.97646,1664.31,0.00244,0.05,1783996195
All Pools,LINDA - AVAX,0.3,False,0.94452,1582.85,0.00236,0.05,1783996195
All Pools,AVAX - ARENA,0.3,False,0.9362,57.45,0.00234,1.49,1783996195
All Pools,GB - MUG,0.3,False,0.87807,17.46,0.0022,4.59,1783996195
All Pools,HOST - AVAX,0.3,False,0.83172,88.16,0.00208,0.86,1783996195
All Pools,ZUBAX - USDT.e,0.3,False,0.78631,170.94,0.00197,0.42,1783996195
All Pools,RPEPE - AVAX,0.3,False,0.78431,3699.4,0.00196,0.02,1783996195
All Pools,TSD - AVAX,0.3,False,0.76623,177.71,0.00192,0.39,1783996195
All Pools,SYMBIOT - AVAX,0.3,False,0.74256,74.59,0.00186,0.91,1783996195
All Pools,AVAX - ZUBAX,0.3,False,0.73693,91.2,0.00184,0.74,1783996195
All Pools,DZHV - AVAX,0.3,False,0.73006,10279.0,0.00183,0.01,1783996195
All Pools,AVAX - EROL,0.3,False,0.72827,20.24,0.00182,3.28,1783996195
All Pools,GENI - AVAX,0.3,False,0.71539,50.09,0.00179,1.3,1783996195
All Pools,GENI - USDC,0.3,False,0.71527,1183.17,0.00179,0.06,1783996195
All Pools,SYMBIOT - DAI.e,0.3,False,0.69489,442.94,0.00174,0.14,1783996195
All Pools,sAVAX - COQ,0.3,False,0.67675,61.05,0.00169,1.01,1783996195
All Pools,DFIAT - AVAX,0.3,False,0.66999,5961.56,0.00167,0.01,1783996195
All Pools,LINK.e - REDWOLF,0.3,False,0.66939,69.02,0.00167,0.88,1783996195
All Pools,BRO - AVAX,0.3,False,0.66238,99724.0,0.00166,,1783996195
All Pools,BRO - COQ,0.3,False,0.65973,134.67,0.00165,0.45,1783996195
All Pools,AVAX - rsAVAX,0.3,False,0.65862,161.89,0.00165,0.37,1783996195
All Pools,ZRO - USDC,0.3,False,0.65795,4.507,0.00164,13.32,1783996195
All Pools,USDt - IMPACT2,0.3,False,0.65432,69.09,0.00164,0.86,1783996195
All Pools,MIM - PEFI,0.3,False,0.64973,67.16,0.00162,0.88,1783996195
All Pools,MAXI - DAI.e,0.3,False,0.64958,222.53,0.00162,0.27,1783996195
All Pools,KALM - AVAX,0.3,False,0.64493,97.04,0.00161,0.61,1783996195
All Pools,KALM - USDC,0.3,False,0.64484,77.29,0.00161,0.76,1783996195
All Pools,USDC.e - WXT,0.3,False,0.62546,194.39,0.00156,0.29,1783996195
All Pools,AVAX - MUG,0.3,False,0.61146,248.37,0.00153,0.22,1783996195
All Pools,WBTC - AVAX,0.3,False,0.59514,30.44,0.00149,1.78,1783996195
All Pools,50 - AVAX,0.3,False,0.59261,59.81,0.00148,0.9,1783996195
All Pools,50 - USDC,0.3,False,0.59249,112.18,0.00148,0.48,1783996195
All Pools,COQ - BLSEYE🎯,0.3,False,0.56722,142.61,0.00142,0.36,1783996195
All Pools,CommieSukey - AVAX,0.3,False,0.55452,212.05,0.00139,0.24,1783996195
All Pools,Psychic - CommieSukey,0.3,False,0.55307,244.02,0.00138,0.21,1783996195
All Pools,COQ - OSAK,0.3,False,0.54886,17.23,0.00137,2.91,1783996195
All Pools,Meaning - AVAX,0.3,False,0.54598,330.38,0.00136,0.15,1783996195
All Pools,Psychic - Meaning,0.3,False,0.54494,238.81,0.00136,0.21,1783996195
All Pools,JOE - EXP,0.3,False,0.53483,10313460.0,0.00134,,1783996195
All Pools,NOCHILL - OX,0.3,False,0.50997,13296.0,0.00127,0.0,1783996195
All Pools,Anon - AVAX,0.3,False,0.50681,7.763,0.00127,5.96,1783996195
All Pools,STG - L - Swing,0.3,False,0.49938,16.19,0.00125,2.82,1783996195
All Pools,STATIK - AVAX,0.3,False,0.49608,31.01,0.00124,1.46,1783996195
All Pools,YEEHAW - CHAMP,0.3,False,0.49376,923.84,0.00123,0.05,1783996195
All Pools,AVAX - Wej,0.3,False,0.47544,212.13,0.00119,0.2,1783996195
All Pools,Psychic - Wej,0.3,False,0.47397,244.08,0.00118,0.18,1783996195
All Pools,sifu - DAI.e,0.3,False,0.46831,3.882,0.00117,11.01,1783996195
All Pools,DogL - AVAX,0.3,False,0.45883,212.91,0.00115,0.2,1783996195
All Pools,Psychic - DogL,0.3,False,0.45752,244.15,0.00114,0.17,1783996195
All Pools,JEWEL - USDC,0.3,False,0.45617,3840.9,0.00114,0.01,1783996195
All Pools,L - Swing - aXEN,0.3,False,0.45232,51.69,0.00113,0.8,1783996195
All Pools,USDC - GAU,0.3,False,0.4499,836.31,0.00112,0.05,1783996195
All Pools,MerryXmas - AVAX,0.3,False,0.44903,195.12,0.00112,0.21,1783996195
All Pools,Psychic - MerryXmas,0.3,False,0.44772,224.55,0.00112,0.18,1783996195
All Pools,MIM - WINE,0.3,False,0.44687,173.34,0.00112,0.24,1783996195
All Pools,AVAX - BlackAndGold,0.3,False,0.44628,212.91,0.00112,0.19,1783996195
All Pools,Psychic - BlackAndGold,0.3,False,0.44498,244.13,0.00111,0.17,1783996195
All Pools,AVAX - RedFolder,0.3,False,0.44206,212.05,0.00111,0.19,1783996195
All Pools,Psychic - RedFolder,0.3,False,0.44064,244.2,0.0011,0.16,1783996195
All Pools,COQ - OX,0.3,False,0.43979,13967.0,0.0011,0.0,1783996195
All Pools,MIM - GRAPE,0.3,False,0.43814,119.69,0.0011,0.33,1783996195
All Pools,AVAX - All,0.3,False,0.43684,213.11,0.00109,0.19,1783996195
All Pools,MM - USDC,0.3,False,0.43683,49.78,0.00109,0.8,1783996195
All Pools,MM - AVAX,0.3,False,0.43677,66.83,0.00109,0.6,1783996195
All Pools,Psychic - All,0.3,False,0.43546,244.2,0.00109,0.16,1783996195
All Pools,HUSKY - AMI,0.3,False,0.43164,42.71,0.00108,0.92,1783996195
All Pools,sifu - USDT.e,0.3,False,0.42542,10.23,0.00106,3.79,1783996195
All Pools,LUNA - AVAX,0.3,False,0.41762,13.71,0.00104,2.78,1783996195
All Pools,ArniStitch - AVAX,0.3,False,0.41642,211.64,0.00104,0.18,1783996195
All Pools,Psychic - ArniStitch,0.3,False,0.41525,244.27,0.00104,0.16,1783996195
All Pools,MEOW - AVAX,0.3,False,0.4141,7600.41,0.00104,0.0,1783996195
All Pools,Ducks - AVAX,0.3,False,0.40807,211.69,0.00102,0.18,1783996195
All Pools,Psychic - Ducks,0.3,False,0.40673,244.34,0.00102,0.15,1783996195
All Pools,GUN - AMI,0.3,False,0.40441,8.627,0.00101,4.28,1783996195
All Pools,Serpentarius - AVAX,0.3,False,0.4035,215.52,0.00101,0.17,1783996195
All Pools,Psychic - Serpentarius,0.3,False,0.40221,247.82,0.00101,0.15,1783996195
All Pools,AMI - TOPIA,0.3,False,0.39485,151.49,,0.24,1783996195
All Pools,BLS - USDt,0.3,False,0.38798,127.92,,0.28,1783996195
All Pools,USDC - SHRAP,0.3,False,0.38729,22.05,,1.6,1783996195
All Pools,SYN - REDWOLF,0.3,False,0.38237,5.112,,6.82,1783996195
All Pools,CQK - USDC,0.3,False,0.3689,30.86,,1.09,1783996195
All Pools,CQK - AVAX,0.3,False,0.36882,96.87,,0.35,1783996195
All Pools,AVAX - Prometheus,0.3,False,0.36657,206.63,,0.16,1783996195
All Pools,Psychic - Prometheus,0.3,False,0.36543,237.46,,0.14,1783996195
All Pools,meGNX - AVAX,0.3,False,0.36409,12.87,,2.58,1783996195
All Pools,AVAX - SNOB,0.3,False,0.35413,748.86,,0.04,1783996195
All Pools,AVAX - Seventeen,0.3,False,0.35397,207.3,,0.16,1783996195
All Pools,NaughtiusMaximus - Seventeen,0.3,False,0.35304,679.52,,0.05,1783996195
All Pools,AVAX - KONG,0.3,False,0.35113,5479.88,,0.01,1783996195
All Pools,Hopi - Now,0.3,False,0.34963,512.91,,0.06,1783996195
All Pools,Hopi - AVAX,0.3,False,0.34958,156.0,,0.2,1783996195
All Pools,Jjj - AVAX,0.3,False,0.34687,211.7,,0.15,1783996195
All Pools,Psychic - Jjj,0.3,False,0.34578,244.16,,0.13,1783996195
All Pools,USDT.e - MU,0.3,False,0.34,250.49,,0.12,1783996195
All Pools,HOWDY - ARENA,0.3,False,0.33154,37.88,,0.8,1783996195
All Pools,MU - DAI.e,0.3,False,0.33065,236.49,,0.13,1783996195
All Pools,WETH.e - yyAVAX,0.3,False,0.32964,14.18,,2.12,1783996195
All Pools,Xmas - AVAX,0.3,False,0.32638,198.85,,0.15,1783996195
All Pools,Psychic - Xmas,0.3,False,0.32544,228.97,,0.13,1783996195
All Pools,AftermathsKobe - AVAX,0.3,False,0.32428,213.07,,0.14,1783996195
All Pools,Psychic - AftermathsKobe,0.3,False,0.32347,245.91,,0.12,1783996195
All Pools,COQ - JUICE,0.3,False,0.32308,26.08,,1.13,1783996195
All Pools,DFIAT - USDT.e,0.3,False,0.32213,26.6,,1.1,1783996195
All Pools,gOHM - JOE,0.3,False,0.31528,3.141,,9.16,1783996195
All Pools,MIM - DAI.e,0.3,False,0.31157,19.77,,1.44,1783996195
All Pools,RUX - AVAX,0.3,False,0.31066,25.41,,1.12,1783996195
All Pools,USDt - RUX,0.3,False,0.31041,15976.0,,0.0,1783996195
All Pools,BOI - MU,0.3,False,0.30512,0.74803,,37.22,1783996195
All Pools,GLOBA - AVAX,0.3,False,0.30177,39.66,,0.69,1783996195
All Pools,LAMA - AVAX,0.3,False,0.29858,8298.6,,0.0,1783996195
All Pools,Christmas - AVAX,0.3,False,0.29776,179.83,,0.15,1783996195
All Pools,SLUSH - AVAX,0.3,False,0.29462,45.28,,0.59,1783996195
All Pools,SLUSH - USDT.e,0.3,False,0.2945,55.01,,0.49,1783996195
All Pools,$Crazy - AVAX,0.3,False,0.29379,740.57,,0.04,1783996195
All Pools,COQ - NOCHILL,0.3,False,0.2929,8.085,,3.31,1783996195
All Pools,USDC - aXEN,0.3,False,0.29032,9.032,,2.93,1783996195
All Pools,AVAX - DUO,0.3,False,0.28936,52.4,,0.5,1783996195
All Pools,USDT.e - DUO,0.3,False,0.28923,50.43,,0.52,1783996195
All Pools,USDC - USD+,0.3,False,0.2873,28.15,,0.93,1783996195
All Pools,AVAX - Sinterklaas,0.3,False,0.28701,100.52,,0.26,1783996195
All Pools,Psychic - Sinterklaas,0.3,False,0.28651,240.34,,0.11,1783996195
All Pools,AVAX - KET,0.3,False,0.28258,22.81,,1.13,1783996195
All Pools,CHAMP - AMI,0.3,False,0.28229,25.38,,1.01,1783996195
All Pools,GLOBA - DAI.e,0.3,False,0.28223,47.22,,0.55,1783996195
All Pools,SOL - USDC,0.3,False,0.28051,20.65,,1.24,1783996195
All Pools,APOW - AVAX,0.3,False,0.27481,1309.14,,0.02,1783996195
All Pools,DiamondbackGall - AVAX,0.3,False,0.27072,213.47,,0.12,1783996195
All Pools,Psychic - DiamondbackGall,0.3,False,0.26969,244.78,,0.1,1783996195
All Pools,NeatestQuackery - AVAX,0.3,False,0.2689,211.55,,0.12,1783996195
All Pools,Psychic - NeatestQuackery,0.3,False,0.26818,244.49,,0.1,1783996195
All Pools,USDC.e - WISE,0.3,False,0.25582,40.99,,0.57,1783996195
All Pools,AVAX - WISE,0.3,False,0.25565,59.06,,0.39,1783996195
All Pools,WBTC.e - REDWOLF,0.3,False,0.25006,48.33,,0.47,1783996195
All Pools,agEUR - USDC,0.3,False,0.24441,59.79,,0.37,1783996195
All Pools,aAvaWAVAX - meGNX,0.3,False,0.24349,2.953,,7.53,1783996195
All Pools,AVAX - TheGospelOfMary,0.3,False,0.24151,116.83,,0.19,1783996195
All Pools,MaryMagdalene - TheGospelOfMary,0.3,False,0.24129,215.75,,0.1,1783996195
All Pools,Silver - AVAX,0.3,False,0.23789,62.55,,0.35,1783996195
All Pools,Silver - Now,0.3,False,0.23685,643.48,,0.03,1783996195
All Pools,WETH.e - SURE,0.3,False,0.23653,828.8,,0.03,1783996195
All Pools,AVAX - CHAM,0.3,False,0.23316,25.55,,0.83,1783996195
All Pools,USDC - CHAM,0.3,False,0.23306,46.22,,0.46,1783996195
All Pools,GATOR - ARENA,0.3,False,0.22805,1.515,,13.73,1783996195
All Pools,AVAX - MeaningOfNumbers,0.3,False,0.22442,212.09,,0.1,1783996195
All Pools,TRYB - USDC.e,0.3,False,0.22403,31.8,,0.64,1783996195
All Pools,Psychic - MeaningOfNumbers,0.3,False,0.22365,244.87,,0.08,1783996195
All Pools,HOWDY - USDt,0.3,False,0.2217,173.46,,0.12,1783996195
All Pools,NOCHILL - KET,0.3,False,0.22036,8.163,,2.46,1783996195
All Pools,UNI.e - REDWOLF,0.3,False,0.2159,11.08,,1.78,1783996195
All Pools,USDC - yyAVAX,0.3,False,0.21471,12.0,,1.63,1783996195
All Pools,wsOHM - USDC.e,0.3,False,0.2125,18.25,,1.06,1783996195
All Pools,AVVO - DAI.e,0.3,False,0.21231,34.7,,0.56,1783996195
All Pools,CHAMP - ARENA,0.3,False,0.21211,13.1,,1.48,1783996195
All Pools,VEE - USDC,0.3,False,0.21173,31.19,,0.62,1783996195
All Pools,TEDDY - AVAX,0.3,False,0.20961,20.6,,0.93,1783996195
All Pools,AVAI - AVAX,0.3,False,0.20951,19.66,,0.97,1783996195
All Pools,IMPACT2 - EURC,0.3,False,0.20487,41.05,,0.46,1783996195
All Pools,USDT.e - EXP,0.3,False,0.20263,45046108.0,,,1783996195
All Pools,AVAX - ZABU,0.3,False,0.2018,23.2,,0.79,1783996195
All Pools,Christmas - ChristMark,0.3,False,0.19926,111.82,,0.16,1783996195
All Pools,SYN - USDC.e,0.3,False,0.19587,2.61,,6.85,1783996195
All Pools,bCASH - NOCHILL,0.3,False,0.19361,12.26,,1.44,1783996195
All Pools,wsOHM - AVAX,0.3,False,0.19256,8.041,,2.19,1783996195
All Pools,USDC.e - DAI.e,0.3,False,0.19209,22179.0,,,1783996195
All Pools,BOI - AMI,0.3,False,0.18505,0.48334,,34.94,1783996195
All Pools,MELT - AVAX,0.3,False,0.18431,19.84,,0.85,1783996195
All Pools,YEEHAW - AVAX,0.3,False,0.17828,11.91,,1.37,1783996195
All Pools,USDT.e - ZABU,0.3,False,0.1769,44.0,,0.37,1783996195
All Pools,Light - AVAX,0.3,False,0.1727,63.6,,0.25,1783996195
All Pools,Light - Now,0.3,False,0.17218,642.72,,0.02,1783996195
All Pools,BrideOfChrist - BLACK,0.3,False,0.17204,17.7,,0.89,1783996195
All Pools,UNIQOC - AVAX,0.3,False,0.17102,812.34,,0.02,1783996195
All Pools,APOW - USDt,0.3,False,0.17058,21.21,,0.73,1783996195
All Pools,UNIQOC - COQ,0.3,False,0.17017,35.39,,0.44,1783996195
All Pools,USDC - BVAX,0.3,False,0.17011,26.11,,0.59,1783996195
All Pools,AVAX - MILO,0.3,False,0.16958,785.96,,0.02,1783996195
All Pools,USDt - MILO,0.3,False,0.16943,13.99,,1.11,1783996195
All Pools,AVAX - ELK,0.3,False,0.16922,48.22,,0.32,1783996195
All Pools,TECH - OX,0.3,False,0.16895,5914.9,,0.0,1783996195
All Pools,XPOW - AVAX,0.3,False,0.16354,1308.36,,0.01,1783996195
All Pools,USDt - XPOW,0.3,False,0.16313,20.55,,0.72,1783996195
All Pools,MaryMagdalene - ChristMark,0.3,False,0.16051,301.79,,0.05,1783996195
All Pools,SPC - DAI.e,0.3,False,0.15703,19.34,,0.74,1783996195
All Pools,BANKSY - AVAX,0.3,False,0.15383,18.21,,0.77,1783996195
All Pools,BANKSY - USDC.e,0.3,False,0.15377,28.97,,0.48,1783996195
All Pools,XETA - USDC,0.3,False,0.14999,5741.56,,0.0,1783996195
All Pools,METAG - AVAX,0.3,False,0.14974,19.52,,0.7,1783996195
All Pools,Solar - AVAX,0.3,False,0.14883,63.66,,0.21,1783996195
All Pools,Solar - Now,0.3,False,0.14875,643.25,,0.02,1783996195
All Pools,AVAX - Propriety,0.3,False,0.14842,63.46,,0.21,1783996195
All Pools,Now - Propriety,0.3,False,0.14819,642.61,,0.02,1783996195
All Pools,ALOT - USDC.e,0.3,False,0.14615,7.445,,1.79,1783996195
All Pools,AVAT - USDC,0.3,False,0.14424,37.36,,0.35,1783996195
All Pools,Vaccine - AVAX,0.3,False,0.14417,62.5,,0.21,1783996195
All Pools,Vaccine - Now,0.3,False,0.14404,636.49,,0.02,1783996195
All Pools,FLAKE - USDT.e,0.3,False,0.14375,48.08,,0.27,1783996195
All Pools,FLAKE - AVAX,0.3,False,0.14374,17.01,,0.77,1783996195
All Pools,AVAX - Mentor,0.3,False,0.14212,63.47,,0.2,1783996195
All Pools,AVAX - BENJI,0.3,False,0.14182,4.748,,2.73,1783996195
All Pools,Now - Mentor,0.3,False,0.14155,641.67,,0.02,1783996195
All Pools,UST - USDT.e,0.3,False,0.1395,38.37,,0.33,1783996195
All Pools,USDt - REDWOLF,0.3,False,0.13881,13.74,,0.92,1783996195
All Pools,MELT - USDC.e,0.3,False,0.13459,29.47,,0.42,1783996195
All Pools,WTHT - SNOB,0.3,False,0.1327,1.252,,9.67,1783996195
All Pools,NOCHILL - AMI,0.3,False,0.13194,3.139,,3.83,1783996195
All Pools,miMatic - AVAX,0.3,False,0.13002,32.02,,0.37,1783996195
All Pools,miMatic - USDC.e,0.3,False,0.12995,24.06,,0.49,1783996195
All Pools,MIM - TIME,0.3,False,0.12891,26.05,,0.45,1783996195
All Pools,TOMB - USDC,0.3,False,0.12804,9.937,,1.18,1783996195
All Pools,Matter - AVAX,0.3,False,0.12747,56.81,,0.2,1783996195
All Pools,SYN - WETH.e,0.3,False,0.12736,1.263,,9.2,1783996195
All Pools,Matter - Now,0.3,False,0.1271,580.53,,0.02,1783996195
All Pools,JOE - ZABU,0.3,False,0.1243,12.75,,0.89,1783996195
All Pools,Now - Blessing,0.3,False,0.12366,568.09,,0.02,1783996195
All Pools,AVAX - Blessing,0.3,False,0.12365,56.53,,0.2,1783996195
All Pools,MIM - VOLT,0.3,False,0.12178,14.5,,0.77,1783996195
All Pools,TickTock - AVAX,0.3,False,0.12063,63.71,,0.17,1783996195
All Pools,TickTock - Now,0.3,False,0.12053,643.93,,0.02,1783996195
All Pools,AVAX - STRAW,0.3,False,0.11904,14.18,,0.77,1783996195
All Pools,BrideOfChrist - AVAX,0.3,False,0.11821,63.59,,0.17,1783996195
All Pools,AVAT - AVAX,0.3,False,0.11685,16.65,,0.64,1783996195
All Pools,Gil - AVAX,0.3,False,0.11629,13.53,,0.78,1783996195
All Pools,SURE - USDC.e,0.3,False,0.11498,20.49,,0.51,1783996195
All Pools,Sanskrit - AVAX,0.3,False,0.11383,63.54,,0.16,1783996195
All Pools,Sanskrit - Now,0.3,False,0.11347,642.15,,0.02,1783996195
All Pools,Necromancer - AVAX,0.3,False,0.11181,63.59,,0.16,1783996195
All Pools,Now - Necromancer,0.3,False,0.11156,642.64,,0.02,1783996195
All Pools,DAI.e - STRAW,0.3,False,0.11135,35.87,,0.28,1783996195
All Pools,AVAX - SantaGospel,0.3,False,0.11028,96.42,,0.1,1783996195
All Pools,Slope - AVAX,0.3,False,0.10891,63.61,,0.16,1783996195
All Pools,Gold - AVAX,0.3,False,0.10884,63.72,,0.16,1783996195
All Pools,Gil - DAI.e,0.3,False,0.10878,26.2,,0.38,1783996195
All Pools,Slope - Now,0.3,False,0.10864,641.37,,0.02,1783996195
All Pools,Gold - Now,0.3,False,0.10848,643.85,,0.02,1783996195
All Pools,AVAX - √Root,0.3,False,0.10826,63.69,,0.16,1783996195
All Pools,Now - √Root,0.3,False,0.1076,643.57,,0.02,1783996195
All Pools,Uncontractable - AVAX,0.3,False,0.10754,62.56,,0.16,1783996195
All Pools,Uncontractable - Now,0.3,False,0.10718,628.88,,0.02,1783996195
All Pools,DAI.e - VOLT,0.3,False,0.10714,40.82,,0.24,1783996195
All Pools,SUB - USDC,0.3,False,0.10692,11.32,,0.86,1783996195
All Pools,SYN - USDT.e,0.3,False,0.10633,1.391,,6.98,1783996195
All Pools,JOE - CRA,0.3,False,0.1058,7.067,,1.37,1783996195
All Pools,APOW - USDC,0.3,False,0.10357,21.19,,0.45,1783996195
All Pools,Blue - AVAX,0.3,False,0.10241,188.91,,0.05,1783996195
All Pools,Psychic - Blue,0.3,False,0.10198,62.06,,0.15,1783996195
All Pools,METAG - USDT.e,0.3,False,0.10016,46.98,,0.19,1783996195
All Pools,Christmas - Merovingian,0.3,False,0.09786,85.67,,0.1,1783996195
All Pools,Now - Merovingian,0.3,False,0.09711,49.58,,0.18,1783996195
All Pools,YEEHAW - USDC,0.3,False,0.09705,5.606,,1.58,1783996195
All Pools,AVAX - DOGGY,0.3,False,0.09516,1.93,,4.5,1783996195
All Pools,bECH - AVAX,0.3,False,0.09466,16.85,,0.51,1783996195
All Pools,AVAX - Strength,0.3,False,0.0943,101.44,,0.08,1783996195
All Pools,Go - AVAX,0.3,False,0.09413,100.83,,0.09,1783996195
All Pools,Hydrogen - AVAX,0.3,False,0.09396,189.08,,0.05,1783996195
All Pools,Psychic - Strength,0.3,False,0.09392,56.35,,0.15,1783996195
All Pools,Psychic - Go,0.3,False,0.09364,55.84,,0.15,1783996195
All Pools,Psychic - Hydrogen,0.3,False,0.09363,62.38,,0.14,1783996195
All Pools,Yellow - AVAX,0.3,False,0.09132,190.47,,0.04,1783996195
All Pools,Psychic - Yellow,0.3,False,0.09101,62.5,,0.13,1783996195
All Pools,HUSKY - MUG,0.3,False,0.09035,13.44,,0.61,1783996195
All Pools,LIBRE - USDC.e,0.3,False,0.08859,12.24,,0.66,1783996195
All Pools,AVAX - FORT,0.3,False,0.08718,12.88,,0.62,1783996195
All Pools,MIM - FORT,0.3,False,0.08668,2697.7,,0.0,1783996195
All Pools,AVAX - WOLF,0.3,False,0.08653,53.2,,0.15,1783996195
All Pools,USDC.e - WOLF,0.3,False,0.08649,7.496,,1.05,1783996195
All Pools,BLS - SHRAP,0.3,False,0.0856,8.269,,0.94,1783996195
All Pools,Psychic - SantaGospel,0.3,False,0.08551,55.67,,0.14,1783996195
All Pools,CRA - AVAX,0.3,False,0.08445,7220.18,,0.0,1783996195
All Pools,MIM - AUSD,0.3,False,0.08431,10.81,,0.71,1783996195
All Pools,WTF - AVAX,0.3,False,0.08416,513.98,,0.01,1783996195
All Pools,SURE - DAI.e,0.3,False,0.0836,23.93,,0.32,1783996195
All Pools,AVAX - NEMO,0.3,False,0.08306,6.499,,1.17,1783996195
All Pools,USDt - NEMO,0.3,False,0.08306,95.89,,0.08,1783996195
All Pools,aAvaLINK - AVAX,0.3,False,0.0828,7.447,,1.01,1783996195
All Pools,CGS - USDC.e,0.3,False,0.08173,152.47,,0.05,1783996195
All Pools,CGS - AVAX,0.3,False,0.08157,53.92,,0.14,1783996195
All Pools,Who - AVAX,0.3,False,0.07837,100.84,,0.07,1783996195
All Pools,Psychic - Who,0.3,False,0.07808,56.39,,0.13,1783996195
All Pools,ABC - AMI,0.3,False,0.07708,2.466,,2.85,1783996195
All Pools,PAPA - AVAX,0.3,False,0.07584,10.89,,0.64,1783996195
All Pools,JOE - ZUBAX,0.3,False,0.07525,6.367,,1.08,1783996195
All Pools,MIM - PAPA,0.3,False,0.07518,66.81,,0.1,1783996195
All Pools,JESUS - AVAX,0.3,False,0.07382,9.191,,0.73,1783996195
All Pools,RUG - USDT.e,0.3,False,0.07288,10.42,,0.64,1783996195
All Pools,SURE - AVAX,0.3,False,0.07048,5.237,,1.23,1783996195
All Pools,AVAX - GAU,0.3,False,0.07016,5.673,,1.13,1783996195
All Pools,WBTC.e - USDC.e,0.3,False,0.06927,7.986,,0.79,1783996195
All Pools,Chrism - ChristMark,0.3,False,0.06757,139.05,,0.04,1783996195
All Pools,Psychic - Chrism,0.3,False,0.06693,49.72,,0.12,1783996195
All Pools,SHOE - BTC.b,0.3,False,0.06563,0.75107,,7.97,1783996195
All Pools,BENIS - NOCHILL,0.3,False,0.06536,2.756,,2.16,1783996195
All Pools,USDT.e - XAVA,0.3,False,0.06515,10.68,,0.56,1783996195
All Pools,Ush - AVAX,0.3,False,0.06395,2074.27,,0.0,1783996195
All Pools,GAS - AVAX,0.3,False,0.06369,130.73,,0.04,1783996195
All Pools,SLIME - AVAX,0.3,False,0.0621,14935.0,,,1783996195
All Pools,SLIME - USDt,0.3,False,0.06209,6.057,,0.94,1783996195
All Pools,NineHundred - AVAX,0.3,False,0.06145,100.73,,0.06,1783996195
All Pools,NOCHILL - REDWOLF,0.3,False,0.05994,2.222,,2.46,1783996195
All Pools,NOCHILL - MU,0.3,False,0.0597,1.483,,3.67,1783996195
All Pools,MELT - AVAX,0.3,False,0.05966,799.18,,0.01,1783996195
All Pools,MELT - USDC.e,0.3,False,0.05964,5.884,,0.92,1783996195
All Pools,MaryMagdalene - FollowTheWhiteRabbit,0.3,False,0.05939,156.47,,0.03,1783996195
All Pools,Priory - AVAX,0.3,False,0.05929,53.83,,0.1,1783996195
All Pools,FollowTheWhiteRabbit - Priory,0.3,False,0.05918,640.17,,0.01,1783996195
All Pools,Psychic - NineHundred,0.3,False,0.05913,55.58,,0.1,1783996195
All Pools,BENIS - AVAX,0.3,False,0.05899,10.68,,0.5,1783996195
All Pools,MU - SOL,0.3,False,0.05851,1.121,,4.76,1783996195
All Pools,COQ - AMI,0.3,False,0.05825,8.075,,0.66,1783996195
All Pools,AVAX - Nala,0.3,False,0.05778,18.97,,0.28,1783996195
All Pools,Psychic - Nala,0.3,False,0.05753,208.35,,0.03,1783996195
All Pools,WOLF - AVAX,0.3,False,0.05677,46.13,,0.11,1783996195
All Pools,CNR - USDC,0.3,False,0.05655,4.408,,1.17,1783996195
All Pools,aDXN - aXEN,0.3,False,0.05644,4.891,,1.05,1783996195
All Pools,DUO - USDT.e,0.3,False,0.05624,6.094,,0.84,1783996195
All Pools,YAK - SPORE,0.3,False,0.05611,5.253,,0.97,1783996195
All Pools,aDXN - AVAX,0.3,False,0.05599,49.85,,0.1,1783996195
All Pools,MU - COQAI,0.3,False,0.05422,5.63,,0.88,1783996195
All Pools,MaryMagdalene - BrideOfChrist,0.3,False,0.0537,92.49,,0.05,1783996195
All Pools,BUSD - USDC,0.3,False,0.0525,7.358,,0.65,1783996195
All Pools,AVAX - LYLY,0.3,False,0.05246,50.46,,0.09,1783996195
All Pools,KLO - USDT.e,0.3,False,0.05236,5.36,,0.89,1783996195
All Pools,CNR - AVAX,0.3,False,0.05224,47.05,,0.1,1783996195
All Pools,USDC.e - WMATIC,0.3,False,0.05212,16.12,,0.3,1783996195
All Pools,CNR - USDt,0.3,False,0.05187,4.429,,1.07,1783996195
All Pools,ACS - AVAX,0.3,False,0.05099,172.5,,0.03,1783996195
All Pools,gOHM - USDT.e,0.3,False,0.05077,0.64146,,7.22,1783996195
All Pools,AVAX - BOREA,0.3,False,0.05028,5.422,,0.85,1783996195
All Pools,USDT.e - BOREA,0.3,False,0.05015,25.56,,0.18,1783996195
All Pools,MELT - USDT.e,0.3,False,0.04976,29.22,,0.16,1783996195
All Pools,METAG - USDt,0.3,False,0.04938,15.34,,0.29,1783996195
All Pools,ACS - USDC.e,0.3,False,0.04906,5.251,,0.85,1783996195
All Pools,bCASH - TECH,0.3,False,0.04843,10.91,,0.41,1783996195
All Pools,BLUB - AVAX,0.0,False,0.04748,32.57,0.0,0.0,1783996195
All Pools,AAVE.e - meGNX,0.3,False,0.04745,3.585,,1.21,1783996195
All Pools,USDC - AMI,0.3,False,0.04715,0.50257,,8.56,1783996195
All Pools,MIM - RUG,0.3,False,0.04615,6.218,,0.68,1783996195
All Pools,KrisKringle - ChristMark,0.3,False,0.04594,18.72,,0.22,1783996195
All Pools,KrisKringle - AVAX,0.3,False,0.04571,18.65,,0.22,1783996195
All Pools,SHOE - AMI,0.3,False,0.04546,0.17774,,23.34,1783996195
All Pools,UNIV - AVAX,0.3,False,0.04525,6.019,,0.69,1783996195
All Pools,MIM - UNIV,0.3,False,0.04447,5.438,,0.75,1783996195
All Pools,ICUBE - AVAX,0.3,False,0.04389,5.303,,0.76,1783996195
All Pools,ICUBE - USDT.e,0.3,False,0.04384,106.99,,0.04,1783996195
All Pools,CNR - REDWOLF,0.3,False,0.0435,14.83,,0.27,1783996195
All Pools,FITFI - USDC,0.3,False,0.04322,0.18308,,21.54,1783996195
All Pools,TSD - WOLF,0.3,False,0.04292,27.91,,0.14,1783996195
All Pools,USDt - DXN,0.3,False,0.04279,213.84,,0.02,1783996195
All Pools,BTC.b - USDC,0.3,False,0.04192,4.166,,0.92,1783996195
All Pools,AVAX - TMT,0.3,False,0.04019,5.771,,0.64,1783996195
All Pools,ROCO - AVAX,0.3,False,0.04017,1329.62,,0.0,1783996195
All Pools,USDT.e - TMT,0.3,False,0.04011,25.14,,0.15,1783996195
All Pools,WETH.e - meGNX,0.3,False,0.04007,5.049,,0.72,1783996195
All Pools,AVAX - BLANC,0.3,False,0.03994,7.202,,0.51,1783996195
All Pools,AVAX - GG,0.3,False,0.03977,5.207,,0.7,1783996195
All Pools,MIM - BLANC,0.3,False,0.0395,1252.56,,0.0,1783996195
All Pools,AVAI - USDC.e,0.3,False,0.03855,26.58,,0.13,1783996195
All Pools,REDWOLF - WMATIC,0.3,False,0.03854,2.041,,1.72,1783996195
All Pools,GURS - ARENA,0.3,False,0.03838,5.234,,0.67,1783996195
All Pools,AVAX - BAVA,0.3,False,0.03809,8.579,,0.41,1783996195
All Pools,AVAX - SDOG,0.3,False,0.03765,6.478,,0.53,1783996195
All Pools,wMEMO - AVAX,0.3,False,0.03716,6.425,,0.53,1783996195
All Pools,WLRS - GRAPE,0.3,False,0.03649,8.909,,0.37,1783996195
All Pools,WLRS - USDC.e,0.3,False,0.03628,3994.15,,,1783996195
All Pools,BRUH - AVAX,0.3,False,0.03626,879.38,,0.0,1783996195
All Pools,MIM - GG,0.3,False,0.03535,72.99,,0.04,1783996195
All Pools,MPL - AVAX,0.3,False,0.0351,5.017,,0.64,1783996195
All Pools,MPL - USDt,0.3,False,0.03504,29.73,,0.11,1783996195
All Pools,AAVE.e - USDT.e,0.3,False,0.03465,2.637,,1.2,1783996195
All Pools,BTC.b - MU,0.3,False,0.03417,9.924,,0.31,1783996195
All Pools,USDC.e - RUG,0.3,False,0.03369,17.53,,0.18,1783996195
All Pools,Anon - USDC,0.3,False,0.03338,0.6688,,4.56,1783996195
All Pools,TruthClosure - AVAX,0.3,False,0.03317,7.649,,0.4,1783996195
All Pools,TruthClosure - BLACK,0.3,False,0.03312,12.83,,0.24,1783996195
All Pools,BOOTY - AVAX,0.3,False,0.0326,1487.53,,0.0,1783996195
All Pools,LINK.e - MU,0.3,False,0.03252,6.803,,0.44,1783996195
All Pools,KOVIN - AVAX,0.3,False,0.03242,2222.93,,0.0,1783996195
All Pools,COQ - BOOTY,0.3,False,0.03239,6.661,,0.44,1783996195
All Pools,MIM - TSNFTGM,0.3,False,0.03227,3.467,,0.85,1783996195
All Pools,COQ - KOVIN,0.3,False,0.03224,8.234,,0.36,1783996195
All Pools,COQ - LYLY,0.3,False,0.03222,9.685,,0.3,1783996195
All Pools,gOHM - OTWO,0.3,False,0.03185,91117.0,,,1783996195
All Pools,NXPC - AVAX,0.3,False,0.03149,0.97569,,2.95,1783996195
All Pools,wsOHM - OTWO,0.3,False,0.03148,1.538,,1.87,1783996195
All Pools,wALGO - AVAX,0.3,False,0.03092,114.97,,0.02,1783996195
All Pools,wALGO - USDC,0.3,False,0.03084,2.39,,1.18,1783996195
All Pools,AVAX - WSPP,0.3,False,0.03068,2.308,,1.21,1783996195
All Pools,USDC - WSPP,0.3,False,0.03062,41.92,,0.07,1783996195
All Pools,AVAX - BLACK,0.3,False,0.03049,3.265,,0.85,1783996195
All Pools,YAK - JOE,0.3,False,0.03046,0.93953,,2.96,1783996195
All Pools,TSNFTGM - DAI.e,0.3,False,0.02979,29.27,,0.09,1783996195
All Pools,AVAX - CAST,0.3,False,0.02953,1372.47,,0.0,1783996195
All Pools,FollowTheWhiteRabbit - AVAX,0.3,False,0.02945,115.26,,0.02,1783996195
All Pools,XIO - AVAX,0.3,False,0.02914,2.313,,1.15,1783996195
All Pools,XIO - USDC,0.3,False,0.02908,23.95,,0.11,1783996195
All Pools,AVAX - SPADE,0.3,False,0.02901,4.861,,0.54,1783996195
All Pools,USDC.e - SPADE,0.3,False,0.029,15.38,,0.17,1783996195
All Pools,LUNA - LUNA,0.3,False,0.02895,1.84,,1.44,1783996195
All Pools,LoveIsTheKey - FollowTheWhiteRabbit,0.3,False,0.02895,44.37,,0.06,1783996195
All Pools,LoveIsTheKey - BLACK,0.3,False,0.0289,4.153,,0.64,1783996195
All Pools,JOE - REDWOLF,0.3,False,0.02886,2.73,,0.96,1783996195
All Pools,USDT.e - DAI.e,0.3,False,0.02809,7157.23,,,1783996195
All Pools,COQ - REDWOLF,0.3,False,0.0277,8.627,,0.29,1783996195
All Pools,WOLF - MU,0.3,False,0.02755,3.821,,0.66,1783996195
All Pools,AVAX - USDR,0.3,False,0.02732,2.439,,1.02,1783996195
All Pools,SNP - AVAX,0.3,False,0.02672,7.72,,0.32,1783996195
All Pools,COQ - SNP,0.3,False,0.02654,16.04,,0.15,1783996195
All Pools,ARENA - AMI,0.3,False,0.02634,0.87347,,2.75,1783996195
All Pools,BGLD - AVAX,0.3,False,0.02627,3.548,,0.68,1783996195
All Pools,BGLD - USDT.e,0.3,False,0.02626,16.34,,0.15,1783996195
All Pools,SBR - AVAX,0.3,False,0.02582,3.776,,0.62,1783996195
All Pools,MCV - AVAX,0.3,False,0.0258,283.06,,0.01,1783996195
All Pools,COQ - MCV,0.3,False,0.02566,6.283,,0.37,1783996195
All Pools,WDAO - AVAX,0.3,False,0.02558,9.925,,0.24,1783996195
All Pools,MIM - SBR,0.3,False,0.02554,11.38,,0.2,1783996195
All Pools,aAvaLINK - meGNX,0.3,False,0.02541,8.528,,0.27,1783996195
All Pools,WDAO - MIM,0.3,False,0.02535,5.414,,0.43,1783996195
All Pools,ElvisJackpot - Gravity,0.3,False,0.02516,14.37,,0.16,1783996195
All Pools,ElvisJackpot - BLACK,0.3,False,0.02495,10.14,,0.22,1783996195
All Pools,wMEMO - MIM,0.3,False,0.02487,4.398,,0.52,1783996195
All Pools,AMI - SQRCAT,0.3,False,0.02483,10.15,,0.22,1783996195
All Pools,AVAX - SQRCAT,0.3,False,0.02478,4211.93,,,1783996195
All Pools,BLACK - SantaGospel,0.3,False,0.02436,2.589,,0.86,1783996195
All Pools,ARA - AVAX,0.3,False,0.02428,2.309,,0.96,1783996195
All Pools,GG - AVAX,0.3,False,0.02416,5.71,,0.39,1783996195
All Pools,ZUM - NOCHILL,0.3,False,0.02398,0.7352,,2.98,1783996195
All Pools,BSGG - AVAX,0.3,False,0.0239,2.516,,0.87,1783996195
All Pools,MIM - GG,0.3,False,0.0239,4.939,,0.44,1783996195
All Pools,GURS - NOCHILL,0.3,False,0.02348,1.143,,1.87,1783996195
All Pools,AVAX - NADO,0.3,False,0.02336,2.578,,0.83,1783996195
All Pools,MIM - NADO,0.3,False,0.02311,175.27,,0.01,1783996195
All Pools,ARENA - MU,0.3,False,0.02218,2.747,,0.74,1783996195
All Pools,DBY - AVAX,0.3,False,0.02191,7466.4,,,1783996195
All Pools,USDR - USDC,0.3,False,0.02146,39.9,,0.05,1783996195
All Pools,AVAX - SHRAP,0.3,False,0.02129,11.6,,0.17,1783996195
All Pools,COQ - MU,0.3,False,0.02036,3.432,,0.54,1783996195
All Pools,NOCHILL - WAIFU,0.3,False,0.02035,138.22,,0.01,1783996195
All Pools,Milk - AVAX,0.3,False,0.01995,5.355,,0.34,1783996195
All Pools,QI - LYLY,0.3,False,0.01993,1.77,,1.03,1783996195
All Pools,WINK - NOCHILL,0.3,False,0.01986,0.38122,,4.75,1783996195
All Pools,Milk - USDT.e,0.3,False,0.01984,13.85,,0.13,1783996195
All Pools,gOHM - USDC.e,0.3,False,0.01958,0.32591,,5.48,1783996195
All Pools,AVAX - AMONKS,0.3,False,0.01953,1140.4,,0.0,1783996195
All Pools,REDWOLF - AMONKS,0.3,False,0.01947,5.635,,0.32,1783996195
All Pools,AVAX - GOT,0.3,False,0.0191,4.258,,0.41,1783996195
All Pools,USDT.e - GOT,0.3,False,0.01897,12.37,,0.14,1783996195
All Pools,SOB - AVAX,0.3,False,0.0183,388.98,,0.0,1783996195
All Pools,LIFE - AVAX,0.3,False,0.01817,2.669,,0.62,1783996195
All Pools,SOB - LUNA,0.3,False,0.01799,0.80108,,2.05,1783996195
All Pools,MIM - LIFE,0.3,False,0.01795,11.22,,0.15,1783996195
All Pools,AVAX - DAI,0.3,False,0.01792,55.84,,0.03,1783996195
All Pools,MAJIN - AVAX,0.3,False,0.01777,3009.85,,,1783996195
All Pools,MAJIN - MU,0.3,False,0.0177,3.697,,0.44,1783996195
All Pools,GATOR - AMI,0.3,False,0.01765,3.074,,0.52,1783996195
All Pools,MIM - DICK,0.3,False,0.01742,2.155,,0.74,1783996195
All Pools,MIM - sTHO,0.3,False,0.01738,203.58,,0.01,1783996195
All Pools,DICK - AVAX,0.3,False,0.01733,6.09,,0.26,1783996195
All Pools,SUB - AVAX,0.3,False,0.01714,14.78,,0.11,1783996195
All Pools,ZH - USDC.e,0.3,False,0.0169,22.15,,0.07,1783996195
All Pools,DUNEV3 - USDC.e,0.3,False,0.01688,25237.0,,,1783996195
All Pools,WINK - AVAX,0.3,False,0.01664,41.36,,0.04,1783996195
All Pools,ZH - JOE,0.3,False,0.01656,2.05,,0.74,1783996195
All Pools,MIM - DUNEV3,0.3,False,0.01654,53686.0,,,1783996195
All Pools,FITFI - USDC.e,0.3,False,0.01622,0.09805,,15.1,1783996195
All Pools,JOE - AVE,0.3,False,0.01619,1.178,,1.25,1783996195
All Pools,KOKSAL - USDC,0.3,False,0.01617,4.434,,0.33,1783996195
All Pools,KOKSAL - AVAX,0.3,False,0.01617,2.756,,0.54,1783996195
All Pools,MOO - AVAX,0.3,False,0.01596,538.73,,0.0,1783996195
All Pools,YEEHAW - AMI,0.3,False,0.01577,3.114,,0.46,1783996195
All Pools,DUA - USDC,0.3,False,0.01577,11.42,,0.13,1783996195
All Pools,AVAX - DUA,0.3,False,0.01577,1.716,,0.84,1783996195
All Pools,KOVIN - MU,0.3,False,0.01511,2.507,,0.55,1783996195
All Pools,AVAX - MICRO,0.3,False,0.01505,18.52,,0.07,1783996195
All Pools,AAVE.e - USDC.e,0.3,False,0.0147,1.274,,1.05,1783996195
All Pools,NRK - DAI.e,0.3,False,0.01406,280.39,,0.0,1783996195
All Pools,SMRT - XAVA,0.3,False,0.01388,2.236,,0.57,1783996195
All Pools,Trinity - FourFourFour,0.3,False,0.01382,3.545,,0.36,1783996195
All Pools,MIM - SPELL,0.3,False,0.01382,2.435,,0.52,1783996195
All Pools,YAK - USDT.e,0.3,False,0.01381,0.55872,,2.26,1783996195
All Pools,WOLF - USDT.e,0.3,False,0.01379,3.162,,0.4,1783996195
All Pools,FourFourFour - BLACK,0.3,False,0.01377,3.243,,0.39,1783996195
All Pools,UST - USDC,0.3,False,0.01359,3.922,,0.32,1783996195
All Pools,HCT - AVAX,0.3,False,0.01352,2.614,,0.47,1783996195
All Pools,CATWIF - AVAX,0.3,False,0.0129,2347.98,,,1783996195
All Pools,HIGHER - AVAX,0.3,False,0.01289,1.193,,0.99,1783996195
All Pools,COQ - ARENA,0.3,False,0.01287,0.79141,,1.48,1783996195
All Pools,CATWIF - MU,0.3,False,0.01283,3.024,,0.39,1783996195
All Pools,AVAX - iBONE,0.3,False,0.01268,4.216,,0.27,1783996195
All Pools,ChristMark - ChristIAmYou,0.3,False,0.01268,20.1,,0.06,1783996195
All Pools,USDT.e - iBONE,0.3,False,0.01259,4.453,,0.26,1783996195
All Pools,KIMBO - AMI,0.3,False,0.01257,2.344,,0.49,1783996195
All Pools,BLACK - ChristIAmYou,0.3,False,0.01242,1.277,,0.89,1783996195
All Pools,BIRD - AVAX,0.3,False,0.01232,0.00944,,119.04,1783996195
All Pools,WTHT - AXIAL,0.3,False,0.01226,0.28592,,3.91,1783996195
All Pools,Psychic - BirthingCode,0.3,False,0.01203,47.16,,0.02,1783996195
All Pools,Psychic - Equal,0.3,False,0.01202,47.16,,0.02,1783996195
All Pools,Psychic - YouAndI,0.3,False,0.01202,47.15,,0.02,1783996195
All Pools,Psychic - Turtle,0.3,False,0.01187,47.17,,0.02,1783996195
All Pools,Psychic - Finish,0.3,False,0.01185,47.12,,0.02,1783996195
All Pools,AVAX - LAST,0.3,False,0.01183,732.26,,0.0,1783996195
All Pools,AVAX - APE - X,0.3,False,0.01183,470.68,,0.0,1783996195
All Pools,BirthingCode - BLACK,0.3,False,0.0118,1.249,,0.86,1783996195
All Pools,Equal - BLACK,0.3,False,0.01179,1.25,,0.86,1783996195
All Pools,YouAndI - BLACK,0.3,False,0.01179,1.251,,0.86,1783996195
All Pools,Psychic - TrueStory,0.3,False,0.01179,47.16,,0.02,1783996195
All Pools,Turtle - BLACK,0.3,False,0.01166,1.249,,0.85,1783996195
All Pools,Finish - BLACK,0.3,False,0.01163,1.258,,0.84,1783996195
All Pools,TrueStory - BLACK,0.3,False,0.01157,1.25,,0.85,1783996195
All Pools,AVAX - DWC,0.3,False,0.01157,4097.86,,,1783996195
All Pools,DWC - MU,0.3,False,0.0115,2.767,,0.38,1783996195
All Pools,TECH - AMI,0.3,False,0.01146,1.647,,0.63,1783996195
All Pools,Psychic - Gematria,0.3,False,0.01144,47.16,,0.02,1783996195
All Pools,BTC.b - yyAVAX,0.3,False,0.01144,4.13,,0.25,1783996195
All Pools,GURS - HOWDY,0.3,False,0.01135,0.57722,,1.79,1783996195
All Pools,USDC - USDT.e,0.3,False,0.01134,154.29,,0.01,1783996195
All Pools,BLACK - Gematria,0.3,False,0.01117,1.251,,0.82,1783996195
All Pools,COQ - MICRO,0.3,False,0.01102,2.659,,0.38,1783996195
All Pools,AMPL - AVAX,0.3,False,0.011,203.67,,0.0,1783996195
All Pools,JOE - GB,0.3,False,0.01088,0.16324,,6.08,1783996195
All Pools,aAvaLINK - LINK.e,0.3,False,0.01011,1.589,,0.58,1783996195
All Pools,TEMPO - AVAX,0.3,False,0.01003,1.82,,0.5,1783996195
All Pools,MIM - TEMPO,0.3,False,0.00994,5.181,,0.18,1783996195
All Pools,SHOE - COQ,0.3,False,0.0099,0.03761,,24.01,1783996195
All Pools,GMX - USDC,0.3,False,0.00977,0.81385,,1.09,1783996195
All Pools,NXPC - USDC,0.3,False,0.00962,0.66502,,1.32,1783996195
All Pools,QI - USDC.e,0.3,False,0.00953,0.63289,,1.37,1783996195
All Pools,HERESY - MEOW,0.3,False,0.00917,0.19362,,4.32,1783996195
All Pools,AVAX - LODE,0.3,False,0.00912,0.82936,,1.0,1783996195
All Pools,AVAX - WOHM,0.3,False,0.00871,1.162,,0.68,1783996195
All Pools,GURS - AMI,0.3,False,0.00867,1.261,,0.63,1783996195
All Pools,MIM - WOHM,0.3,False,0.00859,13.43,,0.06,1783996195
All Pools,USDC.e - UST,0.3,False,0.00852,1.546,,0.5,1783996195
All Pools,HH - ARENA,0.3,False,0.00847,1.651,,0.47,1783996195
All Pools,HH - AVAX,0.3,False,0.0084,237.43,,0.0,1783996195
All Pools,Gladiator - AVAX,0.3,False,0.00834,1.51,,0.5,1783996195
All Pools,FINANCE - NOCHILL,0.3,False,0.00833,359.61,,0.0,1783996195
All Pools,NOCHILL - ARENA,0.3,False,0.00833,0.25504,,2.98,1783996195
All Pools,BEAM - MU,0.3,False,0.00813,0.94923,,0.78,1783996195
All Pools,TRACTOR - AVAX,0.3,False,0.00813,10604.0,,,1783996195
All Pools,TRACTOR - JOE,0.3,False,0.00806,1.121,,0.66,1783996195
All Pools,BNZ - KET,0.3,False,0.00805,2.465,,0.3,1783996195
All Pools,SNO Token - AVAX,0.3,False,0.00804,1.123,,0.65,1783996195
All Pools,SNO Token - JOE,0.3,False,0.00797,49.72,,0.01,1783996195
All Pools,YEEHAW - ARENA,0.3,False,0.00751,0.86984,,0.79,1783996195
All Pools,AVAX - EDG,0.3,False,0.0073,1.381,,0.48,1783996195
All Pools,QI - REDWOLF,0.3,False,0.00725,1.131,,0.58,1783996195
All Pools,AMI - MU,0.3,False,0.00723,1.255,,0.53,1783996195
All Pools,MIM - EDG,0.3,False,0.00722,1.578,,0.42,1783996195
All Pools,WETH.e - MU,0.3,False,0.00716,1.769,,0.37,1783996195
All Pools,HIGHER - AMI,0.3,False,0.00682,1.882,,0.33,1783996195
All Pools,SNLP - AVAX,0.3,False,0.00663,2617.11,,,1783996195
All Pools,JOE - SNLP,0.3,False,0.00656,1.05,,0.57,1783996195
All Pools,AVAX - VYBE,0.3,False,0.00635,1.674,,0.35,1783996195
All Pools,MIM - VYBE,0.3,False,0.00628,0.873,,0.66,1783996195
All Pools,LF - USDT.e,0.3,False,0.00618,0.98292,,0.57,1783996195
All Pools,HIGHER - NOCHILL,0.3,False,0.00602,0.18221,,3.01,1783996195
All Pools,JOE - CNR,0.3,False,0.006,0.72188,,0.76,1783996195
All Pools,AVAX - AXIAL,0.3,False,0.00578,595.51,,,1783996195
All Pools,JOE - USDR,0.3,False,0.00577,0.53553,,0.98,1783996195
All Pools,AVAX - OK,0.3,False,0.00564,1.593,,0.32,1783996195
All Pools,USDC - OK,0.3,False,0.00559,1.153,,0.44,1783996195
All Pools,MIM - AFARMER,0.3,False,0.00555,3681.7,,,1783996195
All Pools,WETH.e - STATIK,0.3,False,0.00545,0.98226,,0.51,1783996195
All Pools,JOE - USDt,0.3,False,0.0053,0.63667,,0.76,1783996195
All Pools,AUSD - HUSKY,0.3,False,0.00513,0.45459,,1.03,1783996195
All Pools,GMX - USDt,0.3,False,0.00494,0.33689,,1.34,1783996195
All Pools,TEDDY - USDC,0.3,False,0.00489,0.62469,,0.71,1783996195
All Pools,USDC - LODE,0.3,False,0.00483,847.95,,,1783996195
All Pools,AVAX - SOL,0.3,False,0.00481,0.06736,,6.51,1783996195
All Pools,AVAX - PAR,0.3,False,0.0048,1.292,,0.34,1783996195
All Pools,MIM - PAR,0.3,False,0.00473,0.47433,,0.91,1783996195
All Pools,Oracle - BLACK,0.3,False,0.00467,1.259,,0.34,1783996195
All Pools,YEEHAW - ABC,0.3,False,0.00444,0.24942,,1.62,1783996195
All Pools,PinOcchio - AVAX,0.3,False,0.00443,7.72,,0.05,1783996195
All Pools,PinOcchio - Gravity,0.3,False,0.00441,1.487,,0.27,1783996195
All Pools,ETHM - AVAX,0.3,False,0.00434,21.41,,0.02,1783996195
All Pools,WETH.e - ETHM,0.3,False,0.00428,0.40753,,0.96,1783996195
All Pools,USDC.e - GG,0.3,False,0.00414,0.37218,,1.02,1783996195
All Pools,BNZ - WINK,0.3,False,0.00408,0.24453,,1.52,1783996195
All Pools,MIM - YAK,0.3,False,0.00398,0.16677,,2.18,1783996195
All Pools,AMI - EROL,0.3,False,0.00394,0.30534,,1.18,1783996195
All Pools,ERROR - AMI,0.3,False,0.0035,1.744,,0.18,1783996195
All Pools,AVAX - WINE,0.3,False,0.00343,0.08435,,3.71,1783996195
All Pools,AVAX - MTB,0.3,False,0.00321,0.42424,,0.69,1783996195
All Pools,AVAX - DREX,0.3,False,0.00317,0.19865,,1.46,1783996195
All Pools,MIM - MTB,0.3,False,0.00315,0.44577,,0.64,1783996195
All Pools,MIM - DREX,0.3,False,0.00312,5.659,,0.05,1783996195
All Pools,SNTA - MIM,0.3,False,0.00299,0.3212,,0.85,1783996195
All Pools,GRAPE - AVAX,0.3,False,0.00298,0.09538,,2.85,1783996195
All Pools,LIFE - AVAX,0.3,False,0.00294,0.7393,,0.36,1783996195
All Pools,MIM - LIFE,0.3,False,0.00289,0.23748,,1.11,1783996195
All Pools,USDC.e - TIME,0.3,False,0.0028,0.19445,,1.32,1783996195
All Pools,JOE - aXEN,0.3,False,0.00274,0.17332,,1.44,1783996195
All Pools,DB - AVAX,0.3,False,0.00271,1.366,,0.18,1783996195
All Pools,STG - JOE,0.3,False,0.00268,0.10311,,2.37,1783996195
All Pools,xJOE - AVAX,0.3,False,0.00268,1.777,,0.14,1783996195
All Pools,FAP - AVAX,0.3,False,0.00267,67.6,,0.0,1783996195
All Pools,MIM - DB,0.3,False,0.00266,0.18992,,1.28,1783996195
All Pools,xJOE - wsOHM,0.3,False,0.00263,0.17744,,1.35,1783996195
All Pools,MIM - FAP,0.3,False,0.00255,0.04768,,4.89,1783996195
All Pools,JOE - AMI,0.3,False,0.00227,0.14465,,1.43,1783996195
All Pools,ABC - MU,0.3,False,0.00217,0.05271,,3.76,1783996195
All Pools,NineHundred - BLACK,0.3,False,0.00213,2.609,,0.07,1783996195
All Pools,AVAX - PLEB,0.3,False,0.0021,0.08868,,2.16,1783996195
All Pools,BLOB - AVAX,0.3,False,0.00206,2306.87,,,1783996195
All Pools,MIM - PLEB,0.3,False,0.00205,8.015,,0.02,1783996195
All Pools,LUNA - USDC,0.3,False,0.00199,0.09458,,1.92,1783996195
All Pools,MIM - AKITA,0.3,False,0.00197,0.08112,,2.22,1783996195
All Pools,AMI - COQAI,0.3,False,0.00197,2.74,,0.07,1783996195
All Pools,ACS - USDt,0.3,False,0.00182,0.95382,,0.17,1783996195
All Pools,USDC.e - XAVA,0.3,False,0.00177,0.34049,,0.47,1783996195
All Pools,UST - WINE,0.3,False,0.00152,0.11531,,1.2,1783996195
All Pools,TSD - USDC.e,0.3,False,0.00148,0.06202,,2.18,1783996195
All Pools,BTC.b - GMX,0.3,False,0.00125,1.243,,0.09,1783996195
All Pools,ILoveMyTwinFlame - AVAX,0.3,False,0.00115,3.977,,0.03,1783996195
All Pools,ILoveMyTwinFlame - Gravity,0.3,False,0.00114,1.608,,0.06,1783996195
All Pools,YEEHAW - Gladiator,0.3,False,0.00108,0.08536,,1.16,1783996195
All Pools,USDC - XPOW,0.3,False,0.00102,0.024,,3.86,1783996195
All Pools,GRAPE - USDC.e,0.3,False,0.00101,0.03917,,2.35,1783996195
All Pools,COQ - USDt,0.3,False,,0.04125,,2.04,1783996195
All Pools,AVME - AVAX,0.3,False,,0.00164,,45.55,1783996195
All Pools,CRAFT - AVAX,0.3,False,,288.69,,,1783996195
All Pools,ROCO - USDT.e,0.3,False,,0.10316,,0.68,1783996195
All Pools,PGX - AVAX,0.3,False,,10096.0,,,1783996195
All Pools,SYN - JOE,0.3,False,,0.01701,,3.24,1783996195
All Pools,FollowTheWhiteRabbit - BLACK,0.3,False,,0.12693,,0.41,1783996195
All Pools,SPORE - USDC,0.3,False,,1394.51,,,1783996195
All Pools,DONK - AVAX,0.3,False,,21.55,,,1783996195
All Pools,aAVAXb - AVAX,0.3,False,,0.25464,,0.02,1783996195
All Pools,EZE - AVAX,0.3,False,,0.04798,,0.03,1783996195
All Pools,MU - KET,0.3,False,,0.93767,,,1783996195
All Pools,FATE - USDC,0.3,False,,451017.0,,,1783996195
All Pools,MIM - JOE,0.3,False,,0.00212,,0.02,1783996195
All Pools,sAVAX - WETH.e,0.3,False,,0.00967,,0.0,1783996195
All Pools,AVAX - USDC,0.05,False,1117634.0,377918.0,597.87,57.74,1783999795
All Pools,sAVAX - AVAX,0.01,False,125790.0,47243.0,14.32,11.06,1783999795
All Pools,USDt - USDC,0.01,False,86806.0,163085.0,9.077,2.03,1783999795
All Pools,AUSD - USDC,0.01,False,83400.0,102191.0,8.157,2.91,1783999795
All Pools,USDt - USDC,0.005,False,75599.0,160361.0,5.789,1.32,1783999795
All Pools,BTC.b - USDC,0.05,False,71024.0,568629.0,37.27,2.39,1783999795
All Pools,AUSD - USDt,0.01,False,32935.0,59728.0,3.541,2.16,1783999795
All Pools,FOLKS - AVAX,0.25,False,27461.0,35964.0,70.76,71.81,1783999795
All Pools,AVAX - USDT.e,0.3,False,25572.0,464659.0,63.93,5.02,1783999795
All Pools,AVAX - USDC,0.3,False,22808.0,343108.0,57.02,6.07,1783999795
All Pools,USDC.e - AVAX,0.3,False,22039.0,361854.0,55.1,5.56,1783999795
All Pools,AAVE.e - AVAX,0.3,False,20429.0,258282.0,51.07,7.22,1783999795
All Pools,AVAX - USDt,0.2,False,16953.0,98480.0,34.29,12.71,1783999795
All Pools,gOHM - AVAX,0.3,False,16220.0,123939.0,40.55,11.94,1783999795
All Pools,USDC - XAVA,0.3,False,15106.0,488479.0,37.77,2.82,1783999795
All Pools,WETH.e - AVAX,0.3,False,14137.0,362717.0,35.34,3.56,1783999795
All Pools,AVAX - BTC.b,0.05,False,13884.0,26775.0,9.043,12.33,1783999795
All Pools,USDT.e - USDC,0.02,False,12923.0,50936.0,2.599,1.86,1783999795
All Pools,USDT.e - USDt,0.02,False,12511.0,44344.0,2.506,2.06,1783999795
All Pools,ARENA - AVAX,0.01,False,8687.44,98137.0,0.86861,0.32,1783999795
All Pools,XAVA - AVAX,0.8,False,6415.16,156271.0,51.68,12.07,1783999795
All Pools,COQ - AVAX,0.3,False,6350.16,392447.0,15.88,1.48,1783999795
All Pools,JOE - USDC.e,0.3,False,6221.67,255766.0,15.55,2.22,1783999795
All Pools,NXUSD - WXT,0.3,False,6013.69,474287.0,15.03,1.16,1783999795
All Pools,JOE - AVAX,0.3,False,5666.29,207586.0,14.17,2.49,1783999795
All Pools,WBTC.e - AVAX,0.3,False,4561.43,128973.0,11.4,3.23,1783999795
All Pools,MIM - AVAX,0.3,False,4071.45,182529.0,10.18,2.04,1783999795
All Pools,BTC.b - AVAX,0.3,False,3833.73,105463.0,9.584,3.32,1783999795
All Pools,QI - AVAX,0.3,False,3662.56,127012.0,9.156,2.63,1783999795
All Pools,GUN - AVAX,0.25,False,3255.24,9367.27,12.99,50.61,1783999795
All Pools,NOCHILL - AVAX,0.3,False,2996.78,51741.0,7.492,5.29,1783999795
All Pools,DAI.e - USDC,0.02,False,2863.51,29480.0,0.56559,0.7,1783999795
All Pools,USDt - AVAX,0.3,False,2549.7,38172.0,6.374,6.1,1783999795
All Pools,LCPEDU - USDt,0.8,False,2338.38,7178730.0,37.49,0.19,1783999795
All Pools,USDC.e - USDC,0.02,False,1992.17,3879.99,0.41118,3.87,1783999795
All Pools,BEAM - USDC,0.3,False,1987.76,65271.0,4.969,2.78,1783999795
All Pools,ORNG - AVAX,0.3,False,1864.79,16544.0,4.662,10.29,1783999795
All Pools,BEAM - AVAX,0.25,False,1861.87,14295.0,4.788,12.22,1783999795
All Pools,ZRO - AVAX,0.25,False,1789.39,1641.55,13.57,301.73,1783999795
All Pools,LINK.e - AVAX,0.3,False,1654.06,37994.0,4.135,3.97,1783999795
All Pools,QI - AVAX,0.25,False,1650.68,7752.05,4.156,19.57,1783999795
All Pools,HUNDRED - USDC,0.3,False,1446.36,494477.0,3.616,0.27,1783999795
All Pools,HERESY - AVAX,0.3,False,1441.16,14940.0,3.603,8.8,1783999795
All Pools,SolvBTC - BTC.b,0.04,False,1347.38,174174.0,0.55925,0.12,1783999795
All Pools,AVAX - DAI.e,0.3,False,1331.76,28240.0,3.329,4.3,1783999795
All Pools,SB - AVAX,0.3,False,1213.11,5952.39,3.033,18.6,1783999795
All Pools,USDC.e - USDC,0.02,False,1131.25,9697.35,0.142,0.53,1783999795
All Pools,JOE - USDT.e,0.3,False,1019.14,51296.0,2.548,1.81,1783999795
All Pools,GUN - AVAX,0.1,False,934.84,16739.0,2.628,5.73,1783999795
All Pools,WBTC - BTC.b,0.03,False,864.3,80358.0,0.26594,0.12,1783999795
All Pools,WBTC.e - BTC.b,0.03,False,667.84,223473.0,0.2246,0.04,1783999795
All Pools,JOE - USDC,0.3,False,642.44,23334.0,1.606,2.51,1783999795
All Pools,AVAX - DOMI,0.3,False,623.72,11452.0,1.559,4.97,1783999795
All Pools,USDT.e - USDC,0.02,False,609.29,895.05,0.06374,2.6,1783999795
All Pools,XSEED - AVAX,0.3,False,579.29,15584.0,1.448,3.39,1783999795
All Pools,SYN - AVAX,0.3,False,559.36,4904.68,1.398,10.41,1783999795
All Pools,JPYC - USDC,0.04,False,489.86,3196.88,0.21068,2.41,1783999795
All Pools,gOHM - FRAX,0.3,False,406.39,3419.03,1.016,10.85,1783999795
All Pools,AVAX - XAVA,0.3,False,405.03,12766.0,1.013,2.9,1783999795
All Pools,WETH.e - USDC.e,0.3,False,383.59,10728.0,0.95899,3.26,1783999795
All Pools,AVAX - RISE,0.3,False,383.4,42620.0,0.95851,0.82,1783999795
All Pools,EURC - USDC,0.03,False,338.6,10467.0,0.10063,0.35,1783999795
All Pools,MIM - SB,0.3,False,317.67,2233.55,0.79417,12.98,1783999795
All Pools,USDC.e - USDC,0.3,False,307.08,480065.0,0.76771,0.06,1783999795
All Pools,XSGD - USDC,0.05,False,301.77,430.91,0.05015,4.25,1783999795
All Pools,PRIME - AVAX,0.4,False,225.16,112885.0,2.233,0.72,1783999795
All Pools,USDt - ncash,0.3,False,206.87,1009.42,0.51718,18.7,1783999795
All Pools,OSAK - AVAX,0.3,False,200.53,3160.99,0.50133,5.79,1783999795
All Pools,DAI.e - USDC,0.02,False,195.33,2591.23,0.03836,0.54,1783999795
All Pools,AVAX - JUICE,0.3,False,186.63,9366.55,0.46658,1.82,1783999795
All Pools,GB - AVAX,0.3,False,185.64,1971.55,0.4641,8.59,1783999795
All Pools,GMX - AVAX,0.3,False,173.91,3767.24,0.43477,4.21,1783999795
All Pools,FITFI - USDT.e,0.3,False,151.83,152.42,0.37957,90.9,1783999795
All Pools,COQ - COQAI,0.3,False,148.08,18750.0,0.3702,0.72,1783999795
All Pools,w3ULL - AVAX,0.3,False,143.83,51116.0,0.35958,0.26,1783999795
All Pools,ALOT - AVAX,0.3,False,143.08,10106.0,0.35769,1.29,1783999795
All Pools,YAK - AVAX,0.3,False,142.07,3439.0,0.35518,3.77,1783999795
All Pools,XPOW - AVAX,0.8,False,135.19,237.25,1.238,190.4,1783999795
All Pools,AVAX - ALVA,0.3,False,126.67,773.56,0.31666,14.94,1783999795
All Pools,XETA - USDC,0.3,False,121.87,5648.99,0.30468,1.97,1783999795
All Pools,UST - AVAX,0.3,False,121.65,5837.17,0.30414,1.9,1783999795
All Pools,AI - AVAX,0.3,False,107.56,3103.29,0.2689,3.16,1783999795
All Pools,AVAX - UST,0.3,False,106.68,6714.15,0.26671,1.45,1783999795
All Pools,APIX - USDt,0.3,False,105.87,5827.85,0.26466,1.66,1783999795
All Pools,STG - USDC,0.3,False,102.08,1228.48,0.2552,7.58,1783999795
All Pools,STG - AVAX,0.3,False,86.67,1022.0,0.21668,7.74,1783999795
All Pools,USDC.e - USDC,0.02,False,83.46,1947.11,0.01673,0.31,1783999795
All Pools,APIX - ID,0.3,False,81.58,16895.0,0.20396,0.44,1783999795
All Pools,FLD - AVAX,0.3,False,76.28,34790.0,0.1907,0.2,1783999795
All Pools,USDt - USDC,0.02,False,70.36,2236.27,0.01412,0.23,1783999795
All Pools,HEFE - AVAX,0.3,False,69.45,26804.0,0.17363,0.24,1783999795
All Pools,XAVA - AVAX,0.8,False,68.86,453.42,0.5614,45.19,1783999795
All Pools,KLO - AVAX,0.3,False,63.89,11788.0,0.15972,0.49,1783999795
All Pools,EMIN - AVAX,0.3,False,62.23,2114.93,0.15556,2.68,1783999795
All Pools,WBTC.e - USDC,0.3,False,58.45,0.39333,0.14613,13560.22,1783999795
All Pools,APIX - USDC,0.3,False,54.35,2914.28,0.13587,1.7,1783999795
All Pools,XAUt0 - USDt,0.04,False,52.0,24746.0,0.16899,0.25,1783999795
All Pools,BLSEYE🎯 - AVAX,0.3,False,48.12,4381.57,0.1203,1.0,1783999795
All Pools,MIM - USDT.e,0.3,False,44.46,1517.13,0.11114,2.67,1783999795
All Pools,AVAX - AMI,0.3,False,39.83,348.83,0.09958,10.42,1783999795
All Pools,GUN - BLSEYE🎯,0.3,False,39.01,424.04,0.09752,8.39,1783999795
All Pools,ROY - AVAX,0.3,False,33.2,3926.36,0.08299,0.77,1783999795
All Pools,ABC - AVAX,0.3,False,33.09,485.33,0.08273,6.22,1783999795
All Pools,Balln - AVAX,0.3,False,32.34,3781.61,0.08085,0.78,1783999795
All Pools,ZRO - AVAX,0.3,False,31.9,133.88,0.07975,21.74,1783999795
All Pools,SHRAP - AVAX,0.8,False,31.14,8810.24,0.25035,1.04,1783999795
All Pools,GURS - AVAX,0.3,False,30.74,5420.98,0.07685,0.52,1783999795
All Pools,AVAX - TOPIA,0.3,False,30.08,1068.99,0.07521,2.57,1783999795
All Pools,SECOND - USDC,0.3,False,24.66,7003.88,0.06166,0.32,1783999795
All Pools,SECOND - AVAX,0.3,False,24.66,1443.6,0.06165,1.56,1783999795
All Pools,Psychic - AVAX,0.3,False,23.81,877.93,0.05952,2.47,1783999795
All Pools,BEAM - AVAX,0.3,False,23.64,373.47,0.0591,5.78,1783999795
All Pools,ISA - USDC.e,0.3,False,22.63,1432.17,0.05657,1.44,1783999795
All Pools,ISA - AVAX,0.3,False,22.19,16706.0,0.05549,0.12,1783999795
All Pools,MIM - USDC.e,0.3,False,21.86,772.47,0.05466,2.58,1783999795
All Pools,AVAX - GEC,0.3,False,21.11,26821.0,0.05277,0.07,1783999795
All Pools,GUN - AVAX,0.3,False,21.07,192.48,0.05267,9.99,1783999795
All Pools,RGOGLZ - USDC,0.3,False,20.98,1320.85,0.05246,1.45,1783999795
All Pools,PNG - AVAX,0.3,False,19.72,791.12,0.0493,2.27,1783999795
All Pools,YAK - USDC,0.25,False,19.46,22.17,0.06141,101.09,1783999795
All Pools,BNB - AVAX,0.3,False,19.33,2758.43,0.04832,0.64,1783999795
All Pools,LUNA - USDC.e,0.3,False,19.14,640.32,0.04786,2.73,1783999795
All Pools,BINI - AVAX,0.3,False,18.47,0.07712,0.04617,21850.84,1783999795
All Pools,BOI - AVAX,0.3,False,18.26,40.62,0.04564,41.01,1783999795
All Pools,AVAX - FRAX,0.3,False,17.78,668.85,0.04445,2.43,1783999795
All Pools,DCAU - USDT.e,0.3,False,17.18,5035.72,0.04295,0.31,1783999795
All Pools,AVAX - SOLNIC,0.3,False,17.18,3518.46,0.04295,0.45,1783999795
All Pools,KIMBO - AVAX,0.3,False,16.39,39383.0,0.04098,0.04,1783999795
All Pools,sAVAX - AVAX,0.3,False,16.29,169890.0,0.04073,0.01,1783999795
All Pools,3QF - D - AVAX,0.3,False,16.29,1290.52,0.04072,1.15,1783999795
All Pools,3QF - D - WETH.e,0.3,False,16.24,2367.99,0.0406,0.63,1783999795
All Pools,APIX - ARENA,0.3,False,15.88,1649.23,0.03971,0.88,1783999795
All Pools,DCAU - AVAX,0.3,False,15.88,1010.69,0.0397,1.43,1783999795
All Pools,WETH.e - USDC,0.15,False,15.79,8945.49,0.02385,0.1,1783999795
All Pools,Psychic - XAUt0,0.3,False,15.08,5765.28,0.0377,0.24,1783999795
All Pools,FITFI - AVAX,0.3,False,14.63,13.53,0.03657,98.68,1783999795
All Pools,HUSKY - AVAX,0.3,False,13.45,2037.42,0.03363,0.6,1783999795
All Pools,MIM - WETH.e,0.3,False,12.65,491.37,0.03162,2.35,1783999795
All Pools,AVAXAI - USDC,0.3,False,12.28,1516.86,0.03071,0.74,1783999795
All Pools,APIX - LAMBO,0.3,False,11.96,437.0,0.02991,2.5,1783999795
All Pools,REDWOLF - AVAX,0.25,False,11.87,182.42,0.03052,6.11,1783999795
All Pools,TECH - AVAX,0.3,False,11.69,9595.78,0.02923,0.11,1783999795
All Pools,sAVAX - JACK,0.3,False,11.61,273389.0,0.02903,0.0,1783999795
All Pools,YAK - USDC.e,0.3,False,10.81,220.39,0.02702,4.48,1783999795
All Pools,ABC - HOWDY,0.3,False,9.936,484.05,0.02484,1.87,1783999795
All Pools,HOWDY - USDC,0.3,False,9.217,2952.88,0.02304,0.28,1783999795
All Pools,MEAT - AVAX,0.3,False,9.141,3686.98,0.02285,0.23,1783999795
All Pools,HATCHY - AVAX,0.3,False,8.904,6542.62,0.02226,0.12,1783999795
All Pools,AVAX - ELK,0.3,False,8.6,1287.76,0.0215,0.61,1783999795
All Pools,WETH.e - REDWOLF,0.3,False,8.593,81.35,0.02148,9.64,1783999795
All Pools,EGG - AVAX,0.3,False,7.832,16368.0,0.01958,0.04,1783999795
All Pools,SHRAP - DOMI,0.3,False,7.491,170.34,0.01873,4.01,1783999795
All Pools,BLSEYE🎯 - ARENA,0.3,False,7.389,849.4,0.01847,0.79,1783999795
All Pools,BTC.b - TOPIA,0.3,False,7.249,444.64,0.01812,1.49,1783999795
All Pools,USDC.e - SOL,0.3,False,6.566,35.85,0.01642,16.71,1783999795
All Pools,TRESR - AVAX,0.3,False,6.478,7779.57,0.0162,0.08,1783999795
All Pools,AVAX - PEFI,0.3,False,6.43,3207.49,0.01607,0.18,1783999795
All Pools,REDWOLF - USDC,0.3,False,6.002,185.98,0.01501,2.94,1783999795
All Pools,avUSD - sAVAX,0.3,False,5.962,224.05,0.0149,2.43,1783999795
All Pools,USV - DAI.e,0.3,False,5.661,3947.34,0.01415,0.13,1783999795
All Pools,UST - USDC,0.3,False,5.596,430.41,0.01399,1.19,1783999795
All Pools,PTOP500 - TOPIA,0.3,False,5.467,107.6,0.01367,4.64,1783999795
All Pools,REDWOLF - AVAX,0.3,False,5.428,384.41,0.01357,1.29,1783999795
All Pools,AVAX - HON,0.3,False,5.189,49031.0,0.01297,0.01,1783999795
All Pools,REDWOLF - SOL,0.3,False,5.14,58.54,0.01285,8.01,1783999795
All Pools,AAVE.e - REDWOLF,0.3,False,4.899,150.24,0.01225,2.98,1783999795
All Pools,SWIFT - WETH.e,0.3,False,4.854,1262.61,0.01213,0.35,1783999795
All Pools,MUON - AVAX,0.3,False,4.563,40084.0,0.01141,0.01,1783999795
All Pools,LINK.e - USDT.e,0.3,False,4.51,217.48,0.01128,1.89,1783999795
All Pools,AVAX - FRAX,0.3,False,4.478,225.49,0.01119,1.81,1783999795
All Pools,gOHM - SB,0.3,False,4.421,16.65,0.01105,24.24,1783999795
All Pools,ORNG - FLUX,0.3,False,4.356,107.88,0.01089,3.68,1783999795
All Pools,USDC.e - MU,0.3,False,4.334,13186.0,0.01083,0.03,1783999795
All Pools,BLSEYE🎯 - MEOW,0.3,False,4.177,824.59,0.01044,0.46,1783999795
All Pools,MYST - AVAX,0.3,False,4.151,647.66,0.01038,0.58,1783999795
All Pools,LUNA - USDC.e,0.3,False,4.119,333.93,0.0103,1.13,1783999795
All Pools,FLOT - AVAX,0.3,False,4.106,2909.27,0.01026,0.13,1783999795
All Pools,SWIFT - AVAX,0.3,False,4.022,230.44,0.01006,1.59,1783999795
All Pools,XROSS - ORNG,0.3,False,4.007,232.31,0.01002,1.57,1783999795
All Pools,YOU - ORNG,0.3,False,3.938,1342.53,0.00985,0.27,1783999795
All Pools,MYST - USDC,0.3,False,3.877,218.05,0.00969,1.62,1783999795
All Pools,JOE - USDT,0.3,False,3.796,278.01,0.00949,1.25,1783999795
All Pools,AVAX - NaughtiusMaximus,0.3,False,3.77,329.91,0.00942,1.04,1783999795
All Pools,BLSEYE🎯 - BEAM,0.3,False,3.682,267.62,0.00921,1.26,1783999795
All Pools,AVAX - aXEN,0.3,False,3.668,166.28,0.00917,2.01,1783999795
All Pools,AVAX - AKITA,0.3,False,3.641,1745.74,0.0091,0.19,1783999795
All Pools,XAUt0 - NaughtiusMaximus,0.3,False,3.419,875.18,0.00855,0.36,1783999795
All Pools,DATCM - ORNG,0.3,False,3.416,230.9,0.00854,1.35,1783999795
All Pools,Now - AVAX,0.3,False,3.38,188.31,0.00845,1.64,1783999795
All Pools,AVAX - BGR,0.3,False,3.314,176.22,0.00828,1.72,1783999795
All Pools,FTOMB - AVAX,0.3,False,3.212,6664.04,0.00803,0.04,1783999795
All Pools,LINK.e - USDC.e,0.3,False,3.193,180.83,0.00798,1.61,1783999795
All Pools,AVAX - EROL,0.0,False,3.124,37.66,0.0,0.0,1783999795
All Pools,SWIFT - USDC.e,0.3,False,3.103,478.54,0.00776,0.59,1783999795
All Pools,oXAUT - AVAX,0.3,False,3.085,403.8,0.00771,0.7,1783999795
All Pools,BTC.b - oXAUT,0.3,False,3.083,307.67,0.00771,0.91,1783999795
All Pools,AVAX - SOCK,0.3,False,3.051,2373.35,0.00763,0.12,1783999795
All Pools,USDC - SOCK,0.3,False,3.038,415.08,0.0076,0.67,1783999795
All Pools,APOW - AVAX,0.3,False,2.865,616.11,0.00716,0.42,1783999795
All Pools,DPS - USDC,0.3,False,2.847,1811.71,0.00712,0.14,1783999795
All Pools,DPS - AVAX,0.3,False,2.847,181.64,0.00712,1.43,1783999795
All Pools,USDC.e - sSB,0.3,False,2.84,836.62,0.0071,0.31,1783999795
All Pools,ORNG - SAI,0.3,False,2.836,104.61,0.00709,2.47,1783999795
All Pools,YUSD - AVAX,0.3,False,2.462,116.01,0.00615,1.94,1783999795
All Pools,AVAX - ChristMark,0.3,False,2.449,266.1,0.00612,0.84,1783999795
All Pools,USDT.e - ONION,0.3,False,2.421,738.27,0.00605,0.3,1783999795
All Pools,AVAX - ONION,0.3,False,2.396,146.8,0.00599,1.49,1783999795
All Pools,WETH - USDC.e,0.3,False,2.395,200.31,0.00599,1.09,1783999795
All Pools,UST - USDC.e,0.3,False,2.39,674.8,0.00598,0.32,1783999795
All Pools,Psychic - BLACK,0.3,False,2.379,258.85,0.00595,0.84,1783999795
All Pools,TOPIA - PTOP600,0.3,False,2.363,120.39,0.00591,1.79,1783999795
All Pools,AVAX - IMPACT2,0.3,False,2.216,137.1,0.00554,1.48,1783999795
All Pools,Now - BLACK,0.3,False,2.215,234.23,0.00554,0.86,1783999795
All Pools,ORNG - MOOM,0.3,False,2.208,184.16,0.00552,1.09,1783999795
All Pools,LIQR - AVAX,0.3,False,2.082,36265.0,0.0052,0.01,1783999795
All Pools,MAGICK - USDC,0.3,False,2.061,226.13,0.00515,0.83,1783999795
All Pools,MAGICK - AVAX,0.3,False,2.061,279.61,0.00515,0.67,1783999795
All Pools,USDC.e - AVVO,0.3,False,2.051,224.35,0.00513,0.83,1783999795
All Pools,BNZ - AVAX,0.3,False,2.05,147.34,0.00513,1.27,1783999795
All Pools,AVAX - CLY,0.3,False,1.994,21639.0,0.00499,0.01,1783999795
All Pools,WETH.e - ONION,0.3,False,1.992,228.63,0.00498,0.8,1783999795
All Pools,AVAX - USDT,0.3,False,1.989,1701.53,0.00497,0.11,1783999795
All Pools,USDt - USDT.e,0.3,False,1.977,20353.0,0.00494,0.01,1783999795
All Pools,XAUt0 - ChristMark,0.3,False,1.976,576.67,0.00494,0.31,1783999795
All Pools,YEEHAW - BTC.b,0.3,False,1.971,50.13,0.00493,3.59,1783999795
All Pools,USDT.e - CLY,0.3,False,1.959,179.34,0.0049,1.0,1783999795
All Pools,VPND - AVAX,0.3,False,1.936,17776.0,0.00484,0.01,1783999795
All Pools,HOST - DAI.e,0.3,False,1.92,2489.19,0.0048,0.07,1783999795
All Pools,BTC.b - IMPACT2,0.3,False,1.904,1268.98,0.00476,0.14,1783999795
All Pools,XAUt0 - Now,0.3,False,1.885,560.4,0.00471,0.31,1783999795
All Pools,Gladiator - ARENA,0.3,False,1.766,336.17,0.00442,0.48,1783999795
All Pools,HUSKY - JOE,0.3,False,1.669,91.47,0.00417,1.66,1783999795
All Pools,BANKSY - USDT.e,0.3,False,1.653,1510.01,0.00413,0.1,1783999795
All Pools,BANKSY - AVAX,0.3,False,1.651,141.41,0.00413,1.07,1783999795
All Pools,Gladiator - USDC,0.3,False,1.643,269.07,0.00411,0.56,1783999795
All Pools,WETH.e - USDT.e,0.3,False,1.637,145.86,0.00409,1.02,1783999795
All Pools,AVAX - TIME,0.3,False,1.625,559.97,0.00406,0.26,1783999795
All Pools,LF - AVAX,0.3,False,1.613,281.99,0.00403,0.52,1783999795
All Pools,PNG - JOE,0.3,False,1.608,114.85,0.00402,1.28,1783999795
All Pools,ORNG - JUCI,0.3,False,1.607,240.16,0.00402,0.61,1783999795
All Pools,USDC - MXNB,0.3,False,1.603,17.37,0.00401,8.42,1783999795
All Pools,AVAX - SPELL,0.3,False,1.601,1927.2,0.004,0.08,1783999795
All Pools,MIM - LF,0.3,False,1.589,398.25,0.00397,0.36,1783999795
All Pools,Gravity - AVAX,0.3,False,1.523,236.97,0.00381,0.59,1783999795
All Pools,APOW - USDC,0.3,False,1.506,115.12,0.00376,1.19,1783999795
All Pools,KRW - AVAX,0.3,False,1.499,308.54,0.00375,0.44,1783999795
All Pools,JOE - KRW,0.3,False,1.497,144.4,0.00374,0.95,1783999795
All Pools,XAUt0 - Gravity,0.3,False,1.474,311.86,0.00369,0.43,1783999795
All Pools,gOHM - wsOHM,0.3,False,1.471,17.32,0.00368,7.75,1783999795
All Pools,MIM - wsOHM,0.3,False,1.464,180.28,0.00366,0.74,1783999795
All Pools,FXS - AVAX,0.3,False,1.424,285.65,0.00356,0.45,1783999795
All Pools,DREGG - AVAX,0.3,False,1.376,144.53,0.00344,0.87,1783999795
All Pools,DREGG - USDT.e,0.3,False,1.376,509.97,0.00344,0.25,1783999795
All Pools,APOW - USDt,0.3,False,1.36,114.68,0.0034,1.08,1783999795
All Pools,SMRTr - USDC.e,0.3,False,1.322,104.78,0.00331,1.15,1783999795
All Pools,SMRTr - AVAX,0.3,False,1.322,25672.0,0.00331,0.0,1783999795
All Pools,AVAX - AVVO,0.3,False,1.265,227.95,0.00316,0.51,1783999795
All Pools,WOO.e - AVAX,0.3,False,1.226,65.38,0.00306,1.71,1783999795
All Pools,KIWI - USDC,0.3,False,1.187,299.21,0.00297,0.36,1783999795
All Pools,KIWI - AVAX,0.3,False,1.187,93.98,0.00297,1.15,1783999795
All Pools,BLUB - AVAX,0.3,False,1.18,11605.0,0.00295,0.01,1783999795
All Pools,BEAR - AVAX,0.3,False,1.176,5029.94,0.00294,0.02,1783999795
All Pools,USDC - SDOG,0.3,False,1.17,365.4,0.00292,0.29,1783999795
All Pools,STEAK - AVAX,0.3,False,1.157,9697.65,0.00289,0.01,1783999795
All Pools,YEEHAW - TOPIA,0.3,False,1.145,112.24,0.00286,0.93,1783999795
All Pools,GB - USDT.e,0.3,False,1.14,22.17,0.00285,4.69,1783999795
All Pools,DCAU - MIM,0.3,False,1.139,113.98,0.00285,0.91,1783999795
All Pools,MIM - SDOG,0.3,False,1.128,91.8,0.00282,1.12,1783999795
All Pools,DCAU - USDC,0.3,False,1.12,144.24,0.0028,0.71,1783999795
All Pools,BTC.b - REDWOLF,0.3,False,1.112,96.93,0.00278,1.05,1783999795
All Pools,AVAX - mYAK,0.3,False,1.074,49.53,0.00269,1.98,1783999795
All Pools,AVAX - MU,0.3,False,1.07,73.71,0.00268,1.32,1783999795
All Pools,PTOP700 - TOPIA,0.3,False,1.069,103.73,0.00267,0.94,1783999795
All Pools,LUNA - AVAX,0.3,False,1.068,123.06,0.00267,0.79,1783999795
All Pools,Trinity - AVAX,0.3,False,1.063,735.53,0.00266,0.13,1783999795
All Pools,MIM - USDC,0.3,False,1.059,29.81,0.00265,3.24,1783999795
All Pools,WBTC.e - ONION,0.3,False,1.048,347.91,0.00262,0.27,1783999795
All Pools,WOLF - AVAX,0.3,False,1.036,27220.0,0.00259,0.0,1783999795
All Pools,Trinity - Psychic,0.3,False,1.033,406.06,0.00258,0.23,1783999795
All Pools,DAI.e - ONION,0.3,False,1.026,330.33,0.00257,0.28,1783999795
All Pools,MaryMagdalene - AVAX,0.3,False,1.013,173.05,0.00253,0.53,1783999795
All Pools,AVAX - SMRT,0.3,False,1.004,1616.63,0.00251,0.06,1783999795
All Pools,USDT.e - SMRT,0.3,False,0.99039,87.69,0.00248,1.03,1783999795
All Pools,MIM - MU,0.3,False,0.98234,95.89,0.00246,0.93,1783999795
All Pools,MaryMagdalene - XAUt0,0.3,False,0.97646,1664.31,0.00244,0.05,1783999795
All Pools,LINDA - AVAX,0.3,False,0.94452,1578.32,0.00236,0.05,1783999795
All Pools,AVAX - ARENA,0.3,False,0.9362,57.02,0.00234,1.5,1783999795
All Pools,USDC.e - ONION,0.3,False,0.88786,369.02,0.00222,0.22,1783999795
All Pools,GB - MUG,0.3,False,0.87807,17.42,0.0022,4.6,1783999795
All Pools,HOST - AVAX,0.3,False,0.83172,87.9,0.00208,0.86,1783999795
All Pools,ZUBAX - USDT.e,0.3,False,0.78631,170.76,0.00197,0.42,1783999795
All Pools,TSD - AVAX,0.3,False,0.76623,177.19,0.00192,0.39,1783999795
All Pools,RPEPE - AVAX,0.3,False,0.75161,3688.65,0.00188,0.02,1783999795
All Pools,BUSD - AVAX,0.3,False,0.74757,335.28,0.00187,0.2,1783999795
All Pools,SYMBIOT - AVAX,0.3,False,0.74256,74.37,0.00186,0.91,1783999795
All Pools,DZHV - AVAX,0.3,False,0.73006,10249.0,0.00183,0.01,1783999795
All Pools,AVAX - EROL,0.3,False,0.72827,20.18,0.00182,3.29,1783999795
All Pools,WBTC.e - USDT.e,0.3,False,0.72556,153.88,0.00181,0.43,1783999795
All Pools,AVAX - ZUBAX,0.3,False,0.71611,90.94,0.00179,0.72,1783999795
All Pools,GENI - AVAX,0.3,False,0.71539,49.94,0.00179,1.31,1783999795
All Pools,GENI - USDC,0.3,False,0.71527,1183.17,0.00179,0.06,1783999795
All Pools,SYMBIOT - DAI.e,0.3,False,0.69489,441.72,0.00174,0.14,1783999795
All Pools,sAVAX - COQ,0.3,False,0.67675,60.45,0.00169,1.02,1783999795
All Pools,LINK.e - REDWOLF,0.3,False,0.66939,68.69,0.00167,0.89,1783999795
All Pools,BRO - AVAX,0.3,False,0.66238,99435.0,0.00166,,1783999795
All Pools,BRO - COQ,0.3,False,0.65973,134.04,0.00165,0.45,1783999795
All Pools,AVAX - rsAVAX,0.3,False,0.65862,161.42,0.00165,0.37,1783999795
All Pools,ZRO - USDC,0.3,False,0.65795,4.505,0.00164,13.33,1783999795
All Pools,USDt - IMPACT2,0.3,False,0.65432,68.95,0.00164,0.87,1783999795
All Pools,MIM - PEFI,0.3,False,0.64973,66.88,0.00162,0.89,1783999795
All Pools,MAXI - DAI.e,0.3,False,0.64958,221.92,0.00162,0.27,1783999795
All Pools,KALM - AVAX,0.3,False,0.64493,96.76,0.00161,0.61,1783999795
All Pools,KALM - USDC,0.3,False,0.64484,77.29,0.00161,0.76,1783999795
All Pools,USDC.e - WXT,0.3,False,0.62546,194.12,0.00156,0.29,1783999795
All Pools,AVAX - MUG,0.3,False,0.61146,247.65,0.00153,0.23,1783999795
All Pools,WBTC - AVAX,0.3,False,0.59514,30.28,0.00149,1.79,1783999795
All Pools,50 - AVAX,0.3,False,0.59261,59.63,0.00148,0.91,1783999795
All Pools,50 - USDC,0.3,False,0.59249,112.18,0.00148,0.48,1783999795
All Pools,COQ - BLSEYE🎯,0.3,False,0.56722,141.93,0.00142,0.36,1783999795
All Pools,CommieSukey - AVAX,0.3,False,0.55452,211.45,0.00139,0.24,1783999795
All Pools,Psychic - CommieSukey,0.3,False,0.55307,244.02,0.00138,0.21,1783999795
All Pools,COQ - OSAK,0.3,False,0.54886,17.15,0.00137,2.92,1783999795
All Pools,Meaning - AVAX,0.3,False,0.54598,329.43,0.00136,0.15,1783999795
All Pools,Psychic - Meaning,0.3,False,0.54494,238.81,0.00136,0.21,1783999795
All Pools,JOE - EXP,0.3,False,0.53483,10313459.0,0.00134,,1783999795
All Pools,DFIAT - AVAX,0.3,False,0.51801,5944.09,0.0013,0.01,1783999795
All Pools,NOCHILL - OX,0.3,False,0.50997,13296.0,0.00127,0.0,1783999795
All Pools,STG - L - Swing,0.3,False,0.49938,16.19,0.00125,2.82,1783999795
All Pools,STATIK - AVAX,0.3,False,0.49608,30.92,0.00124,1.46,1783999795
All Pools,YEEHAW - CHAMP,0.3,False,0.49376,923.84,0.00123,0.05,1783999795
All Pools,AVAX - Wej,0.3,False,0.47544,211.52,0.00119,0.21,1783999795
All Pools,Psychic - Wej,0.3,False,0.47397,244.08,0.00118,0.18,1783999795
All Pools,sifu - DAI.e,0.3,False,0.46831,3.873,0.00117,11.03,1783999795
All Pools,DogL - AVAX,0.3,False,0.45883,212.3,0.00115,0.2,1783999795
All Pools,Psychic - DogL,0.3,False,0.45752,244.15,0.00114,0.17,1783999795
All Pools,Anon - AVAX,0.3,False,0.45693,7.74,0.00114,5.39,1783999795
All Pools,JEWEL - USDC,0.3,False,0.45617,3840.9,0.00114,0.01,1783999795
All Pools,L - Swing - aXEN,0.3,False,0.45232,51.69,0.00113,0.8,1783999795
All Pools,USDC - GAU,0.3,False,0.4499,836.31,0.00112,0.05,1783999795
All Pools,MerryXmas - AVAX,0.3,False,0.44903,194.56,0.00112,0.21,1783999795
All Pools,Psychic - MerryXmas,0.3,False,0.44772,224.55,0.00112,0.18,1783999795
All Pools,MIM - WINE,0.3,False,0.44687,172.65,0.00112,0.24,1783999795
All Pools,AVAX - BlackAndGold,0.3,False,0.44628,212.3,0.00112,0.19,1783999795
All Pools,Psychic - BlackAndGold,0.3,False,0.44498,244.13,0.00111,0.17,1783999795
All Pools,AVAX - RedFolder,0.3,False,0.44206,211.44,0.00111,0.19,1783999795
All Pools,Psychic - RedFolder,0.3,False,0.44064,244.2,0.0011,0.16,1783999795
All Pools,COQ - OX,0.3,False,0.43979,13967.0,0.0011,0.0,1783999795
All Pools,MIM - GRAPE,0.3,False,0.43814,119.21,0.0011,0.34,1783999795
All Pools,AVAX - All,0.3,False,0.43684,212.5,0.00109,0.19,1783999795
All Pools,MM - USDC,0.3,False,0.43683,49.78,0.00109,0.8,1783999795
All Pools,MM - AVAX,0.3,False,0.43677,66.63,0.00109,0.6,1783999795
All Pools,Psychic - All,0.3,False,0.43546,244.2,0.00109,0.16,1783999795
All Pools,HUSKY - AMI,0.3,False,0.43164,42.71,0.00108,0.92,1783999795
All Pools,SYN - REDWOLF,0.3,False,0.43143,4.979,0.00108,7.91,1783999795
All Pools,sifu - USDT.e,0.3,False,0.42542,10.22,0.00106,3.8,1783999795
All Pools,LUNA - AVAX,0.3,False,0.41762,13.67,0.00104,2.79,1783999795
All Pools,ArniStitch - AVAX,0.3,False,0.41642,211.03,0.00104,0.18,1783999795
All Pools,Psychic - ArniStitch,0.3,False,0.41525,244.27,0.00104,0.16,1783999795
All Pools,MEOW - AVAX,0.3,False,0.4141,7578.12,0.00104,0.0,1783999795
All Pools,Ducks - AVAX,0.3,False,0.40807,211.08,0.00102,0.18,1783999795
All Pools,Psychic - Ducks,0.3,False,0.40673,244.34,0.00102,0.15,1783999795
All Pools,GUN - AMI,0.3,False,0.40441,8.59,0.00101,4.3,1783999795
All Pools,Serpentarius - AVAX,0.3,False,0.4035,214.9,0.00101,0.17,1783999795
All Pools,Psychic - Serpentarius,0.3,False,0.40221,247.82,0.00101,0.15,1783999795
All Pools,AMI - TOPIA,0.3,False,0.39485,151.49,,0.24,1783999795
All Pools,BLS - USDt,0.3,False,0.38798,127.68,,0.28,1783999795
All Pools,USDC - SHRAP,0.3,False,0.38729,22.05,,1.6,1783999795
All Pools,meGNX - AVAX,0.3,False,0.37511,12.89,,2.66,1783999795
All Pools,CQK - USDC,0.3,False,0.3689,30.86,,1.09,1783999795
All Pools,CQK - AVAX,0.3,False,0.36882,96.59,,0.35,1783999795
All Pools,AVAX - Prometheus,0.3,False,0.36657,206.04,,0.16,1783999795
All Pools,Psychic - Prometheus,0.3,False,0.36543,237.46,,0.14,1783999795
All Pools,AVAX - Seventeen,0.3,False,0.35397,206.71,,0.16,1783999795
All Pools,NaughtiusMaximus - Seventeen,0.3,False,0.35304,679.52,,0.05,1783999795
All Pools,AVAX - KONG,0.3,False,0.35113,5463.87,,0.01,1783999795
All Pools,Hopi - Now,0.3,False,0.34963,512.91,,0.06,1783999795
All Pools,Hopi - AVAX,0.3,False,0.34958,155.55,,0.21,1783999795
All Pools,Jjj - AVAX,0.3,False,0.34687,211.09,,0.15,1783999795
All Pools,Psychic - Jjj,0.3,False,0.34578,244.16,,0.13,1783999795
All Pools,USDT.e - MU,0.3,False,0.34,250.22,,0.12,1783999795
All Pools,HOWDY - ARENA,0.3,False,0.33154,37.73,,0.8,1783999795
All Pools,MU - DAI.e,0.3,False,0.33065,235.84,,0.13,1783999795
All Pools,WETH.e - yyAVAX,0.3,False,0.32964,14.13,,2.13,1783999795
All Pools,Xmas - AVAX,0.3,False,0.32638,198.28,,0.15,1783999795
All Pools,Psychic - Xmas,0.3,False,0.32544,228.97,,0.13,1783999795
All Pools,AftermathsKobe - AVAX,0.3,False,0.32428,212.46,,0.14,1783999795
All Pools,Psychic - AftermathsKobe,0.3,False,0.32347,245.91,,0.12,1783999795
All Pools,COQ - JUICE,0.3,False,0.32308,25.96,,1.14,1783999795
All Pools,DFIAT - USDT.e,0.3,False,0.32213,26.57,,1.11,1783999795
All Pools,gOHM - JOE,0.3,False,0.31528,3.132,,9.19,1783999795
All Pools,MIM - DAI.e,0.3,False,0.31157,19.63,,1.45,1783999795
All Pools,AVAX - SNOB,0.3,False,0.31082,746.68,,0.04,1783999795
All Pools,RUX - AVAX,0.3,False,0.31066,25.34,,1.12,1783999795
All Pools,USDt - RUX,0.3,False,0.31041,15946.0,,0.0,1783999795
All Pools,BOI - MU,0.3,False,0.30512,0.74803,,37.22,1783999795
All Pools,GLOBA - AVAX,0.3,False,0.30177,39.54,,0.7,1783999795
All Pools,LAMA - AVAX,0.3,False,0.29858,8274.5,,0.0,1783999795
All Pools,Christmas - AVAX,0.3,False,0.29776,179.31,,0.15,1783999795
All Pools,SLUSH - AVAX,0.3,False,0.29462,45.14,,0.6,1783999795
All Pools,SLUSH - USDT.e,0.3,False,0.2945,54.95,,0.49,1783999795
All Pools,$Crazy - AVAX,0.3,False,0.29379,738.42,,0.04,1783999795
All Pools,COQ - NOCHILL,0.3,False,0.2929,8.046,,3.32,1783999795
All Pools,USDC - aXEN,0.3,False,0.29032,9.032,,2.93,1783999795
All Pools,AVAX - DUO,0.3,False,0.28936,52.25,,0.51,1783999795
All Pools,USDT.e - DUO,0.3,False,0.28923,50.38,,0.52,1783999795
All Pools,USDC - USD+,0.3,False,0.2873,28.15,,0.93,1783999795
All Pools,AVAX - Sinterklaas,0.3,False,0.28701,100.23,,0.26,1783999795
All Pools,Psychic - Sinterklaas,0.3,False,0.28651,240.34,,0.11,1783999795
All Pools,AVAX - KET,0.3,False,0.28258,22.75,,1.13,1783999795
All Pools,CHAMP - AMI,0.3,False,0.28229,25.38,,1.01,1783999795
All Pools,GLOBA - DAI.e,0.3,False,0.28223,47.09,,0.55,1783999795
All Pools,SOL - USDC,0.3,False,0.28051,20.65,,1.24,1783999795
All Pools,APOW - AVAX,0.3,False,0.27481,1305.31,,0.02,1783999795
All Pools,DiamondbackGall - AVAX,0.3,False,0.27072,212.86,,0.12,1783999795
All Pools,Psychic - DiamondbackGall,0.3,False,0.26969,244.78,,0.1,1783999795
All Pools,NeatestQuackery - AVAX,0.3,False,0.2689,210.95,,0.12,1783999795
All Pools,Psychic - NeatestQuackery,0.3,False,0.26818,244.49,,0.1,1783999795
All Pools,USDC.e - WISE,0.3,False,0.25582,40.97,,0.57,1783999795
All Pools,AVAX - WISE,0.3,False,0.25565,58.89,,0.4,1783999795
All Pools,WBTC.e - REDWOLF,0.3,False,0.25006,48.02,,0.48,1783999795
All Pools,agEUR - USDC,0.3,False,0.24441,59.79,,0.37,1783999795
All Pools,aAvaWAVAX - meGNX,0.3,False,0.24349,2.956,,7.52,1783999795
All Pools,AVAX - TheGospelOfMary,0.3,False,0.24151,116.49,,0.19,1783999795
All Pools,MaryMagdalene - TheGospelOfMary,0.3,False,0.24129,215.75,,0.1,1783999795
All Pools,Silver - AVAX,0.3,False,0.23789,62.37,,0.35,1783999795
All Pools,Silver - Now,0.3,False,0.23685,643.48,,0.03,1783999795
All Pools,WETH.e - SURE,0.3,False,0.23653,825.91,,0.03,1783999795
All Pools,AVAX - CHAM,0.3,False,0.23316,25.48,,0.84,1783999795
All Pools,USDC - CHAM,0.3,False,0.23306,46.22,,0.46,1783999795
All Pools,SYN - USDC.e,0.3,False,0.22929,2.549,,8.21,1783999795
All Pools,GATOR - ARENA,0.3,False,0.22805,1.501,,13.86,1783999795
All Pools,AVAX - MeaningOfNumbers,0.3,False,0.22442,211.48,,0.1,1783999795
All Pools,TRYB - USDC.e,0.3,False,0.22403,31.77,,0.64,1783999795
All Pools,Psychic - MeaningOfNumbers,0.3,False,0.22365,244.87,,0.08,1783999795
All Pools,HOWDY - USDt,0.3,False,0.2217,173.26,,0.12,1783999795
All Pools,NOCHILL - KET,0.3,False,0.22036,8.163,,2.46,1783999795
All Pools,UNI.e - REDWOLF,0.3,False,0.2159,11.04,,1.78,1783999795
All Pools,USDC - yyAVAX,0.3,False,0.21471,12.0,,1.63,1783999795
All Pools,wsOHM - USDC.e,0.3,False,0.2125,18.24,,1.06,1783999795
All Pools,AVVO - DAI.e,0.3,False,0.21231,34.6,,0.56,1783999795
All Pools,CHAMP - ARENA,0.3,False,0.21211,13.09,,1.48,1783999795
All Pools,VEE - USDC,0.3,False,0.21173,31.19,,0.62,1783999795
All Pools,TEDDY - AVAX,0.3,False,0.20961,20.54,,0.93,1783999795
All Pools,IMPACT2 - EURC,0.3,False,0.20487,41.11,,0.45,1783999795
All Pools,USDT.e - EXP,0.3,False,0.20263,45046107.0,,,1783999795
All Pools,AVAX - ZABU,0.3,False,0.2018,23.13,,0.8,1783999795
All Pools,Christmas - ChristMark,0.3,False,0.19926,111.82,,0.16,1783999795
All Pools,WETH.e - USDC,0.3,False,0.19507,19.93,,0.89,1783999795
All Pools,bCASH - NOCHILL,0.3,False,0.19361,12.26,,1.44,1783999795
All Pools,wsOHM - AVAX,0.3,False,0.19256,8.017,,2.19,1783999795
All Pools,USDC.e - DAI.e,0.3,False,0.19209,22106.0,,,1783999795
All Pools,BOI - AMI,0.3,False,0.18505,0.48334,,34.94,1783999795
All Pools,MELT - AVAX,0.3,False,0.18431,19.78,,0.85,1783999795
All Pools,AVAI - AVAX,0.3,False,0.18072,19.6,,0.84,1783999795
All Pools,YEEHAW - AVAX,0.3,False,0.17828,11.88,,1.37,1783999795
All Pools,USDT.e - ZABU,0.3,False,0.1769,43.95,,0.37,1783999795
All Pools,Light - AVAX,0.3,False,0.1727,63.42,,0.25,1783999795
All Pools,Light - Now,0.3,False,0.17218,642.72,,0.02,1783999795
All Pools,BrideOfChrist - BLACK,0.3,False,0.17204,17.7,,0.89,1783999795
All Pools,UNIQOC - AVAX,0.3,False,0.17102,810.01,,0.02,1783999795
All Pools,APOW - USDt,0.3,False,0.17058,21.17,,0.74,1783999795
All Pools,UNIQOC - COQ,0.3,False,0.17017,35.22,,0.44,1783999795
All Pools,USDC - BVAX,0.3,False,0.17011,26.11,,0.59,1783999795
All Pools,AVAX - MILO,0.3,False,0.16958,783.67,,0.02,1783999795
All Pools,USDt - MILO,0.3,False,0.16943,13.96,,1.11,1783999795
All Pools,AVAX - ELK,0.3,False,0.16922,48.08,,0.32,1783999795
All Pools,TECH - OX,0.3,False,0.16895,5914.9,,0.0,1783999795
All Pools,XPOW - AVAX,0.3,False,0.16354,1304.54,,0.01,1783999795
All Pools,USDt - XPOW,0.3,False,0.16313,20.51,,0.73,1783999795
All Pools,MaryMagdalene - ChristMark,0.3,False,0.16051,301.79,,0.05,1783999795
All Pools,SPC - DAI.e,0.3,False,0.15703,19.32,,0.74,1783999795
All Pools,BANKSY - AVAX,0.3,False,0.15383,18.15,,0.77,1783999795
All Pools,BANKSY - USDC.e,0.3,False,0.15377,28.95,,0.48,1783999795
All Pools,METAG - AVAX,0.3,False,0.14974,19.46,,0.7,1783999795
All Pools,Solar - AVAX,0.3,False,0.14883,63.48,,0.21,1783999795
All Pools,Solar - Now,0.3,False,0.14875,643.25,,0.02,1783999795
All Pools,AVAX - Propriety,0.3,False,0.14842,63.27,,0.21,1783999795
All Pools,Now - Propriety,0.3,False,0.14819,642.61,,0.02,1783999795
All Pools,ALOT - USDC.e,0.3,False,0.14615,7.441,,1.79,1783999795
All Pools,AVAT - USDC,0.3,False,0.14424,37.36,,0.35,1783999795
All Pools,Vaccine - AVAX,0.3,False,0.14417,62.32,,0.21,1783999795
All Pools,Vaccine - Now,0.3,False,0.14404,636.49,,0.02,1783999795
All Pools,FLAKE - USDT.e,0.3,False,0.14375,48.03,,0.27,1783999795
All Pools,FLAKE - AVAX,0.3,False,0.14374,16.96,,0.77,1783999795
All Pools,AVAX - Mentor,0.3,False,0.14212,63.28,,0.2,1783999795
All Pools,AVAX - BENJI,0.3,False,0.14182,4.734,,2.73,1783999795
All Pools,Now - Mentor,0.3,False,0.14155,641.67,,0.02,1783999795
All Pools,SYN - WETH.e,0.3,False,0.14065,1.231,,10.43,1783999795
All Pools,UST - USDT.e,0.3,False,0.1395,38.33,,0.33,1783999795
All Pools,USDt - REDWOLF,0.3,False,0.13881,13.66,,0.93,1783999795
All Pools,MELT - USDC.e,0.3,False,0.13459,29.46,,0.42,1783999795
All Pools,WTHT - SNOB,0.3,False,0.1327,1.252,,9.67,1783999795
All Pools,NOCHILL - AMI,0.3,False,0.13194,3.139,,3.83,1783999795
All Pools,miMatic - AVAX,0.3,False,0.13002,31.93,,0.37,1783999795
All Pools,miMatic - USDC.e,0.3,False,0.12995,24.05,,0.49,1783999795
All Pools,MIM - TIME,0.3,False,0.12891,25.94,,0.45,1783999795
All Pools,TOMB - USDC,0.3,False,0.12804,9.937,,1.18,1783999795
All Pools,Matter - AVAX,0.3,False,0.12747,56.65,,0.21,1783999795
All Pools,Matter - Now,0.3,False,0.1271,580.53,,0.02,1783999795
All Pools,JOE - ZABU,0.3,False,0.1243,12.72,,0.89,1783999795
All Pools,Now - Blessing,0.3,False,0.12366,568.09,,0.02,1783999795
All Pools,AVAX - Blessing,0.3,False,0.12365,56.36,,0.2,1783999795
All Pools,MIM - VOLT,0.3,False,0.12178,14.38,,0.77,1783999795
All Pools,TickTock - AVAX,0.3,False,0.12063,63.53,,0.17,1783999795
All Pools,TickTock - Now,0.3,False,0.12053,643.93,,0.02,1783999795
All Pools,SYN - USDT.e,0.3,False,0.11946,1.358,,8.03,1783999795
All Pools,AVAX - STRAW,0.3,False,0.11904,14.14,,0.77,1783999795
All Pools,BrideOfChrist - AVAX,0.3,False,0.11821,63.41,,0.17,1783999795
All Pools,AVAT - AVAX,0.3,False,0.11685,16.6,,0.64,1783999795
All Pools,Gil - AVAX,0.3,False,0.11629,13.49,,0.79,1783999795
All Pools,SURE - USDC.e,0.3,False,0.11498,20.48,,0.51,1783999795
All Pools,Sanskrit - AVAX,0.3,False,0.11383,63.35,,0.16,1783999795
All Pools,Sanskrit - Now,0.3,False,0.11347,642.15,,0.02,1783999795
All Pools,Necromancer - AVAX,0.3,False,0.11181,63.4,,0.16,1783999795
All Pools,Now - Necromancer,0.3,False,0.11156,642.64,,0.02,1783999795
All Pools,DAI.e - STRAW,0.3,False,0.11135,35.77,,0.28,1783999795
All Pools,AVAX - SantaGospel,0.3,False,0.11028,96.14,,0.1,1783999795
All Pools,Slope - AVAX,0.3,False,0.10891,63.42,,0.16,1783999795
All Pools,Gold - AVAX,0.3,False,0.10884,63.54,,0.16,1783999795
All Pools,Gil - DAI.e,0.3,False,0.10878,26.12,,0.38,1783999795
All Pools,Slope - Now,0.3,False,0.10864,641.37,,0.02,1783999795
All Pools,Gold - Now,0.3,False,0.10848,643.85,,0.02,1783999795
All Pools,AVAX - √Root,0.3,False,0.10826,63.51,,0.16,1783999795
All Pools,Now - √Root,0.3,False,0.1076,643.57,,0.02,1783999795
All Pools,Uncontractable - AVAX,0.3,False,0.10754,62.38,,0.16,1783999795
All Pools,Uncontractable - Now,0.3,False,0.10718,628.88,,0.02,1783999795
All Pools,DAI.e - VOLT,0.3,False,0.10714,40.58,,0.24,1783999795
All Pools,SUB - USDC,0.3,False,0.10692,11.32,,0.86,1783999795
All Pools,JOE - CRA,0.3,False,0.1058,7.046,,1.37,1783999795
All Pools,APOW - USDC,0.3,False,0.10357,21.19,,0.45,1783999795
All Pools,YAK - SPORE,0.3,False,0.10307,5.232,,1.8,1783999795
All Pools,Blue - AVAX,0.3,False,0.10241,188.37,,0.05,1783999795
All Pools,Psychic - Blue,0.3,False,0.10198,62.06,,0.15,1783999795
All Pools,METAG - USDT.e,0.3,False,0.10016,46.93,,0.19,1783999795
All Pools,Christmas - Merovingian,0.3,False,0.09786,85.67,,0.1,1783999795
All Pools,Now - Merovingian,0.3,False,0.09711,49.58,,0.18,1783999795
All Pools,YEEHAW - USDC,0.3,False,0.09705,5.606,,1.58,1783999795
All Pools,AVAX - DOGGY,0.3,False,0.09516,1.924,,4.51,1783999795
All Pools,bECH - AVAX,0.3,False,0.09466,16.8,,0.51,1783999795
All Pools,AVAX - Strength,0.3,False,0.0943,101.15,,0.09,1783999795
All Pools,Go - AVAX,0.3,False,0.09413,100.54,,0.09,1783999795
All Pools,Hydrogen - AVAX,0.3,False,0.09396,188.53,,0.05,1783999795
All Pools,Psychic - Strength,0.3,False,0.09392,56.35,,0.15,1783999795
All Pools,Psychic - Go,0.3,False,0.09364,55.84,,0.15,1783999795
All Pools,Psychic - Hydrogen,0.3,False,0.09363,62.38,,0.14,1783999795
All Pools,Yellow - AVAX,0.3,False,0.09132,189.92,,0.04,1783999795
All Pools,Psychic - Yellow,0.3,False,0.09101,62.5,,0.13,1783999795
All Pools,HUSKY - MUG,0.3,False,0.09035,13.44,,0.61,1783999795
All Pools,LIBRE - USDC.e,0.3,False,0.08859,12.23,,0.66,1783999795
All Pools,AVAX - FORT,0.3,False,0.08718,12.84,,0.62,1783999795
All Pools,MIM - FORT,0.3,False,0.08668,2686.74,,0.0,1783999795
All Pools,AVAX - WOLF,0.3,False,0.08653,53.05,,0.15,1783999795
All Pools,USDC.e - WOLF,0.3,False,0.08649,7.492,,1.05,1783999795
All Pools,BLS - SHRAP,0.3,False,0.0856,8.269,,0.94,1783999795
All Pools,Psychic - SantaGospel,0.3,False,0.08551,55.67,,0.14,1783999795
All Pools,CRA - AVAX,0.3,False,0.08445,7199.46,,0.0,1783999795
All Pools,MIM - AUSD,0.3,False,0.08428,10.76,,0.71,1783999795
All Pools,WTF - AVAX,0.3,False,0.08416,512.51,,0.01,1783999795
All Pools,SURE - DAI.e,0.3,False,0.0836,23.86,,0.32,1783999795
All Pools,AVAX - NEMO,0.3,False,0.08306,6.48,,1.17,1783999795
All Pools,USDt - NEMO,0.3,False,0.08306,95.7,,0.08,1783999795
All Pools,aAvaLINK - AVAX,0.3,False,0.0828,7.315,,1.03,1783999795
All Pools,CGS - USDC.e,0.3,False,0.08173,152.39,,0.05,1783999795
All Pools,CGS - AVAX,0.3,False,0.08157,53.76,,0.14,1783999795
All Pools,Who - AVAX,0.3,False,0.07837,100.55,,0.07,1783999795
All Pools,Psychic - Who,0.3,False,0.07808,56.39,,0.13,1783999795
All Pools,ABC - AMI,0.3,False,0.07708,2.462,,2.86,1783999795
All Pools,PAPA - AVAX,0.3,False,0.07584,10.86,,0.64,1783999795
All Pools,MIM - PAPA,0.3,False,0.07518,66.54,,0.1,1783999795
All Pools,JESUS - AVAX,0.3,False,0.07382,9.164,,0.74,1783999795
All Pools,RUG - USDT.e,0.3,False,0.07288,10.41,,0.64,1783999795
All Pools,SURE - AVAX,0.3,False,0.07048,5.222,,1.23,1783999795
All Pools,AVAX - GAU,0.3,False,0.07016,5.656,,1.13,1783999795
All Pools,WBTC.e - USDC.e,0.3,False,0.06927,7.96,,0.79,1783999795
All Pools,Chrism - ChristMark,0.3,False,0.06757,139.05,,0.04,1783999795
All Pools,Psychic - Chrism,0.3,False,0.06693,49.72,,0.12,1783999795
All Pools,SHOE - BTC.b,0.3,False,0.06563,0.75088,,7.98,1783999795
All Pools,BENIS - NOCHILL,0.3,False,0.06536,2.756,,2.16,1783999795
All Pools,USDT.e - XAVA,0.3,False,0.06515,10.65,,0.56,1783999795
All Pools,Ush - AVAX,0.3,False,0.06395,2068.23,,0.0,1783999795
All Pools,GAS - AVAX,0.3,False,0.06369,130.34,,0.04,1783999795
All Pools,SLIME - AVAX,0.3,False,0.0621,14892.0,,,1783999795
All Pools,SLIME - USDt,0.3,False,0.06209,6.045,,0.94,1783999795
All Pools,NineHundred - AVAX,0.3,False,0.06145,100.44,,0.06,1783999795
All Pools,NOCHILL - REDWOLF,0.3,False,0.05994,2.214,,2.47,1783999795
All Pools,NOCHILL - MU,0.3,False,0.0597,1.483,,3.67,1783999795
All Pools,MELT - AVAX,0.3,False,0.05966,796.84,,0.01,1783999795
All Pools,MELT - USDC.e,0.3,False,0.05964,5.881,,0.93,1783999795
All Pools,MaryMagdalene - FollowTheWhiteRabbit,0.3,False,0.05939,156.47,,0.03,1783999795
All Pools,Priory - AVAX,0.3,False,0.05929,53.68,,0.1,1783999795
All Pools,FollowTheWhiteRabbit - Priory,0.3,False,0.05918,640.17,,0.01,1783999795
All Pools,Psychic - NineHundred,0.3,False,0.05913,55.58,,0.1,1783999795
All Pools,BENIS - AVAX,0.3,False,0.05899,10.65,,0.51,1783999795
All Pools,AAVE.e - meGNX,0.3,False,0.05853,3.592,,1.49,1783999795
All Pools,MU - SOL,0.3,False,0.05851,1.121,,4.76,1783999795
All Pools,COQ - AMI,0.3,False,0.05825,8.037,,0.66,1783999795
All Pools,AVAX - Nala,0.3,False,0.05778,18.92,,0.28,1783999795
All Pools,Psychic - Nala,0.3,False,0.05753,208.35,,0.03,1783999795
All Pools,WOLF - AVAX,0.3,False,0.05677,45.99,,0.11,1783999795
All Pools,CNR - USDC,0.3,False,0.05655,4.408,,1.17,1783999795
All Pools,aDXN - aXEN,0.3,False,0.05644,4.891,,1.05,1783999795
All Pools,DUO - USDT.e,0.3,False,0.05624,6.09,,0.84,1783999795
All Pools,aDXN - AVAX,0.3,False,0.05599,49.7,,0.1,1783999795
All Pools,JOE - ZUBAX,0.3,False,0.05453,6.347,,0.78,1783999795
All Pools,MU - COQAI,0.3,False,0.05422,5.63,,0.88,1783999795
All Pools,MaryMagdalene - BrideOfChrist,0.3,False,0.0537,92.49,,0.05,1783999795
All Pools,BUSD - USDC,0.3,False,0.0525,7.358,,0.65,1783999795
All Pools,AVAX - LYLY,0.3,False,0.05246,50.32,,0.1,1783999795
All Pools,KLO - USDT.e,0.3,False,0.05236,5.357,,0.89,1783999795
All Pools,CNR - AVAX,0.3,False,0.05224,46.91,,0.1,1783999795
All Pools,USDC.e - WMATIC,0.3,False,0.05212,16.11,,0.3,1783999795
All Pools,CNR - USDt,0.3,False,0.05187,4.421,,1.07,1783999795
All Pools,ACS - AVAX,0.3,False,0.05099,171.99,,0.03,1783999795
All Pools,gOHM - USDT.e,0.3,False,0.05077,0.64109,,7.23,1783999795
All Pools,AVAX - BOREA,0.3,False,0.05028,5.407,,0.85,1783999795
All Pools,USDT.e - BOREA,0.3,False,0.05015,25.54,,0.18,1783999795
All Pools,MELT - USDT.e,0.3,False,0.04976,29.2,,0.16,1783999795
All Pools,METAG - USDt,0.3,False,0.04938,15.31,,0.29,1783999795
All Pools,ACS - USDC.e,0.3,False,0.04906,5.249,,0.85,1783999795
All Pools,bCASH - TECH,0.3,False,0.04843,10.91,,0.41,1783999795
All Pools,BLUB - AVAX,0.0,False,0.04748,32.49,0.0,0.0,1783999795
All Pools,USDC - AMI,0.3,False,0.04715,0.50257,,8.56,1783999795
All Pools,MIM - RUG,0.3,False,0.04615,6.192,,0.68,1783999795
All Pools,KrisKringle - ChristMark,0.3,False,0.04594,18.72,,0.22,1783999795
All Pools,KrisKringle - AVAX,0.3,False,0.04571,18.6,,0.22,1783999795
All Pools,SHOE - AMI,0.3,False,0.04546,0.17774,,23.34,1783999795
All Pools,UNIV - AVAX,0.3,False,0.04525,6.005,,0.69,1783999795
All Pools,MIM - UNIV,0.3,False,0.04447,5.416,,0.75,1783999795
All Pools,ICUBE - AVAX,0.3,False,0.04389,5.291,,0.76,1783999795
All Pools,ICUBE - USDT.e,0.3,False,0.04384,106.93,,0.04,1783999795
All Pools,CNR - REDWOLF,0.3,False,0.0435,14.78,,0.27,1783999795
All Pools,FITFI - USDC,0.3,False,0.04322,0.18266,,21.59,1783999795
All Pools,TSD - WOLF,0.3,False,0.04292,27.91,,0.14,1783999795
All Pools,USDt - DXN,0.3,False,0.04279,213.43,,0.02,1783999795
All Pools,BTC.b - USDC,0.3,False,0.04192,4.165,,0.92,1783999795
All Pools,AVAX - TMT,0.3,False,0.04019,5.757,,0.64,1783999795
All Pools,ROCO - AVAX,0.3,False,0.04017,1326.43,,0.0,1783999795
All Pools,USDT.e - TMT,0.3,False,0.04011,25.12,,0.15,1783999795
All Pools,WETH.e - meGNX,0.3,False,0.04007,5.057,,0.72,1783999795
All Pools,AVAX - BLANC,0.3,False,0.03994,7.185,,0.51,1783999795
All Pools,AVAX - GG,0.3,False,0.03977,5.195,,0.7,1783999795
All Pools,MIM - BLANC,0.3,False,0.0395,1247.49,,0.0,1783999795
All Pools,AVAI - USDC.e,0.3,False,0.03855,26.56,,0.13,1783999795
All Pools,REDWOLF - WMATIC,0.3,False,0.03854,2.033,,1.73,1783999795
All Pools,GURS - ARENA,0.3,False,0.03838,5.209,,0.67,1783999795
All Pools,AVAX - BAVA,0.3,False,0.03809,8.562,,0.41,1783999795
All Pools,AVAX - SDOG,0.3,False,0.03765,6.465,,0.53,1783999795
All Pools,wMEMO - AVAX,0.3,False,0.03716,6.413,,0.53,1783999795
All Pools,WLRS - GRAPE,0.3,False,0.03649,8.909,,0.37,1783999795
All Pools,WLRS - USDC.e,0.3,False,0.03628,3992.1,,,1783999795
All Pools,BRUH - AVAX,0.3,False,0.03626,877.71,,0.0,1783999795
All Pools,MIM - GG,0.3,False,0.03535,72.69,,0.04,1783999795
All Pools,MPL - AVAX,0.3,False,0.0351,5.008,,0.64,1783999795
All Pools,MPL - USDt,0.3,False,0.03504,29.67,,0.11,1783999795
All Pools,AAVE.e - USDT.e,0.3,False,0.03465,2.629,,1.2,1783999795
All Pools,BTC.b - MU,0.3,False,0.03417,9.92,,0.31,1783999795
All Pools,USDC.e - RUG,0.3,False,0.03369,17.52,,0.18,1783999795
All Pools,Anon - USDC,0.3,False,0.03338,0.6688,,4.56,1783999795
All Pools,TruthClosure - AVAX,0.3,False,0.03317,7.634,,0.4,1783999795
All Pools,TruthClosure - BLACK,0.3,False,0.03312,12.83,,0.24,1783999795
All Pools,BOOTY - AVAX,0.3,False,0.0326,1484.72,,0.0,1783999795
All Pools,LINK.e - MU,0.3,False,0.03252,6.795,,0.44,1783999795
All Pools,KOVIN - AVAX,0.3,False,0.03242,2218.76,,0.0,1783999795
All Pools,COQ - BOOTY,0.3,False,0.03239,6.629,,0.45,1783999795
All Pools,MIM - TSNFTGM,0.3,False,0.03227,3.452,,0.85,1783999795
All Pools,COQ - KOVIN,0.3,False,0.03224,8.196,,0.36,1783999795
All Pools,COQ - LYLY,0.3,False,0.03222,9.639,,0.3,1783999795
All Pools,gOHM - OTWO,0.3,False,0.03185,91117.0,,,1783999795
All Pools,NXPC - AVAX,0.3,False,0.03149,0.97384,,2.95,1783999795
All Pools,wsOHM - OTWO,0.3,False,0.03148,1.538,,1.87,1783999795
All Pools,wALGO - AVAX,0.3,False,0.03092,114.75,,0.02,1783999795
All Pools,wALGO - USDC,0.3,False,0.03084,2.39,,1.18,1783999795
All Pools,AVAX - WSPP,0.3,False,0.03068,2.304,,1.22,1783999795
All Pools,USDC - WSPP,0.3,False,0.03062,41.92,,0.07,1783999795
All Pools,AVAX - BLACK,0.3,False,0.03049,3.259,,0.85,1783999795
All Pools,YAK - JOE,0.3,False,0.03046,0.93507,,2.97,1783999795
All Pools,TSNFTGM - DAI.e,0.3,False,0.02979,29.19,,0.09,1783999795
All Pools,AVAX - CAST,0.3,False,0.02953,1369.86,,0.0,1783999795
All Pools,FollowTheWhiteRabbit - AVAX,0.3,False,0.02945,115.04,,0.02,1783999795
All Pools,XIO - AVAX,0.3,False,0.02914,2.309,,1.15,1783999795
All Pools,XIO - USDC,0.3,False,0.02908,23.95,,0.11,1783999795
All Pools,AVAX - SPADE,0.3,False,0.02901,4.852,,0.55,1783999795
All Pools,USDC.e - SPADE,0.3,False,0.029,15.37,,0.17,1783999795
All Pools,LUNA - LUNA,0.3,False,0.02895,1.84,,1.44,1783999795
All Pools,LoveIsTheKey - FollowTheWhiteRabbit,0.3,False,0.02895,44.37,,0.06,1783999795
All Pools,LoveIsTheKey - BLACK,0.3,False,0.0289,4.153,,0.64,1783999795
All Pools,JOE - REDWOLF,0.3,False,0.02886,2.712,,0.97,1783999795
All Pools,USDT.e - DAI.e,0.3,False,0.02809,7133.03,,,1783999795
All Pools,COQ - REDWOLF,0.3,False,0.0277,8.555,,0.3,1783999795
All Pools,WOLF - MU,0.3,False,0.02755,3.821,,0.66,1783999795
All Pools,AVAX - USDR,0.3,False,0.02732,2.434,,1.02,1783999795
All Pools,SNP - AVAX,0.3,False,0.02672,7.705,,0.32,1783999795
All Pools,COQ - SNP,0.3,False,0.02654,15.97,,0.15,1783999795
All Pools,ARENA - AMI,0.3,False,0.02634,0.86942,,2.76,1783999795
All Pools,BGLD - AVAX,0.3,False,0.02627,3.541,,0.68,1783999795
All Pools,BGLD - USDT.e,0.3,False,0.02626,16.33,,0.15,1783999795
All Pools,SBR - AVAX,0.3,False,0.02582,3.769,,0.63,1783999795
All Pools,MCV - AVAX,0.3,False,0.0258,282.52,,0.01,1783999795
All Pools,COQ - MCV,0.3,False,0.02566,6.253,,0.37,1783999795
All Pools,WDAO - AVAX,0.3,False,0.02558,9.907,,0.24,1783999795
All Pools,MIM - SBR,0.3,False,0.02554,11.33,,0.21,1783999795
All Pools,aAvaLINK - meGNX,0.3,False,0.02541,8.438,,0.27,1783999795
All Pools,WDAO - MIM,0.3,False,0.02535,5.392,,0.43,1783999795
All Pools,ElvisJackpot - Gravity,0.3,False,0.02516,14.37,,0.16,1783999795
All Pools,ElvisJackpot - BLACK,0.3,False,0.02495,10.14,,0.22,1783999795
All Pools,wMEMO - MIM,0.3,False,0.02487,4.38,,0.52,1783999795
All Pools,AMI - SQRCAT,0.3,False,0.02483,10.15,,0.22,1783999795
All Pools,AVAX - SQRCAT,0.3,False,0.02478,4204.0,,,1783999795
All Pools,BLACK - SantaGospel,0.3,False,0.02436,2.589,,0.86,1783999795
All Pools,ARA - AVAX,0.3,False,0.02428,2.304,,0.96,1783999795
All Pools,GG - AVAX,0.3,False,0.02416,5.699,,0.39,1783999795
All Pools,ZUM - NOCHILL,0.3,False,0.02398,0.7352,,2.98,1783999795
All Pools,BSGG - AVAX,0.3,False,0.0239,2.511,,0.87,1783999795
All Pools,MIM - GG,0.3,False,0.0239,4.919,,0.44,1783999795
All Pools,GURS - NOCHILL,0.3,False,0.02348,1.143,,1.87,1783999795
All Pools,AVAX - NADO,0.3,False,0.02336,2.573,,0.83,1783999795
All Pools,MIM - NADO,0.3,False,0.02311,174.56,,0.01,1783999795
All Pools,ARENA - MU,0.3,False,0.02218,2.735,,0.74,1783999795
All Pools,DBY - AVAX,0.3,False,0.02191,7452.37,,,1783999795
All Pools,USDR - USDC,0.3,False,0.02146,39.9,,0.05,1783999795
All Pools,AVAX - SHRAP,0.3,False,0.02129,11.58,,0.17,1783999795
All Pools,COQ - MU,0.3,False,0.02036,3.416,,0.54,1783999795
All Pools,NOCHILL - WAIFU,0.3,False,0.02035,138.22,,0.01,1783999795
All Pools,Milk - AVAX,0.3,False,0.01995,5.345,,0.34,1783999795
All Pools,QI - LYLY,0.3,False,0.01993,1.772,,1.03,1783999795
All Pools,WINK - NOCHILL,0.3,False,0.01986,0.38122,,4.75,1783999795
All Pools,Milk - USDT.e,0.3,False,0.01984,13.85,,0.13,1783999795
All Pools,gOHM - USDC.e,0.3,False,0.01958,0.32576,,5.49,1783999795
All Pools,AVAX - AMONKS,0.3,False,0.01953,1138.26,,0.0,1783999795
All Pools,REDWOLF - AMONKS,0.3,False,0.01947,5.615,,0.32,1783999795
All Pools,AVAX - GOT,0.3,False,0.0191,4.25,,0.41,1783999795
All Pools,USDT.e - GOT,0.3,False,0.01897,12.37,,0.14,1783999795
All Pools,SOB - AVAX,0.3,False,0.0183,388.26,,0.0,1783999795
All Pools,LIFE - AVAX,0.3,False,0.01817,2.664,,0.62,1783999795
All Pools,SOB - LUNA,0.3,False,0.01799,0.80108,,2.05,1783999795
All Pools,MIM - LIFE,0.3,False,0.01795,11.17,,0.15,1783999795
All Pools,AVAX - DAI,0.3,False,0.01792,55.74,,0.03,1783999795
All Pools,MAJIN - AVAX,0.3,False,0.01777,3004.21,,,1783999795
All Pools,MAJIN - MU,0.3,False,0.0177,3.697,,0.44,1783999795
All Pools,GATOR - AMI,0.3,False,0.01765,3.074,,0.52,1783999795
All Pools,MIM - DICK,0.3,False,0.01742,2.147,,0.74,1783999795
All Pools,MIM - sTHO,0.3,False,0.01738,203.57,,0.01,1783999795
All Pools,DICK - AVAX,0.3,False,0.01733,6.078,,0.26,1783999795
All Pools,SUB - AVAX,0.3,False,0.01714,14.76,,0.11,1783999795
All Pools,ZH - USDC.e,0.3,False,0.0169,22.13,,0.07,1783999795
All Pools,DUNEV3 - USDC.e,0.3,False,0.01688,25237.0,,,1783999795
All Pools,WINK - AVAX,0.3,False,0.01664,41.28,,0.04,1783999795
All Pools,ZH - JOE,0.3,False,0.01656,2.038,,0.74,1783999795
All Pools,MIM - DUNEV3,0.3,False,0.01654,53686.0,,,1783999795
All Pools,FITFI - USDC.e,0.3,False,0.01622,0.09778,,15.14,1783999795
All Pools,JOE - AVE,0.3,False,0.01619,1.175,,1.26,1783999795
All Pools,KOKSAL - USDC,0.3,False,0.01617,4.434,,0.33,1783999795
All Pools,KOKSAL - AVAX,0.3,False,0.01617,2.751,,0.54,1783999795
All Pools,MOO - AVAX,0.3,False,0.01596,537.71,,0.0,1783999795
All Pools,YEEHAW - AMI,0.3,False,0.01577,3.114,,0.46,1783999795
All Pools,DUA - USDC,0.3,False,0.01577,11.42,,0.13,1783999795
All Pools,AVAX - DUA,0.3,False,0.01577,1.713,,0.84,1783999795
All Pools,KOVIN - MU,0.3,False,0.01511,2.507,,0.55,1783999795
All Pools,AVAX - MICRO,0.3,False,0.01505,18.49,,0.07,1783999795
All Pools,AAVE.e - USDC.e,0.3,False,0.0147,1.27,,1.06,1783999795
All Pools,NRK - DAI.e,0.3,False,0.01406,280.34,,0.0,1783999795
All Pools,SMRT - XAVA,0.3,False,0.01388,2.231,,0.57,1783999795
All Pools,Trinity - FourFourFour,0.3,False,0.01382,3.545,,0.36,1783999795
All Pools,MIM - SPELL,0.3,False,0.01382,2.425,,0.52,1783999795
All Pools,YAK - USDT.e,0.3,False,0.01381,0.55742,,2.26,1783999795
All Pools,WOLF - USDT.e,0.3,False,0.01379,3.16,,0.4,1783999795
All Pools,FourFourFour - BLACK,0.3,False,0.01377,3.243,,0.39,1783999795
All Pools,UST - USDC,0.3,False,0.01359,3.922,,0.32,1783999795
All Pools,HCT - AVAX,0.3,False,0.01352,2.61,,0.47,1783999795
All Pools,CATWIF - AVAX,0.3,False,0.0129,2343.57,,,1783999795
All Pools,HIGHER - AVAX,0.3,False,0.01289,1.19,,0.99,1783999795
All Pools,COQ - ARENA,0.3,False,0.01287,0.78398,,1.5,1783999795
All Pools,CATWIF - MU,0.3,False,0.01283,3.024,,0.39,1783999795
All Pools,AVAX - iBONE,0.3,False,0.01268,4.208,,0.27,1783999795
All Pools,ChristMark - ChristIAmYou,0.3,False,0.01268,20.1,,0.06,1783999795
All Pools,USDT.e - iBONE,0.3,False,0.01259,4.451,,0.26,1783999795
All Pools,KIMBO - AMI,0.3,False,0.01257,2.344,,0.49,1783999795
All Pools,BLACK - ChristIAmYou,0.3,False,0.01242,1.277,,0.89,1783999795
All Pools,BIRD - AVAX,0.3,False,0.01232,0.00942,,119.27,1783999795
All Pools,WTHT - AXIAL,0.3,False,0.01226,0.28592,,3.91,1783999795
All Pools,Psychic - BirthingCode,0.3,False,0.01203,47.16,,0.02,1783999795
All Pools,Psychic - Equal,0.3,False,0.01202,47.16,,0.02,1783999795
All Pools,Psychic - YouAndI,0.3,False,0.01202,47.15,,0.02,1783999795
All Pools,Psychic - Turtle,0.3,False,0.01187,47.17,,0.02,1783999795
All Pools,Psychic - Finish,0.3,False,0.01185,47.12,,0.02,1783999795
All Pools,AVAX - APE - X,0.3,False,0.01183,469.8,,0.0,1783999795
All Pools,BirthingCode - BLACK,0.3,False,0.0118,1.249,,0.86,1783999795
All Pools,Equal - BLACK,0.3,False,0.01179,1.25,,0.86,1783999795
All Pools,YouAndI - BLACK,0.3,False,0.01179,1.251,,0.86,1783999795
All Pools,Psychic - TrueStory,0.3,False,0.01179,47.16,,0.02,1783999795
All Pools,Turtle - BLACK,0.3,False,0.01166,1.249,,0.85,1783999795
All Pools,Finish - BLACK,0.3,False,0.01163,1.258,,0.84,1783999795
All Pools,TrueStory - BLACK,0.3,False,0.01157,1.25,,0.85,1783999795
All Pools,AVAX - DWC,0.3,False,0.01157,4090.18,,,1783999795
All Pools,DWC - MU,0.3,False,0.0115,2.767,,0.38,1783999795
All Pools,TECH - AMI,0.3,False,0.01146,1.647,,0.63,1783999795
All Pools,Psychic - Gematria,0.3,False,0.01144,47.16,,0.02,1783999795
All Pools,BTC.b - yyAVAX,0.3,False,0.01144,4.129,,0.25,1783999795
All Pools,GURS - HOWDY,0.3,False,0.01135,0.57771,,1.79,1783999795
All Pools,USDC - USDT.e,0.3,False,0.01134,154.2,,0.01,1783999795
All Pools,BLACK - Gematria,0.3,False,0.01117,1.251,,0.82,1783999795
All Pools,COQ - MICRO,0.3,False,0.01102,2.646,,0.38,1783999795
All Pools,AMPL - AVAX,0.3,False,0.011,203.27,,0.0,1783999795
All Pools,JOE - GB,0.3,False,0.01088,0.1624,,6.12,1783999795
All Pools,aAvaLINK - LINK.e,0.3,False,0.01011,1.564,,0.59,1783999795
All Pools,TEMPO - AVAX,0.3,False,0.01003,1.816,,0.5,1783999795
All Pools,MIM - TEMPO,0.3,False,0.00994,5.16,,0.18,1783999795
All Pools,SHOE - COQ,0.3,False,0.0099,0.03747,,24.1,1783999795
All Pools,GMX - USDC,0.3,False,0.00977,0.81385,,1.09,1783999795
All Pools,NXPC - USDC,0.3,False,0.00962,0.66502,,1.32,1783999795
All Pools,QI - USDC.e,0.3,False,0.00953,0.63302,,1.37,1783999795
All Pools,HERESY - MEOW,0.3,False,0.00917,0.19362,,4.32,1783999795
All Pools,AVAX - LODE,0.3,False,0.00912,0.82649,,1.01,1783999795
All Pools,AVAX - WOHM,0.3,False,0.00871,1.16,,0.69,1783999795
All Pools,GURS - AMI,0.3,False,0.00867,1.261,,0.63,1783999795
All Pools,MIM - WOHM,0.3,False,0.00859,13.38,,0.06,1783999795
All Pools,USDC.e - UST,0.3,False,0.00852,1.538,,0.51,1783999795
All Pools,HH - ARENA,0.3,False,0.00847,1.643,,0.47,1783999795
All Pools,HH - AVAX,0.3,False,0.0084,236.98,,0.0,1783999795
All Pools,Gladiator - AVAX,0.3,False,0.00834,1.507,,0.5,1783999795
All Pools,FINANCE - NOCHILL,0.3,False,0.00833,359.61,,0.0,1783999795
All Pools,NOCHILL - ARENA,0.3,False,0.00833,0.25389,,2.99,1783999795
All Pools,BEAM - MU,0.3,False,0.00813,0.94643,,0.78,1783999795
All Pools,TRACTOR - AVAX,0.3,False,0.00813,10584.0,,,1783999795
All Pools,TRACTOR - JOE,0.3,False,0.00806,1.118,,0.66,1783999795
All Pools,BNZ - KET,0.3,False,0.00805,2.465,,0.3,1783999795
All Pools,SNO Token - AVAX,0.3,False,0.00804,1.121,,0.65,1783999795
All Pools,SNO Token - JOE,0.3,False,0.00797,49.58,,0.01,1783999795
All Pools,YEEHAW - ARENA,0.3,False,0.00751,0.86578,,0.79,1783999795
All Pools,AVAX - EDG,0.3,False,0.0073,1.378,,0.48,1783999795
All Pools,QI - REDWOLF,0.3,False,0.00725,1.128,,0.59,1783999795
All Pools,AMI - MU,0.3,False,0.00723,1.255,,0.53,1783999795
All Pools,MIM - EDG,0.3,False,0.00722,1.572,,0.42,1783999795
All Pools,WETH.e - MU,0.3,False,0.00716,1.764,,0.37,1783999795
All Pools,HIGHER - AMI,0.3,False,0.00682,1.882,,0.33,1783999795
All Pools,SNLP - AVAX,0.3,False,0.00663,2612.2,,,1783999795
All Pools,JOE - SNLP,0.3,False,0.00656,1.047,,0.57,1783999795
All Pools,AVAX - VYBE,0.3,False,0.00635,1.671,,0.35,1783999795
All Pools,MIM - VYBE,0.3,False,0.00628,0.86946,,0.66,1783999795
All Pools,LF - USDT.e,0.3,False,0.00618,0.98234,,0.57,1783999795
All Pools,HIGHER - NOCHILL,0.3,False,0.00602,0.18221,,3.01,1783999795
All Pools,JOE - CNR,0.3,False,0.006,0.71969,,0.76,1783999795
All Pools,AVAX - AXIAL,0.3,False,0.00578,594.38,,,1783999795
All Pools,JOE - USDR,0.3,False,0.00577,0.53392,,0.99,1783999795
All Pools,AVAX - OK,0.3,False,0.00564,1.59,,0.32,1783999795
All Pools,USDC - OK,0.3,False,0.00559,1.153,,0.44,1783999795
All Pools,MIM - AFARMER,0.3,False,0.00555,3681.69,,,1783999795
All Pools,WETH.e - STATIK,0.3,False,0.00545,0.97935,,0.51,1783999795
All Pools,JOE - USDt,0.3,False,0.0053,0.63353,,0.76,1783999795
All Pools,AUSD - HUSKY,0.3,False,0.00513,0.45336,,1.03,1783999795
All Pools,GMX - USDt,0.3,False,0.00494,0.33625,,1.34,1783999795
All Pools,TEDDY - USDC,0.3,False,0.00489,0.62469,,0.71,1783999795
All Pools,USDC - LODE,0.3,False,0.00483,847.95,,,1783999795
All Pools,AVAX - SOL,0.3,False,0.00481,0.0672,,6.53,1783999795
All Pools,AVAX - PAR,0.3,False,0.0048,1.29,,0.34,1783999795
All Pools,MIM - PAR,0.3,False,0.00473,0.47241,,0.91,1783999795
All Pools,Oracle - BLACK,0.3,False,0.00467,1.259,,0.34,1783999795
All Pools,YEEHAW - ABC,0.3,False,0.00444,0.24899,,1.63,1783999795
All Pools,PinOcchio - AVAX,0.3,False,0.00443,7.705,,0.05,1783999795
All Pools,PinOcchio - Gravity,0.3,False,0.00441,1.487,,0.27,1783999795
All Pools,ETHM - AVAX,0.3,False,0.00434,21.37,,0.02,1783999795
All Pools,WETH.e - ETHM,0.3,False,0.00428,0.40633,,0.96,1783999795
All Pools,USDC.e - GG,0.3,False,0.00414,0.372,,1.02,1783999795
All Pools,BNZ - WINK,0.3,False,0.00408,0.24453,,1.52,1783999795
All Pools,MIM - YAK,0.3,False,0.00398,0.1658,,2.19,1783999795
All Pools,AMI - EROL,0.3,False,0.00394,0.30534,,1.18,1783999795
All Pools,ERROR - AMI,0.3,False,0.0035,1.744,,0.18,1783999795
All Pools,AVAX - WINE,0.3,False,0.00343,0.08419,,3.71,1783999795
All Pools,AVAX - MTB,0.3,False,0.00321,0.42344,,0.69,1783999795
All Pools,AVAX - DREX,0.3,False,0.00317,0.19827,,1.46,1783999795
All Pools,MIM - MTB,0.3,False,0.00315,0.44396,,0.65,1783999795
All Pools,MIM - DREX,0.3,False,0.00312,5.636,,0.05,1783999795
All Pools,SNTA - MIM,0.3,False,0.00299,0.31856,,0.86,1783999795
All Pools,GRAPE - AVAX,0.3,False,0.00298,0.0952,,2.85,1783999795
All Pools,LIFE - AVAX,0.3,False,0.00294,0.7379,,0.36,1783999795
All Pools,MIM - LIFE,0.3,False,0.00289,0.23651,,1.12,1783999795
All Pools,USDC.e - TIME,0.3,False,0.0028,0.19436,,1.32,1783999795
All Pools,JOE - aXEN,0.3,False,0.00274,0.1728,,1.45,1783999795
All Pools,DB - AVAX,0.3,False,0.00271,1.363,,0.18,1783999795
All Pools,STG - JOE,0.3,False,0.00268,0.1028,,2.38,1783999795
All Pools,xJOE - AVAX,0.3,False,0.00268,1.773,,0.14,1783999795
All Pools,FAP - AVAX,0.3,False,0.00267,67.47,,0.0,1783999795
All Pools,MIM - DB,0.3,False,0.00266,0.18915,,1.28,1783999795
All Pools,xJOE - wsOHM,0.3,False,0.00263,0.17744,,1.35,1783999795
All Pools,MIM - FAP,0.3,False,0.00255,0.04749,,4.91,1783999795
All Pools,JOE - AMI,0.3,False,0.00227,0.14422,,1.44,1783999795
All Pools,ABC - MU,0.3,False,0.00217,0.05262,,3.77,1783999795
All Pools,NineHundred - BLACK,0.3,False,0.00213,2.609,,0.07,1783999795
All Pools,AVAX - PLEB,0.3,False,0.0021,0.08851,,2.17,1783999795
All Pools,BLOB - AVAX,0.3,False,0.00206,2302.52,,,1783999795
All Pools,MIM - PLEB,0.3,False,0.00205,7.983,,0.02,1783999795
All Pools,LUNA - USDC,0.3,False,0.00199,0.09458,,1.92,1783999795
All Pools,MIM - AKITA,0.3,False,0.00197,0.08079,,2.23,1783999795
All Pools,AMI - COQAI,0.3,False,0.00197,2.74,,0.07,1783999795
All Pools,ACS - USDt,0.3,False,0.00182,0.95199,,0.17,1783999795
All Pools,USDC.e - XAVA,0.3,False,0.00177,0.339,,0.48,1783999795
All Pools,UST - WINE,0.3,False,0.00152,0.11473,,1.21,1783999795
All Pools,TSD - USDC.e,0.3,False,0.00148,0.06199,,2.18,1783999795
All Pools,BTC.b - GMX,0.3,False,0.00125,1.243,,0.09,1783999795
All Pools,ILoveMyTwinFlame - AVAX,0.3,False,0.00115,3.969,,0.03,1783999795
All Pools,ILoveMyTwinFlame - Gravity,0.3,False,0.00114,1.608,,0.06,1783999795
All Pools,YEEHAW - Gladiator,0.3,False,0.00108,0.08536,,1.16,1783999795
All Pools,USDC - XPOW,0.3,False,0.00102,0.024,,3.86,1783999795
All Pools,GRAPE - USDC.e,0.3,False,0.00101,0.03916,,2.35,1783999795
All Pools,COQ - USDt,0.3,False,,0.04097,,2.06,1783999795
All Pools,AVME - AVAX,0.3,False,,0.00164,,45.64,1783999795
All Pools,CRAFT - AVAX,0.3,False,,288.14,,,1783999795
All Pools,ROCO - USDT.e,0.3,False,,0.1031,,0.68,1783999795
All Pools,PGX - AVAX,0.3,False,,10077.0,,,1783999795
All Pools,SYN - JOE,0.3,False,,0.01662,,3.32,1783999795
All Pools,FollowTheWhiteRabbit - BLACK,0.3,False,,0.12693,,0.41,1783999795
All Pools,SPORE - USDC,0.3,False,,1391.81,,,1783999795
All Pools,DONK - AVAX,0.3,False,,21.51,,,1783999795
All Pools,aAVAXb - AVAX,0.3,False,,0.25415,,0.02,1783999795
All Pools,MU - KET,0.3,False,,0.93767,,,1783999795
All Pools,aAvaWAVAX - AVAX,0.3,False,,0.18192,,0.0,1783999795
All Pools,FATE - USDC,0.3,False,,451017.0,,,1783999795
All Pools,bJOE - JOE,0.3,False,,0.05329,,0.0,1783999795
All Pools,bXAVA - XAVA,0.3,False,,0.04508,,0.0,1783999795
All Pools,MIM - JOE,0.3,False,,0.0021,,0.03,1783999795
All Pools,bUSDT - AVAX,0.3,False,,0.00217,,0.01,1783999795
All Pools,sAVAX - WETH.e,0.3,False,,0.00959,,0.0,1783999795
All Pools,GB - USDC.e,0.3,False,,0.00202,,0.0,1783999795
All Pools,YTS - GB,0.3,False,,0.00107,,0.0,1783999795
All Pools,GB - BOOFI,0.3,False,,,,0.0,1783999795
All Pools,AVAX - avWAVAX,0.3,False,,0.00101,,,1783999795
All Pools,SPORE - JOE,0.3,False,,0.40553,,,1783999795
All Pools,GB - XAVA,0.3,False,,,,0.0,1783999795
All Pools,AVAX - bWETH,0.3,False,,,,0.2,1783999795
All Pools,AVAX - USDC,0.05,False,1030262.0,377493.0,549.27,53.11,1784003395
All Pools,sAVAX - AVAX,0.01,False,124334.0,46983.0,14.17,11.01,1784003395
All Pools,USDt - USDC,0.01,False,86791.0,162758.0,9.076,2.04,1784003395
All Pools,AUSD - USDC,0.01,False,81736.0,101743.0,7.956,2.85,1784003395
All Pools,USDt - USDC,0.005,False,75560.0,160032.0,5.786,1.32,1784003395
All Pools,BTC.b - USDC,0.05,False,67866.0,570211.0,35.49,2.27,1784003395
All Pools,AUSD - USDt,0.01,False,32383.0,59686.0,3.511,2.15,1784003395
All Pools,FOLKS - AVAX,0.25,False,31747.0,36266.0,82.22,82.75,1784003395
All Pools,AVAX - USDT.e,0.3,False,23936.0,467409.0,59.84,4.67,1784003395
All Pools,AVAX - USDC,0.3,False,21426.0,344142.0,53.57,5.68,1784003395
All Pools,USDC.e - AVAX,0.3,False,20719.0,363963.0,51.8,5.19,1784003395
All Pools,AAVE.e - AVAX,0.3,False,19907.0,260172.0,49.77,6.98,1784003395
All Pools,gOHM - AVAX,0.3,False,15772.0,124311.0,39.43,11.58,1784003395
All Pools,AVAX - USDt,0.2,False,15760.0,98333.0,31.89,11.84,1784003395
All Pools,USDC - XAVA,0.3,False,15004.0,487732.0,37.51,2.81,1784003395
All Pools,WETH.e - AVAX,0.3,False,13393.0,364871.0,33.48,3.35,1784003395
All Pools,AVAX - BTC.b,0.05,False,12903.0,26747.0,8.46,11.54,1784003395
All Pools,ARENA - AVAX,0.01,False,10298.0,98002.0,1.03,0.38,1784003395
All Pools,USDT.e - USDt,0.02,False,9571.25,44456.0,1.915,1.57,1784003395
All Pools,USDT.e - USDC,0.02,False,9201.69,51107.0,1.854,1.32,1784003395
All Pools,XAVA - AVAX,0.8,False,6415.16,155908.0,51.68,12.1,1784003395
All Pools,COQ - AVAX,0.3,False,6143.55,394561.0,15.36,1.42,1784003395
All Pools,JOE - USDC.e,0.3,False,5914.75,257353.0,14.79,2.1,1784003395
All Pools,NXUSD - WXT,0.3,False,5832.45,474287.0,14.58,1.12,1784003395
All Pools,JOE - AVAX,0.3,False,5227.44,208916.0,13.07,2.28,1784003395
All Pools,WBTC.e - AVAX,0.3,False,4349.61,129488.0,10.87,3.07,1784003395
All Pools,MIM - AVAX,0.3,False,4060.05,183454.0,10.15,2.02,1784003395
All Pools,BTC.b - AVAX,0.3,False,3633.1,106126.0,9.083,3.12,1784003395
All Pools,QI - AVAX,0.3,False,3466.64,127562.0,8.667,2.48,1784003395
All Pools,GUN - AVAX,0.25,False,3030.0,9297.27,12.42,48.76,1784003395
All Pools,NOCHILL - AVAX,0.3,False,2996.29,51897.0,7.491,5.27,1784003395
All Pools,DAI.e - USDC,0.02,False,2418.84,29452.0,0.47833,0.59,1784003395
All Pools,USDt - AVAX,0.3,False,2405.19,38364.0,6.013,5.72,1784003395
All Pools,LCPEDU - USDt,0.8,False,2338.38,7178730.0,37.49,0.19,1784003395
All Pools,BEAM - USDC,0.3,False,1924.45,65105.0,4.811,2.7,1784003395
All Pools,BEAM - AVAX,0.25,False,1890.2,14159.0,4.863,12.54,1784003395
All Pools,ORNG - AVAX,0.3,False,1864.31,16636.0,4.661,10.23,1784003395
All Pools,ZRO - AVAX,0.25,False,1689.14,1640.29,13.31,296.19,1784003395
All Pools,LINK.e - AVAX,0.3,False,1560.99,38052.0,3.902,3.74,1784003395
All Pools,QI - AVAX,0.25,False,1545.46,7776.05,3.891,18.26,1784003395
All Pools,HUNDRED - USDC,0.3,False,1509.08,492921.0,3.773,0.28,1784003395
All Pools,HERESY - AVAX,0.3,False,1482.03,14861.0,3.705,9.1,1784003395
All Pools,USDC.e - USDC,0.02,False,1250.88,3893.66,0.25178,2.36,1784003395
All Pools,SB - AVAX,0.3,False,1213.11,5970.27,3.033,18.54,1784003395
All Pools,AVAX - DAI.e,0.3,False,1203.2,28374.0,3.008,3.87,1784003395
All Pools,SolvBTC - BTC.b,0.04,False,1177.58,174175.0,0.4671,0.1,1784003395
All Pools,USDC.e - USDC,0.02,False,931.67,9739.27,0.12124,0.45,1784003395
All Pools,JOE - USDT.e,0.3,False,925.65,51619.0,2.314,1.64,1784003395
All Pools,WBTC - BTC.b,0.03,False,906.05,80453.0,0.2783,0.13,1784003395
All Pools,GUN - AVAX,0.1,False,826.28,16509.0,2.504,5.54,1784003395
All Pools,WBTC.e - BTC.b,0.03,False,717.56,223530.0,0.24072,0.04,1784003395
All Pools,SYN - AVAX,0.3,False,654.47,5116.21,1.636,11.67,1784003395
All Pools,AVAX - DOMI,0.3,False,623.72,11486.0,1.559,4.95,1784003395
All Pools,JOE - USDC,0.3,False,569.94,23413.0,1.425,2.22,1784003395
All Pools,XSEED - AVAX,0.3,False,531.72,15951.0,1.329,3.04,1784003395
All Pools,USDT.e - USDC,0.02,False,523.16,897.98,0.0544,2.21,1784003395
All Pools,JPYC - USDC,0.04,False,489.86,3196.88,0.21068,2.41,1784003395
All Pools,gOHM - FRAX,0.3,False,396.5,3419.03,0.99126,10.58,1784003395
All Pools,AVAX - RISE,0.3,False,383.4,42748.0,0.95851,0.82,1784003395
All Pools,AVAX - XAVA,0.3,False,374.02,12785.0,0.93506,2.67,1784003395
All Pools,EURC - USDC,0.03,False,368.21,10488.0,0.1086,0.38,1784003395
All Pools,WETH.e - USDC.e,0.3,False,362.05,10789.0,0.90511,3.06,1784003395
All Pools,MIM - SB,0.3,False,317.67,2238.09,0.79417,12.95,1784003395
All Pools,USDC.e - USDC,0.3,False,307.08,481413.0,0.76771,0.06,1784003395
All Pools,PRIME - AVAX,0.4,False,276.11,135594.0,3.037,0.82,1784003395
All Pools,USDt - ncash,0.3,False,205.62,1011.57,0.51404,18.55,1784003395
All Pools,OSAK - AVAX,0.3,False,200.53,3170.48,0.50133,5.77,1784003395
All Pools,GB - AVAX,0.3,False,185.64,1977.49,0.4641,8.57,1784003395
All Pools,GMX - AVAX,0.3,False,173.91,3778.57,0.43477,4.2,1784003395
All Pools,DAI.e - USDC,0.02,False,171.89,2590.25,0.03341,0.47,1784003395
All Pools,AVAX - JUICE,0.3,False,170.24,9394.71,0.42559,1.65,1784003395
All Pools,FITFI - USDT.e,0.3,False,153.16,150.91,0.38291,92.61,1784003395
All Pools,COQ - COQAI,0.3,False,148.45,18719.0,0.37112,0.72,1784003395
All Pools,ALOT - AVAX,0.3,False,143.08,10136.0,0.35769,1.29,1784003395
All Pools,YAK - AVAX,0.3,False,141.2,3449.35,0.35301,3.74,1784003395
All Pools,XPOW - AVAX,0.8,False,140.29,236.68,1.278,197.16,1784003395
All Pools,w3ULL - AVAX,0.3,False,137.69,51270.0,0.34422,0.25,1784003395
All Pools,AVAX - ALVA,0.3,False,126.67,775.85,0.31666,14.9,1784003395
All Pools,XETA - USDC,0.3,False,121.87,5648.99,0.30468,1.97,1784003395
All Pools,XSGD - USDC,0.05,False,117.66,430.91,0.01868,1.58,1784003395
All Pools,UST - AVAX,0.3,False,113.68,5854.7,0.28421,1.77,1784003395
All Pools,AI - AVAX,0.3,False,107.56,3112.65,0.2689,3.15,1784003395
All Pools,AVAX - UST,0.3,False,101.81,6734.41,0.25451,1.38,1784003395
All Pools,APIX - USDt,0.3,False,100.19,5850.21,0.25048,1.56,1784003395
All Pools,STG - USDC,0.3,False,100.14,1228.48,0.25036,7.44,1784003395
All Pools,STG - AVAX,0.3,False,85.16,1025.08,0.21291,7.58,1784003395
All Pools,APIX - ID,0.3,False,81.58,16896.0,0.20396,0.44,1784003395
All Pools,USDC.e - USDC,0.02,False,79.72,1956.27,0.01598,0.3,1784003395
All Pools,FLD - AVAX,0.3,False,73.58,34894.0,0.18396,0.19,1784003395
All Pools,USDt - USDC,0.02,False,70.36,2231.56,0.01412,0.23,1784003395
All Pools,HEFE - AVAX,0.3,False,69.45,26884.0,0.17363,0.24,1784003395
All Pools,XAVA - AVAX,0.8,False,68.86,450.46,0.5614,45.49,1784003395
All Pools,EMIN - AVAX,0.3,False,62.23,2121.29,0.15556,2.68,1784003395
All Pools,WBTC.e - USDC,0.3,False,58.45,0.3937,0.14613,13547.18,1784003395
All Pools,KLO - AVAX,0.3,False,53.72,11823.0,0.13431,0.41,1784003395
All Pools,AVAX - AMI,0.3,False,51.72,346.79,0.1293,13.61,1784003395
All Pools,APIX - USDC,0.3,False,50.84,2919.38,0.1271,1.59,1784003395
All Pools,ABC - AVAX,0.3,False,48.81,467.09,0.12202,9.54,1784003395
All Pools,BLSEYE🎯 - AVAX,0.3,False,48.12,4400.79,0.1203,1.0,1784003395
All Pools,XAUt0 - USDt,0.04,False,46.77,24746.0,0.15274,0.23,1784003395
All Pools,MIM - USDT.e,0.3,False,43.26,1524.63,0.10814,2.59,1784003395
All Pools,GUN - BLSEYE🎯,0.3,False,39.15,424.44,0.09788,8.42,1784003395
All Pools,AVAX - TOPIA,0.3,False,34.54,1068.04,0.08636,2.95,1784003395
All Pools,CAPY - ARENA,0.3,False,33.52,18599.0,0.08381,0.16,1784003395
All Pools,ROY - AVAX,0.3,False,33.2,3938.23,0.08299,0.77,1784003395
All Pools,Balln - AVAX,0.3,False,31.91,3793.0,0.07979,0.77,1784003395
All Pools,SHRAP - AVAX,0.8,False,31.14,8804.37,0.25035,1.04,1784003395
All Pools,ZRO - AVAX,0.3,False,30.93,134.28,0.07732,21.02,1784003395
All Pools,GURS - AVAX,0.3,False,30.74,5437.32,0.07685,0.52,1784003395
All Pools,Psychic - AVAX,0.3,False,24.07,878.77,0.06018,2.5,1784003395
All Pools,BEAM - AVAX,0.3,False,23.64,373.65,0.0591,5.77,1784003395
All Pools,SECOND - USDC,0.3,False,22.25,7003.88,0.05562,0.29,1784003395
All Pools,SECOND - AVAX,0.3,False,22.24,1447.93,0.0556,1.4,1784003395
All Pools,ISA - USDC.e,0.3,False,21.4,1436.17,0.05349,1.36,1784003395
All Pools,AVAX - GEC,0.3,False,21.11,26901.0,0.05277,0.07,1784003395
All Pools,ISA - AVAX,0.3,False,20.96,16756.0,0.0524,0.11,1784003395
All Pools,GUN - AVAX,0.3,False,20.87,192.97,0.05218,9.87,1784003395
All Pools,MIM - USDC.e,0.3,False,19.63,776.23,0.04907,2.31,1784003395
All Pools,ABC - HOWDY,0.3,False,19.4,464.98,0.0485,3.81,1784003395
All Pools,BNB - AVAX,0.3,False,19.33,2766.79,0.04832,0.64,1784003395
All Pools,RGOGLZ - USDC,0.3,False,19.18,1320.85,0.04795,1.32,1784003395
All Pools,LUNA - USDC.e,0.3,False,19.14,642.13,0.04786,2.72,1784003395
All Pools,PNG - AVAX,0.3,False,19.13,793.49,0.04783,2.2,1784003395
All Pools,YAK - USDC,0.25,False,18.61,22.16,0.0593,97.65,1784003395
All Pools,BINI - AVAX,0.3,False,18.47,0.07735,0.04617,21785.39,1784003395
All Pools,BOI - AVAX,0.3,False,18.26,40.74,0.04564,40.88,1784003395
All Pools,HOWDY - USDC,0.3,False,17.83,2955.97,0.04458,0.55,1784003395
All Pools,AVAX - SOLNIC,0.3,False,17.18,3528.92,0.04295,0.44,1784003395
All Pools,KIMBO - AVAX,0.3,False,16.39,39456.0,0.04098,0.04,1784003395
All Pools,sAVAX - AVAX,0.3,False,16.2,170404.0,0.04051,0.01,1784003395
All Pools,AVAX - FRAX,0.3,False,16.15,671.05,0.04038,2.2,1784003395
All Pools,APIX - ARENA,0.3,False,16.07,1657.35,0.04017,0.88,1784003395
All Pools,DCAU - USDT.e,0.3,False,15.67,5050.24,0.03917,0.28,1784003395
All Pools,3QF - D - AVAX,0.3,False,15.13,1293.31,0.03783,1.07,1784003395
All Pools,3QF - D - WETH.e,0.3,False,15.09,2372.85,0.03772,0.58,1784003395
All Pools,Psychic - XAUt0,0.3,False,15.08,5753.52,0.0377,0.24,1784003395
All Pools,FITFI - AVAX,0.3,False,14.73,13.39,0.03683,100.36,1784003395
All Pools,DCAU - AVAX,0.3,False,14.36,1013.73,0.03591,1.29,1784003395
All Pools,WETH.e - USDC,0.15,False,13.7,8944.35,0.02065,0.08,1784003395
All Pools,HUSKY - AVAX,0.3,False,13.48,2038.3,0.0337,0.6,1784003395
All Pools,AVAXAI - USDC,0.3,False,12.28,1516.86,0.03071,0.74,1784003395
All Pools,APIX - LAMBO,0.3,False,11.96,437.72,0.02991,2.49,1784003395
All Pools,TECH - AVAX,0.3,False,11.69,9624.67,0.02923,0.11,1784003395
All Pools,sAVAX - JACK,0.3,False,11.61,273389.0,0.02903,0.0,1784003395
All Pools,MIM - WETH.e,0.3,False,11.19,493.81,0.02798,2.07,1784003395
All Pools,YAK - USDC.e,0.3,False,10.81,221.01,0.02702,4.46,1784003395
All Pools,MEAT - AVAX,0.3,False,9.141,3698.09,0.02285,0.23,1784003395
All Pools,AVAX - ELK,0.3,False,8.422,1291.63,0.02105,0.59,1784003395
All Pools,WETH.e - REDWOLF,0.3,False,8.352,81.83,0.02088,9.31,1784003395
All Pools,HATCHY - AVAX,0.3,False,8.321,6562.28,0.0208,0.12,1784003395
All Pools,BTC.b - TOPIA,0.3,False,8.049,444.36,0.02012,1.65,1784003395
All Pools,EGG - AVAX,0.3,False,7.832,16417.0,0.01958,0.04,1784003395
All Pools,SHRAP - DOMI,0.3,False,7.491,170.34,0.01873,4.01,1784003395
All Pools,BLSEYE🎯 - ARENA,0.3,False,7.389,853.16,0.01847,0.79,1784003395
All Pools,USDC.e - SOL,0.3,False,6.566,35.98,0.01642,16.66,1784003395
All Pools,TRESR - AVAX,0.3,False,6.478,7802.93,0.0162,0.08,1784003395
All Pools,AVAX - PEFI,0.3,False,6.43,3217.14,0.01607,0.18,1784003395
All Pools,avUSD - sAVAX,0.3,False,5.757,224.05,0.01439,2.34,1784003395
All Pools,USV - DAI.e,0.3,False,5.661,3953.33,0.01415,0.13,1784003395
All Pools,UST - USDC,0.3,False,5.596,430.41,0.01399,1.19,1784003395
All Pools,PTOP500 - TOPIA,0.3,False,5.467,107.3,0.01367,4.65,1784003395
All Pools,REDWOLF - AVAX,0.3,False,5.437,386.73,0.01359,1.28,1784003395
All Pools,REDWOLF - USDC,0.3,False,5.289,186.55,0.01322,2.59,1784003395
All Pools,AVAX - HON,0.3,False,5.189,49179.0,0.01297,0.01,1784003395
All Pools,REDWOLF - SOL,0.3,False,5.14,58.76,0.01285,7.98,1784003395
All Pools,AVAX - FRAX,0.3,False,4.756,226.05,0.01189,1.92,1784003395
All Pools,AAVE.e - REDWOLF,0.3,False,4.588,151.34,0.01147,2.77,1784003395
All Pools,MUON - AVAX,0.3,False,4.563,40205.0,0.01141,0.01,1784003395
All Pools,YOU - ORNG,0.3,False,4.486,1348.28,0.01121,0.3,1784003395
All Pools,gOHM - SB,0.3,False,4.421,16.65,0.01105,24.24,1784003395
All Pools,LINK.e - USDT.e,0.3,False,4.409,217.78,0.01102,1.85,1784003395
All Pools,ORNG - FLUX,0.3,False,4.405,108.23,0.01101,3.71,1784003395
All Pools,USDC.e - MU,0.3,False,4.334,13177.0,0.01083,0.03,1784003395
All Pools,BLSEYE🎯 - MEOW,0.3,False,4.247,822.39,0.01062,0.47,1784003395
All Pools,YEEHAW - BTC.b,0.3,False,4.241,49.15,0.0106,7.87,1784003395
All Pools,MYST - AVAX,0.3,False,4.151,649.61,0.01038,0.58,1784003395
All Pools,LUNA - USDC.e,0.3,False,4.119,334.87,0.0103,1.12,1784003395
All Pools,FLOT - AVAX,0.3,False,4.106,2918.0,0.01026,0.13,1784003395
All Pools,XROSS - ORNG,0.3,False,4.007,233.49,0.01002,1.57,1784003395
All Pools,SWIFT - WETH.e,0.3,False,4.003,1266.27,0.01001,0.29,1784003395
All Pools,MYST - USDC,0.3,False,3.877,218.05,0.00969,1.62,1784003395
All Pools,SWIFT - AVAX,0.3,False,3.769,231.14,0.00942,1.49,1784003395
All Pools,BLSEYE🎯 - BEAM,0.3,False,3.682,267.3,0.00921,1.26,1784003395
All Pools,AVAX - aXEN,0.3,False,3.668,166.79,0.00917,2.01,1784003395
All Pools,AVAX - AKITA,0.3,False,3.641,1751.01,0.0091,0.19,1784003395
All Pools,DATCM - ORNG,0.3,False,3.416,232.08,0.00854,1.34,1784003395
All Pools,Now - AVAX,0.3,False,3.38,188.88,0.00845,1.63,1784003395
All Pools,AVAX - BGR,0.3,False,3.314,176.75,0.00828,1.71,1784003395
All Pools,AVAX - NaughtiusMaximus,0.3,False,3.169,330.92,0.00792,0.87,1784003395
All Pools,AVAX - EROL,0.0,False,3.124,37.77,0.0,0.0,1784003395
All Pools,JOE - USDT,0.3,False,3.086,278.95,0.00771,1.01,1784003395
All Pools,oXAUT - AVAX,0.3,False,3.085,405.02,0.00771,0.69,1784003395
All Pools,BTC.b - oXAUT,0.3,False,3.083,308.68,0.00771,0.91,1784003395
All Pools,AVAX - SOCK,0.3,False,3.051,2380.55,0.00763,0.12,1784003395
All Pools,USDC - SOCK,0.3,False,3.038,415.08,0.0076,0.67,1784003395
All Pools,LINK.e - USDC.e,0.3,False,2.962,181.06,0.0074,1.49,1784003395
All Pools,FTOMB - AVAX,0.3,False,2.894,6683.79,0.00723,0.04,1784003395
All Pools,APOW - AVAX,0.3,False,2.865,617.96,0.00716,0.42,1784003395
All Pools,ORNG - SAI,0.3,False,2.862,105.01,0.00715,2.49,1784003395
All Pools,DPS - USDC,0.3,False,2.847,1811.71,0.00712,0.14,1784003395
All Pools,DPS - AVAX,0.3,False,2.847,182.18,0.00712,1.43,1784003395
All Pools,USDC.e - sSB,0.3,False,2.84,838.96,0.0071,0.31,1784003395
All Pools,XAUt0 - NaughtiusMaximus,0.3,False,2.819,875.18,0.00705,0.29,1784003395
All Pools,Psychic - BLACK,0.3,False,2.643,257.95,0.00661,0.93,1784003395
All Pools,SWIFT - USDC.e,0.3,False,2.501,479.88,0.00625,0.48,1784003395
All Pools,AVAX - ChristMark,0.3,False,2.449,266.9,0.00612,0.84,1784003395
All Pools,USDT.e - ONION,0.3,False,2.421,740.4,0.00605,0.3,1784003395
All Pools,UST - USDC.e,0.3,False,2.39,676.68,0.00598,0.32,1784003395
All Pools,TOPIA - PTOP600,0.3,False,2.363,120.07,0.00591,1.8,1784003395
All Pools,ORNG - MOOM,0.3,False,2.323,184.87,0.00581,1.15,1784003395
All Pools,YUSD - AVAX,0.3,False,2.32,116.35,0.0058,1.82,1784003395
All Pools,AVAX - ONION,0.3,False,2.227,147.24,0.00557,1.38,1784003395
All Pools,Now - BLACK,0.3,False,2.215,233.89,0.00554,0.86,1784003395
All Pools,WETH - USDC.e,0.3,False,2.168,200.87,0.00542,0.98,1784003395
All Pools,LIQR - AVAX,0.3,False,2.082,36374.0,0.0052,0.01,1784003395
All Pools,MAGICK - USDC,0.3,False,2.061,226.13,0.00515,0.83,1784003395
All Pools,MAGICK - AVAX,0.3,False,2.061,280.45,0.00515,0.67,1784003395
All Pools,USDC.e - AVVO,0.3,False,2.051,224.97,0.00513,0.83,1784003395
All Pools,BNZ - AVAX,0.3,False,2.05,147.78,0.00513,1.27,1784003395
All Pools,KINGSHIT - AVAX,0.3,False,2.001,3548.15,0.005,0.05,1784003395
All Pools,AVAX - CLY,0.3,False,1.994,21704.0,0.00499,0.01,1784003395
All Pools,XAUt0 - ChristMark,0.3,False,1.976,576.67,0.00494,0.31,1784003395
All Pools,USDT.e - CLY,0.3,False,1.959,179.86,0.0049,0.99,1784003395
All Pools,VPND - AVAX,0.3,False,1.936,17830.0,0.00484,0.01,1784003395
All Pools,HOST - DAI.e,0.3,False,1.92,2492.94,0.0048,0.07,1784003395
All Pools,XAUt0 - Now,0.3,False,1.885,560.4,0.00471,0.31,1784003395
All Pools,AVAX - IMPACT2,0.3,False,1.85,137.51,0.00462,1.23,1784003395
All Pools,WETH.e - ONION,0.3,False,1.824,229.29,0.00456,0.73,1784003395
All Pools,AVAX - USDT,0.3,False,1.793,1706.64,0.00448,0.1,1784003395
All Pools,Gladiator - ARENA,0.3,False,1.766,337.2,0.00442,0.48,1784003395
All Pools,BANKSY - USDT.e,0.3,False,1.653,1514.41,0.00413,0.1,1784003395
All Pools,BANKSY - AVAX,0.3,False,1.651,141.84,0.00413,1.06,1784003395
All Pools,Gladiator - USDC,0.3,False,1.643,269.07,0.00411,0.56,1784003395
All Pools,YEEHAW - TOPIA,0.3,False,1.626,109.25,0.00407,1.36,1784003395
All Pools,AVAX - TIME,0.3,False,1.625,561.67,0.00406,0.26,1784003395
All Pools,LF - AVAX,0.3,False,1.613,282.84,0.00403,0.52,1784003395
All Pools,ORNG - JUCI,0.3,False,1.607,241.38,0.00402,0.61,1784003395
All Pools,USDC - MXNB,0.3,False,1.603,17.37,0.00401,8.42,1784003395
All Pools,AVAX - SPELL,0.3,False,1.601,1932.95,0.004,0.08,1784003395
All Pools,HUSKY - JOE,0.3,False,1.597,91.55,0.00399,1.59,1784003395
All Pools,MIM - LF,0.3,False,1.589,399.06,0.00397,0.36,1784003395
All Pools,Gravity - AVAX,0.3,False,1.523,237.69,0.00381,0.58,1784003395
All Pools,APOW - USDC,0.3,False,1.506,115.12,0.00376,1.19,1784003395
All Pools,XAUt0 - Gravity,0.3,False,1.474,311.86,0.00369,0.43,1784003395
All Pools,gOHM - wsOHM,0.3,False,1.471,17.32,0.00368,7.75,1784003395
All Pools,MIM - wsOHM,0.3,False,1.464,180.65,0.00366,0.74,1784003395
All Pools,USDt - USDT.e,0.3,False,1.46,20453.0,0.00365,0.01,1784003395
All Pools,FXS - AVAX,0.3,False,1.424,286.52,0.00356,0.45,1784003395
All Pools,DREGG - AVAX,0.3,False,1.376,144.97,0.00344,0.87,1784003395
All Pools,DREGG - USDT.e,0.3,False,1.376,511.45,0.00344,0.25,1784003395
All Pools,APOW - USDt,0.3,False,1.36,114.91,0.0034,1.08,1784003395
All Pools,WETH.e - USDT.e,0.3,False,1.34,146.71,0.00335,0.83,1784003395
All Pools,PNG - JOE,0.3,False,1.326,115.24,0.00331,1.05,1784003395
All Pools,SMRTr - USDC.e,0.3,False,1.322,105.08,0.00331,1.15,1784003395
All Pools,SMRTr - AVAX,0.3,False,1.322,25749.0,0.00331,0.0,1784003395
All Pools,AVAX - AVVO,0.3,False,1.265,228.64,0.00316,0.5,1784003395
All Pools,BTC.b - IMPACT2,0.3,False,1.253,1273.17,0.00313,0.09,1784003395
All Pools,WOO.e - AVAX,0.3,False,1.226,65.58,0.00306,1.71,1784003395
All Pools,KRW - AVAX,0.3,False,1.223,309.48,0.00306,0.36,1784003395
All Pools,JOE - KRW,0.3,False,1.221,144.89,0.00305,0.77,1784003395
All Pools,KIWI - USDC,0.3,False,1.187,299.21,0.00297,0.36,1784003395
All Pools,KIWI - AVAX,0.3,False,1.187,94.27,0.00297,1.15,1784003395
All Pools,BLUB - AVAX,0.3,False,1.18,11641.0,0.00295,0.01,1784003395
All Pools,BEAR - AVAX,0.3,False,1.176,5045.05,0.00294,0.02,1784003395
All Pools,USDC - SDOG,0.3,False,1.17,365.4,0.00292,0.29,1784003395
All Pools,STEAK - AVAX,0.3,False,1.157,9726.75,0.00289,0.01,1784003395
All Pools,GB - USDT.e,0.3,False,1.14,22.24,0.00285,4.68,1784003395
All Pools,DCAU - MIM,0.3,False,1.139,114.21,0.00285,0.91,1784003395
All Pools,MIM - SDOG,0.3,False,1.128,91.99,0.00282,1.12,1784003395
All Pools,DCAU - USDC,0.3,False,1.12,144.24,0.0028,0.71,1784003395
All Pools,AVAX - mYAK,0.3,False,1.074,49.68,0.00269,1.97,1784003395
All Pools,AVAX - MU,0.3,False,1.071,73.67,0.00268,1.33,1784003395
All Pools,PTOP700 - TOPIA,0.3,False,1.069,103.36,0.00267,0.94,1784003395
All Pools,LUNA - AVAX,0.3,False,1.068,123.43,0.00267,0.79,1784003395
All Pools,Trinity - AVAX,0.3,False,1.063,737.71,0.00266,0.13,1784003395
All Pools,MIM - USDC,0.3,False,1.059,29.87,0.00265,3.24,1784003395
All Pools,WBTC.e - ONION,0.3,False,1.048,348.24,0.00262,0.27,1784003395
All Pools,WOLF - AVAX,0.3,False,1.036,27302.0,0.00259,0.0,1784003395
All Pools,Trinity - Psychic,0.3,False,1.033,405.24,0.00258,0.23,1784003395
All Pools,DAI.e - ONION,0.3,False,1.026,330.82,0.00257,0.28,1784003395
All Pools,MaryMagdalene - AVAX,0.3,False,1.013,173.56,0.00253,0.53,1784003395
All Pools,AVAX - SMRT,0.3,False,1.004,1621.53,0.00251,0.06,1784003395
All Pools,USDT.e - SMRT,0.3,False,0.99039,87.94,0.00248,1.03,1784003395
All Pools,MIM - MU,0.3,False,0.98234,95.75,0.00246,0.94,1784003395
All Pools,MaryMagdalene - XAUt0,0.3,False,0.97646,1664.31,0.00244,0.05,1784003395
All Pools,LINDA - AVAX,0.3,False,0.94452,1582.99,0.00236,0.05,1784003395
All Pools,AVAX - ARENA,0.3,False,0.9362,57.36,0.00234,1.49,1784003395
All Pools,USDC.e - ONION,0.3,False,0.88786,370.05,0.00222,0.22,1784003395
All Pools,GB - MUG,0.3,False,0.87807,17.42,0.0022,4.6,1784003395
All Pools,BTC.b - REDWOLF,0.3,False,0.84535,97.54,0.00211,0.79,1784003395
All Pools,HOST - AVAX,0.3,False,0.83172,88.17,0.00208,0.86,1784003395
All Pools,HOWDY - USDt,0.3,False,0.78208,173.79,0.00196,0.41,1784003395
All Pools,TSD - AVAX,0.3,False,0.76623,177.73,0.00192,0.39,1784003395
All Pools,SYMBIOT - AVAX,0.3,False,0.74256,74.6,0.00186,0.91,1784003395
All Pools,DZHV - AVAX,0.3,False,0.73006,10280.0,0.00183,0.01,1784003395
All Pools,AVAX - EROL,0.3,False,0.72827,20.24,0.00182,3.28,1784003395
All Pools,WBTC.e - USDT.e,0.3,False,0.72556,154.47,0.00181,0.43,1784003395
All Pools,SYMBIOT - DAI.e,0.3,False,0.69489,442.38,0.00174,0.14,1784003395
All Pools,ZUBAX - USDT.e,0.3,False,0.67337,171.26,0.00168,0.36,1784003395
All Pools,BRO - AVAX,0.3,False,0.66238,99733.0,0.00166,,1784003395
All Pools,BRO - COQ,0.3,False,0.65973,134.35,0.00165,0.45,1784003395
All Pools,AVAX - rsAVAX,0.3,False,0.65862,161.9,0.00165,0.37,1784003395
All Pools,MIM - PEFI,0.3,False,0.64973,67.02,0.00162,0.88,1784003395
All Pools,MAXI - DAI.e,0.3,False,0.64958,222.25,0.00162,0.27,1784003395
All Pools,BUSD - AVAX,0.3,False,0.6438,336.29,0.00161,0.17,1784003395
All Pools,ZRO - USDC,0.3,False,0.63661,4.505,0.00159,12.9,1784003395
All Pools,GENI - USDC,0.3,False,0.63541,1183.17,0.00159,0.05,1784003395
All Pools,GENI - AVAX,0.3,False,0.6354,50.09,0.00159,1.16,1784003395
All Pools,USDC.e - WXT,0.3,False,0.62546,194.65,0.00156,0.29,1784003395
All Pools,AVAX - MUG,0.3,False,0.61146,248.39,0.00153,0.22,1784003395
All Pools,AVAX - ZUBAX,0.3,False,0.60297,91.21,0.00151,0.6,1784003395
All Pools,50 - AVAX,0.3,False,0.59261,59.81,0.00148,0.9,1784003395
All Pools,50 - USDC,0.3,False,0.59249,112.18,0.00148,0.48,1784003395
All Pools,sAVAX - COQ,0.3,False,0.58767,60.59,0.00147,0.89,1784003395
All Pools,COQ - BLSEYE🎯,0.3,False,0.56722,142.46,0.00142,0.36,1784003395
All Pools,KALM - USDC,0.3,False,0.56447,77.29,0.00141,0.67,1784003395
All Pools,KALM - AVAX,0.3,False,0.56446,97.05,0.00141,0.53,1784003395
All Pools,CommieSukey - AVAX,0.3,False,0.55452,212.07,0.00139,0.24,1784003395
All Pools,Psychic - CommieSukey,0.3,False,0.55307,243.53,0.00138,0.21,1784003395
All Pools,COQ - OSAK,0.3,False,0.54886,17.19,0.00137,2.91,1784003395
All Pools,Meaning - AVAX,0.3,False,0.54598,330.41,0.00136,0.15,1784003395
All Pools,Psychic - Meaning,0.3,False,0.54494,238.33,0.00136,0.21,1784003395
All Pools,JOE - EXP,0.3,False,0.53483,10313460.0,0.00134,,1784003395
All Pools,WBTC - AVAX,0.3,False,0.52051,30.37,0.0013,1.56,1784003395
All Pools,NOCHILL - OX,0.3,False,0.50997,13296.0,0.00127,0.0,1784003395
All Pools,SYN - REDWOLF,0.3,False,0.50364,5.193,0.00126,8.85,1784003395
All Pools,HOWDY - ARENA,0.3,False,0.50141,37.89,0.00125,1.21,1784003395
All Pools,STG - L - Swing,0.3,False,0.49938,16.19,0.00125,2.82,1784003395
All Pools,STATIK - AVAX,0.3,False,0.49608,31.01,0.00124,1.46,1784003395
All Pools,YEEHAW - CHAMP,0.3,False,0.49376,922.01,0.00123,0.05,1784003395
All Pools,AVAX - Wej,0.3,False,0.47544,212.14,0.00119,0.2,1784003395
All Pools,YEEHAW - AVAX,0.3,False,0.47482,11.64,0.00119,3.72,1784003395
All Pools,Psychic - Wej,0.3,False,0.47397,243.59,0.00118,0.18,1784003395
All Pools,sifu - DAI.e,0.3,False,0.46831,3.878,0.00117,11.02,1784003395
All Pools,DFIAT - AVAX,0.3,False,0.46555,5962.11,0.00116,0.01,1784003395
All Pools,DogL - AVAX,0.3,False,0.45883,212.93,0.00115,0.2,1784003395
All Pools,LINK.e - REDWOLF,0.3,False,0.45756,68.79,0.00114,0.61,1784003395
All Pools,Psychic - DogL,0.3,False,0.45752,243.66,0.00114,0.17,1784003395
All Pools,JEWEL - USDC,0.3,False,0.45617,3840.9,0.00114,0.01,1784003395
All Pools,L - Swing - aXEN,0.3,False,0.45232,51.69,0.00113,0.8,1784003395
All Pools,USDC - GAU,0.3,False,0.4499,836.31,0.00112,0.05,1784003395
All Pools,MerryXmas - AVAX,0.3,False,0.44903,195.14,0.00112,0.21,1784003395
All Pools,Psychic - MerryXmas,0.3,False,0.44772,224.1,0.00112,0.18,1784003395
All Pools,MIM - WINE,0.3,False,0.44687,172.99,0.00112,0.24,1784003395
All Pools,AVAX - BlackAndGold,0.3,False,0.44628,212.93,0.00112,0.19,1784003395
All Pools,Psychic - BlackAndGold,0.3,False,0.44498,243.64,0.00111,0.17,1784003395
All Pools,AVAX - RedFolder,0.3,False,0.44206,212.06,0.00111,0.19,1784003395
All Pools,Psychic - RedFolder,0.3,False,0.44064,243.7,0.0011,0.16,1784003395
All Pools,COQ - OX,0.3,False,0.43979,13967.0,0.0011,0.0,1784003395
All Pools,MIM - GRAPE,0.3,False,0.43814,119.45,0.0011,0.33,1784003395
All Pools,AVAX - All,0.3,False,0.43684,213.13,0.00109,0.19,1784003395
All Pools,MM - USDC,0.3,False,0.43683,49.78,0.00109,0.8,1784003395
All Pools,MM - AVAX,0.3,False,0.43677,66.84,0.00109,0.6,1784003395
All Pools,Psychic - All,0.3,False,0.43546,243.71,0.00109,0.16,1784003395
All Pools,HUSKY - AMI,0.3,False,0.43164,42.22,0.00108,0.93,1784003395
All Pools,sifu - USDT.e,0.3,False,0.42542,10.25,0.00106,3.79,1784003395
All Pools,LUNA - AVAX,0.3,False,0.41762,13.71,0.00104,2.78,1784003395
All Pools,ArniStitch - AVAX,0.3,False,0.41642,211.66,0.00104,0.18,1784003395
All Pools,Psychic - ArniStitch,0.3,False,0.41525,243.78,0.00104,0.16,1784003395
All Pools,MEOW - AVAX,0.3,False,0.4141,7601.1,0.00104,0.0,1784003395
All Pools,Ducks - AVAX,0.3,False,0.40807,211.71,0.00102,0.18,1784003395
All Pools,Psychic - Ducks,0.3,False,0.40673,243.85,0.00102,0.15,1784003395
All Pools,GUN - AMI,0.3,False,0.40441,8.509,0.00101,4.34,1784003395
All Pools,Serpentarius - AVAX,0.3,False,0.4035,215.54,0.00101,0.17,1784003395
All Pools,Psychic - Serpentarius,0.3,False,0.40221,247.32,0.00101,0.15,1784003395
All Pools,AMI - TOPIA,0.3,False,0.39485,149.55,,0.24,1784003395
All Pools,CQK - USDC,0.3,False,0.3689,30.86,,1.09,1784003395
All Pools,CQK - AVAX,0.3,False,0.36882,96.88,,0.35,1784003395
All Pools,USDt - IMPACT2,0.3,False,0.3687,69.09,,0.49,1784003395
All Pools,AVAX - Prometheus,0.3,False,0.36657,206.65,,0.16,1784003395
All Pools,Psychic - Prometheus,0.3,False,0.36543,236.98,,0.14,1784003395
All Pools,meGNX - AVAX,0.3,False,0.35932,12.93,,2.54,1784003395
All Pools,AVAX - Seventeen,0.3,False,0.35397,207.32,,0.16,1784003395
All Pools,NaughtiusMaximus - Seventeen,0.3,False,0.35304,679.52,,0.05,1784003395
All Pools,AVAX - KONG,0.3,False,0.35113,5480.37,,0.01,1784003395
All Pools,BLS - USDt,0.3,False,0.35036,127.93,,0.25,1784003395
All Pools,Hopi - Now,0.3,False,0.34963,512.91,,0.06,1784003395
All Pools,Hopi - AVAX,0.3,False,0.34958,156.01,,0.2,1784003395
All Pools,Jjj - AVAX,0.3,False,0.34687,211.72,,0.15,1784003395
All Pools,Psychic - Jjj,0.3,False,0.34578,243.67,,0.13,1784003395
All Pools,Anon - AVAX,0.3,False,0.34301,7.764,,4.03,1784003395
All Pools,USDC - SHRAP,0.3,False,0.34132,22.05,,1.41,1784003395
All Pools,USDT.e - MU,0.3,False,0.34,250.08,,0.12,1784003395
All Pools,MU - DAI.e,0.3,False,0.33065,235.32,,0.13,1784003395
All Pools,Xmas - AVAX,0.3,False,0.32638,198.87,,0.15,1784003395
All Pools,Psychic - Xmas,0.3,False,0.32544,228.51,,0.13,1784003395
All Pools,AftermathsKobe - AVAX,0.3,False,0.32428,213.09,,0.14,1784003395
All Pools,Psychic - AftermathsKobe,0.3,False,0.32347,245.41,,0.12,1784003395
All Pools,COQ - JUICE,0.3,False,0.32308,26.02,,1.13,1784003395
All Pools,MIM - DAI.e,0.3,False,0.31157,19.71,,1.44,1784003395
All Pools,AVAX - SNOB,0.3,False,0.31082,748.92,,0.04,1784003395
All Pools,BOI - MU,0.3,False,0.30512,0.74543,,37.35,1784003395
All Pools,GLOBA - AVAX,0.3,False,0.30177,39.66,,0.69,1784003395
All Pools,LAMA - AVAX,0.3,False,0.29858,8299.35,,0.0,1784003395
All Pools,gOHM - JOE,0.3,False,0.29823,3.143,,8.66,1784003395
All Pools,Christmas - AVAX,0.3,False,0.29776,179.84,,0.15,1784003395
All Pools,$Crazy - AVAX,0.3,False,0.29379,740.64,,0.04,1784003395
All Pools,COQ - NOCHILL,0.3,False,0.2929,8.066,,3.31,1784003395
All Pools,WETH.e - yyAVAX,0.3,False,0.29276,14.17,,1.89,1784003395
All Pools,USDC - aXEN,0.3,False,0.29032,9.032,,2.93,1784003395
All Pools,AVAX - DUO,0.3,False,0.28936,52.41,,0.5,1784003395
All Pools,USDT.e - DUO,0.3,False,0.28923,50.52,,0.52,1784003395
All Pools,USDC - USD+,0.3,False,0.2873,28.15,,0.93,1784003395
All Pools,AVAX - Sinterklaas,0.3,False,0.28701,100.53,,0.26,1784003395
All Pools,Psychic - Sinterklaas,0.3,False,0.28651,239.85,,0.11,1784003395
All Pools,AVAX - KET,0.3,False,0.28258,22.82,,1.13,1784003395
All Pools,CHAMP - AMI,0.3,False,0.28229,25.36,,1.02,1784003395
All Pools,GLOBA - DAI.e,0.3,False,0.28223,47.16,,0.55,1784003395
All Pools,SOL - USDC,0.3,False,0.28051,20.65,,1.24,1784003395
All Pools,APOW - AVAX,0.3,False,0.27481,1309.25,,0.02,1784003395
All Pools,DiamondbackGall - AVAX,0.3,False,0.27072,213.49,,0.12,1784003395
All Pools,DFIAT - USDT.e,0.3,False,0.2698,26.65,,0.92,1784003395
All Pools,Psychic - DiamondbackGall,0.3,False,0.26969,244.29,,0.1,1784003395
All Pools,NeatestQuackery - AVAX,0.3,False,0.2689,211.57,,0.12,1784003395
All Pools,Psychic - NeatestQuackery,0.3,False,0.26818,244.0,,0.1,1784003395
All Pools,RUX - AVAX,0.3,False,0.25897,25.41,,0.93,1784003395
All Pools,USDt - RUX,0.3,False,0.25882,15978.0,,0.0,1784003395
All Pools,SYN - USDC.e,0.3,False,0.25877,2.659,,8.88,1784003395
All Pools,USDC.e - WISE,0.3,False,0.25582,41.09,,0.57,1784003395
All Pools,AVAX - WISE,0.3,False,0.25565,59.07,,0.39,1784003395
All Pools,WBTC.e - REDWOLF,0.3,False,0.25006,48.23,,0.47,1784003395
All Pools,SLUSH - USDT.e,0.3,False,0.24501,55.11,,0.41,1784003395
All Pools,SLUSH - AVAX,0.3,False,0.245,45.28,,0.49,1784003395
All Pools,agEUR - USDC,0.3,False,0.24441,59.79,,0.37,1784003395
All Pools,aAvaWAVAX - meGNX,0.3,False,0.24349,2.967,,7.49,1784003395
All Pools,AVAX - TheGospelOfMary,0.3,False,0.24151,116.84,,0.19,1784003395
All Pools,MaryMagdalene - TheGospelOfMary,0.3,False,0.24129,215.75,,0.1,1784003395
All Pools,Silver - AVAX,0.3,False,0.23789,62.56,,0.35,1784003395
All Pools,Silver - Now,0.3,False,0.23685,643.48,,0.03,1784003395
All Pools,WETH.e - SURE,0.3,False,0.23653,828.32,,0.03,1784003395
All Pools,AVAX - CHAM,0.3,False,0.23316,25.55,,0.83,1784003395
All Pools,USDC - CHAM,0.3,False,0.23306,46.22,,0.46,1784003395
All Pools,GATOR - ARENA,0.3,False,0.22805,1.51,,13.78,1784003395
All Pools,AVAX - MeaningOfNumbers,0.3,False,0.22442,212.11,,0.1,1784003395
All Pools,TRYB - USDC.e,0.3,False,0.22403,31.94,,0.64,1784003395
All Pools,Psychic - MeaningOfNumbers,0.3,False,0.22365,244.38,,0.08,1784003395
All Pools,NOCHILL - KET,0.3,False,0.22036,8.163,,2.46,1784003395
All Pools,UNI.e - REDWOLF,0.3,False,0.2159,11.07,,1.78,1784003395
All Pools,USDC - yyAVAX,0.3,False,0.21471,12.0,,1.63,1784003395
All Pools,wsOHM - USDC.e,0.3,False,0.2125,18.3,,1.06,1784003395
All Pools,AVVO - DAI.e,0.3,False,0.21231,34.65,,0.56,1784003395
All Pools,CHAMP - ARENA,0.3,False,0.21211,13.1,,1.48,1784003395
All Pools,VEE - USDC,0.3,False,0.21173,31.19,,0.62,1784003395
All Pools,TEDDY - AVAX,0.3,False,0.20961,20.6,,0.93,1784003395
All Pools,IMPACT2 - EURC,0.3,False,0.20487,41.11,,0.45,1784003395
All Pools,USDT.e - EXP,0.3,False,0.20263,45046109.0,,,1784003395
All Pools,AVAX - ZABU,0.3,False,0.2018,23.2,,0.79,1784003395
All Pools,Christmas - ChristMark,0.3,False,0.19926,111.82,,0.16,1784003395
All Pools,WETH.e - USDC,0.3,False,0.19507,19.99,,0.89,1784003395
All Pools,bCASH - NOCHILL,0.3,False,0.19361,12.26,,1.44,1784003395
All Pools,wsOHM - AVAX,0.3,False,0.19256,8.041,,2.19,1784003395
All Pools,USDC.e - DAI.e,0.3,False,0.19209,22206.0,,,1784003395
All Pools,BOI - AMI,0.3,False,0.18505,0.479,,35.25,1784003395
All Pools,MELT - AVAX,0.3,False,0.18431,19.84,,0.85,1784003395
All Pools,AVAI - AVAX,0.3,False,0.18072,19.66,,0.84,1784003395
All Pools,USDT.e - ZABU,0.3,False,0.1769,44.08,,0.37,1784003395
All Pools,Light - AVAX,0.3,False,0.1727,63.61,,0.25,1784003395
All Pools,Light - Now,0.3,False,0.17218,642.72,,0.02,1784003395
All Pools,BrideOfChrist - BLACK,0.3,False,0.17204,17.67,,0.89,1784003395
All Pools,UNIQOC - AVAX,0.3,False,0.17102,812.41,,0.02,1784003395
All Pools,APOW - USDt,0.3,False,0.17058,21.22,,0.73,1784003395
All Pools,UNIQOC - COQ,0.3,False,0.17017,35.3,,0.44,1784003395
All Pools,USDC - BVAX,0.3,False,0.17011,26.11,,0.59,1784003395
All Pools,AVAX - MILO,0.3,False,0.16958,786.03,,0.02,1784003395
All Pools,USDt - MILO,0.3,False,0.16943,13.99,,1.11,1784003395
All Pools,AVAX - ELK,0.3,False,0.16922,48.23,,0.32,1784003395
All Pools,TECH - OX,0.3,False,0.16895,5914.9,,0.0,1784003395
All Pools,XPOW - AVAX,0.3,False,0.16354,1308.48,,0.01,1784003395
All Pools,USDt - XPOW,0.3,False,0.16313,20.56,,0.72,1784003395
All Pools,MaryMagdalene - ChristMark,0.3,False,0.16051,301.79,,0.05,1784003395
All Pools,SPC - DAI.e,0.3,False,0.15703,19.33,,0.74,1784003395
All Pools,SYN - WETH.e,0.3,False,0.15546,1.284,,11.05,1784003395
All Pools,BANKSY - AVAX,0.3,False,0.15383,18.21,,0.77,1784003395
All Pools,BANKSY - USDC.e,0.3,False,0.15377,29.04,,0.48,1784003395
All Pools,METAG - AVAX,0.3,False,0.14974,19.52,,0.7,1784003395
All Pools,Solar - AVAX,0.3,False,0.14883,63.66,,0.21,1784003395
All Pools,Solar - Now,0.3,False,0.14875,643.25,,0.02,1784003395
All Pools,AVAX - Propriety,0.3,False,0.14842,63.46,,0.21,1784003395
All Pools,Now - Propriety,0.3,False,0.14819,642.61,,0.02,1784003395
All Pools,ALOT - USDC.e,0.3,False,0.14615,7.462,,1.79,1784003395
All Pools,AVAT - USDC,0.3,False,0.14424,37.36,,0.35,1784003395
All Pools,Vaccine - AVAX,0.3,False,0.14417,62.5,,0.21,1784003395
All Pools,Vaccine - Now,0.3,False,0.14404,636.49,,0.02,1784003395
All Pools,FLAKE - USDT.e,0.3,False,0.14375,48.17,,0.27,1784003395
All Pools,FLAKE - AVAX,0.3,False,0.14374,17.01,,0.77,1784003395
All Pools,AVAX - Mentor,0.3,False,0.14212,63.47,,0.2,1784003395
All Pools,AVAX - BENJI,0.3,False,0.14182,4.749,,2.73,1784003395
All Pools,Now - Mentor,0.3,False,0.14155,641.67,,0.02,1784003395
All Pools,USDt - REDWOLF,0.3,False,0.13983,13.73,,0.93,1784003395
All Pools,UST - USDT.e,0.3,False,0.1395,38.44,,0.33,1784003395
All Pools,MELT - USDC.e,0.3,False,0.13459,29.54,,0.42,1784003395
All Pools,SYN - USDT.e,0.3,False,0.13371,1.417,,8.61,1784003395
All Pools,WTHT - SNOB,0.3,False,0.1327,1.252,,9.67,1784003395
All Pools,NOCHILL - AMI,0.3,False,0.13194,3.112,,3.87,1784003395
All Pools,YEEHAW - USDC,0.3,False,0.13067,5.477,,2.18,1784003395
All Pools,miMatic - AVAX,0.3,False,0.13002,32.02,,0.37,1784003395
All Pools,miMatic - USDC.e,0.3,False,0.12995,24.11,,0.49,1784003395
All Pools,MIM - TIME,0.3,False,0.12891,26.0,,0.45,1784003395
All Pools,TOMB - USDC,0.3,False,0.12804,9.937,,1.18,1784003395
All Pools,Matter - AVAX,0.3,False,0.12747,56.82,,0.2,1784003395
All Pools,Matter - Now,0.3,False,0.1271,580.53,,0.02,1784003395
All Pools,Now - Blessing,0.3,False,0.12366,568.09,,0.02,1784003395
All Pools,AVAX - Blessing,0.3,False,0.12365,56.53,,0.2,1784003395
All Pools,MIM - VOLT,0.3,False,0.12178,14.44,,0.77,1784003395
All Pools,ABC - AMI,0.3,False,0.12068,2.341,,4.7,1784003395
All Pools,TickTock - AVAX,0.3,False,0.12063,63.72,,0.17,1784003395
All Pools,TickTock - Now,0.3,False,0.12053,643.93,,0.02,1784003395
All Pools,AVAX - STRAW,0.3,False,0.11904,14.18,,0.77,1784003395
All Pools,BrideOfChrist - AVAX,0.3,False,0.11821,63.6,,0.17,1784003395
All Pools,AVAT - AVAX,0.3,False,0.11685,16.65,,0.64,1784003395
All Pools,Gil - AVAX,0.3,False,0.11629,13.53,,0.78,1784003395
All Pools,SURE - USDC.e,0.3,False,0.11498,20.53,,0.51,1784003395
All Pools,Sanskrit - AVAX,0.3,False,0.11383,63.54,,0.16,1784003395
All Pools,Sanskrit - Now,0.3,False,0.11347,642.15,,0.02,1784003395
All Pools,Necromancer - AVAX,0.3,False,0.11181,63.59,,0.16,1784003395
All Pools,Now - Necromancer,0.3,False,0.11156,642.64,,0.02,1784003395
All Pools,DAI.e - STRAW,0.3,False,0.11135,35.82,,0.28,1784003395
All Pools,AVAX - SantaGospel,0.3,False,0.11028,96.43,,0.1,1784003395
All Pools,Slope - AVAX,0.3,False,0.10891,63.61,,0.16,1784003395
All Pools,Gold - AVAX,0.3,False,0.10884,63.72,,0.16,1784003395
All Pools,Gil - DAI.e,0.3,False,0.10878,26.16,,0.38,1784003395
All Pools,Slope - Now,0.3,False,0.10864,641.37,,0.02,1784003395
All Pools,Gold - Now,0.3,False,0.10848,643.85,,0.02,1784003395
All Pools,AVAX - √Root,0.3,False,0.10826,63.7,,0.16,1784003395
All Pools,Now - √Root,0.3,False,0.1076,643.57,,0.02,1784003395
All Pools,Uncontractable - AVAX,0.3,False,0.10754,62.57,,0.16,1784003395
All Pools,Uncontractable - Now,0.3,False,0.10718,628.88,,0.02,1784003395
All Pools,DAI.e - VOLT,0.3,False,0.10714,40.71,,0.24,1784003395
All Pools,SUB - USDC,0.3,False,0.10692,11.32,,0.86,1784003395
All Pools,APOW - USDC,0.3,False,0.10357,21.19,,0.45,1784003395
All Pools,YAK - SPORE,0.3,False,0.10307,5.232,,1.8,1784003395
All Pools,Blue - AVAX,0.3,False,0.10241,188.93,,0.05,1784003395
All Pools,Psychic - Blue,0.3,False,0.10198,61.94,,0.15,1784003395
All Pools,METAG - USDT.e,0.3,False,0.10016,47.07,,0.19,1784003395
All Pools,Christmas - Merovingian,0.3,False,0.09786,85.67,,0.1,1784003395
All Pools,Now - Merovingian,0.3,False,0.09711,49.58,,0.18,1784003395
All Pools,AVAX - DOGGY,0.3,False,0.09516,1.93,,4.5,1784003395
All Pools,bECH - AVAX,0.3,False,0.09466,16.85,,0.51,1784003395
All Pools,AVAX - Strength,0.3,False,0.0943,101.45,,0.08,1784003395
All Pools,Go - AVAX,0.3,False,0.09413,100.84,,0.09,1784003395
All Pools,Hydrogen - AVAX,0.3,False,0.09396,189.09,,0.05,1784003395
All Pools,Psychic - Strength,0.3,False,0.09392,56.23,,0.15,1784003395
All Pools,Psychic - Go,0.3,False,0.09364,55.73,,0.15,1784003395
All Pools,Psychic - Hydrogen,0.3,False,0.09363,62.26,,0.14,1784003395
All Pools,Yellow - AVAX,0.3,False,0.09132,190.48,,0.04,1784003395
All Pools,Psychic - Yellow,0.3,False,0.09101,62.37,,0.13,1784003395
All Pools,HUSKY - MUG,0.3,False,0.09035,13.41,,0.61,1784003395
All Pools,LIBRE - USDC.e,0.3,False,0.08859,12.26,,0.66,1784003395
All Pools,JOE - ZABU,0.3,False,0.08788,12.76,,0.63,1784003395
All Pools,AVAX - FORT,0.3,False,0.08718,12.88,,0.62,1784003395
All Pools,MIM - FORT,0.3,False,0.08668,2692.16,,0.0,1784003395
All Pools,AVAX - WOLF,0.3,False,0.08653,53.21,,0.15,1784003395
All Pools,USDC.e - WOLF,0.3,False,0.08649,7.513,,1.05,1784003395
All Pools,BENIS - NOCHILL,0.3,False,0.0858,2.747,,2.85,1784003395
All Pools,BLS - SHRAP,0.3,False,0.0856,8.269,,0.94,1784003395
All Pools,Psychic - SantaGospel,0.3,False,0.08551,55.55,,0.14,1784003395
All Pools,MIM - AUSD,0.3,False,0.08428,10.78,,0.71,1784003395
All Pools,WTF - AVAX,0.3,False,0.08416,514.03,,0.01,1784003395
All Pools,SURE - DAI.e,0.3,False,0.0836,23.9,,0.32,1784003395
All Pools,AVAX - NEMO,0.3,False,0.08306,6.499,,1.17,1784003395
All Pools,USDt - NEMO,0.3,False,0.08306,95.9,,0.08,1784003395
All Pools,aAvaLINK - AVAX,0.3,False,0.0828,7.337,,1.03,1784003395
All Pools,CGS - USDC.e,0.3,False,0.08173,152.81,,0.05,1784003395
All Pools,CGS - AVAX,0.3,False,0.08157,53.92,,0.14,1784003395
All Pools,Who - AVAX,0.3,False,0.07837,100.85,,0.07,1784003395
All Pools,Psychic - Who,0.3,False,0.07808,56.28,,0.13,1784003395
All Pools,JOE - CRA,0.3,False,0.07719,7.069,,1.0,1784003395
All Pools,PAPA - AVAX,0.3,False,0.07584,10.89,,0.64,1784003395
All Pools,MIM - PAPA,0.3,False,0.07518,66.68,,0.1,1784003395
All Pools,JESUS - AVAX,0.3,False,0.07382,9.194,,0.73,1784003395
All Pools,RUG - USDT.e,0.3,False,0.07288,10.44,,0.64,1784003395
All Pools,SURE - AVAX,0.3,False,0.07048,5.239,,1.23,1784003395
All Pools,AVAX - GAU,0.3,False,0.07016,5.675,,1.13,1784003395
All Pools,WBTC.e - USDC.e,0.3,False,0.06927,7.993,,0.79,1784003395
All Pools,Chrism - ChristMark,0.3,False,0.06757,139.05,,0.04,1784003395
All Pools,Psychic - Chrism,0.3,False,0.06693,49.52,,0.12,1784003395
All Pools,SHOE - BTC.b,0.3,False,0.06563,0.75244,,7.96,1784003395
All Pools,USDT.e - XAVA,0.3,False,0.06515,10.66,,0.56,1784003395
All Pools,AI9000 - AVAX,0.3,False,0.0642,214.8,,0.03,1784003395
All Pools,Ush - AVAX,0.3,False,0.06395,2075.03,,0.0,1784003395
All Pools,GAS - AVAX,0.3,False,0.06369,130.77,,0.04,1784003395
All Pools,SLIME - AVAX,0.3,False,0.0621,14941.0,,,1784003395
All Pools,SLIME - USDt,0.3,False,0.06209,6.058,,0.94,1784003395
All Pools,NineHundred - AVAX,0.3,False,0.06145,100.77,,0.06,1784003395
All Pools,NOCHILL - REDWOLF,0.3,False,0.05994,2.221,,2.46,1784003395
All Pools,NOCHILL - MU,0.3,False,0.0597,1.478,,3.69,1784003395
All Pools,MELT - AVAX,0.3,False,0.05966,799.48,,0.01,1784003395
All Pools,MELT - USDC.e,0.3,False,0.05964,5.898,,0.92,1784003395
All Pools,MaryMagdalene - FollowTheWhiteRabbit,0.3,False,0.05939,156.47,,0.03,1784003395
All Pools,Priory - AVAX,0.3,False,0.05929,53.85,,0.1,1784003395
All Pools,FollowTheWhiteRabbit - Priory,0.3,False,0.05918,640.17,,0.01,1784003395
All Pools,Psychic - NineHundred,0.3,False,0.05913,55.47,,0.1,1784003395
All Pools,BENIS - AVAX,0.3,False,0.05899,10.65,,0.51,1784003395
All Pools,MU - SOL,0.3,False,0.05851,1.116,,4.78,1784003395
All Pools,COQ - AMI,0.3,False,0.05825,7.983,,0.67,1784003395
All Pools,AVAX - Nala,0.3,False,0.05778,18.98,,0.28,1784003395
All Pools,Psychic - Nala,0.3,False,0.05753,207.93,,0.03,1784003395
All Pools,WOLF - AVAX,0.3,False,0.05677,46.14,,0.11,1784003395
All Pools,CNR - USDC,0.3,False,0.05655,4.408,,1.17,1784003395
All Pools,aDXN - aXEN,0.3,False,0.05644,4.891,,1.05,1784003395
All Pools,DUO - USDT.e,0.3,False,0.05624,6.108,,0.84,1784003395
All Pools,aDXN - AVAX,0.3,False,0.05599,49.87,,0.1,1784003395
All Pools,CRA - AVAX,0.3,False,0.05567,7222.79,,,1784003395
All Pools,JOE - ZUBAX,0.3,False,0.05453,6.369,,0.78,1784003395
All Pools,MU - COQAI,0.3,False,0.05422,5.604,,0.88,1784003395
All Pools,MaryMagdalene - BrideOfChrist,0.3,False,0.0537,92.49,,0.05,1784003395
All Pools,BUSD - USDC,0.3,False,0.0525,7.358,,0.65,1784003395
All Pools,AVAX - LYLY,0.3,False,0.05246,50.48,,0.09,1784003395
All Pools,KLO - USDT.e,0.3,False,0.05236,5.372,,0.89,1784003395
All Pools,USDC.e - WMATIC,0.3,False,0.05212,16.15,,0.29,1784003395
All Pools,ACS - AVAX,0.3,False,0.05099,172.56,,0.03,1784003395
All Pools,gOHM - USDT.e,0.3,False,0.05077,0.64293,,7.21,1784003395
All Pools,CNR - USDt,0.3,False,0.05057,4.43,,1.04,1784003395
All Pools,AVAX - BOREA,0.3,False,0.05028,5.424,,0.85,1784003395
All Pools,USDT.e - BOREA,0.3,False,0.05015,25.62,,0.18,1784003395
All Pools,MELT - USDT.e,0.3,False,0.04976,29.29,,0.16,1784003395
All Pools,METAG - USDt,0.3,False,0.04938,15.34,,0.29,1784003395
All Pools,ACS - USDC.e,0.3,False,0.04906,5.263,,0.85,1784003395
All Pools,bCASH - TECH,0.3,False,0.04843,10.91,,0.41,1784003395
All Pools,BLUB - AVAX,0.0,False,0.04748,32.59,0.0,0.0,1784003395
All Pools,USDC - AMI,0.3,False,0.04715,0.4981,,8.64,1784003395
All Pools,MIM - RUG,0.3,False,0.04615,6.205,,0.68,1784003395
All Pools,KrisKringle - ChristMark,0.3,False,0.04594,18.72,,0.22,1784003395
All Pools,KrisKringle - AVAX,0.3,False,0.04571,18.66,,0.22,1784003395
All Pools,SHOE - AMI,0.3,False,0.04546,0.17652,,23.5,1784003395
All Pools,UNIV - AVAX,0.3,False,0.04525,6.025,,0.69,1784003395
All Pools,MIM - UNIV,0.3,False,0.04447,5.427,,0.75,1784003395
All Pools,ICUBE - AVAX,0.3,False,0.04389,5.308,,0.75,1784003395
All Pools,ICUBE - USDT.e,0.3,False,0.04384,107.24,,0.04,1784003395
All Pools,CNR - REDWOLF,0.3,False,0.0435,14.83,,0.27,1784003395
All Pools,FITFI - USDC,0.3,False,0.04322,0.18035,,21.87,1784003395
All Pools,TSD - WOLF,0.3,False,0.04292,27.91,,0.14,1784003395
All Pools,AAVE.e - meGNX,0.3,False,0.04286,3.608,,1.08,1784003395
All Pools,USDt - DXN,0.3,False,0.04279,213.86,,0.02,1784003395
All Pools,AVAX - TMT,0.3,False,0.04019,5.776,,0.63,1784003395
All Pools,ROCO - AVAX,0.3,False,0.04017,1330.78,,0.0,1784003395
All Pools,USDT.e - TMT,0.3,False,0.04011,25.2,,0.15,1784003395
All Pools,WETH.e - meGNX,0.3,False,0.04007,5.072,,0.72,1784003395
All Pools,AVAX - BLANC,0.3,False,0.03994,7.209,,0.51,1784003395
All Pools,AVAX - GG,0.3,False,0.03977,5.212,,0.7,1784003395
All Pools,MIM - BLANC,0.3,False,0.0395,1250.0,,0.0,1784003395
All Pools,AVAI - USDC.e,0.3,False,0.03855,26.64,,0.13,1784003395
All Pools,REDWOLF - WMATIC,0.3,False,0.03854,2.039,,1.72,1784003395
All Pools,GURS - ARENA,0.3,False,0.03838,5.225,,0.67,1784003395
All Pools,AVAX - BAVA,0.3,False,0.03809,8.586,,0.4,1784003395
All Pools,AVAX - SDOG,0.3,False,0.03765,6.483,,0.53,1784003395
All Pools,wMEMO - AVAX,0.3,False,0.03716,6.431,,0.53,1784003395
All Pools,WLRS - GRAPE,0.3,False,0.03649,8.909,,0.37,1784003395
All Pools,WLRS - USDC.e,0.3,False,0.03628,4004.42,,,1784003395
All Pools,BRUH - AVAX,0.3,False,0.03626,880.15,,0.0,1784003395
All Pools,CNR - AVAX,0.3,False,0.03611,47.06,,0.07,1784003395
All Pools,MIM - GG,0.3,False,0.03535,72.84,,0.04,1784003395
All Pools,MPL - AVAX,0.3,False,0.0351,5.021,,0.64,1784003395
All Pools,MPL - USDt,0.3,False,0.03504,29.73,,0.11,1784003395
All Pools,AAVE.e - USDT.e,0.3,False,0.03465,2.648,,1.19,1784003395
All Pools,BTC.b - MU,0.3,False,0.03417,9.913,,0.31,1784003395
All Pools,YEEHAW - AMI,0.3,False,0.03411,3.015,,1.03,1784003395
All Pools,USDC.e - RUG,0.3,False,0.03369,17.57,,0.18,1784003395
All Pools,TruthClosure - AVAX,0.3,False,0.03317,7.655,,0.4,1784003395
All Pools,TruthClosure - BLACK,0.3,False,0.03312,12.81,,0.24,1784003395
All Pools,BTC.b - USDC,0.3,False,0.03309,4.176,,0.72,1784003395
All Pools,BOOTY - AVAX,0.3,False,0.0326,1488.83,,0.0,1784003395
All Pools,LINK.e - MU,0.3,False,0.03252,6.776,,0.44,1784003395
All Pools,KOVIN - AVAX,0.3,False,0.03242,2224.85,,0.0,1784003395
All Pools,COQ - BOOTY,0.3,False,0.03239,6.645,,0.44,1784003395
All Pools,MIM - TSNFTGM,0.3,False,0.03227,3.459,,0.85,1784003395
All Pools,COQ - KOVIN,0.3,False,0.03224,8.215,,0.36,1784003395
All Pools,COQ - LYLY,0.3,False,0.03222,9.662,,0.3,1784003395
All Pools,gOHM - OTWO,0.3,False,0.03185,91117.0,,,1784003395
All Pools,NXPC - AVAX,0.3,False,0.03149,0.97654,,2.94,1784003395
All Pools,wsOHM - OTWO,0.3,False,0.03148,1.538,,1.87,1784003395
All Pools,KIMBO - AMI,0.3,False,0.031,2.321,,1.22,1784003395
All Pools,wALGO - AVAX,0.3,False,0.03092,115.07,,0.02,1784003395
All Pools,wALGO - USDC,0.3,False,0.03084,2.39,,1.18,1784003395
All Pools,AVAX - WSPP,0.3,False,0.03068,2.31,,1.21,1784003395
All Pools,USDC - WSPP,0.3,False,0.03062,41.92,,0.07,1784003395
All Pools,AVAX - BLACK,0.3,False,0.03049,3.264,,0.85,1784003395
All Pools,YAK - JOE,0.3,False,0.03046,0.93822,,2.96,1784003395
All Pools,TSNFTGM - DAI.e,0.3,False,0.02979,29.28,,0.09,1784003395
All Pools,AVAX - CAST,0.3,False,0.02953,1373.67,,0.0,1784003395
All Pools,FollowTheWhiteRabbit - AVAX,0.3,False,0.02945,115.36,,0.02,1784003395
All Pools,XIO - AVAX,0.3,False,0.02914,2.315,,1.15,1784003395
All Pools,XIO - USDC,0.3,False,0.02908,23.95,,0.11,1784003395
All Pools,AVAX - SPADE,0.3,False,0.02901,4.865,,0.54,1784003395
All Pools,USDC.e - SPADE,0.3,False,0.029,15.41,,0.17,1784003395
All Pools,LUNA - LUNA,0.3,False,0.02895,1.84,,1.44,1784003395
All Pools,LoveIsTheKey - FollowTheWhiteRabbit,0.3,False,0.02895,44.37,,0.06,1784003395
All Pools,LoveIsTheKey - BLACK,0.3,False,0.0289,4.147,,0.64,1784003395
All Pools,USDT.e - DAI.e,0.3,False,0.02809,7179.42,,,1784003395
All Pools,COQ - REDWOLF,0.3,False,0.0277,8.601,,0.29,1784003395
All Pools,WOLF - MU,0.3,False,0.02755,3.808,,0.66,1784003395
All Pools,AVAX - USDR,0.3,False,0.02732,2.441,,1.02,1784003395
All Pools,SNP - AVAX,0.3,False,0.02672,7.726,,0.32,1784003395
All Pools,COQ - SNP,0.3,False,0.02654,16.0,,0.15,1784003395
All Pools,ARENA - AMI,0.3,False,0.02634,0.86428,,2.78,1784003395
All Pools,BGLD - AVAX,0.3,False,0.02627,3.551,,0.68,1784003395
All Pools,BGLD - USDT.e,0.3,False,0.02626,16.38,,0.15,1784003395
All Pools,SBR - AVAX,0.3,False,0.02582,3.779,,0.62,1784003395
All Pools,MCV - AVAX,0.3,False,0.0258,283.3,,0.01,1784003395
All Pools,COQ - MCV,0.3,False,0.02566,6.268,,0.37,1784003395
All Pools,WDAO - AVAX,0.3,False,0.02558,9.934,,0.23,1784003395
All Pools,MIM - SBR,0.3,False,0.02554,11.36,,0.21,1784003395
All Pools,aAvaLINK - meGNX,0.3,False,0.02541,8.438,,0.27,1784003395
All Pools,WDAO - MIM,0.3,False,0.02535,5.403,,0.43,1784003395
All Pools,ElvisJackpot - Gravity,0.3,False,0.02516,14.37,,0.16,1784003395
All Pools,ElvisJackpot - BLACK,0.3,False,0.02495,10.11,,0.23,1784003395
All Pools,wMEMO - MIM,0.3,False,0.02487,4.389,,0.52,1784003395
All Pools,AMI - SQRCAT,0.3,False,0.02483,10.06,,0.23,1784003395
All Pools,AVAX - SQRCAT,0.3,False,0.02478,4215.58,,,1784003395
All Pools,BLACK - SantaGospel,0.3,False,0.02436,2.586,,0.86,1784003395
All Pools,ARA - AVAX,0.3,False,0.02428,2.311,,0.96,1784003395
All Pools,GG - AVAX,0.3,False,0.02416,5.715,,0.39,1784003395
All Pools,ZUM - NOCHILL,0.3,False,0.02398,0.73526,,2.98,1784003395
All Pools,BSGG - AVAX,0.3,False,0.0239,2.518,,0.87,1784003395
All Pools,MIM - GG,0.3,False,0.0239,4.929,,0.44,1784003395
All Pools,GURS - NOCHILL,0.3,False,0.02348,1.143,,1.87,1784003395
All Pools,AVAX - NADO,0.3,False,0.02336,2.58,,0.83,1784003395
All Pools,MIM - NADO,0.3,False,0.02311,174.91,,0.01,1784003395
All Pools,ARENA - MU,0.3,False,0.02218,2.733,,0.74,1784003395
All Pools,DBY - AVAX,0.3,False,0.02191,7472.85,,,1784003395
All Pools,USDR - USDC,0.3,False,0.02146,39.9,,0.05,1784003395
All Pools,AVAX - SHRAP,0.3,False,0.02129,11.61,,0.17,1784003395
All Pools,COQ - MU,0.3,False,0.02036,3.412,,0.54,1784003395
All Pools,NOCHILL - WAIFU,0.3,False,0.02035,138.22,,0.01,1784003395
All Pools,Milk - AVAX,0.3,False,0.01995,5.36,,0.34,1784003395
All Pools,QI - LYLY,0.3,False,0.01993,1.774,,1.03,1784003395
All Pools,WINK - NOCHILL,0.3,False,0.01986,0.38125,,4.75,1784003395
All Pools,Milk - USDT.e,0.3,False,0.01984,13.89,,0.13,1784003395
All Pools,gOHM - USDC.e,0.3,False,0.01958,0.3266,,5.47,1784003395
All Pools,AVAX - AMONKS,0.3,False,0.01953,1141.38,,0.0,1784003395
All Pools,REDWOLF - AMONKS,0.3,False,0.01947,5.631,,0.32,1784003395
All Pools,Anon - USDC,0.3,False,0.01917,0.6688,,2.62,1784003395
All Pools,AVAX - GOT,0.3,False,0.0191,4.262,,0.41,1784003395
All Pools,USDT.e - GOT,0.3,False,0.01897,12.4,,0.14,1784003395
All Pools,FITFI - USDC.e,0.3,False,0.01859,0.09673,,17.54,1784003395
All Pools,SOB - AVAX,0.3,False,0.0183,389.32,,0.0,1784003395
All Pools,LIFE - AVAX,0.3,False,0.01817,2.671,,0.62,1784003395
All Pools,SOB - LUNA,0.3,False,0.01799,0.80108,,2.05,1784003395
All Pools,MIM - LIFE,0.3,False,0.01795,11.19,,0.15,1784003395
All Pools,AVAX - DAI,0.3,False,0.01792,55.89,,0.03,1784003395
All Pools,MAJIN - AVAX,0.3,False,0.01777,3012.44,,,1784003395
All Pools,MAJIN - MU,0.3,False,0.0177,3.684,,0.44,1784003395
All Pools,GATOR - AMI,0.3,False,0.01765,3.019,,0.53,1784003395
All Pools,MIM - DICK,0.3,False,0.01742,2.151,,0.74,1784003395
All Pools,MIM - sTHO,0.3,False,0.01738,203.57,,0.01,1784003395
All Pools,DICK - AVAX,0.3,False,0.01733,6.095,,0.26,1784003395
All Pools,SUB - AVAX,0.3,False,0.01714,14.8,,0.11,1784003395
All Pools,ZH - USDC.e,0.3,False,0.0169,22.25,,0.07,1784003395
All Pools,DUNEV3 - USDC.e,0.3,False,0.01688,25237.0,,,1784003395
All Pools,WINK - AVAX,0.3,False,0.01664,41.39,,0.04,1784003395
All Pools,ZH - JOE,0.3,False,0.01656,2.052,,0.74,1784003395
All Pools,MIM - DUNEV3,0.3,False,0.01654,53686.0,,,1784003395
All Pools,JOE - AVE,0.3,False,0.01619,1.179,,1.25,1784003395
All Pools,KOKSAL - USDC,0.3,False,0.01617,4.434,,0.33,1784003395
All Pools,KOKSAL - AVAX,0.3,False,0.01617,2.758,,0.53,1784003395
All Pools,MOO - AVAX,0.3,False,0.01596,539.2,,0.0,1784003395
All Pools,DUA - USDC,0.3,False,0.01577,11.42,,0.13,1784003395
All Pools,AVAX - DUA,0.3,False,0.01577,1.718,,0.84,1784003395
All Pools,KOVIN - MU,0.3,False,0.01511,2.498,,0.55,1784003395
All Pools,AVAX - MICRO,0.3,False,0.01505,18.54,,0.07,1784003395
All Pools,AAVE.e - USDC.e,0.3,False,0.0147,1.279,,1.05,1784003395
All Pools,NRK - DAI.e,0.3,False,0.01406,280.4,,0.0,1784003395
All Pools,SMRT - XAVA,0.3,False,0.01388,2.227,,0.57,1784003395
All Pools,Trinity - FourFourFour,0.3,False,0.01382,3.545,,0.36,1784003395
All Pools,MIM - SPELL,0.3,False,0.01382,2.43,,0.52,1784003395
All Pools,YAK - USDT.e,0.3,False,0.01381,0.55911,,2.25,1784003395
All Pools,WOLF - USDT.e,0.3,False,0.01379,3.17,,0.4,1784003395
All Pools,FourFourFour - BLACK,0.3,False,0.01377,3.234,,0.39,1784003395
All Pools,UST - USDC,0.3,False,0.01359,3.922,,0.32,1784003395
All Pools,HCT - AVAX,0.3,False,0.01352,2.617,,0.47,1784003395
All Pools,JOE - REDWOLF,0.3,False,0.01344,2.729,,0.45,1784003395
All Pools,CATWIF - AVAX,0.3,False,0.0129,2350.0,,,1784003395
All Pools,HIGHER - AVAX,0.3,False,0.01289,1.194,,0.99,1784003395
All Pools,COQ - ARENA,0.3,False,0.01287,0.7882,,1.49,1784003395
All Pools,CATWIF - MU,0.3,False,0.01283,3.014,,0.39,1784003395
All Pools,AVAX - iBONE,0.3,False,0.01268,4.22,,0.27,1784003395
All Pools,ChristMark - ChristIAmYou,0.3,False,0.01268,20.1,,0.06,1784003395
All Pools,USDT.e - iBONE,0.3,False,0.01259,4.464,,0.26,1784003395
All Pools,BLACK - ChristIAmYou,0.3,False,0.01242,1.274,,0.89,1784003395
All Pools,BIRD - AVAX,0.3,False,0.01232,0.00945,,118.94,1784003395
All Pools,WTHT - AXIAL,0.3,False,0.01226,0.28592,,3.91,1784003395
All Pools,Psychic - BirthingCode,0.3,False,0.01203,46.97,,0.02,1784003395
All Pools,Psychic - Equal,0.3,False,0.01202,46.97,,0.02,1784003395
All Pools,Psychic - YouAndI,0.3,False,0.01202,46.96,,0.02,1784003395
All Pools,Psychic - Turtle,0.3,False,0.01187,46.97,,0.02,1784003395
All Pools,Psychic - Finish,0.3,False,0.01185,46.93,,0.02,1784003395
All Pools,AVAX - APE - X,0.3,False,0.01183,471.09,,0.0,1784003395
All Pools,BirthingCode - BLACK,0.3,False,0.0118,1.245,,0.87,1784003395
All Pools,Equal - BLACK,0.3,False,0.01179,1.246,,0.86,1784003395
All Pools,YouAndI - BLACK,0.3,False,0.01179,1.248,,0.86,1784003395
All Pools,Psychic - TrueStory,0.3,False,0.01179,46.97,,0.02,1784003395
All Pools,Turtle - BLACK,0.3,False,0.01166,1.245,,0.85,1784003395
All Pools,Finish - BLACK,0.3,False,0.01163,1.255,,0.85,1784003395
All Pools,TrueStory - BLACK,0.3,False,0.01157,1.246,,0.85,1784003395
All Pools,AVAX - DWC,0.3,False,0.01157,4101.39,,,1784003395
All Pools,DWC - MU,0.3,False,0.0115,2.758,,0.38,1784003395
All Pools,TECH - AMI,0.3,False,0.01146,1.632,,0.64,1784003395
All Pools,Psychic - Gematria,0.3,False,0.01144,46.97,,0.02,1784003395
All Pools,BTC.b - yyAVAX,0.3,False,0.01144,4.141,,0.25,1784003395
All Pools,GURS - HOWDY,0.3,False,0.01135,0.57837,,1.79,1784003395
All Pools,USDC - USDT.e,0.3,False,0.01134,154.66,,0.01,1784003395
All Pools,BLACK - Gematria,0.3,False,0.01117,1.247,,0.82,1784003395
All Pools,COQ - MICRO,0.3,False,0.01102,2.653,,0.38,1784003395
All Pools,AMPL - AVAX,0.3,False,0.011,203.86,,0.0,1784003395
All Pools,JOE - GB,0.3,False,0.01088,0.16295,,6.1,1784003395
All Pools,aAvaLINK - LINK.e,0.3,False,0.01011,1.565,,0.59,1784003395
All Pools,TEMPO - AVAX,0.3,False,0.01003,1.821,,0.5,1784003395
All Pools,MIM - TEMPO,0.3,False,0.00994,5.17,,0.18,1784003395
All Pools,SHOE - COQ,0.3,False,0.0099,0.03754,,24.06,1784003395
All Pools,GMX - USDC,0.3,False,0.00977,0.81385,,1.09,1784003395
All Pools,NXPC - USDC,0.3,False,0.00962,0.66502,,1.32,1784003395
All Pools,QI - USDC.e,0.3,False,0.00953,0.6355,,1.37,1784003395
All Pools,HERESY - MEOW,0.3,False,0.00917,0.19195,,4.36,1784003395
All Pools,AVAX - LODE,0.3,False,0.00912,0.83067,,1.0,1784003395
All Pools,AVAX - WOHM,0.3,False,0.00871,1.163,,0.68,1784003395
All Pools,GURS - AMI,0.3,False,0.00867,1.25,,0.63,1784003395
All Pools,MIM - WOHM,0.3,False,0.00859,13.41,,0.06,1784003395
All Pools,USDC.e - UST,0.3,False,0.00852,1.542,,0.5,1784003395
All Pools,HH - ARENA,0.3,False,0.00847,1.648,,0.47,1784003395
All Pools,HH - AVAX,0.3,False,0.0084,237.64,,0.0,1784003395
All Pools,Gladiator - AVAX,0.3,False,0.00834,1.512,,0.5,1784003395
All Pools,FINANCE - NOCHILL,0.3,False,0.00833,359.61,,0.0,1784003395
All Pools,NOCHILL - ARENA,0.3,False,0.00833,0.25466,,2.98,1784003395
All Pools,BEAM - MU,0.3,False,0.00813,0.94077,,0.79,1784003395
All Pools,TRACTOR - AVAX,0.3,False,0.00813,10613.0,,,1784003395
All Pools,TRACTOR - JOE,0.3,False,0.00806,1.121,,0.66,1784003395
All Pools,BNZ - KET,0.3,False,0.00805,2.465,,0.3,1784003395
All Pools,SNO Token - AVAX,0.3,False,0.00804,1.124,,0.65,1784003395
All Pools,SNO Token - JOE,0.3,False,0.00797,49.74,,0.01,1784003395
All Pools,YEEHAW - ARENA,0.3,False,0.00751,0.84884,,0.81,1784003395
All Pools,AVAX - EDG,0.3,False,0.0073,1.382,,0.48,1784003395
All Pools,QI - REDWOLF,0.3,False,0.00725,1.133,,0.58,1784003395
All Pools,AMI - MU,0.3,False,0.00723,1.24,,0.53,1784003395
All Pools,MIM - EDG,0.3,False,0.00722,1.575,,0.42,1784003395
All Pools,WETH.e - MU,0.3,False,0.00716,1.763,,0.37,1784003395
All Pools,HIGHER - AMI,0.3,False,0.00682,1.865,,0.33,1784003395
All Pools,SNLP - AVAX,0.3,False,0.00663,2619.36,,,1784003395
All Pools,JOE - SNLP,0.3,False,0.00656,1.05,,0.57,1784003395
All Pools,AVAX - VYBE,0.3,False,0.00635,1.676,,0.35,1784003395
All Pools,MIM - VYBE,0.3,False,0.00628,0.87121,,0.66,1784003395
All Pools,LF - USDT.e,0.3,False,0.00618,0.98533,,0.57,1784003395
All Pools,HIGHER - NOCHILL,0.3,False,0.00602,0.18222,,3.01,1784003395
All Pools,JOE - CNR,0.3,False,0.006,0.72213,,0.76,1784003395
All Pools,AVAX - AXIAL,0.3,False,0.00578,596.02,,,1784003395
All Pools,JOE - USDR,0.3,False,0.00577,0.53571,,0.98,1784003395
All Pools,AVAX - OK,0.3,False,0.00564,1.595,,0.32,1784003395
All Pools,USDC - OK,0.3,False,0.00559,1.153,,0.44,1784003395
All Pools,MIM - AFARMER,0.3,False,0.00555,3681.7,,,1784003395
All Pools,WETH.e - STATIK,0.3,False,0.00545,0.9822,,0.51,1784003395
All Pools,JOE - USDt,0.3,False,0.0053,0.63712,,0.76,1784003395
All Pools,AUSD - HUSKY,0.3,False,0.00513,0.45357,,1.03,1784003395
All Pools,GMX - USDt,0.3,False,0.00494,0.33701,,1.34,1784003395
All Pools,TEDDY - USDC,0.3,False,0.00489,0.62469,,0.71,1784003395
All Pools,USDC - LODE,0.3,False,0.00483,847.95,,,1784003395
All Pools,AVAX - SOL,0.3,False,0.00481,0.06743,,6.51,1784003395
All Pools,AVAX - PAR,0.3,False,0.0048,1.293,,0.34,1784003395
All Pools,MIM - PAR,0.3,False,0.00473,0.47336,,0.91,1784003395
All Pools,Oracle - BLACK,0.3,False,0.00467,1.255,,0.34,1784003395
All Pools,YEEHAW - ABC,0.3,False,0.00444,0.2335,,1.74,1784003395
All Pools,PinOcchio - AVAX,0.3,False,0.00443,7.727,,0.05,1784003395
All Pools,PinOcchio - Gravity,0.3,False,0.00441,1.487,,0.27,1784003395
All Pools,ETHM - AVAX,0.3,False,0.00434,21.42,,0.02,1784003395
All Pools,WETH.e - ETHM,0.3,False,0.00428,0.4075,,0.96,1784003395
All Pools,USDC.e - GG,0.3,False,0.00414,0.37297,,1.01,1784003395
All Pools,BNZ - WINK,0.3,False,0.00408,0.24453,,1.52,1784003395
All Pools,MIM - YAK,0.3,False,0.00398,0.16614,,2.18,1784003395
All Pools,AMI - EROL,0.3,False,0.00394,0.30266,,1.19,1784003395
All Pools,ERROR - AMI,0.3,False,0.0035,1.741,,0.18,1784003395
All Pools,AVAX - WINE,0.3,False,0.00343,0.08442,,3.7,1784003395
All Pools,AVAX - MTB,0.3,False,0.00321,0.4246,,0.69,1784003395
All Pools,AVAX - DREX,0.3,False,0.00317,0.19882,,1.46,1784003395
All Pools,MIM - MTB,0.3,False,0.00315,0.44485,,0.65,1784003395
All Pools,MIM - DREX,0.3,False,0.00312,5.648,,0.05,1784003395
All Pools,SNTA - MIM,0.3,False,0.00299,0.31987,,0.85,1784003395
All Pools,GRAPE - AVAX,0.3,False,0.00298,0.09546,,2.84,1784003395
All Pools,LIFE - AVAX,0.3,False,0.00294,0.73994,,0.36,1784003395
All Pools,MIM - LIFE,0.3,False,0.00289,0.23699,,1.11,1784003395
All Pools,USDC.e - TIME,0.3,False,0.0028,0.19486,,1.31,1784003395
All Pools,JOE - aXEN,0.3,False,0.00274,0.17338,,1.44,1784003395
All Pools,DB - AVAX,0.3,False,0.00271,1.367,,0.18,1784003395
All Pools,STG - JOE,0.3,False,0.00268,0.10314,,2.37,1784003395
All Pools,xJOE - AVAX,0.3,False,0.00268,1.778,,0.14,1784003395
All Pools,FAP - AVAX,0.3,False,0.00267,67.66,,0.0,1784003395
All Pools,MIM - DB,0.3,False,0.00266,0.18953,,1.28,1784003395
All Pools,xJOE - wsOHM,0.3,False,0.00263,0.17744,,1.35,1784003395
All Pools,MIM - FAP,0.3,False,0.00255,0.04758,,4.9,1784003395
All Pools,JOE - AMI,0.3,False,0.00227,0.1434,,1.44,1784003395
All Pools,ABC - MU,0.3,False,0.00217,0.05039,,3.94,1784003395
All Pools,NineHundred - BLACK,0.3,False,0.00213,2.606,,0.07,1784003395
All Pools,AVAX - PLEB,0.3,False,0.0021,0.08876,,2.16,1784003395
All Pools,BLOB - AVAX,0.3,False,0.00206,2308.87,,,1784003395
All Pools,MIM - PLEB,0.3,False,0.00205,7.999,,0.02,1784003395
All Pools,LUNA - USDC,0.3,False,0.00199,0.09458,,1.92,1784003395
All Pools,MIM - AKITA,0.3,False,0.00197,0.08096,,2.22,1784003395
All Pools,AMI - COQAI,0.3,False,0.00197,2.72,,0.07,1784003395
All Pools,ACS - USDt,0.3,False,0.00182,0.95417,,0.17,1784003395
All Pools,USDC.e - XAVA,0.3,False,0.00177,0.3399,,0.48,1784003395
All Pools,UST - WINE,0.3,False,0.00152,0.11473,,1.21,1784003395
All Pools,TSD - USDC.e,0.3,False,0.00148,0.06215,,2.17,1784003395
All Pools,BTC.b - GMX,0.3,False,0.00125,1.246,,0.09,1784003395
All Pools,ILoveMyTwinFlame - AVAX,0.3,False,0.00115,3.98,,0.03,1784003395
All Pools,ILoveMyTwinFlame - Gravity,0.3,False,0.00114,1.608,,0.06,1784003395
All Pools,YEEHAW - Gladiator,0.3,False,0.00108,0.08346,,1.18,1784003395
All Pools,USDC - XPOW,0.3,False,0.00102,0.02392,,3.87,1784003395
All Pools,GRAPE - USDC.e,0.3,False,0.00101,0.03926,,2.34,1784003395
All Pools,COQ - USDt,0.3,False,,0.04117,,2.05,1784003395
All Pools,YEEHAW - MU,0.3,False,,0.12045,,0.66,1784003395
All Pools,AVME - AVAX,0.3,False,,0.00164,,45.51,1784003395
All Pools,CRAFT - AVAX,0.3,False,,288.94,,,1784003395
All Pools,ROCO - USDT.e,0.3,False,,0.10341,,0.67,1784003395
All Pools,PGX - AVAX,0.3,False,,10104.0,,,1784003395
All Pools,SYN - JOE,0.3,False,,0.01726,,3.19,1784003395
All Pools,FollowTheWhiteRabbit - BLACK,0.3,False,,0.12675,,0.41,1784003395
All Pools,SPORE - USDC,0.3,False,,1391.81,,,1784003395
All Pools,DONK - AVAX,0.3,False,,21.57,,,1784003395
All Pools,aAVAXb - AVAX,0.3,False,,0.25486,,0.02,1784003395
All Pools,MU - KET,0.3,False,,0.93444,,,1784003395
All Pools,aAvaWAVAX - AVAX,0.3,False,,0.18289,,0.0,1784003395
All Pools,FATE - USDC,0.3,False,,448673.0,,,1784003395
All Pools,bJOE - JOE,0.3,False,,0.05365,,0.0,1784003395
All Pools,bXAVA - XAVA,0.3,False,,0.04508,,0.0,1784003395
All Pools,MIM - JOE,0.3,False,,0.00211,,0.03,1784003395
All Pools,bUSDT - AVAX,0.3,False,,0.00218,,0.01,1784003395
All Pools,sAVAX - WETH.e,0.3,False,,0.00962,,0.0,1784003395
All Pools,GB - USDC.e,0.3,False,,0.00203,,0.0,1784003395
All Pools,YTS - GB,0.3,False,,0.00107,,0.0,1784003395
All Pools,GB - BOOFI,0.3,False,,,,0.0,1784003395
All Pools,AVAX - avWAVAX,0.3,False,,0.00101,,,1784003395
All Pools,SPORE - JOE,0.3,False,,0.40687,,,1784003395
All Pools,GB - XAVA,0.3,False,,,,0.0,1784003395
All Pools,AVAX - bWETH,0.3,False,,,,0.2,1784003395
All Pools,AVAX - USDC,0.05,False,1009633.0,378012.0,538.21,51.97,1784006998
All Pools,sAVAX - AVAX,0.01,False,124329.0,47024.0,14.17,11.0,1784006998
All Pools,USDt - USDC,0.01,False,86798.0,163153.0,9.076,2.03,1784006998
All Pools,AUSD - USDC,0.01,False,81530.0,102091.0,7.943,2.84,1784006998
All Pools,USDt - USDC,0.005,False,75550.0,160430.0,5.786,1.32,1784006998
All Pools,BTC.b - USDC,0.05,False,68084.0,571548.0,35.6,2.27,1784006998
All Pools,FOLKS - AVAX,0.25,False,32610.0,36358.0,84.39,84.72,1784006998
All Pools,AUSD - USDt,0.01,False,32039.0,59851.0,3.478,2.12,1784006998
All Pools,AVAX - USDT.e,0.3,False,22636.0,468283.0,56.59,4.41,1784006998
All Pools,AVAX - USDC,0.3,False,20385.0,344654.0,50.96,5.4,1784006998
All Pools,USDC.e - AVAX,0.3,False,19551.0,364511.0,48.88,4.89,1784006998
All Pools,AAVE.e - AVAX,0.3,False,18797.0,260603.0,46.99,6.58,1784006998
All Pools,gOHM - AVAX,0.3,False,15671.0,124495.0,39.18,11.49,1784006998
All Pools,AVAX - USDt,0.2,False,15310.0,98508.0,30.97,11.48,1784006998
All Pools,USDC - XAVA,0.3,False,14959.0,487732.0,37.4,2.8,1784006998
All Pools,AVAX - BTC.b,0.05,False,12574.0,26792.0,8.26,11.25,1784006998
All Pools,WETH.e - AVAX,0.3,False,11973.0,366260.0,29.93,2.98,1784006998
All Pools,ARENA - AVAX,0.01,False,10230.0,98229.0,1.023,0.38,1784006998
All Pools,USDT.e - USDt,0.02,False,9663.59,44449.0,1.933,1.59,1784006998
All Pools,USDT.e - USDC,0.02,False,9156.58,51070.0,1.845,1.32,1784006998
All Pools,XAVA - AVAX,0.8,False,6415.16,156125.0,51.68,12.08,1784006998
All Pools,NXUSD - WXT,0.3,False,6182.67,473990.0,15.46,1.19,1784006998
All Pools,JOE - USDC.e,0.3,False,5932.48,257927.0,14.83,2.1,1784006998
All Pools,COQ - AVAX,0.3,False,5324.1,395174.0,13.31,1.23,1784006998
All Pools,JOE - AVAX,0.3,False,4877.75,209689.0,12.19,2.12,1784006998
All Pools,WBTC.e - AVAX,0.3,False,4126.02,129892.0,10.32,2.9,1784006998
All Pools,MIM - AVAX,0.3,False,4029.72,184029.0,10.07,2.0,1784006998
All Pools,BTC.b - AVAX,0.3,False,3435.13,106509.0,8.588,2.94,1784006998
All Pools,QI - AVAX,0.3,False,3332.14,128487.0,8.33,2.37,1784006998
All Pools,GUN - AVAX,0.25,False,3089.57,9250.04,12.59,49.67,1784006998
All Pools,NOCHILL - AVAX,0.3,False,2996.06,51979.0,7.49,5.26,1784006998
All Pools,DAI.e - USDC,0.02,False,2404.19,29479.0,0.4755,0.59,1784006998
All Pools,LCPEDU - USDt,0.8,False,2338.38,7178730.0,37.49,0.19,1784006998
All Pools,USDt - AVAX,0.3,False,2322.95,38407.0,5.807,5.52,1784006998
All Pools,BEAM - USDC,0.3,False,1895.73,65288.0,4.739,2.65,1784006998
All Pools,BEAM - AVAX,0.25,False,1890.2,14163.0,4.863,12.53,1784006998
All Pools,ORNG - AVAX,0.3,False,1864.83,16705.0,4.662,10.19,1784006998
All Pools,ZRO - AVAX,0.25,False,1689.14,1641.78,13.31,295.92,1784006998
All Pools,QI - AVAX,0.25,False,1624.78,7817.76,4.09,19.09,1784006998
All Pools,LINK.e - AVAX,0.3,False,1594.61,38321.0,3.987,3.8,1784006998
All Pools,HUNDRED - USDC,0.3,False,1509.08,492921.0,3.773,0.28,1784006998
All Pools,HERESY - AVAX,0.3,False,1502.0,14969.0,3.755,9.16,1784006998
All Pools,USDC.e - USDC,0.02,False,1253.62,3892.96,0.25233,2.37,1784006998
All Pools,SB - AVAX,0.3,False,1212.84,5979.13,3.032,18.51,1784006998
All Pools,SolvBTC - BTC.b,0.04,False,1161.32,176600.0,0.45769,0.09,1784006998
All Pools,AVAX - DAI.e,0.3,False,1153.33,28472.0,2.883,3.7,1784006998
All Pools,USDC.e - USDC,0.02,False,930.02,9737.14,0.12109,0.45,1784006998
All Pools,JOE - USDT.e,0.3,False,928.74,51753.0,2.322,1.64,1784006998
All Pools,WBTC - BTC.b,0.03,False,905.84,80603.0,0.27767,0.13,1784006998
All Pools,GUN - AVAX,0.1,False,814.25,16312.0,2.492,5.58,1784006998
All Pools,WBTC.e - BTC.b,0.03,False,737.77,224119.0,0.2476,0.04,1784006998
All Pools,SYN - AVAX,0.3,False,659.05,5179.65,1.648,11.61,1784006998
All Pools,XSEED - AVAX,0.3,False,657.14,15958.0,1.643,3.76,1784006998
All Pools,AVAX - DOMI,0.3,False,623.64,11503.0,1.559,4.95,1784006998
All Pools,JOE - USDC,0.3,False,568.15,23465.0,1.42,2.21,1784006998
All Pools,USDT.e - USDC,0.02,False,512.61,897.33,0.05323,2.17,1784006998
All Pools,JPYC - USDC,0.04,False,489.86,3196.88,0.21068,2.41,1784006998
All Pools,gOHM - FRAX,0.3,False,396.05,3435.27,0.99012,10.52,1784006998
All Pools,AVAX - RISE,0.3,False,383.4,42812.0,0.95851,0.82,1784006998
All Pools,EURC - USDC,0.03,False,368.21,10488.0,0.1086,0.38,1784006998
All Pools,AVAX - XAVA,0.3,False,361.49,12804.0,0.90372,2.58,1784006998
All Pools,WETH.e - USDC.e,0.3,False,353.04,10814.0,0.8826,2.98,1784006998
All Pools,MIM - SB,0.3,False,317.41,2241.76,0.79351,12.92,1784006998
All Pools,USDC.e - USDC,0.3,False,307.08,481422.0,0.76771,0.06,1784006998
All Pools,PRIME - AVAX,0.4,False,276.11,135595.0,3.037,0.82,1784006998
All Pools,USDt - ncash,0.3,False,205.08,1011.17,0.51269,18.51,1784006998
All Pools,GB - AVAX,0.3,False,185.64,1980.43,0.4641,8.55,1784006998
All Pools,OSAK - AVAX,0.3,False,175.32,3175.18,0.4383,5.04,1784006998
All Pools,GMX - AVAX,0.3,False,173.92,3777.93,0.43479,4.2,1784006998
All Pools,DAI.e - USDC,0.02,False,171.89,2591.58,0.03341,0.47,1784006998
All Pools,AVAX - JUICE,0.3,False,160.4,9412.34,0.401,1.56,1784006998
All Pools,FITFI - USDT.e,0.3,False,155.43,146.31,0.38858,96.94,1784006998
All Pools,COQ - COQAI,0.3,False,147.18,18720.0,0.36796,0.72,1784006998
All Pools,ALOT - AVAX,0.3,False,143.08,10151.0,0.35769,1.29,1784006998
All Pools,YAK - AVAX,0.3,False,141.2,3454.48,0.35301,3.73,1784006998
All Pools,XPOW - AVAX,0.8,False,137.19,236.98,1.254,193.07,1784006998
All Pools,w3ULL - AVAX,0.3,False,136.15,51347.0,0.34038,0.24,1784006998
All Pools,XETA - USDC,0.3,False,121.87,5648.99,0.30468,1.97,1784006998
All Pools,XSGD - USDC,0.05,False,117.66,430.91,0.01868,1.58,1784006998
All Pools,AI - AVAX,0.3,False,107.56,3117.28,0.2689,3.15,1784006998
All Pools,UST - AVAX,0.3,False,101.62,5863.37,0.25405,1.58,1784006998
All Pools,AVAX - UST,0.3,False,99.98,6744.44,0.24996,1.35,1784006998
All Pools,AVAX - ALVA,0.3,False,99.02,776.98,0.24754,11.63,1784006998
All Pools,APIX - USDt,0.3,False,92.53,5847.94,0.23132,1.44,1784006998
All Pools,USDC.e - USDC,0.02,False,85.95,1955.79,0.01722,0.32,1784006998
All Pools,STG - USDC,0.3,False,83.29,1228.48,0.20823,6.19,1784006998
All Pools,CAPY - ARENA,0.3,False,82.67,18681.0,0.20668,0.4,1784006998
All Pools,APIX - ID,0.3,False,81.58,16896.0,0.20396,0.44,1784006998
All Pools,FLD - AVAX,0.3,False,72.3,34946.0,0.18075,0.19,1784006998
All Pools,USDt - USDC,0.02,False,70.36,2237.26,0.01412,0.23,1784006998
All Pools,HEFE - AVAX,0.3,False,69.45,26924.0,0.17363,0.24,1784006998
All Pools,STG - AVAX,0.3,False,68.93,1026.6,0.17232,6.13,1784006998
All Pools,XAVA - AVAX,0.8,False,68.86,450.61,0.5614,45.47,1784006998
All Pools,EMIN - AVAX,0.3,False,62.23,2124.44,0.15556,2.67,1784006998
All Pools,WBTC.e - USDC,0.3,False,58.45,0.39435,0.14613,13525.13,1784006998
All Pools,KLO - AVAX,0.3,False,53.72,11841.0,0.13431,0.41,1784006998
All Pools,AVAX - AMI,0.3,False,51.8,348.43,0.12951,13.57,1784006998
All Pools,BLSEYE🎯 - AVAX,0.3,False,50.06,4413.88,0.12515,1.03,1784006998
All Pools,APIX - USDC,0.3,False,48.88,2919.38,0.1222,1.53,1784006998
All Pools,ABC - AVAX,0.3,False,48.81,467.78,0.12202,9.52,1784006998
All Pools,XAUt0 - USDt,0.04,False,46.77,24746.0,0.15274,0.23,1784006998
All Pools,MIM - USDT.e,0.3,False,44.08,1527.73,0.1102,2.63,1784006998
All Pools,GUN - BLSEYE🎯,0.3,False,40.62,422.43,0.10156,8.78,1784006998
All Pools,AVAX - TOPIA,0.3,False,34.54,1069.62,0.08636,2.95,1784006998
All Pools,ROY - AVAX,0.3,False,33.2,3944.11,0.08299,0.77,1784006998
All Pools,Balln - AVAX,0.3,False,31.91,3798.63,0.07979,0.77,1784006998
All Pools,ZRO - AVAX,0.3,False,31.25,135.66,0.07813,21.02,1784006998
All Pools,SHRAP - AVAX,0.8,False,31.14,8811.29,0.25035,1.04,1784006998
All Pools,GURS - AVAX,0.3,False,30.74,5445.4,0.07685,0.52,1784006998
All Pools,BEAM - AVAX,0.3,False,23.73,375.26,0.05932,5.77,1784006998
All Pools,Psychic - AVAX,0.3,False,22.88,880.08,0.05721,2.37,1784006998
All Pools,SECOND - USDC,0.3,False,21.6,7003.88,0.054,0.28,1784006998
All Pools,SECOND - AVAX,0.3,False,21.6,1450.08,0.05399,1.36,1784006998
All Pools,ISA - USDC.e,0.3,False,21.4,1436.2,0.05349,1.36,1784006998
All Pools,GUN - AVAX,0.3,False,21.3,192.06,0.05326,10.12,1784006998
All Pools,AVAX - GEC,0.3,False,21.11,26941.0,0.05277,0.07,1784006998
All Pools,ISA - AVAX,0.3,False,20.96,16781.0,0.0524,0.11,1784006998
All Pools,MIM - USDC.e,0.3,False,19.47,777.52,0.04867,2.28,1784006998
All Pools,ABC - HOWDY,0.3,False,19.4,464.98,0.0485,3.81,1784006998
All Pools,BNB - AVAX,0.3,False,19.33,2770.93,0.04832,0.64,1784006998
All Pools,RGOGLZ - USDC,0.3,False,19.18,1320.85,0.04795,1.32,1784006998
All Pools,LUNA - USDC.e,0.3,False,19.14,642.14,0.04786,2.72,1784006998
All Pools,PNG - AVAX,0.3,False,18.82,794.67,0.04705,2.16,1784006998
All Pools,YAK - USDC,0.25,False,18.61,22.16,0.0593,97.65,1784006998
All Pools,BINI - AVAX,0.3,False,18.47,0.07747,0.04617,21753.14,1784006998
All Pools,BOI - AVAX,0.3,False,18.26,40.8,0.04564,40.82,1784006998
All Pools,HOWDY - USDC,0.3,False,17.83,2955.97,0.04458,0.55,1784006998
All Pools,AVAX - SOLNIC,0.3,False,17.18,3534.1,0.04295,0.44,1784006998
All Pools,KIMBO - AVAX,0.3,False,16.46,39596.0,0.04114,0.04,1784006998
All Pools,APIX - ARENA,0.3,False,16.07,1660.14,0.04017,0.88,1784006998
All Pools,sAVAX - AVAX,0.3,False,16.03,170658.0,0.04006,0.01,1784006998
All Pools,AVAX - FRAX,0.3,False,15.19,675.31,0.03798,2.05,1784006998
All Pools,DCAU - USDT.e,0.3,False,15.08,5052.17,0.0377,0.27,1784006998
All Pools,FITFI - AVAX,0.3,False,14.94,13.0,0.03736,104.89,1784006998
All Pools,Psychic - XAUt0,0.3,False,14.12,5753.52,0.0353,0.22,1784006998
All Pools,DCAU - AVAX,0.3,False,13.78,1015.23,0.03444,1.24,1784006998
All Pools,WETH.e - USDC,0.15,False,13.35,8971.89,0.02012,0.08,1784006998
All Pools,HUSKY - AVAX,0.3,False,13.28,2041.33,0.03319,0.59,1784006998
All Pools,3QF - D - AVAX,0.3,False,12.35,1295.23,0.03088,0.87,1784006998
All Pools,3QF - D - WETH.e,0.3,False,12.32,2378.38,0.03079,0.47,1784006998
All Pools,AVAXAI - USDC,0.3,False,12.28,1516.86,0.03071,0.74,1784006998
All Pools,APIX - LAMBO,0.3,False,11.96,437.72,0.02991,2.49,1784006998
All Pools,TECH - AVAX,0.3,False,11.63,9638.97,0.02907,0.11,1784006998
All Pools,sAVAX - JACK,0.3,False,11.61,273389.0,0.02903,0.0,1784006998
All Pools,YAK - USDC.e,0.3,False,10.66,221.02,0.02665,4.4,1784006998
All Pools,MIM - WETH.e,0.3,False,10.24,495.77,0.02561,1.89,1784006998
All Pools,MEAT - AVAX,0.3,False,9.141,3703.58,0.02285,0.23,1784006998
All Pools,AVAX - ELK,0.3,False,8.243,1293.55,0.02061,0.58,1784006998
All Pools,WETH.e - REDWOLF,0.3,False,8.064,82.06,0.02016,8.97,1784006998
All Pools,EGG - AVAX,0.3,False,7.832,16441.0,0.01958,0.04,1784006998
All Pools,HATCHY - AVAX,0.3,False,7.816,6572.02,0.01954,0.11,1784006998
All Pools,SHRAP - DOMI,0.3,False,7.491,170.34,0.01873,4.01,1784006998
All Pools,BLSEYE🎯 - ARENA,0.3,False,6.92,855.82,0.0173,0.74,1784006998
All Pools,BTC.b - TOPIA,0.3,False,6.861,445.3,0.01715,1.41,1784006998
All Pools,USDC.e - SOL,0.3,False,6.566,35.98,0.01642,16.65,1784006998
All Pools,TRESR - AVAX,0.3,False,6.478,7814.49,0.0162,0.08,1784006998
All Pools,AVAX - PEFI,0.3,False,5.922,3221.91,0.01481,0.17,1784006998
All Pools,USV - DAI.e,0.3,False,5.661,3961.28,0.01415,0.13,1784006998
All Pools,avUSD - sAVAX,0.3,False,5.572,224.05,0.01393,2.27,1784006998
All Pools,PTOP500 - TOPIA,0.3,False,5.467,107.3,0.01367,4.65,1784006998
All Pools,REDWOLF - AVAX,0.3,False,5.368,387.49,0.01342,1.26,1784006998
All Pools,UST - USDC,0.3,False,5.334,430.41,0.01333,1.13,1784006998
All Pools,REDWOLF - USDC,0.3,False,5.261,186.63,0.01315,2.57,1784006998
All Pools,AVAX - HON,0.3,False,5.189,49252.0,0.01297,0.01,1784006998
All Pools,REDWOLF - SOL,0.3,False,5.14,58.79,0.01285,7.98,1784006998
All Pools,YOU - ORNG,0.3,False,4.852,1356.2,0.01213,0.33,1784006998
All Pools,MUON - AVAX,0.3,False,4.563,40265.0,0.01141,0.01,1784006998
All Pools,gOHM - SB,0.3,False,4.421,16.65,0.01105,24.24,1784006998
All Pools,ORNG - FLUX,0.3,False,4.407,108.74,0.01102,3.7,1784006998
All Pools,XROSS - ORNG,0.3,False,4.311,235.47,0.01078,1.67,1784006998
All Pools,AAVE.e - REDWOLF,0.3,False,4.282,151.44,0.0107,2.58,1784006998
All Pools,LINK.e - USDT.e,0.3,False,4.246,219.07,0.01062,1.77,1784006998
All Pools,YEEHAW - BTC.b,0.3,False,4.241,49.25,0.0106,7.86,1784006998
All Pools,USDC.e - MU,0.3,False,4.186,13177.0,0.01046,0.03,1784006998
All Pools,MYST - AVAX,0.3,False,4.151,650.58,0.01038,0.58,1784006998
All Pools,BLSEYE🎯 - MEOW,0.3,False,4.141,822.52,0.01035,0.46,1784006998
All Pools,FLOT - AVAX,0.3,False,4.106,2922.32,0.01026,0.13,1784006998
All Pools,LUNA - USDC.e,0.3,False,4.015,334.87,0.01004,1.09,1784006998
All Pools,MYST - USDC,0.3,False,3.695,218.05,0.00924,1.55,1784006998
All Pools,BLSEYE🎯 - BEAM,0.3,False,3.682,268.4,0.00921,1.25,1784006998
All Pools,AVAX - aXEN,0.3,False,3.668,167.04,0.00917,2.0,1784006998
All Pools,AVAX - AKITA,0.3,False,3.641,1753.62,0.0091,0.19,1784006998
All Pools,DATCM - ORNG,0.3,False,3.416,233.32,0.00854,1.34,1784006998
All Pools,AVAX - BGR,0.3,False,3.314,177.02,0.00828,1.71,1784006998
All Pools,Now - AVAX,0.3,False,3.22,189.16,0.00805,1.55,1784006998
All Pools,SWIFT - AVAX,0.3,False,3.188,231.48,0.00797,1.26,1784006998
All Pools,AVAX - NaughtiusMaximus,0.3,False,3.169,331.41,0.00792,0.87,1784006998
All Pools,LINK.e - USDC.e,0.3,False,3.133,182.07,0.00783,1.57,1784006998
All Pools,AVAX - EROL,0.0,False,3.124,37.83,0.0,0.0,1784006998
All Pools,AVAX - SOCK,0.3,False,3.051,2384.12,0.00763,0.12,1784006998
All Pools,USDC - SOCK,0.3,False,3.038,415.08,0.0076,0.67,1784006998
All Pools,ORNG - SAI,0.3,False,2.881,105.4,0.0072,2.49,1784006998
All Pools,AVAX - FRAX,0.3,False,2.866,226.39,0.00717,1.16,1784006998
All Pools,USDC.e - sSB,0.3,False,2.84,838.97,0.0071,0.31,1784006998
All Pools,XAUt0 - NaughtiusMaximus,0.3,False,2.819,875.18,0.00705,0.29,1784006998
All Pools,SWIFT - WETH.e,0.3,False,2.794,1269.21,0.00699,0.2,1784006998
All Pools,APOW - AVAX,0.3,False,2.753,618.88,0.00688,0.41,1784006998
All Pools,DPS - USDC,0.3,False,2.729,1811.71,0.00682,0.14,1784006998
All Pools,DPS - AVAX,0.3,False,2.729,182.45,0.00682,1.36,1784006998
All Pools,oXAUT - AVAX,0.3,False,2.579,405.63,0.00645,0.58,1784006998
All Pools,BTC.b - oXAUT,0.3,False,2.578,309.34,0.00644,0.76,1784006998
All Pools,AVAX - ChristMark,0.3,False,2.449,267.3,0.00612,0.84,1784006998
All Pools,JOE - USDT,0.3,False,2.428,279.56,0.00607,0.79,1784006998
All Pools,Psychic - BLACK,0.3,False,2.414,257.95,0.00603,0.85,1784006998
All Pools,ORNG - MOOM,0.3,False,2.405,185.69,0.00601,1.18,1784006998
All Pools,TOPIA - PTOP600,0.3,False,2.363,120.07,0.00591,1.8,1784006998
All Pools,YUSD - AVAX,0.3,False,2.32,116.53,0.0058,1.82,1784006998
All Pools,FTOMB - AVAX,0.3,False,2.246,6693.57,0.00561,0.03,1784006998
All Pools,AVAX - ONION,0.3,False,2.124,147.45,0.00531,1.31,1784006998
All Pools,USDT.e - ONION,0.3,False,2.119,740.69,0.0053,0.26,1784006998
All Pools,LIQR - AVAX,0.3,False,2.082,36428.0,0.0052,0.01,1784006998
All Pools,BNZ - AVAX,0.3,False,2.05,148.0,0.00513,1.26,1784006998
All Pools,KINGSHIT - AVAX,0.3,False,2.001,3553.42,0.005,0.05,1784006998
All Pools,AVAX - CLY,0.3,False,1.994,21737.0,0.00499,0.01,1784006998
All Pools,XAUt0 - ChristMark,0.3,False,1.976,576.67,0.00494,0.31,1784006998
All Pools,USDT.e - CLY,0.3,False,1.959,179.93,0.0049,0.99,1784006998
All Pools,MAGICK - USDC,0.3,False,1.936,226.13,0.00484,0.78,1784006998
All Pools,MAGICK - AVAX,0.3,False,1.936,280.87,0.00484,0.63,1784006998
All Pools,VPND - AVAX,0.3,False,1.936,17857.0,0.00484,0.01,1784006998
All Pools,USDC.e - AVVO,0.3,False,1.934,224.98,0.00483,0.78,1784006998
All Pools,ORNG - JUCI,0.3,False,1.926,242.03,0.00482,0.73,1784006998
All Pools,HOST - DAI.e,0.3,False,1.92,2497.91,0.0048,0.07,1784006998
All Pools,XAUt0 - Now,0.3,False,1.885,560.4,0.00471,0.31,1784006998
All Pools,Now - BLACK,0.3,False,1.88,233.89,0.0047,0.73,1784006998
All Pools,SWIFT - USDC.e,0.3,False,1.869,479.89,0.00467,0.36,1784006998
All Pools,AVAX - USDT,0.3,False,1.793,1709.17,0.00448,0.1,1784006998
All Pools,UST - USDC.e,0.3,False,1.79,676.7,0.00448,0.24,1784006998
All Pools,WETH - USDC.e,0.3,False,1.681,200.87,0.0042,0.76,1784006998
All Pools,BANKSY - USDT.e,0.3,False,1.653,1514.99,0.00413,0.1,1784006998
All Pools,BANKSY - AVAX,0.3,False,1.651,142.05,0.00413,1.06,1784006998
All Pools,YEEHAW - TOPIA,0.3,False,1.626,109.25,0.00407,1.36,1784006998
All Pools,AVAX - TIME,0.3,False,1.625,562.51,0.00406,0.26,1784006998
All Pools,LF - AVAX,0.3,False,1.613,283.26,0.00403,0.52,1784006998
All Pools,AVAX - IMPACT2,0.3,False,1.605,137.72,0.00401,1.06,1784006998
All Pools,USDC - MXNB,0.3,False,1.603,17.37,0.00401,8.42,1784006998
All Pools,AVAX - SPELL,0.3,False,1.601,1935.79,0.004,0.08,1784006998
All Pools,MIM - LF,0.3,False,1.589,399.72,0.00397,0.36,1784006998
All Pools,Gravity - AVAX,0.3,False,1.523,238.05,0.00381,0.58,1784006998
All Pools,APOW - USDC,0.3,False,1.506,115.12,0.00376,1.19,1784006998
All Pools,XAUt0 - Gravity,0.3,False,1.474,311.86,0.00369,0.43,1784006998
All Pools,gOHM - wsOHM,0.3,False,1.471,17.32,0.00368,7.75,1784006998
All Pools,MIM - wsOHM,0.3,False,1.464,180.95,0.00366,0.74,1784006998
All Pools,USDt - USDT.e,0.3,False,1.46,20453.0,0.00365,0.01,1784006998
All Pools,FXS - AVAX,0.3,False,1.424,286.94,0.00356,0.45,1784006998
All Pools,DREGG - AVAX,0.3,False,1.376,145.19,0.00344,0.86,1784006998
All Pools,DREGG - USDT.e,0.3,False,1.376,511.65,0.00344,0.25,1784006998
All Pools,HUSKY - JOE,0.3,False,1.336,91.75,0.00334,1.33,1784006998
All Pools,SMRTr - USDC.e,0.3,False,1.322,105.08,0.00331,1.15,1784006998
All Pools,SMRTr - AVAX,0.3,False,1.322,25788.0,0.00331,0.0,1784006998
All Pools,APOW - USDt,0.3,False,1.248,114.87,0.00312,0.99,1784006998
All Pools,WOO.e - AVAX,0.3,False,1.226,65.67,0.00306,1.7,1784006998
All Pools,Gladiator - ARENA,0.3,False,1.222,337.75,0.00306,0.33,1784006998
All Pools,Gladiator - USDC,0.3,False,1.215,269.07,0.00304,0.41,1784006998
All Pools,PNG - JOE,0.3,False,1.192,115.49,0.00298,0.94,1784006998
All Pools,KIWI - USDC,0.3,False,1.187,299.21,0.00297,0.36,1784006998
All Pools,KIWI - AVAX,0.3,False,1.187,94.41,0.00297,1.15,1784006998
All Pools,BLUB - AVAX,0.3,False,1.18,11658.0,0.00295,0.01,1784006998
All Pools,BEAR - AVAX,0.3,False,1.176,5052.53,0.00294,0.02,1784006998
All Pools,USDC - SDOG,0.3,False,1.17,365.4,0.00292,0.29,1784006998
All Pools,STEAK - AVAX,0.3,False,1.157,9741.16,0.00289,0.01,1784006998
All Pools,AVAX - AVVO,0.3,False,1.148,228.98,0.00287,0.46,1784006998
All Pools,WETH.e - ONION,0.3,False,1.144,229.82,0.00286,0.45,1784006998
All Pools,GB - USDT.e,0.3,False,1.14,22.24,0.00285,4.67,1784006998
All Pools,DCAU - MIM,0.3,False,1.139,114.4,0.00285,0.91,1784006998
All Pools,MIM - SDOG,0.3,False,1.128,92.14,0.00282,1.12,1784006998
All Pools,USDC.e - WXT,0.3,False,1.097,194.63,0.00274,0.51,1784006998
All Pools,AVAX - mYAK,0.3,False,1.074,49.75,0.00269,1.97,1784006998
All Pools,DCAU - USDC,0.3,False,1.073,144.24,0.00268,0.68,1784006998
All Pools,AVAX - MU,0.3,False,1.071,73.78,0.00268,1.32,1784006998
All Pools,PTOP700 - TOPIA,0.3,False,1.069,103.36,0.00267,0.94,1784006998
All Pools,Trinity - AVAX,0.3,False,1.063,738.79,0.00266,0.13,1784006998
All Pools,MIM - USDC,0.3,False,1.059,29.92,0.00265,3.23,1784006998
All Pools,WBTC.e - ONION,0.3,False,1.048,348.81,0.00262,0.27,1784006998
All Pools,KRW - AVAX,0.3,False,1.047,309.94,0.00262,0.31,1784006998
All Pools,JOE - KRW,0.3,False,1.046,145.21,0.00261,0.66,1784006998
All Pools,WOLF - AVAX,0.3,False,1.036,27342.0,0.00259,0.0,1784006998
All Pools,WETH.e - USDT.e,0.3,False,1.036,147.11,0.00259,0.64,1784006998
All Pools,Trinity - Psychic,0.3,False,1.033,405.24,0.00258,0.23,1784006998
All Pools,BTC.b - IMPACT2,0.3,False,1.009,1275.9,0.00252,0.07,1784006998
All Pools,AVAX - SMRT,0.3,False,1.004,1623.95,0.00251,0.06,1784006998
All Pools,USDT.e - SMRT,0.3,False,0.99039,87.98,0.00248,1.03,1784006998
All Pools,MIM - MU,0.3,False,0.98234,95.91,0.00246,0.93,1784006998
All Pools,MaryMagdalene - XAUt0,0.3,False,0.97646,1664.31,0.00244,0.05,1784006998
All Pools,LUNA - AVAX,0.3,False,0.96325,123.62,0.00241,0.71,1784006998
All Pools,LINDA - AVAX,0.3,False,0.94452,1585.31,0.00236,0.05,1784006998
All Pools,AVAX - ARENA,0.3,False,0.92934,57.54,0.00232,1.47,1784006998
All Pools,DAI.e - ONION,0.3,False,0.89531,331.48,0.00224,0.25,1784006998
All Pools,GB - MUG,0.3,False,0.87807,17.42,0.0022,4.6,1784006998
All Pools,MaryMagdalene - AVAX,0.3,False,0.85345,173.82,0.00213,0.45,1784006998
All Pools,HOST - AVAX,0.3,False,0.83172,88.3,0.00208,0.86,1784006998
All Pools,HOWDY - USDt,0.3,False,0.78208,173.72,0.00196,0.41,1784006998
All Pools,TSD - AVAX,0.3,False,0.76623,177.99,0.00192,0.39,1784006998
All Pools,USDC.e - ONION,0.3,False,0.74916,370.06,0.00187,0.18,1784006998
All Pools,SYMBIOT - AVAX,0.3,False,0.74256,74.71,0.00186,0.91,1784006998
All Pools,DZHV - AVAX,0.3,False,0.73006,10295.0,0.00183,0.01,1784006998
All Pools,AVAX - EROL,0.3,False,0.72827,20.27,0.00182,3.28,1784006998
All Pools,SYMBIOT - DAI.e,0.3,False,0.69489,443.27,0.00174,0.14,1784006998
All Pools,ZUBAX - USDT.e,0.3,False,0.67337,171.33,0.00168,0.36,1784006998
All Pools,ZRO - USDC,0.3,False,0.6634,4.544,0.00166,13.32,1784006998
All Pools,AVAX - rsAVAX,0.3,False,0.65862,162.14,0.00165,0.37,1784006998
All Pools,MAXI - DAI.e,0.3,False,0.64958,222.7,0.00162,0.27,1784006998
All Pools,BUSD - AVAX,0.3,False,0.6438,336.79,0.00161,0.17,1784006998
All Pools,GENI - USDC,0.3,False,0.63541,1183.17,0.00159,0.05,1784006998
All Pools,GENI - AVAX,0.3,False,0.6354,50.17,0.00159,1.16,1784006998
All Pools,Val - AVAX,0.3,False,0.6325,243.68,0.00158,0.24,1784006998
All Pools,AVAX - MUG,0.3,False,0.61146,248.76,0.00153,0.22,1784006998
All Pools,AVAX - ZUBAX,0.3,False,0.60297,91.35,0.00151,0.6,1784006998
All Pools,BTC.b - REDWOLF,0.3,False,0.57926,97.79,0.00145,0.54,1784006998
All Pools,KALM - USDC,0.3,False,0.56447,77.29,0.00141,0.67,1784006998
All Pools,KALM - AVAX,0.3,False,0.56446,97.2,0.00141,0.53,1784006998
All Pools,MIM - PEFI,0.3,False,0.56306,67.13,0.00141,0.77,1784006998
All Pools,CommieSukey - AVAX,0.3,False,0.55452,212.38,0.00139,0.24,1784006998
All Pools,Psychic - CommieSukey,0.3,False,0.55307,243.53,0.00138,0.21,1784006998
All Pools,Meaning - AVAX,0.3,False,0.54598,330.89,0.00136,0.15,1784006998
All Pools,Psychic - Meaning,0.3,False,0.54494,238.33,0.00136,0.21,1784006998
All Pools,50 - AVAX,0.3,False,0.53648,59.9,0.00134,0.82,1784006998
All Pools,50 - USDC,0.3,False,0.53644,112.18,0.00134,0.44,1784006998
All Pools,SYN - REDWOLF,0.3,False,0.51862,5.253,0.0013,9.01,1784006998
All Pools,WBTC.e - USDT.e,0.3,False,0.51629,154.78,0.00129,0.3,1784006998
All Pools,NOCHILL - OX,0.3,False,0.50997,13296.0,0.00127,0.0,1784006998
All Pools,HOWDY - ARENA,0.3,False,0.50141,37.95,0.00125,1.21,1784006998
All Pools,STG - L - Swing,0.3,False,0.49938,16.19,0.00125,2.82,1784006998
All Pools,COQ - OSAK,0.3,False,0.4946,17.19,0.00124,2.63,1784006998
All Pools,YEEHAW - CHAMP,0.3,False,0.49376,922.01,0.00123,0.05,1784006998
All Pools,AVAX - Wej,0.3,False,0.47544,212.45,0.00119,0.2,1784006998
All Pools,YEEHAW - AVAX,0.3,False,0.47482,11.66,0.00119,3.72,1784006998
All Pools,JOE - EXP,0.3,False,0.47432,10313460.0,0.00119,,1784006998
All Pools,Psychic - Wej,0.3,False,0.47397,243.59,0.00118,0.18,1784006998
All Pools,sifu - DAI.e,0.3,False,0.46831,3.885,0.00117,11.0,1784006998
All Pools,DFIAT - AVAX,0.3,False,0.46555,5971.03,0.00116,0.01,1784006998
All Pools,DogL - AVAX,0.3,False,0.45883,213.24,0.00115,0.2,1784006998
All Pools,Psychic - DogL,0.3,False,0.45752,243.66,0.00114,0.17,1784006998
All Pools,L - Swing - aXEN,0.3,False,0.45232,51.69,0.00113,0.8,1784006998
All Pools,STATIK - AVAX,0.3,False,0.45186,31.06,0.00113,1.33,1784006998
All Pools,MerryXmas - AVAX,0.3,False,0.44903,195.42,0.00112,0.21,1784006998
All Pools,Psychic - MerryXmas,0.3,False,0.44772,224.1,0.00112,0.18,1784006998
All Pools,MIM - WINE,0.3,False,0.44687,173.26,0.00112,0.24,1784006998
All Pools,AVAX - BlackAndGold,0.3,False,0.44628,213.24,0.00112,0.19,1784006998
All Pools,Psychic - BlackAndGold,0.3,False,0.44498,243.64,0.00111,0.17,1784006998
All Pools,AVAX - RedFolder,0.3,False,0.44206,212.37,0.00111,0.19,1784006998
All Pools,Psychic - RedFolder,0.3,False,0.44064,243.7,0.0011,0.16,1784006998
All Pools,MIM - GRAPE,0.3,False,0.43814,119.64,0.0011,0.33,1784006998
All Pools,AVAX - All,0.3,False,0.43684,213.44,0.00109,0.19,1784006998
All Pools,Psychic - All,0.3,False,0.43546,243.71,0.00109,0.16,1784006998
All Pools,sifu - USDT.e,0.3,False,0.42542,10.25,0.00106,3.79,1784006998
All Pools,LUNA - AVAX,0.3,False,0.41762,13.73,0.00104,2.78,1784006998
All Pools,ArniStitch - AVAX,0.3,False,0.41642,211.97,0.00104,0.18,1784006998
All Pools,Psychic - ArniStitch,0.3,False,0.41525,243.78,0.00104,0.16,1784006998
All Pools,sAVAX - COQ,0.3,False,0.40996,60.59,0.00102,0.62,1784006998
All Pools,JEWEL - USDC,0.3,False,0.40877,3840.9,0.00102,0.01,1784006998
All Pools,Ducks - AVAX,0.3,False,0.40807,212.02,0.00102,0.18,1784006998
All Pools,COQ - OX,0.3,False,0.40759,13967.0,0.00102,0.0,1784006998
All Pools,Psychic - Ducks,0.3,False,0.40673,243.85,0.00102,0.15,1784006998
All Pools,GUN - AMI,0.3,False,0.40441,8.484,0.00101,4.35,1784006998
All Pools,Serpentarius - AVAX,0.3,False,0.4035,215.85,0.00101,0.17,1784006998
All Pools,Psychic - Serpentarius,0.3,False,0.40221,247.32,0.00101,0.15,1784006998
All Pools,USDC - GAU,0.3,False,0.39986,836.31,,0.04,1784006998
All Pools,AMI - TOPIA,0.3,False,0.39485,150.03,,0.24,1784006998
All Pools,LINK.e - REDWOLF,0.3,False,0.39316,69.21,,0.52,1784006998
All Pools,MM - USDC,0.3,False,0.38691,49.78,,0.71,1784006998
All Pools,MM - AVAX,0.3,False,0.38676,66.93,,0.53,1784006998
All Pools,HUSKY - AMI,0.3,False,0.37296,42.36,,0.8,1784006998
All Pools,CQK - USDC,0.3,False,0.3689,30.86,,1.09,1784006998
All Pools,CQK - AVAX,0.3,False,0.36882,97.02,,0.35,1784006998
All Pools,USDt - IMPACT2,0.3,False,0.3687,69.07,,0.49,1784006998
All Pools,AVAX - Prometheus,0.3,False,0.36657,206.95,,0.16,1784006998
All Pools,Psychic - Prometheus,0.3,False,0.36543,236.98,,0.14,1784006998
All Pools,COQ - BLSEYE🎯,0.3,False,0.35422,142.68,,0.23,1784006998
All Pools,AVAX - Seventeen,0.3,False,0.35397,207.62,,0.16,1784006998
All Pools,NaughtiusMaximus - Seventeen,0.3,False,0.35304,679.52,,0.05,1784006998
All Pools,AVAX - KONG,0.3,False,0.35113,5488.54,,0.01,1784006998
All Pools,BLS - USDt,0.3,False,0.35036,127.88,,0.25,1784006998
All Pools,Jjj - AVAX,0.3,False,0.34687,212.03,,0.15,1784006998
All Pools,Psychic - Jjj,0.3,False,0.34578,243.67,,0.13,1784006998
All Pools,meGNX - AVAX,0.3,False,0.34337,12.95,,2.42,1784006998
All Pools,Anon - AVAX,0.3,False,0.34301,7.775,,4.03,1784006998
All Pools,USDC - SHRAP,0.3,False,0.34132,22.05,,1.41,1784006998
All Pools,USDT.e - MU,0.3,False,0.34,250.18,,0.12,1784006998
All Pools,MU - DAI.e,0.3,False,0.33065,235.79,,0.13,1784006998
All Pools,Xmas - AVAX,0.3,False,0.32638,199.16,,0.15,1784006998
All Pools,Psychic - Xmas,0.3,False,0.32544,228.51,,0.13,1784006998
All Pools,AftermathsKobe - AVAX,0.3,False,0.32428,213.41,,0.14,1784006998
All Pools,Psychic - AftermathsKobe,0.3,False,0.32347,245.41,,0.12,1784006998
All Pools,MEOW - AVAX,0.3,False,0.31343,7612.48,,0.0,1784006998
All Pools,MIM - DAI.e,0.3,False,0.31157,19.78,,1.44,1784006998
All Pools,AVAX - SNOB,0.3,False,0.31082,750.04,,0.04,1784006998
All Pools,WBTC - AVAX,0.3,False,0.30782,30.42,,0.92,1784006998
All Pools,BOI - MU,0.3,False,0.30512,0.74543,,37.35,1784006998
All Pools,BRO - AVAX,0.3,False,0.30354,99880.0,,,1784006998
All Pools,BRO - COQ,0.3,False,0.30241,134.36,,0.21,1784006998
All Pools,GLOBA - AVAX,0.3,False,0.30177,39.72,,0.69,1784006998
All Pools,LAMA - AVAX,0.3,False,0.29858,8311.65,,0.0,1784006998
All Pools,gOHM - JOE,0.3,False,0.29823,3.149,,8.64,1784006998
All Pools,Christmas - AVAX,0.3,False,0.29776,180.11,,0.15,1784006998
All Pools,$Crazy - AVAX,0.3,False,0.29379,741.74,,0.04,1784006998
All Pools,USDC - aXEN,0.3,False,0.29032,9.032,,2.93,1784006998
All Pools,AVAX - DUO,0.3,False,0.28936,52.49,,0.5,1784006998
All Pools,USDT.e - DUO,0.3,False,0.28923,50.54,,0.52,1784006998
All Pools,USDC - USD+,0.3,False,0.2873,28.15,,0.93,1784006998
All Pools,AVAX - Sinterklaas,0.3,False,0.28701,100.67,,0.26,1784006998
All Pools,Psychic - Sinterklaas,0.3,False,0.28651,239.85,,0.11,1784006998
All Pools,AVAX - KET,0.3,False,0.28258,22.85,,1.13,1784006998
All Pools,CHAMP - AMI,0.3,False,0.28229,25.37,,1.02,1784006998
All Pools,GLOBA - DAI.e,0.3,False,0.28223,47.26,,0.54,1784006998
All Pools,SOL - USDC,0.3,False,0.28051,20.65,,1.24,1784006998
All Pools,APOW - AVAX,0.3,False,0.27481,1311.21,,0.02,1784006998
All Pools,DiamondbackGall - AVAX,0.3,False,0.27072,213.8,,0.12,1784006998
All Pools,DFIAT - USDT.e,0.3,False,0.2698,26.66,,0.92,1784006998
All Pools,SYN - USDC.e,0.3,False,0.26974,2.688,,9.16,1784006998
All Pools,Psychic - DiamondbackGall,0.3,False,0.26969,244.29,,0.1,1784006998
All Pools,NeatestQuackery - AVAX,0.3,False,0.2689,211.88,,0.12,1784006998
All Pools,Psychic - NeatestQuackery,0.3,False,0.26818,244.0,,0.1,1784006998
All Pools,COQ - NOCHILL,0.3,False,0.26299,8.066,,2.98,1784006998
All Pools,RUX - AVAX,0.3,False,0.25897,25.45,,0.93,1784006998
All Pools,USDt - RUX,0.3,False,0.25882,15972.0,,0.0,1784006998
All Pools,USDC.e - WISE,0.3,False,0.25582,41.09,,0.57,1784006998
All Pools,AVAX - WISE,0.3,False,0.25565,59.16,,0.39,1784006998
All Pools,WETH.e - yyAVAX,0.3,False,0.25161,14.2,,1.62,1784006998
All Pools,COQ - JUICE,0.3,False,0.24764,26.03,,0.87,1784006998
All Pools,SLUSH - USDT.e,0.3,False,0.24501,55.14,,0.41,1784006998
All Pools,SLUSH - AVAX,0.3,False,0.245,45.35,,0.49,1784006998
All Pools,agEUR - USDC,0.3,False,0.24441,59.79,,0.37,1784006998
All Pools,aAvaWAVAX - meGNX,0.3,False,0.24349,2.971,,7.48,1784006998
All Pools,AVAX - TheGospelOfMary,0.3,False,0.24151,117.01,,0.19,1784006998
All Pools,MaryMagdalene - TheGospelOfMary,0.3,False,0.24129,215.75,,0.1,1784006998
All Pools,Silver - AVAX,0.3,False,0.23789,62.65,,0.35,1784006998
All Pools,Silver - Now,0.3,False,0.23685,643.48,,0.03,1784006998
All Pools,GATOR - ARENA,0.3,False,0.22805,1.515,,13.74,1784006998
All Pools,AVAX - MeaningOfNumbers,0.3,False,0.22442,212.42,,0.1,1784006998
All Pools,TRYB - USDC.e,0.3,False,0.22403,31.95,,0.64,1784006998
All Pools,Psychic - MeaningOfNumbers,0.3,False,0.22365,244.38,,0.08,1784006998
All Pools,NOCHILL - KET,0.3,False,0.22036,8.163,,2.46,1784006998
All Pools,UNI.e - REDWOLF,0.3,False,0.2159,11.08,,1.78,1784006998
All Pools,USDC - yyAVAX,0.3,False,0.21471,12.0,,1.63,1784006998
All Pools,wsOHM - USDC.e,0.3,False,0.2125,18.3,,1.06,1784006998
All Pools,AVVO - DAI.e,0.3,False,0.21231,34.72,,0.56,1784006998
All Pools,CHAMP - ARENA,0.3,False,0.21211,13.1,,1.48,1784006998
All Pools,VEE - USDC,0.3,False,0.21173,31.19,,0.62,1784006998
All Pools,TEDDY - AVAX,0.3,False,0.20961,20.63,,0.93,1784006998
All Pools,IMPACT2 - EURC,0.3,False,0.20487,41.09,,0.45,1784006998
All Pools,AVAX - ZABU,0.3,False,0.2018,23.24,,0.79,1784006998
All Pools,Christmas - ChristMark,0.3,False,0.19926,111.82,,0.16,1784006998
All Pools,bCASH - NOCHILL,0.3,False,0.19361,12.26,,1.44,1784006998
All Pools,wsOHM - AVAX,0.3,False,0.19256,8.053,,2.18,1784006998
All Pools,USDC - CHAM,0.3,False,0.19236,46.22,,0.38,1784006998
All Pools,AVAX - CHAM,0.3,False,0.19236,25.59,,0.69,1784006998
All Pools,USDC.e - DAI.e,0.3,False,0.19209,22250.0,,,1784006998
All Pools,BOI - AMI,0.3,False,0.18505,0.48056,,35.14,1784006998
All Pools,MELT - AVAX,0.3,False,0.18431,19.87,,0.85,1784006998
All Pools,AVAI - AVAX,0.3,False,0.18072,19.69,,0.84,1784006998
All Pools,USDT.e - ZABU,0.3,False,0.1769,44.1,,0.37,1784006998
All Pools,Hopi - AVAX,0.3,False,0.17553,156.24,,0.1,1784006998
All Pools,Hopi - Now,0.3,False,0.17537,512.91,,0.03,1784006998
All Pools,Light - AVAX,0.3,False,0.1727,63.7,,0.25,1784006998
All Pools,Light - Now,0.3,False,0.17218,642.72,,0.02,1784006998
All Pools,UNIQOC - AVAX,0.3,False,0.17102,813.6,,0.02,1784006998
All Pools,APOW - USDt,0.3,False,0.17058,21.21,,0.73,1784006998
All Pools,UNIQOC - COQ,0.3,False,0.17017,35.31,,0.44,1784006998
All Pools,USDC - BVAX,0.3,False,0.17011,26.11,,0.59,1784006998
All Pools,XPOW - AVAX,0.3,False,0.16354,1310.43,,0.01,1784006998
All Pools,USDt - XPOW,0.3,False,0.16313,20.55,,0.72,1784006998
All Pools,AVAX - ELK,0.3,False,0.15823,48.3,,0.3,1784006998
All Pools,SPC - DAI.e,0.3,False,0.15703,19.35,,0.74,1784006998
All Pools,SYN - WETH.e,0.3,False,0.15458,1.301,,10.85,1784006998
All Pools,BANKSY - AVAX,0.3,False,0.15383,18.23,,0.77,1784006998
All Pools,BANKSY - USDC.e,0.3,False,0.15377,29.04,,0.48,1784006998
All Pools,METAG - AVAX,0.3,False,0.14974,19.55,,0.7,1784006998
All Pools,Solar - AVAX,0.3,False,0.14883,63.76,,0.21,1784006998
All Pools,Solar - Now,0.3,False,0.14875,643.25,,0.02,1784006998
All Pools,AVAX - Propriety,0.3,False,0.14842,63.56,,0.21,1784006998
All Pools,Now - Propriety,0.3,False,0.14819,642.61,,0.02,1784006998
All Pools,ALOT - USDC.e,0.3,False,0.14615,7.463,,1.79,1784006998
All Pools,Vaccine - AVAX,0.3,False,0.14417,62.59,,0.21,1784006998
All Pools,Vaccine - Now,0.3,False,0.14404,636.49,,0.02,1784006998
All Pools,SYN - USDT.e,0.3,False,0.14393,1.432,,9.17,1784006998
All Pools,FLAKE - USDT.e,0.3,False,0.14375,48.19,,0.27,1784006998
All Pools,FLAKE - AVAX,0.3,False,0.14374,17.04,,0.77,1784006998
All Pools,AVAX - Mentor,0.3,False,0.14212,63.56,,0.2,1784006998
All Pools,WETH.e - USDC,0.3,False,0.14195,20.03,,0.65,1784006998
All Pools,AVAX - BENJI,0.3,False,0.14182,4.756,,2.72,1784006998
All Pools,USDT.e - EXP,0.3,False,0.14162,45046109.0,,,1784006998
All Pools,Now - Mentor,0.3,False,0.14155,641.67,,0.02,1784006998
All Pools,USDt - REDWOLF,0.3,False,0.13983,13.73,,0.93,1784006998
All Pools,TECH - OX,0.3,False,0.13642,5914.9,,0.0,1784006998
All Pools,MELT - USDC.e,0.3,False,0.13459,29.54,,0.42,1784006998
All Pools,WTHT - SNOB,0.3,False,0.1327,1.252,,9.67,1784006998
All Pools,NOCHILL - AMI,0.3,False,0.13194,3.122,,3.86,1784006998
All Pools,YEEHAW - USDC,0.3,False,0.13067,5.477,,2.18,1784006998
All Pools,AVAX - MILO,0.3,False,0.12958,787.2,,0.02,1784006998
All Pools,USDt - MILO,0.3,False,0.12953,13.98,,0.85,1784006998
All Pools,MIM - TIME,0.3,False,0.12891,26.04,,0.45,1784006998
All Pools,TOMB - USDC,0.3,False,0.12804,9.937,,1.18,1784006998
All Pools,Matter - AVAX,0.3,False,0.12747,56.9,,0.2,1784006998
All Pools,Matter - Now,0.3,False,0.1271,580.53,,0.02,1784006998
All Pools,WETH.e - SURE,0.3,False,0.12615,830.26,,0.01,1784006998
All Pools,Now - Blessing,0.3,False,0.12366,568.09,,0.02,1784006998
All Pools,AVAX - Blessing,0.3,False,0.12365,56.62,,0.2,1784006998
All Pools,MIM - VOLT,0.3,False,0.12178,14.49,,0.77,1784006998
All Pools,ABC - AMI,0.3,False,0.12068,2.348,,4.69,1784006998
All Pools,TickTock - AVAX,0.3,False,0.12063,63.81,,0.17,1784006998
All Pools,TickTock - Now,0.3,False,0.12053,643.93,,0.02,1784006998
All Pools,AVAX - STRAW,0.3,False,0.11904,14.2,,0.76,1784006998
All Pools,BrideOfChrist - BLACK,0.3,False,0.1183,17.67,,0.61,1784006998
All Pools,BrideOfChrist - AVAX,0.3,False,0.11821,63.69,,0.17,1784006998
All Pools,Gil - AVAX,0.3,False,0.11629,13.55,,0.78,1784006998
All Pools,AVAT - USDC,0.3,False,0.11521,37.36,,0.28,1784006998
All Pools,MaryMagdalene - ChristMark,0.3,False,0.11434,301.79,,0.03,1784006998
All Pools,Sanskrit - AVAX,0.3,False,0.11383,63.63,,0.16,1784006998
All Pools,Sanskrit - Now,0.3,False,0.11347,642.15,,0.02,1784006998
All Pools,Necromancer - AVAX,0.3,False,0.11181,63.69,,0.16,1784006998
All Pools,Now - Necromancer,0.3,False,0.11156,642.64,,0.02,1784006998
All Pools,DAI.e - STRAW,0.3,False,0.11135,35.89,,0.28,1784006998
All Pools,AVAX - SantaGospel,0.3,False,0.11028,96.57,,0.1,1784006998
All Pools,Slope - AVAX,0.3,False,0.10891,63.7,,0.16,1784006998
All Pools,Gold - AVAX,0.3,False,0.10884,63.82,,0.16,1784006998
All Pools,Gil - DAI.e,0.3,False,0.10878,26.21,,0.38,1784006998
All Pools,Slope - Now,0.3,False,0.10864,641.37,,0.02,1784006998
All Pools,Gold - Now,0.3,False,0.10848,643.85,,0.02,1784006998
All Pools,AVAX - √Root,0.3,False,0.10826,63.79,,0.15,1784006998
All Pools,Now - √Root,0.3,False,0.1076,643.57,,0.02,1784006998
All Pools,Uncontractable - AVAX,0.3,False,0.10754,62.66,,0.16,1784006998
All Pools,Uncontractable - Now,0.3,False,0.10718,628.88,,0.02,1784006998
All Pools,DAI.e - VOLT,0.3,False,0.10714,40.89,,0.24,1784006998
All Pools,SUB - USDC,0.3,False,0.10692,11.32,,0.86,1784006998
All Pools,APOW - USDC,0.3,False,0.10357,21.19,,0.45,1784006998
All Pools,YAK - SPORE,0.3,False,0.10307,5.232,,1.8,1784006998
All Pools,Blue - AVAX,0.3,False,0.10241,189.21,,0.05,1784006998
All Pools,WBTC.e - REDWOLF,0.3,False,0.10227,48.33,,0.19,1784006998
All Pools,Psychic - Blue,0.3,False,0.10198,61.94,,0.15,1784006998
All Pools,METAG - USDT.e,0.3,False,0.10016,47.08,,0.19,1784006998
All Pools,Christmas - Merovingian,0.3,False,0.09786,85.67,,0.1,1784006998
All Pools,Now - Merovingian,0.3,False,0.09711,49.58,,0.18,1784006998
All Pools,AVAX - DOGGY,0.3,False,0.09516,1.933,,4.49,1784006998
All Pools,bECH - AVAX,0.3,False,0.09466,16.88,,0.51,1784006998
All Pools,AVAX - Strength,0.3,False,0.0943,101.6,,0.08,1784006998
All Pools,Go - AVAX,0.3,False,0.09413,100.98,,0.09,1784006998
All Pools,Hydrogen - AVAX,0.3,False,0.09396,189.37,,0.05,1784006998
All Pools,Psychic - Strength,0.3,False,0.09392,56.23,,0.15,1784006998
All Pools,Psychic - Go,0.3,False,0.09364,55.73,,0.15,1784006998
All Pools,Psychic - Hydrogen,0.3,False,0.09363,62.26,,0.14,1784006998
All Pools,miMatic - AVAX,0.3,False,0.09348,32.07,,0.27,1784006998
All Pools,miMatic - USDC.e,0.3,False,0.09346,24.11,,0.35,1784006998
All Pools,Yellow - AVAX,0.3,False,0.09132,190.76,,0.04,1784006998
All Pools,Psychic - Yellow,0.3,False,0.09101,62.37,,0.13,1784006998
All Pools,HUSKY - MUG,0.3,False,0.09035,13.41,,0.61,1784006998
All Pools,LIBRE - USDC.e,0.3,False,0.08859,12.26,,0.66,1784006998
All Pools,AVAT - AVAX,0.3,False,0.08775,16.68,,0.48,1784006998
All Pools,AVAX - FORT,0.3,False,0.08718,12.9,,0.62,1784006998
All Pools,MIM - FORT,0.3,False,0.08668,2696.55,,0.0,1784006998
All Pools,AVAX - WOLF,0.3,False,0.08653,53.29,,0.15,1784006998
All Pools,USDC.e - WOLF,0.3,False,0.08649,7.513,,1.05,1784006998
All Pools,BENIS - NOCHILL,0.3,False,0.0858,2.747,,2.85,1784006998
All Pools,BLS - SHRAP,0.3,False,0.0856,8.269,,0.94,1784006998
All Pools,Psychic - SantaGospel,0.3,False,0.08551,55.55,,0.14,1784006998
All Pools,MIM - AUSD,0.3,False,0.08428,10.8,,0.71,1784006998
All Pools,WTF - AVAX,0.3,False,0.08416,514.78,,0.01,1784006998
All Pools,AVAX - NEMO,0.3,False,0.08306,6.509,,1.16,1784006998
All Pools,USDt - NEMO,0.3,False,0.08306,95.86,,0.08,1784006998
All Pools,aAvaLINK - AVAX,0.3,False,0.0828,7.348,,1.03,1784006998
All Pools,CGS - USDC.e,0.3,False,0.08173,152.82,,0.05,1784006998
All Pools,CGS - AVAX,0.3,False,0.08157,54.0,,0.14,1784006998
All Pools,Who - AVAX,0.3,False,0.07837,101.0,,0.07,1784006998
All Pools,Psychic - Who,0.3,False,0.07808,56.28,,0.13,1784006998
All Pools,UST - USDT.e,0.3,False,0.07754,38.46,,0.18,1784006998
All Pools,JOE - CRA,0.3,False,0.07719,7.085,,0.99,1784006998
All Pools,PAPA - AVAX,0.3,False,0.07584,10.91,,0.63,1784006998
All Pools,MIM - PAPA,0.3,False,0.07518,66.79,,0.1,1784006998
All Pools,JESUS - AVAX,0.3,False,0.07382,9.205,,0.73,1784006998
All Pools,RUG - USDT.e,0.3,False,0.07288,10.45,,0.64,1784006998
All Pools,AVAX - GAU,0.3,False,0.07016,5.682,,1.13,1784006998
All Pools,WBTC.e - USDC.e,0.3,False,0.06927,8.006,,0.79,1784006998
All Pools,Chrism - ChristMark,0.3,False,0.06757,139.05,,0.04,1784006998
All Pools,Psychic - Chrism,0.3,False,0.06693,49.52,,0.12,1784006998
All Pools,SHOE - BTC.b,0.3,False,0.06563,0.75367,,7.95,1784006998
All Pools,SURE - USDC.e,0.3,False,0.06538,20.53,,0.29,1784006998
All Pools,USDT.e - XAVA,0.3,False,0.06515,10.66,,0.56,1784006998
All Pools,AI9000 - AVAX,0.3,False,0.0642,215.06,,0.03,1784006998
All Pools,Ush - AVAX,0.3,False,0.06395,2077.55,,0.0,1784006998
All Pools,GAS - AVAX,0.3,False,0.06369,130.93,,0.04,1784006998
All Pools,SLIME - AVAX,0.3,False,0.0621,14959.0,,,1784006998
All Pools,SLIME - USDt,0.3,False,0.06209,6.055,,0.94,1784006998
All Pools,NineHundred - AVAX,0.3,False,0.06145,100.89,,0.06,1784006998
All Pools,JOE - ZABU,0.3,False,0.06086,12.79,,0.43,1784006998
All Pools,NOCHILL - REDWOLF,0.3,False,0.05994,2.222,,2.46,1784006998
All Pools,NOCHILL - MU,0.3,False,0.0597,1.478,,3.69,1784006998
All Pools,MELT - AVAX,0.3,False,0.05966,800.45,,0.01,1784006998
All Pools,MELT - USDC.e,0.3,False,0.05964,5.898,,0.92,1784006998
All Pools,Psychic - NineHundred,0.3,False,0.05913,55.47,,0.1,1784006998
All Pools,BENIS - AVAX,0.3,False,0.05899,10.66,,0.5,1784006998
All Pools,MU - SOL,0.3,False,0.05851,1.116,,4.78,1784006998
All Pools,AVAX - Nala,0.3,False,0.05778,19.0,,0.28,1784006998
All Pools,Psychic - Nala,0.3,False,0.05753,207.93,,0.03,1784006998
All Pools,WOLF - AVAX,0.3,False,0.05677,46.2,,0.11,1784006998
All Pools,CNR - USDC,0.3,False,0.05655,4.408,,1.17,1784006998
All Pools,aDXN - aXEN,0.3,False,0.05644,4.891,,1.05,1784006998
All Pools,DUO - USDT.e,0.3,False,0.05624,6.111,,0.84,1784006998
All Pools,aDXN - AVAX,0.3,False,0.05599,49.92,,0.1,1784006998
All Pools,CRA - AVAX,0.3,False,0.05567,7231.4,,,1784006998
All Pools,JOE - ZUBAX,0.3,False,0.05453,6.383,,0.78,1784006998
All Pools,MU - COQAI,0.3,False,0.05422,5.604,,0.88,1784006998
All Pools,BUSD - USDC,0.3,False,0.0525,7.358,,0.65,1784006998
All Pools,AVAX - LYLY,0.3,False,0.05246,50.54,,0.09,1784006998
All Pools,KLO - USDT.e,0.3,False,0.05236,5.374,,0.89,1784006998
All Pools,USDC.e - WMATIC,0.3,False,0.05212,16.15,,0.29,1784006998
All Pools,SURE - AVAX,0.3,False,0.05127,5.245,,0.89,1784006998
All Pools,ACS - AVAX,0.3,False,0.05099,172.77,,0.03,1784006998
All Pools,gOHM - USDT.e,0.3,False,0.05077,0.64317,,7.2,1784006998
All Pools,CNR - USDt,0.3,False,0.05057,4.428,,1.04,1784006998
All Pools,AVAX - BOREA,0.3,False,0.05028,5.431,,0.84,1784006998
All Pools,USDT.e - BOREA,0.3,False,0.05015,25.63,,0.18,1784006998
All Pools,MELT - USDT.e,0.3,False,0.04976,29.3,,0.15,1784006998
All Pools,METAG - USDt,0.3,False,0.04938,15.33,,0.29,1784006998
All Pools,ACS - USDC.e,0.3,False,0.04906,5.264,,0.85,1784006998
All Pools,bCASH - TECH,0.3,False,0.04843,10.91,,0.41,1784006998
All Pools,BLUB - AVAX,0.0,False,0.04748,32.63,0.0,0.0,1784006998
All Pools,USDC - AMI,0.3,False,0.04715,0.49971,,8.61,1784006998
All Pools,MIM - RUG,0.3,False,0.04615,6.215,,0.68,1784006998
All Pools,FITFI - USDC,0.3,False,0.046,0.17478,,24.01,1784006998
All Pools,SHOE - AMI,0.3,False,0.04546,0.17696,,23.44,1784006998
All Pools,UNIV - AVAX,0.3,False,0.04525,6.032,,0.68,1784006998
All Pools,MIM - UNIV,0.3,False,0.04447,5.436,,0.75,1784006998
All Pools,SURE - DAI.e,0.3,False,0.0441,23.95,,0.17,1784006998
All Pools,ICUBE - AVAX,0.3,False,0.04389,5.314,,0.75,1784006998
All Pools,ICUBE - USDT.e,0.3,False,0.04384,107.28,,0.04,1784006998
All Pools,CNR - REDWOLF,0.3,False,0.0435,14.83,,0.27,1784006998
All Pools,TSD - WOLF,0.3,False,0.04292,27.91,,0.14,1784006998
All Pools,USDt - DXN,0.3,False,0.04279,213.78,,0.02,1784006998
All Pools,AVAX - TMT,0.3,False,0.04019,5.783,,0.63,1784006998
All Pools,ROCO - AVAX,0.3,False,0.04017,1332.39,,0.0,1784006998
All Pools,USDT.e - TMT,0.3,False,0.04011,25.21,,0.15,1784006998
All Pools,WETH.e - meGNX,0.3,False,0.04007,5.083,,0.72,1784006998
All Pools,AVAX - BLANC,0.3,False,0.03994,7.217,,0.5,1784006998
All Pools,AVAX - GG,0.3,False,0.03977,5.218,,0.7,1784006998
All Pools,MIM - BLANC,0.3,False,0.0395,1252.03,,0.0,1784006998
All Pools,AVAI - USDC.e,0.3,False,0.03855,26.64,,0.13,1784006998
All Pools,REDWOLF - WMATIC,0.3,False,0.03854,2.04,,1.72,1784006998
All Pools,GURS - ARENA,0.3,False,0.03838,5.233,,0.67,1784006998
All Pools,AVAX - BAVA,0.3,False,0.03809,8.597,,0.4,1784006998
All Pools,NXPC - AVAX,0.3,False,0.03808,0.99067,,3.51,1784006998
All Pools,AVAX - SDOG,0.3,False,0.03765,6.491,,0.53,1784006998
All Pools,wMEMO - AVAX,0.3,False,0.03716,6.439,,0.53,1784006998
All Pools,WLRS - GRAPE,0.3,False,0.03649,8.909,,0.37,1784006998
All Pools,WLRS - USDC.e,0.3,False,0.03628,4004.51,,,1784006998
All Pools,BRUH - AVAX,0.3,False,0.03626,881.21,,0.0,1784006998
All Pools,CNR - AVAX,0.3,False,0.03611,47.12,,0.07,1784006998
All Pools,MIM - GG,0.3,False,0.03535,72.96,,0.04,1784006998
All Pools,MPL - AVAX,0.3,False,0.0351,5.028,,0.64,1784006998
All Pools,MPL - USDt,0.3,False,0.03504,29.72,,0.11,1784006998
All Pools,AAVE.e - USDT.e,0.3,False,0.03465,2.649,,1.19,1784006998
All Pools,YEEHAW - AMI,0.3,False,0.03411,3.025,,1.03,1784006998
All Pools,USDC.e - RUG,0.3,False,0.03369,17.57,,0.17,1784006998
All Pools,TruthClosure - AVAX,0.3,False,0.03317,7.665,,0.39,1784006998
All Pools,TruthClosure - BLACK,0.3,False,0.03312,12.81,,0.24,1784006998
All Pools,BTC.b - USDC,0.3,False,0.03309,4.185,,0.72,1784006998
All Pools,BOOTY - AVAX,0.3,False,0.0326,1490.62,,0.0,1784006998
All Pools,LINK.e - MU,0.3,False,0.03252,6.799,,0.44,1784006998
All Pools,KOVIN - AVAX,0.3,False,0.03242,2227.5,,0.0,1784006998
All Pools,COQ - BOOTY,0.3,False,0.03239,6.645,,0.44,1784006998
All Pools,MIM - TSNFTGM,0.3,False,0.03227,3.465,,0.85,1784006998
All Pools,COQ - KOVIN,0.3,False,0.03224,8.215,,0.36,1784006998
All Pools,COQ - LYLY,0.3,False,0.03222,9.662,,0.3,1784006998
All Pools,gOHM - OTWO,0.3,False,0.03185,91117.0,,,1784006998
All Pools,wsOHM - OTWO,0.3,False,0.03148,1.538,,1.87,1784006998
All Pools,KIMBO - AMI,0.3,False,0.031,2.333,,1.21,1784006998
All Pools,wALGO - AVAX,0.3,False,0.03092,115.21,,0.02,1784006998
All Pools,COQ - AMI,0.3,False,0.0309,8.01,,0.35,1784006998
All Pools,wALGO - USDC,0.3,False,0.03084,2.39,,1.18,1784006998
All Pools,AVAX - WSPP,0.3,False,0.03068,2.313,,1.21,1784006998
All Pools,USDC - WSPP,0.3,False,0.03062,41.92,,0.07,1784006998
All Pools,AVAX - BLACK,0.3,False,0.03049,3.268,,0.85,1784006998
All Pools,TSNFTGM - DAI.e,0.3,False,0.02979,29.29,,0.09,1784006998
All Pools,AVAX - CAST,0.3,False,0.02953,1375.34,,0.0,1784006998
All Pools,FollowTheWhiteRabbit - AVAX,0.3,False,0.02945,115.5,,0.02,1784006998
All Pools,XIO - AVAX,0.3,False,0.02914,2.318,,1.15,1784006998
All Pools,XIO - USDC,0.3,False,0.02908,23.95,,0.11,1784006998
All Pools,AVAX - SPADE,0.3,False,0.02901,4.871,,0.54,1784006998
All Pools,USDC.e - SPADE,0.3,False,0.029,15.41,,0.17,1784006998
All Pools,LUNA - LUNA,0.3,False,0.02895,1.84,,1.44,1784006998
All Pools,LoveIsTheKey - FollowTheWhiteRabbit,0.3,False,0.02895,44.37,,0.06,1784006998
All Pools,LoveIsTheKey - BLACK,0.3,False,0.0289,4.147,,0.64,1784006998
All Pools,BTC.b - MU,0.3,False,0.02847,9.934,,0.26,1784006998
All Pools,USDT.e - DAI.e,0.3,False,0.02809,7183.03,,,1784006998
All Pools,COQ - REDWOLF,0.3,False,0.0277,8.606,,0.29,1784006998
All Pools,WOLF - MU,0.3,False,0.02755,3.808,,0.66,1784006998
All Pools,AAVE.e - meGNX,0.3,False,0.02701,3.608,,0.68,1784006998
All Pools,SNP - AVAX,0.3,False,0.02672,7.736,,0.32,1784006998
All Pools,COQ - SNP,0.3,False,0.02654,16.0,,0.15,1784006998
All Pools,ARENA - AMI,0.3,False,0.02634,0.86849,,2.77,1784006998
All Pools,BGLD - AVAX,0.3,False,0.02627,3.556,,0.67,1784006998
All Pools,BGLD - USDT.e,0.3,False,0.02626,16.38,,0.15,1784006998
All Pools,SBR - AVAX,0.3,False,0.02582,3.783,,0.62,1784006998
All Pools,MCV - AVAX,0.3,False,0.0258,283.59,,0.01,1784006998
All Pools,COQ - MCV,0.3,False,0.02566,6.268,,0.37,1784006998
All Pools,WDAO - AVAX,0.3,False,0.02558,9.944,,0.23,1784006998
All Pools,MIM - SBR,0.3,False,0.02554,11.38,,0.2,1784006998
All Pools,aAvaLINK - meGNX,0.3,False,0.02541,8.438,,0.27,1784006998
All Pools,WDAO - MIM,0.3,False,0.02535,5.412,,0.43,1784006998
All Pools,ElvisJackpot - Gravity,0.3,False,0.02516,14.37,,0.16,1784006998
All Pools,ElvisJackpot - BLACK,0.3,False,0.02495,10.11,,0.23,1784006998
All Pools,wMEMO - MIM,0.3,False,0.02487,4.396,,0.52,1784006998
All Pools,AMI - SQRCAT,0.3,False,0.02483,10.1,,0.22,1784006998
All Pools,AVAX - SQRCAT,0.3,False,0.02478,4219.73,,,1784006998
All Pools,BLACK - SantaGospel,0.3,False,0.02436,2.586,,0.86,1784006998
All Pools,ARA - AVAX,0.3,False,0.02428,2.313,,0.96,1784006998
All Pools,GG - AVAX,0.3,False,0.02416,5.721,,0.39,1784006998
All Pools,ZUM - NOCHILL,0.3,False,0.02398,0.73526,,2.98,1784006998
All Pools,BSGG - AVAX,0.3,False,0.0239,2.521,,0.87,1784006998
All Pools,MIM - GG,0.3,False,0.0239,4.937,,0.44,1784006998
All Pools,GURS - NOCHILL,0.3,False,0.02348,1.143,,1.87,1784006998
All Pools,AVAX - NADO,0.3,False,0.02336,2.583,,0.83,1784006998
All Pools,YAK - JOE,0.3,False,0.02333,0.94029,,2.26,1784006998
All Pools,MIM - NADO,0.3,False,0.02311,175.2,,0.01,1784006998
All Pools,DBY - AVAX,0.3,False,0.02191,7480.2,,,1784006998
All Pools,AVAX - USDR,0.3,False,0.02146,2.443,,0.8,1784006998
All Pools,USDR - USDC,0.3,False,0.02146,39.9,,0.05,1784006998
All Pools,AVAX - SHRAP,0.3,False,0.02129,11.62,,0.17,1784006998
All Pools,COQ - MU,0.3,False,0.02036,3.412,,0.54,1784006998
All Pools,NOCHILL - WAIFU,0.3,False,0.02035,138.22,,0.01,1784006998
All Pools,Milk - AVAX,0.3,False,0.01995,5.365,,0.34,1784006998
All Pools,QI - LYLY,0.3,False,0.01993,1.784,,1.02,1784006998
All Pools,WINK - NOCHILL,0.3,False,0.01986,0.38125,,4.75,1784006998
All Pools,Milk - USDT.e,0.3,False,0.01984,13.89,,0.13,1784006998
All Pools,gOHM - USDC.e,0.3,False,0.01958,0.32667,,5.47,1784006998
All Pools,AVAX - AMONKS,0.3,False,0.01953,1142.51,,0.0,1784006998
All Pools,REDWOLF - AMONKS,0.3,False,0.01947,5.634,,0.32,1784006998
All Pools,Anon - USDC,0.3,False,0.01917,0.6688,,2.62,1784006998
All Pools,AVAX - GOT,0.3,False,0.0191,4.266,,0.41,1784006998
All Pools,USDT.e - GOT,0.3,False,0.01897,12.41,,0.14,1784006998
All Pools,SOB - AVAX,0.3,False,0.0183,389.7,,0.0,1784006998
All Pools,LIFE - AVAX,0.3,False,0.01817,2.673,,0.62,1784006998
All Pools,SOB - LUNA,0.3,False,0.01799,0.80108,,2.05,1784006998
All Pools,MIM - LIFE,0.3,False,0.01795,11.21,,0.15,1784006998
All Pools,AVAX - DAI,0.3,False,0.01792,55.95,,0.03,1784006998
All Pools,MAJIN - AVAX,0.3,False,0.01777,3015.39,,,1784006998
All Pools,MAJIN - MU,0.3,False,0.0177,3.684,,0.44,1784006998
All Pools,GATOR - AMI,0.3,False,0.01765,3.039,,0.53,1784006998
All Pools,MIM - DICK,0.3,False,0.01742,2.154,,0.74,1784006998
All Pools,MIM - sTHO,0.3,False,0.01738,203.58,,0.01,1784006998
All Pools,DICK - AVAX,0.3,False,0.01733,6.101,,0.26,1784006998
All Pools,SUB - AVAX,0.3,False,0.01714,14.81,,0.11,1784006998
All Pools,DUNEV3 - USDC.e,0.3,False,0.01688,25237.0,,,1784006998
All Pools,WINK - AVAX,0.3,False,0.01664,41.44,,0.04,1784006998
All Pools,MIM - DUNEV3,0.3,False,0.01654,53686.0,,,1784006998
All Pools,FITFI - USDC.e,0.3,False,0.01649,0.09381,,16.04,1784006998
All Pools,ARENA - MU,0.3,False,0.01639,2.738,,0.55,1784006998
All Pools,GMX - USDC,0.3,False,0.01628,0.81246,,1.83,1784006998
All Pools,JOE - AVE,0.3,False,0.01619,1.181,,1.25,1784006998
All Pools,KOKSAL - USDC,0.3,False,0.01617,4.434,,0.33,1784006998
All Pools,KOKSAL - AVAX,0.3,False,0.01617,2.761,,0.53,1784006998
All Pools,MOO - AVAX,0.3,False,0.01596,539.74,,0.0,1784006998
All Pools,DUA - USDC,0.3,False,0.01577,11.42,,0.13,1784006998
All Pools,AVAX - DUA,0.3,False,0.01577,1.719,,0.84,1784006998
All Pools,KOVIN - MU,0.3,False,0.01511,2.498,,0.55,1784006998
All Pools,AVAX - MICRO,0.3,False,0.01505,18.56,,0.07,1784006998
All Pools,NXPC - USDC,0.3,False,0.01449,0.67383,,1.96,1784006998
All Pools,NRK - DAI.e,0.3,False,0.01406,280.4,,0.0,1784006998
All Pools,SMRT - XAVA,0.3,False,0.01388,2.227,,0.57,1784006998
All Pools,Trinity - FourFourFour,0.3,False,0.01382,3.545,,0.36,1784006998
All Pools,MIM - SPELL,0.3,False,0.01382,2.434,,0.52,1784006998
All Pools,YAK - USDT.e,0.3,False,0.01381,0.55924,,2.25,1784006998
All Pools,WOLF - USDT.e,0.3,False,0.01379,3.171,,0.4,1784006998
All Pools,FourFourFour - BLACK,0.3,False,0.01377,3.234,,0.39,1784006998
All Pools,UST - USDC,0.3,False,0.01359,3.922,,0.32,1784006998
All Pools,HCT - AVAX,0.3,False,0.01352,2.619,,0.47,1784006998
All Pools,JOE - REDWOLF,0.3,False,0.01344,2.737,,0.45,1784006998
All Pools,CATWIF - AVAX,0.3,False,0.0129,2352.31,,,1784006998
All Pools,HIGHER - AVAX,0.3,False,0.01289,1.195,,0.98,1784006998
All Pools,CATWIF - MU,0.3,False,0.01283,3.014,,0.39,1784006998
All Pools,AVAX - iBONE,0.3,False,0.01268,4.224,,0.27,1784006998
All Pools,ChristMark - ChristIAmYou,0.3,False,0.01268,20.1,,0.06,1784006998
All Pools,USDT.e - iBONE,0.3,False,0.01259,4.465,,0.26,1784006998
All Pools,BLACK - ChristIAmYou,0.3,False,0.01242,1.274,,0.89,1784006998
All Pools,BIRD - AVAX,0.3,False,0.01232,0.00946,,118.82,1784006998
All Pools,WTHT - AXIAL,0.3,False,0.01226,0.28592,,3.91,1784006998
All Pools,Psychic - BirthingCode,0.3,False,0.01203,46.97,,0.02,1784006998
All Pools,Psychic - Equal,0.3,False,0.01202,46.97,,0.02,1784006998
All Pools,Psychic - YouAndI,0.3,False,0.01202,46.96,,0.02,1784006998
All Pools,Psychic - Turtle,0.3,False,0.01187,46.97,,0.02,1784006998
All Pools,Psychic - Finish,0.3,False,0.01185,46.93,,0.02,1784006998
All Pools,AVAX - APE - X,0.3,False,0.01183,471.56,,0.0,1784006998
All Pools,BirthingCode - BLACK,0.3,False,0.0118,1.245,,0.87,1784006998
All Pools,Equal - BLACK,0.3,False,0.01179,1.246,,0.86,1784006998
All Pools,YouAndI - BLACK,0.3,False,0.01179,1.248,,0.86,1784006998
All Pools,Psychic - TrueStory,0.3,False,0.01179,46.97,,0.02,1784006998
All Pools,Turtle - BLACK,0.3,False,0.01166,1.245,,0.85,1784006998
All Pools,Finish - BLACK,0.3,False,0.01163,1.255,,0.85,1784006998
All Pools,TrueStory - BLACK,0.3,False,0.01157,1.246,,0.85,1784006998
All Pools,AVAX - DWC,0.3,False,0.01157,4105.42,,,1784006998
All Pools,DWC - MU,0.3,False,0.0115,2.758,,0.38,1784006998
All Pools,TECH - AMI,0.3,False,0.01146,1.637,,0.64,1784006998
All Pools,Psychic - Gematria,0.3,False,0.01144,46.97,,0.02,1784006998
All Pools,BTC.b - yyAVAX,0.3,False,0.01144,4.149,,0.25,1784006998
All Pools,GURS - HOWDY,0.3,False,0.01135,0.57837,,1.79,1784006998
All Pools,USDC - USDT.e,0.3,False,0.01134,154.7,,0.01,1784006998
All Pools,BLACK - Gematria,0.3,False,0.01117,1.247,,0.82,1784006998
All Pools,COQ - MICRO,0.3,False,0.01102,2.653,,0.38,1784006998
All Pools,AMPL - AVAX,0.3,False,0.011,204.07,,0.0,1784006998
All Pools,JOE - GB,0.3,False,0.01088,0.16331,,6.08,1784006998
All Pools,aAvaLINK - LINK.e,0.3,False,0.01011,1.57,,0.59,1784006998
All Pools,TEMPO - AVAX,0.3,False,0.01003,1.823,,0.5,1784006998
All Pools,MIM - TEMPO,0.3,False,0.00994,5.178,,0.18,1784006998
All Pools,SHOE - COQ,0.3,False,0.0099,0.03754,,24.05,1784006998
All Pools,QI - USDC.e,0.3,False,0.00953,0.6393,,1.36,1784006998
All Pools,HERESY - MEOW,0.3,False,0.00917,0.1931,,4.33,1784006998
All Pools,AVAX - LODE,0.3,False,0.00912,0.83218,,1.0,1784006998
All Pools,AVAX - WOHM,0.3,False,0.00871,1.164,,0.68,1784006998
All Pools,GURS - AMI,0.3,False,0.00867,1.254,,0.63,1784006998
All Pools,MIM - WOHM,0.3,False,0.00859,13.43,,0.06,1784006998
All Pools,USDC.e - UST,0.3,False,0.00852,1.542,,0.5,1784006998
All Pools,HH - ARENA,0.3,False,0.00847,1.651,,0.47,1784006998
All Pools,HH - AVAX,0.3,False,0.0084,237.87,,0.0,1784006998
All Pools,Gladiator - AVAX,0.3,False,0.00834,1.513,,0.5,1784006998
All Pools,FINANCE - NOCHILL,0.3,False,0.00833,359.61,,0.0,1784006998
All Pools,NOCHILL - ARENA,0.3,False,0.00833,0.25506,,2.98,1784006998
All Pools,BEAM - MU,0.3,False,0.00813,0.94324,,0.79,1784006998
All Pools,TRACTOR - AVAX,0.3,False,0.00813,10624.0,,,1784006998
All Pools,TRACTOR - JOE,0.3,False,0.00806,1.124,,0.65,1784006998
All Pools,BNZ - KET,0.3,False,0.00805,2.465,,0.3,1784006998
All Pools,SNO Token - AVAX,0.3,False,0.00804,1.125,,0.65,1784006998
All Pools,SNO Token - JOE,0.3,False,0.00797,49.85,,0.01,1784006998
All Pools,YEEHAW - ARENA,0.3,False,0.00751,0.85027,,0.81,1784006998
All Pools,AVAX - EDG,0.3,False,0.0073,1.383,,0.48,1784006998
All Pools,QI - REDWOLF,0.3,False,0.00725,1.14,,0.58,1784006998
All Pools,AAVE.e - USDC.e,0.3,False,0.00724,1.279,,0.52,1784006998
All Pools,AMI - MU,0.3,False,0.00723,1.244,,0.53,1784006998
All Pools,MIM - EDG,0.3,False,0.00722,1.578,,0.42,1784006998
All Pools,WETH.e - MU,0.3,False,0.00716,1.767,,0.37,1784006998
All Pools,HIGHER - AMI,0.3,False,0.00682,1.871,,0.33,1784006998
All Pools,SNLP - AVAX,0.3,False,0.00663,2621.93,,,1784006998
All Pools,JOE - SNLP,0.3,False,0.00656,1.053,,0.57,1784006998
All Pools,AVAX - VYBE,0.3,False,0.00635,1.677,,0.35,1784006998
All Pools,MIM - VYBE,0.3,False,0.00628,0.87263,,0.66,1784006998
All Pools,LF - USDT.e,0.3,False,0.00618,0.98557,,0.57,1784006998
All Pools,COQ - ARENA,0.3,False,0.00608,0.78954,,0.7,1784006998
All Pools,HIGHER - NOCHILL,0.3,False,0.00602,0.18222,,3.01,1784006998
All Pools,JOE - CNR,0.3,False,0.006,0.72373,,0.76,1784006998
All Pools,AVAX - AXIAL,0.3,False,0.00578,596.61,,,1784006998
All Pools,AVAX - OK,0.3,False,0.00564,1.596,,0.32,1784006998
All Pools,USDC - OK,0.3,False,0.00559,1.153,,0.44,1784006998
All Pools,MIM - AFARMER,0.3,False,0.00555,3681.7,,,1784006998
All Pools,WETH.e - STATIK,0.3,False,0.00545,0.98448,,0.51,1784006998
All Pools,JOE - USDt,0.3,False,0.0053,0.6381,,0.76,1784006998
All Pools,AUSD - HUSKY,0.3,False,0.00513,0.45426,,1.03,1784006998
All Pools,GMX - USDt,0.3,False,0.00494,0.33623,,1.34,1784006998
All Pools,TEDDY - USDC,0.3,False,0.00489,0.62469,,0.71,1784006998
All Pools,USDC - LODE,0.3,False,0.00483,847.95,,,1784006998
All Pools,AVAX - SOL,0.3,False,0.00481,0.06752,,6.5,1784006998
All Pools,AVAX - PAR,0.3,False,0.0048,1.294,,0.34,1784006998
All Pools,MIM - PAR,0.3,False,0.00473,0.47413,,0.91,1784006998
All Pools,Oracle - BLACK,0.3,False,0.00467,1.255,,0.34,1784006998
All Pools,YEEHAW - ABC,0.3,False,0.00444,0.2335,,1.74,1784006998
All Pools,PinOcchio - AVAX,0.3,False,0.00443,7.734,,0.05,1784006998
All Pools,PinOcchio - Gravity,0.3,False,0.00441,1.487,,0.27,1784006998
All Pools,ETHM - AVAX,0.3,False,0.00434,21.45,,0.02,1784006998
All Pools,WETH.e - ETHM,0.3,False,0.00428,0.40844,,0.96,1784006998
All Pools,USDC.e - GG,0.3,False,0.00414,0.37306,,1.01,1784006998
All Pools,BNZ - WINK,0.3,False,0.00408,0.24453,,1.52,1784006998
All Pools,MIM - YAK,0.3,False,0.00398,0.1664,,2.18,1784006998
All Pools,AMI - EROL,0.3,False,0.00394,0.30362,,1.18,1784006998
All Pools,ERROR - AMI,0.3,False,0.0035,1.742,,0.18,1784006998
All Pools,AVAX - WINE,0.3,False,0.00343,0.0845,,3.7,1784006998
All Pools,AVAX - MTB,0.3,False,0.00321,0.42502,,0.69,1784006998
All Pools,AVAX - DREX,0.3,False,0.00317,0.19902,,1.45,1784006998
All Pools,MIM - MTB,0.3,False,0.00315,0.44558,,0.64,1784006998
All Pools,MIM - DREX,0.3,False,0.00312,5.657,,0.05,1784006998
All Pools,SNTA - MIM,0.3,False,0.00299,0.32092,,0.85,1784006998
All Pools,GRAPE - AVAX,0.3,False,0.00298,0.09556,,2.84,1784006998
All Pools,LIFE - AVAX,0.3,False,0.00294,0.74067,,0.36,1784006998
All Pools,MIM - LIFE,0.3,False,0.00289,0.23738,,1.11,1784006998
All Pools,USDC.e - TIME,0.3,False,0.0028,0.19491,,1.31,1784006998
All Pools,JOE - aXEN,0.3,False,0.00274,0.17377,,1.44,1784006998
All Pools,DB - AVAX,0.3,False,0.00271,1.369,,0.18,1784006998
All Pools,STG - JOE,0.3,False,0.00268,0.10337,,2.37,1784006998
All Pools,xJOE - AVAX,0.3,False,0.00268,1.78,,0.14,1784006998
All Pools,FAP - AVAX,0.3,False,0.00267,67.73,,0.0,1784006998
All Pools,MIM - DB,0.3,False,0.00266,0.18984,,1.28,1784006998
All Pools,xJOE - wsOHM,0.3,False,0.00263,0.17744,,1.35,1784006998
All Pools,MIM - FAP,0.3,False,0.00255,0.04766,,4.89,1784006998
All Pools,JOE - AMI,0.3,False,0.00227,0.14418,,1.44,1784006998
All Pools,ABC - MU,0.3,False,0.00217,0.05039,,3.94,1784006998
All Pools,NineHundred - BLACK,0.3,False,0.00213,2.606,,0.07,1784006998
All Pools,AVAX - PLEB,0.3,False,0.0021,0.08884,,2.16,1784006998
All Pools,BLOB - AVAX,0.3,False,0.00206,2311.15,,,1784006998
All Pools,MIM - PLEB,0.3,False,0.00205,8.012,,0.02,1784006998
All Pools,LUNA - USDC,0.3,False,0.00199,0.09458,,1.92,1784006998
All Pools,MIM - AKITA,0.3,False,0.00197,0.08109,,2.22,1784006998
All Pools,AMI - COQAI,0.3,False,0.00197,2.724,,0.07,1784006998
All Pools,ACS - USDt,0.3,False,0.00182,0.95355,,0.17,1784006998
All Pools,USDC.e - XAVA,0.3,False,0.00177,0.33997,,0.48,1784006998
All Pools,UST - WINE,0.3,False,0.00152,0.11473,,1.21,1784006998
All Pools,TSD - USDC.e,0.3,False,0.00148,0.06217,,2.17,1784006998
All Pools,BTC.b - GMX,0.3,False,0.00125,1.246,,0.09,1784006998
All Pools,ILoveMyTwinFlame - AVAX,0.3,False,0.00115,3.984,,0.03,1784006998
All Pools,ILoveMyTwinFlame - Gravity,0.3,False,0.00114,1.608,,0.06,1784006998
All Pools,YEEHAW - Gladiator,0.3,False,0.00108,0.08346,,1.18,1784006998
All Pools,USDC - XPOW,0.3,False,0.00102,0.02392,,3.87,1784006998
All Pools,GRAPE - USDC.e,0.3,False,0.00101,0.03927,,2.34,1784006998
All Pools,COQ - USDt,0.3,False,,0.04114,,2.05,1784006998
All Pools,YEEHAW - MU,0.3,False,,0.12045,,0.66,1784006998
All Pools,AVME - AVAX,0.3,False,,0.00164,,45.47,1784006998
All Pools,CRAFT - AVAX,0.3,False,,289.23,,,1784006998
All Pools,ROCO - USDT.e,0.3,False,,0.10344,,0.67,1784006998
All Pools,PGX - AVAX,0.3,False,,10114.0,,,1784006998
All Pools,SYN - JOE,0.3,False,,0.01738,,3.67,1784006998
All Pools,FollowTheWhiteRabbit - BLACK,0.3,False,,0.12675,,0.41,1784006998
All Pools,SPORE - USDC,0.3,False,,1391.81,,,1784006998
All Pools,DONK - AVAX,0.3,False,,21.59,,,1784006998
All Pools,aAVAXb - AVAX,0.3,False,,0.25512,,0.02,1784006998
All Pools,MU - KET,0.3,False,,0.93444,,,1784006998
All Pools,aAvaWAVAX - AVAX,0.3,False,,0.18337,,0.0,1784006998
All Pools,FATE - USDC,0.3,False,,448673.0,,,1784006998
All Pools,bJOE - JOE,0.3,False,,0.05389,,0.0,1784006998
All Pools,bXAVA - XAVA,0.3,False,,0.04508,,0.0,1784006998
All Pools,MIM - JOE,0.3,False,,0.00212,,0.02,1784006998
All Pools,bUSDT - AVAX,0.3,False,,0.00218,,0.01,1784006998
All Pools,sAVAX - WETH.e,0.3,False,,0.00964,,0.0,1784006998
All Pools,GB - USDC.e,0.3,False,,0.00203,,0.0,1784006998
All Pools,YTS - GB,0.3,False,,0.00107,,0.0,1784006998
All Pools,GB - BOOFI,0.3,False,,,,0.0,1784006998
All Pools,AVAX - avWAVAX,0.3,False,,0.00101,,,1784006998
All Pools,SPORE - JOE,0.3,False,,0.40775,,,1784006998
All Pools,GB - XAVA,0.3,False,,,,0.0,1784006998
All Pools,AVAX - bWETH,0.3,False,,,,0.2,1784006998
All Pools,AVAX - USDC,0.05,False,978771.0,377295.0,521.64,50.46,1784010597
All Pools,sAVAX - AVAX,0.01,False,121393.0,47325.0,13.87,10.7,1784010597
All Pools,USDt - USDC,0.01,False,86806.0,162739.0,9.077,2.04,1784010597
All Pools,AUSD - USDC,0.01,False,79410.0,102065.0,7.733,2.77,1784010597
All Pools,USDt - USDC,0.005,False,75601.0,160013.0,5.789,1.32,1784010597
All Pools,BTC.b - USDC,0.05,False,65766.0,572373.0,34.42,2.19,1784010597
All Pools,FOLKS - AVAX,0.25,False,36827.0,36355.0,95.64,96.02,1784010597
All Pools,AUSD - USDt,0.01,False,30544.0,59684.0,3.318,2.03,1784010597
All Pools,AVAX - USDT.e,0.3,False,22136.0,468316.0,55.34,4.31,1784010597
All Pools,AVAX - USDC,0.3,False,19865.0,344762.0,49.66,5.26,1784010597
All Pools,USDC.e - AVAX,0.3,False,19003.0,364475.0,47.51,4.76,1784010597
All Pools,gOHM - AVAX,0.3,False,15671.0,124534.0,39.18,11.48,1784010597
All Pools,USDC - XAVA,0.3,False,14959.0,487732.0,37.4,2.8,1784010597
All Pools,AAVE.e - AVAX,0.3,False,14931.0,259900.0,37.33,5.24,1784010597
All Pools,AVAX - USDt,0.2,False,14341.0,98902.0,29.0,10.7,1784010597
All Pools,AVAX - BTC.b,0.05,False,12051.0,26921.0,7.976,10.81,1784010597
All Pools,WETH.e - AVAX,0.3,False,11720.0,366563.0,29.3,2.92,1784010597
All Pools,ARENA - AVAX,0.01,False,10268.0,98629.0,1.027,0.38,1784010597
All Pools,USDT.e - USDt,0.02,False,9643.11,44502.0,1.929,1.58,1784010597
All Pools,USDT.e - USDC,0.02,False,9149.36,51170.0,1.843,1.31,1784010597
All Pools,NXUSD - WXT,0.3,False,6182.67,473990.0,15.46,1.19,1784010597
All Pools,XAVA - AVAX,0.8,False,6098.03,156802.0,49.13,11.44,1784010597
All Pools,JOE - USDC.e,0.3,False,5774.97,258275.0,14.44,2.04,1784010597
All Pools,JOE - AVAX,0.3,False,5029.0,210124.0,12.57,2.18,1784010597
All Pools,COQ - AVAX,0.3,False,4807.94,395298.0,12.02,1.11,1784010597
All Pools,WBTC.e - AVAX,0.3,False,4148.75,130203.0,10.37,2.91,1784010597
All Pools,MIM - AVAX,0.3,False,4029.72,184086.0,10.07,2.0,1784010597
All Pools,BTC.b - AVAX,0.3,False,3434.36,106439.0,8.586,2.94,1784010597
All Pools,QI - AVAX,0.3,False,3337.95,128542.0,8.345,2.37,1784010597
All Pools,NOCHILL - AVAX,0.3,False,3240.41,51649.0,8.101,5.72,1784010597
All Pools,GUN - AVAX,0.25,False,3101.8,9309.1,12.62,49.48,1784010597
All Pools,LCPEDU - USDt,0.8,False,2338.38,7178730.0,37.49,0.19,1784010597
All Pools,DAI.e - USDC,0.02,False,2336.58,29488.0,0.46227,0.57,1784010597
All Pools,USDt - AVAX,0.3,False,2261.96,38387.0,5.655,5.38,1784010597
All Pools,BEAM - USDC,0.3,False,1896.49,65301.0,4.741,2.65,1784010597
All Pools,BEAM - AVAX,0.25,False,1887.36,14248.0,4.856,12.44,1784010597
All Pools,ZRO - AVAX,0.25,False,1868.54,1645.55,13.78,305.65,1784010597
All Pools,ORNG - AVAX,0.3,False,1865.93,16721.0,4.665,10.18,1784010597
All Pools,QI - AVAX,0.25,False,1624.78,7861.98,4.09,18.99,1784010597
All Pools,LINK.e - AVAX,0.3,False,1617.3,38275.0,4.043,3.86,1784010597
All Pools,HUNDRED - USDC,0.3,False,1587.87,494362.0,3.97,0.29,1784010597
All Pools,HERESY - AVAX,0.3,False,1502.0,14974.0,3.755,9.15,1784010597
All Pools,USDC.e - USDC,0.02,False,1270.5,3891.26,0.25571,2.4,1784010597
All Pools,SB - AVAX,0.3,False,1212.84,5980.99,3.032,18.5,1784010597
All Pools,AVAX - DAI.e,0.3,False,1124.38,28477.0,2.811,3.6,1784010597
All Pools,SolvBTC - BTC.b,0.04,False,1103.13,176600.0,0.43615,0.09,1784010597
All Pools,JOE - USDT.e,0.3,False,972.5,51831.0,2.431,1.71,1784010597
All Pools,USDC.e - USDC,0.02,False,923.49,9732.02,0.12043,0.45,1784010597
All Pools,WBTC - BTC.b,0.03,False,909.02,80836.0,0.27891,0.13,1784010597
All Pools,GUN - AVAX,0.1,False,808.27,16438.0,2.486,5.52,1784010597
All Pools,WBTC.e - BTC.b,0.03,False,739.31,224762.0,0.24822,0.04,1784010597
All Pools,SYN - AVAX,0.3,False,692.38,5110.12,1.731,12.36,1784010597
All Pools,XSEED - AVAX,0.3,False,657.14,15963.0,1.643,3.76,1784010597
All Pools,AVAX - DOMI,0.3,False,623.64,11507.0,1.559,4.95,1784010597
All Pools,JOE - USDC,0.3,False,555.18,23506.0,1.388,2.16,1784010597
All Pools,USDT.e - USDC,0.02,False,496.71,899.02,0.05161,2.1,1784010597
All Pools,JPYC - USDC,0.04,False,489.86,3196.88,0.21068,2.41,1784010597
All Pools,EURC - USDC,0.03,False,442.79,10513.0,0.12873,0.45,1784010597
All Pools,gOHM - FRAX,0.3,False,396.05,3435.27,0.99012,10.52,1784010597
All Pools,AVAX - RISE,0.3,False,383.4,42825.0,0.95851,0.82,1784010597
All Pools,AVAX - XAVA,0.3,False,361.49,12808.0,0.90372,2.58,1784010597
All Pools,WETH.e - USDC.e,0.3,False,350.86,10816.0,0.87716,2.96,1784010597
All Pools,MIM - SB,0.3,False,317.41,2241.76,0.79351,12.92,1784010597
All Pools,USDC.e - USDC,0.3,False,307.08,481223.0,0.76771,0.06,1784010597
All Pools,PRIME - AVAX,0.4,False,276.11,135598.0,3.037,0.82,1784010597
All Pools,USDt - ncash,0.3,False,205.08,1010.28,0.51269,18.52,1784010597
All Pools,GB - AVAX,0.3,False,185.64,1981.05,0.4641,8.55,1784010597
All Pools,DAI.e - USDC,0.02,False,176.99,2592.35,0.0345,0.49,1784010597
All Pools,OSAK - AVAX,0.3,False,175.32,3176.18,0.4383,5.04,1784010597
All Pools,FITFI - USDT.e,0.3,False,155.43,146.28,0.38858,96.96,1784010597
All Pools,AVAX - JUICE,0.3,False,153.95,9415.28,0.38488,1.49,1784010597
All Pools,COQ - COQAI,0.3,False,146.97,18720.0,0.36742,0.72,1784010597
All Pools,YAK - AVAX,0.3,False,141.2,3455.56,0.35301,3.73,1784010597
All Pools,GMX - AVAX,0.3,False,138.77,3799.04,0.34692,3.33,1784010597
All Pools,w3ULL - AVAX,0.3,False,135.5,51363.0,0.33875,0.24,1784010597
All Pools,XPOW - AVAX,0.8,False,134.55,237.93,1.232,189.04,1784010597
All Pools,ALOT - AVAX,0.3,False,129.6,10154.0,0.32399,1.16,1784010597
All Pools,XETA - USDC,0.3,False,121.87,5648.99,0.30468,1.97,1784010597
All Pools,XSGD - USDC,0.05,False,117.66,430.91,0.01868,1.58,1784010597
All Pools,AI - AVAX,0.3,False,107.2,3118.26,0.268,3.14,1784010597
All Pools,UST - AVAX,0.3,False,101.62,5865.2,0.25405,1.58,1784010597
All Pools,AVAX - UST,0.3,False,100.27,6776.1,0.25068,1.35,1784010597
All Pools,STG - USDC,0.3,False,91.43,1237.82,0.22858,6.74,1784010597
All Pools,APIX - USDt,0.3,False,91.35,5842.96,0.22838,1.43,1784010597
All Pools,USDC.e - USDC,0.02,False,86.28,1954.68,0.01729,0.32,1784010597
All Pools,CAPY - ARENA,0.3,False,82.67,18689.0,0.20668,0.4,1784010597
All Pools,APIX - ID,0.3,False,81.58,16896.0,0.20396,0.44,1784010597
All Pools,STG - AVAX,0.3,False,73.86,1034.72,0.18464,6.51,1784010597
All Pools,FLD - AVAX,0.3,False,72.3,34957.0,0.18075,0.19,1784010597
All Pools,USDt - USDC,0.02,False,70.36,2231.29,0.01412,0.23,1784010597
All Pools,HEFE - AVAX,0.3,False,69.45,26933.0,0.17363,0.24,1784010597
All Pools,XAVA - AVAX,0.8,False,68.86,451.08,0.5614,45.43,1784010597
All Pools,EMIN - AVAX,0.3,False,62.23,2125.1,0.15556,2.67,1784010597
All Pools,WBTC.e - USDC,0.3,False,58.45,0.39517,0.14613,13497.08,1784010597
All Pools,KLO - AVAX,0.3,False,53.72,11845.0,0.13431,0.41,1784010597
All Pools,AVAX - AMI,0.3,False,51.8,348.54,0.12951,13.56,1784010597
All Pools,BLSEYE🎯 - AVAX,0.3,False,49.61,4415.26,0.12401,1.03,1784010597
All Pools,APIX - USDC,0.3,False,48.88,2919.38,0.1222,1.53,1784010597
All Pools,ABC - AVAX,0.3,False,48.81,467.93,0.12202,9.52,1784010597
All Pools,XAUt0 - USDt,0.04,False,46.77,24746.0,0.15274,0.23,1784010597
All Pools,MIM - USDT.e,0.3,False,44.08,1527.36,0.1102,2.63,1784010597
All Pools,GUN - BLSEYE🎯,0.3,False,40.17,424.24,0.10042,8.64,1784010597
All Pools,AVAX - ALVA,0.3,False,39.55,777.22,0.09889,4.64,1784010597
All Pools,AVAX - TOPIA,0.3,False,34.54,1069.96,0.08636,2.95,1784010597
All Pools,Balln - AVAX,0.3,False,33.55,3806.71,0.08387,0.8,1784010597
All Pools,ROY - AVAX,0.3,False,33.2,3945.35,0.08299,0.77,1784010597
All Pools,ZRO - AVAX,0.3,False,31.61,134.02,0.07902,21.52,1784010597
All Pools,SHRAP - AVAX,0.8,False,31.14,8832.88,0.25035,1.03,1784010597
All Pools,GURS - AVAX,0.3,False,30.74,5447.11,0.07685,0.51,1784010597
All Pools,BEAM - AVAX,0.3,False,23.86,375.45,0.05965,5.8,1784010597
All Pools,Psychic - AVAX,0.3,False,23.41,880.6,0.05852,2.43,1784010597
All Pools,SECOND - USDC,0.3,False,21.6,7003.88,0.054,0.28,1784010597
All Pools,SECOND - AVAX,0.3,False,21.6,1450.53,0.05399,1.36,1784010597
All Pools,ISA - USDC.e,0.3,False,21.4,1435.61,0.05349,1.36,1784010597
All Pools,GUN - AVAX,0.3,False,21.11,192.94,0.05276,9.98,1784010597
All Pools,ISA - AVAX,0.3,False,20.96,16786.0,0.0524,0.11,1784010597
All Pools,MIM - USDC.e,0.3,False,19.47,777.2,0.04867,2.29,1784010597
All Pools,ABC - HOWDY,0.3,False,19.4,464.98,0.0485,3.81,1784010597
All Pools,BNB - AVAX,0.3,False,19.33,2771.81,0.04832,0.64,1784010597
All Pools,RGOGLZ - USDC,0.3,False,19.18,1320.85,0.04795,1.32,1784010597
All Pools,LUNA - USDC.e,0.3,False,19.14,641.88,0.04786,2.72,1784010597
All Pools,YAK - USDC,0.25,False,18.61,22.16,0.0593,97.65,1784010597
All Pools,BINI - AVAX,0.3,False,18.47,0.07749,0.04617,21746.34,1784010597
All Pools,PNG - AVAX,0.3,False,18.29,794.03,0.04573,2.1,1784010597
All Pools,BOI - AVAX,0.3,False,18.26,40.82,0.04564,40.81,1784010597
All Pools,HOWDY - USDC,0.3,False,17.83,2955.97,0.04458,0.55,1784010597
All Pools,AVAX - SOLNIC,0.3,False,17.18,3535.2,0.04295,0.44,1784010597
All Pools,KIMBO - AVAX,0.3,False,16.46,39608.0,0.04114,0.04,1784010597
All Pools,APIX - ARENA,0.3,False,16.07,1660.84,0.04017,0.88,1784010597
All Pools,sAVAX - AVAX,0.3,False,16.03,171380.0,0.04006,0.01,1784010597
All Pools,AVAX - FRAX,0.3,False,15.19,675.54,0.03798,2.05,1784010597
All Pools,DCAU - USDT.e,0.3,False,15.08,5050.95,0.0377,0.27,1784010597
All Pools,FITFI - AVAX,0.3,False,14.94,13.0,0.03736,104.86,1784010597
All Pools,Psychic - XAUt0,0.3,False,14.12,5755.14,0.0353,0.22,1784010597
All Pools,DCAU - AVAX,0.3,False,13.78,1015.55,0.03444,1.24,1784010597
All Pools,WETH.e - USDC,0.15,False,13.56,8995.2,0.02044,0.08,1784010597
All Pools,HUSKY - AVAX,0.3,False,13.28,2041.97,0.03319,0.59,1784010597
All Pools,AVAX - GEC,0.3,False,12.87,26950.0,0.03218,0.04,1784010597
All Pools,3QF - D - AVAX,0.3,False,12.35,1295.64,0.03088,0.87,1784010597
All Pools,3QF - D - WETH.e,0.3,False,12.32,2379.6,0.03079,0.47,1784010597
All Pools,AVAXAI - USDC,0.3,False,12.28,1516.86,0.03071,0.74,1784010597
All Pools,APIX - LAMBO,0.3,False,11.96,437.72,0.02991,2.49,1784010597
All Pools,TECH - AVAX,0.3,False,11.63,9641.99,0.02907,0.11,1784010597
All Pools,sAVAX - JACK,0.3,False,11.61,273508.0,0.02903,0.0,1784010597
All Pools,YAK - USDC.e,0.3,False,10.66,220.92,0.02665,4.4,1784010597
All Pools,MIM - WETH.e,0.3,False,10.24,496.03,0.02561,1.88,1784010597
All Pools,MEAT - AVAX,0.3,False,9.141,3704.75,0.02285,0.23,1784010597
All Pools,AVAX - ELK,0.3,False,8.12,1293.95,0.0203,0.57,1784010597
All Pools,WETH.e - REDWOLF,0.3,False,8.064,82.1,0.02016,8.96,1784010597
All Pools,EGG - AVAX,0.3,False,7.832,16446.0,0.01958,0.04,1784010597
All Pools,HATCHY - AVAX,0.3,False,7.816,6574.07,0.01954,0.11,1784010597
All Pools,SHRAP - DOMI,0.3,False,7.491,170.34,0.01873,4.01,1784010597
All Pools,BTC.b - TOPIA,0.3,False,6.861,444.87,0.01715,1.41,1784010597
All Pools,BLSEYE🎯 - ARENA,0.3,False,6.724,856.17,0.01681,0.72,1784010597
All Pools,USDC.e - SOL,0.3,False,6.566,35.96,0.01642,16.66,1784010597
All Pools,TRESR - AVAX,0.3,False,6.478,7816.93,0.0162,0.08,1784010597
All Pools,USV - DAI.e,0.3,False,5.661,3960.78,0.01415,0.13,1784010597
All Pools,AVAX - PEFI,0.3,False,5.635,3222.91,0.01409,0.16,1784010597
All Pools,avUSD - sAVAX,0.3,False,5.572,224.94,0.01393,2.26,1784010597
All Pools,PTOP500 - TOPIA,0.3,False,5.467,107.3,0.01367,4.65,1784010597
All Pools,UST - USDC,0.3,False,5.334,432.3,0.01333,1.13,1784010597
All Pools,REDWOLF - AVAX,0.3,False,5.243,387.61,0.01311,1.23,1784010597
All Pools,YOU - ORNG,0.3,False,5.218,1358.67,0.01304,0.35,1784010597
All Pools,AVAX - HON,0.3,False,5.189,49268.0,0.01297,0.01,1784010597
All Pools,REDWOLF - SOL,0.3,False,5.14,58.79,0.01285,7.98,1784010597
All Pools,REDWOLF - USDC,0.3,False,5.031,186.63,0.01258,2.46,1784010597
All Pools,ORNG - FLUX,0.3,False,4.749,109.56,0.01187,3.96,1784010597
All Pools,MUON - AVAX,0.3,False,4.563,40277.0,0.01141,0.01,1784010597
All Pools,XROSS - ORNG,0.3,False,4.43,235.53,0.01107,1.72,1784010597
All Pools,gOHM - SB,0.3,False,4.421,16.65,0.01105,24.24,1784010597
All Pools,LINK.e - USDT.e,0.3,False,4.264,218.7,0.01066,1.78,1784010597
All Pools,YEEHAW - BTC.b,0.3,False,4.241,49.2,0.0106,7.86,1784010597
All Pools,USDC.e - MU,0.3,False,4.186,13172.0,0.01046,0.03,1784010597
All Pools,MYST - AVAX,0.3,False,4.151,650.78,0.01038,0.58,1784010597
All Pools,BLSEYE🎯 - MEOW,0.3,False,4.141,822.52,0.01035,0.46,1784010597
All Pools,FLOT - AVAX,0.3,False,4.106,2923.23,0.01026,0.13,1784010597
All Pools,LUNA - USDC.e,0.3,False,4.015,334.74,0.01004,1.09,1784010597
All Pools,DATCM - ORNG,0.3,False,3.877,234.16,0.00969,1.51,1784010597
All Pools,MYST - USDC,0.3,False,3.695,218.05,0.00924,1.55,1784010597
All Pools,BLSEYE🎯 - BEAM,0.3,False,3.682,268.5,0.00921,1.25,1784010597
All Pools,AVAX - aXEN,0.3,False,3.668,167.09,0.00917,2.0,1784010597
All Pools,AVAX - AKITA,0.3,False,3.641,1754.17,0.0091,0.19,1784010597
All Pools,AVAX - BGR,0.3,False,3.314,177.07,0.00828,1.71,1784010597
All Pools,Now - AVAX,0.3,False,3.22,189.87,0.00805,1.55,1784010597
All Pools,SWIFT - AVAX,0.3,False,3.188,231.55,0.00797,1.26,1784010597
All Pools,AVAX - NaughtiusMaximus,0.3,False,3.169,331.51,0.00792,0.87,1784010597
All Pools,AVAX - EROL,0.0,False,3.124,37.84,0.0,0.0,1784010597
All Pools,AVAX - SOCK,0.3,False,3.051,2384.87,0.00763,0.12,1784010597
All Pools,USDC - SOCK,0.3,False,3.038,415.08,0.0076,0.67,1784010597
All Pools,LINK.e - USDC.e,0.3,False,3.002,181.72,0.00751,1.51,1784010597
All Pools,ORNG - SAI,0.3,False,2.932,105.43,0.00733,2.54,1784010597
All Pools,AVAX - FRAX,0.3,False,2.866,226.46,0.00717,1.15,1784010597
All Pools,USDC.e - sSB,0.3,False,2.84,838.63,0.0071,0.31,1784010597
All Pools,XAUt0 - NaughtiusMaximus,0.3,False,2.819,875.18,0.00705,0.29,1784010597
All Pools,SWIFT - WETH.e,0.3,False,2.794,1269.86,0.00699,0.2,1784010597
All Pools,Psychic - BLACK,0.3,False,2.787,258.4,0.00697,0.98,1784010597
All Pools,APOW - AVAX,0.3,False,2.753,619.07,0.00688,0.41,1784010597
All Pools,DPS - USDC,0.3,False,2.729,1811.71,0.00682,0.14,1784010597
All Pools,DPS - AVAX,0.3,False,2.729,182.51,0.00682,1.36,1784010597
All Pools,ORNG - MOOM,0.3,False,2.663,186.63,0.00666,1.3,1784010597
All Pools,oXAUT - AVAX,0.3,False,2.579,405.76,0.00645,0.58,1784010597
All Pools,BTC.b - oXAUT,0.3,False,2.578,309.04,0.00644,0.76,1784010597
All Pools,AAVE.e - REDWOLF,0.3,False,2.468,150.98,0.00617,1.49,1784010597
All Pools,JOE - USDT,0.3,False,2.428,280.06,0.00607,0.79,1784010597
All Pools,TOPIA - PTOP600,0.3,False,2.363,120.07,0.00591,1.8,1784010597
All Pools,YUSD - AVAX,0.3,False,2.32,116.56,0.0058,1.82,1784010597
All Pools,FTOMB - AVAX,0.3,False,2.246,6695.63,0.00561,0.03,1784010597
All Pools,AVAX - ONION,0.3,False,2.124,147.5,0.00531,1.31,1784010597
All Pools,BNZ - AVAX,0.3,False,2.05,148.05,0.00513,1.26,1784010597
All Pools,KINGSHIT - AVAX,0.3,False,2.001,3554.53,0.005,0.05,1784010597
All Pools,Now - BLACK,0.3,False,2.0,235.04,0.005,0.78,1784010597
All Pools,AVAX - CLY,0.3,False,1.994,21744.0,0.00499,0.01,1784010597
All Pools,USDT.e - CLY,0.3,False,1.959,179.89,0.0049,0.99,1784010597
All Pools,MAGICK - USDC,0.3,False,1.936,226.13,0.00484,0.78,1784010597
All Pools,MAGICK - AVAX,0.3,False,1.936,280.96,0.00484,0.63,1784010597
All Pools,VPND - AVAX,0.3,False,1.936,17862.0,0.00484,0.01,1784010597
All Pools,USDC.e - AVVO,0.3,False,1.934,224.89,0.00483,0.78,1784010597
All Pools,HOST - DAI.e,0.3,False,1.92,2497.6,0.0048,0.07,1784010597
All Pools,AVAX - ChristMark,0.3,False,1.89,267.38,0.00473,0.65,1784010597
All Pools,XAUt0 - Now,0.3,False,1.885,562.31,0.00471,0.31,1784010597
All Pools,SWIFT - USDC.e,0.3,False,1.869,479.69,0.00467,0.36,1784010597
All Pools,AVAX - USDT,0.3,False,1.793,1709.71,0.00448,0.1,1784010597
All Pools,UST - USDC.e,0.3,False,1.79,676.42,0.00448,0.24,1784010597
All Pools,ORNG - JUCI,0.3,False,1.777,242.34,0.00444,0.67,1784010597
All Pools,WETH - USDC.e,0.3,False,1.681,200.79,0.0042,0.76,1784010597
All Pools,BANKSY - USDT.e,0.3,False,1.653,1514.62,0.00413,0.1,1784010597
All Pools,BANKSY - AVAX,0.3,False,1.651,142.1,0.00413,1.06,1784010597
All Pools,YEEHAW - TOPIA,0.3,False,1.626,109.25,0.00407,1.36,1784010597
All Pools,AVAX - TIME,0.3,False,1.625,562.68,0.00406,0.26,1784010597
All Pools,LF - AVAX,0.3,False,1.613,283.35,0.00403,0.52,1784010597
All Pools,USDC - MXNB,0.3,False,1.61,17.42,0.00402,8.43,1784010597
All Pools,AVAX - IMPACT2,0.3,False,1.605,137.76,0.00401,1.06,1784010597
All Pools,AVAX - SPELL,0.3,False,1.601,1936.4,0.004,0.08,1784010597
All Pools,MIM - LF,0.3,False,1.589,399.72,0.00397,0.36,1784010597
All Pools,Gravity - AVAX,0.3,False,1.523,238.12,0.00381,0.58,1784010597
All Pools,APOW - USDC,0.3,False,1.506,115.12,0.00376,1.19,1784010597
All Pools,XAUt0 - Gravity,0.3,False,1.474,311.86,0.00369,0.43,1784010597
All Pools,gOHM - wsOHM,0.3,False,1.471,17.32,0.00368,7.75,1784010597
All Pools,MIM - wsOHM,0.3,False,1.464,180.95,0.00366,0.74,1784010597
All Pools,USDt - USDT.e,0.3,False,1.46,20431.0,0.00365,0.01,1784010597
All Pools,FXS - AVAX,0.3,False,1.424,287.03,0.00356,0.45,1784010597
All Pools,XAUt0 - ChristMark,0.3,False,1.418,576.67,0.00354,0.22,1784010597
All Pools,DREGG - AVAX,0.3,False,1.376,145.23,0.00344,0.86,1784010597
All Pools,DREGG - USDT.e,0.3,False,1.376,511.52,0.00344,0.25,1784010597
All Pools,HUSKY - JOE,0.3,False,1.336,91.91,0.00334,1.33,1784010597
All Pools,PNG - JOE,0.3,False,1.326,115.57,0.00332,1.05,1784010597
All Pools,SMRTr - USDC.e,0.3,False,1.322,105.04,0.00331,1.15,1784010597
All Pools,SMRTr - AVAX,0.3,False,1.322,25796.0,0.00331,0.0,1784010597
All Pools,APOW - USDt,0.3,False,1.248,114.77,0.00312,0.99,1784010597
All Pools,USDT.e - ONION,0.3,False,1.23,740.51,0.00307,0.15,1784010597
All Pools,WOO.e - AVAX,0.3,False,1.226,65.69,0.00306,1.7,1784010597
All Pools,Gladiator - ARENA,0.3,False,1.222,337.89,0.00306,0.33,1784010597
All Pools,Gladiator - USDC,0.3,False,1.215,269.07,0.00304,0.41,1784010597
All Pools,KIWI - USDC,0.3,False,1.187,299.21,0.00297,0.36,1784010597
All Pools,KIWI - AVAX,0.3,False,1.187,94.44,0.00297,1.15,1784010597
All Pools,BLUB - AVAX,0.3,False,1.18,11662.0,0.00295,0.01,1784010597
All Pools,BEAR - AVAX,0.3,False,1.176,5054.11,0.00294,0.02,1784010597
All Pools,USDC - SDOG,0.3,False,1.17,365.4,0.00292,0.29,1784010597
All Pools,STEAK - AVAX,0.3,False,1.157,9744.2,0.00289,0.01,1784010597
All Pools,AVAX - AVVO,0.3,False,1.148,229.05,0.00287,0.46,1784010597
All Pools,WETH.e - ONION,0.3,False,1.144,229.94,0.00286,0.45,1784010597
All Pools,GB - USDT.e,0.3,False,1.14,22.24,0.00285,4.68,1784010597
All Pools,DCAU - MIM,0.3,False,1.139,114.4,0.00285,0.91,1784010597
All Pools,MIM - SDOG,0.3,False,1.128,92.14,0.00282,1.12,1784010597
All Pools,USDC.e - WXT,0.3,False,1.097,194.55,0.00274,0.51,1784010597
All Pools,AVAX - mYAK,0.3,False,1.074,49.77,0.00269,1.97,1784010597
All Pools,DCAU - USDC,0.3,False,1.073,144.24,0.00268,0.68,1784010597
All Pools,AVAX - MU,0.3,False,1.071,73.81,0.00268,1.32,1784010597
All Pools,PTOP700 - TOPIA,0.3,False,1.069,103.36,0.00267,0.94,1784010597
All Pools,Trinity - AVAX,0.3,False,1.063,739.02,0.00266,0.13,1784010597
All Pools,MIM - USDC,0.3,False,1.059,29.92,0.00265,3.23,1784010597
All Pools,WBTC.e - ONION,0.3,False,1.048,349.53,0.00262,0.27,1784010597
All Pools,WOLF - AVAX,0.3,False,1.036,27351.0,0.00259,0.0,1784010597
All Pools,WETH.e - USDT.e,0.3,False,1.036,147.15,0.00259,0.64,1784010597
All Pools,Trinity - Psychic,0.3,False,1.033,405.36,0.00258,0.23,1784010597
All Pools,BTC.b - IMPACT2,0.3,False,1.009,1274.65,0.00252,0.07,1784010597
All Pools,AVAX - SMRT,0.3,False,1.004,1624.46,0.00251,0.06,1784010597
All Pools,USDT.e - SMRT,0.3,False,0.99039,87.95,0.00248,1.03,1784010597
All Pools,MIM - MU,0.3,False,0.98234,95.91,0.00246,0.93,1784010597
All Pools,MaryMagdalene - XAUt0,0.3,False,0.97646,1664.31,0.00244,0.05,1784010597
All Pools,LUNA - AVAX,0.3,False,0.96325,123.66,0.00241,0.71,1784010597
All Pools,LUEEGI - AVAX,0.3,False,0.95956,1007.43,0.0024,0.09,1784010597
All Pools,LINDA - AVAX,0.3,False,0.94452,1585.8,0.00236,0.05,1784010597
All Pools,KRW - AVAX,0.3,False,0.93331,310.04,0.00233,0.27,1784010597
All Pools,JOE - KRW,0.3,False,0.93181,145.47,0.00233,0.58,1784010597
All Pools,AVAX - ARENA,0.3,False,0.92934,57.58,0.00232,1.47,1784010597
All Pools,DAI.e - ONION,0.3,False,0.89531,331.44,0.00224,0.25,1784010597
All Pools,GB - MUG,0.3,False,0.87807,17.42,0.0022,4.6,1784010597
All Pools,MaryMagdalene - AVAX,0.3,False,0.85345,173.87,0.00213,0.45,1784010597
All Pools,HOST - AVAX,0.3,False,0.83172,88.33,0.00208,0.86,1784010597
All Pools,HOWDY - USDt,0.3,False,0.78208,173.58,0.00196,0.41,1784010597
All Pools,TSD - AVAX,0.3,False,0.76623,178.05,0.00192,0.39,1784010597
All Pools,USDC.e - ONION,0.3,False,0.74916,369.91,0.00187,0.18,1784010597
All Pools,SYMBIOT - AVAX,0.3,False,0.74256,74.73,0.00186,0.91,1784010597
All Pools,DZHV - AVAX,0.3,False,0.73006,10298.0,0.00183,0.01,1784010597
All Pools,AVAX - EROL,0.3,False,0.72827,20.28,0.00182,3.28,1784010597
All Pools,SYMBIOT - DAI.e,0.3,False,0.69489,443.21,0.00174,0.14,1784010597
All Pools,ZUBAX - USDT.e,0.3,False,0.67337,171.28,0.00168,0.36,1784010597
All Pools,ZRO - USDC,0.3,False,0.6634,4.488,0.00166,13.49,1784010597
All Pools,AVAX - rsAVAX,0.3,False,0.65862,162.19,0.00165,0.37,1784010597
All Pools,MAXI - DAI.e,0.3,False,0.64958,222.67,0.00162,0.27,1784010597
All Pools,BUSD - AVAX,0.3,False,0.6438,336.9,0.00161,0.17,1784010597
All Pools,GENI - USDC,0.3,False,0.63541,1183.17,0.00159,0.05,1784010597
All Pools,GENI - AVAX,0.3,False,0.6354,50.18,0.00159,1.16,1784010597
All Pools,Val - AVAX,0.3,False,0.6325,243.76,0.00158,0.24,1784010597
All Pools,AVAX - MUG,0.3,False,0.61146,248.84,0.00153,0.22,1784010597
All Pools,AVAX - ZUBAX,0.3,False,0.60297,91.38,0.00151,0.6,1784010597
All Pools,BTC.b - REDWOLF,0.3,False,0.57926,97.69,0.00145,0.54,1784010597
All Pools,KALM - USDC,0.3,False,0.56447,77.29,0.00141,0.67,1784010597
All Pools,KALM - AVAX,0.3,False,0.56446,97.23,0.00141,0.53,1784010597
All Pools,MIM - PEFI,0.3,False,0.56306,67.13,0.00141,0.77,1784010597
All Pools,CommieSukey - AVAX,0.3,False,0.55452,212.45,0.00139,0.24,1784010597
All Pools,Psychic - CommieSukey,0.3,False,0.55307,243.59,0.00138,0.21,1784010597
All Pools,Meaning - AVAX,0.3,False,0.54598,330.99,0.00136,0.15,1784010597
All Pools,Psychic - Meaning,0.3,False,0.54494,238.39,0.00136,0.21,1784010597
All Pools,50 - AVAX,0.3,False,0.53648,59.92,0.00134,0.82,1784010597
All Pools,50 - USDC,0.3,False,0.53644,112.18,0.00134,0.44,1784010597
All Pools,SYN - REDWOLF,0.3,False,0.51862,5.18,0.0013,9.14,1784010597
All Pools,WBTC.e - USDT.e,0.3,False,0.51629,155.07,0.00129,0.3,1784010597
All Pools,HOWDY - ARENA,0.3,False,0.50141,37.97,0.00125,1.21,1784010597
All Pools,STG - L - Swing,0.3,False,0.49938,16.3,0.00125,2.79,1784010597
All Pools,COQ - OSAK,0.3,False,0.4946,17.19,0.00124,2.63,1784010597
All Pools,YEEHAW - CHAMP,0.3,False,0.49376,922.01,0.00123,0.05,1784010597
All Pools,NOCHILL - OX,0.3,False,0.48263,13295.0,0.00121,0.0,1784010597
All Pools,AVAX - Wej,0.3,False,0.47544,212.52,0.00119,0.2,1784010597
All Pools,YEEHAW - AVAX,0.3,False,0.47482,11.66,0.00119,3.72,1784010597
All Pools,Psychic - Wej,0.3,False,0.47397,243.66,0.00118,0.18,1784010597
All Pools,sifu - DAI.e,0.3,False,0.46831,3.885,0.00117,11.0,1784010597
All Pools,DFIAT - AVAX,0.3,False,0.46555,5972.91,0.00116,0.01,1784010597
All Pools,DogL - AVAX,0.3,False,0.45883,213.3,0.00115,0.2,1784010597
All Pools,Psychic - DogL,0.3,False,0.45752,243.73,0.00114,0.17,1784010597
All Pools,L - Swing - aXEN,0.3,False,0.45232,51.69,0.00113,0.8,1784010597
All Pools,STATIK - AVAX,0.3,False,0.45186,31.07,0.00113,1.33,1784010597
All Pools,MerryXmas - AVAX,0.3,False,0.44903,195.48,0.00112,0.21,1784010597
All Pools,Psychic - MerryXmas,0.3,False,0.44772,224.16,0.00112,0.18,1784010597
All Pools,MIM - WINE,0.3,False,0.44687,173.26,0.00112,0.24,1784010597
All Pools,AVAX - BlackAndGold,0.3,False,0.44628,213.31,0.00112,0.19,1784010597
All Pools,Psychic - BlackAndGold,0.3,False,0.44498,243.71,0.00111,0.17,1784010597
All Pools,AVAX - RedFolder,0.3,False,0.44206,212.44,0.00111,0.19,1784010597
All Pools,Psychic - RedFolder,0.3,False,0.44064,243.77,0.0011,0.16,1784010597
All Pools,MIM - GRAPE,0.3,False,0.43814,119.64,0.0011,0.33,1784010597
All Pools,AVAX - All,0.3,False,0.43684,213.51,0.00109,0.19,1784010597
All Pools,Psychic - All,0.3,False,0.43546,243.78,0.00109,0.16,1784010597
All Pools,sifu - USDT.e,0.3,False,0.42542,10.25,0.00106,3.79,1784010597
All Pools,LUNA - AVAX,0.3,False,0.41762,13.73,0.00104,2.78,1784010597
All Pools,ArniStitch - AVAX,0.3,False,0.41642,212.04,0.00104,0.18,1784010597
All Pools,Psychic - ArniStitch,0.3,False,0.41525,243.85,0.00104,0.16,1784010597
All Pools,sAVAX - COQ,0.3,False,0.40996,60.83,0.00102,0.61,1784010597
All Pools,JEWEL - USDC,0.3,False,0.40877,3840.9,0.00102,0.01,1784010597
All Pools,Ducks - AVAX,0.3,False,0.40807,212.09,0.00102,0.18,1784010597
All Pools,Psychic - Ducks,0.3,False,0.40673,243.91,0.00102,0.15,1784010597
All Pools,GUN - AMI,0.3,False,0.40441,8.52,0.00101,4.33,1784010597
All Pools,Serpentarius - AVAX,0.3,False,0.4035,215.92,0.00101,0.17,1784010597
All Pools,Psychic - Serpentarius,0.3,False,0.40221,247.39,0.00101,0.15,1784010597
All Pools,JOE - EXP,0.3,False,0.40096,10313460.0,0.001,,1784010597
All Pools,USDC - GAU,0.3,False,0.39986,836.31,,0.04,1784010597
All Pools,AMI - TOPIA,0.3,False,0.39485,150.03,,0.24,1784010597
All Pools,MM - USDC,0.3,False,0.38691,49.78,,0.71,1784010597
All Pools,MM - AVAX,0.3,False,0.38676,66.96,,0.53,1784010597
All Pools,COQ - OX,0.3,False,0.38052,13967.0,,0.0,1784010597
All Pools,HUSKY - AMI,0.3,False,0.37296,42.36,,0.8,1784010597
All Pools,CQK - USDC,0.3,False,0.3689,30.86,,1.09,1784010597
All Pools,CQK - AVAX,0.3,False,0.36882,97.05,,0.35,1784010597
All Pools,USDt - IMPACT2,0.3,False,0.3687,69.01,,0.49,1784010597
All Pools,AVAX - Prometheus,0.3,False,0.36657,207.02,,0.16,1784010597
All Pools,Psychic - Prometheus,0.3,False,0.36543,237.05,,0.14,1784010597
All Pools,Hopi - Now,0.3,False,0.35424,508.09,,0.06,1784010597
All Pools,Hopi - AVAX,0.3,False,0.35419,154.26,,0.21,1784010597
All Pools,AVAX - Seventeen,0.3,False,0.35397,207.69,,0.16,1784010597
All Pools,NaughtiusMaximus - Seventeen,0.3,False,0.35304,679.52,,0.05,1784010597
All Pools,AVAX - KONG,0.3,False,0.35113,5490.27,,0.01,1784010597
All Pools,BLS - USDt,0.3,False,0.35036,127.78,,0.25,1784010597
All Pools,Jjj - AVAX,0.3,False,0.34687,212.1,,0.15,1784010597
All Pools,Psychic - Jjj,0.3,False,0.34578,243.74,,0.13,1784010597
All Pools,meGNX - AVAX,0.3,False,0.34337,12.95,,2.42,1784010597
All Pools,Anon - AVAX,0.3,False,0.34301,7.777,,4.02,1784010597
All Pools,USDC - SHRAP,0.3,False,0.34132,22.05,,1.41,1784010597
All Pools,USDT.e - MU,0.3,False,0.34,250.12,,0.12,1784010597
All Pools,MU - DAI.e,0.3,False,0.33065,235.76,,0.13,1784010597
All Pools,Xmas - AVAX,0.3,False,0.32638,199.22,,0.15,1784010597
All Pools,Psychic - Xmas,0.3,False,0.32544,228.58,,0.13,1784010597
All Pools,AftermathsKobe - AVAX,0.3,False,0.32428,213.47,,0.14,1784010597
All Pools,Psychic - AftermathsKobe,0.3,False,0.32347,245.48,,0.12,1784010597
All Pools,MEOW - AVAX,0.3,False,0.31343,7614.88,,0.0,1784010597
All Pools,MIM - DAI.e,0.3,False,0.31157,19.78,,1.44,1784010597
All Pools,AVAX - SNOB,0.3,False,0.31082,750.27,,0.04,1784010597
All Pools,WBTC - AVAX,0.3,False,0.30782,30.54,,0.92,1784010597
All Pools,BOI - MU,0.3,False,0.30512,0.74543,,37.35,1784010597
All Pools,BRO - AVAX,0.3,False,0.30354,99912.0,,,1784010597
All Pools,BRO - COQ,0.3,False,0.30241,134.36,,0.21,1784010597
All Pools,LAMA - AVAX,0.3,False,0.29858,8314.25,,0.0,1784010597
All Pools,gOHM - JOE,0.3,False,0.29823,3.155,,8.63,1784010597
All Pools,Christmas - AVAX,0.3,False,0.29776,180.16,,0.15,1784010597
All Pools,$Crazy - AVAX,0.3,False,0.29379,741.97,,0.04,1784010597
All Pools,USDC - aXEN,0.3,False,0.29032,9.032,,2.93,1784010597
All Pools,USDC - USD+,0.3,False,0.2873,28.15,,0.93,1784010597
All Pools,AVAX - Sinterklaas,0.3,False,0.28701,100.71,,0.26,1784010597
All Pools,Psychic - Sinterklaas,0.3,False,0.28651,239.92,,0.11,1784010597
All Pools,AVAX - KET,0.3,False,0.28258,22.86,,1.13,1784010597
All Pools,CHAMP - AMI,0.3,False,0.28229,25.37,,1.02,1784010597
All Pools,APOW - AVAX,0.3,False,0.27481,1311.62,,0.02,1784010597
All Pools,DiamondbackGall - AVAX,0.3,False,0.27072,213.87,,0.12,1784010597
All Pools,DFIAT - USDT.e,0.3,False,0.2698,26.66,,0.92,1784010597
All Pools,SYN - USDC.e,0.3,False,0.26974,2.65,,9.29,1784010597
All Pools,Psychic - DiamondbackGall,0.3,False,0.26969,244.36,,0.1,1784010597
All Pools,NeatestQuackery - AVAX,0.3,False,0.2689,211.95,,0.12,1784010597
All Pools,Psychic - NeatestQuackery,0.3,False,0.26818,244.07,,0.1,1784010597
All Pools,COQ - NOCHILL,0.3,False,0.26299,8.013,,3.0,1784010597
All Pools,RUX - AVAX,0.3,False,0.25897,25.46,,0.93,1784010597
All Pools,USDt - RUX,0.3,False,0.25882,15959.0,,0.0,1784010597
All Pools,GLOBA - AVAX,0.3,False,0.25688,39.73,,0.59,1784010597
All Pools,USDC.e - WISE,0.3,False,0.25582,41.07,,0.57,1784010597
All Pools,AVAX - WISE,0.3,False,0.25565,59.17,,0.39,1784010597
All Pools,AVAX - DUO,0.3,False,0.2537,52.5,,0.44,1784010597
All Pools,USDT.e - DUO,0.3,False,0.25363,50.53,,0.46,1784010597
All Pools,WETH.e - yyAVAX,0.3,False,0.25161,14.21,,1.62,1784010597
All Pools,COQ - JUICE,0.3,False,0.24764,26.03,,0.87,1784010597
All Pools,LINK.e - REDWOLF,0.3,False,0.24551,69.1,,0.32,1784010597
All Pools,SLUSH - USDT.e,0.3,False,0.24501,55.12,,0.41,1784010597
All Pools,SLUSH - AVAX,0.3,False,0.245,45.36,,0.49,1784010597
All Pools,agEUR - USDC,0.3,False,0.24441,59.79,,0.37,1784010597
All Pools,aAvaWAVAX - meGNX,0.3,False,0.24349,2.972,,7.48,1784010597
All Pools,AVAX - TheGospelOfMary,0.3,False,0.24151,117.05,,0.19,1784010597
All Pools,MaryMagdalene - TheGospelOfMary,0.3,False,0.24129,215.75,,0.1,1784010597
All Pools,GLOBA - DAI.e,0.3,False,0.24036,47.25,,0.46,1784010597
All Pools,Silver - AVAX,0.3,False,0.23789,62.67,,0.35,1784010597
All Pools,Silver - Now,0.3,False,0.23685,645.86,,0.03,1784010597
All Pools,SOL - USDC,0.3,False,0.23453,20.65,,1.04,1784010597
All Pools,GATOR - ARENA,0.3,False,0.22805,1.516,,13.72,1784010597
All Pools,AVAX - MeaningOfNumbers,0.3,False,0.22442,212.49,,0.1,1784010597
All Pools,TRYB - USDC.e,0.3,False,0.22403,31.92,,0.64,1784010597
All Pools,Psychic - MeaningOfNumbers,0.3,False,0.22365,244.45,,0.08,1784010597
All Pools,NOCHILL - KET,0.3,False,0.22036,8.109,,2.48,1784010597
All Pools,UNI.e - REDWOLF,0.3,False,0.2159,11.08,,1.78,1784010597
All Pools,USDC - yyAVAX,0.3,False,0.21471,12.0,,1.63,1784010597
All Pools,wsOHM - USDC.e,0.3,False,0.2125,18.29,,1.06,1784010597
All Pools,AVVO - DAI.e,0.3,False,0.21231,34.72,,0.56,1784010597
All Pools,CHAMP - ARENA,0.3,False,0.21211,13.1,,1.48,1784010597
All Pools,VEE - USDC,0.3,False,0.21173,31.19,,0.62,1784010597
All Pools,IMPACT2 - EURC,0.3,False,0.20487,41.2,,0.45,1784010597
All Pools,AVAX - ZABU,0.3,False,0.2018,23.24,,0.79,1784010597
All Pools,Christmas - ChristMark,0.3,False,0.19926,111.82,,0.16,1784010597
All Pools,bCASH - NOCHILL,0.3,False,0.19361,12.18,,1.45,1784010597
All Pools,wsOHM - AVAX,0.3,False,0.19256,8.056,,2.18,1784010597
All Pools,USDC - CHAM,0.3,False,0.19236,46.22,,0.38,1784010597
All Pools,AVAX - CHAM,0.3,False,0.19236,25.6,,0.69,1784010597
All Pools,USDC.e - DAI.e,0.3,False,0.19209,22238.0,,,1784010597
All Pools,BOI - AMI,0.3,False,0.18505,0.48056,,35.14,1784010597
All Pools,MELT - AVAX,0.3,False,0.18431,19.88,,0.85,1784010597
All Pools,AVAI - AVAX,0.3,False,0.18072,19.69,,0.84,1784010597
All Pools,USDT.e - ZABU,0.3,False,0.1769,44.09,,0.37,1784010597
All Pools,Light - AVAX,0.3,False,0.1727,63.72,,0.25,1784010597
All Pools,Light - Now,0.3,False,0.17218,645.09,,0.02,1784010597
All Pools,APOW - USDt,0.3,False,0.17058,21.19,,0.73,1784010597
All Pools,USDC - BVAX,0.3,False,0.17011,26.11,,0.59,1784010597
All Pools,XPOW - AVAX,0.3,False,0.16354,1310.85,,0.01,1784010597
All Pools,USDt - XPOW,0.3,False,0.16313,20.53,,0.73,1784010597
All Pools,COQ - BLSEYE🎯,0.3,False,0.15849,142.68,,0.1,1784010597
All Pools,AVAX - ELK,0.3,False,0.15823,48.32,,0.3,1784010597
All Pools,SPC - DAI.e,0.3,False,0.15703,19.35,,0.74,1784010597
All Pools,SYN - WETH.e,0.3,False,0.15458,1.283,,10.99,1784010597
All Pools,BANKSY - AVAX,0.3,False,0.15383,18.24,,0.77,1784010597
All Pools,BANKSY - USDC.e,0.3,False,0.15377,29.03,,0.48,1784010597
All Pools,METAG - AVAX,0.3,False,0.14974,19.55,,0.7,1784010597
All Pools,Solar - AVAX,0.3,False,0.14883,63.78,,0.21,1784010597
All Pools,Solar - Now,0.3,False,0.14875,645.62,,0.02,1784010597
All Pools,AVAX - Propriety,0.3,False,0.14842,63.57,,0.21,1784010597
All Pools,Now - Propriety,0.3,False,0.14819,644.98,,0.02,1784010597
All Pools,ALOT - USDC.e,0.3,False,0.14615,7.459,,1.79,1784010597
All Pools,Vaccine - AVAX,0.3,False,0.14417,62.61,,0.21,1784010597
All Pools,Vaccine - Now,0.3,False,0.14404,638.84,,0.02,1784010597
All Pools,SYN - USDT.e,0.3,False,0.14393,1.412,,9.3,1784010597
All Pools,FLAKE - USDT.e,0.3,False,0.14375,48.17,,0.27,1784010597
All Pools,FLAKE - AVAX,0.3,False,0.14374,17.05,,0.77,1784010597
All Pools,AVAX - Mentor,0.3,False,0.14212,63.58,,0.2,1784010597
All Pools,WETH.e - USDC,0.3,False,0.14195,20.04,,0.65,1784010597
All Pools,AVAX - BENJI,0.3,False,0.14182,4.757,,2.72,1784010597
All Pools,USDT.e - EXP,0.3,False,0.14162,45046109.0,,,1784010597
All Pools,Now - Mentor,0.3,False,0.14155,644.04,,0.02,1784010597
All Pools,USDt - REDWOLF,0.3,False,0.13983,13.72,,0.93,1784010597
All Pools,TECH - OX,0.3,False,0.13642,5914.9,,0.0,1784010597
All Pools,MELT - USDC.e,0.3,False,0.13459,29.53,,0.42,1784010597
All Pools,WTHT - SNOB,0.3,False,0.1327,1.252,,9.67,1784010597
All Pools,NOCHILL - AMI,0.3,False,0.13194,3.101,,3.88,1784010597
All Pools,YEEHAW - USDC,0.3,False,0.13067,5.477,,2.18,1784010597
All Pools,AVAX - MILO,0.3,False,0.12958,787.45,,0.02,1784010597
All Pools,USDt - MILO,0.3,False,0.12953,13.97,,0.85,1784010597
All Pools,MIM - TIME,0.3,False,0.12891,26.04,,0.45,1784010597
All Pools,TOMB - USDC,0.3,False,0.12804,9.937,,1.18,1784010597
All Pools,Matter - AVAX,0.3,False,0.12747,56.92,,0.2,1784010597
All Pools,Matter - Now,0.3,False,0.1271,582.68,,0.02,1784010597
All Pools,WETH.e - SURE,0.3,False,0.12615,830.69,,0.01,1784010597
All Pools,Now - Blessing,0.3,False,0.12366,570.2,,0.02,1784010597
All Pools,AVAX - Blessing,0.3,False,0.12365,56.63,,0.2,1784010597
All Pools,MIM - VOLT,0.3,False,0.12178,14.49,,0.77,1784010597
All Pools,ABC - AMI,0.3,False,0.12068,2.348,,4.69,1784010597
All Pools,TickTock - AVAX,0.3,False,0.12063,63.83,,0.17,1784010597
All Pools,TickTock - Now,0.3,False,0.12053,646.3,,0.02,1784010597
All Pools,Chemistry - Now,0.3,False,0.1202,635.91,,0.02,1784010597
All Pools,Chemistry - AVAX,0.3,False,0.12014,62.9,,0.17,1784010597
All Pools,AVAX - STRAW,0.3,False,0.11904,14.21,,0.76,1784010597
All Pools,BrideOfChrist - BLACK,0.3,False,0.1183,17.71,,0.61,1784010597
All Pools,BrideOfChrist - AVAX,0.3,False,0.11821,63.71,,0.17,1784010597
All Pools,Gil - AVAX,0.3,False,0.11629,13.55,,0.78,1784010597
All Pools,AVAT - USDC,0.3,False,0.11521,37.36,,0.28,1784010597
All Pools,MaryMagdalene - ChristMark,0.3,False,0.11434,301.79,,0.03,1784010597
All Pools,Sanskrit - AVAX,0.3,False,0.11383,63.65,,0.16,1784010597
All Pools,Sanskrit - Now,0.3,False,0.11347,644.52,,0.02,1784010597
All Pools,Necromancer - AVAX,0.3,False,0.11181,63.71,,0.16,1784010597
All Pools,Now - Necromancer,0.3,False,0.11156,645.02,,0.02,1784010597
All Pools,DAI.e - STRAW,0.3,False,0.11135,35.89,,0.28,1784010597
All Pools,AVAX - SantaGospel,0.3,False,0.11028,96.6,,0.1,1784010597
All Pools,Slope - AVAX,0.3,False,0.10891,63.72,,0.16,1784010597
All Pools,Gold - AVAX,0.3,False,0.10884,63.84,,0.16,1784010597
All Pools,Gil - DAI.e,0.3,False,0.10878,26.21,,0.38,1784010597
All Pools,Slope - Now,0.3,False,0.10864,643.74,,0.02,1784010597
All Pools,Gold - Now,0.3,False,0.10848,646.23,,0.02,1784010597
All Pools,AVAX - √Root,0.3,False,0.10826,63.81,,0.15,1784010597
All Pools,Now - √Root,0.3,False,0.1076,645.95,,0.02,1784010597
All Pools,Uncontractable - AVAX,0.3,False,0.10754,62.68,,0.16,1784010597
All Pools,Uncontractable - Now,0.3,False,0.10718,631.2,,0.02,1784010597
All Pools,DAI.e - VOLT,0.3,False,0.10714,40.88,,0.24,1784010597
All Pools,APOW - USDC,0.3,False,0.10357,21.19,,0.45,1784010597
All Pools,YAK - SPORE,0.3,False,0.10307,5.232,,1.8,1784010597
All Pools,Blue - AVAX,0.3,False,0.10241,189.27,,0.05,1784010597
All Pools,WBTC.e - REDWOLF,0.3,False,0.10227,48.43,,0.19,1784010597
All Pools,Psychic - Blue,0.3,False,0.10198,61.95,,0.15,1784010597
All Pools,METAG - USDT.e,0.3,False,0.10016,47.07,,0.19,1784010597
All Pools,Christmas - Merovingian,0.3,False,0.09786,85.67,,0.1,1784010597
All Pools,Now - Merovingian,0.3,False,0.09711,49.76,,0.18,1784010597
All Pools,AVAX - DOGGY,0.3,False,0.09516,1.933,,4.49,1784010597
All Pools,bECH - AVAX,0.3,False,0.09466,16.88,,0.51,1784010597
All Pools,AVAX - Strength,0.3,False,0.0943,101.63,,0.08,1784010597
All Pools,Go - AVAX,0.3,False,0.09413,101.02,,0.09,1784010597
All Pools,Hydrogen - AVAX,0.3,False,0.09396,189.43,,0.05,1784010597
All Pools,Psychic - Strength,0.3,False,0.09392,56.25,,0.15,1784010597
All Pools,Psychic - Go,0.3,False,0.09364,55.74,,0.15,1784010597
All Pools,Psychic - Hydrogen,0.3,False,0.09363,62.27,,0.14,1784010597
All Pools,miMatic - AVAX,0.3,False,0.09348,32.08,,0.27,1784010597
All Pools,miMatic - USDC.e,0.3,False,0.09346,24.1,,0.35,1784010597
All Pools,Yellow - AVAX,0.3,False,0.09132,190.82,,0.04,1784010597
All Pools,Psychic - Yellow,0.3,False,0.09101,62.39,,0.13,1784010597
All Pools,HUSKY - MUG,0.3,False,0.09035,13.41,,0.61,1784010597
All Pools,LIBRE - USDC.e,0.3,False,0.08859,12.26,,0.66,1784010597
All Pools,AVAT - AVAX,0.3,False,0.08775,16.68,,0.48,1784010597
All Pools,AVAX - FORT,0.3,False,0.08718,12.9,,0.62,1784010597
All Pools,MIM - FORT,0.3,False,0.08668,2696.55,,0.0,1784010597
All Pools,AVAX - WOLF,0.3,False,0.08653,53.3,,0.15,1784010597
All Pools,USDC.e - WOLF,0.3,False,0.08649,7.51,,1.05,1784010597
All Pools,BENIS - NOCHILL,0.3,False,0.0858,2.729,,2.87,1784010597
All Pools,BLS - SHRAP,0.3,False,0.0856,8.269,,0.94,1784010597
All Pools,Psychic - SantaGospel,0.3,False,0.08551,55.57,,0.14,1784010597
All Pools,MIM - AUSD,0.3,False,0.08428,10.8,,0.71,1784010597
All Pools,WTF - AVAX,0.3,False,0.08416,514.94,,0.01,1784010597
All Pools,AVAX - NEMO,0.3,False,0.08306,6.511,,1.16,1784010597
All Pools,USDt - NEMO,0.3,False,0.08306,95.78,,0.08,1784010597
All Pools,aAvaLINK - AVAX,0.3,False,0.0828,7.35,,1.03,1784010597
All Pools,CGS - USDC.e,0.3,False,0.08173,152.76,,0.05,1784010597
All Pools,CGS - AVAX,0.3,False,0.08157,54.02,,0.14,1784010597
All Pools,Who - AVAX,0.3,False,0.07837,101.03,,0.07,1784010597
All Pools,Psychic - Who,0.3,False,0.07808,56.29,,0.13,1784010597
All Pools,UST - USDT.e,0.3,False,0.07754,38.45,,0.18,1784010597
All Pools,JOE - CRA,0.3,False,0.07719,7.097,,0.99,1784010597
All Pools,PAPA - AVAX,0.3,False,0.07584,10.91,,0.63,1784010597
All Pools,SUB - USDC,0.3,False,0.07556,11.32,,0.61,1784010597
All Pools,MIM - PAPA,0.3,False,0.07518,66.79,,0.1,1784010597
All Pools,JESUS - AVAX,0.3,False,0.07382,9.208,,0.73,1784010597
All Pools,RUG - USDT.e,0.3,False,0.07288,10.44,,0.64,1784010597
All Pools,AVAX - GAU,0.3,False,0.07016,5.684,,1.13,1784010597
All Pools,WBTC.e - USDC.e,0.3,False,0.06927,8.02,,0.79,1784010597
All Pools,Chrism - ChristMark,0.3,False,0.06757,139.05,,0.04,1784010597
All Pools,Psychic - Chrism,0.3,False,0.06693,49.55,,0.12,1784010597
All Pools,SHOE - BTC.b,0.3,False,0.06563,0.75311,,7.95,1784010597
All Pools,SURE - USDC.e,0.3,False,0.06538,20.53,,0.29,1784010597
All Pools,USDT.e - XAVA,0.3,False,0.06515,10.66,,0.56,1784010597
All Pools,AI9000 - AVAX,0.3,False,0.0642,215.12,,0.03,1784010597
All Pools,Ush - AVAX,0.3,False,0.06395,2078.2,,0.0,1784010597
All Pools,GAS - AVAX,0.3,False,0.06369,130.97,,0.04,1784010597
All Pools,SLIME - AVAX,0.3,False,0.0621,14964.0,,,1784010597
All Pools,SLIME - USDt,0.3,False,0.06209,6.05,,0.94,1784010597
All Pools,NineHundred - AVAX,0.3,False,0.06145,100.92,,0.06,1784010597
All Pools,JOE - ZABU,0.3,False,0.06086,12.81,,0.43,1784010597
All Pools,NOCHILL - REDWOLF,0.3,False,0.05994,2.208,,2.48,1784010597
All Pools,NOCHILL - MU,0.3,False,0.0597,1.469,,3.71,1784010597
All Pools,MELT - AVAX,0.3,False,0.05966,800.7,,0.01,1784010597
All Pools,MELT - USDC.e,0.3,False,0.05964,5.896,,0.92,1784010597
All Pools,Psychic - NineHundred,0.3,False,0.05913,55.49,,0.1,1784010597
All Pools,BENIS - AVAX,0.3,False,0.05899,10.66,,0.5,1784010597
All Pools,MU - SOL,0.3,False,0.05851,1.116,,4.78,1784010597
All Pools,AVAX - Nala,0.3,False,0.05778,19.01,,0.28,1784010597
All Pools,Psychic - Nala,0.3,False,0.05753,207.99,,0.03,1784010597
All Pools,WOLF - AVAX,0.3,False,0.05677,46.21,,0.11,1784010597
All Pools,CNR - USDC,0.3,False,0.05655,4.408,,1.17,1784010597
All Pools,aDXN - aXEN,0.3,False,0.05644,4.891,,1.05,1784010597
All Pools,DUO - USDT.e,0.3,False,0.05624,6.109,,0.84,1784010597
All Pools,aDXN - AVAX,0.3,False,0.05599,49.94,,0.1,1784010597
All Pools,CRA - AVAX,0.3,False,0.05567,7233.64,,,1784010597
All Pools,JOE - ZUBAX,0.3,False,0.05453,6.394,,0.78,1784010597
All Pools,MU - COQAI,0.3,False,0.05422,5.604,,0.88,1784010597
All Pools,BUSD - USDC,0.3,False,0.0525,7.358,,0.65,1784010597
All Pools,KLO - USDT.e,0.3,False,0.05236,5.373,,0.89,1784010597
All Pools,USDC.e - WMATIC,0.3,False,0.05212,16.15,,0.29,1784010597
All Pools,SURE - AVAX,0.3,False,0.05127,5.247,,0.89,1784010597
All Pools,ACS - AVAX,0.3,False,0.05099,172.82,,0.03,1784010597
All Pools,gOHM - USDT.e,0.3,False,0.05077,0.64302,,7.2,1784010597
All Pools,CNR - USDt,0.3,False,0.05057,4.424,,1.04,1784010597
All Pools,AVAX - BOREA,0.3,False,0.05028,5.433,,0.84,1784010597
All Pools,USDT.e - BOREA,0.3,False,0.05015,25.62,,0.18,1784010597
All Pools,MELT - USDT.e,0.3,False,0.04976,29.29,,0.16,1784010597
All Pools,METAG - USDt,0.3,False,0.04938,15.32,,0.29,1784010597
All Pools,ACS - USDC.e,0.3,False,0.04906,5.261,,0.85,1784010597
All Pools,bCASH - TECH,0.3,False,0.04843,10.91,,0.41,1784010597
All Pools,BLUB - AVAX,0.0,False,0.04748,32.64,0.0,0.0,1784010597
All Pools,USDC - AMI,0.3,False,0.04715,0.49971,,8.61,1784010597
All Pools,MIM - RUG,0.3,False,0.04615,6.215,,0.68,1784010597
All Pools,FITFI - USDC,0.3,False,0.046,0.17478,,24.01,1784010597
All Pools,SHOE - AMI,0.3,False,0.04546,0.17696,,23.44,1784010597
All Pools,UNIV - AVAX,0.3,False,0.04525,6.034,,0.68,1784010597
All Pools,MIM - UNIV,0.3,False,0.04447,5.436,,0.75,1784010597
All Pools,SURE - DAI.e,0.3,False,0.0441,23.94,,0.17,1784010597
All Pools,ICUBE - AVAX,0.3,False,0.04389,5.316,,0.75,1784010597
All Pools,ICUBE - USDT.e,0.3,False,0.04384,107.25,,0.04,1784010597
All Pools,CNR - REDWOLF,0.3,False,0.0435,14.83,,0.27,1784010597
All Pools,TSD - WOLF,0.3,False,0.04292,27.91,,0.14,1784010597
All Pools,USDt - DXN,0.3,False,0.04279,213.61,,0.02,1784010597
All Pools,AVAX - TMT,0.3,False,0.04019,5.785,,0.63,1784010597
All Pools,ROCO - AVAX,0.3,False,0.04017,1332.81,,0.0,1784010597
All Pools,USDT.e - TMT,0.3,False,0.04011,25.2,,0.15,1784010597
All Pools,WETH.e - meGNX,0.3,False,0.04007,5.086,,0.72,1784010597
All Pools,AVAX - BLANC,0.3,False,0.03994,7.22,,0.5,1784010597
All Pools,AVAX - GG,0.3,False,0.03977,5.22,,0.7,1784010597
All Pools,MIM - BLANC,0.3,False,0.0395,1252.03,,0.0,1784010597
All Pools,AVAI - USDC.e,0.3,False,0.03855,26.63,,0.13,1784010597
All Pools,REDWOLF - WMATIC,0.3,False,0.03854,2.04,,1.72,1784010597
All Pools,GURS - ARENA,0.3,False,0.03838,5.236,,0.67,1784010597
All Pools,AVAX - BAVA,0.3,False,0.03809,8.599,,0.4,1784010597
All Pools,NXPC - AVAX,0.3,False,0.03808,0.99098,,3.51,1784010597
All Pools,AVAX - SDOG,0.3,False,0.03765,6.493,,0.53,1784010597
All Pools,wMEMO - AVAX,0.3,False,0.03716,6.441,,0.53,1784010597
All Pools,WLRS - GRAPE,0.3,False,0.03649,8.909,,0.37,1784010597
All Pools,WLRS - USDC.e,0.3,False,0.03628,4002.69,,,1784010597
All Pools,BRUH - AVAX,0.3,False,0.03626,881.49,,0.0,1784010597
All Pools,CNR - AVAX,0.3,False,0.03611,47.14,,0.07,1784010597
All Pools,UNIQOC - AVAX,0.3,False,0.03607,813.86,,0.0,1784010597
All Pools,UNIQOC - COQ,0.3,False,0.03596,35.31,,0.09,1784010597
All Pools,MIM - GG,0.3,False,0.03535,72.96,,0.04,1784010597
All Pools,MPL - AVAX,0.3,False,0.0351,5.029,,0.64,1784010597
All Pools,MPL - USDt,0.3,False,0.03504,29.7,,0.11,1784010597
All Pools,YEEHAW - AMI,0.3,False,0.03411,3.025,,1.03,1784010597
All Pools,USDC.e - RUG,0.3,False,0.03369,17.56,,0.18,1784010597
All Pools,TruthClosure - AVAX,0.3,False,0.03317,7.667,,0.39,1784010597
All Pools,TruthClosure - BLACK,0.3,False,0.03312,12.83,,0.24,1784010597
All Pools,BOOTY - AVAX,0.3,False,0.0326,1491.09,,0.0,1784010597
All Pools,LINK.e - MU,0.3,False,0.03252,6.789,,0.44,1784010597
All Pools,COQ - BOOTY,0.3,False,0.03239,6.645,,0.44,1784010597
All Pools,MIM - TSNFTGM,0.3,False,0.03227,3.465,,0.85,1784010597
All Pools,gOHM - OTWO,0.3,False,0.03185,91117.0,,,1784010597
All Pools,wsOHM - OTWO,0.3,False,0.03148,1.538,,1.87,1784010597
All Pools,KIMBO - AMI,0.3,False,0.031,2.333,,1.21,1784010597
All Pools,wALGO - AVAX,0.3,False,0.03092,115.25,,0.02,1784010597
All Pools,COQ - AMI,0.3,False,0.0309,8.01,,0.35,1784010597
All Pools,wALGO - USDC,0.3,False,0.03084,2.39,,1.18,1784010597
All Pools,AVAX - WSPP,0.3,False,0.03068,2.314,,1.21,1784010597
All Pools,USDC - WSPP,0.3,False,0.03062,41.92,,0.07,1784010597
All Pools,AVAX - BLACK,0.3,False,0.03048,3.274,,0.85,1784010597
All Pools,BTC.b - USDC,0.3,False,0.02995,4.181,,0.65,1784010597
All Pools,TSNFTGM - DAI.e,0.3,False,0.02979,29.29,,0.09,1784010597
All Pools,AVAX - CAST,0.3,False,0.02953,1375.77,,0.0,1784010597
All Pools,AAVE.e - USDT.e,0.3,False,0.0295,2.641,,1.02,1784010597
All Pools,FollowTheWhiteRabbit - AVAX,0.3,False,0.02945,115.54,,0.02,1784010597
All Pools,XIO - AVAX,0.3,False,0.02914,2.319,,1.15,1784010597
All Pools,XIO - USDC,0.3,False,0.02908,23.95,,0.11,1784010597
All Pools,AVAX - SPADE,0.3,False,0.02901,4.873,,0.54,1784010597
All Pools,USDC.e - SPADE,0.3,False,0.029,15.41,,0.17,1784010597
All Pools,LUNA - LUNA,0.3,False,0.02895,1.84,,1.44,1784010597
All Pools,LoveIsTheKey - FollowTheWhiteRabbit,0.3,False,0.02895,44.37,,0.06,1784010597
All Pools,LoveIsTheKey - BLACK,0.3,False,0.0289,4.154,,0.63,1784010597
All Pools,BTC.b - MU,0.3,False,0.02847,9.924,,0.26,1784010597
All Pools,USDT.e - DAI.e,0.3,False,0.02809,7180.28,,,1784010597
All Pools,COQ - REDWOLF,0.3,False,0.0277,8.606,,0.29,1784010597
All Pools,WOLF - MU,0.3,False,0.02755,3.808,,0.66,1784010597
All Pools,AAVE.e - meGNX,0.3,False,0.02701,3.598,,0.69,1784010597
All Pools,SNP - AVAX,0.3,False,0.02672,7.738,,0.32,1784010597
All Pools,COQ - SNP,0.3,False,0.02654,16.0,,0.15,1784010597
All Pools,ARENA - AMI,0.3,False,0.02634,0.86885,,2.77,1784010597
All Pools,BGLD - AVAX,0.3,False,0.02627,3.557,,0.67,1784010597
All Pools,BGLD - USDT.e,0.3,False,0.02626,16.38,,0.15,1784010597
All Pools,SBR - AVAX,0.3,False,0.02582,3.785,,0.62,1784010597
All Pools,WDAO - AVAX,0.3,False,0.02558,9.949,,0.23,1784010597
All Pools,MIM - SBR,0.3,False,0.02554,11.38,,0.2,1784010597
All Pools,aAvaLINK - meGNX,0.3,False,0.02541,8.438,,0.27,1784010597
All Pools,WDAO - MIM,0.3,False,0.02535,5.412,,0.43,1784010597
All Pools,ElvisJackpot - Gravity,0.3,False,0.02516,14.37,,0.16,1784010597
All Pools,ElvisJackpot - BLACK,0.3,False,0.02495,10.14,,0.22,1784010597
All Pools,wMEMO - MIM,0.3,False,0.02487,4.396,,0.52,1784010597
All Pools,AMI - SQRCAT,0.3,False,0.02483,10.1,,0.22,1784010597
All Pools,AVAX - SQRCAT,0.3,False,0.02478,4221.93,,,1784010597
All Pools,BLACK - SantaGospel,0.3,False,0.02436,2.59,,0.86,1784010597
All Pools,ARA - AVAX,0.3,False,0.02428,2.314,,0.96,1784010597
All Pools,GG - AVAX,0.3,False,0.02416,5.724,,0.39,1784010597
All Pools,ZUM - NOCHILL,0.3,False,0.02398,0.73037,,3.0,1784010597
All Pools,BSGG - AVAX,0.3,False,0.0239,2.522,,0.86,1784010597
All Pools,MIM - GG,0.3,False,0.0239,4.937,,0.44,1784010597
All Pools,GURS - NOCHILL,0.3,False,0.02348,1.136,,1.89,1784010597
All Pools,AVAX - NADO,0.3,False,0.02336,2.584,,0.82,1784010597
All Pools,YAK - JOE,0.3,False,0.02333,0.94195,,2.26,1784010597
All Pools,MIM - NADO,0.3,False,0.02311,175.2,,0.01,1784010597
All Pools,DBY - AVAX,0.3,False,0.02191,7484.1,,,1784010597
All Pools,AVAX - USDR,0.3,False,0.02146,2.444,,0.8,1784010597
All Pools,USDR - USDC,0.3,False,0.02146,39.9,,0.05,1784010597
All Pools,AVAX - SHRAP,0.3,False,0.02129,11.63,,0.17,1784010597
All Pools,COQ - MU,0.3,False,0.02036,3.412,,0.54,1784010597
All Pools,NOCHILL - WAIFU,0.3,False,0.02035,138.21,,0.01,1784010597
All Pools,AVAX - LYLY,0.3,False,0.02007,50.56,,0.04,1784010597
All Pools,Milk - AVAX,0.3,False,0.01995,5.368,,0.34,1784010597
All Pools,QI - LYLY,0.3,False,0.01993,1.784,,1.02,1784010597
All Pools,WINK - NOCHILL,0.3,False,0.01986,0.3787,,4.78,1784010597
All Pools,Milk - USDT.e,0.3,False,0.01984,13.89,,0.13,1784010597
All Pools,gOHM - USDC.e,0.3,False,0.01958,0.32654,,5.47,1784010597
All Pools,AVAX - AMONKS,0.3,False,0.01953,1143.1,,0.0,1784010597
All Pools,REDWOLF - AMONKS,0.3,False,0.01947,5.634,,0.32,1784010597
All Pools,Anon - USDC,0.3,False,0.01917,0.6688,,2.62,1784010597
All Pools,AVAX - GOT,0.3,False,0.0191,4.268,,0.41,1784010597
All Pools,USDT.e - GOT,0.3,False,0.01897,12.4,,0.14,1784010597
All Pools,SOB - AVAX,0.3,False,0.0183,389.9,,0.0,1784010597
All Pools,LIFE - AVAX,0.3,False,0.01817,2.675,,0.62,1784010597
All Pools,SOB - LUNA,0.3,False,0.01799,0.80108,,2.05,1784010597
All Pools,MIM - LIFE,0.3,False,0.01795,11.21,,0.15,1784010597
All Pools,AVAX - DAI,0.3,False,0.01792,55.98,,0.03,1784010597
All Pools,MAJIN - AVAX,0.3,False,0.01777,3016.96,,,1784010597
All Pools,MAJIN - MU,0.3,False,0.0177,3.684,,0.44,1784010597
All Pools,GATOR - AMI,0.3,False,0.01765,3.039,,0.53,1784010597
All Pools,MIM - DICK,0.3,False,0.01742,2.154,,0.74,1784010597
All Pools,MIM - sTHO,0.3,False,0.01738,203.58,,0.01,1784010597
All Pools,DICK - AVAX,0.3,False,0.01733,6.104,,0.26,1784010597
All Pools,SUB - AVAX,0.3,False,0.01714,14.82,,0.11,1784010597
All Pools,DUNEV3 - USDC.e,0.3,False,0.01688,25237.0,,,1784010597
All Pools,WINK - AVAX,0.3,False,0.01664,41.46,,0.04,1784010597
All Pools,MIM - DUNEV3,0.3,False,0.01654,53686.0,,,1784010597
All Pools,FITFI - USDC.e,0.3,False,0.01649,0.09377,,16.04,1784010597
All Pools,ARENA - MU,0.3,False,0.01639,2.739,,0.55,1784010597
All Pools,JOE - AVE,0.3,False,0.01619,1.183,,1.25,1784010597
All Pools,KOKSAL - USDC,0.3,False,0.01617,4.434,,0.33,1784010597
All Pools,KOKSAL - AVAX,0.3,False,0.01617,2.763,,0.53,1784010597
All Pools,MOO - AVAX,0.3,False,0.01596,540.02,,0.0,1784010597
All Pools,DUA - USDC,0.3,False,0.01577,11.42,,0.13,1784010597
All Pools,AVAX - DUA,0.3,False,0.01577,1.72,,0.84,1784010597
All Pools,FINANCE - NOCHILL,0.3,False,0.01577,367.91,,0.0,1784010597
All Pools,KOVIN - MU,0.3,False,0.01511,2.498,,0.55,1784010597
All Pools,AVAX - MICRO,0.3,False,0.01505,18.57,,0.07,1784010597
All Pools,NXPC - USDC,0.3,False,0.01449,0.67383,,1.96,1784010597
All Pools,NRK - DAI.e,0.3,False,0.01406,280.4,,0.0,1784010597
All Pools,SMRT - XAVA,0.3,False,0.01388,2.227,,0.57,1784010597
All Pools,Trinity - FourFourFour,0.3,False,0.01382,3.545,,0.36,1784010597
All Pools,MIM - SPELL,0.3,False,0.01382,2.434,,0.52,1784010597
All Pools,YAK - USDT.e,0.3,False,0.01381,0.55911,,2.25,1784010597
All Pools,WOLF - USDT.e,0.3,False,0.01379,3.17,,0.4,1784010597
All Pools,FourFourFour - BLACK,0.3,False,0.01377,3.246,,0.39,1784010597
All Pools,UST - USDC,0.3,False,0.01359,3.922,,0.32,1784010597
All Pools,HCT - AVAX,0.3,False,0.01352,2.621,,0.47,1784010597
All Pools,JOE - REDWOLF,0.3,False,0.01344,2.741,,0.45,1784010597
All Pools,Psychic - Partment,0.3,False,0.01296,46.97,,0.03,1784010597
All Pools,CATWIF - AVAX,0.3,False,0.0129,2353.53,,,1784010597
All Pools,HIGHER - AVAX,0.3,False,0.01289,1.196,,0.98,1784010597
All Pools,CATWIF - MU,0.3,False,0.01283,3.014,,0.39,1784010597
All Pools,BLACK - Partment,0.3,False,0.01275,1.261,,0.92,1784010597
All Pools,Psychic - Sequence,0.3,False,0.01274,46.99,,0.02,1784010597
All Pools,Psychic - Crypt,0.3,False,0.01273,46.95,,0.02,1784010597
All Pools,Psychic - TheArcher,0.3,False,0.01271,47.0,,0.02,1784010597
All Pools,AVAX - iBONE,0.3,False,0.01268,4.226,,0.27,1784010597
All Pools,ChristMark - ChristIAmYou,0.3,False,0.01268,20.1,,0.06,1784010597
All Pools,Psychic - LordJesusChrist,0.3,False,0.01265,45.11,,0.03,1784010597
All Pools,USDT.e - iBONE,0.3,False,0.01259,4.464,,0.26,1784010597
All Pools,Sequence - BLACK,0.3,False,0.01254,1.255,,0.91,1784010597
All Pools,Crypt - BLACK,0.3,False,0.01253,1.265,,0.9,1784010597
All Pools,TheArcher - BLACK,0.3,False,0.01251,1.256,,0.91,1784010597
All Pools,LordJesusChrist - BLACK,0.3,False,0.01243,1.214,,0.93,1784010597
All Pools,BLACK - ChristIAmYou,0.3,False,0.01242,1.278,,0.89,1784010597
All Pools,BIRD - AVAX,0.3,False,0.01232,0.00947,,118.76,1784010597
All Pools,WTHT - AXIAL,0.3,False,0.01226,0.28592,,3.91,1784010597
All Pools,Psychic - BirthingCode,0.3,False,0.01203,47.0,,0.02,1784010597
All Pools,Psychic - Equal,0.3,False,0.01202,46.99,,0.02,1784010597
All Pools,Psychic - YouAndI,0.3,False,0.01202,46.99,,0.02,1784010597
All Pools,Psychic - FinityFinity,0.3,False,0.01194,47.0,,0.02,1784010597
All Pools,Psychic - Turtle,0.3,False,0.01187,47.0,,0.02,1784010597
All Pools,Psychic - Finish,0.3,False,0.01185,46.96,,0.02,1784010597
All Pools,AVAX - APE - X,0.3,False,0.01183,471.8,,0.0,1784010597
All Pools,BirthingCode - BLACK,0.3,False,0.0118,1.25,,0.86,1784010597
All Pools,Equal - BLACK,0.3,False,0.01179,1.251,,0.86,1784010597
All Pools,YouAndI - BLACK,0.3,False,0.01179,1.252,,0.86,1784010597
All Pools,Psychic - TrueStory,0.3,False,0.01179,46.99,,0.02,1784010597
All Pools,FinityFinity - BLACK,0.3,False,0.01169,1.252,,0.85,1784010597
All Pools,Turtle - BLACK,0.3,False,0.01166,1.25,,0.85,1784010597
All Pools,Finish - BLACK,0.3,False,0.01163,1.259,,0.84,1784010597
All Pools,TrueStory - BLACK,0.3,False,0.01157,1.251,,0.84,1784010597
All Pools,AVAX - DWC,0.3,False,0.01157,4107.55,,,1784010597
All Pools,DWC - MU,0.3,False,0.0115,2.758,,0.38,1784010597
All Pools,TECH - AMI,0.3,False,0.01146,1.637,,0.64,1784010597
All Pools,Psychic - Gematria,0.3,False,0.01144,46.99,,0.02,1784010597
All Pools,BTC.b - yyAVAX,0.3,False,0.01144,4.145,,0.25,1784010597
All Pools,GURS - HOWDY,0.3,False,0.01135,0.57837,,1.79,1784010597
All Pools,USDC - USDT.e,0.3,False,0.01134,154.66,,0.01,1784010597
All Pools,BLACK - Gematria,0.3,False,0.01117,1.252,,0.81,1784010597
All Pools,COQ - MICRO,0.3,False,0.01102,2.653,,0.38,1784010597
All Pools,AMPL - AVAX,0.3,False,0.011,204.19,,0.0,1784010597
All Pools,JOE - GB,0.3,False,0.01088,0.16359,,6.07,1784010597
All Pools,aAvaLINK - LINK.e,0.3,False,0.01011,1.568,,0.59,1784010597
All Pools,TEMPO - AVAX,0.3,False,0.01003,1.824,,0.5,1784010597
All Pools,MIM - TEMPO,0.3,False,0.00994,5.178,,0.18,1784010597
All Pools,SHOE - COQ,0.3,False,0.0099,0.03754,,24.05,1784010597
All Pools,GMX - USDC,0.3,False,0.00975,0.81674,,1.09,1784010597
All Pools,QI - USDC.e,0.3,False,0.00953,0.63916,,1.36,1784010597
All Pools,HERESY - MEOW,0.3,False,0.00917,0.1931,,4.33,1784010597
All Pools,AVAX - LODE,0.3,False,0.00912,0.83297,,1.0,1784010597
All Pools,AVAX - WOHM,0.3,False,0.00871,1.165,,0.68,1784010597
All Pools,GURS - AMI,0.3,False,0.00867,1.254,,0.63,1784010597
All Pools,MIM - WOHM,0.3,False,0.00859,13.43,,0.06,1784010597
All Pools,USDC.e - UST,0.3,False,0.00852,1.548,,0.5,1784010597
All Pools,HH - ARENA,0.3,False,0.00847,1.652,,0.47,1784010597
All Pools,HH - AVAX,0.3,False,0.0084,238.0,,0.0,1784010597
All Pools,Gladiator - AVAX,0.3,False,0.00834,1.514,,0.5,1784010597
All Pools,NOCHILL - ARENA,0.3,False,0.00833,0.25344,,3.0,1784010597
All Pools,BEAM - MU,0.3,False,0.00813,0.94358,,0.79,1784010597
All Pools,TRACTOR - AVAX,0.3,False,0.00813,10629.0,,,1784010597
All Pools,TRACTOR - JOE,0.3,False,0.00806,1.126,,0.65,1784010597
All Pools,BNZ - KET,0.3,False,0.00805,2.465,,0.3,1784010597
All Pools,SNO Token - AVAX,0.3,False,0.00804,1.126,,0.65,1784010597
All Pools,SNO Token - JOE,0.3,False,0.00797,49.94,,0.01,1784010597
All Pools,YEEHAW - ARENA,0.3,False,0.00751,0.85063,,0.81,1784010597
All Pools,AVAX - EDG,0.3,False,0.0073,1.384,,0.48,1784010597
All Pools,QI - REDWOLF,0.3,False,0.00725,1.14,,0.58,1784010597
All Pools,AAVE.e - USDC.e,0.3,False,0.00724,1.275,,0.52,1784010597
All Pools,AMI - MU,0.3,False,0.00723,1.244,,0.53,1784010597
All Pools,MIM - EDG,0.3,False,0.00722,1.578,,0.42,1784010597
All Pools,WETH.e - MU,0.3,False,0.00716,1.768,,0.37,1784010597
All Pools,HIGHER - AMI,0.3,False,0.00682,1.871,,0.33,1784010597
All Pools,SNLP - AVAX,0.3,False,0.00663,2623.29,,,1784010597
All Pools,JOE - SNLP,0.3,False,0.00656,1.054,,0.57,1784010597
All Pools,AVAX - VYBE,0.3,False,0.00635,1.678,,0.35,1784010597
All Pools,MIM - VYBE,0.3,False,0.00628,0.87263,,0.66,1784010597
All Pools,LF - USDT.e,0.3,False,0.00618,0.98533,,0.57,1784010597
All Pools,COQ - ARENA,0.3,False,0.00608,0.78986,,0.7,1784010597
All Pools,HIGHER - NOCHILL,0.3,False,0.00602,0.181,,3.03,1784010597
All Pools,JOE - CNR,0.3,False,0.006,0.72501,,0.76,1784010597
All Pools,AVAX - AXIAL,0.3,False,0.00578,596.92,,,1784010597
All Pools,AVAX - OK,0.3,False,0.00564,1.597,,0.32,1784010597
All Pools,USDC - OK,0.3,False,0.00559,1.153,,0.44,1784010597
All Pools,MIM - AFARMER,0.3,False,0.00555,3681.7,,,1784010597
All Pools,WETH.e - STATIK,0.3,False,0.00545,0.98499,,0.51,1784010597
All Pools,JOE - USDt,0.3,False,0.0053,0.63869,,0.76,1784010597
All Pools,AUSD - HUSKY,0.3,False,0.00513,0.45386,,1.03,1784010597
All Pools,GMX - USDt,0.3,False,0.00494,0.33776,,1.34,1784010597
All Pools,TEDDY - USDC,0.3,False,0.00489,0.62469,,0.71,1784010597
All Pools,USDC - LODE,0.3,False,0.00483,847.95,,,1784010597
All Pools,AVAX - SOL,0.3,False,0.00481,0.06756,,6.49,1784010597
All Pools,AVAX - PAR,0.3,False,0.0048,1.295,,0.34,1784010597
All Pools,MIM - PAR,0.3,False,0.00473,0.47413,,0.91,1784010597
All Pools,Oracle - BLACK,0.3,False,0.00467,1.26,,0.34,1784010597
All Pools,YEEHAW - ABC,0.3,False,0.00444,0.2335,,1.74,1784010597
All Pools,PinOcchio - AVAX,0.3,False,0.00443,7.738,,0.05,1784010597
All Pools,PinOcchio - Gravity,0.3,False,0.00441,1.487,,0.27,1784010597
All Pools,ETHM - AVAX,0.3,False,0.00434,21.46,,0.02,1784010597
All Pools,WETH.e - ETHM,0.3,False,0.00428,0.40865,,0.96,1784010597
All Pools,USDC.e - GG,0.3,False,0.00414,0.3729,,1.01,1784010597
All Pools,BNZ - WINK,0.3,False,0.00408,0.24453,,1.52,1784010597
All Pools,MIM - YAK,0.3,False,0.00398,0.1664,,2.18,1784010597
All Pools,AMI - EROL,0.3,False,0.00394,0.30362,,1.18,1784010597
All Pools,ERROR - AMI,0.3,False,0.0035,1.742,,0.18,1784010597
All Pools,AVAX - WINE,0.3,False,0.00343,0.08455,,3.7,1784010597
All Pools,AVAX - MTB,0.3,False,0.00321,0.42524,,0.69,1784010597
All Pools,AVAX - DREX,0.3,False,0.00317,0.19912,,1.45,1784010597
All Pools,MIM - MTB,0.3,False,0.00315,0.44558,,0.64,1784010597
All Pools,MIM - DREX,0.3,False,0.00312,5.657,,0.05,1784010597
All Pools,SNTA - MIM,0.3,False,0.00299,0.32092,,0.85,1784010597
All Pools,GRAPE - AVAX,0.3,False,0.00298,0.09561,,2.84,1784010597
All Pools,LIFE - AVAX,0.3,False,0.00294,0.74105,,0.36,1784010597
All Pools,MIM - LIFE,0.3,False,0.00289,0.23738,,1.11,1784010597
All Pools,USDC.e - TIME,0.3,False,0.0028,0.19483,,1.31,1784010597
All Pools,JOE - aXEN,0.3,False,0.00274,0.17408,,1.44,1784010597
All Pools,DB - AVAX,0.3,False,0.00271,1.369,,0.18,1784010597
All Pools,STG - JOE,0.3,False,0.00268,0.10434,,2.34,1784010597
All Pools,xJOE - AVAX,0.3,False,0.00268,1.781,,0.14,1784010597
All Pools,FAP - AVAX,0.3,False,0.00267,67.76,,0.0,1784010597
All Pools,MIM - DB,0.3,False,0.00266,0.18984,,1.28,1784010597
All Pools,xJOE - wsOHM,0.3,False,0.00263,0.17744,,1.35,1784010597
All Pools,MIM - FAP,0.3,False,0.00255,0.04766,,4.89,1784010597
All Pools,JOE - AMI,0.3,False,0.00227,0.14443,,1.43,1784010597
All Pools,ABC - MU,0.3,False,0.00217,0.05039,,3.94,1784010597
All Pools,NineHundred - BLACK,0.3,False,0.00213,2.61,,0.07,1784010597
All Pools,AVAX - PLEB,0.3,False,0.0021,0.08889,,2.16,1784010597
All Pools,BLOB - AVAX,0.3,False,0.00206,2312.36,,,1784010597
All Pools,MIM - PLEB,0.3,False,0.00205,8.012,,0.02,1784010597
All Pools,LUNA - USDC,0.3,False,0.00199,0.09458,,1.92,1784010597
All Pools,MIM - AKITA,0.3,False,0.00197,0.08109,,2.22,1784010597
All Pools,AMI - COQAI,0.3,False,0.00197,2.724,,0.07,1784010597
All Pools,ACS - USDt,0.3,False,0.00182,0.95276,,0.17,1784010597
All Pools,USDC.e - XAVA,0.3,False,0.00177,0.33983,,0.48,1784010597
All Pools,UST - WINE,0.3,False,0.00152,0.11523,,1.2,1784010597
All Pools,TSD - USDC.e,0.3,False,0.00148,0.06214,,2.17,1784010597
All Pools,BTC.b - GMX,0.3,False,0.00125,1.252,,0.09,1784010597
All Pools,ILoveMyTwinFlame - AVAX,0.3,False,0.00115,3.986,,0.03,1784010597
All Pools,ILoveMyTwinFlame - Gravity,0.3,False,0.00114,1.608,,0.06,1784010597
All Pools,YEEHAW - Gladiator,0.3,False,0.00108,0.08346,,1.18,1784010597
All Pools,USDC - XPOW,0.3,False,0.00102,0.02392,,3.87,1784010597
All Pools,GRAPE - USDC.e,0.3,False,0.00101,0.03925,,2.34,1784010597
All Pools,COQ - USDt,0.3,False,,0.04111,,2.05,1784010597
All Pools,YEEHAW - MU,0.3,False,,0.12045,,0.66,1784010597
All Pools,AVME - AVAX,0.3,False,,0.00165,,45.44,1784010597
All Pools,CRAFT - AVAX,0.3,False,,289.38,,,1784010597
All Pools,ROCO - USDT.e,0.3,False,,0.10341,,0.67,1784010597
All Pools,PGX - AVAX,0.3,False,,10120.0,,,1784010597
All Pools,SYN - JOE,0.3,False,,0.01718,,3.71,1784010597
All Pools,FollowTheWhiteRabbit - BLACK,0.3,False,,0.12697,,0.41,1784010597
All Pools,SPORE - USDC,0.3,False,,1391.81,,,1784010597
All Pools,DONK - AVAX,0.3,False,,21.6,,,1784010597
All Pools,aAVAXb - AVAX,0.3,False,,0.25521,,0.02,1784010597
All Pools,MU - KET,0.3,False,,0.93444,,,1784010597
All Pools,aAvaWAVAX - AVAX,0.3,False,,0.18348,,0.0,1784010597
All Pools,FATE - USDC,0.3,False,,448673.0,,,1784010597
All Pools,bJOE - JOE,0.3,False,,0.05408,,0.0,1784010597
All Pools,bXAVA - XAVA,0.3,False,,0.04508,,0.0,1784010597
All Pools,MIM - JOE,0.3,False,,0.00212,,0.02,1784010597
All Pools,bUSDT - AVAX,0.3,False,,0.00218,,0.01,1784010597
All Pools,sAVAX - WETH.e,0.3,False,,0.00968,,0.0,1784010597
All Pools,GB - USDC.e,0.3,False,,0.00203,,0.0,1784010597
All Pools,YTS - GB,0.3,False,,0.00107,,0.0,1784010597
All Pools,GB - BOOFI,0.3,False,,,,0.0,1784010597
All Pools,AVAX - avWAVAX,0.3,False,,0.00101,,,1784010597
All Pools,SPORE - JOE,0.3,False,,0.40846,,,1784010597
All Pools,GB - XAVA,0.3,False,,,,0.0,1784010597
All Pools,AVAX - bWETH,0.3,False,,,,0.2,1784010597
All Pools,AVAX - USDC,0.05,False,972004.0,378194.0,518.13,50.01,1784014195
All Pools,sAVAX - AVAX,0.01,False,118801.0,47496.0,13.62,10.46,1784014195
All Pools,USDt - USDC,0.01,False,86804.0,163145.0,9.077,2.03,1784014195
All Pools,AUSD - USDC,0.01,False,80000.0,102610.0,7.798,2.77,1784014195
All Pools,USDt - USDC,0.005,False,75601.0,160422.0,5.789,1.32,1784014195
All Pools,BTC.b - USDC,0.05,False,66405.0,572362.0,34.74,2.22,1784014195
All Pools,FOLKS - AVAX,0.25,False,38625.0,36148.0,100.35,101.33,1784014195
All Pools,AUSD - USDt,0.01,False,30544.0,59856.0,3.318,2.02,1784014195
All Pools,AVAX - USDT.e,0.3,False,21741.0,468386.0,54.35,4.24,1784014195
All Pools,AVAX - USDC,0.3,False,19400.0,345015.0,48.5,5.13,1784014195
All Pools,USDC.e - AVAX,0.3,False,18552.0,364469.0,46.38,4.64,1784014195
All Pools,gOHM - AVAX,0.3,False,15673.0,124728.0,39.18,11.47,1784014195
All Pools,AAVE.e - AVAX,0.3,False,14741.0,260091.0,36.85,5.17,1784014195
All Pools,USDC - XAVA,0.3,False,13944.0,490612.0,34.86,2.59,1784014195
All Pools,AVAX - USDt,0.2,False,13907.0,99187.0,28.12,10.35,1784014195
All Pools,AVAX - BTC.b,0.05,False,12040.0,26992.0,7.966,10.77,1784014195
All Pools,WETH.e - AVAX,0.3,False,11884.0,366202.0,29.71,2.96,1784014195
All Pools,ARENA - AVAX,0.01,False,10675.0,98712.0,1.067,0.39,1784014195
All Pools,USDT.e - USDt,0.02,False,10038.0,44504.0,2.008,1.65,1784014195
All Pools,USDT.e - USDC,0.02,False,9186.71,51142.0,1.851,1.32,1784014195
All Pools,NXUSD - WXT,0.3,False,6182.67,475383.0,15.46,1.19,1784014195
All Pools,XAVA - AVAX,0.8,False,6163.89,157457.0,49.66,11.51,1784014195
All Pools,JOE - USDC.e,0.3,False,5823.44,258434.0,14.56,2.06,1784014195
All Pools,JOE - AVAX,0.3,False,4989.93,210566.0,12.47,2.16,1784014195
All Pools,COQ - AVAX,0.3,False,4428.84,396300.0,11.07,1.02,1784014195
All Pools,WBTC.e - AVAX,0.3,False,4218.32,130246.0,10.55,2.96,1784014195
All Pools,MIM - AVAX,0.3,False,4029.16,184524.0,10.07,1.99,1784014195
All Pools,BTC.b - AVAX,0.3,False,3449.71,106441.0,8.624,2.96,1784014195
All Pools,QI - AVAX,0.3,False,3307.02,128636.0,8.268,2.35,1784014195
All Pools,NOCHILL - AVAX,0.3,False,3240.41,51687.0,8.101,5.72,1784014195
All Pools,GUN - AVAX,0.25,False,3116.88,9344.28,12.66,49.44,1784014195
All Pools,HUNDRED - USDC,0.3,False,2412.79,493607.0,6.032,0.45,1784014195
All Pools,DAI.e - USDC,0.02,False,2366.95,29495.0,0.46889,0.58,1784014195
All Pools,LCPEDU - USDt,0.8,False,2338.38,7178730.0,37.49,0.19,1784014195
All Pools,USDt - AVAX,0.3,False,2072.48,38443.0,5.181,4.92,1784014195
All Pools,LINK.e - AVAX,0.3,False,1962.25,38236.0,4.906,4.68,1784014195
All Pools,BEAM - AVAX,0.25,False,1912.33,14290.0,4.918,12.56,1784014195
All Pools,BEAM - USDC,0.3,False,1891.7,65402.0,4.729,2.64,1784014195
All Pools,ORNG - AVAX,0.3,False,1863.07,16769.0,4.658,10.14,1784014195
All Pools,QI - AVAX,0.25,False,1583.13,7866.14,3.985,18.49,1784014195
All Pools,HERESY - AVAX,0.3,False,1544.03,14999.0,3.86,9.39,1784014195
All Pools,USDC.e - USDC,0.02,False,1335.93,3893.29,0.26879,2.52,1784014195
All Pools,SB - AVAX,0.3,False,1212.84,5985.38,3.032,18.49,1784014195
All Pools,AVAX - DAI.e,0.3,False,1115.35,28460.0,2.788,3.58,1784014195
All Pools,SolvBTC - BTC.b,0.04,False,1103.13,176600.0,0.43615,0.09,1784014195
All Pools,JOE - USDT.e,0.3,False,1007.11,51872.0,2.518,1.77,1784014195
All Pools,USDC.e - USDC,0.02,False,927.57,9738.71,0.12084,0.45,1784014195
All Pools,WBTC - BTC.b,0.03,False,912.56,80939.0,0.28016,0.13,1784014195
All Pools,SYN - AVAX,0.3,False,823.3,4980.4,2.058,15.08,1784014195
All Pools,GUN - AVAX,0.1,False,808.27,16515.0,2.486,5.49,1784014195
All Pools,WBTC.e - BTC.b,0.03,False,740.86,224678.0,0.24884,0.04,1784014195
All Pools,XSEED - AVAX,0.3,False,653.45,15933.0,1.634,3.74,1784014195
All Pools,AVAX - DOMI,0.3,False,623.64,11515.0,1.559,4.94,1784014195
All Pools,ZRO - AVAX,0.25,False,595.75,1643.38,1.522,33.8,1784014195
All Pools,JOE - USDC,0.3,False,566.66,23538.0,1.417,2.2,1784014195
All Pools,USDT.e - USDC,0.02,False,496.71,898.55,0.05161,2.1,1784014195
All Pools,JPYC - USDC,0.04,False,489.86,3196.88,0.21068,2.41,1784014195
All Pools,EURC - USDC,0.03,False,442.79,10513.0,0.12873,0.45,1784014195
All Pools,gOHM - FRAX,0.3,False,397.27,3443.48,0.99317,10.53,1784014195
All Pools,AVAX - XAVA,0.3,False,363.84,12893.0,0.90959,2.58,1784014195
All Pools,MIM - SB,0.3,False,317.41,2245.44,0.79351,12.9,1784014195
All Pools,AVAX - RISE,0.3,False,308.22,42857.0,0.77055,0.66,1784014195
All Pools,PRIME - AVAX,0.4,False,276.2,136601.0,3.037,0.81,1784014195
All Pools,USDt - ncash,0.3,False,249.87,1015.87,0.62467,22.44,1784014195
All Pools,USDC.e - USDC,0.3,False,215.72,480862.0,0.53931,0.04,1784014195
All Pools,GB - AVAX,0.3,False,185.64,1982.5,0.4641,8.54,1784014195
All Pools,DAI.e - USDC,0.02,False,176.99,2592.48,0.0345,0.49,1784014195
All Pools,WETH.e - USDC.e,0.3,False,175.53,10789.0,0.43883,1.48,1784014195
All Pools,OSAK - AVAX,0.3,False,175.32,3178.5,0.4383,5.03,1784014195
All Pools,FITFI - USDT.e,0.3,False,155.43,146.19,0.38858,97.02,1784014195
All Pools,AVAX - JUICE,0.3,False,150.2,9422.19,0.3755,1.45,1784014195
All Pools,COQ - COQAI,0.3,False,146.24,18738.0,0.36559,0.71,1784014195
All Pools,w3ULL - AVAX,0.3,False,144.06,51596.0,0.36015,0.25,1784014195
All Pools,YAK - AVAX,0.3,False,141.2,3458.1,0.35301,3.73,1784014195
All Pools,GMX - AVAX,0.3,False,138.96,3801.03,0.3474,3.34,1784014195
All Pools,XPOW - AVAX,0.8,False,134.55,238.47,1.232,188.61,1784014195
All Pools,ALOT - AVAX,0.3,False,129.6,10162.0,0.32399,1.16,1784014195
All Pools,XETA - USDC,0.3,False,121.87,5648.99,0.30468,1.97,1784014195
All Pools,XSGD - USDC,0.05,False,117.66,430.91,0.01868,1.58,1784014195
All Pools,AI - AVAX,0.3,False,107.14,3120.55,0.26785,3.13,1784014195
All Pools,UST - AVAX,0.3,False,102.8,5870.02,0.25699,1.6,1784014195
All Pools,AVAX - UST,0.3,False,101.79,6788.1,0.25446,1.37,1784014195
All Pools,XAVA - AVAX,0.8,False,100.26,455.63,0.81338,65.16,1784014195
All Pools,APIX - USDt,0.3,False,93.01,5860.25,0.23251,1.45,1784014195
All Pools,USDC.e - USDC,0.02,False,86.28,1956.14,0.01729,0.32,1784014195
All Pools,CAPY - ARENA,0.3,False,82.67,18698.0,0.20668,0.4,1784014195
All Pools,APIX - ID,0.3,False,81.58,16896.0,0.20396,0.44,1784014195
All Pools,FLD - AVAX,0.3,False,72.3,34983.0,0.18075,0.19,1784014195
All Pools,USDt - USDC,0.02,False,70.36,2237.14,0.01412,0.23,1784014195
All Pools,HEFE - AVAX,0.3,False,69.45,26953.0,0.17363,0.24,1784014195
All Pools,EMIN - AVAX,0.3,False,62.23,2126.66,0.15556,2.67,1784014195
All Pools,WBTC.e - USDC,0.3,False,58.45,0.39501,0.14613,13502.49,1784014195
All Pools,AVAX - AMI,0.3,False,51.8,348.79,0.12951,13.55,1784014195
All Pools,BLSEYE🎯 - AVAX,0.3,False,49.66,4430.36,0.12415,1.02,1784014195
All Pools,APIX - USDC,0.3,False,49.17,2925.77,0.12293,1.53,1784014195
All Pools,STG - USDC,0.3,False,48.82,1237.82,0.12205,3.6,1784014195
All Pools,ABC - AVAX,0.3,False,48.81,468.27,0.12202,9.51,1784014195
All Pools,XAUt0 - USDt,0.04,False,46.77,24746.0,0.15274,0.23,1784014195
All Pools,MIM - USDT.e,0.3,False,44.08,1528.98,0.1102,2.63,1784014195
All Pools,KLO - AVAX,0.3,False,41.34,11854.0,0.10334,0.32,1784014195
All Pools,GUN - BLSEYE🎯,0.3,False,40.22,425.86,0.10056,8.62,1784014195
All Pools,Balln - AVAX,0.3,False,39.72,3802.65,0.09931,0.95,1784014195
All Pools,AVAX - ALVA,0.3,False,39.55,777.79,0.09889,4.64,1784014195
All Pools,AVAX - TOPIA,0.3,False,35.03,1072.61,0.08756,2.98,1784014195
All Pools,ROY - AVAX,0.3,False,33.2,3948.26,0.08299,0.77,1784014195
All Pools,SHRAP - AVAX,0.8,False,31.14,8845.21,0.25035,1.03,1784014195
All Pools,GURS - AVAX,0.3,False,30.74,5451.11,0.07685,0.51,1784014195
All Pools,STG - AVAX,0.3,False,27.78,1035.48,0.06945,2.45,1784014195
All Pools,BEAM - AVAX,0.3,False,24.09,376.3,0.06023,5.84,1784014195
All Pools,Psychic - AVAX,0.3,False,23.41,881.25,0.05852,2.42,1784014195
All Pools,ISA - USDC.e,0.3,False,22.8,1436.65,0.057,1.45,1784014195
All Pools,ISA - AVAX,0.3,False,22.36,16823.0,0.05591,0.12,1784014195
All Pools,SECOND - USDC,0.3,False,21.96,7007.44,0.05489,0.29,1784014195
All Pools,SECOND - AVAX,0.3,False,21.95,1452.34,0.05488,1.38,1784014195
All Pools,GUN - AVAX,0.3,False,21.11,193.3,0.05276,9.96,1784014195
All Pools,RGOGLZ - USDC,0.3,False,20.5,1323.02,0.05125,1.41,1784014195
All Pools,MIM - USDC.e,0.3,False,19.79,777.9,0.04946,2.32,1784014195
All Pools,ABC - HOWDY,0.3,False,19.4,464.98,0.0485,3.81,1784014195
All Pools,BNB - AVAX,0.3,False,19.33,2773.86,0.04832,0.64,1784014195
All Pools,LUNA - USDC.e,0.3,False,19.14,641.39,0.04786,2.72,1784014195
All Pools,YAK - USDC,0.25,False,18.61,22.16,0.0593,97.65,1784014195
All Pools,BINI - AVAX,0.3,False,18.47,0.07755,0.04617,21730.41,1784014195
All Pools,BOI - AVAX,0.3,False,18.26,40.85,0.04564,40.78,1784014195
All Pools,PNG - AVAX,0.3,False,17.93,794.61,0.04483,2.06,1784014195
All Pools,HOWDY - USDC,0.3,False,17.83,2955.97,0.04458,0.55,1784014195
All Pools,AVAX - SOLNIC,0.3,False,17.18,3537.76,0.04295,0.44,1784014195
All Pools,KIMBO - AVAX,0.3,False,16.46,39637.0,0.04114,0.04,1784014195
All Pools,APIX - ARENA,0.3,False,16.36,1665.29,0.0409,0.9,1784014195
All Pools,sAVAX - AVAX,0.3,False,16.03,171888.0,0.04006,0.01,1784014195
All Pools,DCAU - USDT.e,0.3,False,15.68,5047.93,0.03919,0.28,1784014195
All Pools,AVAX - FRAX,0.3,False,15.53,677.09,0.03882,2.09,1784014195
All Pools,FITFI - AVAX,0.3,False,14.94,13.01,0.03736,104.79,1784014195
All Pools,DCAU - AVAX,0.3,False,14.37,1016.28,0.03593,1.29,1784014195
All Pools,Psychic - XAUt0,0.3,False,14.12,5755.14,0.0353,0.22,1784014195
All Pools,HUSKY - AVAX,0.3,False,13.34,2050.5,0.03335,0.59,1784014195
All Pools,WETH.e - USDC,0.15,False,13.25,8986.84,0.01997,0.08,1784014195
All Pools,AVAX - GEC,0.3,False,12.87,26969.0,0.03218,0.04,1784014195
All Pools,3QF - D - AVAX,0.3,False,12.35,1296.59,0.03088,0.87,1784014195
All Pools,3QF - D - WETH.e,0.3,False,12.32,2375.5,0.03079,0.47,1784014195
All Pools,AVAXAI - USDC,0.3,False,12.26,1516.86,0.03065,0.74,1784014195
All Pools,APIX - LAMBO,0.3,False,11.96,438.61,0.02991,2.49,1784014195
All Pools,TECH - AVAX,0.3,False,11.63,9649.08,0.02907,0.11,1784014195
All Pools,sAVAX - JACK,0.3,False,11.61,273576.0,0.02903,0.0,1784014195
All Pools,YAK - USDC.e,0.3,False,10.66,220.76,0.02665,4.41,1784014195
All Pools,MIM - WETH.e,0.3,False,10.34,495.99,0.02585,1.9,1784014195
All Pools,MEAT - AVAX,0.3,False,9.141,3707.47,0.02285,0.22,1784014195
All Pools,AVAX - ELK,0.3,False,8.332,1296.98,0.02083,0.59,1784014195
All Pools,WETH.e - REDWOLF,0.3,False,7.983,82.03,0.01996,8.88,1784014195
All Pools,HATCHY - AVAX,0.3,False,7.895,6592.47,0.01974,0.11,1784014195
All Pools,EGG - AVAX,0.3,False,7.832,16458.0,0.01958,0.04,1784014195
All Pools,SHRAP - DOMI,0.3,False,7.491,170.34,0.01873,4.01,1784014195
All Pools,BTC.b - TOPIA,0.3,False,7.454,445.33,0.01864,1.53,1784014195
All Pools,BLSEYE🎯 - ARENA,0.3,False,6.724,858.9,0.01681,0.71,1784014195
All Pools,USDC.e - SOL,0.3,False,6.566,35.93,0.01642,16.68,1784014195
All Pools,TRESR - AVAX,0.3,False,6.478,7822.66,0.0162,0.08,1784014195
All Pools,AVAX - PEFI,0.3,False,6.166,3228.27,0.01542,0.17,1784014195
All Pools,avUSD - sAVAX,0.3,False,5.844,226.77,0.01461,2.35,1784014195
All Pools,USV - DAI.e,0.3,False,5.661,3955.67,0.01415,0.13,1784014195
All Pools,UST - USDC,0.3,False,5.606,432.75,0.01402,1.18,1784014195
All Pools,PTOP500 - TOPIA,0.3,False,5.467,107.43,0.01367,4.64,1784014195
All Pools,REDWOLF - AVAX,0.3,False,5.392,388.23,0.01348,1.27,1784014195
All Pools,YOU - ORNG,0.3,False,5.218,1364.42,0.01304,0.35,1784014195
All Pools,AVAX - HON,0.3,False,5.189,49304.0,0.01297,0.01,1784014195
All Pools,REDWOLF - SOL,0.3,False,5.14,58.86,0.01285,7.97,1784014195
All Pools,REDWOLF - USDC,0.3,False,5.118,186.8,0.01279,2.5,1784014195
All Pools,LINK.e - USDT.e,0.3,False,4.919,218.18,0.0123,2.06,1784014195
All Pools,ORNG - FLUX,0.3,False,4.763,109.89,0.01191,3.95,1784014195
All Pools,MUON - AVAX,0.3,False,4.563,40307.0,0.01141,0.01,1784014195
All Pools,XROSS - ORNG,0.3,False,4.43,236.53,0.01107,1.71,1784014195
All Pools,gOHM - SB,0.3,False,4.421,16.66,0.01105,24.22,1784014195
All Pools,YEEHAW - BTC.b,0.3,False,4.241,49.17,0.0106,7.87,1784014195
All Pools,USDC.e - MU,0.3,False,4.186,13231.0,0.01046,0.03,1784014195
All Pools,MYST - AVAX,0.3,False,4.151,651.26,0.01038,0.58,1784014195
All Pools,BLSEYE🎯 - MEOW,0.3,False,4.141,822.76,0.01035,0.46,1784014195
All Pools,FLOT - AVAX,0.3,False,4.106,2925.37,0.01026,0.13,1784014195
All Pools,LUNA - USDC.e,0.3,False,4.015,334.49,0.01004,1.1,1784014195
All Pools,DATCM - ORNG,0.3,False,3.883,234.97,0.00971,1.51,1784014195
All Pools,AVAX - aXEN,0.3,False,3.792,168.05,0.00948,2.06,1784014195
All Pools,MYST - USDC,0.3,False,3.695,218.05,0.00924,1.55,1784014195
All Pools,BLSEYE🎯 - BEAM,0.3,False,3.682,269.64,0.00921,1.25,1784014195
All Pools,AVAX - AKITA,0.3,False,3.641,1755.46,0.0091,0.19,1784014195
All Pools,LINK.e - USDC.e,0.3,False,3.537,181.26,0.00884,1.78,1784014195
All Pools,AVAX - BGR,0.3,False,3.314,177.2,0.00828,1.71,1784014195
All Pools,SWIFT - AVAX,0.3,False,3.188,231.72,0.00797,1.26,1784014195
All Pools,AVAX - EROL,0.0,False,3.124,37.87,0.0,0.0,1784014195
All Pools,AVAX - SOCK,0.3,False,3.051,2386.63,0.00763,0.12,1784014195
All Pools,USDC - SOCK,0.3,False,3.038,415.08,0.0076,0.67,1784014195
All Pools,ORNG - SAI,0.3,False,2.998,105.69,0.00749,2.59,1784014195
All Pools,Now - AVAX,0.3,False,2.99,190.07,0.00748,1.44,1784014195
All Pools,AVAX - NaughtiusMaximus,0.3,False,2.896,331.76,0.00724,0.8,1784014195
All Pools,AVAX - FRAX,0.3,False,2.866,226.62,0.00717,1.15,1784014195
All Pools,USDC.e - sSB,0.3,False,2.84,838.0,0.0071,0.31,1784014195
All Pools,APOW - AVAX,0.3,False,2.824,619.8,0.00706,0.42,1784014195
All Pools,DPS - USDC,0.3,False,2.811,1811.2,0.00703,0.14,1784014195
All Pools,DPS - AVAX,0.3,False,2.811,182.59,0.00703,1.4,1784014195
All Pools,SWIFT - WETH.e,0.3,False,2.794,1267.68,0.00699,0.2,1784014195
All Pools,ORNG - MOOM,0.3,False,2.663,187.42,0.00666,1.3,1784014195
All Pools,JOE - USDT,0.3,False,2.66,280.61,0.00665,0.86,1784014195
All Pools,oXAUT - AVAX,0.3,False,2.579,406.06,0.00645,0.58,1784014195
All Pools,BTC.b - oXAUT,0.3,False,2.578,308.81,0.00644,0.76,1784014195
All Pools,XAUt0 - NaughtiusMaximus,0.3,False,2.546,875.18,0.00637,0.27,1784014195
All Pools,Psychic - BLACK,0.3,False,2.422,256.79,0.00606,0.86,1784014195
All Pools,TOPIA - PTOP600,0.3,False,2.363,120.21,0.00591,1.79,1784014195
All Pools,YUSD - AVAX,0.3,False,2.32,116.65,0.0058,1.82,1784014195
All Pools,FTOMB - AVAX,0.3,False,2.246,6700.47,0.00561,0.03,1784014195
All Pools,AAVE.e - REDWOLF,0.3,False,2.197,151.11,0.00549,1.33,1784014195
All Pools,AVAX - ONION,0.3,False,2.124,147.61,0.00531,1.31,1784014195
All Pools,MAGICK - USDC,0.3,False,2.063,226.39,0.00516,0.83,1784014195
All Pools,MAGICK - AVAX,0.3,False,2.062,281.49,0.00516,0.67,1784014195
All Pools,BNZ - AVAX,0.3,False,2.05,148.15,0.00513,1.26,1784014195
All Pools,ZRO - AVAX,0.3,False,2.016,134.12,0.00504,1.37,1784014195
All Pools,KINGSHIT - AVAX,0.3,False,2.001,3557.14,0.005,0.05,1784014195
All Pools,AVAX - CLY,0.3,False,1.994,21760.0,0.00499,0.01,1784014195
All Pools,USDT.e - CLY,0.3,False,1.959,179.78,0.0049,0.99,1784014195
All Pools,Now - BLACK,0.3,False,1.948,233.65,0.00487,0.76,1784014195
All Pools,VPND - AVAX,0.3,False,1.936,17875.0,0.00484,0.01,1784014195
All Pools,USDC.e - AVVO,0.3,False,1.934,224.72,0.00483,0.79,1784014195
All Pools,HOST - DAI.e,0.3,False,1.92,2494.4,0.0048,0.07,1784014195
All Pools,AVAX - ChristMark,0.3,False,1.89,267.58,0.00473,0.64,1784014195
All Pools,XAUt0 - Now,0.3,False,1.885,562.5,0.00471,0.31,1784014195
All Pools,SWIFT - USDC.e,0.3,False,1.869,479.33,0.00467,0.36,1784014195
All Pools,AVAX - USDT,0.3,False,1.793,1711.97,0.00448,0.1,1784014195
All Pools,UST - USDC.e,0.3,False,1.79,675.97,0.00448,0.24,1784014195
All Pools,ORNG - JUCI,0.3,False,1.777,243.37,0.00444,0.67,1784014195
All Pools,WETH - USDC.e,0.3,False,1.681,200.64,0.0042,0.76,1784014195
All Pools,AVAX - IMPACT2,0.3,False,1.66,139.13,0.00415,1.09,1784014195
All Pools,BANKSY - USDT.e,0.3,False,1.653,1513.73,0.00413,0.1,1784014195
All Pools,BANKSY - AVAX,0.3,False,1.651,142.2,0.00413,1.06,1784014195
All Pools,YEEHAW - TOPIA,0.3,False,1.626,109.44,0.00407,1.36,1784014195
All Pools,AVAX - TIME,0.3,False,1.625,563.1,0.00406,0.26,1784014195
All Pools,LF - AVAX,0.3,False,1.613,283.55,0.00403,0.52,1784014195
All Pools,USDC - MXNB,0.3,False,1.61,17.42,0.00402,8.43,1784014195
All Pools,AVAX - SPELL,0.3,False,1.601,1937.8,0.004,0.08,1784014195
All Pools,MIM - LF,0.3,False,1.589,400.38,0.00397,0.36,1784014195
All Pools,Gravity - AVAX,0.3,False,1.523,238.3,0.00381,0.58,1784014195
All Pools,APOW - USDC,0.3,False,1.506,115.17,0.00376,1.19,1784014195
All Pools,XAUt0 - Gravity,0.3,False,1.474,311.86,0.00369,0.43,1784014195
All Pools,gOHM - wsOHM,0.3,False,1.443,17.33,0.00361,7.6,1784014195
All Pools,MIM - wsOHM,0.3,False,1.437,181.25,0.00359,0.72,1784014195
All Pools,FXS - AVAX,0.3,False,1.424,287.25,0.00356,0.45,1784014195
All Pools,XAUt0 - ChristMark,0.3,False,1.418,576.67,0.00354,0.22,1784014195
All Pools,HUSKY - JOE,0.3,False,1.402,92.36,0.00351,1.39,1784014195
All Pools,USDt - USDT.e,0.3,False,1.362,20434.0,0.0034,0.01,1784014195
All Pools,PNG - JOE,0.3,False,1.326,115.72,0.00332,1.05,1784014195
All Pools,SMRTr - USDC.e,0.3,False,1.322,104.96,0.00331,1.15,1784014195
All Pools,SMRTr - AVAX,0.3,False,1.322,25815.0,0.00331,0.0,1784014195
All Pools,APOW - USDt,0.3,False,1.318,114.91,0.00329,1.05,1784014195
All Pools,KIWI - AVAX,0.3,False,1.282,94.55,0.0032,1.24,1784014195
All Pools,KIWI - USDC,0.3,False,1.282,299.34,0.0032,0.39,1784014195
All Pools,DREGG - USDT.e,0.3,False,1.262,511.22,0.00316,0.23,1784014195
All Pools,DREGG - AVAX,0.3,False,1.262,145.34,0.00316,0.79,1784014195
All Pools,USDT.e - ONION,0.3,False,1.23,740.07,0.00307,0.15,1784014195
All Pools,WOO.e - AVAX,0.3,False,1.226,65.74,0.00306,1.7,1784014195
All Pools,Gladiator - ARENA,0.3,False,1.222,338.06,0.00306,0.33,1784014195
All Pools,Gladiator - USDC,0.3,False,1.215,269.07,0.00304,0.41,1784014195
All Pools,BLUB - AVAX,0.3,False,1.18,11670.0,0.00295,0.01,1784014195
All Pools,BEAR - AVAX,0.3,False,1.176,5057.82,0.00294,0.02,1784014195
All Pools,USDC - SDOG,0.3,False,1.17,365.4,0.00292,0.29,1784014195
All Pools,USDC.e - WXT,0.3,False,1.165,194.81,0.00291,0.55,1784014195
All Pools,STEAK - AVAX,0.3,False,1.157,9751.34,0.00289,0.01,1784014195
All Pools,AVAX - AVVO,0.3,False,1.148,229.22,0.00287,0.46,1784014195
All Pools,WETH.e - ONION,0.3,False,1.144,229.54,0.00286,0.45,1784014195
All Pools,GB - USDT.e,0.3,False,1.14,22.23,0.00285,4.68,1784014195
All Pools,DCAU - MIM,0.3,False,1.139,114.58,0.00285,0.91,1784014195
All Pools,MIM - SDOG,0.3,False,1.128,92.29,0.00282,1.12,1784014195
All Pools,AVAX - mYAK,0.3,False,1.074,49.8,0.00269,1.97,1784014195
All Pools,DCAU - USDC,0.3,False,1.073,144.23,0.00268,0.68,1784014195
All Pools,PTOP700 - TOPIA,0.3,False,1.069,103.53,0.00267,0.94,1784014195
All Pools,Trinity - AVAX,0.3,False,1.063,739.55,0.00266,0.13,1784014195
All Pools,MIM - USDC,0.3,False,1.059,29.96,0.00265,3.23,1784014195
All Pools,WETH.e - USDT.e,0.3,False,1.041,146.81,0.0026,0.65,1784014195
All Pools,AVAX - MU,0.3,False,1.038,74.25,0.0026,1.28,1784014195
All Pools,WOLF - AVAX,0.3,False,1.036,27371.0,0.00259,0.0,1784014195
All Pools,Trinity - Psychic,0.3,False,1.033,405.36,0.00258,0.23,1784014195
All Pools,BTC.b - IMPACT2,0.3,False,1.009,1285.34,0.00252,0.07,1784014195
All Pools,MIM - MU,0.3,False,0.98234,96.57,0.00246,0.93,1784014195
All Pools,MaryMagdalene - XAUt0,0.3,False,0.97646,1664.31,0.00244,0.05,1784014195
All Pools,LUNA - AVAX,0.3,False,0.96325,123.75,0.00241,0.71,1784014195
All Pools,LUEEGI - AVAX,0.3,False,0.95956,1008.17,0.0024,0.09,1784014195
All Pools,LINDA - AVAX,0.3,False,0.94452,1586.95,0.00236,0.05,1784014195
All Pools,KRW - AVAX,0.3,False,0.93331,310.27,0.00233,0.27,1784014195
All Pools,JOE - KRW,0.3,False,0.93181,145.67,0.00233,0.58,1784014195
All Pools,AVAX - ARENA,0.3,False,0.92934,57.65,0.00232,1.47,1784014195
All Pools,AVAX - SMRT,0.3,False,0.90617,1625.67,0.00227,0.05,1784014195
All Pools,USDT.e - SMRT,0.3,False,0.89257,87.9,0.00223,0.93,1784014195
All Pools,GB - MUG,0.3,False,0.87807,17.42,0.0022,4.6,1784014195
All Pools,MaryMagdalene - AVAX,0.3,False,0.85345,174.0,0.00213,0.45,1784014195
All Pools,HOST - AVAX,0.3,False,0.83172,88.39,0.00208,0.86,1784014195
All Pools,HOWDY - USDt,0.3,False,0.78208,173.71,0.00196,0.41,1784014195
All Pools,TSD - AVAX,0.3,False,0.76623,178.18,0.00192,0.39,1784014195
All Pools,USDC.e - ONION,0.3,False,0.74916,369.63,0.00187,0.18,1784014195
All Pools,SYMBIOT - AVAX,0.3,False,0.74256,74.79,0.00186,0.91,1784014195
All Pools,DZHV - AVAX,0.3,False,0.73006,10306.0,0.00183,0.01,1784014195
All Pools,AVAX - EROL,0.3,False,0.72827,20.29,0.00182,3.28,1784014195
All Pools,WBTC.e - ONION,0.3,False,0.71939,349.39,0.0018,0.19,1784014195
All Pools,SYMBIOT - DAI.e,0.3,False,0.69489,442.64,0.00174,0.14,1784014195
All Pools,GENI - AVAX,0.3,False,0.67847,50.22,0.0017,1.23,1784014195
All Pools,GENI - USDC,0.3,False,0.67843,1183.19,0.0017,0.05,1784014195
All Pools,ZUBAX - USDT.e,0.3,False,0.67337,171.18,0.00168,0.36,1784014195
All Pools,AVAX - rsAVAX,0.3,False,0.65862,162.31,0.00165,0.37,1784014195
All Pools,MAXI - DAI.e,0.3,False,0.64958,222.38,0.00162,0.27,1784014195
All Pools,BUSD - AVAX,0.3,False,0.6438,337.14,0.00161,0.17,1784014195
All Pools,Val - AVAX,0.3,False,0.6325,243.94,0.00158,0.24,1784014195
All Pools,AVAX - MUG,0.3,False,0.61146,249.02,0.00153,0.22,1784014195
All Pools,KALM - AVAX,0.3,False,0.60365,97.37,0.00151,0.57,1784014195
All Pools,KALM - USDC,0.3,False,0.60363,77.34,0.00151,0.71,1784014195
All Pools,AVAX - ZUBAX,0.3,False,0.60297,91.45,0.00151,0.6,1784014195
All Pools,SYN - REDWOLF,0.3,False,0.59647,5.049,0.00149,10.78,1784014195
All Pools,DAI.e - ONION,0.3,False,0.58702,331.01,0.00147,0.16,1784014195
All Pools,BTC.b - REDWOLF,0.3,False,0.57926,97.71,0.00145,0.54,1784014195
All Pools,MIM - PEFI,0.3,False,0.56306,67.3,0.00141,0.76,1784014195
All Pools,Meaning - AVAX,0.3,False,0.54598,331.23,0.00136,0.15,1784014195
All Pools,Psychic - Meaning,0.3,False,0.54494,238.39,0.00136,0.21,1784014195
All Pools,50 - AVAX,0.3,False,0.53648,59.96,0.00134,0.82,1784014195
All Pools,50 - USDC,0.3,False,0.53644,112.18,0.00134,0.44,1784014195
All Pools,WBTC.e - USDT.e,0.3,False,0.51629,154.92,0.00129,0.3,1784014195
All Pools,UNI.e - REDWOLF,0.3,False,0.51323,11.05,0.00128,4.24,1784014195
All Pools,HOWDY - ARENA,0.3,False,0.50141,37.98,0.00125,1.2,1784014195
All Pools,COQ - OSAK,0.3,False,0.4946,17.22,0.00124,2.62,1784014195
All Pools,YEEHAW - CHAMP,0.3,False,0.49376,922.01,0.00123,0.05,1784014195
All Pools,NOCHILL - OX,0.3,False,0.48263,13295.0,0.00121,0.0,1784014195
All Pools,AVAX - Wej,0.3,False,0.47544,212.67,0.00119,0.2,1784014195
All Pools,YEEHAW - AVAX,0.3,False,0.47482,11.67,0.00119,3.71,1784014195
All Pools,Psychic - Wej,0.3,False,0.47397,243.66,0.00118,0.18,1784014195
All Pools,sifu - DAI.e,0.3,False,0.46831,3.88,0.00117,11.01,1784014195
All Pools,DFIAT - AVAX,0.3,False,0.46555,5977.33,0.00116,0.01,1784014195
All Pools,DogL - AVAX,0.3,False,0.45883,213.46,0.00115,0.2,1784014195
All Pools,Psychic - DogL,0.3,False,0.45752,243.73,0.00114,0.17,1784014195
All Pools,STATIK - AVAX,0.3,False,0.45186,31.09,0.00113,1.33,1784014195
All Pools,MU - DAI.e,0.3,False,0.45158,236.75,0.00113,0.17,1784014195
All Pools,MerryXmas - AVAX,0.3,False,0.44903,195.63,0.00112,0.21,1784014195
All Pools,Psychic - MerryXmas,0.3,False,0.44772,224.16,0.00112,0.18,1784014195
All Pools,MIM - WINE,0.3,False,0.44687,173.54,0.00112,0.23,1784014195
All Pools,AVAX - BlackAndGold,0.3,False,0.44628,213.46,0.00112,0.19,1784014195
All Pools,Psychic - BlackAndGold,0.3,False,0.44498,243.71,0.00111,0.17,1784014195
All Pools,AVAX - RedFolder,0.3,False,0.44206,212.59,0.00111,0.19,1784014195
All Pools,Psychic - RedFolder,0.3,False,0.44064,243.77,0.0011,0.16,1784014195
All Pools,MIM - GRAPE,0.3,False,0.43814,119.84,0.0011,0.33,1784014195
All Pools,AVAX - All,0.3,False,0.43684,213.66,0.00109,0.19,1784014195
All Pools,Psychic - All,0.3,False,0.43546,243.78,0.00109,0.16,1784014195
All Pools,sifu - USDT.e,0.3,False,0.42542,10.25,0.00106,3.79,1784014195
All Pools,USDt - IMPACT2,0.3,False,0.42348,69.7,0.00106,0.55,1784014195
All Pools,LUNA - AVAX,0.3,False,0.41762,13.74,0.00104,2.77,1784014195
All Pools,ArniStitch - AVAX,0.3,False,0.41642,212.19,0.00104,0.18,1784014195
All Pools,Psychic - ArniStitch,0.3,False,0.41525,243.85,0.00104,0.16,1784014195
All Pools,JEWEL - USDC,0.3,False,0.40877,3840.9,0.00102,0.01,1784014195
All Pools,Ducks - AVAX,0.3,False,0.40807,212.24,0.00102,0.18,1784014195
All Pools,Psychic - Ducks,0.3,False,0.40673,243.91,0.00102,0.15,1784014195
All Pools,GUN - AMI,0.3,False,0.40441,8.53,0.00101,4.33,1784014195
All Pools,Serpentarius - AVAX,0.3,False,0.4035,216.07,0.00101,0.17,1784014195
All Pools,Psychic - Serpentarius,0.3,False,0.40221,247.39,0.00101,0.15,1784014195
All Pools,JOE - EXP,0.3,False,0.40096,10313461.0,0.001,,1784014195
All Pools,USDC - GAU,0.3,False,0.39986,836.31,,0.04,1784014195
All Pools,AMI - TOPIA,0.3,False,0.39485,150.3,,0.24,1784014195
All Pools,STG - L - Swing,0.3,False,0.38955,16.3,,2.18,1784014195
All Pools,MM - USDC,0.3,False,0.38691,49.78,,0.71,1784014195
All Pools,MM - AVAX,0.3,False,0.38676,67.0,,0.53,1784014195
All Pools,COQ - OX,0.3,False,0.38052,13967.0,,0.0,1784014195
All Pools,HUSKY - AMI,0.3,False,0.37296,42.5,,0.8,1784014195
All Pools,CQK - USDC,0.3,False,0.3689,30.86,,1.09,1784014195
All Pools,CQK - AVAX,0.3,False,0.36882,97.12,,0.35,1784014195
All Pools,AVAX - Prometheus,0.3,False,0.36657,207.17,,0.16,1784014195
All Pools,Psychic - Prometheus,0.3,False,0.36543,237.05,,0.14,1784014195
All Pools,Hopi - Now,0.3,False,0.35424,508.09,,0.06,1784014195
All Pools,Hopi - AVAX,0.3,False,0.35419,154.37,,0.21,1784014195
All Pools,CommieSukey - AVAX,0.3,False,0.3541,212.6,,0.15,1784014195
All Pools,AVAX - Seventeen,0.3,False,0.35397,207.84,,0.16,1784014195
All Pools,L - Swing - aXEN,0.3,False,0.35317,51.97,,0.62,1784014195
All Pools,NaughtiusMaximus - Seventeen,0.3,False,0.35304,679.52,,0.05,1784014195
All Pools,Psychic - CommieSukey,0.3,False,0.35286,243.59,,0.13,1784014195
All Pools,AVAX - KONG,0.3,False,0.35113,5494.31,,0.01,1784014195
All Pools,BLS - USDt,0.3,False,0.35036,127.87,,0.25,1784014195
All Pools,LINK.e - REDWOLF,0.3,False,0.35027,69.04,,0.46,1784014195
All Pools,Jjj - AVAX,0.3,False,0.34687,212.25,,0.15,1784014195
All Pools,Psychic - Jjj,0.3,False,0.34578,243.74,,0.13,1784014195
All Pools,meGNX - AVAX,0.3,False,0.34337,12.96,,2.42,1784014195
All Pools,Anon - AVAX,0.3,False,0.34301,7.783,,4.02,1784014195
All Pools,USDC - SHRAP,0.3,False,0.34132,22.05,,1.41,1784014195
All Pools,USDT.e - MU,0.3,False,0.34,251.27,,0.12,1784014195
All Pools,Xmas - AVAX,0.3,False,0.32638,199.37,,0.15,1784014195
All Pools,Psychic - Xmas,0.3,False,0.32544,228.58,,0.13,1784014195
All Pools,AftermathsKobe - AVAX,0.3,False,0.32428,213.63,,0.14,1784014195
All Pools,Psychic - AftermathsKobe,0.3,False,0.32347,245.48,,0.12,1784014195
All Pools,MEOW - AVAX,0.3,False,0.31343,7620.51,,0.0,1784014195
All Pools,MIM - DAI.e,0.3,False,0.31157,19.79,,1.44,1784014195
All Pools,AVAX - SNOB,0.3,False,0.31082,750.82,,0.04,1784014195
All Pools,WBTC - AVAX,0.3,False,0.30782,30.65,,0.92,1784014195
All Pools,SYN - USDC.e,0.3,False,0.30762,2.578,,10.89,1784014195
All Pools,BOI - MU,0.3,False,0.30512,0.74935,,37.16,1784014195
All Pools,LAMA - AVAX,0.3,False,0.29858,8320.35,,0.0,1784014195
All Pools,gOHM - JOE,0.3,False,0.29823,3.162,,8.61,1784014195
All Pools,Christmas - AVAX,0.3,False,0.29776,180.29,,0.15,1784014195
All Pools,$Crazy - AVAX,0.3,False,0.29379,742.52,,0.04,1784014195
All Pools,sAVAX - COQ,0.3,False,0.29131,61.08,,0.44,1784014195
All Pools,USDC - aXEN,0.3,False,0.29032,9.077,,2.92,1784014195
All Pools,USDC - USD+,0.3,False,0.2873,28.15,,0.93,1784014195
All Pools,AVAX - KET,0.3,False,0.28258,22.87,,1.13,1784014195
All Pools,CHAMP - AMI,0.3,False,0.28229,25.37,,1.02,1784014195
All Pools,APOW - AVAX,0.3,False,0.27481,1312.59,,0.02,1784014195
All Pools,DiamondbackGall - AVAX,0.3,False,0.27072,214.02,,0.12,1784014195
All Pools,DFIAT - USDT.e,0.3,False,0.2698,26.64,,0.92,1784014195
All Pools,Psychic - DiamondbackGall,0.3,False,0.26969,244.36,,0.1,1784014195
All Pools,NeatestQuackery - AVAX,0.3,False,0.2689,212.1,,0.12,1784014195
All Pools,Psychic - NeatestQuackery,0.3,False,0.26818,244.07,,0.1,1784014195
All Pools,COQ - NOCHILL,0.3,False,0.26299,8.027,,2.99,1784014195
All Pools,RUX - AVAX,0.3,False,0.25897,25.48,,0.93,1784014195
All Pools,USDt - RUX,0.3,False,0.25882,15970.0,,0.0,1784014195
All Pools,GLOBA - AVAX,0.3,False,0.25688,39.76,,0.59,1784014195
All Pools,USDC.e - WISE,0.3,False,0.25582,41.04,,0.57,1784014195
All Pools,AVAX - WISE,0.3,False,0.25565,59.22,,0.39,1784014195
All Pools,AVAX - DUO,0.3,False,0.2537,52.54,,0.44,1784014195
All Pools,USDT.e - DUO,0.3,False,0.25363,50.5,,0.46,1784014195
All Pools,SLUSH - USDT.e,0.3,False,0.24501,55.09,,0.41,1784014195
All Pools,SLUSH - AVAX,0.3,False,0.245,45.39,,0.49,1784014195
All Pools,agEUR - USDC,0.3,False,0.24441,59.79,,0.37,1784014195
All Pools,aAvaWAVAX - meGNX,0.3,False,0.24349,2.974,,7.47,1784014195
All Pools,AVAX - TheGospelOfMary,0.3,False,0.24151,117.13,,0.19,1784014195
All Pools,MaryMagdalene - TheGospelOfMary,0.3,False,0.24129,215.75,,0.1,1784014195
All Pools,GLOBA - DAI.e,0.3,False,0.24036,47.19,,0.46,1784014195
All Pools,Silver - AVAX,0.3,False,0.23789,62.71,,0.35,1784014195
All Pools,Silver - Now,0.3,False,0.23685,645.86,,0.03,1784014195
All Pools,SOL - USDC,0.3,False,0.23453,20.65,,1.04,1784014195
All Pools,GATOR - ARENA,0.3,False,0.22805,1.518,,13.71,1784014195
All Pools,AVAX - MeaningOfNumbers,0.3,False,0.22442,212.64,,0.1,1784014195
All Pools,TRYB - USDC.e,0.3,False,0.22403,31.9,,0.64,1784014195
All Pools,WETH.e - yyAVAX,0.3,False,0.2237,14.19,,1.44,1784014195
All Pools,Psychic - MeaningOfNumbers,0.3,False,0.22365,244.45,,0.08,1784014195
All Pools,AVAX - CHAM,0.3,False,0.22166,25.79,,0.78,1784014195
All Pools,USDC - CHAM,0.3,False,0.22161,46.53,,0.43,1784014195
All Pools,NOCHILL - KET,0.3,False,0.22036,8.109,,2.48,1784014195
All Pools,USDC - yyAVAX,0.3,False,0.21471,12.0,,1.63,1784014195
All Pools,wsOHM - USDC.e,0.3,False,0.2125,18.28,,1.06,1784014195
All Pools,AVVO - DAI.e,0.3,False,0.21231,34.67,,0.56,1784014195
All Pools,CHAMP - ARENA,0.3,False,0.21211,13.1,,1.48,1784014195
All Pools,VEE - USDC,0.3,False,0.21173,31.19,,0.62,1784014195
All Pools,IMPACT2 - EURC,0.3,False,0.20487,41.62,,0.45,1784014195
All Pools,COQ - JUICE,0.3,False,0.20415,26.08,,0.71,1784014195
All Pools,AVAX - ZABU,0.3,False,0.2018,23.26,,0.79,1784014195
All Pools,Christmas - ChristMark,0.3,False,0.19926,111.82,,0.16,1784014195
All Pools,bCASH - NOCHILL,0.3,False,0.19361,12.18,,1.45,1784014195
All Pools,wsOHM - AVAX,0.3,False,0.19256,8.062,,2.18,1784014195
All Pools,USDC.e - DAI.e,0.3,False,0.19209,22191.0,,,1784014195
All Pools,BOI - AMI,0.3,False,0.18505,0.48056,,35.14,1784014195
All Pools,SYN - USDT.e,0.3,False,0.18092,1.375,,12.01,1784014195
All Pools,AVAI - AVAX,0.3,False,0.18072,19.71,,0.84,1784014195
All Pools,USDT.e - ZABU,0.3,False,0.1769,44.06,,0.37,1784014195
All Pools,SYN - WETH.e,0.3,False,0.17487,1.248,,12.79,1784014195
All Pools,Light - AVAX,0.3,False,0.1727,63.77,,0.25,1784014195
All Pools,Light - Now,0.3,False,0.17218,645.09,,0.02,1784014195
All Pools,APOW - USDt,0.3,False,0.17058,21.21,,0.73,1784014195
All Pools,USDC - BVAX,0.3,False,0.17011,26.11,,0.59,1784014195
All Pools,XPOW - AVAX,0.3,False,0.16354,1311.81,,0.01,1784014195
All Pools,USDt - XPOW,0.3,False,0.16313,20.55,,0.72,1784014195
All Pools,MELT - AVAX,0.3,False,0.1603,19.9,,0.74,1784014195
All Pools,COQ - BLSEYE🎯,0.3,False,0.15849,143.32,,0.1,1784014195
All Pools,AVAX - ELK,0.3,False,0.15823,48.35,,0.3,1784014195
All Pools,SPC - DAI.e,0.3,False,0.15703,19.34,,0.74,1784014195
All Pools,Solar - AVAX,0.3,False,0.14883,63.82,,0.21,1784014195
All Pools,Solar - Now,0.3,False,0.14875,645.62,,0.02,1784014195
All Pools,AVAX - Propriety,0.3,False,0.14842,63.62,,0.21,1784014195
All Pools,Now - Propriety,0.3,False,0.14819,644.98,,0.02,1784014195
All Pools,ALOT - USDC.e,0.3,False,0.14615,7.454,,1.79,1784014195
All Pools,Vaccine - AVAX,0.3,False,0.14417,62.66,,0.21,1784014195
All Pools,Vaccine - Now,0.3,False,0.14404,638.84,,0.02,1784014195
All Pools,FLAKE - USDT.e,0.3,False,0.14375,48.15,,0.27,1784014195
All Pools,FLAKE - AVAX,0.3,False,0.14374,17.06,,0.77,1784014195
All Pools,AVAX - Mentor,0.3,False,0.14212,63.63,,0.2,1784014195
All Pools,WETH.e - USDC,0.3,False,0.14195,20.01,,0.65,1784014195
All Pools,AVAX - BENJI,0.3,False,0.14182,4.761,,2.72,1784014195
All Pools,USDT.e - EXP,0.3,False,0.14162,45046109.0,,,1784014195
All Pools,Now - Mentor,0.3,False,0.14155,644.04,,0.02,1784014195
All Pools,USDt - REDWOLF,0.3,False,0.13983,13.74,,0.93,1784014195
All Pools,TECH - OX,0.3,False,0.13642,5914.9,,0.0,1784014195
All Pools,WTHT - SNOB,0.3,False,0.1327,1.252,,9.67,1784014195
All Pools,NOCHILL - AMI,0.3,False,0.13194,3.101,,3.88,1784014195
All Pools,YEEHAW - USDC,0.3,False,0.13067,5.477,,2.18,1784014195
All Pools,AVAX - MILO,0.3,False,0.12958,788.03,,0.02,1784014195
All Pools,USDt - MILO,0.3,False,0.12953,13.98,,0.85,1784014195
All Pools,MIM - TIME,0.3,False,0.12891,26.08,,0.45,1784014195
All Pools,Matter - AVAX,0.3,False,0.12747,56.96,,0.2,1784014195
All Pools,Matter - Now,0.3,False,0.1271,582.68,,0.02,1784014195
All Pools,WETH.e - SURE,0.3,False,0.12615,829.25,,0.01,1784014195
All Pools,BANKSY - USDC.e,0.3,False,0.12589,29.0,,0.4,1784014195
All Pools,BANKSY - AVAX,0.3,False,0.12585,18.25,,0.63,1784014195
All Pools,AVAX - Sinterklaas,0.3,False,0.12461,100.78,,0.11,1784014195
All Pools,Psychic - Sinterklaas,0.3,False,0.12421,239.92,,0.05,1784014195
All Pools,Now - Blessing,0.3,False,0.12366,570.2,,0.02,1784014195
All Pools,AVAX - Blessing,0.3,False,0.12365,56.67,,0.2,1784014195
All Pools,MIM - VOLT,0.3,False,0.12178,14.54,,0.76,1784014195
All Pools,ABC - AMI,0.3,False,0.12068,2.348,,4.69,1784014195
All Pools,TickTock - AVAX,0.3,False,0.12063,63.88,,0.17,1784014195
All Pools,TickTock - Now,0.3,False,0.12053,646.3,,0.02,1784014195
All Pools,Chemistry - Now,0.3,False,0.1202,635.91,,0.02,1784014195
All Pools,Chemistry - AVAX,0.3,False,0.12014,62.94,,0.17,1784014195
All Pools,AVAX - STRAW,0.3,False,0.11904,14.22,,0.76,1784014195
All Pools,BrideOfChrist - BLACK,0.3,False,0.1183,17.59,,0.61,1784014195
All Pools,BrideOfChrist - AVAX,0.3,False,0.11821,63.76,,0.17,1784014195
All Pools,METAG - AVAX,0.3,False,0.11699,19.57,,0.55,1784014195
All Pools,Gil - AVAX,0.3,False,0.11629,13.56,,0.78,1784014195
All Pools,AVAT - USDC,0.3,False,0.11521,37.36,,0.28,1784014195
All Pools,MaryMagdalene - ChristMark,0.3,False,0.11434,301.79,,0.03,1784014195
All Pools,Sanskrit - AVAX,0.3,False,0.11383,63.7,,0.16,1784014195
All Pools,Sanskrit - Now,0.3,False,0.11347,644.52,,0.02,1784014195
All Pools,Necromancer - AVAX,0.3,False,0.11181,63.75,,0.16,1784014195
All Pools,Now - Necromancer,0.3,False,0.11156,645.02,,0.02,1784014195
All Pools,DAI.e - STRAW,0.3,False,0.11135,35.84,,0.28,1784014195
All Pools,MELT - USDC.e,0.3,False,0.11065,29.52,,0.34,1784014195
All Pools,AVAX - SantaGospel,0.3,False,0.11028,96.67,,0.1,1784014195
All Pools,Slope - AVAX,0.3,False,0.10891,63.77,,0.16,1784014195
All Pools,Gold - AVAX,0.3,False,0.10884,63.88,,0.16,1784014195
All Pools,Gil - DAI.e,0.3,False,0.10878,26.18,,0.38,1784014195
All Pools,Slope - Now,0.3,False,0.10864,643.74,,0.02,1784014195
All Pools,Gold - Now,0.3,False,0.10848,646.23,,0.02,1784014195
All Pools,AVAX - √Root,0.3,False,0.10826,63.85,,0.15,1784014195
All Pools,Now - √Root,0.3,False,0.1076,645.95,,0.02,1784014195
All Pools,Uncontractable - AVAX,0.3,False,0.10754,62.72,,0.16,1784014195
All Pools,TOMB - USDC,0.3,False,0.10725,9.937,,0.98,1784014195
All Pools,Uncontractable - Now,0.3,False,0.10718,631.2,,0.02,1784014195
All Pools,DAI.e - VOLT,0.3,False,0.10714,40.76,,0.24,1784014195
All Pools,Yellow - AVAX,0.3,False,0.10495,188.94,,0.05,1784014195
All Pools,APOW - USDC,0.3,False,0.10357,21.19,,0.45,1784014195
All Pools,YAK - SPORE,0.3,False,0.10307,5.232,,1.8,1784014195
All Pools,Blue - AVAX,0.3,False,0.10241,189.4,,0.05,1784014195
All Pools,WBTC.e - REDWOLF,0.3,False,0.10227,48.45,,0.19,1784014195
All Pools,Psychic - Blue,0.3,False,0.10198,61.95,,0.15,1784014195
All Pools,Christmas - Merovingian,0.3,False,0.09786,85.67,,0.1,1784014195
All Pools,Now - Merovingian,0.3,False,0.09711,49.76,,0.18,1784014195
All Pools,AVAX - DOGGY,0.3,False,0.09516,1.935,,4.49,1784014195
All Pools,bECH - AVAX,0.3,False,0.09466,16.9,,0.51,1784014195
All Pools,AVAX - Strength,0.3,False,0.0943,101.71,,0.08,1784014195
All Pools,Go - AVAX,0.3,False,0.09413,101.09,,0.08,1784014195
All Pools,Hydrogen - AVAX,0.3,False,0.09396,189.57,,0.05,1784014195
All Pools,Psychic - Strength,0.3,False,0.09392,56.25,,0.15,1784014195
All Pools,Psychic - Go,0.3,False,0.09364,55.74,,0.15,1784014195
All Pools,Psychic - Hydrogen,0.3,False,0.09363,62.27,,0.14,1784014195
All Pools,miMatic - AVAX,0.3,False,0.09348,32.1,,0.27,1784014195
All Pools,miMatic - USDC.e,0.3,False,0.09346,24.1,,0.35,1784014195
All Pools,Psychic - Yellow,0.3,False,0.09101,61.73,,0.13,1784014195
All Pools,HUSKY - MUG,0.3,False,0.09035,13.45,,0.61,1784014195
All Pools,LIBRE - USDC.e,0.3,False,0.08859,12.26,,0.66,1784014195
All Pools,AVAT - AVAX,0.3,False,0.08775,16.7,,0.48,1784014195
All Pools,AVAX - FORT,0.3,False,0.08718,12.91,,0.62,1784014195
All Pools,MIM - FORT,0.3,False,0.08668,2700.94,,0.0,1784014195
All Pools,AVAX - WOLF,0.3,False,0.08653,53.34,,0.15,1784014195
All Pools,USDC.e - WOLF,0.3,False,0.08649,7.508,,1.05,1784014195
All Pools,BENIS - NOCHILL,0.3,False,0.0858,2.729,,2.87,1784014195
All Pools,BLS - SHRAP,0.3,False,0.0856,8.269,,0.94,1784014195
All Pools,Psychic - SantaGospel,0.3,False,0.08551,55.57,,0.14,1784014195
All Pools,MIM - AUSD,0.3,False,0.08428,10.82,,0.71,1784014195
All Pools,WTF - AVAX,0.3,False,0.08416,515.31,,0.01,1784014195
All Pools,ZRO - USDC,0.3,False,0.0837,4.488,,1.7,1784014195
All Pools,AVAX - NEMO,0.3,False,0.08306,6.516,,1.16,1784014195
All Pools,USDt - NEMO,0.3,False,0.08306,95.85,,0.08,1784014195
All Pools,aAvaLINK - AVAX,0.3,False,0.0828,7.356,,1.03,1784014195
All Pools,CGS - USDC.e,0.3,False,0.08173,152.72,,0.05,1784014195
All Pools,CGS - AVAX,0.3,False,0.08157,54.06,,0.14,1784014195
All Pools,Who - AVAX,0.3,False,0.07837,101.1,,0.07,1784014195
All Pools,Psychic - Who,0.3,False,0.07808,56.29,,0.13,1784014195
All Pools,UST - USDT.e,0.3,False,0.07754,38.43,,0.18,1784014195
All Pools,PAPA - AVAX,0.3,False,0.07584,10.92,,0.63,1784014195
All Pools,SUB - USDC,0.3,False,0.07556,11.32,,0.61,1784014195
All Pools,MIM - PAPA,0.3,False,0.07518,66.89,,0.1,1784014195
All Pools,JESUS - AVAX,0.3,False,0.07382,9.215,,0.73,1784014195
All Pools,RUG - USDT.e,0.3,False,0.07288,10.44,,0.64,1784014195
All Pools,AVAX - GAU,0.3,False,0.07016,5.688,,1.13,1784014195
All Pools,WBTC.e - USDC.e,0.3,False,0.06927,8.015,,0.79,1784014195
All Pools,Chrism - ChristMark,0.3,False,0.06757,139.05,,0.04,1784014195
All Pools,JOE - CRA,0.3,False,0.06754,7.024,,0.88,1784014195
All Pools,METAG - USDT.e,0.3,False,0.06752,47.04,,0.13,1784014195
All Pools,Psychic - Chrism,0.3,False,0.06693,49.55,,0.12,1784014195
All Pools,SHOE - BTC.b,0.3,False,0.06563,0.75269,,7.96,1784014195
All Pools,SURE - USDC.e,0.3,False,0.06538,20.52,,0.29,1784014195
All Pools,USDT.e - XAVA,0.3,False,0.06515,10.72,,0.55,1784014195
All Pools,AI9000 - AVAX,0.3,False,0.0642,215.28,,0.03,1784014195
All Pools,Ush - AVAX,0.3,False,0.06395,2079.73,,0.0,1784014195
All Pools,GAS - AVAX,0.3,False,0.06369,131.07,,0.04,1784014195
All Pools,SLIME - AVAX,0.3,False,0.0621,14975.0,,,1784014195
All Pools,SLIME - USDt,0.3,False,0.06209,6.055,,0.94,1784014195
All Pools,NineHundred - AVAX,0.3,False,0.06145,100.99,,0.06,1784014195
All Pools,JOE - ZABU,0.3,False,0.06086,12.83,,0.43,1784014195
All Pools,TruthClosure - AVAX,0.3,False,0.0603,7.549,,0.73,1784014195
All Pools,TruthClosure - BLACK,0.3,False,0.06009,12.54,,0.44,1784014195
All Pools,NOCHILL - REDWOLF,0.3,False,0.05994,2.209,,2.48,1784014195
All Pools,NOCHILL - MU,0.3,False,0.0597,1.476,,3.69,1784014195
All Pools,MELT - AVAX,0.3,False,0.05966,801.3,,0.01,1784014195
All Pools,MELT - USDC.e,0.3,False,0.05964,5.894,,0.92,1784014195
All Pools,Psychic - NineHundred,0.3,False,0.05913,55.49,,0.1,1784014195
All Pools,BENIS - AVAX,0.3,False,0.05899,10.67,,0.5,1784014195
All Pools,MU - SOL,0.3,False,0.05851,1.123,,4.75,1784014195
All Pools,AVAX - Nala,0.3,False,0.05778,19.02,,0.28,1784014195
All Pools,Psychic - Nala,0.3,False,0.05753,207.99,,0.03,1784014195
All Pools,WOLF - AVAX,0.3,False,0.05677,46.25,,0.11,1784014195
All Pools,CNR - USDC,0.3,False,0.05655,4.408,,1.17,1784014195
All Pools,aDXN - aXEN,0.3,False,0.05644,4.916,,1.05,1784014195
All Pools,DUO - USDT.e,0.3,False,0.05624,6.105,,0.84,1784014195
All Pools,aDXN - AVAX,0.3,False,0.05599,49.98,,0.1,1784014195
All Pools,BUSD - USDC,0.3,False,0.0525,7.358,,0.65,1784014195
All Pools,KLO - USDT.e,0.3,False,0.05236,5.37,,0.89,1784014195
All Pools,SURE - AVAX,0.3,False,0.05127,5.251,,0.89,1784014195
All Pools,ACS - AVAX,0.3,False,0.05099,172.95,,0.03,1784014195
All Pools,gOHM - USDT.e,0.3,False,0.05077,0.64318,,7.2,1784014195
All Pools,AVAX - BOREA,0.3,False,0.05028,5.437,,0.84,1784014195
All Pools,USDT.e - BOREA,0.3,False,0.05015,25.61,,0.18,1784014195
All Pools,MELT - USDT.e,0.3,False,0.04976,29.28,,0.16,1784014195
All Pools,METAG - USDt,0.3,False,0.04938,15.33,,0.29,1784014195
All Pools,ACS - USDC.e,0.3,False,0.04906,5.26,,0.85,1784014195
All Pools,BLUB - AVAX,0.0,False,0.04748,32.67,0.0,0.0,1784014195
All Pools,USDC - AMI,0.3,False,0.04715,0.49971,,8.61,1784014195
All Pools,MIM - RUG,0.3,False,0.04615,6.225,,0.68,1784014195
All Pools,FITFI - USDC,0.3,False,0.046,0.17478,,24.01,1784014195
All Pools,CRA - AVAX,0.3,False,0.04584,7153.91,,,1784014195
All Pools,SHOE - AMI,0.3,False,0.04546,0.17696,,23.44,1784014195
All Pools,UNIV - AVAX,0.3,False,0.04525,6.038,,0.68,1784014195
All Pools,MIM - UNIV,0.3,False,0.04447,5.445,,0.75,1784014195
All Pools,SURE - DAI.e,0.3,False,0.0441,23.91,,0.17,1784014195
All Pools,ICUBE - AVAX,0.3,False,0.04389,5.32,,0.75,1784014195
All Pools,ICUBE - USDT.e,0.3,False,0.04384,107.19,,0.04,1784014195
All Pools,CNR - REDWOLF,0.3,False,0.0435,14.85,,0.27,1784014195
All Pools,TSD - WOLF,0.3,False,0.04292,27.91,,0.14,1784014195
All Pools,USDt - DXN,0.3,False,0.04279,213.76,,0.02,1784014195
All Pools,AVAX - TMT,0.3,False,0.04019,5.789,,0.63,1784014195
All Pools,ROCO - AVAX,0.3,False,0.04017,1333.79,,0.0,1784014195
All Pools,USDT.e - TMT,0.3,False,0.04011,25.19,,0.15,1784014195
All Pools,WETH.e - meGNX,0.3,False,0.04007,5.077,,0.72,1784014195
All Pools,AVAX - BLANC,0.3,False,0.03994,7.225,,0.5,1784014195
All Pools,AVAX - GG,0.3,False,0.03977,5.224,,0.69,1784014195
All Pools,MIM - BLANC,0.3,False,0.0395,1254.06,,0.0,1784014195
All Pools,AVAI - USDC.e,0.3,False,0.03855,26.62,,0.13,1784014195
All Pools,GURS - ARENA,0.3,False,0.03838,5.238,,0.67,1784014195
All Pools,AVAX - BAVA,0.3,False,0.03809,8.606,,0.4,1784014195
All Pools,NXPC - AVAX,0.3,False,0.03808,0.99171,,3.5,1784014195
All Pools,AVAX - SDOG,0.3,False,0.03765,6.498,,0.53,1784014195
All Pools,wMEMO - AVAX,0.3,False,0.03716,6.446,,0.53,1784014195
All Pools,WLRS - GRAPE,0.3,False,0.03649,8.909,,0.37,1784014195
All Pools,WLRS - USDC.e,0.3,False,0.03628,4001.66,,,1784014195
All Pools,BRUH - AVAX,0.3,False,0.03626,882.13,,0.0,1784014195
All Pools,CNR - AVAX,0.3,False,0.03611,47.17,,0.07,1784014195
All Pools,UNIQOC - AVAX,0.3,False,0.03607,814.45,,0.0,1784014195
All Pools,UNIQOC - COQ,0.3,False,0.03596,35.37,,0.09,1784014195
All Pools,MIM - GG,0.3,False,0.03535,73.08,,0.04,1784014195
All Pools,AVAX - BLACK,0.3,False,0.0352,3.255,,0.99,1784014195
All Pools,MPL - AVAX,0.3,False,0.0351,5.033,,0.64,1784014195
All Pools,MPL - USDt,0.3,False,0.03504,29.72,,0.11,1784014195
All Pools,CNR - USDt,0.3,False,0.03435,4.427,,0.71,1784014195
All Pools,YEEHAW - AMI,0.3,False,0.03411,3.025,,1.03,1784014195
All Pools,USDC.e - RUG,0.3,False,0.03369,17.56,,0.18,1784014195
All Pools,LINK.e - MU,0.3,False,0.03252,6.815,,0.44,1784014195
All Pools,MIM - TSNFTGM,0.3,False,0.03227,3.471,,0.85,1784014195
All Pools,gOHM - OTWO,0.3,False,0.03185,91149.0,,,1784014195
All Pools,wsOHM - OTWO,0.3,False,0.03148,1.538,,1.87,1784014195
All Pools,KIMBO - AMI,0.3,False,0.031,2.333,,1.21,1784014195
All Pools,COQ - AMI,0.3,False,0.0309,8.024,,0.35,1784014195
All Pools,TSNFTGM - DAI.e,0.3,False,0.02979,29.25,,0.09,1784014195
All Pools,MU - COQAI,0.3,False,0.02971,5.619,,0.48,1784014195
All Pools,AVAX - CAST,0.3,False,0.02953,1377.5,,0.0,1784014195
All Pools,AAVE.e - USDT.e,0.3,False,0.0295,2.639,,1.02,1784014195
All Pools,FollowTheWhiteRabbit - AVAX,0.3,False,0.02945,115.69,,0.02,1784014195
All Pools,AVAX - SPADE,0.3,False,0.02901,4.879,,0.54,1784014195
All Pools,USDC.e - SPADE,0.3,False,0.029,15.4,,0.17,1784014195
All Pools,LUNA - LUNA,0.3,False,0.02895,1.84,,1.44,1784014195
All Pools,LoveIsTheKey - FollowTheWhiteRabbit,0.3,False,0.02895,44.37,,0.06,1784014195
All Pools,LoveIsTheKey - BLACK,0.3,False,0.0289,4.127,,0.64,1784014195
All Pools,BTC.b - MU,0.3,False,0.02847,9.969,,0.26,1784014195
All Pools,USDT.e - DAI.e,0.3,False,0.02809,7166.64,,,1784014195
All Pools,BTC.b - USDC,0.3,False,0.02807,4.178,,0.61,1784014195
All Pools,WOLF - MU,0.3,False,0.02755,3.827,,0.66,1784014195
All Pools,JOE - ZUBAX,0.3,False,0.02714,6.403,,0.39,1784014195
All Pools,AAVE.e - meGNX,0.3,False,0.02701,3.598,,0.69,1784014195
All Pools,ARENA - AMI,0.3,False,0.02634,0.86928,,2.76,1784014195
All Pools,BGLD - AVAX,0.3,False,0.02627,3.561,,0.67,1784014195
All Pools,BGLD - USDT.e,0.3,False,0.02626,16.37,,0.15,1784014195
All Pools,SBR - AVAX,0.3,False,0.02582,3.79,,0.62,1784014195
All Pools,WDAO - AVAX,0.3,False,0.02558,9.961,,0.23,1784014195
All Pools,MIM - SBR,0.3,False,0.02554,11.39,,0.2,1784014195
All Pools,aAvaLINK - meGNX,0.3,False,0.02541,8.438,,0.27,1784014195
All Pools,WDAO - MIM,0.3,False,0.02535,5.421,,0.43,1784014195
All Pools,ElvisJackpot - Gravity,0.3,False,0.02516,14.37,,0.16,1784014195
All Pools,ElvisJackpot - BLACK,0.3,False,0.02495,10.01,,0.23,1784014195
All Pools,wMEMO - MIM,0.3,False,0.02487,4.404,,0.52,1784014195
All Pools,AMI - SQRCAT,0.3,False,0.02483,10.1,,0.22,1784014195
All Pools,AVAX - SQRCAT,0.3,False,0.02478,4227.17,,,1784014195
All Pools,BLACK - SantaGospel,0.3,False,0.02436,2.574,,0.86,1784014195
All Pools,ARA - AVAX,0.3,False,0.02428,2.317,,0.96,1784014195
All Pools,GG - AVAX,0.3,False,0.02416,5.731,,0.38,1784014195
All Pools,ZUM - NOCHILL,0.3,False,0.02398,0.73037,,3.0,1784014195
All Pools,BSGG - AVAX,0.3,False,0.0239,2.525,,0.86,1784014195
All Pools,MIM - GG,0.3,False,0.0239,4.945,,0.44,1784014195
All Pools,GURS - NOCHILL,0.3,False,0.02348,1.136,,1.89,1784014195
All Pools,AVAX - NADO,0.3,False,0.02336,2.587,,0.82,1784014195
All Pools,YAK - JOE,0.3,False,0.02333,0.94324,,2.26,1784014195
All Pools,MIM - NADO,0.3,False,0.02311,175.48,,0.01,1784014195
All Pools,DBY - AVAX,0.3,False,0.02191,7493.37,,,1784014195
All Pools,AVAX - USDR,0.3,False,0.02146,2.448,,0.8,1784014195
All Pools,USDR - USDC,0.3,False,0.02146,39.9,,0.05,1784014195
All Pools,AVAX - SHRAP,0.3,False,0.02129,11.64,,0.17,1784014195
All Pools,wALGO - AVAX,0.3,False,0.02124,115.39,,0.02,1784014195
All Pools,wALGO - USDC,0.3,False,0.02121,2.39,,0.81,1784014195
All Pools,AVAX - WSPP,0.3,False,0.02081,2.317,,0.82,1784014195
All Pools,USDC - WSPP,0.3,False,0.0208,41.92,,0.05,1784014195
All Pools,NOCHILL - WAIFU,0.3,False,0.02035,138.21,,0.01,1784014195
All Pools,AVAX - LYLY,0.3,False,0.02007,50.62,,0.04,1784014195
All Pools,XIO - AVAX,0.3,False,0.02002,2.322,,0.79,1784014195
All Pools,XIO - USDC,0.3,False,0.02,23.95,,0.08,1784014195
All Pools,USDC.e - WMATIC,0.3,False,0.01999,16.14,,0.11,1784014195
All Pools,Milk - AVAX,0.3,False,0.01995,5.375,,0.34,1784014195
All Pools,QI - LYLY,0.3,False,0.01993,1.784,,1.02,1784014195
All Pools,WINK - NOCHILL,0.3,False,0.01986,0.3787,,4.78,1784014195
All Pools,Milk - USDT.e,0.3,False,0.01984,13.88,,0.13,1784014195
All Pools,REDWOLF - WMATIC,0.3,False,0.01967,2.042,,0.88,1784014195
All Pools,gOHM - USDC.e,0.3,False,0.01958,0.32674,,5.47,1784014195
All Pools,AVAX - AMONKS,0.3,False,0.01953,1144.52,,0.0,1784014195
All Pools,REDWOLF - AMONKS,0.3,False,0.01947,5.639,,0.32,1784014195
All Pools,Anon - USDC,0.3,False,0.01917,0.6688,,2.62,1784014195
All Pools,AVAX - GOT,0.3,False,0.0191,4.274,,0.41,1784014195
All Pools,USDT.e - GOT,0.3,False,0.01897,12.4,,0.14,1784014195
All Pools,SOB - AVAX,0.3,False,0.0183,390.38,,0.0,1784014195
All Pools,LIFE - AVAX,0.3,False,0.01817,2.678,,0.62,1784014195
All Pools,SOB - LUNA,0.3,False,0.01799,0.80108,,2.05,1784014195
All Pools,MIM - LIFE,0.3,False,0.01795,11.23,,0.15,1784014195
All Pools,AVAX - DAI,0.3,False,0.01792,56.04,,0.03,1784014195
All Pools,MAJIN - AVAX,0.3,False,0.01777,3020.68,,,1784014195
All Pools,MAJIN - MU,0.3,False,0.0177,3.703,,0.44,1784014195
All Pools,GATOR - AMI,0.3,False,0.01765,3.039,,0.53,1784014195
All Pools,MIM - DICK,0.3,False,0.01742,2.158,,0.74,1784014195
All Pools,MIM - sTHO,0.3,False,0.01738,203.58,,0.01,1784014195
All Pools,DICK - AVAX,0.3,False,0.01733,6.112,,0.26,1784014195
All Pools,SUB - AVAX,0.3,False,0.01714,14.84,,0.11,1784014195
All Pools,DUNEV3 - USDC.e,0.3,False,0.01688,25237.0,,,1784014195
All Pools,WINK - AVAX,0.3,False,0.01664,41.51,,0.04,1784014195
All Pools,MIM - DUNEV3,0.3,False,0.01654,53686.0,,,1784014195
All Pools,FITFI - USDC.e,0.3,False,0.01649,0.09375,,16.05,1784014195
All Pools,ARENA - MU,0.3,False,0.01639,2.755,,0.54,1784014195
All Pools,KOKSAL - USDC,0.3,False,0.01617,4.434,,0.33,1784014195
All Pools,KOKSAL - AVAX,0.3,False,0.01617,2.766,,0.53,1784014195
All Pools,MOO - AVAX,0.3,False,0.01596,540.7,,0.0,1784014195
All Pools,DUA - USDC,0.3,False,0.01577,11.42,,0.13,1784014195
All Pools,AVAX - DUA,0.3,False,0.01577,1.722,,0.84,1784014195
All Pools,FINANCE - NOCHILL,0.3,False,0.01577,367.91,,0.0,1784014195
All Pools,KOVIN - MU,0.3,False,0.01511,2.511,,0.55,1784014195
All Pools,AVAX - MICRO,0.3,False,0.01505,18.59,,0.07,1784014195
All Pools,NXPC - USDC,0.3,False,0.01449,0.67383,,1.96,1784014195
All Pools,NRK - DAI.e,0.3,False,0.01406,280.38,,0.0,1784014195
All Pools,SMRT - XAVA,0.3,False,0.01388,2.241,,0.57,1784014195
All Pools,Trinity - FourFourFour,0.3,False,0.01382,3.545,,0.36,1784014195
All Pools,MIM - SPELL,0.3,False,0.01382,2.438,,0.52,1784014195
All Pools,YAK - USDT.e,0.3,False,0.01381,0.55878,,2.26,1784014195
All Pools,WOLF - USDT.e,0.3,False,0.01379,3.168,,0.4,1784014195
All Pools,FourFourFour - BLACK,0.3,False,0.01377,3.203,,0.39,1784014195
All Pools,UST - USDC,0.3,False,0.01359,3.923,,0.32,1784014195
All Pools,Yellow - BLACK,0.3,False,0.01354,2.574,,0.48,1784014195
All Pools,HCT - AVAX,0.3,False,0.01352,2.624,,0.47,1784014195
All Pools,JOE - REDWOLF,0.3,False,0.01344,2.747,,0.45,1784014195
All Pools,Psychic - Partment,0.3,False,0.01296,46.97,,0.03,1784014195
All Pools,CATWIF - AVAX,0.3,False,0.0129,2356.44,,,1784014195
All Pools,HIGHER - AVAX,0.3,False,0.01289,1.197,,0.98,1784014195
All Pools,CATWIF - MU,0.3,False,0.01283,3.03,,0.39,1784014195
All Pools,BLACK - Partment,0.3,False,0.01275,1.244,,0.94,1784014195
All Pools,Psychic - Sequence,0.3,False,0.01274,46.99,,0.02,1784014195
All Pools,Psychic - Crypt,0.3,False,0.01273,46.95,,0.02,1784014195
All Pools,Psychic - TheArcher,0.3,False,0.01271,47.0,,0.02,1784014195
All Pools,AVAX - iBONE,0.3,False,0.01268,4.231,,0.27,1784014195
All Pools,ChristMark - ChristIAmYou,0.3,False,0.01268,20.1,,0.06,1784014195
All Pools,Psychic - LordJesusChrist,0.3,False,0.01265,45.11,,0.03,1784014195
All Pools,USDT.e - iBONE,0.3,False,0.01259,4.461,,0.26,1784014195
All Pools,Sequence - BLACK,0.3,False,0.01254,1.238,,0.92,1784014195
All Pools,Crypt - BLACK,0.3,False,0.01253,1.248,,0.92,1784014195
All Pools,TheArcher - BLACK,0.3,False,0.01251,1.24,,0.92,1784014195
All Pools,LordJesusChrist - BLACK,0.3,False,0.01243,1.198,,0.95,1784014195
All Pools,BLACK - ChristIAmYou,0.3,False,0.01242,1.262,,0.9,1784014195
All Pools,BIRD - AVAX,0.3,False,0.01232,0.00948,,118.61,1784014195
All Pools,WTHT - AXIAL,0.3,False,0.01226,0.28592,,3.91,1784014195
All Pools,Psychic - BirthingCode,0.3,False,0.01203,47.0,,0.02,1784014195
All Pools,Psychic - Equal,0.3,False,0.01202,46.99,,0.02,1784014195
All Pools,Psychic - YouAndI,0.3,False,0.01202,46.99,,0.02,1784014195
All Pools,Psychic - FinityFinity,0.3,False,0.01194,47.0,,0.02,1784014195
All Pools,Psychic - Turtle,0.3,False,0.01187,47.0,,0.02,1784014195
All Pools,Psychic - Finish,0.3,False,0.01185,46.96,,0.02,1784014195
All Pools,AVAX - APE - X,0.3,False,0.01183,472.39,,0.0,1784014195
All Pools,BirthingCode - BLACK,0.3,False,0.0118,1.233,,0.87,1784014195
All Pools,Equal - BLACK,0.3,False,0.01179,1.234,,0.87,1784014195
All Pools,YouAndI - BLACK,0.3,False,0.01179,1.236,,0.87,1784014195
All Pools,Psychic - TrueStory,0.3,False,0.01179,46.99,,0.02,1784014195
All Pools,FinityFinity - BLACK,0.3,False,0.01169,1.235,,0.86,1784014195
All Pools,Turtle - BLACK,0.3,False,0.01166,1.233,,0.86,1784014195
All Pools,Finish - BLACK,0.3,False,0.01163,1.243,,0.85,1784014195
All Pools,TrueStory - BLACK,0.3,False,0.01157,1.234,,0.86,1784014195
All Pools,AVAX - DWC,0.3,False,0.01157,4112.63,,,1784014195
All Pools,DWC - MU,0.3,False,0.0115,2.772,,0.38,1784014195
All Pools,TECH - AMI,0.3,False,0.01146,1.637,,0.64,1784014195
All Pools,Psychic - Gematria,0.3,False,0.01144,46.99,,0.02,1784014195
All Pools,BTC.b - yyAVAX,0.3,False,0.01144,4.142,,0.25,1784014195
All Pools,GURS - HOWDY,0.3,False,0.01135,0.57837,,1.79,1784014195
All Pools,USDC - USDT.e,0.3,False,0.01134,154.57,,0.01,1784014195
All Pools,BLACK - Gematria,0.3,False,0.01117,1.235,,0.83,1784014195
All Pools,COQ - MICRO,0.3,False,0.01102,2.657,,0.38,1784014195
All Pools,AMPL - AVAX,0.3,False,0.011,204.45,,0.0,1784014195
All Pools,JOE - GB,0.3,False,0.01088,0.16381,,6.06,1784014195
All Pools,aAvaLINK - LINK.e,0.3,False,0.01011,1.566,,0.59,1784014195
All Pools,TEMPO - AVAX,0.3,False,0.01003,1.826,,0.5,1784014195
All Pools,MIM - TEMPO,0.3,False,0.00994,5.187,,0.17,1784014195
All Pools,SHOE - COQ,0.3,False,0.0099,0.03759,,24.02,1784014195
All Pools,GMX - USDC,0.3,False,0.00975,0.81657,,1.09,1784014195
All Pools,QI - USDC.e,0.3,False,0.00953,0.63901,,1.36,1784014195
All Pools,HERESY - MEOW,0.3,False,0.00917,0.19328,,4.33,1784014195
All Pools,AVAX - LODE,0.3,False,0.00912,0.83487,,1.0,1784014195
All Pools,AVAX - WOHM,0.3,False,0.00871,1.166,,0.68,1784014195
All Pools,GURS - AMI,0.3,False,0.00867,1.254,,0.63,1784014195
All Pools,MIM - WOHM,0.3,False,0.00859,13.45,,0.06,1784014195
All Pools,USDC.e - UST,0.3,False,0.00852,1.549,,0.5,1784014195
All Pools,HH - ARENA,0.3,False,0.00847,1.653,,0.47,1784014195
All Pools,HH - AVAX,0.3,False,0.0084,238.3,,0.0,1784014195
All Pools,Gladiator - AVAX,0.3,False,0.00834,1.516,,0.5,1784014195
All Pools,NOCHILL - ARENA,0.3,False,0.00833,0.25356,,3.0,1784014195
All Pools,BEAM - MU,0.3,False,0.00813,0.94997,,0.78,1784014195
All Pools,TRACTOR - AVAX,0.3,False,0.00813,10642.0,,,1784014195
All Pools,TRACTOR - JOE,0.3,False,0.00806,1.127,,0.65,1784014195
All Pools,BNZ - KET,0.3,False,0.00805,2.465,,0.3,1784014195
All Pools,SNO Token - AVAX,0.3,False,0.00804,1.127,,0.65,1784014195
All Pools,SNO Token - JOE,0.3,False,0.00797,50.0,,0.01,1784014195
All Pools,JOE - AVE,0.3,False,0.00774,1.185,,0.6,1784014195
All Pools,YEEHAW - ARENA,0.3,False,0.00751,0.85106,,0.81,1784014195
All Pools,AVAX - EDG,0.3,False,0.0073,1.386,,0.48,1784014195
All Pools,QI - REDWOLF,0.3,False,0.00725,1.141,,0.58,1784014195
All Pools,AAVE.e - USDC.e,0.3,False,0.00724,1.275,,0.52,1784014195
All Pools,AMI - MU,0.3,False,0.00723,1.25,,0.53,1784014195
All Pools,MIM - EDG,0.3,False,0.00722,1.58,,0.42,1784014195
All Pools,WETH.e - MU,0.3,False,0.00716,1.774,,0.37,1784014195
All Pools,HIGHER - AMI,0.3,False,0.00682,1.871,,0.33,1784014195
All Pools,SNLP - AVAX,0.3,False,0.00663,2626.53,,,1784014195
All Pools,JOE - SNLP,0.3,False,0.00656,1.056,,0.57,1784014195
All Pools,AVAX - VYBE,0.3,False,0.00635,1.68,,0.35,1784014195
All Pools,MIM - VYBE,0.3,False,0.00628,0.87404,,0.66,1784014195
All Pools,LF - USDT.e,0.3,False,0.00618,0.98475,,0.57,1784014195
All Pools,COQ - ARENA,0.3,False,0.00608,0.79168,,0.7,1784014195
All Pools,HIGHER - NOCHILL,0.3,False,0.00602,0.181,,3.03,1784014195
All Pools,JOE - CNR,0.3,False,0.006,0.72601,,0.75,1784014195
All Pools,AVAX - AXIAL,0.3,False,0.00578,597.67,,,1784014195
All Pools,AVAX - OK,0.3,False,0.00564,1.599,,0.32,1784014195
All Pools,USDC - OK,0.3,False,0.00559,1.153,,0.44,1784014195
All Pools,MIM - AFARMER,0.3,False,0.00555,3681.7,,,1784014195
All Pools,WETH.e - STATIK,0.3,False,0.00545,0.98329,,0.51,1784014195
All Pools,JOE - USDt,0.3,False,0.0053,0.64004,,0.76,1784014195
All Pools,AUSD - HUSKY,0.3,False,0.00513,0.45639,,1.03,1784014195
All Pools,GMX - USDt,0.3,False,0.00494,0.33793,,1.34,1784014195
All Pools,TEDDY - USDC,0.3,False,0.00489,0.62469,,0.71,1784014195
All Pools,USDC - LODE,0.3,False,0.00483,847.95,,,1784014195
All Pools,AVAX - SOL,0.3,False,0.00481,0.06767,,6.48,1784014195
All Pools,AVAX - PAR,0.3,False,0.0048,1.297,,0.34,1784014195
All Pools,MIM - PAR,0.3,False,0.00473,0.4749,,0.91,1784014195
All Pools,Oracle - BLACK,0.3,False,0.00467,1.243,,0.34,1784014195
All Pools,YEEHAW - ABC,0.3,False,0.00444,0.2335,,1.74,1784014195
All Pools,PinOcchio - AVAX,0.3,False,0.00443,7.748,,0.05,1784014195
All Pools,PinOcchio - Gravity,0.3,False,0.00441,1.487,,0.27,1784014195
All Pools,ETHM - AVAX,0.3,False,0.00434,21.48,,0.02,1784014195
All Pools,WETH.e - ETHM,0.3,False,0.00428,0.40795,,0.96,1784014195
All Pools,USDC.e - GG,0.3,False,0.00414,0.37281,,1.01,1784014195
All Pools,BNZ - WINK,0.3,False,0.00408,0.24453,,1.52,1784014195
All Pools,MIM - YAK,0.3,False,0.00398,0.16667,,2.18,1784014195
All Pools,AMI - EROL,0.3,False,0.00394,0.30362,,1.18,1784014195
All Pools,ERROR - AMI,0.3,False,0.0035,1.742,,0.18,1784014195
All Pools,AVAX - WINE,0.3,False,0.00343,0.08465,,3.69,1784014195
All Pools,AVAX - MTB,0.3,False,0.00321,0.42577,,0.69,1784014195
All Pools,AVAX - DREX,0.3,False,0.00317,0.19937,,1.45,1784014195
All Pools,MIM - MTB,0.3,False,0.00315,0.4463,,0.64,1784014195
All Pools,MIM - DREX,0.3,False,0.00312,5.666,,0.05,1784014195
All Pools,SNTA - MIM,0.3,False,0.00299,0.32198,,0.85,1784014195
All Pools,GRAPE - AVAX,0.3,False,0.00298,0.09573,,2.84,1784014195
All Pools,LIFE - AVAX,0.3,False,0.00294,0.74198,,0.36,1784014195
All Pools,MIM - LIFE,0.3,False,0.00289,0.23777,,1.11,1784014195
All Pools,USDC.e - TIME,0.3,False,0.0028,0.19478,,1.31,1784014195
All Pools,JOE - aXEN,0.3,False,0.00274,0.17519,,1.43,1784014195
All Pools,DB - AVAX,0.3,False,0.00271,1.371,,0.18,1784014195
All Pools,STG - JOE,0.3,False,0.00268,0.10448,,2.34,1784014195
All Pools,xJOE - AVAX,0.3,False,0.00268,1.783,,0.14,1784014195
All Pools,FAP - AVAX,0.3,False,0.00267,67.85,,0.0,1784014195
All Pools,MIM - DB,0.3,False,0.00266,0.19015,,1.28,1784014195
All Pools,xJOE - wsOHM,0.3,False,0.00263,0.17744,,1.35,1784014195
All Pools,MIM - FAP,0.3,False,0.00255,0.04774,,4.88,1784014195
All Pools,JOE - AMI,0.3,False,0.00227,0.14463,,1.43,1784014195
All Pools,ABC - MU,0.3,False,0.00217,0.05067,,3.91,1784014195
All Pools,NineHundred - BLACK,0.3,False,0.00213,2.594,,0.07,1784014195
All Pools,AVAX - PLEB,0.3,False,0.0021,0.089,,2.16,1784014195
All Pools,BLOB - AVAX,0.3,False,0.00206,2315.24,,,1784014195
All Pools,MIM - PLEB,0.3,False,0.00205,8.025,,0.02,1784014195
All Pools,LUNA - USDC,0.3,False,0.00199,0.09458,,1.92,1784014195
All Pools,MIM - AKITA,0.3,False,0.00197,0.08122,,2.22,1784014195
All Pools,AMI - COQAI,0.3,False,0.00197,2.724,,0.07,1784014195
All Pools,ACS - USDt,0.3,False,0.00182,0.95346,,0.17,1784014195
All Pools,USDC.e - XAVA,0.3,False,0.00177,0.34173,,0.47,1784014195
All Pools,UST - WINE,0.3,False,0.00152,0.11535,,1.2,1784014195
All Pools,TSD - USDC.e,0.3,False,0.00148,0.06213,,2.17,1784014195
All Pools,BTC.b - GMX,0.3,False,0.00125,1.251,,0.09,1784014195
All Pools,ILoveMyTwinFlame - AVAX,0.3,False,0.00115,3.991,,0.03,1784014195
All Pools,ILoveMyTwinFlame - Gravity,0.3,False,0.00114,1.608,,0.06,1784014195
All Pools,YEEHAW - Gladiator,0.3,False,0.00108,0.08346,,1.18,1784014195
All Pools,USDC - XPOW,0.3,False,0.00102,0.02392,,3.87,1784014195
All Pools,GRAPE - USDC.e,0.3,False,0.00101,0.03924,,2.34,1784014195
All Pools,COQ - USDt,0.3,False,,0.04121,,2.04,1784014195
All Pools,YEEHAW - MU,0.3,False,,0.1211,,0.66,1784014195
All Pools,AVME - AVAX,0.3,False,,0.00165,,45.38,1784014195
All Pools,CRAFT - AVAX,0.3,False,,289.74,,,1784014195
All Pools,ROCO - USDT.e,0.3,False,,0.10335,,0.67,1784014195
All Pools,PGX - AVAX,0.3,False,,10132.0,,,1784014195
All Pools,SYN - JOE,0.3,False,,0.01678,,3.8,1784014195
All Pools,FollowTheWhiteRabbit - BLACK,0.3,False,,0.12615,,0.41,1784014195
All Pools,SYN - XAVA,0.3,False,,0.0053,,7.48,1784014195
All Pools,SPORE - USDC,0.3,False,,1391.81,,,1784014195
All Pools,DONK - AVAX,0.3,False,,21.63,,,1784014195
All Pools,aAVAXb - AVAX,0.3,False,,0.25557,,0.02,1784014195
All Pools,MU - KET,0.3,False,,0.93931,,,1784014195
All Pools,aAvaWAVAX - AVAX,0.3,False,,0.18386,,0.0,1784014195
All Pools,FATE - USDC,0.3,False,,448673.0,,,1784014195
All Pools,bJOE - JOE,0.3,False,,0.05422,,0.0,1784014195
All Pools,bXAVA - XAVA,0.3,False,,0.04561,,0.0,1784014195
All Pools,MIM - JOE,0.3,False,,0.00213,,0.02,1784014195
All Pools,bUSDT - AVAX,0.3,False,,0.00218,,0.01,1784014195
All Pools,sAVAX - WETH.e,0.3,False,,0.00969,,0.0,1784014195
All Pools,GB - USDC.e,0.3,False,,0.00203,,0.0,1784014195
All Pools,YTS - GB,0.3,False,,0.00107,,0.0,1784014195
All Pools,GB - BOOFI,0.3,False,,,,0.0,1784014195
All Pools,AVAX - avWAVAX,0.3,False,,0.00101,,,1784014195
All Pools,SPORE - JOE,0.3,False,,0.40901,,,1784014195
All Pools,GB - XAVA,0.3,False,,,,0.0,1784014195
All Pools,AVAX - bWETH,0.3,False,,,,0.2,1784014195
All Pools,AVAX - USDC,0.05,False,965098.0,376769.0,514.63,49.86,1784017796
All Pools,sAVAX - AVAX,0.01,False,105142.0,47381.0,12.08,9.3,1784017796
All Pools,USDt - USDC,0.01,False,88312.0,162566.0,9.198,2.07,1784017796
All Pools,AUSD - USDC,0.01,False,83572.0,101524.0,8.116,2.92,1784017796
All Pools,USDt - USDC,0.005,False,76107.0,159838.0,5.828,1.33,1784017796
All Pools,BTC.b - USDC,0.05,False,66352.0,570573.0,34.71,2.22,1784017796
All Pools,FOLKS - AVAX,0.25,False,41529.0,36029.0,109.21,110.64,1784017796
All Pools,AUSD - USDt,0.01,False,29730.0,59535.0,3.221,1.97,1784017796
All Pools,AVAX - USDT.e,0.3,False,21741.0,468549.0,54.35,4.23,1784017796
All Pools,AVAX - USDC,0.3,False,18732.0,344946.0,46.83,4.96,1784017796
All Pools,USDC.e - AVAX,0.3,False,18629.0,364422.0,46.57,4.66,1784017796
All Pools,gOHM - AVAX,0.3,False,15673.0,124703.0,39.18,11.47,1784017796
All Pools,AAVE.e - AVAX,0.3,False,14715.0,259513.0,36.79,5.17,1784017796
All Pools,USDC - XAVA,0.3,False,13869.0,490612.0,34.67,2.58,1784017796
All Pools,AVAX - USDt,0.2,False,13410.0,98739.0,27.12,10.03,1784017796
All Pools,AVAX - BTC.b,0.05,False,11823.0,26871.0,7.849,10.66,1784017796
All Pools,WETH.e - AVAX,0.3,False,11691.0,366218.0,29.23,2.91,1784017796
All Pools,ARENA - AVAX,0.01,False,10941.0,98490.0,1.094,0.41,1784017796
All Pools,USDT.e - USDt,0.02,False,10074.0,44353.0,2.015,1.66,1784017796
All Pools,USDT.e - USDC,0.02,False,9196.7,50986.0,1.853,1.33,1784017796
All Pools,NXUSD - WXT,0.3,False,6887.58,476883.0,17.22,1.32,1784017796
All Pools,XAVA - AVAX,0.8,False,6163.89,156839.0,49.66,11.56,1784017796
All Pools,JOE - USDC.e,0.3,False,5755.81,258256.0,14.39,2.03,1784017796
All Pools,COQ - AVAX,0.3,False,5133.74,396042.0,12.83,1.18,1784017796
All Pools,JOE - AVAX,0.3,False,4939.79,210363.0,12.35,2.14,1784017796
All Pools,WBTC.e - AVAX,0.3,False,4237.73,130102.0,10.59,2.97,1784017796
All Pools,MIM - AVAX,0.3,False,4029.16,184500.0,10.07,1.99,1784017796
All Pools,BTC.b - AVAX,0.3,False,3492.72,106328.0,8.732,3.0,1784017796
All Pools,QI - AVAX,0.3,False,3266.76,128610.0,8.167,2.32,1784017796
All Pools,NOCHILL - AVAX,0.3,False,3250.11,51667.0,8.125,5.74,1784017796
All Pools,GUN - AVAX,0.25,False,3231.98,9385.24,12.96,50.39,1784017796
All Pools,DAI.e - USDC,0.02,False,2366.47,29475.0,0.46879,0.58,1784017796
All Pools,LCPEDU - USDt,0.8,False,2338.38,7178730.0,37.49,0.19,1784017796
All Pools,USDt - AVAX,0.3,False,2055.49,38405.0,5.139,4.88,1784017796
All Pools,LINK.e - AVAX,0.3,False,1942.46,38244.0,4.856,4.63,1784017796
All Pools,BEAM - AVAX,0.25,False,1912.33,14280.0,4.918,12.57,1784017796
All Pools,BEAM - USDC,0.3,False,1891.7,65402.0,4.729,2.64,1784017796
All Pools,ORNG - AVAX,0.3,False,1857.72,16744.0,4.644,10.12,1784017796
All Pools,HUNDRED - USDC,0.3,False,1779.1,493607.0,4.448,0.33,1784017796
All Pools,QI - AVAX,0.25,False,1583.13,7859.5,3.985,18.51,1784017796
All Pools,HERESY - AVAX,0.3,False,1544.03,14996.0,3.86,9.4,1784017796
All Pools,USDC.e - USDC,0.02,False,1492.66,3879.05,0.30087,2.83,1784017796
All Pools,SB - AVAX,0.3,False,1212.84,5984.17,3.032,18.49,1784017796
All Pools,AVAX - DAI.e,0.3,False,1115.35,28459.0,2.788,3.58,1784017796
All Pools,SolvBTC - BTC.b,0.04,False,1103.13,176600.0,0.43615,0.09,1784017796
All Pools,JOE - USDT.e,0.3,False,1007.11,51861.0,2.518,1.77,1784017796
All Pools,USDC.e - USDC,0.02,False,986.36,9694.8,0.12732,0.48,1784017796
All Pools,GUN - AVAX,0.1,False,808.27,16740.0,2.486,5.42,1784017796
All Pools,SYN - AVAX,0.3,False,774.4,4979.39,1.936,14.19,1784017796
All Pools,WBTC - BTC.b,0.03,False,770.29,80738.0,0.23703,0.11,1784017796
All Pools,WBTC.e - BTC.b,0.03,False,723.07,224281.0,0.24194,0.04,1784017796
All Pools,AVAX - DOMI,0.3,False,623.64,11513.0,1.559,4.94,1784017796
All Pools,ZRO - AVAX,0.25,False,585.77,1641.53,1.497,33.28,1784017796
All Pools,JOE - USDC,0.3,False,566.84,23520.0,1.417,2.2,1784017796
All Pools,XSEED - AVAX,0.3,False,531.77,15930.0,1.329,3.05,1784017796
All Pools,USDT.e - USDC,0.02,False,502.58,895.9,0.05221,2.13,1784017796
All Pools,JPYC - USDC,0.04,False,489.86,3196.88,0.21068,2.41,1784017796
All Pools,gOHM - FRAX,0.3,False,397.27,3443.48,0.99317,10.53,1784017796
All Pools,EURC - USDC,0.03,False,364.51,10513.0,0.1024,0.36,1784017796
All Pools,AVAX - XAVA,0.3,False,351.13,12890.0,0.87782,2.49,1784017796
All Pools,MIM - SB,0.3,False,317.41,2245.6,0.79351,12.9,1784017796
All Pools,PRIME - AVAX,0.4,False,258.38,136598.0,2.957,0.79,1784017796
All Pools,USDt - ncash,0.3,False,241.59,1014.06,0.60397,21.74,1784017796
All Pools,USDC.e - USDC,0.3,False,215.72,480896.0,0.53931,0.04,1784017796
All Pools,DAI.e - USDC,0.02,False,187.16,2592.93,0.03667,0.52,1784017796
All Pools,GB - AVAX,0.3,False,185.64,1982.1,0.4641,8.55,1784017796
All Pools,OSAK - AVAX,0.3,False,175.32,3177.86,0.4383,5.03,1784017796
All Pools,WETH.e - USDC.e,0.3,False,164.07,10792.0,0.41019,1.39,1784017796
All Pools,AVAX - RISE,0.3,False,156.3,42848.0,0.39074,0.33,1784017796
All Pools,FITFI - USDT.e,0.3,False,156.23,148.14,0.39057,96.23,1784017796
All Pools,COQ - COQAI,0.3,False,146.46,18838.0,0.36615,0.71,1784017796
All Pools,AVAX - JUICE,0.3,False,144.33,9418.4,0.36083,1.4,1784017796
All Pools,w3ULL - AVAX,0.3,False,144.06,51586.0,0.36015,0.25,1784017796
All Pools,YAK - AVAX,0.3,False,141.85,3471.82,0.35463,3.73,1784017796
All Pools,GMX - AVAX,0.3,False,138.96,3800.27,0.3474,3.34,1784017796
All Pools,XPOW - AVAX,0.8,False,131.67,237.6,1.209,185.73,1784017796
All Pools,ALOT - AVAX,0.3,False,129.6,10160.0,0.32399,1.16,1784017796
All Pools,XETA - USDC,0.3,False,121.87,5648.99,0.30468,1.97,1784017796
All Pools,XSGD - USDC,0.05,False,117.66,430.91,0.01868,1.58,1784017796
All Pools,AI - AVAX,0.3,False,107.21,3130.87,0.26803,3.12,1784017796
All Pools,UST - AVAX,0.3,False,102.8,5868.84,0.25699,1.6,1784017796
All Pools,AVAX - UST,0.3,False,101.79,6786.73,0.25446,1.37,1784017796
All Pools,XAVA - AVAX,0.8,False,100.26,455.35,0.81338,65.2,1784017796
All Pools,USDC.e - USDC,0.02,False,98.33,1946.55,0.01971,0.37,1784017796
All Pools,APIX - USDt,0.3,False,93.01,5855.44,0.23251,1.45,1784017796
All Pools,CAPY - ARENA,0.3,False,82.67,18712.0,0.20668,0.4,1784017796
All Pools,APIX - ID,0.3,False,81.58,16896.0,0.20396,0.44,1784017796
All Pools,USDt - USDC,0.02,False,70.36,2228.83,0.01412,0.23,1784017796
All Pools,HEFE - AVAX,0.3,False,69.45,26991.0,0.17363,0.23,1784017796
All Pools,EMIN - AVAX,0.3,False,62.23,2126.23,0.15556,2.67,1784017796
All Pools,WBTC.e - USDC,0.3,False,58.45,0.39465,0.14613,13514.77,1784017796
All Pools,FLD - AVAX,0.3,False,57.21,35004.0,0.14303,0.15,1784017796
All Pools,AVAX - AMI,0.3,False,51.78,348.72,0.12944,13.55,1784017796
All Pools,BLSEYE🎯 - AVAX,0.3,False,51.75,4428.56,0.12936,1.07,1784017796
All Pools,APIX - USDC,0.3,False,49.17,2925.77,0.12293,1.53,1784017796
All Pools,STG - USDC,0.3,False,48.82,1237.82,0.12205,3.6,1784017796
All Pools,ABC - AVAX,0.3,False,48.81,468.18,0.12202,9.51,1784017796
All Pools,XAUt0 - USDt,0.04,False,46.77,24746.0,0.15274,0.23,1784017796
All Pools,MIM - USDT.e,0.3,False,44.08,1529.93,0.1102,2.63,1784017796
All Pools,GUN - BLSEYE🎯,0.3,False,42.4,428.07,0.106,9.04,1784017796
All Pools,KLO - AVAX,0.3,False,41.34,11851.0,0.10334,0.32,1784017796
All Pools,Balln - AVAX,0.3,False,39.72,3801.88,0.09931,0.95,1784017796
All Pools,AVAX - ALVA,0.3,False,39.55,777.63,0.09889,4.64,1784017796
All Pools,AVAX - TOPIA,0.3,False,35.03,1072.4,0.08756,2.98,1784017796
All Pools,ROY - AVAX,0.3,False,33.2,3947.45,0.08299,0.77,1784017796
All Pools,SHRAP - AVAX,0.8,False,31.14,8825.51,0.25035,1.04,1784017796
All Pools,GURS - AVAX,0.3,False,30.74,5450.01,0.07685,0.51,1784017796
All Pools,STG - AVAX,0.3,False,27.78,1035.27,0.06945,2.45,1784017796
All Pools,BEAM - AVAX,0.3,False,24.09,376.23,0.06023,5.84,1784017796
All Pools,Psychic - AVAX,0.3,False,23.82,881.37,0.05954,2.47,1784017796
All Pools,ISA - USDC.e,0.3,False,22.8,1436.75,0.057,1.45,1784017796
All Pools,ISA - AVAX,0.3,False,22.36,16820.0,0.05591,0.12,1784017796
All Pools,SECOND - USDC,0.3,False,21.96,7007.44,0.05489,0.29,1784017796
All Pools,SECOND - AVAX,0.3,False,21.95,1452.04,0.05488,1.38,1784017796
All Pools,GUN - AVAX,0.3,False,21.95,194.31,0.05487,10.31,1784017796
All Pools,RGOGLZ - USDC,0.3,False,20.5,1323.02,0.05125,1.41,1784017796
All Pools,MIM - USDC.e,0.3,False,19.79,778.0,0.04946,2.32,1784017796
All Pools,ABC - HOWDY,0.3,False,19.4,464.98,0.0485,3.81,1784017796
All Pools,BNB - AVAX,0.3,False,19.33,2773.29,0.04832,0.64,1784017796
All Pools,LUNA - USDC.e,0.3,False,19.14,644.61,0.04786,2.71,1784017796
All Pools,YAK - USDC,0.25,False,18.61,22.19,0.0593,97.56,1784017796
All Pools,BOI - AVAX,0.3,False,18.26,40.84,0.04564,40.79,1784017796
All Pools,PNG - AVAX,0.3,False,17.93,794.79,0.04483,2.06,1784017796
All Pools,HOWDY - USDC,0.3,False,17.83,2955.97,0.04458,0.55,1784017796
All Pools,AVAX - SOLNIC,0.3,False,17.18,3537.06,0.04295,0.44,1784017796
All Pools,KIMBO - AVAX,0.3,False,16.46,39659.0,0.04114,0.04,1784017796
All Pools,APIX - ARENA,0.3,False,16.36,1666.56,0.0409,0.9,1784017796
All Pools,sAVAX - AVAX,0.3,False,16.03,171853.0,0.04006,0.01,1784017796
All Pools,DCAU - USDT.e,0.3,False,15.68,5050.7,0.03919,0.28,1784017796
All Pools,AVAX - FRAX,0.3,False,15.53,676.94,0.03882,2.09,1784017796
All Pools,FITFI - AVAX,0.3,False,15.01,13.18,0.03753,103.97,1784017796
All Pools,DCAU - AVAX,0.3,False,14.37,1016.08,0.03593,1.29,1784017796
All Pools,Psychic - XAUt0,0.3,False,14.12,5757.09,0.0353,0.22,1784017796
All Pools,HUSKY - AVAX,0.3,False,13.34,2050.09,0.03335,0.59,1784017796
All Pools,WETH.e - USDC,0.15,False,13.02,8966.31,0.01963,0.08,1784017796
All Pools,AVAX - GEC,0.3,False,12.87,26964.0,0.03218,0.04,1784017796
All Pools,REDWOLF - AVAX,0.25,False,12.38,181.91,0.03218,6.46,1784017796
All Pools,AVAXAI - USDC,0.3,False,12.26,1516.86,0.03065,0.74,1784017796
All Pools,3QF - D - AVAX,0.3,False,12.14,1296.33,0.03034,0.85,1784017796
All Pools,3QF - D - WETH.e,0.3,False,12.1,2376.09,0.03025,0.46,1784017796
All Pools,APIX - LAMBO,0.3,False,11.96,438.61,0.02991,2.49,1784017796
All Pools,TECH - AVAX,0.3,False,11.63,9647.12,0.02907,0.11,1784017796
All Pools,sAVAX - JACK,0.3,False,11.61,273576.0,0.02903,0.0,1784017796
All Pools,YAK - USDC.e,0.3,False,10.66,221.7,0.02665,4.39,1784017796
All Pools,MIM - WETH.e,0.3,False,10.39,496.15,0.02596,1.91,1784017796
All Pools,MEAT - AVAX,0.3,False,9.141,3706.72,0.02285,0.23,1784017796
All Pools,USDC.e - SOL,0.3,False,8.413,35.43,0.02103,21.67,1784017796
All Pools,AVAX - ELK,0.3,False,8.332,1296.71,0.02083,0.59,1784017796
All Pools,REDWOLF - SOL,0.3,False,8.192,57.88,0.02048,12.92,1784017796
All Pools,WETH.e - REDWOLF,0.3,False,7.983,81.83,0.01996,8.9,1784017796
All Pools,HATCHY - AVAX,0.3,False,7.895,6591.14,0.01974,0.11,1784017796
All Pools,EGG - AVAX,0.3,False,7.832,16454.0,0.01958,0.04,1784017796
All Pools,SHRAP - DOMI,0.3,False,7.491,170.34,0.01873,4.01,1784017796
All Pools,BTC.b - TOPIA,0.3,False,7.454,445.17,0.01864,1.53,1784017796
All Pools,BLSEYE🎯 - ARENA,0.3,False,6.724,859.35,0.01681,0.71,1784017796
All Pools,TRESR - AVAX,0.3,False,6.478,7821.08,0.0162,0.08,1784017796
All Pools,AVAX - PEFI,0.3,False,6.166,3227.61,0.01542,0.17,1784017796
All Pools,avUSD - sAVAX,0.3,False,5.796,226.77,0.01449,2.33,1784017796
All Pools,REDWOLF - AVAX,0.3,False,5.731,387.08,0.01433,1.35,1784017796
All Pools,USV - DAI.e,0.3,False,5.661,3956.35,0.01415,0.13,1784017796
All Pools,UST - USDC,0.3,False,5.606,432.75,0.01402,1.18,1784017796
All Pools,PTOP500 - TOPIA,0.3,False,5.467,107.43,0.01367,4.64,1784017796
All Pools,YOU - ORNG,0.3,False,5.218,1361.02,0.01304,0.35,1784017796
All Pools,AVAX - HON,0.3,False,5.189,49294.0,0.01297,0.01,1784017796
All Pools,REDWOLF - USDC,0.3,False,5.118,186.28,0.01279,2.51,1784017796
All Pools,LINK.e - USDT.e,0.3,False,4.919,218.39,0.0123,2.06,1784017796
All Pools,ORNG - FLUX,0.3,False,4.788,109.41,0.01197,3.99,1784017796
All Pools,MUON - AVAX,0.3,False,4.563,40319.0,0.01141,0.01,1784017796
All Pools,gOHM - SB,0.3,False,4.421,16.66,0.01105,24.22,1784017796
All Pools,USDC.e - MU,0.3,False,4.31,13182.0,0.01077,0.03,1784017796
All Pools,YEEHAW - BTC.b,0.3,False,4.241,49.15,0.0106,7.87,1784017796
All Pools,MYST - AVAX,0.3,False,4.151,651.45,0.01038,0.58,1784017796
All Pools,BLSEYE🎯 - MEOW,0.3,False,4.141,822.74,0.01035,0.46,1784017796
All Pools,XROSS - ORNG,0.3,False,4.13,235.94,0.01033,1.6,1784017796
All Pools,FLOT - AVAX,0.3,False,4.106,2926.25,0.01026,0.13,1784017796
All Pools,DATCM - ORNG,0.3,False,4.016,234.12,0.01004,1.57,1784017796
All Pools,LUNA - USDC.e,0.3,False,4.015,334.51,0.01004,1.1,1784017796
All Pools,AVAX - aXEN,0.3,False,3.792,168.1,0.00948,2.06,1784017796
All Pools,MYST - USDC,0.3,False,3.695,218.05,0.00924,1.55,1784017796
All Pools,BLSEYE🎯 - BEAM,0.3,False,3.682,269.58,0.00921,1.25,1784017796
All Pools,LINK.e - USDC.e,0.3,False,3.677,181.35,0.00919,1.85,1784017796
All Pools,AVAX - AKITA,0.3,False,3.641,1755.99,0.0091,0.19,1784017796
All Pools,AVAX - BGR,0.3,False,3.314,177.25,0.00828,1.71,1784017796
All Pools,SWIFT - AVAX,0.3,False,3.188,231.79,0.00797,1.25,1784017796
All Pools,AVAX - EROL,0.0,False,3.124,37.88,0.0,0.0,1784017796
All Pools,AVAX - SOCK,0.3,False,3.051,2387.36,0.00763,0.12,1784017796
All Pools,USDC - SOCK,0.3,False,3.038,415.08,0.0076,0.67,1784017796
All Pools,Now - AVAX,0.3,False,2.99,190.31,0.00748,1.43,1784017796
All Pools,ORNG - SAI,0.3,False,2.948,105.43,0.00737,2.55,1784017796
All Pools,AVAX - NaughtiusMaximus,0.3,False,2.896,331.86,0.00724,0.8,1784017796
All Pools,AVAX - FRAX,0.3,False,2.866,226.69,0.00717,1.15,1784017796
All Pools,USDC.e - sSB,0.3,False,2.84,838.06,0.0071,0.31,1784017796
All Pools,APOW - AVAX,0.3,False,2.824,619.99,0.00706,0.42,1784017796
All Pools,DPS - USDC,0.3,False,2.811,1811.2,0.00703,0.14,1784017796
All Pools,DPS - AVAX,0.3,False,2.811,182.65,0.00703,1.4,1784017796
All Pools,SWIFT - WETH.e,0.3,False,2.794,1267.99,0.00699,0.2,1784017796
All Pools,ORNG - MOOM,0.3,False,2.663,186.95,0.00666,1.3,1784017796
All Pools,JOE - USDT,0.3,False,2.66,280.39,0.00665,0.87,1784017796
All Pools,oXAUT - AVAX,0.3,False,2.579,406.18,0.00645,0.58,1784017796
All Pools,BTC.b - oXAUT,0.3,False,2.578,308.7,0.00644,0.76,1784017796
All Pools,XAUt0 - NaughtiusMaximus,0.3,False,2.546,875.18,0.00637,0.27,1784017796
All Pools,Psychic - BLACK,0.3,False,2.506,256.69,0.00627,0.89,1784017796
All Pools,TOPIA - PTOP600,0.3,False,2.363,120.21,0.00591,1.79,1784017796
All Pools,AAVE.e - REDWOLF,0.3,False,2.329,150.39,0.00582,1.41,1784017796
All Pools,YUSD - AVAX,0.3,False,2.32,116.68,0.0058,1.81,1784017796
All Pools,FTOMB - AVAX,0.3,False,2.246,6702.46,0.00561,0.03,1784017796
All Pools,Now - BLACK,0.3,False,2.213,233.7,0.00553,0.86,1784017796
All Pools,AVAX - ONION,0.3,False,2.124,147.65,0.00531,1.31,1784017796
All Pools,MAGICK - USDC,0.3,False,2.063,226.39,0.00516,0.83,1784017796
All Pools,MAGICK - AVAX,0.3,False,2.062,281.58,0.00516,0.67,1784017796
All Pools,BNZ - AVAX,0.3,False,2.05,148.2,0.00513,1.26,1784017796
All Pools,ZRO - AVAX,0.3,False,2.002,134.33,0.005,1.36,1784017796
All Pools,KINGSHIT - AVAX,0.3,False,2.001,3558.21,0.005,0.05,1784017796
All Pools,AVAX - CLY,0.3,False,1.994,21766.0,0.00499,0.01,1784017796
All Pools,USDT.e - CLY,0.3,False,1.959,179.84,0.0049,0.99,1784017796
All Pools,VPND - AVAX,0.3,False,1.936,17881.0,0.00484,0.01,1784017796
All Pools,USDC.e - AVVO,0.3,False,1.934,224.73,0.00483,0.79,1784017796
All Pools,HOST - DAI.e,0.3,False,1.92,2494.83,0.0048,0.07,1784017796
All Pools,AVAX - ChristMark,0.3,False,1.89,267.66,0.00473,0.64,1784017796
All Pools,XAUt0 - Now,0.3,False,1.885,563.02,0.00471,0.31,1784017796
All Pools,SWIFT - USDC.e,0.3,False,1.869,479.37,0.00467,0.36,1784017796
All Pools,AVAX - USDT,0.3,False,1.793,1712.48,0.00448,0.1,1784017796
All Pools,UST - USDC.e,0.3,False,1.79,676.02,0.00448,0.24,1784017796
All Pools,WETH - USDC.e,0.3,False,1.681,200.65,0.0042,0.76,1784017796
All Pools,AVAX - IMPACT2,0.3,False,1.66,139.17,0.00415,1.09,1784017796
All Pools,BANKSY - USDT.e,0.3,False,1.653,1514.19,0.00413,0.1,1784017796
All Pools,BANKSY - AVAX,0.3,False,1.651,142.25,0.00413,1.06,1784017796
All Pools,YEEHAW - TOPIA,0.3,False,1.626,109.44,0.00407,1.36,1784017796
All Pools,AVAX - TIME,0.3,False,1.625,563.27,0.00406,0.26,1784017796
All Pools,ORNG - JUCI,0.3,False,1.623,242.76,0.00406,0.61,1784017796
All Pools,LF - AVAX,0.3,False,1.613,283.64,0.00403,0.52,1784017796
All Pools,USDC - MXNB,0.3,False,1.61,17.42,0.00402,8.43,1784017796
All Pools,AVAX - SPELL,0.3,False,1.601,1938.38,0.004,0.08,1784017796
All Pools,MIM - LF,0.3,False,1.589,400.4,0.00397,0.36,1784017796
All Pools,Gravity - AVAX,0.3,False,1.523,238.37,0.00381,0.58,1784017796
All Pools,PNG - JOE,0.3,False,1.513,115.68,0.00378,1.19,1784017796
All Pools,APOW - USDC,0.3,False,1.506,115.17,0.00376,1.19,1784017796
All Pools,XAUt0 - Gravity,0.3,False,1.474,311.86,0.00369,0.43,1784017796
All Pools,gOHM - wsOHM,0.3,False,1.443,17.33,0.00361,7.6,1784017796
All Pools,MIM - wsOHM,0.3,False,1.437,181.26,0.00359,0.72,1784017796
All Pools,FXS - AVAX,0.3,False,1.424,287.33,0.00356,0.45,1784017796
All Pools,XAUt0 - ChristMark,0.3,False,1.418,576.67,0.00354,0.22,1784017796
All Pools,HUSKY - JOE,0.3,False,1.402,92.28,0.00351,1.39,1784017796
All Pools,USDt - USDT.e,0.3,False,1.362,20424.0,0.0034,0.01,1784017796
All Pools,SMRTr - USDC.e,0.3,False,1.322,104.96,0.00331,1.15,1784017796
All Pools,SMRTr - AVAX,0.3,False,1.322,25822.0,0.00331,0.0,1784017796
All Pools,APOW - USDt,0.3,False,1.318,114.82,0.00329,1.05,1784017796
All Pools,KIWI - AVAX,0.3,False,1.282,94.58,0.0032,1.24,1784017796
All Pools,KIWI - USDC,0.3,False,1.282,299.34,0.0032,0.39,1784017796
All Pools,DREGG - USDT.e,0.3,False,1.262,511.38,0.00316,0.23,1784017796
All Pools,DREGG - AVAX,0.3,False,1.262,145.38,0.00316,0.79,1784017796
All Pools,GB - USDT.e,0.3,False,1.234,22.32,0.00308,5.05,1784017796
All Pools,USDT.e - ONION,0.3,False,1.23,740.3,0.00307,0.15,1784017796
All Pools,WOO.e - AVAX,0.3,False,1.226,65.76,0.00306,1.7,1784017796
All Pools,Gladiator - ARENA,0.3,False,1.222,338.31,0.00306,0.33,1784017796
All Pools,Gladiator - USDC,0.3,False,1.215,269.07,0.00304,0.41,1784017796
All Pools,BLUB - AVAX,0.3,False,1.18,11674.0,0.00295,0.01,1784017796
All Pools,BEAR - AVAX,0.3,False,1.176,5059.34,0.00294,0.02,1784017796
All Pools,USDC - SDOG,0.3,False,1.17,365.4,0.00292,0.29,1784017796
All Pools,USDC.e - WXT,0.3,False,1.165,194.83,0.00291,0.55,1784017796
All Pools,AVAX - AVVO,0.3,False,1.148,229.29,0.00287,0.46,1784017796
All Pools,WETH.e - ONION,0.3,False,1.144,229.6,0.00286,0.45,1784017796
All Pools,DCAU - MIM,0.3,False,1.139,114.59,0.00285,0.91,1784017796
All Pools,MIM - SDOG,0.3,False,1.128,92.3,0.00282,1.12,1784017796
All Pools,AVAX - MU,0.3,False,1.106,73.99,0.00276,1.36,1784017796
All Pools,AVAX - mYAK,0.3,False,1.074,49.82,0.00269,1.97,1784017796
All Pools,DCAU - USDC,0.3,False,1.073,144.23,0.00268,0.68,1784017796
All Pools,PTOP700 - TOPIA,0.3,False,1.069,103.53,0.00267,0.94,1784017796
All Pools,Trinity - AVAX,0.3,False,1.063,739.77,0.00266,0.13,1784017796
All Pools,MIM - USDC,0.3,False,1.059,29.97,0.00265,3.22,1784017796
All Pools,WOLF - AVAX,0.3,False,1.036,27379.0,0.00259,0.0,1784017796
All Pools,Trinity - Psychic,0.3,False,1.033,405.49,0.00258,0.23,1784017796
All Pools,BTC.b - IMPACT2,0.3,False,1.009,1284.87,0.00252,0.07,1784017796
All Pools,WETH.e - USDT.e,0.3,False,1.001,146.89,0.0025,0.62,1784017796
All Pools,MIM - MU,0.3,False,0.98234,96.21,0.00246,0.93,1784017796
All Pools,MaryMagdalene - XAUt0,0.3,False,0.97646,1664.31,0.00244,0.05,1784017796
All Pools,LUNA - AVAX,0.3,False,0.96325,123.78,0.00241,0.71,1784017796
All Pools,LUEEGI - AVAX,0.3,False,0.95956,1008.47,0.0024,0.09,1784017796
All Pools,LINDA - AVAX,0.3,False,0.94452,1587.42,0.00236,0.05,1784017796
All Pools,KRW - AVAX,0.3,False,0.93331,310.36,0.00233,0.27,1784017796
All Pools,JOE - KRW,0.3,False,0.93181,145.56,0.00233,0.58,1784017796
All Pools,AVAX - ARENA,0.3,False,0.92934,57.71,0.00232,1.47,1784017796
All Pools,AVAX - SMRT,0.3,False,0.90617,1626.16,0.00227,0.05,1784017796
All Pools,USDT.e - SMRT,0.3,False,0.89257,87.93,0.00223,0.93,1784017796
All Pools,GB - MUG,0.3,False,0.87807,17.49,0.0022,4.58,1784017796
All Pools,MaryMagdalene - AVAX,0.3,False,0.85345,174.05,0.00213,0.45,1784017796
All Pools,HOST - AVAX,0.3,False,0.83172,88.42,0.00208,0.86,1784017796
All Pools,HOWDY - USDt,0.3,False,0.78208,173.57,0.00196,0.41,1784017796
All Pools,TSD - AVAX,0.3,False,0.76623,178.24,0.00192,0.39,1784017796
All Pools,USDC.e - ONION,0.3,False,0.74916,369.66,0.00187,0.18,1784017796
All Pools,SYMBIOT - AVAX,0.3,False,0.74256,74.81,0.00186,0.91,1784017796
All Pools,DZHV - AVAX,0.3,False,0.73006,10309.0,0.00183,0.01,1784017796
All Pools,AVAX - EROL,0.3,False,0.72827,20.3,0.00182,3.27,1784017796
All Pools,WBTC.e - ONION,0.3,False,0.71939,349.08,0.0018,0.19,1784017796
All Pools,SYMBIOT - DAI.e,0.3,False,0.69489,442.72,0.00174,0.14,1784017796
All Pools,GENI - AVAX,0.3,False,0.67847,50.24,0.0017,1.23,1784017796
All Pools,GENI - USDC,0.3,False,0.67843,1183.19,0.0017,0.05,1784017796
All Pools,ZUBAX - USDT.e,0.3,False,0.67337,171.24,0.00168,0.36,1784017796
All Pools,AVAX - rsAVAX,0.3,False,0.65862,161.42,0.00165,0.37,1784017796
All Pools,MAXI - DAI.e,0.3,False,0.64958,222.42,0.00162,0.27,1784017796
All Pools,BUSD - AVAX,0.3,False,0.6438,337.25,0.00161,0.17,1784017796
All Pools,Val - AVAX,0.3,False,0.6325,244.01,0.00158,0.24,1784017796
All Pools,AVAX - MUG,0.3,False,0.61146,249.09,0.00153,0.22,1784017796
All Pools,KALM - AVAX,0.3,False,0.60365,97.4,0.00151,0.57,1784017796
All Pools,KALM - USDC,0.3,False,0.60363,77.34,0.00151,0.71,1784017796
All Pools,AVAX - ZUBAX,0.3,False,0.60297,91.47,0.00151,0.6,1784017796
All Pools,SYN - REDWOLF,0.3,False,0.59647,5.035,0.00149,10.81,1784017796
All Pools,DAI.e - ONION,0.3,False,0.58702,331.07,0.00147,0.16,1784017796
All Pools,BTC.b - REDWOLF,0.3,False,0.57926,97.4,0.00145,0.54,1784017796
All Pools,MIM - PEFI,0.3,False,0.56306,67.31,0.00141,0.76,1784017796
All Pools,50 - AVAX,0.3,False,0.53648,59.98,0.00134,0.82,1784017796
All Pools,50 - USDC,0.3,False,0.53644,112.18,0.00134,0.44,1784017796
All Pools,WBTC.e - USDT.e,0.3,False,0.51629,154.82,0.00129,0.3,1784017796
All Pools,UNI.e - REDWOLF,0.3,False,0.51323,11.02,0.00128,4.25,1784017796
All Pools,HOWDY - ARENA,0.3,False,0.50141,38.01,0.00125,1.2,1784017796
All Pools,COQ - OSAK,0.3,False,0.4946,17.21,0.00124,2.62,1784017796
All Pools,YEEHAW - CHAMP,0.3,False,0.49376,922.01,0.00123,0.05,1784017796
All Pools,NOCHILL - OX,0.3,False,0.48263,13295.0,0.00121,0.0,1784017796
All Pools,AVAX - Wej,0.3,False,0.47544,212.74,0.00119,0.2,1784017796
All Pools,YEEHAW - AVAX,0.3,False,0.47482,11.67,0.00119,3.71,1784017796
All Pools,Psychic - Wej,0.3,False,0.47397,243.74,0.00118,0.18,1784017796
All Pools,sifu - DAI.e,0.3,False,0.46831,3.881,0.00117,11.01,1784017796
All Pools,DFIAT - AVAX,0.3,False,0.46555,5979.14,0.00116,0.01,1784017796
All Pools,DogL - AVAX,0.3,False,0.45883,213.52,0.00115,0.2,1784017796
All Pools,Psychic - DogL,0.3,False,0.45752,243.81,0.00114,0.17,1784017796
All Pools,STATIK - AVAX,0.3,False,0.45186,31.1,0.00113,1.33,1784017796
All Pools,MU - DAI.e,0.3,False,0.45158,235.84,0.00113,0.17,1784017796
All Pools,LUNA - AVAX,0.3,False,0.45011,13.81,0.00113,2.97,1784017796
All Pools,MerryXmas - AVAX,0.3,False,0.44903,195.68,0.00112,0.21,1784017796
All Pools,Psychic - MerryXmas,0.3,False,0.44772,224.24,0.00112,0.18,1784017796
All Pools,MIM - WINE,0.3,False,0.44687,173.55,0.00112,0.23,1784017796
All Pools,AVAX - BlackAndGold,0.3,False,0.44628,213.52,0.00112,0.19,1784017796
All Pools,Psychic - BlackAndGold,0.3,False,0.44498,243.79,0.00111,0.17,1784017796
All Pools,AVAX - RedFolder,0.3,False,0.44206,212.66,0.00111,0.19,1784017796
All Pools,Psychic - RedFolder,0.3,False,0.44064,243.85,0.0011,0.16,1784017796
All Pools,MIM - GRAPE,0.3,False,0.43814,119.85,0.0011,0.33,1784017796
All Pools,AVAX - All,0.3,False,0.43684,213.72,0.00109,0.19,1784017796
All Pools,Psychic - All,0.3,False,0.43546,243.86,0.00109,0.16,1784017796
All Pools,sifu - USDT.e,0.3,False,0.42542,10.25,0.00106,3.79,1784017796
All Pools,USDt - IMPACT2,0.3,False,0.42348,69.64,0.00106,0.55,1784017796
All Pools,ArniStitch - AVAX,0.3,False,0.41642,212.25,0.00104,0.18,1784017796
All Pools,Psychic - ArniStitch,0.3,False,0.41525,243.93,0.00104,0.16,1784017796
All Pools,JEWEL - USDC,0.3,False,0.40877,3840.9,0.00102,0.01,1784017796
All Pools,Ducks - AVAX,0.3,False,0.40807,212.3,0.00102,0.18,1784017796
All Pools,Psychic - Ducks,0.3,False,0.40673,244.0,0.00102,0.15,1784017796
All Pools,Serpentarius - AVAX,0.3,False,0.4035,216.14,0.00101,0.17,1784017796
All Pools,Psychic - Serpentarius,0.3,False,0.40221,247.47,0.00101,0.15,1784017796
All Pools,USDC - GAU,0.3,False,0.39986,836.31,,0.04,1784017796
All Pools,AMI - TOPIA,0.3,False,0.39485,150.3,,0.24,1784017796
All Pools,STG - L - Swing,0.3,False,0.38955,16.3,,2.18,1784017796
All Pools,MM - USDC,0.3,False,0.38691,49.78,,0.71,1784017796
All Pools,MM - AVAX,0.3,False,0.38676,67.02,,0.53,1784017796
All Pools,COQ - OX,0.3,False,0.38052,13967.0,,0.0,1784017796
All Pools,GUN - AMI,0.3,False,0.37814,8.576,,4.02,1784017796
All Pools,HUSKY - AMI,0.3,False,0.37296,42.5,,0.8,1784017796
All Pools,AVAX - Prometheus,0.3,False,0.36657,207.23,,0.16,1784017796
All Pools,Psychic - Prometheus,0.3,False,0.36543,237.13,,0.14,1784017796
All Pools,Meaning - AVAX,0.3,False,0.36063,331.33,,0.1,1784017796
All Pools,Psychic - Meaning,0.3,False,0.35962,238.47,,0.14,1784017796
All Pools,Hopi - Now,0.3,False,0.35424,508.57,,0.06,1784017796
All Pools,Hopi - AVAX,0.3,False,0.35419,154.42,,0.21,1784017796
All Pools,CommieSukey - AVAX,0.3,False,0.3541,212.67,,0.15,1784017796
All Pools,AVAX - Seventeen,0.3,False,0.35397,207.9,,0.16,1784017796
All Pools,L - Swing - aXEN,0.3,False,0.35317,51.97,,0.62,1784017796
All Pools,NaughtiusMaximus - Seventeen,0.3,False,0.35304,679.52,,0.05,1784017796
All Pools,Psychic - CommieSukey,0.3,False,0.35286,243.68,,0.13,1784017796
All Pools,AVAX - KONG,0.3,False,0.35113,5495.98,,0.01,1784017796
All Pools,BLS - USDt,0.3,False,0.35036,127.77,,0.25,1784017796
All Pools,LINK.e - REDWOLF,0.3,False,0.35027,68.88,,0.46,1784017796
All Pools,Jjj - AVAX,0.3,False,0.34687,212.31,,0.15,1784017796
All Pools,Psychic - Jjj,0.3,False,0.34578,243.82,,0.13,1784017796
All Pools,Anon - AVAX,0.3,False,0.34301,7.785,,4.02,1784017796
All Pools,USDC - SHRAP,0.3,False,0.34132,22.05,,1.41,1784017796
All Pools,USDT.e - MU,0.3,False,0.34,250.4,,0.12,1784017796
All Pools,CQK - USDC,0.3,False,0.33674,30.86,,1.0,1784017796
All Pools,CQK - AVAX,0.3,False,0.33662,97.15,,0.32,1784017796
All Pools,Xmas - AVAX,0.3,False,0.32638,199.43,,0.15,1784017796
All Pools,Psychic - Xmas,0.3,False,0.32544,228.65,,0.13,1784017796
All Pools,AftermathsKobe - AVAX,0.3,False,0.32428,213.69,,0.14,1784017796
All Pools,Psychic - AftermathsKobe,0.3,False,0.32347,245.57,,0.12,1784017796
All Pools,MEOW - AVAX,0.3,False,0.31343,7622.83,,0.0,1784017796
All Pools,MIM - DAI.e,0.3,False,0.31157,19.79,,1.44,1784017796
All Pools,AVAX - SNOB,0.3,False,0.31082,751.05,,0.04,1784017796
All Pools,WBTC - AVAX,0.3,False,0.30782,30.66,,0.92,1784017796
All Pools,SYN - USDC.e,0.3,False,0.30762,2.579,,10.89,1784017796
All Pools,BOI - MU,0.3,False,0.30512,0.74649,,37.3,1784017796
All Pools,LAMA - AVAX,0.3,False,0.29858,8322.85,,0.0,1784017796
All Pools,Christmas - AVAX,0.3,False,0.29776,180.35,,0.15,1784017796
All Pools,$Crazy - AVAX,0.3,False,0.29379,742.74,,0.04,1784017796
All Pools,sAVAX - COQ,0.3,False,0.29131,61.05,,0.44,1784017796
All Pools,USDC - aXEN,0.3,False,0.29032,9.077,,2.92,1784017796
All Pools,USDC - USD+,0.3,False,0.2873,28.15,,0.93,1784017796
All Pools,gOHM - JOE,0.3,False,0.28342,3.159,,8.19,1784017796
All Pools,AVAX - KET,0.3,False,0.28258,22.88,,1.13,1784017796
All Pools,CHAMP - AMI,0.3,False,0.28229,25.37,,1.02,1784017796
All Pools,DiamondbackGall - AVAX,0.3,False,0.27072,214.08,,0.12,1784017796
All Pools,DFIAT - USDT.e,0.3,False,0.2698,26.65,,0.92,1784017796
All Pools,Psychic - DiamondbackGall,0.3,False,0.26969,244.44,,0.1,1784017796
All Pools,NeatestQuackery - AVAX,0.3,False,0.2689,212.16,,0.12,1784017796
All Pools,Psychic - NeatestQuackery,0.3,False,0.26818,244.15,,0.1,1784017796
All Pools,RUX - AVAX,0.3,False,0.25897,25.49,,0.93,1784017796
All Pools,USDt - RUX,0.3,False,0.25882,15958.0,,0.0,1784017796
All Pools,GLOBA - AVAX,0.3,False,0.25688,39.77,,0.59,1784017796
All Pools,USDC.e - WISE,0.3,False,0.25582,41.04,,0.57,1784017796
All Pools,AVAX - WISE,0.3,False,0.25565,59.24,,0.39,1784017796
All Pools,AVAX - DUO,0.3,False,0.2537,52.56,,0.44,1784017796
All Pools,USDT.e - DUO,0.3,False,0.25363,50.52,,0.46,1784017796
All Pools,COQ - NOCHILL,0.3,False,0.24598,8.022,,2.8,1784017796
All Pools,SLUSH - USDT.e,0.3,False,0.24501,55.11,,0.41,1784017796
All Pools,SLUSH - AVAX,0.3,False,0.245,45.41,,0.49,1784017796
All Pools,agEUR - USDC,0.3,False,0.24441,59.79,,0.37,1784017796
All Pools,COQ - JUICE,0.3,False,0.2434,26.06,,0.85,1784017796
All Pools,AVAX - TheGospelOfMary,0.3,False,0.24151,117.16,,0.19,1784017796
All Pools,MaryMagdalene - TheGospelOfMary,0.3,False,0.24129,215.75,,0.1,1784017796
All Pools,GLOBA - DAI.e,0.3,False,0.24036,47.2,,0.46,1784017796
All Pools,Silver - AVAX,0.3,False,0.23789,62.73,,0.35,1784017796
All Pools,Silver - Now,0.3,False,0.23685,646.45,,0.03,1784017796
All Pools,SOL - USDC,0.3,False,0.23453,20.65,,1.04,1784017796
All Pools,GATOR - ARENA,0.3,False,0.22805,1.52,,13.69,1784017796
All Pools,AVAX - MeaningOfNumbers,0.3,False,0.22442,212.7,,0.1,1784017796
All Pools,TRYB - USDC.e,0.3,False,0.22403,31.88,,0.64,1784017796
All Pools,WETH.e - yyAVAX,0.3,False,0.2237,14.19,,1.44,1784017796
All Pools,Psychic - MeaningOfNumbers,0.3,False,0.22365,244.53,,0.08,1784017796
All Pools,AVAX - CHAM,0.3,False,0.22166,25.8,,0.78,1784017796
All Pools,USDC - CHAM,0.3,False,0.22161,46.53,,0.43,1784017796
All Pools,meGNX - AVAX,0.3,False,0.22068,12.96,,1.55,1784017796
All Pools,NOCHILL - KET,0.3,False,0.22036,8.107,,2.48,1784017796
All Pools,APOW - AVAX,0.3,False,0.21527,1312.98,,0.01,1784017796
All Pools,USDC - yyAVAX,0.3,False,0.21471,12.0,,1.63,1784017796
All Pools,wsOHM - USDC.e,0.3,False,0.2125,18.28,,1.06,1784017796
All Pools,AVVO - DAI.e,0.3,False,0.21231,34.68,,0.56,1784017796
All Pools,CHAMP - ARENA,0.3,False,0.21211,13.1,,1.48,1784017796
All Pools,IMPACT2 - EURC,0.3,False,0.20487,41.62,,0.45,1784017796
All Pools,AVAX - ZABU,0.3,False,0.2018,23.27,,0.79,1784017796
All Pools,Christmas - ChristMark,0.3,False,0.19926,111.82,,0.16,1784017796
All Pools,bCASH - NOCHILL,0.3,False,0.19361,12.17,,1.45,1784017796
All Pools,wsOHM - AVAX,0.3,False,0.19256,8.064,,2.18,1784017796
All Pools,USDC.e - DAI.e,0.3,False,0.19209,22197.0,,,1784017796
All Pools,BOI - AMI,0.3,False,0.18505,0.48056,,35.14,1784017796
All Pools,SYN - USDT.e,0.3,False,0.18092,1.375,,12.01,1784017796
All Pools,AVAI - AVAX,0.3,False,0.18072,19.71,,0.84,1784017796
All Pools,USDT.e - ZABU,0.3,False,0.1769,44.07,,0.37,1784017796
All Pools,VEE - USDC,0.3,False,0.17642,31.19,,0.52,1784017796
All Pools,SYN - WETH.e,0.3,False,0.17487,1.248,,12.79,1784017796
All Pools,Light - AVAX,0.3,False,0.1727,63.79,,0.25,1784017796
All Pools,Light - Now,0.3,False,0.17218,645.68,,0.02,1784017796
All Pools,USDC - BVAX,0.3,False,0.17011,26.11,,0.59,1784017796
All Pools,XPOW - AVAX,0.3,False,0.16354,1312.21,,0.01,1784017796
All Pools,USDt - XPOW,0.3,False,0.16313,20.53,,0.73,1784017796
All Pools,MELT - AVAX,0.3,False,0.1603,19.9,,0.74,1784017796
All Pools,AVAX - ELK,0.3,False,0.15823,48.37,,0.3,1784017796
All Pools,SPC - DAI.e,0.3,False,0.15703,19.34,,0.74,1784017796
All Pools,BRO - AVAX,0.3,False,0.15614,99997.0,,,1784017796
All Pools,BRO - COQ,0.3,False,0.15591,134.51,,0.11,1784017796
All Pools,Void - Now,0.3,False,0.15229,638.74,,0.02,1784017796
All Pools,Void - AVAX,0.3,False,0.1521,61.72,,0.22,1784017796
All Pools,Solar - AVAX,0.3,False,0.14883,63.84,,0.21,1784017796
All Pools,Solar - Now,0.3,False,0.14875,646.22,,0.02,1784017796
All Pools,AVAX - Propriety,0.3,False,0.14842,63.64,,0.21,1784017796
All Pools,Now - Propriety,0.3,False,0.14819,645.57,,0.02,1784017796
All Pools,ALOT - USDC.e,0.3,False,0.14615,7.454,,1.79,1784017796
All Pools,Vaccine - AVAX,0.3,False,0.14417,62.68,,0.21,1784017796
All Pools,Vaccine - Now,0.3,False,0.14404,639.43,,0.02,1784017796
All Pools,FLAKE - USDT.e,0.3,False,0.14375,48.16,,0.27,1784017796
All Pools,FLAKE - AVAX,0.3,False,0.14374,17.06,,0.77,1784017796
All Pools,AVAX - Mentor,0.3,False,0.14212,63.65,,0.2,1784017796
All Pools,WETH.e - USDC,0.3,False,0.14195,20.01,,0.65,1784017796
All Pools,AVAX - BENJI,0.3,False,0.14182,4.762,,2.72,1784017796
All Pools,USDT.e - EXP,0.3,False,0.14162,45046109.0,,,1784017796
All Pools,Now - Mentor,0.3,False,0.14155,644.63,,0.02,1784017796
All Pools,USDt - REDWOLF,0.3,False,0.13983,13.69,,0.93,1784017796
All Pools,TECH - OX,0.3,False,0.13642,5914.9,,0.0,1784017796
All Pools,WTHT - SNOB,0.3,False,0.1327,1.252,,9.67,1784017796
All Pools,NOCHILL - AMI,0.3,False,0.13194,3.1,,3.88,1784017796
All Pools,YEEHAW - USDC,0.3,False,0.13067,5.477,,2.18,1784017796
All Pools,AVAX - MILO,0.3,False,0.12958,788.27,,0.02,1784017796
All Pools,USDt - MILO,0.3,False,0.12953,13.97,,0.85,1784017796
All Pools,MIM - TIME,0.3,False,0.12891,26.08,,0.45,1784017796
All Pools,Matter - AVAX,0.3,False,0.12747,56.97,,0.2,1784017796
All Pools,Matter - Now,0.3,False,0.1271,583.21,,0.02,1784017796
All Pools,WETH.e - SURE,0.3,False,0.12615,829.46,,0.01,1784017796
All Pools,BANKSY - USDC.e,0.3,False,0.12589,29.01,,0.4,1784017796
All Pools,BANKSY - AVAX,0.3,False,0.12585,18.26,,0.63,1784017796
All Pools,AVAX - Sinterklaas,0.3,False,0.12461,100.81,,0.11,1784017796
All Pools,aAvaWAVAX - meGNX,0.3,False,0.12436,2.975,,3.81,1784017796
All Pools,Psychic - Sinterklaas,0.3,False,0.12421,240.0,,0.05,1784017796
All Pools,Now - Blessing,0.3,False,0.12366,570.73,,0.02,1784017796
All Pools,AVAX - Blessing,0.3,False,0.12365,56.69,,0.2,1784017796
All Pools,MU - SOL,0.3,False,0.12222,1.1,,10.14,1784017796
All Pools,MIM - VOLT,0.3,False,0.12178,14.54,,0.76,1784017796
All Pools,ABC - AMI,0.3,False,0.12068,2.348,,4.69,1784017796
All Pools,TickTock - AVAX,0.3,False,0.12063,63.89,,0.17,1784017796
All Pools,TickTock - Now,0.3,False,0.12053,646.9,,0.02,1784017796
All Pools,Chemistry - Now,0.3,False,0.1202,636.5,,0.02,1784017796
All Pools,Chemistry - AVAX,0.3,False,0.12014,62.96,,0.17,1784017796
All Pools,BrideOfChrist - BLACK,0.3,False,0.1183,17.58,,0.61,1784017796
All Pools,BrideOfChrist - AVAX,0.3,False,0.11821,63.78,,0.17,1784017796
All Pools,METAG - AVAX,0.3,False,0.11699,19.57,,0.55,1784017796
All Pools,Gil - AVAX,0.3,False,0.11629,13.57,,0.78,1784017796
All Pools,AVAT - USDC,0.3,False,0.11521,37.36,,0.28,1784017796
All Pools,MaryMagdalene - ChristMark,0.3,False,0.11434,301.79,,0.03,1784017796
All Pools,Sanskrit - AVAX,0.3,False,0.11383,63.72,,0.16,1784017796
All Pools,Sanskrit - Now,0.3,False,0.11347,645.11,,0.02,1784017796
All Pools,Now - Teste,0.3,False,0.11328,639.51,,0.02,1784017796
All Pools,AVAX - Teste,0.3,False,0.11318,62.38,,0.17,1784017796
All Pools,Necromancer - AVAX,0.3,False,0.11181,63.77,,0.16,1784017796
All Pools,Now - Necromancer,0.3,False,0.11156,645.61,,0.02,1784017796
All Pools,DAI.e - STRAW,0.3,False,0.11135,35.85,,0.28,1784017796
All Pools,APOW - USDt,0.3,False,0.11116,21.19,,0.48,1784017796
All Pools,MELT - USDC.e,0.3,False,0.11065,29.51,,0.34,1784017796
All Pools,AVAX - SantaGospel,0.3,False,0.11028,96.69,,0.1,1784017796
All Pools,Slope - AVAX,0.3,False,0.10891,63.79,,0.16,1784017796
All Pools,Gold - AVAX,0.3,False,0.10884,63.9,,0.16,1784017796
All Pools,Gil - DAI.e,0.3,False,0.10878,26.18,,0.38,1784017796
All Pools,Slope - Now,0.3,False,0.10864,644.33,,0.02,1784017796
All Pools,Gold - Now,0.3,False,0.10848,646.82,,0.02,1784017796
All Pools,AVAX - √Root,0.3,False,0.10826,63.87,,0.15,1784017796
All Pools,Now - √Root,0.3,False,0.1076,646.54,,0.02,1784017796
All Pools,Uncontractable - AVAX,0.3,False,0.10754,62.74,,0.16,1784017796
All Pools,TOMB - USDC,0.3,False,0.10725,9.937,,0.98,1784017796
All Pools,Uncontractable - Now,0.3,False,0.10718,631.78,,0.02,1784017796
All Pools,DAI.e - VOLT,0.3,False,0.10714,40.78,,0.24,1784017796
All Pools,Yellow - AVAX,0.3,False,0.10495,189.0,,0.05,1784017796
All Pools,APOW - USDC,0.3,False,0.10357,21.19,,0.45,1784017796
All Pools,YAK - SPORE,0.3,False,0.10307,5.254,,1.79,1784017796
All Pools,Blue - AVAX,0.3,False,0.10241,189.46,,0.05,1784017796
All Pools,WBTC.e - REDWOLF,0.3,False,0.10227,48.28,,0.19,1784017796
All Pools,Psychic - Blue,0.3,False,0.10198,61.97,,0.15,1784017796
All Pools,Christmas - Merovingian,0.3,False,0.09786,85.67,,0.1,1784017796
All Pools,Now - Merovingian,0.3,False,0.09711,49.81,,0.18,1784017796
All Pools,AVAX - DOGGY,0.3,False,0.09516,1.935,,4.49,1784017796
All Pools,AVAX - Strength,0.3,False,0.0943,101.74,,0.08,1784017796
All Pools,Go - AVAX,0.3,False,0.09413,101.12,,0.08,1784017796
All Pools,Hydrogen - AVAX,0.3,False,0.09396,189.62,,0.05,1784017796
All Pools,Psychic - Strength,0.3,False,0.09392,56.27,,0.15,1784017796
All Pools,Psychic - Go,0.3,False,0.09364,55.76,,0.15,1784017796
All Pools,Psychic - Hydrogen,0.3,False,0.09363,62.29,,0.14,1784017796
All Pools,miMatic - AVAX,0.3,False,0.09348,32.11,,0.27,1784017796
All Pools,miMatic - USDC.e,0.3,False,0.09346,24.09,,0.35,1784017796
All Pools,Psychic - Yellow,0.3,False,0.09101,61.75,,0.13,1784017796
All Pools,HUSKY - MUG,0.3,False,0.09035,13.45,,0.61,1784017796
All Pools,LIBRE - USDC.e,0.3,False,0.08859,12.25,,0.66,1784017796
All Pools,AVAT - AVAX,0.3,False,0.08775,16.7,,0.48,1784017796
All Pools,AVAX - FORT,0.3,False,0.08718,12.91,,0.62,1784017796
All Pools,MIM - FORT,0.3,False,0.08668,2701.12,,0.0,1784017796
All Pools,AVAX - WOLF,0.3,False,0.08653,53.36,,0.15,1784017796
All Pools,USDC.e - WOLF,0.3,False,0.08649,7.505,,1.05,1784017796
All Pools,BENIS - NOCHILL,0.3,False,0.0858,2.728,,2.87,1784017796
All Pools,BLS - SHRAP,0.3,False,0.0856,8.269,,0.94,1784017796
All Pools,Psychic - SantaGospel,0.3,False,0.08551,55.59,,0.14,1784017796
All Pools,MIM - AUSD,0.3,False,0.08428,10.82,,0.71,1784017796
All Pools,WTF - AVAX,0.3,False,0.08416,515.46,,0.01,1784017796
All Pools,AVAX - NEMO,0.3,False,0.08306,6.518,,1.16,1784017796
All Pools,USDt - NEMO,0.3,False,0.08306,95.78,,0.08,1784017796
All Pools,aAvaLINK - AVAX,0.3,False,0.0828,7.358,,1.03,1784017796
All Pools,CGS - USDC.e,0.3,False,0.08173,152.65,,0.05,1784017796
All Pools,CGS - AVAX,0.3,False,0.08157,54.07,,0.14,1784017796
All Pools,Who - AVAX,0.3,False,0.07837,101.13,,0.07,1784017796
All Pools,Psychic - Who,0.3,False,0.07808,56.31,,0.13,1784017796
All Pools,UST - USDT.e,0.3,False,0.07754,38.44,,0.18,1784017796
All Pools,COQ - BLSEYE🎯,0.3,False,0.0767,143.22,,0.05,1784017796
All Pools,PAPA - AVAX,0.3,False,0.07584,10.93,,0.63,1784017796
All Pools,SUB - USDC,0.3,False,0.07556,11.32,,0.61,1784017796
All Pools,MIM - PAPA,0.3,False,0.07518,66.9,,0.1,1784017796
All Pools,ZRO - USDC,0.3,False,0.07394,4.494,,1.5,1784017796
All Pools,JESUS - AVAX,0.3,False,0.07382,9.218,,0.73,1784017796
All Pools,RUG - USDT.e,0.3,False,0.07288,10.44,,0.64,1784017796
All Pools,AVAX - GAU,0.3,False,0.07016,5.689,,1.13,1784017796
All Pools,WBTC.e - USDC.e,0.3,False,0.06927,8.004,,0.79,1784017796
All Pools,Chrism - ChristMark,0.3,False,0.06757,139.05,,0.04,1784017796
All Pools,JOE - CRA,0.3,False,0.06754,7.019,,0.88,1784017796
All Pools,METAG - USDT.e,0.3,False,0.06752,47.06,,0.13,1784017796
All Pools,Psychic - Chrism,0.3,False,0.06693,49.58,,0.12,1784017796
All Pools,bECH - AVAX,0.3,False,0.06613,16.9,,0.36,1784017796
All Pools,SHOE - BTC.b,0.3,False,0.06563,0.75248,,7.96,1784017796
All Pools,SURE - USDC.e,0.3,False,0.06538,20.51,,0.29,1784017796
All Pools,USDT.e - XAVA,0.3,False,0.06515,10.72,,0.55,1784017796
All Pools,AI9000 - AVAX,0.3,False,0.0642,215.35,,0.03,1784017796
All Pools,Ush - AVAX,0.3,False,0.06395,2080.35,,0.0,1784017796
All Pools,GAS - AVAX,0.3,False,0.06369,131.11,,0.04,1784017796
All Pools,NineHundred - AVAX,0.3,False,0.06145,101.02,,0.06,1784017796
All Pools,JOE - ZABU,0.3,False,0.06086,12.82,,0.43,1784017796
All Pools,TruthClosure - AVAX,0.3,False,0.0603,7.551,,0.73,1784017796
All Pools,TruthClosure - BLACK,0.3,False,0.06009,12.53,,0.44,1784017796
All Pools,NOCHILL - REDWOLF,0.3,False,0.05994,2.203,,2.48,1784017796
All Pools,NOCHILL - MU,0.3,False,0.0597,1.47,,3.71,1784017796
All Pools,MELT - AVAX,0.3,False,0.05966,801.54,,0.01,1784017796
All Pools,MELT - USDC.e,0.3,False,0.05964,5.892,,0.92,1784017796
All Pools,Psychic - NineHundred,0.3,False,0.05913,55.51,,0.1,1784017796
All Pools,BENIS - AVAX,0.3,False,0.05899,10.67,,0.5,1784017796
All Pools,AVAX - Nala,0.3,False,0.05778,19.03,,0.28,1784017796
All Pools,Psychic - Nala,0.3,False,0.05753,208.06,,0.03,1784017796
All Pools,WOLF - AVAX,0.3,False,0.05677,46.26,,0.11,1784017796
All Pools,CNR - USDC,0.3,False,0.05655,4.408,,1.17,1784017796
All Pools,aDXN - aXEN,0.3,False,0.05644,4.916,,1.05,1784017796
All Pools,DUO - USDT.e,0.3,False,0.05624,6.107,,0.84,1784017796
All Pools,aDXN - AVAX,0.3,False,0.05599,49.99,,0.1,1784017796
All Pools,BUSD - USDC,0.3,False,0.0525,7.358,,0.65,1784017796
All Pools,KLO - USDT.e,0.3,False,0.05236,5.372,,0.89,1784017796
All Pools,SURE - AVAX,0.3,False,0.05127,5.253,,0.89,1784017796
All Pools,ACS - AVAX,0.3,False,0.05099,173.0,,0.03,1784017796
All Pools,gOHM - USDT.e,0.3,False,0.05077,0.64337,,7.2,1784017796
All Pools,AVAX - BOREA,0.3,False,0.05028,5.438,,0.84,1784017796
All Pools,USDT.e - BOREA,0.3,False,0.05015,25.61,,0.18,1784017796
All Pools,MELT - USDT.e,0.3,False,0.04976,29.29,,0.16,1784017796
All Pools,METAG - USDt,0.3,False,0.04938,15.32,,0.29,1784017796
All Pools,ACS - USDC.e,0.3,False,0.04906,5.258,,0.85,1784017796
All Pools,USDC - AMI,0.3,False,0.04715,0.49971,,8.61,1784017796
All Pools,SLIME - USDt,0.3,False,0.04686,6.051,,0.71,1784017796
All Pools,SLIME - AVAX,0.3,False,0.04683,14979.0,,,1784017796
All Pools,MIM - RUG,0.3,False,0.04615,6.226,,0.68,1784017796
All Pools,FITFI - USDC,0.3,False,0.046,0.17699,,23.71,1784017796
All Pools,CRA - AVAX,0.3,False,0.04584,7156.06,,,1784017796
All Pools,SHOE - AMI,0.3,False,0.04546,0.17696,,23.44,1784017796
All Pools,UNIV - AVAX,0.3,False,0.04525,6.04,,0.68,1784017796
All Pools,MIM - UNIV,0.3,False,0.04447,5.445,,0.75,1784017796
All Pools,SURE - DAI.e,0.3,False,0.0441,23.92,,0.17,1784017796
All Pools,ICUBE - AVAX,0.3,False,0.04389,5.322,,0.75,1784017796
All Pools,ICUBE - USDT.e,0.3,False,0.04384,107.22,,0.04,1784017796
All Pools,CNR - REDWOLF,0.3,False,0.0435,14.8,,0.27,1784017796
All Pools,TSD - WOLF,0.3,False,0.04292,27.91,,0.14,1784017796
All Pools,USDt - DXN,0.3,False,0.04279,213.61,,0.02,1784017796
All Pools,AVAX - TMT,0.3,False,0.04019,5.791,,0.63,1784017796
All Pools,ROCO - AVAX,0.3,False,0.04017,1334.19,,0.0,1784017796
All Pools,USDT.e - TMT,0.3,False,0.04011,25.19,,0.15,1784017796
All Pools,WETH.e - meGNX,0.3,False,0.04007,5.079,,0.72,1784017796
All Pools,AVAX - BLANC,0.3,False,0.03994,7.227,,0.5,1784017796
All Pools,AVAX - GG,0.3,False,0.03977,5.225,,0.69,1784017796
All Pools,MIM - BLANC,0.3,False,0.0395,1254.15,,0.0,1784017796
All Pools,AVAI - USDC.e,0.3,False,0.03855,26.61,,0.13,1784017796
All Pools,GURS - ARENA,0.3,False,0.03838,5.242,,0.67,1784017796
All Pools,AVAX - BAVA,0.3,False,0.03809,8.608,,0.4,1784017796
All Pools,AVAX - SDOG,0.3,False,0.03765,6.5,,0.53,1784017796
All Pools,wMEMO - AVAX,0.3,False,0.03716,6.448,,0.53,1784017796
All Pools,WLRS - GRAPE,0.3,False,0.03649,8.909,,0.37,1784017796
All Pools,WLRS - USDC.e,0.3,False,0.03628,3999.69,,,1784017796
All Pools,BRUH - AVAX,0.3,False,0.03626,882.4,,0.0,1784017796
All Pools,CNR - AVAX,0.3,False,0.03611,47.19,,0.07,1784017796
All Pools,UNIQOC - AVAX,0.3,False,0.03607,814.69,,0.0,1784017796
All Pools,UNIQOC - COQ,0.3,False,0.03596,35.35,,0.09,1784017796
All Pools,MIM - GG,0.3,False,0.03535,73.08,,0.04,1784017796
All Pools,MPL - AVAX,0.3,False,0.0351,5.034,,0.64,1784017796
All Pools,MPL - USDt,0.3,False,0.03504,29.7,,0.11,1784017796
All Pools,CNR - USDt,0.3,False,0.03435,4.424,,0.71,1784017796
All Pools,YEEHAW - AMI,0.3,False,0.03411,3.025,,1.03,1784017796
All Pools,USDC.e - RUG,0.3,False,0.03369,17.55,,0.18,1784017796
All Pools,LINK.e - MU,0.3,False,0.03252,6.789,,0.44,1784017796
All Pools,MIM - TSNFTGM,0.3,False,0.03227,3.471,,0.85,1784017796
All Pools,gOHM - OTWO,0.3,False,0.03185,91149.0,,,1784017796
All Pools,wsOHM - OTWO,0.3,False,0.03148,1.538,,1.87,1784017796
All Pools,NXPC - AVAX,0.3,False,0.03137,0.99201,,2.89,1784017796
All Pools,KIMBO - AMI,0.3,False,0.031,2.335,,1.21,1784017796
All Pools,COQ - AMI,0.3,False,0.0309,8.021,,0.35,1784017796
All Pools,TSNFTGM - DAI.e,0.3,False,0.02979,29.25,,0.09,1784017796
All Pools,MU - COQAI,0.3,False,0.02971,5.64,,0.48,1784017796
All Pools,AVAX - CAST,0.3,False,0.02953,1377.2,,0.0,1784017796
All Pools,AAVE.e - USDT.e,0.3,False,0.0295,2.635,,1.02,1784017796
All Pools,FollowTheWhiteRabbit - AVAX,0.3,False,0.02945,115.66,,0.02,1784017796
All Pools,AVAX - SPADE,0.3,False,0.02901,4.878,,0.54,1784017796
All Pools,USDC.e - SPADE,0.3,False,0.029,15.4,,0.17,1784017796
All Pools,LUNA - LUNA,0.3,False,0.02895,1.849,,1.43,1784017796
All Pools,LoveIsTheKey - FollowTheWhiteRabbit,0.3,False,0.02895,44.37,,0.06,1784017796
All Pools,LoveIsTheKey - BLACK,0.3,False,0.0289,4.124,,0.64,1784017796
All Pools,BTC.b - MU,0.3,False,0.02847,9.927,,0.26,1784017796
All Pools,USDT.e - DAI.e,0.3,False,0.02809,7170.17,,,1784017796
All Pools,BTC.b - USDC,0.3,False,0.02807,4.176,,0.61,1784017796
All Pools,WOLF - MU,0.3,False,0.02755,3.813,,0.66,1784017796
All Pools,AVAX - BLACK,0.3,False,0.02731,3.254,,0.77,1784017796
All Pools,JOE - ZUBAX,0.3,False,0.02714,6.398,,0.39,1784017796
All Pools,AAVE.e - meGNX,0.3,False,0.02701,3.59,,0.69,1784017796
All Pools,ARENA - AMI,0.3,False,0.02634,0.86993,,2.76,1784017796
All Pools,BGLD - AVAX,0.3,False,0.02627,3.56,,0.67,1784017796
All Pools,BGLD - USDT.e,0.3,False,0.02626,16.37,,0.15,1784017796
All Pools,SBR - AVAX,0.3,False,0.02582,3.789,,0.62,1784017796
All Pools,WDAO - AVAX,0.3,False,0.02558,9.959,,0.23,1784017796
All Pools,MIM - SBR,0.3,False,0.02554,11.39,,0.2,1784017796
All Pools,aAvaLINK - meGNX,0.3,False,0.02541,8.438,,0.27,1784017796
All Pools,WDAO - MIM,0.3,False,0.02535,5.421,,0.43,1784017796
All Pools,ElvisJackpot - Gravity,0.3,False,0.02516,14.37,,0.16,1784017796
All Pools,ElvisJackpot - BLACK,0.3,False,0.02495,9.997,,0.23,1784017796
All Pools,wMEMO - MIM,0.3,False,0.02487,4.404,,0.52,1784017796
All Pools,AMI - SQRCAT,0.3,False,0.02483,10.1,,0.22,1784017796
All Pools,AVAX - SQRCAT,0.3,False,0.02478,4226.26,,,1784017796
All Pools,BLACK - SantaGospel,0.3,False,0.02436,2.572,,0.86,1784017796
All Pools,ARA - AVAX,0.3,False,0.02428,2.317,,0.96,1784017796
All Pools,GG - AVAX,0.3,False,0.02416,5.73,,0.38,1784017796
All Pools,ZUM - NOCHILL,0.3,False,0.02398,0.73022,,3.0,1784017796
All Pools,BSGG - AVAX,0.3,False,0.0239,2.525,,0.86,1784017796
All Pools,MIM - GG,0.3,False,0.0239,4.945,,0.44,1784017796
All Pools,GURS - NOCHILL,0.3,False,0.02348,1.135,,1.89,1784017796
All Pools,AVAX - NADO,0.3,False,0.02336,2.587,,0.82,1784017796
All Pools,YAK - JOE,0.3,False,0.02333,0.94645,,2.25,1784017796
All Pools,MIM - NADO,0.3,False,0.02311,175.5,,0.01,1784017796
All Pools,DBY - AVAX,0.3,False,0.02191,7491.76,,,1784017796
All Pools,AVAX - USDR,0.3,False,0.02146,2.447,,0.8,1784017796
All Pools,USDR - USDC,0.3,False,0.02146,39.9,,0.05,1784017796
All Pools,AVAX - SHRAP,0.3,False,0.02129,11.64,,0.17,1784017796
All Pools,wALGO - AVAX,0.3,False,0.02124,115.36,,0.02,1784017796
All Pools,wALGO - USDC,0.3,False,0.02121,2.39,,0.81,1784017796
All Pools,AVAX - WSPP,0.3,False,0.02081,2.316,,0.82,1784017796
All Pools,USDC - WSPP,0.3,False,0.0208,41.92,,0.05,1784017796
All Pools,NOCHILL - WAIFU,0.3,False,0.02035,138.21,,0.01,1784017796
All Pools,AVAX - LYLY,0.3,False,0.02007,50.61,,0.04,1784017796
All Pools,XIO - AVAX,0.3,False,0.02002,2.321,,0.79,1784017796
All Pools,XIO - USDC,0.3,False,0.02,23.95,,0.08,1784017796
All Pools,USDC.e - WMATIC,0.3,False,0.01999,16.14,,0.11,1784017796
All Pools,Milk - AVAX,0.3,False,0.01995,5.374,,0.34,1784017796
All Pools,QI - LYLY,0.3,False,0.01993,1.784,,1.02,1784017796
All Pools,WINK - NOCHILL,0.3,False,0.01986,0.37863,,4.79,1784017796
All Pools,Milk - USDT.e,0.3,False,0.01984,13.88,,0.13,1784017796
All Pools,REDWOLF - WMATIC,0.3,False,0.01967,2.037,,0.88,1784017796
All Pools,gOHM - USDC.e,0.3,False,0.01958,0.32659,,5.47,1784017796
All Pools,AVAX - AMONKS,0.3,False,0.01953,1144.27,,0.0,1784017796
All Pools,REDWOLF - AMONKS,0.3,False,0.01947,5.623,,0.32,1784017796
All Pools,Anon - USDC,0.3,False,0.01917,0.6688,,2.62,1784017796
All Pools,AVAX - GOT,0.3,False,0.0191,4.273,,0.41,1784017796
All Pools,USDT.e - GOT,0.3,False,0.01897,12.4,,0.14,1784017796
All Pools,SOB - AVAX,0.3,False,0.0183,390.3,,0.0,1784017796
All Pools,LIFE - AVAX,0.3,False,0.01817,2.678,,0.62,1784017796
All Pools,SOB - LUNA,0.3,False,0.01799,0.80501,,2.04,1784017796
All Pools,MIM - LIFE,0.3,False,0.01795,11.23,,0.15,1784017796
All Pools,AVAX - DAI,0.3,False,0.01792,56.03,,0.03,1784017796
All Pools,MAJIN - AVAX,0.3,False,0.01777,3020.03,,,1784017796
All Pools,MAJIN - MU,0.3,False,0.0177,3.689,,0.44,1784017796
All Pools,GATOR - AMI,0.3,False,0.01765,3.039,,0.53,1784017796
All Pools,MIM - DICK,0.3,False,0.01742,2.158,,0.74,1784017796
All Pools,MIM - sTHO,0.3,False,0.01738,203.58,,0.01,1784017796
All Pools,DICK - AVAX,0.3,False,0.01733,6.11,,0.26,1784017796
All Pools,SUB - AVAX,0.3,False,0.01714,14.84,,0.11,1784017796
All Pools,DUNEV3 - USDC.e,0.3,False,0.01688,25237.0,,,1784017796
All Pools,WINK - AVAX,0.3,False,0.01664,41.5,,0.04,1784017796
All Pools,MIM - DUNEV3,0.3,False,0.01654,53686.0,,,1784017796
All Pools,FITFI - USDC.e,0.3,False,0.01649,0.09487,,15.86,1784017796
All Pools,ARENA - MU,0.3,False,0.01639,2.746,,0.54,1784017796
All Pools,KOKSAL - USDC,0.3,False,0.01617,4.434,,0.33,1784017796
All Pools,KOKSAL - AVAX,0.3,False,0.01617,2.765,,0.53,1784017796
All Pools,MOO - AVAX,0.3,False,0.01596,540.58,,0.0,1784017796
All Pools,DUA - USDC,0.3,False,0.01577,11.42,,0.13,1784017796
All Pools,AVAX - DUA,0.3,False,0.01577,1.722,,0.84,1784017796
All Pools,FINANCE - NOCHILL,0.3,False,0.01577,367.91,,0.0,1784017796
All Pools,KOVIN - MU,0.3,False,0.01511,2.502,,0.55,1784017796
All Pools,AVAX - MICRO,0.3,False,0.01505,18.59,,0.07,1784017796
All Pools,Psychic - Solved,0.3,False,0.01468,47.01,,0.03,1784017796
All Pools,NXPC - USDC,0.3,False,0.01449,0.67383,,1.96,1784017796
All Pools,Solved - BLACK,0.3,False,0.01429,1.242,,1.05,1784017796
All Pools,Psychic - Architect,0.3,False,0.01417,47.02,,0.03,1784017796
All Pools,NRK - DAI.e,0.3,False,0.01406,280.38,,0.0,1784017796
All Pools,AVAX - SPELL,0.3,False,0.01393,1938.38,,,1784017796
All Pools,SMRT - XAVA,0.3,False,0.01388,2.241,,0.57,1784017796
All Pools,Trinity - FourFourFour,0.3,False,0.01382,3.545,,0.36,1784017796
All Pools,MIM - SPELL,0.3,False,0.01382,2.438,,0.52,1784017796
All Pools,YAK - USDT.e,0.3,False,0.01381,0.56129,,2.25,1784017796
All Pools,Architect - BLACK,0.3,False,0.01379,1.242,,1.01,1784017796
All Pools,WOLF - USDT.e,0.3,False,0.01379,3.169,,0.4,1784017796
All Pools,FourFourFour - BLACK,0.3,False,0.01377,3.199,,0.39,1784017796
All Pools,UST - USDC,0.3,False,0.01359,3.923,,0.32,1784017796
All Pools,Psychic - QuetzalCoatl,0.3,False,0.01359,47.02,,0.03,1784017796
All Pools,Psychic - Checkmate,0.3,False,0.01358,47.12,,0.03,1784017796
All Pools,Yellow - BLACK,0.3,False,0.01354,2.572,,0.48,1784017796
All Pools,HCT - AVAX,0.3,False,0.01352,2.623,,0.47,1784017796
All Pools,Psychic - daVinci,0.3,False,0.01351,47.01,,0.03,1784017796
All Pools,JOE - REDWOLF,0.3,False,0.01344,2.738,,0.45,1784017796
All Pools,QuetzalCoatl - BLACK,0.3,False,0.01324,1.241,,0.97,1784017796
All Pools,Checkmate - BLACK,0.3,False,0.01324,1.244,,0.97,1784017796
All Pools,daVinci - BLACK,0.3,False,0.01317,1.242,,0.97,1784017796
All Pools,Psychic - Partment,0.3,False,0.01296,47.0,,0.03,1784017796
All Pools,CATWIF - AVAX,0.3,False,0.0129,2355.93,,,1784017796
All Pools,HIGHER - AVAX,0.3,False,0.01289,1.197,,0.98,1784017796
All Pools,CATWIF - MU,0.3,False,0.01283,3.018,,0.39,1784017796
All Pools,BLACK - Partment,0.3,False,0.01275,1.242,,0.94,1784017796
All Pools,Psychic - Sequence,0.3,False,0.01274,47.02,,0.02,1784017796
All Pools,Psychic - Crypt,0.3,False,0.01273,46.98,,0.02,1784017796
All Pools,Psychic - TheArcher,0.3,False,0.01271,47.03,,0.02,1784017796
All Pools,AVAX - iBONE,0.3,False,0.01268,4.23,,0.27,1784017796
All Pools,ChristMark - ChristIAmYou,0.3,False,0.01268,20.1,,0.06,1784017796
All Pools,Psychic - LordJesusChrist,0.3,False,0.01265,45.14,,0.03,1784017796
All Pools,USDT.e - iBONE,0.3,False,0.01259,4.463,,0.26,1784017796
All Pools,Sequence - BLACK,0.3,False,0.01254,1.236,,0.93,1784017796
All Pools,Crypt - BLACK,0.3,False,0.01253,1.247,,0.92,1784017796
All Pools,AVAX - SOL,0.3,False,0.01253,0.06621,,17.27,1784017796
All Pools,TheArcher - BLACK,0.3,False,0.01251,1.238,,0.92,1784017796
All Pools,BIRD - AVAX,0.3,False,0.01232,0.00948,,118.63,1784017796
All Pools,WTHT - AXIAL,0.3,False,0.01226,0.28592,,3.91,1784017796
All Pools,Psychic - BirthingCode,0.3,False,0.01203,47.03,,0.02,1784017796
All Pools,Psychic - Equal,0.3,False,0.01202,47.02,,0.02,1784017796
All Pools,Psychic - YouAndI,0.3,False,0.01202,47.02,,0.02,1784017796
All Pools,Psychic - FinityFinity,0.3,False,0.01194,47.03,,0.02,1784017796
All Pools,Psychic - Turtle,0.3,False,0.01187,47.03,,0.02,1784017796
All Pools,Psychic - Finish,0.3,False,0.01185,46.99,,0.02,1784017796
All Pools,AVAX - APE - X,0.3,False,0.01183,472.29,,0.0,1784017796
All Pools,BirthingCode - BLACK,0.3,False,0.0118,1.232,,0.87,1784017796
All Pools,YouAndI - BLACK,0.3,False,0.01179,1.234,,0.87,1784017796
All Pools,Psychic - TrueStory,0.3,False,0.01179,47.03,,0.02,1784017796
All Pools,FinityFinity - BLACK,0.3,False,0.01169,1.233,,0.87,1784017796
All Pools,Finish - BLACK,0.3,False,0.01163,1.241,,0.86,1784017796
All Pools,TrueStory - BLACK,0.3,False,0.01157,1.233,,0.86,1784017796
All Pools,AVAX - DWC,0.3,False,0.01157,4111.75,,,1784017796
All Pools,DWC - MU,0.3,False,0.0115,2.762,,0.38,1784017796
All Pools,TECH - AMI,0.3,False,0.01146,1.637,,0.64,1784017796
All Pools,Psychic - Gematria,0.3,False,0.01144,47.02,,0.02,1784017796
All Pools,BTC.b - yyAVAX,0.3,False,0.01144,4.14,,0.25,1784017796
All Pools,GURS - HOWDY,0.3,False,0.01135,0.57837,,1.79,1784017796
All Pools,USDC - USDT.e,0.3,False,0.01134,154.62,,0.01,1784017796
All Pools,BLACK - Gematria,0.3,False,0.01117,1.233,,0.83,1784017796
All Pools,COQ - MICRO,0.3,False,0.01102,2.656,,0.38,1784017796
All Pools,AMPL - AVAX,0.3,False,0.011,204.41,,0.0,1784017796
All Pools,JOE - GB,0.3,False,0.01088,0.16432,,6.04,1784017796
All Pools,aAvaLINK - LINK.e,0.3,False,0.01011,1.566,,0.59,1784017796
All Pools,TEMPO - AVAX,0.3,False,0.01003,1.826,,0.5,1784017796
All Pools,MIM - TEMPO,0.3,False,0.00994,5.187,,0.17,1784017796
All Pools,SHOE - COQ,0.3,False,0.0099,0.03758,,24.03,1784017796
All Pools,GMX - USDC,0.3,False,0.00975,0.81657,,1.09,1784017796
All Pools,HERESY - MEOW,0.3,False,0.00917,0.19328,,4.33,1784017796
All Pools,AVAX - LODE,0.3,False,0.00912,0.83454,,1.0,1784017796
All Pools,AVAX - WOHM,0.3,False,0.00871,1.166,,0.68,1784017796
All Pools,GURS - AMI,0.3,False,0.00867,1.254,,0.63,1784017796
All Pools,MIM - WOHM,0.3,False,0.00859,13.45,,0.06,1784017796
All Pools,USDC.e - UST,0.3,False,0.00852,1.549,,0.5,1784017796
All Pools,HH - ARENA,0.3,False,0.00847,1.654,,0.47,1784017796
All Pools,HH - AVAX,0.3,False,0.0084,238.25,,0.0,1784017796
All Pools,Gladiator - AVAX,0.3,False,0.00834,1.515,,0.5,1784017796
All Pools,NOCHILL - ARENA,0.3,False,0.00833,0.25369,,2.99,1784017796
All Pools,BEAM - MU,0.3,False,0.00813,0.94638,,0.78,1784017796
All Pools,TRACTOR - AVAX,0.3,False,0.00813,10640.0,,,1784017796
All Pools,TRACTOR - JOE,0.3,False,0.00806,1.127,,0.65,1784017796
All Pools,BNZ - KET,0.3,False,0.00805,2.465,,0.3,1784017796
All Pools,SNO Token - AVAX,0.3,False,0.00804,1.127,,0.65,1784017796
All Pools,SNO Token - JOE,0.3,False,0.00797,49.97,,0.01,1784017796
All Pools,JOE - AVE,0.3,False,0.00774,1.184,,0.6,1784017796
All Pools,YEEHAW - ARENA,0.3,False,0.00751,0.85171,,0.8,1784017796
All Pools,AVAX - EDG,0.3,False,0.0073,1.385,,0.48,1784017796
All Pools,AAVE.e - USDC.e,0.3,False,0.00724,1.272,,0.52,1784017796
All Pools,AMI - MU,0.3,False,0.00723,1.245,,0.53,1784017796
All Pools,MIM - EDG,0.3,False,0.00722,1.58,,0.42,1784017796
All Pools,WETH.e - MU,0.3,False,0.00716,1.768,,0.37,1784017796
All Pools,HIGHER - AMI,0.3,False,0.00682,1.871,,0.33,1784017796
All Pools,SNLP - AVAX,0.3,False,0.00663,2625.97,,,1784017796
All Pools,JOE - SNLP,0.3,False,0.00656,1.055,,0.57,1784017796
All Pools,AVAX - VYBE,0.3,False,0.00635,1.68,,0.35,1784017796
All Pools,MIM - VYBE,0.3,False,0.00628,0.8741,,0.66,1784017796
All Pools,LF - USDT.e,0.3,False,0.00618,0.98505,,0.57,1784017796
All Pools,COQ - ARENA,0.3,False,0.00608,0.7919,,0.7,1784017796
All Pools,HIGHER - NOCHILL,0.3,False,0.00602,0.18096,,3.03,1784017796
All Pools,JOE - CNR,0.3,False,0.006,0.72545,,0.75,1784017796
All Pools,CANS - AVAX,0.3,False,0.00594,7.966,,0.07,1784017796
All Pools,HEFE - CANS,0.3,False,0.00593,4.691,,0.12,1784017796
All Pools,MUMO - USDC,0.3,False,0.00592,7.944,,0.07,1784017796
All Pools,AVAX - AXIAL,0.3,False,0.00578,597.54,,,1784017796
All Pools,AVAX - OK,0.3,False,0.00564,1.599,,0.32,1784017796
All Pools,USDC - OK,0.3,False,0.00559,1.153,,0.44,1784017796
All Pools,MIM - AFARMER,0.3,False,0.00555,3681.7,,,1784017796
All Pools,WETH.e - STATIK,0.3,False,0.00545,0.98353,,0.51,1784017796
All Pools,JOE - USDt,0.3,False,0.0053,0.63941,,0.76,1784017796
All Pools,AUSD - HUSKY,0.3,False,0.00513,0.45665,,1.03,1784017796
All Pools,MUMO - SOL,0.3,False,0.00498,0.07197,,6.32,1784017796
All Pools,GMX - USDt,0.3,False,0.00494,0.33786,,1.34,1784017796
All Pools,TEDDY - USDC,0.3,False,0.00489,0.62469,,0.71,1784017796
All Pools,QI - USDC.e,0.3,False,0.00487,0.63873,,0.7,1784017796
All Pools,USDC - LODE,0.3,False,0.00483,847.95,,,1784017796
All Pools,AVAX - PAR,0.3,False,0.0048,1.296,,0.34,1784017796
All Pools,MIM - PAR,0.3,False,0.00473,0.47493,,0.91,1784017796
All Pools,YEEHAW - ABC,0.3,False,0.00444,0.2335,,1.74,1784017796
All Pools,PinOcchio - AVAX,0.3,False,0.00443,7.747,,0.05,1784017796
All Pools,PinOcchio - Gravity,0.3,False,0.00441,1.487,,0.27,1784017796
All Pools,ETHM - AVAX,0.3,False,0.00434,21.48,,0.02,1784017796
All Pools,WETH.e - ETHM,0.3,False,0.00428,0.40805,,0.96,1784017796
All Pools,USDC.e - GG,0.3,False,0.00414,0.37265,,1.01,1784017796
All Pools,BNZ - WINK,0.3,False,0.00408,0.24453,,1.52,1784017796
All Pools,MIM - YAK,0.3,False,0.00398,0.16739,,2.17,1784017796
All Pools,AMI - EROL,0.3,False,0.00394,0.30362,,1.18,1784017796
All Pools,ERROR - AMI,0.3,False,0.0035,1.742,,0.18,1784017796
All Pools,AVAX - WINE,0.3,False,0.00343,0.08464,,3.69,1784017796
All Pools,AVAX - MTB,0.3,False,0.00321,0.42568,,0.69,1784017796
All Pools,AVAX - DREX,0.3,False,0.00317,0.19932,,1.45,1784017796
All Pools,MIM - MTB,0.3,False,0.00315,0.44633,,0.64,1784017796
All Pools,MIM - DREX,0.3,False,0.00312,5.666,,0.05,1784017796
All Pools,SNTA - MIM,0.3,False,0.00299,0.32203,,0.85,1784017796
All Pools,GRAPE - AVAX,0.3,False,0.00298,0.09571,,2.84,1784017796
All Pools,LIFE - AVAX,0.3,False,0.00294,0.74182,,0.36,1784017796
All Pools,MIM - LIFE,0.3,False,0.00289,0.23778,,1.11,1784017796
All Pools,USDC.e - TIME,0.3,False,0.0028,0.19469,,1.31,1784017796
All Pools,JOE - aXEN,0.3,False,0.00274,0.17505,,1.43,1784017796
All Pools,DB - AVAX,0.3,False,0.00271,1.371,,0.18,1784017796
All Pools,STG - JOE,0.3,False,0.00268,0.1044,,2.34,1784017796
All Pools,xJOE - AVAX,0.3,False,0.00268,1.783,,0.14,1784017796
All Pools,FAP - AVAX,0.3,False,0.00267,67.83,,0.0,1784017796
All Pools,MIM - DB,0.3,False,0.00266,0.19016,,1.28,1784017796
All Pools,xJOE - wsOHM,0.3,False,0.00263,0.17744,,1.35,1784017796
All Pools,MIM - FAP,0.3,False,0.00255,0.04774,,4.88,1784017796
All Pools,ABC - MU,0.3,False,0.00217,0.05046,,3.93,1784017796
All Pools,NineHundred - BLACK,0.3,False,0.00213,2.592,,0.08,1784017796
All Pools,AVAX - PLEB,0.3,False,0.0021,0.08898,,2.16,1784017796
All Pools,BLOB - AVAX,0.3,False,0.00206,2314.74,,,1784017796
All Pools,MIM - PLEB,0.3,False,0.00205,8.025,,0.02,1784017796
All Pools,LUNA - USDC,0.3,False,0.00199,0.09505,,1.91,1784017796
All Pools,MIM - AKITA,0.3,False,0.00197,0.08123,,2.22,1784017796
All Pools,AMI - COQAI,0.3,False,0.00197,2.739,,0.07,1784017796
All Pools,ACS - USDt,0.3,False,0.00182,0.95325,,0.17,1784017796
All Pools,USDC.e - XAVA,0.3,False,0.00177,0.34157,,0.47,1784017796
All Pools,UST - WINE,0.3,False,0.00152,0.11535,,1.2,1784017796
All Pools,TSD - USDC.e,0.3,False,0.00148,0.0621,,2.17,1784017796
All Pools,BTC.b - GMX,0.3,False,0.00125,1.25,,0.09,1784017796
All Pools,ILoveMyTwinFlame - AVAX,0.3,False,0.00115,3.99,,0.03,1784017796
All Pools,ILoveMyTwinFlame - Gravity,0.3,False,0.00114,1.608,,0.06,1784017796
All Pools,LYD - AVAX,0.3,False,0.0011,0.64534,,0.16,1784017796
All Pools,LYD - REDWOLF,0.3,False,0.00109,4.072,,0.02,1784017796
All Pools,YEEHAW - Gladiator,0.3,False,0.00108,0.08346,,1.18,1784017796
All Pools,USDC - XPOW,0.3,False,0.00102,0.02392,,3.87,1784017796
All Pools,GRAPE - USDC.e,0.3,False,0.00101,0.03922,,2.34,1784017796
All Pools,COQ - USDt,0.3,False,,0.04119,,2.04,1784017796
All Pools,YEEHAW - MU,0.3,False,,0.12063,,0.66,1784017796
All Pools,AVME - AVAX,0.3,False,,0.00165,,45.39,1784017796
All Pools,CRAFT - AVAX,0.3,False,,289.68,,,1784017796
All Pools,ROCO - USDT.e,0.3,False,,0.10338,,0.67,1784017796
All Pools,PGX - AVAX,0.3,False,,10135.0,,,1784017796
All Pools,SYN - JOE,0.3,False,,0.01677,,3.81,1784017796
All Pools,FollowTheWhiteRabbit - BLACK,0.3,False,,0.12606,,0.42,1784017796
All Pools,SYN - XAVA,0.3,False,,0.0053,,7.48,1784017796
All Pools,SPORE - USDC,0.3,False,,1391.81,,,1784017796
All Pools,DONK - AVAX,0.3,False,,21.63,,,1784017796
All Pools,aAVAXb - AVAX,0.3,False,,0.25564,,0.02,1784017796
All Pools,MU - KET,0.3,False,,0.93577,,,1784017796
All Pools,aAvaWAVAX - AVAX,0.3,False,,0.18395,,0.0,1784017796
All Pools,FATE - USDC,0.3,False,,448673.0,,,1784017796
All Pools,bJOE - JOE,0.3,False,,0.05414,,0.0,1784017796
All Pools,bXAVA - XAVA,0.3,False,,0.04561,,0.0,1784017796
All Pools,MIM - JOE,0.3,False,,0.00213,,0.02,1784017796
All Pools,bUSDT - AVAX,0.3,False,,0.00219,,0.01,1784017796
All Pools,GB - USDC.e,0.3,False,,0.00204,,0.0,1784017796
All Pools,YTS - GB,0.3,False,,0.00107,,0.0,1784017796
All Pools,GB - BOOFI,0.3,False,,,,0.0,1784017796
All Pools,AVAX - avWAVAX,0.3,False,,0.00101,,,1784017796
All Pools,SPORE - JOE,0.3,False,,0.4087,,,1784017796
All Pools,GB - XAVA,0.3,False,,,,0.0,1784017796
All Pools,AVAX - bWETH,0.3,False,,,,0.2,1784017796
All Pools,AVAX - USDC,0.05,False,930608.0,378504.0,488.98,47.15,1784021400
All Pools,USDt - USDC,0.01,False,79890.0,163088.0,8.524,1.91,1784021400
All Pools,USDt - USDC,0.005,False,68007.0,160359.0,5.247,1.19,1784021400
All Pools,BTC.b - USDC,0.05,False,65773.0,572319.0,34.41,2.19,1784021400
All Pools,AUSD - USDC,0.01,False,64979.0,101838.0,6.438,2.31,1784021400
All Pools,sAVAX - AVAX,0.01,False,59118.0,47560.0,6.652,5.11,1784021400
All Pools,FOLKS - AVAX,0.25,False,46919.0,36311.0,127.71,128.37,1784021400
All Pools,AVAX - USDT.e,0.3,False,21844.0,468175.0,54.61,4.26,1784021400
All Pools,AVAX - USDC,0.3,False,19271.0,345077.0,48.18,5.1,1784021400
All Pools,USDC.e - AVAX,0.3,False,17068.0,364404.0,42.67,4.27,1784021400
All Pools,gOHM - AVAX,0.3,False,15674.0,124949.0,39.19,11.45,1784021400
All Pools,USDC - XAVA,0.3,False,14112.0,491090.0,35.28,2.62,1784021400
All Pools,AVAX - USDt,0.2,False,12773.0,99262.0,25.75,9.47,1784021400
All Pools,WETH.e - AVAX,0.3,False,11476.0,366860.0,28.69,2.85,1784021400
All Pools,ARENA - AVAX,0.01,False,11248.0,98984.0,1.125,0.41,1784021400
All Pools,AVAX - BTC.b,0.05,False,11148.0,27016.0,6.462,8.73,1784021400
All Pools,AAVE.e - AVAX,0.3,False,10096.0,260490.0,25.24,3.54,1784021400
All Pools,USDT.e - USDt,0.02,False,8995.21,44436.0,1.799,1.48,1784021400
All Pools,AUSD - USDt,0.01,False,8345.4,70453.0,0.87482,0.45,1784021400
All Pools,USDT.e - USDC,0.02,False,8337.28,51056.0,1.681,1.2,1784021400
All Pools,NXUSD - WXT,0.3,False,7242.45,478651.0,18.11,1.38,1784021400
All Pools,XAVA - AVAX,0.8,False,6083.98,157630.0,49.03,11.35,1784021400
All Pools,JOE - USDC.e,0.3,False,5828.98,258613.0,14.57,2.06,1784021400
All Pools,COQ - AVAX,0.3,False,5371.53,396387.0,13.43,1.24,1784021400
All Pools,JOE - AVAX,0.3,False,5045.29,210821.0,12.61,2.18,1784021400
All Pools,MIM - AVAX,0.3,False,4032.89,184647.0,10.08,1.99,1784021400
All Pools,WBTC.e - AVAX,0.3,False,3926.32,130150.0,9.816,2.75,1784021400
All Pools,BTC.b - AVAX,0.3,False,3424.99,106448.0,8.562,2.94,1784021400
All Pools,NOCHILL - AVAX,0.3,False,3349.04,51673.0,8.373,5.91,1784021400
All Pools,QI - AVAX,0.3,False,3266.76,128658.0,8.167,2.32,1784021400
All Pools,GUN - AVAX,0.25,False,3257.8,9409.34,13.02,50.51,1784021400
All Pools,LCPEDU - USDt,0.8,False,2338.38,7178730.0,37.49,0.19,1784021400
All Pools,DAI.e - USDC,0.02,False,2230.36,29498.0,0.43956,0.54,1784021400
All Pools,USDt - AVAX,0.3,False,2087.12,38421.0,5.218,4.96,1784021400
All Pools,LINK.e - AVAX,0.3,False,1923.0,38258.0,4.807,4.59,1784021400
All Pools,ORNG - AVAX,0.3,False,1904.16,16667.0,4.76,10.43,1784021400
All Pools,BEAM - USDC,0.3,False,1896.48,65308.0,4.741,2.65,1784021400
All Pools,HUNDRED - USDC,0.3,False,1655.64,493607.0,4.139,0.31,1784021400
All Pools,BEAM - AVAX,0.25,False,1648.91,14257.0,4.196,10.74,1784021400
All Pools,USDC.e - USDC,0.02,False,1578.45,3884.61,0.31804,2.99,1784021400
All Pools,HERESY - AVAX,0.3,False,1544.03,15001.0,3.86,9.39,1784021400
All Pools,QI - AVAX,0.25,False,1413.02,7867.51,3.556,16.5,1784021400
All Pools,SB - AVAX,0.3,False,1212.84,5986.4,3.032,18.49,1784021400
All Pools,AVAX - DAI.e,0.3,False,1135.22,28504.0,2.838,3.63,1784021400
All Pools,JOE - USDT.e,0.3,False,981.3,51893.0,2.453,1.73,1784021400
All Pools,GUN - AVAX,0.1,False,792.69,16731.0,2.47,5.39,1784021400
All Pools,WBTC - BTC.b,0.03,False,770.29,80934.0,0.23703,0.11,1784021400
All Pools,USDC.e - USDC,0.02,False,737.25,9711.34,0.07544,0.28,1784021400
All Pools,SYN - AVAX,0.3,False,729.95,4997.94,1.825,13.33,1784021400
All Pools,WBTC.e - BTC.b,0.03,False,710.72,224484.0,0.23817,0.04,1784021400
All Pools,SolvBTC - BTC.b,0.04,False,659.01,176600.0,0.28056,0.06,1784021400
All Pools,AVAX - DOMI,0.3,False,623.73,11545.0,1.559,4.93,1784021400
All Pools,AVAX - XAVA,0.3,False,592.8,12908.0,1.482,4.19,1784021400
All Pools,ZRO - AVAX,0.25,False,585.77,1646.22,1.497,33.18,1784021400
All Pools,JPYC - USDC,0.04,False,568.05,3176.16,0.24113,2.77,1784021400
All Pools,JOE - USDC,0.3,False,566.84,23563.0,1.417,2.2,1784021400
All Pools,XSEED - AVAX,0.3,False,531.77,15936.0,1.329,3.04,1784021400
All Pools,USDT.e - USDC,0.02,False,489.16,897.1,0.05072,2.06,1784021400
All Pools,gOHM - FRAX,0.3,False,397.96,3452.0,0.9949,10.52,1784021400
All Pools,EURC - USDC,0.03,False,395.85,10577.0,0.11299,0.39,1784021400
All Pools,MIM - SB,0.3,False,317.41,2246.55,0.79351,12.89,1784021400
All Pools,USDt - ncash,0.3,False,270.31,1016.52,0.67577,24.26,1784021400
All Pools,PRIME - AVAX,0.4,False,258.38,136602.0,2.957,0.79,1784021400
All Pools,DAI.e - USDC,0.02,False,190.29,2594.39,0.03734,0.53,1784021400
All Pools,GB - AVAX,0.3,False,185.64,1990.37,0.4641,8.51,1784021400
All Pools,XPOW - AVAX,0.8,False,177.24,241.66,1.647,248.81,1784021400
All Pools,OSAK - AVAX,0.3,False,175.32,3179.04,0.4383,5.03,1784021400
All Pools,FITFI - USDT.e,0.3,False,165.05,152.88,0.41261,98.51,1784021400
All Pools,WETH.e - USDC.e,0.3,False,157.16,10803.0,0.3929,1.33,1784021400
All Pools,COQ - COQAI,0.3,False,146.46,18842.0,0.36615,0.71,1784021400
All Pools,AVAX - JUICE,0.3,False,144.33,9421.91,0.36083,1.4,1784021400
All Pools,YAK - AVAX,0.3,False,143.85,3480.26,0.35962,3.77,1784021400
All Pools,w3ULL - AVAX,0.3,False,139.22,51693.0,0.34804,0.25,1784021400
All Pools,GMX - AVAX,0.3,False,138.96,3801.68,0.3474,3.34,1784021400
All Pools,ALOT - AVAX,0.3,False,129.6,10164.0,0.32399,1.16,1784021400
All Pools,XETA - USDC,0.3,False,121.87,5648.99,0.30468,1.97,1784021400
All Pools,XSGD - USDC,0.05,False,117.66,430.91,0.01868,1.58,1784021400
All Pools,AI - AVAX,0.3,False,107.25,3141.34,0.26811,3.12,1784021400
All Pools,UST - AVAX,0.3,False,107.05,5868.73,0.26762,1.66,1784021400
All Pools,AVAX - UST,0.3,False,103.51,6792.97,0.25877,1.39,1784021400
All Pools,XAVA - AVAX,0.8,False,100.33,456.46,0.81395,65.09,1784021400
All Pools,USDC.e - USDC,0.02,False,98.33,1950.17,0.01971,0.37,1784021400
All Pools,APIX - USDt,0.3,False,95.57,5858.34,0.23892,1.49,1784021400
All Pools,CAPY - ARENA,0.3,False,82.67,18718.0,0.20668,0.4,1784021400
All Pools,APIX - ID,0.3,False,81.58,16896.0,0.20396,0.44,1784021400
All Pools,AVAX - RISE,0.3,False,78.71,42864.0,0.19676,0.17,1784021400
All Pools,USDt - USDC,0.02,False,70.36,2236.19,0.01412,0.23,1784021400
All Pools,HEFE - AVAX,0.3,False,69.45,27002.0,0.17363,0.23,1784021400
All Pools,yes - AVAX,0.3,False,65.41,1214.28,0.16353,4.92,1784021400
All Pools,EMIN - AVAX,0.3,False,62.23,2127.03,0.15556,2.67,1784021400
All Pools,WBTC.e - USDC,0.3,False,58.45,0.39465,0.14613,13514.77,1784021400
All Pools,KLO - AVAX,0.3,False,57.34,11994.0,0.14334,0.44,1784021400
All Pools,FLD - AVAX,0.3,False,57.21,35017.0,0.14303,0.15,1784021400
All Pools,STG - USDC,0.3,False,52.5,1231.51,0.13125,3.89,1784021400
All Pools,AVAX - AMI,0.3,False,51.78,348.85,0.12944,13.54,1784021400
All Pools,BLSEYE🎯 - AVAX,0.3,False,51.75,4430.21,0.12936,1.07,1784021400
All Pools,APIX - USDC,0.3,False,50.13,2927.1,0.12532,1.56,1784021400
All Pools,ABC - AVAX,0.3,False,48.81,468.35,0.12202,9.51,1784021400
All Pools,XAUt0 - USDt,0.04,False,48.41,24793.0,0.1534,0.23,1784021400
All Pools,MIM - USDT.e,0.3,False,45.53,1528.79,0.11381,2.72,1784021400
All Pools,GUN - BLSEYE🎯,0.3,False,42.4,428.07,0.106,9.04,1784021400
All Pools,Balln - AVAX,0.3,False,39.72,3803.3,0.09931,0.95,1784021400
All Pools,AVAX - ALVA,0.3,False,39.55,777.92,0.09889,4.64,1784021400
All Pools,KIMBO - AVAX,0.3,False,35.79,39829.0,0.08946,0.08,1784021400
All Pools,AVAX - TOPIA,0.3,False,35.03,1072.8,0.08756,2.98,1784021400
All Pools,ROY - AVAX,0.3,False,33.2,3948.93,0.08299,0.77,1784021400
All Pools,SHRAP - AVAX,0.8,False,31.14,8912.31,0.25035,1.03,1784021400
All Pools,STG - AVAX,0.3,False,31.06,1030.38,0.07765,2.75,1784021400
All Pools,GURS - AVAX,0.3,False,30.74,5452.04,0.07685,0.51,1784021400
All Pools,Psychic - AVAX,0.3,False,27.62,884.89,0.06905,2.85,1784021400
All Pools,BEAM - AVAX,0.3,False,24.33,375.83,0.06083,5.91,1784021400
All Pools,ISA - USDC.e,0.3,False,23.25,1437.58,0.05812,1.48,1784021400
All Pools,ISA - AVAX,0.3,False,22.81,16843.0,0.05703,0.12,1784021400
All Pools,SECOND - USDC,0.3,False,22.8,7007.33,0.05699,0.3,1784021400
All Pools,SECOND - AVAX,0.3,False,22.79,1452.56,0.05698,1.43,1784021400
All Pools,USDC.e - USDC,0.3,False,22.43,480693.0,0.05609,0.0,1784021400
All Pools,GUN - AVAX,0.3,False,21.95,194.38,0.05487,10.3,1784021400
All Pools,RGOGLZ - USDC,0.3,False,20.5,1323.02,0.05125,1.41,1784021400
All Pools,MIM - USDC.e,0.3,False,19.79,778.01,0.04946,2.32,1784021400
All Pools,ABC - HOWDY,0.3,False,19.4,464.98,0.0485,3.81,1784021400
All Pools,BNB - AVAX,0.3,False,19.33,2774.33,0.04832,0.64,1784021400
All Pools,LUNA - USDC.e,0.3,False,19.14,644.34,0.04786,2.71,1784021400
All Pools,PNG - AVAX,0.3,False,18.55,795.44,0.04638,2.13,1784021400
All Pools,BOI - AVAX,0.3,False,18.26,40.85,0.04564,40.77,1784021400
All Pools,HOWDY - USDC,0.3,False,17.83,2955.97,0.04458,0.55,1784021400
All Pools,YAK - USDC,0.25,False,17.77,22.2,0.05717,94.02,1784021400
All Pools,AVAX - SOLNIC,0.3,False,17.18,3538.36,0.04295,0.44,1784021400
All Pools,APIX - ARENA,0.3,False,16.36,1667.81,0.0409,0.9,1784021400
All Pools,DCAU - USDT.e,0.3,False,16.27,5046.18,0.04068,0.29,1784021400
All Pools,AVAX - FRAX,0.3,False,15.83,677.68,0.03956,2.13,1784021400
All Pools,FITFI - AVAX,0.3,False,15.72,13.62,0.0393,105.34,1784021400
All Pools,Psychic - XAUt0,0.3,False,15.31,5783.65,0.03827,0.24,1784021400
All Pools,DCAU - AVAX,0.3,False,14.97,1016.74,0.03743,1.34,1784021400
All Pools,HUSKY - AVAX,0.3,False,13.34,2050.85,0.03335,0.59,1784021400
All Pools,WETH.e - USDC,0.15,False,13.18,8993.54,0.01987,0.08,1784021400
All Pools,AVAX - GEC,0.3,False,12.87,26974.0,0.03218,0.04,1784021400
All Pools,AVAXAI - USDC,0.3,False,12.28,1532.2,0.0307,0.73,1784021400
All Pools,3QF - D - AVAX,0.3,False,12.14,1296.82,0.03034,0.85,1784021400
All Pools,3QF - D - WETH.e,0.3,False,12.1,2379.38,0.03025,0.46,1784021400
All Pools,APIX - LAMBO,0.3,False,11.96,438.79,0.02991,2.49,1784021400
All Pools,REDWOLF - AVAX,0.25,False,11.73,182.05,0.03053,6.12,1784021400
All Pools,TECH - AVAX,0.3,False,11.63,9650.72,0.02907,0.11,1784021400
All Pools,sAVAX - JACK,0.3,False,11.61,273601.0,0.02903,0.0,1784021400
All Pools,YAK - USDC.e,0.3,False,10.89,222.06,0.02721,4.47,1784021400
All Pools,MIM - WETH.e,0.3,False,10.39,497.04,0.02596,1.91,1784021400
All Pools,MEAT - AVAX,0.3,False,9.141,3708.1,0.02285,0.22,1784021400
All Pools,USDC.e - SOL,0.3,False,8.413,35.41,0.02103,21.68,1784021400
All Pools,AVAX - ELK,0.3,False,8.332,1297.2,0.02083,0.59,1784021400
All Pools,REDWOLF - SOL,0.3,False,8.192,57.88,0.02048,12.92,1784021400
All Pools,HATCHY - AVAX,0.3,False,8.15,6598.64,0.02038,0.11,1784021400
All Pools,WETH.e - REDWOLF,0.3,False,7.983,81.94,0.01996,8.89,1784021400
All Pools,EGG - AVAX,0.3,False,7.832,16460.0,0.01958,0.04,1784021400
All Pools,SHRAP - DOMI,0.3,False,7.491,171.92,0.01873,3.98,1784021400
All Pools,BTC.b - TOPIA,0.3,False,7.454,445.28,0.01864,1.53,1784021400
All Pools,BLSEYE🎯 - ARENA,0.3,False,6.724,859.62,0.01681,0.71,1784021400
All Pools,TRESR - AVAX,0.3,False,6.478,7823.99,0.0162,0.08,1784021400
All Pools,AVAX - PEFI,0.3,False,6.166,3228.82,0.01542,0.17,1784021400
All Pools,avUSD - sAVAX,0.3,False,5.796,226.95,0.01449,2.33,1784021400
All Pools,UST - USDC,0.3,False,5.725,432.99,0.01431,1.21,1784021400
All Pools,YOU - ORNG,0.3,False,5.711,1346.38,0.01428,0.39,1784021400
All Pools,USV - DAI.e,0.3,False,5.661,3961.51,0.01415,0.13,1784021400
All Pools,REDWOLF - AVAX,0.3,False,5.471,387.23,0.01368,1.29,1784021400
All Pools,PTOP500 - TOPIA,0.3,False,5.467,107.43,0.01367,4.64,1784021400
All Pools,AVAX - HON,0.3,False,5.223,49663.0,0.01306,0.01,1784021400
All Pools,LINK.e - USDT.e,0.3,False,4.919,218.13,0.0123,2.06,1784021400
All Pools,ORNG - FLUX,0.3,False,4.861,108.1,0.01215,4.1,1784021400
All Pools,REDWOLF - USDC,0.3,False,4.806,186.28,0.01202,2.35,1784021400
All Pools,MUON - AVAX,0.3,False,4.563,40314.0,0.01141,0.01,1784021400
All Pools,Psychic - BLACK,0.3,False,4.454,261.38,0.01113,1.55,1784021400
All Pools,gOHM - SB,0.3,False,4.421,16.69,0.01105,24.18,1784021400
All Pools,XROSS - ORNG,0.3,False,4.346,233.15,0.01086,1.7,1784021400
All Pools,USDC.e - MU,0.3,False,4.31,13176.0,0.01077,0.03,1784021400
All Pools,MYST - AVAX,0.3,False,4.274,653.54,0.01069,0.6,1784021400
All Pools,YEEHAW - BTC.b,0.3,False,4.241,49.16,0.0106,7.87,1784021400
All Pools,DATCM - ORNG,0.3,False,4.151,231.22,0.01038,1.64,1784021400
All Pools,BLSEYE🎯 - MEOW,0.3,False,4.141,822.74,0.01035,0.46,1784021400
All Pools,LUNA - USDC.e,0.3,False,4.132,334.74,0.01033,1.13,1784021400
All Pools,FLOT - AVAX,0.3,False,4.106,2925.86,0.01026,0.13,1784021400
All Pools,MYST - USDC,0.3,False,3.818,218.78,0.00955,1.59,1784021400
All Pools,AVAX - aXEN,0.3,False,3.792,168.08,0.00948,2.06,1784021400
All Pools,BLSEYE🎯 - BEAM,0.3,False,3.682,269.19,0.00921,1.25,1784021400
All Pools,LINK.e - USDC.e,0.3,False,3.677,181.27,0.00919,1.85,1784021400
All Pools,AVAX - AKITA,0.3,False,3.641,1755.76,0.0091,0.19,1784021400
All Pools,Now - AVAX,0.3,False,3.579,191.43,0.00895,1.71,1784021400
All Pools,ACS - AVAX,0.3,False,3.504,167.17,0.00876,1.91,1784021400
All Pools,Now - BLACK,0.3,False,3.434,238.55,0.00858,1.31,1784021400
All Pools,SWIFT - AVAX,0.3,False,3.365,232.37,0.00841,1.32,1784021400
All Pools,AVAX - BGR,0.3,False,3.314,177.23,0.00828,1.71,1784021400
All Pools,AVAX - FRAX,0.3,False,3.289,227.13,0.00822,1.32,1784021400
All Pools,AVAX - EROL,0.0,False,3.124,37.87,0.0,0.0,1784021400
All Pools,AVAX - SOCK,0.3,False,3.051,2387.04,0.00763,0.12,1784021400
All Pools,USDC - SOCK,0.3,False,3.038,415.08,0.0076,0.67,1784021400
All Pools,APOW - AVAX,0.3,False,2.943,620.62,0.00736,0.43,1784021400
All Pools,DPS - AVAX,0.3,False,2.937,182.61,0.00734,1.47,1784021400
All Pools,DPS - USDC,0.3,False,2.937,1811.02,0.00734,0.15,1784021400
All Pools,AVAX - NaughtiusMaximus,0.3,False,2.896,331.82,0.00724,0.8,1784021400
All Pools,ORNG - SAI,0.3,False,2.872,104.37,0.00718,2.51,1784021400
All Pools,USDC.e - sSB,0.3,False,2.84,837.71,0.0071,0.31,1784021400
All Pools,SWIFT - WETH.e,0.3,False,2.794,1273.08,0.00699,0.2,1784021400
All Pools,JOE - USDT,0.3,False,2.66,280.9,0.00665,0.86,1784021400
All Pools,ORNG - MOOM,0.3,False,2.618,185.85,0.00654,1.29,1784021400
All Pools,sAVAX - AVAX,0.3,False,2.597,172055.0,0.00649,0.0,1784021400
All Pools,oXAUT - AVAX,0.3,False,2.579,406.13,0.00645,0.58,1784021400
All Pools,BTC.b - oXAUT,0.3,False,2.578,308.78,0.00644,0.76,1784021400
All Pools,XAUt0 - NaughtiusMaximus,0.3,False,2.546,876.06,0.00637,0.27,1784021400
All Pools,YUSD - AVAX,0.3,False,2.46,116.74,0.00615,1.92,1784021400
All Pools,TOPIA - PTOP600,0.3,False,2.363,120.21,0.00591,1.79,1784021400
All Pools,HOST - DAI.e,0.3,False,2.259,2526.23,0.00565,0.08,1784021400
All Pools,AVAX - ONION,0.3,False,2.247,147.76,0.00562,1.39,1784021400
All Pools,FTOMB - AVAX,0.3,False,2.246,6701.6,0.00561,0.03,1784021400
All Pools,AVAX - CLY,0.3,False,2.197,22009.0,0.00549,0.01,1784021400
All Pools,USDT.e - CLY,0.3,False,2.162,181.7,0.0054,1.09,1784021400
All Pools,USDC.e - AVVO,0.3,False,2.083,225.07,0.00521,0.84,1784021400
All Pools,MAGICK - USDC,0.3,False,2.063,226.39,0.00516,0.83,1784021400
All Pools,MAGICK - AVAX,0.3,False,2.062,281.54,0.00516,0.67,1784021400
All Pools,BNZ - AVAX,0.3,False,2.05,148.18,0.00513,1.26,1784021400
All Pools,SWIFT - USDC.e,0.3,False,2.047,480.42,0.00512,0.39,1784021400
All Pools,ZRO - AVAX,0.3,False,2.002,134.31,0.005,1.36,1784021400
All Pools,KINGSHIT - AVAX,0.3,False,2.001,3557.75,0.005,0.05,1784021400
All Pools,VPND - AVAX,0.3,False,1.936,17879.0,0.00484,0.01,1784021400
All Pools,AVAX - ChristMark,0.3,False,1.89,267.63,0.00473,0.64,1784021400
All Pools,XAUt0 - Now,0.3,False,1.885,566.99,0.00471,0.3,1784021400
All Pools,USDt - USDT.e,0.3,False,1.815,20406.0,0.00454,0.01,1784021400
All Pools,AVAX - USDT,0.3,False,1.793,1712.26,0.00448,0.1,1784021400
All Pools,UST - USDC.e,0.3,False,1.79,675.47,0.00448,0.24,1784021400
All Pools,BANKSY - USDT.e,0.3,False,1.765,1529.1,0.00441,0.11,1784021400
All Pools,BANKSY - AVAX,0.3,False,1.764,143.75,0.00441,1.12,1784021400
All Pools,WETH - USDC.e,0.3,False,1.681,200.57,0.0042,0.76,1784021400
All Pools,AVAX - IMPACT2,0.3,False,1.66,139.15,0.00415,1.09,1784021400
All Pools,YEEHAW - TOPIA,0.3,False,1.626,109.44,0.00407,1.36,1784021400
All Pools,AVAX - TIME,0.3,False,1.625,563.2,0.00406,0.26,1784021400
All Pools,APOW - USDC,0.3,False,1.624,115.3,0.00406,1.29,1784021400
All Pools,LF - AVAX,0.3,False,1.613,283.6,0.00403,0.52,1784021400
All Pools,USDC - MXNB,0.3,False,1.61,17.42,0.00402,8.43,1784021400
All Pools,MIM - LF,0.3,False,1.589,400.57,0.00397,0.36,1784021400
All Pools,Gravity - AVAX,0.3,False,1.523,238.34,0.00381,0.58,1784021400
All Pools,PNG - JOE,0.3,False,1.513,115.94,0.00378,1.19,1784021400
All Pools,XAUt0 - Gravity,0.3,False,1.474,312.17,0.00369,0.43,1784021400
All Pools,ORNG - JUCI,0.3,False,1.454,240.32,0.00364,0.55,1784021400
All Pools,SMRTr - USDC.e,0.3,False,1.454,105.18,0.00364,1.26,1784021400
All Pools,SMRTr - AVAX,0.3,False,1.454,25883.0,0.00364,0.01,1784021400
All Pools,gOHM - wsOHM,0.3,False,1.443,17.36,0.00361,7.59,1784021400
All Pools,MIM - wsOHM,0.3,False,1.437,181.34,0.00359,0.72,1784021400
All Pools,FXS - AVAX,0.3,False,1.424,287.3,0.00356,0.45,1784021400
All Pools,XAUt0 - ChristMark,0.3,False,1.418,577.26,0.00354,0.22,1784021400
All Pools,HUSKY - JOE,0.3,False,1.402,92.45,0.00351,1.38,1784021400
All Pools,DREGG - AVAX,0.3,False,1.394,146.74,0.00348,0.87,1784021400
All Pools,DREGG - USDT.e,0.3,False,1.394,515.78,0.00348,0.25,1784021400
All Pools,APOW - USDt,0.3,False,1.318,114.95,0.00329,1.05,1784021400
All Pools,AVAX - AVVO,0.3,False,1.297,229.7,0.00324,0.52,1784021400
All Pools,KIWI - AVAX,0.3,False,1.282,94.56,0.0032,1.24,1784021400
All Pools,KIWI - USDC,0.3,False,1.282,299.34,0.0032,0.39,1784021400
All Pools,GB - USDT.e,0.3,False,1.234,22.3,0.00308,5.05,1784021400
All Pools,USDT.e - ONION,0.3,False,1.23,740.22,0.00307,0.15,1784021400
All Pools,WOO.e - AVAX,0.3,False,1.226,65.75,0.00306,1.7,1784021400
All Pools,Gladiator - ARENA,0.3,False,1.222,338.41,0.00306,0.33,1784021400
All Pools,Gladiator - USDC,0.3,False,1.215,269.07,0.00304,0.41,1784021400
All Pools,BLUB - AVAX,0.3,False,1.18,11672.0,0.00295,0.01,1784021400
All Pools,BEAR - AVAX,0.3,False,1.176,5058.68,0.00294,0.02,1784021400
All Pools,USDC - SDOG,0.3,False,1.17,365.4,0.00292,0.29,1784021400
All Pools,USDC.e - WXT,0.3,False,1.165,194.98,0.00291,0.55,1784021400
All Pools,WETH.e - ONION,0.3,False,1.144,230.1,0.00286,0.45,1784021400
All Pools,DCAU - MIM,0.3,False,1.139,114.67,0.00285,0.91,1784021400
All Pools,MIM - SDOG,0.3,False,1.128,92.34,0.00282,1.12,1784021400
All Pools,AVAX - MU,0.3,False,1.106,73.98,0.00276,1.36,1784021400
All Pools,DCAU - USDC,0.3,False,1.105,144.27,0.00276,0.7,1784021400
All Pools,AAVE.e - REDWOLF,0.3,False,1.102,150.9,0.00276,0.67,1784021400
All Pools,MIM - USDC,0.3,False,1.093,29.98,0.00273,3.33,1784021400
All Pools,Trinity - AVAX,0.3,False,1.084,731.9,0.00271,0.14,1784021400
All Pools,LUNA - AVAX,0.3,False,1.08,123.91,0.0027,0.8,1784021400
All Pools,AVAX - mYAK,0.3,False,1.074,49.81,0.00269,1.97,1784021400
All Pools,PTOP700 - TOPIA,0.3,False,1.069,103.53,0.00267,0.94,1784021400
All Pools,WOLF - AVAX,0.3,False,1.036,27375.0,0.00259,0.0,1784021400
All Pools,Trinity - Psychic,0.3,False,1.033,402.67,0.00258,0.23,1784021400
All Pools,AVAX - SMRT,0.3,False,1.026,1642.57,0.00256,0.06,1784021400
All Pools,USDT.e - SMRT,0.3,False,1.012,88.75,0.00253,1.04,1784021400
All Pools,BTC.b - IMPACT2,0.3,False,1.009,1285.19,0.00252,0.07,1784021400
All Pools,WETH.e - USDT.e,0.3,False,1.001,146.96,0.0025,0.62,1784021400
All Pools,MIM - MU,0.3,False,0.98234,96.25,0.00246,0.93,1784021400
All Pools,MaryMagdalene - XAUt0,0.3,False,0.97646,1652.11,0.00244,0.05,1784021400
All Pools,MaryMagdalene - AVAX,0.3,False,0.96849,172.58,0.00242,0.51,1784021400
All Pools,LUEEGI - AVAX,0.3,False,0.95956,1008.34,0.0024,0.09,1784021400
All Pools,LINDA - AVAX,0.3,False,0.94452,1587.21,0.00236,0.05,1784021400
All Pools,KRW - AVAX,0.3,False,0.93331,310.32,0.00233,0.27,1784021400
All Pools,JOE - KRW,0.3,False,0.93181,145.83,0.00233,0.58,1784021400
All Pools,AVAX - ARENA,0.3,False,0.92934,57.72,0.00232,1.47,1784021400
All Pools,HOST - AVAX,0.3,False,0.91859,89.34,0.0023,0.94,1784021400
All Pools,GB - MUG,0.3,False,0.87807,17.49,0.0022,4.58,1784021400
All Pools,USDC.e - ONION,0.3,False,0.87212,369.8,0.00218,0.22,1784021400
All Pools,TSD - AVAX,0.3,False,0.83964,179.63,0.0021,0.43,1784021400
All Pools,SYMBIOT - AVAX,0.3,False,0.81255,75.51,0.00203,0.98,1784021400
All Pools,HOWDY - USDt,0.3,False,0.78208,173.57,0.00196,0.41,1784021400
All Pools,ZUBAX - USDT.e,0.3,False,0.76648,172.63,0.00192,0.41,1784021400
All Pools,SYMBIOT - DAI.e,0.3,False,0.76022,447.77,0.0019,0.15,1784021400
All Pools,MAXI - DAI.e,0.3,False,0.73838,225.4,0.00185,0.3,1784021400
All Pools,DZHV - AVAX,0.3,False,0.73006,10308.0,0.00183,0.01,1784021400
All Pools,AVAX - EROL,0.3,False,0.72827,20.29,0.00182,3.27,1784021400
All Pools,WBTC.e - ONION,0.3,False,0.71939,349.36,0.0018,0.19,1784021400
All Pools,BUSD - AVAX,0.3,False,0.70394,338.64,0.00176,0.19,1784021400
All Pools,AVAX - ZUBAX,0.3,False,0.69619,92.29,0.00174,0.69,1784021400
All Pools,GENI - AVAX,0.3,False,0.67847,50.23,0.0017,1.23,1784021400
All Pools,GENI - USDC,0.3,False,0.67843,1183.19,0.0017,0.05,1784021400
All Pools,BLS - USDt,0.3,False,0.67771,128.57,0.00169,0.48,1784021400
All Pools,AVAX - rsAVAX,0.3,False,0.65862,161.4,0.00165,0.37,1784021400
All Pools,Val - AVAX,0.3,False,0.6325,243.98,0.00158,0.24,1784021400
All Pools,AVAX - MUG,0.3,False,0.61146,249.06,0.00153,0.22,1784021400
All Pools,KALM - AVAX,0.3,False,0.60365,97.39,0.00151,0.57,1784021400
All Pools,KALM - USDC,0.3,False,0.60363,77.34,0.00151,0.71,1784021400
All Pools,DAI.e - ONION,0.3,False,0.58702,331.79,0.00147,0.16,1784021400
All Pools,50 - AVAX,0.3,False,0.58334,60.01,0.00146,0.89,1784021400
All Pools,50 - USDC,0.3,False,0.58322,112.25,0.00146,0.47,1784021400
All Pools,BTC.b - REDWOLF,0.3,False,0.57926,97.43,0.00145,0.54,1784021400
All Pools,MIM - PEFI,0.3,False,0.56306,67.34,0.00141,0.76,1784021400
All Pools,Psychic - Now,0.3,False,0.5499,471.73,0.00137,0.11,1784021400
All Pools,SYN - REDWOLF,0.3,False,0.52492,5.052,0.00131,9.48,1784021400
All Pools,WBTC.e - USDT.e,0.3,False,0.51629,154.68,0.00129,0.3,1784021400
All Pools,UNI.e - REDWOLF,0.3,False,0.51323,11.02,0.00128,4.25,1784021400
All Pools,HOWDY - ARENA,0.3,False,0.50141,38.02,0.00125,1.2,1784021400
All Pools,COQ - OSAK,0.3,False,0.4946,17.22,0.00124,2.62,1784021400
All Pools,DFIAT - AVAX,0.3,False,0.49433,6039.4,0.00124,0.01,1784021400
All Pools,YEEHAW - CHAMP,0.3,False,0.49376,922.01,0.00123,0.05,1784021400
All Pools,NOCHILL - OX,0.3,False,0.48263,13295.0,0.00121,0.0,1784021400
All Pools,AVAX - Wej,0.3,False,0.47544,212.71,0.00119,0.2,1784021400
All Pools,YEEHAW - AVAX,0.3,False,0.47482,11.67,0.00119,3.71,1784021400
All Pools,Psychic - Wej,0.3,False,0.47397,244.61,0.00118,0.18,1784021400
All Pools,sifu - DAI.e,0.3,False,0.46831,3.885,0.00117,11.0,1784021400
All Pools,DogL - AVAX,0.3,False,0.45883,213.49,0.00115,0.2,1784021400
All Pools,Psychic - DogL,0.3,False,0.45752,244.68,0.00114,0.17,1784021400
All Pools,STATIK - AVAX,0.3,False,0.45675,31.19,0.00114,1.34,1784021400
All Pools,MU - DAI.e,0.3,False,0.45158,236.14,0.00113,0.17,1784021400
All Pools,LUNA - AVAX,0.3,False,0.45011,13.81,0.00113,2.97,1784021400
All Pools,MerryXmas - AVAX,0.3,False,0.44903,195.66,0.00112,0.21,1784021400
All Pools,Psychic - MerryXmas,0.3,False,0.44772,225.04,0.00112,0.18,1784021400
All Pools,MIM - WINE,0.3,False,0.44687,173.62,0.00112,0.23,1784021400
All Pools,AVAX - BlackAndGold,0.3,False,0.44628,213.5,0.00112,0.19,1784021400
All Pools,Psychic - BlackAndGold,0.3,False,0.44498,244.66,0.00111,0.17,1784021400
All Pools,AVAX - RedFolder,0.3,False,0.44206,212.63,0.00111,0.19,1784021400
All Pools,Psychic - RedFolder,0.3,False,0.44064,244.72,0.0011,0.16,1784021400
All Pools,MIM - GRAPE,0.3,False,0.43814,119.9,0.0011,0.33,1784021400
All Pools,AVAX - All,0.3,False,0.43684,213.7,0.00109,0.19,1784021400
All Pools,Psychic - All,0.3,False,0.43546,244.73,0.00109,0.16,1784021400
All Pools,MM - USDC,0.3,False,0.4315,49.87,0.00108,0.79,1784021400
All Pools,MM - AVAX,0.3,False,0.43142,67.13,0.00108,0.59,1784021400
All Pools,sifu - USDT.e,0.3,False,0.42542,10.24,0.00106,3.79,1784021400
All Pools,USDt - IMPACT2,0.3,False,0.42348,69.64,0.00106,0.55,1784021400
All Pools,ArniStitch - AVAX,0.3,False,0.41642,212.23,0.00104,0.18,1784021400
All Pools,Psychic - ArniStitch,0.3,False,0.41525,244.8,0.00104,0.15,1784021400
All Pools,JEWEL - USDC,0.3,False,0.40877,3840.9,0.00102,0.01,1784021400
All Pools,Ducks - AVAX,0.3,False,0.40807,212.28,0.00102,0.18,1784021400
All Pools,Psychic - Ducks,0.3,False,0.40673,244.87,0.00102,0.15,1784021400
All Pools,Serpentarius - AVAX,0.3,False,0.4035,216.11,0.00101,0.17,1784021400
All Pools,Psychic - Serpentarius,0.3,False,0.40221,248.36,0.00101,0.15,1784021400
All Pools,JOE - EXP,0.3,False,0.40096,10313461.0,0.001,,1784021400
All Pools,USDC - GAU,0.3,False,0.39986,836.31,,0.04,1784021400
All Pools,AMI - TOPIA,0.3,False,0.39485,150.3,,0.24,1784021400
All Pools,STG - L - Swing,0.3,False,0.38955,16.22,,2.19,1784021400
All Pools,COQ - OX,0.3,False,0.38052,13967.0,,0.0,1784021400
All Pools,CQK - USDC,0.3,False,0.38042,30.93,,1.12,1784021400
All Pools,CQK - AVAX,0.3,False,0.38038,97.34,,0.36,1784021400
All Pools,GUN - AMI,0.3,False,0.37814,8.576,,4.02,1784021400
All Pools,HUSKY - AMI,0.3,False,0.37296,42.5,,0.8,1784021400
All Pools,AVAX - Prometheus,0.3,False,0.36657,207.2,,0.16,1784021400
All Pools,Psychic - Prometheus,0.3,False,0.36543,237.97,,0.14,1784021400
All Pools,Meaning - AVAX,0.3,False,0.36063,331.29,,0.1,1784021400
All Pools,USDC - SHRAP,0.3,False,0.36047,22.2,,1.48,1784021400
All Pools,Psychic - Meaning,0.3,False,0.35962,239.32,,0.14,1784021400
All Pools,Hopi - Now,0.3,False,0.35424,511.65,,0.06,1784021400
All Pools,Hopi - AVAX,0.3,False,0.35419,154.4,,0.21,1784021400
All Pools,CommieSukey - AVAX,0.3,False,0.3541,212.64,,0.15,1784021400
All Pools,AVAX - Seventeen,0.3,False,0.35397,207.87,,0.16,1784021400
All Pools,L - Swing - aXEN,0.3,False,0.35317,51.97,,0.62,1784021400
All Pools,NaughtiusMaximus - Seventeen,0.3,False,0.35304,679.52,,0.05,1784021400
All Pools,Psychic - CommieSukey,0.3,False,0.35286,244.55,,0.13,1784021400
All Pools,AVAX - KONG,0.3,False,0.35113,5495.26,,0.01,1784021400
All Pools,LINK.e - REDWOLF,0.3,False,0.35027,68.88,,0.46,1784021400
All Pools,Jjj - AVAX,0.3,False,0.34687,212.28,,0.15,1784021400
All Pools,Psychic - Jjj,0.3,False,0.34578,244.69,,0.13,1784021400
All Pools,USDT.e - MU,0.3,False,0.34,250.17,,0.12,1784021400
All Pools,MIM - DAI.e,0.3,False,0.33638,19.82,,1.55,1784021400
All Pools,Void - Now,0.3,False,0.33564,646.72,,0.05,1784021400
All Pools,Void - AVAX,0.3,False,0.33547,62.11,,0.49,1784021400
All Pools,Xmas - AVAX,0.3,False,0.32638,199.4,,0.15,1784021400
All Pools,Psychic - Xmas,0.3,False,0.32544,229.47,,0.13,1784021400
All Pools,AftermathsKobe - AVAX,0.3,False,0.32428,213.67,,0.14,1784021400
All Pools,Psychic - AftermathsKobe,0.3,False,0.32347,246.45,,0.12,1784021400
All Pools,USDC.e - WISE,0.3,False,0.31364,41.43,,0.69,1784021400
All Pools,AVAX - WISE,0.3,False,0.31354,59.81,,0.48,1784021400
All Pools,MEOW - AVAX,0.3,False,0.31343,7621.82,,0.0,1784021400
All Pools,AVAX - SNOB,0.3,False,0.31082,750.95,,0.04,1784021400
All Pools,WBTC - AVAX,0.3,False,0.30782,30.63,,0.92,1784021400
All Pools,BOI - MU,0.3,False,0.30512,0.74649,,37.3,1784021400
All Pools,LAMA - AVAX,0.3,False,0.29858,8321.76,,0.0,1784021400
All Pools,Christmas - AVAX,0.3,False,0.29776,180.32,,0.15,1784021400
All Pools,$Crazy - AVAX,0.3,False,0.29379,742.64,,0.04,1784021400
All Pools,sAVAX - COQ,0.3,False,0.29131,61.13,,0.43,1784021400
All Pools,USDC - aXEN,0.3,False,0.29032,9.077,,2.92,1784021400
All Pools,USDC - USD+,0.3,False,0.2873,28.15,,0.93,1784021400
All Pools,gOHM - JOE,0.3,False,0.28342,3.17,,8.16,1784021400
All Pools,AVAX - KET,0.3,False,0.28258,22.88,,1.13,1784021400
All Pools,CHAMP - AMI,0.3,False,0.28229,25.37,,1.02,1784021400
All Pools,SYN - USDC.e,0.3,False,0.27437,2.586,,9.68,1784021400
All Pools,SOL - USDC,0.3,False,0.27174,20.81,,1.19,1784021400
All Pools,DiamondbackGall - AVAX,0.3,False,0.27072,214.06,,0.12,1784021400
All Pools,DFIAT - USDT.e,0.3,False,0.2698,26.9,,0.92,1784021400
All Pools,Psychic - DiamondbackGall,0.3,False,0.26969,245.31,,0.1,1784021400
All Pools,NeatestQuackery - AVAX,0.3,False,0.2689,212.14,,0.12,1784021400
All Pools,Psychic - NeatestQuackery,0.3,False,0.26818,245.02,,0.1,1784021400
All Pools,RUX - AVAX,0.3,False,0.25897,25.48,,0.93,1784021400
All Pools,USDt - RUX,0.3,False,0.25882,15958.0,,0.0,1784021400
All Pools,GLOBA - AVAX,0.3,False,0.25688,39.77,,0.59,1784021400
All Pools,AVAX - DUO,0.3,False,0.2537,52.55,,0.44,1784021400
All Pools,USDT.e - DUO,0.3,False,0.25363,50.47,,0.46,1784021400
All Pools,AVVO - DAI.e,0.3,False,0.24663,34.79,,0.65,1784021400
All Pools,COQ - NOCHILL,0.3,False,0.24598,8.024,,2.8,1784021400
All Pools,SLUSH - USDT.e,0.3,False,0.24501,55.06,,0.41,1784021400
All Pools,SLUSH - AVAX,0.3,False,0.245,45.4,,0.49,1784021400
All Pools,agEUR - USDC,0.3,False,0.24441,59.79,,0.37,1784021400
All Pools,COQ - JUICE,0.3,False,0.2434,26.07,,0.85,1784021400
All Pools,AVAX - TheGospelOfMary,0.3,False,0.24151,117.15,,0.19,1784021400
All Pools,MaryMagdalene - TheGospelOfMary,0.3,False,0.24129,213.97,,0.1,1784021400
All Pools,GLOBA - DAI.e,0.3,False,0.24036,47.26,,0.46,1784021400
All Pools,Silver - AVAX,0.3,False,0.23789,62.72,,0.35,1784021400
All Pools,Silver - Now,0.3,False,0.23685,650.32,,0.03,1784021400
All Pools,BrideOfChrist - BLACK,0.3,False,0.23308,17.68,,1.2,1784021400
All Pools,GATOR - ARENA,0.3,False,0.22805,1.521,,13.68,1784021400
All Pools,AVAX - MeaningOfNumbers,0.3,False,0.22442,212.68,,0.1,1784021400
All Pools,TRYB - USDC.e,0.3,False,0.22403,31.85,,0.64,1784021400
All Pools,WETH.e - yyAVAX,0.3,False,0.2237,14.28,,1.43,1784021400
All Pools,Psychic - MeaningOfNumbers,0.3,False,0.22365,245.4,,0.08,1784021400
All Pools,AVAX - CHAM,0.3,False,0.22166,25.79,,0.78,1784021400
All Pools,USDC - CHAM,0.3,False,0.22161,46.53,,0.43,1784021400
All Pools,NOCHILL - KET,0.3,False,0.22036,8.105,,2.48,1784021400
All Pools,USDC - yyAVAX,0.3,False,0.21569,12.05,,1.63,1784021400
All Pools,APOW - AVAX,0.3,False,0.21527,1312.81,,0.01,1784021400
All Pools,wsOHM - USDC.e,0.3,False,0.2125,18.27,,1.06,1784021400
All Pools,CHAMP - ARENA,0.3,False,0.21211,13.1,,1.48,1784021400
All Pools,Anon - AVAX,0.3,False,0.21065,7.784,,2.47,1784021400
All Pools,IMPACT2 - EURC,0.3,False,0.20487,41.72,,0.45,1784021400
All Pools,meGNX - AVAX,0.3,False,0.20476,12.96,,1.44,1784021400
All Pools,AVAX - ZABU,0.3,False,0.2018,23.27,,0.79,1784021400
All Pools,Christmas - ChristMark,0.3,False,0.19926,111.82,,0.16,1784021400
All Pools,bCASH - NOCHILL,0.3,False,0.19361,12.17,,1.45,1784021400
All Pools,wsOHM - AVAX,0.3,False,0.19256,8.063,,2.18,1784021400
All Pools,USDC.e - DAI.e,0.3,False,0.19209,22216.0,,,1784021400
All Pools,BOI - AMI,0.3,False,0.18505,0.48056,,35.14,1784021400
All Pools,AVAI - AVAX,0.3,False,0.18072,19.71,,0.84,1784021400
All Pools,USDT.e - ZABU,0.3,False,0.1769,44.03,,0.37,1784021400
All Pools,VEE - USDC,0.3,False,0.17642,31.19,,0.52,1784021400
All Pools,Light - AVAX,0.3,False,0.1727,63.78,,0.25,1784021400
All Pools,Light - Now,0.3,False,0.17218,649.54,,0.02,1784021400
All Pools,USDC - BVAX,0.3,False,0.17011,26.11,,0.59,1784021400
All Pools,XPOW - AVAX,0.3,False,0.16354,1312.04,,0.01,1784021400
All Pools,USDt - XPOW,0.3,False,0.16313,20.53,,0.73,1784021400
All Pools,SYN - USDT.e,0.3,False,0.16119,1.378,,10.67,1784021400
All Pools,MELT - AVAX,0.3,False,0.1603,19.9,,0.74,1784021400
All Pools,AVAX - ELK,0.3,False,0.15823,48.36,,0.3,1784021400
All Pools,SPC - DAI.e,0.3,False,0.15703,19.35,,0.74,1784021400
All Pools,BRO - AVAX,0.3,False,0.15614,99984.0,,,1784021400
All Pools,BRO - COQ,0.3,False,0.15591,134.58,,0.11,1784021400
All Pools,SYN - WETH.e,0.3,False,0.15162,1.254,,11.04,1784021400
All Pools,Solar - AVAX,0.3,False,0.14883,63.83,,0.21,1784021400
All Pools,Solar - Now,0.3,False,0.14875,650.08,,0.02,1784021400
All Pools,AVAX - Propriety,0.3,False,0.14842,63.63,,0.21,1784021400
All Pools,Now - Propriety,0.3,False,0.14819,649.44,,0.02,1784021400
All Pools,ALOT - USDC.e,0.3,False,0.14615,7.451,,1.79,1784021400
All Pools,Vaccine - AVAX,0.3,False,0.14417,62.67,,0.21,1784021400
All Pools,Vaccine - Now,0.3,False,0.14404,643.26,,0.02,1784021400
All Pools,FLAKE - USDT.e,0.3,False,0.14375,48.12,,0.27,1784021400
All Pools,FLAKE - AVAX,0.3,False,0.14374,17.06,,0.77,1784021400
All Pools,AVAX - Mentor,0.3,False,0.14212,63.64,,0.2,1784021400
All Pools,WETH.e - USDC,0.3,False,0.14195,20.04,,0.65,1784021400
All Pools,AVAX - BENJI,0.3,False,0.14182,4.761,,2.72,1784021400
All Pools,USDT.e - EXP,0.3,False,0.14162,45046108.0,,,1784021400
All Pools,Now - Mentor,0.3,False,0.14155,648.49,,0.02,1784021400
All Pools,ACS - USDC.e,0.3,False,0.13843,5.079,,2.49,1784021400
All Pools,TECH - OX,0.3,False,0.13642,5914.9,,0.0,1784021400
All Pools,WTHT - SNOB,0.3,False,0.1327,1.252,,9.67,1784021400
All Pools,NOCHILL - AMI,0.3,False,0.13194,3.1,,3.88,1784021400
All Pools,YEEHAW - USDC,0.3,False,0.13067,5.477,,2.18,1784021400
All Pools,AVAX - MILO,0.3,False,0.12958,788.17,,0.02,1784021400
All Pools,USDt - MILO,0.3,False,0.12953,13.97,,0.85,1784021400
All Pools,MIM - TIME,0.3,False,0.12891,26.1,,0.45,1784021400
All Pools,TOMB - USDC,0.3,False,0.12835,10.05,,1.17,1784021400
All Pools,Matter - AVAX,0.3,False,0.12747,56.97,,0.2,1784021400
All Pools,Matter - Now,0.3,False,0.1271,586.71,,0.02,1784021400
All Pools,WETH.e - SURE,0.3,False,0.12615,830.62,,0.01,1784021400
All Pools,BANKSY - USDC.e,0.3,False,0.12589,28.99,,0.4,1784021400
All Pools,BANKSY - AVAX,0.3,False,0.12585,18.26,,0.63,1784021400
All Pools,AVAX - Sinterklaas,0.3,False,0.12461,100.8,,0.11,1784021400
All Pools,aAvaWAVAX - meGNX,0.3,False,0.12436,2.977,,3.81,1784021400
All Pools,Psychic - Sinterklaas,0.3,False,0.12421,240.86,,0.05,1784021400
All Pools,Now - Blessing,0.3,False,0.12366,574.17,,0.02,1784021400
All Pools,AVAX - Blessing,0.3,False,0.12365,56.68,,0.2,1784021400
All Pools,MU - SOL,0.3,False,0.12222,1.1,,10.14,1784021400
All Pools,MIM - VOLT,0.3,False,0.12178,14.55,,0.76,1784021400
All Pools,ABC - AMI,0.3,False,0.12068,2.348,,4.69,1784021400
All Pools,TickTock - AVAX,0.3,False,0.12063,63.89,,0.17,1784021400
All Pools,TickTock - Now,0.3,False,0.12053,650.76,,0.02,1784021400
All Pools,Chemistry - Now,0.3,False,0.1202,640.36,,0.02,1784021400
All Pools,Chemistry - AVAX,0.3,False,0.12014,62.95,,0.17,1784021400
All Pools,AVAX - STRAW,0.3,False,0.11904,14.22,,0.76,1784021400
All Pools,BrideOfChrist - AVAX,0.3,False,0.11821,63.2,,0.17,1784021400
All Pools,METAG - AVAX,0.3,False,0.11699,19.57,,0.55,1784021400
All Pools,Gil - AVAX,0.3,False,0.11629,13.56,,0.78,1784021400
All Pools,AVAT - USDC,0.3,False,0.11521,37.36,,0.28,1784021400
All Pools,MaryMagdalene - BrideOfChrist,0.3,False,0.11488,90.91,,0.12,1784021400
All Pools,MaryMagdalene - ChristMark,0.3,False,0.11434,299.26,,0.03,1784021400
All Pools,Sanskrit - AVAX,0.3,False,0.11383,63.71,,0.16,1784021400
All Pools,Sanskrit - Now,0.3,False,0.11347,648.98,,0.02,1784021400
All Pools,Now - Teste,0.3,False,0.11328,643.38,,0.02,1784021400
All Pools,AVAX - Teste,0.3,False,0.11318,62.37,,0.17,1784021400
All Pools,Necromancer - AVAX,0.3,False,0.11181,63.76,,0.16,1784021400
All Pools,Now - Necromancer,0.3,False,0.11156,649.47,,0.02,1784021400
All Pools,DAI.e - STRAW,0.3,False,0.11135,35.89,,0.28,1784021400
All Pools,APOW - USDt,0.3,False,0.11116,21.19,,0.48,1784021400
All Pools,USDt - REDWOLF,0.3,False,0.11112,13.69,,0.74,1784021400
All Pools,MELT - USDC.e,0.3,False,0.11065,29.5,,0.34,1784021400
All Pools,AVAX - SantaGospel,0.3,False,0.11028,96.68,,0.1,1784021400
All Pools,Slope - AVAX,0.3,False,0.10891,63.78,,0.16,1784021400
All Pools,Gold - AVAX,0.3,False,0.10884,63.89,,0.16,1784021400
All Pools,Gil - DAI.e,0.3,False,0.10878,26.22,,0.38,1784021400
All Pools,Slope - Now,0.3,False,0.10864,648.19,,0.02,1784021400
All Pools,Gold - Now,0.3,False,0.10848,650.69,,0.02,1784021400
All Pools,AVAX - √Root,0.3,False,0.10826,63.86,,0.15,1784021400
All Pools,Now - √Root,0.3,False,0.1076,650.4,,0.02,1784021400
All Pools,Uncontractable - AVAX,0.3,False,0.10754,62.73,,0.16,1784021400
All Pools,Uncontractable - Now,0.3,False,0.10718,635.56,,0.02,1784021400
All Pools,DAI.e - VOLT,0.3,False,0.10714,40.89,,0.24,1784021400
All Pools,Yellow - AVAX,0.3,False,0.10495,188.97,,0.05,1784021400
All Pools,APOW - USDC,0.3,False,0.10357,21.19,,0.45,1784021400
All Pools,YAK - SPORE,0.3,False,0.10307,5.265,,1.79,1784021400
All Pools,Blue - AVAX,0.3,False,0.10241,189.44,,0.05,1784021400
All Pools,Psychic - Blue,0.3,False,0.10198,62.19,,0.15,1784021400
All Pools,Christmas - Merovingian,0.3,False,0.09786,85.67,,0.1,1784021400
All Pools,Now - Merovingian,0.3,False,0.09711,50.1,,0.18,1784021400
All Pools,AVAX - DOGGY,0.3,False,0.09516,1.935,,4.49,1784021400
All Pools,AVAX - Strength,0.3,False,0.0943,101.72,,0.08,1784021400
All Pools,Go - AVAX,0.3,False,0.09413,101.11,,0.08,1784021400
All Pools,Hydrogen - AVAX,0.3,False,0.09396,189.6,,0.05,1784021400
All Pools,Psychic - Strength,0.3,False,0.09392,56.47,,0.15,1784021400
All Pools,Psychic - Go,0.3,False,0.09364,55.96,,0.15,1784021400
All Pools,Psychic - Hydrogen,0.3,False,0.09363,62.52,,0.14,1784021400
All Pools,miMatic - AVAX,0.3,False,0.09348,32.11,,0.27,1784021400
All Pools,miMatic - USDC.e,0.3,False,0.09346,24.08,,0.35,1784021400
All Pools,Psychic - Yellow,0.3,False,0.09101,61.97,,0.13,1784021400
All Pools,HUSKY - MUG,0.3,False,0.09035,13.45,,0.61,1784021400
All Pools,LIBRE - USDC.e,0.3,False,0.08859,12.25,,0.66,1784021400
All Pools,AVAT - AVAX,0.3,False,0.08775,16.7,,0.48,1784021400
All Pools,AVAX - FORT,0.3,False,0.08718,12.91,,0.62,1784021400
All Pools,MIM - FORT,0.3,False,0.08668,2702.27,,0.0,1784021400
All Pools,AVAX - WOLF,0.3,False,0.08653,53.35,,0.15,1784021400
All Pools,USDC.e - WOLF,0.3,False,0.08649,7.502,,1.05,1784021400
All Pools,BENIS - NOCHILL,0.3,False,0.0858,2.728,,2.87,1784021400
All Pools,BLS - SHRAP,0.3,False,0.0856,8.378,,0.93,1784021400
All Pools,Psychic - SantaGospel,0.3,False,0.08551,55.79,,0.14,1784021400
All Pools,MIM - AUSD,0.3,False,0.08428,10.82,,0.71,1784021400
All Pools,WTF - AVAX,0.3,False,0.08416,515.4,,0.01,1784021400
All Pools,AVAX - NEMO,0.3,False,0.08306,6.517,,1.16,1784021400
All Pools,USDt - NEMO,0.3,False,0.08306,95.78,,0.08,1784021400
All Pools,aAvaLINK - AVAX,0.3,False,0.0828,7.357,,1.03,1784021400
All Pools,CGS - USDC.e,0.3,False,0.08173,152.59,,0.05,1784021400
All Pools,CGS - AVAX,0.3,False,0.08157,54.07,,0.14,1784021400
All Pools,AVAX - BLACK,0.3,False,0.08019,3.301,,2.22,1784021400
All Pools,Who - AVAX,0.3,False,0.07837,101.12,,0.07,1784021400
All Pools,Psychic - Who,0.3,False,0.07808,56.51,,0.13,1784021400
All Pools,UST - USDT.e,0.3,False,0.07754,38.39,,0.18,1784021400
All Pools,COQ - BLSEYE🎯,0.3,False,0.0767,143.29,,0.05,1784021400
All Pools,PAPA - AVAX,0.3,False,0.07584,10.92,,0.63,1784021400
All Pools,SUB - USDC,0.3,False,0.07556,11.32,,0.61,1784021400
All Pools,TruthClosure - AVAX,0.3,False,0.0752,7.58,,0.91,1784021400
All Pools,MIM - PAPA,0.3,False,0.07518,66.93,,0.1,1784021400
All Pools,TruthClosure - BLACK,0.3,False,0.07506,12.77,,0.54,1784021400
All Pools,ZRO - USDC,0.3,False,0.07394,4.494,,1.5,1784021400
All Pools,JESUS - AVAX,0.3,False,0.07382,9.216,,0.73,1784021400
All Pools,RUG - USDT.e,0.3,False,0.07288,10.43,,0.64,1784021400
All Pools,AVAX - GAU,0.3,False,0.07016,5.688,,1.13,1784021400
All Pools,WBTC.e - USDC.e,0.3,False,0.06927,8.0,,0.79,1784021400
All Pools,Chrism - ChristMark,0.3,False,0.06757,139.05,,0.04,1784021400
All Pools,JOE - CRA,0.3,False,0.06754,7.032,,0.88,1784021400
All Pools,METAG - USDT.e,0.3,False,0.06752,47.02,,0.13,1784021400
All Pools,WOOD - AVAX,0.3,False,0.06713,19.49,,0.31,1784021400
All Pools,Psychic - Chrism,0.3,False,0.06693,49.94,,0.12,1784021400
All Pools,bECH - AVAX,0.3,False,0.06613,16.9,,0.36,1784021400
All Pools,SHOE - BTC.b,0.3,False,0.06563,0.75263,,7.96,1784021400
All Pools,SURE - USDC.e,0.3,False,0.06538,20.5,,0.29,1784021400
All Pools,USDT.e - XAVA,0.3,False,0.06515,10.72,,0.55,1784021400
All Pools,AI9000 - AVAX,0.3,False,0.0642,215.31,,0.03,1784021400
All Pools,Ush - AVAX,0.3,False,0.06395,2079.97,,0.0,1784021400
All Pools,GAS - AVAX,0.3,False,0.06369,131.09,,0.04,1784021400
All Pools,NineHundred - AVAX,0.3,False,0.06145,101.0,,0.06,1784021400
All Pools,JOE - ZABU,0.3,False,0.06086,12.84,,0.43,1784021400
All Pools,NOCHILL - REDWOLF,0.3,False,0.05994,2.202,,2.48,1784021400
All Pools,NOCHILL - MU,0.3,False,0.0597,1.47,,3.71,1784021400
All Pools,MELT - AVAX,0.3,False,0.05966,801.39,,0.01,1784021400
All Pools,MELT - USDC.e,0.3,False,0.05964,5.889,,0.92,1784021400
All Pools,Psychic - NineHundred,0.3,False,0.05913,55.7,,0.1,1784021400
All Pools,BENIS - AVAX,0.3,False,0.05899,10.67,,0.5,1784021400
All Pools,AVAX - Nala,0.3,False,0.05778,19.02,,0.28,1784021400
All Pools,Psychic - Nala,0.3,False,0.05753,208.8,,0.03,1784021400
All Pools,WOLF - AVAX,0.3,False,0.05677,46.25,,0.11,1784021400
All Pools,CNR - USDC,0.3,False,0.05655,4.408,,1.17,1784021400
All Pools,aDXN - aXEN,0.3,False,0.05644,4.916,,1.05,1784021400
All Pools,aDXN - AVAX,0.3,False,0.05599,49.98,,0.1,1784021400
All Pools,FITFI - USDC,0.3,False,0.05528,0.18286,,27.59,1784021400
All Pools,BUSD - USDC,0.3,False,0.0525,7.389,,0.65,1784021400
All Pools,KLO - USDT.e,0.3,False,0.05236,5.429,,0.88,1784021400
All Pools,SURE - AVAX,0.3,False,0.05127,5.252,,0.89,1784021400
All Pools,gOHM - USDT.e,0.3,False,0.05077,0.64382,,7.2,1784021400
All Pools,AVAX - BOREA,0.3,False,0.05028,5.437,,0.84,1784021400
All Pools,USDT.e - BOREA,0.3,False,0.05015,25.59,,0.18,1784021400
All Pools,MELT - USDT.e,0.3,False,0.04976,29.26,,0.16,1784021400
All Pools,METAG - USDt,0.3,False,0.04938,15.32,,0.29,1784021400
All Pools,USDC - AMI,0.3,False,0.04715,0.49971,,8.61,1784021400
All Pools,SLIME - USDt,0.3,False,0.04686,6.05,,0.71,1784021400
All Pools,SLIME - AVAX,0.3,False,0.04683,14977.0,,,1784021400
All Pools,MIM - RUG,0.3,False,0.04615,6.228,,0.68,1784021400
All Pools,CRA - AVAX,0.3,False,0.04584,7154.73,,,1784021400
All Pools,SHOE - AMI,0.3,False,0.04546,0.17696,,23.44,1784021400
All Pools,UNIV - AVAX,0.3,False,0.04525,6.039,,0.68,1784021400
All Pools,MIM - UNIV,0.3,False,0.04447,5.447,,0.74,1784021400
All Pools,SURE - DAI.e,0.3,False,0.0441,23.95,,0.17,1784021400
All Pools,ICUBE - AVAX,0.3,False,0.04389,5.321,,0.75,1784021400
All Pools,ICUBE - USDT.e,0.3,False,0.04384,107.12,,0.04,1784021400
All Pools,CNR - REDWOLF,0.3,False,0.0435,14.8,,0.27,1784021400
All Pools,TSD - WOLF,0.3,False,0.04292,28.13,,0.14,1784021400
All Pools,USDt - DXN,0.3,False,0.04279,213.6,,0.02,1784021400
All Pools,DUO - USDT.e,0.3,False,0.04147,6.102,,0.62,1784021400
All Pools,AVAX - SHRAP,0.3,False,0.04049,11.72,,0.32,1784021400
All Pools,AVAX - TMT,0.3,False,0.04019,5.847,,0.63,1784021400
All Pools,ROCO - AVAX,0.3,False,0.04017,1333.94,,0.0,1784021400
All Pools,SHK - AVAX,0.3,False,0.04015,0.20574,,17.81,1784021400
All Pools,USDT.e - TMT,0.3,False,0.04011,25.42,,0.14,1784021400
All Pools,WETH.e - meGNX,0.3,False,0.04007,5.086,,0.72,1784021400
All Pools,AVAX - BLANC,0.3,False,0.03994,7.226,,0.5,1784021400
All Pools,AVAX - GG,0.3,False,0.03977,5.224,,0.69,1784021400
All Pools,MIM - BLANC,0.3,False,0.0395,1254.68,,0.0,1784021400
All Pools,AVAI - USDC.e,0.3,False,0.03855,26.6,,0.13,1784021400
All Pools,GURS - ARENA,0.3,False,0.03838,5.244,,0.67,1784021400
All Pools,AVAX - BAVA,0.3,False,0.03809,8.607,,0.4,1784021400
All Pools,AVAX - SDOG,0.3,False,0.03765,6.499,,0.53,1784021400
All Pools,wMEMO - AVAX,0.3,False,0.03716,6.447,,0.53,1784021400
All Pools,WLRS - GRAPE,0.3,False,0.03649,8.909,,0.37,1784021400
All Pools,WLRS - USDC.e,0.3,False,0.03628,3997.84,,,1784021400
All Pools,BRUH - AVAX,0.3,False,0.03626,882.23,,0.0,1784021400
All Pools,CNR - AVAX,0.3,False,0.03611,47.18,,0.07,1784021400
All Pools,UNIQOC - AVAX,0.3,False,0.03607,814.54,,0.0,1784021400
All Pools,UNIQOC - COQ,0.3,False,0.03596,35.37,,0.09,1784021400
All Pools,MIM - GG,0.3,False,0.03535,73.12,,0.04,1784021400
All Pools,MPL - AVAX,0.3,False,0.0351,5.033,,0.64,1784021400
All Pools,MPL - USDt,0.3,False,0.03504,29.7,,0.11,1784021400
All Pools,CNR - USDt,0.3,False,0.03435,4.424,,0.71,1784021400
All Pools,YEEHAW - AMI,0.3,False,0.03411,3.025,,1.03,1784021400
All Pools,USDC.e - RUG,0.3,False,0.03369,17.54,,0.18,1784021400
All Pools,LINK.e - MU,0.3,False,0.03252,6.789,,0.44,1784021400
All Pools,MIM - TSNFTGM,0.3,False,0.03227,3.473,,0.85,1784021400
All Pools,gOHM - OTWO,0.3,False,0.03185,91211.0,,,1784021400
All Pools,wsOHM - OTWO,0.3,False,0.03148,1.538,,1.87,1784021400
All Pools,NXPC - AVAX,0.3,False,0.03137,0.99183,,2.89,1784021400
All Pools,KIMBO - AMI,0.3,False,0.031,2.344,,1.21,1784021400
All Pools,COQ - AMI,0.3,False,0.0309,8.025,,0.35,1784021400
All Pools,TSNFTGM - DAI.e,0.3,False,0.02979,29.29,,0.09,1784021400
All Pools,MU - COQAI,0.3,False,0.02971,5.64,,0.48,1784021400
All Pools,AVAX - CAST,0.3,False,0.02953,1376.94,,0.0,1784021400
All Pools,FollowTheWhiteRabbit - AVAX,0.3,False,0.02945,115.64,,0.02,1784021400
All Pools,AVAX - SPADE,0.3,False,0.02901,4.877,,0.54,1784021400
All Pools,USDC.e - SPADE,0.3,False,0.029,15.39,,0.17,1784021400
All Pools,LUNA - LUNA,0.3,False,0.02895,1.852,,1.43,1784021400
All Pools,LoveIsTheKey - FollowTheWhiteRabbit,0.3,False,0.02895,44.37,,0.06,1784021400
All Pools,LoveIsTheKey - BLACK,0.3,False,0.0289,4.184,,0.63,1784021400
All Pools,BTC.b - MU,0.3,False,0.02847,9.93,,0.26,1784021400
All Pools,USDT.e - DAI.e,0.3,False,0.02809,7172.32,,,1784021400
All Pools,BTC.b - USDC,0.3,False,0.02807,4.177,,0.61,1784021400
All Pools,WOLF - MU,0.3,False,0.02755,3.813,,0.66,1784021400
All Pools,JOE - ZUBAX,0.3,False,0.02714,6.468,,0.38,1784021400
All Pools,ARENA - AMI,0.3,False,0.02634,0.8702,,2.76,1784021400
All Pools,BGLD - AVAX,0.3,False,0.02627,3.56,,0.67,1784021400
All Pools,BGLD - USDT.e,0.3,False,0.02626,16.36,,0.15,1784021400
All Pools,SBR - AVAX,0.3,False,0.02582,3.788,,0.62,1784021400
All Pools,WDAO - AVAX,0.3,False,0.02558,9.957,,0.23,1784021400
All Pools,MIM - SBR,0.3,False,0.02554,11.4,,0.2,1784021400
All Pools,aAvaLINK - meGNX,0.3,False,0.02541,8.438,,0.27,1784021400
All Pools,WDAO - MIM,0.3,False,0.02535,5.423,,0.43,1784021400
All Pools,ElvisJackpot - Gravity,0.3,False,0.02516,14.37,,0.16,1784021400
All Pools,ElvisJackpot - BLACK,0.3,False,0.02495,10.29,,0.22,1784021400
All Pools,wMEMO - MIM,0.3,False,0.02487,4.406,,0.52,1784021400
All Pools,AMI - SQRCAT,0.3,False,0.02483,10.1,,0.22,1784021400
All Pools,AVAX - SQRCAT,0.3,False,0.02478,4225.49,,,1784021400
All Pools,BLACK - SantaGospel,0.3,False,0.02436,2.609,,0.85,1784021400
All Pools,ARA - AVAX,0.3,False,0.02428,2.316,,0.96,1784021400
All Pools,GG - AVAX,0.3,False,0.02416,5.729,,0.38,1784021400
All Pools,ZUM - NOCHILL,0.3,False,0.02398,0.73005,,3.0,1784021400
All Pools,BSGG - AVAX,0.3,False,0.0239,2.524,,0.86,1784021400
All Pools,MIM - GG,0.3,False,0.0239,4.947,,0.44,1784021400
All Pools,GURS - NOCHILL,0.3,False,0.02348,1.135,,1.89,1784021400
All Pools,AVAX - NADO,0.3,False,0.02336,2.586,,0.82,1784021400
All Pools,YAK - JOE,0.3,False,0.02333,0.95011,,2.24,1784021400
All Pools,MIM - NADO,0.3,False,0.02311,175.57,,0.01,1784021400
All Pools,DBY - AVAX,0.3,False,0.02191,7490.39,,,1784021400
All Pools,AVAX - USDR,0.3,False,0.02146,2.447,,0.8,1784021400
All Pools,USDR - USDC,0.3,False,0.02146,39.9,,0.05,1784021400
All Pools,wALGO - AVAX,0.3,False,0.02124,115.34,,0.02,1784021400
All Pools,wALGO - USDC,0.3,False,0.02121,2.39,,0.81,1784021400
All Pools,AVAX - WSPP,0.3,False,0.02081,2.316,,0.82,1784021400
All Pools,USDC - WSPP,0.3,False,0.0208,41.92,,0.05,1784021400
All Pools,NOCHILL - WAIFU,0.3,False,0.02035,138.21,,0.01,1784021400
All Pools,AVAX - LYLY,0.3,False,0.02007,50.6,,0.04,1784021400
All Pools,XIO - AVAX,0.3,False,0.02002,2.321,,0.79,1784021400
All Pools,XIO - USDC,0.3,False,0.02,23.95,,0.08,1784021400
All Pools,USDC.e - WMATIC,0.3,False,0.01999,16.13,,0.11,1784021400
All Pools,Milk - AVAX,0.3,False,0.01995,5.373,,0.34,1784021400
All Pools,QI - LYLY,0.3,False,0.01993,1.784,,1.02,1784021400
All Pools,WINK - NOCHILL,0.3,False,0.01986,0.37854,,4.79,1784021400
All Pools,Milk - USDT.e,0.3,False,0.01984,13.87,,0.13,1784021400
All Pools,REDWOLF - WMATIC,0.3,False,0.01967,2.037,,0.88,1784021400
All Pools,gOHM - USDC.e,0.3,False,0.01958,0.32698,,5.47,1784021400
All Pools,AVAX - AMONKS,0.3,False,0.01953,1144.06,,0.0,1784021400
All Pools,REDWOLF - AMONKS,0.3,False,0.01947,5.623,,0.32,1784021400
All Pools,Anon - USDC,0.3,False,0.01917,0.6688,,2.62,1784021400
All Pools,AVAX - GOT,0.3,False,0.0191,4.272,,0.41,1784021400
All Pools,USDT.e - GOT,0.3,False,0.01897,12.39,,0.14,1784021400
All Pools,FITFI - USDC.e,0.3,False,0.01896,0.09801,,17.65,1784021400
All Pools,SOB - AVAX,0.3,False,0.0183,390.23,,0.0,1784021400
All Pools,LIFE - AVAX,0.3,False,0.01817,2.677,,0.62,1784021400
All Pools,SOB - LUNA,0.3,False,0.01799,0.80501,,2.04,1784021400
All Pools,MIM - LIFE,0.3,False,0.01795,11.23,,0.15,1784021400
All Pools,AVAX - DAI,0.3,False,0.01792,56.02,,0.03,1784021400
All Pools,MAJIN - AVAX,0.3,False,0.01777,3019.48,,,1784021400
All Pools,MAJIN - MU,0.3,False,0.0177,3.689,,0.44,1784021400
All Pools,GATOR - AMI,0.3,False,0.01765,3.039,,0.53,1784021400
All Pools,MIM - DICK,0.3,False,0.01742,2.159,,0.74,1784021400
All Pools,MIM - sTHO,0.3,False,0.01738,203.58,,0.01,1784021400
All Pools,DICK - AVAX,0.3,False,0.01733,6.109,,0.26,1784021400
All Pools,SUB - AVAX,0.3,False,0.01714,14.83,,0.11,1784021400
All Pools,ACS - USDt,0.3,False,0.017,0.92073,,1.69,1784021400
All Pools,DUNEV3 - USDC.e,0.3,False,0.01688,25237.0,,,1784021400
All Pools,WINK - AVAX,0.3,False,0.01664,41.49,,0.04,1784021400
All Pools,MIM - DUNEV3,0.3,False,0.01654,53686.0,,,1784021400
All Pools,ARENA - MU,0.3,False,0.01639,2.747,,0.54,1784021400
All Pools,KOKSAL - USDC,0.3,False,0.01617,4.434,,0.33,1784021400
All Pools,KOKSAL - AVAX,0.3,False,0.01617,2.765,,0.53,1784021400
All Pools,MOO - AVAX,0.3,False,0.01596,540.48,,0.0,1784021400
All Pools,DUA - USDC,0.3,False,0.01577,11.42,,0.13,1784021400
All Pools,AVAX - DUA,0.3,False,0.01577,1.722,,0.84,1784021400
All Pools,FINANCE - NOCHILL,0.3,False,0.01577,367.91,,0.0,1784021400
All Pools,KOVIN - MU,0.3,False,0.01511,2.502,,0.55,1784021400
All Pools,Psychic - Solved,0.3,False,0.01468,47.35,,0.03,1784021400
All Pools,Solved - BLACK,0.3,False,0.01429,1.278,,1.02,1784021400
All Pools,Psychic - Architect,0.3,False,0.01417,47.35,,0.03,1784021400
All Pools,NRK - DAI.e,0.3,False,0.01406,280.4,,0.0,1784021400
All Pools,AVAX - SPELL,0.3,False,0.01393,1938.03,,,1784021400
All Pools,SMRT - XAVA,0.3,False,0.01388,2.266,,0.56,1784021400
All Pools,Trinity - FourFourFour,0.3,False,0.01382,3.471,,0.36,1784021400
All Pools,MIM - SPELL,0.3,False,0.01382,2.439,,0.52,1784021400
All Pools,YAK - USDT.e,0.3,False,0.01381,0.56193,,2.24,1784021400
All Pools,Architect - BLACK,0.3,False,0.01379,1.278,,0.98,1784021400
All Pools,WOLF - USDT.e,0.3,False,0.01379,3.166,,0.4,1784021400
All Pools,FourFourFour - BLACK,0.3,False,0.01377,3.293,,0.38,1784021400
All Pools,Psychic - TwinFlames,0.3,False,0.01371,47.89,,0.03,1784021400
All Pools,UST - USDC,0.3,False,0.01359,3.921,,0.32,1784021400
All Pools,Psychic - QuetzalCoatl,0.3,False,0.01359,47.36,,0.03,1784021400
All Pools,Psychic - Checkmate,0.3,False,0.01358,47.46,,0.03,1784021400
All Pools,Yellow - BLACK,0.3,False,0.01354,2.61,,0.47,1784021400
All Pools,Spider - Psychic,0.3,False,0.01354,47.32,,0.03,1784021400
All Pools,HCT - AVAX,0.3,False,0.01352,2.623,,0.47,1784021400
All Pools,Psychic - daVinci,0.3,False,0.01351,47.35,,0.03,1784021400
All Pools,Psychic - Bonfire,0.3,False,0.01347,47.35,,0.03,1784021400
All Pools,Choice - Psychic,0.3,False,0.01346,47.33,,0.03,1784021400
All Pools,JOE - REDWOLF,0.3,False,0.01344,2.743,,0.45,1784021400
All Pools,BLACK - TwinFlames,0.3,False,0.01337,1.297,,0.94,1784021400
All Pools,QuetzalCoatl - BLACK,0.3,False,0.01324,1.278,,0.95,1784021400
All Pools,Checkmate - BLACK,0.3,False,0.01324,1.281,,0.94,1784021400
All Pools,Spider - BLACK,0.3,False,0.01321,1.287,,0.94,1784021400
All Pools,daVinci - BLACK,0.3,False,0.01317,1.279,,0.94,1784021400
All Pools,Bonfire - BLACK,0.3,False,0.01314,1.279,,0.94,1784021400
All Pools,Choice - BLACK,0.3,False,0.01314,1.284,,0.93,1784021400
All Pools,Psychic - Partment,0.3,False,0.01296,47.34,,0.02,1784021400
All Pools,CATWIF - AVAX,0.3,False,0.0129,2355.5,,,1784021400
All Pools,HIGHER - AVAX,0.3,False,0.01289,1.197,,0.98,1784021400
All Pools,CATWIF - MU,0.3,False,0.01283,3.018,,0.39,1784021400
All Pools,BLACK - Partment,0.3,False,0.01275,1.279,,0.91,1784021400
All Pools,Psychic - Sequence,0.3,False,0.01274,47.36,,0.02,1784021400
All Pools,Psychic - Crypt,0.3,False,0.01273,47.32,,0.02,1784021400
All Pools,Psychic - TheArcher,0.3,False,0.01271,47.37,,0.02,1784021400
All Pools,AVAX - iBONE,0.3,False,0.01268,4.23,,0.27,1784021400
All Pools,ChristMark - ChristIAmYou,0.3,False,0.01268,20.1,,0.06,1784021400
All Pools,Psychic - LordJesusChrist,0.3,False,0.01265,45.47,,0.03,1784021400
All Pools,USDT.e - iBONE,0.3,False,0.01259,4.459,,0.26,1784021400
All Pools,Sequence - BLACK,0.3,False,0.01254,1.273,,0.9,1784021400
All Pools,Crypt - BLACK,0.3,False,0.01253,1.283,,0.89,1784021400
All Pools,AVAX - SOL,0.3,False,0.01253,0.06619,,17.27,1784021400
All Pools,TheArcher - BLACK,0.3,False,0.01251,1.274,,0.9,1784021400
All Pools,LordJesusChrist - BLACK,0.3,False,0.01243,1.232,,0.92,1784021400
All Pools,BLACK - ChristIAmYou,0.3,False,0.01242,1.297,,0.87,1784021400
All Pools,WTHT - AXIAL,0.3,False,0.01226,0.28592,,3.91,1784021400
All Pools,Psychic - BirthingCode,0.3,False,0.01203,47.37,,0.02,1784021400
All Pools,Psychic - Equal,0.3,False,0.01202,47.36,,0.02,1784021400
All Pools,Psychic - YouAndI,0.3,False,0.01202,47.36,,0.02,1784021400
All Pools,Psychic - FinityFinity,0.3,False,0.01194,47.37,,0.02,1784021400
All Pools,Psychic - Turtle,0.3,False,0.01187,47.37,,0.02,1784021400
All Pools,Psychic - Finish,0.3,False,0.01185,47.33,,0.02,1784021400
All Pools,AVAX - APE - X,0.3,False,0.01183,472.2,,0.0,1784021400
All Pools,BirthingCode - BLACK,0.3,False,0.0118,1.268,,0.85,1784021400
All Pools,Equal - BLACK,0.3,False,0.01179,1.269,,0.85,1784021400
All Pools,YouAndI - BLACK,0.3,False,0.01179,1.27,,0.85,1784021400
All Pools,Psychic - TrueStory,0.3,False,0.01179,47.37,,0.02,1784021400
All Pools,FinityFinity - BLACK,0.3,False,0.01169,1.27,,0.84,1784021400
All Pools,Turtle - BLACK,0.3,False,0.01166,1.268,,0.84,1784021400
All Pools,Finish - BLACK,0.3,False,0.01163,1.277,,0.83,1784021400
All Pools,TrueStory - BLACK,0.3,False,0.01157,1.269,,0.83,1784021400
All Pools,AVAX - DWC,0.3,False,0.01157,4111.0,,,1784021400
All Pools,DWC - MU,0.3,False,0.0115,2.762,,0.38,1784021400
All Pools,TECH - AMI,0.3,False,0.01146,1.637,,0.64,1784021400
All Pools,Psychic - Gematria,0.3,False,0.01144,47.36,,0.02,1784021400
All Pools,BTC.b - yyAVAX,0.3,False,0.01144,4.161,,0.25,1784021400
All Pools,GURS - HOWDY,0.3,False,0.01135,0.57837,,1.79,1784021400
All Pools,USDC - USDT.e,0.3,False,0.01134,154.48,,0.01,1784021400
All Pools,BLACK - Gematria,0.3,False,0.01117,1.27,,0.8,1784021400
All Pools,AAVE.e - meGNX,0.3,False,0.01108,3.602,,0.28,1784021400
All Pools,AMPL - AVAX,0.3,False,0.011,204.37,,0.0,1784021400
All Pools,JOE - GB,0.3,False,0.01088,0.16461,,6.03,1784021400
All Pools,Trinity - IfYouKnowYouKnow,0.3,False,0.01075,3.294,,0.3,1784021400
All Pools,BLACK - IfYouKnowYouKnow,0.3,False,0.01047,1.266,,0.75,1784021400
All Pools,aAvaLINK - LINK.e,0.3,False,0.01011,1.566,,0.59,1784021400
All Pools,TEMPO - AVAX,0.3,False,0.01003,1.825,,0.5,1784021400
All Pools,MIM - TEMPO,0.3,False,0.00994,5.189,,0.17,1784021400
All Pools,SHOE - COQ,0.3,False,0.0099,0.03759,,24.02,1784021400
All Pools,GMX - USDC,0.3,False,0.00975,0.81657,,1.09,1784021400
All Pools,HERESY - MEOW,0.3,False,0.00917,0.19328,,4.33,1784021400
All Pools,AVAX - LODE,0.3,False,0.00912,0.83426,,1.0,1784021400
All Pools,NXPC - USDC,0.3,False,0.009,0.67383,,1.22,1784021400
All Pools,AVAX - WOHM,0.3,False,0.00871,1.166,,0.68,1784021400
All Pools,GURS - AMI,0.3,False,0.00867,1.254,,0.63,1784021400
All Pools,MIM - WOHM,0.3,False,0.00859,13.46,,0.06,1784021400
All Pools,USDC.e - UST,0.3,False,0.00852,1.549,,0.5,1784021400
All Pools,HH - ARENA,0.3,False,0.00847,1.654,,0.47,1784021400
All Pools,HH - AVAX,0.3,False,0.0084,238.2,,0.0,1784021400
All Pools,Gladiator - AVAX,0.3,False,0.00834,1.515,,0.5,1784021400
All Pools,NOCHILL - ARENA,0.3,False,0.00833,0.25371,,2.99,1784021400
All Pools,BEAM - MU,0.3,False,0.00813,0.94502,,0.79,1784021400
All Pools,TRACTOR - AVAX,0.3,False,0.00813,10638.0,,,1784021400
All Pools,TRACTOR - JOE,0.3,False,0.00806,1.129,,0.65,1784021400
All Pools,BNZ - KET,0.3,False,0.00805,2.465,,0.3,1784021400
All Pools,SNO Token - AVAX,0.3,False,0.00804,1.127,,0.65,1784021400
All Pools,SNO Token - JOE,0.3,False,0.00797,50.05,,0.01,1784021400
All Pools,JOE - AVE,0.3,False,0.00774,1.186,,0.6,1784021400
All Pools,YEEHAW - ARENA,0.3,False,0.00751,0.85198,,0.8,1784021400
All Pools,AVAX - EDG,0.3,False,0.0073,1.385,,0.48,1784021400
All Pools,AAVE.e - USDC.e,0.3,False,0.00724,1.275,,0.52,1784021400
All Pools,AMI - MU,0.3,False,0.00723,1.245,,0.53,1784021400
All Pools,MIM - EDG,0.3,False,0.00722,1.581,,0.42,1784021400
All Pools,WETH.e - MU,0.3,False,0.00716,1.77,,0.37,1784021400
All Pools,HIGHER - AMI,0.3,False,0.00682,1.871,,0.33,1784021400
All Pools,SNLP - AVAX,0.3,False,0.00663,2625.49,,,1784021400
All Pools,JOE - SNLP,0.3,False,0.00656,1.057,,0.57,1784021400
All Pools,AVAX - VYBE,0.3,False,0.00635,1.68,,0.35,1784021400
All Pools,MIM - VYBE,0.3,False,0.00628,0.87447,,0.66,1784021400
All Pools,BIRD - AVAX,0.3,False,0.0062,0.00947,,59.75,1784021400
All Pools,LF - USDT.e,0.3,False,0.00618,0.98414,,0.57,1784021400
All Pools,COQ - ARENA,0.3,False,0.00608,0.79254,,0.7,1784021400
All Pools,HIGHER - NOCHILL,0.3,False,0.00602,0.18092,,3.03,1784021400
All Pools,JOE - CNR,0.3,False,0.006,0.72677,,0.75,1784021400
All Pools,CANS - AVAX,0.3,False,0.00594,7.965,,0.07,1784021400
All Pools,HEFE - CANS,0.3,False,0.00593,4.691,,0.12,1784021400
All Pools,MUMO - USDC,0.3,False,0.00592,7.944,,0.07,1784021400
All Pools,AVAX - AXIAL,0.3,False,0.00578,597.43,,,1784021400
All Pools,AVAX - OK,0.3,False,0.00564,1.598,,0.32,1784021400
All Pools,USDC - OK,0.3,False,0.00559,1.153,,0.44,1784021400
All Pools,MIM - AFARMER,0.3,False,0.00555,3681.71,,,1784021400
All Pools,WETH.e - STATIK,0.3,False,0.00545,0.98801,,0.5,1784021400
All Pools,JOE - USDt,0.3,False,0.0053,0.64021,,0.76,1784021400
All Pools,AUSD - HUSKY,0.3,False,0.00513,0.45692,,1.03,1784021400
All Pools,MUMO - SOL,0.3,False,0.00498,0.07197,,6.32,1784021400
All Pools,GMX - USDt,0.3,False,0.00494,0.33768,,1.34,1784021400
All Pools,TEDDY - USDC,0.3,False,0.00489,0.62469,,0.71,1784021400
All Pools,QI - USDC.e,0.3,False,0.00487,0.63846,,0.7,1784021400
All Pools,USDC - LODE,0.3,False,0.00483,847.95,,,1784021400
All Pools,AVAX - PAR,0.3,False,0.0048,1.296,,0.34,1784021400
All Pools,MIM - PAR,0.3,False,0.00473,0.47513,,0.91,1784021400
All Pools,YEEHAW - ABC,0.3,False,0.00444,0.2335,,1.74,1784021400
All Pools,PinOcchio - AVAX,0.3,False,0.00443,7.745,,0.05,1784021400
All Pools,PinOcchio - Gravity,0.3,False,0.00441,1.487,,0.27,1784021400
All Pools,ETHM - AVAX,0.3,False,0.00434,21.47,,0.02,1784021400
All Pools,WETH.e - ETHM,0.3,False,0.00428,0.40861,,0.96,1784021400
All Pools,USDC.e - GG,0.3,False,0.00414,0.37249,,1.01,1784021400
All Pools,BNZ - WINK,0.3,False,0.00408,0.24453,,1.52,1784021400
All Pools,MIM - YAK,0.3,False,0.00398,0.16782,,2.16,1784021400
All Pools,AVAX - ASND,0.3,False,0.00397,0.1188,,3.05,1784021400
All Pools,AVAX - MICRO,0.3,False,0.00396,18.58,,0.02,1784021400
All Pools,AMI - EROL,0.3,False,0.00394,0.30362,,1.18,1784021400
All Pools,MIM - ASND,0.3,False,0.00382,78.4,,0.0,1784021400
All Pools,ERROR - AMI,0.3,False,0.0035,1.742,,0.18,1784021400
All Pools,AVAX - WINE,0.3,False,0.00343,0.08462,,3.69,1784021400
All Pools,AVAX - MTB,0.3,False,0.00321,0.4256,,0.69,1784021400
All Pools,AVAX - DREX,0.3,False,0.00317,0.19929,,1.45,1784021400
All Pools,MIM - MTB,0.3,False,0.00315,0.44652,,0.64,1784021400
All Pools,MIM - DREX,0.3,False,0.00312,5.669,,0.05,1784021400
All Pools,SNTA - MIM,0.3,False,0.00299,0.3223,,0.85,1784021400
All Pools,GRAPE - AVAX,0.3,False,0.00298,0.09569,,2.84,1784021400
All Pools,LIFE - AVAX,0.3,False,0.00294,0.74168,,0.36,1784021400
All Pools,MIM - LIFE,0.3,False,0.00289,0.23788,,1.11,1784021400
All Pools,USDC.e - TIME,0.3,False,0.0028,0.19461,,1.31,1784021400
All Pools,JOE - aXEN,0.3,False,0.00274,0.17537,,1.43,1784021400
All Pools,DB - AVAX,0.3,False,0.00271,1.37,,0.18,1784021400
All Pools,STG - JOE,0.3,False,0.00268,0.10376,,2.36,1784021400
All Pools,xJOE - AVAX,0.3,False,0.00268,1.782,,0.14,1784021400
All Pools,FAP - AVAX,0.3,False,0.00267,67.82,,0.0,1784021400
All Pools,MIM - DB,0.3,False,0.00266,0.19024,,1.28,1784021400
All Pools,xJOE - wsOHM,0.3,False,0.00263,0.17744,,1.35,1784021400
All Pools,MIM - FAP,0.3,False,0.00255,0.04776,,4.88,1784021400
All Pools,ABC - MU,0.3,False,0.00217,0.05046,,3.93,1784021400
All Pools,NineHundred - BLACK,0.3,False,0.00213,2.629,,0.07,1784021400
All Pools,AVAX - PLEB,0.3,False,0.0021,0.08896,,2.16,1784021400
All Pools,BLOB - AVAX,0.3,False,0.00206,2314.31,,,1784021400
All Pools,MIM - PLEB,0.3,False,0.00205,8.029,,0.02,1784021400
All Pools,LUNA - USDC,0.3,False,0.00199,0.09505,,1.91,1784021400
All Pools,MIM - AKITA,0.3,False,0.00197,0.08126,,2.22,1784021400
All Pools,AMI - COQAI,0.3,False,0.00197,2.739,,0.07,1784021400
All Pools,USDC.e - XAVA,0.3,False,0.00177,0.34176,,0.47,1784021400
All Pools,UST - WINE,0.3,False,0.00152,0.11542,,1.2,1784021400
All Pools,TSD - USDC.e,0.3,False,0.00148,0.06257,,2.16,1784021400
All Pools,ILoveMyTwinFlame - AVAX,0.3,False,0.00115,3.989,,0.03,1784021400
All Pools,ILoveMyTwinFlame - Gravity,0.3,False,0.00114,1.608,,0.06,1784021400
All Pools,LYD - AVAX,0.3,False,0.0011,0.64522,,0.16,1784021400
All Pools,LYD - REDWOLF,0.3,False,0.00109,4.072,,0.02,1784021400
All Pools,YEEHAW - Gladiator,0.3,False,0.00108,0.08346,,1.18,1784021400
All Pools,USDC - XPOW,0.3,False,0.00102,0.02493,,3.72,1784021400
All Pools,GRAPE - USDC.e,0.3,False,0.00101,0.03921,,2.34,1784021400
All Pools,COQ - USDt,0.3,False,,0.04118,,2.04,1784021400
All Pools,YEEHAW - MU,0.3,False,,0.12063,,0.66,1784021400
All Pools,CRAFT - AVAX,0.3,False,,289.63,,,1784021400
All Pools,ROCO - USDT.e,0.3,False,,0.10329,,0.67,1784021400
All Pools,PGX - AVAX,0.3,False,,10128.0,,,1784021400
All Pools,SYN - JOE,0.3,False,,0.01685,,3.79,1784021400
All Pools,FollowTheWhiteRabbit - BLACK,0.3,False,,0.12788,,0.41,1784021400
All Pools,SYN - XAVA,0.3,False,,0.00532,,7.45,1784021400
All Pools,SPORE - USDC,0.3,False,,1391.81,,,1784021400
All Pools,DONK - AVAX,0.3,False,,21.62,,,1784021400
All Pools,aAVAXb - AVAX,0.3,False,,0.25547,,0.02,1784021400
All Pools,SMRT - TMT,0.3,False,,0.13605,,0.02,1784021400
All Pools,MIM - SMRT,0.3,False,,0.53214,,0.0,1784021400
All Pools,EZE - AVAX,0.3,False,,0.04836,,0.02,1784021400
All Pools,MU - KET,0.3,False,,0.93577,,,1784021400
All Pools,aAvaWAVAX - AVAX,0.3,False,,0.18381,,0.0,1784021400
All Pools,FATE - USDC,0.3,False,,448673.0,,,1784021400
All Pools,bJOE - JOE,0.3,False,,0.05434,,0.0,1784021400
All Pools,bXAVA - XAVA,0.3,False,,0.0457,,0.0,1784021400
All Pools,MIM - JOE,0.3,False,,0.00213,,0.02,1784021400
All Pools,bUSDT - AVAX,0.3,False,,0.00218,,0.01,1784021400
All Pools,GB - USDC.e,0.3,False,,0.00204,,0.0,1784021400
All Pools,YTS - GB,0.3,False,,0.00107,,0.0,1784021400
All Pools,GB - BOOFI,0.3,False,,,,0.0,1784021400
All Pools,AVAX - avWAVAX,0.3,False,,0.00101,,,1784021400
All Pools,SPORE - JOE,0.3,False,,0.40943,,,1784021400
All Pools,GB - XAVA,0.3,False,,,,0.0,1784021400
All Pools,AVAX - bWETH,0.3,False,,,,0.2,1784021400
All Pools,AVAX - USDC,0.05,False,863434.0,377192.0,453.57,43.89,1784024997
All Pools,USDt - USDC,0.01,False,92460.0,163031.0,9.537,2.14,1784024997
All Pools,USDt - USDC,0.005,False,70085.0,160318.0,5.393,1.23,1784024997
All Pools,BTC.b - USDC,0.05,False,66265.0,571277.0,34.66,2.21,1784024997
All Pools,AUSD - USDC,0.01,False,65032.0,101330.0,6.44,2.32,1784024997
All Pools,FOLKS - AVAX,0.25,False,49667.0,36520.0,134.88,134.8,1784024997
All Pools,sAVAX - AVAX,0.01,False,48633.0,47459.0,5.578,4.29,1784024997
All Pools,AVAX - USDT.e,0.3,False,18982.0,467314.0,47.45,3.71,1784024997
All Pools,AVAX - USDC,0.3,False,16791.0,344531.0,41.98,4.45,1784024997
All Pools,USDC.e - AVAX,0.3,False,15824.0,363773.0,39.56,3.97,1784024997
All Pools,gOHM - AVAX,0.3,False,15572.0,124751.0,38.93,11.39,1784024997
All Pools,USDC - XAVA,0.3,False,13372.0,489174.0,33.43,2.49,1784024997
All Pools,AVAX - USDt,0.2,False,11991.0,98895.0,24.17,8.92,1784024997
All Pools,ARENA - AVAX,0.01,False,11332.0,98521.0,1.133,0.42,1784024997
All Pools,AVAX - BTC.b,0.05,False,10439.0,26907.0,5.994,8.13,1784024997
All Pools,WETH.e - AVAX,0.3,False,10096.0,365572.0,25.24,2.52,1784024997
All Pools,AAVE.e - AVAX,0.3,False,9794.31,260156.0,24.49,3.44,1784024997
All Pools,USDT.e - USDt,0.02,False,8467.32,44416.0,1.694,1.39,1784024997
All Pools,DAI.e - USDC,0.02,False,8403.93,28569.0,1.612,2.06,1784024997
All Pools,NXUSD - WXT,0.3,False,7958.42,476993.0,19.9,1.52,1784024997
All Pools,USDT.e - USDC,0.02,False,7729.1,51032.0,1.559,1.12,1784024997
All Pools,AUSD - USDt,0.01,False,7513.67,70336.0,0.77921,0.4,1784024997
All Pools,JOE - USDC.e,0.3,False,5953.29,258174.0,14.88,2.1,1784024997
All Pools,COQ - AVAX,0.3,False,5695.1,394568.0,14.24,1.32,1784024997
All Pools,JOE - AVAX,0.3,False,4593.9,210160.0,11.48,1.99,1784024997
All Pools,XAVA - AVAX,0.8,False,4568.89,157058.0,36.84,8.56,1784024997
All Pools,MIM - AVAX,0.3,False,3880.34,184354.0,9.701,1.92,1784024997
All Pools,NOCHILL - AVAX,0.3,False,3680.28,51761.0,9.201,6.49,1784024997
All Pools,GUN - AVAX,0.25,False,3119.2,9389.0,12.67,49.26,1784024997
All Pools,WBTC.e - AVAX,0.3,False,3043.82,129769.0,7.61,2.14,1784024997
All Pools,BTC.b - AVAX,0.3,False,2865.34,106217.0,7.163,2.46,1784024997
All Pools,QI - AVAX,0.3,False,2725.68,128454.0,6.814,1.94,1784024997
All Pools,LCPEDU - USDt,0.8,False,2338.38,7178730.0,37.49,0.19,1784024997
All Pools,DAI.e - USDt,0.25,False,1943.68,27052.0,4.529,6.11,1784024997
All Pools,BEAM - USDC,0.3,False,1887.67,65296.0,4.719,2.64,1784024997
All Pools,ORNG - AVAX,0.3,False,1829.74,16616.0,4.574,10.05,1784024997
All Pools,LINK.e - AVAX,0.3,False,1821.92,38195.0,4.555,4.35,1784024997
All Pools,USDt - AVAX,0.3,False,1740.76,38335.0,4.352,4.14,1784024997
All Pools,HUNDRED - USDC,0.3,False,1714.17,493197.0,4.285,0.32,1784024997
All Pools,USDC.e - USDC,0.02,False,1580.31,3886.05,0.31841,2.99,1784024997
All Pools,HERESY - AVAX,0.3,False,1544.03,14977.0,3.86,9.41,1784024997
All Pools,BEAM - AVAX,0.25,False,1373.37,14264.0,3.482,8.91,1784024997
All Pools,SB - AVAX,0.3,False,1210.72,5976.89,3.027,18.48,1784024997
All Pools,QI - AVAX,0.25,False,1195.93,7861.36,3.007,13.96,1784024997
All Pools,AVAX - DAI.e,0.3,False,1050.23,28394.0,2.626,3.38,1784024997
All Pools,JOE - USDT.e,0.3,False,937.93,51800.0,2.345,1.65,1784024997
All Pools,DAI.e - USDC,0.02,False,933.76,2487.62,0.17809,2.61,1784024997
All Pools,WBTC - BTC.b,0.03,False,771.57,80788.0,0.23766,0.11,1784024997
All Pools,GUN - AVAX,0.1,False,767.33,16731.0,2.444,5.33,1784024997
All Pools,USDC.e - USDC,0.02,False,731.83,9715.77,0.0749,0.28,1784024997
All Pools,SYN - AVAX,0.3,False,729.94,4990.02,1.825,13.35,1784024997
All Pools,WBTC.e - BTC.b,0.03,False,686.32,223801.0,0.22743,0.04,1784024997
All Pools,ZRO - AVAX,0.25,False,637.63,1623.93,1.648,37.04,1784024997
All Pools,AVAX - DOMI,0.3,False,623.5,11527.0,1.559,4.94,1784024997
All Pools,JPYC - USDC,0.04,False,558.68,3177.42,0.23764,2.73,1784024997
All Pools,AVAX - XAVA,0.3,False,549.25,12838.0,1.373,3.9,1784024997
All Pools,XSEED - AVAX,0.3,False,531.44,15911.0,1.329,3.05,1784024997
All Pools,JOE - USDC,0.3,False,509.41,23526.0,1.274,1.98,1784024997
All Pools,USDT.e - USDC,0.02,False,485.8,896.68,0.05038,2.05,1784024997
All Pools,SolvBTC - BTC.b,0.04,False,475.04,176600.0,0.17508,0.04,1784024997
All Pools,EURC - USDC,0.03,False,395.85,10577.0,0.11299,0.39,1784024997
All Pools,gOHM - FRAX,0.3,False,393.37,3444.1,0.98342,10.42,1784024997
All Pools,PRIME - AVAX,0.4,False,334.94,151559.0,3.813,0.92,1784024997
All Pools,MIM - SB,0.3,False,316.86,2246.55,0.79214,12.87,1784024997
All Pools,USDt - ncash,0.3,False,267.17,1015.78,0.66793,24.0,1784024997
All Pools,GB - AVAX,0.3,False,184.91,1987.22,0.46228,8.49,1784024997
All Pools,OSAK - AVAX,0.3,False,175.32,3174.0,0.4383,5.04,1784024997
All Pools,FITFI - USDT.e,0.3,False,166.27,149.77,0.41567,101.3,1784024997
All Pools,WETH.e - USDC.e,0.3,False,155.01,10780.0,0.38753,1.31,1784024997
All Pools,COQ - COQAI,0.3,False,146.46,18813.0,0.36615,0.71,1784024997
All Pools,YAK - AVAX,0.3,False,143.01,3474.75,0.35751,3.76,1784024997
All Pools,AVAX - JUICE,0.3,False,142.69,9406.95,0.35672,1.38,1784024997
All Pools,GMX - AVAX,0.3,False,138.96,3795.65,0.3474,3.34,1784024997
All Pools,w3ULL - AVAX,0.3,False,131.34,51520.0,0.32835,0.23,1784024997
All Pools,ALOT - AVAX,0.3,False,129.6,10147.0,0.32399,1.17,1784024997
All Pools,XETA - USDC,0.3,False,121.87,5648.99,0.30468,1.97,1784024997
All Pools,XSGD - USDC,0.05,False,117.66,430.91,0.01868,1.58,1784024997
All Pools,AI - AVAX,0.3,False,107.21,3136.37,0.26802,3.12,1784024997
All Pools,XPOW - AVAX,0.8,False,101.06,240.64,0.88608,134.4,1784024997
All Pools,XAVA - AVAX,0.8,False,100.33,456.19,0.81395,65.12,1784024997
All Pools,USDC.e - USDC,0.02,False,98.33,1951.13,0.01971,0.37,1784024997
All Pools,AVAX - UST,0.3,False,93.07,6782.22,0.23268,1.25,1784024997
All Pools,UST - AVAX,0.3,False,90.19,5859.43,0.22549,1.4,1784024997
All Pools,CAPY - ARENA,0.3,False,82.67,18661.0,0.20668,0.4,1784024997
All Pools,APIX - USDt,0.3,False,81.77,5854.39,0.20442,1.27,1784024997
All Pools,APIX - ID,0.3,False,81.58,16896.0,0.20396,0.44,1784024997
All Pools,AVAX - RISE,0.3,False,78.71,42796.0,0.19676,0.17,1784024997
All Pools,USDt - USDC,0.02,False,70.36,2235.65,0.01412,0.23,1784024997
All Pools,HEFE - AVAX,0.3,False,66.56,26959.0,0.1664,0.23,1784024997
All Pools,yes - AVAX,0.3,False,65.41,1212.35,0.16353,4.92,1784024997
All Pools,AVAX - ALVA,0.3,False,63.93,765.98,0.15984,7.62,1784024997
All Pools,EMIN - AVAX,0.3,False,62.23,2123.65,0.15556,2.67,1784024997
All Pools,WBTC.e - USDC,0.3,False,58.45,0.39412,0.14613,13532.93,1784024997
All Pools,KLO - AVAX,0.3,False,57.34,11975.0,0.14334,0.44,1784024997
All Pools,FLD - AVAX,0.3,False,57.21,34962.0,0.14303,0.15,1784024997
All Pools,Balln - AVAX,0.3,False,55.19,3760.39,0.13798,1.34,1784024997
All Pools,AVAX - AMI,0.3,False,51.77,348.3,0.12944,13.56,1784024997
All Pools,BLSEYE🎯 - AVAX,0.3,False,50.67,4423.17,0.12667,1.05,1784024997
All Pools,STG - USDC,0.3,False,49.78,1225.07,0.12444,3.71,1784024997
All Pools,ABC - AVAX,0.3,False,48.81,467.61,0.12202,9.52,1784024997
All Pools,APIX - USDC,0.3,False,42.86,2927.1,0.10715,1.34,1784024997
All Pools,GUN - BLSEYE🎯,0.3,False,41.8,428.07,0.1045,8.91,1784024997
All Pools,MIM - USDT.e,0.3,False,41.46,1528.4,0.10366,2.48,1784024997
All Pools,XAUt0 - USDt,0.04,False,40.9,24800.0,0.15033,0.22,1784024997
All Pools,AVAX - TOPIA,0.3,False,34.5,1071.09,0.08625,2.94,1784024997
All Pools,ROY - AVAX,0.3,False,33.2,3942.63,0.08299,0.77,1784024997
All Pools,KIMBO - AVAX,0.3,False,32.75,39766.0,0.08186,0.08,1784024997
All Pools,SHRAP - AVAX,0.8,False,31.14,8894.08,0.25035,1.03,1784024997
All Pools,GURS - AVAX,0.3,False,30.74,5443.36,0.07685,0.52,1784024997
All Pools,STG - AVAX,0.3,False,29.18,1023.37,0.07294,2.6,1784024997
All Pools,Psychic - AVAX,0.3,False,25.23,881.72,0.06308,2.61,1784024997
All Pools,USDC.e - USDC,0.3,False,21.86,480622.0,0.05466,0.0,1784024997
All Pools,GUN - AVAX,0.3,False,21.58,194.07,0.05395,10.15,1784024997
All Pools,BEAM - AVAX,0.3,False,20.34,375.16,0.05086,4.95,1784024997
All Pools,ABC - HOWDY,0.3,False,19.4,464.98,0.0485,3.81,1784024997
All Pools,BNB - AVAX,0.3,False,19.3,2769.89,0.04825,0.64,1784024997
All Pools,LUNA - USDC.e,0.3,False,18.83,644.24,0.04708,2.67,1784024997
All Pools,SECOND - USDC,0.3,False,18.77,7007.33,0.04693,0.24,1784024997
All Pools,SECOND - AVAX,0.3,False,18.76,1450.26,0.04691,1.18,1784024997
All Pools,ISA - USDC.e,0.3,False,18.52,1437.37,0.04631,1.18,1784024997
All Pools,ISA - AVAX,0.3,False,18.31,16816.0,0.04577,0.1,1784024997
All Pools,BOI - AVAX,0.3,False,18.26,40.79,0.04564,40.84,1784024997
All Pools,HOWDY - USDC,0.3,False,17.83,2955.97,0.04458,0.55,1784024997
All Pools,MIM - USDC.e,0.3,False,17.45,777.9,0.04362,2.05,1784024997
All Pools,PNG - AVAX,0.3,False,17.22,794.18,0.04305,1.98,1784024997
All Pools,AVAX - SOLNIC,0.3,False,17.18,3532.8,0.04295,0.44,1784024997
All Pools,RGOGLZ - USDC,0.3,False,16.35,1323.02,0.04089,1.13,1784024997
All Pools,FITFI - AVAX,0.3,False,16.19,13.33,0.04048,110.87,1784024997
All Pools,YAK - USDC,0.25,False,15.97,22.2,0.05264,86.56,1784024997
All Pools,APIX - ARENA,0.3,False,14.55,1662.65,0.03637,0.8,1784024997
All Pools,AVAX - FRAX,0.3,False,13.87,674.96,0.03467,1.88,1784024997
All Pools,HUSKY - AVAX,0.3,False,13.22,2047.6,0.03306,0.59,1784024997
All Pools,Psychic - XAUt0,0.3,False,13.07,5772.5,0.03266,0.21,1784024997
All Pools,WETH.e - USDC,0.15,False,12.99,8967.78,0.01959,0.08,1784024997
All Pools,DCAU - USDT.e,0.3,False,12.95,5044.9,0.03238,0.23,1784024997
All Pools,AVAX - GEC,0.3,False,12.87,26931.0,0.03218,0.04,1784024997
All Pools,AVAXAI - USDC,0.3,False,12.26,1532.2,0.03065,0.73,1784024997
All Pools,DCAU - AVAX,0.3,False,11.8,1015.13,0.02949,1.06,1784024997
All Pools,TECH - AVAX,0.3,False,11.63,9635.37,0.02907,0.11,1784024997
All Pools,sAVAX - JACK,0.3,False,11.61,273601.0,0.02903,0.0,1784024997
All Pools,REDWOLF - AVAX,0.25,False,11.38,181.04,0.02968,5.98,1784024997
All Pools,APIX - LAMBO,0.3,False,11.34,438.79,0.02835,2.36,1784024997
All Pools,YAK - USDC.e,0.3,False,10.29,222.03,0.02571,4.23,1784024997
All Pools,3QF - D - AVAX,0.3,False,9.619,1294.75,0.02405,0.68,1784024997
All Pools,3QF - D - WETH.e,0.3,False,9.591,2374.77,0.02398,0.37,1784024997
All Pools,MIM - WETH.e,0.3,False,9.226,496.09,0.02307,1.7,1784024997
All Pools,MEAT - AVAX,0.3,False,9.141,3702.2,0.02285,0.23,1784024997
All Pools,USDC.e - SOL,0.3,False,8.166,35.4,0.02042,21.05,1784024997
All Pools,REDWOLF - SOL,0.3,False,8.055,57.69,0.02014,12.74,1784024997
All Pools,WETH.e - REDWOLF,0.3,False,7.899,81.55,0.01975,8.84,1784024997
All Pools,EGG - AVAX,0.3,False,7.832,16434.0,0.01958,0.04,1784024997
All Pools,SHRAP - DOMI,0.3,False,7.491,171.92,0.01873,3.98,1784024997
All Pools,BTC.b - TOPIA,0.3,False,6.849,445.02,0.01712,1.4,1784024997
All Pools,BLSEYE🎯 - ARENA,0.3,False,6.724,857.04,0.01681,0.72,1784024997
All Pools,AVAX - ELK,0.3,False,6.671,1295.14,0.01668,0.47,1784024997
All Pools,HATCHY - AVAX,0.3,False,6.555,6588.19,0.01639,0.09,1784024997
All Pools,TRESR - AVAX,0.3,False,6.478,7811.57,0.0162,0.08,1784024997
All Pools,PTOP500 - TOPIA,0.3,False,5.467,107.43,0.01367,4.64,1784024997
All Pools,YOU - ORNG,0.3,False,5.339,1342.4,0.01335,0.36,1784024997
All Pools,ORNG - FLUX,0.3,False,5.234,108.45,0.01308,4.4,1784024997
All Pools,AVAX - HON,0.3,False,5.223,49584.0,0.01306,0.01,1784024997
All Pools,REDWOLF - AVAX,0.3,False,5.204,385.5,0.01301,1.23,1784024997
All Pools,REDWOLF - USDC,0.3,False,4.958,185.75,0.01239,2.44,1784024997
All Pools,USV - DAI.e,0.3,False,4.939,3952.39,0.01235,0.11,1784024997
All Pools,UST - USDC,0.3,False,4.934,432.99,0.01233,1.04,1784024997
All Pools,avUSD - sAVAX,0.3,False,4.841,226.95,0.0121,1.95,1784024997
All Pools,Psychic - BLACK,0.3,False,4.828,262.74,0.01207,1.68,1784024997
All Pools,AVAX - PEFI,0.3,False,4.668,3223.69,0.01167,0.13,1784024997
All Pools,LINK.e - USDT.e,0.3,False,4.598,218.06,0.01149,1.92,1784024997
All Pools,MUON - AVAX,0.3,False,4.563,40250.0,0.01141,0.01,1784024997
All Pools,gOHM - SB,0.3,False,4.421,16.69,0.01105,24.18,1784024997
All Pools,DATCM - ORNG,0.3,False,4.349,230.14,0.01087,1.72,1784024997
All Pools,XROSS - ORNG,0.3,False,4.346,232.46,0.01086,1.71,1784024997
All Pools,BLSEYE🎯 - MEOW,0.3,False,4.141,822.74,0.01035,0.46,1784024997
All Pools,MYST - AVAX,0.3,False,4.12,652.5,0.0103,0.58,1784024997
All Pools,FLOT - AVAX,0.3,False,4.106,2921.23,0.01026,0.13,1784024997
All Pools,YEEHAW - BTC.b,0.3,False,4.084,49.13,0.01021,7.59,1784024997
All Pools,Now - BLACK,0.3,False,3.923,239.47,0.00981,1.49,1784024997
All Pools,AVAX - aXEN,0.3,False,3.762,167.81,0.0094,2.05,1784024997
All Pools,AVAX - AKITA,0.3,False,3.641,1752.96,0.0091,0.19,1784024997
All Pools,AVAX - FRAX,0.3,False,3.524,226.54,0.00881,1.42,1784024997
All Pools,LUNA - USDC.e,0.3,False,3.488,334.7,0.00872,0.95,1784024997
All Pools,ACS - AVAX,0.3,False,3.485,166.9,0.00871,1.91,1784024997
All Pools,LINK.e - USDC.e,0.3,False,3.363,181.23,0.00841,1.69,1784024997
All Pools,USDC.e - MU,0.3,False,3.336,13174.0,0.00834,0.02,1784024997
All Pools,AVAX - BGR,0.3,False,3.314,176.95,0.00828,1.71,1784024997
All Pools,BLSEYE🎯 - BEAM,0.3,False,3.208,269.15,0.00802,1.09,1784024997
All Pools,AVAX - EROL,0.0,False,3.124,37.81,0.0,0.0,1784024997
All Pools,MYST - USDC,0.3,False,3.107,218.78,0.00777,1.3,1784024997
All Pools,Now - AVAX,0.3,False,3.004,190.5,0.00751,1.44,1784024997
All Pools,ORNG - SAI,0.3,False,2.777,103.98,0.00694,2.44,1784024997
All Pools,SWIFT - AVAX,0.3,False,2.763,232.0,0.00691,1.09,1784024997
All Pools,ORNG - MOOM,0.3,False,2.708,184.94,0.00677,1.34,1784024997
All Pools,ZRO - AVAX,0.3,False,2.661,132.58,0.00665,1.83,1784024997
All Pools,JOE - USDT,0.3,False,2.409,280.34,0.00602,0.78,1784024997
All Pools,TOPIA - PTOP600,0.3,False,2.363,120.21,0.00591,1.79,1784024997
All Pools,AVAX - NaughtiusMaximus,0.3,False,2.344,331.29,0.00586,0.65,1784024997
All Pools,DPS - USDC,0.3,False,2.321,1811.02,0.0058,0.12,1784024997
All Pools,DPS - AVAX,0.3,False,2.32,182.32,0.0058,1.16,1784024997
All Pools,APOW - AVAX,0.3,False,2.256,619.64,0.00564,0.33,1784024997
All Pools,AVAX - SOCK,0.3,False,2.234,2383.22,0.00558,0.09,1784024997
All Pools,USDC - SOCK,0.3,False,2.22,415.08,0.00555,0.49,1784024997
All Pools,SWIFT - WETH.e,0.3,False,2.194,1270.62,0.00548,0.16,1784024997
All Pools,oXAUT - AVAX,0.3,False,2.058,405.48,0.00515,0.46,1784024997
All Pools,BTC.b - oXAUT,0.3,False,2.058,308.6,0.00515,0.61,1784024997
All Pools,BNZ - AVAX,0.3,False,2.05,147.94,0.00513,1.26,1784024997
All Pools,SWIFT - USDC.e,0.3,False,2.047,480.35,0.00512,0.39,1784024997
All Pools,YUSD - AVAX,0.3,False,2.028,116.56,0.00507,1.59,1784024997
All Pools,KINGSHIT - AVAX,0.3,False,2.001,3552.09,0.005,0.05,1784024997
All Pools,XAUt0 - NaughtiusMaximus,0.3,False,1.996,876.13,0.00499,0.21,1784024997
All Pools,VPND - AVAX,0.3,False,1.936,17850.0,0.00484,0.01,1784024997
All Pools,AVAX - ONION,0.3,False,1.861,147.52,0.00465,1.15,1784024997
All Pools,XAUt0 - Now,0.3,False,1.798,565.16,0.00449,0.29,1784024997
All Pools,UST - USDC.e,0.3,False,1.79,675.37,0.00448,0.24,1784024997
All Pools,BETS - AVAX,0.3,False,1.766,12.48,0.00442,12.92,1784024997
All Pools,HOST - DAI.e,0.3,False,1.759,2520.52,0.0044,0.06,1784024997
All Pools,USDC - MXNB,0.3,False,1.752,17.41,0.00438,9.18,1784024997
All Pools,ORNG - JUCI,0.3,False,1.745,239.03,0.00436,0.67,1784024997
All Pools,MAGICK - USDC,0.3,False,1.709,226.39,0.00427,0.69,1784024997
All Pools,MAGICK - AVAX,0.3,False,1.708,280.94,0.00427,0.55,1784024997
All Pools,WETH - USDC.e,0.3,False,1.681,200.54,0.0042,0.77,1784024997
All Pools,AVAX - ChristMark,0.3,False,1.641,267.05,0.0041,0.56,1784024997
All Pools,YEEHAW - TOPIA,0.3,False,1.626,109.44,0.00407,1.36,1784024997
All Pools,AVAX - TIME,0.3,False,1.625,561.98,0.00406,0.26,1784024997
All Pools,USDT.e - CLY,0.3,False,1.611,181.66,0.00403,0.81,1784024997
All Pools,AVAX - CLY,0.3,False,1.61,21962.0,0.00403,0.01,1784024997
All Pools,USDC.e - AVVO,0.3,False,1.596,225.04,0.00399,0.65,1784024997
All Pools,PNG - JOE,0.3,False,1.513,115.76,0.00378,1.19,1784024997
All Pools,FTOMB - AVAX,0.3,False,1.496,6687.49,0.00374,0.02,1784024997
All Pools,sAVAX - AVAX,0.3,False,1.482,171688.0,0.00371,,1784024997
All Pools,LF - AVAX,0.3,False,1.46,283.0,0.00365,0.47,1784024997
All Pools,AVAX - USDT,0.3,False,1.459,1707.86,0.00365,0.08,1784024997
All Pools,gOHM - wsOHM,0.3,False,1.443,17.36,0.00361,7.59,1784024997
All Pools,MIM - wsOHM,0.3,False,1.437,181.34,0.00359,0.72,1784024997
All Pools,MIM - LF,0.3,False,1.436,400.57,0.00359,0.33,1784024997
All Pools,XAUt0 - ChristMark,0.3,False,1.418,577.3,0.00354,0.22,1784024997
All Pools,BANKSY - USDT.e,0.3,False,1.407,1528.71,0.00352,0.08,1784024997
All Pools,BANKSY - AVAX,0.3,False,1.405,143.45,0.00351,0.89,1784024997
All Pools,AVAX - IMPACT2,0.3,False,1.402,138.85,0.0035,0.92,1784024997
All Pools,USDC.e - sSB,0.3,False,1.271,837.59,0.00318,0.14,1784024997
All Pools,APOW - USDC,0.3,False,1.255,115.3,0.00314,0.99,1784024997
All Pools,GB - USDT.e,0.3,False,1.234,22.29,0.00308,5.05,1784024997
All Pools,WOO.e - AVAX,0.3,False,1.226,65.61,0.00306,1.7,1784024997
All Pools,HUSKY - JOE,0.3,False,1.181,92.31,0.00295,1.17,1784024997
All Pools,BEAR - AVAX,0.3,False,1.176,5047.88,0.00294,0.02,1784024997
All Pools,USDC.e - WXT,0.3,False,1.165,194.47,0.00291,0.55,1784024997
All Pools,DCAU - MIM,0.3,False,1.139,114.67,0.00285,0.91,1784024997
All Pools,Gravity - AVAX,0.3,False,1.118,237.83,0.00279,0.43,1784024997
All Pools,AVAX - mYAK,0.3,False,1.074,49.71,0.00269,1.97,1784024997
All Pools,SMRTr - USDC.e,0.3,False,1.073,105.16,0.00268,0.93,1784024997
All Pools,SMRTr - AVAX,0.3,False,1.073,25828.0,0.00268,0.0,1784024997
All Pools,XAUt0 - Gravity,0.3,False,1.07,312.2,0.00267,0.31,1784024997
All Pools,PTOP700 - TOPIA,0.3,False,1.069,103.53,0.00267,0.94,1784024997
All Pools,USDC - SDOG,0.3,False,1.062,365.4,0.00265,0.27,1784024997
All Pools,WETH.e - ONION,0.3,False,1.048,229.74,0.00262,0.42,1784024997
All Pools,FXS - AVAX,0.3,False,1.043,286.68,0.00261,0.33,1784024997
All Pools,MIM - USDC,0.3,False,1.041,29.98,0.0026,3.17,1784024997
All Pools,KIWI - USDC,0.3,False,1.038,299.34,0.00259,0.32,1784024997
All Pools,KIWI - AVAX,0.3,False,1.037,94.36,0.00259,1.0,1784024997
All Pools,WOLF - AVAX,0.3,False,1.036,27317.0,0.00259,0.0,1784024997
All Pools,AVAX - AVVO,0.3,False,1.026,229.21,0.00256,0.41,1784024997
All Pools,MIM - SDOG,0.3,False,1.02,92.34,0.00255,1.01,1784024997
All Pools,APOW - USDt,0.3,False,1.002,114.88,0.00251,0.8,1784024997
All Pools,WETH.e - USDT.e,0.3,False,1.001,146.69,0.0025,0.62,1784024997
All Pools,AAVE.e - REDWOLF,0.3,False,0.99671,150.51,0.00249,0.6,1784024997
All Pools,MIM - MU,0.3,False,0.98234,96.25,0.00246,0.93,1784024997
All Pools,DREGG - USDT.e,0.3,False,0.98113,515.65,0.00245,0.17,1784024997
All Pools,DREGG - AVAX,0.3,False,0.98047,146.43,0.00245,0.61,1784024997
All Pools,MaryMagdalene - XAUt0,0.3,False,0.97646,1652.23,0.00244,0.05,1784024997
All Pools,LUNA - AVAX,0.3,False,0.96217,123.64,0.00241,0.71,1784024997
All Pools,LUEEGI - AVAX,0.3,False,0.95956,1006.19,0.0024,0.09,1784024997
All Pools,USDT.e - ONION,0.3,False,0.93953,740.03,0.00235,0.12,1784024997
All Pools,AVAX - ARENA,0.3,False,0.92934,57.43,0.00232,1.48,1784024997
All Pools,GB - MUG,0.3,False,0.87807,17.49,0.0022,4.58,1784024997
All Pools,Trinity - AVAX,0.3,False,0.87334,730.34,0.00218,0.11,1784024997
All Pools,USDC.e - ONION,0.3,False,0.87212,369.75,0.00218,0.22,1784024997
All Pools,USDt - USDT.e,0.3,False,0.858,20387.0,0.00214,0.0,1784024997
All Pools,MaryMagdalene - AVAX,0.3,False,0.85386,172.21,0.00213,0.45,1784024997
All Pools,KRW - AVAX,0.3,False,0.85174,309.65,0.00213,0.25,1784024997
All Pools,JOE - KRW,0.3,False,0.85044,145.6,0.00213,0.53,1784024997
All Pools,DCAU - USDC,0.3,False,0.84102,144.27,0.0021,0.53,1784024997
All Pools,Trinity - Psychic,0.3,False,0.82175,401.87,0.00205,0.19,1784024997
All Pools,AVAX - MU,0.3,False,0.81822,73.82,0.00205,1.01,1784024997
All Pools,HOST - AVAX,0.3,False,0.79375,89.15,0.00198,0.81,1784024997
All Pools,HOWDY - USDt,0.3,False,0.78208,173.46,0.00196,0.41,1784024997
All Pools,BTC.b - IMPACT2,0.3,False,0.75189,1284.44,0.00188,0.05,1784024997
All Pools,DZHV - AVAX,0.3,False,0.73006,10286.0,0.00183,0.01,1784024997
All Pools,AVAX - EROL,0.3,False,0.72827,20.25,0.00182,3.28,1784024997
All Pools,AVAX - SMRT,0.3,False,0.7223,1639.07,0.00181,0.04,1784024997
All Pools,WBTC.e - ONION,0.3,False,0.71939,348.9,0.0018,0.19,1784024997
All Pools,USDT.e - SMRT,0.3,False,0.70907,88.73,0.00177,0.73,1784024997
All Pools,Gladiator - USDC,0.3,False,0.69692,269.07,0.00174,0.24,1784024997
All Pools,Gladiator - ARENA,0.3,False,0.69617,337.39,0.00174,0.19,1784024997
All Pools,AVAX - rsAVAX,0.3,False,0.65862,161.05,0.00165,0.37,1784024997
All Pools,ZUBAX - USDT.e,0.3,False,0.65393,172.59,0.00163,0.35,1784024997
All Pools,SYMBIOT - AVAX,0.3,False,0.65167,75.34,0.00163,0.79,1784024997
All Pools,Hopi - AVAX,0.3,False,0.65118,154.43,0.00163,0.38,1784024997
All Pools,Hopi - Now,0.3,False,0.65104,511.13,0.00163,0.12,1784024997
All Pools,MAXI - DAI.e,0.3,False,0.6394,224.89,0.0016,0.26,1784024997
All Pools,BLS - USDt,0.3,False,0.6358,128.49,0.00159,0.45,1784024997
All Pools,Val - AVAX,0.3,False,0.6325,243.46,0.00158,0.24,1784024997
All Pools,LINDA - AVAX,0.3,False,0.61925,1583.87,0.00155,0.04,1784024997
All Pools,AVAX - MUG,0.3,False,0.61146,248.53,0.00153,0.22,1784024997
All Pools,SYMBIOT - DAI.e,0.3,False,0.61018,446.76,0.00153,0.12,1784024997
All Pools,BUSD - AVAX,0.3,False,0.60089,337.92,0.0015,0.16,1784024997
All Pools,TSD - AVAX,0.3,False,0.58708,179.25,0.00147,0.3,1784024997
All Pools,DAI.e - ONION,0.3,False,0.58702,331.03,0.00147,0.16,1784024997
All Pools,AVAX - ZUBAX,0.3,False,0.58346,92.09,0.00146,0.58,1784024997
All Pools,BTC.b - REDWOLF,0.3,False,0.57926,97.09,0.00145,0.54,1784024997
All Pools,MIM - PEFI,0.3,False,0.56306,67.34,0.00141,0.76,1784024997
All Pools,BLUB - AVAX,0.3,False,0.56073,11647.0,0.0014,0.0,1784024997
All Pools,Psychic - Now,0.3,False,0.5499,469.23,0.00137,0.11,1784024997
All Pools,SYN - REDWOLF,0.3,False,0.52492,5.038,0.00131,9.51,1784024997
All Pools,WBTC.e - USDT.e,0.3,False,0.51629,154.43,0.00129,0.31,1784024997
All Pools,UNI.e - REDWOLF,0.3,False,0.51323,10.99,0.00128,4.26,1784024997
All Pools,HOWDY - ARENA,0.3,False,0.50141,37.91,0.00125,1.21,1784024997
All Pools,GENI - USDC,0.3,False,0.49808,1183.19,0.00125,0.04,1784024997
All Pools,GENI - AVAX,0.3,False,0.49776,50.12,0.00124,0.91,1784024997
All Pools,COQ - OSAK,0.3,False,0.4946,17.17,0.00124,2.63,1784024997
All Pools,YEEHAW - CHAMP,0.3,False,0.49376,922.01,0.00123,0.05,1784024997
All Pools,50 - USDC,0.3,False,0.48768,112.25,0.00122,0.4,1784024997
All Pools,50 - AVAX,0.3,False,0.48757,59.88,0.00122,0.74,1784024997
All Pools,NOCHILL - OX,0.3,False,0.48263,13295.0,0.00121,0.0,1784024997
All Pools,sifu - DAI.e,0.3,False,0.46831,3.877,0.00117,11.02,1784024997
All Pools,YEEHAW - AVAX,0.3,False,0.45617,11.65,0.00114,3.57,1784024997
All Pools,KALM - USDC,0.3,False,0.44934,77.34,0.00112,0.53,1784024997
All Pools,KALM - AVAX,0.3,False,0.44904,97.18,0.00112,0.42,1784024997
All Pools,MIM - WINE,0.3,False,0.44687,173.62,0.00112,0.23,1784024997
All Pools,AVAX - RedFolder,0.3,False,0.44206,212.18,0.00111,0.19,1784024997
All Pools,Psychic - RedFolder,0.3,False,0.44064,244.24,0.0011,0.16,1784024997
All Pools,MIM - GRAPE,0.3,False,0.43814,119.9,0.0011,0.33,1784024997
All Pools,AVAX - All,0.3,False,0.43684,213.25,0.00109,0.19,1784024997
All Pools,Psychic - All,0.3,False,0.43546,244.24,0.00109,0.16,1784024997
All Pools,DFIAT - AVAX,0.3,False,0.43326,6026.53,0.00108,0.01,1784024997
All Pools,sifu - USDT.e,0.3,False,0.42542,10.24,0.00106,3.79,1784024997
All Pools,USDt - IMPACT2,0.3,False,0.42348,69.6,0.00106,0.56,1784024997
All Pools,LUNA - AVAX,0.3,False,0.41704,13.78,0.00104,2.76,1784024997
All Pools,ArniStitch - AVAX,0.3,False,0.41642,211.78,0.00104,0.18,1784024997
All Pools,Psychic - ArniStitch,0.3,False,0.41525,244.32,0.00104,0.16,1784024997
All Pools,Ducks - AVAX,0.3,False,0.40807,211.83,0.00102,0.18,1784024997
All Pools,Psychic - Ducks,0.3,False,0.40673,244.38,0.00102,0.15,1784024997
All Pools,Serpentarius - AVAX,0.3,False,0.4035,215.66,0.00101,0.17,1784024997
All Pools,Psychic - Serpentarius,0.3,False,0.40221,247.86,0.00101,0.15,1784024997
All Pools,JOE - EXP,0.3,False,0.40096,10313461.0,0.001,,1784024997
All Pools,AVAX - Wej,0.3,False,0.39673,212.26,,0.17,1784024997
All Pools,Psychic - Wej,0.3,False,0.39544,244.13,,0.15,1784024997
All Pools,AMI - TOPIA,0.3,False,0.39485,150.3,,0.24,1784024997
All Pools,STATIK - AVAX,0.3,False,0.39453,31.13,,1.16,1784024997
All Pools,STG - L - Swing,0.3,False,0.38955,16.14,,2.2,1784024997
All Pools,COQ - OX,0.3,False,0.38052,13967.0,,0.0,1784024997
All Pools,GUN - AMI,0.3,False,0.37814,8.576,,4.02,1784024997
All Pools,MM - USDC,0.3,False,0.3772,49.87,,0.69,1784024997
All Pools,MM - AVAX,0.3,False,0.37699,66.99,,0.51,1784024997
All Pools,HUSKY - AMI,0.3,False,0.37296,42.5,,0.8,1784024997
All Pools,AVAX - Prometheus,0.3,False,0.36657,206.77,,0.16,1784024997
All Pools,Psychic - Prometheus,0.3,False,0.36543,237.5,,0.14,1784024997
All Pools,Meaning - AVAX,0.3,False,0.36063,330.59,,0.1,1784024997
All Pools,Psychic - Meaning,0.3,False,0.35962,238.85,,0.14,1784024997
All Pools,CommieSukey - AVAX,0.3,False,0.3541,212.19,,0.15,1784024997
All Pools,AVAX - Seventeen,0.3,False,0.35397,207.44,,0.16,1784024997
All Pools,L - Swing - aXEN,0.3,False,0.35317,51.97,,0.62,1784024997
All Pools,NaughtiusMaximus - Seventeen,0.3,False,0.35304,679.52,,0.05,1784024997
All Pools,Psychic - CommieSukey,0.3,False,0.35286,244.06,,0.13,1784024997
All Pools,AVAX - BlackAndGold,0.3,False,0.35282,213.05,,0.15,1784024997
All Pools,Psychic - BlackAndGold,0.3,False,0.35173,244.17,,0.13,1784024997
All Pools,AVAX - KONG,0.3,False,0.35113,5483.47,,0.01,1784024997
All Pools,LINK.e - REDWOLF,0.3,False,0.35027,68.68,,0.47,1784024997
All Pools,JEWEL - USDC,0.3,False,0.34996,3840.9,,0.01,1784024997
All Pools,Jjj - AVAX,0.3,False,0.34687,211.84,,0.15,1784024997
All Pools,Psychic - Jjj,0.3,False,0.34578,244.2,,0.13,1784024997
All Pools,MU - DAI.e,0.3,False,0.34519,235.6,,0.13,1784024997
All Pools,USDT.e - MU,0.3,False,0.34,250.11,,0.12,1784024997
All Pools,Void - Now,0.3,False,0.33564,644.59,,0.05,1784024997
All Pools,Void - AVAX,0.3,False,0.33547,61.97,,0.49,1784024997
All Pools,CQK - USDC,0.3,False,0.32896,30.93,,0.97,1784024997
All Pools,CQK - AVAX,0.3,False,0.32881,97.14,,0.31,1784024997
All Pools,DogL - AVAX,0.3,False,0.32817,213.04,,0.14,1784024997
All Pools,Psychic - DogL,0.3,False,0.32721,244.19,,0.12,1784024997
All Pools,AftermathsKobe - AVAX,0.3,False,0.32428,213.21,,0.14,1784024997
All Pools,Psychic - AftermathsKobe,0.3,False,0.32347,245.96,,0.12,1784024997
All Pools,AVAX - SNOB,0.3,False,0.32047,749.92,,0.04,1784024997
All Pools,WBTC - AVAX,0.3,False,0.30782,30.57,,0.92,1784024997
All Pools,BOI - MU,0.3,False,0.30512,0.74649,,37.3,1784024997
All Pools,USDC - SHRAP,0.3,False,0.30259,22.2,,1.24,1784024997
All Pools,MerryXmas - AVAX,0.3,False,0.30248,195.25,,0.14,1784024997
All Pools,Psychic - MerryXmas,0.3,False,0.30159,224.59,,0.12,1784024997
All Pools,AVAX - KET,0.3,False,0.30077,22.82,,1.2,1784024997
All Pools,Christmas - AVAX,0.3,False,0.29776,179.94,,0.15,1784024997
All Pools,LAMA - AVAX,0.3,False,0.29698,8304.01,,0.0,1784024997
All Pools,$Crazy - AVAX,0.3,False,0.29379,741.06,,0.04,1784024997
All Pools,MIM - DAI.e,0.3,False,0.29187,19.78,,1.35,1784024997
All Pools,sAVAX - COQ,0.3,False,0.29131,60.95,,0.44,1784024997
All Pools,gOHM - JOE,0.3,False,0.28342,3.165,,8.17,1784024997
All Pools,CHAMP - AMI,0.3,False,0.28229,25.37,,1.02,1784024997
All Pools,SYN - USDC.e,0.3,False,0.27437,2.586,,9.68,1784024997
All Pools,USDC - GAU,0.3,False,0.27209,836.31,,0.03,1784024997
All Pools,SOL - USDC,0.3,False,0.27174,20.81,,1.19,1784024997
All Pools,DiamondbackGall - AVAX,0.3,False,0.27072,213.61,,0.12,1784024997
All Pools,Psychic - DiamondbackGall,0.3,False,0.26969,244.82,,0.1,1784024997
All Pools,NeatestQuackery - AVAX,0.3,False,0.2689,211.69,,0.12,1784024997
All Pools,Psychic - NeatestQuackery,0.3,False,0.26818,244.53,,0.1,1784024997
All Pools,USDC - aXEN,0.3,False,0.26031,9.077,,2.62,1784024997
All Pools,COQ - NOCHILL,0.3,False,0.24598,8.026,,2.8,1784024997
All Pools,agEUR - USDC,0.3,False,0.24441,59.79,,0.37,1784024997
All Pools,COQ - JUICE,0.3,False,0.2434,25.99,,0.85,1784024997
All Pools,AVAX - TheGospelOfMary,0.3,False,0.24151,116.9,,0.19,1784024997
All Pools,MaryMagdalene - TheGospelOfMary,0.3,False,0.24129,213.97,,0.1,1784024997
All Pools,NOCHILL - KET,0.3,False,0.23847,8.128,,2.68,1784024997
All Pools,BrideOfChrist - BLACK,0.3,False,0.23308,17.8,,1.19,1784024997
All Pools,USDC - USD+,0.3,False,0.23243,28.15,,0.75,1784024997
All Pools,GATOR - ARENA,0.3,False,0.22805,1.512,,13.76,1784024997
All Pools,AVAX - MeaningOfNumbers,0.3,False,0.22442,212.23,,0.1,1784024997
All Pools,TRYB - USDC.e,0.3,False,0.22403,31.84,,0.64,1784024997
All Pools,Psychic - MeaningOfNumbers,0.3,False,0.22365,244.92,,0.08,1784024997
All Pools,MIAOW - AVAX,0.3,False,0.21406,887.96,,0.02,1784024997
All Pools,wsOHM - USDC.e,0.3,False,0.2125,18.27,,1.06,1784024997
All Pools,CHAMP - ARENA,0.3,False,0.21211,13.1,,1.48,1784024997
All Pools,Anon - AVAX,0.3,False,0.21065,7.768,,2.47,1784024997
All Pools,DFIAT - USDT.e,0.3,False,0.20887,26.89,,0.71,1784024997
All Pools,IMPACT2 - EURC,0.3,False,0.20487,41.72,,0.45,1784024997
All Pools,Christmas - ChristMark,0.3,False,0.19926,111.82,,0.16,1784024997
All Pools,wsOHM - USDC.e,0.3,False,0.19375,18.27,,0.97,1784024997
All Pools,bCASH - NOCHILL,0.3,False,0.19361,12.21,,1.45,1784024997
All Pools,WETH.e - yyAVAX,0.3,False,0.1931,14.25,,1.24,1784024997
All Pools,USDC.e - DAI.e,0.3,False,0.19209,22161.0,,,1784024997
All Pools,USDt - RUX,0.3,False,0.1917,15948.0,,0.0,1784024997
All Pools,RUX - AVAX,0.3,False,0.19162,25.43,,0.69,1784024997
All Pools,USDC.e - WISE,0.3,False,0.1914,41.43,,0.42,1784024997
All Pools,AVAX - WISE,0.3,False,0.19109,59.69,,0.29,1784024997
All Pools,GLOBA - AVAX,0.3,False,0.19087,39.68,,0.44,1784024997
All Pools,SLUSH - USDT.e,0.3,False,0.18785,55.04,,0.31,1784024997
All Pools,SLUSH - AVAX,0.3,False,0.18772,45.3,,0.38,1784024997
All Pools,BOI - AMI,0.3,False,0.18505,0.48056,,35.14,1784024997
All Pools,USDC - CHAM,0.3,False,0.18385,46.53,,0.36,1784024997
All Pools,AVAX - CHAM,0.3,False,0.1838,25.74,,0.65,1784024997
All Pools,USDC - yyAVAX,0.3,False,0.18359,12.05,,1.39,1784024997
All Pools,USDT.e - DUO,0.3,False,0.18139,50.46,,0.33,1784024997
All Pools,AVAX - DUO,0.3,False,0.18128,52.44,,0.32,1784024997
All Pools,GLOBA - DAI.e,0.3,False,0.17882,47.15,,0.35,1784024997
All Pools,Xmas - AVAX,0.3,False,0.17543,198.98,,0.08,1784024997
All Pools,Psychic - Xmas,0.3,False,0.17488,229.01,,0.07,1784024997
All Pools,wsOHM - AVAX,0.3,False,0.17372,8.046,,1.97,1784024997
All Pools,Silver - AVAX,0.3,False,0.16885,62.59,,0.25,1784024997
All Pools,Silver - Now,0.3,False,0.16799,648.19,,0.02,1784024997
All Pools,meGNX - AVAX,0.3,False,0.16309,12.93,,1.15,1784024997
All Pools,SYN - USDT.e,0.3,False,0.16119,1.378,,10.67,1784024997
All Pools,SPC - DAI.e,0.3,False,0.15703,19.33,,0.74,1784024997
All Pools,BRO - AVAX,0.3,False,0.15614,99771.0,,,1784024997
All Pools,BRO - COQ,0.3,False,0.15591,134.18,,0.11,1784024997
All Pools,SYN - WETH.e,0.3,False,0.15162,1.252,,11.05,1784024997
All Pools,AVAX - ZABU,0.3,False,0.15037,23.22,,0.59,1784024997
All Pools,Solar - AVAX,0.3,False,0.14883,63.7,,0.21,1784024997
All Pools,Solar - Now,0.3,False,0.14875,647.95,,0.02,1784024997
All Pools,AVAX - Propriety,0.3,False,0.14842,63.5,,0.21,1784024997
All Pools,Now - Propriety,0.3,False,0.14819,647.31,,0.02,1784024997
All Pools,AVAX - ELK,0.3,False,0.1462,48.26,,0.28,1784024997
All Pools,AVVO - DAI.e,0.3,False,0.14549,34.71,,0.38,1784024997
All Pools,Vaccine - AVAX,0.3,False,0.14417,62.54,,0.21,1784024997
All Pools,Vaccine - Now,0.3,False,0.14404,641.15,,0.02,1784024997
All Pools,WETH.e - USDC,0.3,False,0.14403,20.01,,0.66,1784024997
All Pools,AVAX - Mentor,0.3,False,0.14212,63.51,,0.2,1784024997
All Pools,AVAX - BENJI,0.3,False,0.14182,4.751,,2.72,1784024997
All Pools,USDT.e - EXP,0.3,False,0.14162,45046108.0,,,1784024997
All Pools,Now - Mentor,0.3,False,0.14155,646.36,,0.02,1784024997
All Pools,AVAX - BLACK,0.3,False,0.13794,3.318,,3.79,1784024997
All Pools,Yellow - AVAX,0.3,False,0.1377,188.3,,0.07,1784024997
All Pools,TECH - OX,0.3,False,0.13642,5914.9,,0.0,1784024997
All Pools,WTHT - SNOB,0.3,False,0.1327,1.253,,9.67,1784024997
All Pools,NOCHILL - AMI,0.3,False,0.13194,3.11,,3.87,1784024997
All Pools,MIM - TIME,0.3,False,0.12891,26.1,,0.45,1784024997
All Pools,VEE - USDC,0.3,False,0.12873,31.19,,0.38,1784024997
All Pools,Matter - AVAX,0.3,False,0.12747,56.85,,0.2,1784024997
All Pools,Matter - Now,0.3,False,0.1271,584.78,,0.02,1784024997
All Pools,USDT.e - ZABU,0.3,False,0.12564,44.02,,0.26,1784024997
All Pools,AVAX - Sinterklaas,0.3,False,0.12461,100.58,,0.11,1784024997
All Pools,aAvaWAVAX - meGNX,0.3,False,0.12436,2.972,,3.82,1784024997
All Pools,Psychic - Sinterklaas,0.3,False,0.12421,240.38,,0.05,1784024997
All Pools,MU - SOL,0.3,False,0.12222,1.1,,10.14,1784024997
All Pools,MIM - VOLT,0.3,False,0.12178,14.55,,0.76,1784024997
All Pools,ABC - AMI,0.3,False,0.12068,2.348,,4.69,1784024997
All Pools,TickTock - AVAX,0.3,False,0.12063,63.75,,0.17,1784024997
All Pools,TickTock - Now,0.3,False,0.12053,648.63,,0.02,1784024997
All Pools,Chemistry - Now,0.3,False,0.1202,638.23,,0.02,1784024997
All Pools,Chemistry - AVAX,0.3,False,0.12014,62.82,,0.17,1784024997
All Pools,ACS - USDC.e,0.3,False,0.11994,5.078,,2.16,1784024997
All Pools,AVAX - SantaGospel,0.3,False,0.11922,95.28,,0.11,1784024997
All Pools,BrideOfChrist - AVAX,0.3,False,0.11821,63.07,,0.17,1784024997
All Pools,MaryMagdalene - BrideOfChrist,0.3,False,0.11488,90.91,,0.12,1784024997
All Pools,Sanskrit - AVAX,0.3,False,0.11383,63.58,,0.16,1784024997
All Pools,ALOT - USDC.e,0.3,False,0.11352,7.45,,1.39,1784024997
All Pools,Sanskrit - Now,0.3,False,0.11347,646.85,,0.02,1784024997
All Pools,Now - Teste,0.3,False,0.11328,641.25,,0.02,1784024997
All Pools,AVAX - Teste,0.3,False,0.11318,62.24,,0.17,1784024997
All Pools,MELT - AVAX,0.3,False,0.11294,19.86,,0.52,1784024997
All Pools,YEEHAW - USDC,0.3,False,0.11212,5.477,,1.87,1784024997
All Pools,Necromancer - AVAX,0.3,False,0.11181,63.63,,0.16,1784024997
All Pools,Now - Necromancer,0.3,False,0.11156,647.34,,0.02,1784024997
All Pools,USDt - REDWOLF,0.3,False,0.11112,13.65,,0.74,1784024997
All Pools,WETH.e - SURE,0.3,False,0.10923,829.29,,0.01,1784024997
All Pools,Slope - AVAX,0.3,False,0.10891,63.65,,0.16,1784024997
All Pools,Gold - AVAX,0.3,False,0.10884,63.76,,0.16,1784024997
All Pools,Slope - Now,0.3,False,0.10864,646.06,,0.02,1784024997
All Pools,Gold - Now,0.3,False,0.10848,648.56,,0.02,1784024997
All Pools,AVAX - √Root,0.3,False,0.10826,63.73,,0.16,1784024997
All Pools,Now - √Root,0.3,False,0.1076,648.27,,0.02,1784024997
All Pools,Uncontractable - AVAX,0.3,False,0.10754,62.6,,0.16,1784024997
All Pools,TruthClosure - AVAX,0.3,False,0.10729,7.603,,1.29,1784024997
All Pools,Uncontractable - Now,0.3,False,0.10718,633.48,,0.02,1784024997
All Pools,DAI.e - VOLT,0.3,False,0.10714,40.69,,0.24,1784024997
All Pools,TruthClosure - BLACK,0.3,False,0.1071,12.92,,0.76,1784024997
All Pools,TOMB - USDC,0.3,False,0.1061,10.05,,0.96,1784024997
All Pools,XPOW - AVAX,0.3,False,0.10568,1309.22,,0.01,1784024997
All Pools,USDt - XPOW,0.3,False,0.10566,20.52,,0.47,1784024997
All Pools,YAK - SPORE,0.3,False,0.10307,5.265,,1.79,1784024997
All Pools,Blue - AVAX,0.3,False,0.10241,189.04,,0.05,1784024997
All Pools,Psychic - Blue,0.3,False,0.10198,62.07,,0.15,1784024997
All Pools,FLAKE - USDT.e,0.3,False,0.10094,48.1,,0.19,1784024997
All Pools,FLAKE - AVAX,0.3,False,0.10079,17.02,,0.54,1784024997
All Pools,USDt - MILO,0.3,False,0.10009,13.96,,0.65,1784024997
All Pools,AVAX - MILO,0.3,False,0.10005,786.48,,0.01,1784024997
All Pools,ZRO - USDC,0.3,False,0.09898,4.443,,2.03,1784024997
All Pools,BENIS - NOCHILL,0.3,False,0.09832,2.731,,3.29,1784024997
All Pools,Christmas - Merovingian,0.3,False,0.09786,85.67,,0.1,1784024997
All Pools,Now - Merovingian,0.3,False,0.09711,49.94,,0.18,1784024997
All Pools,AVAX - DOGGY,0.3,False,0.09516,1.931,,4.5,1784024997
All Pools,AVAX - Strength,0.3,False,0.0943,101.51,,0.08,1784024997
All Pools,Go - AVAX,0.3,False,0.09413,100.89,,0.09,1784024997
All Pools,Hydrogen - AVAX,0.3,False,0.09396,189.2,,0.05,1784024997
All Pools,Psychic - Strength,0.3,False,0.09392,56.36,,0.15,1784024997
All Pools,Psychic - Go,0.3,False,0.09364,55.85,,0.15,1784024997
All Pools,Psychic - Hydrogen,0.3,False,0.09363,62.39,,0.14,1784024997
All Pools,BANKSY - USDC.e,0.3,False,0.09121,28.99,,0.29,1784024997
All Pools,Psychic - Yellow,0.3,False,0.09101,61.76,,0.13,1784024997
All Pools,BANKSY - AVAX,0.3,False,0.09099,18.22,,0.46,1784024997
All Pools,HUSKY - MUG,0.3,False,0.09035,13.45,,0.61,1784024997
All Pools,METAG - AVAX,0.3,False,0.08944,19.53,,0.42,1784024997
All Pools,LIBRE - USDC.e,0.3,False,0.08859,12.24,,0.66,1784024997
All Pools,AVAT - AVAX,0.3,False,0.08775,16.66,,0.48,1784024997
All Pools,AVAX - FORT,0.3,False,0.08718,12.89,,0.62,1784024997
All Pools,MIM - FORT,0.3,False,0.08668,2702.27,,0.0,1784024997
All Pools,Psychic - SantaGospel,0.3,False,0.08551,54.98,,0.14,1784024997
All Pools,AVAX - STRAW,0.3,False,0.08536,14.19,,0.55,1784024997
All Pools,MIM - AUSD,0.3,False,0.08428,10.82,,0.71,1784024997
All Pools,WTF - AVAX,0.3,False,0.08416,514.31,,0.01,1784024997
All Pools,AVAI - AVAX,0.3,False,0.08369,19.67,,0.39,1784024997
All Pools,CGS - USDC.e,0.3,False,0.08173,152.57,,0.05,1784024997
All Pools,CGS - AVAX,0.3,False,0.08157,53.95,,0.14,1784024997
All Pools,DAI.e - STRAW,0.3,False,0.07996,35.81,,0.2,1784024997
All Pools,Gil - AVAX,0.3,False,0.07959,13.53,,0.54,1784024997
All Pools,Who - AVAX,0.3,False,0.07837,100.91,,0.07,1784024997
All Pools,Psychic - Who,0.3,False,0.07808,56.4,,0.13,1784024997
All Pools,UST - USDT.e,0.3,False,0.07754,38.38,,0.18,1784024997
All Pools,Light - AVAX,0.3,False,0.07684,63.64,,0.11,1784024997
All Pools,COQ - BLSEYE🎯,0.3,False,0.0767,142.86,,0.05,1784024997
All Pools,Light - Now,0.3,False,0.07663,647.41,,0.01,1784024997
All Pools,PAPA - AVAX,0.3,False,0.07584,10.9,,0.63,1784024997
All Pools,MIM - PAPA,0.3,False,0.07518,66.93,,0.1,1784024997
All Pools,Gil - DAI.e,0.3,False,0.07461,26.16,,0.26,1784024997
All Pools,JESUS - AVAX,0.3,False,0.07382,9.197,,0.73,1784024997
All Pools,ElvisJackpot - BLACK,0.3,False,0.07296,10.34,,0.64,1784024997
All Pools,WBTC.e - USDC.e,0.3,False,0.06927,7.988,,0.79,1784024997
All Pools,JOE - CRA,0.3,False,0.06754,7.021,,0.88,1784024997
All Pools,METAG - USDT.e,0.3,False,0.06752,47.0,,0.13,1784024997
All Pools,WOOD - AVAX,0.3,False,0.06713,19.45,,0.31,1784024997
All Pools,RUG - USDT.e,0.3,False,0.06621,10.43,,0.58,1784024997
All Pools,SHOE - BTC.b,0.3,False,0.06563,0.75229,,7.96,1784024997
All Pools,SURE - USDC.e,0.3,False,0.06538,20.5,,0.29,1784024997
All Pools,USDT.e - XAVA,0.3,False,0.06515,10.68,,0.56,1784024997
All Pools,AI9000 - AVAX,0.3,False,0.0642,214.86,,0.03,1784024997
All Pools,Ush - AVAX,0.3,False,0.06395,2075.63,,0.0,1784024997
All Pools,MELT - USDC.e,0.3,False,0.06342,29.49,,0.2,1784024997
All Pools,NineHundred - AVAX,0.3,False,0.06145,100.8,,0.06,1784024997
All Pools,JOE - ZABU,0.3,False,0.06086,12.82,,0.43,1784024997
All Pools,NOCHILL - REDWOLF,0.3,False,0.05994,2.203,,2.48,1784024997
All Pools,NOCHILL - MU,0.3,False,0.0597,1.475,,3.69,1784024997
All Pools,USDC.e - WOLF,0.3,False,0.0594,7.501,,0.72,1784024997
All Pools,AVAX - WOLF,0.3,False,0.05929,53.24,,0.1,1784024997
All Pools,Psychic - NineHundred,0.3,False,0.05913,55.59,,0.1,1784024997
All Pools,USDt - NEMO,0.3,False,0.05891,95.72,,0.06,1784024997
All Pools,AVAX - NEMO,0.3,False,0.05879,6.503,,0.82,1784024997
All Pools,AVAX - Nala,0.3,False,0.05778,18.98,,0.28,1784024997
All Pools,Psychic - Nala,0.3,False,0.05753,208.39,,0.03,1784024997
All Pools,aDXN - aXEN,0.3,False,0.05644,4.916,,1.05,1784024997
All Pools,aDXN - AVAX,0.3,False,0.05599,49.88,,0.1,1784024997
All Pools,FITFI - USDC,0.3,False,0.05528,0.17922,,28.15,1784024997
All Pools,BUSD - USDC,0.3,False,0.0525,7.389,,0.65,1784024997
All Pools,APOW - USDt,0.3,False,0.05249,21.18,,0.23,1784024997
All Pools,APOW - AVAX,0.3,False,0.05223,1309.99,,0.0,1784024997
All Pools,AVAT - USDC,0.3,False,0.05131,37.36,,0.13,1784024997
All Pools,gOHM - USDT.e,0.3,False,0.05077,0.64366,,7.2,1784024997
All Pools,AVAX - GAU,0.3,False,0.05025,5.676,,0.81,1784024997
All Pools,MELT - USDT.e,0.3,False,0.04976,29.25,,0.16,1784024997
All Pools,XAUt0 - ElvisJackpot,0.3,False,0.04827,281.64,,0.02,1784024997
All Pools,USDC - AMI,0.3,False,0.04715,0.49971,,8.61,1784024997
All Pools,Yellow - BLACK,0.3,False,0.04623,2.625,,1.61,1784024997
All Pools,MIM - RUG,0.3,False,0.04615,6.228,,0.68,1784024997
All Pools,CRA - AVAX,0.3,False,0.04584,7139.86,,,1784024997
All Pools,SHOE - AMI,0.3,False,0.04546,0.17696,,23.44,1784024997
All Pools,UNIV - AVAX,0.3,False,0.04525,6.026,,0.69,1784024997
All Pools,GAS - AVAX,0.3,False,0.0451,130.81,,0.03,1784024997
All Pools,miMatic - USDC.e,0.3,False,0.04481,24.07,,0.17,1784024997
All Pools,miMatic - AVAX,0.3,False,0.04472,32.04,,0.13,1784024997
All Pools,MIM - UNIV,0.3,False,0.04447,5.447,,0.74,1784024997
All Pools,SURE - DAI.e,0.3,False,0.0441,23.89,,0.17,1784024997
All Pools,MELT - USDC.e,0.3,False,0.04406,5.888,,0.68,1784024997
All Pools,MELT - AVAX,0.3,False,0.04401,799.71,,0.01,1784024997
All Pools,CNR - REDWOLF,0.3,False,0.0435,14.76,,0.27,1784024997
All Pools,TSD - WOLF,0.3,False,0.04292,28.13,,0.14,1784024997
All Pools,WOLF - AVAX,0.3,False,0.0429,46.16,,0.08,1784024997
All Pools,BLS - SHRAP,0.3,False,0.04259,8.378,,0.46,1784024997
All Pools,DUO - USDT.e,0.3,False,0.04147,6.1,,0.62,1784024997
All Pools,AVAX - SHRAP,0.3,False,0.04049,11.7,,0.32,1784024997
All Pools,ROCO - AVAX,0.3,False,0.04017,1331.16,,0.0,1784024997
All Pools,SHK - AVAX,0.3,False,0.04015,0.20532,,17.84,1784024997
All Pools,AVAX - BLANC,0.3,False,0.03994,7.211,,0.51,1784024997
All Pools,AVAX - GG,0.3,False,0.03977,5.213,,0.7,1784024997
All Pools,MIM - BLANC,0.3,False,0.0395,1254.68,,0.0,1784024997
All Pools,CNR - USDC,0.3,False,0.03914,4.408,,0.81,1784024997
All Pools,AVAI - USDC.e,0.3,False,0.03855,26.59,,0.13,1784024997
All Pools,GURS - ARENA,0.3,False,0.03838,5.228,,0.67,1784024997
All Pools,AVAX - BAVA,0.3,False,0.03809,8.589,,0.4,1784024997
All Pools,SUB - USDC,0.3,False,0.03761,11.32,,0.3,1784024997
All Pools,wMEMO - AVAX,0.3,False,0.03716,6.433,,0.53,1784024997
All Pools,WLRS - GRAPE,0.3,False,0.03649,8.909,,0.37,1784024997
All Pools,WLRS - USDC.e,0.3,False,0.03628,3997.19,,,1784024997
All Pools,BRUH - AVAX,0.3,False,0.03626,880.4,,0.0,1784024997
All Pools,CNR - AVAX,0.3,False,0.03611,47.08,,0.07,1784024997
All Pools,UNIQOC - AVAX,0.3,False,0.03607,812.86,,0.0,1784024997
All Pools,UNIQOC - COQ,0.3,False,0.03596,35.27,,0.09,1784024997
All Pools,MIM - GG,0.3,False,0.03535,73.12,,0.04,1784024997
All Pools,CNR - USDt,0.3,False,0.03435,4.421,,0.71,1784024997
All Pools,SURE - AVAX,0.3,False,0.03423,5.241,,0.6,1784024997
All Pools,YEEHAW - AMI,0.3,False,0.03411,3.025,,1.03,1784024997
All Pools,USDC.e - RUG,0.3,False,0.03369,17.54,,0.18,1784024997
All Pools,BLACK - SantaGospel,0.3,False,0.03334,2.595,,1.17,1784024997
All Pools,LINK.e - MU,0.3,False,0.03252,6.789,,0.44,1784024997
All Pools,MIM - TSNFTGM,0.3,False,0.03227,3.473,,0.85,1784024997
All Pools,NXPC - AVAX,0.3,False,0.03186,0.99146,,2.93,1784024997
All Pools,gOHM - OTWO,0.3,False,0.03185,91211.0,,,1784024997
All Pools,KLO - USDT.e,0.3,False,0.03151,5.428,,0.53,1784024997
All Pools,wsOHM - OTWO,0.3,False,0.03148,1.538,,1.87,1784024997
All Pools,KIMBO - AMI,0.3,False,0.031,2.344,,1.21,1784024997
All Pools,COQ - AMI,0.3,False,0.0309,8.0,,0.35,1784024997
All Pools,AVAX - BOREA,0.3,False,0.03001,5.426,,0.5,1784024997
All Pools,USDT.e - BOREA,0.3,False,0.03,25.58,,0.11,1784024997
All Pools,MPL - AVAX,0.3,False,0.02984,5.023,,0.54,1784024997
All Pools,MPL - USDt,0.3,False,0.02981,29.68,,0.09,1784024997
All Pools,TSNFTGM - DAI.e,0.3,False,0.02979,29.23,,0.09,1784024997
All Pools,MU - COQAI,0.3,False,0.02971,5.64,,0.48,1784024997
All Pools,bECH - AVAX,0.3,False,0.02966,16.86,,0.16,1784024997
All Pools,AVAX - CAST,0.3,False,0.02953,1374.07,,0.0,1784024997
All Pools,FollowTheWhiteRabbit - AVAX,0.3,False,0.02945,115.4,,0.02,1784024997
All Pools,AVAX - SPADE,0.3,False,0.02901,4.867,,0.54,1784024997
All Pools,USDC.e - SPADE,0.3,False,0.029,15.39,,0.17,1784024997
All Pools,LUNA - LUNA,0.3,False,0.02895,1.852,,1.43,1784024997
All Pools,LoveIsTheKey - FollowTheWhiteRabbit,0.3,False,0.02895,44.37,,0.06,1784024997
All Pools,LoveIsTheKey - BLACK,0.3,False,0.0289,4.214,,0.63,1784024997
All Pools,USDT.e - DAI.e,0.3,False,0.02809,7154.06,,,1784024997
All Pools,BTC.b - USDC,0.3,False,0.02807,4.175,,0.61,1784024997
All Pools,WOLF - MU,0.3,False,0.02755,3.813,,0.66,1784024997
All Pools,JOE - ZUBAX,0.3,False,0.02714,6.458,,0.38,1784024997
All Pools,BENIS - AVAX,0.3,False,0.02655,10.63,,0.23,1784024997
All Pools,ARENA - AMI,0.3,False,0.02634,0.86756,,2.77,1784024997
All Pools,SLIME - USDt,0.3,False,0.0259,6.046,,0.39,1784024997
All Pools,SBR - AVAX,0.3,False,0.02582,3.78,,0.62,1784024997
All Pools,SLIME - AVAX,0.3,False,0.02576,14945.0,,,1784024997
All Pools,WDAO - AVAX,0.3,False,0.02558,9.937,,0.23,1784024997
All Pools,MIM - SBR,0.3,False,0.02554,11.4,,0.2,1784024997
All Pools,WDAO - MIM,0.3,False,0.02535,5.423,,0.43,1784024997
All Pools,ElvisJackpot - Gravity,0.3,False,0.02516,14.37,,0.16,1784024997
All Pools,wMEMO - MIM,0.3,False,0.02487,4.406,,0.52,1784024997
All Pools,AMI - SQRCAT,0.3,False,0.02483,10.1,,0.22,1784024997
All Pools,AVAX - SQRCAT,0.3,False,0.02478,4216.77,,,1784024997
All Pools,BTC.b - MU,0.3,False,0.02466,9.924,,0.23,1784024997
All Pools,ARA - AVAX,0.3,False,0.02428,2.311,,0.96,1784024997
All Pools,GG - AVAX,0.3,False,0.02416,5.717,,0.39,1784024997
All Pools,ZUM - NOCHILL,0.3,False,0.02398,0.73242,,2.99,1784024997
All Pools,BSGG - AVAX,0.3,False,0.0239,2.519,,0.87,1784024997
All Pools,MIM - GG,0.3,False,0.0239,4.947,,0.44,1784024997
All Pools,WETH.e - meGNX,0.3,False,0.02375,5.077,,0.43,1784024997
All Pools,GURS - NOCHILL,0.3,False,0.02348,1.139,,1.88,1784024997
All Pools,AVAX - NADO,0.3,False,0.02336,2.581,,0.83,1784024997
All Pools,YAK - JOE,0.3,False,0.02333,0.94864,,2.24,1784024997
All Pools,MIM - NADO,0.3,False,0.02311,175.57,,0.01,1784024997
All Pools,METAG - USDt,0.3,False,0.02194,15.31,,0.13,1784024997
All Pools,DBY - AVAX,0.3,False,0.02191,7474.97,,,1784024997
All Pools,wALGO - AVAX,0.3,False,0.02124,115.1,,0.02,1784024997
All Pools,wALGO - USDC,0.3,False,0.02121,2.39,,0.81,1784024997
All Pools,FITFI - USDC.e,0.3,False,0.02087,0.09599,,19.84,1784024997
All Pools,AVAX - WSPP,0.3,False,0.02081,2.311,,0.82,1784024997
All Pools,USDC - WSPP,0.3,False,0.0208,41.92,,0.05,1784024997
All Pools,NOCHILL - WAIFU,0.3,False,0.02035,138.22,,0.01,1784024997
All Pools,XIO - AVAX,0.3,False,0.02002,2.316,,0.79,1784024997
All Pools,XIO - USDC,0.3,False,0.02,23.95,,0.08,1784024997
All Pools,USDC.e - WMATIC,0.3,False,0.01999,16.13,,0.11,1784024997
All Pools,WINK - NOCHILL,0.3,False,0.01986,0.37977,,4.77,1784024997
All Pools,REDWOLF - WMATIC,0.3,False,0.01967,2.031,,0.88,1784024997
All Pools,gOHM - USDC.e,0.3,False,0.01958,0.32693,,5.47,1784024997
All Pools,AVAX - AMONKS,0.3,False,0.01953,1141.71,,0.0,1784024997
All Pools,REDWOLF - AMONKS,0.3,False,0.01947,5.607,,0.32,1784024997
All Pools,Anon - USDC,0.3,False,0.01917,0.6688,,2.62,1784024997
All Pools,SOB - AVAX,0.3,False,0.0183,389.43,,0.0,1784024997
All Pools,LIFE - AVAX,0.3,False,0.01817,2.672,,0.62,1784024997
All Pools,SOB - LUNA,0.3,False,0.01799,0.80501,,2.04,1784024997
All Pools,MIM - LIFE,0.3,False,0.01795,11.23,,0.15,1784024997
All Pools,AVAX - DAI,0.3,False,0.01792,55.91,,0.03,1784024997
All Pools,MAJIN - AVAX,0.3,False,0.01777,3013.29,,,1784024997
All Pools,MAJIN - MU,0.3,False,0.0177,3.689,,0.44,1784024997
All Pools,GATOR - AMI,0.3,False,0.01765,3.039,,0.53,1784024997
All Pools,MIM - DICK,0.3,False,0.01742,2.159,,0.74,1784024997
All Pools,ICUBE - USDT.e,0.3,False,0.01738,107.1,,0.01,1784024997
All Pools,MIM - sTHO,0.3,False,0.01738,203.58,,0.01,1784024997
All Pools,DICK - AVAX,0.3,False,0.01733,6.097,,0.26,1784024997
All Pools,ICUBE - AVAX,0.3,False,0.01731,5.31,,0.3,1784024997
All Pools,SUB - AVAX,0.3,False,0.01714,14.8,,0.11,1784024997
All Pools,ACS - USDt,0.3,False,0.017,0.92012,,1.69,1784024997
All Pools,DUNEV3 - USDC.e,0.3,False,0.01688,25237.0,,,1784024997
All Pools,WINK - AVAX,0.3,False,0.01664,41.41,,0.04,1784024997
All Pools,MIM - DUNEV3,0.3,False,0.01654,53686.0,,,1784024997
All Pools,KOKSAL - USDC,0.3,False,0.01617,4.434,,0.33,1784024997
All Pools,KOKSAL - AVAX,0.3,False,0.01617,2.759,,0.53,1784024997
All Pools,MOO - AVAX,0.3,False,0.01596,539.36,,0.0,1784024997
All Pools,DUA - USDC,0.3,False,0.01577,11.42,,0.13,1784024997
All Pools,AVAX - DUA,0.3,False,0.01577,1.718,,0.84,1784024997
All Pools,FINANCE - NOCHILL,0.3,False,0.01577,367.91,,0.0,1784024997
All Pools,KOVIN - MU,0.3,False,0.01511,2.502,,0.55,1784024997
All Pools,USDT.e - TMT,0.3,False,0.01474,25.41,,0.05,1784024997
All Pools,AVAX - TMT,0.3,False,0.01469,5.834,,0.23,1784024997
All Pools,AVAX - SDOG,0.3,False,0.01469,6.485,,0.21,1784024997
All Pools,Psychic - Solved,0.3,False,0.01468,47.16,,0.03,1784024997
All Pools,Solved - BLACK,0.3,False,0.01429,1.297,,1.01,1784024997
All Pools,Psychic - Architect,0.3,False,0.01417,47.17,,0.03,1784024997
All Pools,NRK - DAI.e,0.3,False,0.01406,280.36,,0.0,1784024997
All Pools,AVAX - SPELL,0.3,False,0.01393,1934.03,,,1784024997
All Pools,SMRT - XAVA,0.3,False,0.01388,2.257,,0.56,1784024997
All Pools,Trinity - FourFourFour,0.3,False,0.01382,3.471,,0.36,1784024997
All Pools,MIM - SPELL,0.3,False,0.01382,2.439,,0.52,1784024997
All Pools,YAK - USDT.e,0.3,False,0.01381,0.56179,,2.24,1784024997
All Pools,Architect - BLACK,0.3,False,0.01379,1.297,,0.97,1784024997
All Pools,FourFourFour - BLACK,0.3,False,0.01377,3.34,,0.38,1784024997
All Pools,Psychic - TwinFlames,0.3,False,0.01371,47.7,,0.03,1784024997
All Pools,UST - USDC,0.3,False,0.01359,3.921,,0.32,1784024997
All Pools,Psychic - QuetzalCoatl,0.3,False,0.01359,47.17,,0.03,1784024997
All Pools,Psychic - Checkmate,0.3,False,0.01358,47.27,,0.03,1784024997
All Pools,Spider - Psychic,0.3,False,0.01354,47.13,,0.03,1784024997
All Pools,HCT - AVAX,0.3,False,0.01352,2.618,,0.47,1784024997
All Pools,Psychic - daVinci,0.3,False,0.01351,47.16,,0.03,1784024997
All Pools,Psychic - Bonfire,0.3,False,0.01347,47.16,,0.03,1784024997
All Pools,Choice - Psychic,0.3,False,0.01346,47.14,,0.03,1784024997
All Pools,JOE - REDWOLF,0.3,False,0.01344,2.731,,0.45,1784024997
All Pools,BLACK - TwinFlames,0.3,False,0.01337,1.316,,0.93,1784024997
All Pools,QuetzalCoatl - BLACK,0.3,False,0.01324,1.296,,0.93,1784024997
All Pools,Checkmate - BLACK,0.3,False,0.01324,1.299,,0.93,1784024997
All Pools,Spider - BLACK,0.3,False,0.01321,1.305,,0.92,1784024997
All Pools,daVinci - BLACK,0.3,False,0.01317,1.297,,0.93,1784024997
All Pools,Bonfire - BLACK,0.3,False,0.01314,1.297,,0.92,1784024997
All Pools,Choice - BLACK,0.3,False,0.01314,1.303,,0.92,1784024997
All Pools,Psychic - Partment,0.3,False,0.01296,47.15,,0.03,1784024997
All Pools,CATWIF - AVAX,0.3,False,0.0129,2350.66,,,1784024997
All Pools,HIGHER - AVAX,0.3,False,0.01289,1.194,,0.99,1784024997
All Pools,CATWIF - MU,0.3,False,0.01283,3.018,,0.39,1784024997
All Pools,BLACK - Partment,0.3,False,0.01275,1.297,,0.9,1784024997
All Pools,Psychic - Sequence,0.3,False,0.01274,47.17,,0.02,1784024997
All Pools,Psychic - Crypt,0.3,False,0.01273,47.13,,0.02,1784024997
All Pools,Psychic - TheArcher,0.3,False,0.01271,47.18,,0.02,1784024997
All Pools,ChristMark - ChristIAmYou,0.3,False,0.01268,20.1,,0.06,1784024997
All Pools,Psychic - LordJesusChrist,0.3,False,0.01265,45.29,,0.03,1784024997
All Pools,Sequence - BLACK,0.3,False,0.01254,1.291,,0.89,1784024997
All Pools,Crypt - BLACK,0.3,False,0.01253,1.302,,0.88,1784024997
All Pools,AVAX - SOL,0.3,False,0.01253,0.06604,,17.31,1784024997
All Pools,ARENA - MU,0.3,False,0.01252,2.739,,0.42,1784024997
All Pools,TheArcher - BLACK,0.3,False,0.01251,1.293,,0.88,1784024997
All Pools,LordJesusChrist - BLACK,0.3,False,0.01243,1.25,,0.91,1784024997
All Pools,BLACK - ChristIAmYou,0.3,False,0.01242,1.316,,0.86,1784024997
All Pools,WTHT - AXIAL,0.3,False,0.01226,0.28592,,3.91,1784024997
All Pools,BGLD - USDT.e,0.3,False,0.01211,16.35,,0.07,1784024997
All Pools,BGLD - AVAX,0.3,False,0.01205,3.552,,0.31,1784024997
All Pools,Psychic - BirthingCode,0.3,False,0.01203,47.18,,0.02,1784024997
All Pools,Psychic - Equal,0.3,False,0.01202,47.17,,0.02,1784024997
All Pools,Psychic - YouAndI,0.3,False,0.01202,47.17,,0.02,1784024997
All Pools,Psychic - FinityFinity,0.3,False,0.01194,47.18,,0.02,1784024997
All Pools,Psychic - Turtle,0.3,False,0.01187,47.18,,0.02,1784024997
All Pools,Psychic - Finish,0.3,False,0.01185,47.14,,0.02,1784024997
All Pools,AVAX - APE - X,0.3,False,0.01183,471.22,,0.0,1784024997
All Pools,BirthingCode - BLACK,0.3,False,0.0118,1.286,,0.84,1784024997
All Pools,Equal - BLACK,0.3,False,0.01179,1.287,,0.84,1784024997
All Pools,YouAndI - BLACK,0.3,False,0.01179,1.289,,0.83,1784024997
All Pools,Psychic - TrueStory,0.3,False,0.01179,47.18,,0.02,1784024997
All Pools,FinityFinity - BLACK,0.3,False,0.01169,1.288,,0.83,1784024997
All Pools,Turtle - BLACK,0.3,False,0.01166,1.286,,0.83,1784024997
All Pools,Finish - BLACK,0.3,False,0.01163,1.296,,0.82,1784024997
All Pools,TrueStory - BLACK,0.3,False,0.01157,1.287,,0.82,1784024997
All Pools,AVAX - DWC,0.3,False,0.01157,4102.55,,,1784024997
All Pools,DWC - MU,0.3,False,0.0115,2.762,,0.38,1784024997
All Pools,TECH - AMI,0.3,False,0.01146,1.637,,0.64,1784024997
All Pools,Psychic - Gematria,0.3,False,0.01144,47.17,,0.02,1784024997
All Pools,BTC.b - yyAVAX,0.3,False,0.01144,4.158,,0.25,1784024997
All Pools,GURS - HOWDY,0.3,False,0.01135,0.57837,,1.79,1784024997
All Pools,USDC - USDT.e,0.3,False,0.01134,154.44,,0.01,1784024997
All Pools,BLACK - Gematria,0.3,False,0.01117,1.288,,0.79,1784024997
All Pools,AAVE.e - meGNX,0.3,False,0.01108,3.604,,0.28,1784024997
All Pools,AMPL - AVAX,0.3,False,0.011,203.92,,0.0,1784024997
All Pools,JOE - GB,0.3,False,0.01088,0.16436,,6.04,1784024997
All Pools,Trinity - IfYouKnowYouKnow,0.3,False,0.01075,3.294,,0.3,1784024997
All Pools,BLACK - IfYouKnowYouKnow,0.3,False,0.01047,1.284,,0.74,1784024997
All Pools,USDR - USDC,0.3,False,0.01044,39.9,,0.02,1784024997
All Pools,AVAX - USDR,0.3,False,0.01039,2.441,,0.39,1784024997
All Pools,aAvaLINK - AVAX,0.3,False,0.01027,7.341,,0.13,1784024997
All Pools,aAvaLINK - LINK.e,0.3,False,0.01011,1.566,,0.59,1784024997
All Pools,TEMPO - AVAX,0.3,False,0.01003,1.822,,0.5,1784024997
All Pools,MIM - TEMPO,0.3,False,0.00994,5.189,,0.17,1784024997
All Pools,SHOE - COQ,0.3,False,0.0099,0.03751,,24.08,1784024997
All Pools,GMX - USDC,0.3,False,0.00975,0.81657,,1.09,1784024997
All Pools,HERESY - MEOW,0.3,False,0.00917,0.19328,,4.33,1784024997
All Pools,AVAX - LODE,0.3,False,0.00912,0.83111,,1.0,1784024997
All Pools,NXPC - USDC,0.3,False,0.009,0.67498,,1.22,1784024997
All Pools,AVAX - WOHM,0.3,False,0.00871,1.163,,0.68,1784024997
All Pools,GURS - AMI,0.3,False,0.00867,1.254,,0.63,1784024997
All Pools,MIM - WOHM,0.3,False,0.00859,13.46,,0.06,1784024997
All Pools,USDC.e - UST,0.3,False,0.00852,1.549,,0.5,1784024997
All Pools,HH - ARENA,0.3,False,0.00847,1.649,,0.47,1784024997
All Pools,HH - AVAX,0.3,False,0.0084,237.71,,0.0,1784024997
All Pools,Gladiator - AVAX,0.3,False,0.00834,1.512,,0.5,1784024997
All Pools,NOCHILL - ARENA,0.3,False,0.00833,0.2538,,2.99,1784024997
All Pools,BEAM - MU,0.3,False,0.00813,0.94485,,0.79,1784024997
All Pools,TRACTOR - AVAX,0.3,False,0.00813,10616.0,,,1784024997
All Pools,TRACTOR - JOE,0.3,False,0.00806,1.127,,0.65,1784024997
All Pools,BNZ - KET,0.3,False,0.00805,2.464,,0.3,1784024997
All Pools,SNO Token - AVAX,0.3,False,0.00804,1.124,,0.65,1784024997
All Pools,SNO Token - JOE,0.3,False,0.00797,49.98,,0.01,1784024997
All Pools,AVAX - LYLY,0.3,False,0.0079,50.5,,0.01,1784024997
All Pools,QI - LYLY,0.3,False,0.00787,1.784,,0.4,1784024997
All Pools,JOE - AVE,0.3,False,0.00774,1.184,,0.6,1784024997
All Pools,YEEHAW - ARENA,0.3,False,0.00751,0.84934,,0.81,1784024997
All Pools,AVAX - EDG,0.3,False,0.0073,1.382,,0.48,1784024997
All Pools,AAVE.e - USDC.e,0.3,False,0.00724,1.276,,0.52,1784024997
All Pools,AMI - MU,0.3,False,0.00723,1.245,,0.53,1784024997
All Pools,MIM - EDG,0.3,False,0.00722,1.581,,0.42,1784024997
All Pools,WETH.e - MU,0.3,False,0.00716,1.767,,0.37,1784024997
All Pools,HIGHER - AMI,0.3,False,0.00682,1.871,,0.33,1784024997
All Pools,SNLP - AVAX,0.3,False,0.00663,2620.1,,,1784024997
All Pools,JOE - SNLP,0.3,False,0.00656,1.055,,0.57,1784024997
All Pools,AVAX - VYBE,0.3,False,0.00635,1.676,,0.35,1784024997
All Pools,MIM - VYBE,0.3,False,0.00628,0.87447,,0.66,1784024997
All Pools,BIRD - AVAX,0.3,False,0.0062,0.00945,,59.87,1784024997
All Pools,LF - USDT.e,0.3,False,0.00618,0.98389,,0.57,1784024997
All Pools,COQ - ARENA,0.3,False,0.00608,0.78778,,0.7,1784024997
All Pools,HIGHER - NOCHILL,0.3,False,0.00602,0.18151,,3.02,1784024997
All Pools,CANS - AVAX,0.3,False,0.00594,7.948,,0.07,1784024997
All Pools,HEFE - CANS,0.3,False,0.00593,4.691,,0.12,1784024997
All Pools,MUMO - USDC,0.3,False,0.00592,7.944,,0.07,1784024997
All Pools,AVAX - AXIAL,0.3,False,0.00578,596.19,,,1784024997
All Pools,AVAX - OK,0.3,False,0.00564,1.595,,0.32,1784024997
All Pools,USDC - OK,0.3,False,0.00559,1.153,,0.44,1784024997
All Pools,MIM - AFARMER,0.3,False,0.00555,3681.71,,,1784024997
All Pools,WETH.e - STATIK,0.3,False,0.00545,0.98644,,0.5,1784024997
All Pools,JOE - USDt,0.3,False,0.0053,0.6388,,0.76,1784024997
All Pools,AUSD - HUSKY,0.3,False,0.00513,0.45589,,1.03,1784024997
All Pools,MUMO - SOL,0.3,False,0.00498,0.07197,,6.32,1784024997
All Pools,GMX - USDt,0.3,False,0.00494,0.33746,,1.34,1784024997
All Pools,TEDDY - USDC,0.3,False,0.00489,0.62469,,0.71,1784024997
All Pools,QI - USDC.e,0.3,False,0.00487,0.63837,,0.7,1784024997
All Pools,USDC - LODE,0.3,False,0.00483,847.95,,,1784024997
All Pools,AVAX - PAR,0.3,False,0.0048,1.294,,0.34,1784024997
All Pools,MIM - PAR,0.3,False,0.00473,0.47513,,0.91,1784024997
All Pools,YEEHAW - ABC,0.3,False,0.00444,0.2335,,1.74,1784024997
All Pools,PinOcchio - AVAX,0.3,False,0.00443,7.729,,0.05,1784024997
All Pools,PinOcchio - Gravity,0.3,False,0.00441,1.487,,0.27,1784024997
All Pools,USDC.e - GG,0.3,False,0.00414,0.37243,,1.01,1784024997
All Pools,BNZ - WINK,0.3,False,0.00408,0.24453,,1.52,1784024997
All Pools,MIM - YAK,0.3,False,0.00398,0.16782,,2.16,1784024997
All Pools,AVAX - ASND,0.3,False,0.00397,0.11855,,3.05,1784024997
All Pools,AVAX - MICRO,0.3,False,0.00396,18.55,,0.02,1784024997
All Pools,AMI - EROL,0.3,False,0.00394,0.30362,,1.18,1784024997
All Pools,MIM - ASND,0.3,False,0.00382,78.4,,0.0,1784024997
All Pools,ERROR - AMI,0.3,False,0.0035,1.742,,0.18,1784024997
All Pools,AVAX - WINE,0.3,False,0.00343,0.08445,,3.7,1784024997
All Pools,AVAX - MTB,0.3,False,0.00321,0.42472,,0.69,1784024997
All Pools,AVAX - DREX,0.3,False,0.00317,0.19888,,1.46,1784024997
All Pools,MIM - MTB,0.3,False,0.00315,0.44652,,0.64,1784024997
All Pools,MIM - DREX,0.3,False,0.00312,5.669,,0.05,1784024997
All Pools,SNTA - MIM,0.3,False,0.00299,0.3223,,0.85,1784024997
All Pools,GRAPE - AVAX,0.3,False,0.00298,0.09549,,2.84,1784024997
All Pools,LIFE - AVAX,0.3,False,0.00294,0.74015,,0.36,1784024997
All Pools,MIM - LIFE,0.3,False,0.00289,0.23788,,1.11,1784024997
All Pools,USDC.e - TIME,0.3,False,0.0028,0.19458,,1.31,1784024997
All Pools,JOE - aXEN,0.3,False,0.00274,0.17509,,1.43,1784024997
All Pools,DB - AVAX,0.3,False,0.00271,1.368,,0.18,1784024997
All Pools,STG - JOE,0.3,False,0.00268,0.10335,,2.37,1784024997
All Pools,xJOE - AVAX,0.3,False,0.00268,1.779,,0.14,1784024997
All Pools,FAP - AVAX,0.3,False,0.00267,67.68,,0.0,1784024997
All Pools,MIM - DB,0.3,False,0.00266,0.19024,,1.28,1784024997
All Pools,xJOE - wsOHM,0.3,False,0.00263,0.17744,,1.35,1784024997
All Pools,MIM - FAP,0.3,False,0.00255,0.04776,,4.88,1784024997
All Pools,ABC - MU,0.3,False,0.00217,0.05046,,3.93,1784024997
All Pools,NineHundred - BLACK,0.3,False,0.00213,2.647,,0.07,1784024997
All Pools,AVAX - PLEB,0.3,False,0.0021,0.08878,,2.16,1784024997
All Pools,MIM - PLEB,0.3,False,0.00205,8.029,,0.02,1784024997
All Pools,LUNA - USDC,0.3,False,0.00199,0.09505,,1.91,1784024997
All Pools,MIM - AKITA,0.3,False,0.00197,0.08126,,2.22,1784024997
All Pools,USDC.e - XAVA,0.3,False,0.00177,0.34039,,0.47,1784024997
All Pools,UST - WINE,0.3,False,0.00152,0.11542,,1.2,1784024997
All Pools,TSD - USDC.e,0.3,False,0.00148,0.06256,,2.16,1784024997
All Pools,ILoveMyTwinFlame - AVAX,0.3,False,0.00115,3.981,,0.03,1784024997
All Pools,ILoveMyTwinFlame - Gravity,0.3,False,0.00114,1.608,,0.06,1784024997
All Pools,LYD - AVAX,0.3,False,0.0011,0.64388,,0.16,1784024997
All Pools,LYD - REDWOLF,0.3,False,0.00109,4.06,,0.02,1784024997
All Pools,YEEHAW - Gladiator,0.3,False,0.00108,0.08346,,1.18,1784024997
All Pools,USDC - XPOW,0.3,False,0.00102,0.02493,,3.72,1784024997
All Pools,GRAPE - USDC.e,0.3,False,0.00101,0.0392,,2.34,1784024997
All Pools,COQ - USDt,0.3,False,,0.04103,,2.05,1784024997
All Pools,YEEHAW - MU,0.3,False,,0.12063,,0.66,1784024997
All Pools,CRAFT - AVAX,0.3,False,,289.02,,,1784024997
All Pools,ROCO - USDT.e,0.3,False,,0.10326,,0.67,1784024997
All Pools,SYN - JOE,0.3,False,,0.01682,,3.79,1784024997
All Pools,FollowTheWhiteRabbit - BLACK,0.3,False,,0.1288,,0.41,1784024997
All Pools,SYN - XAVA,0.3,False,,0.0053,,7.48,1784024997
All Pools,SPORE - USDC,0.3,False,,1391.81,,,1784024997
All Pools,DONK - AVAX,0.3,False,,21.58,,,1784024997
All Pools,aAVAXb - AVAX,0.3,False,,0.25494,,0.02,1784024997
All Pools,SMRT - TMT,0.3,False,,0.13605,,0.02,1784024997
All Pools,MIM - SMRT,0.3,False,,0.53214,,0.0,1784024997
All Pools,EZE - AVAX,0.3,False,,0.04826,,0.02,1784024997
All Pools,MU - KET,0.3,False,,0.93526,,,1784024997
All Pools,aAvaWAVAX - AVAX,0.3,False,,0.18304,,0.0,1784024997
All Pools,FATE - USDC,0.3,False,,448673.0,,,1784024997
All Pools,bJOE - JOE,0.3,False,,0.05417,,0.0,1784024997
All Pools,bXAVA - XAVA,0.3,False,,0.04535,,0.0,1784024997
All Pools,MIM - JOE,0.3,False,,0.00213,,0.02,1784024997
All Pools,bUSDT - AVAX,0.3,False,,0.00218,,0.01,1784024997
All Pools,GB - USDC.e,0.3,False,,0.00204,,0.0,1784024997
All Pools,YTS - GB,0.3,False,,0.00107,,0.0,1784024997
All Pools,GB - BOOFI,0.3,False,,,,0.0,1784024997
All Pools,AVAX - avWAVAX,0.3,False,,0.00101,,,1784024997
All Pools,SPORE - JOE,0.3,False,,0.4088,,,1784024997
All Pools,GB - XAVA,0.3,False,,,,0.0,1784024997
All Pools,AVAX - bWETH,0.3,False,,,,0.2,1784024997
All Pools,AVAX - USDC,0.05,False,835231.0,375223.0,438.73,42.68,1784028590
All Pools,USDt - USDC,0.01,False,95267.0,162529.0,9.761,2.19,1784028590
All Pools,USDt - USDC,0.005,False,70085.0,159791.0,5.393,1.23,1784028590
All Pools,BTC.b - USDC,0.05,False,66729.0,571327.0,34.89,2.23,1784028590
All Pools,AUSD - USDC,0.01,False,60722.0,100954.0,6.028,2.18,1784028590
All Pools,FOLKS - AVAX,0.25,False,52001.0,36149.0,140.84,142.2,1784028590
All Pools,sAVAX - AVAX,0.01,False,48280.0,47105.0,5.543,4.29,1784028590
All Pools,AVAX - USDT.e,0.3,False,18015.0,465359.0,45.04,3.53,1784028590
All Pools,AVAX - USDC,0.3,False,15726.0,343569.0,39.31,4.18,1784028590
All Pools,gOHM - AVAX,0.3,False,15566.0,124404.0,38.91,11.42,1784028590
All Pools,USDC.e - AVAX,0.3,False,14831.0,362252.0,37.08,3.74,1784028590
All Pools,USDC - XAVA,0.3,False,12683.0,487910.0,31.71,2.37,1784028590
All Pools,ARENA - AVAX,0.01,False,11861.0,98556.0,1.186,0.44,1784028590
All Pools,AVAX - USDt,0.2,False,11238.0,98309.0,22.66,8.41,1784028590
All Pools,AVAX - BTC.b,0.05,False,10318.0,26750.0,5.892,8.04,1784028590
All Pools,WETH.e - AVAX,0.3,False,9577.62,365293.0,23.94,2.39,1784028590
All Pools,DAI.e - USDC,0.02,False,9263.01,28431.0,1.771,2.27,1784028590
All Pools,AAVE.e - AVAX,0.3,False,8914.47,259720.0,22.29,3.13,1784028590
All Pools,USDT.e - USDt,0.02,False,8438.97,44274.0,1.688,1.39,1784028590
All Pools,USDT.e - USDC,0.02,False,7958.75,50883.0,1.605,1.15,1784028590
All Pools,AUSD - USDt,0.01,False,7954.86,69970.0,0.81868,0.43,1784028590
All Pools,NXUSD - WXT,0.3,False,7589.05,476993.0,18.97,1.45,1784028590
All Pools,JOE - USDC.e,0.3,False,5841.9,257082.0,14.6,2.07,1784028590
All Pools,COQ - AVAX,0.3,False,5364.55,392383.0,13.41,1.25,1784028590
All Pools,XAVA - AVAX,0.8,False,4568.89,155965.0,36.84,8.62,1784028590
All Pools,JOE - AVAX,0.3,False,4048.73,208977.0,10.12,1.77,1784028590
All Pools,MIM - AVAX,0.3,False,3788.47,182864.0,9.471,1.89,1784028590
All Pools,NOCHILL - AVAX,0.3,False,3673.24,51616.0,9.183,6.49,1784028590
All Pools,GUN - AVAX,0.25,False,3122.61,9342.8,12.68,49.54,1784028590
All Pools,WBTC.e - AVAX,0.3,False,2972.34,129529.0,7.431,2.09,1784028590
All Pools,BTC.b - AVAX,0.3,False,2719.21,105954.0,6.798,2.34,1784028590
All Pools,QI - AVAX,0.3,False,2553.7,127803.0,6.384,1.82,1784028590
All Pools,LCPEDU - USDt,0.8,False,2338.38,7178730.0,37.49,0.19,1784028590
All Pools,DAI.e - USDt,0.25,False,1943.15,26987.0,4.527,6.12,1784028590
All Pools,LINK.e - AVAX,0.3,False,1779.07,38109.0,4.448,4.26,1784028590
All Pools,ORNG - AVAX,0.3,False,1772.25,16510.0,4.431,9.79,1784028590
All Pools,HUNDRED - USDC,0.3,False,1714.17,493197.0,4.285,0.32,1784028590
All Pools,BEAM - USDC,0.3,False,1708.68,65161.0,4.272,2.39,1784028590
All Pools,USDt - AVAX,0.3,False,1675.83,38184.0,4.19,4.0,1784028590
All Pools,USDC.e - USDC,0.02,False,1669.72,3874.09,0.3363,3.17,1784028590
All Pools,HERESY - AVAX,0.3,False,1544.03,14936.0,3.86,9.43,1784028590
All Pools,BEAM - AVAX,0.25,False,1354.76,14193.0,3.435,8.83,1784028590
All Pools,QI - AVAX,0.25,False,1235.85,7825.07,3.108,14.5,1784028590
All Pools,SB - AVAX,0.3,False,1208.59,5960.22,3.021,18.5,1784028590
All Pools,AVAX - DAI.e,0.3,False,1130.66,28282.0,2.827,3.65,1784028590
All Pools,JOE - USDT.e,0.3,False,937.32,51580.0,2.343,1.66,1784028590
All Pools,DAI.e - USDC,0.02,False,933.76,2487.01,0.17809,2.61,1784028590
All Pools,SYN - AVAX,0.3,False,793.04,5096.73,1.983,14.2,1784028590
All Pools,WBTC - BTC.b,0.03,False,771.57,80793.0,0.23766,0.11,1784028590
All Pools,GUN - AVAX,0.1,False,767.33,16673.0,2.444,5.35,1784028590
All Pools,WBTC.e - BTC.b,0.03,False,762.88,224083.0,0.25177,0.04,1784028590
All Pools,USDC.e - USDC,0.02,False,750.69,9679.73,0.07679,0.29,1784028590
All Pools,AVAX - DOMI,0.3,False,623.34,11495.0,1.558,4.95,1784028590
All Pools,ZRO - AVAX,0.25,False,617.55,1614.46,1.597,36.11,1784028590
All Pools,JPYC - USDC,0.04,False,558.68,3177.42,0.23764,2.73,1784028590
All Pools,AVAX - XAVA,0.3,False,541.18,12769.0,1.353,3.87,1784028590
All Pools,XSEED - AVAX,0.3,False,531.09,15866.0,1.328,3.05,1784028590
All Pools,JOE - USDC,0.3,False,512.2,23460.0,1.28,1.99,1784028590
All Pools,USDT.e - USDC,0.02,False,473.61,894.14,0.04913,2.01,1784028590
All Pools,SolvBTC - BTC.b,0.04,False,471.98,176600.0,0.17319,0.04,1784028590
All Pools,EURC - USDC,0.03,False,395.77,10577.0,0.11296,0.39,1784028590
All Pools,gOHM - FRAX,0.3,False,388.68,3434.2,0.97171,10.33,1784028590
All Pools,PRIME - AVAX,0.4,False,334.94,151555.0,3.813,0.92,1784028590
All Pools,MIM - SB,0.3,False,316.01,2234.69,0.79002,12.9,1784028590
All Pools,USDt - ncash,0.3,False,265.63,1014.5,0.66406,23.89,1784028590
All Pools,GB - AVAX,0.3,False,183.84,1981.68,0.45959,8.47,1784028590
All Pools,WETH.e - USDC.e,0.3,False,173.15,10787.0,0.43287,1.46,1784028590
All Pools,FITFI - USDT.e,0.3,False,165.58,149.57,0.41396,101.02,1784028590
All Pools,COQ - COQAI,0.3,False,146.16,18787.0,0.36539,0.71,1784028590
All Pools,OSAK - AVAX,0.3,False,144.41,3165.15,0.36101,4.16,1784028590
All Pools,YAK - AVAX,0.3,False,142.79,3444.35,0.35698,3.78,1784028590
All Pools,AVAX - JUICE,0.3,False,142.69,9352.46,0.35673,1.39,1784028590
All Pools,GMX - AVAX,0.3,False,127.56,3785.06,0.31891,3.08,1784028590
All Pools,XETA - USDC,0.3,False,121.72,5648.99,0.3043,1.97,1784028590
All Pools,w3ULL - AVAX,0.3,False,114.86,51140.0,0.28716,0.2,1784028590
All Pools,XSGD - USDC,0.05,False,109.68,430.91,0.01741,1.47,1784028590
All Pools,ALOT - AVAX,0.3,False,103.94,10119.0,0.25984,0.94,1784028590
All Pools,XAVA - AVAX,0.8,False,100.33,451.52,0.81395,65.8,1784028590
All Pools,USDC.e - USDC,0.02,False,98.33,1943.25,0.01971,0.37,1784028590
All Pools,AVAX - UST,0.3,False,88.03,6720.81,0.22009,1.2,1784028590
All Pools,AI - AVAX,0.3,False,87.85,3127.64,0.21963,2.56,1784028590
All Pools,XPOW - AVAX,0.8,False,84.72,239.13,0.75333,114.99,1784028590
All Pools,CAPY - ARENA,0.3,False,82.67,18713.0,0.20668,0.4,1784028590
All Pools,UST - AVAX,0.3,False,80.06,5806.57,0.20016,1.26,1784028590
All Pools,AVAX - RISE,0.3,False,78.71,42676.0,0.19676,0.17,1784028590
All Pools,APIX - USDt,0.3,False,74.67,5839.17,0.18668,1.17,1784028590
All Pools,APIX - ID,0.3,False,70.42,16896.0,0.17606,0.38,1784028590
All Pools,USDt - USDC,0.02,False,70.36,2228.11,0.01412,0.23,1784028590
All Pools,yes - AVAX,0.3,False,65.41,1208.97,0.16353,4.94,1784028590
All Pools,EMIN - AVAX,0.3,False,62.23,2117.72,0.15556,2.68,1784028590
All Pools,HEFE - AVAX,0.3,False,60.33,26883.0,0.15082,0.2,1784028590
All Pools,WBTC.e - USDC,0.3,False,58.45,0.39449,0.14613,13520.22,1784028590
All Pools,KLO - AVAX,0.3,False,57.31,11942.0,0.14327,0.44,1784028590
All Pools,Balln - AVAX,0.3,False,55.3,3746.11,0.13826,1.35,1784028590
All Pools,AVAX - AMI,0.3,False,50.98,347.41,0.12744,13.39,1784028590
All Pools,FLD - AVAX,0.3,False,49.8,34864.0,0.1245,0.13,1784028590
All Pools,BLSEYE🎯 - AVAX,0.3,False,48.88,4405.06,0.12219,1.01,1784028590
All Pools,STG - USDC,0.3,False,48.7,1221.37,0.12174,3.64,1784028590
All Pools,ABC - AVAX,0.3,False,46.19,466.3,0.11547,9.04,1784028590
All Pools,XAUt0 - USDt,0.04,False,40.9,24800.0,0.15033,0.22,1784028590
All Pools,GUN - BLSEYE🎯,0.3,False,40.05,426.76,0.10011,8.56,1784028590
All Pools,APIX - USDC,0.3,False,39.74,2922.93,0.09936,1.24,1784028590
All Pools,MIM - USDT.e,0.3,False,39.62,1518.18,0.09905,2.38,1784028590
All Pools,AVAX - TOPIA,0.3,False,36.09,1070.46,0.09023,3.08,1784028590
All Pools,ROY - AVAX,0.3,False,33.2,3931.56,0.08299,0.77,1784028590
All Pools,KIMBO - AVAX,0.3,False,31.46,39438.0,0.07864,0.07,1784028590
All Pools,SHRAP - AVAX,0.8,False,31.14,8867.17,0.25035,1.03,1784028590
All Pools,STG - AVAX,0.3,False,28.45,1017.42,0.07113,2.55,1784028590
All Pools,AVAX - ALVA,0.3,False,24.38,763.84,0.06095,2.91,1784028590
All Pools,USDC.e - USDC,0.3,False,21.86,479953.0,0.05466,0.0,1784028590
All Pools,GUN - AVAX,0.3,False,20.76,193.19,0.05191,9.81,1784028590
All Pools,BNB - AVAX,0.3,False,19.3,2762.09,0.04825,0.64,1784028590
All Pools,ABC - HOWDY,0.3,False,19.3,464.98,0.04825,3.79,1784028590
All Pools,LUNA - USDC.e,0.3,False,18.78,643.34,0.04696,2.66,1784028590
All Pools,Psychic - AVAX,0.3,False,18.74,879.26,0.04686,1.95,1784028590
All Pools,BOI - AVAX,0.3,False,18.26,40.67,0.04564,40.95,1784028590
All Pools,HOWDY - USDC,0.3,False,17.83,2955.97,0.04458,0.55,1784028590
All Pools,AVAX - SOLNIC,0.3,False,17.18,3523.04,0.04295,0.44,1784028590
All Pools,SECOND - USDC,0.3,False,16.51,7007.33,0.04126,0.21,1784028590
All Pools,SECOND - AVAX,0.3,False,16.5,1446.23,0.04124,1.04,1784028590
All Pools,MIM - USDC.e,0.3,False,16.48,772.69,0.04119,1.95,1784028590
All Pools,FITFI - AVAX,0.3,False,16.1,13.29,0.04026,110.58,1784028590
All Pools,APIX - ARENA,0.3,False,15.98,1664.79,0.03996,0.88,1784028590
All Pools,YAK - USDC,0.25,False,15.97,38.96,0.05264,49.31,1784028590
All Pools,ISA - USDC.e,0.3,False,15.96,1435.38,0.0399,1.01,1784028590
All Pools,ISA - AVAX,0.3,False,15.74,16769.0,0.03936,0.09,1784028590
All Pools,RGOGLZ - USDC,0.3,False,14.48,1323.02,0.03619,1.0,1784028590
All Pools,WETH.e - USDC,0.15,False,13.66,9007.64,0.02062,0.08,1784028590
All Pools,HUSKY - AVAX,0.3,False,13.25,2036.3,0.03313,0.59,1784028590
All Pools,AVAX - FRAX,0.3,False,13.19,671.03,0.03297,1.79,1784028590
All Pools,AVAX - GEC,0.3,False,12.87,26856.0,0.03218,0.04,1784028590
All Pools,PNG - AVAX,0.3,False,12.3,789.29,0.03075,1.42,1784028590
All Pools,TECH - AVAX,0.3,False,11.63,9608.43,0.02907,0.11,1784028590
All Pools,sAVAX - JACK,0.3,False,11.61,273403.0,0.02903,0.0,1784028590
All Pools,APIX - LAMBO,0.3,False,11.34,438.2,0.02835,2.36,1784028590
All Pools,DCAU - USDT.e,0.3,False,10.87,5037.89,0.02718,0.2,1784028590
All Pools,DCAU - AVAX,0.3,False,10.23,1012.3,0.02557,0.92,1784028590
All Pools,BEAM - AVAX,0.3,False,10.0,373.34,0.02501,2.45,1784028590
All Pools,YAK - USDC.e,0.3,False,9.876,220.39,0.02469,4.09,1784028590
All Pools,Psychic - XAUt0,0.3,False,9.309,5772.5,0.02327,0.15,1784028590
All Pools,MEAT - AVAX,0.3,False,9.141,3691.84,0.02285,0.23,1784028590
All Pools,3QF - D - AVAX,0.3,False,8.961,1295.11,0.0224,0.63,1784028590
All Pools,MIM - WETH.e,0.3,False,8.961,494.45,0.0224,1.65,1784028590
All Pools,3QF - D - WETH.e,0.3,False,8.93,2386.94,0.02233,0.34,1784028590
All Pools,USDC.e - SOL,0.3,False,8.21,35.22,0.02052,21.27,1784028590
All Pools,REDWOLF - SOL,0.3,False,8.055,57.46,0.02014,12.79,1784028590
All Pools,WETH.e - REDWOLF,0.3,False,7.924,81.68,0.01981,8.85,1784028590
All Pools,EGG - AVAX,0.3,False,7.832,16389.0,0.01958,0.04,1784028590
All Pools,SHRAP - DOMI,0.3,False,7.491,171.92,0.01873,3.98,1784028590
All Pools,BLSEYE🎯 - ARENA,0.3,False,6.753,858.25,0.01688,0.72,1784028590
All Pools,TRESR - AVAX,0.3,False,6.478,7789.79,0.0162,0.08,1784028590
All Pools,BTC.b - TOPIA,0.3,False,6.241,446.14,0.0156,1.28,1784028590
All Pools,HATCHY - AVAX,0.3,False,5.664,6569.85,0.01416,0.08,1784028590
All Pools,PTOP500 - TOPIA,0.3,False,5.467,107.6,0.01367,4.64,1784028590
All Pools,YOU - ORNG,0.3,False,5.339,1332.83,0.01335,0.37,1784028590
All Pools,ORNG - FLUX,0.3,False,5.223,107.49,0.01306,4.43,1784028590
All Pools,AVAX - HON,0.3,False,5.223,49446.0,0.01306,0.01,1784028590
All Pools,AVAX - ELK,0.3,False,5.149,1291.53,0.01287,0.36,1784028590
All Pools,REDWOLF - AVAX,0.3,False,4.935,384.25,0.01234,1.17,1784028590
All Pools,avUSD - sAVAX,0.3,False,4.673,224.26,0.01168,1.9,1784028590
All Pools,GURS - AVAX,0.3,False,4.671,5428.14,0.01168,0.08,1784028590
All Pools,Psychic - BLACK,0.3,False,4.611,262.67,0.01153,1.6,1784028590
All Pools,LINK.e - USDT.e,0.3,False,4.598,217.87,0.01149,1.93,1784028590
All Pools,UST - USDC,0.3,False,4.588,430.27,0.01147,0.97,1784028590
All Pools,MUON - AVAX,0.3,False,4.563,40137.0,0.01141,0.01,1784028590
All Pools,REDWOLF - USDC,0.3,False,4.501,185.66,0.01125,2.21,1784028590
All Pools,gOHM - SB,0.3,False,4.421,16.69,0.01105,24.18,1784028590
All Pools,XROSS - ORNG,0.3,False,4.411,229.93,0.01103,1.75,1784028590
All Pools,BLSEYE🎯 - MEOW,0.3,False,4.141,822.63,0.01035,0.46,1784028590
All Pools,MYST - AVAX,0.3,False,4.12,646.6,0.0103,0.58,1784028590
All Pools,FLOT - AVAX,0.3,False,4.108,2897.04,0.01027,0.13,1784028590
All Pools,DATCM - ORNG,0.3,False,4.105,228.5,0.01026,1.64,1784028590
All Pools,YEEHAW - BTC.b,0.3,False,3.939,49.25,0.00985,7.3,1784028590
All Pools,AVAX - PEFI,0.3,False,3.782,3214.71,0.00946,0.11,1784028590
All Pools,AVAX - AKITA,0.3,False,3.641,1748.04,0.0091,0.19,1784028590
All Pools,Now - BLACK,0.3,False,3.585,239.59,0.00896,1.37,1784028590
All Pools,ACS - AVAX,0.3,False,3.485,166.44,0.00871,1.91,1784028590
All Pools,USV - DAI.e,0.3,False,3.41,3947.96,0.00852,0.08,1784028590
All Pools,LINK.e - USDC.e,0.3,False,3.363,181.08,0.00841,1.69,1784028590
All Pools,AVAX - BGR,0.3,False,3.314,176.45,0.00828,1.71,1784028590
All Pools,LUNA - USDC.e,0.3,False,3.223,334.23,0.00806,0.88,1784028590
All Pools,AVAX - EROL,0.0,False,3.124,37.71,0.0,0.0,1784028590
All Pools,ZRO - AVAX,0.3,False,2.986,133.3,0.00746,2.04,1784028590
All Pools,USDC.e - MU,0.3,False,2.852,13156.0,0.00713,0.02,1784028590
All Pools,ORNG - MOOM,0.3,False,2.845,183.34,0.00711,1.42,1784028590
All Pools,MYST - USDC,0.3,False,2.771,217.41,0.00693,1.16,1784028590
All Pools,ORNG - SAI,0.3,False,2.748,103.16,0.00687,2.43,1784028590
All Pools,BLUB - AVAX,0.3,False,2.734,11680.0,0.00683,0.02,1784028590
All Pools,SWIFT - AVAX,0.3,False,2.702,230.79,0.00676,1.07,1784028590
All Pools,AVAX - FRAX,0.3,False,2.62,225.91,0.00655,1.06,1784028590
All Pools,SWIFT - WETH.e,0.3,False,2.581,1270.53,0.00645,0.19,1784028590
All Pools,SWIFT - USDC.e,0.3,False,2.497,478.52,0.00624,0.48,1784028590
All Pools,Now - AVAX,0.3,False,2.376,190.11,0.00594,1.14,1784028590
All Pools,TOPIA - PTOP600,0.3,False,2.363,120.39,0.00591,1.79,1784028590
All Pools,JOE - USDT,0.3,False,2.145,279.54,0.00536,0.7,1784028590
All Pools,BNZ - AVAX,0.3,False,2.004,147.53,0.00501,1.24,1784028590
All Pools,KINGSHIT - AVAX,0.3,False,2.001,3542.16,0.005,0.05,1784028590
All Pools,DPS - USDC,0.3,False,1.999,1811.02,0.005,0.1,1784028590
All Pools,DPS - AVAX,0.3,False,1.998,181.81,0.005,1.0,1784028590
All Pools,BLSEYE🎯 - BEAM,0.3,False,1.991,268.24,0.00498,0.68,1784028590
All Pools,WETH - USDC.e,0.3,False,1.988,199.83,0.00497,0.91,1784028590
All Pools,APOW - AVAX,0.3,False,1.961,617.91,0.0049,0.29,1784028590
All Pools,VPND - AVAX,0.3,False,1.936,17800.0,0.00484,0.01,1784028590
All Pools,YUSD - AVAX,0.3,False,1.891,116.23,0.00473,1.48,1784028590
All Pools,USDC - MXNB,0.3,False,1.858,17.45,0.00465,9.71,1784028590
All Pools,UST - USDC.e,0.3,False,1.79,670.22,0.00448,0.24,1784028590
All Pools,BETS - AVAX,0.3,False,1.768,12.43,0.00442,12.98,1784028590
All Pools,ORNG - JUCI,0.3,False,1.745,237.33,0.00436,0.67,1784028590
All Pools,AVAX - SOCK,0.3,False,1.703,2376.51,0.00426,0.07,1784028590
All Pools,USDC - SOCK,0.3,False,1.701,415.08,0.00425,0.37,1784028590
All Pools,AVAX - NaughtiusMaximus,0.3,False,1.69,330.35,0.00422,0.47,1784028590
All Pools,YEEHAW - TOPIA,0.3,False,1.652,109.89,0.00413,1.37,1784028590
All Pools,AVAX - ONION,0.3,False,1.623,146.32,0.00406,1.01,1784028590
All Pools,AVAX - TIME,0.3,False,1.579,560.71,0.00395,0.26,1784028590
All Pools,BTC.b - oXAUT,0.3,False,1.523,308.7,0.00381,0.45,1784028590
All Pools,oXAUT - AVAX,0.3,False,1.522,404.34,0.0038,0.34,1784028590
All Pools,XAUt0 - NaughtiusMaximus,0.3,False,1.481,876.13,0.0037,0.15,1784028590
All Pools,HOST - DAI.e,0.3,False,1.446,2517.75,0.00361,0.05,1784028590
All Pools,gOHM - wsOHM,0.3,False,1.443,17.36,0.00361,7.59,1784028590
All Pools,MIM - wsOHM,0.3,False,1.437,180.44,0.00359,0.73,1784028590
All Pools,WETH.e - ONION,0.3,False,1.415,228.96,0.00354,0.56,1784028590
All Pools,MAGICK - USDC,0.3,False,1.365,226.39,0.00341,0.55,1784028590
All Pools,MAGICK - AVAX,0.3,False,1.364,280.31,0.00341,0.44,1784028590
All Pools,AVAX - IMPACT2,0.3,False,1.335,138.73,0.00334,0.88,1784028590
All Pools,USDT.e - CLY,0.3,False,1.327,181.41,0.00332,0.67,1784028590
All Pools,AVAX - CLY,0.3,False,1.326,21913.0,0.00331,0.01,1784028590
All Pools,USDC.e - AVVO,0.3,False,1.317,224.73,0.00329,0.53,1784028590
All Pools,LF - AVAX,0.3,False,1.315,282.36,0.00329,0.43,1784028590
All Pools,XAUt0 - Now,0.3,False,1.311,565.58,0.00328,0.21,1784028590
All Pools,PNG - JOE,0.3,False,1.306,115.05,0.00326,1.04,1784028590
All Pools,MIM - LF,0.3,False,1.291,398.59,0.00323,0.3,1784028590
All Pools,BANKSY - USDT.e,0.3,False,1.268,1526.59,0.00317,0.08,1784028590
All Pools,BANKSY - AVAX,0.3,False,1.266,143.13,0.00316,0.81,1784028590
All Pools,GB - USDT.e,0.3,False,1.234,22.26,0.00308,5.06,1784028590
All Pools,WOO.e - AVAX,0.3,False,1.226,65.46,0.00306,1.71,1784028590
All Pools,HUSKY - JOE,0.3,False,1.209,91.79,0.00302,1.2,1784028590
All Pools,AAVE.e - REDWOLF,0.3,False,1.2,150.61,0.003,0.73,1784028590
All Pools,WETH.e - USDT.e,0.3,False,1.182,146.78,0.00295,0.73,1784028590
All Pools,BEAR - AVAX,0.3,False,1.176,5036.56,0.00294,0.02,1784028590
All Pools,USDC.e - WXT,0.3,False,1.165,194.21,0.00291,0.55,1784028590
All Pools,APOW - USDC,0.3,False,1.111,115.3,0.00278,0.88,1784028590
All Pools,AVAX - mYAK,0.3,False,1.074,49.59,0.00269,1.98,1784028590
All Pools,AVAX - ChristMark,0.3,False,1.074,266.45,0.00268,0.37,1784028590
All Pools,PTOP700 - TOPIA,0.3,False,1.069,103.74,0.00267,0.94,1784028590
All Pools,AVAX - USDT,0.3,False,1.03,1704.03,0.00258,0.06,1784028590
All Pools,WOLF - AVAX,0.3,False,1.018,27256.0,0.00255,0.0,1784028590
All Pools,MIM - USDC,0.3,False,0.99486,29.83,0.00249,3.04,1784028590
All Pools,DCAU - MIM,0.3,False,0.97814,114.1,0.00245,0.78,1784028590
All Pools,LUEEGI - AVAX,0.3,False,0.95956,1003.93,0.0024,0.09,1784028590
All Pools,SMRTr - USDC.e,0.3,False,0.94624,105.02,0.00237,0.82,1784028590
All Pools,SMRTr - AVAX,0.3,False,0.94587,25770.0,0.00236,0.0,1784028590
All Pools,XAUt0 - ChristMark,0.3,False,0.93884,577.3,0.00235,0.15,1784028590
All Pools,AVAX - ARENA,0.3,False,0.91677,57.45,0.00229,1.46,1784028590
All Pools,AVAX - AVVO,0.3,False,0.89573,228.7,0.00224,0.36,1784028590
All Pools,GB - MUG,0.3,False,0.87807,17.5,0.0022,4.58,1784028590
All Pools,USDC.e - ONION,0.3,False,0.87212,367.24,0.00218,0.22,1784028590
All Pools,USDC - SDOG,0.3,False,0.86721,365.4,0.00217,0.22,1784028590
All Pools,USDT.e - ONION,0.3,False,0.86033,735.01,0.00215,0.11,1784028590
All Pools,USDt - USDT.e,0.3,False,0.858,20336.0,0.00214,0.0,1784028590
All Pools,MIM - MU,0.3,False,0.85128,95.77,0.00213,0.81,1784028590
All Pools,APOW - USDt,0.3,False,0.85106,114.75,0.00213,0.68,1784028590
All Pools,KIWI - USDC,0.3,False,0.84958,299.34,0.00212,0.26,1784028590
All Pools,KIWI - AVAX,0.3,False,0.84907,94.15,0.00212,0.82,1784028590
All Pools,MIM - SDOG,0.3,False,0.84783,91.88,0.00212,0.84,1784028590
All Pools,DCAU - USDC,0.3,False,0.84102,144.27,0.0021,0.53,1784028590
All Pools,LUNA - AVAX,0.3,False,0.84101,123.37,0.0021,0.62,1784028590
All Pools,DREGG - USDT.e,0.3,False,0.82386,514.93,0.00206,0.15,1784028590
All Pools,DREGG - AVAX,0.3,False,0.82279,146.1,0.00206,0.51,1784028590
All Pools,Gravity - AVAX,0.3,False,0.7869,239.24,0.00197,0.3,1784028590
All Pools,HOWDY - USDt,0.3,False,0.78208,173.26,0.00196,0.41,1784028590
All Pools,FXS - AVAX,0.3,False,0.75336,286.03,0.00188,0.24,1784028590
All Pools,DZHV - AVAX,0.3,False,0.73006,10263.0,0.00183,0.01,1784028590
All Pools,AVAX - EROL,0.3,False,0.72827,20.2,0.00182,3.29,1784028590
All Pools,WBTC.e - ONION,0.3,False,0.71939,347.34,0.0018,0.19,1784028590
All Pools,XAUt0 - Gravity,0.3,False,0.71449,314.75,0.00179,0.21,1784028590
All Pools,WBTC.e - USDT.e,0.3,False,0.70343,154.36,0.00176,0.42,1784028590
All Pools,KRW - AVAX,0.3,False,0.68985,311.27,0.00172,0.2,1784028590
All Pools,JOE - KRW,0.3,False,0.68912,146.26,0.00172,0.43,1784028590
All Pools,BTC.b - IMPACT2,0.3,False,0.68614,1286.63,0.00172,0.05,1784028590
All Pools,DAI.e - ONION,0.3,False,0.66264,328.75,0.00166,0.18,1784028590
All Pools,AVAX - rsAVAX,0.3,False,0.65862,160.69,0.00165,0.37,1784028590
All Pools,AVAX - MU,0.3,False,0.65626,73.65,0.00164,0.81,1784028590
All Pools,LINDA - AVAX,0.3,False,0.63571,1555.37,0.00159,0.04,1784028590
All Pools,Val - AVAX,0.3,False,0.6325,242.91,0.00158,0.24,1784028590
All Pools,AVAX - SMRT,0.3,False,0.62526,1635.4,0.00156,0.03,1784028590
All Pools,USDT.e - SMRT,0.3,False,0.61223,88.6,0.00153,0.63,1784028590
All Pools,AVAX - MUG,0.3,False,0.61146,248.11,0.00153,0.22,1784028590
All Pools,HOST - AVAX,0.3,False,0.60365,88.95,0.00151,0.62,1784028590
All Pools,SYN - REDWOLF,0.3,False,0.60255,5.157,0.00151,10.66,1784028590
All Pools,BLS - USDt,0.3,False,0.60178,128.34,0.0015,0.43,1784028590
All Pools,MIM - PEFI,0.3,False,0.56306,67.0,0.00141,0.77,1784028590
All Pools,FTOMB - AVAX,0.3,False,0.55985,6672.69,0.0014,0.01,1784028590
All Pools,Psychic - Now,0.3,False,0.5499,469.58,0.00137,0.11,1784028590
All Pools,BTC.b - REDWOLF,0.3,False,0.52907,97.08,0.00132,0.5,1784028590
All Pools,UNI.e - REDWOLF,0.3,False,0.51323,10.99,0.00128,4.26,1784028590
All Pools,BUSD - AVAX,0.3,False,0.49773,337.16,0.00124,0.13,1784028590
All Pools,YEEHAW - CHAMP,0.3,False,0.49376,922.16,0.00123,0.05,1784028590
All Pools,SYMBIOT - AVAX,0.3,False,0.48997,75.18,0.00122,0.59,1784028590
All Pools,MAXI - DAI.e,0.3,False,0.48556,224.64,0.00121,0.2,1784028590
All Pools,ZUBAX - USDT.e,0.3,False,0.48463,172.39,0.00121,0.26,1784028590
All Pools,NOCHILL - OX,0.3,False,0.48263,13295.0,0.00121,0.0,1784028590
All Pools,Trinity - AVAX,0.3,False,0.48044,728.7,0.0012,0.06,1784028590
All Pools,Hopi - Now,0.3,False,0.47567,511.51,0.00119,0.08,1784028590
All Pools,Hopi - AVAX,0.3,False,0.47566,154.08,0.00119,0.28,1784028590
All Pools,sifu - DAI.e,0.3,False,0.46831,3.873,0.00117,11.03,1784028590
All Pools,SYMBIOT - DAI.e,0.3,False,0.45915,446.27,0.00115,0.09,1784028590
All Pools,MIM - WINE,0.3,False,0.44687,172.79,0.00112,0.24,1784028590
All Pools,Gladiator - USDC,0.3,False,0.44558,269.07,0.00111,0.15,1784028590
All Pools,YEEHAW - AVAX,0.3,False,0.44303,11.64,0.00111,3.47,1784028590
All Pools,Gladiator - ARENA,0.3,False,0.44128,338.32,0.0011,0.12,1784028590
All Pools,GENI - USDC,0.3,False,0.43956,1183.19,0.0011,0.03,1784028590
All Pools,GENI - AVAX,0.3,False,0.43913,50.01,0.0011,0.8,1784028590
All Pools,MIM - GRAPE,0.3,False,0.43814,119.31,0.0011,0.34,1784028590
All Pools,Trinity - Psychic,0.3,False,0.43002,401.87,0.00108,0.1,1784028590
All Pools,sifu - USDT.e,0.3,False,0.42542,10.23,0.00106,3.8,1784028590
All Pools,USDt - IMPACT2,0.3,False,0.42348,69.63,0.00106,0.55,1784028590
All Pools,AVAX - ZUBAX,0.3,False,0.42347,91.88,0.00106,0.42,1784028590
All Pools,COQ - OSAK,0.3,False,0.41851,17.12,0.00105,2.23,1784028590
All Pools,JOE - EXP,0.3,False,0.40096,10313460.0,0.001,,1784028590
All Pools,KALM - USDC,0.3,False,0.3967,77.34,,0.47,1784028590
All Pools,KALM - AVAX,0.3,False,0.39631,96.96,,0.37,1784028590
All Pools,AMI - TOPIA,0.3,False,0.39485,150.67,,0.24,1784028590
All Pools,HOWDY - ARENA,0.3,False,0.39461,38.01,,0.95,1784028590
All Pools,COQ - OX,0.3,False,0.38052,13967.0,,0.0,1784028590
All Pools,50 - USDC,0.3,False,0.37897,112.25,,0.31,1784028590
All Pools,50 - AVAX,0.3,False,0.37868,59.75,,0.58,1784028590
All Pools,HUSKY - AMI,0.3,False,0.37296,42.4,,0.8,1784028590
All Pools,LUNA - AVAX,0.3,False,0.37056,13.75,,2.46,1784028590
All Pools,Meaning - AVAX,0.3,False,0.36063,329.86,,0.1,1784028590
All Pools,Psychic - Meaning,0.3,False,0.35962,238.85,,0.14,1784028590
All Pools,AVAX - KONG,0.3,False,0.35113,5471.1,,0.01,1784028590
All Pools,TSD - AVAX,0.3,False,0.34595,178.85,,0.18,1784028590
All Pools,MU - DAI.e,0.3,False,0.34519,235.34,,0.13,1784028590
All Pools,Void - Now,0.3,False,0.33564,645.07,,0.05,1784028590
All Pools,Void - AVAX,0.3,False,0.33547,61.84,,0.5,1784028590
All Pools,GUN - AMI,0.3,False,0.33208,8.563,,3.54,1784028590
All Pools,AftermathsKobe - AVAX,0.3,False,0.32428,212.74,,0.14,1784028590
All Pools,Psychic - AftermathsKobe,0.3,False,0.32347,245.96,,0.12,1784028590
All Pools,STATIK - AVAX,0.3,False,0.31863,31.06,,0.94,1784028590
All Pools,WBTC - AVAX,0.3,False,0.30782,30.5,,0.92,1784028590
All Pools,BOI - MU,0.3,False,0.30512,0.74649,,37.3,1784028590
All Pools,SYN - USDC.e,0.3,False,0.30486,2.645,,10.52,1784028590
All Pools,MerryXmas - AVAX,0.3,False,0.30248,194.81,,0.14,1784028590
All Pools,Psychic - MerryXmas,0.3,False,0.30159,224.59,,0.12,1784028590
All Pools,AVAX - KET,0.3,False,0.30077,22.77,,1.21,1784028590
All Pools,AVAX - aXEN,0.3,False,0.29804,167.34,,0.16,1784028590
All Pools,LAMA - AVAX,0.3,False,0.29698,8285.38,,0.0,1784028590
All Pools,$Crazy - AVAX,0.3,False,0.29379,739.39,,0.04,1784028590
All Pools,MM - USDC,0.3,False,0.28454,49.87,,0.52,1784028590
All Pools,MM - AVAX,0.3,False,0.28415,66.84,,0.39,1784028590
All Pools,gOHM - JOE,0.3,False,0.28342,3.156,,8.19,1784028590
All Pools,CHAMP - AMI,0.3,False,0.28229,25.37,,1.02,1784028590
All Pools,SHOE - AMI,0.3,False,0.28178,0.23533,,109.26,1784028590
All Pools,Silver - AVAX,0.3,False,0.27729,61.75,,0.41,1784028590
All Pools,MIM - DAI.e,0.3,False,0.27702,19.65,,1.29,1784028590
All Pools,Silver - Now,0.3,False,0.2765,641.46,,0.04,1784028590
All Pools,NeatestQuackery - AVAX,0.3,False,0.2689,211.22,,0.12,1784028590
All Pools,Psychic - NeatestQuackery,0.3,False,0.26818,244.53,,0.1,1784028590
All Pools,JEWEL - USDC,0.3,False,0.25911,3840.9,,0.01,1784028590
All Pools,ArniStitch - AVAX,0.3,False,0.25382,211.31,,0.11,1784028590
All Pools,Psychic - ArniStitch,0.3,False,0.25312,244.32,,0.09,1784028590
All Pools,CQK - USDC,0.3,False,0.24993,30.93,,0.74,1784028590
All Pools,CQK - AVAX,0.3,False,0.24963,96.92,,0.24,1784028590
All Pools,COQ - NOCHILL,0.3,False,0.24598,8.004,,2.8,1784028590
All Pools,agEUR - USDC,0.3,False,0.24441,59.79,,0.37,1784028590
All Pools,COQ - JUICE,0.3,False,0.2434,25.84,,0.86,1784028590
All Pools,sAVAX - COQ,0.3,False,0.24182,60.39,,0.37,1784028590
All Pools,AVAX - TheGospelOfMary,0.3,False,0.24151,116.64,,0.19,1784028590
All Pools,MaryMagdalene - TheGospelOfMary,0.3,False,0.24129,213.97,,0.1,1784028590
All Pools,MaryMagdalene - XAUt0,0.3,False,0.24047,1652.23,,0.01,1784028590
All Pools,NOCHILL - KET,0.3,False,0.23847,8.128,,2.68,1784028590
All Pools,USDC - SHRAP,0.3,False,0.23195,22.2,,0.95,1784028590
All Pools,GATOR - ARENA,0.3,False,0.22805,1.52,,13.69,1784028590
All Pools,AVAX - All,0.3,False,0.22698,212.78,,0.1,1784028590
All Pools,Psychic - All,0.3,False,0.2263,244.24,,0.08,1784028590
All Pools,DFIAT - AVAX,0.3,False,0.22472,6013.03,,0.0,1784028590
All Pools,AVAX - RedFolder,0.3,False,0.22446,211.71,,0.1,1784028590
All Pools,Psychic - RedFolder,0.3,False,0.22379,244.24,,0.08,1784028590
All Pools,TRYB - USDC.e,0.3,False,0.2186,31.75,,0.63,1784028590
All Pools,AVAX - Seventeen,0.3,False,0.21488,206.98,,0.09,1784028590
All Pools,NaughtiusMaximus - Seventeen,0.3,False,0.21427,679.52,,0.03,1784028590
All Pools,MIAOW - AVAX,0.3,False,0.21406,885.97,,0.02,1784028590
All Pools,CHAMP - ARENA,0.3,False,0.21211,13.1,,1.48,1784028590
All Pools,AVAX - BlackAndGold,0.3,False,0.21101,212.58,,0.09,1784028590
All Pools,Christmas - AVAX,0.3,False,0.21073,179.54,,0.11,1784028590
All Pools,Psychic - BlackAndGold,0.3,False,0.2103,244.17,,0.08,1784028590
All Pools,AVAX - Wej,0.3,False,0.21029,211.79,,0.09,1784028590
All Pools,Psychic - Wej,0.3,False,0.20959,244.13,,0.08,1784028590
All Pools,USDT.e - MU,0.3,False,0.2094,249.82,,0.08,1784028590
All Pools,USDC - GAU,0.3,False,0.20898,836.31,,0.02,1784028590
All Pools,IMPACT2 - EURC,0.3,False,0.20487,41.79,,0.45,1784028590
All Pools,LINK.e - REDWOLF,0.3,False,0.20444,68.68,,0.27,1784028590
All Pools,Serpentarius - AVAX,0.3,False,0.20212,215.18,,0.09,1784028590
All Pools,Psychic - Serpentarius,0.3,False,0.20147,247.86,,0.07,1784028590
All Pools,USDC - USD+,0.3,False,0.19885,28.15,,0.64,1784028590
All Pools,Ducks - AVAX,0.3,False,0.19793,211.36,,0.09,1784028590
All Pools,Psychic - Ducks,0.3,False,0.1973,244.38,,0.07,1784028590
All Pools,CommieSukey - AVAX,0.3,False,0.19719,211.72,,0.08,1784028590
All Pools,Psychic - CommieSukey,0.3,False,0.19639,244.06,,0.07,1784028590
All Pools,wsOHM - USDC.e,0.3,False,0.19375,18.24,,0.97,1784028590
All Pools,bCASH - NOCHILL,0.3,False,0.19361,12.21,,1.45,1784028590
All Pools,USDC.e - DAI.e,0.3,False,0.19209,22104.0,,,1784028590
All Pools,USDC.e - WISE,0.3,False,0.1914,41.37,,0.42,1784028590
All Pools,WETH.e - yyAVAX,0.3,False,0.19135,14.2,,1.23,1784028590
All Pools,AVAX - WISE,0.3,False,0.19109,59.55,,0.29,1784028590
All Pools,AVAX - Prometheus,0.3,False,0.18546,206.31,,0.08,1784028590
All Pools,BOI - AMI,0.3,False,0.18505,0.48068,,35.13,1784028590
All Pools,Psychic - Prometheus,0.3,False,0.18488,237.5,,0.07,1784028590
All Pools,SYN - USDT.e,0.3,False,0.18004,1.41,,11.65,1784028590
All Pools,BrideOfChrist - BLACK,0.3,False,0.17693,17.8,,0.91,1784028590
All Pools,WETH.e - USDC,0.3,False,0.17568,20.05,,0.8,1784028590
All Pools,Xmas - AVAX,0.3,False,0.17543,198.54,,0.08,1784028590
All Pools,STG - L - Swing,0.3,False,0.1752,16.1,,0.99,1784028590
All Pools,Psychic - Xmas,0.3,False,0.17488,229.01,,0.07,1784028590
All Pools,wsOHM - AVAX,0.3,False,0.17372,8.028,,1.97,1784028590
All Pools,AVAX - SNOB,0.3,False,0.16798,748.23,,0.02,1784028590
All Pools,SOL - USDC,0.3,False,0.16792,20.81,,0.74,1784028590
All Pools,SYN - WETH.e,0.3,False,0.15864,1.285,,11.27,1784028590
All Pools,L - Swing - aXEN,0.3,False,0.15854,51.97,,0.28,1784028590
All Pools,SPC - DAI.e,0.3,False,0.15703,19.32,,0.74,1784028590
All Pools,BRO - AVAX,0.3,False,0.15614,99548.0,,,1784028590
All Pools,BRO - COQ,0.3,False,0.15591,133.81,,0.11,1784028590
All Pools,USDC - yyAVAX,0.3,False,0.15514,11.99,,1.18,1784028590
All Pools,meGNX - AVAX,0.3,False,0.15106,12.91,,1.07,1784028590
All Pools,DogL - AVAX,0.3,False,0.1505,212.57,,0.06,1784028590
All Pools,Psychic - DogL,0.3,False,0.15007,244.19,,0.06,1784028590
All Pools,AVAX - Propriety,0.3,False,0.14842,63.36,,0.21,1784028590
All Pools,Now - Propriety,0.3,False,0.14819,647.78,,0.02,1784028590
All Pools,DFIAT - USDT.e,0.3,False,0.14595,26.86,,0.5,1784028590
All Pools,AVVO - DAI.e,0.3,False,0.14549,34.67,,0.38,1784028590
All Pools,Vaccine - AVAX,0.3,False,0.14417,62.4,,0.21,1784028590
All Pools,Vaccine - Now,0.3,False,0.14404,641.62,,0.02,1784028590
All Pools,USDC - CHAM,0.3,False,0.14278,46.53,,0.28,1784028590
All Pools,AVAX - CHAM,0.3,False,0.14261,25.68,,0.51,1784028590
All Pools,AVAX - BENJI,0.3,False,0.14182,4.741,,2.73,1784028590
All Pools,USDT.e - EXP,0.3,False,0.14162,45046107.0,,,1784028590
All Pools,GLOBA - AVAX,0.3,False,0.13988,39.59,,0.32,1784028590
All Pools,AVAX - BLACK,0.3,False,0.13794,3.31,,3.8,1784028590
All Pools,Yellow - AVAX,0.3,False,0.1377,187.87,,0.07,1784028590
All Pools,WETH.e - SURE,0.3,False,0.13644,837.25,,0.01,1784028590
All Pools,TECH - OX,0.3,False,0.13642,5914.9,,0.0,1784028590
All Pools,WTHT - SNOB,0.3,False,0.1327,1.253,,9.67,1784028590
All Pools,NOCHILL - AMI,0.3,False,0.13194,3.11,,3.87,1784028590
All Pools,GLOBA - DAI.e,0.3,False,0.13124,47.1,,0.25,1784028590
All Pools,Anon - AVAX,0.3,False,0.13043,7.75,,1.54,1784028590
All Pools,USDt - RUX,0.3,False,0.13017,15933.0,,,1784028590
All Pools,RUX - AVAX,0.3,False,0.12994,25.37,,0.47,1784028590
All Pools,Matter - AVAX,0.3,False,0.12747,56.72,,0.21,1784028590
All Pools,Matter - Now,0.3,False,0.1271,585.21,,0.02,1784028590
All Pools,AVAX - Sinterklaas,0.3,False,0.12461,100.36,,0.11,1784028590
All Pools,aAvaWAVAX - meGNX,0.3,False,0.12436,2.962,,3.83,1784028590
All Pools,Psychic - Sinterklaas,0.3,False,0.12421,240.38,,0.05,1784028590
All Pools,MU - SOL,0.3,False,0.12222,1.096,,10.18,1784028590
All Pools,MIM - VOLT,0.3,False,0.12178,14.41,,0.77,1784028590
All Pools,ABC - AMI,0.3,False,0.12068,2.349,,4.69,1784028590
All Pools,Chemistry - Now,0.3,False,0.1202,638.71,,0.02,1784028590
All Pools,Chemistry - AVAX,0.3,False,0.12014,62.68,,0.17,1784028590
All Pools,ACS - USDC.e,0.3,False,0.11994,5.071,,2.16,1784028590
All Pools,SLUSH - USDT.e,0.3,False,0.11945,54.98,,0.2,1784028590
All Pools,Jjj - AVAX,0.3,False,0.11932,211.37,,0.05,1784028590
All Pools,SLUSH - AVAX,0.3,False,0.11904,45.2,,0.24,1784028590
All Pools,Psychic - Jjj,0.3,False,0.11902,244.2,,0.04,1784028590
All Pools,USDT.e - DUO,0.3,False,0.11558,50.4,,0.21,1784028590
All Pools,AVAX - DUO,0.3,False,0.11518,52.32,,0.2,1784028590
All Pools,MaryMagdalene - AVAX,0.3,False,0.11504,171.82,,0.06,1784028590
All Pools,MaryMagdalene - BrideOfChrist,0.3,False,0.11488,90.91,,0.12,1784028590
All Pools,Sanskrit - AVAX,0.3,False,0.11383,63.44,,0.16,1784028590
All Pools,ALOT - USDC.e,0.3,False,0.11352,7.44,,1.39,1784028590
All Pools,Sanskrit - Now,0.3,False,0.11347,647.32,,0.02,1784028590
All Pools,Now - Teste,0.3,False,0.11328,641.72,,0.02,1784028590
All Pools,AVAX - Teste,0.3,False,0.11318,62.1,,0.17,1784028590
All Pools,Christmas - ChristMark,0.3,False,0.11248,111.82,,0.09,1784028590
All Pools,Necromancer - AVAX,0.3,False,0.11181,63.49,,0.16,1784028590
All Pools,Now - Necromancer,0.3,False,0.11156,647.82,,0.02,1784028590
All Pools,WBTC.e - REDWOLF,0.3,False,0.1104,48.1,,0.21,1784028590
All Pools,Slope - AVAX,0.3,False,0.10891,63.51,,0.16,1784028590
All Pools,Gold - AVAX,0.3,False,0.10884,63.62,,0.16,1784028590
All Pools,Slope - Now,0.3,False,0.10864,646.54,,0.02,1784028590
All Pools,Gold - Now,0.3,False,0.10848,649.04,,0.02,1784028590
All Pools,SURE - USDC.e,0.3,False,0.10839,20.63,,0.48,1784028590
All Pools,MEOW - AVAX,0.3,False,0.10828,7588.19,,0.0,1784028590
All Pools,AVAX - √Root,0.3,False,0.10826,63.59,,0.16,1784028590
All Pools,Now - √Root,0.3,False,0.1076,648.75,,0.02,1784028590
All Pools,Uncontractable - AVAX,0.3,False,0.10754,62.46,,0.16,1784028590
All Pools,Uncontractable - Now,0.3,False,0.10718,633.94,,0.02,1784028590
All Pools,DAI.e - VOLT,0.3,False,0.10714,40.59,,0.24,1784028590
All Pools,YAK - SPORE,0.3,False,0.10307,5.233,,1.8,1784028590
All Pools,Blue - AVAX,0.3,False,0.10241,188.62,,0.05,1784028590
All Pools,Psychic - Blue,0.3,False,0.10198,62.07,,0.15,1784028590
All Pools,AVAX - ZABU,0.3,False,0.09915,23.16,,0.39,1784028590
All Pools,YEEHAW - USDC,0.3,False,0.09903,5.488,,1.65,1784028590
All Pools,BENIS - NOCHILL,0.3,False,0.09832,2.731,,3.29,1784028590
All Pools,Christmas - Merovingian,0.3,False,0.09786,85.67,,0.1,1784028590
All Pools,Now - Merovingian,0.3,False,0.09711,49.98,,0.18,1784028590
All Pools,AVAX - DOGGY,0.3,False,0.09516,1.926,,4.51,1784028590
All Pools,AVAX - SantaGospel,0.3,False,0.09478,95.06,,0.09,1784028590
All Pools,AVAX - Strength,0.3,False,0.0943,101.28,,0.08,1784028590
All Pools,Go - AVAX,0.3,False,0.09413,100.66,,0.09,1784028590
All Pools,Hydrogen - AVAX,0.3,False,0.09396,188.76,,0.05,1784028590
All Pools,Psychic - Strength,0.3,False,0.09392,56.36,,0.15,1784028590
All Pools,Psychic - Go,0.3,False,0.09364,55.85,,0.15,1784028590
All Pools,Psychic - Hydrogen,0.3,False,0.09363,62.39,,0.14,1784028590
All Pools,Psychic - Yellow,0.3,False,0.09101,61.76,,0.13,1784028590
All Pools,HUSKY - MUG,0.3,False,0.09035,13.42,,0.61,1784028590
All Pools,LIBRE - USDC.e,0.3,False,0.08859,12.23,,0.66,1784028590
All Pools,AVAX - FORT,0.3,False,0.08718,12.86,,0.62,1784028590
All Pools,MIM - FORT,0.3,False,0.08668,2689.01,,0.0,1784028590
All Pools,USDt - REDWOLF,0.3,False,0.08631,13.63,,0.58,1784028590
All Pools,Psychic - SantaGospel,0.3,False,0.08551,54.98,,0.14,1784028590
All Pools,USDT.e - XAVA,0.3,False,0.08496,10.64,,0.73,1784028590
All Pools,MELT - AVAX,0.3,False,0.0845,19.81,,0.39,1784028590
All Pools,MIM - AUSD,0.3,False,0.08428,10.77,,0.71,1784028590
All Pools,WTF - AVAX,0.3,False,0.08416,513.13,,0.01,1784028590
All Pools,AVAI - AVAX,0.3,False,0.08369,19.62,,0.39,1784028590
All Pools,TOMB - USDC,0.3,False,0.08316,10.05,,0.76,1784028590
All Pools,ZRO - USDC,0.3,False,0.08296,4.479,,1.69,1784028590
All Pools,MIM - TIME,0.3,False,0.08248,25.97,,0.29,1784028590
All Pools,VEE - USDC,0.3,False,0.08171,31.19,,0.24,1784028590
All Pools,AVAXAI - USDC,0.3,False,0.08162,1532.2,,0.0,1784028590
All Pools,Gil - AVAX,0.3,False,0.07959,13.5,,0.54,1784028590
All Pools,Who - AVAX,0.3,False,0.07837,100.68,,0.07,1784028590
All Pools,Psychic - Who,0.3,False,0.07808,56.4,,0.13,1784028590
All Pools,AVAX - ELK,0.3,False,0.07787,48.14,,0.15,1784028590
All Pools,USDT.e - ZABU,0.3,False,0.07767,43.97,,0.16,1784028590
All Pools,UST - USDT.e,0.3,False,0.07754,38.1,,0.19,1784028590
All Pools,Light - AVAX,0.3,False,0.07684,63.5,,0.11,1784028590
All Pools,Light - Now,0.3,False,0.07663,647.89,,0.01,1784028590
All Pools,PAPA - AVAX,0.3,False,0.07584,10.88,,0.64,1784028590
All Pools,MIM - PAPA,0.3,False,0.07518,66.6,,0.1,1784028590
All Pools,Gil - DAI.e,0.3,False,0.07461,26.13,,0.26,1784028590
All Pools,TruthClosure - AVAX,0.3,False,0.07411,7.586,,0.89,1784028590
All Pools,TruthClosure - BLACK,0.3,False,0.07398,12.92,,0.52,1784028590
All Pools,JESUS - AVAX,0.3,False,0.07382,9.175,,0.73,1784028590
All Pools,ElvisJackpot - BLACK,0.3,False,0.07296,10.34,,0.64,1784028590
All Pools,FLAKE - USDT.e,0.3,False,0.07026,48.05,,0.13,1784028590
All Pools,FLAKE - AVAX,0.3,False,0.06998,16.98,,0.38,1784028590
All Pools,WBTC.e - USDC.e,0.3,False,0.06927,7.985,,0.79,1784028590
All Pools,WOOD - AVAX,0.3,False,0.06713,19.4,,0.32,1784028590
All Pools,USDt - MILO,0.3,False,0.06688,13.95,,0.44,1784028590
All Pools,AVAX - MILO,0.3,False,0.06674,784.63,,0.01,1784028590
All Pools,BANKSY - USDC.e,0.3,False,0.06635,28.95,,0.21,1784028590
All Pools,BANKSY - AVAX,0.3,False,0.06604,18.17,,0.33,1784028590
All Pools,SHOE - BTC.b,0.3,False,0.06563,0.75424,,7.94,1784028590
All Pools,AI9000 - AVAX,0.3,False,0.0642,214.35,,0.03,1784028590
All Pools,Ush - AVAX,0.3,False,0.06395,2070.75,,0.0,1784028590
All Pools,MELT - USDC.e,0.3,False,0.06342,29.45,,0.2,1784028590
All Pools,BrideOfChrist - AVAX,0.3,False,0.06211,62.92,,0.09,1784028590
All Pools,NineHundred - AVAX,0.3,False,0.06145,100.56,,0.06,1784028590
All Pools,AVAX - STRAW,0.3,False,0.0614,14.16,,0.4,1784028590
All Pools,SHOE - COQ,0.3,False,0.06003,0.04971,,110.19,1784028590
All Pools,NOCHILL - REDWOLF,0.3,False,0.05994,2.202,,2.48,1784028590
All Pools,Psychic - NineHundred,0.3,False,0.05913,55.59,,0.1,1784028590
All Pools,USDC - aXEN,0.3,False,0.05894,9.077,,0.59,1784028590
All Pools,USDt - NEMO,0.3,False,0.05891,95.63,,0.06,1784028590
All Pools,AVAX - NEMO,0.3,False,0.05879,6.488,,0.83,1784028590
All Pools,AVAX - Nala,0.3,False,0.05778,18.94,,0.28,1784028590
All Pools,DAI.e - STRAW,0.3,False,0.0576,35.77,,0.15,1784028590
All Pools,Psychic - Nala,0.3,False,0.05753,208.39,,0.03,1784028590
All Pools,FITFI - USDC,0.3,False,0.05528,0.17922,,28.15,1784028590
All Pools,APOW - USDt,0.3,False,0.05249,21.16,,0.23,1784028590
All Pools,APOW - AVAX,0.3,False,0.05223,1306.91,,0.0,1784028590
All Pools,USDt - XPOW,0.3,False,0.05208,20.5,,0.23,1784028590
All Pools,XPOW - AVAX,0.3,False,0.05183,1306.14,,0.0,1784028590
All Pools,NOCHILL - MU,0.3,False,0.05135,1.475,,3.18,1784028590
All Pools,AVAT - USDC,0.3,False,0.05131,37.36,,0.13,1784028590
All Pools,AVAT - AVAX,0.3,False,0.05118,16.62,,0.28,1784028590
All Pools,METAG - AVAX,0.3,False,0.04915,19.48,,0.23,1784028590
All Pools,XAUt0 - ElvisJackpot,0.3,False,0.04827,281.64,,0.02,1784028590
All Pools,USDC - AMI,0.3,False,0.04715,0.49983,,8.61,1784028590
All Pools,Yellow - BLACK,0.3,False,0.04623,2.624,,1.61,1784028590
All Pools,MIM - RUG,0.3,False,0.04615,6.197,,0.68,1784028590
All Pools,UNIV - AVAX,0.3,False,0.04525,6.012,,0.69,1784028590
All Pools,gOHM - USDT.e,0.3,False,0.04501,0.64292,,6.39,1784028590
All Pools,miMatic - USDC.e,0.3,False,0.04481,24.04,,0.17,1784028590
All Pools,miMatic - AVAX,0.3,False,0.04472,31.97,,0.13,1784028590
All Pools,MIM - UNIV,0.3,False,0.04447,5.421,,0.75,1784028590
All Pools,RUG - USDT.e,0.3,False,0.04415,10.42,,0.39,1784028590
All Pools,SURE - DAI.e,0.3,False,0.0441,24.06,,0.17,1784028590
All Pools,CNR - REDWOLF,0.3,False,0.0435,14.75,,0.27,1784028590
All Pools,TSD - WOLF,0.3,False,0.04292,28.13,,0.14,1784028590
All Pools,WOLF - AVAX,0.3,False,0.0429,46.05,,0.09,1784028590
All Pools,BLS - SHRAP,0.3,False,0.04259,8.378,,0.46,1784028590
All Pools,KIMBO - AMI,0.3,False,0.04114,2.332,,1.61,1784028590
All Pools,AVAX - SHRAP,0.3,False,0.04049,11.67,,0.32,1784028590
All Pools,ROCO - AVAX,0.3,False,0.04017,1328.04,,0.0,1784028590
All Pools,SHK - AVAX,0.3,False,0.04015,0.20484,,17.89,1784028590
All Pools,USDC.e - WOLF,0.3,False,0.04005,7.49,,0.49,1784028590
All Pools,AVAX - BLANC,0.3,False,0.03994,7.194,,0.51,1784028590
All Pools,AVAX - WOLF,0.3,False,0.03987,53.11,,0.07,1784028590
All Pools,AVAX - GG,0.3,False,0.03977,5.201,,0.7,1784028590
All Pools,MIM - BLANC,0.3,False,0.0395,1248.54,,0.0,1784028590
All Pools,AVAI - USDC.e,0.3,False,0.03855,26.56,,0.13,1784028590
All Pools,GURS - ARENA,0.3,False,0.03838,5.242,,0.67,1784028590
All Pools,JOE - CRA,0.3,False,0.03788,7.001,,0.49,1784028590
All Pools,SUB - USDC,0.3,False,0.03761,11.32,,0.3,1784028590
All Pools,WLRS - GRAPE,0.3,False,0.03649,8.909,,0.37,1784028590
All Pools,WLRS - USDC.e,0.3,False,0.03628,3991.07,,,1784028590
All Pools,BRUH - AVAX,0.3,False,0.03626,878.34,,0.0,1784028590
All Pools,UNIQOC - AVAX,0.3,False,0.03607,810.98,,0.0,1784028590
All Pools,UNIQOC - COQ,0.3,False,0.03596,35.17,,0.09,1784028590
All Pools,MIM - GG,0.3,False,0.03535,72.75,,0.04,1784028590
All Pools,BUSD - USDC,0.3,False,0.03482,7.389,,0.43,1784028590
All Pools,YEEHAW - AMI,0.3,False,0.03411,3.032,,1.03,1784028590
All Pools,USDC.e - RUG,0.3,False,0.03369,17.52,,0.18,1784028590
All Pools,GATOR - AMI,0.3,False,0.03297,3.071,,0.98,1784028590
All Pools,AVAX - GAU,0.3,False,0.03288,5.663,,0.53,1784028590
All Pools,LINK.e - MU,0.3,False,0.03252,6.796,,0.44,1784028590
All Pools,MIM - TSNFTGM,0.3,False,0.03227,3.455,,0.85,1784028590
All Pools,NXPC - AVAX,0.3,False,0.03186,0.98913,,2.94,1784028590
All Pools,gOHM - OTWO,0.3,False,0.03185,91211.0,,,1784028590
All Pools,KLO - USDT.e,0.3,False,0.03151,5.422,,0.53,1784028590
All Pools,wsOHM - OTWO,0.3,False,0.03148,1.538,,1.87,1784028590
All Pools,COQ - AMI,0.3,False,0.0309,7.98,,0.35,1784028590
All Pools,TSNFTGM - DAI.e,0.3,False,0.02979,29.19,,0.09,1784028590
All Pools,MU - COQAI,0.3,False,0.02971,5.64,,0.48,1784028590
All Pools,bECH - AVAX,0.3,False,0.02966,16.82,,0.16,1784028590
All Pools,AVAX - CAST,0.3,False,0.02953,1370.84,,0.0,1784028590
All Pools,FollowTheWhiteRabbit - AVAX,0.3,False,0.02945,115.13,,0.02,1784028590
All Pools,GAS - AVAX,0.3,False,0.02915,130.5,,0.02,1784028590
All Pools,LUNA - LUNA,0.3,False,0.02895,1.852,,1.43,1784028590
All Pools,LoveIsTheKey - FollowTheWhiteRabbit,0.3,False,0.02895,44.37,,0.06,1784028590
All Pools,LoveIsTheKey - BLACK,0.3,False,0.0289,4.213,,0.63,1784028590
All Pools,wMEMO - AVAX,0.3,False,0.02826,6.418,,0.4,1784028590
All Pools,USDT.e - DAI.e,0.3,False,0.02809,7137.31,,,1784028590
All Pools,BTC.b - USDC,0.3,False,0.02807,4.176,,0.61,1784028590
All Pools,RUGPULL - MUG,0.3,False,0.02772,130.51,,0.02,1784028590
All Pools,METAG - USDT.e,0.3,False,0.02738,46.95,,0.05,1784028590
All Pools,JOE - ZUBAX,0.3,False,0.02714,6.439,,0.38,1784028590
All Pools,CNR - USDC,0.3,False,0.02665,4.408,,0.55,1784028590
All Pools,BENIS - AVAX,0.3,False,0.02655,10.6,,0.23,1784028590
All Pools,ARENA - AMI,0.3,False,0.02634,0.87016,,2.76,1784028590
All Pools,SLIME - USDt,0.3,False,0.0259,6.041,,0.39,1784028590
All Pools,SBR - AVAX,0.3,False,0.02582,3.772,,0.62,1784028590
All Pools,JOE - ZABU,0.3,False,0.02578,12.78,,0.18,1784028590
All Pools,SLIME - AVAX,0.3,False,0.02576,14910.0,,,1784028590
All Pools,WDAO - AVAX,0.3,False,0.02558,9.914,,0.24,1784028590
All Pools,MIM - SBR,0.3,False,0.02554,11.34,,0.21,1784028590
All Pools,WDAO - MIM,0.3,False,0.02535,5.397,,0.43,1784028590
All Pools,ElvisJackpot - Gravity,0.3,False,0.02516,14.6,,0.16,1784028590
All Pools,wMEMO - MIM,0.3,False,0.02487,4.384,,0.52,1784028590
All Pools,AMI - SQRCAT,0.3,False,0.02483,10.1,,0.22,1784028590
All Pools,AVAX - SQRCAT,0.3,False,0.02478,4206.98,,,1784028590
All Pools,BTC.b - MU,0.3,False,0.02466,9.927,,0.23,1784028590
All Pools,GG - AVAX,0.3,False,0.02416,5.703,,0.39,1784028590
All Pools,ZUM - NOCHILL,0.3,False,0.02398,0.73242,,2.99,1784028590
All Pools,BSGG - AVAX,0.3,False,0.0239,2.513,,0.87,1784028590
All Pools,MIM - GG,0.3,False,0.0239,4.923,,0.44,1784028590
All Pools,GURS - NOCHILL,0.3,False,0.02348,1.139,,1.88,1784028590
All Pools,AVAX - NADO,0.3,False,0.02336,2.575,,0.83,1784028590
All Pools,YAK - JOE,0.3,False,0.02333,0.94029,,2.26,1784028590
All Pools,DUO - USDT.e,0.3,False,0.02328,6.093,,0.35,1784028590
All Pools,MIM - NADO,0.3,False,0.02311,174.71,,0.01,1784028590
All Pools,MELT - USDC.e,0.3,False,0.02222,5.88,,0.34,1784028590
All Pools,MELT - AVAX,0.3,False,0.02207,797.82,,0.0,1784028590
All Pools,METAG - USDt,0.3,False,0.02194,15.29,,0.13,1784028590
All Pools,DBY - AVAX,0.3,False,0.02191,7457.64,,,1784028590
All Pools,MELT - USDT.e,0.3,False,0.02142,29.22,,0.07,1784028590
All Pools,FITFI - USDC.e,0.3,False,0.02087,0.09585,,19.87,1784028590
All Pools,NOCHILL - WAIFU,0.3,False,0.02035,138.22,,0.01,1784028590
All Pools,USDC.e - WMATIC,0.3,False,0.01999,16.11,,0.11,1784028590
All Pools,WINK - NOCHILL,0.3,False,0.01986,0.37977,,4.77,1784028590
All Pools,REDWOLF - WMATIC,0.3,False,0.01967,2.03,,0.88,1784028590
All Pools,AVAX - AMONKS,0.3,False,0.01953,1139.06,,0.0,1784028590
All Pools,CNR - USDt,0.3,False,0.0195,4.417,,0.4,1784028590
All Pools,REDWOLF - AMONKS,0.3,False,0.01947,5.605,,0.32,1784028590
All Pools,AVAX - BAVA,0.3,False,0.0186,8.568,,0.2,1784028590
All Pools,SURE - AVAX,0.3,False,0.01841,5.268,,0.32,1784028590
All Pools,SOB - AVAX,0.3,False,0.0183,388.53,,0.0,1784028590
All Pools,LIFE - AVAX,0.3,False,0.01817,2.665,,0.62,1784028590
All Pools,SOB - LUNA,0.3,False,0.01799,0.80501,,2.04,1784028590
All Pools,MIM - LIFE,0.3,False,0.01795,11.18,,0.15,1784028590
All Pools,AVAX - DAI,0.3,False,0.01792,55.78,,0.03,1784028590
All Pools,MIM - DICK,0.3,False,0.01742,2.148,,0.74,1784028590
All Pools,ICUBE - USDT.e,0.3,False,0.01738,106.97,,0.01,1784028590
All Pools,MIM - sTHO,0.3,False,0.01738,203.57,,0.01,1784028590
All Pools,DICK - AVAX,0.3,False,0.01733,6.083,,0.26,1784028590
All Pools,ICUBE - AVAX,0.3,False,0.01731,5.297,,0.3,1784028590
All Pools,SUB - AVAX,0.3,False,0.01714,14.77,,0.11,1784028590
All Pools,ACS - USDt,0.3,False,0.017,0.91929,,1.69,1784028590
All Pools,DUNEV3 - USDC.e,0.3,False,0.01688,25237.0,,,1784028590
All Pools,WINK - AVAX,0.3,False,0.01664,41.31,,0.04,1784028590
All Pools,MIM - DUNEV3,0.3,False,0.01654,53686.0,,,1784028590
All Pools,CRA - AVAX,0.3,False,0.01601,7123.15,,,1784028590
All Pools,MOO - AVAX,0.3,False,0.01596,538.09,,0.0,1784028590
All Pools,gOHM - USDC.e,0.3,False,0.01586,0.32503,,4.45,1784028590
All Pools,FINANCE - NOCHILL,0.3,False,0.01577,367.91,,0.0,1784028590
All Pools,USDT.e - BOREA,0.3,False,0.01534,25.55,,0.05,1784028590
All Pools,AVAX - BOREA,0.3,False,0.01528,5.413,,0.26,1784028590
All Pools,AAVE.e - USDC.e,0.3,False,0.01497,1.275,,1.07,1784028590
All Pools,USDT.e - TMT,0.3,False,0.01474,25.38,,0.05,1784028590
All Pools,AVAX - TMT,0.3,False,0.01469,5.821,,0.23,1784028590
All Pools,AVAX - SDOG,0.3,False,0.01469,6.47,,0.21,1784028590
All Pools,Psychic - Solved,0.3,False,0.01468,47.16,,0.03,1784028590
All Pools,USDC.e - SPADE,0.3,False,0.01463,15.37,,0.09,1784028590
All Pools,AVAX - SPADE,0.3,False,0.01457,4.855,,0.27,1784028590
All Pools,Solved - BLACK,0.3,False,0.01429,1.296,,1.01,1784028590
All Pools,Psychic - Architect,0.3,False,0.01417,47.17,,0.03,1784028590
All Pools,NRK - DAI.e,0.3,False,0.01406,280.34,,0.0,1784028590
All Pools,AVAX - SPELL,0.3,False,0.01393,1929.53,,,1784028590
All Pools,SMRT - XAVA,0.3,False,0.01388,2.251,,0.56,1784028590
All Pools,Trinity - FourFourFour,0.3,False,0.01382,3.471,,0.36,1784028590
All Pools,MIM - SPELL,0.3,False,0.01382,2.427,,0.52,1784028590
All Pools,Architect - BLACK,0.3,False,0.01379,1.296,,0.97,1784028590
All Pools,FourFourFour - BLACK,0.3,False,0.01377,3.339,,0.38,1784028590
All Pools,Anon - USDC,0.3,False,0.01372,0.6688,,1.87,1784028590
All Pools,Psychic - TwinFlames,0.3,False,0.01371,47.7,,0.03,1784028590
All Pools,UST - USDC,0.3,False,0.01359,3.897,,0.32,1784028590
All Pools,Psychic - QuetzalCoatl,0.3,False,0.01359,47.17,,0.03,1784028590
All Pools,Psychic - Checkmate,0.3,False,0.01358,47.27,,0.03,1784028590
All Pools,Spider - Psychic,0.3,False,0.01354,47.13,,0.03,1784028590
All Pools,HCT - AVAX,0.3,False,0.01352,2.611,,0.47,1784028590
All Pools,Psychic - daVinci,0.3,False,0.01351,47.16,,0.03,1784028590
All Pools,Psychic - Bonfire,0.3,False,0.01347,47.16,,0.03,1784028590
All Pools,Choice - Psychic,0.3,False,0.01346,47.14,,0.03,1784028590
All Pools,BLACK - TwinFlames,0.3,False,0.01337,1.315,,0.93,1784028590
All Pools,QuetzalCoatl - BLACK,0.3,False,0.01324,1.295,,0.93,1784028590
All Pools,Checkmate - BLACK,0.3,False,0.01324,1.299,,0.93,1784028590
All Pools,Spider - BLACK,0.3,False,0.01321,1.305,,0.92,1784028590
All Pools,daVinci - BLACK,0.3,False,0.01317,1.297,,0.93,1784028590
All Pools,Bonfire - BLACK,0.3,False,0.01314,1.297,,0.92,1784028590
All Pools,Choice - BLACK,0.3,False,0.01314,1.302,,0.92,1784028590
All Pools,Psychic - Partment,0.3,False,0.01296,47.15,,0.03,1784028590
All Pools,HIGHER - AVAX,0.3,False,0.01289,1.191,,0.99,1784028590
All Pools,BLACK - Partment,0.3,False,0.01275,1.297,,0.9,1784028590
All Pools,Psychic - Sequence,0.3,False,0.01274,47.17,,0.02,1784028590
All Pools,Psychic - Crypt,0.3,False,0.01273,47.13,,0.02,1784028590
All Pools,Psychic - TheArcher,0.3,False,0.01271,47.18,,0.02,1784028590
All Pools,ChristMark - ChristIAmYou,0.3,False,0.01268,20.1,,0.06,1784028590
All Pools,Psychic - LordJesusChrist,0.3,False,0.01265,45.29,,0.03,1784028590
All Pools,MPL - USDt,0.3,False,0.01255,29.65,,0.04,1784028590
All Pools,Sequence - BLACK,0.3,False,0.01254,1.29,,0.89,1784028590
All Pools,Crypt - BLACK,0.3,False,0.01253,1.301,,0.88,1784028590
All Pools,AVAX - SOL,0.3,False,0.01253,0.06564,,17.42,1784028590
All Pools,TheArcher - BLACK,0.3,False,0.01251,1.292,,0.88,1784028590
All Pools,MPL - AVAX,0.3,False,0.01247,5.011,,0.23,1784028590
All Pools,LordJesusChrist - BLACK,0.3,False,0.01243,1.249,,0.91,1784028590
All Pools,CNR - AVAX,0.3,False,0.01242,46.97,,0.02,1784028590
All Pools,BLACK - ChristIAmYou,0.3,False,0.01242,1.315,,0.86,1784028590
All Pools,ARA - AVAX,0.3,False,0.01232,2.306,,0.49,1784028590
All Pools,WTHT - AXIAL,0.3,False,0.01226,0.28592,,3.91,1784028590
All Pools,SaintGermain - BLACK,0.3,False,0.01222,1.33,,0.84,1784028590
All Pools,BGLD - USDT.e,0.3,False,0.01211,16.33,,0.07,1784028590
All Pools,Gravity - SaintGermain,0.3,False,0.01209,17.87,,0.06,1784028590
All Pools,BGLD - AVAX,0.3,False,0.01205,3.544,,0.31,1784028590
All Pools,Psychic - BirthingCode,0.3,False,0.01203,47.18,,0.02,1784028590
All Pools,Psychic - Equal,0.3,False,0.01202,47.17,,0.02,1784028590
All Pools,Psychic - YouAndI,0.3,False,0.01202,47.17,,0.02,1784028590
All Pools,Psychic - FinityFinity,0.3,False,0.01194,47.18,,0.02,1784028590
All Pools,Psychic - Turtle,0.3,False,0.01187,47.18,,0.02,1784028590
All Pools,Psychic - Finish,0.3,False,0.01185,47.14,,0.02,1784028590
All Pools,AVAX - APE - X,0.3,False,0.01183,470.13,,0.0,1784028590
All Pools,BirthingCode - BLACK,0.3,False,0.0118,1.286,,0.84,1784028590
All Pools,Equal - BLACK,0.3,False,0.01179,1.287,,0.84,1784028590
All Pools,YouAndI - BLACK,0.3,False,0.01179,1.288,,0.84,1784028590
All Pools,Psychic - TrueStory,0.3,False,0.01179,47.18,,0.02,1784028590
All Pools,WETH.e - meGNX,0.3,False,0.01179,5.092,,0.21,1784028590
All Pools,FinityFinity - BLACK,0.3,False,0.01169,1.287,,0.83,1784028590
All Pools,Turtle - BLACK,0.3,False,0.01166,1.285,,0.83,1784028590
All Pools,Finish - BLACK,0.3,False,0.01163,1.295,,0.82,1784028590
All Pools,TrueStory - BLACK,0.3,False,0.01157,1.287,,0.82,1784028590
All Pools,TECH - AMI,0.3,False,0.01146,1.638,,0.64,1784028590
All Pools,Psychic - Gematria,0.3,False,0.01144,47.17,,0.02,1784028590
All Pools,USDC - USDT.e,0.3,False,0.01134,154.26,,0.01,1784028590
All Pools,BLACK - Gematria,0.3,False,0.01117,1.287,,0.79,1784028590
All Pools,AAVE.e - meGNX,0.3,False,0.01108,3.608,,0.28,1784028590
All Pools,AMPL - AVAX,0.3,False,0.011,203.42,,0.0,1784028590
All Pools,JOE - GB,0.3,False,0.01088,0.16389,,6.06,1784028590
All Pools,Trinity - IfYouKnowYouKnow,0.3,False,0.01075,3.294,,0.3,1784028590
All Pools,BLACK - IfYouKnowYouKnow,0.3,False,0.01047,1.284,,0.74,1784028590
All Pools,USDR - USDC,0.3,False,0.01044,39.9,,0.02,1784028590
All Pools,AVAX - USDR,0.3,False,0.01039,2.436,,0.39,1784028590
All Pools,aAvaLINK - AVAX,0.3,False,0.01027,7.324,,0.13,1784028590
All Pools,aAvaLINK - LINK.e,0.3,False,0.01011,1.567,,0.59,1784028590
All Pools,TEMPO - AVAX,0.3,False,0.01003,1.817,,0.5,1784028590
All Pools,WOLF - MU,0.3,False,0.00999,3.813,,0.24,1784028590
All Pools,MIM - TEMPO,0.3,False,0.00994,5.164,,0.18,1784028590
All Pools,GMX - USDC,0.3,False,0.00975,0.81657,,1.09,1784028590
All Pools,USDC - WSPP,0.3,False,0.00952,41.92,,0.02,1784028590
All Pools,AVAX - WSPP,0.3,False,0.00947,2.306,,0.37,1784028590
All Pools,HERESY - MEOW,0.3,False,0.00917,0.19328,,4.33,1784028590
All Pools,wALGO - USDC,0.3,False,0.00914,2.39,,0.35,1784028590
All Pools,wALGO - AVAX,0.3,False,0.00911,114.83,,0.01,1784028590
All Pools,NXPC - USDC,0.3,False,0.009,0.67498,,1.22,1784028590
All Pools,BLACK - SantaGospel,0.3,False,0.00899,2.594,,0.32,1784028590
All Pools,XIO - USDC,0.3,False,0.00896,23.95,,0.03,1784028590
All Pools,XIO - AVAX,0.3,False,0.00892,2.31,,0.35,1784028590
All Pools,YAK - USDT.e,0.3,False,0.00887,0.55778,,1.45,1784028590
All Pools,AVAX - WOHM,0.3,False,0.00871,1.161,,0.68,1784028590
All Pools,GURS - AMI,0.3,False,0.00867,1.254,,0.63,1784028590
All Pools,MIM - WOHM,0.3,False,0.00859,13.39,,0.06,1784028590
All Pools,USDC.e - UST,0.3,False,0.00852,1.537,,0.51,1784028590
All Pools,HH - ARENA,0.3,False,0.00847,1.654,,0.47,1784028590
All Pools,HH - AVAX,0.3,False,0.0084,237.15,,0.0,1784028590
All Pools,Gladiator - AVAX,0.3,False,0.00834,1.508,,0.5,1784028590
All Pools,NOCHILL - ARENA,0.3,False,0.00833,0.25448,,2.99,1784028590
All Pools,BTC.b - yyAVAX,0.3,False,0.00824,4.137,,0.18,1784028590
All Pools,KOKSAL - USDC,0.3,False,0.00821,4.434,,0.17,1784028590
All Pools,KOKSAL - AVAX,0.3,False,0.00817,2.753,,0.27,1784028590
All Pools,TRACTOR - AVAX,0.3,False,0.00813,10591.0,,,1784028590
All Pools,TRACTOR - JOE,0.3,False,0.00806,1.124,,0.65,1784028590
All Pools,BNZ - KET,0.3,False,0.00805,2.464,,0.3,1784028590
All Pools,AVAX - LYLY,0.3,False,0.0079,50.38,,0.01,1784028590
All Pools,DUA - USDC,0.3,False,0.00789,11.42,,0.06,1784028590
All Pools,QI - LYLY,0.3,False,0.00787,1.78,,0.4,1784028590
All Pools,AVAX - DUA,0.3,False,0.00785,1.714,,0.42,1784028590
All Pools,JOE - AVE,0.3,False,0.00774,1.181,,0.6,1784028590
All Pools,YEEHAW - ARENA,0.3,False,0.00751,0.85332,,0.8,1784028590
All Pools,BEAM - MU,0.3,False,0.00736,0.94291,,0.71,1784028590
All Pools,AVAX - EDG,0.3,False,0.0073,1.379,,0.48,1784028590
All Pools,AMI - MU,0.3,False,0.00723,1.246,,0.53,1784028590
All Pools,MIM - EDG,0.3,False,0.00722,1.573,,0.42,1784028590
All Pools,WETH.e - MU,0.3,False,0.00716,1.772,,0.37,1784028590
All Pools,ORNG - JUICE,0.3,False,0.00685,1.34,,0.47,1784028590
All Pools,HIGHER - AMI,0.3,False,0.00682,1.872,,0.33,1784028590
All Pools,GAINS - AVAX,0.3,False,0.00658,30.48,,0.02,1784028590
All Pools,GAINS - COQ,0.3,False,0.00654,1.367,,0.44,1784028590
All Pools,AVAX - VYBE,0.3,False,0.00635,1.672,,0.35,1784028590
All Pools,MIM - VYBE,0.3,False,0.00628,0.8702,,0.66,1784028590
All Pools,BIRD - AVAX,0.3,False,0.0062,0.00943,,60.01,1784028590
All Pools,LF - USDT.e,0.3,False,0.00618,0.98275,,0.57,1784028590
All Pools,COQ - ARENA,0.3,False,0.00608,0.78777,,0.7,1784028590
All Pools,HIGHER - NOCHILL,0.3,False,0.00602,0.18151,,3.02,1784028590
All Pools,CANS - AVAX,0.3,False,0.00594,7.93,,0.07,1784028590
All Pools,HEFE - CANS,0.3,False,0.00593,4.691,,0.12,1784028590
All Pools,MUMO - USDC,0.3,False,0.00592,7.944,,0.07,1784028590
All Pools,AVAX - AXIAL,0.3,False,0.00578,594.81,,,1784028590
All Pools,MIM - AFARMER,0.3,False,0.00555,3681.69,,,1784028590
All Pools,JOE - USDt,0.3,False,0.0053,0.63641,,0.76,1784028590
All Pools,MUMO - SOL,0.3,False,0.00498,0.07172,,6.34,1784028590
All Pools,GMX - USDt,0.3,False,0.00494,0.33716,,1.34,1784028590
All Pools,TEDDY - USDC,0.3,False,0.00489,0.62469,,0.71,1784028590
All Pools,QI - USDC.e,0.3,False,0.00487,0.63602,,0.7,1784028590
All Pools,AVAX - PAR,0.3,False,0.0048,1.291,,0.34,1784028590
All Pools,MIM - PAR,0.3,False,0.00473,0.47281,,0.91,1784028590
All Pools,YEEHAW - ABC,0.3,False,0.00444,0.23397,,1.73,1784028590
All Pools,AVAX - LODE,0.3,False,0.00423,0.82756,,0.47,1784028590
All Pools,FLOT - COQ,0.3,False,0.00422,0.48039,,0.8,1784028590
All Pools,USDC.e - GG,0.3,False,0.00414,0.37191,,1.02,1784028590
All Pools,BNZ - WINK,0.3,False,0.00408,0.24453,,1.52,1784028590
All Pools,MIM - YAK,0.3,False,0.00398,0.16598,,2.19,1784028590
All Pools,AVAX - ASND,0.3,False,0.00397,0.11828,,3.06,1784028590
All Pools,AVAX - MICRO,0.3,False,0.00396,18.5,,0.02,1784028590
All Pools,AMI - EROL,0.3,False,0.00394,0.30369,,1.18,1784028590
All Pools,MIM - ASND,0.3,False,0.00382,78.01,,0.0,1784028590
All Pools,ERROR - AMI,0.3,False,0.0035,1.742,,0.18,1784028590
All Pools,AVAX - WINE,0.3,False,0.00343,0.08425,,3.71,1784028590
All Pools,AVAX - MTB,0.3,False,0.00321,0.42374,,0.69,1784028590
All Pools,AVAX - DREX,0.3,False,0.00317,0.19841,,1.46,1784028590
All Pools,MIM - MTB,0.3,False,0.00315,0.44434,,0.65,1784028590
All Pools,MIM - DREX,0.3,False,0.00312,5.641,,0.05,1784028590
All Pools,PinOcchio - AVAX,0.3,False,0.00307,7.711,,0.04,1784028590
All Pools,PinOcchio - Gravity,0.3,False,0.00306,1.5,,0.19,1784028590
All Pools,SNTA - MIM,0.3,False,0.00299,0.31911,,0.85,1784028590
All Pools,GRAPE - AVAX,0.3,False,0.00298,0.09526,,2.85,1784028590
All Pools,LIFE - AVAX,0.3,False,0.00294,0.73843,,0.36,1784028590
All Pools,MIM - LIFE,0.3,False,0.00289,0.23671,,1.11,1784028590
All Pools,USDC.e - TIME,0.3,False,0.0028,0.19431,,1.32,1784028590
All Pools,JOE - aXEN,0.3,False,0.00274,0.1746,,1.43,1784028590
All Pools,DB - AVAX,0.3,False,0.00271,1.364,,0.18,1784028590
All Pools,STG - JOE,0.3,False,0.00268,0.10275,,2.38,1784028590
All Pools,xJOE - AVAX,0.3,False,0.00268,1.775,,0.14,1784028590
All Pools,FAP - AVAX,0.3,False,0.00267,67.52,,0.0,1784028590
All Pools,MIM - DB,0.3,False,0.00266,0.18931,,1.28,1784028590
All Pools,xJOE - wsOHM,0.3,False,0.00263,0.17744,,1.35,1784028590
All Pools,MIM - FAP,0.3,False,0.00255,0.04753,,4.9,1784028590
All Pools,sAVAX - AMI,0.3,False,0.00242,0.24445,,0.9,1784028590
All Pools,ABC - MU,0.3,False,0.00217,0.05046,,3.93,1784028590
All Pools,NineHundred - BLACK,0.3,False,0.00213,2.647,,0.07,1784028590
All Pools,AVAX - PLEB,0.3,False,0.0021,0.08858,,2.17,1784028590
All Pools,MIM - PLEB,0.3,False,0.00205,7.989,,0.02,1784028590
All Pools,LUNA - USDC,0.3,False,0.00199,0.09505,,1.91,1784028590
All Pools,MIM - AKITA,0.3,False,0.00197,0.08086,,2.23,1784028590
All Pools,USDC.e - XAVA,0.3,False,0.00177,0.33913,,0.48,1784028590
All Pools,UST - WINE,0.3,False,0.00152,0.11469,,1.21,1784028590
All Pools,TSD - USDC.e,0.3,False,0.00148,0.06248,,2.16,1784028590
All Pools,ILoveMyTwinFlame - AVAX,0.3,False,0.00115,3.972,,0.03,1784028590
All Pools,ILoveMyTwinFlame - Gravity,0.3,False,0.00114,1.621,,0.06,1784028590
All Pools,LYD - AVAX,0.3,False,0.0011,0.64237,,0.16,1784028590
All Pools,LYD - REDWOLF,0.3,False,0.00109,4.058,,0.02,1784028590
All Pools,YEEHAW - Gladiator,0.3,False,0.00108,0.08362,,1.18,1784028590
All Pools,USDC - XPOW,0.3,False,0.00102,0.02468,,3.75,1784028590
All Pools,GRAPE - USDC.e,0.3,False,0.00101,0.03915,,2.35,1784028590
All Pools,COQ - USDt,0.3,False,,0.04088,,2.06,1784028590
All Pools,YEEHAW - MU,0.3,False,,0.12085,,0.66,1784028590
All Pools,CRAFT - AVAX,0.3,False,,288.35,,,1784028590
All Pools,ROCO - USDT.e,0.3,False,,0.10314,,0.68,1784028590
All Pools,SYN - JOE,0.3,False,,0.01716,,3.72,1784028590
All Pools,FollowTheWhiteRabbit - BLACK,0.3,False,,0.12877,,0.41,1784028590
All Pools,SYN - XAVA,0.3,False,,0.00541,,7.32,1784028590
All Pools,SPORE - USDC,0.3,False,,1391.81,,,1784028590
All Pools,DONK - AVAX,0.3,False,,21.52,,,1784028590
All Pools,aAVAXb - AVAX,0.3,False,,0.25434,,0.02,1784028590
All Pools,SMRT - TMT,0.3,False,,0.13605,,0.02,1784028590
All Pools,MIM - SMRT,0.3,False,,0.52955,,0.0,1784028590
All Pools,EZE - AVAX,0.3,False,,0.04814,,0.02,1784028590
All Pools,MU - KET,0.3,False,,0.93526,,,1784028590
All Pools,aAvaWAVAX - AVAX,0.3,False,,0.18218,,0.0,1784028590
All Pools,FATE - USDC,0.3,False,,448673.0,,,1784028590
All Pools,bJOE - JOE,0.3,False,,0.05386,,0.0,1784028590
All Pools,bXAVA - XAVA,0.3,False,,0.04513,,0.0,1784028590
All Pools,MIM - JOE,0.3,False,,0.00211,,0.02,1784028590
All Pools,bUSDT - AVAX,0.3,False,,0.00217,,0.01,1784028590
All Pools,GB - USDC.e,0.3,False,,0.00203,,0.0,1784028590
All Pools,YTS - GB,0.3,False,,0.00107,,0.0,1784028590
All Pools,GB - BOOFI,0.3,False,,,,0.0,1784028590
All Pools,AVAX - avWAVAX,0.3,False,,0.00101,,,1784028590
All Pools,SPORE - JOE,0.3,False,,0.40766,,,1784028590
All Pools,GB - XAVA,0.3,False,,,,0.0,1784028590
All Pools,AVAX - bWETH,0.3,False,,,,0.2,1784028590
All Pools,AVAX - USDC,0.05,False,814378.0,374027.0,428.1,41.78,1784032190
All Pools,USDt - USDC,0.01,False,95257.0,162465.0,9.76,2.19,1784032190
All Pools,USDt - USDC,0.005,False,69839.0,159723.0,5.376,1.23,1784032190
All Pools,BTC.b - USDC,0.05,False,66339.0,571790.0,34.69,2.21,1784032190
All Pools,AUSD - USDC,0.01,False,61195.0,100919.0,6.099,2.21,1784032190
All Pools,FOLKS - AVAX,0.25,False,53712.0,36098.0,145.24,146.86,1784032190
All Pools,sAVAX - AVAX,0.01,False,44862.0,46897.0,5.201,4.05,1784032190
All Pools,AUSD - USDt,0.01,False,19592.0,59508.0,2.1,1.29,1784032190
All Pools,AVAX - USDT.e,0.3,False,17838.0,466716.0,44.59,3.49,1784032190
All Pools,AVAX - USDC,0.3,False,15762.0,343786.0,39.41,4.18,1784032190
All Pools,gOHM - AVAX,0.3,False,15666.0,123930.0,39.16,11.53,1784032190
All Pools,USDC.e - AVAX,0.3,False,14653.0,363264.0,36.63,3.68,1784032190
All Pools,USDC - XAVA,0.3,False,13302.0,487779.0,33.26,2.49,1784032190
All Pools,ARENA - AVAX,0.01,False,11766.0,97733.0,1.176,0.44,1784032190
All Pools,AVAX - USDt,0.2,False,10397.0,97981.0,20.96,7.81,1784032190
All Pools,AVAX - BTC.b,0.05,False,10190.0,26658.0,5.812,7.96,1784032190
All Pools,WETH.e - AVAX,0.3,False,9514.17,366560.0,23.79,2.37,1784032190
All Pools,DAI.e - USDC,0.02,False,9289.72,28409.0,1.776,2.28,1784032190
All Pools,AAVE.e - AVAX,0.3,False,9067.5,260486.0,22.67,3.18,1784032190
All Pools,NXUSD - WXT,0.3,False,9004.59,475236.0,22.51,1.73,1784032190
All Pools,USDT.e - USDt,0.02,False,8864.2,44305.0,1.773,1.46,1784032190
All Pools,USDT.e - USDC,0.02,False,8048.54,50930.0,1.623,1.16,1784032190
All Pools,JOE - USDC.e,0.3,False,5763.15,258051.0,14.41,2.04,1784032190
All Pools,COQ - AVAX,0.3,False,5594.87,393057.0,13.99,1.3,1784032190
All Pools,XAVA - AVAX,0.8,False,4568.89,155361.0,36.84,8.66,1784032190
All Pools,JOE - AVAX,0.3,False,4051.65,209444.0,10.13,1.77,1784032190
All Pools,MIM - AVAX,0.3,False,3791.77,182823.0,9.479,1.89,1784032190
All Pools,NOCHILL - AVAX,0.3,False,3673.24,51648.0,9.183,6.49,1784032190
All Pools,WBTC.e - AVAX,0.3,False,2940.41,129604.0,7.351,2.07,1784032190
All Pools,BTC.b - AVAX,0.3,False,2662.49,106285.0,6.656,2.29,1784032190
All Pools,QI - AVAX,0.3,False,2580.62,127783.0,6.452,1.84,1784032190
All Pools,GUN - AVAX,0.25,False,2460.24,9324.04,9.526,37.29,1784032190
All Pools,LCPEDU - USDt,0.8,False,2338.38,7178730.0,37.49,0.19,1784032190
All Pools,DAI.e - USDt,0.25,False,1943.15,26968.0,4.527,6.13,1784032190
All Pools,LINK.e - AVAX,0.3,False,1855.72,38247.0,4.639,4.43,1784032190
All Pools,ORNG - AVAX,0.3,False,1760.78,16498.0,4.402,9.74,1784032190
All Pools,USDC.e - USDC,0.02,False,1742.76,3874.48,0.3509,3.31,1784032190
All Pools,BEAM - USDC,0.3,False,1696.85,65131.0,4.242,2.38,1784032190
All Pools,HUNDRED - USDC,0.3,False,1681.46,491745.0,4.204,0.31,1784032190
All Pools,USDt - AVAX,0.3,False,1654.1,38281.0,4.135,3.94,1784032190
All Pools,HERESY - AVAX,0.3,False,1550.42,14859.0,3.876,9.52,1784032190
All Pools,QI - AVAX,0.25,False,1247.36,7818.72,3.136,14.64,1784032190
All Pools,BEAM - AVAX,0.25,False,1236.42,14161.0,3.132,8.07,1784032190
All Pools,SB - AVAX,0.3,False,1208.59,5963.95,3.021,18.49,1784032190
All Pools,AVAX - DAI.e,0.3,False,1112.3,28298.0,2.781,3.59,1784032190
All Pools,DAI.e - USDC,0.02,False,937.45,2485.39,0.17878,2.63,1784032190
All Pools,JOE - USDT.e,0.3,False,899.6,51781.0,2.249,1.59,1784032190
All Pools,WBTC.e - BTC.b,0.03,False,850.36,224273.0,0.28304,0.05,1784032190
All Pools,SYN - AVAX,0.3,False,834.25,5319.38,2.086,14.31,1784032190
All Pools,USDC.e - USDC,0.02,False,764.22,9681.5,0.07821,0.29,1784032190
All Pools,WBTC - BTC.b,0.03,False,758.47,80900.0,0.2338,0.11,1784032190
All Pools,ZRO - AVAX,0.25,False,727.98,1629.4,1.9,42.56,1784032190
All Pools,GUN - AVAX,0.1,False,632.09,16670.0,2.247,4.92,1784032190
All Pools,AVAX - DOMI,0.3,False,623.34,11502.0,1.558,4.95,1784032190
All Pools,AVAX - XAVA,0.3,False,534.87,12773.0,1.337,3.82,1784032190
All Pools,XSEED - AVAX,0.3,False,531.09,15876.0,1.328,3.05,1784032190
All Pools,USDT.e - USDC,0.02,False,515.77,894.93,0.05361,2.19,1784032190
All Pools,SolvBTC - BTC.b,0.04,False,515.28,175462.0,0.18538,0.04,1784032190
All Pools,JOE - USDC,0.3,False,486.52,23497.0,1.216,1.89,1784032190
All Pools,EURC - USDC,0.03,False,395.77,10577.0,0.11296,0.39,1784032190
All Pools,gOHM - FRAX,0.3,False,388.68,3413.05,0.97171,10.39,1784032190
All Pools,PRIME - AVAX,0.4,False,334.94,151552.0,3.813,0.92,1784032190
All Pools,MIM - SB,0.3,False,316.01,2232.79,0.79002,12.91,1784032190
All Pools,USDt - ncash,0.3,False,266.21,1009.79,0.66552,24.06,1784032190
All Pools,JPYC - USDC,0.04,False,248.44,3153.16,0.1005,1.16,1784032190
All Pools,GB - AVAX,0.3,False,183.84,1982.92,0.45959,8.46,1784032190
All Pools,WETH.e - USDC.e,0.3,False,172.41,10841.0,0.43103,1.45,1784032190
All Pools,FITFI - USDT.e,0.3,False,171.54,148.11,0.42886,105.69,1784032190
All Pools,COQ - COQAI,0.3,False,146.16,18797.0,0.36539,0.71,1784032190
All Pools,OSAK - AVAX,0.3,False,144.41,3167.13,0.36101,4.16,1784032190
All Pools,YAK - AVAX,0.3,False,142.78,3446.51,0.35696,3.78,1784032190
All Pools,AVAX - JUICE,0.3,False,142.69,9358.33,0.35673,1.39,1784032190
All Pools,GMX - AVAX,0.3,False,127.56,3787.43,0.31891,3.07,1784032190
All Pools,XETA - USDC,0.3,False,121.72,5648.99,0.3043,1.97,1784032190
All Pools,XSGD - USDC,0.05,False,109.68,430.91,0.01741,1.47,1784032190
All Pools,w3ULL - AVAX,0.3,False,109.14,51134.0,0.27286,0.19,1784032190
All Pools,ALOT - AVAX,0.3,False,103.94,10125.0,0.25984,0.94,1784032190
All Pools,XAVA - AVAX,0.8,False,100.33,449.58,0.81395,66.08,1784032190
All Pools,USDC.e - USDC,0.02,False,99.29,1943.65,0.0199,0.37,1784032190
All Pools,HEFE - AVAX,0.3,False,92.4,26754.0,0.23101,0.32,1784032190
All Pools,AVAX - ALVA,0.3,False,90.59,744.39,0.22647,11.1,1784032190
All Pools,AI - AVAX,0.3,False,87.85,3129.59,0.21963,2.56,1784032190
All Pools,XPOW - AVAX,0.8,False,86.61,238.25,0.76821,117.69,1784032190
All Pools,CAPY - ARENA,0.3,False,82.67,18724.0,0.20668,0.4,1784032190
All Pools,UST - AVAX,0.3,False,80.4,5812.39,0.20099,1.26,1784032190
All Pools,KLO - AVAX,0.3,False,79.99,11935.0,0.19997,0.61,1784032190
All Pools,APIX - ID,0.3,False,79.85,16968.0,0.19963,0.43,1784032190
All Pools,AVAX - RISE,0.3,False,78.71,42703.0,0.19676,0.17,1784032190
All Pools,APIX - USDt,0.3,False,78.32,5831.2,0.19579,1.23,1784032190
All Pools,USDt - USDC,0.02,False,70.36,2227.15,0.01412,0.23,1784032190
All Pools,yes - AVAX,0.3,False,65.41,1209.73,0.16353,4.93,1784032190
All Pools,EMIN - AVAX,0.3,False,62.23,2119.04,0.15556,2.68,1784032190
All Pools,Balln - AVAX,0.3,False,61.41,3734.96,0.15352,1.5,1784032190
All Pools,ABC - AVAX,0.3,False,60.35,454.65,0.15088,12.11,1784032190
All Pools,WBTC.e - USDC,0.3,False,58.45,0.39447,0.14613,13520.9,1784032190
All Pools,AVAX - AMI,0.3,False,54.49,345.59,0.13624,14.39,1784032190
All Pools,AVAX - UST,0.3,False,53.02,6722.99,0.13255,0.72,1784032190
All Pools,FLD - AVAX,0.3,False,52.04,34715.0,0.13011,0.14,1784032190
All Pools,STG - USDC,0.3,False,49.07,1221.28,0.12267,3.67,1784032190
All Pools,BLSEYE🎯 - AVAX,0.3,False,48.88,4407.82,0.12219,1.01,1784032190
All Pools,APIX - USDC,0.3,False,40.91,2913.24,0.10228,1.28,1784032190
All Pools,MIM - USDT.e,0.3,False,40.37,1520.36,0.10093,2.42,1784032190
All Pools,GUN - BLSEYE🎯,0.3,False,40.05,426.73,0.10011,8.56,1784032190
All Pools,XAUt0 - USDt,0.04,False,40.02,24721.0,0.14639,0.22,1784032190
All Pools,AVAX - TOPIA,0.3,False,39.12,1064.95,0.0978,3.35,1784032190
All Pools,ROY - AVAX,0.3,False,33.2,3934.04,0.08299,0.77,1784032190
All Pools,KIMBO - AVAX,0.3,False,31.46,39463.0,0.07864,0.07,1784032190
All Pools,SHRAP - AVAX,0.8,False,31.14,8851.11,0.25035,1.03,1784032190
All Pools,STG - AVAX,0.3,False,28.83,1017.99,0.07207,2.58,1784032190
All Pools,ABC - HOWDY,0.3,False,24.62,452.93,0.06154,4.96,1784032190
All Pools,HOWDY - USDC,0.3,False,22.97,2954.89,0.05742,0.71,1784032190
All Pools,USDC.e - USDC,0.3,False,21.86,480991.0,0.05466,0.0,1784032190
All Pools,GUN - AVAX,0.3,False,20.76,193.29,0.05191,9.8,1784032190
All Pools,BNB - AVAX,0.3,False,19.3,2763.83,0.04825,0.64,1784032190
All Pools,APIX - ARENA,0.3,False,18.93,1660.42,0.04733,1.04,1784032190
All Pools,Psychic - AVAX,0.3,False,18.57,878.32,0.04642,1.93,1784032190
All Pools,BOI - AVAX,0.3,False,18.26,40.7,0.04564,40.93,1784032190
All Pools,LUNA - USDC.e,0.3,False,18.16,644.73,0.04541,2.57,1784032190
All Pools,SECOND - USDC,0.3,False,17.25,6962.97,0.04312,0.23,1784032190
All Pools,SECOND - AVAX,0.3,False,17.24,1437.95,0.04309,1.09,1784032190
All Pools,MIM - USDC.e,0.3,False,16.68,773.71,0.0417,1.97,1784032190
All Pools,FITFI - AVAX,0.3,False,16.6,13.14,0.04151,115.33,1784032190
All Pools,ISA - USDC.e,0.3,False,16.54,1428.12,0.04135,1.06,1784032190
All Pools,ISA - AVAX,0.3,False,16.33,16659.0,0.04082,0.09,1784032190
All Pools,TECH - AVAX,0.3,False,16.1,9605.02,0.04026,0.15,1784032190
All Pools,YAK - USDC,0.25,False,15.97,38.74,0.05264,49.6,1784032190
All Pools,RGOGLZ - USDC,0.3,False,15.01,1314.8,0.03754,1.04,1784032190
All Pools,AVAX - FRAX,0.3,False,13.57,670.69,0.03393,1.85,1784032190
All Pools,WETH.e - USDC,0.15,False,13.51,8995.99,0.02039,0.08,1784032190
All Pools,HUSKY - AVAX,0.3,False,13.25,2035.54,0.03313,0.59,1784032190
All Pools,AVAX - GEC,0.3,False,12.87,26873.0,0.03218,0.04,1784032190
All Pools,PNG - AVAX,0.3,False,12.3,789.13,0.03075,1.42,1784032190
All Pools,sAVAX - JACK,0.3,False,11.61,273376.0,0.02903,0.0,1784032190
All Pools,APIX - LAMBO,0.3,False,11.34,436.85,0.02835,2.37,1784032190
All Pools,DCAU - USDT.e,0.3,False,10.87,5012.67,0.02718,0.2,1784032190
All Pools,DCAU - AVAX,0.3,False,10.31,1005.56,0.02579,0.94,1784032190
All Pools,BEAM - AVAX,0.3,False,10.06,373.4,0.02514,2.46,1784032190
All Pools,YAK - USDC.e,0.3,False,9.876,220.87,0.02469,4.08,1784032190
All Pools,3QF - D - AVAX,0.3,False,9.54,1296.49,0.02385,0.67,1784032190
All Pools,3QF - D - WETH.e,0.3,False,9.507,2394.76,0.02377,0.36,1784032190
All Pools,Psychic - XAUt0,0.3,False,9.309,5753.6,0.02327,0.15,1784032190
All Pools,MIM - WETH.e,0.3,False,9.298,495.43,0.02324,1.71,1784032190
All Pools,MEAT - AVAX,0.3,False,9.141,3694.16,0.02285,0.23,1784032190
All Pools,EGG - AVAX,0.3,False,7.832,16399.0,0.01958,0.04,1784032190
All Pools,SHRAP - DOMI,0.3,False,7.491,171.92,0.01873,3.98,1784032190
All Pools,BTC.b - TOPIA,0.3,False,6.76,444.68,0.0169,1.39,1784032190
All Pools,BLSEYE🎯 - ARENA,0.3,False,6.753,858.74,0.01688,0.72,1784032190
All Pools,USDt - USDT.e,0.3,False,6.334,20421.0,0.01583,0.03,1784032190
All Pools,HATCHY - AVAX,0.3,False,5.838,6527.79,0.01459,0.08,1784032190
All Pools,TRESR - AVAX,0.3,False,5.726,7794.67,0.01431,0.07,1784032190
All Pools,PTOP500 - TOPIA,0.3,False,5.467,107.16,0.01367,4.66,1784032190
All Pools,ORNG - FLUX,0.3,False,5.459,106.64,0.01365,4.67,1784032190
All Pools,YOU - ORNG,0.3,False,5.339,1329.13,0.01335,0.37,1784032190
All Pools,AVAX - HON,0.3,False,5.223,49477.0,0.01306,0.01,1784032190
All Pools,AVAX - ELK,0.3,False,5.149,1292.34,0.01287,0.36,1784032190
All Pools,Psychic - BLACK,0.3,False,4.885,261.59,0.01221,1.7,1784032190
All Pools,avUSD - sAVAX,0.3,False,4.876,223.86,0.01219,1.99,1784032190
All Pools,LINK.e - USDT.e,0.3,False,4.805,219.02,0.01201,2.0,1784032190
All Pools,GURS - AVAX,0.3,False,4.649,5431.54,0.01162,0.08,1784032190
All Pools,MUON - AVAX,0.3,False,4.563,40162.0,0.01141,0.01,1784032190
All Pools,YEEHAW - BTC.b,0.3,False,4.477,49.09,0.01119,8.32,1784032190
All Pools,gOHM - SB,0.3,False,4.421,16.61,0.01105,24.29,1784032190
All Pools,BLSEYE🎯 - MEOW,0.3,False,4.141,822.63,0.01035,0.46,1784032190
All Pools,MYST - AVAX,0.3,False,4.12,646.48,0.0103,0.58,1784032190
All Pools,FLOT - AVAX,0.3,False,4.108,2898.86,0.01027,0.13,1784032190
All Pools,XROSS - ORNG,0.3,False,3.873,229.29,0.00968,1.54,1784032190
All Pools,Now - BLACK,0.3,False,3.767,238.43,0.00942,1.44,1784032190
All Pools,DATCM - ORNG,0.3,False,3.71,227.87,0.00927,1.49,1784032190
All Pools,AVAX - PEFI,0.3,False,3.669,3216.72,0.00917,0.1,1784032190
All Pools,AVAX - AKITA,0.3,False,3.641,1749.14,0.0091,0.19,1784032190
All Pools,LINK.e - USDC.e,0.3,False,3.49,182.01,0.00872,1.75,1784032190
All Pools,ACS - AVAX,0.3,False,3.485,166.54,0.00871,1.91,1784032190
All Pools,USV - DAI.e,0.3,False,3.41,3947.23,0.00852,0.08,1784032190
All Pools,AVAX - BGR,0.3,False,3.314,176.56,0.00828,1.71,1784032190
All Pools,LUNA - USDC.e,0.3,False,3.223,334.95,0.00806,0.88,1784032190
All Pools,REDWOLF - SOL,0.3,False,3.21,57.41,0.00802,5.1,1784032190
All Pools,AVAX - EROL,0,False,3.124,37.73,0.0,0.0,1784032190
All Pools,UST - USDC,0.3,False,3.099,430.14,0.00775,0.66,1784032190
All Pools,ZRO - AVAX,0.3,False,2.986,133.38,0.00746,2.04,1784032190
All Pools,REDWOLF - USDC,0.3,False,2.97,185.51,0.00743,1.46,1784032190
All Pools,MYST - USDC,0.3,False,2.916,217.23,0.00729,1.22,1784032190
All Pools,ORNG - SAI,0.3,False,2.871,102.54,0.00718,2.55,1784032190
All Pools,SWIFT - AVAX,0.3,False,2.79,231.04,0.00697,1.1,1784032190
All Pools,USDC.e - MU,0.3,False,2.778,13143.0,0.00694,0.02,1784032190
All Pools,REDWOLF - AVAX,0.3,False,2.757,384.18,0.00689,0.65,1784032190
All Pools,BLUB - AVAX,0.3,False,2.734,11687.0,0.00683,0.02,1784032190
All Pools,SWIFT - WETH.e,0.3,False,2.669,1274.28,0.00667,0.19,1784032190
All Pools,AVAX - FRAX,0.3,False,2.62,226.05,0.00655,1.06,1784032190
All Pools,ORNG - MOOM,0.3,False,2.59,182.84,0.00647,1.29,1784032190
All Pools,SWIFT - USDC.e,0.3,False,2.497,479.77,0.00624,0.47,1784032190
All Pools,TOPIA - PTOP600,0.3,False,2.363,119.92,0.00591,1.8,1784032190
All Pools,Now - AVAX,0.3,False,2.268,189.76,0.00567,1.09,1784032190
All Pools,USDC.e - SOL,0.3,False,2.248,35.3,0.00562,5.81,1784032190
All Pools,DPS - USDC,0.3,False,2.085,1799.28,0.00521,0.11,1784032190
All Pools,DPS - AVAX,0.3,False,2.084,180.74,0.00521,1.05,1784032190
All Pools,VPND - AVAX,0.3,False,2.069,17879.0,0.00517,0.01,1784032190
All Pools,APOW - AVAX,0.3,False,2.03,613.69,0.00508,0.3,1784032190
All Pools,YUSD - AVAX,0.3,False,2.019,115.82,0.00505,1.59,1784032190
All Pools,BNZ - AVAX,0.3,False,2.004,147.62,0.00501,1.24,1784032190
All Pools,KINGSHIT - AVAX,0.3,False,2.001,3544.38,0.005,0.05,1784032190
All Pools,BLSEYE🎯 - BEAM,0.3,False,1.991,268.12,0.00498,0.68,1784032190
All Pools,WETH - USDC.e,0.3,False,1.988,200.27,0.00497,0.91,1784032190
All Pools,JOE - USDT,0.3,False,1.892,279.99,0.00473,0.62,1784032190
All Pools,USDC - MXNB,0.3,False,1.858,17.45,0.00465,9.71,1784032190
All Pools,UST - USDC.e,0.3,False,1.79,671.92,0.00448,0.24,1784032190
All Pools,BETS - AVAX,0.3,False,1.768,12.44,0.00442,12.97,1784032190
All Pools,AVAX - SOCK,0.3,False,1.703,2378.01,0.00426,0.07,1784032190
All Pools,USDC - SOCK,0.3,False,1.701,415.08,0.00425,0.37,1784032190
All Pools,AVAX - NaughtiusMaximus,0.3,False,1.69,330.56,0.00422,0.47,1784032190
All Pools,AVAX - ONION,0.3,False,1.688,146.49,0.00422,1.05,1784032190
All Pools,YEEHAW - TOPIA,0.3,False,1.652,108.65,0.00413,1.39,1784032190
All Pools,AVAX - TIME,0.3,False,1.568,561.07,0.00392,0.25,1784032190
All Pools,ORNG - JUCI,0.3,False,1.541,236.67,0.00385,0.59,1784032190
All Pools,BTC.b - oXAUT,0.3,False,1.523,309.47,0.00381,0.45,1784032190
All Pools,oXAUT - AVAX,0.3,False,1.522,404.59,0.0038,0.34,1784032190
All Pools,XAUt0 - NaughtiusMaximus,0.3,False,1.481,874.73,0.0037,0.15,1784032190
All Pools,WETH.e - ONION,0.3,False,1.48,229.67,0.0037,0.59,1784032190
All Pools,HOST - DAI.e,0.3,False,1.446,2517.29,0.00361,0.05,1784032190
All Pools,gOHM - wsOHM,0.3,False,1.443,17.28,0.00361,7.62,1784032190
All Pools,MIM - wsOHM,0.3,False,1.437,180.22,0.00359,0.73,1784032190
All Pools,MAGICK - USDC,0.3,False,1.365,226.39,0.00341,0.55,1784032190
All Pools,MAGICK - AVAX,0.3,False,1.364,280.49,0.00341,0.44,1784032190
All Pools,PNG - JOE,0.3,False,1.344,115.14,0.00336,1.07,1784032190
All Pools,AVAX - IMPACT2,0.3,False,1.335,138.82,0.00334,0.88,1784032190
All Pools,USDT.e - CLY,0.3,False,1.327,181.82,0.00332,0.67,1784032190
All Pools,AVAX - CLY,0.3,False,1.326,21927.0,0.00331,0.01,1784032190
All Pools,USDC.e - AVVO,0.3,False,1.317,225.21,0.00329,0.53,1784032190
All Pools,LF - AVAX,0.3,False,1.315,282.54,0.00329,0.42,1784032190
All Pools,XAUt0 - Now,0.3,False,1.311,563.31,0.00328,0.21,1784032190
All Pools,MIM - LF,0.3,False,1.291,398.11,0.00323,0.3,1784032190
All Pools,BANKSY - USDT.e,0.3,False,1.268,1530.06,0.00317,0.08,1784032190
All Pools,BANKSY - AVAX,0.3,False,1.266,143.22,0.00316,0.81,1784032190
All Pools,GB - USDT.e,0.3,False,1.234,22.31,0.00308,5.05,1784032190
All Pools,HUSKY - JOE,0.3,False,1.209,91.85,0.00302,1.2,1784032190
All Pools,AAVE.e - REDWOLF,0.3,False,1.2,150.84,0.003,0.73,1784032190
All Pools,WETH.e - USDT.e,0.3,False,1.182,147.48,0.00295,0.73,1784032190
All Pools,APOW - USDC,0.3,False,1.181,114.45,0.00295,0.94,1784032190
All Pools,BEAR - AVAX,0.3,False,1.176,5039.71,0.00294,0.02,1784032190
All Pools,USDC.e - WXT,0.3,False,1.165,193.84,0.00291,0.55,1784032190
All Pools,AVAX - mYAK,0.3,False,1.074,49.63,0.00269,1.98,1784032190
All Pools,AVAX - ChristMark,0.3,False,1.074,266.62,0.00268,0.37,1784032190
All Pools,PTOP700 - TOPIA,0.3,False,1.069,103.19,0.00267,0.95,1784032190
All Pools,AVAX - USDT,0.3,False,1.03,1705.09,0.00258,0.06,1784032190
All Pools,WOLF - AVAX,0.3,False,1.018,27273.0,0.00255,0.0,1784032190
All Pools,MIM - USDC,0.3,False,0.99486,29.8,0.00249,3.05,1784032190
All Pools,DCAU - MIM,0.3,False,0.97814,113.14,0.00245,0.79,1784032190
All Pools,AVAX - ARENA,0.3,False,0.97262,57.53,0.00243,1.54,1784032190
All Pools,LUEEGI - AVAX,0.3,False,0.95956,1004.55,0.0024,0.09,1784032190
All Pools,SMRTr - USDC.e,0.3,False,0.94624,105.25,0.00237,0.82,1784032190
All Pools,SMRTr - AVAX,0.3,False,0.94587,25786.0,0.00236,0.0,1784032190
All Pools,XAUt0 - ChristMark,0.3,False,0.93884,576.38,0.00235,0.15,1784032190
All Pools,DCAU - USDC,0.3,False,0.92955,143.23,0.00232,0.59,1784032190
All Pools,WETH.e - REDWOLF,0.3,False,0.91219,81.84,0.00228,1.02,1784032190
All Pools,AVAX - AVVO,0.3,False,0.89573,228.84,0.00224,0.36,1784032190
All Pools,GB - MUG,0.3,False,0.87807,17.5,0.0022,4.58,1784032190
All Pools,USDC.e - ONION,0.3,False,0.87212,368.25,0.00218,0.22,1784032190
All Pools,USDC - SDOG,0.3,False,0.86721,365.4,0.00217,0.22,1784032190
All Pools,USDT.e - ONION,0.3,False,0.86033,737.12,0.00215,0.11,1784032190
All Pools,APOW - USDt,0.3,False,0.85106,114.12,0.00213,0.68,1784032190
All Pools,KIWI - USDC,0.3,False,0.84958,299.34,0.00212,0.26,1784032190
All Pools,KIWI - AVAX,0.3,False,0.84907,94.21,0.00212,0.82,1784032190
All Pools,MIM - SDOG,0.3,False,0.84783,91.77,0.00212,0.84,1784032190
All Pools,LUNA - AVAX,0.3,False,0.83908,123.44,0.0021,0.62,1784032190
All Pools,Trinity - AVAX,0.3,False,0.83203,726.29,0.00208,0.1,1784032190
All Pools,MIM - MU,0.3,False,0.82453,95.36,0.00206,0.79,1784032190
All Pools,DREGG - USDT.e,0.3,False,0.82386,516.1,0.00206,0.15,1784032190
All Pools,DREGG - AVAX,0.3,False,0.82279,146.19,0.00206,0.51,1784032190
All Pools,WOO.e - AVAX,0.3,False,0.81848,64.03,0.00205,1.17,1784032190
All Pools,Trinity - Psychic,0.3,False,0.8089,399.61,0.00202,0.18,1784032190
All Pools,Gravity - AVAX,0.3,False,0.7869,239.39,0.00197,0.3,1784032190
All Pools,HOWDY - USDt,0.3,False,0.78208,173.54,0.00196,0.41,1784032190
All Pools,WBTC.e - USDT.e,0.3,False,0.75992,154.71,0.0019,0.45,1784032190
All Pools,FXS - AVAX,0.3,False,0.75336,286.21,0.00188,0.24,1784032190
All Pools,DZHV - AVAX,0.3,False,0.73006,10269.0,0.00183,0.01,1784032190
All Pools,AVAX - EROL,0.3,False,0.72827,20.22,0.00182,3.29,1784032190
All Pools,WBTC.e - ONION,0.3,False,0.71939,347.52,0.0018,0.19,1784032190
All Pools,XAUt0 - Gravity,0.3,False,0.71449,314.25,0.00179,0.21,1784032190
All Pools,KRW - AVAX,0.3,False,0.68985,311.47,0.00172,0.2,1784032190
All Pools,JOE - KRW,0.3,False,0.68912,146.5,0.00172,0.43,1784032190
All Pools,BTC.b - IMPACT2,0.3,False,0.68614,1289.83,0.00172,0.05,1784032190
All Pools,DAI.e - ONION,0.3,False,0.66264,328.89,0.00166,0.18,1784032190
All Pools,AVAX - rsAVAX,0.3,False,0.65862,160.79,0.00165,0.37,1784032190
All Pools,AVAX - MU,0.3,False,0.65626,73.47,0.00164,0.82,1784032190
All Pools,LINDA - AVAX,0.3,False,0.63571,1556.34,0.00159,0.04,1784032190
All Pools,Val - AVAX,0.3,False,0.6325,243.06,0.00158,0.24,1784032190
All Pools,SYN - REDWOLF,0.3,False,0.6307,5.375,0.00158,10.71,1784032190
All Pools,AVAX - SMRT,0.3,False,0.62526,1636.42,0.00156,0.03,1784032190
All Pools,USDT.e - SMRT,0.3,False,0.61223,88.81,0.00153,0.63,1784032190
All Pools,AVAX - MUG,0.3,False,0.61146,248.26,0.00153,0.22,1784032190
All Pools,HOST - AVAX,0.3,False,0.60365,89.01,0.00151,0.62,1784032190
All Pools,BLS - USDt,0.3,False,0.60178,128.59,0.0015,0.43,1784032190
All Pools,MIM - PEFI,0.3,False,0.56306,67.05,0.00141,0.77,1784032190
All Pools,FTOMB - AVAX,0.3,False,0.55985,6676.81,0.0014,0.01,1784032190
All Pools,Psychic - Now,0.3,False,0.5499,467.64,0.00137,0.11,1784032190
All Pools,BUSD - AVAX,0.3,False,0.54415,335.37,0.00136,0.15,1784032190
All Pools,BTC.b - REDWOLF,0.3,False,0.52907,97.24,0.00132,0.5,1784032190
All Pools,UNI.e - REDWOLF,0.3,False,0.51323,10.98,0.00128,4.26,1784032190
All Pools,YEEHAW - CHAMP,0.3,False,0.49376,921.72,0.00123,0.05,1784032190
All Pools,SYMBIOT - AVAX,0.3,False,0.48997,75.22,0.00122,0.59,1784032190
All Pools,MAXI - DAI.e,0.3,False,0.48556,224.6,0.00121,0.2,1784032190
All Pools,ZUBAX - USDT.e,0.3,False,0.48463,172.74,0.00121,0.26,1784032190
All Pools,NOCHILL - OX,0.3,False,0.48263,13295.0,0.00121,0.0,1784032190
All Pools,Hopi - Now,0.3,False,0.47567,510.26,0.00119,0.09,1784032190
All Pools,Hopi - AVAX,0.3,False,0.47566,154.18,0.00119,0.28,1784032190
All Pools,sifu - DAI.e,0.3,False,0.46831,3.873,0.00117,11.03,1784032190
All Pools,YEEHAW - AVAX,0.3,False,0.46078,11.59,0.00115,3.63,1784032190
All Pools,SYMBIOT - DAI.e,0.3,False,0.45915,446.19,0.00115,0.09,1784032190
All Pools,MIM - WINE,0.3,False,0.44687,172.9,0.00112,0.24,1784032190
All Pools,Gladiator - USDC,0.3,False,0.44558,269.07,0.00111,0.15,1784032190
All Pools,Gladiator - ARENA,0.3,False,0.44128,338.53,0.0011,0.12,1784032190
All Pools,GENI - USDC,0.3,False,0.43956,1183.19,0.0011,0.03,1784032190
All Pools,GENI - AVAX,0.3,False,0.43913,50.04,0.0011,0.8,1784032190
All Pools,MIM - GRAPE,0.3,False,0.43814,119.39,0.0011,0.33,1784032190
All Pools,sifu - USDT.e,0.3,False,0.42542,10.25,0.00106,3.79,1784032190
All Pools,USDt - IMPACT2,0.3,False,0.42348,69.75,0.00106,0.55,1784032190
All Pools,AVAX - ZUBAX,0.3,False,0.42347,91.94,0.00106,0.42,1784032190
All Pools,COQ - OSAK,0.3,False,0.41851,17.14,0.00105,2.23,1784032190
All Pools,JOE - EXP,0.3,False,0.40096,10313460.0,0.001,,1784032190
All Pools,SHOE - AMI,0.3,False,0.39999,0.22548,,161.87,1784032190
All Pools,KALM - USDC,0.3,False,0.3967,77.34,,0.47,1784032190
All Pools,KALM - AVAX,0.3,False,0.39631,97.02,,0.37,1784032190
All Pools,AMI - TOPIA,0.3,False,0.39485,148.91,,0.24,1784032190
All Pools,HOWDY - ARENA,0.3,False,0.39461,38.03,,0.95,1784032190
All Pools,WBTC - AVAX,0.3,False,0.39321,30.55,,1.17,1784032190
All Pools,HUSKY - AMI,0.3,False,0.3905,42.1,,0.85,1784032190
All Pools,50 - USDC,0.3,False,0.37897,112.25,,0.31,1784032190
All Pools,50 - AVAX,0.3,False,0.37868,59.78,,0.58,1784032190
All Pools,COQ - OX,0.3,False,0.36549,13967.0,,0.0,1784032190
All Pools,AVAX - KONG,0.3,False,0.35113,5474.54,,0.01,1784032190
All Pools,SYN - USDC.e,0.3,False,0.34764,2.764,,11.48,1784032190
All Pools,TSD - AVAX,0.3,False,0.34595,178.96,,0.18,1784032190
All Pools,MU - DAI.e,0.3,False,0.34519,234.51,,0.13,1784032190
All Pools,Void - Now,0.3,False,0.33564,643.5,,0.05,1784032190
All Pools,Void - AVAX,0.3,False,0.33547,61.87,,0.49,1784032190
All Pools,GUN - AMI,0.3,False,0.33208,8.512,,3.56,1784032190
All Pools,LUNA - AVAX,0.3,False,0.33017,13.76,,2.19,1784032190
All Pools,AftermathsKobe - AVAX,0.3,False,0.32428,212.87,,0.14,1784032190
All Pools,Psychic - AftermathsKobe,0.3,False,0.32347,245.54,,0.12,1784032190
All Pools,STATIK - AVAX,0.3,False,0.31863,31.08,,0.94,1784032190
All Pools,BOI - MU,0.3,False,0.30512,0.74414,,37.42,1784032190
All Pools,MerryXmas - AVAX,0.3,False,0.30248,194.93,,0.14,1784032190
All Pools,Psychic - MerryXmas,0.3,False,0.30159,224.22,,0.12,1784032190
All Pools,AVAX - KET,0.3,False,0.30077,22.78,,1.2,1784032190
All Pools,LAMA - AVAX,0.3,False,0.29698,8290.56,,0.0,1784032190
All Pools,AVAX - aXEN,0.3,False,0.29525,167.45,,0.16,1784032190
All Pools,$Crazy - AVAX,0.3,False,0.29379,739.85,,0.04,1784032190
All Pools,MM - USDC,0.3,False,0.28454,49.87,,0.52,1784032190
All Pools,MM - AVAX,0.3,False,0.28415,66.88,,0.39,1784032190
All Pools,gOHM - JOE,0.3,False,0.28342,3.147,,8.22,1784032190
All Pools,AVAX - Teste,0.3,False,0.28338,62.22,,0.42,1784032190
All Pools,Now - Teste,0.3,False,0.2833,641.0,,0.04,1784032190
All Pools,CHAMP - AMI,0.3,False,0.28229,25.35,,1.02,1784032190
All Pools,Silver - AVAX,0.3,False,0.27729,61.79,,0.41,1784032190
All Pools,Silver - Now,0.3,False,0.2765,639.89,,0.04,1784032190
All Pools,NeatestQuackery - AVAX,0.3,False,0.2689,211.35,,0.12,1784032190
All Pools,Psychic - NeatestQuackery,0.3,False,0.26818,244.12,,0.1,1784032190
All Pools,MIM - DAI.e,0.3,False,0.2665,19.66,,1.24,1784032190
All Pools,LINK.e - REDWOLF,0.3,False,0.26271,68.83,,0.35,1784032190
All Pools,JEWEL - USDC,0.3,False,0.25911,3840.9,,0.01,1784032190
All Pools,BrideOfChrist - BLACK,0.3,False,0.25481,17.71,,1.31,1784032190
All Pools,ArniStitch - AVAX,0.3,False,0.25382,211.44,,0.11,1784032190
All Pools,Psychic - ArniStitch,0.3,False,0.25312,243.91,,0.09,1784032190
All Pools,CQK - USDC,0.3,False,0.24993,30.93,,0.74,1784032190
All Pools,CQK - AVAX,0.3,False,0.24963,96.98,,0.23,1784032190
All Pools,Chemistry - AVAX,0.3,False,0.24834,62.79,,0.36,1784032190
All Pools,Chemistry - Now,0.3,False,0.24832,637.91,,0.04,1784032190
All Pools,COQ - NOCHILL,0.3,False,0.24598,8.012,,2.8,1784032190
All Pools,sAVAX - COQ,0.3,False,0.24462,60.4,,0.37,1784032190
All Pools,agEUR - USDC,0.3,False,0.24441,59.79,,0.37,1784032190
All Pools,COQ - JUICE,0.3,False,0.2434,25.87,,0.86,1784032190
All Pools,AVAX - TheGospelOfMary,0.3,False,0.24151,116.72,,0.19,1784032190
All Pools,MaryMagdalene - TheGospelOfMary,0.3,False,0.24129,213.97,,0.1,1784032190
All Pools,MaryMagdalene - XAUt0,0.3,False,0.24047,1649.62,,0.01,1784032190
All Pools,NOCHILL - KET,0.3,False,0.23847,8.128,,2.68,1784032190
All Pools,USDC - SHRAP,0.3,False,0.23195,22.2,,0.95,1784032190
All Pools,GATOR - ARENA,0.3,False,0.22805,1.522,,13.67,1784032190
All Pools,AVAX - All,0.3,False,0.22698,212.91,,0.1,1784032190
All Pools,Psychic - All,0.3,False,0.2263,243.83,,0.08,1784032190
All Pools,DFIAT - AVAX,0.3,False,0.22472,6016.78,,0.0,1784032190
All Pools,AVAX - RedFolder,0.3,False,0.22446,211.84,,0.1,1784032190
All Pools,Psychic - RedFolder,0.3,False,0.22379,243.83,,0.08,1784032190
All Pools,TRYB - USDC.e,0.3,False,0.2186,31.89,,0.63,1784032190
All Pools,AVAX - Seventeen,0.3,False,0.21488,207.1,,0.09,1784032190
All Pools,NaughtiusMaximus - Seventeen,0.3,False,0.21427,679.52,,0.03,1784032190
All Pools,MIAOW - AVAX,0.3,False,0.21406,886.52,,0.02,1784032190
All Pools,CHAMP - ARENA,0.3,False,0.21211,13.1,,1.48,1784032190
All Pools,AVAX - BlackAndGold,0.3,False,0.21101,212.71,,0.09,1784032190
All Pools,Christmas - AVAX,0.3,False,0.21073,179.66,,0.11,1784032190
All Pools,Psychic - BlackAndGold,0.3,False,0.2103,243.76,,0.08,1784032190
All Pools,AVAX - Wej,0.3,False,0.21029,211.92,,0.09,1784032190
All Pools,Psychic - Wej,0.3,False,0.20959,243.72,,0.08,1784032190
All Pools,USDT.e - MU,0.3,False,0.2094,249.54,,0.08,1784032190
All Pools,USDC - GAU,0.3,False,0.20898,836.31,,0.02,1784032190
All Pools,IMPACT2 - EURC,0.3,False,0.20487,41.6,,0.45,1784032190
All Pools,Serpentarius - AVAX,0.3,False,0.20212,215.31,,0.09,1784032190
All Pools,Psychic - Serpentarius,0.3,False,0.20147,247.45,,0.07,1784032190
All Pools,SYN - USDT.e,0.3,False,0.19994,1.474,,12.38,1784032190
All Pools,USDC - USD+,0.3,False,0.19885,28.15,,0.64,1784032190
All Pools,Ducks - AVAX,0.3,False,0.19793,211.49,,0.09,1784032190
All Pools,Psychic - Ducks,0.3,False,0.1973,243.97,,0.07,1784032190
All Pools,CommieSukey - AVAX,0.3,False,0.19719,211.85,,0.08,1784032190
All Pools,Psychic - CommieSukey,0.3,False,0.19639,243.65,,0.07,1784032190
All Pools,wsOHM - USDC.e,0.3,False,0.19375,18.28,,0.97,1784032190
All Pools,bCASH - NOCHILL,0.3,False,0.19361,12.21,,1.45,1784032190
All Pools,USDC.e - DAI.e,0.3,False,0.19209,22151.0,,,1784032190
All Pools,USDC.e - WISE,0.3,False,0.1914,41.46,,0.42,1784032190
All Pools,WETH.e - yyAVAX,0.3,False,0.19135,14.21,,1.23,1784032190
All Pools,AVAX - WISE,0.3,False,0.19109,59.59,,0.29,1784032190
All Pools,AVAX - Prometheus,0.3,False,0.18546,206.43,,0.08,1784032190
All Pools,BOI - AMI,0.3,False,0.18505,0.47785,,35.34,1784032190
All Pools,Psychic - Prometheus,0.3,False,0.18488,237.1,,0.07,1784032190
All Pools,Meaning - AVAX,0.3,False,0.18343,330.06,,0.05,1784032190
All Pools,Psychic - Meaning,0.3,False,0.18292,238.45,,0.07,1784032190
All Pools,USDC - yyAVAX,0.3,False,0.17763,11.97,,1.35,1784032190
All Pools,WETH.e - USDC,0.3,False,0.17568,20.09,,0.8,1784032190
All Pools,Xmas - AVAX,0.3,False,0.17543,198.66,,0.08,1784032190
All Pools,STG - L - Swing,0.3,False,0.1752,16.09,,0.99,1784032190
All Pools,Psychic - Xmas,0.3,False,0.17488,228.63,,0.07,1784032190
All Pools,wsOHM - AVAX,0.3,False,0.17372,8.033,,1.97,1784032190
All Pools,AVAX - SNOB,0.3,False,0.16798,748.7,,0.02,1784032190
All Pools,SOL - USDC,0.3,False,0.16792,20.81,,0.74,1784032190
All Pools,L - Swing - aXEN,0.3,False,0.15854,51.97,,0.28,1784032190
All Pools,SPC - DAI.e,0.3,False,0.15703,19.32,,0.74,1784032190
All Pools,BRO - AVAX,0.3,False,0.15614,99610.0,,,1784032190
All Pools,BRO - COQ,0.3,False,0.15591,133.95,,0.11,1784032190
All Pools,SYN - WETH.e,0.3,False,0.15571,1.343,,10.58,1784032190
All Pools,ABC - AMI,0.3,False,0.15123,2.275,,6.07,1784032190
All Pools,meGNX - AVAX,0.3,False,0.15106,12.91,,1.07,1784032190
All Pools,WETH.e - SURE,0.3,False,0.15091,841.89,,0.02,1784032190
All Pools,DogL - AVAX,0.3,False,0.1505,212.7,,0.06,1784032190
All Pools,Psychic - DogL,0.3,False,0.15007,243.79,,0.06,1784032190
All Pools,AVAX - Propriety,0.3,False,0.14842,63.4,,0.21,1784032190
All Pools,Now - Propriety,0.3,False,0.14819,646.22,,0.02,1784032190
All Pools,DFIAT - USDT.e,0.3,False,0.14595,26.91,,0.49,1784032190
All Pools,AVVO - DAI.e,0.3,False,0.14549,34.67,,0.38,1784032190
All Pools,Vaccine - AVAX,0.3,False,0.14417,62.44,,0.21,1784032190
All Pools,Vaccine - Now,0.3,False,0.14404,640.07,,0.02,1784032190
All Pools,USDC - CHAM,0.3,False,0.14278,46.53,,0.28,1784032190
All Pools,AVAX - CHAM,0.3,False,0.14261,25.7,,0.51,1784032190
All Pools,AVAX - BENJI,0.3,False,0.14182,4.744,,2.73,1784032190
All Pools,USDT.e - EXP,0.3,False,0.14162,45046109.0,,,1784032190
All Pools,BrideOfChrist - AVAX,0.3,False,0.14033,62.81,,0.2,1784032190
All Pools,GLOBA - AVAX,0.3,False,0.13988,39.62,,0.32,1784032190
All Pools,AVAX - BLACK,0.3,False,0.13793,3.304,,3.81,1784032190
All Pools,Yellow - AVAX,0.3,False,0.1377,187.99,,0.07,1784032190
All Pools,WTHT - SNOB,0.3,False,0.1327,1.253,,9.67,1784032190
All Pools,NOCHILL - AMI,0.3,False,0.13194,3.092,,3.89,1784032190
All Pools,GLOBA - DAI.e,0.3,False,0.13124,47.09,,0.25,1784032190
All Pools,Anon - AVAX,0.3,False,0.13043,7.755,,1.53,1784032190
All Pools,USDt - RUX,0.3,False,0.13017,15961.0,,,1784032190
All Pools,RUX - AVAX,0.3,False,0.12994,25.39,,0.47,1784032190
All Pools,Matter - AVAX,0.3,False,0.12747,56.76,,0.2,1784032190
All Pools,Matter - Now,0.3,False,0.1271,583.8,,0.02,1784032190
All Pools,AVAX - Sinterklaas,0.3,False,0.12461,100.42,,0.11,1784032190
All Pools,aAvaWAVAX - meGNX,0.3,False,0.12436,2.964,,3.83,1784032190
All Pools,Psychic - Sinterklaas,0.3,False,0.12421,239.98,,0.05,1784032190
All Pools,TECH - OX,0.3,False,0.12125,5914.88,,0.0,1784032190
All Pools,ACS - USDC.e,0.3,False,0.11994,5.082,,2.15,1784032190
All Pools,SLUSH - USDT.e,0.3,False,0.11945,55.09,,0.2,1784032190
All Pools,Jjj - AVAX,0.3,False,0.11932,211.5,,0.05,1784032190
All Pools,SLUSH - AVAX,0.3,False,0.11904,45.23,,0.24,1784032190
All Pools,Psychic - Jjj,0.3,False,0.11902,243.8,,0.04,1784032190
All Pools,YEEHAW - USDC,0.3,False,0.11659,5.457,,1.95,1784032190
All Pools,USDT.e - DUO,0.3,False,0.11558,50.5,,0.21,1784032190
All Pools,AVAX - DUO,0.3,False,0.11518,52.35,,0.2,1784032190
All Pools,MaryMagdalene - AVAX,0.3,False,0.11504,171.93,,0.06,1784032190
All Pools,MaryMagdalene - BrideOfChrist,0.3,False,0.11488,90.69,,0.12,1784032190
All Pools,ALOT - USDC.e,0.3,False,0.11352,7.456,,1.39,1784032190
All Pools,Christmas - ChristMark,0.3,False,0.11248,111.82,,0.09,1784032190
All Pools,Necromancer - AVAX,0.3,False,0.11181,63.53,,0.16,1784032190
All Pools,Now - Necromancer,0.3,False,0.11156,646.26,,0.02,1784032190
All Pools,WBTC.e - REDWOLF,0.3,False,0.1104,48.06,,0.21,1784032190
All Pools,Slope - AVAX,0.3,False,0.10891,63.54,,0.16,1784032190
All Pools,Slope - Now,0.3,False,0.10864,644.98,,0.02,1784032190
All Pools,SURE - USDC.e,0.3,False,0.10839,20.75,,0.48,1784032190
All Pools,MEOW - AVAX,0.3,False,0.10828,7592.98,,0.0,1784032190
All Pools,AVAX - √Root,0.3,False,0.10826,63.63,,0.16,1784032190
All Pools,Now - √Root,0.3,False,0.1076,647.19,,0.02,1784032190
All Pools,Uncontractable - AVAX,0.3,False,0.10754,62.5,,0.16,1784032190
All Pools,Uncontractable - Now,0.3,False,0.10718,632.42,,0.02,1784032190
All Pools,MIM - VOLT,0.3,False,0.10582,14.43,,0.67,1784032190
All Pools,YAK - SPORE,0.3,False,0.10307,5.233,,1.8,1784032190
All Pools,AVAX - ZABU,0.3,False,0.09915,23.18,,0.39,1784032190
All Pools,BENIS - NOCHILL,0.3,False,0.09832,2.731,,3.29,1784032190
All Pools,Christmas - Merovingian,0.3,False,0.09786,85.67,,0.1,1784032190
All Pools,Now - Merovingian,0.3,False,0.09711,49.86,,0.18,1784032190
All Pools,AVAX - DOGGY,0.3,False,0.09516,1.928,,4.5,1784032190
All Pools,AVAX - SantaGospel,0.3,False,0.09478,95.12,,0.09,1784032190
All Pools,AVAX - Strength,0.3,False,0.0943,101.35,,0.08,1784032190
All Pools,Go - AVAX,0.3,False,0.09413,100.73,,0.09,1784032190
All Pools,Hydrogen - AVAX,0.3,False,0.09396,188.89,,0.05,1784032190
All Pools,Psychic - Strength,0.3,False,0.09392,56.26,,0.15,1784032190
All Pools,Psychic - Go,0.3,False,0.09364,55.76,,0.15,1784032190
All Pools,Psychic - Hydrogen,0.3,False,0.09363,62.29,,0.14,1784032190
All Pools,DAI.e - VOLT,0.3,False,0.09332,40.58,,0.21,1784032190
All Pools,Psychic - Yellow,0.3,False,0.09101,61.65,,0.13,1784032190
All Pools,HUSKY - MUG,0.3,False,0.09035,13.41,,0.61,1784032190
All Pools,USDt - REDWOLF,0.3,False,0.08631,13.64,,0.58,1784032190
All Pools,Psychic - SantaGospel,0.3,False,0.08551,54.89,,0.14,1784032190
All Pools,USDT.e - XAVA,0.3,False,0.08496,10.66,,0.73,1784032190
All Pools,MELT - AVAX,0.3,False,0.0845,19.82,,0.39,1784032190
All Pools,MIM - AUSD,0.3,False,0.08428,10.78,,0.71,1784032190
All Pools,WTF - AVAX,0.3,False,0.08416,513.54,,0.01,1784032190
All Pools,AVAI - AVAX,0.3,False,0.08369,19.64,,0.39,1784032190
All Pools,TOMB - USDC,0.3,False,0.08316,10.05,,0.76,1784032190
All Pools,ZRO - USDC,0.3,False,0.08296,4.479,,1.69,1784032190
All Pools,MIM - TIME,0.3,False,0.08248,25.98,,0.29,1784032190
All Pools,VEE - USDC,0.3,False,0.08171,31.19,,0.24,1784032190
All Pools,AVAXAI - USDC,0.3,False,0.08162,1532.2,,0.0,1784032190
All Pools,Gil - AVAX,0.3,False,0.07959,13.51,,0.54,1784032190
All Pools,Who - AVAX,0.3,False,0.07837,100.76,,0.07,1784032190
All Pools,Psychic - Who,0.3,False,0.07808,56.31,,0.13,1784032190
All Pools,AVAX - ELK,0.3,False,0.07787,48.18,,0.15,1784032190
All Pools,USDT.e - ZABU,0.3,False,0.07767,44.06,,0.16,1784032190
All Pools,UST - USDT.e,0.3,False,0.07754,38.19,,0.19,1784032190
All Pools,Light - AVAX,0.3,False,0.07684,63.55,,0.11,1784032190
All Pools,Light - Now,0.3,False,0.07663,646.33,,0.01,1784032190
All Pools,PAPA - AVAX,0.3,False,0.07584,10.88,,0.64,1784032190
All Pools,MIM - PAPA,0.3,False,0.07518,66.64,,0.1,1784032190
All Pools,Gil - DAI.e,0.3,False,0.07461,26.12,,0.26,1784032190
All Pools,TruthClosure - AVAX,0.3,False,0.07411,7.592,,0.89,1784032190
All Pools,TruthClosure - BLACK,0.3,False,0.07398,12.89,,0.52,1784032190
All Pools,JESUS - AVAX,0.3,False,0.07382,9.183,,0.73,1784032190
All Pools,ElvisJackpot - BLACK,0.3,False,0.07296,10.29,,0.65,1784032190
All Pools,SHOE - COQ,0.3,False,0.07269,0.04854,,136.65,1784032190
All Pools,GOLD - AVAX,0.3,False,0.07043,4.523,,1.42,1784032190
All Pools,FLAKE - USDT.e,0.3,False,0.07026,48.15,,0.13,1784032190
All Pools,FLAKE - AVAX,0.3,False,0.06998,17.0,,0.38,1784032190
All Pools,WBTC.e - USDC.e,0.3,False,0.06927,8.002,,0.79,1784032190
All Pools,WOOD - AVAX,0.3,False,0.06713,19.42,,0.32,1784032190
All Pools,USDt - MILO,0.3,False,0.06688,13.97,,0.44,1784032190
All Pools,AVAX - MILO,0.3,False,0.06674,785.26,,0.01,1784032190
All Pools,BANKSY - USDC.e,0.3,False,0.06635,29.01,,0.21,1784032190
All Pools,BANKSY - AVAX,0.3,False,0.06604,18.19,,0.33,1784032190
All Pools,SHOE - BTC.b,0.3,False,0.06563,0.7556,,7.93,1784032190
All Pools,AI9000 - AVAX,0.3,False,0.0642,214.53,,0.03,1784032190
All Pools,Ush - AVAX,0.3,False,0.06395,2072.43,,0.0,1784032190
All Pools,MU - SOL,0.3,False,0.0637,1.092,,5.32,1784032190
All Pools,MELT - USDC.e,0.3,False,0.06342,29.52,,0.2,1784032190
All Pools,NineHundred - AVAX,0.3,False,0.06145,100.64,,0.06,1784032190
All Pools,AVAX - STRAW,0.3,False,0.0614,14.17,,0.4,1784032190
All Pools,AVAX - FORT,0.3,False,0.06037,12.87,,0.43,1784032190
All Pools,NOCHILL - REDWOLF,0.3,False,0.05994,2.2,,2.49,1784032190
All Pools,MIM - FORT,0.3,False,0.0599,2690.76,,0.0,1784032190
All Pools,FITFI - USDC,0.3,False,0.05935,0.17704,,30.59,1784032190
All Pools,Psychic - NineHundred,0.3,False,0.05913,55.5,,0.1,1784032190
All Pools,USDC - aXEN,0.3,False,0.05894,9.077,,0.59,1784032190
All Pools,LIBRE - USDC.e,0.3,False,0.05867,12.25,,0.44,1784032190
All Pools,AVAX - Nala,0.3,False,0.05778,18.95,,0.28,1784032190
All Pools,DAI.e - STRAW,0.3,False,0.0576,35.77,,0.15,1784032190
All Pools,Psychic - Nala,0.3,False,0.05753,208.04,,0.03,1784032190
All Pools,DBY - AVAX,0.3,False,0.05728,7364.31,,,1784032190
All Pools,APOW - USDt,0.3,False,0.05249,21.19,,0.23,1784032190
All Pools,APOW - AVAX,0.3,False,0.05223,1307.97,,0.0,1784032190
All Pools,USDt - XPOW,0.3,False,0.05208,20.53,,0.23,1784032190
All Pools,XPOW - AVAX,0.3,False,0.05183,1307.2,,0.0,1784032190
All Pools,NOCHILL - MU,0.3,False,0.05135,1.47,,3.19,1784032190
All Pools,AVAT - USDC,0.3,False,0.05131,37.36,,0.13,1784032190
All Pools,AVAT - AVAX,0.3,False,0.05118,16.64,,0.28,1784032190
All Pools,METAG - AVAX,0.3,False,0.04915,19.5,,0.23,1784032190
All Pools,LINK.e - MU,0.3,False,0.04907,6.791,,0.66,1784032190
All Pools,XAUt0 - ElvisJackpot,0.3,False,0.04827,280.74,,0.02,1784032190
All Pools,YEEHAW - AMI,0.3,False,0.04735,2.997,,1.44,1784032190
All Pools,USDC - AMI,0.3,False,0.04715,0.49691,,8.66,1784032190
All Pools,Yellow - BLACK,0.3,False,0.04623,2.618,,1.61,1784032190
All Pools,MIM - RUG,0.3,False,0.04615,6.201,,0.68,1784032190
All Pools,UNIV - AVAX,0.3,False,0.04525,6.017,,0.69,1784032190
All Pools,gOHM - USDT.e,0.3,False,0.04501,0.64135,,6.4,1784032190
All Pools,miMatic - USDC.e,0.3,False,0.04481,24.09,,0.17,1784032190
All Pools,miMatic - AVAX,0.3,False,0.04472,31.99,,0.13,1784032190
All Pools,MIM - UNIV,0.3,False,0.04447,5.424,,0.75,1784032190
All Pools,RUG - USDT.e,0.3,False,0.04415,10.44,,0.39,1784032190
All Pools,SURE - DAI.e,0.3,False,0.0441,24.15,,0.17,1784032190
All Pools,TSD - WOLF,0.3,False,0.04292,28.13,,0.14,1784032190
All Pools,WOLF - AVAX,0.3,False,0.0429,46.09,,0.08,1784032190
All Pools,BLS - SHRAP,0.3,False,0.04259,8.378,,0.46,1784032190
All Pools,KIMBO - AMI,0.3,False,0.04114,2.318,,1.62,1784032190
All Pools,CNR - REDWOLF,0.3,False,0.04108,14.74,,0.25,1784032190
All Pools,USDt - NEMO,0.3,False,0.0409,95.8,,0.04,1784032190
All Pools,AVAX - NEMO,0.3,False,0.04075,6.493,,0.57,1784032190
All Pools,AVAX - SHRAP,0.3,False,0.04049,11.68,,0.32,1784032190
All Pools,ROCO - AVAX,0.3,False,0.04017,1329.12,,0.0,1784032190
All Pools,SHK - AVAX,0.3,False,0.04015,0.205,,17.87,1784032190
All Pools,USDC.e - WOLF,0.3,False,0.04005,7.506,,0.49,1784032190
All Pools,AVAX - BLANC,0.3,False,0.03994,7.2,,0.51,1784032190
All Pools,AVAX - WOLF,0.3,False,0.03987,53.16,,0.07,1784032190
All Pools,AVAX - GG,0.3,False,0.03977,5.205,,0.7,1784032190
All Pools,MIM - BLANC,0.3,False,0.0395,1249.35,,0.0,1784032190
All Pools,AVAI - USDC.e,0.3,False,0.03855,26.61,,0.13,1784032190
All Pools,JOE - CRA,0.3,False,0.03788,7.018,,0.49,1784032190
All Pools,SUB - USDC,0.3,False,0.03761,11.32,,0.3,1784032190
All Pools,WLRS - GRAPE,0.3,False,0.03649,8.909,,0.37,1784032190
All Pools,WLRS - USDC.e,0.3,False,0.03628,4000.57,,,1784032190
All Pools,BRUH - AVAX,0.3,False,0.03626,879.05,,0.0,1784032190
All Pools,UNIQOC - AVAX,0.3,False,0.03607,811.63,,0.0,1784032190
All Pools,UNIQOC - COQ,0.3,False,0.03596,35.21,,0.09,1784032190
All Pools,MIM - GG,0.3,False,0.03535,72.8,,0.04,1784032190
All Pools,BUSD - USDC,0.3,False,0.03482,7.346,,0.43,1784032190
All Pools,USDC.e - RUG,0.3,False,0.03369,17.55,,0.18,1784032190
All Pools,GATOR - AMI,0.3,False,0.03297,3.035,,0.99,1784032190
All Pools,SURE - AVAX,0.3,False,0.0329,5.291,,0.57,1784032190
All Pools,AVAX - GAU,0.3,False,0.03288,5.668,,0.53,1784032190
All Pools,MIM - TSNFTGM,0.3,False,0.03227,3.458,,0.85,1784032190
All Pools,NXPC - AVAX,0.3,False,0.03186,0.98993,,2.94,1784032190
All Pools,gOHM - OTWO,0.3,False,0.03185,91040.0,,,1784032190
All Pools,KLO - USDT.e,0.3,False,0.03151,5.426,,0.53,1784032190
All Pools,wsOHM - OTWO,0.3,False,0.03148,1.538,,1.87,1784032190
All Pools,COQ - AMI,0.3,False,0.0309,7.942,,0.36,1784032190
All Pools,TSNFTGM - DAI.e,0.3,False,0.02979,29.19,,0.09,1784032190
All Pools,MU - COQAI,0.3,False,0.02971,5.631,,0.48,1784032190
All Pools,bECH - AVAX,0.3,False,0.02966,16.84,,0.16,1784032190
All Pools,AVAX - CAST,0.3,False,0.02953,1371.95,,0.0,1784032190
All Pools,GAS - AVAX,0.3,False,0.02915,130.61,,0.02,1784032190
All Pools,LUNA - LUNA,0.3,False,0.02895,1.852,,1.43,1784032190
All Pools,wMEMO - AVAX,0.3,False,0.02826,6.423,,0.4,1784032190
All Pools,USDT.e - DAI.e,0.3,False,0.02809,7151.61,,,1784032190
All Pools,BTC.b - USDC,0.3,False,0.02807,4.187,,0.61,1784032190
All Pools,RUGPULL - MUG,0.3,False,0.02772,130.51,,0.02,1784032190
All Pools,METAG - USDT.e,0.3,False,0.02738,47.05,,0.05,1784032190
All Pools,JOE - ZUBAX,0.3,False,0.02714,6.456,,0.38,1784032190
All Pools,CNR - USDC,0.3,False,0.02665,4.408,,0.55,1784032190
All Pools,BENIS - AVAX,0.3,False,0.02655,10.61,,0.23,1784032190
All Pools,ARENA - AMI,0.3,False,0.02634,0.86564,,2.78,1784032190
All Pools,SLIME - USDt,0.3,False,0.0259,6.051,,0.39,1784032190
All Pools,SBR - AVAX,0.3,False,0.02582,3.775,,0.62,1784032190
All Pools,JOE - ZABU,0.3,False,0.02578,12.82,,0.18,1784032190
All Pools,SLIME - AVAX,0.3,False,0.02576,14922.0,,,1784032190
All Pools,WDAO - AVAX,0.3,False,0.02558,9.922,,0.24,1784032190
All Pools,MIM - SBR,0.3,False,0.02554,11.35,,0.21,1784032190
All Pools,WDAO - MIM,0.3,False,0.02535,5.4,,0.43,1784032190
All Pools,ElvisJackpot - Gravity,0.3,False,0.02516,14.6,,0.16,1784032190
All Pools,wMEMO - MIM,0.3,False,0.02487,4.387,,0.52,1784032190
All Pools,AMI - SQRCAT,0.3,False,0.02483,10.04,,0.23,1784032190
All Pools,AVAX - SQRCAT,0.3,False,0.02478,4210.36,,,1784032190
All Pools,BTC.b - MU,0.3,False,0.02466,9.921,,0.23,1784032190
All Pools,GG - AVAX,0.3,False,0.02416,5.708,,0.39,1784032190
All Pools,ZUM - NOCHILL,0.3,False,0.02398,0.73242,,2.99,1784032190
All Pools,BSGG - AVAX,0.3,False,0.0239,2.515,,0.87,1784032190
All Pools,MIM - GG,0.3,False,0.0239,4.926,,0.44,1784032190
All Pools,GURS - NOCHILL,0.3,False,0.02348,1.139,,1.88,1784032190
All Pools,AVAX - NADO,0.3,False,0.02336,2.577,,0.83,1784032190
All Pools,YAK - JOE,0.3,False,0.02333,0.94268,,2.26,1784032190
All Pools,DUO - USDT.e,0.3,False,0.02328,6.105,,0.35,1784032190
All Pools,MIM - NADO,0.3,False,0.02311,174.82,,0.01,1784032190
All Pools,FITFI - USDC.e,0.3,False,0.0231,0.09491,,22.21,1784032190
All Pools,MELT - USDC.e,0.3,False,0.02222,5.893,,0.34,1784032190
All Pools,MELT - AVAX,0.3,False,0.02207,798.47,,0.0,1784032190
All Pools,METAG - USDt,0.3,False,0.02194,15.32,,0.13,1784032190
All Pools,YEEHAW - ARENA,0.3,False,0.02185,0.84875,,2.35,1784032190
All Pools,MELT - USDT.e,0.3,False,0.02142,29.28,,0.07,1784032190
All Pools,LoveIsTheKey - AVAX,0.3,False,0.02083,10.33,,0.18,1784032190
All Pools,LoveIsTheKey - BLACK,0.3,False,0.0208,4.161,,0.46,1784032190
All Pools,NOCHILL - WAIFU,0.3,False,0.02035,138.22,,0.01,1784032190
All Pools,USDC.e - WMATIC,0.3,False,0.01999,16.14,,0.11,1784032190
All Pools,WINK - NOCHILL,0.3,False,0.01986,0.37977,,4.77,1784032190
All Pools,REDWOLF - WMATIC,0.3,False,0.01967,2.028,,0.88,1784032190
All Pools,AVAX - AMONKS,0.3,False,0.01953,1139.97,,0.0,1784032190
All Pools,CNR - USDt,0.3,False,0.0195,4.425,,0.4,1784032190
All Pools,REDWOLF - AMONKS,0.3,False,0.01947,5.601,,0.32,1784032190
All Pools,AVAX - BAVA,0.3,False,0.0186,8.575,,0.2,1784032190
All Pools,SOB - AVAX,0.3,False,0.0183,388.84,,0.0,1784032190
All Pools,LIFE - AVAX,0.3,False,0.01817,2.668,,0.62,1784032190
All Pools,SOB - LUNA,0.3,False,0.01799,0.80501,,2.04,1784032190
All Pools,MIM - LIFE,0.3,False,0.01795,11.19,,0.15,1784032190
All Pools,MIM - DICK,0.3,False,0.01742,2.15,,0.74,1784032190
All Pools,ICUBE - USDT.e,0.3,False,0.01738,107.19,,0.01,1784032190
All Pools,MIM - sTHO,0.3,False,0.01738,203.57,,0.01,1784032190
All Pools,DICK - AVAX,0.3,False,0.01733,6.087,,0.26,1784032190
All Pools,ICUBE - AVAX,0.3,False,0.01731,5.301,,0.3,1784032190
All Pools,SUB - AVAX,0.3,False,0.01714,14.78,,0.11,1784032190
All Pools,ACS - USDt,0.3,False,0.017,0.92088,,1.68,1784032190
All Pools,DUNEV3 - USDC.e,0.3,False,0.01688,25237.0,,,1784032190
All Pools,WINK - AVAX,0.3,False,0.01664,41.34,,0.04,1784032190
All Pools,MIM - DUNEV3,0.3,False,0.01654,53686.0,,,1784032190
All Pools,CRA - AVAX,0.3,False,0.01601,7128.91,,,1784032190
All Pools,GURS - ARENA,0.3,False,0.01599,5.246,,0.28,1784032190
All Pools,MOO - AVAX,0.3,False,0.01596,538.53,,0.0,1784032190
All Pools,gOHM - USDC.e,0.3,False,0.01586,0.32573,,4.44,1784032190
All Pools,FINANCE - NOCHILL,0.3,False,0.01577,367.91,,0.0,1784032190
All Pools,USDT.e - BOREA,0.3,False,0.01534,25.61,,0.05,1784032190
All Pools,AVAX - BOREA,0.3,False,0.01528,5.418,,0.26,1784032190
All Pools,AAVE.e - USDC.e,0.3,False,0.01497,1.282,,1.07,1784032190
All Pools,USDT.e - TMT,0.3,False,0.01474,25.43,,0.05,1784032190
All Pools,AVAX - TMT,0.3,False,0.01469,5.826,,0.23,1784032190
All Pools,AVAX - SDOG,0.3,False,0.01469,6.475,,0.21,1784032190
All Pools,Psychic - Solved,0.3,False,0.01468,47.0,,0.03,1784032190
All Pools,USDC.e - SPADE,0.3,False,0.01463,15.4,,0.09,1784032190
All Pools,AVAX - SPADE,0.3,False,0.01457,4.859,,0.27,1784032190
All Pools,Solved - BLACK,0.3,False,0.01429,1.29,,1.01,1784032190
All Pools,Psychic - Architect,0.3,False,0.01417,47.01,,0.03,1784032190
All Pools,NRK - DAI.e,0.3,False,0.01406,280.34,,0.0,1784032190
All Pools,AVAX - SPELL,0.3,False,0.01393,1931.08,,,1784032190
All Pools,SMRT - XAVA,0.3,False,0.01388,2.25,,0.56,1784032190
All Pools,MIM - SPELL,0.3,False,0.01382,2.428,,0.52,1784032190
All Pools,Architect - BLACK,0.3,False,0.01379,1.29,,0.98,1784032190
All Pools,Anon - USDC,0.3,False,0.01372,0.6688,,1.87,1784032190
All Pools,Psychic - TwinFlames,0.3,False,0.01371,47.54,,0.03,1784032190
All Pools,UST - USDC,0.3,False,0.01359,3.898,,0.32,1784032190
All Pools,Psychic - QuetzalCoatl,0.3,False,0.01359,47.01,,0.03,1784032190
All Pools,Psychic - Checkmate,0.3,False,0.01358,47.11,,0.03,1784032190
All Pools,Spider - Psychic,0.3,False,0.01354,46.97,,0.03,1784032190
All Pools,HCT - AVAX,0.3,False,0.01352,2.614,,0.47,1784032190
All Pools,Psychic - daVinci,0.3,False,0.01351,47.0,,0.03,1784032190
All Pools,Psychic - Bonfire,0.3,False,0.01347,47.0,,0.03,1784032190
All Pools,Choice - Psychic,0.3,False,0.01346,46.98,,0.03,1784032190
All Pools,BLACK - TwinFlames,0.3,False,0.01337,1.309,,0.93,1784032190
All Pools,QuetzalCoatl - BLACK,0.3,False,0.01324,1.289,,0.94,1784032190
All Pools,Checkmate - BLACK,0.3,False,0.01324,1.292,,0.93,1784032190
All Pools,Spider - BLACK,0.3,False,0.01321,1.298,,0.93,1784032190
All Pools,daVinci - BLACK,0.3,False,0.01317,1.29,,0.93,1784032190
All Pools,Bonfire - BLACK,0.3,False,0.01314,1.29,,0.93,1784032190
All Pools,Choice - BLACK,0.3,False,0.01314,1.296,,0.93,1784032190
All Pools,Psychic - Partment,0.3,False,0.01296,46.99,,0.03,1784032190
All Pools,HIGHER - AVAX,0.3,False,0.01289,1.192,,0.99,1784032190
All Pools,BLACK - Partment,0.3,False,0.01275,1.29,,0.9,1784032190
All Pools,Psychic - Sequence,0.3,False,0.01274,47.01,,0.02,1784032190
All Pools,Psychic - Crypt,0.3,False,0.01273,46.97,,0.02,1784032190
All Pools,Psychic - TheArcher,0.3,False,0.01271,47.02,,0.02,1784032190
All Pools,ChristMark - ChristIAmYou,0.3,False,0.01268,20.1,,0.06,1784032190
All Pools,Psychic - LordJesusChrist,0.3,False,0.01265,45.14,,0.03,1784032190
All Pools,MPL - USDt,0.3,False,0.01255,29.7,,0.04,1784032190
All Pools,Sequence - BLACK,0.3,False,0.01254,1.284,,0.89,1784032190
All Pools,Crypt - BLACK,0.3,False,0.01253,1.295,,0.88,1784032190
All Pools,TheArcher - BLACK,0.3,False,0.01251,1.286,,0.89,1784032190
All Pools,MPL - AVAX,0.3,False,0.01247,5.015,,0.23,1784032190
All Pools,LordJesusChrist - BLACK,0.3,False,0.01243,1.243,,0.91,1784032190
All Pools,CNR - AVAX,0.3,False,0.01242,47.0,,0.02,1784032190
All Pools,BLACK - ChristIAmYou,0.3,False,0.01242,1.308,,0.87,1784032190
All Pools,ARA - AVAX,0.3,False,0.01232,2.308,,0.49,1784032190
All Pools,WTHT - AXIAL,0.3,False,0.01226,0.28592,,3.91,1784032190
All Pools,SaintGermain - BLACK,0.3,False,0.01222,1.324,,0.84,1784032190
All Pools,BGLD - USDT.e,0.3,False,0.01211,16.37,,0.07,1784032190
All Pools,Gravity - SaintGermain,0.3,False,0.01209,17.87,,0.06,1784032190
All Pools,BGLD - AVAX,0.3,False,0.01205,3.547,,0.31,1784032190
All Pools,Psychic - BirthingCode,0.3,False,0.01203,47.02,,0.02,1784032190
All Pools,Psychic - Equal,0.3,False,0.01202,47.02,,0.02,1784032190
All Pools,Psychic - YouAndI,0.3,False,0.01202,47.01,,0.02,1784032190
All Pools,Psychic - FinityFinity,0.3,False,0.01194,47.02,,0.02,1784032190
All Pools,Psychic - Turtle,0.3,False,0.01187,47.02,,0.02,1784032190
All Pools,Psychic - Finish,0.3,False,0.01185,46.98,,0.02,1784032190
All Pools,AVAX - APE - X,0.3,False,0.01183,470.51,,0.0,1784032190
All Pools,BirthingCode - BLACK,0.3,False,0.0118,1.279,,0.84,1784032190
All Pools,Equal - BLACK,0.3,False,0.01179,1.28,,0.84,1784032190
All Pools,YouAndI - BLACK,0.3,False,0.01179,1.282,,0.84,1784032190
All Pools,Psychic - TrueStory,0.3,False,0.01179,47.02,,0.02,1784032190
All Pools,WETH.e - meGNX,0.3,False,0.01179,5.097,,0.21,1784032190
All Pools,FinityFinity - BLACK,0.3,False,0.01169,1.281,,0.83,1784032190
All Pools,Turtle - BLACK,0.3,False,0.01166,1.279,,0.83,1784032190
All Pools,Finish - BLACK,0.3,False,0.01163,1.289,,0.82,1784032190
All Pools,TrueStory - BLACK,0.3,False,0.01157,1.28,,0.82,1784032190
All Pools,TECH - AMI,0.3,False,0.01146,1.627,,0.64,1784032190
All Pools,Psychic - Gematria,0.3,False,0.01144,47.02,,0.02,1784032190
All Pools,USDC - USDT.e,0.3,False,0.01134,154.58,,0.01,1784032190
All Pools,BLACK - Gematria,0.3,False,0.01117,1.281,,0.8,1784032190
All Pools,AAVE.e - meGNX,0.3,False,0.01108,3.618,,0.28,1784032190
All Pools,AMPL - AVAX,0.3,False,0.011,203.59,,0.0,1784032190
All Pools,JOE - GB,0.3,False,0.01088,0.16431,,6.04,1784032190
All Pools,Trinity - IfYouKnowYouKnow,0.3,False,0.01075,3.269,,0.3,1784032190
All Pools,BLACK - IfYouKnowYouKnow,0.3,False,0.01047,1.277,,0.75,1784032190
All Pools,USDR - USDC,0.3,False,0.01044,39.9,,0.02,1784032190
All Pools,AVAX - USDR,0.3,False,0.01039,2.438,,0.39,1784032190
All Pools,YEEHAW - ABC,0.3,False,0.01031,0.22658,,4.15,1784032190
All Pools,aAvaLINK - AVAX,0.3,False,0.01027,7.33,,0.13,1784032190
All Pools,aAvaLINK - LINK.e,0.3,False,0.01011,1.571,,0.59,1784032190
All Pools,TEMPO - AVAX,0.3,False,0.01003,1.819,,0.5,1784032190
All Pools,WOLF - MU,0.3,False,0.00999,3.801,,0.24,1784032190
All Pools,MIM - TEMPO,0.3,False,0.00994,5.167,,0.18,1784032190
All Pools,GMX - USDC,0.3,False,0.00975,0.81657,,1.09,1784032190
All Pools,USDC - WSPP,0.3,False,0.00952,41.92,,0.02,1784032190
All Pools,AVAX - WSPP,0.3,False,0.00947,2.308,,0.37,1784032190
All Pools,HERESY - MEOW,0.3,False,0.00917,0.19212,,4.36,1784032190
All Pools,wALGO - USDC,0.3,False,0.00914,2.39,,0.35,1784032190
All Pools,wALGO - AVAX,0.3,False,0.00911,114.93,,0.01,1784032190
All Pools,NXPC - USDC,0.3,False,0.009,0.67498,,1.22,1784032190
All Pools,BLACK - SantaGospel,0.3,False,0.00899,2.588,,0.32,1784032190
All Pools,XIO - USDC,0.3,False,0.00896,23.95,,0.03,1784032190
All Pools,XIO - AVAX,0.3,False,0.00892,2.312,,0.35,1784032190
All Pools,YAK - USDT.e,0.3,False,0.00887,0.55892,,1.45,1784032190
All Pools,AVAX - WOHM,0.3,False,0.00871,1.161,,0.68,1784032190
All Pools,GURS - AMI,0.3,False,0.00867,1.247,,0.63,1784032190
All Pools,AVAX - SOL,0.3,False,0.00865,0.0657,,12.02,1784032190
All Pools,MIM - WOHM,0.3,False,0.00859,13.4,,0.06,1784032190
All Pools,USDC.e - UST,0.3,False,0.00852,1.54,,0.5,1784032190
All Pools,HH - ARENA,0.3,False,0.00847,1.655,,0.47,1784032190
All Pools,HH - AVAX,0.3,False,0.0084,237.34,,0.0,1784032190
All Pools,Gladiator - AVAX,0.3,False,0.00834,1.51,,0.5,1784032190
All Pools,NOCHILL - ARENA,0.3,False,0.00833,0.25463,,2.98,1784032190
All Pools,BTC.b - yyAVAX,0.3,False,0.00824,4.14,,0.18,1784032190
All Pools,KOKSAL - USDC,0.3,False,0.00821,4.434,,0.17,1784032190
All Pools,KOKSAL - AVAX,0.3,False,0.00817,2.755,,0.27,1784032190
All Pools,BNZ - KET,0.3,False,0.00805,2.464,,0.3,1784032190
All Pools,AVAX - LYLY,0.3,False,0.0079,50.42,,0.01,1784032190
All Pools,DUA - USDC,0.3,False,0.00789,11.42,,0.06,1784032190
All Pools,QI - LYLY,0.3,False,0.00787,1.779,,0.4,1784032190
All Pools,AVAX - DUA,0.3,False,0.00785,1.715,,0.42,1784032190
All Pools,JOE - AVE,0.3,False,0.00774,1.184,,0.6,1784032190
All Pools,BEAM - MU,0.3,False,0.00736,0.93951,,0.72,1784032190
All Pools,AVAX - EDG,0.3,False,0.0073,1.38,,0.48,1784032190
All Pools,AMI - MU,0.3,False,0.00723,1.235,,0.53,1784032190
All Pools,MIM - EDG,0.3,False,0.00722,1.574,,0.42,1784032190
All Pools,WETH.e - MU,0.3,False,0.00716,1.769,,0.37,1784032190
All Pools,ORNG - JUICE,0.3,False,0.00685,1.339,,0.47,1784032190
All Pools,HIGHER - AMI,0.3,False,0.00682,1.861,,0.33,1784032190
All Pools,GAINS - AVAX,0.3,False,0.00658,30.51,,0.02,1784032190
All Pools,GAINS - COQ,0.3,False,0.00654,1.368,,0.44,1784032190
All Pools,AVAX - VYBE,0.3,False,0.00635,1.674,,0.35,1784032190
All Pools,MIM - VYBE,0.3,False,0.00628,0.87076,,0.66,1784032190
All Pools,BIRD - AVAX,0.3,False,0.0062,0.00944,,59.97,1784032190
All Pools,LF - USDT.e,0.3,False,0.00618,0.98476,,0.57,1784032190
All Pools,COQ - ARENA,0.3,False,0.00608,0.78912,,0.7,1784032190
All Pools,HIGHER - NOCHILL,0.3,False,0.00602,0.18151,,3.02,1784032190
All Pools,CANS - AVAX,0.3,False,0.00594,7.936,,0.07,1784032190
All Pools,HEFE - CANS,0.3,False,0.00593,4.665,,0.12,1784032190
All Pools,MUMO - USDC,0.3,False,0.00592,7.944,,0.07,1784032190
All Pools,AVAX - AXIAL,0.3,False,0.00578,595.28,,,1784032190
All Pools,MIM - AFARMER,0.3,False,0.00555,3681.7,,,1784032190
All Pools,JOE - USDt,0.3,False,0.0053,0.63913,,0.76,1784032190
All Pools,MUMO - SOL,0.3,False,0.00498,0.07172,,6.34,1784032190
All Pools,GMX - USDt,0.3,False,0.00494,0.33773,,1.34,1784032190
All Pools,TEDDY - USDC,0.3,False,0.00489,0.62469,,0.71,1784032190
All Pools,QI - USDC.e,0.3,False,0.00487,0.63689,,0.7,1784032190
All Pools,AVAX - PAR,0.3,False,0.0048,1.292,,0.34,1784032190
All Pools,MIM - PAR,0.3,False,0.00473,0.47311,,0.91,1784032190
All Pools,AVAX - LODE,0.3,False,0.00423,0.82879,,0.47,1784032190
All Pools,FLOT - COQ,0.3,False,0.00422,0.48091,,0.8,1784032190
All Pools,USDC.e - GG,0.3,False,0.00414,0.37272,,1.01,1784032190
All Pools,ABC - MU,0.3,False,0.00411,0.04893,,7.67,1784032190
All Pools,BNZ - WINK,0.3,False,0.00408,0.24453,,1.52,1784032190
All Pools,MIM - YAK,0.3,False,0.00398,0.16609,,2.18,1784032190
All Pools,AVAX - ASND,0.3,False,0.00397,0.11837,,3.06,1784032190
All Pools,AVAX - MICRO,0.3,False,0.00396,18.52,,0.02,1784032190
All Pools,AMI - EROL,0.3,False,0.00394,0.30194,,1.19,1784032190
All Pools,MIM - ASND,0.3,False,0.00382,78.06,,0.0,1784032190
All Pools,ERROR - AMI,0.3,False,0.0035,1.74,,0.18,1784032190
All Pools,AVAX - WINE,0.3,False,0.00343,0.08432,,3.71,1784032190
All Pools,AVAX - MTB,0.3,False,0.00321,0.42408,,0.69,1784032190
All Pools,AVAX - DREX,0.3,False,0.00317,0.19857,,1.46,1784032190
All Pools,MIM - MTB,0.3,False,0.00315,0.44462,,0.65,1784032190
All Pools,MIM - DREX,0.3,False,0.00312,5.645,,0.05,1784032190
All Pools,PinOcchio - AVAX,0.3,False,0.00307,7.717,,0.04,1784032190
All Pools,PinOcchio - Gravity,0.3,False,0.00306,1.5,,0.19,1784032190
All Pools,SNTA - MIM,0.3,False,0.00299,0.31953,,0.85,1784032190
All Pools,GRAPE - AVAX,0.3,False,0.00298,0.09534,,2.85,1784032190
All Pools,LIFE - AVAX,0.3,False,0.00294,0.73902,,0.36,1784032190
All Pools,MIM - LIFE,0.3,False,0.00289,0.23687,,1.11,1784032190
All Pools,USDC.e - TIME,0.3,False,0.0028,0.19473,,1.31,1784032190
All Pools,DB - AVAX,0.3,False,0.00271,1.365,,0.18,1784032190
All Pools,STG - JOE,0.3,False,0.00268,0.103,,2.37,1784032190
All Pools,xJOE - AVAX,0.3,False,0.00268,1.776,,0.14,1784032190
All Pools,FAP - AVAX,0.3,False,0.00267,67.57,,0.0,1784032190
All Pools,MIM - DB,0.3,False,0.00266,0.18943,,1.28,1784032190
All Pools,xJOE - wsOHM,0.3,False,0.00263,0.17744,,1.35,1784032190
All Pools,COQ - HOWDY,0.3,False,0.00263,0.15729,,1.52,1784032190
All Pools,HOWDY - AVAX,0.3,False,0.00257,6528.13,,,1784032190
All Pools,MIM - FAP,0.3,False,0.00255,0.04756,,4.9,1784032190
All Pools,sAVAX - AMI,0.3,False,0.00242,0.24279,,0.91,1784032190
All Pools,xAVAX - USDC,0.3,False,0.00241,0.21398,,1.03,1784032190
All Pools,YEEHAW - xAVAX,0.3,False,0.00237,0.19874,,1.09,1784032190
All Pools,NineHundred - BLACK,0.3,False,0.00213,2.64,,0.07,1784032190
All Pools,AVAX - PLEB,0.3,False,0.0021,0.08865,,2.16,1784032190
All Pools,MIM - PLEB,0.3,False,0.00205,7.995,,0.02,1784032190
All Pools,LUNA - USDC,0.3,False,0.00199,0.09505,,1.91,1784032190
All Pools,MIM - AKITA,0.3,False,0.00197,0.08091,,2.23,1784032190
All Pools,USDC.e - XAVA,0.3,False,0.00177,0.33969,,0.48,1784032190
All Pools,UST - WINE,0.3,False,0.00152,0.11465,,1.21,1784032190
All Pools,TSD - USDC.e,0.3,False,0.00148,0.06261,,2.16,1784032190
All Pools,ILoveMyTwinFlame - AVAX,0.3,False,0.00115,3.975,,0.03,1784032190
All Pools,ILoveMyTwinFlame - Gravity,0.3,False,0.00114,1.621,,0.06,1784032190
All Pools,LYD - AVAX,0.3,False,0.0011,0.64289,,0.16,1784032190
All Pools,LYD - REDWOLF,0.3,False,0.00109,4.055,,0.02,1784032190
All Pools,YEEHAW - Gladiator,0.3,False,0.00108,0.08317,,1.19,1784032190
All Pools,USDC - XPOW,0.3,False,0.00102,0.02439,,3.8,1784032190
All Pools,GRAPE - USDC.e,0.3,False,0.00101,0.03923,,2.34,1784032190
All Pools,COQ - USDt,0.3,False,,0.041,,2.05,1784032190
All Pools,YEEHAW - MU,0.3,False,,0.11981,,0.67,1784032190
All Pools,CRAFT - AVAX,0.3,False,,288.58,,,1784032190
All Pools,ROCO - USDT.e,0.3,False,,0.10335,,0.67,1784032190
All Pools,SYN - JOE,0.3,False,,0.01793,,3.56,1784032190
All Pools,FollowTheWhiteRabbit - AVAX,0.3,False,,115.22,,,1784032190
All Pools,FollowTheWhiteRabbit - BLACK,0.3,False,,0.12845,,0.41,1784032190
All Pools,SYN - XAVA,0.3,False,,0.00565,,7.02,1784032190
All Pools,SPORE - USDC,0.3,False,,1391.81,,,1784032190
All Pools,DONK - AVAX,0.3,False,,21.54,,,1784032190
All Pools,aAVAXb - AVAX,0.3,False,,0.25454,,0.02,1784032190
All Pools,SMRT - TMT,0.3,False,,0.13605,,0.02,1784032190
All Pools,MIM - SMRT,0.3,False,,0.52989,,0.0,1784032190
All Pools,EZE - AVAX,0.3,False,,0.04818,,0.02,1784032190
All Pools,MU - KET,0.3,False,,0.93234,,,1784032190
All Pools,aAvaWAVAX - AVAX,0.3,False,,0.18246,,0.0,1784032190
All Pools,FATE - USDC,0.3,False,,448673.0,,,1784032190
All Pools,bJOE - JOE,0.3,False,,0.05413,,0.0,1784032190
All Pools,bXAVA - XAVA,0.3,False,,0.04509,,0.0,1784032190
All Pools,MIM - JOE,0.3,False,,0.00212,,0.02,1784032190
All Pools,bUSDT - AVAX,0.3,False,,0.00218,,0.01,1784032190
All Pools,GB - USDC.e,0.3,False,,0.00204,,0.0,1784032190
All Pools,YTS - GB,0.3,False,,0.00107,,0.0,1784032190
All Pools,GB - BOOFI,0.3,False,,,,0.0,1784032190
All Pools,AVAX - avWAVAX,0.3,False,,0.00101,,,1784032190
All Pools,SPORE - JOE,0.3,False,,0.40868,,,1784032190
All Pools,GB - XAVA,0.3,False,,,,0.0,1784032190
All Pools,AVAX - bWETH,0.3,False,,,,0.2,1784032190
All Pools,AVAX - USDC,,false,854341,380839,452.92,43.41,1784035717
All Pools,BTC.b - USDC,,false,102390,580374,70.56,4.44,1784035717
All Pools,USDt - USDC,,false,96144,162711,9.831,2.21,1784035717
All Pools,USDt - USDC,,false,72711,159981,5.578,1.27,1784035717
All Pools,AUSD - USDC,,false,64109,103978,6.475,2.27,1784035717
All Pools,FOLKS - AVAX,,false,54945,36790,148.38,147.21,1784035717
All Pools,sAVAX - AVAX,,false,34842,48060,4.184,3.18,1784035717
All Pools,AVAX - USDT.e,,false,21324,473387,53.31,4.11,1784035717
All Pools,AUSD - USDt,,false,20280,59534,2.162,1.33,1784035717
All Pools,AVAX - USDC,,false,18739,348864,46.85,4.9,1784035717
All Pools,USDC.e - AVAX,,false,17665,368585,44.16,4.37,1784035717
All Pools,gOHM - AVAX,,false,15686,127676,39.21,11.21,1784035717
All Pools,USDC - XAVA,,false,15198,494032,37.99,2.81,1784035717
All Pools,ARENA - AVAX,,false,12695,100677,1.269,0.46,1784035717
All Pools,AVAX - USDt,,false,11346,99864,22.89,8.37,1784035717
All Pools,AVAX - BTC.b,,false,11141,27233,6.366,8.53,1784035717
All Pools,WETH.e - AVAX,,false,10463,380299,26.16,2.51,1784035717
All Pools,USDT.e - USDt,,false,10091,44313,2.018,1.66,1784035717
All Pools,AAVE.e - AVAX,,false,9618.93,268317,24.05,3.27,1784035717
All Pools,DAI.e - USDC,,false,9289.79,28456,1.777,2.28,1784035717
All Pools,NXUSD - WXT,,false,8762.51,481847,21.91,1.66,1784035717
All Pools,USDT.e - USDC,,false,8625.54,50920,1.741,1.25,1784035717
All Pools,JOE - USDC.e,,false,7117.38,261409,17.79,2.48,1784035717
All Pools,COQ - AVAX,,false,5877.01,405474,14.69,1.32,1784035717
All Pools,XAVA - AVAX,,false,5716.12,158765,46.14,10.61,1784035717
All Pools,JOE - AVAX,,false,4657.03,215319,11.64,1.97,1784035717
All Pools,WBTC - BTC.b,,false,4137.57,82347,1.25,0.55,1784035717
All Pools,NOCHILL - AVAX,,false,3851.61,53435,9.629,6.58,1784035717
All Pools,MIM - AVAX,,false,3838.97,188507,9.597,1.86,1784035717
All Pools,QI - AVAX,,false,3398.53,130293,8.496,2.38,1784035717
All Pools,WBTC.e - AVAX,,false,3352.11,133206,8.38,2.3,1784035717
All Pools,BTC.b - AVAX,,false,2995.08,108853,7.488,2.51,1784035717
All Pools,GUN - AVAX,,false,2430.21,9512.12,9.45,36.26,1784035717
All Pools,LCPEDU - USDt,,false,2338.38,7178730,37.49,0.19,1784035717
All Pools,HUNDRED - USDC,,false,2006.71,496147,5.017,0.37,1784035717
All Pools,USDC.e - USDC,,false,2006.29,3880.3,0.40406,3.8,1784035717
All Pools,LINK.e - AVAX,,false,1973.74,39574,4.934,4.55,1784035717
All Pools,USDt - AVAX,,false,1967.62,38835,4.919,4.62,1784035717
All Pools,DAI.e - USDt,,false,1943.15,27020,4.527,6.12,1784035717
All Pools,ORNG - AVAX,,false,1889.61,16897,4.724,10.2,1784035717
All Pools,BEAM - USDC,,false,1750.13,65928,4.375,2.42,1784035717
All Pools,QI - AVAX,,false,1599.45,7846.02,4.038,18.79,1784035717
All Pools,HERESY - AVAX,,false,1417.22,15080,3.543,8.58,1784035717
All Pools,BEAM - AVAX,,false,1364.73,14351,3.46,8.8,1784035717
All Pools,AVAX - DAI.e,,false,1340.57,28812,3.351,4.25,1784035717
All Pools,SB - AVAX,,false,1209.63,6126,3.024,18.02,1784035717
All Pools,JOE - USDT.e,,false,1144.2,52437,2.86,1.99,1784035717
All Pools,DAI.e - USDC,,false,937.45,2487.59,0.17878,2.62,1784035717
All Pools,XSEED - AVAX,,false,837.42,16857,2.094,4.53,1784035717
All Pools,SYN - AVAX,,false,824.65,5445.03,2.062,13.82,1784035717
All Pools,USDC.e - USDC,,false,807.29,9696.99,0.0827,0.31,1784035717
All Pools,WBTC.e - BTC.b,,false,762.15,227969,0.25365,0.04,1784035717
All Pools,ZRO - AVAX,,false,729.77,1665.54,1.904,41.73,1784035717
All Pools,GUN - AVAX,,false,632.09,16974,2.247,4.83,1784035717
All Pools,AVAX - DOMI,,false,623.7,11781,1.559,4.83,1784035717
All Pools,EURC - USDC,,false,614.98,10719,0.18714,0.64,1784035717
All Pools,JOE - USDC,,false,597.48,23806,1.494,2.29,1784035717
All Pools,AVAX - XAVA,,false,558.92,13127,1.397,3.89,1784035717
All Pools,USDT.e - USDC,,false,555.65,894.79,0.05788,2.36,1784035717
All Pools,gOHM - FRAX,,false,403.83,3524.75,1.01,10.45,1784035717
All Pools,SolvBTC - BTC.b,,false,396.84,175463,0.12639,0.03,1784035717
All Pools,PRIME - AVAX,,false,334.91,151566,3.813,0.92,1784035717
All Pools,MIM - SB,,false,316.45,2296.51,0.79112,12.57,1784035717
All Pools,WETH.e - USDC.e,,false,283.31,11083,0.70826,2.33,1784035717
All Pools,USDt - ncash,,false,270.53,1025.71,0.67632,24.07,1784035717
All Pools,XSGD - USDC,,false,223.24,594.16,0.11515,7.07,1784035717
All Pools,JPYC - USDC,,false,219.19,3153.16,0.0877,1.02,1784035717
All Pools,YAK - AVAX,,false,201.37,3624.48,0.50342,5.07,1784035717
All Pools,GB - AVAX,,false,185.11,2016.32,0.46278,8.38,1784035717
All Pools,FITFI - USDT.e,,false,173.69,146.2,0.43423,108.41,1784035717
All Pools,COQ - COQAI,,false,146.16,18955,0.36539,0.7,1784035717
All Pools,OSAK - AVAX,,false,144.41,3214.01,0.36101,4.1,1784035717
All Pools,AVAX - JUICE,,false,142.69,9497.34,0.35673,1.37,1784035717
All Pools,GMX - AVAX,,false,127.83,3881.12,0.31957,3.01,1784035717
All Pools,w3ULL - AVAX,,false,124.18,52799,0.31044,0.21,1784035717
All Pools,XETA - USDC,,false,121.72,5536.33,0.30431,2.01,1784035717
All Pools,USDC.e - USDC,,false,120.11,1947.04,0.02408,0.45,1784035717
All Pools,UST - AVAX,,false,111.4,5943.03,0.27849,1.71,1784035717
All Pools,XPOW - AVAX,,false,107.16,242.26,0.9347,140.83,1784035717
All Pools,APIX - USDt,,false,101.83,5912.68,0.25457,1.57,1784035717
All Pools,XAVA - AVAX,,false,100.33,459.05,0.81395,64.72,1784035717
All Pools,WETH.e - USDC,,false,96.78,9291.46,0.15042,0.59,1784035717
All Pools,HEFE - AVAX,,false,95.27,27613,0.23818,0.31,1784035717
All Pools,XAUt0 - USDt,,false,95.11,25163,0.21826,0.32,1784035717
All Pools,AVAX - ALVA,,false,90.59,755.46,0.22647,10.94,1784035717
All Pools,AI - AVAX,,false,87.21,3175.8,0.21803,2.51,1784035717
All Pools,CAPY - ARENA,,false,82.67,19009,0.20668,0.4,1784035717
All Pools,KLO - AVAX,,false,80.01,12227,0.20003,0.6,1784035717
All Pools,APIX - ID,,false,79.85,16972,0.19963,0.43,1784035717
All Pools,AVAX - RISE,,false,78.71,43337,0.19676,0.17,1784035717
All Pools,FLD - AVAX,,false,78.57,35826,0.19642,0.2,1784035717
All Pools,USDt - USDC,,false,70.36,2230.81,0.01412,0.23,1784035717
All Pools,ABC - AVAX,,false,68.4,453.66,0.17099,13.76,1784035717
All Pools,AVAX - UST,,false,66.16,6913.29,0.1654,0.87,1784035717
All Pools,yes - AVAX,,false,65.41,1227.61,0.16353,4.86,1784035717
All Pools,EMIN - AVAX,,false,62.23,2150.44,0.15556,2.64,1784035717
All Pools,Balln - AVAX,,false,61.09,3790.48,0.15274,1.47,1784035717
All Pools,AVAX - AMI,,false,54.96,353.17,0.1374,14.2,1784035717
All Pools,ALOT - AVAX,,false,54.28,10367,0.1357,0.48,1784035717
All Pools,STG - USDC,,false,52.71,1235.37,0.13178,3.89,1784035717
All Pools,APIX - USDC,,false,52.42,2954.83,0.13106,1.62,1784035717
All Pools,MIM - USDT.e,,false,47.52,1544.14,0.11879,2.81,1784035717
All Pools,AVAX - TOPIA,,false,40.98,1091.71,0.10245,3.43,1784035717
All Pools,BLSEYE🎯 - AVAX,,false,38.79,4473.19,0.09698,0.79,1784035717
All Pools,USDC.e - USDC,,false,38.2,480935,0.09549,0.01,1784035717
All Pools,ROY - AVAX,,false,33.2,3992.64,0.08299,0.76,1784035717
All Pools,STG - AVAX,,false,31.54,1044.9,0.07885,2.75,1784035717
All Pools,KIMBO - AVAX,,false,31.46,40050,0.07864,0.07,1784035717
All Pools,SHRAP - AVAX,,false,30.03,9005.04,0.24145,0.98,1784035717
All Pools,WBTC.e - USDC,,false,29.77,0.39957,0.07443,6798.65,1784035717
All Pools,GUN - BLSEYE🎯,,false,29.03,430.62,0.07258,6.15,1784035717
All Pools,ABC - HOWDY,,false,28.48,447.51,0.07121,5.81,1784035717
All Pools,SECOND - USDC,,false,24.21,7011.79,0.06052,0.32,1784035717
All Pools,SECOND - AVAX,,false,24.2,1469.4,0.06051,1.5,1784035717
All Pools,APIX - ARENA,,false,24.05,1709.04,0.06011,1.28,1784035717
All Pools,YAK - USDC,,false,23.75,39.81,0.0796,72.99,1784035717
All Pools,ISA - USDC.e,,false,22.98,1450.64,0.05744,1.45,1784035717
All Pools,HOWDY - USDC,,false,22.97,2968.85,0.05742,0.71,1784035717
All Pools,ISA - AVAX,,false,22.76,17173,0.0569,0.12,1784035717
All Pools,RGOGLZ - USDC,,false,20.93,1338.66,0.05232,1.43,1784035717
All Pools,MIM - USDC.e,,false,20.3,786.09,0.05076,2.36,1784035717
All Pools,BNB - AVAX,,false,19.3,2805.13,0.04825,0.63,1784035717
All Pools,Psychic - AVAX,,false,19.01,902.5,0.04754,1.92,1784035717
All Pools,BOI - AVAX,,false,18.26,41.31,0.04564,40.33,1784035717
All Pools,LUNA - USDC.e,,false,18.16,644.66,0.04541,2.57,1784035717
All Pools,AVAX - FRAX,,false,16.95,692.14,0.04237,2.23,1784035717
All Pools,GUN - AVAX,,false,16.8,197.92,0.042,7.75,1784035717
All Pools,FITFI - AVAX,,false,16.78,13.17,0.04194,116.28,1784035717
All Pools,TECH - AVAX,,false,16.1,9747.81,0.04026,0.15,1784035717
All Pools,DCAU - USDT.e,,false,15.04,5059.11,0.0376,0.27,1784035717
All Pools,DCAU - AVAX,,false,13.77,1030.32,0.03443,1.22,1784035717
All Pools,PNG - AVAX,,false,13.48,810.24,0.03369,1.52,1784035717
All Pools,YAK - USDC.e,,false,13.47,228.88,0.03366,5.37,1784035717
All Pools,HUSKY - AVAX,,false,13.16,2076.54,0.0329,0.58,1784035717
All Pools,AVAX - GEC,,false,12.87,27271,0.03218,0.04,1784035717
All Pools,3QF - D - AVAX,,false,11.97,1333.06,0.02992,0.82,1784035717
All Pools,3QF - D - WETH.e,,false,11.93,2476.99,0.02981,0.44,1784035717
All Pools,MIM - WETH.e,,false,11.79,513.89,0.02948,2.09,1784035717
All Pools,sAVAX - JACK,,false,11.61,273901,0.02903,0,1784035717
All Pools,WETH.e - USDC,,false,11.59,20.55,0.02896,51.45,1784035717
All Pools,APIX - LAMBO,,false,11.34,442.62,0.02835,2.34,1784035717
All Pools,USDt - USDT.e,,false,10.41,20406,0.02602,0.05,1784035717
All Pools,Psychic - XAUt0,,false,9.98,5884.8,0.02495,0.15,1784035717
All Pools,MEAT - AVAX,,false,9.141,3749,0.02285,0.22,1784035717
All Pools,BTC.b - TOPIA,,false,8.281,453.39,0.0207,1.67,1784035717
All Pools,HATCHY - AVAX,,false,8.221,6729.43,0.02055,0.11,1784035717
All Pools,EGG - AVAX,,false,7.832,16639,0.01958,0.04,1784035717
All Pools,SHRAP - DOMI,,false,7.491,174.68,0.01873,3.91,1784035717
All Pools,AVAX - ELK,,false,7.392,1320.25,0.01848,0.51,1784035717
All Pools,BEAM - AVAX,,false,6.912,383.54,0.01728,1.64,1784035717
All Pools,LINK.e - USDT.e,,false,6.764,223.23,0.01691,2.76,1784035717
All Pools,BLSEYE🎯 - ARENA,,false,6.753,871.56,0.01688,0.71,1784035717
All Pools,avUSD - sAVAX,,false,6.328,229.92,0.01582,2.51,1784035717
All Pools,SWIFT - WETH.e,,false,6.246,1322.83,0.01562,0.43,1784035717
All Pools,USV - DAI.e,,false,6.095,4049.2,0.01524,0.14,1784035717
All Pools,SWIFT - USDC.e,,false,5.841,487.85,0.0146,1.09,1784035717
All Pools,TRESR - AVAX,,false,5.726,7910.01,0.01431,0.07,1784035717
All Pools,ORNG - FLUX,,false,5.638,108.18,0.0141,4.76,1784035717
All Pools,PTOP500 - TOPIA,,false,5.467,107.95,0.01367,4.62,1784035717
All Pools,YOU - ORNG,,false,5.339,1353.97,0.01335,0.36,1784035717
All Pools,AVAX - HON,,false,5.223,50208,0.01306,0.01,1784035717
All Pools,AVAX - FRAX,,false,5.12,231.58,0.0128,2.02,1784035717
All Pools,MYST - AVAX,,false,5.068,664.95,0.01267,0.7,1784035717
All Pools,LINK.e - USDC.e,,false,5.041,185.57,0.0126,2.48,1784035717
All Pools,Psychic - BLACK,,false,4.916,267.74,0.01229,1.68,1784035717
All Pools,AVAX - PEFI,,false,4.811,3297.84,0.01203,0.13,1784035717
All Pools,GURS - AVAX,,false,4.649,5512.19,0.01162,0.08,1784035717
All Pools,MUON - AVAX,,false,4.563,40760,0.01141,0.01,1784035717
All Pools,YEEHAW - BTC.b,,false,4.477,49.63,0.01119,8.23,1784035717
All Pools,gOHM - SB,,false,4.421,17.07,0.01105,23.63,1784035717
All Pools,UST - USDC,,false,4.384,435.89,0.01096,0.92,1784035717
All Pools,USDC.e - MU,,false,4.311,13210,0.01078,0.03,1784035717
All Pools,WETH - USDC.e,,false,4.191,203.53,0.01048,1.88,1784035717
All Pools,FLOT - AVAX,,false,4.108,2941.95,0.01027,0.13,1784035717
All Pools,LUNA - USDC.e,,false,4.064,337.16,0.01016,1.1,1784035717
All Pools,BLSEYE🎯 - MEOW,,false,4.038,822.63,0.0101,0.45,1784035717
All Pools,REDWOLF - USDC,,false,3.964,188.38,0.00991,1.92,1784035717
All Pools,XROSS - ORNG,,false,3.873,233.58,0.00968,1.51,1784035717
All Pools,MYST - USDC,,false,3.862,220.2,0.00965,1.6,1784035717
All Pools,Now - BLACK,,false,3.658,240.99,0.00915,1.39,1784035717
All Pools,AVAX - AKITA,,false,3.641,1775.18,0.0091,0.19,1784035717
All Pools,DATCM - ORNG,,false,3.493,232.13,0.00873,1.37,1784035717
All Pools,ACS - AVAX,,false,3.47,169.01,0.00867,1.87,1784035717
All Pools,AVAX - BGR,,false,3.314,179.19,0.00828,1.69,1784035717
All Pools,REDWOLF - SOL,,false,3.256,58.97,0.00814,5.04,1784035717
All Pools,HOWDY - AVAX,,false,3.238,6655.54,0.0081,0.04,1784035717
All Pools,AVAX - SOCK,,false,3.188,2460.92,0.00797,0.12,1784035717
All Pools,USDC - SOCK,,false,3.175,423.33,0.00794,0.68,1784035717
All Pools,WETH.e - ONION,,false,3.169,236.44,0.00792,1.22,1784035717
All Pools,AVAX - EROL,,false,3.124,38.29,0,0,1784035717
All Pools,REDWOLF - AVAX,,false,3.111,395.86,0.00778,0.72,1784035717
All Pools,SWIFT - AVAX,,false,3.032,238.42,0.00758,1.16,1784035717
All Pools,ZRO - AVAX,,false,3.001,136.84,0.0075,2,1784035717
All Pools,DPS - AVAX,,false,2.973,184.79,0.00743,1.47,1784035717
All Pools,DPS - USDC,,false,2.973,1812.81,0.00743,0.15,1784035717
All Pools,APOW - AVAX,,false,2.817,632.08,0.00704,0.41,1784035717
All Pools,ORNG - SAI,,false,2.8,104.33,0.007,2.45,1784035717
All Pools,BLUB - AVAX,,false,2.734,11860,0.00683,0.02,1784035717
All Pools,WETH.e - USDT.e,,false,2.694,150.48,0.00673,1.63,1784035717
All Pools,YUSD - AVAX,,false,2.621,118.03,0.00655,2.03,1784035717
All Pools,ORNG - MOOM,,false,2.59,186.25,0.00647,1.27,1784035717
All Pools,TOPIA - PTOP600,,false,2.363,120.76,0.00591,1.79,1784035717
All Pools,USDC.e - SOL,,false,2.298,35.66,0.00574,5.88,1784035717
All Pools,Now - AVAX,,false,2.268,192.58,0.00567,1.07,1784035717
All Pools,AVAX - CLY,,false,2.265,22456,0.00566,0.01,1784035717
All Pools,AVAX - ONION,,false,2.245,149.91,0.00561,1.37,1784035717
All Pools,USDT.e - CLY,,false,2.228,183.42,0.00557,1.11,1784035717
All Pools,YEEHAW - TOPIA,,false,2.185,109.95,0.00546,1.81,1784035717
All Pools,HOST - DAI.e,,false,2.136,2515.29,0.00534,0.08,1784035717
All Pools,VPND - AVAX,,false,2.069,18145,0.00517,0.01,1784035717
All Pools,USDT.e - ONION,,false,2.056,743.03,0.00514,0.25,1784035717
All Pools,JOE - USDT,,false,2.018,286.98,0.00505,0.64,1784035717
All Pools,BNZ - AVAX,,false,2.004,149.81,0.00501,1.22,1784035717
All Pools,KINGSHIT - AVAX,,false,2.001,3596.95,0.005,0.05,1784035717
All Pools,MAGICK - USDC,,false,1.913,227.25,0.00478,0.77,1784035717
All Pools,MAGICK - AVAX,,false,1.913,285.69,0.00478,0.61,1784035717
All Pools,USDC.e - AVVO,,false,1.909,226.65,0.00477,0.77,1784035717
All Pools,USDC - MXNB,,false,1.858,17.45,0.00465,9.71,1784035717
All Pools,BANKSY - USDT.e,,false,1.836,1532.31,0.00459,0.11,1784035717
All Pools,BANKSY - AVAX,,false,1.836,145.61,0.00459,1.15,1784035717
All Pools,BETS - AVAX,,false,1.768,12.62,0.00442,12.78,1784035717
All Pools,AVAX - NaughtiusMaximus,,false,1.69,335.5,0.00422,0.46,1784035717
All Pools,APOW - USDC,,false,1.645,116.17,0.00411,1.29,1784035717
All Pools,AVAX - mYAK,,false,1.638,51.6,0.00409,2.9,1784035717
All Pools,DAI.e - ONION,,false,1.573,332.86,0.00393,0.43,1784035717
All Pools,AVAX - TIME,,false,1.568,569.44,0.00392,0.25,1784035717
All Pools,USDC.e - ONION,,false,1.555,371.33,0.00389,0.38,1784035717
All Pools,ORNG - JUCI,,false,1.541,241.09,0.00385,0.58,1784035717
All Pools,BTC.b - oXAUT,,false,1.523,312.39,0.00381,0.44,1784035717
All Pools,oXAUT - AVAX,,false,1.522,410.63,0.0038,0.34,1784035717
All Pools,AVAX - USDT,,false,1.508,1750.46,0.00377,0.08,1784035717
All Pools,gOHM - wsOHM,,false,1.482,17.91,0.00371,7.55,1784035717
All Pools,XAUt0 - NaughtiusMaximus,,false,1.481,883.64,0.0037,0.15,1784035717
All Pools,SMRTr - AVAX,,false,1.475,26425,0.00369,0.01,1784035717
All Pools,SMRTr - USDC.e,,false,1.475,106.28,0.00369,1.27,1784035717
All Pools,MIM - wsOHM,,false,1.437,186.94,0.00359,0.7,1784035717
All Pools,AVAX - IMPACT2,,false,1.396,142.08,0.00349,0.9,1784035717
All Pools,DREGG - USDT.e,,false,1.387,517.56,0.00347,0.24,1784035717
All Pools,DREGG - AVAX,,false,1.387,148.84,0.00347,0.85,1784035717
All Pools,sAVAX - AVAX,,false,1.349,175631,0.00337,0,1784035717
All Pools,AAVE.e - REDWOLF,,false,1.345,155.54,0.00336,0.79,1784035717
All Pools,PNG - JOE,,false,1.344,118.03,0.00336,1.04,1784035717
All Pools,WBTC.e - ONION,,false,1.321,354.98,0.0033,0.34,1784035717
All Pools,LF - AVAX,,false,1.315,286.73,0.00329,0.42,1784035717
All Pools,XAUt0 - Now,,false,1.311,569.01,0.00328,0.21,1784035717
All Pools,FXS - AVAX,,false,1.307,295.03,0.00327,0.4,1784035717
All Pools,MIM - LF,,false,1.291,404.55,0.00323,0.29,1784035717
All Pools,USDC - SDOG,,false,1.286,370.69,0.00322,0.32,1784035717
All Pools,WBTC.e - USDT.e,,false,1.266,156.63,0.00317,0.74,1784035717
All Pools,MIM - SDOG,,false,1.248,94.6,0.00312,1.2,1784035717
All Pools,BTC.b - IMPACT2,,false,1.238,1312.98,0.0031,0.09,1784035717
All Pools,GB - USDT.e,,false,1.234,22.35,0.00308,5.04,1784035717
All Pools,KIWI - AVAX,,false,1.232,95.86,0.00308,1.17,1784035717
All Pools,KIWI - USDC,,false,1.232,300.16,0.00308,0.37,1784035717
All Pools,DCAU - MIM,,false,1.207,116.08,0.00302,0.95,1784035717
All Pools,AVAX - AVVO,,false,1.2,233.72,0.003,0.47,1784035717
All Pools,BLSEYE🎯 - BEAM,,false,1.189,271.41,0.00297,0.4,1784035717
All Pools,MIM - MU,,false,1.183,97.4,0.00296,1.11,1784035717
All Pools,DCAU - USDC,,false,1.177,144.62,0.00294,0.74,1784035717
All Pools,BEAR - AVAX,,false,1.176,5114.32,0.00294,0.02,1784035717
All Pools,APOW - USDt,,false,1.171,115.79,0.00293,0.92,1784035717
All Pools,USDC.e - WXT,,false,1.165,195.19,0.00291,0.54,1784035717
All Pools,WETH.e - REDWOLF,,false,1.143,84.84,0.00286,1.23,1784035717
All Pools,HUSKY - JOE,,false,1.125,93.55,0.00281,1.1,1784035717
All Pools,YEEHAW - CHAMP,,false,1.115,928.15,0.00279,0.11,1784035717
All Pools,AVAX - SPELL,,false,1.099,1962.61,0.00275,0.05,1784035717
All Pools,MIM - USDC,,false,1.07,30.28,0.00268,3.23,1784035717
All Pools,PTOP700 - TOPIA,,false,1.069,104.16,0.00267,0.94,1784035717
All Pools,AVAX - MU,,false,1.067,74.94,0.00267,1.3,1784035717
All Pools,AVAX - ChristMark,,false,1.049,270.59,0.00262,0.35,1784035717
All Pools,AVAX - SMRT,,false,1.039,1677.77,0.0026,0.06,1784035717
All Pools,LINDA - AVAX,,false,1.026,1592.04,0.00256,0.06,1784035717
All Pools,USDT.e - SMRT,,false,1.025,89.69,0.00256,1.04,1784035717
All Pools,WOLF - AVAX,,false,1.018,27676,0.00255,0,1784035717
All Pools,LUNA - AVAX,,false,1.01,126.1,0.00253,0.73,1784035717
All Pools,UST - USDC.e,,false,1.002,676.95,0.00251,0.14,1784035717
All Pools,AMI - TOPIA,,false,0.96625,151.5,0.00242,0.58,1784035717
All Pools,LUEEGI - AVAX,,false,0.95956,1019.45,0.0024,0.09,1784035717
All Pools,HOST - AVAX,,false,0.94221,89.97,0.00236,0.96,1784035717
All Pools,XAUt0 - ChristMark,,false,0.93884,582.25,0.00235,0.15,1784035717
All Pools,AVAX - ARENA,,false,0.93662,59.24,0.00234,1.44,1784035717
All Pools,GB - MUG,,false,0.87807,17.54,0.0022,4.57,1784035717
All Pools,Trinity - AVAX,,false,0.83203,737.08,0.00208,0.1,1784035717
All Pools,WOO.e - AVAX,,false,0.81848,64.98,0.00205,1.15,1784035717
All Pools,Trinity - Psychic,,false,0.8089,404.69,0.00202,0.18,1784035717
All Pools,MAXI - DAI.e,,false,0.79606,227.12,0.00199,0.32,1784035717
All Pools,SYMBIOT - AVAX,,false,0.79576,76.44,0.00199,0.95,1784035717
All Pools,USDt - IMPACT2,,false,0.7954,70.33,0.00199,1.03,1784035717
All Pools,HOWDY - USDt,,false,0.78208,174.3,0.00196,0.41,1784035717
All Pools,BUSD - AVAX,,false,0.74611,345.04,0.00187,0.2,1784035717
All Pools,SYMBIOT - DAI.e,,false,0.74457,448.3,0.00186,0.15,1784035717
All Pools,ZUBAX - USDT.e,,false,0.74327,173.48,0.00186,0.39,1784035717
All Pools,Gravity - AVAX,,false,0.73665,242.93,0.00184,0.28,1784035717
All Pools,DZHV - AVAX,,false,0.73006,10421,0.00183,0.01,1784035717
All Pools,JOE - EXP,,false,0.72954,10401189,0.00182,0,1784035717
All Pools,AVAX - EROL,,false,0.72827,20.52,0.00182,3.24,1784035717
All Pools,XAUt0 - Gravity,,false,0.71449,317.43,0.00179,0.21,1784035717
All Pools,KRW - AVAX,,false,0.68985,316.09,0.00172,0.2,1784035717
All Pools,JOE - KRW,,false,0.68912,148.44,0.00172,0.42,1784035717
All Pools,AVAX - ZUBAX,,false,0.68278,93.74,0.00171,0.66,1784035717
All Pools,BLS - USDt,,false,0.65902,128.54,0.00165,0.47,1784035717
All Pools,AVAX - rsAVAX,,false,0.65862,163.17,0.00165,0.37,1784035717
All Pools,Val - AVAX,,false,0.6325,246.67,0.00158,0.23,1784035717
All Pools,SYN - REDWOLF,,false,0.6307,5.506,0.00158,10.45,1784035717
All Pools,CHAMP - AMI,,false,0.628,26.21,0.00157,2.19,1784035717
All Pools,LINK.e - REDWOLF,,false,0.62634,71.27,0.00157,0.8,1784035717
All Pools,GENI - USDC,,false,0.62157,1183.69,0.00155,0.05,1784035717
All Pools,GENI - AVAX,,false,0.62154,50.8,0.00155,1.12,1784035717
All Pools,AVAX - MUG,,false,0.61146,251.94,0.00153,0.22,1784035717
All Pools,USDC.e - sSB,,false,0.59335,837.87,0.00148,0.06,1784035717
All Pools,KALM - AVAX,,false,0.59299,98.93,0.00148,0.55,1784035717
All Pools,KALM - USDC,,false,0.5929,77.72,0.00148,0.7,1784035717
All Pools,WETH.e - SURE,,false,0.56329,869.9,0.00141,0.06,1784035717
All Pools,MIM - PEFI,,false,0.56306,68.7,0.00141,0.75,1784035717
All Pools,FTOMB - AVAX,,false,0.55985,6774.31,0.0014,0.01,1784035717
All Pools,50 - AVAX,,false,0.5534,60.86,0.00138,0.83,1784035717
All Pools,50 - USDC,,false,0.55328,112.6,0.00138,0.45,1784035717
All Pools,Psychic - Now,,false,0.5499,473.58,0.00137,0.11,1784035717
All Pools,BTC.b - REDWOLF,,false,0.52907,99.66,0.00132,0.48,1784035717
All Pools,YEEHAW - AVAX,,false,0.52312,11.78,0.00131,4.05,1784035717
All Pools,BTC.b - HOWDY,,false,0.50057,61.4,0.00125,0.74,1784035717
All Pools,CHAMP - ARENA,,false,0.48844,13.73,0.00122,3.25,1784035717
All Pools,NOCHILL - OX,,false,0.48263,13296,0.00121,0,1784035717
All Pools,Hopi - Now,,false,0.47567,510.26,0.00119,0.09,1784035717
All Pools,Hopi - AVAX,,false,0.47566,156.46,0.00119,0.28,1784035717
All Pools,sifu - DAI.e,,false,0.46831,3.884,0.00117,11,1784035717
All Pools,MIM - WINE,,false,0.44687,175.28,0.00112,0.23,1784035717
All Pools,Gladiator - USDC,,false,0.44558,269.07,0.00111,0.15,1784035717
All Pools,Gladiator - ARENA,,false,0.44128,343.59,0.0011,0.12,1784035717
All Pools,MIM - GRAPE,,false,0.43814,121.07,0.0011,0.33,1784035717
All Pools,STATIK - AVAX,,false,0.43192,31.49,0.00108,1.25,1784035717
All Pools,AVAX - KET,,false,0.42707,23.04,0.00107,1.69,1784035717
All Pools,sifu - USDT.e,,false,0.42542,10.24,0.00106,3.79,1784035717
All Pools,IMPACT2 - EURC,,false,0.42135,42.35,0.00105,0.91,1784035717
All Pools,HUSKY - AMI,,false,0.42091,42.62,0.00105,0.9,1784035717
All Pools,SHOE - AMI,,false,0.41968,0.25542,0.00105,149.93,1784035717
All Pools,COQ - OSAK,,false,0.41851,17.43,0.00105,2.19,1784035717
All Pools,HOWDY - ARENA,,false,0.39461,38.78,0,0.93,1784035717
All Pools,WBTC - AVAX,,false,0.39321,31.48,0,1.14,1784035717
All Pools,JEWEL - USDC,,false,0.38736,3873.69,0,0.01,1784035717
All Pools,MM - USDC,,false,0.36731,50.08,0,0.67,1784035717
All Pools,MM - AVAX,,false,0.36724,68.16,0,0.49,1784035717
All Pools,COQ - OX,,false,0.36549,13967,0,0,1784035717
All Pools,USDC - GAU,,false,0.36418,842.78,0,0.04,1784035717
All Pools,USDT.e - MU,,false,0.36107,250.72,0,0.13,1784035717
All Pools,SYN - USDC.e,,false,0.35908,2.788,0,11.75,1784035717
All Pools,AVAX - KONG,,false,0.35113,5553.84,0,0.01,1784035717
All Pools,MU - DAI.e,,false,0.34519,236.6,0,0.13,1784035717
All Pools,DFIAT - AVAX,,false,0.34005,6146.04,0,0.01,1784035717
All Pools,Void - Now,,false,0.33564,643.5,0,0.05,1784035717
All Pools,Void - AVAX,,false,0.33547,62.76,0,0.49,1784035717
All Pools,MIM - DAI.e,,false,0.33538,20.02,0,1.53,1784035717
All Pools,LUNA - AVAX,,false,0.33017,13.96,0,2.16,1784035717
All Pools,UNI.e - REDWOLF,,false,0.32785,11.14,0,2.69,1784035717
All Pools,AVAX - aXEN,,false,0.32552,171.16,0,0.17,1784035717
All Pools,CQK - USDC,,false,0.3229,31.09,0,0.95,1784035717
All Pools,CQK - AVAX,,false,0.32287,98.89,0,0.3,1784035717
All Pools,NOCHILL - KET,,false,0.32009,8.26,0,3.54,1784035717
All Pools,BOI - MU,,false,0.30512,0.74803,0,37.22,1784035717
All Pools,USDC - SHRAP,,false,0.30073,22.35,0,1.23,1784035717
All Pools,LAMA - AVAX,,false,0.29698,8409.99,0,0,1784035717
All Pools,$Crazy - AVAX,,false,0.29379,750.53,0,0.04,1784035717
All Pools,SURE - USDC.e,,false,0.2906,20.99,0,1.26,1784035717
All Pools,AVVO - DAI.e,,false,0.28729,35.01,0,0.75,1784035717
All Pools,gOHM - JOE,,false,0.28342,3.237,0,7.99,1784035717
All Pools,AVAX - Teste,,false,0.28338,63.12,0,0.41,1784035717
All Pools,Now - Teste,,false,0.2833,641,0,0.04,1784035717
All Pools,USDC - USD+,,false,0.27928,28.35,0,0.9,1784035717
All Pools,Silver - AVAX,,false,0.27729,62.68,0,0.4,1784035717
All Pools,Silver - Now,,false,0.2765,639.89,0,0.04,1784035717
All Pools,RUX - AVAX,,false,0.2764,25.94,0,0.97,1784035717
All Pools,USDt - RUX,,false,0.2763,16070,0,0,1784035717
All Pools,SHOE - BTC.b,,false,0.27384,0.95206,0,26.25,1784035717
All Pools,wsOHM - USDC.e,,false,0.26788,18.66,0,1.31,1784035717
All Pools,DFIAT - USDT.e,,false,0.26096,27.09,0,0.88,1784035717
All Pools,SURE - DAI.e,,false,0.2593,24.5,0,0.97,1784035717
All Pools,GLOBA - AVAX,,false,0.25767,40.71,0,0.58,1784035717
All Pools,BrideOfChrist - BLACK,,false,0.25481,17.9,0,1.3,1784035717
All Pools,ArniStitch - AVAX,,false,0.25382,214.45,0,0.11,1784035717
All Pools,Psychic - ArniStitch,,false,0.25312,246.97,0,0.09,1784035717
All Pools,USDC.e - WISE,,false,0.25273,41.66,0,0.55,1784035717
All Pools,AVAX - WISE,,false,0.25266,60.74,0,0.38,1784035717
All Pools,Chemistry - AVAX,,false,0.24834,63.7,0,0.36,1784035717
All Pools,Chemistry - Now,,false,0.24832,637.91,0,0.04,1784035717
All Pools,COQ - NOCHILL,,false,0.24598,8.305,0,2.7,1784035717
All Pools,sAVAX - COQ,,false,0.24462,62.46,0,0.36,1784035717
All Pools,agEUR - USDC,,false,0.24441,59.79,0,0.37,1784035717
All Pools,COQ - JUICE,,false,0.2434,26.3,0,0.84,1784035717
All Pools,AVAX - TheGospelOfMary,,false,0.24151,118.38,0,0.19,1784035717
All Pools,MaryMagdalene - TheGospelOfMary,,false,0.24129,213.97,0,0.1,1784035717
All Pools,GLOBA - DAI.e,,false,0.24107,47.89,0,0.46,1784035717
All Pools,MaryMagdalene - XAUt0,,false,0.24047,1666.26,0,0.01,1784035717
All Pools,WETH.e - yyAVAX,,false,0.23843,14.71,0,1.48,1784035717
All Pools,SLUSH - AVAX,,false,0.23566,46.47,0,0.46,1784035717
All Pools,SLUSH - USDT.e,,false,0.23563,55.77,0,0.39,1784035717
All Pools,USDC - yyAVAX,,false,0.23311,12.13,0,1.75,1784035717
All Pools,GATOR - ARENA,,false,0.22805,1.567,0,13.28,1784035717
All Pools,AVAX - All,,false,0.22698,215.93,0,0.1,1784035717
All Pools,Psychic - All,,false,0.2263,246.89,0,0.08,1784035717
All Pools,AVAX - RedFolder,,false,0.22446,214.86,0,0.1,1784035717
All Pools,Psychic - RedFolder,,false,0.22379,246.89,0,0.08,1784035717
All Pools,TRYB - USDC.e,,false,0.2186,31.88,0,0.63,1784035717
All Pools,SYN - USDT.e,,false,0.21762,1.486,0,13.37,1784035717
All Pools,AVAX - Seventeen,,false,0.21488,210.05,0,0.09,1784035717
All Pools,NaughtiusMaximus - Seventeen,,false,0.21427,679.52,0,0.03,1784035717
All Pools,MIAOW - AVAX,,false,0.21406,899.31,0,0.02,1784035717
All Pools,MEOW - AVAX,,false,0.21223,7838.62,0,0,1784035717
All Pools,AVAX - BlackAndGold,,false,0.21101,215.73,0,0.09,1784035717
All Pools,Christmas - AVAX,,false,0.21073,182.21,0,0.11,1784035717
All Pools,Psychic - BlackAndGold,,false,0.2103,246.82,0,0.08,1784035717
All Pools,AVAX - Wej,,false,0.21029,214.94,0,0.09,1784035717
All Pools,Psychic - Wej,,false,0.20959,246.77,0,0.08,1784035717
All Pools,USDT.e - EXP,,false,0.20359,45029409,0,0,1784035717
All Pools,Serpentarius - AVAX,,false,0.20212,218.37,0,0.08,1784035717
All Pools,Psychic - Serpentarius,,false,0.20147,250.55,0,0.07,1784035717
All Pools,AVAX - CHAM,,false,0.20136,26.16,0,0.7,1784035717
All Pools,USDC - CHAM,,false,0.20126,46.71,0,0.39,1784035717
All Pools,AVAX - ZABU,,false,0.20067,23.81,0,0.77,1784035717
All Pools,TSD - AVAX,,false,0.19999,181.53,0,0.1,1784035717
All Pools,Ducks - AVAX,,false,0.19793,214.5,0,0.08,1784035717
All Pools,Psychic - Ducks,,false,0.1973,247.03,0,0.07,1784035717
All Pools,CommieSukey - AVAX,,false,0.19719,214.87,0,0.08,1784035717
All Pools,Psychic - CommieSukey,,false,0.19639,246.71,0,0.07,1784035717
All Pools,AVAI - AVAX,,false,0.19534,20.13,0,0.89,1784035717
All Pools,bCASH - NOCHILL,,false,0.19361,12.45,0,1.42,1784035717
All Pools,USDC.e - DAI.e,,false,0.19209,22223,0,0,1784035717
All Pools,AVAX - Prometheus,,false,0.18546,209.37,0,0.08,1784035717
All Pools,BOI - AMI,,false,0.18505,0.48122,0,35.09,1784035717
All Pools,Psychic - Prometheus,,false,0.18488,240.07,0,0.07,1784035717
All Pools,Meaning - AVAX,,false,0.18343,334.76,0,0.05,1784035717
All Pools,Psychic - Meaning,,false,0.18292,241.43,0,0.07,1784035717
All Pools,USDT.e - DUO,,false,0.18175,51.14,0,0.32,1784035717
All Pools,AVAX - DUO,,false,0.18165,53.79,0,0.31,1784035717
All Pools,ABC - AMI,,false,0.18118,2.253,0,7.34,1784035717
All Pools,Xmas - AVAX,,false,0.17543,201.49,0,0.08,1784035717
All Pools,STG - L - Swing,,false,0.1752,16.27,0,0.98,1784035717
All Pools,STOMB - AVAX,,false,0.17512,5262.57,0,0,1784035717
All Pools,Psychic - Xmas,,false,0.17488,231.5,0,0.07,1784035717
All Pools,wsOHM - AVAX,,false,0.17372,8.317,0,1.91,1784035717
All Pools,MerryXmas - AVAX,,false,0.16964,197.71,0,0.08,1784035717
All Pools,Psychic - MerryXmas,,false,0.16911,227.03,0,0.07,1784035717
All Pools,AVAX - SNOB,,false,0.16798,759.5,0,0.02,1784035717
All Pools,SOL - USDC,,false,0.16792,20.81,0,0.74,1784035717
All Pools,YAK - SPORE,,false,0.16738,5.465,0,2.79,1784035717
All Pools,YEEHAW - USDC,,false,0.16644,5.467,0,2.78,1784035717
All Pools,meGNX - AVAX,,false,0.165,13.21,0,1.14,1784035717
All Pools,L - Swing - aXEN,,false,0.15854,52.4,0,0.28,1784035717
All Pools,BRO - AVAX,,false,0.15614,101043,0,0,1784035717
All Pools,BRO - COQ,,false,0.15591,136.18,0,0.1,1784035717
All Pools,DogL - AVAX,,false,0.1505,215.73,0,0.06,1784035717
All Pools,GUN - AMI,,false,0.15043,8.65,0,1.59,1784035717
All Pools,Psychic - DogL,,false,0.15007,246.84,0,0.06,1784035717
All Pools,NeatestQuackery - AVAX,,false,0.14938,214.36,0,0.06,1784035717
All Pools,Psychic - NeatestQuackery,,false,0.14896,247.18,0,0.05,1784035717
All Pools,NOCHILL - AMI,,false,0.1487,3.175,0,4.27,1784035717
All Pools,AVAX - Propriety,,false,0.14842,64.3,0,0.21,1784035717
All Pools,Now - Propriety,,false,0.14819,646.22,0,0.02,1784035717
All Pools,MIM - VOLT,,false,0.14516,14.75,0,0.9,1784035717
All Pools,SYN - WETH.e,,false,0.14516,1.383,0,9.58,1784035717
All Pools,Vaccine - AVAX,,false,0.14417,63.33,0,0.21,1784035717
All Pools,Vaccine - Now,,false,0.14404,640.07,0,0.02,1784035717
All Pools,AVAX - BENJI,,false,0.14182,4.812,0,2.69,1784035717
All Pools,MELT - AVAX,,false,0.14091,20.34,0,0.63,1784035717
All Pools,BrideOfChrist - AVAX,,false,0.14033,63.72,0,0.2,1784035717
All Pools,Yellow - AVAX,,false,0.1377,190.7,0,0.07,1784035717
All Pools,USDT.e - ZABU,,false,0.13592,44.61,0,0.28,1784035717
All Pools,WTHT - SNOB,,false,0.1327,1.253,0,9.67,1784035717
All Pools,Anon - AVAX,,false,0.13043,7.867,0,1.51,1784035717
All Pools,Matter - AVAX,,false,0.12747,57.56,0,0.2,1784035717
All Pools,DAI.e - VOLT,,false,0.12723,40.94,0,0.28,1784035717
All Pools,Matter - Now,,false,0.1271,583.8,0,0.02,1784035717
All Pools,AftermathsKobe - AVAX,,false,0.12699,215.92,0,0.05,1784035717
All Pools,Psychic - AftermathsKobe,,false,0.12666,248.64,0,0.05,1784035717
All Pools,VEE - USDC,,false,0.12601,31.59,0,0.36,1784035717
All Pools,AVAX - Sinterklaas,,false,0.12461,101.85,0,0.11,1784035717
All Pools,aAvaWAVAX - meGNX,,false,0.12436,3.032,0,3.74,1784035717
All Pools,Psychic - Sinterklaas,,false,0.12421,242.98,0,0.05,1784035717
All Pools,AVAX - BLACK,,false,0.1241,3.387,0,3.34,1784035717
All Pools,AVAX - MILO,,false,0.12243,807.51,0,0.01,1784035717
All Pools,USDt - MILO,,false,0.12228,14.16,0,0.79,1784035717
All Pools,TECH - OX,,false,0.12125,5914.88,0,0,1784035717
All Pools,MELT - USDC.e,,false,0.11962,29.86,0,0.37,1784035717
All Pools,Jjj - AVAX,,false,0.11932,214.51,0,0.05,1784035717
All Pools,Psychic - Jjj,,false,0.11902,246.85,0,0.04,1784035717
All Pools,MaryMagdalene - AVAX,,false,0.11504,174.4,0,0.06,1784035717
All Pools,MaryMagdalene - BrideOfChrist,,false,0.11488,90.69,0,0.12,1784035717
All Pools,WBTC.e - USDC.e,,false,0.11368,8.098,0,1.28,1784035717
All Pools,Christmas - ChristMark,,false,0.11248,111.82,0,0.09,1784035717
All Pools,FLAKE - USDT.e,,false,0.11238,48.8,0,0.21,1784035717
All Pools,FLAKE - AVAX,,false,0.11233,17.48,0,0.59,1784035717
All Pools,Necromancer - AVAX,,false,0.11181,64.43,0,0.16,1784035717
All Pools,USDt - XPOW,,false,0.11164,20.88,0,0.49,1784035717
All Pools,XPOW - AVAX,,false,0.11162,1348.37,0,0.01,1784035717
All Pools,Now - Necromancer,,false,0.11156,646.26,0,0.02,1784035717
All Pools,USDt - REDWOLF,,false,0.11043,13.85,0,0.73,1784035717
All Pools,WBTC.e - REDWOLF,,false,0.1104,49.39,0,0.2,1784035717
All Pools,APOW - AVAX,,false,0.11011,1346.09,0,0.01,1784035717
All Pools,APOW - USDt,,false,0.11009,21.5,0,0.47,1784035717
All Pools,AVAXAI - USDC,,false,0.10952,1540.99,0,0.01,1784035717
All Pools,AVAX - √Root,,false,0.10826,64.53,0,0.15,1784035717
All Pools,Now - √Root,,false,0.1076,647.19,0,0.02,1784035717
All Pools,TOMB - USDC,,false,0.10755,10.11,0,0.97,1784035717
All Pools,Uncontractable - AVAX,,false,0.10754,63.39,0,0.15,1784035717
All Pools,Uncontractable - Now,,false,0.10718,632.42,0,0.02,1784035717
All Pools,BANKSY - USDC.e,,false,0.10588,29.4,0,0.33,1784035717
All Pools,BANKSY - AVAX,,false,0.10576,18.7,0,0.52,1784035717
All Pools,ACS - USDC.e,,false,0.10492,5.082,0,1.88,1784035717
All Pools,ZRO - USDC,,false,0.10244,4.529,0,2.06,1784035717
All Pools,AVAT - AVAX,,false,0.10208,17.04,0,0.55,1784035717
All Pools,AVAT - USDC,,false,0.10196,37.72,0,0.25,1784035717
All Pools,BENIS - NOCHILL,,false,0.09832,2.785,0,3.22,1784035717
All Pools,AVAX - STRAW,,false,0.0982,14.49,0,0.62,1784035717
All Pools,Christmas - Merovingian,,false,0.09786,85.67,0,0.1,1784035717
All Pools,LIBRE - USDC.e,,false,0.09768,12.41,0,0.72,1784035717
All Pools,Now - Merovingian,,false,0.09711,49.86,0,0.18,1784035717
All Pools,AVAX - DOGGY,,false,0.09516,1.956,0,4.44,1784035717
All Pools,AVAX - SantaGospel,,false,0.09478,96.49,0,0.09,1784035717
All Pools,AVAX - Strength,,false,0.0943,102.79,0,0.08,1784035717
All Pools,Go - AVAX,,false,0.09413,102.17,0,0.08,1784035717
All Pools,Hydrogen - AVAX,,false,0.09396,191.58,0,0.04,1784035717
All Pools,Psychic - Strength,,false,0.09392,56.97,0,0.15,1784035717
All Pools,Psychic - Go,,false,0.09364,56.46,0,0.15,1784035717
All Pools,Psychic - Hydrogen,,false,0.09363,63.07,0,0.14,1784035717
All Pools,Gil - AVAX,,false,0.09346,13.83,0,0.62,1784035717
All Pools,DAI.e - STRAW,,false,0.09196,36.19,0,0.23,1784035717
All Pools,Psychic - Yellow,,false,0.09101,62.44,0,0.13,1784035717
All Pools,HUSKY - MUG,,false,0.09035,13.48,0,0.61,1784035717
All Pools,AVAX - ELK,,false,0.0899,49.5,0,0.17,1784035717
All Pools,miMatic - AVAX,,false,0.08938,32.79,0,0.25,1784035717
All Pools,miMatic - USDC.e,,false,0.08932,24.34,0,0.33,1784035717
All Pools,USDC - aXEN,,false,0.0891,9.148,0,0.89,1784035717
All Pools,ALOT - USDC.e,,false,0.08851,7.522,0,1.07,1784035717
All Pools,Gil - DAI.e,,false,0.08755,26.45,0,0.3,1784035717
All Pools,Psychic - SantaGospel,,false,0.08551,55.59,0,0.14,1784035717
All Pools,USDT.e - XAVA,,false,0.08496,10.79,0,0.72,1784035717
All Pools,MIM - AUSD,,false,0.08428,10.93,0,0.7,1784035717
All Pools,WTF - AVAX,,false,0.08416,520.79,0,0.01,1784035717
All Pools,MIM - TIME,,false,0.08248,26.35,0,0.29,1784035717
All Pools,LINK.e - MU,,false,0.0786,6.961,0,1.03,1784035717
All Pools,Who - AVAX,,false,0.07837,102.18,0,0.07,1784035717
All Pools,Psychic - Who,,false,0.07808,57.01,0,0.12,1784035717
All Pools,UST - USDT.e,,false,0.07754,38.46,0,0.18,1784035717
All Pools,Light - AVAX,,false,0.07684,64.45,0,0.11,1784035717
All Pools,Light - Now,,false,0.07663,646.33,0,0.01,1784035717
All Pools,WLRS - USDC.e,,false,0.07614,4045.85,0,0,1784035717
All Pools,PAPA - AVAX,,false,0.07584,11.04,0,0.63,1784035717
All Pools,MIM - PAPA,,false,0.07518,67.56,0,0.1,1784035717
All Pools,METAG - AVAX,,false,0.0742,19.99,0,0.34,1784035717
All Pools,TruthClosure - AVAX,,false,0.07411,7.701,0,0.88,1784035717
All Pools,TruthClosure - BLACK,,false,0.07398,13.03,0,0.52,1784035717
All Pools,JESUS - AVAX,,false,0.07382,9.314,0,0.72,1784035717
All Pools,SHOE - COQ,,false,0.07269,0.04924,0,134.69,1784035717
All Pools,AVAX - NEMO,,false,0.07175,6.63,0,0.99,1784035717
All Pools,USDt - NEMO,,false,0.07167,96.41,0,0.07,1784035717
All Pools,GOLD - AVAX,,false,0.07043,4.588,0,1.4,1784035717
All Pools,USDC.e - WOLF,,false,0.06873,7.619,0,0.82,1784035717
All Pools,AVAX - WOLF,,false,0.06871,54.73,0,0.11,1784035717
All Pools,AVAX - BLINK,,false,0.0687,1.277,0,4.91,1784035717
All Pools,WOOD - AVAX,,false,0.06713,19.7,0,0.31,1784035717
All Pools,SUB - USDC,,false,0.06585,11.42,0,0.53,1784035717
All Pools,AI9000 - AVAX,,false,0.0642,217.61,0,0.03,1784035717
All Pools,Ush - AVAX,,false,0.06395,2102.21,0,0,1784035717
All Pools,MU - SOL,,false,0.0637,1.109,0,5.24,1784035717
All Pools,AVAX - FORT,,false,0.06037,13.05,0,0.42,1784035717
All Pools,NOCHILL - MU,,false,0.06028,1.507,0,3.65,1784035717
All Pools,NOCHILL - REDWOLF,,false,0.05994,2.278,0,2.4,1784035717
All Pools,MIM - FORT,,false,0.0599,2727.73,0,0,1784035717
All Pools,FITFI - USDC,,false,0.05935,0.17482,0,30.98,1784035717
All Pools,AVAX - Nala,,false,0.05778,19.22,0,0.27,1784035717
All Pools,Psychic - Nala,,false,0.05753,210.65,0,0.02,1784035717
All Pools,DBY - AVAX,,false,0.05728,7470.12,0,0,1784035717
All Pools,BUSD - USDC,,false,0.05558,7.448,0,0.68,1784035717
All Pools,SLIME - AVAX,,false,0.05551,15398,0,0,1784035717
All Pools,SLIME - USDt,,false,0.05544,6.155,0,0.82,1784035717
All Pools,AVAX - GAU,,false,0.0543,5.793,0,0.86,1784035717
All Pools,COQ - AMI,,false,0.05349,8.115,0,0.6,1784035717
All Pools,KLO - USDT.e,,false,0.05261,5.476,0,0.88,1784035717
All Pools,GAS - AVAX,,false,0.04926,134.35,0,0.03,1784035717
All Pools,DUO - USDT.e,,false,0.04849,6.212,0,0.71,1784035717
All Pools,XAUt0 - ElvisJackpot,,false,0.04827,286.42,0,0.02,1784035717
All Pools,ElvisJackpot - BLACK,,false,0.04801,10.51,0,0.42,1784035717
All Pools,YEEHAW - AMI,,false,0.04735,3.023,0,1.43,1784035717
All Pools,USDC - AMI,,false,0.04715,0.50039,0,8.6,1784035717
All Pools,METAG - USDt,,false,0.04689,15.48,0,0.28,1784035717
All Pools,Yellow - BLACK,,false,0.04623,2.646,0,1.59,1784035717
All Pools,MIM - RUG,,false,0.04615,6.288,0,0.67,1784035717
All Pools,SUB - AVAX,,false,0.0455,15.12,0,0.27,1784035717
All Pools,UNIV - AVAX,,false,0.04525,6.103,0,0.68,1784035717
All Pools,gOHM - USDT.e,,false,0.04501,0.65091,0,6.31,1784035717
All Pools,CNR - USDC,,false,0.04469,4.486,0,0.91,1784035717
All Pools,MIM - UNIV,,false,0.04447,5.499,0,0.74,1784035717
All Pools,RUG - USDT.e,,false,0.04415,10.43,0,0.39,1784035717
All Pools,TSD - WOLF,,false,0.04292,28.13,0,0.14,1784035717
All Pools,WOLF - AVAX,,false,0.0429,46.74,0,0.08,1784035717
All Pools,BLS - SHRAP,,false,0.04259,8.432,0,0.46,1784035717
All Pools,KIMBO - AMI,,false,0.04114,2.335,0,1.61,1784035717
All Pools,CNR - REDWOLF,,false,0.04108,15.23,0,0.25,1784035717
All Pools,AVAX - SHRAP,,false,0.04049,11.92,0,0.31,1784035717
All Pools,CNR - USDt,,false,0.04036,4.501,0,0.82,1784035717
All Pools,MELT - USDC.e,,false,0.04018,5.979,0,0.61,1784035717
All Pools,ICUBE - AVAX,,false,0.04017,5.418,0,0.68,1784035717
All Pools,ROCO - AVAX,,false,0.04017,1348.18,0,0,1784035717
All Pools,SHK - AVAX,,false,0.04015,0.20793,0,17.62,1784035717
All Pools,ICUBE - USDT.e,,false,0.04011,107.97,0,0.03,1784035717
All Pools,MELT - AVAX,,false,0.04009,821.79,0,0,1784035717
All Pools,AVAX - BLANC,,false,0.03994,7.302,0,0.5,1784035717
All Pools,AVAX - GG,,false,0.03977,5.28,0,0.69,1784035717
All Pools,MIM - BLANC,,false,0.0395,1266.47,0,0,1784035717
All Pools,AVAI - USDC.e,,false,0.03855,26.89,0,0.13,1784035717
All Pools,JOE - CRA,,false,0.03788,7.105,0,0.49,1784035717
All Pools,WLRS - GRAPE,,false,0.03649,9.011,0,0.37,1784035717
All Pools,BRUH - AVAX,,false,0.03626,891.64,0,0,1784035717
All Pools,MIM - GG,,false,0.03535,73.81,0,0.04,1784035717
All Pools,AVAX - SDOG,,false,0.03526,6.663,0,0.48,1784035717
All Pools,BSGG - AVAX,,false,0.03462,2.563,0,1.23,1784035717
All Pools,AVAX - TMT,,false,0.0345,5.909,0,0.53,1784035717
All Pools,USDT.e - TMT,,false,0.03444,25.42,0,0.12,1784035717
All Pools,YAK - JOE,,false,0.03397,0.98883,0,3.14,1784035717
All Pools,USDC.e - RUG,,false,0.03369,17.55,0,0.18,1784035717
All Pools,GATOR - AMI,,false,0.03297,3.078,0,0.98,1784035717
All Pools,SURE - AVAX,,false,0.0329,5.429,0,0.55,1784035717
All Pools,MIM - TSNFTGM,,false,0.03227,3.506,0,0.84,1784035717
All Pools,NXPC - AVAX,,false,0.03186,1.004,0,2.89,1784035717
All Pools,gOHM - OTWO,,false,0.03185,91627,0,0,1784035717
All Pools,wsOHM - OTWO,,false,0.03148,1.551,0,1.85,1784035717
All Pools,TSNFTGM - DAI.e,,false,0.02979,29.28,0,0.09,1784035717
All Pools,MU - COQAI,,false,0.02971,5.644,0,0.48,1784035717
All Pools,bECH - AVAX,,false,0.02966,17.08,0,0.16,1784035717
All Pools,AVAX - CAST,,false,0.02953,1391.66,0,0,1784035717
All Pools,LUNA - LUNA,,false,0.02895,1.864,0,1.42,1784035717
All Pools,wMEMO - AVAX,,false,0.02826,6.516,0,0.4,1784035717
All Pools,USDT.e - DAI.e,,false,0.02809,7169.4,0,0,1784035717
All Pools,BTC.b - USDC,,false,0.02807,4.224,0,0.61,1784035717
All Pools,RUGPULL - MUG,,false,0.02772,130.51,0,0.02,1784035717
All Pools,USDR - USDC,,false,0.02758,40.57,0,0.06,1784035717
All Pools,METAG - USDT.e,,false,0.02738,47.52,0,0.05,1784035717
All Pools,JOE - ZUBAX,,false,0.02714,6.566,0,0.38,1784035717
All Pools,BENIS - AVAX,,false,0.02655,10.76,0,0.23,1784035717
All Pools,ARENA - AMI,,false,0.02634,0.88472,0,2.72,1784035717
All Pools,WETH.e - MU,,false,0.02623,1.815,0,1.32,1784035717
All Pools,SBR - AVAX,,false,0.02582,3.828,0,0.62,1784035717
All Pools,JOE - ZABU,,false,0.02578,13.14,0,0.18,1784035717
All Pools,WETH.e - meGNX,,false,0.02572,5.248,0,0.45,1784035717
All Pools,WDAO - AVAX,,false,0.02558,10.06,0,0.23,1784035717
All Pools,MIM - SBR,,false,0.02554,11.51,0,0.2,1784035717
All Pools,WDAO - MIM,,false,0.02535,5.474,0,0.42,1784035717
All Pools,wMEMO - MIM,,false,0.02487,4.448,0,0.51,1784035717
All Pools,AMI - SQRCAT,,false,0.02483,10.11,0,0.22,1784035717
All Pools,AVAX - SQRCAT,,false,0.02478,4270.16,0,0,1784035717
All Pools,GG - AVAX,,false,0.02416,5.789,0,0.38,1784035717
All Pools,ZUM - NOCHILL,,false,0.02398,0.74649,0,2.93,1784035717
All Pools,MIM - GG,,false,0.0239,4.994,0,0.44,1784035717
All Pools,GURS - NOCHILL,,false,0.02348,1.161,0,1.85,1784035717
All Pools,AVAX - NADO,,false,0.02336,2.613,0,0.82,1784035717
All Pools,MIM - NADO,,false,0.02311,177.22,0,0.01,1784035717
All Pools,FITFI - USDC.e,,false,0.0231,0.0937,0,22.5,1784035717
All Pools,YEEHAW - ARENA,,false,0.02185,0.86282,0,2.31,1784035717
All Pools,MELT - USDT.e,,false,0.02142,29.61,0,0.07,1784035717
All Pools,LoveIsTheKey - AVAX,,false,0.02083,10.48,0,0.18,1784035717
All Pools,LoveIsTheKey - BLACK,,false,0.0208,4.206,0,0.45,1784035717
All Pools,NOCHILL - WAIFU,,false,0.02035,138.25,0,0.01,1784035717
All Pools,USDC.e - WMATIC,,false,0.01999,16.14,0,0.11,1784035717
All Pools,WINK - NOCHILL,,false,0.01986,0.38709,0,4.68,1784035717
All Pools,REDWOLF - WMATIC,,false,0.01967,2.059,0,0.87,1784035717
All Pools,AVAX - AMONKS,,false,0.01953,1156.13,0,0,1784035717
All Pools,REDWOLF - AMONKS,,false,0.01947,5.686,0,0.31,1784035717
All Pools,AVAX - BAVA,,false,0.0186,8.699,0,0.2,1784035717
All Pools,SOB - AVAX,,false,0.0183,394.33,0,0,1784035717
All Pools,LIFE - AVAX,,false,0.01817,2.705,0,0.61,1784035717
All Pools,SOB - LUNA,,false,0.01799,0.80501,0,2.04,1784035717
All Pools,MIM - LIFE,,false,0.01795,11.34,0,0.14,1784035717
All Pools,MIM - DICK,,false,0.01742,2.179,0,0.73,1784035717
All Pools,MIM - sTHO,,false,0.01738,203.61,0,0.01,1784035717
All Pools,DICK - AVAX,,false,0.01733,6.174,0,0.26,1784035717
All Pools,WETH.e - USDR,,false,0.01721,2.481,0,0.63,1784035717
All Pools,ACS - USDt,,false,0.017,0.92056,0,1.69,1784035717
All Pools,DUNEV3 - USDC.e,,false,0.01688,25237,0,0,1784035717
All Pools,AMI - MU,,false,0.01671,1.25,0,1.22,1784035717
All Pools,WINK - AVAX,,false,0.01664,41.94,0,0.04,1784035717
All Pools,MIM - DUNEV3,,false,0.01654,53687,0,0,1784035717
All Pools,YAK - USDT.e,,false,0.01625,0.57901,0,2.56,1784035717
All Pools,AMI - COQAI,,false,0.01602,2.725,0,0.54,1784035717
All Pools,CRA - AVAX,,false,0.01601,7230.97,0,0,1784035717
All Pools,GURS - ARENA,,false,0.01599,5.324,0,0.27,1784035717
All Pools,MOO - AVAX,,false,0.01596,546.24,0,0,1784035717
All Pools,gOHM - USDC.e,,false,0.01586,0.33068,0,4.38,1784035717
All Pools,FINANCE - NOCHILL,,false,0.01577,367.94,0,0,1784035717
All Pools,USDT.e - BOREA,,false,0.01534,25.59,0,0.05,1784035717
All Pools,AVAX - BOREA,,false,0.01528,5.496,0,0.25,1784035717
All Pools,AAVE.e - USDC.e,,false,0.01497,1.301,0,1.05,1784035717
All Pools,Psychic - Solved,,false,0.01468,48.2,0,0.03,1784035717
All Pools,USDC.e - SPADE,,false,0.01463,15.4,0,0.09,1784035717
All Pools,AAVE.e - USDT.e,,false,0.01458,2.693,0,0.49,1784035717
All Pools,AVAX - SPADE,,false,0.01457,4.929,0,0.27,1784035717
All Pools,Solved - BLACK,,false,0.01429,1.318,0,0.99,1784035717
All Pools,Psychic - Architect,,false,0.01417,48.2,0,0.03,1784035717
All Pools,NRK - DAI.e,,false,0.01406,280.39,0,0,1784035717
All Pools,SMRT - XAVA,,false,0.01388,2.303,0,0.55,1784035717
All Pools,MIM - SPELL,,false,0.01382,2.466,0,0.51,1784035717
All Pools,Architect - BLACK,,false,0.01379,1.317,0,0.96,1784035717
All Pools,Anon - USDC,,false,0.01372,0.6688,0,1.87,1784035717
All Pools,Psychic - TwinFlames,,false,0.01371,48.74,0,0.03,1784035717
All Pools,UST - USDC,,false,0.01359,3.928,0,0.32,1784035717
All Pools,Psychic - QuetzalCoatl,,false,0.01359,48.2,0,0.03,1784035717
All Pools,Psychic - Checkmate,,false,0.01358,48.31,0,0.03,1784035717
All Pools,Spider - Psychic,,false,0.01354,48.16,0,0.03,1784035717
All Pools,HCT - AVAX,,false,0.01352,2.651,0,0.47,1784035717
All Pools,Psychic - daVinci,,false,0.01351,48.19,0,0.03,1784035717
All Pools,Psychic - Bonfire,,false,0.01347,48.2,0,0.03,1784035717
All Pools,Choice - Psychic,,false,0.01346,48.17,0,0.03,1784035717
All Pools,BLACK - TwinFlames,,false,0.01337,1.337,0,0.91,1784035717
All Pools,QuetzalCoatl - BLACK,,false,0.01324,1.317,0,0.92,1784035717
All Pools,Checkmate - BLACK,,false,0.01324,1.32,0,0.91,1784035717
All Pools,Spider - BLACK,,false,0.01321,1.326,0,0.91,1784035717
All Pools,daVinci - BLACK,,false,0.01317,1.318,0,0.91,1784035717
All Pools,Bonfire - BLACK,,false,0.01314,1.318,0,0.91,1784035717
All Pools,Choice - BLACK,,false,0.01314,1.324,0,0.91,1784035717
All Pools,Psychic - Partment,,false,0.01296,48.18,0,0.02,1784035717
All Pools,HIGHER - AVAX,,false,0.01289,1.209,0,0.97,1784035717
All Pools,BLACK - Partment,,false,0.01275,1.318,0,0.88,1784035717
All Pools,Psychic - Sequence,,false,0.01274,48.21,0,0.02,1784035717
All Pools,Psychic - Crypt,,false,0.01273,48.16,0,0.02,1784035717
All Pools,Psychic - TheArcher,,false,0.01271,48.22,0,0.02,1784035717
All Pools,Psychic - LordJesusChrist,,false,0.01265,46.28,0,0.02,1784035717
All Pools,MPL - USDt,,false,0.01255,29.69,0,0.04,1784035717
All Pools,Sequence - BLACK,,false,0.01254,1.312,0,0.87,1784035717
All Pools,Crypt - BLACK,,false,0.01253,1.323,0,0.86,1784035717
All Pools,TheArcher - BLACK,,false,0.01251,1.314,0,0.87,1784035717
All Pools,MPL - AVAX,,false,0.01247,5.087,0,0.22,1784035717
All Pools,LordJesusChrist - BLACK,,false,0.01243,1.27,0,0.89,1784035717
All Pools,CNR - AVAX,,false,0.01242,48.51,0,0.02,1784035717
All Pools,ARA - AVAX,,false,0.01232,2.341,0,0.48,1784035717
All Pools,WTHT - AXIAL,,false,0.01226,0.28592,0,3.91,1784035717
All Pools,SaintGermain - BLACK,,false,0.01222,1.352,0,0.82,1784035717
All Pools,BGLD - USDT.e,,false,0.01211,16.36,0,0.07,1784035717
All Pools,Gravity - SaintGermain,,false,0.01209,17.87,0,0.06,1784035717
All Pools,BGLD - AVAX,,false,0.01205,3.598,0,0.31,1784035717
All Pools,Psychic - FinityFinity,,false,0.01194,48.21,0,0.02,1784035717
All Pools,AVAX - APE - X,,false,0.01183,477.2,0,0,1784035717
All Pools,TECH - AMI,,false,0.01146,1.638,0,0.64,1784035717
All Pools,Psychic - Gematria,,false,0.01144,48.21,0,0.02,1784035717
All Pools,USDC - USDT.e,,false,0.01134,154.5,0,0.01,1784035717
All Pools,BLACK - Gematria,,false,0.01117,1.309,0,0.78,1784035717
All Pools,AAVE.e - meGNX,,false,0.01108,3.702,0,0.27,1784035717
All Pools,AMPL - AVAX,,false,0.011,206.66,0,0,1784035717
All Pools,JOE - GB,,false,0.01088,0.16664,0,5.96,1784035717
All Pools,Trinity - IfYouKnowYouKnow,,false,0.01075,3.269,0,0.3,1784035717
All Pools,BLACK - IfYouKnowYouKnow,,false,0.01047,1.305,0,0.73,1784035717
All Pools,AVAX - USDR,,false,0.01039,2.514,0,0.38,1784035717
All Pools,YEEHAW - ABC,,false,0.01031,0.22321,0,4.22,1784035717
All Pools,aAvaLINK - AVAX,,false,0.01027,7.435,0,0.13,1784035717
All Pools,aAvaLINK - LINK.e,,false,0.01011,1.603,0,0.58,1784035717
All Pools,TEMPO - AVAX,,false,0.01003,1.845,0,0.5,1784035717
All Pools,WOLF - MU,,false,0.00999,3.821,0,0.24,1784035717
All Pools,MIM - TEMPO,,false,0.00994,5.238,0,0.17,1784035717
All Pools,GMX - USDC,,false,0.00975,0.82466,0,1.08,1784035717
All Pools,USDC - WSPP,,false,0.00952,41.92,0,0.02,1784035717
All Pools,AVAX - WSPP,,false,0.00947,2.341,0,0.37,1784035717
All Pools,HERESY - MEOW,,false,0.00917,0.19542,0,4.28,1784035717
All Pools,wALGO - USDC,,false,0.00914,2.39,0,0.35,1784035717
All Pools,wALGO - AVAX,,false,0.00911,116.58,0,0.01,1784035717
All Pools,NXPC - USDC,,false,0.009,0.67498,0,1.22,1784035717
All Pools,BLACK - SantaGospel,,false,0.00899,2.616,0,0.31,1784035717
All Pools,XIO - USDC,,false,0.00896,23.95,0,0.03,1784035717
All Pools,XIO - AVAX,,false,0.00892,2.345,0,0.35,1784035717
All Pools,AVAX - WOHM,,false,0.00871,1.178,0,0.67,1784035717
All Pools,GURS - AMI,,false,0.00867,1.256,0,0.63,1784035717
All Pools,MIM - WOHM,,false,0.00859,13.58,0,0.06,1784035717
All Pools,USDC.e - UST,,false,0.00852,1.56,0,0.5,1784035717
All Pools,HH - ARENA,,false,0.00847,1.68,0,0.46,1784035717
All Pools,HH - AVAX,,false,0.0084,240.75,0,0,1784035717
All Pools,Gladiator - AVAX,,false,0.00834,1.531,0,0.5,1784035717
All Pools,NOCHILL - ARENA,,false,0.00833,0.26333,0,2.88,1784035717
All Pools,BTC.b - yyAVAX,,false,0.00824,4.233,0,0.18,1784035717
All Pools,KOKSAL - USDC,,false,0.00821,4.434,0,0.17,1784035717
All Pools,KOKSAL - AVAX,,false,0.00817,2.794,0,0.27,1784035717
All Pools,BNZ - KET,,false,0.00805,2.456,0,0.3,1784035717
All Pools,WETH.e - STATIK,,false,0.00796,1.01,0,0.72,1784035717
All Pools,AVAX - LYLY,,false,0.0079,51.14,0,0.01,1784035717
All Pools,DUA - USDC,,false,0.00789,11.42,0,0.06,1784035717
All Pools,QI - LYLY,,false,0.00787,1.787,0,0.4,1784035717
All Pools,AVAX - DUA,,false,0.00785,1.74,0,0.41,1784035717
All Pools,JOE - AVE,,false,0.00774,1.198,0,0.59,1784035717
All Pools,AVAX - SOL,,false,0.00772,0.06741,0,10.45,1784035717
All Pools,MIM - YAK,,false,0.00754,0.17447,0,3.94,1784035717
All Pools,BEAM - MU,,false,0.00736,0.95593,0,0.7,1784035717
All Pools,AVAX - EDG,,false,0.0073,1.4,0,0.48,1784035717
All Pools,MIM - EDG,,false,0.00722,1.596,0,0.41,1784035717
All Pools,ORNG - JUICE,,false,0.00685,1.351,0,0.46,1784035717
All Pools,HIGHER - AMI,,false,0.00682,1.874,0,0.33,1784035717
All Pools,GAINS - AVAX,,false,0.00658,30.95,0,0.02,1784035717
All Pools,GAINS - COQ,,false,0.00654,1.388,0,0.43,1784035717
All Pools,AVAX - VYBE,,false,0.00635,1.697,0,0.34,1784035717
All Pools,MIM - VYBE,,false,0.00628,0.88269,0,0.65,1784035717
All Pools,BIRD - AVAX,,false,0.0062,0.00958,0,59.12,1784035717
All Pools,LF - USDT.e,,false,0.00618,0.98392,0,0.57,1784035717
All Pools,COQ - ARENA,,false,0.00608,0.81194,0,0.68,1784035717
All Pools,HIGHER - NOCHILL,,false,0.00602,0.18503,0,2.97,1784035717
All Pools,CANS - AVAX,,false,0.00594,8.05,0,0.07,1784035717
All Pools,HEFE - CANS,,false,0.00593,4.745,0,0.11,1784035717
All Pools,MUMO - USDC,,false,0.00592,7.944,0,0.07,1784035717
All Pools,GMX - USDt,,false,0.00581,0.34098,0,1.55,1784035717
All Pools,AVAX - AXIAL,,false,0.00578,603.75,0,0,1784035717
All Pools,JOE - USDt,,false,0.0053,0.64671,0,0.75,1784035717
All Pools,MUMO - SOL,,false,0.00498,0.07242,0,6.28,1784035717
All Pools,TEDDY - USDC,,false,0.00489,0.62469,0,0.71,1784035717
All Pools,QI - USDC.e,,false,0.00487,0.63965,0,0.69,1784035717
All Pools,AVAX - PAR,,false,0.0048,1.31,0,0.33,1784035717
All Pools,MIM - PAR,,false,0.00473,0.47959,0,0.9,1784035717
All Pools,AVAX - LODE,,false,0.00423,0.85042,0,0.45,1784035717
All Pools,FLOT - COQ,,false,0.00422,0.48768,0,0.79,1784035717
All Pools,USDC.e - GG,,false,0.00414,0.37253,0,1.01,1784035717
All Pools,ABC - MU,,false,0.00411,0.04838,0,7.76,1784035717
All Pools,BNZ - WINK,,false,0.00408,0.24453,0,1.52,1784035717
All Pools,AVAX - ASND,,false,0.00397,0.12006,0,3.02,1784035717
All Pools,AVAX - MICRO,,false,0.00396,18.78,0,0.02,1784035717
All Pools,AMI - EROL,,false,0.00394,0.30403,0,1.18,1784035717
All Pools,MIM - ASND,,false,0.00382,79.14,0,0,1784035717
All Pools,ERROR - AMI,,false,0.0035,1.743,0,0.18,1784035717
All Pools,AVAX - WINE,,false,0.00343,0.08552,0,3.65,1784035717
All Pools,AVAX - MTB,,false,0.00321,0.43011,0,0.68,1784035717
All Pools,AVAX - DREX,,false,0.00317,0.20139,0,1.44,1784035717
All Pools,MIM - MTB,,false,0.00315,0.45072,0,0.64,1784035717
All Pools,MIM - DREX,,false,0.00312,5.722,0,0.05,1784035717
All Pools,PinOcchio - AVAX,,false,0.00307,7.828,0,0.04,1784035717
All Pools,PinOcchio - Gravity,,false,0.00306,1.5,0,0.19,1784035717
All Pools,XETA - AVAX,,false,0.003,0.18161,0,1.51,1784035717
All Pools,SNTA - MIM,,false,0.00299,0.32843,0,0.83,1784035717
All Pools,GRAPE - AVAX,,false,0.00298,0.09671,0,2.81,1784035717
All Pools,LIFE - AVAX,,false,0.00294,0.74953,0,0.36,1784035717
All Pools,MIM - LIFE,,false,0.00289,0.24013,0,1.1,1784035717
All Pools,USDC.e - TIME,,false,0.0028,0.19463,0,1.31,1784035717
All Pools,DB - AVAX,,false,0.00271,1.385,0,0.18,1784035717
All Pools,STG - JOE,,false,0.00268,0.10546,0,2.32,1784035717
All Pools,xJOE - AVAX,,false,0.00268,1.801,0,0.14,1784035717
All Pools,FAP - AVAX,,false,0.00267,68.55,0,0,1784035717
All Pools,MIM - DB,,false,0.00266,0.19204,0,1.26,1784035717
All Pools,xJOE - wsOHM,,false,0.00263,0.18111,0,1.32,1784035717
All Pools,COQ - HOWDY,,false,0.00263,0.1602,0,1.5,1784035717
All Pools,MIM - FAP,,false,0.00255,0.04822,0,4.83,1784035717
All Pools,sAVAX - AMI,,false,0.00242,0.24874,0,0.89,1784035717
All Pools,xAVAX - USDC,,false,0.00241,0.21398,0,1.03,1784035717
All Pools,YEEHAW - xAVAX,,false,0.00237,0.19908,0,1.09,1784035717
All Pools,AVAX - PLEB,,false,0.0021,0.0899,0,2.13,1784035717
All Pools,MIM - PLEB,,false,0.00205,8.104,0,0.02,1784035717
All Pools,LUNA - USDC,,false,0.00199,0.09505,0,1.91,1784035717
All Pools,MIM - AKITA,,false,0.00197,0.08204,0,2.19,1784035717
All Pools,USDC.e - XAVA,,false,0.00177,0.34316,0,0.47,1784035717
All Pools,UST - WINE,,false,0.00152,0.1162,0,1.19,1784035717
All Pools,TSD - USDC.e,,false,0.00148,0.06258,0,2.16,1784035717
All Pools,ILoveMyTwinFlame - AVAX,,false,0.00115,4.031,0,0.03,1784035717
All Pools,ILoveMyTwinFlame - Gravity,,false,0.00114,1.621,0,0.06,1784035717
All Pools,LYD - AVAX,,false,0.0011,0.65208,0,0.15,1784035717
All Pools,LYD - REDWOLF,,false,0.00109,4.117,0,0.02,1784035717
All Pools,YEEHAW - Gladiator,,false,0.00108,0.0833,0,1.19,1784035717
All Pools,USDC - XPOW,,false,0.00102,0.02429,0,3.81,1784035717
All Pools,GRAPE - USDC.e,,false,0.00101,0.03921,0,2.34,1784035717
All Pools,COQ - USDt,,false,0,0.04155,0,2.03,1784035717
All Pools,YEEHAW - MU,,false,0,0.1207,0,0.66,1784035717
All Pools,CRAFT - AVAX,,false,0,292.72,0,0,1784035717
All Pools,ROCO - USDT.e,,false,0,0.10327,0,0.67,1784035717
All Pools,QI - USDC,,false,0,0.06999,0,0.98,1784035717
All Pools,SYN - JOE,,false,0,0.01831,0,3.49,1784035717
All Pools,FollowTheWhiteRabbit - AVAX,,false,0,116.81,0,0,1784035717
All Pools,FollowTheWhiteRabbit - BLACK,,false,0,0.12984,0,0.4,1784035717
All Pools,SYN - XAVA,,false,0,0.00576,0,6.88,1784035717
All Pools,SPORE - USDC,,false,0,1402.45,0,0,1784035717
All Pools,DONK - AVAX,,false,0,21.84,0,0,1784035717
All Pools,aAVAXb - AVAX,,false,0,0.25804,0,0.02,1784035717
All Pools,SMRT - TMT,,false,0,0.13748,0,0.02,1784035717
All Pools,MIM - SMRT,,false,0,0.54276,0,0,1784035717
All Pools,EZE - AVAX,,false,0,0.04884,0,0.02,1784035717
All Pools,MU - KET,,false,0,0.93449,0,0,1784035717
All Pools,aAvaWAVAX - AVAX,,false,0,0.18768,0,0,1784035717
All Pools,FATE - USDC,,false,0,448673,0,0,1784035717
All Pools,bJOE - JOE,,false,0,0.05546,0,0,1784035717
All Pools,bXAVA - XAVA,,false,0,0.04607,0,0,1784035717
All Pools,MIM - JOE,,false,0,0.00218,0,0.02,1784035717
All Pools,bUSDT - AVAX,,false,0,0.00221,0,0.01,1784035717
All Pools,GB - USDC.e,,false,0,0.00204,0,0,1784035717
All Pools,YTS - GB,,false,0,0.00107,0,0,1784035717
All Pools,GB - BOOFI,,false,0,0,0,0,1784035717
All Pools,AVAX - avWAVAX,,false,0,0.00102,0,0,1784035717
All Pools,SPORE - JOE,,false,0,0.41681,0,0,1784035717
All Pools,GB - XAVA,,false,0,0,0,0,1784035717
All Pools,AVAX - bWETH,,false,0,0,0,0.2,1784035717