filter,pool_name,fee_percent,has_rewards,volume_24h,liquidity,fees_24h,apr_24h,epoch_time
All Pools,AVAX - USDC,,False,775056.0,368856.0,410.3,40.6,1784852941
All Pools,sAVAX - AVAX,,False,135195.0,50205.0,14.42,10.48,1784852941
All Pools,ARENA - AVAX,,False,56646.0,211764.0,5.653,0.97,1784852941
All Pools,sAVAX - AVAX,,False,36762.0,50611.0,36.88,26.6,1784852941
All Pools,BTC.b - USDC,,False,29375.0,587717.0,14.98,0.93,1784852941
All Pools,AUSD - USDC,,False,29068.0,117750.0,2.96,0.92,1784852941
All Pools,USDt - USDC,,False,28617.0,162675.0,2.291,0.51,1784852941
All Pools,USDt - USDC,,False,19566.0,159931.0,1.374,0.31,1784852941
All Pools,WETH.e - USDC,,False,18521.0,9760.69,27.87,104.22,1784852941
All Pools,AVAX - USDC,,False,17312.0,339417.0,43.28,4.65,1784852941
All Pools,AVAX - USDT.e,,False,15373.0,461083.0,38.43,3.04,1784852941
All Pools,USDC.e - AVAX,,False,13946.0,358784.0,34.86,3.55,1784852941
All Pools,XAUt0 - USDt,,False,11700.0,27517.0,5.288,7.01,1784852941
All Pools,USDT.e - USDC,,False,10992.0,50925.0,2.218,1.59,1784852941
All Pools,AVAX - USDt,,False,10071.0,96065.0,20.36,7.74,1784852941
All Pools,USDT.e - USDt,,False,7795.35,44304.0,1.56,1.29,1784852941
All Pools,COQ - AVAX,,False,7739.16,416376.0,19.35,1.7,1784852941
All Pools,AVAX - BTC.b,,False,6992.56,25116.0,4.153,6.04,1784852941
All Pools,FOLKS - AVAX,,False,6992.08,34477.0,17.61,18.65,1784852941
All Pools,WETH.e - AVAX,,False,6307.41,368984.0,15.77,1.56,1784852941
All Pools,AAVE.e - AVAX,,False,5237.9,254953.0,13.09,1.87,1784852941
All Pools,USDC.e - USDC,,False,5112.35,9702.25,0.511,1.92,1784852941
All Pools,USDC - XAVA,,False,4779.88,493104.0,11.95,0.88,1784852941
All Pools,JOE - USDC.e,,False,4464.94,257584.0,11.16,1.58,1784852941
All Pools,QI - AVAX,,False,4398.92,117656.0,11.0,3.41,1784852941
All Pools,AUSD - USDt,,False,3948.81,54725.0,0.42072,0.28,1784852941
All Pools,JOE - AVAX,,False,3436.46,206055.0,8.591,1.52,1784852941
All Pools,NXUSD - WXT,,False,3398.77,461225.0,8.497,0.67,1784852941
All Pools,NOCHILL - AVAX,,False,2972.14,53019.0,7.43,5.12,1784852941
All Pools,XAVA - AVAX,,False,2874.41,120652.0,23.56,7.13,1784852941
All Pools,DAI.e - USDC,,False,2760.81,26570.0,0.54125,0.74,1784852941
All Pools,HERESY - AVAX,,False,2676.96,17240.0,6.692,14.17,1784852941
All Pools,WBTC.e - AVAX,,False,2589.45,130435.0,6.474,1.81,1784852941
All Pools,BTC.b - AVAX,,False,2150.74,106604.0,5.377,1.84,1784852941
All Pools,ZRO - AVAX,,False,2088.87,1571.88,18.25,423.73,1784852941
All Pools,QI - AVAX,,False,2052.02,7668.28,5.186,24.69,1784852941
All Pools,gOHM - AVAX,,False,1993.16,124926.0,4.983,1.46,1784852941
All Pools,WBTC - BTC.b,,False,1786.12,68779.0,0.53958,0.29,1784852941
All Pools,USDt - AVAX,,False,1638.78,37777.0,4.097,3.96,1784852941
All Pools,ORNG - AVAX,,False,1510.7,16373.0,3.777,8.42,1784852941
All Pools,GUN - AVAX,,False,1461.8,9036.11,5.297,21.4,1784852941
All Pools,MIM - AVAX,,False,1212.07,159708.0,3.03,0.69,1784852941
All Pools,SolvBTC - BTC.b,,False,1130.68,174823.0,0.56597,0.12,1784852941
All Pools,AVAX - DAI.e,,False,1023.14,27884.0,2.558,3.35,1784852941
All Pools,USDC.e - USDC,,False,998.52,3884.69,0.20033,1.88,1784852941
All Pools,OSAK - AVAX,,False,977.05,3137.69,2.443,28.41,1784852941
All Pools,KIMBO - AVAX,,False,914.01,40189.0,2.285,2.08,1784852941
All Pools,TOPIA - BTC.b,,False,707.53,446.17,1.149,93.96,1784852941
All Pools,BEAM - USDC,,False,692.79,63595.0,1.732,0.99,1784852941
All Pools,GMX - AVAX,,False,682.33,4051.58,1.706,15.37,1784852941
All Pools,HUNDRED - USDC,,False,681.77,474974.0,1.704,0.13,1784852941
All Pools,BEAM - AVAX,,False,664.71,13633.0,1.677,4.49,1784852941
All Pools,LINK.e - AVAX,,False,646.93,38777.0,1.617,1.52,1784852941
All Pools,SYN - AVAX,,False,580.98,3865.91,1.452,13.71,1784852941
All Pools,JPYC - USDC,,False,578.26,2994.67,0.45595,5.56,1784852941
All Pools,EURC - USDC,,False,484.34,10101.0,0.14716,0.53,1784852941
All Pools,MOR - AVAX,,False,478.32,964.13,1.196,45.27,1784852941
All Pools,JOE - USDT.e,,False,465.77,51694.0,1.164,0.82,1784852941
All Pools,USDT.e - USDC,,False,443.7,894.92,0.04564,1.86,1784852941
All Pools,PTOP900 - BTC.b,,False,383.76,223.54,2.072,338.38,1784852941
All Pools,PTOP800 - AVAX,,False,359.96,140.46,1.594,414.27,1784852941
All Pools,USDt - ncash,,False,326.86,1003.56,0.81714,29.72,1784852941
All Pools,WOLF - AVAX,,False,310.01,27054.0,0.77502,1.05,1784852941
All Pools,AVAX - TOPIA,,False,303.25,1540.44,0.75813,17.96,1784852941
All Pools,USDC.e - USDC,,False,301.02,1948.44,0.06049,1.13,1784852941
All Pools,PTOP1300 - AVAX,,False,280.02,16.39,1.402,3122.66,1784852941
All Pools,PTOP1200 - AVAX,,False,275.19,0.07275,1.374,689351.86,1784852941
All Pools,PTOP1100 - AVAX,,False,269.43,85.61,1.301,554.89,1784852941
All Pools,JOE - USDC,,False,249.51,23436.0,0.62377,0.97,1784852941
All Pools,SB - AVAX,,False,235.88,5850.32,0.5897,3.68,1784852941
All Pools,PTOP1100 - BTC.b,,False,224.26,498.59,0.76823,56.24,1784852941
All Pools,AVAX - XAVA,,False,200.75,12742.0,0.50187,1.44,1784852941
All Pools,NXPC - USDC,,False,192.26,90.3,1.563,631.8,1784852941
All Pools,APIX - ARENA,,False,187.1,2162.16,0.46775,7.9,1784852941
All Pools,WABBIT - AVAX,,False,175.14,3993.25,0.43786,4.0,1784852941
All Pools,MUON - AVAX,,False,174.31,41739.0,0.43578,0.38,1784852941
All Pools,w3ULL - AVAX,,False,172.21,47284.0,0.43053,0.33,1784852941
All Pools,SHRAP - AVAX,,False,172.07,7582.17,1.384,6.66,1784852941
All Pools,USDt - INFRA.e,,False,160.84,24721.0,0.40209,0.59,1784852941
All Pools,WTHT - USDC,,False,159.79,256.81,2.313,328.68,1784852941
All Pools,CAPY - ARENA,,False,147.28,32492.0,0.36819,0.41,1784852941
All Pools,AVAX - JUICE,,False,146.25,9865.68,0.36562,1.35,1784852941
All Pools,HEFE - AVAX,,False,135.49,25795.0,0.33873,0.48,1784852941
All Pools,DAI.e - USDC,,False,129.35,2286.95,0.02514,0.4,1784852941
All Pools,TOPIA - AVAX,,False,128.51,3524.31,0.46971,4.86,1784852941
All Pools,APIX - ID,,False,123.02,17141.0,0.30756,0.65,1784852941
All Pools,PTOP800 - BTC.b,,False,119.98,572.86,0.41932,26.72,1784852941
All Pools,AVAX - BGR,,False,119.3,241.81,0.29824,45.02,1784852941
All Pools,AI - AVAX,,False,119.19,3117.23,0.29798,3.49,1784852941
All Pools,ABC - AVAX,,False,112.9,477.64,0.28225,21.57,1784852941
All Pools,ALOT - AVAX,,False,110.61,9891.85,0.27653,1.02,1784852941
All Pools,WETH.e - USDC.e,,False,110.33,11072.0,0.27582,0.91,1784852941
All Pools,TECH - AVAX,,False,99.25,8961.76,0.24813,1.01,1784852941
All Pools,BOI - AVAX,,False,98.61,37.32,0.24652,241.12,1784852941
All Pools,PTOP1000 - USDC,,False,96.51,105.31,0.30623,106.14,1784852941
All Pools,APIX - USDt,,False,92.97,5504.08,0.23242,1.54,1784852941
All Pools,FLD - AVAX,,False,92.84,34363.0,0.23211,0.25,1784852941
All Pools,FLOT - AVAX,,False,83.38,2750.96,0.20845,2.77,1784852941
All Pools,UST - AVAX,,False,77.05,5660.17,0.19263,1.24,1784852941
All Pools,gOHM - FRAX,,False,76.46,3425.62,0.19114,2.04,1784852941
All Pools,AVAX - DOMI,,False,74.79,10635.0,0.18697,0.64,1784852941
All Pools,BLSEYE🎯 - AVAX,,False,72.99,4368.49,0.18247,1.52,1784852941
All Pools,PTOP900 - USDC,,False,71.6,143.69,0.13453,34.17,1784852941
All Pools,HAT - AVAX,,False,70.94,6947.15,0.17735,0.93,1784852941
All Pools,PTOP900 - AVAX,,False,69.8,0.0,0.22535,,1784852941
All Pools,HUSKY - AVAX,,False,68.29,2101.36,0.17073,2.97,1784852941
All Pools,HOWDY - AVAX,,False,67.83,6642.54,0.16958,0.93,1784852941
All Pools,WBTC.e - BTC.b,,False,66.0,232088.0,0.0214,0.0,1784852941
All Pools,BLSEYE🎯 - ARENA,,False,65.9,1187.8,0.16475,5.06,1784852941
All Pools,APIX - USDC,,False,65.09,2750.51,0.16274,2.16,1784852941
All Pools,XSEED - AVAX,,False,54.23,9696.4,0.13557,0.51,1784852941
All Pools,AVAX - aXEN,,False,52.25,161.15,0.13063,29.59,1784852941
All Pools,MIM - SB,,False,47.28,1962.11,0.11821,2.2,1784852941
All Pools,MEAT - AVAX,,False,46.62,2967.69,0.11656,1.43,1784852941
All Pools,XPOW - AVAX,,False,46.46,620.36,0.37391,22.0,1784852941
All Pools,FITFI - USDT.e,,False,45.25,67.69,0.11313,61.0,1784852941
All Pools,AVAX - UST,,False,44.7,6555.28,0.11176,0.62,1784852941
All Pools,YEEHAW - HOWDY,,False,44.04,7454.8,0.1101,0.54,1784852941
All Pools,MIM - LF,,False,42.75,299.2,0.10687,13.04,1784852941
All Pools,PTOP700 - BTC.b,,False,41.61,252.41,0.05192,7.51,1784852941
All Pools,PTOP400 - AVAX,,False,41.29,217.41,0.04203,7.06,1784852941
All Pools,STG - USDC,,False,41.29,1193.14,0.10323,3.16,1784852941
All Pools,LF - AVAX,,False,38.91,236.96,0.09727,14.98,1784852941
All Pools,STG - AVAX,,False,38.7,981.01,0.09674,3.6,1784852941
All Pools,BTC.b - TOPIA,,False,38.59,595.33,0.09647,5.91,1784852941
All Pools,GRO - MOR,,False,36.46,139.7,0.09116,23.82,1784852941
All Pools,GRO - AVAX,,False,32.37,269.27,0.08093,10.97,1784852941
All Pools,ALOT - AVAX,,False,31.75,1341.75,0.25334,6.89,1784852941
All Pools,USDt - USDC,,False,31.43,2229.97,0.00629,0.1,1784852941
All Pools,GENI - USDC,,False,31.15,1092.66,0.07787,2.6,1784852941
All Pools,ABC - HOWDY,,False,30.93,496.41,0.07732,5.68,1784852941
All Pools,AVAX - ALVA,,False,29.97,671.76,0.07492,4.07,1784852941
All Pools,APIX - LAMBO,,False,29.39,372.94,0.07348,7.19,1784852941
All Pools,MIM - USDT.e,,False,29.3,1348.12,0.07326,1.98,1784852941
All Pools,USDC.e - WMATIC,,False,29.24,12.82,0.07311,208.21,1784852941
All Pools,AVAX - AMI,,False,25.8,397.79,0.06449,5.92,1784852941
All Pools,AVAX - AKITAX,,False,25.58,370.2,0.06395,6.31,1784852941
All Pools,WHEAT - MOR,,False,25.5,96.61,0.06375,24.09,1784852941
All Pools,AVAX - SOLNIC,,False,22.61,3367.88,0.05652,0.61,1784852941
All Pools,Psychic - AVAX,,False,22.48,861.74,0.0562,2.38,1784852941
All Pools,SECOND - USDC,,False,22.37,7012.3,0.05592,0.29,1784852941
All Pools,WHEAT - AVAX,,False,22.25,257.08,0.05563,7.9,1784852941
All Pools,aDXN - AVAX,,False,21.31,55.32,0.05329,35.16,1784852941
All Pools,PTOP900 - TOPIA,,False,20.69,166.0,0.05171,11.37,1784852941
All Pools,XPOW - AVAX,,False,20.26,1173.36,0.05064,1.58,1784852941
All Pools,USDC - GAU,,False,20.07,703.44,0.05017,2.6,1784852941
All Pools,ISA - AVAX,,False,19.87,16301.0,0.04967,0.11,1784852941
All Pools,GUN - BLSEYE🎯,,False,19.83,418.74,0.04956,4.32,1784852941
All Pools,SECOND - AVAX,,False,19.58,1429.25,0.04895,1.25,1784852941
All Pools,ISA - USDC.e,,False,19.42,1417.28,0.04855,1.25,1784852941
All Pools,ROY - AVAX,,False,17.25,3827.58,0.04312,0.41,1784852941
All Pools,EGG - AVAX,,False,17.06,15912.0,0.04265,0.1,1784852941
All Pools,ARENA - AVAX,,False,16.72,405.86,0.42265,38.01,1784852941
All Pools,BabyCoq - AVAX,,False,16.48,1476.12,0.0412,1.02,1784852941
All Pools,RGOGLZ - USDC,,False,16.18,1304.46,0.04044,1.13,1784852941
All Pools,PNG - AVAX,,False,15.4,772.82,0.03851,1.82,1784852941
All Pools,PTOP1200 - TOPIA,,False,15.13,158.75,0.03782,8.69,1784852941
All Pools,PTOP1100 - TOPIA,,False,14.87,166.31,0.03719,8.16,1784852941
All Pools,DCAU - USDT.e,,False,14.62,5004.39,0.03655,0.27,1784852941
All Pools,HOWDY - USDC,,False,13.61,3047.36,0.03403,0.41,1784852941
All Pools,TOPIA - PTOP800,,False,12.85,159.91,0.03211,7.33,1784852941
All Pools,Psychic - XAUt0,,False,12.79,5748.21,0.03198,0.2,1784852941
All Pools,MIM - USDC.e,,False,12.77,685.62,0.03192,1.7,1784852941
All Pools,PTOP1300 - TOPIA,,False,12.75,151.36,0.03189,7.69,1784852941
All Pools,ZRO - AVAX,,False,12.69,127.13,0.03174,9.11,1784852941
All Pools,DCAU - AVAX,,False,12.61,989.86,0.03152,1.16,1784852941
All Pools,GURS - AVAX,,False,12.45,5208.44,0.03112,0.22,1784852941
All Pools,AVAX - FRAX,,False,12.43,650.35,0.03108,1.74,1784852941
All Pools,MAI - AVAX,,False,12.08,1527.4,0.03019,0.72,1784852941
All Pools,PRIME - AVAX,,False,11.37,141753.0,0.04804,0.01,1784852941
All Pools,HATCHY - AVAX,,False,11.36,6737.05,0.0284,0.15,1784852941
All Pools,aUSD - USDC,,False,10.04,2839.06,0.00275,0.04,1784852941
All Pools,HOWDY - AMI,,False,9.955,1509.49,0.02489,0.6,1784852941
All Pools,Balln - AVAX,,False,9.628,4092.31,0.02407,0.21,1784852941
All Pools,HYDRA - AVAX,,False,9.621,337.76,0.02405,2.6,1784852941
All Pools,Gladiator - ARENA,,False,9.186,572.02,0.02297,1.47,1784852941
All Pools,AVAX - SPELL,,False,8.894,1825.34,0.02224,0.44,1784852941
All Pools,Gladiator - USDC,,False,8.847,330.9,0.02212,2.44,1784852941
All Pools,PTOP1000 - TOPIA,,False,8.025,161.31,0.02006,4.54,1784852941
All Pools,USV - DAI.e,,False,7.597,3958.41,0.01899,0.18,1784852941
All Pools,APOW - AVAX,,False,7.466,1263.28,0.01867,0.54,1784852941
All Pools,ROCO - AVAX,,False,7.319,1284.33,0.0183,0.52,1784852941
All Pools,TOPIA - PTOP600,,False,7.207,150.71,0.01802,4.36,1784852941
All Pools,APOW - XPOW,,False,7.196,1158.83,0.01799,0.57,1784852941
All Pools,GUN - AVAX,,False,7.079,186.59,0.0177,3.46,1784852941
All Pools,TOPIA - PTOP10000,,False,6.986,162.22,0.01747,3.93,1784852941
All Pools,USDC.e - DAI.e,,False,6.792,22129.0,0.01698,0.03,1784852941
All Pools,USDC.e - USDT.e,,False,6.755,40097.0,0.01689,0.02,1784852941
All Pools,AVAX - ELK,,False,6.618,1261.82,0.01655,0.48,1784852941
All Pools,AVAX - ARENA,,False,6.522,78.33,0.0163,7.6,1784852941
All Pools,DATCM - ORNG,,False,6.189,231.53,0.01547,2.44,1784852941
All Pools,GGP - AVAX,,False,5.991,23205.0,0.01498,0.02,1784852941
All Pools,3QF - D - AVAX,,False,5.805,1298.98,0.01451,0.41,1784852941
All Pools,3QF - D - WETH.e,,False,5.779,2480.7,0.01445,0.21,1784852941
All Pools,AVAX - PEFI,,False,5.592,3099.29,0.01398,0.16,1784852941
All Pools,USDC.e - MU,,False,5.447,13180.0,0.01362,0.04,1784852941
All Pools,USDC.e - USDC,,False,4.87,481266.0,0.01218,0.0,1784852941
All Pools,COQ - OSAK,,False,4.832,18.47,0.01208,23.88,1784852941
All Pools,MIM - WETH.e,,False,4.818,447.6,0.01204,0.98,1784852941
All Pools,AMI - TOPIA,,False,4.675,227.0,0.01169,1.88,1784852941
All Pools,PTOP400 - TOPIA,,False,4.511,136.51,0.01128,3.02,1784852941
All Pools,avUSD - sAVAX,,False,4.236,197.64,0.01059,1.96,1784852941
All Pools,YEEHAW - TOPIA,,False,4.157,155.53,0.01039,2.44,1784852941
All Pools,KINGSHIT - AVAX,,False,4.071,3535.94,0.01018,0.11,1784852941
All Pools,Now - AVAX,,False,4.009,185.61,0.01002,1.97,1784852941
All Pools,FITFI - AVAX,,False,4.007,5.919,0.01002,61.78,1784852941
All Pools,ACS - AVAX,,False,3.997,162.87,0.00999,2.24,1784852941
All Pools,LINK.e - USDT.e,,False,3.956,225.32,0.00989,1.6,1784852941
All Pools,AVAX - SOCK,,False,3.912,2322.75,0.00978,0.15,1784852941
All Pools,USDC - SOCK,,False,3.909,410.91,0.00977,0.87,1784852941
All Pools,SLOT - AVAX,,False,3.908,2517.52,0.00977,0.14,1784852941
All Pools,UST - USDC,,False,3.805,425.03,0.00951,0.82,1784852941
All Pools,ORNG - MOOM,,False,3.71,183.19,0.00928,1.85,1784852941
All Pools,ORNG - FLUX,,False,3.579,104.83,0.00895,3.12,1784852941
All Pools,SHRAP - DOMI,,False,3.51,145.63,0.00878,2.2,1784852941
All Pools,VPND - AVAX,,False,3.492,17351.0,0.00873,0.02,1784852941
All Pools,MaryMagdalene - AVAX,,False,3.416,168.26,0.00854,1.85,1784852941
All Pools,YETI - AVAX,,False,3.409,2232.82,0.00852,0.14,1784852941
All Pools,REDWOLF - WMATIC,,False,3.408,1.591,0.00852,195.45,1784852941
All Pools,BLUB - AVAX,,False,3.406,11248.0,0.00852,0.03,1784852941
All Pools,SWIFT - USDC.e,,False,3.33,489.97,0.00832,0.62,1784852941
All Pools,MYST - USDC,,False,3.321,216.54,0.0083,1.4,1784852941
All Pools,BLSEYE🎯 - BEAM,,False,3.236,262.65,0.00809,1.12,1784852941
All Pools,ANKR - AVAX,,False,3.223,13.83,0.00806,21.27,1784852941
All Pools,FTOMB - AVAX,,False,3.128,6408.29,0.00782,0.04,1784852941
All Pools,ORNG - JUCI,,False,3.121,239.52,0.0078,1.19,1784852941
All Pools,PTOP500 - TOPIA,,False,3.035,132.56,0.00759,2.09,1784852941
All Pools,BEAM - AVAX,,False,2.951,359.71,0.00738,0.75,1784852941
All Pools,XROSS - ORNG,,False,2.9,229.63,0.00725,1.15,1784852941
All Pools,YAK - USDC.e,,False,2.847,203.11,0.00712,1.28,1784852941
All Pools,YAK - AVAX,,False,2.836,3125.43,0.00709,0.08,1784852941
All Pools,BUSD - AVAX,,False,2.786,330.96,0.00697,0.77,1784852941
All Pools,USDC - aXEN,,False,2.472,8.851,0.00618,25.48,1784852941
All Pools,GENI - AVAX,,False,2.408,45.61,0.00602,4.82,1784852941
All Pools,DPS - USDC,,False,2.372,1809.23,0.00593,0.12,1784852941
All Pools,DPS - AVAX,,False,2.368,179.37,0.00592,1.2,1784852941
All Pools,APOW - AVAX,,False,2.357,602.76,0.00589,0.36,1784852941
All Pools,Psychic - BLACK,,False,2.279,242.46,0.0057,0.86,1784852941
All Pools,HOST - DAI.e,,False,2.252,2476.35,0.00563,0.08,1784852941
All Pools,MaryMagdalene - XAUt0,,False,2.244,1644.2,0.00561,0.12,1784852941
All Pools,PTOP700 - TOPIA,,False,2.235,147.35,0.00559,1.38,1784852941
All Pools,AVAX - NaughtiusMaximus,,False,2.231,325.39,0.00558,0.63,1784852941
All Pools,LUNA - USDC.e,,False,2.212,324.65,0.00553,0.62,1784852941
All Pools,REDWOLF - USDC,,False,2.098,184.29,0.00525,1.04,1784852941
All Pools,USDT.e - CLY,,False,2.097,176.34,0.00524,1.09,1784852941
All Pools,REDWOLF - AVAX,,False,2.079,376.55,0.0052,0.5,1784852941
All Pools,aDXN - aXEN,,False,2.029,5.388,0.00507,34.36,1784852941
All Pools,YUSD - AVAX,,False,2.028,114.3,0.00507,1.62,1784852941
All Pools,PLN - AVAX,,False,1.956,877.92,0.00489,0.2,1784852941
All Pools,YOU - ORNG,,False,1.914,1339.84,0.00478,0.13,1784852941
All Pools,MAGICK - USDC,,False,1.912,224.2,0.00478,0.78,1784852941
All Pools,LINK.e - USDC.e,,False,1.903,187.17,0.00476,0.93,1784852941
All Pools,SWIFT - AVAX,,False,1.899,232.69,0.00475,0.74,1784852941
All Pools,MAGICK - AVAX,,False,1.892,274.08,0.00473,0.63,1784852941
All Pools,GB - AVAX,,False,1.889,1727.65,0.00472,0.1,1784852941
All Pools,HUSKY - JOE,,False,1.843,95.78,0.00461,1.76,1784852941
All Pools,MYST - AVAX,,False,1.799,635.79,0.0045,0.26,1784852941
All Pools,AVAX - CLY,,False,1.792,20960.0,0.00448,0.01,1784852941
All Pools,AVAX - SNOB,,False,1.748,744.11,0.00437,0.21,1784852941
All Pools,HUSKY - AMI,,False,1.742,51.19,0.00435,3.1,1784852941
All Pools,SPORE - USDC,,False,1.728,1372.75,0.00432,0.11,1784852941
All Pools,XAUt0 - Now,,False,1.721,561.11,0.0043,0.28,1784852941
All Pools,USDT.e - ONION,,False,1.705,742.33,0.00426,0.21,1784852941
All Pools,MIM - TEMPO,,False,1.679,4.103,0.0042,37.35,1784852941
All Pools,JOE - USDT,,False,1.672,273.28,0.00418,0.56,1784852941
All Pools,USDC.e - AVVO,,False,1.609,221.32,0.00402,0.66,1784852941
All Pools,AVAX - ChristMark,,False,1.585,262.16,0.00396,0.55,1784852941
All Pools,XAUt0 - NaughtiusMaximus,,False,1.574,876.98,0.00394,0.16,1784852941
All Pools,Now - BLACK,,False,1.559,220.32,0.0039,0.65,1784852941
All Pools,AVAX - ONION,,False,1.491,145.45,0.00373,0.94,1784852941
All Pools,SWIFT - WETH.e,,False,1.423,1326.82,0.00356,0.1,1784852941
All Pools,BANKSY - USDT.e,,False,1.402,1513.11,0.00351,0.08,1784852941
All Pools,BANKSY - AVAX,,False,1.398,139.63,0.0035,0.91,1784852941
All Pools,UST - USDC.e,,False,1.378,663.32,0.00344,0.19,1784852941
All Pools,DREGG - USDT.e,,False,1.365,510.05,0.00341,0.24,1784852941
All Pools,DREGG - AVAX,,False,1.362,142.44,0.0034,0.87,1784852941
All Pools,SMRTr - AVAX,,False,1.352,24852.0,0.00338,0.0,1784852941
All Pools,AVAX - FRAX,,False,1.35,220.42,0.00337,0.56,1784852941
All Pools,AVAX - EROL,,False,1.349,44.45,0.0,0.0,1784852941
All Pools,WETH - USDC.e,,False,1.344,207.64,0.00336,0.59,1784852941
All Pools,SMRTr - USDC.e,,False,1.342,102.87,0.00335,1.19,1784852941
All Pools,AVAX - USDT,,False,1.329,1647.38,0.00332,0.07,1784852941
All Pools,XAUt0 - Gravity,,False,1.306,312.07,0.00326,0.38,1784852941
All Pools,APOW - USDC,,False,1.269,113.93,0.00317,1.02,1784852941
All Pools,YEEHAW - BTC.b,,False,1.233,54.49,0.00308,2.06,1784852941
All Pools,FXS - AVAX,,False,1.223,281.23,0.00306,0.4,1784852941
All Pools,XAUt0 - ChristMark,,False,1.213,577.24,0.00303,0.19,1784852941
All Pools,COQ - BLSEYE🎯,,False,1.212,153.46,0.00303,0.72,1784852941
All Pools,L - Swing - SWAP.e,,False,1.193,41.94,0.00298,2.6,1784852941
All Pools,AVAX - SWAP.e,,False,1.184,18394.0,0.00296,0.01,1784852941
All Pools,LFG - AVAX,,False,1.082,3603.18,0.00271,0.03,1784852941
All Pools,AVAX - MU,,False,1.047,72.68,0.00262,1.31,1784852941
All Pools,BTC.b - oXAUT,,False,1.046,315.98,0.00262,0.3,1784852941
All Pools,oXAUT - AVAX,,False,1.045,400.87,0.00261,0.24,1784852941
All Pools,BOI - MU,,False,1.04,0.69034,0.0026,137.48,1784852941
All Pools,AVAX - SMRT,,False,1.038,1580.87,0.00259,0.06,1784852941
All Pools,Trinity - AVAX,,False,1.033,705.8,0.00258,0.13,1784852941
All Pools,Trinity - Gravity,,False,1.027,1675.38,0.00257,0.06,1784852941
All Pools,APOW - USDt,,False,1.023,113.56,0.00256,0.82,1784852941
All Pools,MIM - MU,,False,1.021,84.6,0.00255,1.1,1784852941
All Pools,USDT.e - SMRT,,False,1.016,87.04,0.00254,1.07,1784852941
All Pools,AVAX - AVVO,,False,0.96179,221.77,0.0024,0.4,1784852941
All Pools,ORNG - SAI,,False,0.95552,103.04,0.00239,0.85,1784852941
All Pools,AVAX - IMPACT2,,False,0.9522,140.61,0.00238,0.62,1784852941
All Pools,WETH.e - USDT.e,,False,0.93392,150.65,0.00233,0.57,1784852941
All Pools,L - Swing - aXEN,,False,0.93281,49.93,0.00233,1.7,1784852941
All Pools,AVAX - GEC,,False,0.92071,26726.0,0.0023,0.0,1784852941
All Pools,HOST - AVAX,,False,0.90995,86.63,0.00227,0.96,1784852941
All Pools,WETH.e - ONION,,False,0.90922,235.78,0.00227,0.35,1784852941
All Pools,HOWDY - USDt,,False,0.90726,178.91,0.00227,0.46,1784852941
All Pools,USDC.e - ONION,,False,0.89221,370.72,0.00223,0.22,1784852941
All Pools,Gravity - AVAX,,False,0.86918,233.4,0.00217,0.34,1784852941
All Pools,KIWI - AVAX,,False,0.86389,91.99,0.00216,0.86,1784852941
All Pools,AAVE.e - REDWOLF,,False,0.85008,148.58,0.00213,0.52,1784852941
All Pools,BOI - AMI,,False,0.80811,0.51401,0.00202,143.46,1784852941
All Pools,KIWI - USDC,,False,0.8048,296.17,0.00201,0.25,1784852941
All Pools,USDC - SDOG,,False,0.78957,358.33,0.00197,0.2,1784852941
All Pools,WBTC.e - ONION,,False,0.78847,356.65,0.00197,0.2,1784852941
All Pools,LUNA - USDC.e,,False,0.77379,660.0,0.00193,0.11,1784852941
All Pools,NOCHILL - OX,,False,0.76739,10942.0,0.00192,0.01,1784852941
All Pools,PNG - JOE,,False,0.75964,113.88,0.0019,0.61,1784852941
All Pools,LUNA - AVAX,,False,0.73001,117.99,0.00183,0.56,1784852941
All Pools,MIM - SDOG,,False,0.7239,79.63,0.00181,0.83,1784852941
All Pools,DCAU - MIM,,False,0.72236,99.87,0.00181,0.66,1784852941
All Pools,AVAX - ZUBAX,,False,0.69945,89.66,0.00175,0.71,1784852941
All Pools,TEMPO - AVAX,,False,0.69744,1.615,0.00174,39.41,1784852941
All Pools,BRO - COQ,,False,0.69678,140.39,0.00174,0.45,1784852941
All Pools,BRO - AVAX,,False,0.69571,95980.0,0.00174,0.0,1784852941
All Pools,WBTC.e - USDT.e,,False,0.68182,157.98,0.0017,0.39,1784852941
All Pools,BTC.b - REDWOLF,,False,0.68095,98.22,0.0017,0.63,1784852941
All Pools,ZUBAX - USDT.e,,False,0.6799,170.87,0.0017,0.36,1784852941
All Pools,DCAU - USDC,,False,0.67346,142.86,0.00168,0.43,1784852941
All Pools,JOE - EXP,,False,0.66484,10386763.0,0.00166,0.0,1784852941
All Pools,bCASH - LINK.e,,False,0.66228,311.75,0.00166,0.19,1784852941
All Pools,COQ - COQAI,,False,0.6501,19155.0,0.00163,0.0,1784852941
All Pools,SYMBIOT - AVAX,,False,0.63346,73.15,0.00158,0.79,1784852941
All Pools,KRW - AVAX,,False,0.63223,303.49,0.00158,0.19,1784852941
All Pools,JOE - KRW,,False,0.63175,144.18,0.00158,0.4,1784852941
All Pools,Psychic - AftermathsKobe,,False,0.62449,239.25,0.00156,0.24,1784852941
All Pools,AftermathsKobe - AVAX,,False,0.62208,205.91,0.00156,0.28,1784852941
All Pools,MAXI - DAI.e,,False,0.61879,218.86,0.00155,0.26,1784852941
All Pools,Psychic - Wej,,False,0.61232,236.18,0.00153,0.24,1784852941
All Pools,AVAX - Wej,,False,0.61125,203.87,0.00153,0.27,1784852941
All Pools,COQ - OX,,False,0.60163,11823.0,0.0015,0.0,1784852941
All Pools,Psychic - Now,,False,0.60069,460.67,0.0015,0.12,1784852941
All Pools,STOMB - AVAX,,False,0.5969,5020.23,0.00149,0.01,1784852941
All Pools,SYMBIOT - DAI.e,,False,0.59422,438.5,0.00149,0.12,1784852941
All Pools,FollowTheWhiteRabbit - AVAX,,False,0.58247,112.6,0.00146,0.47,1784852941
All Pools,DiamondbackGall - AVAX,,False,0.58074,204.85,0.00145,0.26,1784852941
All Pools,Psychic - DiamondbackGall,,False,0.58068,236.49,0.00145,0.22,1784852941
All Pools,Psychic - ArniStitch,,False,0.56691,235.49,0.00142,0.22,1784852941
All Pools,ArniStitch - AVAX,,False,0.56482,202.65,0.00141,0.25,1784852941
All Pools,DAI.e - ONION,,False,0.56192,330.34,0.0014,0.16,1784852941
All Pools,KALM - USDC,,False,0.5552,76.2,0.00139,0.66,1784852941
All Pools,KALM - AVAX,,False,0.55387,94.33,0.00138,0.54,1784852941
All Pools,VELAI - AVAX,,False,0.52518,0.23857,0.00131,200.88,1784852941
All Pools,SYN - REDWOLF,,False,0.52498,3.929,0.00131,12.19,1784852941
All Pools,MEOW - AVAX,,False,0.51323,7393.83,0.00128,0.01,1784852941
All Pools,50 - USDC,,False,0.49996,110.8,0.00125,0.41,1784852941
All Pools,50 - AVAX,,False,0.49877,58.24,0.00125,0.78,1784852941
All Pools,NaughtiusMaximus - Seventeen,,False,0.4986,659.24,0.00125,0.07,1784852941
All Pools,AVAX - Seventeen,,False,0.49704,198.8,0.00124,0.23,1784852941
All Pools,MaryMagdalene - TheGospelOfMary,,False,0.48482,206.42,0.00121,0.21,1784852941
All Pools,Psychic - Meaning,,False,0.47458,230.19,0.00119,0.19,1784852941
All Pools,Meaning - AVAX,,False,0.47305,316.31,0.00118,0.14,1784852941
All Pools,USDt - USDT.e,,False,0.4672,20436.0,0.00117,0.0,1784852941
All Pools,USDt - IMPACT2,,False,0.46311,71.58,0.00116,0.59,1784852941
All Pools,Psychic - CommieSukey,,False,0.46207,235.65,0.00116,0.18,1784852941
All Pools,CommieSukey - AVAX,,False,0.46035,203.39,0.00115,0.21,1784852941
All Pools,L - Swing - aDXN,,False,0.45513,10.34,0.00114,4.02,1784852941
All Pools,AVAX - SING,,False,0.44468,105.91,0.00111,0.38,1784852941
All Pools,USDT.e - SING,,False,0.44211,1194.25,0.00111,0.03,1784852941
All Pools,BTC.b - HOWDY,,False,0.41523,63.5,0.00104,0.6,1784852941
All Pools,AVAX - OBX,,False,0.41146,215.21,0.00103,0.17,1784852941
All Pools,Psychic - MeaningOfNumbers,,False,0.41018,235.82,0.00103,0.16,1784852941
All Pools,AVAX - MeaningOfNumbers,,False,0.40848,202.87,0.00102,0.18,1784852941
All Pools,MIM - USDC,,False,0.40089,26.39,0.001,1.39,1784852941
All Pools,HOWDY - ARENA,,False,0.40061,53.97,0.001,0.68,1784852941
All Pools,LINDA - AVAX,,False,0.40014,1322.14,0.001,0.03,1784852941
All Pools,BTC.b - IMPACT2,,False,0.39004,1394.36,0.0,0.03,1784852941
All Pools,USDC - SHRAP,,False,0.38399,20.09,0.0,1.74,1784852941
All Pools,Psychic - RedFolder,,False,0.38067,235.11,0.0,0.15,1784852941
All Pools,AVAX - RedFolder,,False,0.37876,202.77,0.0,0.17,1784852941
All Pools,Psychic - NeatestQuackery,,False,0.37838,235.77,0.0,0.15,1784852941
All Pools,NeatestQuackery - AVAX,,False,0.3765,202.63,0.0,0.17,1784852941
All Pools,MerryXmas - AVAX,,False,0.37338,187.06,0.0,0.18,1784852941
All Pools,Psychic - Xmas,,False,0.37233,221.15,0.0,0.15,1784852941
All Pools,Xmas - AVAX,,False,0.37112,190.76,0.0,0.18,1784852941
All Pools,Psychic - Prometheus,,False,0.3694,228.85,0.0,0.15,1784852941
All Pools,AVAX - Prometheus,,False,0.36808,197.79,0.0,0.17,1784852941
All Pools,XPOW - USDC,,False,0.36229,18.73,0.0,1.77,1784852941
All Pools,USDt - XPOW,,False,0.35624,18.67,0.0,1.74,1784852941
All Pools,POLAR - AVAX,,False,0.34517,1275.29,0.0,0.02,1784852941
All Pools,AVAX - EROL,,False,0.34517,23.82,0.0,1.32,1784852941
All Pools,COQ - NOCHILL,,False,0.33059,8.944,0.0,3.37,1784852941
All Pools,MaryMagdalene - FollowTheWhiteRabbit,,False,0.32932,152.4,0.0,0.2,1784852941
All Pools,COQ - JUICE,,False,0.32668,29.65,0.0,1.01,1784852941
All Pools,MM - USDC,,False,0.32594,49.13,0.0,0.61,1784852941
All Pools,MM - AVAX,,False,0.32506,65.02,0.0,0.46,1784852941
All Pools,YEEHAW - AVAX,,False,0.32502,12.48,0.0,2.38,1784852941
All Pools,Psychic - Serpentarius,,False,0.32192,238.95,0.0,0.12,1784852941
All Pools,Serpentarius - AVAX,,False,0.32075,206.39,0.0,0.14,1784852941
All Pools,JEWEL - USDC,,False,0.31243,3719.63,0.0,0.01,1784852941
All Pools,Psychic - Ducks,,False,0.311,235.13,0.0,0.12,1784852941
All Pools,Ducks - AVAX,,False,0.30983,202.33,0.0,0.14,1784852941
All Pools,AVAX - TheGospelOfMary,,False,0.30629,112.04,0.0,0.25,1784852941
All Pools,CGS - AVAX,,False,0.30301,51.88,0.0,0.53,1784852941
All Pools,CGS - USDC.e,,False,0.30294,149.14,0.0,0.19,1784852941
All Pools,WBTC.e - REDWOLF,,False,0.29677,48.69,0.0,0.56,1784852941
All Pools,WETH.e - REDWOLF,,False,0.2874,82.94,0.0,0.32,1784852941
All Pools,STATIK - AVAX,,False,0.28313,29.98,0.0,0.86,1784852941
All Pools,ZRO - USDC,,False,0.28312,4.325,0.0,5.97,1784852941
All Pools,USDC - CHAM,,False,0.28036,46.07,0.0,0.56,1784852941
All Pools,gOHM - SB,,False,0.27438,16.86,0.0,1.49,1784852941
All Pools,$Td - AVAX,,False,0.27364,3817.56,0.0,0.01,1784852941
All Pools,$Td - AMI,,False,0.27142,25.52,0.0,0.97,1784852941
All Pools,Psychic - All,,False,0.26415,234.6,0.0,0.1,1784852941
All Pools,CQK - USDC,,False,0.26369,30.39,0.0,0.79,1784852941
All Pools,AVAX - All,,False,0.2632,203.33,0.0,0.12,1784852941
All Pools,CQK - AVAX,,False,0.26281,94.02,0.0,0.26,1784852941
All Pools,GOOD - COQ,,False,0.259,63.69,0.0,0.37,1784852941
All Pools,BLS - USDt,,False,0.25388,126.87,0.0,0.18,1784852941
All Pools,GOOD - AVAX,,False,0.253,101.69,0.0,0.23,1784852941
All Pools,SLUSH - USDT.e,,False,0.25297,54.68,0.0,0.42,1784852941
All Pools,SLUSH - AVAX,,False,0.25203,44.26,0.0,0.52,1784852941
All Pools,DFIAT - USDT.e,,False,0.25141,26.39,0.0,0.87,1784852941
All Pools,SYN - USDC.e,,False,0.2509,2.035,0.0,11.25,1784852941
All Pools,DFIAT - AVAX,,False,0.25045,5815.4,0.0,0.0,1784852941
All Pools,Chemistry - Now,,False,0.25011,622.08,0.0,0.04,1784852941
All Pools,Chemistry - AVAX,,False,0.25005,60.97,0.0,0.37,1784852941
All Pools,GURS - ARENA,,False,0.24366,7.017,0.0,3.17,1784852941
All Pools,USDC - USD+,,False,0.24343,27.7,0.0,0.8,1784852941
All Pools,USDt - RUX,,False,0.24232,15952.0,0.0,0.0,1784852941
All Pools,RUX - AVAX,,False,0.24152,25.05,0.0,0.88,1784852941
All Pools,USDC.e - WISE,,False,0.24059,40.85,0.0,0.54,1784852941
All Pools,Psychic - Hopi,,False,0.24028,208.49,0.0,0.11,1784852941
All Pools,AVAX - WISE,,False,0.23996,57.89,0.0,0.38,1784852941
All Pools,Now - Mentor,,False,0.23989,621.48,0.0,0.04,1784852941
All Pools,USDT.e - EXP,,False,0.23961,45031733.0,0.0,0.0,1784852941
All Pools,Hopi - AVAX,,False,0.23926,149.13,0.0,0.15,1784852941
All Pools,AVAX - Mentor,,False,0.23887,60.8,0.0,0.36,1784852941
All Pools,ABC - AMI,,False,0.23795,2.812,0.0,7.72,1784852941
All Pools,GUN - AMI,,False,0.23739,9.668,0.0,2.24,1784852941
All Pools,Psychic - MerryXmas,,False,0.23688,216.74,0.0,0.1,1784852941
All Pools,VEE - USDC,,False,0.2364,30.69,0.0,0.7,1784852941
All Pools,Psychic - Sinterklaas,,False,0.2363,231.49,0.0,0.09,1784852941
All Pools,AVAX - Sinterklaas,,False,0.23529,96.16,0.0,0.22,1784852941
All Pools,YEEHAW - CHAMP,,False,0.23108,917.07,0.0,0.02,1784852941
All Pools,CHAMP - ARENA,,False,0.23067,17.18,0.0,1.23,1784852941
All Pools,AMI - SQRCAT,,False,0.23049,11.49,0.0,1.83,1784852941
All Pools,AVAX - SQRCAT,,False,0.22975,4091.55,0.0,0.01,1784852941
All Pools,LINK.e - REDWOLF,,False,0.22679,70.24,0.0,0.29,1784852941
All Pools,WETH.e - USDC,,False,0.22404,20.57,0.0,0.99,1784852941
All Pools,APOW - USDt,,False,0.22306,20.74,0.0,0.98,1784852941
All Pools,GLOBA - AVAX,,False,0.22296,38.87,0.0,0.52,1784852941
All Pools,GB - USDT.e,,False,0.22163,19.73,0.0,1.02,1784852941
All Pools,Yellow - AVAX,,False,0.21907,181.7,0.0,0.11,1784852941
All Pools,USDT.e - ZABU,,False,0.21823,43.93,0.0,0.45,1784852941
All Pools,COQ - AMI,,False,0.21737,9.907,0.0,2.0,1784852941
All Pools,USDT.e - DUO,,False,0.21681,50.17,0.0,0.39,1784852941
All Pools,AVAX - DUO,,False,0.21586,51.27,0.0,0.38,1784852941
All Pools,ARENA - MU,,False,0.21295,3.785,0.0,5.13,1784852941
All Pools,AVVO - DAI.e,,False,0.21263,33.96,0.0,0.57,1784852941
All Pools,GLOBA - DAI.e,,False,0.20923,46.73,0.0,0.41,1784852941
All Pools,USDC.e - SOL,,False,0.20904,34.71,0.0,0.55,1784852941
All Pools,Christmas - ChristMark,,False,0.20773,107.97,0.0,0.18,1784852941
All Pools,MaryMagdalene - BrideOfChrist,,False,0.20752,88.63,0.0,0.21,1784852941
All Pools,Christmas - AVAX,,False,0.20712,171.81,0.0,0.11,1784852941
All Pools,BrideOfChrist - AVAX,,False,0.20602,61.08,0.0,0.31,1784852941
All Pools,LUNA - AVAX,,False,0.20444,13.89,0.0,1.34,1784852941
All Pools,AVAI - AVAX,,False,0.2042,19.14,0.0,0.97,1784852941
All Pools,AVAT - USDC,,False,0.202,37.14,0.0,0.5,1784852941
All Pools,MU - WMATIC,,False,0.20049,0.10962,0.0,166.88,1784852941
All Pools,Psychic - Yellow,,False,0.19543,60.03,0.0,0.3,1784852941
All Pools,AVAX - CHAM,,False,0.19395,25.11,0.0,0.7,1784852941
All Pools,WBTC - AVAX,,False,0.19378,30.59,0.0,0.58,1784852941
All Pools,Psychic - Blue,,False,0.19303,59.69,0.0,0.3,1784852941
All Pools,STG - L - Swing,,False,0.19242,15.54,0.0,1.13,1784852941
All Pools,MIM - wsOHM,,False,0.1924,144.15,0.0,0.12,1784852941
All Pools,SOL - USDC,,False,0.19176,20.41,0.0,0.86,1784852941
All Pools,Blue - AVAX,,False,0.19173,180.46,0.0,0.1,1784852941
All Pools,miMatic - USDC.e,,False,0.19002,23.67,0.0,0.73,1784852941
All Pools,Beyond - Now,,False,0.18703,312.29,0.0,0.05,1784852941
All Pools,Beyond - AVAX,,False,0.18654,60.5,0.0,0.28,1784852941
All Pools,NOCHILL - KET,,False,0.1858,7.707,0.0,2.2,1784852941
All Pools,USDC - BVAX,,False,0.18513,25.42,0.0,0.66,1784852941
All Pools,Psychic - BlackAndGold,,False,0.17954,235.73,0.0,0.07,1784852941
All Pools,AVAX - BlackAndGold,,False,0.17898,204.19,0.0,0.08,1784852941
All Pools,meGNX - AVAX,,False,0.17641,12.82,0.0,1.26,1784852941
All Pools,FollowTheWhiteRabbit - TheGospelOfMary,,False,0.17641,110.07,0.0,0.15,1784852941
All Pools,STEAK - AVAX,,False,0.17562,9541.24,0.0,0.0,1784852941
All Pools,Psychic - NineHundred,,False,0.17232,53.39,0.0,0.29,1784852941
All Pools,NineHundred - AVAX,,False,0.17119,96.1,0.0,0.16,1784852941
All Pools,TECH - OX,,False,0.16841,4430.07,0.0,0.0,1784852941
All Pools,APOW - USDC,,False,0.16522,20.74,0.0,0.73,1784852941
All Pools,AVAX - ZABU,,False,0.1611,22.78,0.0,0.65,1784852941
All Pools,Orange - Now,,False,0.16092,454.21,0.0,0.03,1784852941
All Pools,AprilFoolsDay - NaughtiusMaximus,,False,0.16046,96.9,0.0,0.15,1784852941
All Pools,USDt - REDWOLF,,False,0.16038,13.54,0.0,1.08,1784852941
All Pools,Orange - AVAX,,False,0.16019,59.79,0.0,0.24,1784852941
All Pools,AprilFoolsDay - AVAX,,False,0.15963,73.02,0.0,0.2,1784852941
All Pools,USDC - yyAVAX,,False,0.15799,11.78,0.0,1.22,1784852941
All Pools,Psychic - Jjj,,False,0.15766,236.2,0.0,0.06,1784852941
All Pools,Jjj - AVAX,,False,0.1572,203.42,0.0,0.07,1784852941
All Pools,ACS - USDC.e,,False,0.15671,5.042,0.0,2.84,1784852941
All Pools,aAvaLINK - AVAX,,False,0.15602,7.445,0.0,1.91,1784852941
All Pools,MaryMagdalene - Gravity,,False,0.15594,98.13,0.0,0.15,1784852941
All Pools,Void - AVAX,,False,0.15297,59.88,0.0,0.23,1784852941
All Pools,Void - Now,,False,0.15294,625.46,0.0,0.02,1784852941
All Pools,ALOT - USDC.e,,False,0.15198,7.386,0.0,1.88,1784852941
All Pools,Slope - Now,,False,0.15039,619.39,0.0,0.02,1784852941
All Pools,Slope - AVAX,,False,0.14977,60.76,0.0,0.22,1784852941
All Pools,Hydrogen - AVAX,,False,0.14844,180.67,0.0,0.07,1784852941
All Pools,Matter - Now,,False,0.14784,561.09,0.0,0.02,1784852941
All Pools,Matter - AVAX,,False,0.14718,54.31,0.0,0.25,1784852941
All Pools,REDWOLF - SOL,,False,0.14691,56.0,0.0,0.24,1784852941
All Pools,AVAX - GAU,,False,0.14251,4.704,0.0,2.76,1784852941
All Pools,WETH.e - SURE,,False,0.14204,879.74,0.0,0.01,1784852941
All Pools,Psychic - Strength,,False,0.14107,54.13,0.0,0.24,1784852941
All Pools,AVAX - Strength,,False,0.14028,96.79,0.0,0.13,1784852941
All Pools,AVAT - AVAX,,False,0.14027,16.32,0.0,0.78,1784852941
All Pools,NOCHILL - AMI,,False,0.14004,3.738,0.0,3.42,1784852941
All Pools,SYN - WETH.e,,False,0.13995,1.009,0.0,12.66,1784852941
All Pools,MerryXmas - ChristMark,,False,0.13807,59.55,0.0,0.21,1784852941
All Pools,Psychic - Hydrogen,,False,0.13788,60.02,0.0,0.21,1784852941
All Pools,MIM - DAI.e,,False,0.13707,17.34,0.0,0.72,1784852941
All Pools,BLSEYE🎯 - MEOW,,False,0.1363,793.37,0.0,0.02,1784852941
All Pools,USDt - MILO,,False,0.13465,13.77,0.0,0.89,1784852941
All Pools,AVAX - MILO,,False,0.13403,763.67,0.0,0.02,1784852941
All Pools,SUB - USDC,,False,0.13398,11.14,0.0,1.1,1784852941
All Pools,SYN - USDT.e,,False,0.13343,1.085,0.0,11.22,1784852941
All Pools,Psychic - DogL,,False,0.13045,236.32,0.0,0.05,1784852941
All Pools,DogL - AVAX,,False,0.1301,204.69,0.0,0.06,1784852941
All Pools,Psychic - SantaGospel,,False,0.13001,53.52,0.0,0.22,1784852941
All Pools,AVAX - SantaGospel,,False,0.12931,92.07,0.0,0.13,1784852941
All Pools,aAvaWAVAX - meGNX,,False,0.12926,2.938,0.0,4.02,1784852941
All Pools,Vaccine - Now,,False,0.12907,617.14,0.0,0.02,1784852941
All Pools,MELT - AVAX,,False,0.12886,19.5,0.0,0.6,1784852941
All Pools,Vaccine - AVAX,,False,0.1287,59.94,0.0,0.2,1784852941
All Pools,BANKSY - USDC.e,,False,0.12771,28.92,0.0,0.4,1784852941
All Pools,BANKSY - AVAX,,False,0.12702,17.88,0.0,0.65,1784852941
All Pools,TSD - AVAX,,False,0.1269,164.42,0.0,0.07,1784852941
All Pools,FLAKE - USDT.e,,False,0.12562,48.08,0.0,0.24,1784852941
All Pools,FLAKE - AVAX,,False,0.12502,16.73,0.0,0.68,1784852941
All Pools,METAG - AVAX,,False,0.12433,19.18,0.0,0.59,1784852941
All Pools,AVAX - ELK,,False,0.12311,46.2,0.0,0.24,1784852941
All Pools,Now - Propriety,,False,0.12115,628.82,0.0,0.02,1784852941
All Pools,AVAX - Propriety,,False,0.12108,61.42,0.0,0.18,1784852941
All Pools,wsOHM - USDC.e,,False,0.1173,16.55,0.0,0.65,1784852941
All Pools,Now - Teste,,False,0.1163,622.44,0.0,0.02,1784852941
All Pools,bECH - AVAX,,False,0.11614,16.55,0.0,0.64,1784852941
All Pools,AVAX - Teste,,False,0.11588,60.16,0.0,0.18,1784852941
All Pools,HUSKY - MUG,,False,0.11505,13.75,0.0,0.76,1784852941
All Pools,TickTock - Now,,False,0.11428,619.41,0.0,0.02,1784852941
All Pools,SPC - DAI.e,,False,0.11418,20.58,0.0,0.51,1784852941
All Pools,GATOR - ARENA,,False,0.11413,2.408,0.0,4.33,1784852941
All Pools,TickTock - AVAX,,False,0.11399,60.62,0.0,0.17,1784852941
All Pools,L - Swing - AVAX,,False,0.1133,104.89,0.0,0.1,1784852941
All Pools,Light - Now,,False,0.11288,635.98,0.0,0.02,1784852941
All Pools,Light - AVAX,,False,0.11279,62.27,0.0,0.17,1784852941
All Pools,AVAX - STRAW,,False,0.11277,13.91,0.0,0.74,1784852941
All Pools,AVAX - JUICY,,False,0.11224,1762.3,0.0,0.01,1784852941
All Pools,Gold - Now,,False,0.11208,620.17,0.0,0.02,1784852941
All Pools,Gold - AVAX,,False,0.11169,60.7,0.0,0.17,1784852941
All Pools,Psychic - Who,,False,0.10847,54.17,0.0,0.18,1784852941
All Pools,Who - AVAX,,False,0.10797,96.22,0.0,0.1,1784852941
All Pools,AVAXAI - USDC,,False,0.10722,1438.32,0.0,0.01,1784852941
All Pools,DAI.e - STRAW,,False,0.10592,35.53,0.0,0.27,1784852941
All Pools,LIBRE - USDC.e,,False,0.10467,12.15,0.0,0.79,1784852941
All Pools,USDC - MXNB,,False,0.10418,17.94,0.0,0.53,1784852941
All Pools,BLS - SHRAP,,False,0.09962,7.475,0.0,1.22,1784852941
All Pools,Gil - AVAX,,False,0.09805,13.26,0.0,0.67,1784852941
All Pools,AVAX - KET,,False,0.09618,20.5,0.0,0.43,1784852941
All Pools,SURE - DAI.e,,False,0.09554,24.67,0.0,0.35,1784852941
All Pools,Uncontractable - Now,,False,0.09413,605.09,0.0,0.01,1784852941
All Pools,Uncontractable - AVAX,,False,0.09383,59.54,0.0,0.14,1784852941
All Pools,Gil - DAI.e,,False,0.09209,25.94,0.0,0.32,1784852941
All Pools,IMPACT2 - EURC,,False,0.09102,41.85,0.0,0.2,1784852941
All Pools,sAVAX - COQ,,False,0.09097,64.15,0.0,0.13,1784852941
All Pools,WETH.e - yyAVAX,,False,0.09087,14.28,0.0,0.58,1784852941
All Pools,DéjàVu - Gravity,,False,0.09071,144.01,0.0,0.06,1784852941
All Pools,METAG - USDT.e,,False,0.09067,46.93,0.0,0.18,1784852941
All Pools,DéjàVu - AVAX,,False,0.09048,30.75,0.0,0.27,1784852941
All Pools,AVAX - SHRAP,,False,0.08977,10.42,0.0,0.79,1784852941
All Pools,TRYB - USDC.e,,False,0.08928,31.71,0.0,0.26,1784852941
All Pools,miMatic - AVAX,,False,0.08631,31.0,0.0,0.25,1784852941
All Pools,TOMB - USDC,,False,0.08616,9.882,0.0,0.8,1784852941
All Pools,YEEHAW - USDC,,False,0.08597,5.954,0.0,1.32,1784852941
All Pools,NOCHILL - REDWOLF,,False,0.08524,2.273,0.0,3.42,1784852941
All Pools,bCASH - NOCHILL,,False,0.08275,12.65,0.0,0.6,1784852941
All Pools,Silver - Now,,False,0.08119,620.93,0.0,0.01,1784852941
All Pools,gOHM - wsOHM,,False,0.08104,15.98,0.0,0.46,1784852941
All Pools,Silver - AVAX,,False,0.08094,59.66,0.0,0.12,1784852941
All Pools,BENIS - NOCHILL,,False,0.0797,2.568,0.0,2.83,1784852941
All Pools,MU - DAI.e,,False,0.07939,234.63,0.0,0.03,1784852941
All Pools,AVAX - BLACK,,False,0.07929,3.039,0.0,2.38,1784852941
All Pools,Psychic - Go,,False,0.07925,53.66,0.0,0.13,1784852941
All Pools,Go - AVAX,,False,0.07895,96.17,0.0,0.07,1784852941
All Pools,KLO - AVAX,,False,0.07855,9783.63,0.0,0.0,1784852941
All Pools,USDt - DXN,,False,0.07768,213.4,0.0,0.03,1784852941
All Pools,AMI - MU,,False,0.077,1.438,0.0,4.89,1784852941
All Pools,MELT - USDC.e,,False,0.07468,29.43,0.0,0.23,1784852941
All Pools,LICK - AVAX,,False,0.07462,0.44361,0.0,15.35,1784852941
All Pools,JOE - ZABU,,False,0.07447,12.71,0.0,0.53,1784852941
All Pools,USDT.e - MU,,False,0.07342,250.35,0.0,0.03,1784852941
All Pools,SURE - USDC.e,,False,0.07088,21.25,0.0,0.3,1784852941
All Pools,USDt - NEMO,,False,0.06923,95.52,0.0,0.07,1784852941
All Pools,AVAX - NEMO,,False,0.06888,6.386,0.0,0.98,1784852941
All Pools,Now - √Root,,False,0.06862,618.02,0.0,0.01,1784852941
All Pools,Sanskrit - Now,,False,0.06858,618.57,0.0,0.01,1784852941
All Pools,Sanskrit - AVAX,,False,0.06839,60.49,0.0,0.1,1784852941
All Pools,AVAX - √Root,,False,0.06836,60.45,0.0,0.1,1784852941
All Pools,HH - AVAX,,False,0.06731,229.58,0.0,0.03,1784852941
All Pools,HH - ARENA,,False,0.06705,2.263,0.0,2.7,1784852941
All Pools,WLRS - USDC.e,,False,0.06633,3894.06,0.0,0.0,1784852941
All Pools,USDC.e - WOLF,,False,0.06326,7.439,0.0,0.78,1784852941
All Pools,SLIME - USDt,,False,0.06316,5.975,0.0,0.96,1784852941
All Pools,AVAX - WOLF,,False,0.06284,51.91,0.0,0.11,1784852941
All Pools,SLIME - AVAX,,False,0.06282,14532.0,0.0,0.0,1784852941
All Pools,AVAX - SDOG,,False,0.0625,6.261,0.0,0.91,1784852941
All Pools,KLO - USDT.e,,False,0.06155,4.515,0.0,1.24,1784852941
All Pools,BNB - AVAX,,False,0.06146,2692.65,0.0,0.0,1784852941
All Pools,APEX - AVAX,,False,0.06129,0.49761,0.0,11.24,1784852941
All Pools,KIWI - USDt,,False,0.06108,19.48,0.0,0.29,1784852941
All Pools,XPOW - AVAX,,False,0.06065,74.9,0.0,0.07,1784852941
All Pools,MAI - TOMB,,False,0.05997,123.76,0.0,0.04,1784852941
All Pools,NOCHILL - MU,,False,0.05978,1.533,0.0,3.56,1784852941
All Pools,MELT - USDC.e,,False,0.0592,5.846,0.0,0.92,1784852941
All Pools,MELT - AVAX,,False,0.05884,780.59,0.0,0.01,1784852941
All Pools,MAJIN - AVAX,,False,0.05877,2756.6,0.0,0.0,1784852941
All Pools,KIMBO - AMI,,False,0.05823,2.782,0.0,1.91,1784852941
All Pools,bCASH - TECH,,False,0.05795,10.26,0.0,0.52,1784852941
All Pools,XAUt0 - ElvisJackpot,,False,0.05676,282.94,0.0,0.02,1784852941
All Pools,Psychic - Nala,,False,0.05611,202.16,0.0,0.03,1784852941
All Pools,AVAX - Nala,,False,0.05584,18.27,0.0,0.28,1784852941
All Pools,BrideOfChrist - FollowTheWhiteRabbit,,False,0.05568,492.97,0.0,0.01,1784852941
All Pools,BrideOfChrist - BLACK,,False,0.05556,16.27,0.0,0.31,1784852941
All Pools,ElvisJackpot - Gravity,,False,0.05548,14.28,0.0,0.35,1784852941
All Pools,GAS - AVAX,,False,0.05528,126.9,0.0,0.04,1784852941
All Pools,USDT.e - XAVA,,False,0.05519,10.78,0.0,0.47,1784852941
All Pools,MIM - VOLT,,False,0.05518,12.3,0.0,0.41,1784852941
All Pools,MELT - USDT.e,,False,0.05477,29.21,0.0,0.17,1784852941
All Pools,CNR - USDC,,False,0.05446,4.392,0.0,1.13,1784852941
All Pools,CNR - AVAX,,False,0.05409,46.17,0.0,0.11,1784852941
All Pools,UNI.e - REDWOLF,,False,0.05328,10.14,0.0,0.48,1784852941
All Pools,XPOW - APOW,,False,0.05183,47.71,0.0,0.1,1784852941
All Pools,COQ - MU,,False,0.05056,3.653,0.0,1.26,1784852941
All Pools,ICUBE - USDT.e,,False,0.05044,107.0,0.0,0.04,1784852941
All Pools,COQ - ARENA,,False,0.0504,1.167,0.0,3.94,1784852941
All Pools,LoveIsTheKey - AVAX,,False,0.05024,9.961,0.0,0.46,1784852941
All Pools,ICUBE - AVAX,,False,0.05015,5.213,0.0,0.88,1784852941
All Pools,DUO - USDT.e,,False,0.04908,6.051,0.0,0.74,1784852941
All Pools,DAI.e - VOLT,,False,0.04861,39.42,0.0,0.11,1784852941
All Pools,Psychic - Stolen,,False,0.04744,62.63,0.0,0.07,1784852941
All Pools,AMPL - AVAX,,False,0.04726,200.99,0.0,0.02,1784852941
All Pools,Stolen - AVAX,,False,0.04715,12.22,0.0,0.35,1784852941
All Pools,MIM - GRAPE,,False,0.04709,95.63,0.0,0.04,1784852941
All Pools,LF - USDT.e,,False,0.04677,0.8374,0.0,5.1,1784852941
All Pools,Degen - AVAX,,False,0.04643,1393.22,0.0,0.0,1784852941
All Pools,wsOHM - AVAX,,False,0.04599,7.167,0.0,0.59,1784852941
All Pools,WABBIT - AMI,,False,0.04541,0.87703,0.0,4.72,1784852941
All Pools,AVAX - APE - X,,False,0.04504,463.84,0.0,0.01,1784852941
All Pools,USDT.e - TMT,,False,0.04493,25.13,0.0,0.16,1784852941
All Pools,AVAX - TMT,,False,0.04468,5.671,0.0,0.72,1784852941
All Pools,WOLF - AMI,,False,0.04468,2.725,0.0,1.5,1784852941
All Pools,USDT.e - BOREA,,False,0.04452,25.55,0.0,0.16,1784852941
All Pools,AVAX - BOREA,,False,0.04424,5.326,0.0,0.76,1784852941
All Pools,USDC - USDT.e,,False,0.04423,154.73,0.0,0.03,1784852941
All Pools,HATCHY - AMI,,False,0.04324,3.044,0.0,1.3,1784852941
All Pools,WLRS - GRAPE,,False,0.04265,7.879,0.0,0.49,1784852941
All Pools,MIM - AUSD,,False,0.0409,9.262,0.0,0.4,1784852941
All Pools,WBTC.e - USDC.e,,False,0.04086,8.168,0.0,0.46,1784852941
All Pools,AVAX - MUG,,False,0.04085,240.07,0.0,0.02,1784852941
All Pools,ARENA - AMI,,False,0.04058,1.384,0.0,2.68,1784852941
All Pools,CNR - USDt,,False,0.04042,4.407,0.0,0.84,1784852941
All Pools,TECH - AMI,,False,0.03928,1.787,0.0,2.01,1784852941
All Pools,MAJIN - MU,,False,0.03915,3.426,0.0,1.04,1784852941
All Pools,BTC.b - MU,,False,0.03775,10.11,0.0,0.34,1784852941
All Pools,MPL - USDt,,False,0.03759,29.72,0.0,0.12,1784852941
All Pools,MUMO - WMATIC,,False,0.03738,0.02087,0.0,163.45,1784852941
All Pools,MPL - AVAX,,False,0.03733,4.949,0.0,0.69,1784852941
All Pools,AMI - COQAI,,False,0.03644,3.007,0.0,1.11,1784852941
All Pools,USDC.e - SPADE,,False,0.03631,15.35,0.0,0.22,1784852941
All Pools,RUG - USDT.e,,False,0.03626,10.19,0.0,0.32,1784852941
All Pools,AVAX - SPADE,,False,0.03607,4.772,0.0,0.69,1784852941
All Pools,BENSI - AMI,,False,0.03556,2.443,0.0,1.33,1784852941
All Pools,HEFE - AMI,,False,0.03523,2.223,0.0,1.45,1784852941
All Pools,JOE - aXEN,,False,0.03516,0.16977,0.0,18.9,1784852941
All Pools,WOLF - MU,,False,0.03504,3.833,0.0,0.83,1784852941
All Pools,BGLD - USDT.e,,False,0.03502,16.32,0.0,0.2,1784852941
All Pools,BGLD - AVAX,,False,0.03476,3.484,0.0,0.91,1784852941
All Pools,AVAX - ankrAVAX,,False,0.03447,11.76,0.0,0.27,1784852941
All Pools,METAG - USDt,,False,0.0343,15.27,0.0,0.2,1784852941
All Pools,gOHM - JOE,,False,0.03412,3.206,0.0,0.97,1784852941
All Pools,BENIS - AVAX,,False,0.03405,9.461,0.0,0.33,1784852941
All Pools,CATWIF - MU,,False,0.03343,2.845,0.0,1.07,1784852941
All Pools,CATWIF - AVAX,,False,0.03322,2182.92,0.0,0.0,1784852941
All Pools,Milk - USDT.e,,False,0.03215,13.68,0.0,0.21,1784852941
All Pools,Milk - AVAX,,False,0.03183,5.197,0.0,0.56,1784852941
All Pools,GURS - NOCHILL,,False,0.03167,1.151,0.0,2.51,1784852941
All Pools,BNZ - AVAX,,False,0.03148,142.39,0.0,0.02,1784852941
All Pools,USDC.e - RUG,,False,0.03121,17.12,0.0,0.17,1784852941
All Pools,MU - COQAI,,False,0.03092,5.358,0.0,0.53,1784852941
All Pools,MIM - RUG,,False,0.03088,5.338,0.0,0.53,1784852941
All Pools,LINK.e - MU,,False,0.03071,6.994,0.0,0.4,1784852941
All Pools,SURE - AVAX,,False,0.03006,5.341,0.0,0.51,1784852941
All Pools,MUMO - USDC,,False,0.02962,8.176,0.0,0.33,1784852941
All Pools,TruthClosure - AVAX,,False,0.02896,7.242,0.0,0.36,1784852941
All Pools,TruthClosure - BLACK,,False,0.02893,11.62,0.0,0.23,1784852941
All Pools,Gravity - ChristMark,,False,0.02868,11.28,0.0,0.23,1784852941
All Pools,SUB - AVAX,,False,0.02864,14.34,0.0,0.18,1784852941
All Pools,LoveIsTheKey - Gravity,,False,0.0285,28.22,0.0,0.09,1784852941
All Pools,CNR - REDWOLF,,False,0.02822,14.59,0.0,0.18,1784852941
All Pools,YEEHAW - ARENA,,False,0.028,1.275,0.0,2.0,1784852941
All Pools,ACS - USDt,,False,0.02771,0.91258,0.0,2.77,1784852941
All Pools,wALGO - USDC,,False,0.02754,2.349,0.0,1.07,1784852941
All Pools,AVAX - BAVA,,False,0.02738,8.361,0.0,0.3,1784852941
All Pools,wALGO - AVAX,,False,0.02736,111.39,0.0,0.02,1784852941
All Pools,Gladiator - AVAX,,False,0.02721,1.83,0.0,1.36,1784852941
All Pools,USDC - COSMIC,,False,0.02664,53.81,0.0,0.05,1784852941
All Pools,aAvaLINK - meGNX,,False,0.0266,8.731,0.0,0.28,1784852941
All Pools,USDR - USDC,,False,0.02628,39.94,0.0,0.06,1784852941
All Pools,WOLF - USDT.e,,False,0.02616,3.035,0.0,0.79,1784852941
All Pools,AVAX - USDR,,False,0.02611,2.406,0.0,0.99,1784852941
All Pools,WOLF - AVAX,,False,0.02588,43.49,0.0,0.05,1784852941
All Pools,USDT.e - GOT,,False,0.02586,12.22,0.0,0.19,1784852941
All Pools,AVAX - GOT,,False,0.02561,4.133,0.0,0.57,1784852941
All Pools,MIM - TSNFTGM,,False,0.02536,3.046,0.0,0.76,1784852941
All Pools,Yellow - BLACK,,False,0.02502,2.39,0.0,0.95,1784852941
All Pools,BSGG - AVAX,,False,0.02455,2.401,0.0,0.93,1784852941
All Pools,NOCHILL - WAIFU,,False,0.0241,146.23,0.0,0.02,1784852941
All Pools,JOE - aDXN,,False,0.0241,0.30136,0.0,7.3,1784852941
All Pools,COQ - REDWOLF,,False,0.02405,9.092,0.0,0.24,1784852941
All Pools,CANS - AVAX,,False,0.02348,8.193,0.0,0.26,1784852941
All Pools,WETH.e - MU,,False,0.02341,1.81,0.0,1.18,1784852941
All Pools,aAvaLINK - LINK.e,,False,0.02337,1.661,0.0,1.28,1784852941
All Pools,TSNFTGM - DAI.e,,False,0.02334,29.07,0.0,0.07,1784852941
All Pools,XIO - USDC,,False,0.0233,23.91,0.0,0.09,1784852941
All Pools,AAVE.e - meGNX,,False,0.02324,3.605,0.0,0.59,1784852941
All Pools,XIO - AVAX,,False,0.02315,2.276,0.0,0.93,1784852941
All Pools,3ULL - AVAX,,False,0.02247,32.81,0.0,0.06,1784852941
All Pools,FERT - AVAX,,False,0.02234,472.76,0.0,0.0,1784852941
All Pools,AMI - aSOCK,,False,0.02226,1.839,0.0,1.1,1784852941
All Pools,AVAX - aSOCK,,False,0.02201,9.789,0.0,0.21,1784852941
All Pools,LoveIsTheKey - FollowTheWhiteRabbit,,False,0.02198,42.53,0.0,0.05,1784852941
All Pools,GURS - AMI,,False,0.0217,1.408,0.0,1.41,1784852941
All Pools,BUSD - USDC,,False,0.02158,7.345,0.0,0.27,1784852941
All Pools,DBY - AVAX,,False,0.02096,7342.76,0.0,0.0,1784852941
All Pools,GMX - USDC,,False,0.02064,0.88348,0.0,2.13,1784852941
All Pools,WINK - AVAX,,False,0.02031,42.1,0.0,0.04,1784852941
All Pools,KIMBO - CANS,,False,0.01994,224.04,0.0,0.01,1784852941
All Pools,BAWLS - AVAX,,False,0.01985,11.46,0.0,0.16,1784852941
All Pools,CRA - AVAX,,False,0.01971,7078.2,0.0,0.0,1784852941
All Pools,JOE - CRA,,False,0.01962,7.037,0.0,0.25,1784852941
All Pools,JOE - REDWOLF,,False,0.01916,2.696,0.0,0.65,1784852941
All Pools,REDWOLF - AMONKS,,False,0.0189,5.395,0.0,0.32,1784852941
All Pools,AVAX - AMONKS,,False,0.01883,1090.15,0.0,0.0,1784852941
All Pools,ELE - AVAX,,False,0.01871,84.71,0.0,0.02,1784852941
All Pools,JOE - ZUBAX,,False,0.01864,6.352,0.0,0.27,1784852941
All Pools,MEOW - MU,,False,0.0182,1.305,0.0,1.27,1784852941
All Pools,DWC - MU,,False,0.0182,2.69,0.0,0.62,1784852941
All Pools,USDT.e - AVVO,,False,0.01815,3.566,0.0,0.46,1784852941
All Pools,AVAX - DWC,,False,0.01808,3936.39,0.0,0.0,1784852941
All Pools,USDC - WSPP,,False,0.01799,41.9,0.0,0.04,1784852941
All Pools,AVAX - WSPP,,False,0.01783,2.274,0.0,0.72,1784852941
All Pools,MAJIN - REDWOLF,,False,0.01767,5.015,0.0,0.32,1784852941
All Pools,APOW - MU,,False,0.01761,2.308,0.0,0.7,1784852941
All Pools,AI9000 - AVAX,,False,0.01757,206.34,0.0,0.01,1784852941
All Pools,AMI - DEGEN404,,False,0.01754,0.82338,0.0,1.94,1784852941
All Pools,MAGICK - COSMIC,,False,0.01713,3.337,0.0,0.47,1784852941
All Pools,Degen - DEGEN404,,False,0.01706,247.23,0.0,0.01,1784852941
All Pools,HCT - AVAX,,False,0.01703,2.576,0.0,0.6,1784852941
All Pools,YEEHAW - AMI,,False,0.01703,3.797,0.0,0.41,1784852941
All Pools,NXPC - AVAX,,False,0.0163,0.96447,0.0,1.54,1784852941
All Pools,USDT.e - NORTH,,False,0.01628,27.16,0.0,0.05,1784852941
All Pools,AVAX - OK,,False,0.01621,1.551,0.0,0.95,1784852941
All Pools,AVAX - NORTH,,False,0.0161,1.779,0.0,0.83,1784852941
All Pools,YEEHAW - ABC,,False,0.01602,0.26271,0.0,5.56,1784852941
All Pools,KOVIN - MU,,False,0.01594,2.437,0.0,0.6,1784852941
All Pools,KOVIN - AVAX,,False,0.01584,2136.13,0.0,0.0,1784852941
All Pools,USDT.e - iBONE,,False,0.01544,4.377,0.0,0.32,1784852941
All Pools,AVAX - iBONE,,False,0.01528,4.072,0.0,0.34,1784852941
All Pools,DUNEV3 - USDC.e,,False,0.01514,27550.0,0.0,0.0,1784852941
All Pools,XOMB - USDT.e,,False,0.01491,2.05,0.0,0.66,1784852941
All Pools,ZH - USDC.e,,False,0.01483,22.25,0.0,0.06,1784852941
All Pools,MIM - DUNEV3,,False,0.0148,51373.0,0.0,0.0,1784852941
All Pools,XOMB - AVAX,,False,0.01477,15.02,0.0,0.09,1784852941
All Pools,BTC.b - USDC,,False,0.01467,4.259,0.0,0.31,1784852941
All Pools,KOKSAL - USDC,,False,0.01466,4.416,0.0,0.3,1784852941
All Pools,3ULL - USDt,,False,0.01462,2.116,0.0,0.63,1784852941
All Pools,ZH - JOE,,False,0.01453,2.047,0.0,0.65,1784852941
All Pools,KOKSAL - AVAX,,False,0.01452,2.706,0.0,0.49,1784852941
All Pools,HERESY - MEOW,,False,0.01447,0.22276,0.0,5.93,1784852941
All Pools,ARA - AVAX,,False,0.01425,2.269,0.0,0.57,1784852941
All Pools,TRACTOR - USDT.e,,False,0.01418,1.627,0.0,0.8,1784852941
All Pools,TRACTOR - AVAX,,False,0.01403,10124.0,0.0,0.0,1784852941
All Pools,SMRT - XAVA,,False,0.01402,2.226,0.0,0.57,1784852941
All Pools,AVAX - AXIAL,,False,0.01392,574.91,0.0,0.0,1784852941
All Pools,HIGHER - AMI,,False,0.01388,2.247,0.0,0.56,1784852941
All Pools,USDC - AMI,,False,0.01385,0.57797,0.0,2.19,1784852941
All Pools,USDt - USDC.e,,False,0.0137,14.19,0.0,0.09,1784852941
All Pools,GURS - HOWDY,,False,0.01345,0.57908,0.0,2.12,1784852941
All Pools,FLOT - COQ,,False,0.01292,0.49617,0.0,2.38,1784852941
All Pools,USDC.e - TUSK,,False,0.01267,9.32,0.0,0.12,1784852941
All Pools,AVAX - TUSK,,False,0.01257,1.98,0.0,0.58,1784852941
All Pools,Degen - AMI,,False,0.01245,0.88644,0.0,1.28,1784852941
All Pools,USDC.e - BAVA,,False,0.01232,2.609,0.0,0.43,1784852941
All Pools,USDC.e - WISE,,False,0.01195,6.683,0.0,0.16,1784852941
All Pools,SMRTr - USDT.e,,False,0.01194,1.07,0.0,1.02,1784852941
All Pools,AVAX - WISE,,False,0.01184,2.183,0.0,0.5,1784852941
All Pools,KR - USDC.e,,False,0.0117,11.03,0.0,0.1,1784852941
All Pools,KR - AVAX,,False,0.01157,1.358,0.0,0.78,1784852941
All Pools,MU - MUG,,False,0.01151,2304.81,0.0,0.0,1784852941
All Pools,AVAX - MUG,,False,0.01136,0.97504,0.0,1.06,1784852941
All Pools,MIM - SPELL,,False,0.01134,2.055,0.0,0.5,1784852941
All Pools,FINANCE - NOCHILL,,False,0.01133,393.24,0.0,0.0,1784852941
All Pools,Hydrogen - BLACK,,False,0.01127,2.404,0.0,0.43,1784852941
All Pools,TokenZ - USDC,,False,0.01116,3.525,0.0,0.29,1784852941
All Pools,GAINS - AVAX,,False,0.0111,30.27,0.0,0.03,1784852941
All Pools,TokenZ - AVAX,,False,0.01106,1.851,0.0,0.54,1784852941
All Pools,AVAX - LODE,,False,0.01102,0.81688,0.0,1.23,1784852941
All Pools,DUA - USDC,,False,0.011,8.947,0.0,0.11,1784852941
All Pools,AVAX - DUA,,False,0.01089,1.326,0.0,0.75,1784852941
All Pools,NOCHILL - ARENA,,False,0.01085,0.36443,0.0,2.72,1784852941
All Pools,USDC.e - SMRT,,False,0.01085,1.79,0.0,0.55,1784852941
All Pools,APEX - AMI,,False,0.01078,0.08665,0.0,11.35,1784852941
All Pools,AAVE.e - USDT.e,,False,0.01077,2.634,0.0,0.37,1784852941
All Pools,MIM - sTHO,,False,0.01056,184.36,0.0,0.01,1784852941
All Pools,BEAM - MU,,False,0.01021,0.91889,0.0,1.01,1784852941
All Pools,AVAX - HON,,False,0.01012,47844.0,0.0,0.0,1784852941
All Pools,XAVA - HON,,False,0.01009,1.128,0.0,0.82,1784852941
All Pools,USDC.e - UST,,False,0.01004,1.522,0.0,0.6,1784852941
All Pools,FITFI - USDC,,False,0.01001,0.08034,0.0,11.37,1784852941
All Pools,MEAT - MU,,False,0.00987,0.32495,0.0,2.77,1784852941
All Pools,LOIQ - AMI,,False,0.00966,0.43664,0.0,2.02,1784852941
All Pools,LUNA - USDC,,False,0.00964,1.394,0.0,0.63,1784852941
All Pools,AI9000 - MU,,False,0.00964,1.03,0.0,0.85,1784852941
All Pools,AVAX - SPT,,False,0.00949,0.15613,0.0,5.55,1784852941
All Pools,AMI - MOOCH,,False,0.00941,0.42819,0.0,2.01,1784852941
All Pools,AVAX - COSMIC,,False,0.00923,1.026,0.0,0.82,1784852941
All Pools,TT - USDT.e,,False,0.00922,1.975,0.0,0.43,1784852941
All Pools,AVAX - TT,,False,0.00912,1.576,0.0,0.53,1784852941
All Pools,XPOW - USDt,,False,0.00908,1.061,0.0,0.78,1784852941
All Pools,MU - SOL,,False,0.00887,1.075,0.0,0.75,1784852941
All Pools,GAINS - MEAT,,False,0.0088,0.58734,0.0,1.37,1784852941
All Pools,bCASH - BRUH2,,False,0.00865,0.65534,0.0,1.2,1784852941
All Pools,USV - AVAX,,False,0.00863,0.9069,0.0,0.87,1784852941
All Pools,MUMO - AVAX,,False,0.00843,0.1472,0.0,5.23,1784852941
All Pools,DCAR - USDC,,False,0.00841,55.91,0.0,0.01,1784852941
All Pools,USDt - IMPACT,,False,0.00838,1.677,0.0,0.46,1784852941
All Pools,AVAX - BRUH2,,False,0.00835,1.868,0.0,0.41,1784852941
All Pools,DCAR - AVAX,,False,0.00833,0.90854,0.0,0.84,1784852941
All Pools,AVAX - IMPACT,,False,0.0083,2.593,0.0,0.29,1784852941
All Pools,AKA - USDt,,False,0.00829,2.708,0.0,0.28,1784852941
All Pools,AVAX - HOST,,False,0.00827,1.499,0.0,0.5,1784852941
All Pools,AKA - AVAX,,False,0.00821,1.736,0.0,0.43,1784852941
All Pools,LUNA - USDt,,False,0.00821,1.32,0.0,0.57,1784852941
All Pools,Balln - AMI,,False,0.00817,0.55236,0.0,1.35,1784852941
All Pools,AI9000 - USDt,,False,0.00813,0.7417,0.0,1.0,1784852941
All Pools,WETH - AVAX,,False,0.00812,1.008,0.0,0.74,1784852941
All Pools,3ULL - USDT.e,,False,0.00812,0.54693,0.0,1.35,1784852941
All Pools,EagleToken - USDC.e,,False,0.00802,2.004,0.0,0.37,1784852941
All Pools,WITCH - USDC,,False,0.00801,1.536,0.0,0.48,1784852941
All Pools,ELXR - USDC.e,,False,0.00799,1045.81,0.0,0.0,1784852941
All Pools,USDT.e - CAKE,,False,0.00799,47.79,0.0,0.02,1784852941
All Pools,EagleToken - AVAX,,False,0.00794,1.589,0.0,0.46,1784852941
All Pools,WITCH - AVAX,,False,0.00793,2.042,0.0,0.35,1784852941
All Pools,ORNG - JUICE,,False,0.00788,1.434,0.0,0.5,1784852941
All Pools,AMI - JUICY,,False,0.00787,0.55859,0.0,1.29,1784852941
All Pools,AVAX - CAKE,,False,0.00786,0.58728,0.0,1.22,1784852941
All Pools,HOST - DAI.e,,False,0.0078,2.719,0.0,0.26,1784852941
All Pools,MIM - TEST,,False,0.0075,0.4493,0.0,1.52,1784852941
All Pools,FBOND - AVAX,,False,0.00741,0.57416,0.0,1.18,1784852941
All Pools,FLOT - FBOND,,False,0.00725,1.029,0.0,0.64,1784852941
All Pools,TEST - DAI.e,,False,0.00723,1.131,0.0,0.58,1784852941
All Pools,EGG - USDT.e,,False,0.00701,1.813,0.0,0.35,1784852941
All Pools,TECH - REDWOLF,,False,0.00697,0.59225,0.0,1.07,1784852941
All Pools,EGG - AVAX,,False,0.00694,1.282,0.0,0.49,1784852941
All Pools,ABOB - AVAX,,False,0.00683,567.85,0.0,0.0,1784852941
All Pools,USDC - OK,,False,0.00672,1.139,0.0,0.54,1784852941
All Pools,MIM - PEPE,,False,0.00671,0.0,0.0,4002.14,1784852941
All Pools,COQ - HOWDY,,False,0.00664,0.17385,0.0,3.49,1784852941
All Pools,NXPC - USDC,,False,0.00662,0.66696,0.0,0.91,1784852941
All Pools,CRAFT - USDC.e,,False,0.00646,0.71587,0.0,0.82,1784852941
All Pools,CRAFT - AVAX,,False,0.00639,279.25,0.0,0.0,1784852941
All Pools,ANKR - ankrAVAX,,False,0.00614,0.02823,0.0,19.86,1784852941
All Pools,BEE - USDT.e,,False,0.00614,32.0,0.0,0.02,1784852941
All Pools,BEE - AVAX,,False,0.00608,0.65951,0.0,0.84,1784852941
All Pools,JOE - USDt,,False,0.00606,0.63645,0.0,0.87,1784852941
All Pools,QI - USDC.e,,False,0.00603,0.63244,0.0,0.87,1784852941
All Pools,COQ - MEAT,,False,0.0057,0.3862,0.0,1.35,1784852941
All Pools,MU - WAIFU,,False,0.0057,125.36,0.0,0.0,1784852941
All Pools,HUSKY - aXEN,,False,0.00556,0.046,0.0,11.04,1784852941
All Pools,USDC - LODE,,False,0.00555,847.57,0.0,0.0,1784852941
All Pools,AUSD - HUSKY,,False,0.00554,0.46797,0.0,1.08,1784852941
All Pools,FITFI - USDC.e,,False,0.00553,0.043,0.0,11.73,1784852941
All Pools,USDC.e - WARP,,False,0.00552,0.78143,0.0,0.64,1784852941
All Pools,TEDDY - USDC,,False,0.0055,0.3851,0.0,1.3,1784852941
All Pools,sAVAX - USDC,,False,0.00546,0.44368,0.0,1.12,1784852941
All Pools,AVAX - WARP,,False,0.00545,1.11,0.0,0.45,1784852941
All Pools,SUPER - BLSEYE🎯,,False,0.00542,0.2074,0.0,2.38,1784852941
All Pools,HOWDY - ABOB,,False,0.00535,0.12836,0.0,3.8,1784852941
All Pools,ETHM - USDC.e,,False,0.00534,0.43503,0.0,1.12,1784852941
All Pools,WINK - NOCHILL,,False,0.00529,0.40782,0.0,1.18,1784852941
All Pools,ETHM - AVAX,,False,0.00527,20.59,0.0,0.02,1784852941
All Pools,MIM - PEFI,,False,0.0052,57.83,0.0,0.01,1784852941
All Pools,MU - KET,,False,0.0052,0.85152,0.0,0.56,1784852941
All Pools,USDC.e - sSB,,False,0.00508,833.2,0.0,0.0,1784852941
All Pools,AVAX - sSB,,False,0.00502,0.41555,0.0,1.1,1784852941
All Pools,GMX - JOE,,False,0.00493,0.31104,0.0,1.45,1784852941
All Pools,CAI - AMI,,False,0.0048,0.37906,0.0,1.16,1784852941
All Pools,CAI - AVAX,,False,0.00474,1249.76,0.0,0.0,1784852941
All Pools,PNG - USDT.e,,False,0.00472,0.77619,0.0,0.55,1784852941
All Pools,AMI - KONG,,False,0.00469,0.29777,0.0,1.44,1784852941
All Pools,AVAX - KONG,,False,0.00466,5172.84,0.0,0.0,1784852941
All Pools,SLEEP - AMI,,False,0.00464,36.51,0.0,0.01,1784852941
All Pools,GATOR - GURS,,False,0.00435,0.14593,0.0,2.72,1784852941
All Pools,USDC - NXUSD,,False,0.00424,3.155,0.0,0.12,1784852941
All Pools,AVAX - NXUSD,,False,0.00416,0.36318,0.0,1.04,1784852941
All Pools,USDT.e - FTEST,,False,0.00408,1.253,0.0,0.3,1784852941
All Pools,AVAX - FTEST,,False,0.00401,0.31427,0.0,1.16,1784852941
All Pools,USDC.e - RBEES,,False,0.00398,0.43921,0.0,0.83,1784852941
All Pools,USDC.e - GG,,False,0.00393,0.33268,0.0,1.08,1784852941
All Pools,AVAX - RBEES,,False,0.00391,0.5115,0.0,0.7,1784852941
All Pools,AVAX - GG,,False,0.00388,4.582,0.0,0.08,1784852941
All Pools,xJOE - AVAX,,False,0.00374,1.736,0.0,0.2,1784852941
All Pools,GENI - USDC.e,,False,0.00368,0.08962,0.0,3.75,1784852941
All Pools,MEOW - AMI,,False,0.00368,0.35127,0.0,0.96,1784852941
All Pools,xJOE - wsOHM,,False,0.00364,0.15911,0.0,2.09,1784852941
All Pools,COOK - AMI,,False,0.00359,0.14597,0.0,2.24,1784852941
All Pools,CANS - AMI,,False,0.00354,0.14922,0.0,2.16,1784852941
All Pools,USDC - NUTS,,False,0.00342,0.18945,0.0,1.65,1784852941
All Pools,HIGHER - AVAX,,False,0.00342,1.222,0.0,0.26,1784852941
All Pools,THOR - USDC.e,,False,0.0034,0.21012,0.0,1.48,1784852941
All Pools,AVAX - NUTS,,False,0.00336,154.79,0.0,0.0,1784852941
All Pools,HIGHER - NOCHILL,,False,0.00335,0.19618,0.0,1.56,1784852941
All Pools,THOR - AVAX,,False,0.00334,22399.0,0.0,0.0,1784852941
All Pools,USDT.e - BANKSY V2,,False,0.00332,0.86949,0.0,0.35,1784852941
All Pools,AVAX - BANKSY V2,,False,0.00326,0.26108,0.0,1.14,1784852941
All Pools,USDC - SPT,,False,0.00322,0.21177,0.0,1.39,1784852941
All Pools,TSD - USDT.e,,False,0.00317,0.16187,0.0,1.79,1784852941
All Pools,STICK - AMI,,False,0.0031,0.17074,0.0,1.66,1784852941
All Pools,AVAX - STICK,,False,0.00304,1108.7,0.0,0.0,1784852941
All Pools,AMI - ATD,,False,0.00294,0.0664,0.0,4.04,1784852941
All Pools,BLUB - MU,,False,0.00293,0.13669,0.0,1.95,1784852941
All Pools,MIM - TIME,,False,0.00268,22.41,0.0,0.01,1784852941
All Pools,BTC.b - GMX,,False,0.00262,1.384,0.0,0.17,1784852941
All Pools,USDC.e - TIME,,False,0.00254,0.19014,0.0,1.22,1784852941
All Pools,LEO - AMI,,False,0.0023,0.0472,0.0,4.45,1784852941
All Pools,MIAOW - HOWDY,,False,0.0023,0.02524,0.0,8.32,1784852941
All Pools,MAJIN - AMI,,False,0.0023,0.10473,0.0,2.0,1784852941
All Pools,DWC - AMI,,False,0.00225,0.08605,0.0,2.38,1784852941
All Pools,LEO - AVAX,,False,0.00219,1157.94,0.0,0.0,1784852941
All Pools,GAINS - DWC,,False,0.00218,0.68953,0.0,0.29,1784852941
All Pools,MIAOW - AVAX,,False,0.00208,871.89,0.0,0.0,1784852941
All Pools,LAMA - AMI,,False,0.00203,0.07404,0.0,2.5,1784852941
All Pools,BRUH - AMI,,False,0.00203,0.09604,0.0,1.93,1784852941
All Pools,LAMA - AVAX,,False,0.002,8135.08,0.0,0.0,1784852941
All Pools,WOLFI - AMI,,False,0.00199,2.859,0.0,0.06,1784852941
All Pools,BRUH - AVAX,,False,0.00198,872.56,0.0,0.0,1784852941
All Pools,zJoe - AMI,,False,0.00195,0.14788,0.0,1.2,1784852941
All Pools,DUO - USDT.e,,False,0.00193,1.669,0.0,0.11,1784852941
All Pools,zJoe - AVAX,,False,0.00188,0.09061,0.0,1.9,1784852941
All Pools,ABC - MU,,False,0.00188,0.05214,0.0,3.28,1784852941
All Pools,ABOB - USDC,,False,0.00176,0.05531,0.0,2.91,1784852941
All Pools,GMX - USDt,,False,0.00174,0.36684,0.0,0.43,1784852941
All Pools,STINU - AMI,,False,0.0017,0.07543,0.0,2.06,1784852941
All Pools,TSD - USDC.e,,False,0.00166,0.05828,0.0,2.6,1784852941
All Pools,STINU - AVAX,,False,0.00166,25.1,0.0,0.01,1784852941
All Pools,AVAX - WMATIC,,False,0.00157,0.0018,0.0,79.65,1784852941
All Pools,AVAX - APOW,,False,0.00157,0.45651,0.0,0.31,1784852941
All Pools,BALLZ - AMI,,False,0.00132,0.03054,0.0,3.95,1784852941
All Pools,BTC.b - AMI,,False,0.0013,0.03387,0.0,3.5,1784852941
All Pools,BALLZ - AVAX,,False,0.00127,322.46,0.0,0.0,1784852941
All Pools,SWORLD - AVAX,,False,0.00126,2143.86,0.0,0.0,1784852941
All Pools,AVAX - Always,,False,0.0011,0.52292,0.0,0.19,1784852941
All Pools,HEFE - Always,,False,0.00108,1.354,0.0,0.07,1784852941
All Pools,WORM - AMI,,False,0.00107,0.02235,0.0,4.37,1784852941
All Pools,AVAX - DXT,,False,0.00103,0.11401,0.0,0.82,1784852941
All Pools,WORM - AVAX,,False,0.00102,239.88,0.0,0.0,1784852941
All Pools,HUSKY - MU,,False,0.0,0.03701,0.0,2.2,1784852941
All Pools,USDC - APOW,,False,0.0,0.01552,0.0,5.01,1784852941
All Pools,TECH - MU,,False,0.0,0.02016,0.0,3.79,1784852941
All Pools,USDt - APOW,,False,0.0,0.01367,0.0,5.43,1784852941
All Pools,BREV - AMI,,False,0.0,0.00891,0.0,7.6,1784852941
All Pools,MUME - USDC,,False,0.0,0.07561,0.0,0.84,1784852941
All Pools,BREV - AVAX,,False,0.0,6.798,0.0,0.01,1784852941
All Pools,MUME - MIM,,False,0.0,0.0112,0.0,5.28,1784852941
All Pools,sAVAX - AVAX,,False,0.0,165758.0,0.0,0.0,1784852941
All Pools,PAE - AVAX,,False,0.0,1534.24,0.0,0.0,1784852941
All Pools,AVAX - ZEPHYRA,,False,0.0,0.00501,0.0,1.02,1784852941
All Pools,avUSD - USDC,,False,0.0,16.98,0.0,0.0,1784852941
All Pools,AVAX - ART,,False,0.0,0.0,0.0,16.89,1784852941
All Pools,PUSH - AVAX,,False,0.0,0.38348,0.0,0.01,1784852941
All Pools,EZE - AVAX,,False,0.0,0.04768,0.0,0.02,1784852941
All Pools,FATE - USDC,,False,0.0,447266.0,0.0,0.0,1784852941
All Pools,AVAX - USDC,0.05,False,775056.0,368856.0,410.3,40.6,1784853009
All Pools,sAVAX - AVAX,0.01,False,135195.0,50205.0,14.42,10.48,1784853009
All Pools,ARENA - AVAX,0.01,False,56646.0,211764.0,5.653,0.97,1784853009
All Pools,sAVAX - AVAX,0.1,False,36762.0,50611.0,36.88,26.6,1784853009
All Pools,BTC.b - USDC,0.05,False,29375.0,587717.0,14.98,0.93,1784853009
All Pools,AUSD - USDC,0.01,False,29068.0,117750.0,2.96,0.92,1784853009
All Pools,USDt - USDC,0.01,False,28617.0,162675.0,2.291,0.51,1784853009
All Pools,USDt - USDC,0.005,False,19566.0,159931.0,1.374,0.31,1784853009
All Pools,WETH.e - USDC,0.15,False,18521.0,9760.69,27.87,104.22,1784853009
All Pools,AVAX - USDC,0.3,False,17312.0,339417.0,43.28,4.65,1784853009
All Pools,AVAX - USDT.e,0.3,False,15373.0,461083.0,38.43,3.04,1784853009
All Pools,USDC.e - AVAX,0.3,False,13946.0,358784.0,34.86,3.55,1784853009
All Pools,XAUt0 - USDt,0.04,False,11700.0,27517.0,5.288,7.01,1784853009
All Pools,USDT.e - USDC,0.02,False,10992.0,50925.0,2.218,1.59,1784853009
All Pools,AVAX - USDt,0.2,False,10071.0,96065.0,20.36,7.74,1784853009
All Pools,USDT.e - USDt,0.02,False,7795.35,44304.0,1.56,1.29,1784853009
All Pools,COQ - AVAX,0.3,False,7739.16,416376.0,19.35,1.7,1784853009
All Pools,AVAX - BTC.b,0.05,False,6992.56,25116.0,4.153,6.04,1784853009
All Pools,FOLKS - AVAX,0.25,False,6992.08,34477.0,17.61,18.65,1784853009
All Pools,WETH.e - AVAX,0.3,False,6307.41,368984.0,15.77,1.56,1784853009
All Pools,AAVE.e - AVAX,0.3,False,5237.9,254953.0,13.09,1.87,1784853009
All Pools,USDC.e - USDC,0.02,False,5112.35,9702.25,0.511,1.92,1784853009
All Pools,USDC - XAVA,0.3,False,4779.88,493104.0,11.95,0.88,1784853009
All Pools,JOE - USDC.e,0.3,False,4464.94,257584.0,11.16,1.58,1784853009
All Pools,QI - AVAX,0.3,False,4398.92,117656.0,11.0,3.41,1784853009
All Pools,AUSD - USDt,0.01,False,3948.81,54725.0,0.42072,0.28,1784853009
All Pools,JOE - AVAX,0.3,False,3436.46,206055.0,8.591,1.52,1784853009
All Pools,NXUSD - WXT,0.3,False,3398.77,461225.0,8.497,0.67,1784853009
All Pools,NOCHILL - AVAX,0.3,False,2972.14,53019.0,7.43,5.12,1784853009
All Pools,XAVA - AVAX,0.8,False,2874.41,120652.0,23.56,7.13,1784853009
All Pools,DAI.e - USDC,0.02,False,2760.81,26570.0,0.54125,0.74,1784853009
All Pools,HERESY - AVAX,0.3,False,2676.96,17240.0,6.692,14.17,1784853009
All Pools,WBTC.e - AVAX,0.3,False,2589.45,130435.0,6.474,1.81,1784853009
All Pools,BTC.b - AVAX,0.3,False,2150.74,106604.0,5.377,1.84,1784853009
All Pools,ZRO - AVAX,0.25,False,2088.87,1571.88,18.25,423.73,1784853009
All Pools,QI - AVAX,0.25,False,2052.02,7668.28,5.186,24.69,1784853009
All Pools,gOHM - AVAX,0.3,False,1993.16,124926.0,4.983,1.46,1784853009
All Pools,WBTC - BTC.b,0.03,False,1786.12,68779.0,0.53958,0.29,1784853009
All Pools,USDt - AVAX,0.3,False,1638.78,37777.0,4.097,3.96,1784853009
All Pools,ORNG - AVAX,0.3,False,1510.7,16373.0,3.777,8.42,1784853009
All Pools,GUN - AVAX,0.25,False,1461.8,9036.11,5.297,21.4,1784853009
All Pools,MIM - AVAX,0.3,False,1212.07,159708.0,3.03,0.69,1784853009
All Pools,SolvBTC - BTC.b,0.04,False,1130.68,174823.0,0.56597,0.12,1784853009
All Pools,AVAX - DAI.e,0.3,False,1023.14,27884.0,2.558,3.35,1784853009
All Pools,USDC.e - USDC,0.02,False,998.52,3884.69,0.20033,1.88,1784853009
All Pools,OSAK - AVAX,0.3,False,977.05,3137.69,2.443,28.41,1784853009
All Pools,KIMBO - AVAX,0.3,False,914.01,40189.0,2.285,2.08,1784853009
All Pools,TOPIA - BTC.b,0.1,False,707.53,446.17,1.149,93.96,1784853009
All Pools,BEAM - USDC,0.3,False,692.79,63595.0,1.732,0.99,1784853009
All Pools,GMX - AVAX,0.3,False,682.33,4051.58,1.706,15.37,1784853009
All Pools,HUNDRED - USDC,0.3,False,681.77,474974.0,1.704,0.13,1784853009
All Pools,BEAM - AVAX,0.25,False,664.71,13633.0,1.677,4.49,1784853009
All Pools,LINK.e - AVAX,0.3,False,646.93,38777.0,1.617,1.52,1784853009
All Pools,SYN - AVAX,0.3,False,580.98,3865.91,1.452,13.71,1784853009
All Pools,JPYC - USDC,0.04,False,578.26,2994.67,0.45595,5.56,1784853009
All Pools,EURC - USDC,0.03,False,484.34,10101.0,0.14716,0.53,1784853009
All Pools,MOR - AVAX,0.3,False,478.32,964.13,1.196,45.27,1784853009
All Pools,JOE - USDT.e,0.3,False,465.77,51694.0,1.164,0.82,1784853009
All Pools,USDT.e - USDC,0.02,False,443.7,894.92,0.04564,1.86,1784853009
All Pools,PTOP900 - BTC.b,0.1,False,383.76,223.54,2.072,338.38,1784853009
All Pools,PTOP800 - AVAX,0.1,False,359.96,140.46,1.594,414.27,1784853009
All Pools,USDt - ncash,0.3,False,326.86,1003.56,0.81714,29.72,1784853009
All Pools,WOLF - AVAX,0.3,False,310.01,27054.0,0.77502,1.05,1784853009
All Pools,AVAX - TOPIA,0.3,False,303.25,1540.44,0.75813,17.96,1784853009
All Pools,USDC.e - USDC,0.02,False,301.02,1948.44,0.06049,1.13,1784853009
All Pools,PTOP1300 - AVAX,0.1,False,280.02,16.39,1.402,3122.66,1784853009
All Pools,PTOP1200 - AVAX,0.1,False,275.19,0.07275,1.374,689351.86,1784853009
All Pools,PTOP1100 - AVAX,0.1,False,269.43,85.61,1.301,554.89,1784853009
All Pools,JOE - USDC,0.3,False,249.51,23436.0,0.62377,0.97,1784853009
All Pools,SB - AVAX,0.3,False,235.88,5850.32,0.5897,3.68,1784853009
All Pools,PTOP1100 - BTC.b,0.1,False,224.26,498.59,0.76823,56.24,1784853009
All Pools,AVAX - XAVA,0.3,False,200.75,12742.0,0.50187,1.44,1784853009
All Pools,NXPC - USDC,0.8,False,192.26,90.3,1.563,631.8,1784853009
All Pools,APIX - ARENA,0.3,False,187.1,2162.16,0.46775,7.9,1784853009
All Pools,WABBIT - AVAX,0.3,False,175.14,3993.25,0.43786,4.0,1784853009
All Pools,MUON - AVAX,0.3,False,174.31,41739.0,0.43578,0.38,1784853009
All Pools,w3ULL - AVAX,0.3,False,172.21,47284.0,0.43053,0.33,1784853009
All Pools,SHRAP - AVAX,0.8,False,172.07,7582.17,1.384,6.66,1784853009
All Pools,USDt - INFRA.e,0.3,False,160.84,24721.0,0.40209,0.59,1784853009
All Pools,WTHT - USDC,0.8,False,159.79,256.81,2.313,328.68,1784853009
All Pools,CAPY - ARENA,0.3,False,147.28,32492.0,0.36819,0.41,1784853009
All Pools,AVAX - JUICE,0.3,False,146.25,9865.68,0.36562,1.35,1784853009
All Pools,HEFE - AVAX,0.3,False,135.49,25795.0,0.33873,0.48,1784853009
All Pools,DAI.e - USDC,0.02,False,129.35,2286.95,0.02514,0.4,1784853009
All Pools,TOPIA - AVAX,0.1,False,128.51,3524.31,0.46971,4.86,1784853009
All Pools,APIX - ID,0.3,False,123.02,17141.0,0.30756,0.65,1784853009
All Pools,PTOP800 - BTC.b,0.1,False,119.98,572.86,0.41932,26.72,1784853009
All Pools,AVAX - BGR,0.3,False,119.3,241.81,0.29824,45.02,1784853009
All Pools,AI - AVAX,0.3,False,119.19,3117.23,0.29798,3.49,1784853009
All Pools,ABC - AVAX,0.3,False,112.9,477.64,0.28225,21.57,1784853009
All Pools,ALOT - AVAX,0.3,False,110.61,9891.85,0.27653,1.02,1784853009
All Pools,WETH.e - USDC.e,0.3,False,110.33,11072.0,0.27582,0.91,1784853009
All Pools,TECH - AVAX,0.3,False,99.25,8961.76,0.24813,1.01,1784853009
All Pools,BOI - AVAX,0.3,False,98.61,37.32,0.24652,241.12,1784853009
All Pools,PTOP1000 - USDC,0.1,False,96.51,105.31,0.30623,106.14,1784853009
All Pools,APIX - USDt,0.3,False,92.97,5504.08,0.23242,1.54,1784853009
All Pools,FLD - AVAX,0.3,False,92.84,34363.0,0.23211,0.25,1784853009
All Pools,FLOT - AVAX,0.3,False,83.38,2750.96,0.20845,2.77,1784853009
All Pools,UST - AVAX,0.3,False,77.05,5660.17,0.19263,1.24,1784853009
All Pools,gOHM - FRAX,0.3,False,76.46,3425.62,0.19114,2.04,1784853009
All Pools,AVAX - DOMI,0.3,False,74.79,10635.0,0.18697,0.64,1784853009
All Pools,BLSEYE🎯 - AVAX,0.3,False,72.99,4368.49,0.18247,1.52,1784853009
All Pools,PTOP900 - USDC,0.1,False,71.6,143.69,0.13453,34.17,1784853009
All Pools,HAT - AVAX,0.3,False,70.94,6947.15,0.17735,0.93,1784853009
All Pools,PTOP900 - AVAX,0.1,False,69.8,0.0,0.22535,,1784853009
All Pools,HUSKY - AVAX,0.3,False,68.29,2101.36,0.17073,2.97,1784853009
All Pools,HOWDY - AVAX,0.3,False,67.83,6642.54,0.16958,0.93,1784853009
All Pools,WBTC.e - BTC.b,0.03,False,66.0,232088.0,0.0214,0.0,1784853009
All Pools,BLSEYE🎯 - ARENA,0.3,False,65.9,1187.8,0.16475,5.06,1784853009
All Pools,APIX - USDC,0.3,False,65.09,2750.51,0.16274,2.16,1784853009
All Pools,XSEED - AVAX,0.3,False,54.23,9696.4,0.13557,0.51,1784853009
All Pools,AVAX - aXEN,0.3,False,52.25,161.15,0.13063,29.59,1784853009
All Pools,MIM - SB,0.3,False,47.28,1962.11,0.11821,2.2,1784853009
All Pools,MEAT - AVAX,0.3,False,46.62,2967.69,0.11656,1.43,1784853009
All Pools,XPOW - AVAX,0.8,False,46.46,620.36,0.37391,22.0,1784853009
All Pools,FITFI - USDT.e,0.3,False,45.25,67.69,0.11313,61.0,1784853009
All Pools,AVAX - UST,0.3,False,44.7,6555.28,0.11176,0.62,1784853009
All Pools,YEEHAW - HOWDY,0.3,False,44.04,7454.8,0.1101,0.54,1784853009
All Pools,MIM - LF,0.3,False,42.75,299.2,0.10687,13.04,1784853009
All Pools,PTOP700 - BTC.b,0.1,False,41.61,252.41,0.05192,7.51,1784853009
All Pools,PTOP400 - AVAX,0.1,False,41.29,217.41,0.04203,7.06,1784853009
All Pools,STG - USDC,0.3,False,41.29,1193.14,0.10323,3.16,1784853009
All Pools,LF - AVAX,0.3,False,38.91,236.96,0.09727,14.98,1784853009
All Pools,STG - AVAX,0.3,False,38.7,981.01,0.09674,3.6,1784853009
All Pools,BTC.b - TOPIA,0.3,False,38.59,595.33,0.09647,5.91,1784853009
All Pools,GRO - MOR,0.3,False,36.46,139.7,0.09116,23.82,1784853009
All Pools,GRO - AVAX,0.3,False,32.37,269.27,0.08093,10.97,1784853009
All Pools,ALOT - AVAX,0.8,False,31.75,1341.75,0.25334,6.89,1784853009
All Pools,USDt - USDC,0.02,False,31.43,2229.97,0.00629,0.1,1784853009
All Pools,GENI - USDC,0.3,False,31.15,1092.66,0.07787,2.6,1784853009
All Pools,ABC - HOWDY,0.3,False,30.93,496.41,0.07732,5.68,1784853009
All Pools,AVAX - ALVA,0.3,False,29.97,671.76,0.07492,4.07,1784853009
All Pools,APIX - LAMBO,0.3,False,29.39,372.94,0.07348,7.19,1784853009
All Pools,MIM - USDT.e,0.3,False,29.3,1348.12,0.07326,1.98,1784853009
All Pools,USDC.e - WMATIC,0.3,False,29.24,12.82,0.07311,208.21,1784853009
All Pools,AVAX - AMI,0.3,False,25.8,397.79,0.06449,5.92,1784853009
All Pools,AVAX - AKITAX,0.3,False,25.58,370.2,0.06395,6.31,1784853009
All Pools,WHEAT - MOR,0.3,False,25.5,96.61,0.06375,24.09,1784853009
All Pools,AVAX - SOLNIC,0.3,False,22.61,3367.88,0.05652,0.61,1784853009
All Pools,Psychic - AVAX,0.3,False,22.48,861.74,0.0562,2.38,1784853009
All Pools,SECOND - USDC,0.3,False,22.37,7012.3,0.05592,0.29,1784853009
All Pools,WHEAT - AVAX,0.3,False,22.25,257.08,0.05563,7.9,1784853009
All Pools,aDXN - AVAX,0.3,False,21.31,55.32,0.05329,35.16,1784853009
All Pools,PTOP900 - TOPIA,0.3,False,20.69,166.0,0.05171,11.37,1784853009
All Pools,XPOW - AVAX,0.3,False,20.26,1173.36,0.05064,1.58,1784853009
All Pools,USDC - GAU,0.3,False,20.07,703.44,0.05017,2.6,1784853009
All Pools,ISA - AVAX,0.3,False,19.87,16301.0,0.04967,0.11,1784853009
All Pools,GUN - BLSEYE🎯,0.3,False,19.83,418.74,0.04956,4.32,1784853009
All Pools,SECOND - AVAX,0.3,False,19.58,1429.25,0.04895,1.25,1784853009
All Pools,ISA - USDC.e,0.3,False,19.42,1417.28,0.04855,1.25,1784853009
All Pools,ROY - AVAX,0.3,False,17.25,3827.58,0.04312,0.41,1784853009
All Pools,EGG - AVAX,0.3,False,17.06,15912.0,0.04265,0.1,1784853009
All Pools,ARENA - AVAX,2.5,False,16.72,405.86,0.42265,38.01,1784853009
All Pools,BabyCoq - AVAX,0.3,False,16.48,1476.12,0.0412,1.02,1784853009
All Pools,RGOGLZ - USDC,0.3,False,16.18,1304.46,0.04044,1.13,1784853009
All Pools,PNG - AVAX,0.3,False,15.4,772.82,0.03851,1.82,1784853009
All Pools,PTOP1200 - TOPIA,0.3,False,15.13,158.75,0.03782,8.69,1784853009
All Pools,PTOP1100 - TOPIA,0.3,False,14.87,166.31,0.03719,8.16,1784853009
All Pools,DCAU - USDT.e,0.3,False,14.62,5004.39,0.03655,0.27,1784853009
All Pools,HOWDY - USDC,0.3,False,13.61,3047.36,0.03403,0.41,1784853009
All Pools,TOPIA - PTOP800,0.3,False,12.85,159.91,0.03211,7.33,1784853009
All Pools,Psychic - XAUt0,0.3,False,12.79,5748.21,0.03198,0.2,1784853009
All Pools,MIM - USDC.e,0.3,False,12.77,685.62,0.03192,1.7,1784853009
All Pools,PTOP1300 - TOPIA,0.3,False,12.75,151.36,0.03189,7.69,1784853009
All Pools,ZRO - AVAX,0.3,False,12.69,127.13,0.03174,9.11,1784853009
All Pools,DCAU - AVAX,0.3,False,12.61,989.86,0.03152,1.16,1784853009
All Pools,GURS - AVAX,0.3,False,12.45,5208.44,0.03112,0.22,1784853009
All Pools,AVAX - FRAX,0.3,False,12.43,650.35,0.03108,1.74,1784853009
All Pools,MAI - AVAX,0.3,False,12.08,1527.4,0.03019,0.72,1784853009
All Pools,PRIME - AVAX,0.4,False,11.37,141753.0,0.04804,0.01,1784853009
All Pools,HATCHY - AVAX,0.3,False,11.36,6737.05,0.0284,0.15,1784853009
All Pools,aUSD - USDC,0.01,False,10.04,2839.06,0.00275,0.04,1784853009
All Pools,HOWDY - AMI,0.3,False,9.955,1509.49,0.02489,0.6,1784853009
All Pools,Balln - AVAX,0.3,False,9.628,4092.31,0.02407,0.21,1784853009
All Pools,HYDRA - AVAX,0.3,False,9.621,337.76,0.02405,2.6,1784853009
All Pools,Gladiator - ARENA,0.3,False,9.186,572.02,0.02297,1.47,1784853009
All Pools,AVAX - SPELL,0.3,False,8.894,1825.34,0.02224,0.44,1784853009
All Pools,Gladiator - USDC,0.3,False,8.847,330.9,0.02212,2.44,1784853009
All Pools,PTOP1000 - TOPIA,0.3,False,8.025,161.31,0.02006,4.54,1784853009
All Pools,USV - DAI.e,0.3,False,7.597,3958.41,0.01899,0.18,1784853009
All Pools,APOW - AVAX,0.3,False,7.466,1263.28,0.01867,0.54,1784853009
All Pools,ROCO - AVAX,0.3,False,7.319,1284.33,0.0183,0.52,1784853009
All Pools,TOPIA - PTOP600,0.3,False,7.207,150.71,0.01802,4.36,1784853009
All Pools,APOW - XPOW,0.3,False,7.196,1158.83,0.01799,0.57,1784853009
All Pools,GUN - AVAX,0.3,False,7.079,186.59,0.0177,3.46,1784853009
All Pools,TOPIA - PTOP10000,0.3,False,6.986,162.22,0.01747,3.93,1784853009
All Pools,USDC.e - DAI.e,0.3,False,6.792,22129.0,0.01698,0.03,1784853009
All Pools,USDC.e - USDT.e,0.3,False,6.755,40097.0,0.01689,0.02,1784853009
All Pools,AVAX - ELK,0.3,False,6.618,1261.82,0.01655,0.48,1784853009
All Pools,AVAX - ARENA,0.3,False,6.522,78.33,0.0163,7.6,1784853009
All Pools,DATCM - ORNG,0.3,False,6.189,231.53,0.01547,2.44,1784853009
All Pools,GGP - AVAX,0.3,False,5.991,23205.0,0.01498,0.02,1784853009
All Pools,3QF - D - AVAX,0.3,False,5.805,1298.98,0.01451,0.41,1784853009
All Pools,3QF - D - WETH.e,0.3,False,5.779,2480.7,0.01445,0.21,1784853009
All Pools,AVAX - PEFI,0.3,False,5.592,3099.29,0.01398,0.16,1784853009
All Pools,USDC.e - MU,0.3,False,5.447,13180.0,0.01362,0.04,1784853009
All Pools,USDC.e - USDC,0.3,False,4.87,481266.0,0.01218,,1784853009
All Pools,COQ - OSAK,0.3,False,4.832,18.47,0.01208,23.88,1784853009
All Pools,MIM - WETH.e,0.3,False,4.818,447.6,0.01204,0.98,1784853009
All Pools,AMI - TOPIA,0.3,False,4.675,227.0,0.01169,1.88,1784853009
All Pools,PTOP400 - TOPIA,0.3,False,4.511,136.51,0.01128,3.02,1784853009
All Pools,avUSD - sAVAX,0.3,False,4.236,197.64,0.01059,1.96,1784853009
All Pools,YEEHAW - TOPIA,0.3,False,4.157,155.53,0.01039,2.44,1784853009
All Pools,KINGSHIT - AVAX,0.3,False,4.071,3535.94,0.01018,0.11,1784853009
All Pools,Now - AVAX,0.3,False,4.009,185.61,0.01002,1.97,1784853009
All Pools,FITFI - AVAX,0.3,False,4.007,5.919,0.01002,61.78,1784853009
All Pools,ACS - AVAX,0.3,False,3.997,162.87,0.00999,2.24,1784853009
All Pools,LINK.e - USDT.e,0.3,False,3.956,225.32,0.00989,1.6,1784853009
All Pools,AVAX - SOCK,0.3,False,3.912,2322.75,0.00978,0.15,1784853009
All Pools,USDC - SOCK,0.3,False,3.909,410.91,0.00977,0.87,1784853009
All Pools,SLOT - AVAX,0.3,False,3.908,2517.52,0.00977,0.14,1784853009
All Pools,UST - USDC,0.3,False,3.805,425.03,0.00951,0.82,1784853009
All Pools,ORNG - MOOM,0.3,False,3.71,183.19,0.00928,1.85,1784853009
All Pools,ORNG - FLUX,0.3,False,3.579,104.83,0.00895,3.12,1784853009
All Pools,SHRAP - DOMI,0.3,False,3.51,145.63,0.00878,2.2,1784853009
All Pools,VPND - AVAX,0.3,False,3.492,17351.0,0.00873,0.02,1784853009
All Pools,MaryMagdalene - AVAX,0.3,False,3.416,168.26,0.00854,1.85,1784853009
All Pools,YETI - AVAX,0.3,False,3.409,2232.82,0.00852,0.14,1784853009
All Pools,REDWOLF - WMATIC,0.3,False,3.408,1.591,0.00852,195.45,1784853009
All Pools,BLUB - AVAX,0.3,False,3.406,11248.0,0.00852,0.03,1784853009
All Pools,SWIFT - USDC.e,0.3,False,3.33,489.97,0.00832,0.62,1784853009
All Pools,MYST - USDC,0.3,False,3.321,216.54,0.0083,1.4,1784853009
All Pools,BLSEYE🎯 - BEAM,0.3,False,3.236,262.65,0.00809,1.12,1784853009
All Pools,ANKR - AVAX,0.3,False,3.223,13.83,0.00806,21.27,1784853009
All Pools,FTOMB - AVAX,0.3,False,3.128,6408.29,0.00782,0.04,1784853009
All Pools,ORNG - JUCI,0.3,False,3.121,239.52,0.0078,1.19,1784853009
All Pools,PTOP500 - TOPIA,0.3,False,3.035,132.56,0.00759,2.09,1784853009
All Pools,BEAM - AVAX,0.3,False,2.951,359.71,0.00738,0.75,1784853009
All Pools,XROSS - ORNG,0.3,False,2.9,229.63,0.00725,1.15,1784853009
All Pools,YAK - USDC.e,0.3,False,2.847,203.11,0.00712,1.28,1784853009
All Pools,YAK - AVAX,0.3,False,2.836,3125.43,0.00709,0.08,1784853009
All Pools,BUSD - AVAX,0.3,False,2.786,330.96,0.00697,0.77,1784853009
All Pools,USDC - aXEN,0.3,False,2.472,8.851,0.00618,25.48,1784853009
All Pools,GENI - AVAX,0.3,False,2.408,45.61,0.00602,4.82,1784853009
All Pools,DPS - USDC,0.3,False,2.372,1809.23,0.00593,0.12,1784853009
All Pools,DPS - AVAX,0.3,False,2.368,179.37,0.00592,1.2,1784853009
All Pools,APOW - AVAX,0.3,False,2.357,602.76,0.00589,0.36,1784853009
All Pools,Psychic - BLACK,0.3,False,2.279,242.46,0.0057,0.86,1784853009
All Pools,HOST - DAI.e,0.3,False,2.252,2476.35,0.00563,0.08,1784853009
All Pools,MaryMagdalene - XAUt0,0.3,False,2.244,1644.2,0.00561,0.12,1784853009
All Pools,PTOP700 - TOPIA,0.3,False,2.235,147.35,0.00559,1.38,1784853009
All Pools,AVAX - NaughtiusMaximus,0.3,False,2.231,325.39,0.00558,0.63,1784853009
All Pools,LUNA - USDC.e,0.3,False,2.212,324.65,0.00553,0.62,1784853009
All Pools,REDWOLF - USDC,0.3,False,2.098,184.29,0.00525,1.04,1784853009
All Pools,USDT.e - CLY,0.3,False,2.097,176.34,0.00524,1.09,1784853009
All Pools,REDWOLF - AVAX,0.3,False,2.079,376.55,0.0052,0.5,1784853009
All Pools,aDXN - aXEN,0.3,False,2.029,5.388,0.00507,34.36,1784853009
All Pools,YUSD - AVAX,0.3,False,2.028,114.3,0.00507,1.62,1784853009
All Pools,PLN - AVAX,0.3,False,1.956,877.92,0.00489,0.2,1784853009
All Pools,YOU - ORNG,0.3,False,1.914,1339.84,0.00478,0.13,1784853009
All Pools,MAGICK - USDC,0.3,False,1.912,224.2,0.00478,0.78,1784853009
All Pools,LINK.e - USDC.e,0.3,False,1.903,187.17,0.00476,0.93,1784853009
All Pools,SWIFT - AVAX,0.3,False,1.899,232.69,0.00475,0.74,1784853009
All Pools,MAGICK - AVAX,0.3,False,1.892,274.08,0.00473,0.63,1784853009
All Pools,GB - AVAX,0.3,False,1.889,1727.65,0.00472,0.1,1784853009
All Pools,HUSKY - JOE,0.3,False,1.843,95.78,0.00461,1.76,1784853009
All Pools,MYST - AVAX,0.3,False,1.799,635.79,0.0045,0.26,1784853009
All Pools,AVAX - CLY,0.3,False,1.792,20960.0,0.00448,0.01,1784853009
All Pools,AVAX - SNOB,0.3,False,1.748,744.11,0.00437,0.21,1784853009
All Pools,HUSKY - AMI,0.3,False,1.742,51.19,0.00435,3.1,1784853009
All Pools,SPORE - USDC,0.3,False,1.728,1372.75,0.00432,0.11,1784853009
All Pools,XAUt0 - Now,0.3,False,1.721,561.11,0.0043,0.28,1784853009
All Pools,USDT.e - ONION,0.3,False,1.705,742.33,0.00426,0.21,1784853009
All Pools,MIM - TEMPO,0.3,False,1.679,4.103,0.0042,37.35,1784853009
All Pools,JOE - USDT,0.3,False,1.672,273.28,0.00418,0.56,1784853009
All Pools,USDC.e - AVVO,0.3,False,1.609,221.32,0.00402,0.66,1784853009
All Pools,AVAX - ChristMark,0.3,False,1.585,262.16,0.00396,0.55,1784853009
All Pools,XAUt0 - NaughtiusMaximus,0.3,False,1.574,876.98,0.00394,0.16,1784853009
All Pools,Now - BLACK,0.3,False,1.559,220.32,0.0039,0.65,1784853009
All Pools,AVAX - ONION,0.3,False,1.491,145.45,0.00373,0.94,1784853009
All Pools,SWIFT - WETH.e,0.3,False,1.423,1326.82,0.00356,0.1,1784853009
All Pools,BANKSY - USDT.e,0.3,False,1.402,1513.11,0.00351,0.08,1784853009
All Pools,BANKSY - AVAX,0.3,False,1.398,139.63,0.0035,0.91,1784853009
All Pools,UST - USDC.e,0.3,False,1.378,663.32,0.00344,0.19,1784853009
All Pools,DREGG - USDT.e,0.3,False,1.365,510.05,0.00341,0.24,1784853009
All Pools,DREGG - AVAX,0.3,False,1.362,142.44,0.0034,0.87,1784853009
All Pools,SMRTr - AVAX,0.3,False,1.352,24852.0,0.00338,0.0,1784853009
All Pools,AVAX - FRAX,0.3,False,1.35,220.42,0.00337,0.56,1784853009
All Pools,AVAX - EROL,0.0,False,1.349,44.45,0.0,0.0,1784853009
All Pools,WETH - USDC.e,0.3,False,1.344,207.64,0.00336,0.59,1784853009
All Pools,SMRTr - USDC.e,0.3,False,1.342,102.87,0.00335,1.19,1784853009
All Pools,AVAX - USDT,0.3,False,1.329,1647.38,0.00332,0.07,1784853009
All Pools,XAUt0 - Gravity,0.3,False,1.306,312.07,0.00326,0.38,1784853009
All Pools,APOW - USDC,0.3,False,1.269,113.93,0.00317,1.02,1784853009
All Pools,YEEHAW - BTC.b,0.3,False,1.233,54.49,0.00308,2.06,1784853009
All Pools,FXS - AVAX,0.3,False,1.223,281.23,0.00306,0.4,1784853009
All Pools,XAUt0 - ChristMark,0.3,False,1.213,577.24,0.00303,0.19,1784853009
All Pools,COQ - BLSEYE🎯,0.3,False,1.212,153.46,0.00303,0.72,1784853009
All Pools,L - Swing - SWAP.e,0.3,False,1.193,41.94,0.00298,2.6,1784853009
All Pools,AVAX - SWAP.e,0.3,False,1.184,18394.0,0.00296,0.01,1784853009
All Pools,LFG - AVAX,0.3,False,1.082,3603.18,0.00271,0.03,1784853009
All Pools,AVAX - MU,0.3,False,1.047,72.68,0.00262,1.31,1784853009
All Pools,BTC.b - oXAUT,0.3,False,1.046,315.98,0.00262,0.3,1784853009
All Pools,oXAUT - AVAX,0.3,False,1.045,400.87,0.00261,0.24,1784853009
All Pools,BOI - MU,0.3,False,1.04,0.69034,0.0026,137.48,1784853009
All Pools,AVAX - SMRT,0.3,False,1.038,1580.87,0.00259,0.06,1784853009
All Pools,Trinity - AVAX,0.3,False,1.033,705.8,0.00258,0.13,1784853009
All Pools,Trinity - Gravity,0.3,False,1.027,1675.38,0.00257,0.06,1784853009
All Pools,APOW - USDt,0.3,False,1.023,113.56,0.00256,0.82,1784853009
All Pools,MIM - MU,0.3,False,1.021,84.6,0.00255,1.1,1784853009
All Pools,USDT.e - SMRT,0.3,False,1.016,87.04,0.00254,1.07,1784853009
All Pools,AVAX - AVVO,0.3,False,0.96179,221.77,0.0024,0.4,1784853009
All Pools,ORNG - SAI,0.3,False,0.95552,103.04,0.00239,0.85,1784853009
All Pools,AVAX - IMPACT2,0.3,False,0.9522,140.61,0.00238,0.62,1784853009
All Pools,WETH.e - USDT.e,0.3,False,0.93392,150.65,0.00233,0.57,1784853009
All Pools,L - Swing - aXEN,0.3,False,0.93281,49.93,0.00233,1.7,1784853009
All Pools,AVAX - GEC,0.3,False,0.92071,26726.0,0.0023,0.0,1784853009
All Pools,HOST - AVAX,0.3,False,0.90995,86.63,0.00227,0.96,1784853009
All Pools,WETH.e - ONION,0.3,False,0.90922,235.78,0.00227,0.35,1784853009
All Pools,HOWDY - USDt,0.3,False,0.90726,178.91,0.00227,0.46,1784853009
All Pools,USDC.e - ONION,0.3,False,0.89221,370.72,0.00223,0.22,1784853009
All Pools,Gravity - AVAX,0.3,False,0.86918,233.4,0.00217,0.34,1784853009
All Pools,KIWI - AVAX,0.3,False,0.86389,91.99,0.00216,0.86,1784853009
All Pools,AAVE.e - REDWOLF,0.3,False,0.85008,148.58,0.00213,0.52,1784853009
All Pools,BOI - AMI,0.3,False,0.80811,0.51401,0.00202,143.46,1784853009
All Pools,KIWI - USDC,0.3,False,0.8048,296.17,0.00201,0.25,1784853009
All Pools,USDC - SDOG,0.3,False,0.78957,358.33,0.00197,0.2,1784853009
All Pools,WBTC.e - ONION,0.3,False,0.78847,356.65,0.00197,0.2,1784853009
All Pools,LUNA - USDC.e,0.3,False,0.77379,660.0,0.00193,0.11,1784853009
All Pools,NOCHILL - OX,0.3,False,0.76739,10942.0,0.00192,0.01,1784853009
All Pools,PNG - JOE,0.3,False,0.75964,113.88,0.0019,0.61,1784853009
All Pools,LUNA - AVAX,0.3,False,0.73001,117.99,0.00183,0.56,1784853009
All Pools,MIM - SDOG,0.3,False,0.7239,79.63,0.00181,0.83,1784853009
All Pools,DCAU - MIM,0.3,False,0.72236,99.87,0.00181,0.66,1784853009
All Pools,AVAX - ZUBAX,0.3,False,0.69945,89.66,0.00175,0.71,1784853009
All Pools,TEMPO - AVAX,0.3,False,0.69744,1.615,0.00174,39.41,1784853009
All Pools,BRO - COQ,0.3,False,0.69678,140.39,0.00174,0.45,1784853009
All Pools,BRO - AVAX,0.3,False,0.69571,95980.0,0.00174,,1784853009
All Pools,WBTC.e - USDT.e,0.3,False,0.68182,157.98,0.0017,0.39,1784853009
All Pools,BTC.b - REDWOLF,0.3,False,0.68095,98.22,0.0017,0.63,1784853009
All Pools,ZUBAX - USDT.e,0.3,False,0.6799,170.87,0.0017,0.36,1784853009
All Pools,DCAU - USDC,0.3,False,0.67346,142.86,0.00168,0.43,1784853009
All Pools,JOE - EXP,0.3,False,0.66484,10386763.0,0.00166,,1784853009
All Pools,bCASH - LINK.e,0.3,False,0.66228,311.75,0.00166,0.19,1784853009
All Pools,COQ - COQAI,0.3,False,0.6501,19155.0,0.00163,0.0,1784853009
All Pools,SYMBIOT - AVAX,0.3,False,0.63346,73.15,0.00158,0.79,1784853009
All Pools,KRW - AVAX,0.3,False,0.63223,303.49,0.00158,0.19,1784853009
All Pools,JOE - KRW,0.3,False,0.63175,144.18,0.00158,0.4,1784853009
All Pools,Psychic - AftermathsKobe,0.3,False,0.62449,239.25,0.00156,0.24,1784853009
All Pools,AftermathsKobe - AVAX,0.3,False,0.62208,205.91,0.00156,0.28,1784853009
All Pools,MAXI - DAI.e,0.3,False,0.61879,218.86,0.00155,0.26,1784853009
All Pools,Psychic - Wej,0.3,False,0.61232,236.18,0.00153,0.24,1784853009
All Pools,AVAX - Wej,0.3,False,0.61125,203.87,0.00153,0.27,1784853009
All Pools,COQ - OX,0.3,False,0.60163,11823.0,0.0015,0.0,1784853009
All Pools,Psychic - Now,0.3,False,0.60069,460.67,0.0015,0.12,1784853009
All Pools,STOMB - AVAX,0.3,False,0.5969,5020.23,0.00149,0.01,1784853009
All Pools,SYMBIOT - DAI.e,0.3,False,0.59422,438.5,0.00149,0.12,1784853009
All Pools,FollowTheWhiteRabbit - AVAX,0.3,False,0.58247,112.6,0.00146,0.47,1784853009
All Pools,DiamondbackGall - AVAX,0.3,False,0.58074,204.85,0.00145,0.26,1784853009
All Pools,Psychic - DiamondbackGall,0.3,False,0.58068,236.49,0.00145,0.22,1784853009
All Pools,Psychic - ArniStitch,0.3,False,0.56691,235.49,0.00142,0.22,1784853009
All Pools,ArniStitch - AVAX,0.3,False,0.56482,202.65,0.00141,0.25,1784853009
All Pools,DAI.e - ONION,0.3,False,0.56192,330.34,0.0014,0.16,1784853009
All Pools,KALM - USDC,0.3,False,0.5552,76.2,0.00139,0.66,1784853009
All Pools,KALM - AVAX,0.3,False,0.55387,94.33,0.00138,0.54,1784853009
All Pools,VELAI - AVAX,0.3,False,0.52518,0.23857,0.00131,200.88,1784853009
All Pools,SYN - REDWOLF,0.3,False,0.52498,3.929,0.00131,12.19,1784853009
All Pools,MEOW - AVAX,0.3,False,0.51323,7393.83,0.00128,0.01,1784853009
All Pools,50 - USDC,0.3,False,0.49996,110.8,0.00125,0.41,1784853009
All Pools,50 - AVAX,0.3,False,0.49877,58.24,0.00125,0.78,1784853009
All Pools,NaughtiusMaximus - Seventeen,0.3,False,0.4986,659.24,0.00125,0.07,1784853009
All Pools,AVAX - Seventeen,0.3,False,0.49704,198.8,0.00124,0.23,1784853009
All Pools,MaryMagdalene - TheGospelOfMary,0.3,False,0.48482,206.42,0.00121,0.21,1784853009
All Pools,Psychic - Meaning,0.3,False,0.47458,230.19,0.00119,0.19,1784853009
All Pools,Meaning - AVAX,0.3,False,0.47305,316.31,0.00118,0.14,1784853009
All Pools,USDt - USDT.e,0.3,False,0.4672,20436.0,0.00117,0.0,1784853009
All Pools,USDt - IMPACT2,0.3,False,0.46311,71.58,0.00116,0.59,1784853009
All Pools,Psychic - CommieSukey,0.3,False,0.46207,235.65,0.00116,0.18,1784853009
All Pools,CommieSukey - AVAX,0.3,False,0.46035,203.39,0.00115,0.21,1784853009
All Pools,L - Swing - aDXN,0.3,False,0.45513,10.34,0.00114,4.02,1784853009
All Pools,AVAX - SING,0.3,False,0.44468,105.91,0.00111,0.38,1784853009
All Pools,USDT.e - SING,0.3,False,0.44211,1194.25,0.00111,0.03,1784853009
All Pools,BTC.b - HOWDY,0.3,False,0.41523,63.5,0.00104,0.6,1784853009
All Pools,AVAX - OBX,0.3,False,0.41146,215.21,0.00103,0.17,1784853009
All Pools,Psychic - MeaningOfNumbers,0.3,False,0.41018,235.82,0.00103,0.16,1784853009
All Pools,AVAX - MeaningOfNumbers,0.3,False,0.40848,202.87,0.00102,0.18,1784853009
All Pools,MIM - USDC,0.3,False,0.40089,26.39,0.001,1.39,1784853009
All Pools,HOWDY - ARENA,0.3,False,0.40061,53.97,0.001,0.68,1784853009
All Pools,LINDA - AVAX,0.3,False,0.40014,1322.14,0.001,0.03,1784853009
All Pools,BTC.b - IMPACT2,0.3,False,0.39004,1394.36,,0.03,1784853009
All Pools,USDC - SHRAP,0.3,False,0.38399,20.09,,1.74,1784853009
All Pools,Psychic - RedFolder,0.3,False,0.38067,235.11,,0.15,1784853009
All Pools,AVAX - RedFolder,0.3,False,0.37876,202.77,,0.17,1784853009
All Pools,Psychic - NeatestQuackery,0.3,False,0.37838,235.77,,0.15,1784853009
All Pools,NeatestQuackery - AVAX,0.3,False,0.3765,202.63,,0.17,1784853009
All Pools,MerryXmas - AVAX,0.3,False,0.37338,187.06,,0.18,1784853009
All Pools,Psychic - Xmas,0.3,False,0.37233,221.15,,0.15,1784853009
All Pools,Xmas - AVAX,0.3,False,0.37112,190.76,,0.18,1784853009
All Pools,Psychic - Prometheus,0.3,False,0.3694,228.85,,0.15,1784853009
All Pools,AVAX - Prometheus,0.3,False,0.36808,197.79,,0.17,1784853009
All Pools,XPOW - USDC,0.3,False,0.36229,18.73,,1.77,1784853009
All Pools,USDt - XPOW,0.3,False,0.35624,18.67,,1.74,1784853009
All Pools,POLAR - AVAX,0.3,False,0.34517,1275.29,,0.02,1784853009
All Pools,AVAX - EROL,0.3,False,0.34517,23.82,,1.32,1784853009
All Pools,COQ - NOCHILL,0.3,False,0.33059,8.944,,3.37,1784853009
All Pools,MaryMagdalene - FollowTheWhiteRabbit,0.3,False,0.32932,152.4,,0.2,1784853009
All Pools,COQ - JUICE,0.3,False,0.32668,29.65,,1.01,1784853009
All Pools,MM - USDC,0.3,False,0.32594,49.13,,0.61,1784853009
All Pools,MM - AVAX,0.3,False,0.32506,65.02,,0.46,1784853009
All Pools,YEEHAW - AVAX,0.3,False,0.32502,12.48,,2.38,1784853009
All Pools,Psychic - Serpentarius,0.3,False,0.32192,238.95,,0.12,1784853009
All Pools,Serpentarius - AVAX,0.3,False,0.32075,206.39,,0.14,1784853009
All Pools,JEWEL - USDC,0.3,False,0.31243,3719.63,,0.01,1784853009
All Pools,Psychic - Ducks,0.3,False,0.311,235.13,,0.12,1784853009
All Pools,Ducks - AVAX,0.3,False,0.30983,202.33,,0.14,1784853009
All Pools,AVAX - TheGospelOfMary,0.3,False,0.30629,112.04,,0.25,1784853009
All Pools,CGS - AVAX,0.3,False,0.30301,51.88,,0.53,1784853009
All Pools,CGS - USDC.e,0.3,False,0.30294,149.14,,0.19,1784853009
All Pools,WBTC.e - REDWOLF,0.3,False,0.29677,48.69,,0.56,1784853009
All Pools,WETH.e - REDWOLF,0.3,False,0.2874,82.94,,0.32,1784853009
All Pools,STATIK - AVAX,0.3,False,0.28313,29.98,,0.86,1784853009
All Pools,ZRO - USDC,0.3,False,0.28312,4.325,,5.97,1784853009
All Pools,USDC - CHAM,0.3,False,0.28036,46.07,,0.56,1784853009
All Pools,gOHM - SB,0.3,False,0.27438,16.86,,1.49,1784853009
All Pools,$Td - AVAX,0.3,False,0.27364,3817.56,,0.01,1784853009
All Pools,$Td - AMI,0.3,False,0.27142,25.52,,0.97,1784853009
All Pools,Psychic - All,0.3,False,0.26415,234.6,,0.1,1784853009
All Pools,CQK - USDC,0.3,False,0.26369,30.39,,0.79,1784853009
All Pools,AVAX - All,0.3,False,0.2632,203.33,,0.12,1784853009
All Pools,CQK - AVAX,0.3,False,0.26281,94.02,,0.26,1784853009
All Pools,GOOD - COQ,0.3,False,0.259,63.69,,0.37,1784853009
All Pools,BLS - USDt,0.3,False,0.25388,126.87,,0.18,1784853009
All Pools,GOOD - AVAX,0.3,False,0.253,101.69,,0.23,1784853009
All Pools,SLUSH - USDT.e,0.3,False,0.25297,54.68,,0.42,1784853009
All Pools,SLUSH - AVAX,0.3,False,0.25203,44.26,,0.52,1784853009
All Pools,DFIAT - USDT.e,0.3,False,0.25141,26.39,,0.87,1784853009
All Pools,SYN - USDC.e,0.3,False,0.2509,2.035,,11.25,1784853009
All Pools,DFIAT - AVAX,0.3,False,0.25045,5815.4,,0.0,1784853009
All Pools,Chemistry - Now,0.3,False,0.25011,622.08,,0.04,1784853009
All Pools,Chemistry - AVAX,0.3,False,0.25005,60.97,,0.37,1784853009
All Pools,GURS - ARENA,0.3,False,0.24366,7.017,,3.17,1784853009
All Pools,USDC - USD+,0.3,False,0.24343,27.7,,0.8,1784853009
All Pools,USDt - RUX,0.3,False,0.24232,15952.0,,0.0,1784853009
All Pools,RUX - AVAX,0.3,False,0.24152,25.05,,0.88,1784853009
All Pools,USDC.e - WISE,0.3,False,0.24059,40.85,,0.54,1784853009
All Pools,Psychic - Hopi,0.3,False,0.24028,208.49,,0.11,1784853009
All Pools,AVAX - WISE,0.3,False,0.23996,57.89,,0.38,1784853009
All Pools,Now - Mentor,0.3,False,0.23989,621.48,,0.04,1784853009
All Pools,USDT.e - EXP,0.3,False,0.23961,45031733.0,,,1784853009
All Pools,Hopi - AVAX,0.3,False,0.23926,149.13,,0.15,1784853009
All Pools,AVAX - Mentor,0.3,False,0.23887,60.8,,0.36,1784853009
All Pools,ABC - AMI,0.3,False,0.23795,2.812,,7.72,1784853009
All Pools,GUN - AMI,0.3,False,0.23739,9.668,,2.24,1784853009
All Pools,Psychic - MerryXmas,0.3,False,0.23688,216.74,,0.1,1784853009
All Pools,VEE - USDC,0.3,False,0.2364,30.69,,0.7,1784853009
All Pools,Psychic - Sinterklaas,0.3,False,0.2363,231.49,,0.09,1784853009
All Pools,AVAX - Sinterklaas,0.3,False,0.23529,96.16,,0.22,1784853009
All Pools,YEEHAW - CHAMP,0.3,False,0.23108,917.07,,0.02,1784853009
All Pools,CHAMP - ARENA,0.3,False,0.23067,17.18,,1.23,1784853009
All Pools,AMI - SQRCAT,0.3,False,0.23049,11.49,,1.83,1784853009
All Pools,AVAX - SQRCAT,0.3,False,0.22975,4091.55,,0.01,1784853009
All Pools,LINK.e - REDWOLF,0.3,False,0.22679,70.24,,0.29,1784853009
All Pools,WETH.e - USDC,0.3,False,0.22404,20.57,,0.99,1784853009
All Pools,APOW - USDt,0.3,False,0.22306,20.74,,0.98,1784853009
All Pools,GLOBA - AVAX,0.3,False,0.22296,38.87,,0.52,1784853009
All Pools,GB - USDT.e,0.3,False,0.22163,19.73,,1.02,1784853009
All Pools,Yellow - AVAX,0.3,False,0.21907,181.7,,0.11,1784853009
All Pools,USDT.e - ZABU,0.3,False,0.21823,43.93,,0.45,1784853009
All Pools,COQ - AMI,0.3,False,0.21737,9.907,,2.0,1784853009
All Pools,USDT.e - DUO,0.3,False,0.21681,50.17,,0.39,1784853009
All Pools,AVAX - DUO,0.3,False,0.21586,51.27,,0.38,1784853009
All Pools,ARENA - MU,0.3,False,0.21295,3.785,,5.13,1784853009
All Pools,AVVO - DAI.e,0.3,False,0.21263,33.96,,0.57,1784853009
All Pools,GLOBA - DAI.e,0.3,False,0.20923,46.73,,0.41,1784853009
All Pools,USDC.e - SOL,0.3,False,0.20904,34.71,,0.55,1784853009
All Pools,Christmas - ChristMark,0.3,False,0.20773,107.97,,0.18,1784853009
All Pools,MaryMagdalene - BrideOfChrist,0.3,False,0.20752,88.63,,0.21,1784853009
All Pools,Christmas - AVAX,0.3,False,0.20712,171.81,,0.11,1784853009
All Pools,BrideOfChrist - AVAX,0.3,False,0.20602,61.08,,0.31,1784853009
All Pools,LUNA - AVAX,0.3,False,0.20444,13.89,,1.34,1784853009
All Pools,AVAI - AVAX,0.3,False,0.2042,19.14,,0.97,1784853009
All Pools,AVAT - USDC,0.3,False,0.202,37.14,,0.5,1784853009
All Pools,MU - WMATIC,0.3,False,0.20049,0.10962,,166.88,1784853009
All Pools,Psychic - Yellow,0.3,False,0.19543,60.03,,0.3,1784853009
All Pools,AVAX - CHAM,0.3,False,0.19395,25.11,,0.7,1784853009
All Pools,WBTC - AVAX,0.3,False,0.19378,30.59,,0.58,1784853009
All Pools,Psychic - Blue,0.3,False,0.19303,59.69,,0.3,1784853009
All Pools,STG - L - Swing,0.3,False,0.19242,15.54,,1.13,1784853009
All Pools,MIM - wsOHM,0.3,False,0.1924,144.15,,0.12,1784853009
All Pools,SOL - USDC,0.3,False,0.19176,20.41,,0.86,1784853009
All Pools,Blue - AVAX,0.3,False,0.19173,180.46,,0.1,1784853009
All Pools,miMatic - USDC.e,0.3,False,0.19002,23.67,,0.73,1784853009
All Pools,Beyond - Now,0.3,False,0.18703,312.29,,0.05,1784853009
All Pools,Beyond - AVAX,0.3,False,0.18654,60.5,,0.28,1784853009
All Pools,NOCHILL - KET,0.3,False,0.1858,7.707,,2.2,1784853009
All Pools,USDC - BVAX,0.3,False,0.18513,25.42,,0.66,1784853009
All Pools,Psychic - BlackAndGold,0.3,False,0.17954,235.73,,0.07,1784853009
All Pools,AVAX - BlackAndGold,0.3,False,0.17898,204.19,,0.08,1784853009
All Pools,meGNX - AVAX,0.3,False,0.17641,12.82,,1.26,1784853009
All Pools,FollowTheWhiteRabbit - TheGospelOfMary,0.3,False,0.17641,110.07,,0.15,1784853009
All Pools,STEAK - AVAX,0.3,False,0.17562,9541.24,,0.0,1784853009
All Pools,Psychic - NineHundred,0.3,False,0.17232,53.39,,0.29,1784853009
All Pools,NineHundred - AVAX,0.3,False,0.17119,96.1,,0.16,1784853009
All Pools,TECH - OX,0.3,False,0.16841,4430.07,,0.0,1784853009
All Pools,APOW - USDC,0.3,False,0.16522,20.74,,0.73,1784853009
All Pools,AVAX - ZABU,0.3,False,0.1611,22.78,,0.65,1784853009
All Pools,Orange - Now,0.3,False,0.16092,454.21,,0.03,1784853009
All Pools,AprilFoolsDay - NaughtiusMaximus,0.3,False,0.16046,96.9,,0.15,1784853009
All Pools,USDt - REDWOLF,0.3,False,0.16038,13.54,,1.08,1784853009
All Pools,Orange - AVAX,0.3,False,0.16019,59.79,,0.24,1784853009
All Pools,AprilFoolsDay - AVAX,0.3,False,0.15963,73.02,,0.2,1784853009
All Pools,USDC - yyAVAX,0.3,False,0.15799,11.78,,1.22,1784853009
All Pools,Psychic - Jjj,0.3,False,0.15766,236.2,,0.06,1784853009
All Pools,Jjj - AVAX,0.3,False,0.1572,203.42,,0.07,1784853009
All Pools,ACS - USDC.e,0.3,False,0.15671,5.042,,2.84,1784853009
All Pools,aAvaLINK - AVAX,0.3,False,0.15602,7.445,,1.91,1784853009
All Pools,MaryMagdalene - Gravity,0.3,False,0.15594,98.13,,0.15,1784853009
All Pools,Void - AVAX,0.3,False,0.15297,59.88,,0.23,1784853009
All Pools,Void - Now,0.3,False,0.15294,625.46,,0.02,1784853009
All Pools,ALOT - USDC.e,0.3,False,0.15198,7.386,,1.88,1784853009
All Pools,Slope - Now,0.3,False,0.15039,619.39,,0.02,1784853009
All Pools,Slope - AVAX,0.3,False,0.14977,60.76,,0.22,1784853009
All Pools,Hydrogen - AVAX,0.3,False,0.14844,180.67,,0.07,1784853009
All Pools,Matter - Now,0.3,False,0.14784,561.09,,0.02,1784853009
All Pools,Matter - AVAX,0.3,False,0.14718,54.31,,0.25,1784853009
All Pools,REDWOLF - SOL,0.3,False,0.14691,56.0,,0.24,1784853009
All Pools,AVAX - GAU,0.3,False,0.14251,4.704,,2.76,1784853009
All Pools,WETH.e - SURE,0.3,False,0.14204,879.74,,0.01,1784853009
All Pools,Psychic - Strength,0.3,False,0.14107,54.13,,0.24,1784853009
All Pools,AVAX - Strength,0.3,False,0.14028,96.79,,0.13,1784853009
All Pools,AVAT - AVAX,0.3,False,0.14027,16.32,,0.78,1784853009
All Pools,NOCHILL - AMI,0.3,False,0.14004,3.738,,3.42,1784853009
All Pools,SYN - WETH.e,0.3,False,0.13995,1.009,,12.66,1784853009
All Pools,MerryXmas - ChristMark,0.3,False,0.13807,59.55,,0.21,1784853009
All Pools,Psychic - Hydrogen,0.3,False,0.13788,60.02,,0.21,1784853009
All Pools,MIM - DAI.e,0.3,False,0.13707,17.34,,0.72,1784853009
All Pools,BLSEYE🎯 - MEOW,0.3,False,0.1363,793.37,,0.02,1784853009
All Pools,USDt - MILO,0.3,False,0.13465,13.77,,0.89,1784853009
All Pools,AVAX - MILO,0.3,False,0.13403,763.67,,0.02,1784853009
All Pools,SUB - USDC,0.3,False,0.13398,11.14,,1.1,1784853009
All Pools,SYN - USDT.e,0.3,False,0.13343,1.085,,11.22,1784853009
All Pools,Psychic - DogL,0.3,False,0.13045,236.32,,0.05,1784853009
All Pools,DogL - AVAX,0.3,False,0.1301,204.69,,0.06,1784853009
All Pools,Psychic - SantaGospel,0.3,False,0.13001,53.52,,0.22,1784853009
All Pools,AVAX - SantaGospel,0.3,False,0.12931,92.07,,0.13,1784853009
All Pools,aAvaWAVAX - meGNX,0.3,False,0.12926,2.938,,4.02,1784853009
All Pools,Vaccine - Now,0.3,False,0.12907,617.14,,0.02,1784853009
All Pools,MELT - AVAX,0.3,False,0.12886,19.5,,0.6,1784853009
All Pools,Vaccine - AVAX,0.3,False,0.1287,59.94,,0.2,1784853009
All Pools,BANKSY - USDC.e,0.3,False,0.12771,28.92,,0.4,1784853009
All Pools,BANKSY - AVAX,0.3,False,0.12702,17.88,,0.65,1784853009
All Pools,TSD - AVAX,0.3,False,0.1269,164.42,,0.07,1784853009
All Pools,FLAKE - USDT.e,0.3,False,0.12562,48.08,,0.24,1784853009
All Pools,FLAKE - AVAX,0.3,False,0.12502,16.73,,0.68,1784853009
All Pools,METAG - AVAX,0.3,False,0.12433,19.18,,0.59,1784853009
All Pools,AVAX - ELK,0.3,False,0.12311,46.2,,0.24,1784853009
All Pools,Now - Propriety,0.3,False,0.12115,628.82,,0.02,1784853009
All Pools,AVAX - Propriety,0.3,False,0.12108,61.42,,0.18,1784853009
All Pools,wsOHM - USDC.e,0.3,False,0.1173,16.55,,0.65,1784853009
All Pools,Now - Teste,0.3,False,0.1163,622.44,,0.02,1784853009
All Pools,bECH - AVAX,0.3,False,0.11614,16.55,,0.64,1784853009
All Pools,AVAX - Teste,0.3,False,0.11588,60.16,,0.18,1784853009
All Pools,HUSKY - MUG,0.3,False,0.11505,13.75,,0.76,1784853009
All Pools,TickTock - Now,0.3,False,0.11428,619.41,,0.02,1784853009
All Pools,SPC - DAI.e,0.3,False,0.11418,20.58,,0.51,1784853009
All Pools,GATOR - ARENA,0.3,False,0.11413,2.408,,4.33,1784853009
All Pools,TickTock - AVAX,0.3,False,0.11399,60.62,,0.17,1784853009
All Pools,L - Swing - AVAX,0.3,False,0.1133,104.89,,0.1,1784853009
All Pools,Light - Now,0.3,False,0.11288,635.98,,0.02,1784853009
All Pools,Light - AVAX,0.3,False,0.11279,62.27,,0.17,1784853009
All Pools,AVAX - STRAW,0.3,False,0.11277,13.91,,0.74,1784853009
All Pools,AVAX - JUICY,0.3,False,0.11224,1762.3,,0.01,1784853009
All Pools,Gold - Now,0.3,False,0.11208,620.17,,0.02,1784853009
All Pools,Gold - AVAX,0.3,False,0.11169,60.7,,0.17,1784853009
All Pools,Psychic - Who,0.3,False,0.10847,54.17,,0.18,1784853009
All Pools,Who - AVAX,0.3,False,0.10797,96.22,,0.1,1784853009
All Pools,AVAXAI - USDC,0.3,False,0.10722,1438.32,,0.01,1784853009
All Pools,DAI.e - STRAW,0.3,False,0.10592,35.53,,0.27,1784853009
All Pools,LIBRE - USDC.e,0.3,False,0.10467,12.15,,0.79,1784853009
All Pools,USDC - MXNB,0.3,False,0.10418,17.94,,0.53,1784853009
All Pools,BLS - SHRAP,0.3,False,0.09962,7.475,,1.22,1784853009
All Pools,Gil - AVAX,0.3,False,0.09805,13.26,,0.67,1784853009
All Pools,AVAX - KET,0.3,False,0.09618,20.5,,0.43,1784853009
All Pools,SURE - DAI.e,0.3,False,0.09554,24.67,,0.35,1784853009
All Pools,Uncontractable - Now,0.3,False,0.09413,605.09,,0.01,1784853009
All Pools,Uncontractable - AVAX,0.3,False,0.09383,59.54,,0.14,1784853009
All Pools,Gil - DAI.e,0.3,False,0.09209,25.94,,0.32,1784853009
All Pools,IMPACT2 - EURC,0.3,False,0.09102,41.85,,0.2,1784853009
All Pools,sAVAX - COQ,0.3,False,0.09097,64.15,,0.13,1784853009
All Pools,WETH.e - yyAVAX,0.3,False,0.09087,14.28,,0.58,1784853009
All Pools,DéjàVu - Gravity,0.3,False,0.09071,144.01,,0.06,1784853009
All Pools,METAG - USDT.e,0.3,False,0.09067,46.93,,0.18,1784853009
All Pools,DéjàVu - AVAX,0.3,False,0.09048,30.75,,0.27,1784853009
All Pools,AVAX - SHRAP,0.3,False,0.08977,10.42,,0.79,1784853009
All Pools,TRYB - USDC.e,0.3,False,0.08928,31.71,,0.26,1784853009
All Pools,miMatic - AVAX,0.3,False,0.08631,31.0,,0.25,1784853009
All Pools,TOMB - USDC,0.3,False,0.08616,9.882,,0.8,1784853009
All Pools,YEEHAW - USDC,0.3,False,0.08597,5.954,,1.32,1784853009
All Pools,NOCHILL - REDWOLF,0.3,False,0.08524,2.273,,3.42,1784853009
All Pools,bCASH - NOCHILL,0.3,False,0.08275,12.65,,0.6,1784853009
All Pools,Silver - Now,0.3,False,0.08119,620.93,,0.01,1784853009
All Pools,gOHM - wsOHM,0.3,False,0.08104,15.98,,0.46,1784853009
All Pools,Silver - AVAX,0.3,False,0.08094,59.66,,0.12,1784853009
All Pools,BENIS - NOCHILL,0.3,False,0.0797,2.568,,2.83,1784853009
All Pools,MU - DAI.e,0.3,False,0.07939,234.63,,0.03,1784853009
All Pools,AVAX - BLACK,0.3,False,0.07929,3.039,,2.38,1784853009
All Pools,Psychic - Go,0.3,False,0.07925,53.66,,0.13,1784853009
All Pools,Go - AVAX,0.3,False,0.07895,96.17,,0.07,1784853009
All Pools,KLO - AVAX,0.3,False,0.07855,9783.63,,,1784853009
All Pools,USDt - DXN,0.3,False,0.07768,213.4,,0.03,1784853009
All Pools,AMI - MU,0.3,False,0.077,1.438,,4.89,1784853009
All Pools,MELT - USDC.e,0.3,False,0.07468,29.43,,0.23,1784853009
All Pools,LICK - AVAX,0.3,False,0.07462,0.44361,,15.35,1784853009
All Pools,JOE - ZABU,0.3,False,0.07447,12.71,,0.53,1784853009
All Pools,USDT.e - MU,0.3,False,0.07342,250.35,,0.03,1784853009
All Pools,SURE - USDC.e,0.3,False,0.07088,21.25,,0.3,1784853009
All Pools,USDt - NEMO,0.3,False,0.06923,95.52,,0.07,1784853009
All Pools,AVAX - NEMO,0.3,False,0.06888,6.386,,0.98,1784853009
All Pools,Now - √Root,0.3,False,0.06862,618.02,,0.01,1784853009
All Pools,Sanskrit - Now,0.3,False,0.06858,618.57,,0.01,1784853009
All Pools,Sanskrit - AVAX,0.3,False,0.06839,60.49,,0.1,1784853009
All Pools,AVAX - √Root,0.3,False,0.06836,60.45,,0.1,1784853009
All Pools,HH - AVAX,0.3,False,0.06731,229.58,,0.03,1784853009
All Pools,HH - ARENA,0.3,False,0.06705,2.263,,2.7,1784853009
All Pools,WLRS - USDC.e,0.3,False,0.06633,3894.06,,0.0,1784853009
All Pools,USDC.e - WOLF,0.3,False,0.06326,7.439,,0.78,1784853009
All Pools,SLIME - USDt,0.3,False,0.06316,5.975,,0.96,1784853009
All Pools,AVAX - WOLF,0.3,False,0.06284,51.91,,0.11,1784853009
All Pools,SLIME - AVAX,0.3,False,0.06282,14532.0,,,1784853009
All Pools,AVAX - SDOG,0.3,False,0.0625,6.261,,0.91,1784853009
All Pools,KLO - USDT.e,0.3,False,0.06155,4.515,,1.24,1784853009
All Pools,BNB - AVAX,0.3,False,0.06146,2692.65,,0.0,1784853009
All Pools,APEX - AVAX,0.3,False,0.06129,0.49761,,11.24,1784853009
All Pools,KIWI - USDt,0.3,False,0.06108,19.48,,0.29,1784853009
All Pools,XPOW - AVAX,0.3,False,0.06065,74.9,,0.07,1784853009
All Pools,MAI - TOMB,0.3,False,0.05997,123.76,,0.04,1784853009
All Pools,NOCHILL - MU,0.3,False,0.05978,1.533,,3.56,1784853009
All Pools,MELT - USDC.e,0.3,False,0.0592,5.846,,0.92,1784853009
All Pools,MELT - AVAX,0.3,False,0.05884,780.59,,0.01,1784853009
All Pools,MAJIN - AVAX,0.3,False,0.05877,2756.6,,0.0,1784853009
All Pools,KIMBO - AMI,0.3,False,0.05823,2.782,,1.91,1784853009
All Pools,bCASH - TECH,0.3,False,0.05795,10.26,,0.52,1784853009
All Pools,XAUt0 - ElvisJackpot,0.3,False,0.05676,282.94,,0.02,1784853009
All Pools,Psychic - Nala,0.3,False,0.05611,202.16,,0.03,1784853009
All Pools,AVAX - Nala,0.3,False,0.05584,18.27,,0.28,1784853009
All Pools,BrideOfChrist - FollowTheWhiteRabbit,0.3,False,0.05568,492.97,,0.01,1784853009
All Pools,BrideOfChrist - BLACK,0.3,False,0.05556,16.27,,0.31,1784853009
All Pools,ElvisJackpot - Gravity,0.3,False,0.05548,14.28,,0.35,1784853009
All Pools,GAS - AVAX,0.3,False,0.05528,126.9,,0.04,1784853009
All Pools,USDT.e - XAVA,0.3,False,0.05519,10.78,,0.47,1784853009
All Pools,MIM - VOLT,0.3,False,0.05518,12.3,,0.41,1784853009
All Pools,MELT - USDT.e,0.3,False,0.05477,29.21,,0.17,1784853009
All Pools,CNR - USDC,0.3,False,0.05446,4.392,,1.13,1784853009
All Pools,CNR - AVAX,0.3,False,0.05409,46.17,,0.11,1784853009
All Pools,UNI.e - REDWOLF,0.3,False,0.05328,10.14,,0.48,1784853009
All Pools,XPOW - APOW,0.3,False,0.05183,47.71,,0.1,1784853009
All Pools,COQ - MU,0.3,False,0.05056,3.653,,1.26,1784853009
All Pools,ICUBE - USDT.e,0.3,False,0.05044,107.0,,0.04,1784853009
All Pools,COQ - ARENA,0.3,False,0.0504,1.167,,3.94,1784853009
All Pools,LoveIsTheKey - AVAX,0.3,False,0.05024,9.961,,0.46,1784853009
All Pools,ICUBE - AVAX,0.3,False,0.05015,5.213,,0.88,1784853009
All Pools,DUO - USDT.e,0.3,False,0.04908,6.051,,0.74,1784853009
All Pools,DAI.e - VOLT,0.3,False,0.04861,39.42,,0.11,1784853009
All Pools,Psychic - Stolen,0.3,False,0.04744,62.63,,0.07,1784853009
All Pools,AMPL - AVAX,0.3,False,0.04726,200.99,,0.02,1784853009
All Pools,Stolen - AVAX,0.3,False,0.04715,12.22,,0.35,1784853009
All Pools,MIM - GRAPE,0.3,False,0.04709,95.63,,0.04,1784853009
All Pools,LF - USDT.e,0.3,False,0.04677,0.8374,,5.1,1784853009
All Pools,Degen - AVAX,0.3,False,0.04643,1393.22,,0.0,1784853009
All Pools,wsOHM - AVAX,0.3,False,0.04599,7.167,,0.59,1784853009
All Pools,WABBIT - AMI,0.3,False,0.04541,0.87703,,4.72,1784853009
All Pools,AVAX - APE - X,0.3,False,0.04504,463.84,,0.01,1784853009
All Pools,USDT.e - TMT,0.3,False,0.04493,25.13,,0.16,1784853009
All Pools,AVAX - TMT,0.3,False,0.04468,5.671,,0.72,1784853009
All Pools,WOLF - AMI,0.3,False,0.04468,2.725,,1.5,1784853009
All Pools,USDT.e - BOREA,0.3,False,0.04452,25.55,,0.16,1784853009
All Pools,AVAX - BOREA,0.3,False,0.04424,5.326,,0.76,1784853009
All Pools,USDC - USDT.e,0.3,False,0.04423,154.73,,0.03,1784853009
All Pools,HATCHY - AMI,0.3,False,0.04324,3.044,,1.3,1784853009
All Pools,WLRS - GRAPE,0.3,False,0.04265,7.879,,0.49,1784853009
All Pools,MIM - AUSD,0.3,False,0.0409,9.262,,0.4,1784853009
All Pools,WBTC.e - USDC.e,0.3,False,0.04086,8.168,,0.46,1784853009
All Pools,AVAX - MUG,0.3,False,0.04085,240.07,,0.02,1784853009
All Pools,ARENA - AMI,0.3,False,0.04058,1.384,,2.68,1784853009
All Pools,CNR - USDt,0.3,False,0.04042,4.407,,0.84,1784853009
All Pools,TECH - AMI,0.3,False,0.03928,1.787,,2.01,1784853009
All Pools,MAJIN - MU,0.3,False,0.03915,3.426,,1.04,1784853009
All Pools,BTC.b - MU,0.3,False,0.03775,10.11,,0.34,1784853009
All Pools,MPL - USDt,0.3,False,0.03759,29.72,,0.12,1784853009
All Pools,MUMO - WMATIC,0.3,False,0.03738,0.02087,,163.45,1784853009
All Pools,MPL - AVAX,0.3,False,0.03733,4.949,,0.69,1784853009
All Pools,AMI - COQAI,0.3,False,0.03644,3.007,,1.11,1784853009
All Pools,USDC.e - SPADE,0.3,False,0.03631,15.35,,0.22,1784853009
All Pools,RUG - USDT.e,0.3,False,0.03626,10.19,,0.32,1784853009
All Pools,AVAX - SPADE,0.3,False,0.03607,4.772,,0.69,1784853009
All Pools,BENSI - AMI,0.3,False,0.03556,2.443,,1.33,1784853009
All Pools,HEFE - AMI,0.3,False,0.03523,2.223,,1.45,1784853009
All Pools,JOE - aXEN,0.3,False,0.03516,0.16977,,18.9,1784853009
All Pools,WOLF - MU,0.3,False,0.03504,3.833,,0.83,1784853009
All Pools,BGLD - USDT.e,0.3,False,0.03502,16.32,,0.2,1784853009
All Pools,BGLD - AVAX,0.3,False,0.03476,3.484,,0.91,1784853009
All Pools,AVAX - ankrAVAX,0.3,False,0.03447,11.76,,0.27,1784853009
All Pools,METAG - USDt,0.3,False,0.0343,15.27,,0.2,1784853009
All Pools,gOHM - JOE,0.3,False,0.03412,3.206,,0.97,1784853009
All Pools,BENIS - AVAX,0.3,False,0.03405,9.461,,0.33,1784853009
All Pools,CATWIF - MU,0.3,False,0.03343,2.845,,1.07,1784853009
All Pools,CATWIF - AVAX,0.3,False,0.03322,2182.92,,0.0,1784853009
All Pools,Milk - USDT.e,0.3,False,0.03215,13.68,,0.21,1784853009
All Pools,Milk - AVAX,0.3,False,0.03183,5.197,,0.56,1784853009
All Pools,GURS - NOCHILL,0.3,False,0.03167,1.151,,2.51,1784853009
All Pools,BNZ - AVAX,0.3,False,0.03148,142.39,,0.02,1784853009
All Pools,USDC.e - RUG,0.3,False,0.03121,17.12,,0.17,1784853009
All Pools,MU - COQAI,0.3,False,0.03092,5.358,,0.53,1784853009
All Pools,MIM - RUG,0.3,False,0.03088,5.338,,0.53,1784853009
All Pools,LINK.e - MU,0.3,False,0.03071,6.994,,0.4,1784853009
All Pools,SURE - AVAX,0.3,False,0.03006,5.341,,0.51,1784853009
All Pools,MUMO - USDC,0.3,False,0.02962,8.176,,0.33,1784853009
All Pools,TruthClosure - AVAX,0.3,False,0.02896,7.242,,0.36,1784853009
All Pools,TruthClosure - BLACK,0.3,False,0.02893,11.62,,0.23,1784853009
All Pools,Gravity - ChristMark,0.3,False,0.02868,11.28,,0.23,1784853009
All Pools,SUB - AVAX,0.3,False,0.02864,14.34,,0.18,1784853009
All Pools,LoveIsTheKey - Gravity,0.3,False,0.0285,28.22,,0.09,1784853009
All Pools,CNR - REDWOLF,0.3,False,0.02822,14.59,,0.18,1784853009
All Pools,YEEHAW - ARENA,0.3,False,0.028,1.275,,2.0,1784853009
All Pools,ACS - USDt,0.3,False,0.02771,0.91258,,2.77,1784853009
All Pools,wALGO - USDC,0.3,False,0.02754,2.349,,1.07,1784853009
All Pools,AVAX - BAVA,0.3,False,0.02738,8.361,,0.3,1784853009
All Pools,wALGO - AVAX,0.3,False,0.02736,111.39,,0.02,1784853009
All Pools,Gladiator - AVAX,0.3,False,0.02721,1.83,,1.36,1784853009
All Pools,USDC - COSMIC,0.3,False,0.02664,53.81,,0.05,1784853009
All Pools,aAvaLINK - meGNX,0.3,False,0.0266,8.731,,0.28,1784853009
All Pools,USDR - USDC,0.3,False,0.02628,39.94,,0.06,1784853009
All Pools,WOLF - USDT.e,0.3,False,0.02616,3.035,,0.79,1784853009
All Pools,AVAX - USDR,0.3,False,0.02611,2.406,,0.99,1784853009
All Pools,WOLF - AVAX,0.3,False,0.02588,43.49,,0.05,1784853009
All Pools,USDT.e - GOT,0.3,False,0.02586,12.22,,0.19,1784853009
All Pools,AVAX - GOT,0.3,False,0.02561,4.133,,0.57,1784853009
All Pools,MIM - TSNFTGM,0.3,False,0.02536,3.046,,0.76,1784853009
All Pools,Yellow - BLACK,0.3,False,0.02502,2.39,,0.95,1784853009
All Pools,BSGG - AVAX,0.3,False,0.02455,2.401,,0.93,1784853009
All Pools,NOCHILL - WAIFU,0.3,False,0.0241,146.23,,0.02,1784853009
All Pools,JOE - aDXN,0.3,False,0.0241,0.30136,,7.3,1784853009
All Pools,COQ - REDWOLF,0.3,False,0.02405,9.092,,0.24,1784853009
All Pools,CANS - AVAX,0.3,False,0.02348,8.193,,0.26,1784853009
All Pools,WETH.e - MU,0.3,False,0.02341,1.81,,1.18,1784853009
All Pools,aAvaLINK - LINK.e,0.3,False,0.02337,1.661,,1.28,1784853009
All Pools,TSNFTGM - DAI.e,0.3,False,0.02334,29.07,,0.07,1784853009
All Pools,XIO - USDC,0.3,False,0.0233,23.91,,0.09,1784853009
All Pools,AAVE.e - meGNX,0.3,False,0.02324,3.605,,0.59,1784853009
All Pools,XIO - AVAX,0.3,False,0.02315,2.276,,0.93,1784853009
All Pools,3ULL - AVAX,0.3,False,0.02247,32.81,,0.06,1784853009
All Pools,FERT - AVAX,0.3,False,0.02234,472.76,,0.0,1784853009
All Pools,AMI - aSOCK,0.3,False,0.02226,1.839,,1.1,1784853009
All Pools,AVAX - aSOCK,0.3,False,0.02201,9.789,,0.21,1784853009
All Pools,LoveIsTheKey - FollowTheWhiteRabbit,0.3,False,0.02198,42.53,,0.05,1784853009
All Pools,GURS - AMI,0.3,False,0.0217,1.408,,1.41,1784853009
All Pools,BUSD - USDC,0.3,False,0.02158,7.345,,0.27,1784853009
All Pools,DBY - AVAX,0.3,False,0.02096,7342.76,,,1784853009
All Pools,GMX - USDC,0.3,False,0.02064,0.88348,,2.13,1784853009
All Pools,WINK - AVAX,0.3,False,0.02031,42.1,,0.04,1784853009
All Pools,KIMBO - CANS,0.3,False,0.01994,224.04,,0.01,1784853009
All Pools,BAWLS - AVAX,0.3,False,0.01985,11.46,,0.16,1784853009
All Pools,CRA - AVAX,0.3,False,0.01971,7078.2,,,1784853009
All Pools,JOE - CRA,0.3,False,0.01962,7.037,,0.25,1784853009
All Pools,JOE - REDWOLF,0.3,False,0.01916,2.696,,0.65,1784853009
All Pools,REDWOLF - AMONKS,0.3,False,0.0189,5.395,,0.32,1784853009
All Pools,AVAX - AMONKS,0.3,False,0.01883,1090.15,,0.0,1784853009
All Pools,ELE - AVAX,0.3,False,0.01871,84.71,,0.02,1784853009
All Pools,JOE - ZUBAX,0.3,False,0.01864,6.352,,0.27,1784853009
All Pools,MEOW - MU,0.3,False,0.0182,1.305,,1.27,1784853009
All Pools,DWC - MU,0.3,False,0.0182,2.69,,0.62,1784853009
All Pools,USDT.e - AVVO,0.3,False,0.01815,3.566,,0.46,1784853009
All Pools,AVAX - DWC,0.3,False,0.01808,3936.39,,,1784853009
All Pools,USDC - WSPP,0.3,False,0.01799,41.9,,0.04,1784853009
All Pools,AVAX - WSPP,0.3,False,0.01783,2.274,,0.72,1784853009
All Pools,MAJIN - REDWOLF,0.3,False,0.01767,5.015,,0.32,1784853009
All Pools,APOW - MU,0.3,False,0.01761,2.308,,0.7,1784853009
All Pools,AI9000 - AVAX,0.3,False,0.01757,206.34,,0.01,1784853009
All Pools,AMI - DEGEN404,0.3,False,0.01754,0.82338,,1.94,1784853009
All Pools,MAGICK - COSMIC,0.3,False,0.01713,3.337,,0.47,1784853009
All Pools,Degen - DEGEN404,0.3,False,0.01706,247.23,,0.01,1784853009
All Pools,HCT - AVAX,0.3,False,0.01703,2.576,,0.6,1784853009
All Pools,YEEHAW - AMI,0.3,False,0.01703,3.797,,0.41,1784853009
All Pools,NXPC - AVAX,0.3,False,0.0163,0.96447,,1.54,1784853009
All Pools,USDT.e - NORTH,0.3,False,0.01628,27.16,,0.05,1784853009
All Pools,AVAX - OK,0.3,False,0.01621,1.551,,0.95,1784853009
All Pools,AVAX - NORTH,0.3,False,0.0161,1.779,,0.83,1784853009
All Pools,YEEHAW - ABC,0.3,False,0.01602,0.26271,,5.56,1784853009
All Pools,KOVIN - MU,0.3,False,0.01594,2.437,,0.6,1784853009
All Pools,KOVIN - AVAX,0.3,False,0.01584,2136.13,,,1784853009
All Pools,USDT.e - iBONE,0.3,False,0.01544,4.377,,0.32,1784853009
All Pools,AVAX - iBONE,0.3,False,0.01528,4.072,,0.34,1784853009
All Pools,DUNEV3 - USDC.e,0.3,False,0.01514,27550.0,,,1784853009
All Pools,XOMB - USDT.e,0.3,False,0.01491,2.05,,0.66,1784853009
All Pools,ZH - USDC.e,0.3,False,0.01483,22.25,,0.06,1784853009
All Pools,MIM - DUNEV3,0.3,False,0.0148,51373.0,,,1784853009
All Pools,XOMB - AVAX,0.3,False,0.01477,15.02,,0.09,1784853009
All Pools,BTC.b - USDC,0.3,False,0.01467,4.259,,0.31,1784853009
All Pools,KOKSAL - USDC,0.3,False,0.01466,4.416,,0.3,1784853009
All Pools,3ULL - USDt,0.3,False,0.01462,2.116,,0.63,1784853009
All Pools,ZH - JOE,0.3,False,0.01453,2.047,,0.65,1784853009
All Pools,KOKSAL - AVAX,0.3,False,0.01452,2.706,,0.49,1784853009
All Pools,HERESY - MEOW,0.3,False,0.01447,0.22276,,5.93,1784853009
All Pools,ARA - AVAX,0.3,False,0.01425,2.269,,0.57,1784853009
All Pools,TRACTOR - USDT.e,0.3,False,0.01418,1.627,,0.8,1784853009
All Pools,TRACTOR - AVAX,0.3,False,0.01403,10124.0,,,1784853009
All Pools,SMRT - XAVA,0.3,False,0.01402,2.226,,0.57,1784853009
All Pools,AVAX - AXIAL,0.3,False,0.01392,574.91,,0.0,1784853009
All Pools,HIGHER - AMI,0.3,False,0.01388,2.247,,0.56,1784853009
All Pools,USDC - AMI,0.3,False,0.01385,0.57797,,2.19,1784853009
All Pools,USDt - USDC.e,0.3,False,0.0137,14.19,,0.09,1784853009
All Pools,GURS - HOWDY,0.3,False,0.01345,0.57908,,2.12,1784853009
All Pools,FLOT - COQ,0.3,False,0.01292,0.49617,,2.38,1784853009
All Pools,USDC.e - TUSK,0.3,False,0.01267,9.32,,0.12,1784853009
All Pools,AVAX - TUSK,0.3,False,0.01257,1.98,,0.58,1784853009
All Pools,Degen - AMI,0.3,False,0.01245,0.88644,,1.28,1784853009
All Pools,USDC.e - BAVA,0.3,False,0.01232,2.609,,0.43,1784853009
All Pools,USDC.e - WISE,0.3,False,0.01195,6.683,,0.16,1784853009
All Pools,SMRTr - USDT.e,0.3,False,0.01194,1.07,,1.02,1784853009
All Pools,AVAX - WISE,0.3,False,0.01184,2.183,,0.5,1784853009
All Pools,KR - USDC.e,0.3,False,0.0117,11.03,,0.1,1784853009
All Pools,KR - AVAX,0.3,False,0.01157,1.358,,0.78,1784853009
All Pools,MU - MUG,0.3,False,0.01151,2304.81,,,1784853009
All Pools,AVAX - MUG,0.3,False,0.01136,0.97504,,1.06,1784853009
All Pools,MIM - SPELL,0.3,False,0.01134,2.055,,0.5,1784853009
All Pools,FINANCE - NOCHILL,0.3,False,0.01133,393.24,,0.0,1784853009
All Pools,Hydrogen - BLACK,0.3,False,0.01127,2.404,,0.43,1784853009
All Pools,TokenZ - USDC,0.3,False,0.01116,3.525,,0.29,1784853009
All Pools,GAINS - AVAX,0.3,False,0.0111,30.27,,0.03,1784853009
All Pools,TokenZ - AVAX,0.3,False,0.01106,1.851,,0.54,1784853009
All Pools,AVAX - LODE,0.3,False,0.01102,0.81688,,1.23,1784853009
All Pools,DUA - USDC,0.3,False,0.011,8.947,,0.11,1784853009
All Pools,AVAX - DUA,0.3,False,0.01089,1.326,,0.75,1784853009
All Pools,NOCHILL - ARENA,0.3,False,0.01085,0.36443,,2.72,1784853009
All Pools,USDC.e - SMRT,0.3,False,0.01085,1.79,,0.55,1784853009
All Pools,APEX - AMI,0.3,False,0.01078,0.08665,,11.35,1784853009
All Pools,AAVE.e - USDT.e,0.3,False,0.01077,2.634,,0.37,1784853009
All Pools,MIM - sTHO,0.3,False,0.01056,184.36,,0.01,1784853009
All Pools,BEAM - MU,0.3,False,0.01021,0.91889,,1.01,1784853009
All Pools,AVAX - HON,0.3,False,0.01012,47844.0,,,1784853009
All Pools,XAVA - HON,0.3,False,0.01009,1.128,,0.82,1784853009
All Pools,USDC.e - UST,0.3,False,0.01004,1.522,,0.6,1784853009
All Pools,FITFI - USDC,0.3,False,0.01001,0.08034,,11.37,1784853009
All Pools,MEAT - MU,0.3,False,0.00987,0.32495,,2.77,1784853009
All Pools,LOIQ - AMI,0.3,False,0.00966,0.43664,,2.02,1784853009
All Pools,LUNA - USDC,0.3,False,0.00964,1.394,,0.63,1784853009
All Pools,AI9000 - MU,0.3,False,0.00964,1.03,,0.85,1784853009
All Pools,AVAX - SPT,0.3,False,0.00949,0.15613,,5.55,1784853009
All Pools,AMI - MOOCH,0.3,False,0.00941,0.42819,,2.01,1784853009
All Pools,AVAX - COSMIC,0.3,False,0.00923,1.026,,0.82,1784853009
All Pools,TT - USDT.e,0.3,False,0.00922,1.975,,0.43,1784853009
All Pools,AVAX - TT,0.3,False,0.00912,1.576,,0.53,1784853009
All Pools,XPOW - USDt,0.3,False,0.00908,1.061,,0.78,1784853009
All Pools,MU - SOL,0.3,False,0.00887,1.075,,0.75,1784853009
All Pools,GAINS - MEAT,0.3,False,0.0088,0.58734,,1.37,1784853009
All Pools,bCASH - BRUH2,0.3,False,0.00865,0.65534,,1.2,1784853009
All Pools,USV - AVAX,0.3,False,0.00863,0.9069,,0.87,1784853009
All Pools,MUMO - AVAX,0.3,False,0.00843,0.1472,,5.23,1784853009
All Pools,DCAR - USDC,0.3,False,0.00841,55.91,,0.01,1784853009
All Pools,USDt - IMPACT,0.3,False,0.00838,1.677,,0.46,1784853009
All Pools,AVAX - BRUH2,0.3,False,0.00835,1.868,,0.41,1784853009
All Pools,DCAR - AVAX,0.3,False,0.00833,0.90854,,0.84,1784853009
All Pools,AVAX - IMPACT,0.3,False,0.0083,2.593,,0.29,1784853009
All Pools,AKA - USDt,0.3,False,0.00829,2.708,,0.28,1784853009
All Pools,AVAX - HOST,0.3,False,0.00827,1.499,,0.5,1784853009
All Pools,AKA - AVAX,0.3,False,0.00821,1.736,,0.43,1784853009
All Pools,LUNA - USDt,0.3,False,0.00821,1.32,,0.57,1784853009
All Pools,Balln - AMI,0.3,False,0.00817,0.55236,,1.35,1784853009
All Pools,AI9000 - USDt,0.3,False,0.00813,0.7417,,1.0,1784853009
All Pools,WETH - AVAX,0.3,False,0.00812,1.008,,0.74,1784853009
All Pools,3ULL - USDT.e,0.3,False,0.00812,0.54693,,1.35,1784853009
All Pools,EagleToken - USDC.e,0.3,False,0.00802,2.004,,0.37,1784853009
All Pools,WITCH - USDC,0.3,False,0.00801,1.536,,0.48,1784853009
All Pools,ELXR - USDC.e,0.3,False,0.00799,1045.81,,,1784853009
All Pools,USDT.e - CAKE,0.3,False,0.00799,47.79,,0.02,1784853009
All Pools,EagleToken - AVAX,0.3,False,0.00794,1.589,,0.46,1784853009
All Pools,WITCH - AVAX,0.3,False,0.00793,2.042,,0.35,1784853009
All Pools,ORNG - JUICE,0.3,False,0.00788,1.434,,0.5,1784853009
All Pools,AMI - JUICY,0.3,False,0.00787,0.55859,,1.29,1784853009
All Pools,AVAX - CAKE,0.3,False,0.00786,0.58728,,1.22,1784853009
All Pools,HOST - DAI.e,0.3,False,0.0078,2.719,,0.26,1784853009
All Pools,MIM - TEST,0.3,False,0.0075,0.4493,,1.52,1784853009
All Pools,FBOND - AVAX,0.3,False,0.00741,0.57416,,1.18,1784853009
All Pools,FLOT - FBOND,0.3,False,0.00725,1.029,,0.64,1784853009
All Pools,TEST - DAI.e,0.3,False,0.00723,1.131,,0.58,1784853009
All Pools,EGG - USDT.e,0.3,False,0.00701,1.813,,0.35,1784853009
All Pools,TECH - REDWOLF,0.3,False,0.00697,0.59225,,1.07,1784853009
All Pools,EGG - AVAX,0.3,False,0.00694,1.282,,0.49,1784853009
All Pools,ABOB - AVAX,0.3,False,0.00683,567.85,,0.0,1784853009
All Pools,USDC - OK,0.3,False,0.00672,1.139,,0.54,1784853009
All Pools,MIM - PEPE,0.3,False,0.00671,,,4002.14,1784853009
All Pools,COQ - HOWDY,0.3,False,0.00664,0.17385,,3.49,1784853009
All Pools,NXPC - USDC,0.3,False,0.00662,0.66696,,0.91,1784853009
All Pools,CRAFT - USDC.e,0.3,False,0.00646,0.71587,,0.82,1784853009
All Pools,CRAFT - AVAX,0.3,False,0.00639,279.25,,0.0,1784853009
All Pools,ANKR - ankrAVAX,0.3,False,0.00614,0.02823,,19.86,1784853009
All Pools,BEE - USDT.e,0.3,False,0.00614,32.0,,0.02,1784853009
All Pools,BEE - AVAX,0.3,False,0.00608,0.65951,,0.84,1784853009
All Pools,JOE - USDt,0.3,False,0.00606,0.63645,,0.87,1784853009
All Pools,QI - USDC.e,0.3,False,0.00603,0.63244,,0.87,1784853009
All Pools,COQ - MEAT,0.3,False,0.0057,0.3862,,1.35,1784853009
All Pools,MU - WAIFU,0.3,False,0.0057,125.36,,0.0,1784853009
All Pools,HUSKY - aXEN,0.3,False,0.00556,0.046,,11.04,1784853009
All Pools,USDC - LODE,0.3,False,0.00555,847.57,,,1784853009
All Pools,AUSD - HUSKY,0.3,False,0.00554,0.46797,,1.08,1784853009
All Pools,FITFI - USDC.e,0.3,False,0.00553,0.043,,11.73,1784853009
All Pools,USDC.e - WARP,0.3,False,0.00552,0.78143,,0.64,1784853009
All Pools,TEDDY - USDC,0.3,False,0.0055,0.3851,,1.3,1784853009
All Pools,sAVAX - USDC,0.3,False,0.00546,0.44368,,1.12,1784853009
All Pools,AVAX - WARP,0.3,False,0.00545,1.11,,0.45,1784853009
All Pools,SUPER - BLSEYE🎯,0.3,False,0.00542,0.2074,,2.38,1784853009
All Pools,HOWDY - ABOB,0.3,False,0.00535,0.12836,,3.8,1784853009
All Pools,ETHM - USDC.e,0.3,False,0.00534,0.43503,,1.12,1784853009
All Pools,WINK - NOCHILL,0.3,False,0.00529,0.40782,,1.18,1784853009
All Pools,ETHM - AVAX,0.3,False,0.00527,20.59,,0.02,1784853009
All Pools,MIM - PEFI,0.3,False,0.0052,57.83,,0.01,1784853009
All Pools,MU - KET,0.3,False,0.0052,0.85152,,0.56,1784853009
All Pools,USDC.e - sSB,0.3,False,0.00508,833.2,,,1784853009
All Pools,AVAX - sSB,0.3,False,0.00502,0.41555,,1.1,1784853009
All Pools,GMX - JOE,0.3,False,0.00493,0.31104,,1.45,1784853009
All Pools,CAI - AMI,0.3,False,0.0048,0.37906,,1.16,1784853009
All Pools,CAI - AVAX,0.3,False,0.00474,1249.76,,,1784853009
All Pools,PNG - USDT.e,0.3,False,0.00472,0.77619,,0.55,1784853009
All Pools,AMI - KONG,0.3,False,0.00469,0.29777,,1.44,1784853009
All Pools,AVAX - KONG,0.3,False,0.00466,5172.84,,,1784853009
All Pools,SLEEP - AMI,0.3,False,0.00464,36.51,,0.01,1784853009
All Pools,GATOR - GURS,0.3,False,0.00435,0.14593,,2.72,1784853009
All Pools,USDC - NXUSD,0.3,False,0.00424,3.155,,0.12,1784853009
All Pools,AVAX - NXUSD,0.3,False,0.00416,0.36318,,1.04,1784853009
All Pools,USDT.e - FTEST,0.3,False,0.00408,1.253,,0.3,1784853009
All Pools,AVAX - FTEST,0.3,False,0.00401,0.31427,,1.16,1784853009
All Pools,USDC.e - RBEES,0.3,False,0.00398,0.43921,,0.83,1784853009
All Pools,USDC.e - GG,0.3,False,0.00393,0.33268,,1.08,1784853009
All Pools,AVAX - RBEES,0.3,False,0.00391,0.5115,,0.7,1784853009
All Pools,AVAX - GG,0.3,False,0.00388,4.582,,0.08,1784853009
All Pools,xJOE - AVAX,0.3,False,0.00374,1.736,,0.2,1784853009
All Pools,GENI - USDC.e,0.3,False,0.00368,0.08962,,3.75,1784853009
All Pools,MEOW - AMI,0.3,False,0.00368,0.35127,,0.96,1784853009
All Pools,xJOE - wsOHM,0.3,False,0.00364,0.15911,,2.09,1784853009
All Pools,COOK - AMI,0.3,False,0.00359,0.14597,,2.24,1784853009
All Pools,CANS - AMI,0.3,False,0.00354,0.14922,,2.16,1784853009
All Pools,USDC - NUTS,0.3,False,0.00342,0.18945,,1.65,1784853009
All Pools,HIGHER - AVAX,0.3,False,0.00342,1.222,,0.26,1784853009
All Pools,THOR - USDC.e,0.3,False,0.0034,0.21012,,1.48,1784853009
All Pools,AVAX - NUTS,0.3,False,0.00336,154.79,,0.0,1784853009
All Pools,HIGHER - NOCHILL,0.3,False,0.00335,0.19618,,1.56,1784853009
All Pools,THOR - AVAX,0.3,False,0.00334,22399.0,,,1784853009
All Pools,USDT.e - BANKSY V2,0.3,False,0.00332,0.86949,,0.35,1784853009
All Pools,AVAX - BANKSY V2,0.3,False,0.00326,0.26108,,1.14,1784853009
All Pools,USDC - SPT,0.3,False,0.00322,0.21177,,1.39,1784853009
All Pools,TSD - USDT.e,0.3,False,0.00317,0.16187,,1.79,1784853009
All Pools,STICK - AMI,0.3,False,0.0031,0.17074,,1.66,1784853009
All Pools,AVAX - STICK,0.3,False,0.00304,1108.7,,,1784853009
All Pools,AMI - ATD,0.3,False,0.00294,0.0664,,4.04,1784853009
All Pools,BLUB - MU,0.3,False,0.00293,0.13669,,1.95,1784853009
All Pools,MIM - TIME,0.3,False,0.00268,22.41,,0.01,1784853009
All Pools,BTC.b - GMX,0.3,False,0.00262,1.384,,0.17,1784853009
All Pools,USDC.e - TIME,0.3,False,0.00254,0.19014,,1.22,1784853009
All Pools,LEO - AMI,0.3,False,0.0023,0.0472,,4.45,1784853009
All Pools,MIAOW - HOWDY,0.3,False,0.0023,0.02524,,8.32,1784853009
All Pools,MAJIN - AMI,0.3,False,0.0023,0.10473,,2.0,1784853009
All Pools,DWC - AMI,0.3,False,0.00225,0.08605,,2.38,1784853009
All Pools,LEO - AVAX,0.3,False,0.00219,1157.94,,,1784853009
All Pools,GAINS - DWC,0.3,False,0.00218,0.68953,,0.29,1784853009
All Pools,MIAOW - AVAX,0.3,False,0.00208,871.89,,,1784853009
All Pools,LAMA - AMI,0.3,False,0.00203,0.07404,,2.5,1784853009
All Pools,BRUH - AMI,0.3,False,0.00203,0.09604,,1.93,1784853009
All Pools,LAMA - AVAX,0.3,False,0.002,8135.08,,,1784853009
All Pools,WOLFI - AMI,0.3,False,0.00199,2.859,,0.06,1784853009
All Pools,BRUH - AVAX,0.3,False,0.00198,872.56,,,1784853009
All Pools,zJoe - AMI,0.3,False,0.00195,0.14788,,1.2,1784853009
All Pools,DUO - USDT.e,0.3,False,0.00193,1.669,,0.11,1784853009
All Pools,zJoe - AVAX,0.3,False,0.00188,0.09061,,1.9,1784853009
All Pools,ABC - MU,0.3,False,0.00188,0.05214,,3.28,1784853009
All Pools,ABOB - USDC,0.3,False,0.00176,0.05531,,2.91,1784853009
All Pools,GMX - USDt,0.3,False,0.00174,0.36684,,0.43,1784853009
All Pools,STINU - AMI,0.3,False,0.0017,0.07543,,2.06,1784853009
All Pools,TSD - USDC.e,0.3,False,0.00166,0.05828,,2.6,1784853009
All Pools,STINU - AVAX,0.3,False,0.00166,25.1,,0.01,1784853009
All Pools,AVAX - WMATIC,0.3,False,0.00157,0.0018,,79.65,1784853009
All Pools,AVAX - APOW,0.3,False,0.00157,0.45651,,0.31,1784853009
All Pools,BALLZ - AMI,0.3,False,0.00132,0.03054,,3.95,1784853009
All Pools,BTC.b - AMI,0.3,False,0.0013,0.03387,,3.5,1784853009
All Pools,BALLZ - AVAX,0.3,False,0.00127,322.46,,,1784853009
All Pools,SWORLD - AVAX,0.3,False,0.00126,2143.86,,,1784853009
All Pools,AVAX - Always,0.3,False,0.0011,0.52292,,0.19,1784853009
All Pools,HEFE - Always,0.3,False,0.00108,1.354,,0.07,1784853009
All Pools,WORM - AMI,0.3,False,0.00107,0.02235,,4.37,1784853009
All Pools,AVAX - DXT,0.3,False,0.00103,0.11401,,0.82,1784853009
All Pools,WORM - AVAX,0.3,False,0.00102,239.88,,,1784853009
All Pools,HUSKY - MU,0.3,False,,0.03701,,2.2,1784853009
All Pools,USDC - APOW,0.3,False,,0.01552,,5.01,1784853009
All Pools,TECH - MU,0.3,False,,0.02016,,3.79,1784853009
All Pools,USDt - APOW,0.3,False,,0.01367,,5.43,1784853009
All Pools,BREV - AMI,0.3,False,,0.00891,,7.6,1784853009
All Pools,MUME - USDC,0.3,False,,0.07561,,0.84,1784853009
All Pools,BREV - AVAX,0.3,False,,6.798,,0.01,1784853009
All Pools,MUME - MIM,0.3,False,,0.0112,,5.28,1784853009
All Pools,sAVAX - AVAX,0.3,False,,165758.0,,,1784853009
All Pools,PAE - AVAX,0.3,False,,1534.24,,,1784853009
All Pools,AVAX - ZEPHYRA,0.3,False,,0.00501,,1.02,1784853009
All Pools,avUSD - USDC,0.3,False,,16.98,,,1784853009
All Pools,AVAX - ART,0.3,False,,,,16.89,1784853009
All Pools,PUSH - AVAX,0.3,False,,0.38348,,0.01,1784853009
All Pools,EZE - AVAX,0.3,False,,0.04768,,0.02,1784853009
All Pools,FATE - USDC,0.3,False,,447266.0,,,1784853009
All Pools,AVAX - USDC,0.05,False,768568.0,366639.0,407.1,40.53,1784856606
All Pools,sAVAX - AVAX,0.01,False,111612.0,50224.0,11.67,8.48,1784856606
All Pools,ARENA - AVAX,0.01,False,55296.0,213156.0,5.519,0.95,1784856606
All Pools,BTC.b - USDC,0.05,False,30335.0,587967.0,15.46,0.96,1784856606
All Pools,USDt - USDC,0.01,False,28629.0,162983.0,2.292,0.51,1784856606
All Pools,AUSD - USDC,0.01,False,28021.0,117722.0,2.841,0.88,1784856606
All Pools,WETH.e - USDC,0.15,False,24724.0,9741.18,37.27,139.64,1784856606
All Pools,sAVAX - AVAX,0.1,False,19899.0,50627.0,19.95,14.38,1784856606
All Pools,USDt - USDC,0.005,False,19604.0,160263.0,1.377,0.31,1784856606
All Pools,AVAX - USDC,0.3,False,17453.0,338986.0,43.63,4.7,1784856606
All Pools,AVAX - USDT.e,0.3,False,15716.0,459302.0,39.29,3.12,1784856606
All Pools,USDC.e - AVAX,0.3,False,14121.0,357657.0,35.3,3.6,1784856606
All Pools,XAUt0 - USDt,0.04,False,11276.0,27532.0,5.135,6.81,1784856606
All Pools,USDT.e - USDC,0.02,False,11220.0,51192.0,2.264,1.61,1784856606
All Pools,AVAX - USDt,0.2,False,10517.0,96127.0,21.26,8.07,1784856606
All Pools,USDT.e - USDt,0.02,False,7970.68,44535.0,1.595,1.31,1784856606
All Pools,COQ - AVAX,0.3,False,7739.16,415846.0,19.35,1.7,1784856606
All Pools,FOLKS - AVAX,0.25,False,7495.55,34563.0,18.9,19.96,1784856606
All Pools,AVAX - BTC.b,0.05,False,6822.78,25126.0,4.065,5.9,1784856606
All Pools,WETH.e - AVAX,0.3,False,6591.57,367464.0,16.48,1.64,1784856606
All Pools,AAVE.e - AVAX,0.3,False,5129.3,254702.0,12.82,1.84,1784856606
All Pools,USDC.e - USDC,0.02,False,5120.02,9740.74,0.51178,1.92,1784856606
All Pools,USDC - XAVA,0.3,False,4886.3,491850.0,12.22,0.91,1784856606
All Pools,QI - AVAX,0.3,False,4746.38,118076.0,11.87,3.67,1784856606
All Pools,JOE - USDC.e,0.3,False,4498.49,257075.0,11.25,1.6,1784856606
All Pools,AUSD - USDt,0.01,False,3906.91,54853.0,0.41614,0.28,1784856606
All Pools,XAVA - AVAX,0.8,False,3486.62,118344.0,28.54,8.8,1784856606
All Pools,NXUSD - WXT,0.3,False,3398.77,461225.0,8.497,0.67,1784856606
All Pools,JOE - AVAX,0.3,False,3281.22,205772.0,8.203,1.46,1784856606
All Pools,NOCHILL - AVAX,0.3,False,3080.38,53209.0,7.701,5.28,1784856606
All Pools,DAI.e - USDC,0.02,False,2819.77,26680.0,0.55107,0.75,1784856606
All Pools,HERESY - AVAX,0.3,False,2674.84,17218.0,6.687,14.18,1784856606
All Pools,WBTC.e - AVAX,0.3,False,2563.05,130269.0,6.408,1.8,1784856606
All Pools,QI - AVAX,0.25,False,2249.46,7704.4,5.684,26.93,1784856606
All Pools,LCPEDU - USDt,0.8,False,2214.79,6934835.0,35.51,0.19,1784856606
All Pools,BTC.b - AVAX,0.3,False,2132.33,106396.0,5.331,1.83,1784856606
All Pools,gOHM - AVAX,0.3,False,1993.16,124767.0,4.983,1.46,1784856606
All Pools,WBTC - BTC.b,0.03,False,1794.64,68658.0,0.54215,0.29,1784856606
All Pools,USDt - AVAX,0.3,False,1648.78,37718.0,4.122,3.99,1784856606
All Pools,ORNG - AVAX,0.3,False,1496.13,16326.0,3.74,8.36,1784856606
All Pools,GUN - AVAX,0.25,False,1450.83,9032.36,5.269,21.29,1784856606
All Pools,MIM - AVAX,0.3,False,1209.22,159807.0,3.023,0.69,1784856606
All Pools,SolvBTC - BTC.b,0.04,False,1130.68,174827.0,0.56597,0.12,1784856606
All Pools,USDC.e - USDC,0.02,False,1036.41,3894.11,0.2079,1.95,1784856606
All Pools,AVAX - DAI.e,0.3,False,1033.46,27932.0,2.584,3.38,1784856606
All Pools,OSAK - AVAX,0.3,False,977.05,3133.69,2.443,28.45,1784856606
All Pools,KIMBO - AVAX,0.3,False,914.01,40138.0,2.285,2.08,1784856606
All Pools,HUNDRED - USDC,0.3,False,797.59,474519.0,1.994,0.15,1784856606
All Pools,GMX - AVAX,0.3,False,713.61,4086.25,1.784,15.94,1784856606
All Pools,BEAM - USDC,0.3,False,705.25,63586.0,1.763,1.01,1784856606
All Pools,BEAM - AVAX,0.25,False,685.89,13477.0,1.73,4.69,1784856606
All Pools,TOPIA - BTC.b,0.1,False,679.38,442.54,1.114,91.85,1784856606
All Pools,LINK.e - AVAX,0.3,False,647.8,38683.0,1.62,1.53,1784856606
All Pools,ZRO - AVAX,0.25,False,605.5,1572.12,1.64,38.07,1784856606
All Pools,JPYC - USDC,0.04,False,578.26,2994.67,0.45595,5.56,1784856606
All Pools,SYN - AVAX,0.3,False,497.69,3859.06,1.244,11.77,1784856606
All Pools,EURC - USDC,0.03,False,484.34,10101.0,0.14716,0.53,1784856606
All Pools,MOR - AVAX,0.3,False,478.32,962.43,1.196,45.35,1784856606
All Pools,JOE - USDT.e,0.3,False,470.4,51555.0,1.176,0.83,1784856606
All Pools,USDT.e - USDC,0.02,False,450.23,899.49,0.04629,1.88,1784856606
All Pools,PTOP900 - BTC.b,0.1,False,383.76,223.54,2.072,338.38,1784856606
All Pools,USDC.e - USDC,0.02,False,368.97,1955.54,0.07407,1.38,1784856606
All Pools,PTOP800 - AVAX,0.1,False,359.96,140.46,1.594,414.27,1784856606
All Pools,USDt - ncash,0.3,False,326.86,1003.23,0.81714,29.73,1784856606
All Pools,AVAX - TOPIA,0.3,False,310.53,1543.24,0.77631,18.36,1784856606
All Pools,WOLF - AVAX,0.3,False,310.01,27006.0,0.77502,1.05,1784856606
All Pools,PTOP1300 - AVAX,0.1,False,279.68,16.39,1.402,3121.9,1784856606
All Pools,PTOP1200 - AVAX,0.1,False,275.19,0.0727,1.374,689858.05,1784856606
All Pools,PTOP1100 - AVAX,0.1,False,269.04,85.61,1.301,554.72,1784856606
All Pools,JOE - USDC,0.3,False,249.1,23434.0,0.62274,0.97,1784856606
All Pools,PTOP1100 - BTC.b,0.1,False,224.26,498.59,0.76823,56.24,1784856606
All Pools,AVAX - XAVA,0.3,False,221.82,12687.0,0.55455,1.6,1784856606
All Pools,SB - AVAX,0.3,False,214.0,5839.93,0.53501,3.34,1784856606
All Pools,NXPC - USDC,0.8,False,194.73,90.19,1.583,640.5,1784856606
All Pools,APIX - ARENA,0.3,False,185.18,2163.04,0.46295,7.81,1784856606
All Pools,WABBIT - AVAX,0.3,False,175.14,3986.19,0.43786,4.01,1784856606
All Pools,MUON - AVAX,0.3,False,174.31,41666.0,0.43578,0.38,1784856606
All Pools,w3ULL - AVAX,0.3,False,172.81,46872.0,0.43202,0.34,1784856606
All Pools,SHRAP - AVAX,0.8,False,172.07,7583.54,1.384,6.66,1784856606
All Pools,USDt - INFRA.e,0.3,False,160.84,24714.0,0.40209,0.59,1784856606
All Pools,WTHT - USDC,0.8,False,159.79,256.81,2.313,328.68,1784856606
All Pools,CAPY - ARENA,0.3,False,147.28,32487.0,0.36819,0.41,1784856606
All Pools,AVAX - JUICE,0.3,False,146.25,9848.24,0.36562,1.36,1784856606
All Pools,HEFE - AVAX,0.3,False,131.59,25749.0,0.32899,0.47,1784856606
All Pools,TOPIA - AVAX,0.1,False,128.51,3495.6,0.46971,4.9,1784856606
All Pools,DAI.e - USDC,0.02,False,127.88,2297.39,0.02467,0.39,1784856606
All Pools,WETH.e - USDC.e,0.3,False,123.4,11020.0,0.30849,1.02,1784856606
All Pools,APIX - ID,0.3,False,123.02,17141.0,0.30756,0.65,1784856606
All Pools,PTOP800 - BTC.b,0.1,False,119.98,572.86,0.41932,26.72,1784856606
All Pools,AVAX - BGR,0.3,False,119.3,241.39,0.29824,45.1,1784856606
All Pools,AI - AVAX,0.3,False,119.19,3111.72,0.29798,3.5,1784856606
All Pools,ABC - AVAX,0.3,False,112.9,476.8,0.28225,21.61,1784856606
All Pools,ALOT - AVAX,0.3,False,110.61,9874.19,0.27653,1.02,1784856606
All Pools,TECH - AVAX,0.3,False,104.14,8957.79,0.26036,1.06,1784856606
All Pools,BOI - AVAX,0.3,False,98.61,37.25,0.24652,241.55,1784856606
All Pools,PTOP1000 - USDC,0.1,False,95.89,105.31,0.30555,105.91,1784856606
All Pools,FLD - AVAX,0.3,False,94.09,34163.0,0.23522,0.25,1784856606
All Pools,APIX - USDt,0.3,False,91.83,5505.71,0.22958,1.52,1784856606
All Pools,FLOT - AVAX,0.3,False,83.38,2746.2,0.20845,2.77,1784856606
All Pools,UST - AVAX,0.3,False,77.05,5650.18,0.19263,1.24,1784856606
All Pools,gOHM - FRAX,0.3,False,76.46,3427.42,0.19114,2.04,1784856606
All Pools,WBTC.e - BTC.b,0.03,False,75.94,233165.0,0.02466,0.0,1784856606
All Pools,BLSEYE🎯 - AVAX,0.3,False,74.84,4346.65,0.1871,1.57,1784856606
All Pools,AVAX - DOMI,0.3,False,74.79,10616.0,0.18697,0.64,1784856606
All Pools,PTOP900 - USDC,0.1,False,71.6,143.69,0.13453,34.17,1784856606
All Pools,HAT - AVAX,0.3,False,70.94,6934.87,0.17735,0.93,1784856606
All Pools,PTOP900 - AVAX,0.1,False,69.8,0.0,0.22535,,1784856606
All Pools,HUSKY - AVAX,0.3,False,68.29,2097.63,0.17073,2.97,1784856606
All Pools,HOWDY - AVAX,0.3,False,67.83,6630.79,0.16958,0.93,1784856606
All Pools,BLSEYE🎯 - ARENA,0.3,False,65.9,1183.78,0.16475,5.08,1784856606
All Pools,APIX - USDC,0.3,False,63.94,2752.13,0.15986,2.12,1784856606
All Pools,XSEED - AVAX,0.3,False,54.23,9679.25,0.13557,0.51,1784856606
All Pools,AVAX - aXEN,0.3,False,52.25,160.87,0.13063,29.64,1784856606
All Pools,MEAT - AVAX,0.3,False,46.62,2962.52,0.11656,1.44,1784856606
All Pools,XPOW - AVAX,0.8,False,46.46,618.55,0.37391,22.06,1784856606
All Pools,FITFI - USDT.e,0.3,False,45.25,67.52,0.11313,61.16,1784856606
All Pools,AVAX - UST,0.3,False,44.98,6539.82,0.11246,0.63,1784856606
All Pools,YEEHAW - HOWDY,0.3,False,44.04,7454.8,0.1101,0.54,1784856606
All Pools,MIM - SB,0.3,False,43.01,1965.83,0.10751,2.0,1784856606
All Pools,MIM - LF,0.3,False,42.75,299.76,0.10687,13.01,1784856606
All Pools,PTOP400 - AVAX,0.1,False,41.29,217.41,0.04203,7.06,1784856606
All Pools,STG - USDC,0.3,False,41.29,1193.14,0.10323,3.16,1784856606
All Pools,BTC.b - TOPIA,0.3,False,41.29,596.86,0.10322,6.31,1784856606
All Pools,PTOP700 - BTC.b,0.1,False,39.33,252.41,0.04927,7.12,1784856606
All Pools,LF - AVAX,0.3,False,38.91,236.54,0.09727,15.01,1784856606
All Pools,STG - AVAX,0.3,False,38.7,979.27,0.09674,3.61,1784856606
All Pools,GRO - MOR,0.3,False,36.46,139.7,0.09116,23.82,1784856606
All Pools,GRO - AVAX,0.3,False,32.37,268.79,0.08093,10.99,1784856606
All Pools,ALOT - AVAX,0.8,False,31.75,1341.78,0.25334,6.89,1784856606
All Pools,USDt - USDC,0.02,False,31.43,2234.76,0.00629,0.1,1784856606
All Pools,GENI - USDC,0.3,False,31.15,1092.66,0.07787,2.6,1784856606
All Pools,ABC - HOWDY,0.3,False,30.93,496.41,0.07732,5.68,1784856606
All Pools,AVAX - ALVA,0.3,False,29.97,670.57,0.07492,4.08,1784856606
All Pools,APIX - LAMBO,0.3,False,29.79,371.89,0.07447,7.31,1784856606
All Pools,MIM - USDT.e,0.3,False,29.37,1347.15,0.07341,1.99,1784856606
All Pools,USDC.e - WMATIC,0.3,False,29.24,12.78,0.07311,208.71,1784856606
All Pools,AVAX - AMI,0.3,False,26.53,396.89,0.06631,6.1,1784856606
All Pools,AVAX - AKITAX,0.3,False,25.58,369.55,0.06395,6.32,1784856606
All Pools,WHEAT - MOR,0.3,False,25.5,96.61,0.06375,24.09,1784856606
All Pools,SECOND - USDC,0.3,False,22.85,6968.21,0.05712,0.3,1784856606
All Pools,AVAX - SOLNIC,0.3,False,22.61,3361.88,0.05652,0.61,1784856606
All Pools,Psychic - AVAX,0.3,False,22.48,860.21,0.0562,2.38,1784856606
All Pools,WHEAT - AVAX,0.3,False,22.25,256.62,0.05563,7.91,1784856606
All Pools,GUN - BLSEYE🎯,0.3,False,21.68,420.3,0.05421,4.71,1784856606
All Pools,aDXN - AVAX,0.3,False,21.31,55.22,0.05329,35.22,1784856606
All Pools,PTOP900 - TOPIA,0.3,False,20.69,166.63,0.05171,11.33,1784856606
All Pools,USDC.e - USDC,0.3,False,20.41,480363.0,0.05102,0.0,1784856606
All Pools,XPOW - AVAX,0.3,False,20.26,1171.28,0.05064,1.58,1784856606
All Pools,USDC - GAU,0.3,False,20.07,703.44,0.05017,2.6,1784856606
All Pools,SECOND - AVAX,0.3,False,20.06,1417.74,0.05016,1.29,1784856606
All Pools,ISA - AVAX,0.3,False,19.87,16272.0,0.04967,0.11,1784856606
All Pools,ISA - USDC.e,0.3,False,19.42,1414.64,0.04855,1.25,1784856606
All Pools,LUNA - USDC.e,0.3,False,18.88,630.84,0.0472,2.73,1784856606
All Pools,ROY - AVAX,0.3,False,17.25,3820.97,0.04312,0.41,1784856606
All Pools,EGG - AVAX,0.3,False,17.06,15885.0,0.04265,0.1,1784856606
All Pools,ARENA - AVAX,2.5,False,16.72,410.13,0.42265,37.61,1784856606
All Pools,BabyCoq - AVAX,0.3,False,16.48,1473.54,0.0412,1.02,1784856606
All Pools,RGOGLZ - USDC,0.3,False,16.18,1304.46,0.04044,1.13,1784856606
All Pools,PNG - AVAX,0.3,False,15.4,771.45,0.03851,1.82,1784856606
All Pools,PTOP1200 - TOPIA,0.3,False,15.13,159.32,0.03782,8.66,1784856606
All Pools,PTOP1100 - TOPIA,0.3,False,14.87,166.91,0.03719,8.13,1784856606
All Pools,DCAU - USDT.e,0.3,False,14.62,4991.44,0.03655,0.27,1784856606
All Pools,HOWDY - USDC,0.3,False,13.61,3047.36,0.03403,0.41,1784856606
All Pools,TOPIA - PTOP800,0.3,False,12.85,160.48,0.03211,7.3,1784856606
All Pools,Psychic - XAUt0,0.3,False,12.79,5750.58,0.03198,0.2,1784856606
All Pools,MIM - USDC.e,0.3,False,12.77,685.63,0.03192,1.7,1784856606
All Pools,PTOP1300 - TOPIA,0.3,False,12.75,151.9,0.03189,7.66,1784856606
All Pools,DCAU - AVAX,0.3,False,12.61,988.12,0.03152,1.16,1784856606
All Pools,AVAX - FRAX,0.3,False,12.6,649.45,0.0315,1.77,1784856606
All Pools,GURS - AVAX,0.3,False,12.45,5199.23,0.03112,0.22,1784856606
All Pools,MAI - AVAX,0.3,False,12.08,1524.71,0.03019,0.72,1784856606
All Pools,PRIME - AVAX,0.4,False,11.37,141754.0,0.04804,0.01,1784856606
All Pools,HATCHY - AVAX,0.3,False,11.36,6725.15,0.0284,0.15,1784856606
All Pools,HOWDY - AMI,0.3,False,9.955,1508.74,0.02489,0.6,1784856606
All Pools,Balln - AVAX,0.3,False,9.628,4085.02,0.02407,0.22,1784856606
All Pools,HYDRA - AVAX,0.3,False,9.621,337.16,0.02405,2.6,1784856606
All Pools,AVAX - SPELL,0.3,False,8.894,1822.11,0.02224,0.45,1784856606
All Pools,Gladiator - ARENA,0.3,False,8.662,571.92,0.02165,1.38,1784856606
All Pools,Gladiator - USDC,0.3,False,8.377,330.9,0.02094,2.31,1784856606
All Pools,GUN - AVAX,0.3,False,8.253,187.55,0.02063,4.02,1784856606
All Pools,PTOP1000 - TOPIA,0.3,False,8.025,161.96,0.02006,4.52,1784856606
All Pools,USV - DAI.e,0.3,False,7.597,3970.82,0.01899,0.17,1784856606
All Pools,APOW - AVAX,0.3,False,7.466,1261.03,0.01867,0.54,1784856606
All Pools,ROCO - AVAX,0.3,False,7.319,1282.06,0.0183,0.52,1784856606
All Pools,TOPIA - PTOP600,0.3,False,7.207,151.22,0.01802,4.35,1784856606
All Pools,APOW - XPOW,0.3,False,7.196,1158.83,0.01799,0.57,1784856606
All Pools,TOPIA - PTOP10000,0.3,False,6.986,162.76,0.01747,3.92,1784856606
All Pools,USDC.e - USDT.e,0.3,False,6.755,39918.0,0.01689,0.02,1784856606
All Pools,USDC.e - DAI.e,0.3,False,6.687,22154.0,0.01672,0.03,1784856606
All Pools,AVAX - ELK,0.3,False,6.618,1259.59,0.01655,0.48,1784856606
All Pools,AVAX - ARENA,0.3,False,6.598,78.18,0.01649,7.7,1784856606
All Pools,DATCM - ORNG,0.3,False,6.189,230.79,0.01547,2.45,1784856606
All Pools,GGP - AVAX,0.3,False,5.991,23164.0,0.01498,0.02,1784856606
All Pools,AMI - TOPIA,0.3,False,5.928,227.7,0.01482,2.38,1784856606
All Pools,3QF - D - AVAX,0.3,False,5.805,1296.68,0.01451,0.41,1784856606
All Pools,3QF - D - WETH.e,0.3,False,5.779,2473.69,0.01445,0.21,1784856606
All Pools,AVAX - PEFI,0.3,False,5.592,3093.77,0.01398,0.16,1784856606
All Pools,USDC.e - MU,0.3,False,5.447,13156.0,0.01362,0.04,1784856606
All Pools,MIM - WETH.e,0.3,False,4.988,447.17,0.01247,1.02,1784856606
All Pools,COQ - OSAK,0.3,False,4.832,18.47,0.01208,23.88,1784856606
All Pools,PTOP400 - TOPIA,0.3,False,4.511,136.98,0.01128,3.01,1784856606
All Pools,avUSD - sAVAX,0.3,False,4.227,197.83,0.01057,1.95,1784856606
All Pools,YEEHAW - TOPIA,0.3,False,4.157,156.09,0.01039,2.43,1784856606
All Pools,KINGSHIT - AVAX,0.3,False,4.071,3529.83,0.01018,0.11,1784856606
All Pools,Now - AVAX,0.3,False,4.009,185.28,0.01002,1.97,1784856606
All Pools,FITFI - AVAX,0.3,False,4.007,5.908,0.01002,61.89,1784856606
All Pools,LINK.e - USDT.e,0.3,False,3.999,224.47,0.01,1.63,1784856606
All Pools,ACS - AVAX,0.3,False,3.997,162.58,0.00999,2.24,1784856606
All Pools,ORNG - FLUX,0.3,False,3.925,105.08,0.00981,3.41,1784856606
All Pools,AVAX - SOCK,0.3,False,3.912,2318.61,0.00978,0.15,1784856606
All Pools,USDC - SOCK,0.3,False,3.909,410.91,0.00977,0.87,1784856606
All Pools,SLOT - AVAX,0.3,False,3.908,2513.16,0.00977,0.14,1784856606
All Pools,UST - USDC,0.3,False,3.805,424.79,0.00951,0.82,1784856606
All Pools,ORNG - JUCI,0.3,False,3.652,239.82,0.00913,1.39,1784856606
All Pools,SHRAP - DOMI,0.3,False,3.51,145.63,0.00878,2.2,1784856606
All Pools,VPND - AVAX,0.3,False,3.492,17320.0,0.00873,0.02,1784856606
All Pools,MaryMagdalene - AVAX,0.3,False,3.416,167.96,0.00854,1.86,1784856606
All Pools,YETI - AVAX,0.3,False,3.409,2228.87,0.00852,0.14,1784856606
All Pools,REDWOLF - WMATIC,0.3,False,3.408,1.588,0.00852,195.76,1784856606
All Pools,BLUB - AVAX,0.3,False,3.406,11228.0,0.00852,0.03,1784856606
All Pools,SWIFT - USDC.e,0.3,False,3.33,489.05,0.00832,0.62,1784856606
All Pools,MYST - USDC,0.3,False,3.321,216.54,0.0083,1.4,1784856606
All Pools,BLSEYE🎯 - BEAM,0.3,False,3.236,261.76,0.00809,1.13,1784856606
All Pools,ANKR - AVAX,0.3,False,3.223,13.8,0.00806,21.31,1784856606
All Pools,FTOMB - AVAX,0.3,False,3.128,6396.97,0.00782,0.04,1784856606
All Pools,ORNG - MOOM,0.3,False,3.086,182.61,0.00772,1.54,1784856606
All Pools,PTOP500 - TOPIA,0.3,False,3.035,133.04,0.00759,2.08,1784856606
All Pools,BEAM - AVAX,0.3,False,2.951,359.02,0.00738,0.75,1784856606
All Pools,YAK - USDC.e,0.3,False,2.847,202.73,0.00712,1.28,1784856606
All Pools,YAK - AVAX,0.3,False,2.836,3119.91,0.00709,0.08,1784856606
All Pools,BUSD - AVAX,0.3,False,2.786,330.37,0.00697,0.77,1784856606
All Pools,LUNA - USDC.e,0.3,False,2.703,320.6,0.00676,0.77,1784856606
All Pools,XROSS - ORNG,0.3,False,2.614,228.9,0.00653,1.04,1784856606
All Pools,USDC - aXEN,0.3,False,2.472,8.851,0.00618,25.48,1784856606
All Pools,GENI - AVAX,0.3,False,2.408,45.53,0.00602,4.83,1784856606
All Pools,DPS - USDC,0.3,False,2.372,1809.23,0.00593,0.12,1784856606
All Pools,DPS - AVAX,0.3,False,2.368,179.06,0.00592,1.21,1784856606
All Pools,APOW - AVAX,0.3,False,2.357,601.7,0.00589,0.36,1784856606
All Pools,YOU - ORNG,0.3,False,2.339,1334.73,0.00585,0.16,1784856606
All Pools,Psychic - BLACK,0.3,False,2.279,242.46,0.0057,0.86,1784856606
All Pools,HOST - DAI.e,0.3,False,2.252,2484.11,0.00563,0.08,1784856606
All Pools,MaryMagdalene - XAUt0,0.3,False,2.244,1644.89,0.00561,0.12,1784856606
All Pools,PTOP700 - TOPIA,0.3,False,2.235,147.86,0.00559,1.38,1784856606
All Pools,AVAX - NaughtiusMaximus,0.3,False,2.231,324.81,0.00558,0.63,1784856606
All Pools,REDWOLF - USDC,0.3,False,2.197,184.07,0.00549,1.09,1784856606
All Pools,USDT.e - CLY,0.3,False,2.097,175.88,0.00524,1.09,1784856606
All Pools,SPORE - USDC,0.3,False,2.047,1368.98,0.00512,0.14,1784856606
All Pools,REDWOLF - AVAX,0.3,False,2.035,375.42,0.00509,0.49,1784856606
All Pools,aDXN - aXEN,0.3,False,2.029,5.388,0.00507,34.36,1784856606
All Pools,YUSD - AVAX,0.3,False,2.028,114.1,0.00507,1.62,1784856606
All Pools,ZRO - AVAX,0.3,False,1.971,126.9,0.00493,1.42,1784856606
All Pools,PLN - AVAX,0.3,False,1.956,876.4,0.00489,0.2,1784856606
All Pools,USDT.e - ONION,0.3,False,1.953,737.56,0.00488,0.24,1784856606
All Pools,MAGICK - USDC,0.3,False,1.912,224.2,0.00478,0.78,1784856606
All Pools,LINK.e - USDC.e,0.3,False,1.903,186.6,0.00476,0.93,1784856606
All Pools,SWIFT - AVAX,0.3,False,1.899,232.28,0.00475,0.75,1784856606
All Pools,MAGICK - AVAX,0.3,False,1.892,273.6,0.00473,0.63,1784856606
All Pools,GB - AVAX,0.3,False,1.889,1724.57,0.00472,0.1,1784856606
All Pools,HUSKY - JOE,0.3,False,1.843,95.77,0.00461,1.76,1784856606
All Pools,MYST - AVAX,0.3,False,1.799,634.67,0.0045,0.26,1784856606
All Pools,AVAX - CLY,0.3,False,1.792,20923.0,0.00448,0.01,1784856606
All Pools,AVAX - SNOB,0.3,False,1.748,742.82,0.00437,0.21,1784856606
All Pools,HUSKY - AMI,0.3,False,1.742,51.17,0.00435,3.11,1784856606
All Pools,XAUt0 - Now,0.3,False,1.721,561.34,0.0043,0.28,1784856606
All Pools,MIM - TEMPO,0.3,False,1.679,4.111,0.0042,37.27,1784856606
All Pools,AVAX - FRAX,0.3,False,1.639,221.09,0.0041,0.68,1784856606
All Pools,USDC.e - AVVO,0.3,False,1.609,220.9,0.00402,0.66,1784856606
All Pools,AVAX - ChristMark,0.3,False,1.585,261.7,0.00396,0.55,1784856606
All Pools,XAUt0 - NaughtiusMaximus,0.3,False,1.574,877.34,0.00394,0.16,1784856606
All Pools,Now - BLACK,0.3,False,1.559,220.32,0.0039,0.65,1784856606
All Pools,JOE - USDT,0.3,False,1.532,273.26,0.00383,0.51,1784856606
All Pools,AVAX - ONION,0.3,False,1.491,144.64,0.00373,0.94,1784856606
All Pools,SWIFT - WETH.e,0.3,False,1.423,1323.07,0.00356,0.1,1784856606
All Pools,WETH - USDC.e,0.3,False,1.407,206.46,0.00352,0.62,1784856606
All Pools,BANKSY - USDT.e,0.3,False,1.402,1509.15,0.00351,0.08,1784856606
All Pools,BANKSY - AVAX,0.3,False,1.398,139.39,0.0035,0.92,1784856606
All Pools,UST - USDC.e,0.3,False,1.378,662.08,0.00344,0.19,1784856606
All Pools,DREGG - USDT.e,0.3,False,1.365,508.72,0.00341,0.24,1784856606
All Pools,DREGG - AVAX,0.3,False,1.362,142.19,0.0034,0.87,1784856606
All Pools,SMRTr - AVAX,0.3,False,1.352,24808.0,0.00338,0.0,1784856606
All Pools,AVAX - EROL,0,False,1.349,44.37,0.0,0.0,1784856606
All Pools,SMRTr - USDC.e,0.3,False,1.342,102.68,0.00335,1.19,1784856606
All Pools,AVAX - USDT,0.3,False,1.329,1644.44,0.00332,0.07,1784856606
All Pools,XAUt0 - Gravity,0.3,False,1.306,312.2,0.00326,0.38,1784856606
All Pools,APOW - USDC,0.3,False,1.269,113.93,0.00317,1.02,1784856606
All Pools,YEEHAW - BTC.b,0.3,False,1.233,54.43,0.00308,2.07,1784856606
All Pools,FXS - AVAX,0.3,False,1.223,280.73,0.00306,0.4,1784856606
All Pools,XAUt0 - ChristMark,0.3,False,1.213,577.48,0.00303,0.19,1784856606
All Pools,COQ - BLSEYE🎯,0.3,False,1.212,152.96,0.00303,0.72,1784856606
All Pools,ORNG - SAI,0.3,False,1.21,103.4,0.00302,1.07,1784856606
All Pools,L - Swing - SWAP.e,0.3,False,1.193,41.94,0.00298,2.6,1784856606
All Pools,AVAX - SWAP.e,0.3,False,1.184,18361.0,0.00296,0.01,1784856606
All Pools,WETH.e - ONION,0.3,False,1.156,234.2,0.00289,0.45,1784856606
All Pools,LFG - AVAX,0.3,False,1.082,3596.8,0.00271,0.03,1784856606
All Pools,WETH.e - USDT.e,0.3,False,1.074,149.83,0.00268,0.65,1784856606
All Pools,AVAX - MU,0.3,False,1.047,72.55,0.00262,1.32,1784856606
All Pools,BTC.b - oXAUT,0.3,False,1.046,315.65,0.00262,0.3,1784856606
All Pools,oXAUT - AVAX,0.3,False,1.045,400.15,0.00261,0.24,1784856606
All Pools,BOI - MU,0.3,False,1.04,0.69034,0.0026,137.48,1784856606
All Pools,AVAX - SMRT,0.3,False,1.038,1578.06,0.00259,0.06,1784856606
All Pools,Trinity - AVAX,0.3,False,1.033,704.55,0.00258,0.13,1784856606
All Pools,Trinity - Gravity,0.3,False,1.027,1675.38,0.00257,0.06,1784856606
All Pools,APOW - USDt,0.3,False,1.023,113.58,0.00256,0.82,1784856606
All Pools,MIM - MU,0.3,False,1.021,84.76,0.00255,1.1,1784856606
All Pools,USDT.e - SMRT,0.3,False,1.016,86.81,0.00254,1.07,1784856606
All Pools,LUNA - AVAX,0.3,False,0.97993,116.53,0.00245,0.77,1784856606
All Pools,AVAX - AVVO,0.3,False,0.96179,221.37,0.0024,0.4,1784856606
All Pools,AVAX - IMPACT2,0.3,False,0.9522,140.36,0.00238,0.62,1784856606
All Pools,AAVE.e - REDWOLF,0.3,False,0.94814,148.44,0.00237,0.58,1784856606
All Pools,L - Swing - aXEN,0.3,False,0.93281,49.93,0.00233,1.7,1784856606
All Pools,AVAX - GEC,0.3,False,0.92071,26680.0,0.0023,0.0,1784856606
All Pools,HOST - AVAX,0.3,False,0.90995,86.48,0.00227,0.96,1784856606
All Pools,HOWDY - USDt,0.3,False,0.90726,178.95,0.00227,0.46,1784856606
All Pools,USDC.e - ONION,0.3,False,0.89221,368.6,0.00223,0.22,1784856606
All Pools,Gravity - AVAX,0.3,False,0.86918,232.98,0.00217,0.34,1784856606
All Pools,KIWI - AVAX,0.3,False,0.86389,91.82,0.00216,0.86,1784856606
All Pools,BOI - AMI,0.3,False,0.80811,0.51376,0.00202,143.53,1784856606
All Pools,KIWI - USDC,0.3,False,0.8048,296.17,0.00201,0.25,1784856606
All Pools,USDC - SDOG,0.3,False,0.78957,358.33,0.00197,0.2,1784856606
All Pools,WBTC.e - ONION,0.3,False,0.78847,355.29,0.00197,0.2,1784856606
All Pools,NOCHILL - OX,0.3,False,0.76739,10942.0,0.00192,0.01,1784856606
All Pools,MIM - SDOG,0.3,False,0.7239,79.78,0.00181,0.83,1784856606
All Pools,DCAU - MIM,0.3,False,0.72236,100.06,0.00181,0.66,1784856606
All Pools,AVAX - ZUBAX,0.3,False,0.69945,89.5,0.00175,0.71,1784856606
All Pools,TEMPO - AVAX,0.3,False,0.69744,1.612,0.00174,39.48,1784856606
All Pools,BRO - COQ,0.3,False,0.69678,140.39,0.00174,0.45,1784856606
All Pools,BRO - AVAX,0.3,False,0.69571,95810.0,0.00174,,1784856606
All Pools,WBTC.e - USDT.e,0.3,False,0.68182,157.57,0.0017,0.39,1784856606
All Pools,BTC.b - REDWOLF,0.3,False,0.68095,98.0,0.0017,0.63,1784856606
All Pools,ZUBAX - USDT.e,0.3,False,0.6799,170.42,0.0017,0.36,1784856606
All Pools,DCAU - USDC,0.3,False,0.67346,142.86,0.00168,0.43,1784856606
All Pools,JOE - EXP,0.3,False,0.66484,10386763.0,0.00166,,1784856606
All Pools,bCASH - LINK.e,0.3,False,0.66228,311.38,0.00166,0.19,1784856606
All Pools,COQ - COQAI,0.3,False,0.6501,19155.0,0.00163,0.0,1784856606
All Pools,PNG - JOE,0.3,False,0.63833,113.87,0.0016,0.51,1784856606
All Pools,SYMBIOT - AVAX,0.3,False,0.63346,73.02,0.00158,0.79,1784856606
All Pools,Psychic - AftermathsKobe,0.3,False,0.62449,239.25,0.00156,0.24,1784856606
All Pools,AftermathsKobe - AVAX,0.3,False,0.62208,205.54,0.00156,0.28,1784856606
All Pools,MAXI - DAI.e,0.3,False,0.61879,219.55,0.00155,0.26,1784856606
All Pools,Psychic - Wej,0.3,False,0.61232,236.18,0.00153,0.24,1784856606
All Pools,AVAX - Wej,0.3,False,0.61125,203.51,0.00153,0.27,1784856606
All Pools,COQ - OX,0.3,False,0.60163,11823.0,0.0015,0.0,1784856606
All Pools,Psychic - Now,0.3,False,0.60069,460.67,0.0015,0.12,1784856606
All Pools,STOMB - AVAX,0.3,False,0.5969,5011.31,0.00149,0.01,1784856606
All Pools,SYMBIOT - DAI.e,0.3,False,0.59422,439.87,0.00149,0.12,1784856606
All Pools,FollowTheWhiteRabbit - AVAX,0.3,False,0.58247,112.4,0.00146,0.47,1784856606
All Pools,DiamondbackGall - AVAX,0.3,False,0.58074,204.48,0.00145,0.26,1784856606
All Pools,Psychic - DiamondbackGall,0.3,False,0.58068,236.49,0.00145,0.22,1784856606
All Pools,Psychic - ArniStitch,0.3,False,0.56691,235.49,0.00142,0.22,1784856606
All Pools,ArniStitch - AVAX,0.3,False,0.56482,202.29,0.00141,0.25,1784856606
All Pools,DAI.e - ONION,0.3,False,0.56192,330.01,0.0014,0.16,1784856606
All Pools,KALM - USDC,0.3,False,0.5552,76.2,0.00139,0.66,1784856606
All Pools,KALM - AVAX,0.3,False,0.55387,94.16,0.00138,0.54,1784856606
All Pools,KRW - AVAX,0.3,False,0.55075,302.95,0.00138,0.17,1784856606
All Pools,JOE - KRW,0.3,False,0.55048,144.16,0.00138,0.35,1784856606
All Pools,VELAI - AVAX,0.3,False,0.52518,0.23815,0.00131,201.23,1784856606
All Pools,MEOW - AVAX,0.3,False,0.51323,7380.68,0.00128,0.01,1784856606
All Pools,50 - USDC,0.3,False,0.49996,110.8,0.00125,0.41,1784856606
All Pools,50 - AVAX,0.3,False,0.49877,58.13,0.00125,0.78,1784856606
All Pools,NaughtiusMaximus - Seventeen,0.3,False,0.4986,659.24,0.00125,0.07,1784856606
All Pools,AVAX - Seventeen,0.3,False,0.49704,198.44,0.00124,0.23,1784856606
All Pools,MaryMagdalene - TheGospelOfMary,0.3,False,0.48482,206.42,0.00121,0.21,1784856606
All Pools,SYN - REDWOLF,0.3,False,0.48207,3.924,0.00121,11.21,1784856606
All Pools,Psychic - Meaning,0.3,False,0.47458,230.19,0.00119,0.19,1784856606
All Pools,Meaning - AVAX,0.3,False,0.47305,315.74,0.00118,0.14,1784856606
All Pools,USDt - USDT.e,0.3,False,0.4672,20387.0,0.00117,0.0,1784856606
All Pools,USDt - IMPACT2,0.3,False,0.46311,71.59,0.00116,0.59,1784856606
All Pools,Psychic - CommieSukey,0.3,False,0.46207,235.65,0.00116,0.18,1784856606
All Pools,CommieSukey - AVAX,0.3,False,0.46035,203.03,0.00115,0.21,1784856606
All Pools,LUNA - AVAX,0.3,False,0.45703,13.28,0.00114,3.14,1784856606
All Pools,L - Swing - aDXN,0.3,False,0.45513,10.34,0.00114,4.02,1784856606
All Pools,AVAX - SING,0.3,False,0.44468,105.72,0.00111,0.38,1784856606
All Pools,MIM - USDC,0.3,False,0.44398,26.44,0.00111,1.53,1784856606
All Pools,USDT.e - SING,0.3,False,0.44211,1191.05,0.00111,0.03,1784856606
All Pools,BTC.b - HOWDY,0.3,False,0.41523,63.44,0.00104,0.6,1784856606
All Pools,AVAX - OBX,0.3,False,0.41146,214.83,0.00103,0.17,1784856606
All Pools,Psychic - MeaningOfNumbers,0.3,False,0.41018,235.82,0.00103,0.16,1784856606
All Pools,AVAX - MeaningOfNumbers,0.3,False,0.40848,202.51,0.00102,0.18,1784856606
All Pools,HOWDY - ARENA,0.3,False,0.40061,53.96,0.001,0.68,1784856606
All Pools,LINDA - AVAX,0.3,False,0.40014,1319.8,0.001,0.03,1784856606
All Pools,BTC.b - IMPACT2,0.3,False,0.39004,1392.92,,0.03,1784856606
All Pools,USDC - SHRAP,0.3,False,0.38399,20.09,,1.74,1784856606
All Pools,Psychic - RedFolder,0.3,False,0.38067,235.11,,0.15,1784856606
All Pools,AVAX - RedFolder,0.3,False,0.37876,202.41,,0.17,1784856606
All Pools,Psychic - NeatestQuackery,0.3,False,0.37838,235.77,,0.15,1784856606
All Pools,NeatestQuackery - AVAX,0.3,False,0.3765,202.27,,0.17,1784856606
All Pools,MerryXmas - AVAX,0.3,False,0.37338,186.73,,0.18,1784856606
All Pools,Psychic - Xmas,0.3,False,0.37233,221.15,,0.15,1784856606
All Pools,Xmas - AVAX,0.3,False,0.37112,190.42,,0.18,1784856606
All Pools,Psychic - Prometheus,0.3,False,0.3694,228.85,,0.15,1784856606
All Pools,AVAX - Prometheus,0.3,False,0.36808,197.43,,0.17,1784856606
All Pools,XPOW - USDC,0.3,False,0.36229,18.73,,1.77,1784856606
All Pools,USDt - XPOW,0.3,False,0.35624,18.68,,1.74,1784856606
All Pools,POLAR - AVAX,0.3,False,0.34517,1273.02,,0.02,1784856606
All Pools,AVAX - EROL,0.3,False,0.34517,23.78,,1.32,1784856606
All Pools,COQ - NOCHILL,0.3,False,0.33059,8.988,,3.36,1784856606
All Pools,MaryMagdalene - FollowTheWhiteRabbit,0.3,False,0.32932,152.4,,0.2,1784856606
All Pools,COQ - JUICE,0.3,False,0.32668,29.65,,1.01,1784856606
All Pools,MM - USDC,0.3,False,0.32594,49.13,,0.61,1784856606
All Pools,MM - AVAX,0.3,False,0.32506,64.9,,0.46,1784856606
All Pools,YEEHAW - AVAX,0.3,False,0.32502,12.46,,2.38,1784856606
All Pools,Psychic - Serpentarius,0.3,False,0.32192,238.95,,0.12,1784856606
All Pools,Serpentarius - AVAX,0.3,False,0.32075,206.02,,0.14,1784856606
All Pools,JEWEL - USDC,0.3,False,0.31243,3719.63,,0.01,1784856606
All Pools,Psychic - Ducks,0.3,False,0.311,235.13,,0.12,1784856606
All Pools,Ducks - AVAX,0.3,False,0.30983,201.97,,0.14,1784856606
All Pools,AVAX - TheGospelOfMary,0.3,False,0.30629,111.84,,0.25,1784856606
All Pools,CGS - AVAX,0.3,False,0.30301,51.79,,0.53,1784856606
All Pools,CGS - USDC.e,0.3,False,0.30294,148.85,,0.19,1784856606
All Pools,WBTC.e - REDWOLF,0.3,False,0.29677,48.63,,0.56,1784856606
All Pools,GUN - AMI,0.3,False,0.29322,9.731,,2.75,1784856606
All Pools,WETH.e - REDWOLF,0.3,False,0.2874,82.6,,0.32,1784856606
All Pools,STATIK - AVAX,0.3,False,0.28313,29.92,,0.86,1784856606
All Pools,USDC - CHAM,0.3,False,0.28036,46.07,,0.56,1784856606
All Pools,gOHM - SB,0.3,False,0.27438,16.86,,1.49,1784856606
All Pools,$Td - AVAX,0.3,False,0.27364,3810.93,,0.01,1784856606
All Pools,$Td - AMI,0.3,False,0.27142,25.5,,0.97,1784856606
All Pools,Psychic - All,0.3,False,0.26415,234.6,,0.1,1784856606
All Pools,UNIV - AVAX,0.3,False,0.26379,5.685,,4.23,1784856606
All Pools,CQK - USDC,0.3,False,0.26369,30.39,,0.79,1784856606
All Pools,AVAX - All,0.3,False,0.2632,202.97,,0.12,1784856606
All Pools,CQK - AVAX,0.3,False,0.26281,93.86,,0.26,1784856606
All Pools,GOOD - COQ,0.3,False,0.259,63.69,,0.37,1784856606
All Pools,BLS - USDt,0.3,False,0.25388,126.9,,0.18,1784856606
All Pools,GOOD - AVAX,0.3,False,0.253,101.51,,0.23,1784856606
All Pools,SLUSH - USDT.e,0.3,False,0.25297,54.54,,0.42,1784856606
All Pools,SLUSH - AVAX,0.3,False,0.25203,44.18,,0.52,1784856606
All Pools,DFIAT - USDT.e,0.3,False,0.25141,26.32,,0.87,1784856606
All Pools,SYN - USDC.e,0.3,False,0.2509,2.031,,11.27,1784856606
All Pools,DFIAT - AVAX,0.3,False,0.25045,5805.06,,0.0,1784856606
All Pools,Chemistry - Now,0.3,False,0.25011,622.08,,0.04,1784856606
All Pools,Chemistry - AVAX,0.3,False,0.25005,60.86,,0.37,1784856606
All Pools,GURS - ARENA,0.3,False,0.24366,7.016,,3.17,1784856606
All Pools,USDC - USD+,0.3,False,0.24343,27.7,,0.8,1784856606
All Pools,USDt - RUX,0.3,False,0.24232,15955.0,,0.0,1784856606
All Pools,RUX - AVAX,0.3,False,0.24152,25.0,,0.88,1784856606
All Pools,USDC.e - WISE,0.3,False,0.24059,40.77,,0.54,1784856606
All Pools,Psychic - Hopi,0.3,False,0.24028,208.49,,0.11,1784856606
All Pools,AVAX - WISE,0.3,False,0.23996,57.79,,0.38,1784856606
All Pools,Now - Mentor,0.3,False,0.23989,621.48,,0.04,1784856606
All Pools,USDT.e - EXP,0.3,False,0.23961,45031732.0,,,1784856606
All Pools,Hopi - AVAX,0.3,False,0.23926,148.86,,0.15,1784856606
All Pools,AVAX - Mentor,0.3,False,0.23887,60.69,,0.36,1784856606
All Pools,ABC - AMI,0.3,False,0.23795,2.81,,7.73,1784856606
All Pools,Psychic - MerryXmas,0.3,False,0.23688,216.74,,0.1,1784856606
All Pools,VEE - USDC,0.3,False,0.2364,30.69,,0.7,1784856606
All Pools,Psychic - Sinterklaas,0.3,False,0.2363,231.49,,0.09,1784856606
All Pools,AVAX - Sinterklaas,0.3,False,0.23529,95.99,,0.22,1784856606
All Pools,YEEHAW - CHAMP,0.3,False,0.23108,917.07,,0.02,1784856606
All Pools,CHAMP - ARENA,0.3,False,0.23067,17.18,,1.23,1784856606
All Pools,AMI - SQRCAT,0.3,False,0.23049,11.49,,1.83,1784856606
All Pools,AVAX - SQRCAT,0.3,False,0.22975,4084.31,,0.01,1784856606
All Pools,LINK.e - REDWOLF,0.3,False,0.22679,70.07,,0.3,1784856606
All Pools,WETH.e - USDC,0.3,False,0.22341,20.51,,0.99,1784856606
All Pools,APOW - USDt,0.3,False,0.22306,20.74,,0.98,1784856606
All Pools,GLOBA - AVAX,0.3,False,0.22296,38.8,,0.52,1784856606
All Pools,GB - USDT.e,0.3,False,0.22163,19.68,,1.03,1784856606
All Pools,Yellow - AVAX,0.3,False,0.21907,181.37,,0.11,1784856606
All Pools,USDT.e - ZABU,0.3,False,0.21823,43.82,,0.45,1784856606
All Pools,COQ - AMI,0.3,False,0.21737,9.902,,2.0,1784856606
All Pools,USDT.e - DUO,0.3,False,0.21681,50.04,,0.4,1784856606
All Pools,AVAX - DUO,0.3,False,0.21586,51.18,,0.38,1784856606
All Pools,AVVO - DAI.e,0.3,False,0.21263,34.07,,0.57,1784856606
All Pools,GLOBA - DAI.e,0.3,False,0.20923,46.88,,0.41,1784856606
All Pools,USDC.e - SOL,0.3,False,0.20904,34.63,,0.55,1784856606
All Pools,Christmas - ChristMark,0.3,False,0.20773,107.97,,0.18,1784856606
All Pools,MaryMagdalene - BrideOfChrist,0.3,False,0.20752,88.63,,0.21,1784856606
All Pools,Christmas - AVAX,0.3,False,0.20712,171.51,,0.11,1784856606
All Pools,BrideOfChrist - AVAX,0.3,False,0.20602,60.97,,0.31,1784856606
All Pools,AVAI - AVAX,0.3,False,0.2042,19.11,,0.98,1784856606
All Pools,WBTC - AVAX,0.3,False,0.20301,30.59,,0.61,1784856606
All Pools,ARENA - MU,0.3,False,0.20241,3.785,,4.88,1784856606
All Pools,AVAT - USDC,0.3,False,0.202,37.14,,0.5,1784856606
All Pools,MU - WMATIC,0.3,False,0.20049,0.10962,,166.88,1784856606
All Pools,Psychic - Yellow,0.3,False,0.19543,60.03,,0.3,1784856606
All Pools,AVAX - CHAM,0.3,False,0.19395,25.06,,0.71,1784856606
All Pools,Psychic - Blue,0.3,False,0.19303,59.69,,0.3,1784856606
All Pools,STG - L - Swing,0.3,False,0.19242,15.54,,1.13,1784856606
All Pools,MIM - wsOHM,0.3,False,0.1924,144.43,,0.12,1784856606
All Pools,SOL - USDC,0.3,False,0.19176,20.41,,0.86,1784856606
All Pools,Blue - AVAX,0.3,False,0.19173,180.14,,0.1,1784856606
All Pools,WETH.e - SURE,0.3,False,0.1904,876.19,,0.02,1784856606
All Pools,miMatic - USDC.e,0.3,False,0.19002,23.63,,0.73,1784856606
All Pools,Beyond - Now,0.3,False,0.18703,312.29,,0.05,1784856606
All Pools,Beyond - AVAX,0.3,False,0.18654,60.4,,0.28,1784856606
All Pools,NOCHILL - KET,0.3,False,0.1858,7.744,,2.19,1784856606
All Pools,USDC - BVAX,0.3,False,0.18513,25.42,,0.66,1784856606
All Pools,Psychic - BlackAndGold,0.3,False,0.17954,235.73,,0.07,1784856606
All Pools,AVAX - BlackAndGold,0.3,False,0.17898,203.83,,0.08,1784856606
All Pools,meGNX - AVAX,0.3,False,0.17641,12.79,,1.26,1784856606
All Pools,FollowTheWhiteRabbit - TheGospelOfMary,0.3,False,0.17641,110.07,,0.15,1784856606
All Pools,STEAK - AVAX,0.3,False,0.17562,9524.54,,0.0,1784856606
All Pools,UNIV - DAI.e,0.3,False,0.17258,10.54,,1.49,1784856606
All Pools,Psychic - NineHundred,0.3,False,0.17232,53.39,,0.29,1784856606
All Pools,NineHundred - AVAX,0.3,False,0.17119,95.93,,0.16,1784856606
All Pools,TECH - OX,0.3,False,0.16841,4430.1,,0.0,1784856606
All Pools,APOW - USDC,0.3,False,0.16522,20.74,,0.73,1784856606
All Pools,AVAX - ZABU,0.3,False,0.1611,22.74,,0.65,1784856606
All Pools,Orange - Now,0.3,False,0.16092,454.21,,0.03,1784856606
All Pools,AprilFoolsDay - NaughtiusMaximus,0.3,False,0.16046,96.9,,0.15,1784856606
All Pools,USDt - REDWOLF,0.3,False,0.16038,13.53,,1.08,1784856606
All Pools,Orange - AVAX,0.3,False,0.16019,59.69,,0.24,1784856606
All Pools,AprilFoolsDay - AVAX,0.3,False,0.15963,72.89,,0.2,1784856606
All Pools,USDC - yyAVAX,0.3,False,0.15799,11.78,,1.22,1784856606
All Pools,Psychic - Jjj,0.3,False,0.15766,236.2,,0.06,1784856606
All Pools,Jjj - AVAX,0.3,False,0.1572,203.06,,0.07,1784856606
All Pools,ACS - USDC.e,0.3,False,0.15671,5.032,,2.84,1784856606
All Pools,aAvaLINK - AVAX,0.3,False,0.15602,7.432,,1.92,1784856606
All Pools,MaryMagdalene - Gravity,0.3,False,0.15594,98.13,,0.15,1784856606
All Pools,Void - AVAX,0.3,False,0.15297,59.78,,0.23,1784856606
All Pools,Void - Now,0.3,False,0.15294,625.46,,0.02,1784856606
All Pools,ALOT - USDC.e,0.3,False,0.15198,7.372,,1.88,1784856606
All Pools,Slope - Now,0.3,False,0.15039,619.39,,0.02,1784856606
All Pools,Slope - AVAX,0.3,False,0.14977,60.65,,0.23,1784856606
All Pools,Hydrogen - AVAX,0.3,False,0.14844,180.35,,0.08,1784856606
All Pools,Matter - Now,0.3,False,0.14784,561.09,,0.02,1784856606
All Pools,Matter - AVAX,0.3,False,0.14718,54.21,,0.25,1784856606
All Pools,REDWOLF - SOL,0.3,False,0.14691,55.92,,0.24,1784856606
All Pools,AVAX - GAU,0.3,False,0.14251,4.696,,2.77,1784856606
All Pools,Psychic - Strength,0.3,False,0.14107,54.13,,0.24,1784856606
All Pools,AVAX - Strength,0.3,False,0.14028,96.62,,0.13,1784856606
All Pools,AVAT - AVAX,0.3,False,0.14027,16.29,,0.79,1784856606
All Pools,NOCHILL - AMI,0.3,False,0.14004,3.754,,3.4,1784856606
All Pools,MerryXmas - ChristMark,0.3,False,0.13807,59.55,,0.21,1784856606
All Pools,Psychic - Hydrogen,0.3,False,0.13788,60.02,,0.21,1784856606
All Pools,MIM - DAI.e,0.3,False,0.13707,17.43,,0.72,1784856606
All Pools,BLSEYE🎯 - MEOW,0.3,False,0.1363,793.06,,0.02,1784856606
All Pools,USDt - MILO,0.3,False,0.13465,13.77,,0.89,1784856606
All Pools,AVAX - MILO,0.3,False,0.13403,762.31,,0.02,1784856606
All Pools,SUB - USDC,0.3,False,0.13398,11.14,,1.1,1784856606
All Pools,SYN - USDT.e,0.3,False,0.13343,1.082,,11.25,1784856606
All Pools,Psychic - DogL,0.3,False,0.13045,236.32,,0.05,1784856606
All Pools,DogL - AVAX,0.3,False,0.1301,204.33,,0.06,1784856606
All Pools,Psychic - SantaGospel,0.3,False,0.13001,53.52,,0.22,1784856606
All Pools,AVAX - SantaGospel,0.3,False,0.12931,91.91,,0.13,1784856606
All Pools,aAvaWAVAX - meGNX,0.3,False,0.12926,2.938,,4.02,1784856606
All Pools,Vaccine - Now,0.3,False,0.12907,617.14,,0.02,1784856606
All Pools,MELT - AVAX,0.3,False,0.12886,19.46,,0.6,1784856606
All Pools,Vaccine - AVAX,0.3,False,0.1287,59.83,,0.2,1784856606
All Pools,SYN - WETH.e,0.3,False,0.12773,1.006,,11.59,1784856606
All Pools,BANKSY - USDC.e,0.3,False,0.12771,28.87,,0.4,1784856606
All Pools,BANKSY - AVAX,0.3,False,0.12702,17.85,,0.65,1784856606
All Pools,TSD - AVAX,0.3,False,0.1269,164.13,,0.07,1784856606
All Pools,FLAKE - USDT.e,0.3,False,0.12562,47.95,,0.24,1784856606
All Pools,FLAKE - AVAX,0.3,False,0.12502,16.7,,0.68,1784856606
All Pools,METAG - AVAX,0.3,False,0.12433,19.14,,0.59,1784856606
All Pools,Now - Propriety,0.3,False,0.12115,628.82,,0.02,1784856606
All Pools,AVAX - Propriety,0.3,False,0.12108,61.32,,0.18,1784856606
All Pools,SURE - USDC.e,0.3,False,0.1196,21.19,,0.52,1784856606
All Pools,wsOHM - USDC.e,0.3,False,0.1173,16.52,,0.65,1784856606
All Pools,Now - Teste,0.3,False,0.1163,622.44,,0.02,1784856606
All Pools,bECH - AVAX,0.3,False,0.11614,16.52,,0.64,1784856606
All Pools,AVAX - Teste,0.3,False,0.11588,60.05,,0.18,1784856606
All Pools,HUSKY - MUG,0.3,False,0.11505,13.75,,0.76,1784856606
All Pools,TickTock - Now,0.3,False,0.11428,619.41,,0.02,1784856606
All Pools,SPC - DAI.e,0.3,False,0.11418,20.6,,0.51,1784856606
All Pools,GATOR - ARENA,0.3,False,0.11413,2.407,,4.33,1784856606
All Pools,TickTock - AVAX,0.3,False,0.11399,60.51,,0.17,1784856606
All Pools,L - Swing - AVAX,0.3,False,0.1133,104.71,,0.1,1784856606
All Pools,Light - Now,0.3,False,0.11288,635.98,,0.02,1784856606
All Pools,Light - AVAX,0.3,False,0.11279,62.16,,0.17,1784856606
All Pools,AVAX - STRAW,0.3,False,0.11277,13.89,,0.74,1784856606
All Pools,AVAX - JUICY,0.3,False,0.11224,1759.17,,0.01,1784856606
All Pools,Gold - Now,0.3,False,0.11208,620.17,,0.02,1784856606
All Pools,Gold - AVAX,0.3,False,0.11169,60.6,,0.17,1784856606
All Pools,Psychic - Who,0.3,False,0.10847,54.17,,0.18,1784856606
All Pools,Who - AVAX,0.3,False,0.10797,96.05,,0.1,1784856606
All Pools,AVAXAI - USDC,0.3,False,0.10722,1438.32,,0.01,1784856606
All Pools,DAI.e - STRAW,0.3,False,0.10592,35.64,,0.27,1784856606
All Pools,LIBRE - USDC.e,0.3,False,0.10467,12.12,,0.79,1784856606
All Pools,USDC - MXNB,0.3,False,0.10418,17.94,,0.53,1784856606
All Pools,BLS - SHRAP,0.3,False,0.09962,7.475,,1.22,1784856606
All Pools,Gil - AVAX,0.3,False,0.09805,13.24,,0.68,1784856606
All Pools,AVAX - KET,0.3,False,0.09618,20.46,,0.43,1784856606
All Pools,SURE - DAI.e,0.3,False,0.09554,24.72,,0.35,1784856606
All Pools,Uncontractable - Now,0.3,False,0.09413,605.09,,0.01,1784856606
All Pools,Uncontractable - AVAX,0.3,False,0.09383,59.43,,0.14,1784856606
All Pools,AVAX - ELK,0.3,False,0.09381,46.12,,0.19,1784856606
All Pools,Gil - DAI.e,0.3,False,0.09209,26.02,,0.32,1784856606
All Pools,IMPACT2 - EURC,0.3,False,0.09102,41.85,,0.2,1784856606
All Pools,sAVAX - COQ,0.3,False,0.09097,64.2,,0.13,1784856606
All Pools,WETH.e - yyAVAX,0.3,False,0.09087,14.24,,0.58,1784856606
All Pools,DéjàVu - Gravity,0.3,False,0.09071,144.01,,0.06,1784856606
All Pools,METAG - USDT.e,0.3,False,0.09067,46.81,,0.18,1784856606
All Pools,DéjàVu - AVAX,0.3,False,0.09048,30.69,,0.27,1784856606
All Pools,AVAX - SHRAP,0.3,False,0.08977,10.4,,0.79,1784856606
All Pools,TRYB - USDC.e,0.3,False,0.08928,31.59,,0.26,1784856606
All Pools,miMatic - AVAX,0.3,False,0.08631,30.96,,0.25,1784856606
All Pools,TOMB - USDC,0.3,False,0.08616,9.882,,0.8,1784856606
All Pools,YEEHAW - USDC,0.3,False,0.08597,5.954,,1.32,1784856606
All Pools,NOCHILL - REDWOLF,0.3,False,0.08524,2.281,,3.41,1784856606
All Pools,MIM - UNIV,0.3,False,0.08461,4.601,,1.68,1784856606
All Pools,bCASH - NOCHILL,0.3,False,0.08275,12.71,,0.59,1784856606
All Pools,Silver - Now,0.3,False,0.08119,620.93,,0.01,1784856606
All Pools,gOHM - wsOHM,0.3,False,0.08104,15.98,,0.46,1784856606
All Pools,Silver - AVAX,0.3,False,0.08094,59.59,,0.12,1784856606
All Pools,BENIS - NOCHILL,0.3,False,0.0797,2.58,,2.82,1784856606
All Pools,MU - DAI.e,0.3,False,0.07939,235.37,,0.03,1784856606
All Pools,AVAX - BLACK,0.3,False,0.07929,3.035,,2.38,1784856606
All Pools,Psychic - Go,0.3,False,0.07925,53.66,,0.13,1784856606
All Pools,Go - AVAX,0.3,False,0.07895,96.07,,0.07,1784856606
All Pools,KLO - AVAX,0.3,False,0.07855,9773.1,,,1784856606
All Pools,USDt - DXN,0.3,False,0.07768,213.45,,0.03,1784856606
All Pools,MELT - USDC.e,0.3,False,0.07468,29.38,,0.23,1784856606
All Pools,LICK - AVAX,0.3,False,0.07462,0.44314,,15.37,1784856606
All Pools,JOE - ZABU,0.3,False,0.07447,12.71,,0.53,1784856606
All Pools,USDT.e - MU,0.3,False,0.07342,249.7,,0.03,1784856606
All Pools,HH - AVAX,0.3,False,0.07288,228.41,,0.03,1784856606
All Pools,USDt - NEMO,0.3,False,0.06923,95.54,,0.07,1784856606
All Pools,AVAX - NEMO,0.3,False,0.06888,6.379,,0.99,1784856606
All Pools,Now - √Root,0.3,False,0.06862,618.02,,0.01,1784856606
All Pools,Sanskrit - Now,0.3,False,0.06858,618.57,,0.01,1784856606
All Pools,Sanskrit - AVAX,0.3,False,0.06839,60.43,,0.1,1784856606
All Pools,AVAX - √Root,0.3,False,0.06836,60.38,,0.1,1784856606
All Pools,HH - ARENA,0.3,False,0.06705,2.253,,2.72,1784856606
All Pools,AMI - MU,0.3,False,0.0665,1.438,,4.22,1784856606
All Pools,WLRS - USDC.e,0.3,False,0.06633,3885.81,,0.0,1784856606
All Pools,USDC.e - WOLF,0.3,False,0.06326,7.425,,0.78,1784856606
All Pools,SLIME - USDt,0.3,False,0.06316,5.977,,0.96,1784856606
All Pools,AVAX - WOLF,0.3,False,0.06284,51.85,,0.11,1784856606
All Pools,SLIME - AVAX,0.3,False,0.06282,14516.0,,,1784856606
All Pools,AVAX - SDOG,0.3,False,0.0625,6.254,,0.91,1784856606
All Pools,KLO - USDT.e,0.3,False,0.06155,4.503,,1.25,1784856606
All Pools,BNB - AVAX,0.3,False,0.06146,2689.74,,0.0,1784856606
All Pools,APEX - AVAX,0.3,False,0.06129,0.49708,,11.25,1784856606
All Pools,KIWI - USDt,0.3,False,0.06108,19.48,,0.29,1784856606
All Pools,XPOW - AVAX,0.3,False,0.06065,74.82,,0.07,1784856606
All Pools,MAI - TOMB,0.3,False,0.05997,123.76,,0.04,1784856606
All Pools,NOCHILL - MU,0.3,False,0.05978,1.54,,3.54,1784856606
All Pools,MELT - USDC.e,0.3,False,0.0592,5.835,,0.93,1784856606
All Pools,MELT - AVAX,0.3,False,0.05884,779.75,,0.01,1784856606
All Pools,MAJIN - AVAX,0.3,False,0.05877,2753.62,,0.0,1784856606
All Pools,KIMBO - AMI,0.3,False,0.05823,2.78,,1.91,1784856606
All Pools,bCASH - TECH,0.3,False,0.05795,10.28,,0.51,1784856606
All Pools,XAUt0 - ElvisJackpot,0.3,False,0.05676,283.17,,0.02,1784856606
All Pools,Psychic - Nala,0.3,False,0.05611,202.16,,0.03,1784856606
All Pools,AVAX - Nala,0.3,False,0.05584,18.25,,0.28,1784856606
All Pools,BrideOfChrist - FollowTheWhiteRabbit,0.3,False,0.05568,492.97,,0.01,1784856606
All Pools,BrideOfChrist - BLACK,0.3,False,0.05556,16.27,,0.31,1784856606
All Pools,ElvisJackpot - Gravity,0.3,False,0.05548,14.28,,0.35,1784856606
All Pools,GAS - AVAX,0.3,False,0.05528,126.76,,0.04,1784856606
All Pools,USDT.e - XAVA,0.3,False,0.05519,10.72,,0.47,1784856606
All Pools,MIM - VOLT,0.3,False,0.05518,12.34,,0.41,1784856606
All Pools,MELT - USDT.e,0.3,False,0.05477,29.13,,0.17,1784856606
All Pools,CNR - USDC,0.3,False,0.05446,4.392,,1.13,1784856606
All Pools,CNR - AVAX,0.3,False,0.05409,46.12,,0.11,1784856606
All Pools,UNI.e - REDWOLF,0.3,False,0.05328,10.12,,0.48,1784856606
All Pools,XPOW - APOW,0.3,False,0.05183,47.71,,0.1,1784856606
All Pools,COQ - MU,0.3,False,0.05056,3.653,,1.26,1784856606
All Pools,ICUBE - USDT.e,0.3,False,0.05044,106.72,,0.04,1784856606
All Pools,COQ - ARENA,0.3,False,0.0504,1.167,,3.94,1784856606
All Pools,LoveIsTheKey - AVAX,0.3,False,0.05024,9.95,,0.46,1784856606
All Pools,ICUBE - AVAX,0.3,False,0.05015,5.207,,0.88,1784856606
All Pools,DUO - USDT.e,0.3,False,0.04908,6.035,,0.74,1784856606
All Pools,DAI.e - VOLT,0.3,False,0.04861,39.69,,0.11,1784856606
All Pools,Psychic - Stolen,0.3,False,0.04744,62.63,,0.07,1784856606
All Pools,AMPL - AVAX,0.3,False,0.04726,200.76,,0.02,1784856606
All Pools,Stolen - AVAX,0.3,False,0.04715,12.2,,0.35,1784856606
All Pools,MIM - GRAPE,0.3,False,0.04709,95.81,,0.04,1784856606
All Pools,LF - USDT.e,0.3,False,0.04677,0.83525,,5.11,1784856606
All Pools,Degen - AVAX,0.3,False,0.04643,1391.75,,0.0,1784856606
All Pools,wsOHM - AVAX,0.3,False,0.04599,7.159,,0.59,1784856606
All Pools,WABBIT - AMI,0.3,False,0.04541,0.8766,,4.73,1784856606
All Pools,AVAX - APE - X,0.3,False,0.04504,463.35,,0.01,1784856606
All Pools,USDT.e - TMT,0.3,False,0.04493,25.07,,0.16,1784856606
All Pools,AVAX - TMT,0.3,False,0.04468,5.665,,0.72,1784856606
All Pools,WOLF - AMI,0.3,False,0.04468,2.724,,1.5,1784856606
All Pools,USDT.e - BOREA,0.3,False,0.04452,25.49,,0.16,1784856606
All Pools,AVAX - BOREA,0.3,False,0.04424,5.32,,0.76,1784856606
All Pools,USDC - USDT.e,0.3,False,0.04423,154.32,,0.03,1784856606
All Pools,HATCHY - AMI,0.3,False,0.04324,3.042,,1.3,1784856606
All Pools,WLRS - GRAPE,0.3,False,0.04265,7.879,,0.49,1784856606
All Pools,MIM - AUSD,0.3,False,0.0409,9.28,,0.4,1784856606
All Pools,WBTC.e - USDC.e,0.3,False,0.04086,8.153,,0.46,1784856606
All Pools,AVAX - MUG,0.3,False,0.04085,239.81,,0.02,1784856606
All Pools,ARENA - AMI,0.3,False,0.04058,1.383,,2.68,1784856606
All Pools,CNR - USDt,0.3,False,0.04042,4.41,,0.84,1784856606
All Pools,TECH - AMI,0.3,False,0.03928,1.789,,2.0,1784856606
All Pools,MAJIN - MU,0.3,False,0.03915,3.426,,1.04,1784856606
All Pools,BTC.b - MU,0.3,False,0.03775,10.1,,0.34,1784856606
All Pools,MPL - USDt,0.3,False,0.03759,29.74,,0.12,1784856606
All Pools,MUMO - WMATIC,0.3,False,0.03738,0.02087,,163.45,1784856606
All Pools,MPL - AVAX,0.3,False,0.03733,4.944,,0.69,1784856606
All Pools,AMI - COQAI,0.3,False,0.03644,3.006,,1.11,1784856606
All Pools,USDC.e - SPADE,0.3,False,0.03631,15.32,,0.22,1784856606
All Pools,RUG - USDT.e,0.3,False,0.03626,10.16,,0.33,1784856606
All Pools,ZRO - USDC,0.3,False,0.03619,4.325,,0.76,1784856606
All Pools,AVAX - SPADE,0.3,False,0.03607,4.767,,0.69,1784856606
All Pools,BENSI - AMI,0.3,False,0.03556,2.442,,1.33,1784856606
All Pools,JOE - aXEN,0.3,False,0.03516,0.16976,,18.9,1784856606
All Pools,WOLF - MU,0.3,False,0.03504,3.833,,0.83,1784856606
All Pools,BGLD - USDT.e,0.3,False,0.03502,16.28,,0.2,1784856606
All Pools,BGLD - AVAX,0.3,False,0.03476,3.48,,0.91,1784856606
All Pools,AVAX - ankrAVAX,0.3,False,0.03447,11.75,,0.27,1784856606
All Pools,METAG - USDt,0.3,False,0.0343,15.27,,0.2,1784856606
All Pools,gOHM - JOE,0.3,False,0.03412,3.206,,0.97,1784856606
All Pools,BENIS - AVAX,0.3,False,0.03405,9.451,,0.33,1784856606
All Pools,CATWIF - MU,0.3,False,0.03343,2.845,,1.07,1784856606
All Pools,CATWIF - AVAX,0.3,False,0.03322,2180.57,,0.0,1784856606
All Pools,Milk - USDT.e,0.3,False,0.03215,13.64,,0.22,1784856606
All Pools,Milk - AVAX,0.3,False,0.03183,5.191,,0.56,1784856606
All Pools,GURS - NOCHILL,0.3,False,0.03167,1.156,,2.5,1784856606
All Pools,BNZ - AVAX,0.3,False,0.03148,142.23,,0.02,1784856606
All Pools,USDC.e - RUG,0.3,False,0.03121,17.09,,0.17,1784856606
All Pools,MU - COQAI,0.3,False,0.03092,5.358,,0.53,1784856606
All Pools,MIM - RUG,0.3,False,0.03088,5.348,,0.53,1784856606
All Pools,LINK.e - MU,0.3,False,0.03071,6.985,,0.4,1784856606
All Pools,SURE - AVAX,0.3,False,0.03006,5.329,,0.51,1784856606
All Pools,MUMO - USDC,0.3,False,0.02962,8.176,,0.33,1784856606
All Pools,TruthClosure - AVAX,0.3,False,0.02896,7.234,,0.37,1784856606
All Pools,TruthClosure - BLACK,0.3,False,0.02893,11.62,,0.23,1784856606
All Pools,Gravity - ChristMark,0.3,False,0.02868,11.28,,0.23,1784856606
All Pools,SUB - AVAX,0.3,False,0.02864,14.32,,0.18,1784856606
All Pools,LoveIsTheKey - Gravity,0.3,False,0.0285,28.22,,0.09,1784856606
All Pools,CNR - REDWOLF,0.3,False,0.02822,14.57,,0.18,1784856606
All Pools,YEEHAW - ARENA,0.3,False,0.028,1.274,,2.0,1784856606
All Pools,ACS - USDt,0.3,False,0.02771,0.91297,,2.77,1784856606
All Pools,wALGO - USDC,0.3,False,0.02754,2.349,,1.07,1784856606
All Pools,AVAX - BAVA,0.3,False,0.02738,8.352,,0.3,1784856606
All Pools,wALGO - AVAX,0.3,False,0.02736,111.27,,0.02,1784856606
All Pools,Gladiator - AVAX,0.3,False,0.02721,1.828,,1.36,1784856606
All Pools,USDC - COSMIC,0.3,False,0.02664,53.81,,0.05,1784856606
All Pools,aAvaLINK - meGNX,0.3,False,0.0266,8.731,,0.28,1784856606
All Pools,USDR - USDC,0.3,False,0.02628,39.94,,0.06,1784856606
All Pools,WOLF - USDT.e,0.3,False,0.02616,3.027,,0.79,1784856606
All Pools,AVAX - USDR,0.3,False,0.02611,2.404,,0.99,1784856606
All Pools,WOLF - AVAX,0.3,False,0.02588,43.44,,0.05,1784856606
All Pools,USDT.e - GOT,0.3,False,0.02586,12.19,,0.19,1784856606
All Pools,AVAX - GOT,0.3,False,0.02561,4.128,,0.57,1784856606
All Pools,MIM - TSNFTGM,0.3,False,0.02536,3.051,,0.76,1784856606
All Pools,Yellow - BLACK,0.3,False,0.02502,2.39,,0.95,1784856606
All Pools,HEFE - AMI,0.3,False,0.02471,2.222,,1.02,1784856606
All Pools,BSGG - AVAX,0.3,False,0.02455,2.398,,0.93,1784856606
All Pools,NOCHILL - WAIFU,0.3,False,0.0241,146.24,,0.02,1784856606
All Pools,JOE - aDXN,0.3,False,0.0241,0.30133,,7.3,1784856606
All Pools,COQ - REDWOLF,0.3,False,0.02405,9.08,,0.24,1784856606
All Pools,CANS - AVAX,0.3,False,0.02348,8.184,,0.26,1784856606
All Pools,WETH.e - MU,0.3,False,0.02341,1.805,,1.18,1784856606
All Pools,aAvaLINK - LINK.e,0.3,False,0.02337,1.659,,1.29,1784856606
All Pools,TSNFTGM - DAI.e,0.3,False,0.02334,29.16,,0.07,1784856606
All Pools,XIO - USDC,0.3,False,0.0233,23.91,,0.09,1784856606
All Pools,AAVE.e - meGNX,0.3,False,0.02324,3.606,,0.59,1784856606
All Pools,XIO - AVAX,0.3,False,0.02315,2.274,,0.93,1784856606
All Pools,3ULL - AVAX,0.3,False,0.02247,32.78,,0.06,1784856606
All Pools,FERT - AVAX,0.3,False,0.02234,472.26,,0.0,1784856606
All Pools,AMI - aSOCK,0.3,False,0.02226,1.838,,1.11,1784856606
All Pools,AVAX - aSOCK,0.3,False,0.02201,9.778,,0.21,1784856606
All Pools,LoveIsTheKey - FollowTheWhiteRabbit,0.3,False,0.02198,42.53,,0.05,1784856606
All Pools,GURS - AMI,0.3,False,0.0217,1.407,,1.41,1784856606
All Pools,BUSD - USDC,0.3,False,0.02158,7.345,,0.27,1784856606
All Pools,DBY - AVAX,0.3,False,0.02096,7335.06,,,1784856606
All Pools,LUNA - LUNA,0.3,False,0.02079,1.738,,1.09,1784856606
All Pools,GMX - USDC,0.3,False,0.02064,0.89224,,2.11,1784856606
All Pools,WINK - AVAX,0.3,False,0.02031,42.05,,0.04,1784856606
All Pools,KIMBO - CANS,0.3,False,0.01994,224.04,,0.01,1784856606
All Pools,BAWLS - AVAX,0.3,False,0.01985,11.45,,0.16,1784856606
All Pools,CRA - AVAX,0.3,False,0.01971,7070.77,,,1784856606
All Pools,JOE - CRA,0.3,False,0.01962,7.036,,0.25,1784856606
All Pools,JOE - REDWOLF,0.3,False,0.01916,2.693,,0.65,1784856606
All Pools,REDWOLF - AMONKS,0.3,False,0.0189,5.388,,0.32,1784856606
All Pools,AVAX - AMONKS,0.3,False,0.01883,1088.97,,0.0,1784856606
All Pools,ELE - AVAX,0.3,False,0.01871,84.61,,0.02,1784856606
All Pools,JOE - ZUBAX,0.3,False,0.01864,6.352,,0.27,1784856606
All Pools,MEOW - MU,0.3,False,0.0182,1.305,,1.27,1784856606
All Pools,DWC - MU,0.3,False,0.0182,2.69,,0.62,1784856606
All Pools,USDT.e - AVVO,0.3,False,0.01815,3.556,,0.47,1784856606
All Pools,AVAX - DWC,0.3,False,0.01808,3932.18,,,1784856606
All Pools,USDC - WSPP,0.3,False,0.01799,41.9,,0.04,1784856606
All Pools,AVAX - WSPP,0.3,False,0.01783,2.272,,0.72,1784856606
All Pools,MAJIN - REDWOLF,0.3,False,0.01767,5.009,,0.32,1784856606
All Pools,APOW - MU,0.3,False,0.01761,2.308,,0.7,1784856606
All Pools,AI9000 - AVAX,0.3,False,0.01757,206.11,,0.01,1784856606
All Pools,AMI - DEGEN404,0.3,False,0.01754,0.82257,,1.95,1784856606
All Pools,MAGICK - COSMIC,0.3,False,0.01713,3.337,,0.47,1784856606
All Pools,Degen - DEGEN404,0.3,False,0.01706,247.23,,0.01,1784856606
All Pools,HCT - AVAX,0.3,False,0.01703,2.573,,0.6,1784856606
All Pools,YEEHAW - AMI,0.3,False,0.01703,3.795,,0.41,1784856606
All Pools,NXPC - AVAX,0.3,False,0.0163,0.96152,,1.55,1784856606
All Pools,USDT.e - NORTH,0.3,False,0.01628,27.09,,0.05,1784856606
All Pools,AVAX - OK,0.3,False,0.01621,1.549,,0.95,1784856606
All Pools,AVAX - NORTH,0.3,False,0.0161,1.777,,0.83,1784856606
All Pools,YEEHAW - ABC,0.3,False,0.01602,0.26271,,5.56,1784856606
All Pools,KOVIN - MU,0.3,False,0.01594,2.437,,0.6,1784856606
All Pools,KOVIN - AVAX,0.3,False,0.01584,2133.84,,,1784856606
All Pools,USDT.e - iBONE,0.3,False,0.01544,4.365,,0.32,1784856606
All Pools,AVAX - iBONE,0.3,False,0.01528,4.068,,0.34,1784856606
All Pools,DUNEV3 - USDC.e,0.3,False,0.01514,27550.0,,,1784856606
All Pools,XOMB - USDT.e,0.3,False,0.01491,2.044,,0.67,1784856606
All Pools,ZH - USDC.e,0.3,False,0.01483,22.17,,0.06,1784856606
All Pools,MIM - DUNEV3,0.3,False,0.0148,51373.0,,,1784856606
All Pools,XOMB - AVAX,0.3,False,0.01477,15.01,,0.09,1784856606
All Pools,KOKSAL - USDC,0.3,False,0.01466,4.416,,0.3,1784856606
All Pools,3ULL - USDt,0.3,False,0.01462,2.117,,0.63,1784856606
All Pools,ZH - JOE,0.3,False,0.01453,2.047,,0.65,1784856606
All Pools,KOKSAL - AVAX,0.3,False,0.01452,2.703,,0.49,1784856606
All Pools,HERESY - MEOW,0.3,False,0.01447,0.22276,,5.93,1784856606
All Pools,ARA - AVAX,0.3,False,0.01425,2.267,,0.57,1784856606
All Pools,TRACTOR - USDT.e,0.3,False,0.01418,1.623,,0.8,1784856606
All Pools,TRACTOR - AVAX,0.3,False,0.01403,10113.0,,,1784856606
All Pools,SMRT - XAVA,0.3,False,0.01402,2.22,,0.58,1784856606
All Pools,AVAX - AXIAL,0.3,False,0.01392,574.29,,0.0,1784856606
All Pools,HIGHER - AMI,0.3,False,0.01388,2.246,,0.56,1784856606
All Pools,USDC - AMI,0.3,False,0.01385,0.57768,,2.19,1784856606
All Pools,USDt - USDC.e,0.3,False,0.0137,14.17,,0.09,1784856606
All Pools,GURS - HOWDY,0.3,False,0.01345,0.57908,,2.12,1784856606
All Pools,FLOT - COQ,0.3,False,0.01292,0.49617,,2.38,1784856606
All Pools,USDC.e - TUSK,0.3,False,0.01267,9.302,,0.12,1784856606
All Pools,AVAX - TUSK,0.3,False,0.01257,1.978,,0.58,1784856606
All Pools,Degen - AMI,0.3,False,0.01245,0.88601,,1.28,1784856606
All Pools,USDC.e - BAVA,0.3,False,0.01232,2.604,,0.43,1784856606
All Pools,USDC.e - WISE,0.3,False,0.01195,6.671,,0.16,1784856606
All Pools,SMRTr - USDT.e,0.3,False,0.01194,1.067,,1.02,1784856606
All Pools,AVAX - WISE,0.3,False,0.01184,2.181,,0.5,1784856606
All Pools,KR - USDC.e,0.3,False,0.0117,11.01,,0.1,1784856606
All Pools,KR - AVAX,0.3,False,0.01157,1.357,,0.78,1784856606
All Pools,MU - MUG,0.3,False,0.01151,2304.81,,,1784856606
All Pools,AVAX - MUG,0.3,False,0.01136,0.97399,,1.06,1784856606
All Pools,MIM - SPELL,0.3,False,0.01134,2.059,,0.5,1784856606
All Pools,FINANCE - NOCHILL,0.3,False,0.01133,393.25,,0.0,1784856606
All Pools,Hydrogen - BLACK,0.3,False,0.01127,2.404,,0.43,1784856606
All Pools,TokenZ - USDC,0.3,False,0.01116,3.525,,0.29,1784856606
All Pools,GAINS - AVAX,0.3,False,0.0111,30.24,,0.03,1784856606
All Pools,TokenZ - AVAX,0.3,False,0.01106,1.849,,0.55,1784856606
All Pools,AVAX - LODE,0.3,False,0.01102,0.81623,,1.23,1784856606
All Pools,DUA - USDC,0.3,False,0.011,8.947,,0.11,1784856606
All Pools,AVAX - DUA,0.3,False,0.01089,1.324,,0.75,1784856606
All Pools,NOCHILL - ARENA,0.3,False,0.01085,0.36615,,2.7,1784856606
All Pools,USDC.e - SMRT,0.3,False,0.01085,1.787,,0.55,1784856606
All Pools,APEX - AMI,0.3,False,0.01078,0.08661,,11.36,1784856606
All Pools,AAVE.e - USDT.e,0.3,False,0.01077,2.628,,0.37,1784856606
All Pools,MIM - sTHO,0.3,False,0.01056,184.36,,0.01,1784856606
All Pools,BEAM - MU,0.3,False,0.01021,0.91876,,1.01,1784856606
All Pools,AVAX - HON,0.3,False,0.01012,47792.0,,,1784856606
All Pools,XAVA - HON,0.3,False,0.01009,1.125,,0.82,1784856606
All Pools,USDC.e - UST,0.3,False,0.01004,1.518,,0.6,1784856606
All Pools,FITFI - USDC,0.3,False,0.01001,0.08034,,11.37,1784856606
All Pools,MEAT - MU,0.3,False,0.00987,0.32495,,2.77,1784856606
All Pools,BTC.b - USDC,0.3,False,0.00983,4.255,,0.21,1784856606
All Pools,LOIQ - AMI,0.3,False,0.00966,0.43621,,2.02,1784856606
All Pools,LUNA - USDC,0.3,False,0.00964,1.379,,0.64,1784856606
All Pools,AI9000 - MU,0.3,False,0.00964,1.03,,0.85,1784856606
All Pools,AVAX - SPT,0.3,False,0.00949,0.15597,,5.55,1784856606
All Pools,AMI - MOOCH,0.3,False,0.00941,0.42799,,2.01,1784856606
All Pools,AVAX - COSMIC,0.3,False,0.00923,1.025,,0.82,1784856606
All Pools,TT - USDT.e,0.3,False,0.00922,1.97,,0.43,1784856606
All Pools,AVAX - TT,0.3,False,0.00912,1.574,,0.53,1784856606
All Pools,XPOW - USDt,0.3,False,0.00908,1.061,,0.78,1784856606
All Pools,MU - SOL,0.3,False,0.00887,1.075,,0.75,1784856606
All Pools,GAINS - MEAT,0.3,False,0.0088,0.58734,,1.37,1784856606
All Pools,bCASH - BRUH2,0.3,False,0.00865,0.65534,,1.2,1784856606
All Pools,USV - AVAX,0.3,False,0.00863,0.90592,,0.87,1784856606
All Pools,MUMO - AVAX,0.3,False,0.00843,0.14704,,5.23,1784856606
All Pools,DCAR - USDC,0.3,False,0.00841,55.91,,0.01,1784856606
All Pools,USDt - IMPACT,0.3,False,0.00838,1.678,,0.46,1784856606
All Pools,AVAX - BRUH2,0.3,False,0.00835,1.866,,0.41,1784856606
All Pools,DCAR - AVAX,0.3,False,0.00833,0.90756,,0.84,1784856606
All Pools,AVAX - IMPACT,0.3,False,0.0083,2.59,,0.29,1784856606
All Pools,AKA - USDt,0.3,False,0.00829,2.71,,0.28,1784856606
All Pools,AVAX - HOST,0.3,False,0.00827,1.497,,0.5,1784856606
All Pools,AKA - AVAX,0.3,False,0.00821,1.734,,0.43,1784856606
All Pools,LUNA - USDt,0.3,False,0.00821,1.307,,0.57,1784856606
All Pools,Balln - AMI,0.3,False,0.00817,0.55208,,1.35,1784856606
All Pools,AI9000 - USDt,0.3,False,0.00813,0.74203,,1.0,1784856606
All Pools,WETH - AVAX,0.3,False,0.00812,1.003,,0.74,1784856606
All Pools,3ULL - USDT.e,0.3,False,0.00812,0.5455,,1.36,1784856606
All Pools,EagleToken - USDC.e,0.3,False,0.00802,2.002,,0.37,1784856606
All Pools,WITCH - USDC,0.3,False,0.00801,1.536,,0.48,1784856606
All Pools,ELXR - USDC.e,0.3,False,0.00799,1043.79,,,1784856606
All Pools,USDT.e - CAKE,0.3,False,0.00799,47.67,,0.02,1784856606
All Pools,EagleToken - AVAX,0.3,False,0.00794,1.588,,0.46,1784856606
All Pools,WITCH - AVAX,0.3,False,0.00793,2.04,,0.35,1784856606
All Pools,ORNG - JUICE,0.3,False,0.00788,1.432,,0.5,1784856606
All Pools,AMI - JUICY,0.3,False,0.00787,0.55832,,1.29,1784856606
All Pools,AVAX - CAKE,0.3,False,0.00786,0.58665,,1.22,1784856606
All Pools,HOST - DAI.e,0.3,False,0.0078,2.728,,0.26,1784856606
All Pools,MIM - TEST,0.3,False,0.0075,0.45005,,1.52,1784856606
All Pools,FBOND - AVAX,0.3,False,0.00741,0.57355,,1.18,1784856606
All Pools,FLOT - FBOND,0.3,False,0.00725,1.029,,0.64,1784856606
All Pools,TEST - DAI.e,0.3,False,0.00723,1.134,,0.58,1784856606
All Pools,EGG - USDT.e,0.3,False,0.00701,1.809,,0.35,1784856606
All Pools,TECH - REDWOLF,0.3,False,0.00697,0.59229,,1.07,1784856606
All Pools,EGG - AVAX,0.3,False,0.00694,1.281,,0.49,1784856606
All Pools,ABOB - AVAX,0.3,False,0.00683,567.24,,0.0,1784856606
All Pools,USDC - OK,0.3,False,0.00672,1.139,,0.54,1784856606
All Pools,MIM - PEPE,0.3,False,0.00671,,,3987.0,1784856606
All Pools,COQ - HOWDY,0.3,False,0.00664,0.17385,,3.49,1784856606
All Pools,NXPC - USDC,0.3,False,0.00662,0.66565,,0.91,1784856606
All Pools,CRAFT - USDC.e,0.3,False,0.00646,0.71502,,0.82,1784856606
All Pools,CRAFT - AVAX,0.3,False,0.00639,278.95,,0.0,1784856606
All Pools,ANKR - ankrAVAX,0.3,False,0.00614,0.02823,,19.86,1784856606
All Pools,BEE - USDT.e,0.3,False,0.00614,31.92,,0.02,1784856606
All Pools,BEE - AVAX,0.3,False,0.00608,0.6588,,0.84,1784856606
All Pools,JOE - USDt,0.3,False,0.00606,0.63667,,0.87,1784856606
All Pools,QI - USDC.e,0.3,False,0.00603,0.6334,,0.87,1784856606
All Pools,COQ - MEAT,0.3,False,0.0057,0.3862,,1.35,1784856606
All Pools,MU - WAIFU,0.3,False,0.0057,125.36,,0.0,1784856606
All Pools,HUSKY - aXEN,0.3,False,0.00556,0.046,,11.04,1784856606
All Pools,USDC - LODE,0.3,False,0.00555,847.57,,,1784856606
All Pools,AUSD - HUSKY,0.3,False,0.00554,0.46761,,1.08,1784856606
All Pools,FITFI - USDC.e,0.3,False,0.00553,0.04295,,11.74,1784856606
All Pools,USDC.e - WARP,0.3,False,0.00552,0.78051,,0.65,1784856606
All Pools,TEDDY - USDC,0.3,False,0.0055,0.3851,,1.3,1784856606
All Pools,AVAX - WARP,0.3,False,0.00545,1.109,,0.45,1784856606
All Pools,SUPER - BLSEYE🎯,0.3,False,0.00542,0.20606,,2.4,1784856606
All Pools,HOWDY - ABOB,0.3,False,0.00535,0.12836,,3.8,1784856606
All Pools,ETHM - USDC.e,0.3,False,0.00534,0.43452,,1.12,1784856606
All Pools,WINK - NOCHILL,0.3,False,0.00529,0.40982,,1.18,1784856606
All Pools,ETHM - AVAX,0.3,False,0.00527,20.57,,0.02,1784856606
All Pools,sAVAX - USDC,0.3,False,0.00527,0.44406,,1.08,1784856606
All Pools,MIM - PEFI,0.3,False,0.0052,57.94,,0.01,1784856606
All Pools,MU - KET,0.3,False,0.0052,0.85152,,0.56,1784856606
All Pools,USDC.e - sSB,0.3,False,0.00508,832.22,,,1784856606
All Pools,AVAX - sSB,0.3,False,0.00502,0.4151,,1.1,1784856606
All Pools,GMX - JOE,0.3,False,0.00493,0.3141,,1.43,1784856606
All Pools,CAI - AMI,0.3,False,0.0048,0.37888,,1.16,1784856606
All Pools,CAI - AVAX,0.3,False,0.00474,1248.44,,,1784856606
All Pools,PNG - USDT.e,0.3,False,0.00472,0.77417,,0.56,1784856606
All Pools,AMI - KONG,0.3,False,0.00469,0.29763,,1.44,1784856606
All Pools,AVAX - KONG,0.3,False,0.00466,5167.35,,,1784856606
All Pools,SLEEP - AMI,0.3,False,0.00464,36.51,,0.01,1784856606
All Pools,GATOR - GURS,0.3,False,0.00435,0.14593,,2.72,1784856606
All Pools,USDC - NXUSD,0.3,False,0.00424,3.155,,0.12,1784856606
All Pools,AVAX - NXUSD,0.3,False,0.00416,0.36295,,1.04,1784856606
All Pools,USDT.e - FTEST,0.3,False,0.00408,1.25,,0.3,1784856606
All Pools,AVAX - FTEST,0.3,False,0.00401,0.31393,,1.17,1784856606
All Pools,USDC.e - RBEES,0.3,False,0.00398,0.4387,,0.83,1784856606
All Pools,USDC.e - GG,0.3,False,0.00393,0.33228,,1.08,1784856606
All Pools,AVAX - RBEES,0.3,False,0.00391,0.51095,,0.7,1784856606
All Pools,AVAX - GG,0.3,False,0.00388,4.577,,0.08,1784856606
All Pools,xJOE - AVAX,0.3,False,0.00374,1.735,,0.2,1784856606
All Pools,GENI - USDC.e,0.3,False,0.00368,0.08951,,3.76,1784856606
All Pools,MEOW - AMI,0.3,False,0.00368,0.3511,,0.96,1784856606
All Pools,xJOE - wsOHM,0.3,False,0.00364,0.15911,,2.09,1784856606
All Pools,COOK - AMI,0.3,False,0.00359,0.14582,,2.24,1784856606
All Pools,CANS - AMI,0.3,False,0.00354,0.14915,,2.16,1784856606
All Pools,USDC - NUTS,0.3,False,0.00342,0.18945,,1.65,1784856606
All Pools,HIGHER - AVAX,0.3,False,0.00342,1.221,,0.26,1784856606
All Pools,THOR - USDC.e,0.3,False,0.0034,0.20987,,1.48,1784856606
All Pools,AVAX - NUTS,0.3,False,0.00336,154.62,,0.0,1784856606
All Pools,HIGHER - NOCHILL,0.3,False,0.00335,0.19714,,1.55,1784856606
All Pools,THOR - AVAX,0.3,False,0.00334,22389.0,,,1784856606
All Pools,USDT.e - BANKSY V2,0.3,False,0.00332,0.86723,,0.35,1784856606
All Pools,AVAX - BANKSY V2,0.3,False,0.00326,0.26097,,1.14,1784856606
All Pools,USDC - SPT,0.3,False,0.00322,0.21177,,1.39,1784856606
All Pools,TSD - USDT.e,0.3,False,0.00317,0.16145,,1.79,1784856606
All Pools,STICK - AMI,0.3,False,0.0031,0.17066,,1.66,1784856606
All Pools,AVAX - STICK,0.3,False,0.00304,1108.22,,,1784856606
All Pools,AMI - ATD,0.3,False,0.00294,0.06633,,4.04,1784856606
All Pools,BLUB - MU,0.3,False,0.00293,0.13669,,1.95,1784856606
All Pools,MIM - TIME,0.3,False,0.00268,22.45,,0.01,1784856606
All Pools,BTC.b - GMX,0.3,False,0.00262,1.397,,0.17,1784856606
All Pools,USDC.e - TIME,0.3,False,0.00254,0.18992,,1.22,1784856606
All Pools,LEO - AMI,0.3,False,0.0023,0.04718,,4.45,1784856606
All Pools,MIAOW - HOWDY,0.3,False,0.0023,0.02524,,8.32,1784856606
All Pools,MAJIN - AMI,0.3,False,0.0023,0.10468,,2.0,1784856606
All Pools,DWC - AMI,0.3,False,0.00225,0.08601,,2.39,1784856606
All Pools,LEO - AVAX,0.3,False,0.00219,1157.44,,,1784856606
All Pools,GAINS - DWC,0.3,False,0.00218,0.68953,,0.29,1784856606
All Pools,MIAOW - AVAX,0.3,False,0.00208,871.52,,,1784856606
All Pools,LAMA - AMI,0.3,False,0.00203,0.07401,,2.5,1784856606
All Pools,BRUH - AMI,0.3,False,0.00203,0.096,,1.93,1784856606
All Pools,LAMA - AVAX,0.3,False,0.002,8131.55,,,1784856606
All Pools,WOLFI - AMI,0.3,False,0.00199,2.859,,0.06,1784856606
All Pools,BRUH - AVAX,0.3,False,0.00198,872.18,,,1784856606
All Pools,zJoe - AMI,0.3,False,0.00195,0.14781,,1.2,1784856606
All Pools,DUO - USDT.e,0.3,False,0.00193,1.66,,0.11,1784856606
All Pools,zJoe - AVAX,0.3,False,0.00188,0.09057,,1.9,1784856606
All Pools,ABC - MU,0.3,False,0.00188,0.05214,,3.28,1784856606
All Pools,ABOB - USDC,0.3,False,0.00176,0.05531,,2.91,1784856606
All Pools,GMX - USDt,0.3,False,0.00174,0.37062,,0.43,1784856606
All Pools,STINU - AMI,0.3,False,0.0017,0.07539,,2.06,1784856606
All Pools,TSD - USDC.e,0.3,False,0.00166,0.05821,,2.61,1784856606
All Pools,STINU - AVAX,0.3,False,0.00166,25.08,,0.01,1784856606
All Pools,AVAX - WMATIC,0.3,False,0.00157,0.0018,,79.68,1784856606
All Pools,AVAX - APOW,0.3,False,0.00157,0.45631,,0.31,1784856606
All Pools,BALLZ - AMI,0.3,False,0.00132,0.03052,,3.95,1784856606
All Pools,BTC.b - AMI,0.3,False,0.0013,0.03387,,3.5,1784856606
All Pools,BALLZ - AVAX,0.3,False,0.00127,322.32,,,1784856606
All Pools,SWORLD - AVAX,0.3,False,0.00126,2142.92,,,1784856606
All Pools,WORM - AMI,0.3,False,0.00107,0.02233,,4.38,1784856606
All Pools,AVAX - DXT,0.3,False,0.00103,0.11396,,0.82,1784856606
All Pools,WORM - AVAX,0.3,False,0.00102,239.77,,,1784856606
All Pools,HUSKY - MU,0.3,False,,0.03701,,2.2,1784856606
All Pools,USDC - APOW,0.3,False,,0.01552,,5.01,1784856606
All Pools,TECH - MU,0.3,False,,0.02019,,3.78,1784856606
All Pools,USDt - APOW,0.3,False,,0.01367,,5.43,1784856606
All Pools,BREV - AMI,0.3,False,,0.0089,,7.6,1784856606
All Pools,MUME - USDC,0.3,False,,0.07561,,0.84,1784856606
All Pools,BREV - AVAX,0.3,False,,6.795,,0.01,1784856606
All Pools,MUME - MIM,0.3,False,,0.01122,,5.27,1784856606
All Pools,PAE - AVAX,0.3,False,,1533.58,,,1784856606
All Pools,AVAX - ZEPHYRA,0.3,False,,0.005,,1.02,1784856606
All Pools,PUSH - AVAX,0.3,False,,0.38332,,0.01,1784856606
All Pools,EZE - AVAX,0.3,False,,0.04766,,0.02,1784856606
All Pools,FATE - USDC,0.3,False,,447266.0,,,1784856606
