filter,pool_name,fee_percent,has_rewards,volume_24h,liquidity,fees_24h,apr_24h,epoch_time
All Pools,AVAX - USDC,0.05,False,844051.0,408983.0,439.29,39.2,1785285207
All Pools,sAVAX - AVAX,0.01,False,207745.0,59088.0,21.33,13.17,1785285207
All Pools,ARENA - AVAX,0.01,False,93457.0,246216.0,9.319,1.38,1785285207
All Pools,USDC - XAVA,0.3,False,72758.0,438351.0,181.9,15.15,1785285207
All Pools,AVAX - USDt,0.2,False,68658.0,125787.0,138.36,40.15,1785285207
All Pools,QI - AVAX,0.3,False,56697.0,115573.0,141.74,44.76,1785285207
All Pools,AUSD - USDC,0.01,False,56365.0,107637.0,5.636,1.91,1785285207
All Pools,WETH.e - USDC,0.15,False,54863.0,13064.0,83.17,232.37,1785285207
All Pools,WBTC - BTC.b,0.03,False,53564.0,76163.0,21.03,10.08,1785285207
All Pools,BTC.b - USDC,0.05,False,44355.0,579034.0,22.62,1.43,1785285207
All Pools,sAVAX - AVAX,0.1,False,42287.0,39546.0,42.4,39.13,1785285207
All Pools,XAVA - AVAX,0.8,False,33220.0,121423.0,282.47,84.91,1785285207
All Pools,USDt - USDC,0.01,False,33122.0,163157.0,2.667,0.6,1785285207
All Pools,AVAX - USDC,0.3,False,23700.0,347896.0,59.25,6.22,1785285207
All Pools,COQ - AVAX,0.3,False,20130.0,423691.0,50.32,4.34,1785285207
All Pools,AVAX - USDT.e,0.3,False,13688.0,470945.0,34.22,2.65,1785285207
All Pools,QI - AVAX,0.25,False,13097.0,8433.09,35.28,152.69,1785285207
All Pools,USDC.e - AVAX,0.3,False,12512.0,365890.0,31.28,3.12,1785285207
All Pools,WETH.e - AVAX,0.3,False,11391.0,382521.0,28.48,2.72,1785285207
All Pools,JOE - USDC.e,0.3,False,10889.0,246977.0,27.22,4.02,1785285207
All Pools,USDt - USDC,0.005,False,9983.57,160304.0,0.69984,0.16,1785285207
All Pools,XAVA - USDC,0.8,False,9379.16,96777.0,76.14,28.72,1785285207
All Pools,AAVE.e - AVAX,0.3,False,8859.82,269864.0,22.15,3.0,1785285207
All Pools,FOLKS - AVAX,0.25,False,7526.99,35676.0,19.08,19.52,1785285207
All Pools,USDT.e - USDt,0.02,False,6908.69,44499.0,1.383,1.13,1785285207
All Pools,USDT.e - USDC,0.02,False,6303.88,51139.0,1.272,0.91,1785285207
All Pools,LCPEDU - USDt,0.8,False,6109.38,7161057.0,98.25,0.5,1785285207
All Pools,AVAX - BTC.b,0.05,False,6030.72,26571.0,3.296,4.53,1785285207
All Pools,JOE - AVAX,0.3,False,5263.06,202719.0,13.16,2.37,1785285207
All Pools,XAUt0 - USDt,0.04,False,4949.06,27475.0,2.489,3.31,1785285207
All Pools,GUN - AVAX,0.25,False,2574.58,8636.45,11.22,47.42,1785285207
All Pools,ALOT - AVAX,0.3,False,2235.4,7727.98,5.588,26.4,1785285207
All Pools,NXUSD - WXT,0.3,False,2220.46,451799.0,5.551,0.45,1785285207
All Pools,XAVA - AVAX,0.25,False,2204.69,2395.19,6.269,95.53,1785285207
All Pools,NOCHILL - AVAX,0.3,False,1798.64,51786.0,4.497,3.17,1785285207
All Pools,MIM - AVAX,0.3,False,1741.66,133042.0,4.354,1.19,1785285207
All Pools,HERESY - AVAX,0.3,False,1739.29,15884.0,4.348,9.99,1785285207
All Pools,USDt - AVAX,0.3,False,1732.6,38727.0,4.332,4.08,1785285207
All Pools,WBTC.e - AVAX,0.3,False,1730.28,132678.0,4.326,1.19,1785285207
All Pools,USDC.e - USDC,0.02,False,1712.55,3894.03,0.3536,3.31,1785285207
All Pools,YAK - AVAX,0.3,False,1711.41,2279.32,4.279,68.51,1785285207
All Pools,BTC.b - AVAX,0.3,False,1701.74,108258.0,4.254,1.43,1785285207
All Pools,gOHM - AVAX,0.3,False,1592.96,129669.0,3.982,1.12,1785285207
All Pools,JOE - USDT.e,0.3,False,1560.72,49503.0,3.902,2.88,1785285207
All Pools,AVAX - XAVA,0.3,False,1503.03,11594.0,3.758,11.83,1785285207
All Pools,ORNG - AVAX,0.3,False,1459.39,16815.0,3.648,7.92,1785285207
All Pools,BEAM - USDC,0.3,False,1403.54,64608.0,3.509,1.98,1785285207
All Pools,DAI.e - USDC,0.02,False,1310.51,26724.0,0.26965,0.37,1785285207
All Pools,WBTC.e - BTC.b,0.03,False,1303.05,229864.0,0.41265,0.07,1785285207
All Pools,BEAM - AVAX,0.25,False,1265.97,13921.0,3.206,8.41,1785285207
All Pools,SB - AVAX,0.3,False,1093.17,5989.42,2.733,16.65,1785285207
All Pools,USDC.e - USDC,0.02,False,1082.22,9732.04,0.11231,0.42,1785285207
All Pools,AVAX - DAI.e,0.3,False,1015.67,28625.0,2.539,3.24,1785285207
All Pools,JOE - USDC,0.3,False,830.69,22514.0,2.077,3.37,1785285207
All Pools,ZRO - AVAX,0.25,False,696.4,1641.09,1.833,40.78,1785285207
All Pools,USDt - ncash,0.3,False,695.73,733.26,1.739,86.58,1785285207
All Pools,AVAX - TOPIA,0.3,False,662.47,1960.44,1.656,30.84,1785285207
All Pools,KLO - AVAX,0.3,False,660.66,8449.37,1.652,7.13,1785285207
All Pools,LINK.e - AVAX,0.3,False,652.24,39872.0,1.631,1.49,1785285207
All Pools,ggAVAX - AVAX,0.04,False,641.55,210.83,1.385,239.75,1785285207
All Pools,BIG - AVAX,0.0,False,607.38,168.49,0.0,0.0,1785285207
All Pools,HUNDRED - USDC,0.3,False,593.58,482913.0,1.484,0.11,1785285207
All Pools,APIX - ARENA,0.3,False,592.5,2545.72,1.481,21.24,1785285207
All Pools,USDT.e - USDC,0.02,False,499.05,898.7,0.05469,2.22,1785285207
All Pools,EURC - USDC,0.03,False,461.07,10505.0,0.14923,0.52,1785285207
All Pools,KIMBO - AVAX,0.3,False,435.45,40857.0,1.089,0.97,1785285207
All Pools,USDt - INFRA.e,0.3,False,357.01,24413.0,0.89252,1.33,1785285207
All Pools,USDC.e - DAI.e,0.3,False,334.96,22126.0,0.83741,1.38,1785285207
All Pools,SFG - AVAX,0.1,False,328.13,656.72,0.32831,18.25,1785285207
All Pools,SWIF - AVAX,0.1,False,327.76,655.97,0.32794,18.25,1785285207
All Pools,MTLX - AVAX,0.1,False,327.76,655.97,0.32794,18.25,1785285207
All Pools,VOLTX - AVAX,0.1,False,327.76,655.97,0.32794,18.25,1785285207
All Pools,GIGACHAD - AVAX,0.1,False,327.76,655.97,0.32794,18.25,1785285207
All Pools,PEPI - AVAX,0.1,False,327.76,655.97,0.32794,18.25,1785285207
All Pools,KLO - AVAX,0.1,False,327.76,-1.605,0.32794,-7459.8,1785285207
All Pools,VIBE - AVAX,0.1,False,327.66,655.78,0.32784,18.25,1785285207
All Pools,K0 - AVAX,0.1,False,327.66,655.78,0.32784,18.25,1785285207
All Pools,MIO - AVAX,0.1,False,327.66,655.78,0.32784,18.25,1785285207
All Pools,DFIAT - AVAX,0.1,False,327.66,655.78,0.32784,18.25,1785285207
All Pools,LSS - AVAX,0.1,False,327.66,655.78,0.32784,18.25,1785285207
All Pools,FIGRON - AVAX,0.1,False,327.66,655.78,0.32784,18.25,1785285207
All Pools,ANIME - AVAX,0.1,False,327.66,655.76,0.32784,18.25,1785285207
All Pools,AGENT - AVAX,0.1,False,327.66,655.76,0.32784,18.25,1785285207
All Pools,TRKX - AVAX,0.1,False,327.64,655.74,0.32782,18.25,1785285207
All Pools,SON - AVAX,0.1,False,327.64,655.74,0.32782,18.25,1785285207
All Pools,ORGO - AVAX,0.1,False,327.47,655.38,0.32765,18.25,1785285207
All Pools,SACHI - AVAX,0.1,False,327.47,655.38,0.32765,18.25,1785285207
All Pools,GET - AVAX,0.1,False,327.32,655.1,0.3275,18.25,1785285207
All Pools,M3M3 - AVAX,0.1,False,327.32,655.1,0.3275,18.25,1785285207
All Pools,ROVR - AVAX,0.1,False,327.32,655.1,0.3275,18.25,1785285207
All Pools,ZIB - AVAX,0.1,False,327.32,655.1,0.3275,18.25,1785285207
All Pools,LUCI - AVAX,0.1,False,327.32,655.1,0.3275,18.25,1785285207
All Pools,LRS - AVAX,0.1,False,327.32,655.1,0.3275,18.25,1785285207
All Pools,BABYFWOG - AVAX,0.1,False,327.31,655.08,0.32749,18.25,1785285207
All Pools,GNY - AVAX,0.1,False,327.31,655.08,0.32749,18.25,1785285207
All Pools,FOMOCOIN - AVAX,0.1,False,327.31,655.08,0.32749,18.25,1785285207
All Pools,DUB - AVAX,0.1,False,327.31,655.08,0.32749,18.25,1785285207
All Pools,PIDOG - AVAX,0.1,False,327.27,654.98,0.32745,18.25,1785285207
All Pools,GAPLA - AVAX,0.1,False,327.27,654.98,0.32745,18.25,1785285207
All Pools,SCOTTY - AVAX,0.1,False,327.27,654.98,0.32745,18.25,1785285207
All Pools,FWB - AVAX,0.1,False,327.27,654.98,0.32745,18.25,1785285207
All Pools,ANLOG - AVAX,0.1,False,327.15,654.75,0.32733,18.25,1785285207
All Pools,CHAD - AVAX,0.1,False,327.1,654.64,0.32728,18.25,1785285207
All Pools,OZK - AVAX,0.1,False,327.1,654.64,0.32728,18.25,1785285207
All Pools,@BTC25 - AVAX,0.1,False,327.1,654.64,0.32728,18.25,1785285207
All Pools,HARD - AVAX,0.1,False,327.1,654.64,0.32728,18.25,1785285207
All Pools,RPILL - AVAX,0.1,False,327.1,654.64,0.32728,18.25,1785285207
All Pools,$WEEDE - AVAX,0.1,False,327.1,654.64,0.32728,18.25,1785285207
All Pools,SHROOM - AVAX,0.1,False,327.05,654.56,0.32723,18.25,1785285207
All Pools,DCK - AVAX,0.1,False,327.05,654.56,0.32723,18.25,1785285207
All Pools,RUNNER - AVAX,0.1,False,327.04,654.54,0.32722,18.25,1785285207
All Pools,REAL - AVAX,0.1,False,327.04,654.54,0.32722,18.25,1785285207
All Pools,COINAGE - AVAX,0.1,False,327.04,654.54,0.32722,18.25,1785285207
All Pools,BONK - AVAX,0.1,False,327.04,654.54,0.32722,18.25,1785285207
All Pools,JOBIESS - AVAX,0.1,False,327.04,654.54,0.32722,18.25,1785285207
All Pools,KURO - AVAX,0.1,False,327.04,654.54,0.32722,18.25,1785285207
All Pools,CONE - AVAX,0.1,False,327.04,654.54,0.32722,18.25,1785285207
All Pools,FTW - AVAX,0.1,False,326.98,654.4,0.32716,18.25,1785285207
All Pools,KIP - AVAX,0.1,False,326.98,654.4,0.32716,18.25,1785285207
All Pools,ALT - AVAX,0.1,False,326.98,654.4,0.32716,18.25,1785285207
All Pools,LUMO - AVAX,0.1,False,326.98,654.4,0.32716,18.25,1785285207
All Pools,VENT - AVAX,0.1,False,326.98,654.4,0.32716,18.25,1785285207
All Pools,OMNI - AVAX,0.1,False,326.98,654.4,0.32716,18.25,1785285207
All Pools,PNUTZ - AVAX,0.1,False,326.97,654.38,0.32715,18.25,1785285207
All Pools,CORGI - AVAX,0.1,False,326.97,654.38,0.32715,18.25,1785285207
All Pools,STABLE - AVAX,0.1,False,326.97,654.38,0.32715,18.25,1785285207
All Pools,DORA - AVAX,0.1,False,326.97,654.38,0.32715,18.25,1785285207
All Pools,CSWAP - AVAX,0.1,False,326.97,654.38,0.32715,18.25,1785285207
All Pools,$AXB - AVAX,0.1,False,326.92,654.3,0.3271,18.25,1785285207
All Pools,PESTO - AVAX,0.1,False,326.92,654.3,0.3271,18.25,1785285207
All Pools,OIL - AVAX,0.1,False,326.92,654.3,0.3271,18.25,1785285207
All Pools,CAT - AVAX,0.1,False,326.92,654.3,0.3271,18.25,1785285207
All Pools,QPAY - AVAX,0.1,False,326.92,654.3,0.3271,18.25,1785285207
All Pools,UPDOG - AVAX,0.1,False,326.92,654.3,0.3271,18.25,1785285207
All Pools,SNFT - AVAX,0.1,False,326.92,654.29,0.3271,18.25,1785285207
All Pools,ALL - AVAX,0.1,False,326.92,654.29,0.3271,18.25,1785285207
All Pools,APEMAN - AVAX,0.1,False,326.92,654.29,0.3271,18.25,1785285207
All Pools,BASED - AVAX,0.1,False,326.82,654.1,0.327,18.25,1785285207
All Pools,SATOZ - AVAX,0.1,False,326.82,654.1,0.327,18.25,1785285207
All Pools,FROGCEO - AVAX,0.1,False,326.81,654.07,0.32699,18.25,1785285207
All Pools,ECLD - AVAX,0.1,False,326.81,654.07,0.32699,18.25,1785285207
All Pools,GEMINI - AVAX,0.1,False,326.8,655.32,0.32698,18.21,1785285207
All Pools,MOSS - AVAX,0.1,False,326.7,653.86,0.32688,18.25,1785285207
All Pools,INU - AVAX,0.1,False,326.7,653.86,0.32688,18.25,1785285207
All Pools,LAMBO - AVAX,0.1,False,326.7,653.86,0.32688,18.25,1785285207
All Pools,MASA - AVAX,0.1,False,326.7,653.86,0.32688,18.25,1785285207
All Pools,PENGXBT - AVAX,0.1,False,326.7,653.86,0.32688,18.25,1785285207
All Pools,YAY - AVAX,0.1,False,326.7,653.86,0.32688,18.25,1785285207
All Pools,$UOS - AVAX,0.1,False,326.7,653.85,0.32688,18.25,1785285207
All Pools,MARS4 - AVAX,0.1,False,326.7,653.85,0.32688,18.25,1785285207
All Pools,FROG - AVAX,0.1,False,326.7,653.85,0.32688,18.25,1785285207
All Pools,BEEG - AVAX,0.1,False,326.7,653.84,0.32688,18.25,1785285207
All Pools,CHFM - AVAX,0.1,False,326.7,653.84,0.32688,18.25,1785285207
All Pools,MATT - AVAX,0.1,False,326.7,653.84,0.32688,18.25,1785285207
All Pools,CARLO - AVAX,0.1,False,326.7,653.84,0.32688,18.25,1785285207
All Pools,HSUI - AVAX,0.1,False,326.7,653.84,0.32688,18.25,1785285207
All Pools,BSCS - AVAX,0.1,False,326.7,653.84,0.32688,18.25,1785285207
All Pools,CWT - AVAX,0.1,False,326.69,653.82,0.32687,18.25,1785285207
All Pools,KOKO - AVAX,0.1,False,326.69,653.82,0.32687,18.25,1785285207
All Pools,WCLAW - AVAX,0.1,False,326.69,653.82,0.32687,18.25,1785285207
All Pools,SHIRYO - INU - AVAX,0.1,False,326.69,653.82,0.32687,18.25,1785285207
All Pools,NUFR - AVAX,0.1,False,326.69,653.82,0.32687,18.25,1785285207
All Pools,GRIND - AVAX,0.1,False,326.62,653.68,0.3268,18.25,1785285207
All Pools,TCAT - AVAX,0.1,False,326.62,653.68,0.3268,18.25,1785285207
All Pools,HBET - AVAX,0.1,False,326.62,653.68,0.3268,18.25,1785285207
All Pools,AUT - AVAX,0.1,False,326.62,653.68,0.3268,18.25,1785285207
All Pools,TINU - AVAX,0.1,False,326.62,653.68,0.3268,18.25,1785285207
All Pools,RAZOR - AVAX,0.1,False,326.62,653.68,0.3268,18.25,1785285207
All Pools,PURSE - AVAX,0.1,False,326.62,653.68,0.3268,18.25,1785285207
All Pools,CHATTY - AVAX,0.1,False,326.6,653.65,0.32678,18.25,1785285207
All Pools,CRYPSI - AVAX,0.1,False,326.6,653.65,0.32678,18.25,1785285207
All Pools,SPICE - AVAX,0.1,False,326.6,-2.767,0.32678,-4310.48,1785285207
All Pools,HYPERSKIDS - AVAX,0.1,False,326.6,653.65,0.32678,18.25,1785285207
All Pools,CLERK - AVAX,0.1,False,326.6,653.65,0.32678,18.25,1785285207
All Pools,TUNE - AVAX,0.1,False,326.6,653.65,0.32678,18.25,1785285207
All Pools,GINUX - AVAX,0.1,False,326.6,653.65,0.32678,18.25,1785285207
All Pools,NFTWIZ - AVAX,0.1,False,326.59,653.64,0.32677,18.25,1785285207
All Pools,BOOZE - AVAX,0.1,False,326.57,653.59,0.32675,18.25,1785285207
All Pools,KOLSCAN - AVAX,0.1,False,326.57,-2.796,0.32675,-4266.12,1785285207
All Pools,SACI - AVAX,0.1,False,326.57,653.59,0.32675,18.25,1785285207
All Pools,LOLO - AVAX,0.1,False,326.57,653.59,0.32675,18.25,1785285207
All Pools,AZL - AVAX,0.1,False,326.57,653.59,0.32675,18.25,1785285207
All Pools,AI - AVAX,0.1,False,326.55,653.54,0.32672,18.25,1785285207
All Pools,AUDM - AVAX,0.1,False,326.55,653.54,0.32672,18.25,1785285207
All Pools,SEED - AVAX,0.1,False,326.55,-2.82,0.32672,-4228.72,1785285207
All Pools,TRUST - AVAX,0.1,False,326.47,653.39,0.32665,18.25,1785285207
All Pools,T42069K - AVAX,0.1,False,326.47,653.39,0.32665,18.25,1785285207
All Pools,P - AVAX,0.1,False,326.37,653.19,0.32655,18.25,1785285207
All Pools,FALX - AVAX,0.1,False,326.37,653.19,0.32655,18.25,1785285207
All Pools,MIND - AVAX,0.1,False,326.37,653.19,0.32655,18.25,1785285207
All Pools,CERTAI - AVAX,0.1,False,326.32,653.09,0.3265,18.25,1785285207
All Pools,EXO - AVAX,0.1,False,326.26,652.98,0.32644,18.25,1785285207
All Pools,HYVE - AVAX,0.1,False,326.21,652.87,0.32639,18.25,1785285207
All Pools,ALPACA - AVAX,0.1,False,326.21,652.87,0.32639,18.25,1785285207
All Pools,APUGURL - AVAX,0.1,False,326.21,652.87,0.32639,18.25,1785285207
All Pools,FROC - AVAX,0.1,False,326.21,652.87,0.32639,18.25,1785285207
All Pools,ETHR - AVAX,0.1,False,326.21,652.87,0.32639,18.25,1785285207
All Pools,WARP - AVAX,0.1,False,326.21,652.87,0.32639,18.25,1785285207
All Pools,HXD - AVAX,0.1,False,326.17,652.8,0.32635,18.25,1785285207
All Pools,LBAI - AVAX,0.1,False,326.17,652.8,0.32635,18.25,1785285207
All Pools,MOONBASE - AVAX,0.1,False,326.17,652.8,0.32635,18.25,1785285207
All Pools,SCB - AVAX,0.1,False,326.16,652.78,0.32634,18.25,1785285207
All Pools,REKT - AVAX,0.1,False,326.16,652.78,0.32634,18.25,1785285207
All Pools,BLUEAGENT - AVAX,0.1,False,326.16,652.78,0.32634,18.25,1785285207
All Pools,NEOX - AVAX,0.1,False,326.16,652.78,0.32634,18.25,1785285207
All Pools,DOODOO - AVAX,0.1,False,326.16,652.78,0.32634,18.25,1785285207
All Pools,VIPER - AVAX,0.1,False,326.16,-3.202,0.32634,-3720.25,1785285207
All Pools,AIXCB - AVAX,0.1,False,326.08,652.61,0.32626,18.25,1785285207
All Pools,FACE - AVAX,0.1,False,326.08,652.61,0.32626,18.25,1785285207
All Pools,VDNA - AVAX,0.1,False,326.08,652.61,0.32626,18.25,1785285207
All Pools,INCOME - AVAX,0.1,False,326.08,652.61,0.32626,18.25,1785285207
All Pools,UNQ - AVAX,0.1,False,326.08,652.61,0.32626,18.25,1785285207
All Pools,STORE - AVAX,0.1,False,326.08,-3.286,0.32626,-3623.6,1785285207
All Pools,NAOS - AVAX,0.1,False,325.92,652.29,0.3261,18.25,1785285207
All Pools,LUNAR - AVAX,0.1,False,325.88,652.21,0.32606,18.25,1785285207
All Pools,FARA - AVAX,0.1,False,325.88,652.21,0.32606,18.25,1785285207
All Pools,UBX - AVAX,0.1,False,325.88,652.21,0.32606,18.25,1785285207
All Pools,MIA - AVAX,0.1,False,325.88,652.21,0.32606,18.25,1785285207
All Pools,AQUA - AVAX,0.1,False,325.88,652.21,0.32606,18.25,1785285207
All Pools,ATSCOIN - AVAX,0.1,False,325.83,652.11,0.32601,18.25,1785285207
All Pools,FGM - AVAX,0.1,False,325.83,652.11,0.32601,18.25,1785285207
All Pools,MAYHEM - AVAX,0.1,False,325.83,652.11,0.32601,18.25,1785285207
All Pools,WF - AVAX,0.1,False,325.83,652.11,0.32601,18.25,1785285207
All Pools,NUIT - AVAX,0.1,False,325.83,652.11,0.32601,18.25,1785285207
All Pools,CADAI - AVAX,0.1,False,325.83,652.11,0.32601,18.25,1785285207
All Pools,BELG - AVAX,0.1,False,325.83,652.11,0.32601,18.25,1785285207
All Pools,WAYE - AVAX,0.1,False,325.79,652.04,0.32597,18.25,1785285207
All Pools,FLUFFEY - AVAX,0.1,False,325.79,652.04,0.32597,18.25,1785285207
All Pools,K9 - AVAX,0.1,False,325.79,652.04,0.32597,18.25,1785285207
All Pools,LUCIEN - AVAX,0.1,False,325.79,652.04,0.32597,18.25,1785285207
All Pools,W3GG - AVAX,0.1,False,325.79,652.04,0.32597,18.25,1785285207
All Pools,APED - AVAX,0.1,False,325.79,652.04,0.32597,18.25,1785285207
All Pools,SID - AVAX,0.1,False,325.75,651.95,0.32593,18.25,1785285207
All Pools,PP+ - AVAX,0.1,False,325.75,651.95,0.32593,18.25,1785285207
All Pools,GEM - AVAX,0.1,False,325.75,651.95,0.32593,18.25,1785285207
All Pools,TANSSI - AVAX,0.1,False,325.75,651.95,0.32593,18.25,1785285207
All Pools,CYAI - AVAX,0.1,False,325.75,651.95,0.32593,18.25,1785285207
All Pools,USEFUL - AVAX,0.1,False,325.75,651.95,0.32593,18.25,1785285207
All Pools,FLOPPA - AVAX,0.1,False,325.73,651.91,0.32591,18.25,1785285207
All Pools,PLY - AVAX,0.1,False,325.72,651.88,0.3259,18.25,1785285207
All Pools,MONK - AVAX,0.1,False,325.72,-3.649,0.3259,-3260.26,1785285207
All Pools,OBX - AVAX,0.1,False,325.72,651.88,0.3259,18.25,1785285207
All Pools,PONCHO - AVAX,0.1,False,325.72,651.88,0.3259,18.25,1785285207
All Pools,ROCKY - AVAX,0.1,False,325.72,651.88,0.3259,18.25,1785285207
All Pools,TGLD - AVAX,0.1,False,325.72,651.88,0.3259,18.25,1785285207
All Pools,OK - AVAX,0.1,False,325.72,651.88,0.3259,18.25,1785285207
All Pools,T0XCORAL - AVAX,0.1,False,325.69,651.83,0.32587,18.25,1785285207
All Pools,REL - AVAX,0.1,False,325.69,651.83,0.32587,18.25,1785285207
All Pools,BIRDDOG - AVAX,0.1,False,325.69,-3.677,0.32587,-3234.9,1785285207
All Pools,GINNAN - AVAX,0.1,False,325.69,651.83,0.32587,18.25,1785285207
All Pools,ORE - AVAX,0.1,False,325.69,651.83,0.32587,18.25,1785285207
All Pools,SOLVE - AVAX,0.1,False,325.69,-3.677,0.32587,-3234.9,1785285207
All Pools,HYDT - AVAX,0.1,False,325.69,651.83,0.32587,18.25,1785285207
All Pools,DSLA - AVAX,0.1,False,325.65,651.74,0.32582,18.25,1785285207
All Pools,EGT - AVAX,0.1,False,325.65,651.74,0.32582,18.25,1785285207
All Pools,KING - AVAX,0.1,False,325.65,651.74,0.32582,18.25,1785285207
All Pools,TOUCHGRASS - AVAX,0.1,False,325.65,651.74,0.32582,18.25,1785285207
All Pools,PAJAMAS - AVAX,0.1,False,325.65,651.74,0.32582,18.25,1785285207
All Pools,Z - AVAX,0.1,False,325.64,651.73,0.32582,18.25,1785285207
All Pools,MMF - AVAX,0.1,False,325.64,651.73,0.32582,18.25,1785285207
All Pools,PELL - AVAX,0.1,False,325.64,651.73,0.32582,18.25,1785285207
All Pools,RCN - AVAX,0.1,False,325.64,-3.727,0.32582,-3190.98,1785285207
All Pools,COCKROACH - AVAX,0.1,False,325.64,651.73,0.32582,18.25,1785285207
All Pools,FARVERSE - AVAX,0.1,False,325.64,651.73,0.32582,18.25,1785285207
All Pools,CANDLE - AVAX,0.1,False,325.64,651.73,0.32582,18.25,1785285207
All Pools,BTSG - AVAX,0.1,False,325.6,651.65,0.32578,18.25,1785285207
All Pools,KOHAKU - AVAX,0.1,False,325.6,651.65,0.32578,18.25,1785285207
All Pools,FOXGIRL - AVAX,0.1,False,325.6,651.65,0.32578,18.25,1785285207
All Pools,INBRED - AVAX,0.1,False,325.6,651.65,0.32578,18.25,1785285207
All Pools,RCADE - AVAX,0.1,False,325.6,651.65,0.32578,18.25,1785285207
All Pools,ARSE - AVAX,0.1,False,325.6,651.65,0.32578,18.25,1785285207
All Pools,GM - AVAX,0.1,False,325.6,651.65,0.32578,18.25,1785285207
All Pools,HID - AVAX,0.1,False,325.56,651.57,0.32574,18.25,1785285207
All Pools,STICKMAN - AVAX,0.1,False,325.56,651.57,0.32574,18.25,1785285207
All Pools,RET - AVAX,0.1,False,325.56,651.57,0.32574,18.25,1785285207
All Pools,MARS - AVAX,0.1,False,325.56,651.57,0.32574,18.25,1785285207
All Pools,BEAST - AVAX,0.1,False,325.56,651.57,0.32574,18.25,1785285207
All Pools,TURBO - AVAX,0.1,False,325.56,651.57,0.32574,18.25,1785285207
All Pools,RBW - AVAX,0.1,False,325.53,651.51,0.32571,18.25,1785285207
All Pools,HANA - AVAX,0.1,False,325.53,651.51,0.32571,18.25,1785285207
All Pools,MBXN - AVAX,0.1,False,325.53,651.51,0.32571,18.25,1785285207
All Pools,APES - AVAX,0.1,False,325.53,651.51,0.32571,18.25,1785285207
All Pools,JJ - AVAX,0.1,False,325.53,651.51,0.32571,18.25,1785285207
All Pools,SELFCLAW - AVAX,0.1,False,325.53,651.51,0.32571,18.25,1785285207
All Pools,GEC - AVAX,0.1,False,325.52,651.5,0.3257,18.25,1785285207
All Pools,EBOLA - AVAX,0.1,False,325.52,651.5,0.3257,18.25,1785285207
All Pools,POLY - AVAX,0.1,False,325.52,651.5,0.3257,18.25,1785285207
All Pools,SOLAMI - AVAX,0.1,False,325.52,651.5,0.3257,18.25,1785285207
All Pools,DARK - AVAX,0.1,False,325.52,651.5,0.3257,18.25,1785285207
All Pools,MXNE - AVAX,0.1,False,325.52,651.5,0.3257,18.25,1785285207
All Pools,BIZ - AVAX,0.1,False,325.52,651.5,0.3257,18.25,1785285207
All Pools,YOSHI - AVAX,0.1,False,325.5,651.45,0.32568,18.25,1785285207
All Pools,PEPEAI - AVAX,0.1,False,325.5,651.45,0.32568,18.25,1785285207
All Pools,APU - AVAX,0.1,False,325.5,651.45,0.32568,18.25,1785285207
All Pools,USDW - AVAX,0.1,False,325.5,651.45,0.32568,18.25,1785285207
All Pools,SAINT - AVAX,0.1,False,325.5,651.45,0.32568,18.25,1785285207
All Pools,FLIES - AVAX,0.1,False,325.5,651.45,0.32568,18.25,1785285207
All Pools,SYRA - AVAX,0.1,False,325.49,651.43,0.32567,18.25,1785285207
All Pools,WCLP - AVAX,0.1,False,325.49,651.43,0.32567,18.25,1785285207
All Pools,HARVY - AVAX,0.1,False,325.49,651.43,0.32567,18.25,1785285207
All Pools,CLG - AVAX,0.1,False,325.49,651.43,0.32567,18.25,1785285207
All Pools,AIT - AVAX,0.1,False,325.49,651.43,0.32567,18.25,1785285207
All Pools,CAT - AVAX,0.1,False,325.49,651.43,0.32567,18.25,1785285207
All Pools,NOOT - AVAX,0.1,False,325.35,651.16,0.32553,18.25,1785285207
All Pools,ILY - AVAX,0.1,False,325.35,651.16,0.32553,18.25,1785285207
All Pools,BULL - AVAX,0.1,False,325.35,651.16,0.32553,18.25,1785285207
All Pools,CNZSTRAT - AVAX,0.1,False,325.35,651.16,0.32553,18.25,1785285207
All Pools,JAM - AVAX,0.1,False,325.35,651.16,0.32553,18.25,1785285207
All Pools,GOTTI - AVAX,0.1,False,325.35,651.16,0.32553,18.25,1785285207
All Pools,MV - AVAX,0.1,False,323.93,-5.435,0.32411,-2176.54,1785285207
All Pools,ZKWASM - AVAX,0.1,False,323.93,648.31,0.32411,18.25,1785285207
All Pools,AVM - AVAX,0.1,False,323.93,648.31,0.32411,18.25,1785285207
All Pools,VIBE - AVAX,0.1,False,323.93,648.31,0.32411,18.25,1785285207
All Pools,ARM - WETH - EETH - AVAX,0.1,False,323.93,648.31,0.32411,18.25,1785285207
All Pools,YUGE - AVAX,0.1,False,323.93,648.31,0.32411,18.25,1785285207
All Pools,PERRY - AVAX,0.1,False,323.92,648.28,0.3241,18.25,1785285207
All Pools,BFT - AVAX,0.1,False,323.92,648.28,0.3241,18.25,1785285207
All Pools,MAPS - AVAX,0.1,False,323.92,648.28,0.3241,18.25,1785285207
All Pools,PRICH - AVAX,0.1,False,323.92,648.28,0.3241,18.25,1785285207
All Pools,BAZED - AVAX,0.1,False,323.92,648.28,0.3241,18.25,1785285207
All Pools,FLUX - AVAX,0.1,False,323.88,648.22,0.32406,18.25,1785285207
All Pools,COIN - AVAX,0.1,False,323.88,648.22,0.32406,18.25,1785285207
All Pools,MSMIL - AVAX,0.1,False,323.88,648.22,0.32406,18.25,1785285207
All Pools,VITASTEM - AVAX,0.1,False,323.88,648.22,0.32406,18.25,1785285207
All Pools,HEDGE - AVAX,0.1,False,323.88,648.22,0.32406,18.25,1785285207
All Pools,WAT - AVAX,0.1,False,323.88,648.22,0.32406,18.25,1785285207
All Pools,BOUNTYWORK - AVAX,0.1,False,323.84,648.14,0.32402,18.25,1785285207
All Pools,LEA - AVAX,0.1,False,323.84,648.14,0.32402,18.25,1785285207
All Pools,ANIMAL - AVAX,0.1,False,323.84,648.14,0.32402,18.25,1785285207
All Pools,YLT - AVAX,0.1,False,323.84,648.14,0.32402,18.25,1785285207
All Pools,HVI - AVAX,0.1,False,323.84,648.14,0.32402,18.25,1785285207
All Pools,SZN - AVAX,0.1,False,323.84,648.14,0.32402,18.25,1785285207
All Pools,EGO - AVAX,0.1,False,323.51,-5.86,0.32368,-2016.27,1785285207
All Pools,CRTR - AVAX,0.1,False,323.51,647.46,0.32368,18.25,1785285207
All Pools,DOLLO - AVAX,0.1,False,323.51,647.46,0.32368,18.25,1785285207
All Pools,AIR3 - AVAX,0.1,False,323.51,647.46,0.32368,18.25,1785285207
All Pools,TRASH - AVAX,0.1,False,323.51,647.46,0.32368,18.25,1785285207
All Pools,MOTA - AVAX,0.1,False,323.48,647.4,0.32366,18.25,1785285207
All Pools,CHAT - AVAX,0.1,False,323.48,647.4,0.32366,18.25,1785285207
All Pools,ROOBEE - AVAX,0.1,False,323.44,647.33,0.32362,18.25,1785285207
All Pools,ABX - AVAX,0.1,False,323.44,647.33,0.32362,18.25,1785285207
All Pools,WOOLLY - AVAX,0.1,False,323.44,647.33,0.32362,18.25,1785285207
All Pools,ORC - AVAX,0.1,False,323.44,-5.925,0.32362,-1993.47,1785285207
All Pools,BIGTROUT - AVAX,0.1,False,323.44,647.33,0.32362,18.25,1785285207
All Pools,SANI - AVAX,0.1,False,323.44,647.33,0.32362,18.25,1785285207
All Pools,NURA - AVAX,0.1,False,323.44,647.33,0.32362,18.25,1785285207
All Pools,$SATFI - AVAX,0.1,False,323.41,647.26,0.32359,18.25,1785285207
All Pools,TFI - AVAX,0.1,False,323.41,647.26,0.32359,18.25,1785285207
All Pools,BABYGROK - AVAX,0.1,False,323.41,647.26,0.32359,18.25,1785285207
All Pools,BXBT - AVAX,0.1,False,323.41,647.26,0.32359,18.25,1785285207
All Pools,MUON - AVAX,0.1,False,323.41,647.26,0.32359,18.25,1785285207
All Pools,CAG - AVAX,0.1,False,323.41,-5.959,0.32359,-1982.04,1785285207
All Pools,$RAINI - AVAX,0.1,False,323.41,647.26,0.32359,18.25,1785285207
All Pools,TBY - AVAX,0.1,False,323.41,647.26,0.32359,18.25,1785285207
All Pools,COOK - AVAX,0.1,False,323.41,647.26,0.32359,18.25,1785285207
All Pools,SUITRUMP - AVAX,0.1,False,323.41,647.26,0.32359,18.25,1785285207
All Pools,AXOBOTL - AVAX,0.1,False,323.41,647.26,0.32359,18.25,1785285207
All Pools,HYPER - AVAX,0.1,False,323.41,647.26,0.32359,18.25,1785285207
All Pools,PARAX - AVAX,0.1,False,323.39,647.22,0.32356,18.25,1785285207
All Pools,$SITCOM - AVAX,0.1,False,323.39,647.22,0.32356,18.25,1785285207
All Pools,GLCH - AVAX,0.1,False,323.39,647.22,0.32356,18.25,1785285207
All Pools,LABS - AVAX,0.1,False,323.39,647.22,0.32356,18.25,1785285207
All Pools,TOKEN - AVAX,0.1,False,323.39,647.22,0.32356,18.25,1785285207
All Pools,SANCHO - AVAX,0.1,False,323.39,647.22,0.32356,18.25,1785285207
All Pools,YTP - AVAX,0.1,False,323.37,647.19,0.32355,18.25,1785285207
All Pools,MODRIC - AVAX,0.1,False,323.37,647.19,0.32355,18.25,1785285207
All Pools,SOLANA - AVAX,0.1,False,323.37,647.19,0.32355,18.25,1785285207
All Pools,UTOPIA - AVAX,0.1,False,323.37,647.19,0.32355,18.25,1785285207
All Pools,PRTN - AVAX,0.1,False,323.37,647.19,0.32355,18.25,1785285207
All Pools,LNG - AVAX,0.1,False,323.37,647.19,0.32355,18.25,1785285207
All Pools,TTD - AVAX,0.1,False,323.37,647.18,0.32354,18.25,1785285207
All Pools,HUNCH - AVAX,0.1,False,323.37,647.18,0.32354,18.25,1785285207
All Pools,SOY - AVAX,0.1,False,323.37,647.18,0.32354,18.25,1785285207
All Pools,CAPY - AVAX,0.1,False,323.37,647.18,0.32354,18.25,1785285207
All Pools,WAKEAI - AVAX,0.1,False,323.37,647.18,0.32354,18.25,1785285207
All Pools,NETT - AVAX,0.1,False,323.37,647.18,0.32354,18.25,1785285207
All Pools,WALTER - AVAX,0.1,False,323.33,647.12,0.32351,18.25,1785285207
All Pools,BABYSHIB - AVAX,0.1,False,323.33,647.12,0.32351,18.25,1785285207
All Pools,PEP - AVAX,0.1,False,323.33,647.12,0.32351,18.25,1785285207
All Pools,FODL - AVAX,0.1,False,323.33,647.12,0.32351,18.25,1785285207
All Pools,CTK - AVAX,0.1,False,323.33,647.12,0.32351,18.25,1785285207
All Pools,MGN - AVAX,0.1,False,323.33,647.12,0.32351,18.25,1785285207
All Pools,WM - AVAX,0.1,False,323.29,647.04,0.32347,18.25,1785285207
All Pools,FLIPR - AVAX,0.1,False,323.29,647.04,0.32347,18.25,1785285207
All Pools,FUNGI - AVAX,0.1,False,323.29,647.04,0.32347,18.25,1785285207
All Pools,JBX - AVAX,0.1,False,323.29,647.04,0.32347,18.25,1785285207
All Pools,FREN - AVAX,0.1,False,323.29,-6.072,0.32347,-1944.38,1785285207
All Pools,CTR - AVAX,0.1,False,323.29,647.02,0.32347,18.25,1785285207
All Pools,FART - AVAX,0.1,False,323.29,647.02,0.32347,18.25,1785285207
All Pools,SEEK - AVAX,0.1,False,323.29,647.02,0.32347,18.25,1785285207
All Pools,STYLE - AVAX,0.1,False,323.29,647.02,0.32347,18.25,1785285207
All Pools,BOATKID - AVAX,0.1,False,323.29,647.02,0.32347,18.25,1785285207
All Pools,JAIHOZ - AVAX,0.1,False,323.29,647.02,0.32347,18.25,1785285207
All Pools,BCAT - AVAX,0.1,False,323.27,646.99,0.32345,18.25,1785285207
All Pools,ELONONE - AVAX,0.1,False,323.27,646.99,0.32345,18.25,1785285207
All Pools,GAI - AVAX,0.1,False,323.27,646.99,0.32345,18.25,1785285207
All Pools,BUILD - AVAX,0.1,False,323.27,646.99,0.32345,18.25,1785285207
All Pools,CIRC - AVAX,0.1,False,323.27,646.99,0.32345,18.25,1785285207
All Pools,MEMESAI - AVAX,0.1,False,323.27,646.99,0.32345,18.25,1785285207
All Pools,EQUAL - AVAX,0.1,False,323.27,646.99,0.32345,18.25,1785285207
All Pools,STOG - AVAX,0.1,False,323.26,646.97,0.32344,18.25,1785285207
All Pools,DONUT - AVAX,0.1,False,323.26,646.97,0.32344,18.25,1785285207
All Pools,EQPAY - AVAX,0.1,False,323.26,646.96,0.32343,18.25,1785285207
All Pools,BEPE - AVAX,0.1,False,323.26,646.96,0.32343,18.25,1785285207
All Pools,SPO - AVAX,0.1,False,323.26,646.96,0.32343,18.25,1785285207
All Pools,GARY - AVAX,0.1,False,323.26,646.96,0.32343,18.25,1785285207
All Pools,SOLVR - AVAX,0.1,False,323.26,646.96,0.32343,18.25,1785285207
All Pools,PERKOS - AVAX,0.1,False,323.25,646.94,0.32342,18.25,1785285207
All Pools,WING - AVAX,0.1,False,323.25,646.94,0.32342,18.25,1785285207
All Pools,LEIA - AVAX,0.1,False,323.14,646.72,0.32332,18.25,1785285207
All Pools,ADNS - AVAX,0.1,False,323.14,646.72,0.32332,18.25,1785285207
All Pools,ZENY - AVAX,0.1,False,323.07,646.58,0.32325,18.25,1785285207
All Pools,CHAD - AVAX,0.1,False,323.07,646.58,0.32325,18.25,1785285207
All Pools,TRADIE - AVAX,0.1,False,323.07,646.58,0.32325,18.25,1785285207
All Pools,FCOD - AVAX,0.1,False,323.07,646.58,0.32325,18.25,1785285207
All Pools,NUUM - AVAX,0.1,False,323.07,646.58,0.32325,18.25,1785285207
All Pools,GENI - AVAX,0.1,False,323.07,-6.298,0.32325,-1873.39,1785285207
All Pools,SCI - AVAX,0.1,False,322.79,646.03,0.32297,18.25,1785285207
All Pools,PAPADOGE - AVAX,0.1,False,322.79,646.03,0.32297,18.25,1785285207
All Pools,TRDG - AVAX,0.1,False,322.79,646.03,0.32297,18.25,1785285207
All Pools,BEAST - AVAX,0.1,False,322.79,646.03,0.32297,18.25,1785285207
All Pools,AION - AVAX,0.1,False,322.79,646.03,0.32297,18.25,1785285207
All Pools,BTTY - AVAX,0.1,False,322.75,645.95,0.32293,18.25,1785285207
All Pools,SQDGN - AVAX,0.1,False,322.75,645.95,0.32293,18.25,1785285207
All Pools,PALLX - AVAX,0.1,False,322.75,645.95,0.32293,18.25,1785285207
All Pools,MEGUSTA - AVAX,0.1,False,322.72,645.89,0.3229,18.25,1785285207
All Pools,TAPE - AVAX,0.1,False,322.72,645.89,0.3229,18.25,1785285207
All Pools,KOIN - AVAX,0.1,False,322.72,645.89,0.3229,18.25,1785285207
All Pools,IETH - AVAX,0.1,False,322.72,645.89,0.3229,18.25,1785285207
All Pools,GOAL - AVAX,0.1,False,322.72,645.89,0.3229,18.25,1785285207
All Pools,DUCKER - AVAX,0.1,False,322.72,645.88,0.3229,18.25,1785285207
All Pools,ZODS - AVAX,0.1,False,322.72,645.88,0.3229,18.25,1785285207
All Pools,MNEME - AVAX,0.1,False,322.72,645.88,0.3229,18.25,1785285207
All Pools,EBYT - AVAX,0.1,False,322.72,645.88,0.3229,18.25,1785285207
All Pools,BIAO - AVAX,0.1,False,322.69,645.83,0.32287,18.25,1785285207
All Pools,HBB - AVAX,0.1,False,322.69,-6.673,0.32287,-1766.06,1785285207
All Pools,MUMU - AVAX,0.1,False,322.69,645.83,0.32287,18.25,1785285207
All Pools,BINANCIANS - AVAX,0.1,False,322.69,645.83,0.32287,18.25,1785285207
All Pools,SANTA - AVAX,0.1,False,322.69,645.83,0.32287,18.25,1785285207
All Pools,WOOF - AVAX,0.1,False,322.69,645.83,0.32287,18.25,1785285207
All Pools,LOCK - AVAX,0.1,False,322.69,645.82,0.32286,18.25,1785285207
All Pools,APL - AVAX,0.1,False,322.69,-6.682,0.32286,-1763.72,1785285207
All Pools,$LILLY - AVAX,0.1,False,322.69,645.82,0.32286,18.25,1785285207
All Pools,OGSM - AVAX,0.1,False,322.66,645.76,0.32283,18.25,1785285207
All Pools,SKH - AVAX,0.1,False,322.66,645.76,0.32283,18.25,1785285207
All Pools,AICZ - AVAX,0.1,False,322.66,645.76,0.32283,18.25,1785285207
All Pools,TOILET - AVAX,0.1,False,322.66,645.76,0.32283,18.25,1785285207
All Pools,FOMO - AVAX,0.1,False,322.66,645.76,0.32283,18.25,1785285207
All Pools,YALA - AVAX,0.1,False,322.65,645.75,0.32283,18.25,1785285207
All Pools,GRIFT - AVAX,0.1,False,322.61,645.67,0.32279,18.25,1785285207
All Pools,NVF - AVAX,0.1,False,322.61,645.67,0.32279,18.25,1785285207
All Pools,NOMAI - AVAX,0.1,False,322.6,645.65,0.32278,18.25,1785285207
All Pools,ART - AVAX,0.1,False,322.6,645.65,0.32278,18.25,1785285207
All Pools,PMON - AVAX,0.1,False,322.6,645.64,0.32278,18.25,1785285207
All Pools,MOOX - AVAX,0.1,False,322.6,645.64,0.32277,18.25,1785285207
All Pools,LNR - AVAX,0.1,False,322.6,645.64,0.32277,18.25,1785285207
All Pools,NC - AVAX,0.1,False,322.6,645.64,0.32277,18.25,1785285207
All Pools,GBM - AVAX,0.1,False,322.6,645.64,0.32277,18.25,1785285207
All Pools,DEGO - AVAX,0.1,False,322.6,645.64,0.32277,18.25,1785285207
All Pools,HON - AVAX,0.1,False,322.6,645.64,0.32277,18.25,1785285207
All Pools,TRALA - AVAX,0.1,False,322.58,645.62,0.32276,18.25,1785285207
All Pools,BRIC - AVAX,0.1,False,322.58,-6.782,0.32276,-1736.98,1785285207
All Pools,RAT - AVAX,0.1,False,322.55,645.55,0.32273,18.25,1785285207
All Pools,PEPO - AVAX,0.1,False,322.55,645.55,0.32273,18.25,1785285207
All Pools,SHED - AVAX,0.1,False,322.55,645.55,0.32273,18.25,1785285207
All Pools,TRAI - AVAX,0.1,False,322.55,645.55,0.32273,18.25,1785285207
All Pools,BCOQ - AVAX,0.1,False,322.53,645.5,0.3227,18.25,1785285207
All Pools,ETF500 - AVAX,0.1,False,322.53,645.5,0.3227,18.25,1785285207
All Pools,GDIG - AVAX,0.1,False,322.53,645.5,0.3227,18.25,1785285207
All Pools,BCB - AVAX,0.1,False,322.53,645.5,0.3227,18.25,1785285207
All Pools,MOTO - AVAX,0.1,False,322.53,645.5,0.3227,18.25,1785285207
All Pools,SZN - AVAX,0.1,False,322.51,645.47,0.32269,18.25,1785285207
All Pools,HUSKY - AVAX,0.1,False,322.51,-6.857,0.32269,-1717.61,1785285207
All Pools,SURF - AVAX,0.1,False,322.51,645.47,0.32269,18.25,1785285207
All Pools,ANDY - AVAX,0.1,False,322.51,645.47,0.32269,18.25,1785285207
All Pools,XLA - AVAX,0.1,False,322.5,645.45,0.32268,18.25,1785285207
All Pools,BABYPEPE - AVAX,0.1,False,322.5,645.45,0.32268,18.25,1785285207
All Pools,MRNAON - AVAX,0.1,False,322.49,645.43,0.32267,18.25,1785285207
All Pools,PULSEGUY - AVAX,0.1,False,322.47,645.38,0.32264,18.25,1785285207
All Pools,GRV - AVAX,0.1,False,322.47,645.38,0.32264,18.25,1785285207
All Pools,SOXLON - AVAX,0.1,False,322.47,645.38,0.32264,18.25,1785285207
All Pools,FLU - AVAX,0.1,False,322.47,645.38,0.32264,18.25,1785285207
All Pools,YOLOUSD - AVAX,0.1,False,322.47,645.38,0.32264,18.25,1785285207
All Pools,MIN - AVAX,0.1,False,322.47,645.38,0.32264,18.25,1785285207
All Pools,FJO - AVAX,0.1,False,322.45,645.35,0.32263,18.25,1785285207
All Pools,DOGWIFHAT - AVAX,0.1,False,322.45,645.35,0.32263,18.25,1785285207
All Pools,$NMKR - AVAX,0.1,False,322.45,645.35,0.32263,18.25,1785285207
All Pools,PEANUT - AVAX,0.1,False,322.45,645.35,0.32263,18.25,1785285207
All Pools,FOFAR - AVAX,0.1,False,322.45,645.35,0.32263,18.25,1785285207
All Pools,WDOG - AVAX,0.1,False,322.45,645.35,0.32263,18.25,1785285207
All Pools,GOOD - AVAX,0.1,False,322.45,645.35,0.32263,18.25,1785285207
All Pools,BNBXBT - AVAX,0.1,False,322.4,645.24,0.32258,18.25,1785285207
All Pools,BETR - AVAX,0.1,False,322.4,645.24,0.32258,18.25,1785285207
All Pools,BRYAN - AVAX,0.1,False,322.4,645.24,0.32258,18.25,1785285207
All Pools,FLNCHY - AVAX,0.1,False,322.37,645.19,0.32255,18.25,1785285207
All Pools,DISCLOSURE - AVAX,0.1,False,322.37,645.19,0.32255,18.25,1785285207
All Pools,APY - AVAX,0.1,False,322.37,645.19,0.32255,18.25,1785285207
All Pools,KOBX - AVAX,0.1,False,322.37,645.19,0.32255,18.25,1785285207
All Pools,RIPS - AVAX,0.1,False,322.37,645.19,0.32255,18.25,1785285207
All Pools,RT - AVAX,0.1,False,322.37,645.19,0.32255,18.25,1785285207
All Pools,BMA - AVAX,0.1,False,322.37,645.19,0.32255,18.25,1785285207
All Pools,GOLD - AVAX,0.1,False,322.37,645.19,0.32255,18.25,1785285207
All Pools,HGET - AVAX,0.1,False,322.37,645.19,0.32255,18.25,1785285207
All Pools,BABYDADDY - AVAX,0.1,False,322.37,645.19,0.32255,18.25,1785285207
All Pools,MIRROR - AVAX,0.1,False,322.37,645.19,0.32255,18.25,1785285207
All Pools,WINT - AVAX,0.1,False,322.36,645.17,0.32254,18.25,1785285207
All Pools,ORDS - AVAX,0.1,False,322.36,645.17,0.32254,18.25,1785285207
All Pools,A51 - AVAX,0.1,False,322.36,645.17,0.32254,18.25,1785285207
All Pools,OXY - AVAX,0.1,False,322.36,645.17,0.32254,18.25,1785285207
All Pools,COPE - AVAX,0.1,False,322.35,645.14,0.32252,18.25,1785285207
All Pools,DGENAI - AVAX,0.1,False,322.35,645.14,0.32252,18.25,1785285207
All Pools,JGN - AVAX,0.1,False,322.35,645.14,0.32252,18.25,1785285207
All Pools,CATBAT - AVAX,0.1,False,322.35,645.14,0.32252,18.25,1785285207
All Pools,MUMU - AVAX,0.1,False,322.35,645.14,0.32252,18.25,1785285207
All Pools,S - AVAX,0.1,False,322.29,645.02,0.32246,18.25,1785285207
All Pools,TIME - AVAX,0.1,False,322.29,645.02,0.32246,18.25,1785285207
All Pools,ROOST - AVAX,0.1,False,322.29,645.02,0.32246,18.25,1785285207
All Pools,ZAI - AVAX,0.1,False,322.29,645.02,0.32246,18.25,1785285207
All Pools,ATV111 - AVAX,0.1,False,322.29,645.02,0.32246,18.25,1785285207
All Pools,BIRDDOG - AVAX,0.1,False,322.29,645.02,0.32246,18.25,1785285207
All Pools,OKI - AVAX,0.1,False,322.29,645.02,0.32246,18.25,1785285207
All Pools,SHITCOIN - AVAX,0.1,False,322.29,645.02,0.32246,18.25,1785285207
All Pools,MARKHOR - AVAX,0.1,False,322.26,644.97,0.32244,18.25,1785285207
All Pools,M32 - AVAX,0.1,False,322.26,644.97,0.32244,18.25,1785285207
All Pools,BOA - AVAX,0.1,False,322.26,644.97,0.32244,18.25,1785285207
All Pools,SMOL - AVAX,0.1,False,322.26,644.97,0.32244,18.25,1785285207
All Pools,MLT - AVAX,0.1,False,322.25,644.94,0.32242,18.25,1785285207
All Pools,AMPR - AVAX,0.1,False,322.25,644.94,0.32242,18.25,1785285207
All Pools,EGP - AVAX,0.1,False,322.25,-7.12,0.32242,-1652.79,1785285207
All Pools,VERDAO - AVAX,0.1,False,322.25,644.94,0.32242,18.25,1785285207
All Pools,TRUST - AVAX,0.1,False,322.25,644.94,0.32242,18.25,1785285207
All Pools,TONSKI - AVAX,0.1,False,322.22,644.88,0.3224,18.25,1785285207
All Pools,HATCHER - AVAX,0.1,False,322.22,644.88,0.3224,18.25,1785285207
All Pools,AURAFARM - AVAX,0.1,False,322.22,644.88,0.32239,18.25,1785285207
All Pools,BIO - AVAX,0.1,False,322.22,644.88,0.32239,18.25,1785285207
All Pools,FRIEND - AVAX,0.1,False,322.22,644.88,0.32239,18.25,1785285207
All Pools,APLDON - AVAX,0.1,False,322.22,644.88,0.32239,18.25,1785285207
All Pools,USDJ - AVAX,0.1,False,322.22,644.88,0.32239,18.25,1785285207
All Pools,BZON - AVAX,0.1,False,322.22,644.88,0.32239,18.25,1785285207
All Pools,FIWA - AVAX,0.1,False,322.21,644.88,0.32239,18.25,1785285207
All Pools,ANETON - AVAX,0.1,False,322.21,644.88,0.32239,18.25,1785285207
All Pools,SBET - AVAX,0.1,False,322.21,644.88,0.32239,18.25,1785285207
All Pools,CMCX - AVAX,0.1,False,322.21,-7.152,0.32239,-1645.24,1785285207
All Pools,MOCA - AVAX,0.1,False,322.21,644.87,0.32239,18.25,1785285207
All Pools,SHA - AVAX,0.1,False,322.21,644.87,0.32239,18.25,1785285207
All Pools,CHUDHOUSE - AVAX,0.1,False,322.21,644.87,0.32239,18.25,1785285207
All Pools,OMNOM - AVAX,0.1,False,322.21,644.87,0.32239,18.25,1785285207
All Pools,WEED - AVAX,0.1,False,322.21,644.87,0.32239,18.25,1785285207
All Pools,SPIKE - AVAX,0.1,False,322.21,644.87,0.32239,18.25,1785285207
All Pools,IVPAY - AVAX,0.1,False,322.2,644.85,0.32238,18.25,1785285207
All Pools,TARO - AVAX,0.1,False,322.2,644.85,0.32238,18.25,1785285207
All Pools,HST - AVAX,0.1,False,322.2,644.85,0.32238,18.25,1785285207
All Pools,WTF - AVAX,0.1,False,322.2,644.85,0.32238,18.25,1785285207
All Pools,MOMO - AVAX,0.1,False,322.2,644.85,0.32238,18.25,1785285207
All Pools,PREDI - AVAX,0.1,False,322.2,644.85,0.32238,18.25,1785285207
All Pools,SCUBA - AVAX,0.1,False,322.2,644.85,0.32238,18.25,1785285207
All Pools,NAV - AVAX,0.1,False,322.2,644.85,0.32238,18.25,1785285207
All Pools,WSB - AVAX,0.1,False,322.2,644.85,0.32238,18.25,1785285207
All Pools,AVIVE - AVAX,0.1,False,322.2,644.85,0.32238,18.25,1785285207
All Pools,SAGE - AVAX,0.1,False,322.2,644.85,0.32238,18.25,1785285207
All Pools,HUND - AVAX,0.1,False,322.2,644.85,0.32238,18.25,1785285207
All Pools,SUUSD - AVAX,0.1,False,322.2,644.85,0.32238,18.25,1785285207
All Pools,LIQ - AVAX,0.1,False,322.19,-7.174,0.32237,-1640.09,1785285207
All Pools,MAN - AVAX,0.1,False,322.19,644.82,0.32237,18.25,1785285207
All Pools,TRT - AVAX,0.1,False,322.19,644.82,0.32237,18.25,1785285207
All Pools,CATANA - AVAX,0.1,False,322.19,644.82,0.32237,18.25,1785285207
All Pools,RLY - AVAX,0.1,False,322.19,644.82,0.32237,18.25,1785285207
All Pools,SHIB - AVAX,0.1,False,322.15,644.74,0.32233,18.25,1785285207
All Pools,RBLXX - AVAX,0.1,False,322.15,644.74,0.32233,18.25,1785285207
All Pools,GYOZA - AVAX,0.1,False,322.15,644.74,0.32233,18.25,1785285207
All Pools,BOB - AVAX,0.1,False,322.15,644.74,0.32233,18.25,1785285207
All Pools,USEDCAR - AVAX,0.1,False,322.15,-7.218,0.32233,-1629.91,1785285207
All Pools,$PRO - AVAX,0.1,False,322.15,644.74,0.32233,18.25,1785285207
All Pools,BANK - AVAX,0.1,False,322.15,644.74,0.32233,18.25,1785285207
All Pools,W3W - AVAX,0.1,False,322.11,644.66,0.32228,18.25,1785285207
All Pools,TOOKER - AVAX,0.1,False,322.11,644.66,0.32228,18.25,1785285207
All Pools,ARKEO - AVAX,0.1,False,322.11,644.66,0.32228,18.25,1785285207
All Pools,STARS - AVAX,0.1,False,322.11,644.66,0.32228,18.25,1785285207
All Pools,MMA - AVAX,0.1,False,322.1,644.65,0.32228,18.25,1785285207
All Pools,BEATS - AVAX,0.1,False,322.1,-7.267,0.32228,-1618.8,1785285207
All Pools,GATA - AVAX,0.1,False,322.06,644.57,0.32224,18.25,1785285207
All Pools,SMTY - AVAX,0.1,False,322.06,644.57,0.32224,18.25,1785285207
All Pools,NGM - AVAX,0.1,False,322.06,644.57,0.32224,18.25,1785285207
All Pools,PHPM - AVAX,0.1,False,322.06,644.57,0.32224,18.25,1785285207
All Pools,STREME - AVAX,0.1,False,322.06,644.57,0.32224,18.25,1785285207
All Pools,DSACHI - AVAX,0.1,False,322.06,644.57,0.32224,18.25,1785285207
All Pools,DUCKIES - AVAX,0.1,False,322.06,644.57,0.32224,18.25,1785285207
All Pools,VIBES - AVAX,0.1,False,322.04,644.53,0.32222,18.25,1785285207
All Pools,MND - AVAX,0.1,False,322.04,644.53,0.32222,18.25,1785285207
All Pools,CAN - AVAX,0.1,False,322.04,644.53,0.32222,18.25,1785285207
All Pools,MAIL - AVAX,0.1,False,322.04,644.53,0.32222,18.25,1785285207
All Pools,GYAT - AVAX,0.1,False,322.04,644.53,0.32222,18.25,1785285207
All Pools,X420 - AVAX,0.1,False,322.04,644.53,0.32222,18.25,1785285207
All Pools,PEPETOPIA - AVAX,0.1,False,322.04,-7.327,0.32222,-1605.19,1785285207
All Pools,ARIA - AVAX,0.1,False,322.04,644.53,0.32222,18.25,1785285207
All Pools,PLS - AVAX,0.1,False,322.04,644.53,0.32222,18.25,1785285207
All Pools,TARDI - AVAX,0.1,False,322.04,644.53,0.32222,18.25,1785285207
All Pools,SHIBA - AVAX,0.1,False,322.04,-7.327,0.32222,-1605.18,1785285207
All Pools,SAKURA - AVAX,0.1,False,322.04,-7.327,0.32222,-1605.18,1785285207
All Pools,ROGUEAI - AVAX,0.1,False,322.04,644.52,0.32221,18.25,1785285207
All Pools,FOREST - AVAX,0.1,False,322.04,644.52,0.32221,18.25,1785285207
All Pools,BCHB - AVAX,0.1,False,322.04,644.52,0.32221,18.25,1785285207
All Pools,WAR - AVAX,0.1,False,322.04,644.52,0.32221,18.25,1785285207
All Pools,ICBX - AVAX,0.1,False,322.03,657.64,0.3222,17.88,1785285207
All Pools,RIZO - AVAX,0.1,False,322.03,644.5,0.3222,18.25,1785285207
All Pools,STBU - AVAX,0.1,False,322.03,644.5,0.3222,18.25,1785285207
All Pools,POPDOG - AVAX,0.1,False,322.03,644.5,0.3222,18.25,1785285207
All Pools,CND - AVAX,0.1,False,322.03,644.5,0.3222,18.25,1785285207
All Pools,ARTFI - AVAX,0.1,False,322.03,644.5,0.3222,18.25,1785285207
All Pools,PMFI - AVAX,0.1,False,322.03,644.5,0.3222,18.25,1785285207
All Pools,RIDE - AVAX,0.1,False,322.02,644.49,0.3222,18.25,1785285207
All Pools,AION - AVAX,0.1,False,322.02,644.49,0.3222,18.25,1785285207
All Pools,HAN - AVAX,0.1,False,322.02,644.49,0.3222,18.25,1785285207
All Pools,ACQ - AVAX,0.1,False,322.02,644.49,0.3222,18.25,1785285207
All Pools,NULL - AVAX,0.1,False,322.02,644.49,0.3222,18.25,1785285207
All Pools,ANON - AVAX,0.1,False,322.02,644.49,0.3222,18.25,1785285207
All Pools,PPLTR - AVAX,0.1,False,322.02,644.49,0.3222,18.25,1785285207
All Pools,MARSCOIN - AVAX,0.1,False,322.02,644.49,0.3222,18.25,1785285207
All Pools,SNIBBU - AVAX,0.1,False,322.02,644.49,0.3222,18.25,1785285207
All Pools,SHIH - AVAX,0.1,False,322.02,644.49,0.3222,18.25,1785285207
All Pools,SEBA - AVAX,0.1,False,322.02,-7.346,0.3222,-1600.95,1785285207
All Pools,SOBA - AVAX,0.1,False,322.02,644.49,0.3222,18.25,1785285207
All Pools,YAIT - AVAX,0.1,False,322.02,644.48,0.32219,18.25,1785285207
All Pools,MBAG - AVAX,0.1,False,322.01,644.46,0.32218,18.25,1785285207
All Pools,TORSY - AVAX,0.1,False,322.01,644.46,0.32218,18.25,1785285207
All Pools,SWAY - AVAX,0.1,False,322.01,644.46,0.32218,18.25,1785285207
All Pools,$WELL - AVAX,0.1,False,322.01,644.46,0.32218,18.25,1785285207
All Pools,GOGLZ - AVAX,0.1,False,322.01,644.46,0.32218,18.25,1785285207
All Pools,BCAT - AVAX,0.1,False,322.01,644.46,0.32218,18.25,1785285207
All Pools,FITTED - AVAX,0.1,False,322.01,644.46,0.32218,18.25,1785285207
All Pools,MINI - AVAX,0.1,False,322.0,644.45,0.32218,18.25,1785285207
All Pools,ETI - AVAX,0.1,False,322.0,644.45,0.32218,18.25,1785285207
All Pools,SHDX - AVAX,0.1,False,322.0,644.44,0.32217,18.25,1785285207
All Pools,$FOOTY - AVAX,0.1,False,321.95,644.35,0.32213,18.25,1785285207
All Pools,RETAIL - AVAX,0.1,False,321.95,644.35,0.32213,18.25,1785285207
All Pools,ZHC - AVAX,0.1,False,321.95,644.35,0.32213,18.25,1785285207
All Pools,GARI - AVAX,0.1,False,321.95,644.35,0.32213,18.25,1785285207
All Pools,KLACON - AVAX,0.1,False,321.95,644.35,0.32213,18.25,1785285207
All Pools,AYYLIEN - AVAX,0.1,False,321.95,644.35,0.32213,18.25,1785285207
All Pools,$DRIP - AVAX,0.1,False,321.95,-7.42,0.32212,-1584.64,1785285207
All Pools,IXFI - AVAX,0.1,False,321.95,644.34,0.32212,18.25,1785285207
All Pools,MOGUL - AVAX,0.1,False,321.95,644.34,0.32212,18.25,1785285207
All Pools,GUARDIAN - AVAX,0.1,False,321.95,644.34,0.32212,18.25,1785285207
All Pools,VALOR - AVAX,0.1,False,321.95,644.34,0.32212,18.25,1785285207
All Pools,RIOTX - AVAX,0.1,False,321.95,644.34,0.32212,18.25,1785285207
All Pools,WIZARD - AVAX,0.1,False,321.95,644.34,0.32212,18.25,1785285207
All Pools,RFUEL - AVAX,0.1,False,321.95,644.34,0.32212,18.25,1785285207
All Pools,GUMMY - AVAX,0.1,False,321.95,644.34,0.32212,18.25,1785285207
All Pools,RIS - AVAX,0.1,False,321.95,644.34,0.32212,18.25,1785285207
All Pools,HANTA - AVAX,0.1,False,321.95,644.34,0.32212,18.25,1785285207
All Pools,NSDQ - AVAX,0.1,False,321.95,644.34,0.32212,18.25,1785285207
All Pools,BRAT - AVAX,0.1,False,321.95,644.34,0.32212,18.25,1785285207
All Pools,LIZARD - AVAX,0.1,False,321.94,644.33,0.32212,18.25,1785285207
All Pools,LIMBO - AVAX,0.1,False,321.94,644.33,0.32212,18.25,1785285207
All Pools,$BYTE - AVAX,0.1,False,321.94,644.33,0.32212,18.25,1785285207
All Pools,TABOO - AVAX,0.1,False,321.94,644.33,0.32212,18.25,1785285207
All Pools,BSC - AVAX,0.1,False,321.93,644.31,0.32211,18.25,1785285207
All Pools,NEWO - AVAX,0.1,False,321.93,644.31,0.32211,18.25,1785285207
All Pools,DYOR - AVAX,0.1,False,321.93,644.31,0.32211,18.25,1785285207
All Pools,DRC - AVAX,0.1,False,321.93,644.31,0.32211,18.25,1785285207
All Pools,POLLEN - AVAX,0.1,False,321.93,644.31,0.32211,18.25,1785285207
All Pools,BOOT - AVAX,0.1,False,321.93,644.31,0.32211,18.25,1785285207
All Pools,MONKE - AVAX,0.1,False,321.93,644.31,0.32211,18.25,1785285207
All Pools,IWMX - AVAX,0.1,False,321.93,644.31,0.32211,18.25,1785285207
All Pools,RVLT - AVAX,0.1,False,321.93,644.31,0.32211,18.25,1785285207
All Pools,DRPAL - AVAX,0.1,False,321.93,644.31,0.32211,18.25,1785285207
All Pools,$GIGATROLL - AVAX,0.1,False,321.93,644.31,0.32211,18.25,1785285207
All Pools,JANET - AVAX,0.1,False,321.93,644.31,0.32211,18.25,1785285207
All Pools,CLS - AVAX,0.1,False,321.93,644.3,0.3221,18.25,1785285207
All Pools,KOI - AVAX,0.1,False,321.93,644.3,0.3221,18.25,1785285207
All Pools,HYBUX - AVAX,0.1,False,321.93,644.3,0.3221,18.25,1785285207
All Pools,XBTC - AVAX,0.1,False,321.93,644.3,0.3221,18.25,1785285207
All Pools,STRIKE - AVAX,0.1,False,321.93,644.3,0.3221,18.25,1785285207
All Pools,BEND - AVAX,0.1,False,321.91,644.27,0.32209,18.25,1785285207
All Pools,SLICE - AVAX,0.1,False,321.91,644.27,0.32209,18.25,1785285207
All Pools,EGGS - AVAX,0.1,False,321.91,-7.453,0.32209,-1577.39,1785285207
All Pools,DXY - AVAX,0.1,False,321.91,644.27,0.32209,18.25,1785285207
All Pools,PPLTX - AVAX,0.1,False,321.91,644.27,0.32209,18.25,1785285207
All Pools,MARVIN - AVAX,0.1,False,321.91,644.27,0.32209,18.25,1785285207
All Pools,RETSBA - AVAX,0.1,False,321.9,644.25,0.32208,18.25,1785285207
All Pools,REM - AVAX,0.1,False,321.9,644.25,0.32208,18.25,1785285207
All Pools,BERRY - AVAX,0.1,False,321.9,644.25,0.32208,18.25,1785285207
All Pools,SHR0 - AVAX,0.1,False,321.9,644.25,0.32208,18.25,1785285207
All Pools,TORUS - AVAX,0.1,False,321.9,644.25,0.32208,18.25,1785285207
All Pools,MUNDI - AVAX,0.1,False,321.88,644.21,0.32206,18.25,1785285207
All Pools,HARUKA - AVAX,0.1,False,321.88,644.21,0.32206,18.25,1785285207
All Pools,FISH - AVAX,0.1,False,321.88,644.21,0.32206,18.25,1785285207
All Pools,BASESHAKE - AVAX,0.1,False,321.87,644.18,0.32205,18.25,1785285207
All Pools,SCANAI - AVAX,0.1,False,321.87,644.18,0.32205,18.25,1785285207
All Pools,CLAW - AVAX,0.1,False,321.87,644.18,0.32205,18.25,1785285207
All Pools,DSCRIBE - AVAX,0.1,False,321.87,644.18,0.32204,18.25,1785285207
All Pools,URMOM - AVAX,0.1,False,321.86,644.17,0.32204,18.25,1785285207
All Pools,COINS - AVAX,0.1,False,321.86,644.17,0.32204,18.25,1785285207
All Pools,I - AVAX,0.1,False,321.86,644.17,0.32204,18.25,1785285207
All Pools,HYPR - AVAX,0.1,False,321.86,644.17,0.32204,18.25,1785285207
All Pools,MICKEY - AVAX,0.1,False,321.86,644.17,0.32204,18.25,1785285207
All Pools,MEOW - AVAX,0.1,False,321.86,644.17,0.32204,18.25,1785285207
All Pools,EMXN - AVAX,0.1,False,321.86,644.16,0.32203,18.25,1785285207
All Pools,ANITA - AVAX,0.1,False,321.86,644.16,0.32203,18.25,1785285207
All Pools,DOGGO - AVAX,0.1,False,321.86,644.16,0.32203,18.25,1785285207
All Pools,LION - AVAX,0.1,False,321.86,644.16,0.32203,18.25,1785285207
All Pools,LESTER - AVAX,0.1,False,321.86,644.16,0.32203,18.25,1785285207
All Pools,ASTRL - AVAX,0.1,False,321.85,644.14,0.32202,18.25,1785285207
All Pools,BOG - AVAX,0.1,False,321.85,644.14,0.32202,18.25,1785285207
All Pools,SQUIGSTR - AVAX,0.1,False,321.85,644.14,0.32202,18.25,1785285207
All Pools,OPAN - AVAX,0.1,False,321.85,644.14,0.32202,18.25,1785285207
All Pools,NAKA - AVAX,0.1,False,321.85,644.14,0.32202,18.25,1785285207
All Pools,RETAIL - AVAX,0.1,False,321.85,644.14,0.32202,18.25,1785285207
All Pools,DOGGY - AVAX,0.1,False,321.84,644.13,0.32202,18.25,1785285207
All Pools,DND10 - AVAX,0.1,False,321.84,644.13,0.32202,18.25,1785285207
All Pools,SPLAT - AVAX,0.1,False,321.84,644.13,0.32202,18.25,1785285207
All Pools,PSY - AVAX,0.1,False,321.84,644.13,0.32202,18.25,1785285207
All Pools,BIT - AVAX,0.1,False,321.84,644.13,0.32202,18.25,1785285207
All Pools,COLA - AVAX,0.1,False,321.84,644.13,0.32202,18.25,1785285207
All Pools,MARAX - AVAX,0.1,False,321.84,644.12,0.32201,18.25,1785285207
All Pools,AIPG - AVAX,0.1,False,321.84,644.12,0.32201,18.25,1785285207
All Pools,ESTEE - AVAX,0.1,False,321.84,644.12,0.32201,18.25,1785285207
All Pools,DEW - AVAX,0.1,False,321.84,644.12,0.32201,18.25,1785285207
All Pools,CBANK - AVAX,0.1,False,321.84,644.12,0.32201,18.25,1785285207
All Pools,LEOX - AVAX,0.1,False,321.84,644.12,0.32201,18.25,1785285207
All Pools,SPCX - AVAX,0.1,False,321.84,644.12,0.32201,18.25,1785285207
All Pools,OWCT - AVAX,0.1,False,321.82,644.09,0.322,18.25,1785285207
All Pools,KAI - AVAX,0.1,False,321.82,644.09,0.322,18.25,1785285207
All Pools,SPEEDY - AVAX,0.1,False,321.82,644.09,0.322,18.25,1785285207
All Pools,NAKASTR - AVAX,0.1,False,321.82,644.08,0.32199,18.25,1785285207
All Pools,RUSD - AVAX,0.1,False,321.81,644.07,0.32199,18.25,1785285207
All Pools,HELMET - AVAX,0.1,False,321.81,644.07,0.32199,18.25,1785285207
All Pools,AIAI - AVAX,0.1,False,321.81,644.07,0.32199,18.25,1785285207
All Pools,TROLLED - AVAX,0.1,False,321.81,644.07,0.32199,18.25,1785285207
All Pools,HAWKTUAH - AVAX,0.1,False,321.81,644.06,0.32198,18.25,1785285207
All Pools,ISRGON - AVAX,0.1,False,321.81,644.06,0.32198,18.25,1785285207
All Pools,LEG - AVAX,0.1,False,321.81,644.06,0.32198,18.25,1785285207
All Pools,TITS - AVAX,0.1,False,321.81,644.06,0.32198,18.25,1785285207
All Pools,BEZOGE - AVAX,0.1,False,321.81,644.06,0.32198,18.25,1785285207
All Pools,PAYU - AVAX,0.1,False,321.81,644.06,0.32198,18.25,1785285207
All Pools,MYTHOS - AVAX,0.1,False,321.8,644.05,0.32198,18.25,1785285207
All Pools,NSAI - AVAX,0.1,False,321.8,-7.564,0.32198,-1553.69,1785285207
All Pools,WIFI - AVAX,0.1,False,321.8,644.05,0.32198,18.25,1785285207
All Pools,DNA - AVAX,0.1,False,321.8,644.05,0.32198,18.25,1785285207
All Pools,NONJA - AVAX,0.1,False,321.8,644.05,0.32198,18.25,1785285207
All Pools,MAXETH - AVAX,0.1,False,321.79,644.02,0.32196,18.25,1785285207
All Pools,VASCO - AVAX,0.1,False,321.79,644.02,0.32196,18.25,1785285207
All Pools,GEKKO - AVAX,0.1,False,321.79,644.02,0.32196,18.25,1785285207
All Pools,FW - AVAX,0.1,False,321.79,644.02,0.32196,18.25,1785285207
All Pools,GORILLA - AVAX,0.1,False,321.79,644.02,0.32196,18.25,1785285207
All Pools,SOH - AVAX,0.1,False,321.79,644.02,0.32196,18.25,1785285207
All Pools,AVRK - AVAX,0.1,False,321.78,644.01,0.32196,18.25,1785285207
All Pools,LBM - AVAX,0.1,False,321.78,644.01,0.32196,18.25,1785285207
All Pools,RETARDMAXX - AVAX,0.1,False,321.78,644.01,0.32196,18.25,1785285207
All Pools,GSWAP - AVAX,0.1,False,321.78,644.01,0.32196,18.25,1785285207
All Pools,DADA - AVAX,0.1,False,321.78,644.01,0.32196,18.25,1785285207
All Pools,CDOGE - AVAX,0.1,False,321.78,644.01,0.32196,18.25,1785285207
All Pools,COLLAR - AVAX,0.1,False,321.78,644.01,0.32196,18.25,1785285207
All Pools,DOGS - AVAX,0.1,False,321.78,644.01,0.32196,18.25,1785285207
All Pools,DMOON - AVAX,0.1,False,321.78,644.01,0.32196,18.25,1785285207
All Pools,POLYDOGE - AVAX,0.1,False,321.78,644.01,0.32196,18.25,1785285207
All Pools,ELURC - AVAX,0.1,False,321.78,644.01,0.32196,18.25,1785285207
All Pools,MR_LIGHTSPEED - AVAX,0.1,False,321.78,644.01,0.32196,18.25,1785285207
All Pools,COK - AVAX,0.1,False,321.78,644.0,0.32195,18.25,1785285207
All Pools,ZER - AVAX,0.1,False,321.78,644.0,0.32195,18.25,1785285207
All Pools,MARS - AVAX,0.1,False,321.78,644.0,0.32195,18.25,1785285207
All Pools,STC - AVAX,0.1,False,321.77,643.99,0.32195,18.25,1785285207
All Pools,AGENT - AVAX,0.1,False,321.77,643.98,0.32195,18.25,1785285207
All Pools,RUBY - AVAX,0.1,False,321.77,643.98,0.32195,18.25,1785285207
All Pools,EBULL - AVAX,0.1,False,321.77,643.98,0.32195,18.25,1785285207
All Pools,FELIX - AVAX,0.1,False,321.77,643.98,0.32195,18.25,1785285207
All Pools,PISTA - AVAX,0.1,False,321.77,643.98,0.32195,18.25,1785285207
All Pools,CHEESE - AVAX,0.1,False,321.77,643.98,0.32195,18.25,1785285207
All Pools,JARVIS - AVAX,0.1,False,321.77,643.98,0.32195,18.25,1785285207
All Pools,LITAS - AVAX,0.1,False,321.77,643.98,0.32194,18.25,1785285207
All Pools,MTC - AVAX,0.1,False,321.77,-7.6,0.32194,-1546.18,1785285207
All Pools,COST - AVAX,0.1,False,321.77,643.98,0.32194,18.25,1785285207
All Pools,MOAI - AVAX,0.1,False,321.77,643.98,0.32194,18.25,1785285207
All Pools,DICKSTR - AVAX,0.1,False,321.77,643.98,0.32194,18.25,1785285207
All Pools,VISION - AVAX,0.1,False,321.76,643.97,0.32194,18.25,1785285207
All Pools,NYAN - AVAX,0.1,False,321.76,643.97,0.32194,18.25,1785285207
All Pools,FSTR - AVAX,0.1,False,321.76,643.96,0.32194,18.25,1785285207
All Pools,DFL - AVAX,0.1,False,321.76,643.96,0.32194,18.25,1785285207
All Pools,BOMB - AVAX,0.1,False,321.76,643.96,0.32194,18.25,1785285207
All Pools,ZDLT - AVAX,0.1,False,321.76,643.96,0.32193,18.25,1785285207
All Pools,PENELOPE - AVAX,0.1,False,321.76,643.96,0.32193,18.25,1785285207
All Pools,XUSD - AVAX,0.1,False,321.76,643.96,0.32193,18.25,1785285207
All Pools,IKUN - AVAX,0.1,False,321.76,643.96,0.32193,18.25,1785285207
All Pools,BUBBLE - AVAX,0.1,False,321.76,643.96,0.32193,18.25,1785285207
All Pools,YE - I - AVAX,0.1,False,321.76,643.96,0.32193,18.25,1785285207
All Pools,CLAWVILLE - AVAX,0.1,False,321.76,643.96,0.32193,18.25,1785285207
All Pools,NATO - AVAX,0.1,False,321.74,652.6,0.32192,18.0,1785285207
All Pools,TMUSX - AVAX,0.1,False,321.73,643.91,0.32191,18.25,1785285207
All Pools,CREA - AVAX,0.1,False,321.73,643.91,0.32191,18.25,1785285207
All Pools,EARNFI - AVAX,0.1,False,321.73,643.91,0.32191,18.25,1785285207
All Pools,BLAZE - AVAX,0.1,False,321.73,643.91,0.32191,18.25,1785285207
All Pools,ASH - AVAX,0.1,False,321.72,643.88,0.3219,18.25,1785285207
All Pools,AWK - AVAX,0.1,False,321.72,643.88,0.3219,18.25,1785285207
All Pools,MOJO - AVAX,0.1,False,321.72,643.88,0.3219,18.25,1785285207
All Pools,MFM - AVAX,0.1,False,321.72,643.88,0.3219,18.25,1785285207
All Pools,KEPI - AVAX,0.1,False,321.72,643.88,0.3219,18.25,1785285207
All Pools,QE - AVAX,0.1,False,321.72,643.88,0.3219,18.25,1785285207
All Pools,LRCXON - AVAX,0.1,False,321.7,643.85,0.32188,18.25,1785285207
All Pools,SPACE - AVAX,0.1,False,321.7,643.85,0.32188,18.25,1785285207
All Pools,CORZX - AVAX,0.1,False,321.7,643.85,0.32188,18.25,1785285207
All Pools,CHOMP - AVAX,0.1,False,321.7,643.85,0.32188,18.25,1785285207
All Pools,LOKY - AVAX,0.1,False,321.7,643.85,0.32188,18.25,1785285207
All Pools,NFTART - AVAX,0.1,False,321.7,643.84,0.32188,18.25,1785285207
All Pools,MUSKIT - AVAX,0.1,False,321.7,643.84,0.32188,18.25,1785285207
All Pools,CA - AVAX,0.1,False,321.7,643.84,0.32188,18.25,1785285207
All Pools,CVNT - AVAX,0.1,False,321.7,643.84,0.32188,18.25,1785285207
All Pools,PEPTI - AVAX,0.1,False,321.7,643.84,0.32188,18.25,1785285207
All Pools,REALM - AVAX,0.1,False,321.7,643.84,0.32188,18.25,1785285207
All Pools,GUI - AVAX,0.1,False,321.7,643.84,0.32188,18.25,1785285207
All Pools,OPEN - AVAX,0.1,False,321.7,643.84,0.32187,18.25,1785285207
All Pools,MNSHFT - AVAX,0.1,False,321.7,643.84,0.32187,18.25,1785285207
All Pools,CURTIS - AVAX,0.1,False,321.7,643.84,0.32187,18.25,1785285207
All Pools,PUP - AVAX,0.1,False,321.7,643.84,0.32187,18.25,1785285207
All Pools,PEPE - AVAX,0.1,False,321.7,643.84,0.32187,18.25,1785285207
All Pools,TADA - AVAX,0.1,False,321.7,643.84,0.32187,18.25,1785285207
All Pools,DINO - AVAX,0.1,False,321.7,643.84,0.32187,18.25,1785285207
All Pools,M - AVAX,0.1,False,321.7,643.84,0.32187,18.25,1785285207
All Pools,SLOW - AVAX,0.1,False,321.7,643.84,0.32187,18.25,1785285207
All Pools,JETDOG - AVAX,0.1,False,321.7,643.84,0.32187,18.25,1785285207
All Pools,STELLA - AVAX,0.1,False,321.7,643.84,0.32187,18.25,1785285207
All Pools,LVL - AVAX,0.1,False,321.7,643.84,0.32187,18.25,1785285207
All Pools,GRPH - AVAX,0.1,False,321.7,643.84,0.32187,18.25,1785285207
All Pools,HOPE - AVAX,0.1,False,321.7,643.84,0.32187,18.25,1785285207
All Pools,INUS - AVAX,0.1,False,321.69,643.83,0.32187,18.25,1785285207
All Pools,RIBBIT - AVAX,0.1,False,321.69,643.83,0.32187,18.25,1785285207
All Pools,SHIV - AVAX,0.1,False,321.69,643.83,0.32187,18.25,1785285207
All Pools,UNITY - AVAX,0.1,False,321.69,643.83,0.32187,18.25,1785285207
All Pools,EAI - AVAX,0.1,False,321.69,643.83,0.32187,18.25,1785285207
All Pools,CFI - AVAX,0.1,False,321.69,643.83,0.32187,18.25,1785285207
All Pools,PETS - AVAX,0.1,False,321.69,643.82,0.32187,18.25,1785285207
All Pools,GNON - AVAX,0.1,False,321.69,643.82,0.32187,18.25,1785285207
All Pools,ORBT - AVAX,0.1,False,321.67,643.79,0.32185,18.25,1785285207
All Pools,HTTPS - AVAX,0.1,False,321.67,643.79,0.32185,18.25,1785285207
All Pools,KREX - AVAX,0.1,False,321.67,643.79,0.32185,18.25,1785285207
All Pools,DUCK - AVAX,0.1,False,321.67,643.78,0.32185,18.25,1785285207
All Pools,KOLIN - AVAX,0.1,False,321.67,643.78,0.32185,18.25,1785285207
All Pools,EVAETH - AVAX,0.1,False,321.67,643.78,0.32185,18.25,1785285207
All Pools,PLR - AVAX,0.1,False,321.67,-7.699,0.32185,-1525.84,1785285207
All Pools,DOGC - AVAX,0.1,False,321.67,643.78,0.32185,18.25,1785285207
All Pools,USHIBA - AVAX,0.1,False,321.67,643.78,0.32185,18.25,1785285207
All Pools,OPENX - AVAX,0.1,False,321.65,643.76,0.32183,18.25,1785285207
All Pools,HL - AVAX,0.1,False,321.65,643.76,0.32183,18.25,1785285207
All Pools,IBEX - AVAX,0.1,False,321.65,643.76,0.32183,18.25,1785285207
All Pools,GROK - AVAX,0.1,False,321.65,643.76,0.32183,18.25,1785285207
All Pools,RCAT - AVAX,0.1,False,321.65,643.76,0.32183,18.25,1785285207
All Pools,ZSD - AVAX,0.1,False,321.65,643.76,0.32183,18.25,1785285207
All Pools,YAKU - AVAX,0.1,False,321.65,643.75,0.32183,18.25,1785285207
All Pools,DAM - AVAX,0.1,False,321.65,643.75,0.32183,18.25,1785285207
All Pools,SPIKE - AVAX,0.1,False,321.65,-7.714,0.32183,-1522.75,1785285207
All Pools,TIGRES - AVAX,0.1,False,321.65,-7.714,0.32183,-1522.75,1785285207
All Pools,SHIBAKEN - AVAX,0.1,False,321.64,643.73,0.32182,18.25,1785285207
All Pools,LRST - AVAX,0.1,False,321.64,643.73,0.32182,18.25,1785285207
All Pools,BOSS - AVAX,0.1,False,321.64,643.73,0.32182,18.25,1785285207
All Pools,ASSDAQ - AVAX,0.1,False,321.64,643.73,0.32182,18.25,1785285207
All Pools,IVFUN - AVAX,0.1,False,321.64,643.73,0.32182,18.25,1785285207
All Pools,KWEEN - AVAX,0.1,False,321.64,643.73,0.32182,18.25,1785285207
All Pools,DELUSIONAL - AVAX,0.1,False,321.64,643.72,0.32181,18.25,1785285207
All Pools,JOE - AVAX,0.1,False,321.64,643.72,0.32181,18.25,1785285207
All Pools,GLUTEU - AVAX,0.1,False,321.64,643.72,0.32181,18.25,1785285207
All Pools,MINER - AVAX,0.1,False,321.64,643.72,0.32181,18.25,1785285207
All Pools,LION - AVAX,0.1,False,321.64,643.72,0.32181,18.25,1785285207
All Pools,UP - AVAX,0.1,False,321.64,643.72,0.32181,18.25,1785285207
All Pools,DATBIHGAH - AVAX,0.1,False,321.64,-7.731,0.32181,-1519.32,1785285207
All Pools,BOL - AVAX,0.1,False,321.64,643.72,0.32181,18.25,1785285207
All Pools,COCO - AVAX,0.1,False,321.64,643.72,0.32181,18.25,1785285207
All Pools,MEFA - AVAX,0.1,False,321.64,643.72,0.32181,18.25,1785285207
All Pools,EVERY - AVAX,0.1,False,321.62,643.68,0.32179,18.25,1785285207
All Pools,KENSEI - AVAX,0.1,False,321.62,643.68,0.32179,18.25,1785285207
All Pools,$TPT - AVAX,0.1,False,321.62,643.68,0.32179,18.25,1785285207
All Pools,UP - AVAX,0.1,False,321.62,-7.75,0.32179,-1515.64,1785285207
All Pools,ETNX - AVAX,0.1,False,321.62,643.68,0.32179,18.25,1785285207
All Pools,REVV - AVAX,0.1,False,321.62,643.68,0.32179,18.25,1785285207
All Pools,NABOX - AVAX,0.1,False,321.61,643.68,0.32179,18.25,1785285207
All Pools,LYP - AVAX,0.1,False,321.61,643.68,0.32179,18.25,1785285207
All Pools,PEEZY - AVAX,0.1,False,321.61,643.68,0.32179,18.25,1785285207
All Pools,PRAI - AVAX,0.1,False,321.61,643.68,0.32179,18.25,1785285207
All Pools,INO - AVAX,0.1,False,321.61,643.68,0.32179,18.25,1785285207
All Pools,BENEFITS - AVAX,0.1,False,321.61,643.68,0.32179,18.25,1785285207
All Pools,GOBSTR - AVAX,0.1,False,321.61,643.67,0.32179,18.25,1785285207
All Pools,ATM - AVAX,0.1,False,321.61,643.67,0.32179,18.25,1785285207
All Pools,HAHA - AVAX,0.1,False,321.61,643.67,0.32179,18.25,1785285207
All Pools,AZUKI - AVAX,0.1,False,321.61,643.67,0.32179,18.25,1785285207
All Pools,BEEPER - AVAX,0.1,False,321.61,643.67,0.32179,18.25,1785285207
All Pools,T1DEV - AVAX,0.1,False,321.61,643.67,0.32179,18.25,1785285207
All Pools,TN100X - AVAX,0.1,False,321.61,643.66,0.32178,18.25,1785285207
All Pools,DG - AVAX,0.1,False,321.61,643.66,0.32178,18.25,1785285207
All Pools,SHIBGF - AVAX,0.1,False,321.61,643.66,0.32178,18.25,1785285207
All Pools,ELK - AVAX,0.1,False,321.61,643.66,0.32178,18.25,1785285207
All Pools,BFT - AVAX,0.1,False,321.61,643.66,0.32178,18.25,1785285207
All Pools,POSI - AVAX,0.1,False,321.61,643.66,0.32178,18.25,1785285207
All Pools,KASTA - AVAX,0.1,False,321.6,643.65,0.32178,18.25,1785285207
All Pools,STRUMP - AVAX,0.1,False,321.6,643.65,0.32178,18.25,1785285207
All Pools,LABZ - AVAX,0.1,False,321.6,643.65,0.32178,18.25,1785285207
All Pools,BCMC - AVAX,0.1,False,321.6,643.65,0.32178,18.25,1785285207
All Pools,STRSZN - AVAX,0.1,False,321.6,643.65,0.32178,18.25,1785285207
All Pools,JASON - AVAX,0.1,False,321.6,643.65,0.32178,18.25,1785285207
All Pools,TJRM - AVAX,0.1,False,321.59,643.63,0.32177,18.25,1785285207
All Pools,SOLFUNMEME - AVAX,0.1,False,321.59,643.63,0.32177,18.25,1785285207
All Pools,TOKEN - AVAX,0.1,False,321.59,643.63,0.32177,18.25,1785285207
All Pools,WOM - AVAX,0.1,False,321.59,643.63,0.32177,18.25,1785285207
All Pools,SWRM - AVAX,0.1,False,321.59,643.63,0.32177,18.25,1785285207
All Pools,TOPG - AVAX,0.1,False,321.59,643.63,0.32177,18.25,1785285207
All Pools,EDWIN - AVAX,0.1,False,321.59,643.63,0.32177,18.25,1785285207
All Pools,AZNX - AVAX,0.1,False,321.57,643.59,0.32175,18.25,1785285207
All Pools,DEFROGS - AVAX,0.1,False,321.57,643.59,0.32175,18.25,1785285207
All Pools,RADAR - AVAX,0.1,False,321.57,643.59,0.32175,18.25,1785285207
All Pools,SWTCH - AVAX,0.1,False,321.57,643.59,0.32175,18.25,1785285207
All Pools,WSB - AVAX,0.1,False,321.57,643.59,0.32175,18.25,1785285207
All Pools,FLY - AVAX,0.1,False,321.57,643.58,0.32174,18.25,1785285207
All Pools,GC - AVAX,0.1,False,321.57,643.58,0.32174,18.25,1785285207
All Pools,NOOT - AVAX,0.1,False,321.57,643.58,0.32174,18.25,1785285207
All Pools,MAMA - AVAX,0.1,False,321.57,643.58,0.32174,18.25,1785285207
All Pools,STOP - AVAX,0.1,False,321.57,643.58,0.32174,18.25,1785285207
All Pools,TODING - AVAX,0.1,False,321.57,643.58,0.32174,18.25,1785285207
All Pools,WHALE - AVAX,0.1,False,321.55,-7.817,0.32173,-1502.3,1785285207
All Pools,KRAKEN - AVAX,0.1,False,321.55,643.55,0.32173,18.25,1785285207
All Pools,BUCK - AVAX,0.1,False,321.55,643.55,0.32173,18.25,1785285207
All Pools,LOOM - AVAX,0.1,False,321.55,643.55,0.32173,18.25,1785285207
All Pools,VGBP - AVAX,0.1,False,321.52,643.49,0.3217,18.25,1785285207
All Pools,DRUGS - AVAX,0.1,False,321.52,643.49,0.3217,18.25,1785285207
All Pools,KONA - AVAX,0.1,False,321.52,643.49,0.3217,18.25,1785285207
All Pools,AITV - AVAX,0.1,False,321.52,643.49,0.3217,18.25,1785285207
All Pools,DEGENAI - AVAX,0.1,False,321.52,643.49,0.3217,18.25,1785285207
All Pools,RONKE - AVAX,0.1,False,321.52,643.49,0.3217,18.25,1785285207
All Pools,FLOKICEO - AVAX,0.1,False,321.52,643.49,0.3217,18.25,1785285207
All Pools,AURA - AVAX,0.1,False,321.47,643.39,0.32165,18.25,1785285207
All Pools,XRP - AVAX,0.1,False,321.47,643.39,0.32165,18.25,1785285207
All Pools,EGG - AVAX,0.1,False,321.47,643.39,0.32165,18.25,1785285207
All Pools,DFP2 - AVAX,0.1,False,321.47,643.39,0.32165,18.25,1785285207
All Pools,MUSIC - AVAX,0.1,False,321.47,643.39,0.32165,18.25,1785285207
All Pools,KIBBLE - AVAX,0.1,False,321.47,643.39,0.32165,18.25,1785285207
All Pools,RADIO - AVAX,0.1,False,321.47,643.38,0.32165,18.25,1785285207
All Pools,COSHI - AVAX,0.1,False,321.47,643.38,0.32165,18.25,1785285207
All Pools,XGN - AVAX,0.1,False,321.47,643.38,0.32165,18.25,1785285207
All Pools,DUMBMONEY - AVAX,0.1,False,321.47,643.38,0.32165,18.25,1785285207
All Pools,LLM - AVAX,0.1,False,321.47,643.38,0.32165,18.25,1785285207
All Pools,EXPERT - AVAX,0.1,False,321.47,643.38,0.32165,18.25,1785285207
All Pools,LOKI - AVAX,0.1,False,321.45,643.35,0.32163,18.25,1785285207
All Pools,FOLD - AVAX,0.1,False,321.45,643.35,0.32163,18.25,1785285207
All Pools,BTY - AVAX,0.1,False,321.45,643.35,0.32163,18.25,1785285207
All Pools,PEPE - AVAX,0.1,False,321.45,643.35,0.32163,18.25,1785285207
All Pools,$RECAP - AVAX,0.1,False,321.45,643.35,0.32163,18.25,1785285207
All Pools,SWIFT - AVAX,0.1,False,321.45,643.35,0.32163,18.25,1785285207
All Pools,ANON - AVAX,0.1,False,321.44,643.32,0.32161,18.25,1785285207
All Pools,FAC - AVAX,0.1,False,321.44,643.32,0.32161,18.25,1785285207
All Pools,PGOLD - AVAX,0.1,False,321.44,643.32,0.32161,18.25,1785285207
All Pools,JAY - AVAX,0.1,False,321.44,643.32,0.32161,18.25,1785285207
All Pools,LL - AVAX,0.1,False,321.44,643.32,0.32161,18.25,1785285207
All Pools,SUIJAK - AVAX,0.1,False,321.44,643.32,0.32161,18.25,1785285207
All Pools,PIZZA - AVAX,0.1,False,321.43,643.32,0.32161,18.25,1785285207
All Pools,ORO - AVAX,0.1,False,321.43,-7.933,0.32161,-1479.84,1785285207
All Pools,TRMP - AVAX,0.1,False,321.43,643.32,0.32161,18.25,1785285207
All Pools,BENI - AVAX,0.1,False,321.43,643.32,0.32161,18.25,1785285207
All Pools,PAC - AVAX,0.1,False,321.43,643.32,0.32161,18.25,1785285207
All Pools,BMMF - AVAX,0.1,False,321.43,643.32,0.32161,18.25,1785285207
All Pools,KEY - AVAX,0.1,False,321.42,643.29,0.3216,18.25,1785285207
All Pools,APX - AVAX,0.1,False,321.4,643.24,0.32157,18.25,1785285207
All Pools,SKATE - AVAX,0.1,False,321.4,643.24,0.32157,18.25,1785285207
All Pools,BASE - AVAX,0.1,False,321.4,643.24,0.32157,18.25,1785285207
All Pools,BUGO - AVAX,0.1,False,321.4,643.24,0.32157,18.25,1785285207
All Pools,RYOSHI - AVAX,0.1,False,321.4,643.24,0.32157,18.25,1785285207
All Pools,MONEY - AVAX,0.1,False,321.39,643.23,0.32157,18.25,1785285207
All Pools,BONDLY - AVAX,0.1,False,321.39,643.23,0.32157,18.25,1785285207
All Pools,AYB - AVAX,0.1,False,321.39,643.23,0.32157,18.25,1785285207
All Pools,LINDA - AVAX,0.1,False,321.39,643.23,0.32157,18.25,1785285207
All Pools,KCAKE - AVAX,0.1,False,321.39,643.23,0.32157,18.25,1785285207
All Pools,BNKRW - AVAX,0.1,False,321.39,643.23,0.32157,18.25,1785285207
All Pools,DICK - AVAX,0.1,False,321.39,643.22,0.32157,18.25,1785285207
All Pools,ITHEUM - AVAX,0.1,False,321.39,643.22,0.32157,18.25,1785285207
All Pools,XETA - AVAX,0.1,False,321.39,643.22,0.32157,18.25,1785285207
All Pools,UNFI - AVAX,0.1,False,321.39,643.22,0.32157,18.25,1785285207
All Pools,SANSHU - AVAX,0.1,False,321.39,643.22,0.32157,18.25,1785285207
All Pools,BAC - AVAX,0.1,False,321.39,643.22,0.32157,18.25,1785285207
All Pools,ANDR - AVAX,0.1,False,321.38,643.2,0.32155,18.25,1785285207
All Pools,IMOUT - AVAX,0.1,False,321.38,643.2,0.32155,18.25,1785285207
All Pools,WAKE - AVAX,0.1,False,321.38,643.2,0.32155,18.25,1785285207
All Pools,TEARY - AVAX,0.1,False,321.38,643.2,0.32155,18.25,1785285207
All Pools,WURK - AVAX,0.1,False,321.37,643.19,0.32155,18.25,1785285207
All Pools,XMS - AVAX,0.1,False,321.37,643.19,0.32155,18.25,1785285207
All Pools,GLHFSTR - AVAX,0.1,False,321.37,643.19,0.32155,18.25,1785285207
All Pools,RCSC - AVAX,0.1,False,321.37,-7.997,0.32155,-1467.63,1785285207
All Pools,ACOLYT - AVAX,0.1,False,321.37,643.18,0.32154,18.25,1785285207
All Pools,MITTENS - AVAX,0.1,False,321.37,643.18,0.32154,18.25,1785285207
All Pools,PVU - AVAX,0.1,False,321.37,-8.001,0.32154,-1466.88,1785285207
All Pools,EGG - AVAX,0.1,False,321.37,643.18,0.32154,18.25,1785285207
All Pools,SPFC - AVAX,0.1,False,321.37,643.18,0.32154,18.25,1785285207
All Pools,MVP - AVAX,0.1,False,321.37,643.18,0.32154,18.25,1785285207
All Pools,DAKU - AVAX,0.1,False,321.37,643.18,0.32154,18.25,1785285207
All Pools,WOOLLY - AVAX,0.1,False,321.37,643.18,0.32154,18.25,1785285207
All Pools,DOGET - AVAX,0.1,False,321.37,643.18,0.32154,18.25,1785285207
All Pools,TATE - AVAX,0.1,False,321.37,643.18,0.32154,18.25,1785285207
All Pools,APEX - AVAX,0.1,False,321.37,643.18,0.32154,18.25,1785285207
All Pools,$HAMI - AVAX,0.1,False,321.37,643.18,0.32154,18.25,1785285207
All Pools,AUTO - AVAX,0.1,False,321.36,643.17,0.32154,18.25,1785285207
All Pools,MONKE - AVAX,0.1,False,321.36,643.17,0.32154,18.25,1785285207
All Pools,KABOSU - AVAX,0.1,False,321.36,643.17,0.32154,18.25,1785285207
All Pools,ARBUS - AVAX,0.1,False,321.36,643.17,0.32154,18.25,1785285207
All Pools,RUBI - AVAX,0.1,False,321.36,643.17,0.32154,18.25,1785285207
All Pools,NICE - AVAX,0.1,False,321.34,643.12,0.32151,18.25,1785285207
All Pools,WEEDCOIN - AVAX,0.1,False,321.34,-8.031,0.32151,-1461.27,1785285207
All Pools,PEPE - AVAX,0.1,False,321.34,643.12,0.32151,18.25,1785285207
All Pools,BON - AVAX,0.1,False,321.34,643.12,0.32151,18.25,1785285207
All Pools,UOMI - AVAX,0.1,False,321.34,643.12,0.32151,18.25,1785285207
All Pools,USDTZ - AVAX,0.1,False,321.34,643.12,0.32151,18.25,1785285207
All Pools,REVS - AVAX,0.1,False,321.31,643.07,0.32149,18.25,1785285207
All Pools,BRKL - AVAX,0.1,False,321.31,643.07,0.32149,18.25,1785285207
All Pools,WLF - AVAX,0.1,False,321.31,643.07,0.32149,18.25,1785285207
All Pools,HYRE - AVAX,0.1,False,321.31,643.07,0.32149,18.25,1785285207
All Pools,DTRXBT - AVAX,0.1,False,321.31,643.07,0.32149,18.25,1785285207
All Pools,BTCBANK - AVAX,0.1,False,321.31,643.06,0.32148,18.25,1785285207
All Pools,T888 - AVAX,0.1,False,321.31,643.06,0.32148,18.25,1785285207
All Pools,ARI - AVAX,0.1,False,321.31,643.06,0.32148,18.25,1785285207
All Pools,CLIPPY - AVAX,0.1,False,321.3,643.04,0.32147,18.25,1785285207
All Pools,VEILNET - AVAX,0.1,False,321.29,643.03,0.32147,18.25,1785285207
All Pools,UPTOBER - AVAX,0.1,False,321.29,643.03,0.32147,18.25,1785285207
All Pools,POL - AVAX,0.1,False,321.29,643.03,0.32147,18.25,1785285207
All Pools,MSAI - AVAX,0.1,False,321.29,643.03,0.32147,18.25,1785285207
All Pools,CLSKX - AVAX,0.1,False,321.29,643.02,0.32146,18.25,1785285207
All Pools,PLANET - AVAX,0.1,False,321.29,643.02,0.32146,18.25,1785285207
All Pools,HWAVE - AVAX,0.1,False,321.29,643.02,0.32146,18.25,1785285207
All Pools,KIRA - AVAX,0.1,False,321.29,643.02,0.32146,18.25,1785285207
All Pools,NORMIE - AVAX,0.1,False,321.29,643.02,0.32146,18.25,1785285207
All Pools,ITALIANROT - AVAX,0.1,False,321.29,643.02,0.32146,18.25,1785285207
All Pools,ROU - AVAX,0.1,False,321.29,643.02,0.32146,18.25,1785285207
All Pools,CYI - AVAX,0.1,False,321.29,643.02,0.32146,18.25,1785285207
All Pools,SECURE - AVAX,0.1,False,321.28,643.0,0.32146,18.25,1785285207
All Pools,XSP - AVAX,0.1,False,321.28,643.0,0.32146,18.25,1785285207
All Pools,BASED - AVAX,0.1,False,321.28,643.0,0.32146,18.25,1785285207
All Pools,GMAC - AVAX,0.1,False,321.28,643.0,0.32146,18.25,1785285207
All Pools,XTAO - AVAX,0.1,False,321.28,643.0,0.32146,18.25,1785285207
All Pools,HSTR - AVAX,0.1,False,321.28,643.0,0.32146,18.25,1785285207
All Pools,FLIP - AVAX,0.1,False,321.27,642.98,0.32144,18.25,1785285207
All Pools,BLX - AVAX,0.1,False,321.27,642.98,0.32144,18.25,1785285207
All Pools,GME - AVAX,0.1,False,321.27,642.98,0.32144,18.25,1785285207
All Pools,ROBOT - AVAX,0.1,False,321.27,642.98,0.32144,18.25,1785285207
All Pools,RVST - AVAX,0.1,False,321.27,642.98,0.32144,18.25,1785285207
All Pools,PNP - AVAX,0.1,False,321.27,642.98,0.32144,18.25,1785285207
All Pools,XFROG - AVAX,0.1,False,321.26,642.97,0.32144,18.25,1785285207
All Pools,CHO - AVAX,0.1,False,321.26,642.97,0.32144,18.25,1785285207
All Pools,SKID - AVAX,0.1,False,321.26,-8.107,0.32144,-1447.27,1785285207
All Pools,MAYBE - AVAX,0.1,False,321.26,642.97,0.32144,18.25,1785285207
All Pools,MOBY - AVAX,0.1,False,321.26,642.97,0.32144,18.25,1785285207
All Pools,RUMBLE - AVAX,0.1,False,321.26,642.97,0.32144,18.25,1785285207
All Pools,BIDEN - AVAX,0.1,False,321.26,642.96,0.32143,18.25,1785285207
All Pools,STARSHIP - AVAX,0.1,False,321.26,642.96,0.32143,18.25,1785285207
All Pools,BULLY - AVAX,0.1,False,321.26,642.96,0.32143,18.25,1785285207
All Pools,BEAR - AVAX,0.1,False,321.26,642.96,0.32143,18.25,1785285207
All Pools,KAR - AVAX,0.1,False,321.26,642.96,0.32143,18.25,1785285207
All Pools,APOW - AVAX,0.1,False,321.26,642.96,0.32143,18.25,1785285207
All Pools,SEIYAN - AVAX,0.1,False,321.25,642.95,0.32143,18.25,1785285207
All Pools,CEGX - AVAX,0.1,False,321.25,642.95,0.32143,18.25,1785285207
All Pools,BTGOX - AVAX,0.1,False,321.25,642.95,0.32143,18.25,1785285207
All Pools,ARV - AVAX,0.1,False,321.25,642.95,0.32143,18.25,1785285207
All Pools,LOS - AVAX,0.1,False,321.25,642.94,0.32142,18.25,1785285207
All Pools,BUBURRY - AVAX,0.1,False,321.25,-8.12,0.32142,-1444.75,1785285207
All Pools,BALD - AVAX,0.1,False,321.21,642.86,0.32138,18.25,1785285207
All Pools,CHIDO - AVAX,0.1,False,321.21,642.86,0.32138,18.25,1785285207
All Pools,QUBTON - AVAX,0.1,False,321.21,642.86,0.32138,18.25,1785285207
All Pools,MAGATRUMP - AVAX,0.1,False,321.21,642.86,0.32138,18.25,1785285207
All Pools,BTH - AVAX,0.1,False,321.21,642.86,0.32138,18.25,1785285207
All Pools,ROUTE - AVAX,0.1,False,321.15,642.75,0.32133,18.25,1785285207
All Pools,LAI - AVAX,0.1,False,321.14,642.72,0.32132,18.25,1785285207
All Pools,USBC - AVAX,0.1,False,321.14,642.72,0.32132,18.25,1785285207
All Pools,BEE - AVAX,0.1,False,321.14,642.72,0.32132,18.25,1785285207
All Pools,INSP - AVAX,0.1,False,321.12,642.69,0.3213,18.25,1785285207
All Pools,UNN - AVAX,0.1,False,321.11,642.67,0.32129,18.25,1785285207
All Pools,ADOGE - AVAX,0.1,False,321.11,642.67,0.32129,18.25,1785285207
All Pools,WEALTH - AVAX,0.1,False,321.11,642.67,0.32129,18.25,1785285207
All Pools,PORT - AVAX,0.1,False,321.11,642.67,0.32129,18.25,1785285207
All Pools,BVM - AVAX,0.1,False,321.11,642.67,0.32129,18.25,1785285207
All Pools,GLINK - AVAX,0.1,False,321.11,642.67,0.32129,18.25,1785285207
All Pools,GODEX - AVAX,0.1,False,321.11,642.66,0.32129,18.25,1785285207
All Pools,FU - AVAX,0.1,False,321.11,642.66,0.32129,18.25,1785285207
All Pools,JPYM - AVAX,0.1,False,321.11,-8.26,0.32128,-1419.8,1785285207
All Pools,ARCH - AVAX,0.1,False,321.1,642.64,0.32127,18.25,1785285207
All Pools,BLUECHIP - AVAX,0.1,False,321.08,642.6,0.32125,18.25,1785285207
All Pools,VES - AVAX,0.1,False,321.08,642.6,0.32125,18.25,1785285207
All Pools,JELLYFC - AVAX,0.1,False,321.08,642.6,0.32125,18.25,1785285207
All Pools,Z - AVAX,0.1,False,321.08,642.6,0.32125,18.25,1785285207
All Pools,CSIX - AVAX,0.1,False,321.08,642.6,0.32125,18.25,1785285207
All Pools,FTD - AVAX,0.1,False,321.06,642.57,0.32124,18.25,1785285207
All Pools,$HEY - AVAX,0.1,False,321.06,642.57,0.32124,18.25,1785285207
All Pools,EUSD - AVAX,0.1,False,321.06,642.57,0.32124,18.25,1785285207
All Pools,EVOP - AVAX,0.1,False,321.06,642.57,0.32124,18.25,1785285207
All Pools,WILLU - AVAX,0.1,False,321.06,642.57,0.32124,18.25,1785285207
All Pools,LOOBY - AVAX,0.1,False,321.02,642.49,0.3212,18.25,1785285207
All Pools,NAFT - AVAX,0.1,False,321.02,642.49,0.3212,18.25,1785285207
All Pools,KORICO - AVAX,0.1,False,321.02,642.49,0.3212,18.25,1785285207
All Pools,OGGY - AVAX,0.1,False,321.02,642.49,0.3212,18.25,1785285207
All Pools,SILLY - AVAX,0.1,False,321.02,642.49,0.3212,18.25,1785285207
All Pools,DPLN - AVAX,0.1,False,321.02,642.49,0.3212,18.25,1785285207
All Pools,GRIX - AVAX,0.1,False,321.01,642.47,0.32119,18.25,1785285207
All Pools,REKILL - AVAX,0.1,False,321.01,642.47,0.32119,18.25,1785285207
All Pools,FFTB - AVAX,0.1,False,321.01,642.47,0.32119,18.25,1785285207
All Pools,LAIKA - AVAX,0.1,False,321.01,642.47,0.32119,18.25,1785285207
All Pools,PUP - AVAX,0.1,False,321.01,642.47,0.32119,18.25,1785285207
All Pools,GHOST - AVAX,0.1,False,321.01,642.47,0.32119,18.25,1785285207
All Pools,KOBAN - AVAX,0.1,False,320.99,642.42,0.32116,18.25,1785285207
All Pools,EPEP - AVAX,0.1,False,320.99,642.42,0.32116,18.25,1785285207
All Pools,SEN - AVAX,0.1,False,320.99,642.42,0.32116,18.25,1785285207
All Pools,NEPT - AVAX,0.1,False,320.99,642.42,0.32116,18.25,1785285207
All Pools,ZOICH - AVAX,0.1,False,320.99,642.42,0.32116,18.25,1785285207
All Pools,LUCHA - AVAX,0.1,False,320.93,642.3,0.3211,18.25,1785285207
All Pools,MAYA - AVAX,0.1,False,320.93,642.3,0.3211,18.25,1785285207
All Pools,CATS - AVAX,0.1,False,320.93,642.3,0.3211,18.25,1785285207
All Pools,CATHEON - AVAX,0.1,False,320.93,642.3,0.3211,18.25,1785285207
All Pools,BABYNEIRO - AVAX,0.1,False,320.93,642.3,0.3211,18.25,1785285207
All Pools,LOLGUY - AVAX,0.1,False,320.92,642.29,0.3211,18.25,1785285207
All Pools,HIVE - AVAX,0.1,False,320.92,642.29,0.3211,18.25,1785285207
All Pools,CIV - AVAX,0.1,False,320.92,642.29,0.3211,18.25,1785285207
All Pools,NACRDX - AVAX,0.1,False,320.92,642.29,0.3211,18.25,1785285207
All Pools,CHIBI - AVAX,0.1,False,320.92,642.28,0.32109,18.25,1785285207
All Pools,BARSIK - AVAX,0.1,False,320.92,642.28,0.32109,18.25,1785285207
All Pools,XMW - AVAX,0.1,False,320.92,642.28,0.32109,18.25,1785285207
All Pools,BDXN - AVAX,0.1,False,320.92,642.28,0.32109,18.25,1785285207
All Pools,DOGSROCK - AVAX,0.1,False,320.92,642.28,0.32109,18.25,1785285207
All Pools,SAVIOUR - AVAX,0.1,False,320.92,642.28,0.32109,18.25,1785285207
All Pools,FOAM - AVAX,0.1,False,320.92,642.28,0.32109,18.25,1785285207
All Pools,BLCK - AVAX,0.1,False,320.92,642.28,0.32109,18.25,1785285207
All Pools,EYE - AVAX,0.1,False,320.86,642.16,0.32103,18.25,1785285207
All Pools,DOGE - AVAX,0.1,False,320.86,642.16,0.32103,18.25,1785285207
All Pools,SKICAT - AVAX,0.1,False,320.86,642.16,0.32103,18.25,1785285207
All Pools,XYZ - AVAX,0.1,False,320.86,642.16,0.32103,18.25,1785285207
All Pools,PEAK - AVAX,0.1,False,320.86,642.16,0.32103,18.25,1785285207
All Pools,PUMPKIN - AVAX,0.1,False,320.86,642.16,0.32103,18.25,1785285207
All Pools,YEPE - AVAX,0.1,False,320.86,642.16,0.32103,18.25,1785285207
All Pools,BIAO - AVAX,0.1,False,320.79,642.02,0.32096,18.25,1785285207
All Pools,SILO - AVAX,0.1,False,320.77,641.99,0.32095,18.25,1785285207
All Pools,BP - AVAX,0.1,False,320.77,641.99,0.32095,18.25,1785285207
All Pools,AXIOM - AVAX,0.1,False,320.77,-8.594,0.32095,-1363.18,1785285207
All Pools,OCTO - AVAX,0.1,False,320.77,-8.594,0.32095,-1363.18,1785285207
All Pools,PRQ - AVAX,0.1,False,320.77,641.99,0.32095,18.25,1785285207
All Pools,BAGWORK - AVAX,0.1,False,320.77,641.99,0.32095,18.25,1785285207
All Pools,SECT - AVAX,0.1,False,320.74,641.92,0.32091,18.25,1785285207
All Pools,ELIZA - AVAX,0.1,False,320.74,641.92,0.32091,18.25,1785285207
All Pools,MRSOON - AVAX,0.1,False,320.74,641.92,0.32091,18.25,1785285207
All Pools,STMX - AVAX,0.1,False,320.74,641.92,0.32091,18.25,1785285207
All Pools,BABYFLOKI - AVAX,0.1,False,320.74,641.92,0.32091,18.25,1785285207
All Pools,GRRR - AVAX,0.1,False,320.73,641.9,0.3209,18.25,1785285207
All Pools,UNLEASH - AVAX,0.1,False,320.73,641.9,0.3209,18.25,1785285207
All Pools,WINTER - AVAX,0.1,False,320.55,641.54,0.32072,18.25,1785285207
All Pools,DORK - AVAX,0.1,False,320.55,641.54,0.32072,18.25,1785285207
All Pools,JELLYBEAN - AVAX,0.1,False,320.55,641.54,0.32072,18.25,1785285207
All Pools,NX - AVAX,0.1,False,320.55,641.54,0.32072,18.25,1785285207
All Pools,SEKOIA - AVAX,0.1,False,320.55,641.54,0.32072,18.25,1785285207
All Pools,MONSTA - AVAX,0.1,False,320.53,641.51,0.32071,18.25,1785285207
All Pools,RATO - AVAX,0.1,False,320.53,641.51,0.32071,18.25,1785285207
All Pools,$LOTTO - AVAX,0.1,False,320.53,641.51,0.32071,18.25,1785285207
All Pools,PEC - AVAX,0.1,False,320.46,641.36,0.32063,18.25,1785285207
All Pools,SHITCOIN - AVAX,0.1,False,320.46,641.36,0.32063,18.25,1785285207
All Pools,$JUICE - AVAX,0.1,False,320.45,641.35,0.32063,18.25,1785285207
All Pools,SUEDE - AVAX,0.1,False,320.45,641.35,0.32063,18.25,1785285207
All Pools,CHOCTOPUS - AVAX,0.1,False,320.39,641.23,0.32057,18.25,1785285207
All Pools,AIYP - AVAX,0.1,False,320.39,641.23,0.32057,18.25,1785285207
All Pools,AVAC - AVAX,0.1,False,320.39,641.23,0.32057,18.25,1785285207
All Pools,COINYE - AVAX,0.1,False,320.39,641.23,0.32057,18.25,1785285207
All Pools,BLOOM - AVAX,0.1,False,320.39,641.23,0.32057,18.25,1785285207
All Pools,MATTLE - AVAX,0.1,False,320.36,641.16,0.32053,18.25,1785285207
All Pools,CLEV - AVAX,0.1,False,320.36,641.16,0.32053,18.25,1785285207
All Pools,BOZO - AVAX,0.1,False,320.36,641.16,0.32053,18.25,1785285207
All Pools,TACHI - AVAX,0.1,False,320.27,640.98,0.32044,18.25,1785285207
All Pools,$URO - AVAX,0.1,False,320.27,640.98,0.32044,18.25,1785285207
All Pools,DOGGY - AVAX,0.1,False,320.27,640.98,0.32044,18.25,1785285207
All Pools,TOKO - AVAX,0.1,False,320.27,640.98,0.32044,18.25,1785285207
All Pools,BURN - AVAX,0.1,False,320.26,640.96,0.32043,18.25,1785285207
All Pools,ROUL - AVAX,0.1,False,320.26,640.96,0.32043,18.25,1785285207
All Pools,MEEGSTR - AVAX,0.1,False,320.26,-9.112,0.32043,-1283.54,1785285207
All Pools,BRETT - AVAX,0.1,False,320.26,640.96,0.32043,18.25,1785285207
All Pools,MC - AVAX,0.1,False,320.21,640.87,0.32039,18.25,1785285207
All Pools,USDFC - AVAX,0.1,False,320.21,640.87,0.32039,18.25,1785285207
All Pools,KNIGHT - AVAX,0.1,False,320.21,640.87,0.32039,18.25,1785285207
All Pools,KTON - AVAX,0.1,False,320.21,640.87,0.32039,18.25,1785285207
All Pools,KESM - AVAX,0.1,False,320.21,640.87,0.32039,18.25,1785285207
All Pools,CRED - AVAX,0.1,False,320.19,640.83,0.32037,18.25,1785285207
All Pools,MDTX - AVAX,0.1,False,320.19,640.83,0.32037,18.25,1785285207
All Pools,STRDY - AVAX,0.1,False,320.19,640.83,0.32037,18.25,1785285207
All Pools,THEDOGEFATHER - AVAX,0.1,False,320.19,640.83,0.32037,18.25,1785285207
All Pools,FSN - AVAX,0.1,False,320.19,640.83,0.32037,18.25,1785285207
All Pools,KITTY - AVAX,0.1,False,320.19,640.83,0.32037,18.25,1785285207
All Pools,B4 - AVAX,0.1,False,320.1,640.64,0.32028,18.25,1785285207
All Pools,ITLX - AVAX,0.1,False,320.1,640.64,0.32028,18.25,1785285207
All Pools,LUMPY - AVAX,0.1,False,320.1,640.64,0.32028,18.25,1785285207
All Pools,BOLT - AVAX,0.1,False,320.09,640.63,0.32027,18.25,1785285207
All Pools,SEED - AVAX,0.1,False,320.09,640.63,0.32027,18.25,1785285207
All Pools,UPSCALP - AVAX,0.1,False,320.09,640.63,0.32027,18.25,1785285207
All Pools,REKTSTR - AVAX,0.1,False,320.09,-9.274,0.32027,-1260.46,1785285207
All Pools,SCHRODI - AVAX,0.1,False,320.09,640.63,0.32027,18.25,1785285207
All Pools,PAL - AVAX,0.1,False,320.09,640.63,0.32027,18.25,1785285207
All Pools,COFE - AVAX,0.1,False,320.02,640.49,0.3202,18.25,1785285207
All Pools,FREE - AVAX,0.1,False,320.02,640.49,0.3202,18.25,1785285207
All Pools,FRAG - AVAX,0.1,False,320.02,640.49,0.3202,18.25,1785285207
All Pools,AIPAD - AVAX,0.1,False,320.02,640.49,0.3202,18.25,1785285207
All Pools,VCXX - AVAX,0.1,False,320.02,640.49,0.3202,18.25,1785285207
All Pools,NEKO - AVAX,0.1,False,320.02,640.49,0.3202,18.25,1785285207
All Pools,SIN - AVAX,0.1,False,320.02,640.49,0.3202,18.25,1785285207
All Pools,RMC - AVAX,0.1,False,320.02,640.49,0.3202,18.25,1785285207
All Pools,BUTTCOIN2026 - AVAX,0.1,False,320.02,640.49,0.3202,18.25,1785285207
All Pools,SNOWBALL - AVAX,0.1,False,319.94,640.33,0.32012,18.25,1785285207
All Pools,CCX - AVAX,0.1,False,319.94,640.33,0.32012,18.25,1785285207
All Pools,NYAN - AVAX,0.1,False,319.94,640.33,0.32012,18.25,1785285207
All Pools,YOEUR - AVAX,0.1,False,319.92,640.28,0.32009,18.25,1785285207
All Pools,QUAD - AVAX,0.1,False,319.92,640.28,0.32009,18.25,1785285207
All Pools,UFT - AVAX,0.1,False,319.91,640.26,0.32008,18.25,1785285207
All Pools,XENCAT - AVAX,0.1,False,319.91,640.26,0.32008,18.25,1785285207
All Pools,NOV - AVAX,0.1,False,319.91,640.26,0.32008,18.25,1785285207
All Pools,KET - AVAX,0.1,False,319.91,640.26,0.32008,18.25,1785285207
All Pools,BELIEVE - AVAX,0.1,False,319.91,640.26,0.32008,18.25,1785285207
All Pools,UPS - AVAX,0.1,False,319.91,640.26,0.32008,18.25,1785285207
All Pools,PHIL - AVAX,0.1,False,319.89,640.22,0.32007,18.25,1785285207
All Pools,DABOO - AVAX,0.1,False,319.89,640.22,0.32007,18.25,1785285207
All Pools,MARSDOG - AVAX,0.1,False,319.89,640.22,0.32007,18.25,1785285207
All Pools,TXL - AVAX,0.1,False,319.89,640.22,0.32007,18.25,1785285207
All Pools,DONT - AVAX,0.1,False,319.89,640.22,0.32007,18.25,1785285207
All Pools,BGG1 - AVAX,0.1,False,319.82,640.08,0.31999,18.25,1785285207
All Pools,T99BTC - AVAX,0.1,False,319.82,640.08,0.31999,18.25,1785285207
All Pools,CRYPTOK - AVAX,0.1,False,319.76,639.97,0.31994,18.25,1785285207
All Pools,MXC - AVAX,0.1,False,319.76,639.97,0.31994,18.25,1785285207
All Pools,MUSD - AVAX,0.1,False,319.58,639.61,0.31976,18.25,1785285207
All Pools,ECHO - AVAX,0.1,False,319.58,639.61,0.31976,18.25,1785285207
All Pools,BOMB - AVAX,0.1,False,319.58,639.61,0.31976,18.25,1785285207
All Pools,UBERX - AVAX,0.1,False,319.58,639.61,0.31976,18.25,1785285207
All Pools,GDT - AVAX,0.1,False,319.58,639.61,0.31976,18.25,1785285207
All Pools,BUCKY - AVAX,0.1,False,319.58,639.61,0.31976,18.25,1785285207
All Pools,OTK - AVAX,0.1,False,318.88,638.19,0.31905,18.25,1785285207
All Pools,AURA - AVAX,0.1,False,318.88,638.19,0.31905,18.25,1785285207
All Pools,MARYJ - AVAX,0.1,False,318.88,638.19,0.31905,18.25,1785285207
All Pools,WIFE - AVAX,0.1,False,318.88,638.19,0.31905,18.25,1785285207
All Pools,PUTNI - AVAX,0.1,False,318.88,638.19,0.31905,18.25,1785285207
All Pools,TOPAZ - AVAX,0.1,False,318.79,638.02,0.31896,18.25,1785285207
All Pools,WOLF - AVAX,0.1,False,318.79,638.02,0.31896,18.25,1785285207
All Pools,NAVI - AVAX,0.1,False,318.79,638.02,0.31896,18.25,1785285207
All Pools,BSW - AVAX,0.1,False,318.74,637.93,0.31892,18.25,1785285207
All Pools,PERPAD - AVAX,0.1,False,318.64,637.73,0.31882,18.25,1785285207
All Pools,PENG - AVAX,0.1,False,318.64,637.73,0.31882,18.25,1785285207
All Pools,SHIKO - AVAX,0.1,False,318.64,637.73,0.31882,18.25,1785285207
All Pools,SOUL - AVAX,0.1,False,318.64,637.73,0.31882,18.25,1785285207
All Pools,DERI - AVAX,0.1,False,318.64,637.73,0.31882,18.25,1785285207
All Pools,NEON - AVAX,0.1,False,318.36,637.16,0.31853,18.25,1785285207
All Pools,QUANT - AVAX,0.1,False,318.36,637.16,0.31853,18.25,1785285207
All Pools,SPDG - AVAX,0.1,False,318.36,637.16,0.31853,18.25,1785285207
All Pools,IQ50 - AVAX,0.1,False,318.36,637.16,0.31853,18.25,1785285207
All Pools,CVT - AVAX,0.1,False,318.36,637.16,0.31853,18.25,1785285207
All Pools,GM - AVAX,0.1,False,318.36,637.16,0.31853,18.25,1785285207
All Pools,IXO - AVAX,0.1,False,318.14,636.73,0.31832,18.25,1785285207
All Pools,AVAX - ALVA,0.3,False,316.14,679.55,0.79036,42.45,1785285207
All Pools,BLSEYE🎯 - AVAX,0.3,False,284.57,4608.62,0.71143,5.63,1785285207
All Pools,NXPC - USDC,0.8,False,281.81,148.55,2.287,561.97,1785285207
All Pools,AUSD - USDt,0.01,False,275.58,53944.0,0.03121,0.02,1785285207
All Pools,ARENA - AVAX,2.5,False,272.37,575.44,6.892,437.16,1785285207
All Pools,BLSEYE🎯 - ARENA,0.3,False,270.9,1431.4,0.67724,17.27,1785285207
All Pools,XSGD - USDC,0.05,False,263.31,737.57,0.11822,5.85,1785285207
All Pools,WETH.e - USDC.e,0.3,False,246.39,11184.0,0.61597,2.01,1785285207
All Pools,WOLF - AVAX,0.3,False,235.4,27871.0,0.58851,0.77,1785285207
All Pools,FTOMB - AVAX,0.3,False,229.01,6457.62,0.57251,3.24,1785285207
All Pools,SolvBTC - BTC.b,0.04,False,228.07,185163.0,0.12368,0.02,1785285207
All Pools,sAVAX - JACK,0.3,False,210.93,302570.0,0.52732,0.06,1785285207
All Pools,MIM - SB,0.3,False,207.14,1594.44,0.51785,11.85,1785285207
All Pools,GURS - AVAX,0.3,False,200.09,5327.51,0.50022,3.43,1785285207
All Pools,AVAX - SPELL,0.3,False,193.16,1495.05,0.48291,11.79,1785285207
All Pools,AVAX - UST,0.3,False,171.13,6715.22,0.42783,2.33,1785285207
All Pools,JPYC - USDC,0.04,False,170.26,3107.19,0.11814,1.39,1785285207
All Pools,XSEED - AVAX,0.3,False,168.96,9217.56,0.42241,1.67,1785285207
All Pools,USDC.e - USDT.e,0.3,False,165.37,39893.0,0.41342,0.38,1785285207
All Pools,APIX - USDt,0.3,False,160.6,5538.97,0.4015,2.65,1785285207
All Pools,GMX - AVAX,0.3,False,158.69,4246.86,0.39672,3.41,1785285207
All Pools,SYN - AVAX,0.3,False,146.03,3875.65,0.36506,3.44,1785285207
All Pools,STOMB - AVAX,0.3,False,134.45,5144.3,0.33611,2.38,1785285207
All Pools,AVAX - GEC,0.3,False,132.82,26807.0,0.33204,0.45,1785285207
All Pools,AI - AVAX,0.3,False,119.99,3180.7,0.29998,3.44,1785285207
All Pools,TOPIA - AVAX,0.1,False,116.58,809.28,0.11787,5.32,1785285207
All Pools,BTC.b - TOPIA,0.3,False,114.67,676.15,0.28668,15.48,1785285207
All Pools,avUSD - USDC,0.05,False,107.96,151.92,0.054,12.97,1785285207
All Pools,HUSKY - AVAX,0.3,False,101.43,2243.64,0.25357,4.13,1785285207
All Pools,FEED - AVAX,0.3,False,98.46,5853.88,0.24615,1.53,1785285207
All Pools,AVAX - JUICE,0.3,False,93.96,10120.0,0.23489,0.85,1785285207
All Pools,YAK - USDC.e,0.3,False,92.2,144.32,0.23049,58.29,1785285207
All Pools,FITFI - USDT.e,0.3,False,89.25,71.4,0.22312,114.06,1785285207
All Pools,DAI.e - USDt,0.25,False,88.08,20595.0,0.20513,0.36,1785285207
All Pools,FLD - AVAX,0.3,False,87.12,36866.0,0.21779,0.22,1785285207
All Pools,UST - AVAX,0.3,False,86.07,5671.27,0.21517,1.38,1785285207
All Pools,SIERRA - USDC,0.1,False,82.25,161091.0,0.08983,0.02,1785285207
All Pools,APIX - USDC,0.3,False,76.66,2767.06,0.19166,2.53,1785285207
All Pools,APIX - ID,0.3,False,74.22,17602.0,0.18556,0.38,1785285207
All Pools,WTHT - USDC,0.8,False,72.76,211.53,1.077,185.88,1785285207
All Pools,w3ULL - AVAX,0.3,False,72.71,48776.0,0.18179,0.14,1785285207
All Pools,MUON - AVAX,0.3,False,65.07,43432.0,0.16267,0.14,1785285207
All Pools,XETA - USDC,0.3,False,62.08,5488.57,0.15519,1.03,1785285207
All Pools,XAVA - AVAX,0.8,False,50.18,370.52,0.43172,42.53,1785285207
All Pools,PTOP700 - AVAX,0.1,False,49.02,74.8,0.07412,36.17,1785285207
All Pools,USDC.e - USDC,0.3,False,47.22,480265.0,0.11806,0.01,1785285207
All Pools,USDt - USDC,0.0,False,44.21,14.93,0.0,0.0,1785285207
All Pools,gOHM - FRAX,0.3,False,43.29,3576.12,0.10822,1.1,1785285207
All Pools,USDC.e - USDC,0.02,False,42.01,1951.45,0.00844,0.16,1785285207
All Pools,XPOW - AVAX,0.8,False,38.52,637.99,0.31152,17.82,1785285207
All Pools,agEUR - USDC,0.3,False,38.42,60.22,0.09606,58.22,1785285207
All Pools,AVAX - AMI,0.3,False,34.58,431.26,0.08646,7.32,1785285207
All Pools,GUN - BLSEYE🎯,0.3,False,33.97,403.28,0.08493,7.69,1785285207
All Pools,PTOP400 - AVAX,0.1,False,32.99,66.16,0.03409,18.8,1785285207
All Pools,STG - USDC,0.3,False,32.87,1158.78,0.08217,2.59,1785285207
All Pools,HOWDY - AVAX,0.3,False,27.08,7155.44,0.06769,0.35,1785285207
All Pools,AVAX - ARENA,0.3,False,25.54,94.04,0.06385,24.78,1785285207
All Pools,YBTC.B - WBTC,0.01,False,25.29,573.53,0.01009,0.64,1785285207
All Pools,PRIME - AVAX,0.4,False,24.34,117132.0,0.26923,0.08,1785285207
All Pools,MOR - AVAX,0.3,False,21.73,97.66,0.05433,20.31,1785285207
All Pools,TECH - AVAX,0.3,False,21.25,9300.45,0.05312,0.21,1785285207
All Pools,FRAX - USDC,0.25,False,21.15,261.48,0.05842,8.16,1785285207
All Pools,AVAX - aXEN,0.3,False,21.09,149.92,0.05273,12.84,1785285207
All Pools,EGG - AVAX,0.3,False,19.96,15749.0,0.0499,0.12,1785285207
All Pools,Psychic - AVAX,0.3,False,18.3,890.02,0.04574,1.88,1785285207
All Pools,LUNA - USDC.e,0.3,False,18.27,606.77,0.04569,2.75,1785285207
All Pools,STG - AVAX,0.3,False,18.03,975.6,0.04507,1.69,1785285207
All Pools,PNG - AVAX,0.3,False,18.01,795.79,0.04504,2.07,1785285207
All Pools,GUN - AVAX,0.3,False,17.78,178.75,0.04444,9.07,1785285207
All Pools,AVAX - mYAK,0.3,False,16.81,32.4,0.04203,47.36,1785285207
All Pools,USDC - MEAD,0.3,False,16.59,10826.0,0.04146,0.14,1785285207
All Pools,TOPIA - PTOP10000,0.3,False,16.29,189.6,0.04073,7.84,1785285207
All Pools,sAVAX - AVAX,0.3,False,16.01,174833.0,0.04001,0.01,1785285207
All Pools,SECOND - AVAX,0.3,False,15.8,1458.49,0.03949,0.99,1785285207
All Pools,ISA - AVAX,0.3,False,15.67,17013.0,0.03918,0.08,1785285207
All Pools,SECOND - USDC,0.3,False,15.27,6985.83,0.03818,0.2,1785285207
All Pools,TOPIA - PTOP600,0.3,False,14.94,175.01,0.03734,7.79,1785285207
All Pools,AMI - TOPIA,0.3,False,14.51,274.42,0.03628,4.83,1785285207
All Pools,PTOP1100 - AVAX,0.1,False,14.25,91.46,0.01432,5.71,1785285207
All Pools,PTOP1100 - TOPIA,0.3,False,14.25,196.64,0.03563,6.61,1785285207
All Pools,PTOP10000 - AVAX,0.1,False,14.16,10.05,0.01546,56.15,1785285207
All Pools,ISA - USDC.e,0.3,False,14.14,1441.49,0.03534,0.89,1785285207
All Pools,AVAX - FRAX,0.3,False,13.73,685.73,0.03434,1.83,1785285207
All Pools,PTOP1300 - BTC.b,0.1,False,13.51,263.95,0.01781,2.46,1785285207
All Pools,MIM - USDT.e,0.3,False,13.49,1093.12,0.03374,1.13,1785285207
All Pools,Gladiator - ARENA,0.3,False,12.84,727.71,0.03209,1.61,1785285207
All Pools,WBTC - AVAX,0.3,False,12.66,31.3,0.03164,36.89,1785285207
All Pools,Gladiator - USDC,0.3,False,12.55,360.59,0.03138,3.18,1785285207
All Pools,RGOGLZ - USDC,0.3,False,11.69,1335.05,0.02923,0.8,1785285207
All Pools,XPOW - AVAX,0.3,False,10.72,1189.64,0.0268,0.82,1785285207
All Pools,USDC - GAU,0.3,False,10.57,650.14,0.02642,1.48,1785285207
All Pools,YEEHAW - TOPIA,0.3,False,10.36,192.88,0.0259,4.9,1785285207
All Pools,rsAVAX - AVAX,0.1,False,10.23,696.31,0.01039,0.54,1785285207
All Pools,PTOP500 - TOPIA,0.3,False,9.456,155.0,0.02364,5.57,1785285207
All Pools,HEFE - AVAX,0.3,False,9.165,28095.0,0.02291,0.03,1785285207
All Pools,Psychic - XAUt0,0.3,False,8.755,5776.85,0.02189,0.14,1785285207
All Pools,COQ - COQAI,0.3,False,8.482,19676.0,0.0212,0.04,1785285207
All Pools,PTOP1300 - TOPIA,0.3,False,8.24,186.42,0.0206,4.03,1785285207
All Pools,FITFI - AVAX,0.3,False,7.773,6.412,0.01943,110.63,1785285207
All Pools,ABC - AVAX,0.3,False,7.682,508.76,0.01921,1.38,1785285207
All Pools,avUSD - sAVAX,0.3,False,7.332,208.9,0.01833,3.2,1785285207
All Pools,AVAX - NoR,0.3,False,7.328,60.6,0.01832,11.03,1785285207
All Pools,DCAU - AVAX,0.3,False,7.037,1014.57,0.01759,0.63,1785285207
All Pools,DCAU - USDT.e,0.3,False,6.802,4992.16,0.017,0.12,1785285207
All Pools,DATCM - ORNG,0.3,False,6.681,229.3,0.0167,2.66,1785285207
All Pools,Balln - AVAX,0.3,False,6.586,4292.17,0.01646,0.14,1785285207
All Pools,YEEHAW - HOWDY,0.3,False,6.537,8507.37,0.01634,0.07,1785285207
All Pools,UST - USDC,0.3,False,6.367,425.36,0.01592,1.37,1785285207
All Pools,BOI - AVAX,0.3,False,6.112,24.49,0.01528,22.77,1785285207
All Pools,WABBIT - AVAX,0.3,False,6.095,4078.43,0.01524,0.14,1785285207
All Pools,HATCHY - AVAX,0.3,False,6.07,6790.77,0.01517,0.08,1785285207
All Pools,HUSKY - JOE,0.3,False,5.882,95.88,0.0147,5.6,1785285207
All Pools,MIM - USDC.e,0.3,False,5.87,556.49,0.01467,0.96,1785285207
All Pools,USDC - LODE,0.3,False,5.843,838.41,0.01461,0.64,1785285207
All Pools,MIM - WETH.e,0.3,False,5.803,368.41,0.01451,1.44,1785285207
All Pools,ORNG - FLUX,0.3,False,5.408,109.9,0.01352,4.49,1785285207
All Pools,AVAX - ELK,0.3,False,5.318,1307.12,0.0133,0.37,1785285207
All Pools,BLSEYE🎯 - BEAM,0.3,False,5.219,274.69,0.01305,1.73,1785285207
All Pools,PTOP400 - TOPIA,0.3,False,5.126,158.34,0.01282,2.95,1785285207
All Pools,ORNG - SAI,0.3,False,4.735,103.25,0.01184,4.18,1785285207
All Pools,HUSKY - AMI,0.3,False,4.708,56.43,0.01177,7.61,1785285207
All Pools,AVAX - PEFI,0.3,False,4.688,3258.6,0.01172,0.13,1785285207
All Pools,AVAX - JUICY,0.3,False,4.641,1800.98,0.0116,0.24,1785285207
All Pools,AVAX - LODE,0.3,False,0.00604,0.83522,,0.66,1785285207
All Pools,ZH - JOE,0.3,False,0.03103,1.973,,1.44,1785285207
All Pools,WhoWhoWho - BLACK,0.3,False,0.01503,1.156,,1.19,1785285207
All Pools,Qubit - BLACK,0.3,False,0.01419,1.165,,1.11,1785285207
All Pools,KekiusMaximus - BLACK,0.3,False,0.01148,1.141,,0.92,1785285207
All Pools,BLACK - IfYouKnowYouKnow,0.3,False,0.01048,1.114,,0.86,1785285207
All Pools,PennyTrinity - BLACK,0.3,False,0.01543,1.147,,1.23,1785285207
All Pools,TrueStory - BLACK,0.3,False,0.01356,1.154,,1.07,1785285207
All Pools,Number - BLACK,0.3,False,0.01271,1.145,,1.01,1785285207
All Pools,Who - BLACK,0.3,False,0.01085,1.15,,0.86,1785285207
All Pools,Line - BLACK,0.3,False,0.01026,0.99514,,0.94,1785285207
All Pools,BEAM - AVAX,0.3,False,4.638,374.19,0.01159,1.13,1785285207
All Pools,AVAX - CLY,0.3,False,4.59,22122.0,0.01147,0.02,1785285207
All Pools,ZRO - AVAX,0.3,False,3.955,132.5,0.00989,2.72,1785285207
All Pools,AVAX - EROL,0.0,False,3.757,55.29,0.0,0.0,1785285207
All Pools,APIX - LAMBO,0.3,False,3.562,379.88,0.00891,0.86,1785285207
All Pools,COQ - BLSEYE🎯,0.3,False,3.534,157.0,0.00883,2.05,1785285207
All Pools,3QF - D - AVAX,0.3,False,3.508,1350.17,0.00877,0.24,1785285207
All Pools,3QF - D - WETH.e,0.3,False,3.495,2547.35,0.00874,0.13,1785285207
All Pools,APOW - AVAX,0.3,False,3.462,1601.29,0.00866,0.2,1785285207
All Pools,JOE - USDT,0.3,False,3.396,268.19,0.00849,1.16,1785285207
All Pools,APOW - XPOW,0.3,False,3.236,1419.03,0.00809,0.21,1785285207
All Pools,HOWDY - USDC,0.3,False,3.125,3205.01,0.00781,0.09,1785285207
All Pools,USDC - USD+,0.3,False,3.017,30.86,0.00754,8.92,1785285207
All Pools,USV - DAI.e,0.3,False,2.98,3938.42,0.00745,0.07,1785285207
All Pools,UST - USDC.e,0.3,False,2.886,647.52,0.00722,0.41,1785285207
All Pools,YEEHAW - BTC.b,0.3,False,2.877,58.6,0.00719,4.48,1785285207
All Pools,WETH - USDC.e,0.3,False,2.783,208.54,0.00696,1.22,1785285207
All Pools,BRO - AVAX,0.3,False,2.768,100883.0,0.00692,0.0,1785285207
All Pools,BRO - COQ,0.3,False,2.757,143.11,0.00689,1.76,1785285207
All Pools,LOK - AVAX,0.3,False,2.744,181.4,0.00686,1.38,1785285207
All Pools,Psychic - BLACK,0.3,False,2.724,238.1,0.00681,1.04,1785285207
All Pools,SWIFT - USDC.e,0.3,False,2.609,492.8,0.00652,0.48,1785285207
All Pools,MYST - AVAX,0.3,False,2.592,643.62,0.00648,0.37,1785285207
All Pools,LUNA - USDC.e,0.3,False,2.553,313.75,0.00638,0.74,1785285207
All Pools,USDC.e - MU,0.3,False,2.523,13142.0,0.00631,0.02,1785285207
All Pools,YUSD - AVAX,0.3,False,2.503,117.61,0.00626,1.94,1785285207
All Pools,ORNG - JUCI,0.3,False,2.464,240.97,0.00616,0.93,1785285207
All Pools,MEAT - AVAX,0.3,False,2.383,3067.68,0.00596,0.07,1785285207
All Pools,SWIFT - WETH.e,0.3,False,2.241,1353.03,0.0056,0.15,1785285207
All Pools,LINK.e - USDT.e,0.3,False,2.194,225.51,0.00549,0.89,1785285207
All Pools,ABC - HOWDY,0.3,False,2.175,542.44,0.00544,0.37,1785285207
All Pools,sAVAX - COQ,0.3,False,2.117,65.54,0.00529,2.95,1785285207
All Pools,MYST - USDC,0.3,False,2.11,214.02,0.00527,0.9,1785285207
All Pools,USDt - USDT.e,0.3,False,2.1,20380.0,0.00525,0.01,1785285207
All Pools,PTOP700 - TOPIA,0.3,False,2.094,173.62,0.00523,1.1,1785285207
All Pools,YOU - ORNG,0.3,False,2.083,1342.29,0.00521,0.14,1785285207
All Pools,Now - BLACK,0.3,False,2.035,216.32,0.00509,0.86,1785285207
All Pools,PNG - JOE,0.3,False,2.019,109.89,0.00505,1.68,1785285207
All Pools,AVAX - ChristMark,0.3,False,2.009,273.07,0.00502,0.67,1785285207
All Pools,LIQR - AVAX,0.3,False,1.977,36470.0,0.00494,0.0,1785285207
All Pools,Now - AVAX,0.3,False,1.974,191.65,0.00493,0.94,1785285207
All Pools,AVAX - SOCK,0.3,False,1.93,2448.25,0.00483,0.07,1785285207
All Pools,USDC - SOCK,0.3,False,1.903,422.91,0.00476,0.41,1785285207
All Pools,APOW - AVAX,0.3,False,1.861,862.36,0.00465,0.2,1785285207
All Pools,XAUt0 - Now,0.3,False,1.836,563.88,0.00459,0.3,1785285207
All Pools,TRESR - AVAX,0.3,False,1.784,8817.88,0.00446,0.02,1785285207
All Pools,AVAX - EROL,0.3,False,1.781,29.66,0.00445,5.48,1785285207
All Pools,FERT - AVAX,0.3,False,1.746,475.15,0.00436,0.34,1785285207
All Pools,gOHM - SB,0.3,False,1.736,17.07,0.00434,9.28,1785285207
All Pools,USDC.e - sSB,0.3,False,1.694,823.4,0.00424,0.19,1785285207
All Pools,BUSD - AVAX,0.3,False,1.667,344.42,0.00417,0.44,1785285207
All Pools,GRO - AVAX,0.3,False,1.659,193.4,0.00415,0.78,1785285207
All Pools,MaryMagdalene - AVAX,0.3,False,1.655,174.29,0.00414,0.87,1785285207
All Pools,WHEAT - AVAX,0.3,False,1.654,201.21,0.00413,0.75,1785285207
All Pools,XAUt0 - ChristMark,0.3,False,1.65,585.21,0.00413,0.26,1785285207
All Pools,ACS - AVAX,0.3,False,1.597,173.98,0.00399,0.84,1785285207
All Pools,WHEAT - MOR,0.3,False,1.583,7.269,0.00396,19.87,1785285207
All Pools,WETH.e - USDT.e,0.3,False,1.581,152.0,0.00395,0.95,1785285207
All Pools,GRO - MOR,0.3,False,1.538,9.642,0.00385,14.56,1785285207
All Pools,LINK.e - USDC.e,0.3,False,1.529,187.49,0.00382,0.74,1785285207
All Pools,STEAK - AVAX,0.3,False,1.517,7419.18,0.00379,0.02,1785285207
All Pools,WETH.e - ONION,0.3,False,1.477,239.22,0.00369,0.56,1785285207
All Pools,REDWOLF - USDC,0.3,False,1.446,188.17,0.00361,0.7,1785285207
All Pools,AVAX - AKITAX,0.3,False,1.435,399.28,0.00359,0.33,1785285207
All Pools,DPS - AVAX,0.3,False,1.425,184.01,0.00356,0.71,1785285207
All Pools,DPS - USDC,0.3,False,1.424,1811.95,0.00356,0.07,1785285207
All Pools,AVALOX - AVAX,0.3,False,1.421,1.747,0.00355,74.24,1785285207
All Pools,SLOT - AVAX,0.3,False,1.413,2546.02,0.00353,0.05,1785285207
All Pools,ALOT - USDC.e,0.3,False,1.383,5.625,0.00346,22.43,1785285207
All Pools,AVAX - NaughtiusMaximus,0.3,False,1.38,338.79,0.00345,0.37,1785285207
All Pools,KRW - AVAX,0.3,False,1.354,312.61,0.00338,0.4,1785285207
All Pools,JOE - KRW,0.3,False,1.352,139.22,0.00338,0.89,1785285207
All Pools,YAK - SPORE,0.3,False,1.313,3.459,0.00328,34.64,1785285207
All Pools,USDT.e - CLY,0.3,False,1.191,181.17,0.00298,0.6,1785285207
All Pools,AVAX - HeC,0.3,False,1.176,7224.22,0.00294,0.01,1785285207
All Pools,USDC.e - AVVO,0.3,False,1.173,225.99,0.00293,0.47,1785285207
All Pools,USDC - aXEN,0.3,False,1.161,8.037,0.0029,13.18,1785285207
All Pools,MaryMagdalene - XAUt0,0.3,False,1.132,1657.58,0.00283,0.06,1785285207
All Pools,XAUt0 - NaughtiusMaximus,0.3,False,1.112,888.68,0.00278,0.11,1785285207
All Pools,Gravity - AVAX,0.3,False,1.099,243.29,0.00275,0.41,1785285207
All Pools,giraffe - USDC,0.3,False,1.075,,0.00269,126477.3,1785285207
All Pools,HOST - DAI.e,0.3,False,1.07,2516.06,0.00267,0.04,1785285207
All Pools,MAGICK - AVAX,0.3,False,1.046,284.28,0.00261,0.34,1785285207
All Pools,MAGICK - USDC,0.3,False,1.045,227.04,0.00261,0.42,1785285207
All Pools,SWIFT - AVAX,0.3,False,1.035,240.2,0.00259,0.39,1785285207
All Pools,SLOT - STOMB,0.3,False,1.034,191.41,0.00258,0.49,1785285207
All Pools,NOCHILL - OX,0.3,False,1.033,10493.0,0.00258,0.01,1785285207
All Pools,REDWOLF - AVAX,0.3,False,1.004,393.75,0.00251,0.23,1785285207
All Pools,YEEHAW - AVAX,0.3,False,1.003,13.87,0.00251,6.6,1785285207
All Pools,GURS - ARENA,0.3,False,0.98993,8.204,0.00247,11.01,1785285207
All Pools,AVAX - TIME,0.3,False,0.98176,537.03,0.00245,0.17,1785285207
All Pools,APOW - USDt,0.3,False,0.97398,158.72,0.00243,0.56,1785285207
All Pools,XROSS - ORNG,0.3,False,0.97015,230.79,0.00243,0.38,1785285207
All Pools,USDC.e - ONION,0.3,False,0.94378,370.93,0.00236,0.23,1785285207
All Pools,SPORE - AVAX,0.3,False,0.93655,133.19,0.00234,0.64,1785285207
All Pools,AVAX - ONION,0.3,False,0.92859,149.38,0.00232,0.57,1785285207
All Pools,HOWDY - ARENA,0.3,False,0.8759,66.32,0.00219,1.21,1785285207
All Pools,APOW - USDC,0.3,False,0.8723,159.12,0.00218,0.5,1785285207
All Pools,ROY - AVAX,0.3,False,0.84203,3828.33,0.00211,0.02,1785285207
All Pools,MAI - AVAX,0.3,False,0.83875,1477.89,0.0021,0.05,1785285207
All Pools,USDT.e - ONION,0.3,False,0.83597,741.98,0.00209,0.1,1785285207
All Pools,JOE - EXP,0.3,False,0.82835,9963131.0,0.00207,,1785285207
All Pools,Trinity - AVAX,0.3,False,0.77983,740.3,0.00195,0.1,1785285207
All Pools,SOL - USDC,0.3,False,0.73601,21.07,0.00184,3.19,1785285207
All Pools,AVAX - SMRT,0.3,False,0.72823,1667.43,0.00182,0.04,1785285207
All Pools,Psychic - Now,0.3,False,0.72725,468.07,0.00182,0.14,1785285207
All Pools,LF - AVAX,0.3,False,0.71995,239.85,0.0018,0.27,1785285207
All Pools,MIM - LF,0.3,False,0.71806,240.26,0.0018,0.27,1785285207
All Pools,DREGG - AVAX,0.3,False,0.70348,147.88,0.00176,0.43,1785285207
All Pools,DREGG - USDT.e,0.3,False,0.70337,515.4,0.00176,0.12,1785285207
All Pools,SMRTr - AVAX,0.3,False,0.69322,25911.0,0.00173,0.0,1785285207
All Pools,WBTC.e - ONION,0.3,False,0.68587,355.08,0.00171,0.18,1785285207
All Pools,AVAX - MU,0.3,False,0.68163,74.4,0.0017,0.84,1785285207
All Pools,SMRTr - USDC.e,0.3,False,0.68018,104.52,0.0017,0.59,1785285207
All Pools,FXS - AVAX,0.3,False,0.65009,294.5,0.00163,0.2,1785285207
All Pools,USDT.e - SMRT,0.3,False,0.63946,89.37,0.0016,0.65,1785285207
All Pools,AVAX - AVVO,0.3,False,0.6326,232.4,0.00158,0.25,1785285207
All Pools,HUSKY - MUG,0.3,False,0.63142,14.7,0.00158,3.92,1785285207
All Pools,DAI.e - ONION,0.3,False,0.62958,331.93,0.00157,0.17,1785285207
All Pools,CAI - AVAX,0.3,False,0.62356,1290.07,0.00156,0.04,1785285207
All Pools,ARENA - MU,0.3,False,0.62248,4.427,0.00156,12.83,1785285207
All Pools,UNIQOC - AVAX,0.3,False,0.62159,818.48,0.00155,0.07,1785285207
All Pools,BANKSY - AVAX,0.3,False,0.62066,144.94,0.00155,0.39,1785285207
All Pools,BANKSY - USDT.e,0.3,False,0.62011,1528.59,0.00155,0.04,1785285207
All Pools,AAVE.e - REDWOLF,0.3,False,0.61879,156.76,0.00155,0.36,1785285207
All Pools,UNIQOC - COQ,0.3,False,0.61458,37.45,0.00154,1.5,1785285207
All Pools,AVAX - CAST,0.3,False,0.6089,1376.63,0.00152,0.04,1785285207
All Pools,BLSEYE🎯 - MEOW,0.3,False,0.60567,861.41,0.00151,0.06,1785285207
All Pools,LUNA - AVAX,0.3,False,0.60515,117.02,0.00151,0.47,1785285207
All Pools,ELXR - USDC.e,0.3,False,0.60437,1066.09,0.00151,0.05,1785285207
All Pools,COQ - OX,0.3,False,0.58823,11868.0,0.00147,0.0,1785285207
All Pools,Trinity - Psychic,0.3,False,0.58443,403.82,0.00146,0.13,1785285207
All Pools,AVAX - DOMI,0.3,False,0.55809,11214.0,0.0014,0.0,1785285207
All Pools,YEEHAW - CHAMP,0.3,False,0.55755,995.16,0.00139,0.05,1785285207
All Pools,RPEPE - AVAX,0.3,False,0.53213,3736.35,0.00133,0.01,1785285207
All Pools,ARROW - AVAX,0.3,False,0.52741,8.548,0.00132,5.63,1785285207
All Pools,aDXN - AVAX,0.3,False,0.51278,56.73,0.00128,0.82,1785285207
All Pools,DCAU - MIM,0.3,False,0.51271,81.26,0.00128,0.58,1785285207
All Pools,MAXI - DAI.e,0.3,False,0.51006,226.45,0.00128,0.21,1785285207
All Pools,FLOT - AVAX,0.3,False,0.50991,2824.42,0.00127,0.02,1785285207
All Pools,HOST - AVAX,0.3,False,0.5019,89.9,0.00125,0.51,1785285207
All Pools,aDXN - aXEN,0.3,False,0.49883,4.895,0.00125,9.3,1785285207
All Pools,BLZZ - AVAX,0.3,False,0.49107,5594.17,0.00123,0.01,1785285207
All Pools,USDC - MXNB,0.3,False,0.48955,16.59,0.00122,2.69,1785285207
All Pools,oXAUT - AVAX,0.3,False,0.48786,416.73,0.00122,0.11,1785285207
All Pools,BTC.b - oXAUT,0.3,False,0.48674,317.82,0.00122,0.14,1785285207
All Pools,KIWI - AVAX,0.3,False,0.48308,95.44,0.00121,0.46,1785285207
All Pools,KIWI - USDC,0.3,False,0.48282,299.99,0.00121,0.15,1785285207
All Pools,Psychic - All,0.3,False,0.48277,242.75,0.00121,0.18,1785285207
All Pools,AVAX - All,0.3,False,0.48194,213.79,0.0012,0.21,1785285207
All Pools,GOOD - COQ,0.3,False,0.47942,63.93,0.0012,0.68,1785285207
All Pools,WBTC.e - USDT.e,0.3,False,0.47689,156.4,0.00119,0.28,1785285207
All Pools,GOOD - AVAX,0.3,False,0.47559,105.26,0.00119,0.41,1785285207
All Pools,Psychic - Serpentarius,0.3,False,0.47097,246.7,0.00118,0.17,1785285207
All Pools,Serpentarius - AVAX,0.3,False,0.47011,216.5,0.00118,0.2,1785285207
All Pools,MIM - MU,0.3,False,0.46763,68.73,0.00117,0.62,1785285207
All Pools,AVAX - MUG,0.3,False,0.45843,252.31,0.00115,0.17,1785285207
All Pools,USDT.e - XAVA,0.3,False,0.45016,9.547,0.00113,4.3,1785285207
All Pools,REDWOLF - SOL,0.3,False,0.44996,58.68,0.00112,0.7,1785285207
All Pools,AVAX - USDT,0.3,False,0.44994,1725.5,0.00112,0.02,1785285207
All Pools,Psychic - Meaning,0.3,False,0.44861,237.85,0.00112,0.17,1785285207
All Pools,Meaning - AVAX,0.3,False,0.4485,332.08,0.00112,0.12,1785285207
All Pools,GB - AVAX,0.3,False,0.44143,1797.37,0.0011,0.02,1785285207
All Pools,COQ - JUICE,0.3,False,0.43298,29.49,0.00108,1.34,1785285207
All Pools,BLUB - AVAX,0.3,False,0.42925,11797.0,0.00107,0.0,1785285207
All Pools,Psychic - MerryXmas,0.3,False,0.41167,223.85,0.00103,0.17,1785285207
All Pools,MerryXmas - AVAX,0.3,False,0.41123,196.3,0.00103,0.19,1785285207
All Pools,XAUt0 - Gravity,0.3,False,0.40861,316.63,0.00102,0.12,1785285207
All Pools,WINK - AVAX,0.3,False,0.40271,33.73,0.00101,1.09,1785285207
All Pools,COQ - AMI,0.3,False,0.40087,10.41,0.001,3.52,1785285207
All Pools,USDC - SDOG,0.3,False,0.40027,348.26,0.001,0.1,1785285207
All Pools,VPND - AVAX,0.3,False,0.39959,18170.0,,0.0,1785285207
All Pools,LUNA - AVAX,0.3,False,0.38586,13.11,,2.69,1785285207
All Pools,MIM - SDOG,0.3,False,0.38148,62.92,,0.55,1785285207
All Pools,Psychic - Ducks,0.3,False,0.37664,243.38,,0.14,1785285207
All Pools,Ducks - AVAX,0.3,False,0.37604,212.8,,0.16,1785285207
All Pools,DivineFeminine - Gravity,0.3,False,0.37117,1646.53,,0.02,1785285207
All Pools,Orange - DivineFeminine,0.3,False,0.3705,783.18,,0.04,1785285207
All Pools,AVAX - ZUBAX,0.3,False,0.3695,93.31,,0.36,1785285207
All Pools,AVAX - LYLY,0.3,False,0.36519,51.44,,0.65,1785285207
All Pools,Psychic - NeatestQuackery,0.3,False,0.36305,242.67,,0.14,1785285207
All Pools,NeatestQuackery - AVAX,0.3,False,0.36234,211.91,,0.16,1785285207
All Pools,HH - ARENA,0.3,False,0.36067,2.701,,12.18,1785285207
All Pools,WOO.e - AVAX,0.3,False,0.35726,64.02,,0.51,1785285207
All Pools,HH - AVAX,0.3,False,0.35347,239.15,,0.13,1785285207
All Pools,KALM - AVAX,0.3,False,0.35329,98.58,,0.33,1785285207
All Pools,GENI - AVAX,0.3,False,0.35309,47.11,,0.68,1785285207
All Pools,KALM - USDC,0.3,False,0.35283,77.76,,0.41,1785285207
All Pools,GENI - USDC,0.3,False,0.35283,1101.66,,0.03,1785285207
All Pools,LINK.e - REDWOLF,0.3,False,0.3442,71.97,,0.44,1785285207
All Pools,Psychic - RedFolder,0.3,False,0.34399,243.29,,0.13,1785285207
All Pools,AVAX - RedFolder,0.3,False,0.34301,213.19,,0.15,1785285207
All Pools,AVAX - KET,0.3,False,0.34214,21.01,,1.49,1785285207
All Pools,Psychic - BlackAndGold,0.3,False,0.33995,243.15,,0.13,1785285207
All Pools,AVAX - BlackAndGold,0.3,False,0.33927,214.01,,0.14,1785285207
All Pools,AVAX - IMPACT2,0.3,False,0.33856,144.93,,0.21,1785285207
All Pools,Psychic - MeaningOfNumbers,0.3,False,0.32586,243.45,,0.12,1785285207
All Pools,AVAX - MeaningOfNumbers,0.3,False,0.32555,212.8,,0.14,1785285207
All Pools,COQ - OSAK,0.3,False,0.30356,18.54,,1.49,1785285207
All Pools,COQ - NOCHILL,0.3,False,0.30242,8.472,,3.26,1785285207
All Pools,CHAMP - AMI,0.3,False,0.29724,29.34,,0.92,1785285207
All Pools,YAK - JOE,0.3,False,0.29515,0.58909,,45.72,1785285207
All Pools,UST - USDT.e,0.3,False,0.29303,36.78,,0.73,1785285207
All Pools,ORNG - MOOM,0.3,False,0.29104,183.67,,0.14,1785285207
All Pools,QI - LYLY,0.3,False,0.28687,1.865,,14.03,1785285207
All Pools,DCAU - USDC,0.3,False,0.28501,142.96,,0.18,1785285207
All Pools,SYMBIOT - AVAX,0.3,False,0.27205,76.07,,0.33,1785285207
All Pools,50 - AVAX,0.3,False,0.26664,60.59,,0.4,1785285207
All Pools,ZUBAX - USDT.e,0.3,False,0.26612,173.08,,0.14,1785285207
All Pools,50 - USDC,0.3,False,0.26594,112.54,,0.22,1785285207
All Pools,SPORE - USDC,0.3,False,0.26135,1408.09,,0.02,1785285207
All Pools,CHAMP - ARENA,0.3,False,0.26038,20.44,,1.16,1785285207
All Pools,APOW - USDt,0.3,False,0.25934,25.69,,0.92,1785285207
All Pools,AVAX - STICK,0.3,False,0.25595,1124.33,,0.02,1785285207
All Pools,MIM - PEFI,0.3,False,0.25466,48.27,,0.48,1785285207
All Pools,SYMBIOT - DAI.e,0.3,False,0.25438,446.52,,0.05,1785285207
All Pools,Void - Now,0.3,False,0.2459,641.25,,0.03,1785285207
All Pools,Void - AVAX,0.3,False,0.24521,62.39,,0.36,1785285207
All Pools,pAVAX - AVAX,0.3,False,0.24478,1219.98,,0.02,1785285207
All Pools,FollowTheWhiteRabbit - AVAX,0.3,False,0.24331,116.27,,0.19,1785285207
All Pools,USDT.e - EXP,0.3,False,0.24133,45134286.0,,,1785285207
All Pools,WETH.e - REDWOLF,0.3,False,0.24127,85.69,,0.26,1785285207
All Pools,Psychic - Xmas,0.3,False,0.24033,225.03,,0.1,1785285207
All Pools,XPOW - USDC,0.3,False,0.24022,18.54,,1.18,1785285207
All Pools,Xmas - AVAX,0.3,False,0.23942,197.23,,0.11,1785285207
All Pools,GUN - AMI,0.3,False,0.23078,9.555,,2.2,1785285207
All Pools,MEOW - AVAX,0.3,False,0.23006,7788.33,,0.0,1785285207
All Pools,YEEHAW - USDC,0.3,False,0.22982,6.459,,3.25,1785285207
All Pools,OSAK - AVAX,0.3,False,0.22297,3249.82,,0.01,1785285207
All Pools,BrideOfChrist - BLACK,0.3,False,0.22271,16.09,,1.26,1785285207
All Pools,MIM - USDC,0.3,False,0.22039,21.46,,0.94,1785285207
All Pools,BTC.b - HOWDY,0.3,False,0.21952,66.18,,0.3,1785285207
All Pools,IMPACT2 - EURC,0.3,False,0.21709,43.18,,0.46,1785285207
All Pools,STATIK - AVAX,0.3,False,0.21636,30.23,,0.65,1785285207
All Pools,AVAX - FRAX,0.3,False,0.21549,197.59,,0.1,1785285207
All Pools,KLO - USDT.e,0.3,False,0.21164,3.795,,5.09,1785285207
All Pools,MIM - wsOHM,0.3,False,0.21124,100.94,,0.19,1785285207
All Pools,MM - AVAX,0.3,False,0.20822,67.9,,0.28,1785285207
All Pools,MM - USDC,0.3,False,0.20712,50.1,,0.38,1785285207
All Pools,CQK - AVAX,0.3,False,0.20706,98.55,,0.19,1785285207
All Pools,CQK - USDC,0.3,False,0.20691,31.1,,0.61,1785285207
All Pools,AVAX - BLACK,0.3,False,0.20422,3.035,,6.14,1785285207
All Pools,GGP - AVAX,0.3,False,0.20386,17217.0,,0.0,1785285207
All Pools,AVAX - SQRCAT,0.3,False,0.20107,4279.35,,0.0,1785285207
All Pools,Orange - AVAX,0.3,False,0.20025,62.8,,0.29,1785285207
All Pools,AMI - SQRCAT,0.3,False,0.20001,12.41,,1.47,1785285207
All Pools,Orange - Now,0.3,False,0.19969,469.47,,0.04,1785285207
All Pools,Psychic - ArniStitch,0.3,False,0.19915,239.88,,0.08,1785285207
All Pools,ArniStitch - AVAX,0.3,False,0.19851,209.75,,0.09,1785285207
All Pools,JEWEL - USDC,0.3,False,0.19555,3825.43,,0.0,1785285207
All Pools,AVAX - AKITA,0.3,False,0.19414,1720.85,,0.01,1785285207
All Pools,USDC.e - SOL,0.3,False,0.193,35.5,,0.5,1785285207
All Pools,Who - AVAX,0.3,False,0.19143,101.21,,0.17,1785285207
All Pools,QI - REDWOLF,0.3,False,0.19105,1.19,,14.65,1785285207
All Pools,USDC - CHAM,0.3,False,0.18918,46.67,,0.37,1785285207
All Pools,Psychic - Prometheus,0.3,False,0.18464,233.2,,0.07,1785285207
All Pools,MaryMagdalene - FollowTheWhiteRabbit,0.3,False,0.18445,155.37,,0.11,1785285207
All Pools,AVAX - Prometheus,0.3,False,0.18404,204.8,,0.08,1785285207
All Pools,COQ - ARENA,0.3,False,0.1835,1.357,,12.34,1785285207
All Pools,AVAX - DUO,0.3,False,0.18312,53.62,,0.31,1785285207
All Pools,USDt - IMPACT2,0.3,False,0.18287,72.1,,0.23,1785285207
All Pools,USDT.e - DUO,0.3,False,0.18284,51.07,,0.33,1785285207
All Pools,Christmas - AVAX,0.3,False,0.18089,177.35,,0.09,1785285207
All Pools,TSD - AVAX,0.3,False,0.1803,159.76,,0.1,1785285207
All Pools,RUX - AVAX,0.3,False,0.17819,25.84,,0.63,1785285207
All Pools,USDt - RUX,0.3,False,0.1781,16082.0,,0.0,1785285207
All Pools,USDt - XPOW,0.3,False,0.17796,18.5,,0.88,1785285207
All Pools,Hopi - AVAX,0.3,False,0.17574,156.3,,0.1,1785285207
All Pools,Hopi - Now,0.3,False,0.1756,511.24,,0.03,1785285207
All Pools,DFIAT - AVAX,0.3,False,0.17356,6132.01,,0.0,1785285207
All Pools,DFIAT - USDT.e,0.3,False,0.17336,27.09,,0.58,1785285207
All Pools,YAK - USDT.e,0.3,False,0.1722,0.36458,,43.1,1785285207
All Pools,Psychic - Wej,0.3,False,0.17048,239.56,,0.06,1785285207
All Pools,AVAX - Wej,0.3,False,0.16996,210.11,,0.07,1785285207
All Pools,Blue - AVAX,0.3,False,0.16974,189.58,,0.08,1785285207
All Pools,Psychic - Who,0.3,False,0.16888,56.08,,0.27,1785285207
All Pools,Now - Mentor,0.3,False,0.1678,631.0,,0.02,1785285207
All Pools,AVAX - Mentor,0.3,False,0.16763,62.74,,0.24,1785285207
All Pools,APOW - USDC,0.3,False,0.16564,25.67,,0.59,1785285207
All Pools,MIM - SPELL,0.3,False,0.16452,1.337,,11.23,1785285207
All Pools,COQ - LYLY,0.3,False,0.16374,10.36,,1.44,1785285207
All Pools,ARENA - AMI,0.3,False,0.16267,1.712,,8.67,1785285207
All Pools,AVAX - WISE,0.3,False,0.16245,60.31,,0.25,1785285207
All Pools,USDC.e - WISE,0.3,False,0.16229,41.46,,0.36,1785285207
All Pools,AVAX - SantaGospel,0.3,False,0.16092,96.89,,0.15,1785285207
All Pools,SYN - REDWOLF,0.3,False,0.15875,3.926,,3.69,1785285207
All Pools,miMatic - USDC.e,0.3,False,0.15578,22.58,,0.63,1785285207
All Pools,VEE - USDC,0.3,False,0.15546,31.58,,0.45,1785285207
All Pools,BUSD - USDC,0.3,False,0.15384,7.463,,1.88,1785285207
All Pools,BTC.b - REDWOLF,0.3,False,0.15345,99.37,,0.14,1785285207
All Pools,Chemistry - Now,0.3,False,0.15334,631.51,,0.02,1785285207
All Pools,Chemistry - AVAX,0.3,False,0.15314,62.9,,0.22,1785285207
All Pools,Go - AVAX,0.3,False,0.15162,101.34,,0.14,1785285207
All Pools,GATOR - ARENA,0.3,False,0.15155,2.919,,4.74,1785285207
All Pools,USDC - SHRAP,0.3,False,0.15127,20.9,,0.66,1785285207
All Pools,meGNX - AVAX,0.3,False,0.15106,13.41,,1.03,1785285207
All Pools,AVAX - GAU,0.3,False,0.14983,4.453,,3.07,1785285207
All Pools,Psychic - Blue,0.3,False,0.14735,61.71,,0.22,1785285207
All Pools,bCASH - NOCHILL,0.3,False,0.14577,12.33,,1.08,1785285207
All Pools,USDC.e - WMATIC,0.3,False,0.14501,15.45,,0.86,1785285207
All Pools,COQ - KOVIN,0.3,False,0.14491,8.209,,1.61,1785285207
All Pools,AVAX - rsAVAX,0.3,False,0.1437,163.06,,0.08,1785285207
All Pools,Psychic - Chrism,0.3,False,0.14338,49.73,,0.26,1785285207
All Pools,BTC.b - IMPACT2,0.3,False,0.14289,1423.83,,0.01,1785285207
All Pools,WETH.e - SURE,0.3,False,0.14147,899.93,,0.01,1785285207
All Pools,AVAX - CHAM,0.3,False,0.14006,26.05,,0.49,1785285207
All Pools,MaryMagdalene - TheGospelOfMary,0.3,False,0.13975,210.56,,0.06,1785285207
All Pools,AVAX - TheGospelOfMary,0.3,False,0.13933,115.75,,0.11,1785285207
All Pools,JOE - ZABU,0.3,False,0.13747,12.38,,1.01,1785285207
All Pools,Psychic - SantaGospel,0.3,False,0.13684,55.43,,0.23,1785285207
All Pools,AVAI - AVAX,0.3,False,0.13511,19.48,,0.63,1785285207
All Pools,aAvaWAVAX - meGNX,0.3,False,0.1345,3.046,,4.03,1785285207
All Pools,NOCHILL - KET,0.3,False,0.13436,7.355,,1.67,1785285207
All Pools,COQ - REDWOLF,0.3,False,0.13394,9.219,,1.33,1785285207
All Pools,Wormhole - AVAX,0.3,False,0.1318,76.01,,0.16,1785285207
All Pools,WETH.e - USDC,0.3,False,0.13115,20.82,,0.57,1785285207
All Pools,AVAX - Strength,0.3,False,0.13007,100.82,,0.12,1785285207
All Pools,Wormhole - NaughtiusMaximus,0.3,False,0.13002,100.02,,0.12,1785285207
All Pools,SLUSH - AVAX,0.3,False,0.12921,46.3,,0.25,1785285207
All Pools,SLUSH - USDT.e,0.3,False,0.12903,55.68,,0.21,1785285207
All Pools,MaryMagdalene - BrideOfChrist,0.3,False,0.1287,90.97,,0.13,1785285207
All Pools,SOL - AVAX,0.3,False,0.12551,0.00165,,6953.5,1785285207
All Pools,MIM - DAI.e,0.3,False,0.12541,14.14,,0.81,1785285207
All Pools,BOOTY - AVAX,0.3,False,0.12367,1479.59,,0.01,1785285207
All Pools,KOVIN - AVAX,0.3,False,0.12316,2111.57,,0.01,1785285207
All Pools,COQ - BOOTY,0.3,False,0.12302,6.978,,1.61,1785285207
All Pools,NaughtiusMaximus - Seventeen,0.3,False,0.12298,676.66,,0.02,1785285207
All Pools,Psychic - Go,0.3,False,0.12263,55.62,,0.2,1785285207
All Pools,Now - Propriety,0.3,False,0.1226,630.9,,0.02,1785285207
All Pools,AVAX - Seventeen,0.3,False,0.12258,205.61,,0.05,1785285207
All Pools,AVAX - Propriety,0.3,False,0.1222,62.62,,0.18,1785285207
All Pools,WETH.e - yyAVAX,0.3,False,0.12103,14.85,,0.74,1785285207
All Pools,Beyond - Now,0.3,False,0.12039,317.48,,0.03,1785285207
All Pools,Beyond - AVAX,0.3,False,0.11993,62.51,,0.18,1785285207
All Pools,AVAX - trump,0.3,False,0.11859,12.86,,0.84,1785285207
All Pools,gOHM - wsOHM,0.3,False,0.117,13.95,,0.77,1785285207
All Pools,MCV - AVAX,0.3,False,0.11674,287.71,,0.04,1785285207
All Pools,BLUB - AVAX,0.0,False,0.11628,33.02,0.0,0.0,1785285207
All Pools,COQ - MCV,0.3,False,0.116,6.703,,1.58,1785285207
All Pools,YEEHAW - ARENA,0.3,False,0.11518,1.618,,6.5,1785285207
All Pools,ZRO - USDC,0.3,False,0.1146,4.401,,2.38,1785285207
All Pools,USDC - BVAX,0.3,False,0.11024,25.78,,0.39,1785285207
All Pools,Psychic - Strength,0.3,False,0.10962,55.49,,0.18,1785285207
All Pools,QI - USDC.e,0.3,False,0.10909,0.66048,,15.07,1785285207
All Pools,SNP - AVAX,0.3,False,0.10688,8.123,,1.2,1785285207
All Pools,L - Swing - aXEN,0.3,False,0.10675,45.71,,0.21,1785285207
All Pools,COQ - SNP,0.3,False,0.10633,17.7,,0.55,1785285207
All Pools,TECH - OX,0.3,False,0.10446,4513.77,,0.0,1785285207
All Pools,GLOBA - AVAX,0.3,False,0.104,40.56,,0.23,1785285207
All Pools,Christmas - ChristMark,0.3,False,0.10381,110.65,,0.09,1785285207
All Pools,Hydrogen - AVAX,0.3,False,0.1027,187.7,,0.05,1785285207
All Pools,SPC - DAI.e,0.3,False,0.10173,24.15,,0.38,1785285207
All Pools,USDV - REDWOLF,0.3,False,0.1001,18.05,,0.51,1785285207
All Pools,SURE - USDC.e,0.3,False,0.09735,21.44,,0.41,1785285207
All Pools,GLOBA - DAI.e,0.3,False,0.09727,47.75,,0.19,1785285207
All Pools,L - Swing - aDXN,0.3,False,0.09524,10.44,,0.83,1785285207
All Pools,USDC - yyAVAX,0.3,False,0.09499,12.11,,0.72,1785285207
All Pools,Trinity - BrideOfChrist,0.3,False,0.09459,56301450.0,,,1785285207
All Pools,TruthClosure - BLACK,0.3,False,0.09455,11.46,,0.75,1785285207
All Pools,CRA - AVAX,0.3,False,0.09452,7246.67,,0.0,1785285207
All Pools,JOE - CRA,0.3,False,0.09397,6.75,,1.27,1785285207
All Pools,AVAX - MILO,0.3,False,0.09396,802.05,,0.01,1785285207
All Pools,USDt - MILO,0.3,False,0.09392,14.14,,0.61,1785285207
All Pools,AVAX - ELK,0.3,False,0.0937,47.35,,0.18,1785285207
All Pools,DiamondbackGall - AVAX,0.3,False,0.09206,214.24,,0.04,1785285207
All Pools,MELT - AVAX,0.3,False,0.09192,20.25,,0.41,1785285207
All Pools,Psychic - DiamondbackGall,0.3,False,0.09185,243.43,,0.03,1785285207
All Pools,SMRT - XAVA,0.3,False,0.08805,2.037,,3.94,1785285207
All Pools,JOE - QI,0.3,False,0.08791,0.55903,,14.35,1785285207
All Pools,wsOHM - USDC.e,0.3,False,0.08371,14.23,,0.54,1785285207
All Pools,TOMB - USDC,0.3,False,0.08359,10.1,,0.76,1785285207
All Pools,AVAT - USDC,0.3,False,0.08343,37.79,,0.2,1785285207
All Pools,DogL - AVAX,0.3,False,0.08202,214.1,,0.03,1785285207
All Pools,Psychic - DogL,0.3,False,0.08183,243.28,,0.03,1785285207
All Pools,Psychic - [i]Lluminati,0.3,False,0.08033,48.92,,0.15,1785285207
All Pools,USDC.e - WXT,0.3,False,0.07901,186.39,,0.04,1785285207
All Pools,FITFI - USDC,0.3,False,0.07844,0.08482,,84.39,1785285207
All Pools,Jjj - AVAX,0.3,False,0.07823,212.96,,0.03,1785285207
All Pools,Psychic - Jjj,0.3,False,0.07806,243.38,,0.03,1785285207
All Pools,Psychic - Christmas,0.3,False,0.07773,32.61,,0.22,1785285207
All Pools,Chrism - ChristMark,0.3,False,0.07704,142.5,,0.05,1785285207
All Pools,miMatic - AVAX,0.3,False,0.07426,30.36,,0.22,1785285207
All Pools,COQ - MU,0.3,False,0.07357,3.626,,1.85,1785285207
All Pools,USDC - USDT.e,0.3,False,0.07276,154.25,,0.04,1785285207
All Pools,AVAX - HON,0.3,False,0.07276,49675.0,,,1785285207
All Pools,NOCHILL - AMI,0.3,False,0.07177,3.769,,1.74,1785285207
All Pools,BLS - USDt,0.3,False,0.07165,127.45,,0.05,1785285207
All Pools,USDT.e - ZABU,0.3,False,0.07045,44.42,,0.14,1785285207
All Pools,MU - COQAI,0.3,False,0.07035,5.524,,1.16,1785285207
All Pools,AVAXAI - USDC,0.3,False,0.07021,1477.87,,0.0,1785285207
All Pools,SYN - USDC.e,0.3,False,0.06946,1.988,,3.19,1785285207
All Pools,CANS - AVAX,0.3,False,0.06843,8.245,,0.76,1785285207
All Pools,ElvisJackpot - Gravity,0.3,False,0.06782,14.59,,0.42,1785285207
All Pools,ElvisJackpot - BLACK,0.3,False,0.06773,9.314,,0.66,1785285207
All Pools,LIBRE - USDC.e,0.3,False,0.06742,12.14,,0.51,1785285207
All Pools,KIMBO - CANS,0.3,False,0.06742,218.32,,0.03,1785285207
All Pools,BNZ - AVAX,0.3,False,0.06712,150.19,,0.04,1785285207
All Pools,MaryMagdalene - ChristMark,0.3,False,0.06711,304.06,,0.02,1785285207
All Pools,ACS - USDC.e,0.3,False,0.06671,5.248,,1.16,1785285207
All Pools,COQ - bCASH,0.3,False,0.06625,13.02,,0.46,1785285207
All Pools,CommieSukey - AVAX,0.3,False,0.06624,213.41,,0.03,1785285207
All Pools,AVAX - DAI,0.3,False,0.06607,55.91,,0.11,1785285207
All Pools,Psychic - CommieSukey,0.3,False,0.06602,243.34,,0.02,1785285207
All Pools,AVAX - RPEPE,0.3,False,0.06497,285.04,,0.02,1785285207
All Pools,JOE - ZUBAX,0.3,False,0.06453,6.198,,0.95,1785285207
All Pools,MIM - TIME,0.3,False,0.06396,17.67,,0.33,1785285207
All Pools,TRYB - USDC.e,0.3,False,0.06364,31.72,,0.18,1785285207
All Pools,CNR - AVAX,0.3,False,0.06065,50.37,,0.11,1785285207
All Pools,MELT - USDT.e,0.3,False,0.06033,29.52,,0.19,1785285207
All Pools,MIM - AUSD,0.3,False,0.06024,7.75,,0.71,1785285207
All Pools,Psychic - Hydrogen,0.3,False,0.06002,61.36,,0.09,1785285207
All Pools,FollowTheWhiteRabbit - TruthClosure,0.3,False,0.05968,28.88,,0.19,1785285207
All Pools,WOLF - AMI,0.3,False,0.05967,2.9,,1.88,1785285207
All Pools,AMI - MU,0.3,False,0.05878,1.52,,3.53,1785285207
All Pools,BOI - MU,0.3,False,0.05877,0.44166,,12.14,1785285207
All Pools,WarpSpeed - AVAX,0.3,False,0.05696,99.47,,0.05,1785285207
All Pools,Gravity - WarpSpeed,0.3,False,0.05677,60.34,,0.09,1785285207
All Pools,SURE - DAI.e,0.3,False,0.0563,25.01,,0.21,1785285207
All Pools,TruthClosure - AVAX,0.3,False,0.05623,7.513,,0.68,1785285207
All Pools,YEEHAW - AMI,0.3,False,0.05604,4.353,,1.17,1785285207
All Pools,AMI - COQAI,0.3,False,0.05466,3.262,,1.53,1785285207
All Pools,MIM - VOLT,0.3,False,0.05421,9.709,,0.51,1785285207
All Pools,wsOHM - AVAX,0.3,False,0.05268,6.33,,0.76,1785285207
All Pools,WOLF - AVAX,0.3,False,0.05004,44.42,,0.1,1785285207
All Pools,Gladiator - AVAX,0.3,False,0.04933,2.044,,2.2,1785285207
All Pools,Anon - AVAX,0.3,False,0.04802,7.457,,0.59,1785285207
All Pools,bCASH - TECH,0.3,False,0.04775,10.63,,0.41,1785285207
All Pools,DAI.e - VOLT,0.3,False,0.04768,37.91,,0.11,1785285207
All Pools,Gil - AVAX,0.3,False,0.04521,13.82,,0.3,1785285207
All Pools,AVAX - SNOB,0.3,False,0.04491,763.74,,0.01,1785285207
All Pools,NineHundred - BLACK,0.3,False,0.04445,2.353,,1.72,1785285207
All Pools,AVAX - FORT,0.3,False,0.04441,9.208,,0.44,1785285207
All Pools,USDt - DXN,0.3,False,0.04432,213.62,,0.02,1785285207
All Pools,NineHundred - AVAX,0.3,False,0.04429,99.8,,0.04,1785285207
All Pools,MIM - FORT,0.3,False,0.04421,1365.75,,0.0,1785285207
All Pools,AVAX - MICRO,0.3,False,0.04421,18.48,,0.22,1785285207
All Pools,COQ - MICRO,0.3,False,0.0439,2.783,,1.44,1785285207
All Pools,USDt - REDWOLF,0.3,False,0.04386,13.84,,0.29,1785285207
All Pools,BTC.b - MU,0.3,False,0.04324,10.01,,0.39,1785285207
All Pools,gOHM - JOE,0.3,False,0.04309,3.12,,1.26,1785285207
All Pools,Hydrogen - BLACK,0.3,False,0.0429,2.376,,1.65,1785285207
All Pools,DUO - USDT.e,0.3,False,0.04249,6.212,,0.62,1785285207
All Pools,Gil - DAI.e,0.3,False,0.04229,26.45,,0.15,1785285207
All Pools,BOI - AMI,0.3,False,0.04189,0.34789,,10.99,1785285207
All Pools,BNB - AVAX,0.3,False,0.0416,2841.44,,0.0,1785285207
All Pools,AVVO - DAI.e,0.3,False,0.04107,34.85,,0.11,1785285207
All Pools,KIMBO - AMI,0.3,False,0.04094,2.919,,1.28,1785285207
All Pools,LoveYou - AVAX,0.3,False,0.04052,43.97,,0.08,1785285207
All Pools,LoveYou - Gravity,0.3,False,0.04038,40.37,,0.09,1785285207
All Pools,MELT - USDC.e,0.3,False,0.0403,5.985,,0.61,1785285207
All Pools,MELT - AVAX,0.3,False,0.04023,820.57,,0.0,1785285207
All Pools,GAINS - AVAX,0.3,False,0.03895,31.0,,0.11,1785285207
All Pools,USDT.e - TMT,0.3,False,0.03842,25.43,,0.14,1785285207
All Pools,AVAX - TMT,0.3,False,0.03834,5.899,,0.59,1785285207
All Pools,MIM - YAK,0.3,False,0.03792,0.07801,,44.36,1785285207
All Pools,SLIME - USDt,0.3,False,0.03769,6.169,,0.56,1785285207
All Pools,SLIME - AVAX,0.3,False,0.03764,15362.0,,,1785285207
All Pools,TIME - SPELL,0.3,False,0.03729,0.27562,,12.35,1785285207
All Pools,USDT.e - BOREA,0.3,False,0.03679,25.85,,0.13,1785285207
All Pools,AVAX - BOREA,0.3,False,0.03672,5.54,,0.6,1785285207
All Pools,PAPA - AVAX,0.3,False,0.03584,8.193,,0.4,1785285207
All Pools,MIM - PAPA,0.3,False,0.03566,35.59,,0.09,1785285207
All Pools,GRELF[ava] - AVAX,0.3,False,0.03463,896.79,,0.0,1785285207
All Pools,CNR - USDt,0.3,False,0.03425,4.695,,0.67,1785285207
All Pools,AVAX - GG,0.3,False,0.03404,3.848,,0.81,1785285207
All Pools,MPL - USDt,0.3,False,0.03315,30.06,,0.1,1785285207
All Pools,MPL - AVAX,0.3,False,0.03313,5.127,,0.59,1785285207
All Pools,XPOW - AVAX,0.3,False,0.03286,259.02,,0.01,1785285207
All Pools,LINK.e - MU,0.3,False,0.0328,7.013,,0.43,1785285207
All Pools,MIM - GRAPE,0.3,False,0.03224,63.58,,0.05,1785285207
All Pools,AVAX - ZABU,0.3,False,0.03201,23.67,,0.12,1785285207
All Pools,ZH - USDC.e,0.3,False,0.03177,22.07,,0.13,1785285207
All Pools,CNR - USDC,0.3,False,0.03171,4.675,,0.62,1785285207
All Pools,AMPL - AVAX,0.3,False,0.03156,209.95,,0.01,1785285207
All Pools,MELT - USDC.e,0.3,False,0.03151,29.78,,0.1,1785285207
All Pools,JOE - REDWOLF,0.3,False,0.03147,2.644,,1.09,1785285207
All Pools,Milk - USDT.e,0.3,False,0.03136,13.86,,0.21,1785285207
All Pools,Milk - AVAX,0.3,False,0.03132,5.415,,0.53,1785285207
All Pools,XPOW - USDt,0.3,False,0.03106,3.581,,0.79,1785285207
All Pools,NOCHILL - ARENA,0.3,False,0.031,0.40654,,6.96,1785285207
All Pools,ICUBE - USDT.e,0.3,False,0.03097,107.77,,0.03,1785285207
All Pools,Orange - BLACK,0.3,False,0.0309,2.006,,1.41,1785285207
All Pools,ICUBE - AVAX,0.3,False,0.03083,5.399,,0.52,1785285207
All Pools,MAI - TOMB,0.3,False,0.03081,119.49,,0.02,1785285207
All Pools,VELAI - AVAX,0.3,False,0.03081,0.29596,,9.5,1785285207
All Pools,USDC.e - SPADE,0.3,False,0.03052,15.55,,0.18,1785285207
All Pools,SYN - USDT.e,0.3,False,0.03048,1.059,,2.63,1785285207
All Pools,AVAX - SPADE,0.3,False,0.03047,4.966,,0.56,1785285207
All Pools,NOCHILL - MU,0.3,False,0.03031,1.46,,1.89,1785285207
All Pools,TECH - AMI,0.3,False,0.03023,1.915,,1.44,1785285207
All Pools,XAVA - HON,0.3,False,0.03001,1.015,,2.7,1785285207
All Pools,FITFI - USDC.e,0.3,False,0.02986,0.04524,,60.22,1785285207
All Pools,WLRS - GRAPE,0.3,False,0.02962,6.517,,0.41,1785285207
All Pools,Go - BLACK,0.3,False,0.02952,2.383,,1.13,1785285207
All Pools,RUG - USDT.e,0.3,False,0.02932,9.783,,0.27,1785285207
All Pools,CNR - REDWOLF,0.3,False,0.02911,15.85,,0.17,1785285207
All Pools,KIMBO - KOVIN,0.3,False,0.02862,3.097,,0.84,1785285207
All Pools,GMX - USDC,0.3,False,0.02861,0.90289,,2.89,1785285207
All Pools,WLRS - USDC.e,0.3,False,0.02836,3931.38,,,1785285207
All Pools,NOCHILL - REDWOLF,0.3,False,0.02807,2.213,,1.16,1785285207
All Pools,AMI - EROL,0.3,False,0.02803,0.53779,,4.76,1785285207
All Pools,MIM - GG,0.3,False,0.02801,38.18,,0.07,1785285207
All Pools,TSD - WOLF,0.3,False,0.02796,23.69,,0.11,1785285207
All Pools,AVAT - AVAX,0.3,False,0.02787,17.01,,0.15,1785285207
All Pools,GAINS - COQ,0.3,False,0.02761,1.466,,1.72,1785285207
All Pools,SYN - WETH.e,0.3,False,0.027,0.99903,,2.47,1785285207
All Pools,MIM - RUG,0.3,False,0.02692,4.181,,0.59,1785285207
All Pools,USDC.e - RUG,0.3,False,0.02666,16.46,,0.15,1785285207
All Pools,AVAX - COFI,0.3,False,0.02652,441.58,,0.01,1785285207
All Pools,COQ - COFI,0.3,False,0.02629,1.276,,1.88,1785285207
All Pools,WBTC.e - USDC.e,0.3,False,0.02608,8.095,,0.29,1785285207
All Pools,SUB - USDC,0.3,False,0.02606,11.41,,0.21,1785285207
All Pools,AUSD - HUSKY,0.3,False,0.02604,0.50098,,4.74,1785285207
All Pools,LUNA - LUNA,0.3,False,0.02598,1.636,,1.45,1785285207
All Pools,KrisKringle - AVAX,0.3,False,0.02591,18.99,,0.12,1785285207
All Pools,KrisKringle - Gravity,0.3,False,0.02582,56.17,,0.04,1785285207
All Pools,HATCHY - AMI,0.3,False,0.02526,3.226,,0.71,1785285207
All Pools,BANKSY - AVAX,0.3,False,0.02524,18.65,,0.12,1785285207
All Pools,FLAKE - AVAX,0.3,False,0.02521,17.41,,0.13,1785285207
All Pools,BANKSY - USDC.e,0.3,False,0.02514,29.39,,0.08,1785285207
All Pools,FLAKE - USDT.e,0.3,False,0.02513,48.68,,0.05,1785285207
All Pools,AVAX - STRAW,0.3,False,0.02499,14.48,,0.16,1785285207
All Pools,WETH.e - SPELL,0.3,False,0.02492,0.16814,,13.52,1785285207
All Pools,BLACK - SantaGospel,0.3,False,0.02429,2.368,,0.94,1785285207
All Pools,AVAX - NEMO,0.3,False,0.02416,6.606,,0.33,1785285207
All Pools,USDt - NEMO,0.3,False,0.02408,96.49,,0.02,1785285207
All Pools,GURS - AMI,0.3,False,0.02397,1.487,,1.47,1785285207
All Pools,QI - SNOWY,0.3,False,0.02393,0.33534,,6.51,1785285207
All Pools,MIM - TSNFTGM,0.3,False,0.02336,2.415,,0.88,1785285207
All Pools,DAI.e - STRAW,0.3,False,0.02331,36.2,,0.06,1785285207
All Pools,BENIS - AVAX,0.3,False,0.02313,9.808,,0.22,1785285207
All Pools,Blue - BLACK,0.3,False,0.02307,2.401,,0.88,1785285207
All Pools,Who - BLACK,0.3,False,0.02305,2.384,,0.88,1785285207
All Pools,BENIS - NOCHILL,0.3,False,0.02294,2.478,,0.84,1785285207
All Pools,xJOE - AVAX,0.3,False,0.02294,1.721,,1.22,1785285207
All Pools,NXPC - AVAX,0.3,False,0.02249,1.02,,2.01,1785285207
All Pools,MAJIN - AVAX,0.3,False,0.02244,2874.14,,,1785285207
All Pools,PNG - REDWOLF,0.3,False,0.02214,3.446,,0.59,1785285207
All Pools,WOLF - USDT.e,0.3,False,0.02214,3.015,,0.67,1785285207
All Pools,GURS - NOCHILL,0.3,False,0.02201,1.096,,1.83,1785285207
All Pools,METAG - AVAX,0.3,False,0.02177,19.95,,0.1,1785285207
All Pools,Trinity - TruthClosure,0.3,False,0.02175,6.3,,0.32,1785285207
All Pools,METAG - USDt,0.3,False,0.0217,15.53,,0.13,1785285207
All Pools,TSNFTGM - DAI.e,0.3,False,0.02162,28.4,,0.07,1785285207
All Pools,BTC.b - yyAVAX,0.3,False,0.0215,4.22,,0.46,1785285207
All Pools,WDAO - AVAX,0.3,False,0.02143,8.998,,0.22,1785285207
All Pools,WDAO - MIM,0.3,False,0.0213,3.481,,0.56,1785285207
All Pools,AVAX - SHRAP,0.3,False,0.02129,11.09,,0.18,1785285207
All Pools,Strength - BLACK,0.3,False,0.02079,2.357,,0.81,1785285207
All Pools,ZRX.e - USDC.e,0.3,False,0.02011,0.05011,,36.63,1785285207
All Pools,LoveIsTheKey - BLACK,0.3,False,0.02004,3.732,,0.49,1785285207
All Pools,USDT.e - MU,0.3,False,0.02001,249.39,,0.01,1785285207
All Pools,CATWIF - AVAX,0.3,False,0.01996,2274.89,,,1785285207
All Pools,WOLF - MU,0.3,False,0.01987,3.855,,0.47,1785285207
All Pools,AVAX - BLANC,0.3,False,0.01934,5.123,,0.34,1785285207
All Pools,USDC.e - WOLF,0.3,False,0.01928,7.505,,0.23,1785285207
All Pools,MIM - BLANC,0.3,False,0.01922,630.91,,0.0,1785285207
All Pools,AVAX - WOLF,0.3,False,0.01916,53.75,,0.03,1785285207
All Pools,wMEMO - AVAX,0.3,False,0.01879,6.132,,0.28,1785285207
All Pools,Trinity - FourFourFour,0.3,False,0.01871,3.344,,0.51,1785285207
All Pools,wMEMO - MIM,0.3,False,0.01869,2.976,,0.57,1785285207
All Pools,AVAX - SDOG,0.3,False,0.01852,6.233,,0.27,1785285207
All Pools,AAVE.e - USDT.e,0.3,False,0.01823,2.716,,0.61,1785285207
All Pools,ROCO - AVAX,0.3,False,0.01823,1344.57,,0.0,1785285207
All Pools,AAVE.e - USDC.e,0.3,False,0.01815,1.312,,1.26,1785285207
All Pools,JOE - AVE,0.3,False,0.01809,1.124,,1.47,1785285207
All Pools,COQ - SNOWY,0.3,False,0.01806,0.92096,,1.79,1785285207
All Pools,TRACTOR - JOE,0.3,False,0.01803,1.074,,1.53,1785285207
All Pools,USDT.e - iBONE,0.3,False,0.01792,4.432,,0.37,1785285207
All Pools,AVAX - iBONE,0.3,False,0.01782,4.237,,0.38,1785285207
All Pools,SNLP - AVAX,0.3,False,0.0178,2629.14,,,1785285207
All Pools,JOE - SNLP,0.3,False,0.01766,1.004,,1.61,1785285207
All Pools,USDT.e - SING,0.3,False,0.01757,1230.68,,0.0,1785285207
All Pools,XOMB - USDT.e,0.3,False,0.01744,2.098,,0.76,1785285207
All Pools,XOMB - AVAX,0.3,False,0.01736,15.8,,0.1,1785285207
All Pools,UST - USDC,0.3,False,0.01731,3.762,,0.42,1785285207
All Pools,AVAX - BAVA,0.3,False,0.01718,8.673,,0.18,1785285207
All Pools,USDC - WSPP,0.3,False,0.01694,42.43,,0.04,1785285207
All Pools,AVAX - WSPP,0.3,False,0.01691,2.359,,0.65,1785285207
All Pools,EHCNALAVA - AVAX,0.3,False,0.01685,1076.42,,0.0,1785285207
All Pools,KIMBO - EHCNALAVA,0.3,False,0.01673,1.79,,0.85,1785285207
All Pools,USDT.e - GOT,0.3,False,0.01639,12.22,,0.12,1785285207
All Pools,AMI - aSOCK,0.3,False,0.01633,1.928,,0.77,1785285207
All Pools,AVAX - aSOCK,0.3,False,0.01632,9.947,,0.15,1785285207
All Pools,Stolen - BLACK,0.3,False,0.01632,2.635,,0.57,1785285207
All Pools,AVAX - GOT,0.3,False,0.01627,4.245,,0.35,1785285207
All Pools,BLS - SHRAP,0.3,False,0.01599,7.803,,0.19,1785285207
All Pools,ChristMark - ChristIAmYou,0.3,False,0.01592,20.56,,0.07,1785285207
All Pools,Psychic - PoPo,0.3,False,0.01581,47.1,,0.03,1785285207
All Pools,ELE - AVAX,0.3,False,0.01579,89.16,,0.02,1785285207
All Pools,GAS - AVAX,0.3,False,0.01569,134.03,,0.01,1785285207
All Pools,Psychic - PennyTrinity,0.3,False,0.01562,47.11,,0.03,1785285207
All Pools,BLACK - ChristIAmYou,0.3,False,0.01558,1.175,,1.21,1785285207
All Pools,SURE - AVAX,0.3,False,0.01551,5.531,,0.26,1785285207
All Pools,LYD - REDWOLF,0.3,False,0.01545,4.055,,0.35,1785285207
All Pools,REDWOLF - WMATIC,0.3,False,0.01541,1.972,,0.71,1785285207
All Pools,BGLD - USDT.e,0.3,False,0.0153,16.3,,0.09,1785285207
All Pools,UST - UST,0.3,False,0.0152,1.394,,0.99,1785285207
All Pools,BGLD - AVAX,0.3,False,0.0152,3.575,,0.39,1785285207
All Pools,Psychic - WhoWhoWho,0.3,False,0.0152,47.07,,0.03,1785285207
All Pools,Psychic - Zero,0.3,False,0.01514,47.08,,0.03,1785285207
All Pools,Psychic - Hexagon,0.3,False,0.01511,47.09,,0.03,1785285207
All Pools,MAJIN - REDWOLF,0.3,False,0.01507,5.212,,0.26,1785285207
All Pools,Psychic - BirthingCode,0.3,False,0.01504,47.1,,0.03,1785285207
All Pools,Zero - BLACK,0.3,False,0.01497,1.154,,1.18,1785285207
All Pools,Psychic - PlotTwist,0.3,False,0.01496,48.16,,0.03,1785285207
All Pools,Hexagon - BLACK,0.3,False,0.01494,1.151,,1.18,1785285207
All Pools,Psychic - IAmThatIAm,0.3,False,0.01489,47.1,,0.03,1785285207
All Pools,Psychic - Finish,0.3,False,0.01468,47.07,,0.03,1785285207
All Pools,BLACK - IAmThatIAm,0.3,False,0.01461,1.148,,1.16,1785285207
All Pools,Psychic - Verse,0.3,False,0.01459,47.07,,0.03,1785285207
All Pools,Eye - Psychic,0.3,False,0.01453,47.1,,0.03,1785285207
All Pools,USDT.e - NORTH,0.3,False,0.01453,27.48,,0.05,1785285207
All Pools,Psychic - Abracadabra,0.3,False,0.0145,47.08,,0.03,1785285207
All Pools,Finish - BLACK,0.3,False,0.01446,1.155,,1.14,1785285207
All Pools,AVAX - NORTH,0.3,False,0.01445,1.849,,0.71,1785285207
All Pools,BLACK - Verse,0.3,False,0.01438,1.153,,1.14,1785285207
All Pools,Eye - BLACK,0.3,False,0.01432,1.148,,1.14,1785285207
All Pools,Psychic - Qubit,0.3,False,0.01431,47.06,,0.03,1785285207
All Pools,Psychic - YouAndI,0.3,False,0.01431,47.09,,0.03,1785285207
All Pools,Abracadabra - BLACK,0.3,False,0.01428,1.152,,1.13,1785285207
All Pools,Psychic - Gematria,0.3,False,0.01422,47.09,,0.03,1785285207
All Pools,Loyalty - Psychic,0.3,False,0.01419,47.06,,0.03,1785285207
All Pools,YouAndI - BLACK,0.3,False,0.01416,1.151,,1.12,1785285207
All Pools,COQ - ZUM,0.3,False,0.01413,0.7747,,1.66,1785285207
All Pools,Gematria - BLACK,0.3,False,0.0141,1.157,,1.11,1785285207
All Pools,Loyalty - BLACK,0.3,False,0.01407,1.164,,1.1,1785285207
All Pools,USDt - SNOWY,0.3,False,0.01403,5.454,,0.23,1785285207
All Pools,APOW - MU,0.3,False,0.01392,3.22,,0.39,1785285207
All Pools,Yellow - BLACK,0.3,False,0.0139,2.375,,0.53,1785285207
All Pools,Yellow - AVAX,0.3,False,0.01389,189.7,,0.01,1785285207
All Pools,Psychic - Gematria,0.3,False,0.01378,47.1,,0.03,1785285207
All Pools,Psychic - TrueStory,0.3,False,0.01374,47.1,,0.03,1785285207
All Pools,GURS - HOWDY,0.3,False,0.01372,0.60851,,2.06,1785285207
All Pools,USDC.e - WISE,0.3,False,0.01352,6.811,,0.18,1785285207
All Pools,[i]Lluminati - BLACK,0.3,False,0.01349,1.203,,1.02,1785285207
All Pools,AVAX - WISE,0.3,False,0.01344,2.283,,0.54,1785285207
All Pools,Psychic - Luck,0.3,False,0.01331,47.1,,0.03,1785285207
All Pools,Psychic - Blessings,0.3,False,0.01329,47.06,,0.03,1785285207
All Pools,Flection - Psychic,0.3,False,0.01326,47.1,,0.03,1785285207
All Pools,Flection - BLACK,0.3,False,0.01318,1.155,,1.04,1785285207
All Pools,DUNEV3 - USDC.e,0.3,False,0.01301,31595.0,,,1785285207
All Pools,Gravity - BLACK,0.3,False,0.01299,0.23662,,5.01,1785285207
All Pools,Psychic - Six,0.3,False,0.01297,47.11,,0.03,1785285207
All Pools,Psychic - Time,0.3,False,0.01297,47.1,,0.03,1785285207
All Pools,Psychic - Equal,0.3,False,0.01291,47.1,,0.03,1785285207
All Pools,LoveIsTheKey - Gravity,0.3,False,0.01288,29.01,,0.04,1785285207
All Pools,Psychic - Number,0.3,False,0.01288,47.11,,0.02,1785285207
All Pools,CATWIF - MU,0.3,False,0.01283,2.892,,0.4,1785285207
All Pools,Time - BLACK,0.3,False,0.01279,1.148,,1.02,1785285207
All Pools,Psychic - Ups,0.3,False,0.01279,47.1,,0.02,1785285207
All Pools,Psychic - TrumpCard,0.3,False,0.01277,47.1,,0.02,1785285207
All Pools,MIM - DUNEV3,0.3,False,0.01274,47308.0,,,1785285207
All Pools,Equal - BLACK,0.3,False,0.01273,1.147,,1.01,1785285207
All Pools,Six - BLACK,0.3,False,0.01269,1.142,,1.01,1785285207
All Pools,TrumpCard - BLACK,0.3,False,0.01269,1.154,,1.0,1785285207
All Pools,ACS - USDt,0.3,False,0.01266,0.95248,,1.21,1785285207
All Pools,USDC.e - XAVA,0.3,False,0.01256,0.30453,,3.76,1785285207
All Pools,USDC.e - TUSK,0.3,False,0.01252,9.337,,0.12,1785285207
All Pools,BNZ - KET,0.3,False,0.01243,2.262,,0.5,1785285207
All Pools,gOHM - OTWO,0.3,False,0.01242,92431.0,,,1785285207
All Pools,AVAX - TUSK,0.3,False,0.01241,2.036,,0.56,1785285207
All Pools,TRACTOR - USDT.e,0.3,False,0.01239,1.67,,0.68,1785285207
All Pools,Psychic - Thick,0.3,False,0.01233,47.08,,0.02,1785285207
All Pools,Psychic - Happy,0.3,False,0.01232,47.1,,0.02,1785285207
All Pools,BTC.b - GMX,0.3,False,0.01228,1.401,,0.8,1785285207
All Pools,NaughtiusMaximus - SwiftTaylor,0.3,False,0.01224,4.494,,0.25,1785285207
All Pools,Psychic - SevenSevenSeven,0.3,False,0.01223,47.11,,0.02,1785285207
All Pools,AVAX - SwiftTaylor,0.3,False,0.01217,10.33,,0.11,1785285207
All Pools,SOB - AVAX,0.3,False,0.01215,388.61,,0.0,1785285207
All Pools,SNO Token - AVAX,0.3,False,0.01212,1.086,,1.02,1785285207
All Pools,wsOHM - OTWO,0.3,False,0.0121,1.167,,0.95,1785285207
All Pools,USDC.e - UST,0.3,False,0.0121,1.52,,0.73,1785285207
All Pools,Psychic - Nine,0.3,False,0.01209,47.08,,0.02,1785285207
All Pools,Psychic - Seminole,0.3,False,0.01209,47.06,,0.02,1785285207
All Pools,SevenSevenSeven - BLACK,0.3,False,0.01209,1.145,,0.96,1785285207
All Pools,Psychic - Turtle,0.3,False,0.01208,47.11,,0.02,1785285207
All Pools,KIMBO - COQ,0.3,False,0.01206,1.024,,1.07,1785285207
All Pools,SOB - LUNA,0.3,False,0.01206,0.75075,,1.47,1785285207
All Pools,SNO Token - JOE,0.3,False,0.01204,45.74,,0.02,1785285207
All Pools,Psychic - FinityFinity,0.3,False,0.01203,47.11,,0.02,1785285207
All Pools,LINK.e - SPELL,0.3,False,0.01203,0.10552,,10.4,1785285207
All Pools,Psychic - BiTonic,0.3,False,0.01192,47.17,,0.02,1785285207
All Pools,BLACK - Nine,0.3,False,0.0119,1.155,,0.94,1785285207
All Pools,Seminole - BLACK,0.3,False,0.01189,1.159,,0.94,1785285207
All Pools,Turtle - BLACK,0.3,False,0.01188,1.149,,0.94,1785285207
All Pools,REDWOLF - GEC,0.3,False,0.01188,3.208,,0.34,1785285207
All Pools,Psychic - Artemis,0.3,False,0.01187,47.24,,0.02,1785285207
All Pools,FinityFinity - BLACK,0.3,False,0.01184,1.149,,0.94,1785285207
All Pools,Psychic - Lock,0.3,False,0.01175,47.09,,0.02,1785285207
All Pools,Degen - AVAX,0.3,False,0.01175,1343.44,,,1785285207
All Pools,BiTonic - BLACK,0.3,False,0.01173,1.152,,0.93,1785285207
All Pools,Psychic - WhoWho,0.3,False,0.01172,47.1,,0.02,1785285207
All Pools,Psychic - KekiusMaximus,0.3,False,0.01171,47.11,,0.02,1785285207
All Pools,ZUM - NOCHILL,0.3,False,0.01169,0.72953,,1.46,1785285207
All Pools,JOE - aXEN,0.3,False,0.01165,0.14792,,7.19,1785285207
All Pools,Psychic - ElmoSunkGematria,0.3,False,0.01163,47.12,,0.02,1785285207
All Pools,Gravity - SaintGermain,0.3,False,0.01155,17.94,,0.06,1785285207
All Pools,Lock - BLACK,0.3,False,0.01153,1.145,,0.92,1785285207
All Pools,WhoWho - BLACK,0.3,False,0.0115,1.142,,0.92,1785285207
All Pools,BLACK - ElmoSunkGematria,0.3,False,0.01141,1.139,,0.91,1785285207
All Pools,AAVE.e - meGNX,0.3,False,0.01136,3.809,,0.27,1785285207
All Pools,LIFE - AVAX,0.3,False,0.0113,2.043,,0.5,1785285207
All Pools,MIM - LIFE,0.3,False,0.01126,6.085,,0.17,1785285207
All Pools,Psychic - James,0.3,False,0.01112,47.11,,0.02,1785285207
All Pools,Psychic - Penny,0.3,False,0.0111,47.1,,0.02,1785285207
All Pools,Psychic - Vampire,0.3,False,0.01108,47.1,,0.02,1785285207
All Pools,Psychic - Who,0.3,False,0.01101,47.1,,0.02,1785285207
All Pools,Psychic - Aquarius,0.3,False,0.01101,47.1,,0.02,1785285207
All Pools,Vampire - BLACK,0.3,False,0.01096,1.151,,0.87,1785285207
All Pools,James - BLACK,0.3,False,0.01095,1.149,,0.87,1785285207
All Pools,SBR - AVAX,0.3,False,0.01095,2.954,,0.34,1785285207
All Pools,Psychic - Alphabet,0.3,False,0.01094,47.11,,0.02,1785285207
All Pools,Penny - BLACK,0.3,False,0.01094,1.151,,0.87,1785285207
All Pools,SatoshiNakamoto - Psychic,0.3,False,0.01093,47.1,,0.02,1785285207
All Pools,MIM - SBR,0.3,False,0.01086,6.309,,0.16,1785285207
All Pools,USDC - MU,0.3,False,0.01076,0.33648,,2.92,1785285207
All Pools,SB - DAI.e,0.3,False,0.01074,0.12622,,7.77,1785285207
All Pools,MIM - sTHO,0.3,False,0.01072,151.87,,0.01,1785285207
All Pools,Alphabet - BLACK,0.3,False,0.0107,1.149,,0.85,1785285207
All Pools,Trinity - IfYouKnowYouKnow,0.3,False,0.01064,3.257,,0.3,1785285207
All Pools,Psychic - Line,0.3,False,0.01043,47.77,,0.02,1785285207
All Pools,AMI - JUICY,0.3,False,0.01026,0.58941,,1.59,1785285207
All Pools,GG - AVAX,0.3,False,0.01021,4.938,,0.19,1785285207
All Pools,MIM - GG,0.3,False,0.01014,3.028,,0.31,1785285207
All Pools,NRK - DAI.e,0.3,False,0.00996,285.8,,0.0,1785285207
All Pools,AVAX - OK,0.3,False,0.00967,1.585,,0.56,1785285207
All Pools,AVAX - NADO,0.3,False,0.00967,1.836,,0.48,1785285207
All Pools,MIM - NADO,0.3,False,0.00959,88.39,,0.01,1785285207
All Pools,JOE - aDXN,0.3,False,0.00957,0.28966,,3.01,1785285207
All Pools,WINK - NOCHILL,0.3,False,0.00954,0.30397,,2.86,1785285207
All Pools,MIM - AFARMER,0.3,False,0.0094,2631.82,,,1785285207
All Pools,HOWDY - NOCHILL,0.3,False,0.00926,0.30916,,2.73,1785285207
All Pools,Stolen - AVAX,0.3,False,0.00921,12.59,,0.07,1785285207
All Pools,KR - USDC.e,0.3,False,0.00911,11.01,,0.08,1785285207
All Pools,NOCHILL - WAIFU,0.3,False,0.0091,136.82,,0.01,1785285207
All Pools,KR - AVAX,0.3,False,0.00903,1.391,,0.59,1785285207
All Pools,SMRTr - USDT.e,0.3,False,0.00895,1.086,,0.75,1785285207
All Pools,HUSKY - SNOWY,0.3,False,0.00864,0.16013,,4.92,1785285207
All Pools,Webster - AVAX,0.3,False,0.00837,8.374,,0.09,1785285207
All Pools,Webster - Gravity,0.3,False,0.00831,2.157,,0.35,1785285207
All Pools,WETH.e - MU,0.3,False,0.00817,1.827,,0.41,1785285207
All Pools,EGG - FEED,0.3,False,0.00809,0.28466,,2.59,1785285207
All Pools,HIGHER - AVAX,0.3,False,0.00799,1.307,,0.56,1785285207
All Pools,CROWN - AVAX,0.3,False,0.00786,0.45015,,1.59,1785285207
All Pools,JOE - SPELL,0.3,False,0.00775,0.06861,,10.31,1785285207
All Pools,ABC - AMI,0.3,False,0.00773,3.089,,0.23,1785285207
All Pools,MIM - CROWN,0.3,False,0.0077,8.124,,0.09,1785285207
All Pools,EGG - USDT.e,0.3,False,0.00755,1.812,,0.38,1785285207
All Pools,EagleToken - USDC.e,0.3,False,0.00754,2.008,,0.34,1785285207
All Pools,GMX - USDt,0.3,False,0.0075,0.37488,,1.83,1785285207
All Pools,USDR - USDC,0.3,False,0.00748,39.87,,0.02,1785285207
All Pools,EGG - AVAX,0.3,False,0.00746,1.317,,0.52,1785285207
All Pools,EagleToken - AVAX,0.3,False,0.00745,1.634,,0.42,1785285207
All Pools,KIMBO - GAINS,0.3,False,0.00744,0.91064,,0.75,1785285207
All Pools,AVAX - HOST,0.3,False,0.0074,1.541,,0.44,1785285207
All Pools,COQ - MEAT,0.3,False,0.00737,0.38675,,1.74,1785285207
All Pools,JOE - USDR,0.3,False,0.00737,0.51415,,1.31,1785285207
All Pools,CRAFT - AVAX,0.3,False,0.00734,292.9,,0.0,1785285207
All Pools,LoveIsTheKey - AVAX,0.3,False,0.0073,10.31,,0.06,1785285207
All Pools,CATWIF - MAJIN,0.3,False,0.0073,0.55999,,1.19,1785285207
All Pools,Trinity - Stolen,0.3,False,0.00719,21.03,,0.03,1785285207
All Pools,MEOW - MU,0.3,False,0.00702,1.341,,0.48,1785285207
All Pools,HOST - DAI.e,0.3,False,0.00698,2.735,,0.23,1785285207
All Pools,Trinity - IngersollLockwood,0.3,False,0.00688,0.6186,,1.02,1785285207
All Pools,AMPL - MIM,0.3,False,0.00667,0.33907,,1.8,1785285207
All Pools,USDC - TT,0.3,False,0.00665,1.987,,0.31,1785285207
All Pools,IngersollLockwood - BLACK,0.3,False,0.00664,1.027,,0.59,1785285207
All Pools,GMX - JOE,0.3,False,0.00662,0.30524,,1.98,1785285207
All Pools,AVAX - TT,0.3,False,0.0066,1.624,,0.37,1785285207
All Pools,CRAFT - USDC.e,0.3,False,0.00637,0.73222,,0.79,1785285207
All Pools,WETH.e - STATIK,0.3,False,0.00631,0.98251,,0.59,1785285207
All Pools,AVAX - FIRE,0.3,False,0.00631,107717.0,,,1785285207
All Pools,AVAX - JUICY,0.3,False,0.00627,1799.85,,,1785285207
All Pools,Liquidity Traded Fund - AVAX,0.3,False,0.0062,0.0565,,10.01,1785285207
All Pools,MU - KET,0.3,False,0.00619,0.85146,,0.66,1785285207
All Pools,RENT - JOE,0.3,False,0.00606,1.905,,0.29,1785285207
All Pools,AVAX - WOHM,0.3,False,0.00605,0.85221,,0.65,1785285207
All Pools,MIM - WOHM,0.3,False,0.00602,6.98,,0.08,1785285207
All Pools,LIBRE - AVAX,0.3,False,0.00596,1.277,,0.43,1785285207
All Pools,TRACTOR - AVAX,0.3,False,0.00594,10672.0,,,1785285207
All Pools,Degen - DEGEN404,0.3,False,0.00589,219.13,,0.0,1785285207
All Pools,FBOND - AVAX,0.3,False,0.00577,0.58106,,0.91,1785285207
All Pools,AMI - DEGEN404,0.3,False,0.00577,0.85907,,0.61,1785285207
All Pools,FBOND - FTOMB,0.3,False,0.00571,1.64,,0.32,1785285207
All Pools,USDT.e - CAKE,0.3,False,0.00571,47.75,,0.01,1785285207
All Pools,AVAX - CAKE,0.3,False,0.00565,0.60269,,0.86,1785285207
All Pools,QI - USDC,0.3,False,0.00553,0.07227,,6.99,1785285207
All Pools,USDC.e - SAGE,0.3,False,0.00538,2.044,,0.24,1785285207
All Pools,AVAX - SAGE,0.3,False,0.00532,0.71154,,0.68,1785285207
All Pools,CRA - USDC.e,0.3,False,0.00525,0.47503,,1.01,1785285207
All Pools,HIGHER - NOCHILL,0.3,False,0.00522,0.1953,,2.44,1785285207
All Pools,HERESY - MEOW,0.3,False,0.00521,0.20595,,2.31,1785285207
All Pools,Anon - USDC,0.3,False,0.00517,0.63601,,0.74,1785285207
All Pools,ORDER - AVAX,0.3,False,0.00511,0.05429,,8.59,1785285207
All Pools,DON - AVAX,0.3,False,0.00511,3491.14,,,1785285207
All Pools,JOE - zJoe,0.3,False,0.0051,957.3,,,1785285207
All Pools,RENT - USDT.e,0.3,False,0.00508,0.13666,,3.39,1785285207
All Pools,MU - WAIFU,0.3,False,0.00505,123.29,,0.0,1785285207
All Pools,AVAX - COMP.e,0.3,False,0.00496,0.06365,,7.12,1785285207
All Pools,AVAX - RUG,0.3,False,0.00481,0.29983,,1.46,1785285207
All Pools,TECH - REDWOLF,0.3,False,0.00477,0.61258,,0.71,1785285207
All Pools,Gravity - Mercury,0.3,False,0.00475,1.488,,0.29,1785285207
All Pools,ETHM - AVAX,0.3,False,0.00473,21.38,,0.02,1785285207
All Pools,CAI - AMI,0.3,False,0.00472,0.40333,,1.07,1785285207
All Pools,JOE - CNR,0.3,False,0.00466,0.73539,,0.58,1785285207
All Pools,FLOT - COQ,0.3,False,0.00462,0.49303,,0.86,1785285207
All Pools,BLACK - Mercury,0.3,False,0.00452,0.18984,,2.17,1785285207
All Pools,COQ - EGG,0.3,False,0.00448,0.38387,,1.07,1785285207
All Pools,JOE - USDt,0.3,False,0.00447,0.61114,,0.67,1785285207
All Pools,ETHM - DAI.e,0.3,False,0.00446,0.60889,,0.67,1785285207
All Pools,FERT - FEED,0.3,False,0.00441,0.14887,,2.7,1785285207
All Pools,ALOT - LTF.ALOT,0.3,False,0.00428,0.04248,,9.18,1785285207
All Pools,SPORE - JOE,0.3,False,0.00425,0.39538,,0.98,1785285207
All Pools,RENT - AVAX,0.3,False,0.0042,0.0496,,7.73,1785285207
All Pools,SHEN - AVAX,0.3,False,0.00402,40.93,,0.01,1785285207
All Pools,COQ - SHEN,0.3,False,0.00396,0.33713,,1.07,1785285207
All Pools,KIMBO - UNIQOC,0.3,False,0.0039,0.46237,,0.77,1785285207
All Pools,SOB - FEED,0.3,False,0.0038,0.28712,,1.21,1785285207
All Pools,zJoe - AMI,0.3,False,0.00373,0.14156,,2.4,1785285207
All Pools,Gravity - ThreeThreeSeven,0.3,False,0.00363,1.504,,0.22,1785285207
All Pools,Liquidity Traded Fund - LTF.ALOT,0.3,False,0.00362,1.63,,0.2,1785285207
All Pools,COQ - JUICY,0.3,False,0.00359,0.4016,,0.82,1785285207
All Pools,GAINS - MEAT,0.3,False,0.00358,0.59243,,0.55,1785285207
All Pools,CGS - USDC.e,0.3,False,0.00351,1.32,,0.24,1785285207
All Pools,CGS - AVAX,0.3,False,0.00347,0.40388,,0.78,1785285207
All Pools,AVAX - PAR,0.3,False,0.00338,1.183,,0.26,1785285207
All Pools,MIM - PAR,0.3,False,0.00333,0.3081,,0.99,1785285207
All Pools,YEEHAW - xAVAX,0.3,False,0.00314,0.243,,1.18,1785285207
All Pools,xAVAX - AVAX,0.3,False,0.00307,0.55945,,0.5,1785285207
All Pools,AVAX - ICE,0.3,False,0.00307,102.8,,0.0,1785285207
All Pools,USDC.e - TIME,0.3,False,0.00306,0.18415,,1.52,1785285207
All Pools,BLACK - ThreeThreeSeven,0.3,False,0.00305,0.17712,,1.57,1785285207
All Pools,MIM - ICE,0.3,False,0.00302,0.22147,,1.25,1785285207
All Pools,GATOR - AMI,0.3,False,0.00301,4.481,,0.06,1785285207
All Pools,AVAX - ASND,0.3,False,0.00288,0.08424,,3.12,1785285207
All Pools,LUNA - USDC,0.3,False,0.00279,0.08956,,2.84,1785285207
All Pools,MIM - ASND,0.3,False,0.00278,39.44,,0.01,1785285207
All Pools,GRAPE - AVAX,0.3,False,0.00273,0.07153,,3.49,1785285207
All Pools,YEEHAW - HIGHER,0.3,False,0.00273,0.18927,,1.31,1785285207
All Pools,JOE - GB,0.3,False,0.00272,0.14081,,1.76,1785285207
All Pools,FAP - AVAX,0.3,False,0.00259,69.28,,0.0,1785285207
All Pools,KIMBO - YAK,0.3,False,0.00256,0.0088,,26.53,1785285207
All Pools,BEE - AVAX,0.3,False,0.00254,0.68382,,0.34,1785285207
All Pools,BEE - USDT.e,0.3,False,0.00252,32.31,,0.01,1785285207
All Pools,AVAX - MORE,0.3,False,0.00252,748.89,,,1785285207
All Pools,BTC.b - BEAM,0.3,False,0.00251,0.25487,,0.9,1785285207
All Pools,WITCH - AVAX,0.3,False,0.0025,2.109,,0.11,1785285207
All Pools,JOE - MORE,0.3,False,0.00249,0.23997,,0.95,1785285207
All Pools,SNTA - MIM,0.3,False,0.00249,0.23423,,0.97,1785285207
All Pools,MIM - FAP,0.3,False,0.00247,0.03466,,6.51,1785285207
All Pools,toi - AVAX,0.3,False,0.00247,0.31459,,0.72,1785285207
All Pools,RUG - DAI.e,0.3,False,0.00247,0.70799,,0.32,1785285207
All Pools,CONY - USDT.e,0.3,False,0.00246,0.08198,,2.74,1785285207
All Pools,MIM - toi,0.3,False,0.00243,0.37144,,0.6,1785285207
All Pools,TEDDY - USDC,0.3,False,0.00243,0.38945,,0.57,1785285207
All Pools,ORDER - WITCH,0.3,False,0.00242,0.03624,,6.09,1785285207
All Pools,TEDDY - AVAX,0.3,False,0.00241,12.97,,0.02,1785285207
All Pools,AVAX - SING,0.3,False,0.00239,112.11,,0.0,1785285207
All Pools,RAIN - AVAX,0.3,False,0.00238,12.25,,0.02,1785285207
All Pools,Trinity - Wormhole,0.3,False,0.00237,4.484,,0.05,1785285207
All Pools,HUSKY - TRESR,0.3,False,0.00236,0.02576,,8.36,1785285207
All Pools,USDT.e - BANKSY V2,0.3,False,0.00234,0.87503,,0.24,1785285207
All Pools,Trinity - BLACK,0.3,False,0.00233,0.15622,,1.36,1785285207
All Pools,COQ - RAIN,0.3,False,0.00233,0.12858,,1.65,1785285207
All Pools,AVAX - BANKSY V2,0.3,False,0.00233,0.27004,,0.79,1785285207
All Pools,AVAX - EDG,0.3,False,0.0023,1.178,,0.18,1785285207
All Pools,MIM - EDG,0.3,False,0.00228,0.95476,,0.22,1785285207
All Pools,sAVAX - Liquidity Traded Fund,0.3,False,0.00227,0.07871,,2.63,1785285207
All Pools,CONY - AVAX,0.3,False,0.00227,0.0455,,4.56,1785285207
All Pools,APE - AVAX,0.3,False,0.00227,628.37,,,1785285207
All Pools,ALBERT - AVAX,0.3,False,0.00225,34.27,,0.01,1785285207
All Pools,XPOW - AVAX,0.3,False,0.00225,1.601,,0.13,1785285207
All Pools,SPELL - SING,0.3,False,0.00225,0.02815,,7.3,1785285207
All Pools,APE - JOE,0.3,False,0.00222,0.09822,,2.06,1785285207
All Pools,HUSKY - SMRTr,0.3,False,0.0022,0.04148,,4.83,1785285207
All Pools,JOE - KINS,0.3,False,0.00217,0.05132,,3.87,1785285207
All Pools,AVAX - MTB,0.3,False,0.00212,0.36098,,0.54,1785285207
All Pools,MIM - MTB,0.3,False,0.00209,0.26887,,0.71,1785285207
All Pools,HUSKY - MU,0.3,False,0.00206,0.03851,,4.88,1785285207
All Pools,JOE - AMI,0.3,False,0.00203,0.1687,,1.1,1785285207
All Pools,xAVAX - USDC,0.3,False,0.00197,0.22186,,0.81,1785285207
All Pools,xAVAX - RFROG,0.3,False,0.00191,0.1142,,1.53,1785285207
All Pools,BEAM - MU,0.3,False,0.00189,0.93213,,0.19,1785285207
All Pools,ARABBIT - AVAX,0.3,False,0.00189,0.21406,,0.81,1785285207
All Pools,RFROG - AVAX,0.3,False,0.00188,2.022,,0.08,1785285207
All Pools,MIM - ARABBIT,0.3,False,0.00187,0.1581,,1.08,1785285207
All Pools,MIM - BTC.b,0.3,False,0.00185,0.01749,,9.63,1785285207
All Pools,XPOW - USDC,0.3,False,0.00184,0.26059,,0.65,1785285207
All Pools,TEMPO - AVAX,0.3,False,0.00183,1.449,,0.12,1785285207
All Pools,MIM - TEMPO,0.3,False,0.00182,2.923,,0.06,1785285207
All Pools,YAK - mYAK,0.3,False,0.00179,0.36249,,0.45,1785285207
All Pools,TSD - USDT.e,0.3,False,0.00179,0.15315,,1.07,1785285207
All Pools,gOHM - USDC.e,0.3,False,0.00178,0.33688,,0.48,1785285207
All Pools,BTCTRADE - USDC,0.3,False,0.00174,0.42524,,0.37,1785285207
All Pools,AVAX - ncash,0.3,False,0.00174,0.00496,,32.03,1785285207
All Pools,AUSD - AVE,0.3,False,0.00172,0.09805,,1.61,1785285207
All Pools,aAvaLINK - AVAX,0.3,False,0.00171,7.67,,0.02,1785285207
All Pools,AVAX - KEESH,0.3,False,0.00167,929.38,,,1785285207
All Pools,XETA - AVAX,0.3,False,0.00167,0.17923,,0.85,1785285207
All Pools,BSGG - AVAX,0.3,False,0.00166,2.331,,0.07,1785285207
All Pools,WINE - AVAX,0.3,False,0.00166,0.74701,,0.2,1785285207
All Pools,TSD - USDC.e,0.3,False,0.00165,0.05522,,2.73,1785285207
All Pools,COQ - KEESH,0.3,False,0.00163,0.08291,,1.8,1785285207
All Pools,PTP - AVAX,0.3,False,0.00163,2490.57,,,1785285207
All Pools,SMRTr - GG,0.3,False,0.00163,0.07827,,1.9,1785285207
All Pools,MIM - BSGG,0.3,False,0.00161,0.05268,,2.79,1785285207
All Pools,STG - JOE,0.3,False,0.0016,0.09328,,1.57,1785285207
All Pools,PTP - JOE,0.3,False,0.0016,0.06817,,2.14,1785285207
All Pools,BLIZZ - AVAX,0.3,False,0.00158,10.97,,0.01,1785285207
All Pools,MIM - WINE,0.3,False,0.00156,0.01598,,8.88,1785285207
All Pools,YEEHAW - Gladiator,0.3,False,0.00154,0.13123,,1.07,1785285207
All Pools,USDt - BTCBR,0.3,False,0.00154,0.06511,,2.16,1785285207
All Pools,BTCBR - USDC,0.3,False,0.00154,0.09546,,1.47,1785285207
All Pools,zJoe - AVAX,0.3,False,0.0015,0.08417,,1.63,1785285207
All Pools,CAKE - WETH.e,0.3,False,0.0015,0.14041,,0.97,1785285207
All Pools,AVAX - LVT,0.3,False,0.00146,41002.0,,,1785285207
All Pools,CAKE - AVAX,0.3,False,0.00144,0.049,,2.69,1785285207
All Pools,BTCBR - DAI.e,0.3,False,0.00143,0.06564,,1.98,1785285207
All Pools,MIM - LVT,0.3,False,0.00137,0.02303,,5.45,1785285207
All Pools,RMOON - AVAX,0.3,False,0.00131,0.16469,,0.72,1785285207
All Pools,MIM - AKITA,0.3,False,0.0013,0.05655,,2.1,1785285207
All Pools,SNOW - AVAX,0.3,False,0.00128,4.379,,0.03,1785285207
All Pools,ALOT - AVANET,0.3,False,0.00127,0.01453,,7.97,1785285207
All Pools,AVAX - WXT,0.3,False,0.00124,0.01628,,6.97,1785285207
All Pools,ARENA - JUICY,0.3,False,0.00122,0.03219,,3.45,1785285207
All Pools,MIM - SNOW,0.3,False,0.00118,0.01532,,7.04,1785285207
All Pools,Now - BLACK,0.3,False,0.00114,0.07625,,1.37,1785285207
All Pools,RGK - AVAX,0.3,False,0.00114,0.04349,,2.39,1785285207
All Pools,SAKE - USDT.e,0.3,False,0.00111,0.03821,,2.64,1785285207
All Pools,MIM - DON,0.3,False,0.00108,0.02745,,3.6,1785285207
All Pools,HUSKY - aXEN,0.3,False,0.00108,0.0435,,2.26,1785285207
All Pools,LEXIP - AVAX,0.3,False,0.00107,0.2282,,0.43,1785285207
All Pools,3AC - NOCHILL,0.3,False,0.00107,0.09943,,0.98,1785285207
All Pools,sAVAX - USDC,0.3,False,0.00106,0.45644,,0.21,1785285207
All Pools,LYD - JOE,0.3,False,0.00105,0.03255,,2.94,1785285207
All Pools,SNOW - AVAX,0.3,False,0.00105,0.06702,,1.42,1785285207
All Pools,LTF.ALOT - AVAX,0.3,False,0.00104,0.00912,,10.45,1785285207
All Pools,MIM - LEXIP,0.3,False,0.00104,0.04142,,2.29,1785285207
All Pools,MIM - SNOW,0.3,False,0.00101,0.07139,,1.29,1785285207
All Pools,SAKE - AVAX,0.3,False,,0.01346,,6.77,1785285207
All Pools,sifu - AVAX,0.3,False,,0.03265,,2.76,1785285207
All Pools,xARENA - AVAX,0.3,False,,0.06976,,1.21,1785285207
All Pools,xARENA - USDC,0.3,False,,0.17681,,0.46,1785285207
All Pools,sifu - DAI.e,0.3,False,,3.557,,0.02,1785285207
All Pools,AVANET - AVAX,0.3,False,,0.02859,,2.83,1785285207
All Pools,BNZ - USDC,0.3,False,,0.01982,,3.92,1785285207
All Pools,OSAK - SQRCAT,0.3,False,,0.01531,,5.04,1785285207
All Pools,MM - SDOG,0.3,False,,0.02141,,3.59,1785285207
All Pools,GRAPE - USDC.e,0.3,False,,0.02908,,2.58,1785285207
All Pools,MIM - ACME,0.3,False,,0.01632,,4.59,1785285207
All Pools,AVAX - NEBU,0.3,False,,1.101,,0.07,1785285207
All Pools,STOMB - AVAX,0.3,False,,0.05382,,1.33,1785285207
All Pools,YUSD - LUNA,0.3,False,,0.01474,,4.85,1785285207
All Pools,MIM - STOMB,0.3,False,,0.03168,,2.2,1785285207
All Pools,KIMBO - MU,0.3,False,,0.07309,,0.95,1785285207
All Pools,AVLO - ARENA,0.3,False,,0.03646,,1.78,1785285207
All Pools,EMERALD - USDC,0.3,False,,0.00356,,17.98,1785285207
All Pools,MIM - NEBU,0.3,False,,0.00586,,10.92,1785285207
All Pools,WINK - MU,0.3,False,,0.22796,,0.28,1785285207
All Pools,ROCO - XAVA,0.3,False,,0.00976,,6.42,1785285207
All Pools,THRON - USDC,0.3,False,,0.02891,,2.11,1785285207
All Pools,avUSD - USDC,0.3,False,,17.44,,0.0,1785285207
All Pools,LUEEGI - AMI,0.3,False,,0.01327,,4.45,1785285207
All Pools,AVAX - WOHM,0.3,False,,0.04155,,1.38,1785285207
All Pools,LUNA - MIM,0.3,False,,0.00406,,14.09,1785285207
All Pools,THRON - WXT,0.3,False,,0.01434,,3.98,1785285207
All Pools,LUEEGI - AVAX,0.3,False,,1015.0,,,1785285207
All Pools,QI - USDT.e,0.3,False,,0.01103,,5.04,1785285207
All Pools,AVE - SPELL,0.3,False,,0.00649,,8.1,1785285207
All Pools,MONEY - LUNA,0.3,False,,0.01032,,4.93,1785285207
All Pools,COQ - CANS,0.3,False,,0.00801,,6.35,1785285207
All Pools,EMERALD - AVAX,0.3,False,,0.02278,,2.21,1785285207
All Pools,BIRD - AVAX,0.3,False,,0.00951,,5.22,1785285207
All Pools,AVAX - CROWN,0.3,False,,0.00774,,6.27,1785285207
All Pools,TIP - AVAX,0.3,False,,0.05889,,0.82,1785285207
All Pools,MIM - WOHM,0.3,False,,0.00253,,18.61,1785285207
All Pools,USDC.e - SPELL,0.3,False,,0.00463,,9.99,1785285207
All Pools,UVT - AVAX,0.3,False,,0.12025,,0.38,1785285207
All Pools,√Root - AVAX,0.3,False,,0.01701,,2.71,1785285207
All Pools,AVANET - sAVAX,0.3,False,,0.00838,,5.42,1785285207
All Pools,MIM - CROWN,0.3,False,,57.19,,,1785285207
All Pools,AVAX - PENDLE,0.3,False,,5483.4,,,1785285207
All Pools,BTC.b - BOFA,0.3,False,,0.00365,,12.31,1785285207
All Pools,POPS - AVAX,0.3,False,,0.09154,,0.49,1785285207
All Pools,Now - √Root,0.3,False,,0.00515,,8.64,1785285207
All Pools,XAVA - PENDLE,0.3,False,,0.00727,,5.81,1785285207
All Pools,avax0 - USDC,0.3,False,,0.00402,,10.09,1785285207
All Pools,AVAX - NXUSD,0.3,False,,0.37677,,0.11,1785285207
All Pools,SYN - sAVAX,0.3,False,,0.00271,,14.77,1785285207
All Pools,BOFA - AVAX,0.3,False,,0.00288,,13.51,1785285207
All Pools,MIM - TIP,0.3,False,,0.00228,,17.05,1785285207
All Pools,MU - WMATIC,0.3,False,,0.13317,,0.28,1785285207
All Pools,AVLO - AVAX,0.3,False,,0.00243,,15.46,1785285207
All Pools,Meaning - BLACK,0.3,False,,0.00484,,7.7,1785285207
All Pools,Slope - AVAX,0.3,False,,0.01668,,2.2,1785285207
All Pools,avax0 - AVAX,0.3,False,,1.11,,0.03,1785285207
All Pools,Slope - Now,0.3,False,,0.00506,,7.08,1785285207
All Pools,GATOR - GURS,0.3,False,,0.1477,,0.24,1785285207
All Pools,Solar - AVAX,0.3,False,,0.01613,,2.14,1785285207
All Pools,sSPELL - AVAX,0.3,False,,0.00263,,12.91,1785285207
All Pools,Now - Solar,0.3,False,,0.0049,,6.85,1785285207
All Pools,SYN - XAVA,0.3,False,,0.00364,,9.09,1785285207
All Pools,THRON - AVAX,0.3,False,,0.02752,,1.18,1785285207
All Pools,50 - LUNA,0.3,False,,0.00271,,10.23,1785285207
All Pools,THRON - STEAK,0.3,False,,0.00171,,15.99,1785285207
All Pools,LFGEN - ARENA,0.3,False,,0.00294,,8.11,1785285207
All Pools,MIM - CRAFT,0.3,False,,0.00175,,13.58,1785285207
All Pools,ARENA - TestER,0.3,False,,0.00162,,14.4,1785285207
All Pools,GOLD - AVAX,0.3,False,,,,530.59,1785285207
All Pools,BANG - AVAX,0.3,False,,0.40218,,0.06,1785285207
All Pools,AVAX - OTK,0.3,False,,0.0038,,5.91,1785285207
All Pools,SCAT - AVAX,0.3,False,,0.00163,,13.23,1785285207
All Pools,AVAX - WMATIC,0.3,False,,0.00232,,9.23,1785285207
All Pools,ORDER - ARENA,0.3,False,,0.0149,,1.42,1785285207
All Pools,VYBE - AVAX,0.3,False,,0.00134,,15.26,1785285207
All Pools,BANG - MEAT,0.3,False,,0.00174,,11.68,1785285207
All Pools,MM - USDC.e,0.3,False,,0.35667,,0.06,1785285207
All Pools,LFGEN - AVAX,0.3,False,,0.0025,,7.97,1785285207
All Pools,SPACE - AVAX,0.3,False,,0.00149,,13.27,1785285207
All Pools,MIM - OTK,0.3,False,,0.00279,,6.98,1785285207
All Pools,AVAX - TestER,0.3,False,,0.00319,,5.79,1785285207
All Pools,MIM - SCAT,0.3,False,,3.537,,0.01,1785285207
All Pools,OF - AVAX,0.3,False,,0.00128,,13.89,1785285207
All Pools,MIM - MM,0.3,False,,0.00127,,13.66,1785285207
All Pools,MIM - SPACE,0.3,False,,0.61221,,0.03,1785285207
All Pools,MIM - VYBE,0.3,False,,0.0034,,4.77,1785285207
All Pools,MIM - OF,0.3,False,,1.106,,0.01,1785285207
All Pools,AVAX - GRAV,0.3,False,,4.004,,0.0,1785285207
All Pools,LUNA - UST,0.3,False,,0.00211,,4.0,1785285207
All Pools,SNCT - AVAX,0.3,False,,9142.7,,,1785285207
All Pools,[i]Lluminati - Chrism,0.3,False,0.0,0.0,0.0,0.0,1785285207
All Pools,AVAX - USDC,0.05,False,844051.0,408983.0,439.29,39.2,1785288712
All Pools,sAVAX - AVAX,0.01,False,207745.0,59088.0,21.33,13.17,1785288712
All Pools,ARENA - AVAX,0.01,False,93457.0,246216.0,9.319,1.38,1785288712
All Pools,USDC - XAVA,0.3,False,72670.0,435445.0,181.68,15.23,1785288712
All Pools,AVAX - USDt,0.2,False,68658.0,125787.0,138.36,40.15,1785288712
All Pools,QI - AVAX,0.3,False,57793.0,113865.0,144.48,46.31,1785288712
All Pools,AUSD - USDC,0.01,False,56365.0,107637.0,5.636,1.91,1785288712
All Pools,WETH.e - USDC,0.15,False,54863.0,13064.0,83.17,232.37,1785288712
All Pools,WBTC - BTC.b,0.03,False,53564.0,76163.0,21.03,10.08,1785288712
All Pools,BTC.b - USDC,0.05,False,44355.0,579034.0,22.62,1.43,1785288712
All Pools,sAVAX - AVAX,0.1,False,42287.0,39546.0,42.4,39.13,1785288712
All Pools,XAVA - AVAX,0.8,False,33220.0,121423.0,282.47,84.91,1785288712
All Pools,USDt - USDC,0.01,False,33122.0,163157.0,2.667,0.6,1785288712
All Pools,AVAX - USDC,0.3,False,24248.0,347234.0,60.62,6.37,1785288712
All Pools,COQ - AVAX,0.3,False,19758.0,420390.0,49.4,4.29,1785288712
All Pools,AVAX - USDT.e,0.3,False,13664.0,469906.0,34.16,2.65,1785288712
All Pools,QI - AVAX,0.25,False,13097.0,8433.09,35.28,152.69,1785288712
All Pools,USDC.e - AVAX,0.3,False,12273.0,365731.0,30.68,3.06,1785288712
All Pools,JOE - USDC.e,0.3,False,10799.0,246678.0,27.0,3.99,1785288712
All Pools,WETH.e - AVAX,0.3,False,10523.0,380051.0,26.31,2.53,1785288712
All Pools,USDt - USDC,0.005,False,9983.57,160304.0,0.69984,0.16,1785288712
All Pools,XAVA - USDC,0.8,False,9379.16,96777.0,76.14,28.72,1785288712
All Pools,AAVE.e - AVAX,0.3,False,8883.03,269245.0,22.21,3.01,1785288712
All Pools,FOLKS - AVAX,0.25,False,7526.99,35676.0,19.08,19.52,1785288712
All Pools,USDT.e - USDt,0.02,False,6908.69,44499.0,1.383,1.13,1785288712
All Pools,USDT.e - USDC,0.02,False,6303.88,51139.0,1.272,0.91,1785288712
All Pools,LCPEDU - USDt,0.8,False,6109.38,7161057.0,98.25,0.5,1785288712
All Pools,AVAX - BTC.b,0.05,False,6030.72,26571.0,3.296,4.53,1785288712
All Pools,JOE - AVAX,0.3,False,5181.93,201787.0,12.95,2.34,1785288712
All Pools,XAUt0 - USDt,0.04,False,4949.06,27475.0,2.489,3.31,1785288712
All Pools,GUN - AVAX,0.25,False,2574.58,8636.45,11.22,47.42,1785288712
All Pools,NXUSD - WXT,0.3,False,2392.78,456331.0,5.982,0.48,1785288712
All Pools,ALOT - AVAX,0.3,False,2235.4,7713.2,5.588,26.45,1785288712
All Pools,XAVA - AVAX,0.25,False,2204.69,2395.19,6.269,95.53,1785288712
All Pools,NOCHILL - AVAX,0.3,False,2162.12,52207.0,5.405,3.78,1785288712
All Pools,HERESY - AVAX,0.3,False,1739.29,15854.0,4.348,10.01,1785288712
All Pools,USDt - AVAX,0.3,False,1717.3,38681.0,4.293,4.05,1785288712
All Pools,USDC.e - USDC,0.02,False,1712.55,3894.03,0.3536,3.31,1785288712
All Pools,MIM - AVAX,0.3,False,1641.73,131958.0,4.104,1.14,1785288712
All Pools,WBTC.e - AVAX,0.3,False,1626.71,132017.0,4.067,1.12,1785288712
All Pools,BTC.b - AVAX,0.3,False,1620.59,108025.0,4.051,1.37,1785288712
All Pools,gOHM - AVAX,0.3,False,1592.92,129422.0,3.982,1.12,1785288712
All Pools,YAK - AVAX,0.3,False,1589.02,2283.85,3.973,63.49,1785288712
All Pools,JOE - USDT.e,0.3,False,1554.16,49356.0,3.885,2.87,1785288712
All Pools,AVAX - XAVA,0.3,False,1494.74,11495.0,3.737,11.87,1785288712
All Pools,ORNG - AVAX,0.3,False,1426.54,16761.0,3.566,7.77,1785288712
All Pools,BEAM - USDC,0.3,False,1412.01,64258.0,3.53,2.01,1785288712
All Pools,DAI.e - USDC,0.02,False,1310.51,26724.0,0.26965,0.37,1785288712
All Pools,WBTC.e - BTC.b,0.03,False,1303.05,229864.0,0.41265,0.07,1785288712
All Pools,BEAM - AVAX,0.25,False,1265.97,13921.0,3.206,8.41,1785288712
All Pools,SB - AVAX,0.3,False,1093.17,5977.94,2.733,16.69,1785288712
All Pools,USDC.e - USDC,0.02,False,1082.22,9732.04,0.11231,0.42,1785288712
All Pools,AVAX - DAI.e,0.3,False,1019.68,28555.0,2.549,3.26,1785288712
All Pools,AVAX - GEC,0.3,False,844.71,27223.0,2.112,2.83,1785288712
All Pools,JOE - USDC,0.3,False,832.23,22454.0,2.081,3.38,1785288712
All Pools,AVAX - TOPIA,0.3,False,705.0,1984.0,1.763,32.43,1785288712
All Pools,ZRO - AVAX,0.25,False,696.4,1641.09,1.833,40.78,1785288712
All Pools,USDt - ncash,0.3,False,695.23,729.02,1.738,87.02,1785288712
All Pools,KLO - AVAX,0.3,False,660.65,8433.16,1.652,7.15,1785288712
All Pools,LINK.e - AVAX,0.3,False,655.33,39718.0,1.638,1.51,1785288712
All Pools,ggAVAX - AVAX,0.04,False,641.55,210.83,1.385,239.75,1785288712
All Pools,BIG - AVAX,0.0,False,621.91,167.8,0.0,0.0,1785288712
All Pools,APIX - ARENA,0.3,False,596.58,2581.96,1.491,21.08,1785288712
All Pools,HUNDRED - USDC,0.3,False,593.58,482913.0,1.484,0.11,1785288712
All Pools,USDT.e - USDC,0.02,False,499.05,898.7,0.05469,2.22,1785288712
All Pools,EURC - USDC,0.03,False,461.07,10505.0,0.14923,0.52,1785288712
All Pools,KIMBO - AVAX,0.3,False,442.94,40793.0,1.107,0.99,1785288712
All Pools,USDt - INFRA.e,0.3,False,357.01,24431.0,0.89252,1.33,1785288712
All Pools,USDC.e - DAI.e,0.3,False,334.96,22146.0,0.83741,1.38,1785288712
All Pools,SFG - AVAX,0.1,False,328.13,656.72,0.32831,18.25,1785288712
All Pools,GIGACHAD - AVAX,0.1,False,327.76,655.97,0.32794,18.25,1785288712
All Pools,SWIF - AVAX,0.1,False,327.76,655.97,0.32794,18.25,1785288712
All Pools,VOLTX - AVAX,0.1,False,327.76,655.97,0.32794,18.25,1785288712
All Pools,PEPI - AVAX,0.1,False,327.76,655.97,0.32794,18.25,1785288712
All Pools,MTLX - AVAX,0.1,False,327.76,655.97,0.32794,18.25,1785288712
All Pools,KLO - AVAX,0.1,False,327.76,-1.605,0.32794,-7459.8,1785288712
All Pools,FIGRON - AVAX,0.1,False,327.66,655.78,0.32784,18.25,1785288712
All Pools,MIO - AVAX,0.1,False,327.66,655.78,0.32784,18.25,1785288712
All Pools,VIBE - AVAX,0.1,False,327.66,655.78,0.32784,18.25,1785288712
All Pools,DFIAT - AVAX,0.1,False,327.66,655.78,0.32784,18.25,1785288712
All Pools,K0 - AVAX,0.1,False,327.66,655.78,0.32784,18.25,1785288712
All Pools,LSS - AVAX,0.1,False,327.66,655.78,0.32784,18.25,1785288712
All Pools,ANIME - AVAX,0.1,False,327.66,655.76,0.32784,18.25,1785288712
All Pools,AGENT - AVAX,0.1,False,327.66,655.76,0.32784,18.25,1785288712
All Pools,TRKX - AVAX,0.1,False,327.64,655.74,0.32782,18.25,1785288712
All Pools,SON - AVAX,0.1,False,327.64,655.74,0.32782,18.25,1785288712
All Pools,BABYBONK - AVAX,0.1,False,327.47,655.38,0.32765,18.25,1785288712
All Pools,CAPACITR - AVAX,0.1,False,327.47,-1.899,0.32765,-6297.58,1785288712
All Pools,ORGO - AVAX,0.1,False,327.47,655.38,0.32765,18.25,1785288712
All Pools,GET - AVAX,0.1,False,327.32,655.1,0.3275,18.25,1785288712
All Pools,LUCI - AVAX,0.1,False,327.32,655.1,0.3275,18.25,1785288712
All Pools,ROVR - AVAX,0.1,False,327.32,655.1,0.3275,18.25,1785288712
All Pools,ZIB - AVAX,0.1,False,327.32,655.1,0.3275,18.25,1785288712
All Pools,LRS - AVAX,0.1,False,327.32,655.1,0.3275,18.25,1785288712
All Pools,M3M3 - AVAX,0.1,False,327.32,655.1,0.3275,18.25,1785288712
All Pools,GNY - AVAX,0.1,False,327.31,655.08,0.32749,18.25,1785288712
All Pools,BABYFWOG - AVAX,0.1,False,327.31,655.08,0.32749,18.25,1785288712
All Pools,DUB - AVAX,0.1,False,327.31,655.08,0.32749,18.25,1785288712
All Pools,FOMOCOIN - AVAX,0.1,False,327.31,655.08,0.32749,18.25,1785288712
All Pools,PIDOG - AVAX,0.1,False,327.27,654.98,0.32745,18.25,1785288712
All Pools,FWB - AVAX,0.1,False,327.27,654.98,0.32745,18.25,1785288712
All Pools,SCOTTY - AVAX,0.1,False,327.27,654.98,0.32745,18.25,1785288712
All Pools,GAPLA - AVAX,0.1,False,327.27,654.98,0.32745,18.25,1785288712
All Pools,ANLOG - AVAX,0.1,False,327.15,654.75,0.32733,18.25,1785288712
All Pools,RPILL - AVAX,0.1,False,327.1,654.64,0.32728,18.25,1785288712
All Pools,@BTC25 - AVAX,0.1,False,327.1,654.64,0.32728,18.25,1785288712
All Pools,$WEEDE - AVAX,0.1,False,327.1,654.64,0.32728,18.25,1785288712
All Pools,OZK - AVAX,0.1,False,327.1,654.64,0.32728,18.25,1785288712
All Pools,CHAD - AVAX,0.1,False,327.1,654.64,0.32728,18.25,1785288712
All Pools,HARD - AVAX,0.1,False,327.1,654.64,0.32728,18.25,1785288712
All Pools,SHROOM - AVAX,0.1,False,327.05,654.56,0.32723,18.25,1785288712
All Pools,DCK - AVAX,0.1,False,327.05,654.56,0.32723,18.25,1785288712
All Pools,CRGPT - AVAX,0.1,False,327.05,654.56,0.32723,18.25,1785288712
All Pools,COINAGE - AVAX,0.1,False,327.04,654.54,0.32722,18.25,1785288712
All Pools,BONK - AVAX,0.1,False,327.04,654.54,0.32722,18.25,1785288712
All Pools,JOBIESS - AVAX,0.1,False,327.04,654.54,0.32722,18.25,1785288712
All Pools,KURO - AVAX,0.1,False,327.04,654.54,0.32722,18.25,1785288712
All Pools,RUNNER - AVAX,0.1,False,327.04,654.54,0.32722,18.25,1785288712
All Pools,REAL - AVAX,0.1,False,327.04,654.54,0.32722,18.25,1785288712
All Pools,CONE - AVAX,0.1,False,327.04,654.54,0.32722,18.25,1785288712
All Pools,OMNI - AVAX,0.1,False,326.98,654.4,0.32716,18.25,1785288712
All Pools,FTW - AVAX,0.1,False,326.98,654.4,0.32716,18.25,1785288712
All Pools,VENT - AVAX,0.1,False,326.98,654.4,0.32716,18.25,1785288712
All Pools,ALT - AVAX,0.1,False,326.98,654.4,0.32716,18.25,1785288712
All Pools,KIP - AVAX,0.1,False,326.98,654.4,0.32716,18.25,1785288712
All Pools,LUMO - AVAX,0.1,False,326.98,654.4,0.32716,18.25,1785288712
All Pools,PNUTZ - AVAX,0.1,False,326.97,654.38,0.32715,18.25,1785288712
All Pools,STABLE - AVAX,0.1,False,326.97,654.38,0.32715,18.25,1785288712
All Pools,DORA - AVAX,0.1,False,326.97,654.38,0.32715,18.25,1785288712
All Pools,CORGI - AVAX,0.1,False,326.97,654.38,0.32715,18.25,1785288712
All Pools,CSWAP - AVAX,0.1,False,326.97,654.38,0.32715,18.25,1785288712
All Pools,PESTO - AVAX,0.1,False,326.92,654.3,0.3271,18.25,1785288712
All Pools,$AXB - AVAX,0.1,False,326.92,654.3,0.3271,18.25,1785288712
All Pools,CAT - AVAX,0.1,False,326.92,654.3,0.3271,18.25,1785288712
All Pools,UPDOG - AVAX,0.1,False,326.92,654.3,0.3271,18.25,1785288712
All Pools,OIL - AVAX,0.1,False,326.92,654.3,0.3271,18.25,1785288712
All Pools,QPAY - AVAX,0.1,False,326.92,654.3,0.3271,18.25,1785288712
All Pools,ALL - AVAX,0.1,False,326.92,654.29,0.3271,18.25,1785288712
All Pools,APEMAN - AVAX,0.1,False,326.92,654.29,0.3271,18.25,1785288712
All Pools,SNFT - AVAX,0.1,False,326.92,654.29,0.3271,18.25,1785288712
All Pools,BASED - AVAX,0.1,False,326.82,654.1,0.327,18.25,1785288712
All Pools,SATOZ - AVAX,0.1,False,326.82,654.1,0.327,18.25,1785288712
All Pools,FROGCEO - AVAX,0.1,False,326.81,654.07,0.32699,18.25,1785288712
All Pools,ECLD - AVAX,0.1,False,326.81,654.07,0.32699,18.25,1785288712
All Pools,GEMINI - AVAX,0.1,False,326.8,655.32,0.32698,18.21,1785288712
All Pools,INU - AVAX,0.1,False,326.7,653.86,0.32688,18.25,1785288712
All Pools,YAY - AVAX,0.1,False,326.7,653.86,0.32688,18.25,1785288712
All Pools,MASA - AVAX,0.1,False,326.7,653.86,0.32688,18.25,1785288712
All Pools,LAMBO - AVAX,0.1,False,326.7,653.86,0.32688,18.25,1785288712
All Pools,MOSS - AVAX,0.1,False,326.7,653.86,0.32688,18.25,1785288712
All Pools,PENGXBT - AVAX,0.1,False,326.7,653.86,0.32688,18.25,1785288712
All Pools,$UOS - AVAX,0.1,False,326.7,653.85,0.32688,18.25,1785288712
All Pools,MARS4 - AVAX,0.1,False,326.7,653.85,0.32688,18.25,1785288712
All Pools,FROG - AVAX,0.1,False,326.7,653.85,0.32688,18.25,1785288712
All Pools,BSCS - AVAX,0.1,False,326.7,653.84,0.32688,18.25,1785288712
All Pools,CHFM - AVAX,0.1,False,326.7,653.84,0.32688,18.25,1785288712
All Pools,MATT - AVAX,0.1,False,326.7,653.84,0.32688,18.25,1785288712
All Pools,HSUI - AVAX,0.1,False,326.7,653.84,0.32688,18.25,1785288712
All Pools,CARLO - AVAX,0.1,False,326.7,653.84,0.32688,18.25,1785288712
All Pools,BEEG - AVAX,0.1,False,326.7,653.84,0.32688,18.25,1785288712
All Pools,NUFR - AVAX,0.1,False,326.69,653.82,0.32687,18.25,1785288712
All Pools,CWT - AVAX,0.1,False,326.69,653.82,0.32687,18.25,1785288712
All Pools,$STRPNK - AVAX,0.1,False,326.69,653.82,0.32687,18.25,1785288712
All Pools,SHIRYO - INU - AVAX,0.1,False,326.69,653.82,0.32687,18.25,1785288712
All Pools,WCLAW - AVAX,0.1,False,326.69,653.82,0.32687,18.25,1785288712
All Pools,PURSE - AVAX,0.1,False,326.62,653.68,0.3268,18.25,1785288712
All Pools,HBET - AVAX,0.1,False,326.62,653.68,0.3268,18.25,1785288712
All Pools,GRIND - AVAX,0.1,False,326.62,653.68,0.3268,18.25,1785288712
All Pools,RAZOR - AVAX,0.1,False,326.62,653.68,0.3268,18.25,1785288712
All Pools,AUT - AVAX,0.1,False,326.62,653.68,0.3268,18.25,1785288712
All Pools,TINU - AVAX,0.1,False,326.62,653.68,0.3268,18.25,1785288712
All Pools,TCAT - AVAX,0.1,False,326.62,653.68,0.3268,18.25,1785288712
All Pools,HYPERSKIDS - AVAX,0.1,False,326.6,653.65,0.32678,18.25,1785288712
All Pools,CHATTY - AVAX,0.1,False,326.6,653.65,0.32678,18.25,1785288712
All Pools,CLERK - AVAX,0.1,False,326.6,653.65,0.32678,18.25,1785288712
All Pools,CRYPSI - AVAX,0.1,False,326.6,653.65,0.32678,18.25,1785288712
All Pools,SPICE - AVAX,0.1,False,326.6,-2.767,0.32678,-4310.48,1785288712
All Pools,TUNE - AVAX,0.1,False,326.6,653.65,0.32678,18.25,1785288712
All Pools,GINUX - AVAX,0.1,False,326.6,653.65,0.32678,18.25,1785288712
All Pools,NFTWIZ - AVAX,0.1,False,326.59,653.64,0.32677,18.25,1785288712
All Pools,KOLSCAN - AVAX,0.1,False,326.57,-2.796,0.32675,-4266.12,1785288712
All Pools,AZL - AVAX,0.1,False,326.57,653.59,0.32675,18.25,1785288712
All Pools,BOOZE - AVAX,0.1,False,326.57,653.59,0.32675,18.25,1785288712
All Pools,LOLO - AVAX,0.1,False,326.57,653.59,0.32675,18.25,1785288712
All Pools,SACI - AVAX,0.1,False,326.57,653.59,0.32675,18.25,1785288712
All Pools,SEED - AVAX,0.1,False,326.55,-2.82,0.32672,-4228.72,1785288712
All Pools,SINGULARITY - AVAX,0.1,False,326.55,653.54,0.32672,18.25,1785288712
All Pools,AI - AVAX,0.1,False,326.55,653.54,0.32672,18.25,1785288712
All Pools,T42069K - AVAX,0.1,False,326.47,653.39,0.32665,18.25,1785288712
All Pools,TRUST - AVAX,0.1,False,326.47,653.39,0.32665,18.25,1785288712
All Pools,MIND - AVAX,0.1,False,326.37,653.19,0.32655,18.25,1785288712
All Pools,FALX - AVAX,0.1,False,326.37,653.19,0.32655,18.25,1785288712
All Pools,P - AVAX,0.1,False,326.37,653.19,0.32655,18.25,1785288712
All Pools,CERTAI - AVAX,0.1,False,326.32,653.09,0.3265,18.25,1785288712
All Pools,EXO - AVAX,0.1,False,326.26,652.98,0.32644,18.25,1785288712
All Pools,ALPACA - AVAX,0.1,False,326.21,652.87,0.32639,18.25,1785288712
All Pools,APUGURL - AVAX,0.1,False,326.21,652.87,0.32639,18.25,1785288712
All Pools,FROC - AVAX,0.1,False,326.21,652.87,0.32639,18.25,1785288712
All Pools,ETHR - AVAX,0.1,False,326.21,652.87,0.32639,18.25,1785288712
All Pools,HYVE - AVAX,0.1,False,326.21,652.87,0.32639,18.25,1785288712
All Pools,WARP - AVAX,0.1,False,326.21,652.87,0.32639,18.25,1785288712
All Pools,LBAI - AVAX,0.1,False,326.17,652.8,0.32635,18.25,1785288712
All Pools,MOONBASE - AVAX,0.1,False,326.17,652.8,0.32635,18.25,1785288712
All Pools,HXD - AVAX,0.1,False,326.17,652.8,0.32635,18.25,1785288712
All Pools,SCB - AVAX,0.1,False,326.16,652.78,0.32634,18.25,1785288712
All Pools,BLUEAGENT - AVAX,0.1,False,326.16,652.78,0.32634,18.25,1785288712
All Pools,NEOX - AVAX,0.1,False,326.16,652.78,0.32634,18.25,1785288712
All Pools,VIPER - AVAX,0.1,False,326.16,-3.202,0.32634,-3720.25,1785288712
All Pools,REKT - AVAX,0.1,False,326.16,652.78,0.32634,18.25,1785288712
All Pools,DOODOO - AVAX,0.1,False,326.16,652.78,0.32634,18.25,1785288712
All Pools,AIXCB - AVAX,0.1,False,326.08,652.61,0.32626,18.25,1785288712
All Pools,STORE - AVAX,0.1,False,326.08,-3.286,0.32626,-3623.6,1785288712
All Pools,FACE - AVAX,0.1,False,326.08,652.61,0.32626,18.25,1785288712
All Pools,UNQ - AVAX,0.1,False,326.08,652.61,0.32626,18.25,1785288712
All Pools,VDNA - AVAX,0.1,False,326.08,652.61,0.32626,18.25,1785288712
All Pools,INCOME - AVAX,0.1,False,326.08,652.61,0.32626,18.25,1785288712
All Pools,NAOS - AVAX,0.1,False,325.92,652.29,0.3261,18.25,1785288712
All Pools,LUNAR - AVAX,0.1,False,325.88,652.21,0.32606,18.25,1785288712
All Pools,UBX - AVAX,0.1,False,325.88,652.21,0.32606,18.25,1785288712
All Pools,FARA - AVAX,0.1,False,325.88,652.21,0.32606,18.25,1785288712
All Pools,AQUA - AVAX,0.1,False,325.88,652.21,0.32606,18.25,1785288712
All Pools,MIA - AVAX,0.1,False,325.88,652.21,0.32606,18.25,1785288712
All Pools,CADAI - AVAX,0.1,False,325.83,652.11,0.32601,18.25,1785288712
All Pools,MAYHEM - AVAX,0.1,False,325.83,652.11,0.32601,18.25,1785288712
All Pools,NUIT - AVAX,0.1,False,325.83,652.11,0.32601,18.25,1785288712
All Pools,WF - AVAX,0.1,False,325.83,652.11,0.32601,18.25,1785288712
All Pools,FGM - AVAX,0.1,False,325.83,652.11,0.32601,18.25,1785288712
All Pools,ATSCOIN - AVAX,0.1,False,325.83,652.11,0.32601,18.25,1785288712
All Pools,BELG - AVAX,0.1,False,325.83,652.11,0.32601,18.25,1785288712
All Pools,W3GG - AVAX,0.1,False,325.79,652.04,0.32597,18.25,1785288712
All Pools,APED - AVAX,0.1,False,325.79,652.04,0.32597,18.25,1785288712
All Pools,K9 - AVAX,0.1,False,325.79,652.04,0.32597,18.25,1785288712
All Pools,WAYE - AVAX,0.1,False,325.79,652.04,0.32597,18.25,1785288712
All Pools,FLUFFEY - AVAX,0.1,False,325.79,652.04,0.32597,18.25,1785288712
All Pools,LUCIEN - AVAX,0.1,False,325.79,652.04,0.32597,18.25,1785288712
All Pools,USEFUL - AVAX,0.1,False,325.75,651.95,0.32593,18.25,1785288712
All Pools,PP+ - AVAX,0.1,False,325.75,651.95,0.32593,18.25,1785288712
All Pools,CYAI - AVAX,0.1,False,325.75,651.95,0.32593,18.25,1785288712
All Pools,SID - AVAX,0.1,False,325.75,651.95,0.32593,18.25,1785288712
All Pools,GEM - AVAX,0.1,False,325.75,651.95,0.32593,18.25,1785288712
All Pools,TANSSI - AVAX,0.1,False,325.75,651.95,0.32593,18.25,1785288712
All Pools,FLOPPA - AVAX,0.1,False,325.73,651.91,0.32591,18.25,1785288712
All Pools,ROCKY - AVAX,0.1,False,325.72,651.88,0.3259,18.25,1785288712
All Pools,PLY - AVAX,0.1,False,325.72,651.88,0.3259,18.25,1785288712
All Pools,MONK - AVAX,0.1,False,325.72,-3.649,0.3259,-3260.26,1785288712
All Pools,PONCHO - AVAX,0.1,False,325.72,651.88,0.3259,18.25,1785288712
All Pools,OBX - AVAX,0.1,False,325.72,651.88,0.3259,18.25,1785288712
All Pools,OK - AVAX,0.1,False,325.72,651.88,0.3259,18.25,1785288712
All Pools,TGLD - AVAX,0.1,False,325.72,651.88,0.3259,18.25,1785288712
All Pools,GINNAN - AVAX,0.1,False,325.69,651.83,0.32587,18.25,1785288712
All Pools,SOLVE - AVAX,0.1,False,325.69,-3.677,0.32587,-3234.9,1785288712
All Pools,HYDT - AVAX,0.1,False,325.69,651.83,0.32587,18.25,1785288712
All Pools,BIRDDOG - AVAX,0.1,False,325.69,-3.677,0.32587,-3234.9,1785288712
All Pools,REL - AVAX,0.1,False,325.69,651.83,0.32587,18.25,1785288712
All Pools,T0XCORAL - AVAX,0.1,False,325.69,651.83,0.32587,18.25,1785288712
All Pools,ORE - AVAX,0.1,False,325.69,651.83,0.32587,18.25,1785288712
All Pools,DON - AVAX,0.1,False,325.65,651.74,0.32582,18.25,1785288712
All Pools,PAJAMAS - AVAX,0.1,False,325.65,651.74,0.32582,18.25,1785288712
All Pools,ASTROID - AVAX,0.1,False,325.65,651.74,0.32582,18.25,1785288712
All Pools,DSLA - AVAX,0.1,False,325.65,651.74,0.32582,18.25,1785288712
All Pools,EGT - AVAX,0.1,False,325.65,651.74,0.32582,18.25,1785288712
All Pools,KING - AVAX,0.1,False,325.65,651.74,0.32582,18.25,1785288712
All Pools,CANDLE - AVAX,0.1,False,325.64,651.73,0.32582,18.25,1785288712
All Pools,COCKROACH - AVAX,0.1,False,325.64,651.73,0.32582,18.25,1785288712
All Pools,FARVERSE - AVAX,0.1,False,325.64,651.73,0.32582,18.25,1785288712
All Pools,Z - AVAX,0.1,False,325.64,651.73,0.32582,18.25,1785288712
All Pools,PELL - AVAX,0.1,False,325.64,651.73,0.32582,18.25,1785288712
All Pools,RCN - AVAX,0.1,False,325.64,-3.727,0.32582,-3190.98,1785288712
All Pools,MMF - AVAX,0.1,False,325.64,651.73,0.32582,18.25,1785288712
All Pools,FOXGIRL - AVAX,0.1,False,325.6,651.65,0.32578,18.25,1785288712
All Pools,RCADE - AVAX,0.1,False,325.6,651.65,0.32578,18.25,1785288712
All Pools,GM - AVAX,0.1,False,325.6,651.65,0.32578,18.25,1785288712
All Pools,BTSG - AVAX,0.1,False,325.6,651.65,0.32578,18.25,1785288712
All Pools,KOHAKU - AVAX,0.1,False,325.6,651.65,0.32578,18.25,1785288712
All Pools,ARSE - AVAX,0.1,False,325.6,651.65,0.32578,18.25,1785288712
All Pools,INBRED - AVAX,0.1,False,325.6,651.65,0.32578,18.25,1785288712
All Pools,STICKMAN - AVAX,0.1,False,325.56,651.57,0.32574,18.25,1785288712
All Pools,MARS - AVAX,0.1,False,325.56,651.57,0.32574,18.25,1785288712
All Pools,BEAST - AVAX,0.1,False,325.56,651.57,0.32574,18.25,1785288712
All Pools,RET - AVAX,0.1,False,325.56,651.57,0.32574,18.25,1785288712
All Pools,TURBO - AVAX,0.1,False,325.56,651.57,0.32574,18.25,1785288712
All Pools,HID - AVAX,0.1,False,325.56,651.57,0.32574,18.25,1785288712
All Pools,RBW - AVAX,0.1,False,325.53,651.51,0.32571,18.25,1785288712
All Pools,HANA - AVAX,0.1,False,325.53,651.51,0.32571,18.25,1785288712
All Pools,ELIZA - AVAX,0.1,False,325.53,651.51,0.32571,18.25,1785288712
All Pools,JJ - AVAX,0.1,False,325.53,651.51,0.32571,18.25,1785288712
All Pools,MBXN - AVAX,0.1,False,325.53,651.51,0.32571,18.25,1785288712
All Pools,APES - AVAX,0.1,False,325.53,651.51,0.32571,18.25,1785288712
All Pools,POLY - AVAX,0.1,False,325.52,651.5,0.3257,18.25,1785288712
All Pools,SOLAMI - AVAX,0.1,False,325.52,651.5,0.3257,18.25,1785288712
All Pools,MXNE - AVAX,0.1,False,325.52,651.5,0.3257,18.25,1785288712
All Pools,EBOLA - AVAX,0.1,False,325.52,651.5,0.3257,18.25,1785288712
All Pools,DARK - AVAX,0.1,False,325.52,651.5,0.3257,18.25,1785288712
All Pools,BIZ - AVAX,0.1,False,325.52,651.5,0.3257,18.25,1785288712
All Pools,GEC - AVAX,0.1,False,325.52,651.5,0.3257,18.25,1785288712
All Pools,USDW - AVAX,0.1,False,325.5,651.45,0.32568,18.25,1785288712
All Pools,SAINT - AVAX,0.1,False,325.5,651.45,0.32568,18.25,1785288712
All Pools,FLIES - AVAX,0.1,False,325.5,651.45,0.32568,18.25,1785288712
All Pools,PEPEAI - AVAX,0.1,False,325.5,651.45,0.32568,18.25,1785288712
All Pools,YOSHI - AVAX,0.1,False,325.5,651.45,0.32568,18.25,1785288712
All Pools,APU - AVAX,0.1,False,325.5,651.45,0.32568,18.25,1785288712
All Pools,CAT - AVAX,0.1,False,325.49,651.43,0.32567,18.25,1785288712
All Pools,HARVY - AVAX,0.1,False,325.49,651.43,0.32567,18.25,1785288712
All Pools,AIT - AVAX,0.1,False,325.49,651.43,0.32567,18.25,1785288712
All Pools,WCLP - AVAX,0.1,False,325.49,651.43,0.32567,18.25,1785288712
All Pools,CLG - AVAX,0.1,False,325.49,651.43,0.32567,18.25,1785288712
All Pools,SYRA - AVAX,0.1,False,325.49,651.43,0.32567,18.25,1785288712
All Pools,CNZSTRAT - AVAX,0.1,False,325.35,651.16,0.32553,18.25,1785288712
All Pools,ILY - AVAX,0.1,False,325.35,651.16,0.32553,18.25,1785288712
All Pools,NOOT - AVAX,0.1,False,325.35,651.16,0.32553,18.25,1785288712
All Pools,GOTTI - AVAX,0.1,False,325.35,651.16,0.32553,18.25,1785288712
All Pools,JAM - AVAX,0.1,False,325.35,651.16,0.32553,18.25,1785288712
All Pools,VIBE - AVAX,0.1,False,323.93,648.31,0.32411,18.25,1785288712
All Pools,ZKWASM - AVAX,0.1,False,323.93,648.31,0.32411,18.25,1785288712
All Pools,YUGE - AVAX,0.1,False,323.93,648.31,0.32411,18.25,1785288712
All Pools,AVM - AVAX,0.1,False,323.93,648.31,0.32411,18.25,1785288712
All Pools,ARM - WETH - EETH - AVAX,0.1,False,323.93,648.31,0.32411,18.25,1785288712
All Pools,MV - AVAX,0.1,False,323.93,-5.435,0.32411,-2176.54,1785288712
All Pools,PERRY - AVAX,0.1,False,323.92,648.28,0.3241,18.25,1785288712
All Pools,PRICH - AVAX,0.1,False,323.92,648.28,0.3241,18.25,1785288712
All Pools,BFT - AVAX,0.1,False,323.92,648.28,0.3241,18.25,1785288712
All Pools,BAZED - AVAX,0.1,False,323.92,648.28,0.3241,18.25,1785288712
All Pools,MAPS - AVAX,0.1,False,323.92,648.28,0.3241,18.25,1785288712
All Pools,VITASTEM - AVAX,0.1,False,323.88,648.22,0.32406,18.25,1785288712
All Pools,WAT - AVAX,0.1,False,323.88,648.22,0.32406,18.25,1785288712
All Pools,FLUX - AVAX,0.1,False,323.88,648.22,0.32406,18.25,1785288712
All Pools,MSMIL - AVAX,0.1,False,323.88,648.22,0.32406,18.25,1785288712
All Pools,HEDGE - AVAX,0.1,False,323.88,648.22,0.32406,18.25,1785288712
All Pools,COIN - AVAX,0.1,False,323.88,648.22,0.32406,18.25,1785288712
All Pools,HVI - AVAX,0.1,False,323.84,648.14,0.32402,18.25,1785288712
All Pools,BOUNTYWORK - AVAX,0.1,False,323.84,648.14,0.32402,18.25,1785288712
All Pools,SZN - AVAX,0.1,False,323.84,648.14,0.32402,18.25,1785288712
All Pools,ANIMAL - AVAX,0.1,False,323.84,648.14,0.32402,18.25,1785288712
All Pools,YLT - AVAX,0.1,False,323.84,648.14,0.32402,18.25,1785288712
All Pools,CRTR - AVAX,0.1,False,323.51,647.46,0.32368,18.25,1785288712
All Pools,EGO - AVAX,0.1,False,323.51,-5.86,0.32368,-2016.27,1785288712
All Pools,AIR3 - AVAX,0.1,False,323.51,647.46,0.32368,18.25,1785288712
All Pools,DOLLO - AVAX,0.1,False,323.51,647.46,0.32368,18.25,1785288712
All Pools,TRASH - AVAX,0.1,False,323.51,647.46,0.32368,18.25,1785288712
All Pools,MOTA - AVAX,0.1,False,323.48,647.4,0.32366,18.25,1785288712
All Pools,CHAT - AVAX,0.1,False,323.48,647.4,0.32366,18.25,1785288712
All Pools,SANI - AVAX,0.1,False,323.44,647.33,0.32362,18.25,1785288712
All Pools,ABX - AVAX,0.1,False,323.44,647.33,0.32362,18.25,1785288712
All Pools,ORC - AVAX,0.1,False,323.44,-5.925,0.32362,-1993.47,1785288712
All Pools,WOOLLY - AVAX,0.1,False,323.44,647.33,0.32362,18.25,1785288712
All Pools,ROOBEE - AVAX,0.1,False,323.44,647.33,0.32362,18.25,1785288712
All Pools,NURA - AVAX,0.1,False,323.44,647.33,0.32362,18.25,1785288712
All Pools,BIGTROUT - AVAX,0.1,False,323.44,647.33,0.32362,18.25,1785288712
All Pools,MUON - AVAX,0.1,False,323.41,647.26,0.32359,18.25,1785288712
All Pools,$SATFI - AVAX,0.1,False,323.41,647.26,0.32359,18.25,1785288712
All Pools,BABYGROK - AVAX,0.1,False,323.41,647.26,0.32359,18.25,1785288712
All Pools,BXBT - AVAX,0.1,False,323.41,647.26,0.32359,18.25,1785288712
All Pools,TFI - AVAX,0.1,False,323.41,647.26,0.32359,18.25,1785288712
All Pools,CAG - AVAX,0.1,False,323.41,-5.959,0.32359,-1982.04,1785288712
All Pools,COOK - AVAX,0.1,False,323.41,647.26,0.32359,18.25,1785288712
All Pools,$RAINI - AVAX,0.1,False,323.41,647.26,0.32359,18.25,1785288712
All Pools,SUITRUMP - AVAX,0.1,False,323.41,647.26,0.32359,18.25,1785288712
All Pools,AXOBOTL - AVAX,0.1,False,323.41,647.26,0.32359,18.25,1785288712
All Pools,TBY - AVAX,0.1,False,323.41,647.26,0.32359,18.25,1785288712
All Pools,HYPER - AVAX,0.1,False,323.41,647.26,0.32359,18.25,1785288712
All Pools,TOKEN - AVAX,0.1,False,323.39,647.22,0.32356,18.25,1785288712
All Pools,$SITCOM - AVAX,0.1,False,323.39,647.22,0.32356,18.25,1785288712
All Pools,LABS - AVAX,0.1,False,323.39,647.22,0.32356,18.25,1785288712
All Pools,GLCH - AVAX,0.1,False,323.39,647.22,0.32356,18.25,1785288712
All Pools,PARAX - AVAX,0.1,False,323.39,647.22,0.32356,18.25,1785288712
All Pools,SANCHO - AVAX,0.1,False,323.39,647.22,0.32356,18.25,1785288712
All Pools,PRTN - AVAX,0.1,False,323.37,647.19,0.32355,18.25,1785288712
All Pools,UTOPIA - AVAX,0.1,False,323.37,647.19,0.32355,18.25,1785288712
All Pools,SOLANA - AVAX,0.1,False,323.37,647.19,0.32355,18.25,1785288712
All Pools,MODRIC - AVAX,0.1,False,323.37,647.19,0.32355,18.25,1785288712
All Pools,LNG - AVAX,0.1,False,323.37,647.19,0.32355,18.25,1785288712
All Pools,YTP - AVAX,0.1,False,323.37,647.19,0.32355,18.25,1785288712
All Pools,NETT - AVAX,0.1,False,323.37,647.18,0.32354,18.25,1785288712
All Pools,CAPY - AVAX,0.1,False,323.37,647.18,0.32354,18.25,1785288712
All Pools,TTD - AVAX,0.1,False,323.37,647.18,0.32354,18.25,1785288712
All Pools,HUNCH - AVAX,0.1,False,323.37,647.18,0.32354,18.25,1785288712
All Pools,SOY - AVAX,0.1,False,323.37,647.18,0.32354,18.25,1785288712
All Pools,WAKEAI - AVAX,0.1,False,323.37,647.18,0.32354,18.25,1785288712
All Pools,MGN - AVAX,0.1,False,323.33,647.12,0.32351,18.25,1785288712
All Pools,CTK - AVAX,0.1,False,323.33,647.12,0.32351,18.25,1785288712
All Pools,WALTER - AVAX,0.1,False,323.33,647.12,0.32351,18.25,1785288712
All Pools,FODL - AVAX,0.1,False,323.33,647.12,0.32351,18.25,1785288712
All Pools,$GREMLY - AVAX,0.1,False,323.33,647.12,0.32351,18.25,1785288712
All Pools,WM - AVAX,0.1,False,323.29,647.04,0.32347,18.25,1785288712
All Pools,JBX - AVAX,0.1,False,323.29,647.04,0.32347,18.25,1785288712
All Pools,FLIPR - AVAX,0.1,False,323.29,647.04,0.32347,18.25,1785288712
All Pools,FREN - AVAX,0.1,False,323.29,-6.072,0.32347,-1944.38,1785288712
All Pools,FUNGI - AVAX,0.1,False,323.29,647.04,0.32347,18.25,1785288712
All Pools,BOATKID - AVAX,0.1,False,323.29,647.02,0.32347,18.25,1785288712
All Pools,JAIHOZ - AVAX,0.1,False,323.29,647.02,0.32347,18.25,1785288712
All Pools,SEEK - AVAX,0.1,False,323.29,647.02,0.32347,18.25,1785288712
All Pools,FART - AVAX,0.1,False,323.29,647.02,0.32347,18.25,1785288712
All Pools,CTR - AVAX,0.1,False,323.29,647.02,0.32347,18.25,1785288712
All Pools,STYLE - AVAX,0.1,False,323.29,647.02,0.32347,18.25,1785288712
All Pools,BCAT - AVAX,0.1,False,323.27,646.99,0.32345,18.25,1785288712
All Pools,GAI - AVAX,0.1,False,323.27,646.99,0.32345,18.25,1785288712
All Pools,EQUAL - AVAX,0.1,False,323.27,646.99,0.32345,18.25,1785288712
All Pools,ELONONE - AVAX,0.1,False,323.27,646.99,0.32345,18.25,1785288712
All Pools,BUILD - AVAX,0.1,False,323.27,646.99,0.32345,18.25,1785288712
All Pools,CIRC - AVAX,0.1,False,323.27,646.99,0.32345,18.25,1785288712
All Pools,MEMESAI - AVAX,0.1,False,323.27,646.99,0.32345,18.25,1785288712
All Pools,STOG - AVAX,0.1,False,323.26,646.97,0.32344,18.25,1785288712
All Pools,DONUT - AVAX,0.1,False,323.26,646.97,0.32344,18.25,1785288712
All Pools,EQPAY - AVAX,0.1,False,323.26,646.96,0.32343,18.25,1785288712
All Pools,GARY - AVAX,0.1,False,323.26,646.96,0.32343,18.25,1785288712
All Pools,SPO - AVAX,0.1,False,323.26,646.96,0.32343,18.25,1785288712
All Pools,BEPE - AVAX,0.1,False,323.26,646.96,0.32343,18.25,1785288712
All Pools,SOLVR - AVAX,0.1,False,323.26,646.96,0.32343,18.25,1785288712
All Pools,PERKOS - AVAX,0.1,False,323.25,646.94,0.32342,18.25,1785288712
All Pools,WING - AVAX,0.1,False,323.25,646.94,0.32342,18.25,1785288712
All Pools,LEIA - AVAX,0.1,False,323.14,646.72,0.32332,18.25,1785288712
All Pools,ADNS - AVAX,0.1,False,323.14,646.72,0.32332,18.25,1785288712
All Pools,GENI - AVAX,0.1,False,323.07,-6.298,0.32325,-1873.39,1785288712
All Pools,CHAD - AVAX,0.1,False,323.07,646.58,0.32325,18.25,1785288712
All Pools,ZENY - AVAX,0.1,False,323.07,646.58,0.32325,18.25,1785288712
All Pools,NUUM - AVAX,0.1,False,323.07,646.58,0.32325,18.25,1785288712
All Pools,TRADIE - AVAX,0.1,False,323.07,646.58,0.32325,18.25,1785288712
All Pools,FCOD - AVAX,0.1,False,323.07,646.58,0.32325,18.25,1785288712
All Pools,TRDG - AVAX,0.1,False,322.79,646.03,0.32297,18.25,1785288712
All Pools,SCI - AVAX,0.1,False,322.79,646.03,0.32297,18.25,1785288712
All Pools,PAPADOGE - AVAX,0.1,False,322.79,646.03,0.32297,18.25,1785288712
All Pools,AION - AVAX,0.1,False,322.79,646.03,0.32297,18.25,1785288712
All Pools,BEAST - AVAX,0.1,False,322.79,646.03,0.32297,18.25,1785288712
All Pools,BTTY - AVAX,0.1,False,322.75,645.95,0.32293,18.25,1785288712
All Pools,PALLX - AVAX,0.1,False,322.75,645.95,0.32293,18.25,1785288712
All Pools,SQDGN - AVAX,0.1,False,322.75,645.95,0.32293,18.25,1785288712
All Pools,MEGUSTA - AVAX,0.1,False,322.72,645.89,0.3229,18.25,1785288712
All Pools,TAPE - AVAX,0.1,False,322.72,645.89,0.3229,18.25,1785288712
All Pools,IETH - AVAX,0.1,False,322.72,645.89,0.3229,18.25,1785288712
All Pools,GOAL - AVAX,0.1,False,322.72,645.89,0.3229,18.25,1785288712
All Pools,KOIN - AVAX,0.1,False,322.72,645.89,0.3229,18.25,1785288712
All Pools,MNEME - AVAX,0.1,False,322.72,645.88,0.3229,18.25,1785288712
All Pools,ZODS - AVAX,0.1,False,322.72,645.88,0.3229,18.25,1785288712
All Pools,DUCKER - AVAX,0.1,False,322.72,645.88,0.3229,18.25,1785288712
All Pools,EBYT - AVAX,0.1,False,322.72,645.88,0.3229,18.25,1785288712
All Pools,MUMU - AVAX,0.1,False,322.69,645.83,0.32287,18.25,1785288712
All Pools,SANTA - AVAX,0.1,False,322.69,645.83,0.32287,18.25,1785288712
All Pools,BIAO - AVAX,0.1,False,322.69,645.83,0.32287,18.25,1785288712
All Pools,HBB - AVAX,0.1,False,322.69,-6.673,0.32287,-1766.06,1785288712
All Pools,BINANCIANS - AVAX,0.1,False,322.69,645.83,0.32287,18.25,1785288712
All Pools,WOOF - AVAX,0.1,False,322.69,645.83,0.32287,18.25,1785288712
All Pools,$LILLY - AVAX,0.1,False,322.69,645.82,0.32286,18.25,1785288712
All Pools,APL - AVAX,0.1,False,322.69,-6.682,0.32286,-1763.72,1785288712
All Pools,LOCK - AVAX,0.1,False,322.69,645.82,0.32286,18.25,1785288712
All Pools,TOILET - AVAX,0.1,False,322.66,645.76,0.32283,18.25,1785288712
All Pools,OGSM - AVAX,0.1,False,322.66,645.76,0.32283,18.25,1785288712
All Pools,AICZ - AVAX,0.1,False,322.66,645.76,0.32283,18.25,1785288712
All Pools,FOMO - AVAX,0.1,False,322.66,645.76,0.32283,18.25,1785288712
All Pools,SKH - AVAX,0.1,False,322.66,645.76,0.32283,18.25,1785288712
All Pools,YALA - AVAX,0.1,False,322.65,645.75,0.32283,18.25,1785288712
All Pools,NVF - AVAX,0.1,False,322.61,645.67,0.32279,18.25,1785288712
All Pools,GRIFT - AVAX,0.1,False,322.61,645.67,0.32279,18.25,1785288712
All Pools,ART - AVAX,0.1,False,322.6,645.65,0.32278,18.25,1785288712
All Pools,NOMAI - AVAX,0.1,False,322.6,645.65,0.32278,18.25,1785288712
All Pools,PMON - AVAX,0.1,False,322.6,645.64,0.32278,18.25,1785288712
All Pools,MOOX - AVAX,0.1,False,322.6,645.64,0.32277,18.25,1785288712
All Pools,HON - AVAX,0.1,False,322.6,645.64,0.32277,18.25,1785288712
All Pools,DEGO - AVAX,0.1,False,322.6,645.64,0.32277,18.25,1785288712
All Pools,NC - AVAX,0.1,False,322.6,645.64,0.32277,18.25,1785288712
All Pools,GBM - AVAX,0.1,False,322.6,645.64,0.32277,18.25,1785288712
All Pools,LNR - AVAX,0.1,False,322.6,645.64,0.32277,18.25,1785288712
All Pools,BRIC - AVAX,0.1,False,322.58,-6.782,0.32276,-1736.98,1785288712
All Pools,TRALA - AVAX,0.1,False,322.58,645.62,0.32276,18.25,1785288712
All Pools,TRAI - AVAX,0.1,False,322.55,645.55,0.32273,18.25,1785288712
All Pools,PEPO - AVAX,0.1,False,322.55,645.55,0.32273,18.25,1785288712
All Pools,RAT - AVAX,0.1,False,322.55,645.55,0.32273,18.25,1785288712
All Pools,SHED - AVAX,0.1,False,322.55,645.55,0.32273,18.25,1785288712
All Pools,BCOQ - AVAX,0.1,False,322.53,645.5,0.3227,18.25,1785288712
All Pools,MOTO - AVAX,0.1,False,322.53,645.5,0.3227,18.25,1785288712
All Pools,BCB - AVAX,0.1,False,322.53,645.5,0.3227,18.25,1785288712
All Pools,GDIG - AVAX,0.1,False,322.53,645.5,0.3227,18.25,1785288712
All Pools,ETF500 - AVAX,0.1,False,322.53,645.5,0.3227,18.25,1785288712
All Pools,SURF - AVAX,0.1,False,322.51,645.47,0.32269,18.25,1785288712
All Pools,HUSKY - AVAX,0.1,False,322.51,-6.857,0.32269,-1717.61,1785288712
All Pools,SZN - AVAX,0.1,False,322.51,645.47,0.32269,18.25,1785288712
All Pools,ANDY - AVAX,0.1,False,322.51,645.47,0.32269,18.25,1785288712
All Pools,BABYPEPE - AVAX,0.1,False,322.5,645.45,0.32268,18.25,1785288712
All Pools,MRNAON - AVAX,0.1,False,322.49,645.43,0.32267,18.25,1785288712
All Pools,PULSEGUY - AVAX,0.1,False,322.47,645.38,0.32264,18.25,1785288712
All Pools,MIN - AVAX,0.1,False,322.47,645.38,0.32264,18.25,1785288712
All Pools,FLU - AVAX,0.1,False,322.47,645.38,0.32264,18.25,1785288712
All Pools,SOXLON - AVAX,0.1,False,322.47,645.38,0.32264,18.25,1785288712
All Pools,YOLOUSD - AVAX,0.1,False,322.47,645.38,0.32264,18.25,1785288712
All Pools,GRV - AVAX,0.1,False,322.47,645.38,0.32264,18.25,1785288712
All Pools,GOOD - AVAX,0.1,False,322.45,645.35,0.32263,18.25,1785288712
All Pools,WDOG - AVAX,0.1,False,322.45,645.35,0.32263,18.25,1785288712
All Pools,FJO - AVAX,0.1,False,322.45,645.35,0.32263,18.25,1785288712
All Pools,DOGWIFHAT - AVAX,0.1,False,322.45,645.35,0.32263,18.25,1785288712
All Pools,PEANUT - AVAX,0.1,False,322.45,645.35,0.32263,18.25,1785288712
All Pools,FOFAR - AVAX,0.1,False,322.45,645.35,0.32263,18.25,1785288712
All Pools,$NMKR - AVAX,0.1,False,322.45,645.35,0.32263,18.25,1785288712
All Pools,BNBXBT - AVAX,0.1,False,322.4,645.24,0.32258,18.25,1785288712
All Pools,BRYAN - AVAX,0.1,False,322.4,645.24,0.32258,18.25,1785288712
All Pools,BETR - AVAX,0.1,False,322.4,645.24,0.32258,18.25,1785288712
All Pools,FLNCHY - AVAX,0.1,False,322.37,645.19,0.32255,18.25,1785288712
All Pools,APY - AVAX,0.1,False,322.37,645.19,0.32255,18.25,1785288712
All Pools,KOBX - AVAX,0.1,False,322.37,645.19,0.32255,18.25,1785288712
All Pools,RIPS - AVAX,0.1,False,322.37,645.19,0.32255,18.25,1785288712
All Pools,RT - AVAX,0.1,False,322.37,645.19,0.32255,18.25,1785288712
All Pools,DISCLOSURE - AVAX,0.1,False,322.37,645.19,0.32255,18.25,1785288712
All Pools,BMA - AVAX,0.1,False,322.37,645.19,0.32255,18.25,1785288712
All Pools,HGET - AVAX,0.1,False,322.37,645.19,0.32255,18.25,1785288712
All Pools,GOLD - AVAX,0.1,False,322.37,645.19,0.32255,18.25,1785288712
All Pools,MIRROR - AVAX,0.1,False,322.37,645.19,0.32255,18.25,1785288712
All Pools,KWIF - AVAX,0.1,False,322.37,645.19,0.32255,18.25,1785288712
All Pools,BABYDADDY - AVAX,0.1,False,322.37,645.19,0.32255,18.25,1785288712
All Pools,ORDS - AVAX,0.1,False,322.36,645.17,0.32254,18.25,1785288712
All Pools,WINT - AVAX,0.1,False,322.36,645.17,0.32254,18.25,1785288712
All Pools,A51 - AVAX,0.1,False,322.36,645.17,0.32254,18.25,1785288712
All Pools,OXY - AVAX,0.1,False,322.36,645.17,0.32254,18.25,1785288712
All Pools,CATBAT - AVAX,0.1,False,322.35,645.14,0.32252,18.25,1785288712
All Pools,MUMU - AVAX,0.1,False,322.35,645.14,0.32252,18.25,1785288712
All Pools,COPE - AVAX,0.1,False,322.35,645.14,0.32252,18.25,1785288712
All Pools,DGENAI - AVAX,0.1,False,322.35,645.14,0.32252,18.25,1785288712
All Pools,JGN - AVAX,0.1,False,322.35,645.14,0.32252,18.25,1785288712
All Pools,S - AVAX,0.1,False,322.29,645.02,0.32246,18.25,1785288712
All Pools,ROOST - AVAX,0.1,False,322.29,645.02,0.32246,18.25,1785288712
All Pools,TIME - AVAX,0.1,False,322.29,645.02,0.32246,18.25,1785288712
All Pools,ZAI - AVAX,0.1,False,322.29,645.02,0.32246,18.25,1785288712
All Pools,BIRDDOG - AVAX,0.1,False,322.29,645.02,0.32246,18.25,1785288712
All Pools,OKI - AVAX,0.1,False,322.29,645.02,0.32246,18.25,1785288712
All Pools,SHITCOIN - AVAX,0.1,False,322.29,645.02,0.32246,18.25,1785288712
All Pools,ATV111 - AVAX,0.1,False,322.29,645.02,0.32246,18.25,1785288712
All Pools,M32 - AVAX,0.1,False,322.26,644.97,0.32244,18.25,1785288712
All Pools,MARKHOR - AVAX,0.1,False,322.26,644.97,0.32244,18.25,1785288712
All Pools,BOA - AVAX,0.1,False,322.26,644.97,0.32244,18.25,1785288712
All Pools,GAK - AVAX,0.1,False,322.26,644.97,0.32244,18.25,1785288712
All Pools,AMPR - AVAX,0.1,False,322.25,644.94,0.32242,18.25,1785288712
All Pools,EGP - AVAX,0.1,False,322.25,-7.12,0.32242,-1652.79,1785288712
All Pools,TRUST - AVAX,0.1,False,322.25,644.94,0.32242,18.25,1785288712
All Pools,MLT - AVAX,0.1,False,322.25,644.94,0.32242,18.25,1785288712
All Pools,VERDAO - AVAX,0.1,False,322.25,644.94,0.32242,18.25,1785288712
All Pools,TONSKI - AVAX,0.1,False,322.22,644.88,0.3224,18.25,1785288712
All Pools,HATCHER - AVAX,0.1,False,322.22,644.88,0.3224,18.25,1785288712
All Pools,AURAFARM - AVAX,0.1,False,322.22,644.88,0.32239,18.25,1785288712
All Pools,APLDON - AVAX,0.1,False,322.22,644.88,0.32239,18.25,1785288712
All Pools,BIO - AVAX,0.1,False,322.22,644.88,0.32239,18.25,1785288712
All Pools,FRIEND - AVAX,0.1,False,322.22,644.88,0.32239,18.25,1785288712
All Pools,USDJ - AVAX,0.1,False,322.22,644.88,0.32239,18.25,1785288712
All Pools,BZON - AVAX,0.1,False,322.22,644.88,0.32239,18.25,1785288712
All Pools,CMCX - AVAX,0.1,False,322.21,-7.152,0.32239,-1645.24,1785288712
All Pools,FIWA - AVAX,0.1,False,322.21,644.88,0.32239,18.25,1785288712
All Pools,SBET - AVAX,0.1,False,322.21,644.88,0.32239,18.25,1785288712
All Pools,ANETON - AVAX,0.1,False,322.21,644.88,0.32239,18.25,1785288712
All Pools,CHUDHOUSE - AVAX,0.1,False,322.21,644.87,0.32239,18.25,1785288712
All Pools,MOCA - AVAX,0.1,False,322.21,644.87,0.32239,18.25,1785288712
All Pools,SHA - AVAX,0.1,False,322.21,644.87,0.32239,18.25,1785288712
All Pools,WEED - AVAX,0.1,False,322.21,644.87,0.32239,18.25,1785288712
All Pools,SPIKE - AVAX,0.1,False,322.21,644.87,0.32239,18.25,1785288712
All Pools,OMNOM - AVAX,0.1,False,322.21,644.87,0.32239,18.25,1785288712
All Pools,WTF - AVAX,0.1,False,322.2,644.85,0.32238,18.25,1785288712
All Pools,TARO - AVAX,0.1,False,322.2,644.85,0.32238,18.25,1785288712
All Pools,IVPAY - AVAX,0.1,False,322.2,644.85,0.32238,18.25,1785288712
All Pools,HST - AVAX,0.1,False,322.2,644.85,0.32238,18.25,1785288712
All Pools,PREDI - AVAX,0.1,False,322.2,644.85,0.32238,18.25,1785288712
All Pools,MOMO - AVAX,0.1,False,322.2,644.85,0.32238,18.25,1785288712
All Pools,SCUBA - AVAX,0.1,False,322.2,644.85,0.32238,18.25,1785288712
All Pools,SUUSD - AVAX,0.1,False,322.2,644.85,0.32238,18.25,1785288712
All Pools,HUND - AVAX,0.1,False,322.2,644.85,0.32238,18.25,1785288712
All Pools,NAV - AVAX,0.1,False,322.2,644.85,0.32238,18.25,1785288712
All Pools,WSB - AVAX,0.1,False,322.2,644.85,0.32238,18.25,1785288712
All Pools,SAGE - AVAX,0.1,False,322.2,644.85,0.32238,18.25,1785288712
All Pools,AVIVE - AVAX,0.1,False,322.2,644.85,0.32238,18.25,1785288712
All Pools,LIQ - AVAX,0.1,False,322.19,-7.174,0.32237,-1640.09,1785288712
All Pools,MAN - AVAX,0.1,False,322.19,644.82,0.32237,18.25,1785288712
All Pools,TRT - AVAX,0.1,False,322.19,644.82,0.32237,18.25,1785288712
All Pools,RLY - AVAX,0.1,False,322.19,644.82,0.32237,18.25,1785288712
All Pools,CATANA - AVAX,0.1,False,322.19,644.82,0.32237,18.25,1785288712
All Pools,BOB - AVAX,0.1,False,322.15,644.74,0.32233,18.25,1785288712
All Pools,SHIB - AVAX,0.1,False,322.15,644.74,0.32233,18.25,1785288712
All Pools,BANK - AVAX,0.1,False,322.15,644.74,0.32233,18.25,1785288712
All Pools,GYOZA - AVAX,0.1,False,322.15,644.74,0.32233,18.25,1785288712
All Pools,USEDCAR - AVAX,0.1,False,322.15,-7.218,0.32233,-1629.91,1785288712
All Pools,RBLXX - AVAX,0.1,False,322.15,644.74,0.32233,18.25,1785288712
All Pools,$PRO - AVAX,0.1,False,322.15,644.74,0.32233,18.25,1785288712
All Pools,TOOKER - AVAX,0.1,False,322.11,644.66,0.32228,18.25,1785288712
All Pools,STARS - AVAX,0.1,False,322.11,644.66,0.32228,18.25,1785288712
All Pools,W3W - AVAX,0.1,False,322.11,644.66,0.32228,18.25,1785288712
All Pools,ARKEO - AVAX,0.1,False,322.11,644.66,0.32228,18.25,1785288712
All Pools,MMA - AVAX,0.1,False,322.1,644.65,0.32228,18.25,1785288712
All Pools,BEATS - AVAX,0.1,False,322.1,-7.267,0.32228,-1618.8,1785288712
All Pools,GATA - AVAX,0.1,False,322.06,644.57,0.32224,18.25,1785288712
All Pools,SMTY - AVAX,0.1,False,322.06,644.57,0.32224,18.25,1785288712
All Pools,NGM - AVAX,0.1,False,322.06,644.57,0.32224,18.25,1785288712
All Pools,STREME - AVAX,0.1,False,322.06,644.57,0.32224,18.25,1785288712
All Pools,DSACHI - AVAX,0.1,False,322.06,644.57,0.32224,18.25,1785288712
All Pools,DUCKIES - AVAX,0.1,False,322.06,644.57,0.32224,18.25,1785288712
All Pools,PHPM - AVAX,0.1,False,322.06,644.57,0.32224,18.25,1785288712
All Pools,CAN - AVAX,0.1,False,322.04,644.53,0.32222,18.25,1785288712
All Pools,MND - AVAX,0.1,False,322.04,644.53,0.32222,18.25,1785288712
All Pools,MAIL - AVAX,0.1,False,322.04,644.53,0.32222,18.25,1785288712
All Pools,X420 - AVAX,0.1,False,322.04,644.53,0.32222,18.25,1785288712
All Pools,PEPETOPIA - AVAX,0.1,False,322.04,-7.327,0.32222,-1605.19,1785288712
All Pools,VIBES - AVAX,0.1,False,322.04,644.53,0.32222,18.25,1785288712
All Pools,GYAT - AVAX,0.1,False,322.04,644.53,0.32222,18.25,1785288712
All Pools,TARDI - AVAX,0.1,False,322.04,644.53,0.32222,18.25,1785288712
All Pools,SHIBA - AVAX,0.1,False,322.04,-7.327,0.32222,-1605.18,1785288712
All Pools,SAKURA - AVAX,0.1,False,322.04,-7.327,0.32222,-1605.18,1785288712
All Pools,PLS - AVAX,0.1,False,322.04,644.53,0.32222,18.25,1785288712
All Pools,RETAKE - AVAX,0.1,False,322.04,-7.327,0.32222,-1605.18,1785288712
All Pools,FOREST - AVAX,0.1,False,322.04,644.52,0.32221,18.25,1785288712
All Pools,BCHB - AVAX,0.1,False,322.04,644.52,0.32221,18.25,1785288712
All Pools,WAR - AVAX,0.1,False,322.04,644.52,0.32221,18.25,1785288712
All Pools,ROGUEAI - AVAX,0.1,False,322.04,644.52,0.32221,18.25,1785288712
All Pools,ICBX - AVAX,0.1,False,322.03,657.64,0.3222,17.88,1785288712
All Pools,POPDOG - AVAX,0.1,False,322.03,644.5,0.3222,18.25,1785288712
All Pools,PMFI - AVAX,0.1,False,322.03,644.5,0.3222,18.25,1785288712
All Pools,CND - AVAX,0.1,False,322.03,644.5,0.3222,18.25,1785288712
All Pools,ARTFI - AVAX,0.1,False,322.03,644.5,0.3222,18.25,1785288712
All Pools,STBU - AVAX,0.1,False,322.03,644.5,0.3222,18.25,1785288712
All Pools,RIZO - AVAX,0.1,False,322.03,644.5,0.3222,18.25,1785288712
All Pools,AION - AVAX,0.1,False,322.02,644.49,0.3222,18.25,1785288712
All Pools,NULL - AVAX,0.1,False,322.02,644.49,0.3222,18.25,1785288712
All Pools,ACQ - AVAX,0.1,False,322.02,644.49,0.3222,18.25,1785288712
All Pools,RIDE - AVAX,0.1,False,322.02,644.49,0.3222,18.25,1785288712
All Pools,HAN - AVAX,0.1,False,322.02,644.49,0.3222,18.25,1785288712
All Pools,ANON - AVAX,0.1,False,322.02,644.49,0.3222,18.25,1785288712
All Pools,SEBA - AVAX,0.1,False,322.02,-7.346,0.3222,-1600.95,1785288712
All Pools,SNIBBU - AVAX,0.1,False,322.02,644.49,0.3222,18.25,1785288712
All Pools,SHIH - AVAX,0.1,False,322.02,644.49,0.3222,18.25,1785288712
All Pools,SOBA - AVAX,0.1,False,322.02,644.49,0.3222,18.25,1785288712
All Pools,MARSCOIN - AVAX,0.1,False,322.02,644.49,0.3222,18.25,1785288712
All Pools,PPLTR - AVAX,0.1,False,322.02,644.49,0.3222,18.25,1785288712
All Pools,YAIT - AVAX,0.1,False,322.02,644.48,0.32219,18.25,1785288712
All Pools,BCAT - AVAX,0.1,False,322.01,644.46,0.32218,18.25,1785288712
All Pools,FITTED - AVAX,0.1,False,322.01,644.46,0.32218,18.25,1785288712
All Pools,TORSY - AVAX,0.1,False,322.01,644.46,0.32218,18.25,1785288712
All Pools,MBAG - AVAX,0.1,False,322.01,644.46,0.32218,18.25,1785288712
All Pools,GOGLZ - AVAX,0.1,False,322.01,644.46,0.32218,18.25,1785288712
All Pools,SWAY - AVAX,0.1,False,322.01,644.46,0.32218,18.25,1785288712
All Pools,$WELL - AVAX,0.1,False,322.01,644.46,0.32218,18.25,1785288712
All Pools,MINI - AVAX,0.1,False,322.0,644.45,0.32218,18.25,1785288712
All Pools,ETI - AVAX,0.1,False,322.0,644.45,0.32218,18.25,1785288712
All Pools,SHDX - AVAX,0.1,False,322.0,644.44,0.32217,18.25,1785288712
All Pools,$FOOTY - AVAX,0.1,False,321.95,644.35,0.32213,18.25,1785288712
All Pools,GARI - AVAX,0.1,False,321.95,644.35,0.32213,18.25,1785288712
All Pools,KLACON - AVAX,0.1,False,321.95,644.35,0.32213,18.25,1785288712
All Pools,AYYLIEN - AVAX,0.1,False,321.95,644.35,0.32213,18.25,1785288712
All Pools,RETAIL - AVAX,0.1,False,321.95,644.35,0.32213,18.25,1785288712
All Pools,ZHC - AVAX,0.1,False,321.95,644.35,0.32213,18.25,1785288712
All Pools,$DRIP - AVAX,0.1,False,321.95,-7.42,0.32212,-1584.64,1785288712
All Pools,GUARDIAN - AVAX,0.1,False,321.95,644.34,0.32212,18.25,1785288712
All Pools,IXFI - AVAX,0.1,False,321.95,644.34,0.32212,18.25,1785288712
All Pools,MOGUL - AVAX,0.1,False,321.95,644.34,0.32212,18.25,1785288712
All Pools,WIZARD - AVAX,0.1,False,321.95,644.34,0.32212,18.25,1785288712
All Pools,RIOTX - AVAX,0.1,False,321.95,644.34,0.32212,18.25,1785288712
All Pools,VALOR - AVAX,0.1,False,321.95,644.34,0.32212,18.25,1785288712
All Pools,NSDQ - AVAX,0.1,False,321.95,644.34,0.32212,18.25,1785288712
All Pools,GUMMY - AVAX,0.1,False,321.95,644.34,0.32212,18.25,1785288712
All Pools,RFUEL - AVAX,0.1,False,321.95,644.34,0.32212,18.25,1785288712
All Pools,RIS - AVAX,0.1,False,321.95,644.34,0.32212,18.25,1785288712
All Pools,BRAT - AVAX,0.1,False,321.95,644.34,0.32212,18.25,1785288712
All Pools,TABOO - AVAX,0.1,False,321.94,644.33,0.32212,18.25,1785288712
All Pools,$BYTE - AVAX,0.1,False,321.94,644.33,0.32212,18.25,1785288712
All Pools,LIMBO - AVAX,0.1,False,321.94,644.33,0.32212,18.25,1785288712
All Pools,LIZARD - AVAX,0.1,False,321.94,644.33,0.32212,18.25,1785288712
All Pools,NEWO - AVAX,0.1,False,321.93,644.31,0.32211,18.25,1785288712
All Pools,POLLEN - AVAX,0.1,False,321.93,644.31,0.32211,18.25,1785288712
All Pools,BOOT - AVAX,0.1,False,321.93,644.31,0.32211,18.25,1785288712
All Pools,DYOR - AVAX,0.1,False,321.93,644.31,0.32211,18.25,1785288712
All Pools,BSC - AVAX,0.1,False,321.93,644.31,0.32211,18.25,1785288712
All Pools,DRC - AVAX,0.1,False,321.93,644.31,0.32211,18.25,1785288712
All Pools,$GIGATROLL - AVAX,0.1,False,321.93,644.31,0.32211,18.25,1785288712
All Pools,JANET - AVAX,0.1,False,321.93,644.31,0.32211,18.25,1785288712
All Pools,RVLT - AVAX,0.1,False,321.93,644.31,0.32211,18.25,1785288712
All Pools,IWMX - AVAX,0.1,False,321.93,644.31,0.32211,18.25,1785288712
All Pools,DRPAL - AVAX,0.1,False,321.93,644.31,0.32211,18.25,1785288712
All Pools,MONKE - AVAX,0.1,False,321.93,644.31,0.32211,18.25,1785288712
All Pools,CLS - AVAX,0.1,False,321.93,644.3,0.3221,18.25,1785288712
All Pools,HYBUX - AVAX,0.1,False,321.93,644.3,0.3221,18.25,1785288712
All Pools,XBTC - AVAX,0.1,False,321.93,644.3,0.3221,18.25,1785288712
All Pools,STRIKE - AVAX,0.1,False,321.93,644.3,0.3221,18.25,1785288712
All Pools,KOI - AVAX,0.1,False,321.93,644.3,0.3221,18.25,1785288712
All Pools,BEND - AVAX,0.1,False,321.91,644.27,0.32209,18.25,1785288712
All Pools,MARVIN - AVAX,0.1,False,321.91,644.27,0.32209,18.25,1785288712
All Pools,DXY - AVAX,0.1,False,321.91,644.27,0.32209,18.25,1785288712
All Pools,EGGS - AVAX,0.1,False,321.91,-7.453,0.32209,-1577.39,1785288712
All Pools,PPLTX - AVAX,0.1,False,321.91,644.27,0.32209,18.25,1785288712
All Pools,SLICE - AVAX,0.1,False,321.91,644.27,0.32209,18.25,1785288712
All Pools,BERRY - AVAX,0.1,False,321.9,644.25,0.32208,18.25,1785288712
All Pools,TORUS - AVAX,0.1,False,321.9,644.25,0.32208,18.25,1785288712
All Pools,RETSBA - AVAX,0.1,False,321.9,644.25,0.32208,18.25,1785288712
All Pools,REM - AVAX,0.1,False,321.9,644.25,0.32208,18.25,1785288712
All Pools,SHR0 - AVAX,0.1,False,321.9,644.25,0.32208,18.25,1785288712
All Pools,HARUKA - AVAX,0.1,False,321.88,644.21,0.32206,18.25,1785288712
All Pools,MUNDI - AVAX,0.1,False,321.88,644.21,0.32206,18.25,1785288712
All Pools,FISH - AVAX,0.1,False,321.88,644.21,0.32206,18.25,1785288712
All Pools,CLAW - AVAX,0.1,False,321.87,644.18,0.32205,18.25,1785288712
All Pools,SCANAI - AVAX,0.1,False,321.87,644.18,0.32205,18.25,1785288712
All Pools,BASESHAKE - AVAX,0.1,False,321.87,644.18,0.32205,18.25,1785288712
All Pools,DSCRIBE - AVAX,0.1,False,321.87,644.18,0.32204,18.25,1785288712
All Pools,MICKEY - AVAX,0.1,False,321.86,644.17,0.32204,18.25,1785288712
All Pools,I - AVAX,0.1,False,321.86,644.17,0.32204,18.25,1785288712
All Pools,COINS - AVAX,0.1,False,321.86,644.17,0.32204,18.25,1785288712
All Pools,URMOM - AVAX,0.1,False,321.86,644.17,0.32204,18.25,1785288712
All Pools,MEOW - AVAX,0.1,False,321.86,644.17,0.32204,18.25,1785288712
All Pools,HYPR - AVAX,0.1,False,321.86,644.17,0.32204,18.25,1785288712
All Pools,ANITA - AVAX,0.1,False,321.86,644.16,0.32203,18.25,1785288712
All Pools,DOGGO - AVAX,0.1,False,321.86,644.16,0.32203,18.25,1785288712
All Pools,LION - AVAX,0.1,False,321.86,644.16,0.32203,18.25,1785288712
All Pools,EMXN - AVAX,0.1,False,321.86,644.16,0.32203,18.25,1785288712
All Pools,OPAN - AVAX,0.1,False,321.85,644.14,0.32202,18.25,1785288712
All Pools,ASTRL - AVAX,0.1,False,321.85,644.14,0.32202,18.25,1785288712
All Pools,SQUIGSTR - AVAX,0.1,False,321.85,644.14,0.32202,18.25,1785288712
All Pools,BOG - AVAX,0.1,False,321.85,644.14,0.32202,18.25,1785288712
All Pools,NAKA - AVAX,0.1,False,321.85,644.14,0.32202,18.25,1785288712
All Pools,RETAIL - AVAX,0.1,False,321.85,644.14,0.32202,18.25,1785288712
All Pools,BIT - AVAX,0.1,False,321.84,644.13,0.32202,18.25,1785288712
All Pools,COLA - AVAX,0.1,False,321.84,644.13,0.32202,18.25,1785288712
All Pools,DOGGY - AVAX,0.1,False,321.84,644.13,0.32202,18.25,1785288712
All Pools,SPLAT - AVAX,0.1,False,321.84,644.13,0.32202,18.25,1785288712
All Pools,PSY - AVAX,0.1,False,321.84,644.13,0.32202,18.25,1785288712
All Pools,DND10 - AVAX,0.1,False,321.84,644.13,0.32202,18.25,1785288712
All Pools,LEOX - AVAX,0.1,False,321.84,644.12,0.32201,18.25,1785288712
All Pools,ESTEE - AVAX,0.1,False,321.84,644.12,0.32201,18.25,1785288712
All Pools,MARAX - AVAX,0.1,False,321.84,644.12,0.32201,18.25,1785288712
All Pools,DEW - AVAX,0.1,False,321.84,644.12,0.32201,18.25,1785288712
All Pools,SPCX - AVAX,0.1,False,321.84,644.12,0.32201,18.25,1785288712
All Pools,AIPG - AVAX,0.1,False,321.84,644.12,0.32201,18.25,1785288712
All Pools,CBANK - AVAX,0.1,False,321.84,644.12,0.32201,18.25,1785288712
All Pools,KAI - AVAX,0.1,False,321.82,644.09,0.322,18.25,1785288712
All Pools,OWCT - AVAX,0.1,False,321.82,644.09,0.322,18.25,1785288712
All Pools,SPEEDY - AVAX,0.1,False,321.82,644.09,0.322,18.25,1785288712
All Pools,NAKASTR - AVAX,0.1,False,321.82,644.08,0.32199,18.25,1785288712
All Pools,RUSD - AVAX,0.1,False,321.81,644.07,0.32199,18.25,1785288712
All Pools,HELMET - AVAX,0.1,False,321.81,644.07,0.32199,18.25,1785288712
All Pools,TROLLED - AVAX,0.1,False,321.81,644.07,0.32199,18.25,1785288712
All Pools,AIAI - AVAX,0.1,False,321.81,644.07,0.32199,18.25,1785288712
All Pools,ISRGON - AVAX,0.1,False,321.81,644.06,0.32198,18.25,1785288712
All Pools,LEG - AVAX,0.1,False,321.81,644.06,0.32198,18.25,1785288712
All Pools,HAWKTUAH - AVAX,0.1,False,321.81,644.06,0.32198,18.25,1785288712
All Pools,PAYU - AVAX,0.1,False,321.81,644.06,0.32198,18.25,1785288712
All Pools,BEZOGE - AVAX,0.1,False,321.81,644.06,0.32198,18.25,1785288712
All Pools,TITS - AVAX,0.1,False,321.81,644.06,0.32198,18.25,1785288712
All Pools,MYTHOS - AVAX,0.1,False,321.8,644.05,0.32198,18.25,1785288712
All Pools,DNA - AVAX,0.1,False,321.8,644.05,0.32198,18.25,1785288712
All Pools,NSAI - AVAX,0.1,False,321.8,-7.564,0.32198,-1553.69,1785288712
All Pools,WIFI - AVAX,0.1,False,321.8,644.05,0.32198,18.25,1785288712
All Pools,NONJA - AVAX,0.1,False,321.8,644.05,0.32198,18.25,1785288712
All Pools,GORILLA - AVAX,0.1,False,321.79,644.02,0.32196,18.25,1785288712
All Pools,VASCO - AVAX,0.1,False,321.79,644.02,0.32196,18.25,1785288712
All Pools,GEKKO - AVAX,0.1,False,321.79,644.02,0.32196,18.25,1785288712
All Pools,SOH - AVAX,0.1,False,321.79,644.02,0.32196,18.25,1785288712
All Pools,FW - AVAX,0.1,False,321.79,644.02,0.32196,18.25,1785288712
All Pools,MAXETH - AVAX,0.1,False,321.79,644.02,0.32196,18.25,1785288712
All Pools,GSWAP - AVAX,0.1,False,321.78,644.01,0.32196,18.25,1785288712
All Pools,DADA - AVAX,0.1,False,321.78,644.01,0.32196,18.25,1785288712
All Pools,LBM - AVAX,0.1,False,321.78,644.01,0.32196,18.25,1785288712
All Pools,CDOGE - AVAX,0.1,False,321.78,644.01,0.32196,18.25,1785288712
All Pools,AVRK - AVAX,0.1,False,321.78,644.01,0.32196,18.25,1785288712
All Pools,RETARDMAXX - AVAX,0.1,False,321.78,644.01,0.32196,18.25,1785288712
All Pools,MR_LIGHTSPEED - AVAX,0.1,False,321.78,644.01,0.32196,18.25,1785288712
All Pools,COLLAR - AVAX,0.1,False,321.78,644.01,0.32196,18.25,1785288712
All Pools,DMOON - AVAX,0.1,False,321.78,644.01,0.32196,18.25,1785288712
All Pools,POLYDOGE - AVAX,0.1,False,321.78,644.01,0.32196,18.25,1785288712
All Pools,DOGS - AVAX,0.1,False,321.78,644.01,0.32196,18.25,1785288712
All Pools,ELURC - AVAX,0.1,False,321.78,644.01,0.32196,18.25,1785288712
All Pools,COK - AVAX,0.1,False,321.78,644.0,0.32195,18.25,1785288712
All Pools,ZER - AVAX,0.1,False,321.78,644.0,0.32195,18.25,1785288712
All Pools,MARS - AVAX,0.1,False,321.78,644.0,0.32195,18.25,1785288712
All Pools,STC - AVAX,0.1,False,321.77,643.99,0.32195,18.25,1785288712
All Pools,PISTA - AVAX,0.1,False,321.77,643.98,0.32195,18.25,1785288712
All Pools,JARVIS - AVAX,0.1,False,321.77,643.98,0.32195,18.25,1785288712
All Pools,FELIX - AVAX,0.1,False,321.77,643.98,0.32195,18.25,1785288712
All Pools,AGENT - AVAX,0.1,False,321.77,643.98,0.32195,18.25,1785288712
All Pools,RUBY - AVAX,0.1,False,321.77,643.98,0.32195,18.25,1785288712
All Pools,CHEESE - AVAX,0.1,False,321.77,643.98,0.32195,18.25,1785288712
All Pools,EBULL - AVAX,0.1,False,321.77,643.98,0.32195,18.25,1785288712
All Pools,LITAS - AVAX,0.1,False,321.77,643.98,0.32194,18.25,1785288712
All Pools,DICKSTR - AVAX,0.1,False,321.77,643.98,0.32194,18.25,1785288712
All Pools,MTC - AVAX,0.1,False,321.77,-7.6,0.32194,-1546.18,1785288712
All Pools,COST - AVAX,0.1,False,321.77,643.98,0.32194,18.25,1785288712
All Pools,NYAN - AVAX,0.1,False,321.76,643.97,0.32194,18.25,1785288712
All Pools,VISION - AVAX,0.1,False,321.76,643.97,0.32194,18.25,1785288712
All Pools,DFL - AVAX,0.1,False,321.76,643.96,0.32194,18.25,1785288712
All Pools,BOMB - AVAX,0.1,False,321.76,643.96,0.32194,18.25,1785288712
All Pools,FSTR - AVAX,0.1,False,321.76,643.96,0.32194,18.25,1785288712
All Pools,YE - I - AVAX,0.1,False,321.76,643.96,0.32193,18.25,1785288712
All Pools,BUBBLE - AVAX,0.1,False,321.76,643.96,0.32193,18.25,1785288712
All Pools,IKUN - AVAX,0.1,False,321.76,643.96,0.32193,18.25,1785288712
All Pools,ZDLT - AVAX,0.1,False,321.76,643.96,0.32193,18.25,1785288712
All Pools,PENELOPE - AVAX,0.1,False,321.76,643.96,0.32193,18.25,1785288712
All Pools,XUSD - AVAX,0.1,False,321.76,643.96,0.32193,18.25,1785288712
All Pools,CLAWVILLE - AVAX,0.1,False,321.76,643.96,0.32193,18.25,1785288712
All Pools,NATO - AVAX,0.1,False,321.74,652.6,0.32192,18.0,1785288712
All Pools,TMUSX - AVAX,0.1,False,321.73,643.91,0.32191,18.25,1785288712
All Pools,CREA - AVAX,0.1,False,321.73,643.91,0.32191,18.25,1785288712
All Pools,EARNFI - AVAX,0.1,False,321.73,643.91,0.32191,18.25,1785288712
All Pools,BLAZE - AVAX,0.1,False,321.73,643.91,0.32191,18.25,1785288712
All Pools,KEPI - AVAX,0.1,False,321.72,643.88,0.3219,18.25,1785288712
All Pools,QE - AVAX,0.1,False,321.72,643.88,0.3219,18.25,1785288712
All Pools,ASH - AVAX,0.1,False,321.72,643.88,0.3219,18.25,1785288712
All Pools,MOJO - AVAX,0.1,False,321.72,643.88,0.3219,18.25,1785288712
All Pools,AWK - AVAX,0.1,False,321.72,643.88,0.3219,18.25,1785288712
All Pools,MFM - AVAX,0.1,False,321.72,643.88,0.3219,18.25,1785288712
All Pools,LRCXON - AVAX,0.1,False,321.7,643.85,0.32188,18.25,1785288712
All Pools,CORZX - AVAX,0.1,False,321.7,643.85,0.32188,18.25,1785288712
All Pools,SPACE - AVAX,0.1,False,321.7,643.85,0.32188,18.25,1785288712
All Pools,CHOMP - AVAX,0.1,False,321.7,643.85,0.32188,18.25,1785288712
All Pools,PEPTI - AVAX,0.1,False,321.7,643.84,0.32188,18.25,1785288712
All Pools,NFTART - AVAX,0.1,False,321.7,643.84,0.32188,18.25,1785288712
All Pools,CVNT - AVAX,0.1,False,321.7,643.84,0.32188,18.25,1785288712
All Pools,GUI - AVAX,0.1,False,321.7,643.84,0.32188,18.25,1785288712
All Pools,CA - AVAX,0.1,False,321.7,643.84,0.32188,18.25,1785288712
All Pools,MUSKIT - AVAX,0.1,False,321.7,643.84,0.32188,18.25,1785288712
All Pools,REALM - AVAX,0.1,False,321.7,643.84,0.32188,18.25,1785288712
All Pools,OPEN - AVAX,0.1,False,321.7,643.84,0.32187,18.25,1785288712
All Pools,PEPE - AVAX,0.1,False,321.7,643.84,0.32187,18.25,1785288712
All Pools,CURTIS - AVAX,0.1,False,321.7,643.84,0.32187,18.25,1785288712
All Pools,TADA - AVAX,0.1,False,321.7,643.84,0.32187,18.25,1785288712
All Pools,PUP - AVAX,0.1,False,321.7,643.84,0.32187,18.25,1785288712
All Pools,MNSHFT - AVAX,0.1,False,321.7,643.84,0.32187,18.25,1785288712
All Pools,STELLA - AVAX,0.1,False,321.7,643.84,0.32187,18.25,1785288712
All Pools,SLOW - AVAX,0.1,False,321.7,643.84,0.32187,18.25,1785288712
All Pools,LVL - AVAX,0.1,False,321.7,643.84,0.32187,18.25,1785288712
All Pools,JETDOG - AVAX,0.1,False,321.7,643.84,0.32187,18.25,1785288712
All Pools,M - AVAX,0.1,False,321.7,643.84,0.32187,18.25,1785288712
All Pools,DINO - AVAX,0.1,False,321.7,643.84,0.32187,18.25,1785288712
All Pools,HOPE - AVAX,0.1,False,321.7,643.84,0.32187,18.25,1785288712
All Pools,GRPH - AVAX,0.1,False,321.7,643.84,0.32187,18.25,1785288712
All Pools,INUS - AVAX,0.1,False,321.69,643.83,0.32187,18.25,1785288712
All Pools,SHIV - AVAX,0.1,False,321.69,643.83,0.32187,18.25,1785288712
All Pools,CFI - AVAX,0.1,False,321.69,643.83,0.32187,18.25,1785288712
All Pools,RIBBIT - AVAX,0.1,False,321.69,643.83,0.32187,18.25,1785288712
All Pools,UNITY - AVAX,0.1,False,321.69,643.83,0.32187,18.25,1785288712
All Pools,EAI - AVAX,0.1,False,321.69,643.83,0.32187,18.25,1785288712
All Pools,PETS - AVAX,0.1,False,321.69,643.82,0.32187,18.25,1785288712
All Pools,GNON - AVAX,0.1,False,321.69,643.82,0.32187,18.25,1785288712
All Pools,KREX - AVAX,0.1,False,321.67,643.79,0.32185,18.25,1785288712
All Pools,HTTPS - AVAX,0.1,False,321.67,643.79,0.32185,18.25,1785288712
All Pools,ORBT - AVAX,0.1,False,321.67,643.79,0.32185,18.25,1785288712
All Pools,PLR - AVAX,0.1,False,321.67,-7.699,0.32185,-1525.84,1785288712
All Pools,USHIBA - AVAX,0.1,False,321.67,643.78,0.32185,18.25,1785288712
All Pools,EVAETH - AVAX,0.1,False,321.67,643.78,0.32185,18.25,1785288712
All Pools,DUCK - AVAX,0.1,False,321.67,643.78,0.32185,18.25,1785288712
All Pools,DOGC - AVAX,0.1,False,321.67,643.78,0.32185,18.25,1785288712
All Pools,KOLIN - AVAX,0.1,False,321.67,643.78,0.32185,18.25,1785288712
All Pools,OPENX - AVAX,0.1,False,321.65,643.76,0.32183,18.25,1785288712
All Pools,HL - AVAX,0.1,False,321.65,643.76,0.32183,18.25,1785288712
All Pools,ZSD - AVAX,0.1,False,321.65,643.76,0.32183,18.25,1785288712
All Pools,IBEX - AVAX,0.1,False,321.65,643.76,0.32183,18.25,1785288712
All Pools,RCAT - AVAX,0.1,False,321.65,643.76,0.32183,18.25,1785288712
All Pools,GROK - AVAX,0.1,False,321.65,643.76,0.32183,18.25,1785288712
All Pools,TIGRES - AVAX,0.1,False,321.65,-7.714,0.32183,-1522.75,1785288712
All Pools,DAM - AVAX,0.1,False,321.65,643.75,0.32183,18.25,1785288712
All Pools,YAKU - AVAX,0.1,False,321.65,643.75,0.32183,18.25,1785288712
All Pools,LRST - AVAX,0.1,False,321.64,643.73,0.32182,18.25,1785288712
All Pools,BOSS - AVAX,0.1,False,321.64,643.73,0.32182,18.25,1785288712
All Pools,SHIBAKEN - AVAX,0.1,False,321.64,643.73,0.32182,18.25,1785288712
All Pools,IVFUN - AVAX,0.1,False,321.64,643.73,0.32182,18.25,1785288712
All Pools,ASSDAQ - AVAX,0.1,False,321.64,643.73,0.32182,18.25,1785288712
All Pools,KWEEN - AVAX,0.1,False,321.64,643.73,0.32182,18.25,1785288712
All Pools,GLUTEU - AVAX,0.1,False,321.64,643.72,0.32181,18.25,1785288712
All Pools,MINER - AVAX,0.1,False,321.64,643.72,0.32181,18.25,1785288712
All Pools,UP - AVAX,0.1,False,321.64,643.72,0.32181,18.25,1785288712
All Pools,DELUSIONAL - AVAX,0.1,False,321.64,643.72,0.32181,18.25,1785288712
All Pools,LION - AVAX,0.1,False,321.64,643.72,0.32181,18.25,1785288712
All Pools,JOE - AVAX,0.1,False,321.64,643.72,0.32181,18.25,1785288712
All Pools,MEFA - AVAX,0.1,False,321.64,643.72,0.32181,18.25,1785288712
All Pools,BOL - AVAX,0.1,False,321.64,643.72,0.32181,18.25,1785288712
All Pools,DATBIHGAH - AVAX,0.1,False,321.64,-7.731,0.32181,-1519.32,1785288712
All Pools,COCO - AVAX,0.1,False,321.64,643.72,0.32181,18.25,1785288712
All Pools,EVERY - AVAX,0.1,False,321.62,643.68,0.32179,18.25,1785288712
All Pools,REVV - AVAX,0.1,False,321.62,643.68,0.32179,18.25,1785288712
All Pools,$TPT - AVAX,0.1,False,321.62,643.68,0.32179,18.25,1785288712
All Pools,KENSEI - AVAX,0.1,False,321.62,643.68,0.32179,18.25,1785288712
All Pools,UP - AVAX,0.1,False,321.62,-7.75,0.32179,-1515.64,1785288712
All Pools,ETNX - AVAX,0.1,False,321.62,643.68,0.32179,18.25,1785288712
All Pools,LYP - AVAX,0.1,False,321.61,643.68,0.32179,18.25,1785288712
All Pools,NABOX - AVAX,0.1,False,321.61,643.68,0.32179,18.25,1785288712
All Pools,INO - AVAX,0.1,False,321.61,643.68,0.32179,18.25,1785288712
All Pools,PRAI - AVAX,0.1,False,321.61,643.68,0.32179,18.25,1785288712
All Pools,PEEZY - AVAX,0.1,False,321.61,643.68,0.32179,18.25,1785288712
All Pools,HAHA - AVAX,0.1,False,321.61,643.67,0.32179,18.25,1785288712
All Pools,BEEPER - AVAX,0.1,False,321.61,643.67,0.32179,18.25,1785288712
All Pools,GOBSTR - AVAX,0.1,False,321.61,643.67,0.32179,18.25,1785288712
All Pools,ATM - AVAX,0.1,False,321.61,643.67,0.32179,18.25,1785288712
All Pools,T1DEV - AVAX,0.1,False,321.61,643.67,0.32179,18.25,1785288712
All Pools,AZUKI - AVAX,0.1,False,321.61,643.67,0.32179,18.25,1785288712
All Pools,POSI - AVAX,0.1,False,321.61,643.66,0.32178,18.25,1785288712
All Pools,ELK - AVAX,0.1,False,321.61,643.66,0.32178,18.25,1785288712
All Pools,TN100X - AVAX,0.1,False,321.61,643.66,0.32178,18.25,1785288712
All Pools,SHIBGF - AVAX,0.1,False,321.61,643.66,0.32178,18.25,1785288712
All Pools,DG - AVAX,0.1,False,321.61,643.66,0.32178,18.25,1785288712
All Pools,BFT - AVAX,0.1,False,321.61,643.66,0.32178,18.25,1785288712
All Pools,STRUMP - AVAX,0.1,False,321.6,643.65,0.32178,18.25,1785288712
All Pools,STRSZN - AVAX,0.1,False,321.6,643.65,0.32178,18.25,1785288712
All Pools,JASON - AVAX,0.1,False,321.6,643.65,0.32178,18.25,1785288712
All Pools,LABZ - AVAX,0.1,False,321.6,643.65,0.32178,18.25,1785288712
All Pools,BCMC - AVAX,0.1,False,321.6,643.65,0.32178,18.25,1785288712
All Pools,KASTA - AVAX,0.1,False,321.6,643.65,0.32178,18.25,1785288712
All Pools,EDWIN - AVAX,0.1,False,321.59,643.63,0.32177,18.25,1785288712
All Pools,TJRM - AVAX,0.1,False,321.59,643.63,0.32177,18.25,1785288712
All Pools,WOM - AVAX,0.1,False,321.59,643.63,0.32177,18.25,1785288712
All Pools,SOLFUNMEME - AVAX,0.1,False,321.59,643.63,0.32177,18.25,1785288712
All Pools,TOKEN - AVAX,0.1,False,321.59,643.63,0.32177,18.25,1785288712
All Pools,SWRM - AVAX,0.1,False,321.59,643.63,0.32177,18.25,1785288712
All Pools,SWTCH - AVAX,0.1,False,321.57,643.59,0.32175,18.25,1785288712
All Pools,RADAR - AVAX,0.1,False,321.57,643.59,0.32175,18.25,1785288712
All Pools,WSB - AVAX,0.1,False,321.57,643.59,0.32175,18.25,1785288712
All Pools,AZNX - AVAX,0.1,False,321.57,643.59,0.32175,18.25,1785288712
All Pools,DEFROGS - AVAX,0.1,False,321.57,643.59,0.32175,18.25,1785288712
All Pools,GC - AVAX,0.1,False,321.57,643.58,0.32174,18.25,1785288712
All Pools,TODING - AVAX,0.1,False,321.57,643.58,0.32174,18.25,1785288712
All Pools,NOOT - AVAX,0.1,False,321.57,643.58,0.32174,18.25,1785288712
All Pools,FLY - AVAX,0.1,False,321.57,643.58,0.32174,18.25,1785288712
All Pools,STOP - AVAX,0.1,False,321.57,643.58,0.32174,18.25,1785288712
All Pools,MAMA - AVAX,0.1,False,321.57,643.58,0.32174,18.25,1785288712
All Pools,KRAKEN - AVAX,0.1,False,321.55,643.55,0.32173,18.25,1785288712
All Pools,WHALE - AVAX,0.1,False,321.55,-7.817,0.32173,-1502.3,1785288712
All Pools,LOOM - AVAX,0.1,False,321.55,643.55,0.32173,18.25,1785288712
All Pools,BUCK - AVAX,0.1,False,321.55,643.55,0.32173,18.25,1785288712
All Pools,DEGENAI - AVAX,0.1,False,321.52,643.49,0.3217,18.25,1785288712
All Pools,AITV - AVAX,0.1,False,321.52,643.49,0.3217,18.25,1785288712
All Pools,DRUGS - AVAX,0.1,False,321.52,643.49,0.3217,18.25,1785288712
All Pools,RONKE - AVAX,0.1,False,321.52,643.49,0.3217,18.25,1785288712
All Pools,VGBP - AVAX,0.1,False,321.52,643.49,0.3217,18.25,1785288712
All Pools,FLOKICEO - AVAX,0.1,False,321.52,643.49,0.3217,18.25,1785288712
All Pools,AURA - AVAX,0.1,False,321.47,643.39,0.32165,18.25,1785288712
All Pools,KIBBLE - AVAX,0.1,False,321.47,643.39,0.32165,18.25,1785288712
All Pools,DFP2 - AVAX,0.1,False,321.47,643.39,0.32165,18.25,1785288712
All Pools,MUSIC - AVAX,0.1,False,321.47,643.39,0.32165,18.25,1785288712
All Pools,XRP - AVAX,0.1,False,321.47,643.39,0.32165,18.25,1785288712
All Pools,EGG - AVAX,0.1,False,321.47,643.39,0.32165,18.25,1785288712
All Pools,DUMBMONEY - AVAX,0.1,False,321.47,643.38,0.32165,18.25,1785288712
All Pools,LLM - AVAX,0.1,False,321.47,643.38,0.32165,18.25,1785288712
All Pools,XGN - AVAX,0.1,False,321.47,643.38,0.32165,18.25,1785288712
All Pools,COSHI - AVAX,0.1,False,321.47,643.38,0.32165,18.25,1785288712
All Pools,EXPERT - AVAX,0.1,False,321.47,643.38,0.32165,18.25,1785288712
All Pools,RADIO - AVAX,0.1,False,321.47,643.38,0.32165,18.25,1785288712
All Pools,PEPE - AVAX,0.1,False,321.45,643.35,0.32163,18.25,1785288712
All Pools,FOLD - AVAX,0.1,False,321.45,643.35,0.32163,18.25,1785288712
All Pools,BTY - AVAX,0.1,False,321.45,643.35,0.32163,18.25,1785288712
All Pools,$RECAP - AVAX,0.1,False,321.45,643.35,0.32163,18.25,1785288712
All Pools,LOKI - AVAX,0.1,False,321.45,643.35,0.32163,18.25,1785288712
All Pools,SWIFT - AVAX,0.1,False,321.45,643.35,0.32163,18.25,1785288712
All Pools,PGOLD - AVAX,0.1,False,321.44,643.32,0.32161,18.25,1785288712
All Pools,JAY - AVAX,0.1,False,321.44,643.32,0.32161,18.25,1785288712
All Pools,LL - AVAX,0.1,False,321.44,643.32,0.32161,18.25,1785288712
All Pools,ANON - AVAX,0.1,False,321.44,643.32,0.32161,18.25,1785288712
All Pools,FAC - AVAX,0.1,False,321.44,643.32,0.32161,18.25,1785288712
All Pools,PIZZA - AVAX,0.1,False,321.43,643.32,0.32161,18.25,1785288712
All Pools,PAC - AVAX,0.1,False,321.43,643.32,0.32161,18.25,1785288712
All Pools,BMMF - AVAX,0.1,False,321.43,643.32,0.32161,18.25,1785288712
All Pools,BENI - AVAX,0.1,False,321.43,643.32,0.32161,18.25,1785288712
All Pools,TRMP - AVAX,0.1,False,321.43,643.32,0.32161,18.25,1785288712
All Pools,ORO - AVAX,0.1,False,321.43,-7.933,0.32161,-1479.84,1785288712
All Pools,KEY - AVAX,0.1,False,321.42,643.29,0.3216,18.25,1785288712
All Pools,BUGO - AVAX,0.1,False,321.4,643.24,0.32157,18.25,1785288712
All Pools,BASE - AVAX,0.1,False,321.4,643.24,0.32157,18.25,1785288712
All Pools,SKATE - AVAX,0.1,False,321.4,643.24,0.32157,18.25,1785288712
All Pools,APX - AVAX,0.1,False,321.4,643.24,0.32157,18.25,1785288712
All Pools,RYOSHI - AVAX,0.1,False,321.4,643.24,0.32157,18.25,1785288712
All Pools,AYB - AVAX,0.1,False,321.39,643.23,0.32157,18.25,1785288712
All Pools,BONDLY - AVAX,0.1,False,321.39,643.23,0.32157,18.25,1785288712
All Pools,LINDA - AVAX,0.1,False,321.39,643.23,0.32157,18.25,1785288712
All Pools,MONEY - AVAX,0.1,False,321.39,643.23,0.32157,18.25,1785288712
All Pools,KCAKE - AVAX,0.1,False,321.39,643.23,0.32157,18.25,1785288712
All Pools,BNKRW - AVAX,0.1,False,321.39,643.23,0.32157,18.25,1785288712
All Pools,ITHEUM - AVAX,0.1,False,321.39,643.22,0.32157,18.25,1785288712
All Pools,DICK - AVAX,0.1,False,321.39,643.22,0.32157,18.25,1785288712
All Pools,SANSHU - AVAX,0.1,False,321.39,643.22,0.32157,18.25,1785288712
All Pools,BAC - AVAX,0.1,False,321.39,643.22,0.32157,18.25,1785288712
All Pools,UNFI - AVAX,0.1,False,321.39,643.22,0.32157,18.25,1785288712
All Pools,XETA - AVAX,0.1,False,321.39,643.22,0.32157,18.25,1785288712
All Pools,TEARY - AVAX,0.1,False,321.38,643.2,0.32155,18.25,1785288712
All Pools,WAKE - AVAX,0.1,False,321.38,643.2,0.32155,18.25,1785288712
All Pools,IMOUT - AVAX,0.1,False,321.38,643.2,0.32155,18.25,1785288712
All Pools,ANDR - AVAX,0.1,False,321.38,643.2,0.32155,18.25,1785288712
All Pools,XMS - AVAX,0.1,False,321.37,643.19,0.32155,18.25,1785288712
All Pools,GLHFSTR - AVAX,0.1,False,321.37,643.19,0.32155,18.25,1785288712
All Pools,WURK - AVAX,0.1,False,321.37,643.19,0.32155,18.25,1785288712
All Pools,RCSC - AVAX,0.1,False,321.37,-7.997,0.32155,-1467.63,1785288712
All Pools,EGG - AVAX,0.1,False,321.37,643.18,0.32154,18.25,1785288712
All Pools,MITTENS - AVAX,0.1,False,321.37,643.18,0.32154,18.25,1785288712
All Pools,MVP - AVAX,0.1,False,321.37,643.18,0.32154,18.25,1785288712
All Pools,ACOLYT - AVAX,0.1,False,321.37,643.18,0.32154,18.25,1785288712
All Pools,SPFC - AVAX,0.1,False,321.37,643.18,0.32154,18.25,1785288712
All Pools,PVU - AVAX,0.1,False,321.37,-8.001,0.32154,-1466.88,1785288712
All Pools,DAKU - AVAX,0.1,False,321.37,643.18,0.32154,18.25,1785288712
All Pools,DOGET - AVAX,0.1,False,321.37,643.18,0.32154,18.25,1785288712
All Pools,TATE - AVAX,0.1,False,321.37,643.18,0.32154,18.25,1785288712
All Pools,WOOLLY - AVAX,0.1,False,321.37,643.18,0.32154,18.25,1785288712
All Pools,$HAMI - AVAX,0.1,False,321.37,643.18,0.32154,18.25,1785288712
All Pools,APEX - AVAX,0.1,False,321.37,643.18,0.32154,18.25,1785288712
All Pools,MONKE - AVAX,0.1,False,321.36,643.17,0.32154,18.25,1785288712
All Pools,KABOSU - AVAX,0.1,False,321.36,643.17,0.32154,18.25,1785288712
All Pools,RUBI - AVAX,0.1,False,321.36,643.17,0.32154,18.25,1785288712
All Pools,ARBUS - AVAX,0.1,False,321.36,643.17,0.32154,18.25,1785288712
All Pools,AUTO - AVAX,0.1,False,321.36,643.17,0.32154,18.25,1785288712
All Pools,BON - AVAX,0.1,False,321.34,643.12,0.32151,18.25,1785288712
All Pools,UOMI - AVAX,0.1,False,321.34,643.12,0.32151,18.25,1785288712
All Pools,WEEDCOIN - AVAX,0.1,False,321.34,-8.031,0.32151,-1461.27,1785288712
All Pools,NICE - AVAX,0.1,False,321.34,643.12,0.32151,18.25,1785288712
All Pools,PEPE - AVAX,0.1,False,321.34,643.12,0.32151,18.25,1785288712
All Pools,USDTZ - AVAX,0.1,False,321.34,643.12,0.32151,18.25,1785288712
All Pools,WLF - AVAX,0.1,False,321.31,643.07,0.32149,18.25,1785288712
All Pools,HYRE - AVAX,0.1,False,321.31,643.07,0.32149,18.25,1785288712
All Pools,DTRXBT - AVAX,0.1,False,321.31,643.07,0.32149,18.25,1785288712
All Pools,REVS - AVAX,0.1,False,321.31,643.07,0.32149,18.25,1785288712
All Pools,BRKL - AVAX,0.1,False,321.31,643.07,0.32149,18.25,1785288712
All Pools,BTCBANK - AVAX,0.1,False,321.31,643.06,0.32148,18.25,1785288712
All Pools,ARI - AVAX,0.1,False,321.31,643.06,0.32148,18.25,1785288712
All Pools,T888 - AVAX,0.1,False,321.31,643.06,0.32148,18.25,1785288712
All Pools,CLIPPY - AVAX,0.1,False,321.3,643.04,0.32147,18.25,1785288712
All Pools,MSAI - AVAX,0.1,False,321.29,643.03,0.32147,18.25,1785288712
All Pools,POL - AVAX,0.1,False,321.29,643.03,0.32147,18.25,1785288712
All Pools,UPTOBER - AVAX,0.1,False,321.29,643.03,0.32147,18.25,1785288712
All Pools,VEILNET - AVAX,0.1,False,321.29,643.03,0.32147,18.25,1785288712
All Pools,PLANET - AVAX,0.1,False,321.29,643.02,0.32146,18.25,1785288712
All Pools,KIRA - AVAX,0.1,False,321.29,643.02,0.32146,18.25,1785288712
All Pools,CLSKX - AVAX,0.1,False,321.29,643.02,0.32146,18.25,1785288712
All Pools,NORMIE - AVAX,0.1,False,321.29,643.02,0.32146,18.25,1785288712
All Pools,HWAVE - AVAX,0.1,False,321.29,643.02,0.32146,18.25,1785288712
All Pools,CYI - AVAX,0.1,False,321.29,643.02,0.32146,18.25,1785288712
All Pools,AVAX - ALVA,0.3,False,316.14,678.25,0.79036,42.53,1785288712
All Pools,BLSEYE🎯 - AVAX,0.3,False,291.7,4595.27,0.72924,5.79,1785288712
All Pools,BLSEYE🎯 - ARENA,0.3,False,280.02,1455.75,0.70005,17.55,1785288712
All Pools,WETH.e - USDC.e,0.3,False,247.91,11149.0,0.61978,2.03,1785288712
All Pools,WOLF - AVAX,0.3,False,235.4,27777.0,0.58851,0.77,1785288712
All Pools,FTOMB - AVAX,0.3,False,229.01,6445.14,0.57251,3.24,1785288712
All Pools,sAVAX - JACK,0.3,False,210.93,302430.0,0.52732,0.06,1785288712
All Pools,MIM - SB,0.3,False,207.14,1584.48,0.51785,11.93,1785288712
All Pools,GURS - AVAX,0.3,False,201.49,5296.72,0.50372,3.47,1785288712
All Pools,AVAX - SPELL,0.3,False,193.16,1492.19,0.48291,11.81,1785288712
All Pools,XSEED - AVAX,0.3,False,168.96,9199.94,0.42241,1.68,1785288712
All Pools,AVAX - UST,0.3,False,167.76,6655.29,0.41941,2.3,1785288712
All Pools,USDC.e - USDT.e,0.3,False,165.37,39940.0,0.41342,0.38,1785288712
All Pools,GMX - AVAX,0.3,False,158.69,4236.18,0.39672,3.42,1785288712
All Pools,APIX - USDt,0.3,False,157.67,5522.25,0.39418,2.61,1785288712
All Pools,SYN - AVAX,0.3,False,146.04,3854.01,0.36509,3.46,1785288712
All Pools,STOMB - AVAX,0.3,False,134.45,5131.28,0.33611,2.39,1785288712
All Pools,BTC.b - TOPIA,0.3,False,126.36,685.41,0.31591,16.82,1785288712
All Pools,HUSKY - AVAX,0.3,False,120.08,2197.22,0.3002,4.99,1785288712
All Pools,AI - AVAX,0.3,False,120.02,3214.68,0.30004,3.41,1785288712
All Pools,FEED - AVAX,0.3,False,98.46,5839.0,0.24615,1.54,1785288712
All Pools,AVAX - JUICE,0.3,False,93.91,10095.0,0.23478,0.85,1785288712
All Pools,FITFI - USDT.e,0.3,False,89.17,71.28,0.22292,114.15,1785288712
All Pools,YAK - USDC.e,0.3,False,85.77,145.1,0.21442,53.94,1785288712
All Pools,UST - AVAX,0.3,False,83.44,5620.19,0.20859,1.35,1785288712
All Pools,FLD - AVAX,0.3,False,82.08,36774.0,0.2052,0.2,1785288712
All Pools,APIX - USDC,0.3,False,78.7,2756.64,0.19675,2.61,1785288712
All Pools,APIX - ID,0.3,False,74.22,17601.0,0.18556,0.38,1785288712
All Pools,w3ULL - AVAX,0.3,False,71.16,48315.0,0.1779,0.13,1785288712
All Pools,MUON - AVAX,0.3,False,65.07,43324.0,0.16267,0.14,1785288712
All Pools,XETA - USDC,0.3,False,62.08,5488.57,0.15519,1.03,1785288712
All Pools,USDC.e - USDC,0.3,False,47.22,480965.0,0.11806,0.01,1785288712
All Pools,MEAT - AVAX,0.3,False,45.98,2959.53,0.11495,1.42,1785288712
All Pools,USDt - USDC,0.0,False,44.21,14.94,0.0,0.0,1785288712
All Pools,gOHM - FRAX,0.3,False,43.29,3552.65,0.10822,1.11,1785288712
All Pools,agEUR - USDC,0.3,False,38.42,60.22,0.09606,58.22,1785288712
All Pools,AVAX - AMI,0.3,False,36.37,430.11,0.09093,7.72,1785288712
All Pools,TECH - AVAX,0.3,False,35.82,9232.48,0.08955,0.35,1785288712
All Pools,GUN - BLSEYE🎯,0.3,False,35.8,401.32,0.08951,8.14,1785288712
All Pools,STG - USDC,0.3,False,31.81,1158.78,0.07953,2.51,1785288712
All Pools,HOWDY - AVAX,0.3,False,31.46,7122.4,0.07864,0.4,1785288712
All Pools,MOR - AVAX,0.3,False,28.38,87.91,0.07094,29.45,1785288712
All Pools,AVAX - ARENA,0.3,False,26.65,95.44,0.06662,25.48,1785288712
All Pools,AVAX - aXEN,0.3,False,21.06,149.55,0.05265,12.85,1785288712
All Pools,EGG - AVAX,0.3,False,19.96,15709.0,0.0499,0.12,1785288712
All Pools,LUNA - USDC.e,0.3,False,18.14,607.67,0.04536,2.72,1785288712
All Pools,TOPIA - PTOP10000,0.3,False,17.64,192.83,0.04411,8.35,1785288712
All Pools,STG - AVAX,0.3,False,17.32,973.16,0.04329,1.62,1785288712
All Pools,GUN - AVAX,0.3,False,17.31,177.62,0.04328,8.89,1785288712
All Pools,PNG - AVAX,0.3,False,17.1,791.53,0.04274,1.97,1785288712
All Pools,USDC - MEAD,0.3,False,16.59,10826.0,0.04146,0.14,1785288712
All Pools,AVAX - mYAK,0.3,False,16.46,32.61,0.04114,46.05,1785288712
All Pools,PTOP1100 - TOPIA,0.3,False,16.05,199.69,0.04012,7.33,1785288712
All Pools,sAVAX - AVAX,0.3,False,16.01,173519.0,0.04001,0.01,1785288712
All Pools,AMI - TOPIA,0.3,False,15.94,278.19,0.03985,5.23,1785288712
All Pools,TOPIA - PTOP600,0.3,False,15.49,178.1,0.03873,7.94,1785288712
All Pools,ISA - AVAX,0.3,False,14.75,16970.0,0.03688,0.08,1785288712
All Pools,SECOND - AVAX,0.3,False,14.54,1454.84,0.03634,0.91,1785288712
All Pools,Gladiator - ARENA,0.3,False,14.22,750.89,0.03554,1.73,1785288712
All Pools,AVAX - FRAX,0.3,False,14.02,679.5,0.03506,1.88,1785288712
All Pools,SECOND - USDC,0.3,False,14.01,6985.83,0.03502,0.18,1785288712
All Pools,Gladiator - USDC,0.3,False,13.92,365.71,0.03481,3.47,1785288712
All Pools,MIM - USDT.e,0.3,False,13.49,1085.96,0.03374,1.13,1785288712
All Pools,ISA - USDC.e,0.3,False,13.22,1443.61,0.03305,0.84,1785288712
All Pools,YEEHAW - HOWDY,0.3,False,13.06,8461.77,0.03264,0.14,1785288712
All Pools,WBTC - AVAX,0.3,False,12.66,31.29,0.03164,36.9,1785288712
All Pools,YEEHAW - TOPIA,0.3,False,11.67,194.95,0.02918,5.46,1785288712
All Pools,XPOW - AVAX,0.3,False,10.72,1186.66,0.0268,0.82,1785288712
All Pools,RGOGLZ - USDC,0.3,False,10.67,1335.05,0.02668,0.73,1785288712
All Pools,USDC - GAU,0.3,False,10.52,650.14,0.02631,1.48,1785288712
All Pools,Psychic - AVAX,0.3,False,10.29,883.2,0.02573,1.06,1785288712
All Pools,PTOP1300 - TOPIA,0.3,False,9.551,189.28,0.02388,4.6,1785288712
All Pools,PTOP500 - TOPIA,0.3,False,9.456,157.34,0.02364,5.48,1785288712
All Pools,APIX - LAMBO,0.3,False,8.731,379.05,0.02183,2.1,1785288712
All Pools,COQ - COQAI,0.3,False,8.693,19592.0,0.02173,0.04,1785288712
All Pools,HUSKY - JOE,0.3,False,8.111,93.88,0.02028,7.88,1785288712
All Pools,FITFI - AVAX,0.3,False,7.773,6.386,0.01943,111.07,1785288712
All Pools,HEFE - AVAX,0.3,False,7.521,28025.0,0.0188,0.02,1785288712
All Pools,AVAX - NoR,0.3,False,7.328,60.45,0.01832,11.06,1785288712
All Pools,avUSD - sAVAX,0.3,False,7.298,206.62,0.01824,3.22,1785288712
All Pools,ABC - AVAX,0.3,False,7.289,508.03,0.01822,1.31,1785288712
All Pools,DATCM - ORNG,0.3,False,6.681,228.7,0.0167,2.67,1785288712
All Pools,Balln - AVAX,0.3,False,6.216,4281.36,0.01554,0.13,1785288712
All Pools,WABBIT - AVAX,0.3,False,6.095,4068.07,0.01524,0.14,1785288712
All Pools,UST - USDC,0.3,False,6.059,422.37,0.01515,1.31,1785288712
All Pools,MIM - USDC.e,0.3,False,5.87,553.83,0.01467,0.97,1785288712
All Pools,USDC - LODE,0.3,False,5.843,838.41,0.01461,0.64,1785288712
All Pools,DCAU - AVAX,0.3,False,5.705,1012.03,0.01426,0.51,1785288712
All Pools,DCAU - USDT.e,0.3,False,5.676,4990.68,0.01419,0.1,1785288712
All Pools,MIM - WETH.e,0.3,False,5.609,364.43,0.01402,1.4,1785288712
All Pools,HATCHY - AVAX,0.3,False,5.574,6775.23,0.01394,0.08,1785288712
All Pools,ORNG - FLUX,0.3,False,5.283,110.28,0.01321,4.37,1785288712
All Pools,BLSEYE🎯 - BEAM,0.3,False,5.219,272.93,0.01305,1.74,1785288712
All Pools,HUSKY - AMI,0.3,False,5.194,55.39,0.01298,8.56,1785288712
All Pools,PTOP400 - TOPIA,0.3,False,5.126,160.64,0.01282,2.91,1785288712
All Pools,HOWDY - USDC,0.3,False,5.066,3198.17,0.01266,0.14,1785288712
All Pools,AVAX - ELK,0.3,False,4.832,1303.84,0.01208,0.34,1785288712
All Pools,Psychic - XAUt0,0.3,False,4.704,5730.91,0.01176,0.07,1785288712
All Pools,BEAM - AVAX,0.3,False,4.638,371.23,0.01159,1.14,1785288712
All Pools,MYST - AVAX,0.3,False,4.566,633.79,0.01142,0.66,1785288712
All Pools,AVAX - CLY,0.3,False,4.415,22067.0,0.01104,0.02,1785288712
All Pools,ORNG - SAI,0.3,False,4.096,102.9,0.01024,3.63,1785288712
All Pools,AVAX - PEFI,0.3,False,4.083,3250.43,0.01021,0.11,1785288712
All Pools,AVAX - EROL,0.0,False,3.757,55.15,0.0,0.0,1785288712
All Pools,BOI - AVAX,0.3,False,3.672,24.43,0.00918,13.71,1785288712
All Pools,3QF - D - AVAX,0.3,False,3.508,1346.79,0.00877,0.24,1785288712
All Pools,ZRO - AVAX,0.3,False,3.495,132.66,0.00874,2.4,1785288712
All Pools,3QF - D - WETH.e,0.3,False,3.495,2535.82,0.00874,0.13,1785288712
All Pools,APOW - AVAX,0.3,False,3.462,1597.08,0.00866,0.2,1785288712
All Pools,JOE - USDT,0.3,False,3.396,267.47,0.00849,1.16,1785288712
All Pools,COQ - BLSEYE🎯,0.3,False,3.262,155.92,0.00816,1.91,1785288712
All Pools,APOW - XPOW,0.3,False,3.236,1419.03,0.00809,0.21,1785288712
All Pools,PTOP700 - TOPIA,0.3,False,3.038,177.65,0.0076,1.56,1785288712
All Pools,ORNG - JUCI,0.3,False,2.979,240.83,0.00745,1.13,1785288712
All Pools,USDC - USD+,0.3,False,2.972,30.86,0.00743,8.79,1785288712
All Pools,UST - USDC.e,0.3,False,2.886,644.25,0.00722,0.41,1785288712
All Pools,BRO - AVAX,0.3,False,2.768,100630.0,0.00692,0.0,1785288712
All Pools,BRO - COQ,0.3,False,2.757,142.27,0.00689,1.77,1785288712
All Pools,Psychic - BLACK,0.3,False,2.749,235.02,0.00687,1.07,1785288712
All Pools,LOK - AVAX,0.3,False,2.745,182.72,0.00686,1.37,1785288712
All Pools,YEEHAW - BTC.b,0.3,False,2.702,58.4,0.00676,4.22,1785288712
All Pools,MYST - USDC,0.3,False,2.663,211.28,0.00666,1.15,1785288712
All Pools,WETH - USDC.e,0.3,False,2.619,208.84,0.00655,1.14,1785288712
All Pools,GRO - AVAX,0.3,False,2.521,192.81,0.0063,1.19,1785288712
All Pools,YOU - ORNG,0.3,False,2.465,1339.51,0.00616,0.17,1785288712
All Pools,GRO - MOR,0.3,False,2.383,8.699,0.00596,25.0,1785288712
All Pools,LUNA - USDC.e,0.3,False,2.369,314.21,0.00592,0.69,1785288712
All Pools,SWIFT - USDC.e,0.3,False,2.367,493.52,0.00592,0.44,1785288712
All Pools,SWIFT - WETH.e,0.3,False,2.241,1346.9,0.0056,0.15,1785288712
All Pools,sAVAX - COQ,0.3,False,2.117,64.83,0.00529,2.98,1785288712
All Pools,LINK.e - USDT.e,0.3,False,2.05,225.0,0.00512,0.83,1785288712
All Pools,USDC.e - MU,0.3,False,2.048,13127.0,0.00512,0.01,1785288712
All Pools,Now - BLACK,0.3,False,2.035,214.63,0.00509,0.87,1785288712
All Pools,WHEAT - AVAX,0.3,False,1.995,201.04,0.00499,0.91,1785288712
All Pools,PNG - JOE,0.3,False,1.993,109.29,0.00498,1.66,1785288712
All Pools,LIQR - AVAX,0.3,False,1.977,36377.0,0.00494,0.0,1785288712
All Pools,WHEAT - MOR,0.3,False,1.907,6.571,0.00477,26.49,1785288712
All Pools,ABC - HOWDY,0.3,False,1.886,541.86,0.00471,0.32,1785288712
All Pools,USDt - USDT.e,0.3,False,1.861,20389.0,0.00465,0.01,1785288712
All Pools,TRESR - AVAX,0.3,False,1.784,8795.7,0.00446,0.02,1785288712
All Pools,AVAX - EROL,0.3,False,1.781,29.58,0.00445,5.49,1785288712
All Pools,YUSD - AVAX,0.3,False,1.756,117.32,0.00439,1.37,1785288712
All Pools,FERT - AVAX,0.3,False,1.746,473.95,0.00436,0.34,1785288712
All Pools,gOHM - SB,0.3,False,1.724,17.07,0.00431,9.21,1785288712
All Pools,USDC.e - sSB,0.3,False,1.694,824.62,0.00424,0.19,1785288712
All Pools,BUSD - AVAX,0.3,False,1.667,343.56,0.00417,0.44,1785288712
All Pools,AVAX - SOCK,0.3,False,1.636,2442.12,0.00409,0.06,1785288712
All Pools,USDC - SOCK,0.3,False,1.609,422.91,0.00402,0.35,1785288712
All Pools,WETH.e - USDT.e,0.3,False,1.588,151.26,0.00397,0.96,1785288712
All Pools,ACS - AVAX,0.3,False,1.572,173.55,0.00393,0.83,1785288712
All Pools,APOW - AVAX,0.3,False,1.484,860.2,0.00371,0.16,1785288712
All Pools,WETH.e - ONION,0.3,False,1.477,238.13,0.00369,0.57,1785288712
All Pools,LINK.e - USDC.e,0.3,False,1.457,187.4,0.00364,0.71,1785288712
All Pools,AVAX - AKITAX,0.3,False,1.435,398.28,0.00359,0.33,1785288712
All Pools,AVALOX - AVAX,0.3,False,1.421,1.743,0.00355,74.43,1785288712
All Pools,SLOT - AVAX,0.3,False,1.413,2539.56,0.00353,0.05,1785288712
All Pools,ALOT - USDC.e,0.3,False,1.383,5.633,0.00346,22.4,1785288712
All Pools,KRW - AVAX,0.3,False,1.354,311.82,0.00338,0.4,1785288712
All Pools,JOE - KRW,0.3,False,1.352,138.85,0.00338,0.89,1785288712
All Pools,STEAK - AVAX,0.3,False,1.343,7400.55,0.00336,0.02,1785288712
All Pools,YAK - SPORE,0.3,False,1.271,3.473,0.00318,33.39,1785288712
All Pools,XAUt0 - Now,0.3,False,1.266,562.31,0.00317,0.21,1785288712
All Pools,AVAX - NaughtiusMaximus,0.3,False,1.249,337.94,0.00312,0.34,1785288712
All Pools,AVAX - ChristMark,0.3,False,1.245,272.39,0.00311,0.42,1785288712
All Pools,REDWOLF - USDC,0.3,False,1.196,187.53,0.00299,0.58,1785288712
All Pools,XROSS - ORNG,0.3,False,1.182,229.75,0.00296,0.47,1785288712
All Pools,AVAX - HeC,0.3,False,1.176,7205.85,0.00294,0.01,1785288712
All Pools,NOCHILL - OX,0.3,False,1.166,10580.0,0.00291,0.01,1785288712
All Pools,DPS - AVAX,0.3,False,1.158,183.55,0.00289,0.58,1785288712
All Pools,DPS - USDC,0.3,False,1.157,1811.95,0.00289,0.06,1785288712
All Pools,USDC - aXEN,0.3,False,1.141,8.037,0.00285,12.96,1785288712
All Pools,XAUt0 - NaughtiusMaximus,0.3,False,1.112,886.2,0.00278,0.11,1785288712
All Pools,Now - AVAX,0.3,False,1.103,191.17,0.00276,0.53,1785288712
All Pools,Gravity - AVAX,0.3,False,1.099,242.68,0.00275,0.41,1785288712
All Pools,giraffe - USDC,0.3,False,1.075,,0.00269,126477.3,1785288712
All Pools,GURS - ARENA,0.3,False,1.036,8.314,0.00259,11.37,1785288712
All Pools,SLOT - STOMB,0.3,False,1.034,191.41,0.00258,0.49,1785288712
All Pools,REDWOLF - AVAX,0.3,False,1.026,391.42,0.00256,0.24,1785288712
All Pools,USDT.e - CLY,0.3,False,1.016,181.12,0.00254,0.51,1785288712
All Pools,USDC.e - AVVO,0.3,False,1.009,226.33,0.00252,0.41,1785288712
All Pools,YEEHAW - AVAX,0.3,False,1.003,13.79,0.00251,6.63,1785288712
All Pools,XAUt0 - ChristMark,0.3,False,0.99081,583.58,0.00248,0.15,1785288712
All Pools,AVAX - TIME,0.3,False,0.97876,535.68,0.00245,0.17,1785288712
All Pools,SPORE - AVAX,0.3,False,0.8935,132.86,0.00223,0.61,1785288712
All Pools,MAGICK - AVAX,0.3,False,0.87939,283.57,0.0022,0.28,1785288712
All Pools,MAGICK - USDC,0.3,False,0.87838,227.04,0.0022,0.35,1785288712
All Pools,APOW - USDt,0.3,False,0.84267,158.83,0.00211,0.48,1785288712
All Pools,ROY - AVAX,0.3,False,0.84203,3818.67,0.00211,0.02,1785288712
All Pools,USDT.e - ONION,0.3,False,0.83597,741.76,0.00209,0.1,1785288712
All Pools,JOE - EXP,0.3,False,0.82835,9963130.0,0.00207,,1785288712
All Pools,USDC.e - ONION,0.3,False,0.80752,371.48,0.00202,0.2,1785288712
All Pools,SWIFT - AVAX,0.3,False,0.79357,239.6,0.00198,0.3,1785288712
All Pools,AVAX - ONION,0.3,False,0.79148,149.0,0.00198,0.48,1785288712
All Pools,HUSKY - MUG,0.3,False,0.76746,14.4,0.00192,4.86,1785288712
All Pools,SOL - USDC,0.3,False,0.73601,21.07,0.00184,3.19,1785288712
All Pools,LF - AVAX,0.3,False,0.71995,239.24,0.0018,0.27,1785288712
All Pools,COQ - OX,0.3,False,0.71922,11782.0,0.0018,0.01,1785288712
All Pools,MIM - LF,0.3,False,0.71806,238.76,0.0018,0.27,1785288712
All Pools,MAI - AVAX,0.3,False,0.70408,1474.14,0.00176,0.04,1785288712
All Pools,ORNG - MOOM,0.3,False,0.6732,183.95,0.00168,0.33,1785288712
All Pools,ARENA - MU,0.3,False,0.65276,4.492,0.00163,13.26,1785288712
All Pools,FXS - AVAX,0.3,False,0.65009,293.76,0.00163,0.2,1785288712
All Pools,MaryMagdalene - AVAX,0.3,False,0.64901,173.86,0.00162,0.34,1785288712
All Pools,WBTC.e - ONION,0.3,False,0.64063,353.99,0.0016,0.17,1785288712
All Pools,AVAX - AVVO,0.3,False,0.6326,231.81,0.00158,0.25,1785288712
All Pools,APOW - USDC,0.3,False,0.62638,159.12,0.00157,0.36,1785288712
All Pools,CAI - AVAX,0.3,False,0.62356,1282.32,0.00156,0.04,1785288712
All Pools,UNIQOC - AVAX,0.3,False,0.62159,816.43,0.00155,0.07,1785288712
All Pools,AAVE.e - REDWOLF,0.3,False,0.61879,156.11,0.00155,0.36,1785288712
All Pools,UNIQOC - COQ,0.3,False,0.61458,37.28,0.00154,1.5,1785288712
All Pools,AVAX - SMRT,0.3,False,0.61433,1663.26,0.00154,0.03,1785288712
All Pools,AVAX - CAST,0.3,False,0.6089,1373.14,0.00152,0.04,1785288712
All Pools,BLSEYE🎯 - MEOW,0.3,False,0.60567,861.32,0.00151,0.06,1785288712
All Pools,LUNA - AVAX,0.3,False,0.60515,116.73,0.00151,0.47,1785288712
All Pools,ELXR - USDC.e,0.3,False,0.59636,1067.68,0.00149,0.05,1785288712
All Pools,HOWDY - ARENA,0.3,False,0.59588,67.35,0.00149,0.81,1785288712
All Pools,DAI.e - ONION,0.3,False,0.58803,331.72,0.00147,0.16,1785288712
All Pools,DREGG - AVAX,0.3,False,0.58397,147.51,0.00146,0.36,1785288712
All Pools,DREGG - USDT.e,0.3,False,0.58356,515.24,0.00146,0.1,1785288712
All Pools,GOOD - COQ,0.3,False,0.57,64.05,0.00143,0.81,1785288712
All Pools,GOOD - AVAX,0.3,False,0.56558,105.64,0.00141,0.49,1785288712
All Pools,HOST - DAI.e,0.3,False,0.56295,2514.47,0.00141,0.02,1785288712
All Pools,AVAX - MUG,0.3,False,0.56038,251.16,0.0014,0.2,1785288712
All Pools,YEEHAW - CHAMP,0.3,False,0.55755,994.84,0.00139,0.05,1785288712
All Pools,BANKSY - AVAX,0.3,False,0.54899,144.08,0.00137,0.35,1785288712
All Pools,BANKSY - USDT.e,0.3,False,0.54819,1522.94,0.00137,0.03,1785288712
All Pools,SMRTr - AVAX,0.3,False,0.53945,25846.0,0.00135,0.0,1785288712
All Pools,USDT.e - SMRT,0.3,False,0.53555,89.34,0.00134,0.55,1785288712
All Pools,SMRTr - USDC.e,0.3,False,0.5352,104.67,0.00134,0.47,1785288712
All Pools,RPEPE - AVAX,0.3,False,0.53213,3726.9,0.00133,0.01,1785288712
All Pools,ARROW - AVAX,0.3,False,0.52741,8.526,0.00132,5.64,1785288712
All Pools,AVAX - MU,0.3,False,0.52676,74.01,0.00132,0.65,1785288712
All Pools,aDXN - AVAX,0.3,False,0.51278,56.59,0.00128,0.83,1785288712
All Pools,FLOT - AVAX,0.3,False,0.50991,2817.35,0.00127,0.02,1785288712
All Pools,aDXN - aXEN,0.3,False,0.49883,4.895,0.00125,9.3,1785288712
All Pools,BLZZ - AVAX,0.3,False,0.49107,5579.98,0.00123,0.01,1785288712
All Pools,USDC - MXNB,0.3,False,0.48955,16.59,0.00122,2.69,1785288712
All Pools,oXAUT - AVAX,0.3,False,0.48786,415.68,0.00122,0.11,1785288712
All Pools,BTC.b - oXAUT,0.3,False,0.48674,317.74,0.00122,0.14,1785288712
All Pools,Trinity - AVAX,0.3,False,0.48536,738.45,0.00121,0.06,1785288712
All Pools,MaryMagdalene - XAUt0,0.3,False,0.48024,1652.97,0.0012,0.03,1785288712
All Pools,BTC.b - HOWDY,0.3,False,0.47976,66.03,0.0012,0.66,1785288712
All Pools,WBTC.e - USDT.e,0.3,False,0.47689,155.87,0.00119,0.28,1785288712
All Pools,USDT.e - XAVA,0.3,False,0.47281,9.481,0.00118,4.55,1785288712
All Pools,MIM - MU,0.3,False,0.46763,68.12,0.00117,0.63,1785288712
All Pools,REDWOLF - SOL,0.3,False,0.44996,58.46,0.00112,0.7,1785288712
All Pools,AVAX - USDT,0.3,False,0.44994,1721.18,0.00112,0.02,1785288712
All Pools,MAXI - DAI.e,0.3,False,0.44006,226.31,0.0011,0.18,1785288712
All Pools,DCAU - MIM,0.3,False,0.43642,80.75,0.00109,0.49,1785288712
All Pools,XAUt0 - Gravity,0.3,False,0.40861,315.75,0.00102,0.12,1785288712
All Pools,COQ - AMI,0.3,False,0.4082,10.36,0.00102,3.6,1785288712
All Pools,AVAX - DOMI,0.3,False,0.40803,11186.0,0.00102,0.0,1785288712
All Pools,Psychic - Now,0.3,False,0.40496,465.67,0.00101,0.08,1785288712
All Pools,WINK - AVAX,0.3,False,0.40271,33.64,0.00101,1.09,1785288712
All Pools,VPND - AVAX,0.3,False,0.39959,18124.0,,0.0,1785288712
All Pools,COQ - JUICE,0.3,False,0.38688,29.37,,1.2,1785288712
All Pools,LUNA - AVAX,0.3,False,0.38586,13.08,,2.69,1785288712
All Pools,DivineFeminine - Gravity,0.3,False,0.37117,1646.53,,0.02,1785288712
All Pools,Orange - DivineFeminine,0.3,False,0.3705,783.18,,0.04,1785288712
All Pools,HH - ARENA,0.3,False,0.36905,2.752,,12.24,1785288712
All Pools,HH - AVAX,0.3,False,0.36748,238.87,,0.14,1785288712
All Pools,KIWI - AVAX,0.3,False,0.36524,95.2,,0.35,1785288712
All Pools,AVAX - LYLY,0.3,False,0.36519,51.32,,0.65,1785288712
All Pools,KIWI - USDC,0.3,False,0.36472,299.99,,0.11,1785288712
All Pools,LINK.e - REDWOLF,0.3,False,0.36387,71.59,,0.46,1785288712
All Pools,Psychic - NeatestQuackery,0.3,False,0.36305,241.42,,0.14,1785288712
All Pools,NeatestQuackery - AVAX,0.3,False,0.36234,211.37,,0.16,1785288712
All Pools,AVAX - KET,0.3,False,0.36219,21.02,,1.57,1785288712
All Pools,COQ - NOCHILL,0.3,False,0.35985,8.522,,3.85,1785288712
All Pools,COQ - OSAK,0.3,False,0.336,18.44,,1.66,1785288712
All Pools,USDC - SDOG,0.3,False,0.33568,348.26,,0.09,1785288712
All Pools,Psychic - All,0.3,False,0.31848,241.51,,0.12,1785288712
All Pools,AVAX - All,0.3,False,0.31814,213.25,,0.14,1785288712
All Pools,MIM - SDOG,0.3,False,0.31708,62.53,,0.46,1785288712
All Pools,KALM - AVAX,0.3,False,0.30785,98.33,,0.29,1785288712
All Pools,KALM - USDC,0.3,False,0.30733,77.76,,0.36,1785288712
All Pools,GENI - AVAX,0.3,False,0.30592,46.99,,0.59,1785288712
All Pools,GENI - USDC,0.3,False,0.30559,1101.66,,0.03,1785288712
All Pools,CHAMP - AMI,0.3,False,0.29724,29.34,,0.92,1785288712
All Pools,UST - USDT.e,0.3,False,0.29303,36.53,,0.73,1785288712
All Pools,Trinity - Psychic,0.3,False,0.28945,401.75,,0.07,1785288712
All Pools,QI - LYLY,0.3,False,0.28687,1.841,,14.22,1785288712
All Pools,DCAU - USDC,0.3,False,0.28501,142.96,,0.18,1785288712
All Pools,AVAX - ZUBAX,0.3,False,0.28276,93.08,,0.28,1785288712
All Pools,WOO.e - AVAX,0.3,False,0.28247,63.86,,0.4,1785288712
All Pools,YAK - JOE,0.3,False,0.28062,0.58984,,43.41,1785288712
All Pools,GUN - AMI,0.3,False,0.2791,9.516,,2.68,1785288712
All Pools,AVAX - IMPACT2,0.3,False,0.26761,144.57,,0.17,1785288712
All Pools,HOST - AVAX,0.3,False,0.26316,89.68,,0.27,1785288712
All Pools,SPORE - USDC,0.3,False,0.26135,1408.09,,0.02,1785288712
All Pools,CHAMP - ARENA,0.3,False,0.26038,20.47,,1.16,1785288712
All Pools,APOW - USDt,0.3,False,0.25934,25.69,,0.92,1785288712
All Pools,AVAX - STICK,0.3,False,0.25595,1121.48,,0.02,1785288712
All Pools,OSAK - AVAX,0.3,False,0.25552,3238.13,,0.01,1785288712
All Pools,MIM - PEFI,0.3,False,0.25466,47.97,,0.48,1785288712
All Pools,pAVAX - AVAX,0.3,False,0.24478,1216.91,,0.02,1785288712
All Pools,USDT.e - EXP,0.3,False,0.24133,45134286.0,,,1785288712
All Pools,WETH.e - REDWOLF,0.3,False,0.24127,85.01,,0.26,1785288712
All Pools,XPOW - USDC,0.3,False,0.24022,18.54,,1.18,1785288712
All Pools,AVAX - BLACK,0.3,False,0.23431,3.004,,7.12,1785288712
All Pools,YEEHAW - USDC,0.3,False,0.22982,6.439,,3.26,1785288712
All Pools,AVAX - SQRCAT,0.3,False,0.22794,4273.75,,0.0,1785288712
All Pools,AMI - SQRCAT,0.3,False,0.22698,12.42,,1.67,1785288712
All Pools,MIM - USDC,0.3,False,0.22039,21.33,,0.94,1785288712
All Pools,IMPACT2 - EURC,0.3,False,0.21709,43.06,,0.46,1785288712
All Pools,STATIK - AVAX,0.3,False,0.21636,30.15,,0.65,1785288712
All Pools,50 - AVAX,0.3,False,0.21596,60.44,,0.33,1785288712
All Pools,50 - USDC,0.3,False,0.21519,112.54,,0.17,1785288712
All Pools,KLO - USDT.e,0.3,False,0.21164,3.794,,5.09,1785288712
All Pools,MM - AVAX,0.3,False,0.20822,67.73,,0.28,1785288712
All Pools,MM - USDC,0.3,False,0.20712,50.1,,0.38,1785288712
All Pools,GGP - AVAX,0.3,False,0.20386,17173.0,,0.0,1785288712
All Pools,Orange - AVAX,0.3,False,0.20025,62.65,,0.29,1785288712
All Pools,Orange - Now,0.3,False,0.19969,469.47,,0.04,1785288712
All Pools,QI - REDWOLF,0.3,False,0.19839,1.171,,15.47,1785288712
All Pools,JEWEL - USDC,0.3,False,0.19555,3825.43,,0.0,1785288712
All Pools,AVAX - AKITA,0.3,False,0.19414,1716.52,,0.01,1785288712
All Pools,BrideOfChrist - BLACK,0.3,False,0.19358,15.96,,1.11,1785288712
All Pools,SYMBIOT - AVAX,0.3,False,0.18996,75.88,,0.23,1785288712
All Pools,USDC - CHAM,0.3,False,0.18918,46.67,,0.37,1785288712
All Pools,HOWDY - USDt,0.3,False,0.18819,187.96,,0.09,1785288712
All Pools,Meaning - AVAX,0.3,False,0.1859,331.24,,0.05,1785288712
All Pools,Serpentarius - AVAX,0.3,False,0.18555,215.96,,0.08,1785288712
All Pools,Psychic - Serpentarius,0.3,False,0.18525,245.43,,0.07,1785288712
All Pools,Psychic - Meaning,0.3,False,0.18508,236.63,,0.07,1785288712
All Pools,MIM - wsOHM,0.3,False,0.18466,100.31,,0.17,1785288712
All Pools,AVAX - DUO,0.3,False,0.18312,53.48,,0.31,1785288712
All Pools,USDT.e - DUO,0.3,False,0.18284,51.05,,0.33,1785288712
All Pools,COQ - ARENA,0.3,False,0.18127,1.374,,12.04,1785288712
All Pools,TSD - AVAX,0.3,False,0.1803,159.36,,0.1,1785288712
All Pools,ZUBAX - USDT.e,0.3,False,0.17922,173.03,,0.09,1785288712
All Pools,USDt - XPOW,0.3,False,0.17796,18.5,,0.88,1785288712
All Pools,SYMBIOT - DAI.e,0.3,False,0.17744,446.24,,0.04,1785288712
All Pools,Hopi - AVAX,0.3,False,0.17574,155.91,,0.1,1785288712
All Pools,Hopi - Now,0.3,False,0.1756,511.24,,0.03,1785288712
All Pools,ARENA - AMI,0.3,False,0.17519,1.741,,9.18,1785288712
All Pools,DFIAT - AVAX,0.3,False,0.17356,6116.66,,0.0,1785288712
All Pools,DFIAT - USDT.e,0.3,False,0.17336,27.08,,0.58,1785288712
All Pools,CQK - AVAX,0.3,False,0.17286,98.33,,0.16,1785288712
All Pools,CQK - USDC,0.3,False,0.17265,31.1,,0.51,1785288712
All Pools,NOCHILL - KET,0.3,False,0.17029,7.453,,2.09,1785288712
All Pools,APOW - USDC,0.3,False,0.16564,25.67,,0.59,1785288712
All Pools,MIM - SPELL,0.3,False,0.16452,1.328,,11.3,1785288712
All Pools,COQ - LYLY,0.3,False,0.16374,10.32,,1.45,1785288712
All Pools,YAK - USDT.e,0.3,False,0.1633,0.3659,,40.72,1785288712
All Pools,AVAX - WISE,0.3,False,0.16245,60.17,,0.25,1785288712
All Pools,USDC.e - WISE,0.3,False,0.16229,41.52,,0.36,1785288712
All Pools,GATOR - ARENA,0.3,False,0.16193,2.963,,4.99,1785288712
All Pools,AVAX - SantaGospel,0.3,False,0.16092,96.67,,0.15,1785288712
All Pools,SYN - REDWOLF,0.3,False,0.15875,3.9,,3.71,1785288712
All Pools,MerryXmas - AVAX,0.3,False,0.15645,195.86,,0.07,1785288712
All Pools,Psychic - MerryXmas,0.3,False,0.15598,222.7,,0.06,1785288712
All Pools,VEE - USDC,0.3,False,0.15546,31.58,,0.45,1785288712
All Pools,BUSD - USDC,0.3,False,0.15384,7.463,,1.88,1785288712
All Pools,BTC.b - REDWOLF,0.3,False,0.15345,99.01,,0.14,1785288712
All Pools,meGNX - AVAX,0.3,False,0.15106,13.38,,1.03,1785288712
All Pools,AVAX - GAU,0.3,False,0.14983,4.443,,3.08,1785288712
All Pools,COQ - REDWOLF,0.3,False,0.1461,9.148,,1.46,1785288712
All Pools,bCASH - NOCHILL,0.3,False,0.14577,12.43,,1.07,1785288712
All Pools,USDC.e - WMATIC,0.3,False,0.14501,15.47,,0.86,1785288712
All Pools,COQ - KOVIN,0.3,False,0.14491,8.174,,1.62,1785288712
All Pools,AVAX - rsAVAX,0.3,False,0.1437,162.69,,0.08,1785288712
All Pools,Psychic - Chrism,0.3,False,0.14338,49.22,,0.27,1785288712
All Pools,BTC.b - IMPACT2,0.3,False,0.14289,1423.48,,0.01,1785288712
All Pools,AVAX - CHAM,0.3,False,0.14006,25.99,,0.49,1785288712
All Pools,JOE - ZABU,0.3,False,0.13747,12.37,,1.01,1785288712
All Pools,Psychic - SantaGospel,0.3,False,0.13684,55.14,,0.23,1785288712
All Pools,AVAI - AVAX,0.3,False,0.13511,19.44,,0.63,1785288712
All Pools,aAvaWAVAX - meGNX,0.3,False,0.1345,3.046,,4.03,1785288712
All Pools,SLUSH - AVAX,0.3,False,0.12921,46.2,,0.26,1785288712
All Pools,SLUSH - USDT.e,0.3,False,0.12903,55.66,,0.21,1785288712
All Pools,WETH.e - USDC,0.3,False,0.12691,20.73,,0.56,1785288712
All Pools,SOL - AVAX,0.3,False,0.12551,0.00164,,6970.78,1785288712
All Pools,BOOTY - AVAX,0.3,False,0.12367,1476.26,,0.01,1785288712
All Pools,KOVIN - AVAX,0.3,False,0.12316,2106.82,,0.01,1785288712
All Pools,COQ - BOOTY,0.3,False,0.12302,6.949,,1.62,1785288712
All Pools,NaughtiusMaximus - Seventeen,0.3,False,0.12298,676.66,,0.02,1785288712
All Pools,Now - Propriety,0.3,False,0.1226,630.9,,0.02,1785288712
All Pools,AVAX - Seventeen,0.3,False,0.12258,205.15,,0.05,1785288712
All Pools,AVAX - Propriety,0.3,False,0.1222,62.48,,0.18,1785288712
All Pools,USDC.e - SOL,0.3,False,0.12188,35.55,,0.31,1785288712
All Pools,BLUB - AVAX,0.3,False,0.12148,11770.0,,,1785288712
All Pools,WETH.e - yyAVAX,0.3,False,0.12103,14.78,,0.75,1785288712
All Pools,RUX - AVAX,0.3,False,0.12008,25.79,,0.42,1785288712
All Pools,USDt - RUX,0.3,False,0.1199,16084.0,,,1785288712
All Pools,AVAX - trump,0.3,False,0.11859,12.83,,0.84,1785288712
All Pools,YEEHAW - ARENA,0.3,False,0.11785,1.641,,6.55,1785288712
All Pools,MCV - AVAX,0.3,False,0.11674,287.06,,0.04,1785288712
All Pools,BLUB - AVAX,0.0,False,0.11628,32.95,0.0,0.0,1785288712
All Pools,COQ - MCV,0.3,False,0.116,6.676,,1.59,1785288712
All Pools,AVAX - MeaningOfNumbers,0.3,False,0.11414,212.33,,0.05,1785288712
All Pools,Psychic - MeaningOfNumbers,0.3,False,0.11388,242.2,,0.04,1785288712
All Pools,USDt - IMPACT2,0.3,False,0.11172,72.11,,0.14,1785288712
All Pools,USDC - BVAX,0.3,False,0.11024,25.78,,0.39,1785288712
All Pools,USDC - SHRAP,0.3,False,0.11021,20.9,,0.48,1785288712
All Pools,MEOW - AVAX,0.3,False,0.10932,7770.81,,0.0,1785288712
All Pools,QI - USDC.e,0.3,False,0.10909,0.65297,,15.25,1785288712
All Pools,SNP - AVAX,0.3,False,0.10688,8.105,,1.2,1785288712
All Pools,L - Swing - aXEN,0.3,False,0.10675,45.71,,0.21,1785288712
All Pools,COQ - SNP,0.3,False,0.10633,17.63,,0.55,1785288712
All Pools,WETH.e - SURE,0.3,False,0.10537,895.84,,0.01,1785288712
All Pools,TECH - OX,0.3,False,0.10446,4513.63,,0.0,1785288712
All Pools,Hydrogen - AVAX,0.3,False,0.1027,187.27,,0.05,1785288712
All Pools,SPC - DAI.e,0.3,False,0.10173,24.14,,0.38,1785288712
All Pools,USDV - REDWOLF,0.3,False,0.1001,18.03,,0.51,1785288712
All Pools,MaryMagdalene - BrideOfChrist,0.3,False,0.0993,90.97,,0.1,1785288712
All Pools,MIM - DAI.e,0.3,False,0.09635,14.03,,0.63,1785288712
All Pools,NOCHILL - AMI,0.3,False,0.09553,3.807,,2.29,1785288712
All Pools,L - Swing - aDXN,0.3,False,0.09524,10.44,,0.83,1785288712
All Pools,USDC - yyAVAX,0.3,False,0.09499,12.11,,0.72,1785288712
All Pools,Trinity - BrideOfChrist,0.3,False,0.09459,56301450.0,,,1785288712
All Pools,TruthClosure - BLACK,0.3,False,0.09455,11.37,,0.76,1785288712
All Pools,CRA - AVAX,0.3,False,0.09452,7230.36,,0.0,1785288712
All Pools,JOE - CRA,0.3,False,0.09397,6.743,,1.27,1785288712
All Pools,AVAX - MILO,0.3,False,0.09396,800.25,,0.01,1785288712
All Pools,USDt - MILO,0.3,False,0.09392,14.14,,0.61,1785288712
All Pools,AVAX - ELK,0.3,False,0.0937,47.25,,0.18,1785288712
All Pools,DiamondbackGall - AVAX,0.3,False,0.09206,213.76,,0.04,1785288712
All Pools,MELT - AVAX,0.3,False,0.09192,20.2,,0.42,1785288712
All Pools,Psychic - DiamondbackGall,0.3,False,0.09185,242.18,,0.03,1785288712
All Pools,ZRO - USDC,0.3,False,0.09072,4.417,,1.87,1785288712
All Pools,gOHM - wsOHM,0.3,False,0.09029,13.95,,0.59,1785288712
All Pools,Ducks - AVAX,0.3,False,0.08844,212.32,,0.04,1785288712
All Pools,Psychic - Ducks,0.3,False,0.08824,242.14,,0.03,1785288712
All Pools,JOE - QI,0.3,False,0.08791,0.55121,,14.55,1785288712
All Pools,COQ - bCASH,0.3,False,0.08766,12.94,,0.62,1785288712
All Pools,AVAX - BlackAndGold,0.3,False,0.08608,213.53,,0.04,1785288712
All Pools,Psychic - BlackAndGold,0.3,False,0.08588,241.91,,0.03,1785288712
All Pools,wsOHM - USDC.e,0.3,False,0.08371,14.25,,0.54,1785288712
All Pools,AVAT - USDC,0.3,False,0.08343,37.79,,0.2,1785288712
All Pools,DogL - AVAX,0.3,False,0.08202,213.62,,0.04,1785288712
All Pools,Psychic - DogL,0.3,False,0.08183,242.03,,0.03,1785288712
All Pools,Psychic - [i]Lluminati,0.3,False,0.08033,48.42,,0.15,1785288712
All Pools,FITFI - USDC,0.3,False,0.07844,0.08469,,84.52,1785288712
All Pools,Jjj - AVAX,0.3,False,0.07823,212.48,,0.03,1785288712
All Pools,Psychic - Jjj,0.3,False,0.07806,242.13,,0.03,1785288712
All Pools,SMRT - XAVA,0.3,False,0.07778,2.024,,3.51,1785288712
All Pools,Chrism - ChristMark,0.3,False,0.07704,142.5,,0.05,1785288712
All Pools,SYN - USDC.e,0.3,False,0.07628,1.985,,3.51,1785288712
All Pools,CNR - AVAX,0.3,False,0.07534,50.1,,0.14,1785288712
All Pools,miMatic - AVAX,0.3,False,0.07426,30.29,,0.22,1785288712
All Pools,miMatic - USDC.e,0.3,False,0.07413,22.61,,0.3,1785288712
All Pools,USDC - USDT.e,0.3,False,0.07276,154.21,,0.04,1785288712
All Pools,AVAX - HON,0.3,False,0.07276,49563.0,,,1785288712
All Pools,AVAX - SNOB,0.3,False,0.07177,757.3,,0.01,1785288712
All Pools,USDT.e - ZABU,0.3,False,0.07045,44.41,,0.14,1785288712
All Pools,MU - COQAI,0.3,False,0.07035,5.517,,1.16,1785288712
All Pools,AVAXAI - USDC,0.3,False,0.07021,1477.87,,0.0,1785288712
All Pools,CANS - AVAX,0.3,False,0.06843,8.226,,0.76,1785288712
All Pools,REDWOLF - GEC,0.3,False,0.06833,3.248,,1.92,1785288712
All Pools,ElvisJackpot - Gravity,0.3,False,0.06782,14.59,,0.42,1785288712
All Pools,KIMBO - CANS,0.3,False,0.06742,218.4,,0.03,1785288712
All Pools,BNZ - AVAX,0.3,False,0.06712,149.86,,0.04,1785288712
All Pools,MaryMagdalene - ChristMark,0.3,False,0.06711,304.06,,0.02,1785288712
All Pools,COQ - MU,0.3,False,0.06699,3.602,,1.7,1785288712
All Pools,CommieSukey - AVAX,0.3,False,0.06624,212.93,,0.03,1785288712
All Pools,AVAX - DAI,0.3,False,0.06607,55.79,,0.11,1785288712
All Pools,Psychic - CommieSukey,0.3,False,0.06602,242.1,,0.02,1785288712
All Pools,AVAX - RedFolder,0.3,False,0.06578,212.72,,0.03,1785288712
All Pools,Who - AVAX,0.3,False,0.06572,100.98,,0.06,1785288712
All Pools,Psychic - RedFolder,0.3,False,0.06565,242.04,,0.02,1785288712
All Pools,AVAX - RPEPE,0.3,False,0.06497,284.4,,0.02,1785288712
All Pools,JOE - ZUBAX,0.3,False,0.06453,6.191,,0.95,1785288712
All Pools,Void - AVAX,0.3,False,0.06433,62.25,,0.09,1785288712
All Pools,Void - Now,0.3,False,0.06416,641.25,,0.01,1785288712
All Pools,MIM - TIME,0.3,False,0.06396,17.56,,0.33,1785288712
All Pools,TRYB - USDC.e,0.3,False,0.06364,31.82,,0.18,1785288712
All Pools,GLOBA - AVAX,0.3,False,0.06339,40.47,,0.14,1785288712
All Pools,Gladiator - AVAX,0.3,False,0.06199,2.068,,2.74,1785288712
All Pools,SURE - USDC.e,0.3,False,0.06104,21.47,,0.26,1785288712
All Pools,MELT - USDT.e,0.3,False,0.06033,29.51,,0.19,1785288712
All Pools,Psychic - Hydrogen,0.3,False,0.06002,61.04,,0.09,1785288712
All Pools,WOLF - AMI,0.3,False,0.05969,2.895,,1.88,1785288712
All Pools,FollowTheWhiteRabbit - TruthClosure,0.3,False,0.05968,28.88,,0.19,1785288712
All Pools,FollowTheWhiteRabbit - AVAX,0.3,False,0.05965,116.01,,0.05,1785288712
All Pools,GLOBA - DAI.e,0.3,False,0.05918,47.71,,0.11,1785288712
All Pools,WarpSpeed - AVAX,0.3,False,0.05696,99.24,,0.05,1785288712
All Pools,Gravity - WarpSpeed,0.3,False,0.05677,60.34,,0.09,1785288712
All Pools,NineHundred - BLACK,0.3,False,0.05651,2.352,,2.19,1785288712
All Pools,NineHundred - AVAX,0.3,False,0.05642,100.34,,0.05,1785288712
All Pools,SURE - DAI.e,0.3,False,0.0563,24.99,,0.21,1785288712
All Pools,TruthClosure - AVAX,0.3,False,0.05623,7.497,,0.68,1785288712
All Pools,YEEHAW - AMI,0.3,False,0.05604,4.338,,1.18,1785288712
All Pools,wsOHM - AVAX,0.3,False,0.05268,6.316,,0.76,1785288712
All Pools,TOMB - USDC,0.3,False,0.05262,10.1,,0.48,1785288712
All Pools,AMI - COQAI,0.3,False,0.05169,3.276,,1.44,1785288712
All Pools,WOLF - AVAX,0.3,False,0.05004,44.32,,0.1,1785288712
All Pools,ACS - USDC.e,0.3,False,0.04857,5.255,,0.84,1785288712
All Pools,Anon - AVAX,0.3,False,0.04802,7.44,,0.59,1785288712
All Pools,bCASH - TECH,0.3,False,0.04775,10.56,,0.41,1785288712
All Pools,GAINS - AVAX,0.3,False,0.04619,30.8,,0.14,1785288712
All Pools,NOCHILL - REDWOLF,0.3,False,0.04541,2.229,,1.86,1785288712
All Pools,AVAX - FORT,0.3,False,0.04441,9.187,,0.44,1785288712
All Pools,MIM - FORT,0.3,False,0.04421,1357.23,,0.0,1785288712
All Pools,AVAX - MICRO,0.3,False,0.04421,18.44,,0.22,1785288712
All Pools,JOE - REDWOLF,0.3,False,0.04399,2.632,,1.53,1785288712
All Pools,COQ - MICRO,0.3,False,0.0439,2.772,,1.45,1785288712
All Pools,USDt - REDWOLF,0.3,False,0.04386,13.79,,0.29,1785288712
All Pools,gOHM - JOE,0.3,False,0.04309,3.116,,1.26,1785288712
All Pools,Hydrogen - BLACK,0.3,False,0.0429,2.357,,1.66,1785288712
All Pools,Psychic - Who,0.3,False,0.04253,55.79,,0.07,1785288712
All Pools,USDT.e - MU,0.3,False,0.04123,249.08,,0.02,1785288712
All Pools,AVVO - DAI.e,0.3,False,0.04107,34.83,,0.11,1785288712
All Pools,KIMBO - AMI,0.3,False,0.04094,2.925,,1.28,1785288712
All Pools,LIBRE - USDC.e,0.3,False,0.04083,12.16,,0.31,1785288712
All Pools,BTC.b - MU,0.3,False,0.04068,10.0,,0.37,1785288712
All Pools,LoveYou - AVAX,0.3,False,0.04052,43.87,,0.08,1785288712
All Pools,LoveYou - Gravity,0.3,False,0.04038,40.37,,0.09,1785288712
All Pools,NOCHILL - MU,0.3,False,0.04017,1.475,,2.49,1785288712
All Pools,BLS - USDt,0.3,False,0.03827,127.42,,0.03,1785288712
All Pools,TIME - SPELL,0.3,False,0.03729,0.27562,,12.35,1785288712
All Pools,AMI - MU,0.3,False,0.03724,1.521,,2.23,1785288712
All Pools,MIM - YAK,0.3,False,0.0368,0.07776,,43.18,1785288712
All Pools,HATCHY - AMI,0.3,False,0.0366,3.232,,1.03,1785288712
All Pools,PAPA - AVAX,0.3,False,0.03584,8.174,,0.4,1785288712
All Pools,MIM - PAPA,0.3,False,0.03566,35.37,,0.09,1785288712
All Pools,NOCHILL - ARENA,0.3,False,0.03565,0.41815,,7.78,1785288712
All Pools,GRELF[ava] - AVAX,0.3,False,0.03463,894.78,,0.0,1785288712
All Pools,DAI.e - VOLT,0.3,False,0.03415,37.86,,0.08,1785288712
All Pools,LoveIsTheKey - BLACK,0.3,False,0.03305,3.714,,0.81,1785288712
All Pools,XPOW - AVAX,0.3,False,0.03286,258.44,,0.01,1785288712
All Pools,MIM - GRAPE,0.3,False,0.03224,63.19,,0.05,1785288712
All Pools,AVAX - Strength,0.3,False,0.03211,101.21,,0.03,1785288712
All Pools,AVAX - ZABU,0.3,False,0.03201,23.61,,0.12,1785288712
All Pools,Strength - BLACK,0.3,False,0.03193,2.353,,1.24,1785288712
All Pools,CNR - USDC,0.3,False,0.03171,4.661,,0.62,1785288712
All Pools,AMPL - AVAX,0.3,False,0.03156,209.45,,0.01,1785288712
All Pools,MELT - USDC.e,0.3,False,0.03151,29.83,,0.1,1785288712
All Pools,BENIS - AVAX,0.3,False,0.0315,9.882,,0.29,1785288712
All Pools,BENIS - NOCHILL,0.3,False,0.03136,2.527,,1.13,1785288712
All Pools,XPOW - USDt,0.3,False,0.03106,3.581,,0.79,1785288712
All Pools,Orange - BLACK,0.3,False,0.0309,1.991,,1.42,1785288712
All Pools,VELAI - AVAX,0.3,False,0.03081,0.29529,,9.52,1785288712
All Pools,SYN - USDT.e,0.3,False,0.03048,1.055,,2.64,1785288712
All Pools,FITFI - USDC.e,0.3,False,0.03002,0.04524,,60.55,1785288712
All Pools,XAVA - HON,0.3,False,0.03001,1.01,,2.71,1785288712
All Pools,AVAX - GG,0.3,False,0.02972,3.84,,0.71,1785288712
All Pools,WLRS - GRAPE,0.3,False,0.02962,6.517,,0.41,1785288712
All Pools,Go - AVAX,0.3,False,0.02959,101.11,,0.03,1785288712
All Pools,Go - BLACK,0.3,False,0.02952,2.364,,1.14,1785288712
All Pools,BOI - MU,0.3,False,0.02936,0.4413,,6.07,1785288712
All Pools,CNR - REDWOLF,0.3,False,0.02911,15.75,,0.17,1785288712
All Pools,KIMBO - KOVIN,0.3,False,0.02862,3.098,,0.84,1785288712
All Pools,GMX - USDC,0.3,False,0.02861,0.90289,,2.89,1785288712
All Pools,WLRS - USDC.e,0.3,False,0.02836,3937.87,,,1785288712
All Pools,AMI - EROL,0.3,False,0.02803,0.53869,,4.75,1785288712
All Pools,MIM - GG,0.3,False,0.02801,37.94,,0.07,1785288712
All Pools,TSD - WOLF,0.3,False,0.02796,23.69,,0.11,1785288712
All Pools,AVAT - AVAX,0.3,False,0.02787,16.97,,0.15,1785288712
All Pools,GURS - NOCHILL,0.3,False,0.02777,1.105,,2.29,1785288712
All Pools,GAINS - COQ,0.3,False,0.02761,1.454,,1.73,1785288712
All Pools,MIM - AUSD,0.3,False,0.02761,7.703,,0.33,1785288712
All Pools,SYN - WETH.e,0.3,False,0.027,0.99322,,2.48,1785288712
All Pools,USDC.e - RUG,0.3,False,0.02666,16.49,,0.15,1785288712
All Pools,AVAX - COFI,0.3,False,0.02652,440.58,,0.01,1785288712
All Pools,COQ - COFI,0.3,False,0.02629,1.27,,1.89,1785288712
All Pools,WBTC.e - USDC.e,0.3,False,0.02608,8.082,,0.29,1785288712
All Pools,SUB - USDC,0.3,False,0.02606,11.41,,0.21,1785288712
All Pools,AUSD - HUSKY,0.3,False,0.02604,0.48873,,4.86,1785288712
All Pools,LUNA - LUNA,0.3,False,0.02598,1.636,,1.45,1785288712
All Pools,KrisKringle - AVAX,0.3,False,0.02591,18.94,,0.12,1785288712
All Pools,KrisKringle - Gravity,0.3,False,0.02582,55.94,,0.04,1785288712
All Pools,BANKSY - AVAX,0.3,False,0.02524,18.61,,0.12,1785288712
All Pools,FLAKE - AVAX,0.3,False,0.02521,17.37,,0.13,1785288712
All Pools,BANKSY - USDC.e,0.3,False,0.02514,29.43,,0.08,1785288712
All Pools,FLAKE - USDT.e,0.3,False,0.02513,48.67,,0.05,1785288712
All Pools,AVAX - STRAW,0.3,False,0.02499,14.45,,0.16,1785288712
All Pools,WETH.e - SPELL,0.3,False,0.02492,0.16767,,13.56,1785288712
All Pools,BLACK - SantaGospel,0.3,False,0.02429,2.356,,0.94,1785288712
All Pools,AVAX - NEMO,0.3,False,0.02416,6.591,,0.33,1785288712
All Pools,USDt - NEMO,0.3,False,0.02408,96.46,,0.02,1785288712
All Pools,GURS - AMI,0.3,False,0.02397,1.486,,1.47,1785288712
All Pools,QI - SNOWY,0.3,False,0.02393,0.33109,,6.59,1785288712
All Pools,MIM - TSNFTGM,0.3,False,0.02336,2.4,,0.89,1785288712
All Pools,DAI.e - STRAW,0.3,False,0.02331,36.18,,0.06,1785288712
All Pools,Degen - AVAX,0.3,False,0.02316,1356.09,,0.0,1785288712
All Pools,Blue - AVAX,0.3,False,0.02308,189.15,,0.01,1785288712
All Pools,MU - DAI.e,0.3,False,0.02308,234.62,,0.01,1785288712
All Pools,Blue - BLACK,0.3,False,0.02307,2.388,,0.88,1785288712
All Pools,Who - BLACK,0.3,False,0.02305,2.371,,0.89,1785288712
All Pools,xJOE - AVAX,0.3,False,0.02294,1.718,,1.22,1785288712
All Pools,BNB - AVAX,0.3,False,0.02272,2835.06,,,1785288712
All Pools,NXPC - AVAX,0.3,False,0.02249,1.018,,2.02,1785288712
All Pools,MAJIN - AVAX,0.3,False,0.02244,2869.42,,,1785288712
All Pools,PNG - REDWOLF,0.3,False,0.02214,3.446,,0.59,1785288712
All Pools,WOLF - USDT.e,0.3,False,0.02214,3.014,,0.67,1785288712
All Pools,METAG - AVAX,0.3,False,0.02177,19.92,,0.1,1785288712
All Pools,Trinity - TruthClosure,0.3,False,0.02175,6.3,,0.32,1785288712
All Pools,METAG - USDt,0.3,False,0.0217,15.53,,0.13,1785288712
All Pools,TSNFTGM - DAI.e,0.3,False,0.02162,28.38,,0.07,1785288712
All Pools,BTC.b - yyAVAX,0.3,False,0.0215,4.22,,0.46,1785288712
All Pools,WDAO - AVAX,0.3,False,0.02143,8.984,,0.22,1785288712
All Pools,WDAO - MIM,0.3,False,0.0213,3.459,,0.56,1785288712
All Pools,TECH - AMI,0.3,False,0.0213,1.909,,1.02,1785288712
All Pools,SFI - JOE,0.3,False,0.02129,0.68617,,2.83,1785288712
All Pools,AVAX - SHRAP,0.3,False,0.02129,11.07,,0.18,1785288712
All Pools,Gil - AVAX,0.3,False,0.0212,13.79,,0.14,1785288712
All Pools,BOI - AMI,0.3,False,0.02064,0.34847,,5.4,1785288712
All Pools,LoveIsTheKey - AVAX,0.3,False,0.02038,10.32,,0.18,1785288712
All Pools,ZRX.e - USDC.e,0.3,False,0.02011,0.05025,,36.53,1785288712
All Pools,WOLF - MU,0.3,False,0.01987,3.846,,0.47,1785288712
All Pools,Gil - DAI.e,0.3,False,0.01978,26.44,,0.07,1785288712
All Pools,AVAX - BLANC,0.3,False,0.01934,5.115,,0.34,1785288712
All Pools,MIM - BLANC,0.3,False,0.01922,626.96,,0.0,1785288712
All Pools,DUO - USDT.e,0.3,False,0.01887,6.21,,0.28,1785288712
All Pools,wMEMO - AVAX,0.3,False,0.01879,6.122,,0.28,1785288712
All Pools,Trinity - FourFourFour,0.3,False,0.01871,3.344,,0.51,1785288712
All Pools,wMEMO - MIM,0.3,False,0.01869,2.958,,0.58,1785288712
All Pools,AVAX - SDOG,0.3,False,0.01852,6.223,,0.27,1785288712
All Pools,KOVIN - MU,0.3,False,0.01832,2.347,,0.71,1785288712
All Pools,AAVE.e - USDT.e,0.3,False,0.01823,2.711,,0.61,1785288712
All Pools,ROCO - AVAX,0.3,False,0.01823,1342.38,,0.0,1785288712
All Pools,AAVE.e - USDC.e,0.3,False,0.01815,1.312,,1.26,1785288712
All Pools,JOE - AVE,0.3,False,0.01809,1.123,,1.47,1785288712
All Pools,COQ - SNOWY,0.3,False,0.01806,0.91727,,1.8,1785288712
All Pools,TRACTOR - JOE,0.3,False,0.01803,1.073,,1.53,1785288712
All Pools,SNLP - AVAX,0.3,False,0.0178,2624.87,,,1785288712
All Pools,JOE - SNLP,0.3,False,0.01766,1.003,,1.61,1785288712
All Pools,USDT.e - SING,0.3,False,0.01757,1230.18,,0.0,1785288712
All Pools,XOMB - USDT.e,0.3,False,0.01744,2.097,,0.76,1785288712
All Pools,XOMB - AVAX,0.3,False,0.01736,15.77,,0.1,1785288712
All Pools,UST - USDC,0.3,False,0.01731,3.737,,0.42,1785288712
All Pools,AVAX - BAVA,0.3,False,0.01718,8.659,,0.18,1785288712
All Pools,LINK.e - MU,0.3,False,0.01707,6.994,,0.22,1785288712
All Pools,CNR - USDt,0.3,False,0.0169,4.68,,0.33,1785288712
All Pools,EHCNALAVA - AVAX,0.3,False,0.01685,1074.66,,0.0,1785288712
All Pools,SLIME - AVAX,0.3,False,0.01681,15327.0,,,1785288712
All Pools,SLIME - USDt,0.3,False,0.01673,6.168,,0.25,1785288712
All Pools,KIMBO - EHCNALAVA,0.3,False,0.01673,1.791,,0.85,1785288712
All Pools,RUG - USDT.e,0.3,False,0.01668,9.78,,0.16,1785288712
All Pools,AMI - aSOCK,0.3,False,0.01633,1.932,,0.77,1785288712
All Pools,AVAX - aSOCK,0.3,False,0.01632,9.93,,0.15,1785288712
All Pools,Stolen - BLACK,0.3,False,0.01632,2.621,,0.57,1785288712
All Pools,MELT - AVAX,0.3,False,0.01629,818.72,,0.0,1785288712
All Pools,MELT - USDC.e,0.3,False,0.01623,5.994,,0.25,1785288712
All Pools,ZH - USDC.e,0.3,False,0.01609,22.13,,0.07,1785288712
All Pools,MPL - AVAX,0.3,False,0.01609,5.115,,0.29,1785288712
All Pools,MPL - USDt,0.3,False,0.01601,30.05,,0.05,1785288712
All Pools,BLS - SHRAP,0.3,False,0.01599,7.803,,0.19,1785288712
All Pools,ChristMark - ChristIAmYou,0.3,False,0.01592,20.56,,0.07,1785288712
All Pools,Psychic - PoPo,0.3,False,0.01581,46.61,,0.03,1785288712
All Pools,ELE - AVAX,0.3,False,0.01579,89.02,,0.02,1785288712
All Pools,Gravity - BLACK,0.3,False,0.01572,0.23437,,6.12,1785288712
All Pools,GAS - AVAX,0.3,False,0.01569,133.81,,0.01,1785288712
All Pools,Psychic - PennyTrinity,0.3,False,0.01562,46.63,,0.03,1785288712
All Pools,SURE - AVAX,0.3,False,0.01551,5.522,,0.26,1785288712
All Pools,LYD - REDWOLF,0.3,False,0.01545,4.041,,0.35,1785288712
All Pools,REDWOLF - WMATIC,0.3,False,0.01541,1.965,,0.72,1785288712
All Pools,UST - UST,0.3,False,0.0152,1.379,,1.01,1785288712
All Pools,Psychic - WhoWhoWho,0.3,False,0.0152,46.58,,0.03,1785288712
All Pools,Psychic - Zero,0.3,False,0.01514,46.59,,0.03,1785288712
All Pools,Psychic - Hexagon,0.3,False,0.01511,46.61,,0.03,1785288712
All Pools,MAJIN - REDWOLF,0.3,False,0.01507,5.194,,0.26,1785288712
All Pools,Psychic - BirthingCode,0.3,False,0.01504,46.62,,0.03,1785288712
All Pools,AVAX - TMT,0.3,False,0.01502,5.885,,0.23,1785288712
All Pools,Psychic - PlotTwist,0.3,False,0.01496,47.66,,0.03,1785288712
All Pools,USDT.e - TMT,0.3,False,0.01495,25.42,,0.05,1785288712
All Pools,Psychic - IAmThatIAm,0.3,False,0.01489,46.62,,0.03,1785288712
All Pools,AVAX - BOREA,0.3,False,0.01469,5.527,,0.24,1785288712
All Pools,Psychic - Finish,0.3,False,0.01468,46.58,,0.03,1785288712
All Pools,USDT.e - BOREA,0.3,False,0.01462,25.84,,0.05,1785288712
All Pools,Psychic - Verse,0.3,False,0.01459,46.59,,0.03,1785288712
All Pools,Eye - Psychic,0.3,False,0.01453,46.62,,0.03,1785288712
All Pools,USDT.e - NORTH,0.3,False,0.01453,27.46,,0.05,1785288712
All Pools,Psychic - Abracadabra,0.3,False,0.0145,46.6,,0.03,1785288712
All Pools,AVAX - NORTH,0.3,False,0.01445,1.846,,0.71,1785288712
All Pools,MIM - RUG,0.3,False,0.01437,4.155,,0.32,1785288712
All Pools,Psychic - Qubit,0.3,False,0.01431,46.57,,0.03,1785288712
All Pools,Psychic - YouAndI,0.3,False,0.01431,46.61,,0.03,1785288712
All Pools,Psychic - Gematria,0.3,False,0.01422,46.61,,0.03,1785288712
All Pools,Loyalty - Psychic,0.3,False,0.01419,46.57,,0.03,1785288712
All Pools,COQ - ZUM,0.3,False,0.01413,0.77152,,1.67,1785288712
All Pools,USDt - SNOWY,0.3,False,0.01403,5.453,,0.23,1785288712
All Pools,APOW - MU,0.3,False,0.01392,3.217,,0.39,1785288712
All Pools,Yellow - BLACK,0.3,False,0.0139,2.362,,0.54,1785288712
All Pools,Yellow - AVAX,0.3,False,0.01389,189.38,,0.01,1785288712
All Pools,AMI - JUICY,0.3,False,0.01385,0.59561,,2.12,1785288712
All Pools,Psychic - Gematria,0.3,False,0.01378,46.61,,0.03,1785288712
All Pools,Psychic - TrueStory,0.3,False,0.01374,46.61,,0.03,1785288712
All Pools,GURS - HOWDY,0.3,False,0.01372,0.60557,,2.07,1785288712
All Pools,USDC.e - WISE,0.3,False,0.01352,6.82,,0.18,1785288712
All Pools,AVAX - WISE,0.3,False,0.01344,2.279,,0.54,1785288712
All Pools,Psychic - Luck,0.3,False,0.01331,46.61,,0.03,1785288712
All Pools,Psychic - Blessings,0.3,False,0.01329,46.58,,0.03,1785288712
All Pools,Flection - Psychic,0.3,False,0.01326,46.61,,0.03,1785288712
All Pools,DUNEV3 - USDC.e,0.3,False,0.01301,31595.0,,,1785288712
All Pools,NOCHILL - WAIFU,0.3,False,0.01299,138.13,,0.01,1785288712
All Pools,Psychic - Six,0.3,False,0.01297,46.62,,0.03,1785288712
All Pools,Psychic - Time,0.3,False,0.01297,46.61,,0.03,1785288712
All Pools,Psychic - Equal,0.3,False,0.01291,46.62,,0.03,1785288712
All Pools,LoveIsTheKey - Gravity,0.3,False,0.01288,28.98,,0.04,1785288712
All Pools,Psychic - Number,0.3,False,0.01288,46.63,,0.03,1785288712
All Pools,Milk - AVAX,0.3,False,0.01287,5.403,,0.22,1785288712
All Pools,Milk - USDT.e,0.3,False,0.01281,13.86,,0.08,1785288712
All Pools,Psychic - Ups,0.3,False,0.01279,46.61,,0.03,1785288712
All Pools,Psychic - TrumpCard,0.3,False,0.01277,46.62,,0.02,1785288712
All Pools,Psychic - Confusion,0.3,False,0.01258,46.61,,0.02,1785288712
All Pools,USDC.e - XAVA,0.3,False,0.01256,0.3035,,3.78,1785288712
All Pools,AVAX - SPADE,0.3,False,0.01253,4.955,,0.23,1785288712
All Pools,USDC.e - TUSK,0.3,False,0.01252,9.35,,0.12,1785288712
All Pools,USDC.e - SPADE,0.3,False,0.01247,15.58,,0.07,1785288712
All Pools,BNZ - KET,0.3,False,0.01243,2.269,,0.5,1785288712
All Pools,gOHM - OTWO,0.3,False,0.01242,92431.0,,,1785288712
All Pools,AVAX - TUSK,0.3,False,0.01241,2.033,,0.56,1785288712
All Pools,TRACTOR - USDT.e,0.3,False,0.01239,1.669,,0.68,1785288712
All Pools,Psychic - Thick,0.3,False,0.01233,46.6,,0.02,1785288712
All Pools,Psychic - Happy,0.3,False,0.01232,46.62,,0.02,1785288712
All Pools,BTC.b - GMX,0.3,False,0.01228,1.401,,0.8,1785288712
All Pools,NaughtiusMaximus - SwiftTaylor,0.3,False,0.01224,4.494,,0.25,1785288712
All Pools,Psychic - SevenSevenSeven,0.3,False,0.01223,46.62,,0.02,1785288712
All Pools,AVAX - SwiftTaylor,0.3,False,0.01217,10.32,,0.11,1785288712
All Pools,SOB - AVAX,0.3,False,0.01215,387.97,,0.0,1785288712
All Pools,SNO Token - AVAX,0.3,False,0.01212,1.084,,1.02,1785288712
All Pools,wsOHM - OTWO,0.3,False,0.0121,1.167,,0.95,1785288712
All Pools,USDC.e - UST,0.3,False,0.0121,1.515,,0.73,1785288712
All Pools,Psychic - Nine,0.3,False,0.01209,46.59,,0.02,1785288712
All Pools,Psychic - Seminole,0.3,False,0.01209,46.57,,0.02,1785288712
All Pools,Psychic - Turtle,0.3,False,0.01208,46.62,,0.02,1785288712
All Pools,KIMBO - COQ,0.3,False,0.01206,1.021,,1.08,1785288712
All Pools,SOB - LUNA,0.3,False,0.01206,0.75075,,1.47,1785288712
All Pools,SNO Token - JOE,0.3,False,0.01204,45.7,,0.02,1785288712
All Pools,Psychic - FinityFinity,0.3,False,0.01203,46.62,,0.02,1785288712
All Pools,LINK.e - SPELL,0.3,False,0.01203,0.10531,,10.43,1785288712
All Pools,Psychic - BiTonic,0.3,False,0.01192,46.68,,0.02,1785288712
All Pools,Psychic - Artemis,0.3,False,0.01187,46.76,,0.02,1785288712
All Pools,Psychic - Lock,0.3,False,0.01175,46.6,,0.02,1785288712
All Pools,Psychic - WhoWho,0.3,False,0.01172,46.62,,0.02,1785288712
All Pools,Psychic - KekiusMaximus,0.3,False,0.01171,46.62,,0.02,1785288712
All Pools,ZUM - NOCHILL,0.3,False,0.01169,0.73734,,1.45,1785288712
All Pools,JOE - aXEN,0.3,False,0.01165,0.1478,,7.19,1785288712
All Pools,Psychic - ElmoSunkGematria,0.3,False,0.01163,46.63,,0.02,1785288712
All Pools,Degen - DEGEN404,0.3,False,0.01158,224.05,,0.0,1785288712
All Pools,AMI - DEGEN404,0.3,False,0.01157,0.85152,,1.24,1785288712
All Pools,Gravity - SaintGermain,0.3,False,0.01155,17.8,,0.06,1785288712
All Pools,AAVE.e - meGNX,0.3,False,0.01136,3.803,,0.27,1785288712
All Pools,LIFE - AVAX,0.3,False,0.0113,2.04,,0.51,1785288712
All Pools,MIM - LIFE,0.3,False,0.01126,6.047,,0.17,1785288712
All Pools,COQ - MEAT,0.3,False,0.01113,0.37365,,2.72,1785288712
All Pools,Psychic - James,0.3,False,0.01112,46.62,,0.02,1785288712
All Pools,Psychic - Penny,0.3,False,0.0111,46.61,,0.02,1785288712
All Pools,Psychic - Vampire,0.3,False,0.01108,46.61,,0.02,1785288712
All Pools,Psychic - Who,0.3,False,0.01101,46.62,,0.02,1785288712
All Pools,Psychic - Aquarius,0.3,False,0.01101,46.62,,0.02,1785288712
All Pools,SBR - AVAX,0.3,False,0.01095,2.95,,0.34,1785288712
All Pools,Psychic - Alphabet,0.3,False,0.01094,46.62,,0.02,1785288712
All Pools,SatoshiNakamoto - Psychic,0.3,False,0.01093,46.61,,0.02,1785288712
All Pools,MIM - SBR,0.3,False,0.01086,6.269,,0.16,1785288712
All Pools,SB - DAI.e,0.3,False,0.01074,0.12615,,7.77,1785288712
All Pools,GAINS - MEAT,0.3,False,0.01072,0.57171,,1.71,1785288712
All Pools,Trinity - IfYouKnowYouKnow,0.3,False,0.01064,3.257,,0.3,1785288712
All Pools,Psychic - Line,0.3,False,0.01043,47.28,,0.02,1785288712
All Pools,GG - AVAX,0.3,False,0.01021,4.93,,0.19,1785288712
All Pools,MIM - GG,0.3,False,0.01014,3.009,,0.31,1785288712
All Pools,NRK - DAI.e,0.3,False,0.00996,285.79,,0.0,1785288712
All Pools,AVAX - NADO,0.3,False,0.00967,1.833,,0.48,1785288712
All Pools,MIM - NADO,0.3,False,0.00959,87.83,,0.01,1785288712
All Pools,JOE - aDXN,0.3,False,0.00957,0.28942,,3.02,1785288712
All Pools,WINK - NOCHILL,0.3,False,0.00954,0.30725,,2.83,1785288712
All Pools,CAI - AMI,0.3,False,0.00954,0.40285,,2.16,1785288712
All Pools,HOWDY - NOCHILL,0.3,False,0.00926,0.31261,,2.7,1785288712
All Pools,Stolen - AVAX,0.3,False,0.00921,12.57,,0.07,1785288712
All Pools,KR - USDC.e,0.3,False,0.00911,11.02,,0.08,1785288712
All Pools,KR - AVAX,0.3,False,0.00903,1.389,,0.59,1785288712
All Pools,HUSKY - SNOWY,0.3,False,0.00864,0.15757,,5.0,1785288712
All Pools,Webster - AVAX,0.3,False,0.00837,8.36,,0.09,1785288712
All Pools,Webster - Gravity,0.3,False,0.00831,2.148,,0.35,1785288712
All Pools,USDC - MU,0.3,False,0.00818,0.33621,,2.22,1785288712
All Pools,WETH.e - MU,0.3,False,0.00817,1.823,,0.41,1785288712
All Pools,EGG - FEED,0.3,False,0.00809,0.28466,,2.59,1785288712
All Pools,HIGHER - AVAX,0.3,False,0.00799,1.305,,0.56,1785288712
All Pools,CROWN - AVAX,0.3,False,0.00786,0.44941,,1.6,1785288712
All Pools,JOE - SPELL,0.3,False,0.00775,0.06855,,10.32,1785288712
All Pools,ABC - AMI,0.3,False,0.00773,3.098,,0.23,1785288712
All Pools,MIM - CROWN,0.3,False,0.0077,8.073,,0.09,1785288712
All Pools,GMX - USDt,0.3,False,0.0075,0.37502,,1.82,1785288712
All Pools,USDR - USDC,0.3,False,0.00748,39.87,,0.02,1785288712
All Pools,KIMBO - GAINS,0.3,False,0.00744,0.90727,,0.75,1785288712
All Pools,JOE - USDR,0.3,False,0.00737,0.51373,,1.31,1785288712
All Pools,CATWIF - MAJIN,0.3,False,0.0073,0.55999,,1.19,1785288712
All Pools,Trinity - Stolen,0.3,False,0.00719,21.03,,0.03,1785288712
All Pools,CATWIF - AVAX,0.3,False,0.00719,2271.14,,,1785288712
All Pools,COQ - JUICY,0.3,False,0.00712,0.40446,,1.61,1785288712
All Pools,MEOW - MU,0.3,False,0.00702,1.34,,0.48,1785288712
All Pools,Trinity - IngersollLockwood,0.3,False,0.00688,0.6186,,1.02,1785288712
All Pools,AMPL - MIM,0.3,False,0.00667,0.33685,,1.81,1785288712
All Pools,GMX - JOE,0.3,False,0.00662,0.30499,,1.98,1785288712
All Pools,ICUBE - AVAX,0.3,False,0.00636,5.386,,0.11,1785288712
All Pools,ICUBE - USDT.e,0.3,False,0.00635,107.74,,0.01,1785288712
All Pools,WETH.e - STATIK,0.3,False,0.00631,0.98148,,0.59,1785288712
All Pools,AVAX - FIRE,0.3,False,0.00631,107539.0,,,1785288712
All Pools,AVAX - JUICY,0.3,False,0.00627,1813.2,,,1785288712
All Pools,Liquidity Traded Fund - AVAX,0.3,False,0.0062,0.05641,,10.02,1785288712
All Pools,MU - KET,0.3,False,0.00619,0.85328,,0.66,1785288712
All Pools,RENT - JOE,0.3,False,0.00606,1.903,,0.29,1785288712
All Pools,AVAX - WOHM,0.3,False,0.00605,0.85081,,0.65,1785288712
All Pools,AVAX - LODE,0.3,False,0.00604,0.83274,,0.66,1785288712
All Pools,MIM - WOHM,0.3,False,0.00602,6.936,,0.08,1785288712
All Pools,LIBRE - AVAX,0.3,False,0.00596,1.275,,0.43,1785288712
All Pools,TRACTOR - AVAX,0.3,False,0.00594,10655.0,,,1785288712
All Pools,FBOND - AVAX,0.3,False,0.00577,0.5801,,0.91,1785288712
All Pools,AVAX - WSPP,0.3,False,0.00572,2.356,,0.22,1785288712
All Pools,FBOND - FTOMB,0.3,False,0.00571,1.64,,0.32,1785288712
All Pools,USDT.e - CAKE,0.3,False,0.00571,47.71,,0.01,1785288712
All Pools,USDC - WSPP,0.3,False,0.00569,42.43,,0.01,1785288712
All Pools,AVAX - CAKE,0.3,False,0.00565,0.60169,,0.86,1785288712
All Pools,ACS - USDt,0.3,False,0.00557,0.95224,,0.53,1785288712
All Pools,QI - USDC,0.3,False,0.00553,0.07135,,7.08,1785288712
All Pools,USDC.e - SAGE,0.3,False,0.00538,2.047,,0.24,1785288712
All Pools,AVAX - SAGE,0.3,False,0.00532,0.71036,,0.68,1785288712
All Pools,CRA - USDC.e,0.3,False,0.00525,0.47566,,1.01,1785288712
All Pools,HIGHER - NOCHILL,0.3,False,0.00522,0.19739,,2.41,1785288712
All Pools,HERESY - MEOW,0.3,False,0.00521,0.20595,,2.31,1785288712
All Pools,Anon - USDC,0.3,False,0.00517,0.63601,,0.74,1785288712
All Pools,ORDER - AVAX,0.3,False,0.00511,0.0542,,8.6,1785288712
All Pools,DON - AVAX,0.3,False,0.00511,3485.42,,,1785288712
All Pools,JOE - zJoe,0.3,False,0.0051,956.49,,,1785288712
All Pools,RENT - USDT.e,0.3,False,0.00508,0.13682,,3.38,1785288712
All Pools,AVAX - COMP.e,0.3,False,0.00496,0.06354,,7.13,1785288712
All Pools,AVAX - RUG,0.3,False,0.00481,0.29934,,1.47,1785288712
All Pools,TECH - REDWOLF,0.3,False,0.00477,0.60756,,0.72,1785288712
All Pools,Gravity - Mercury,0.3,False,0.00475,1.477,,0.29,1785288712
All Pools,ETHM - AVAX,0.3,False,0.00473,21.34,,0.02,1785288712
All Pools,JOE - CNR,0.3,False,0.00466,0.73245,,0.58,1785288712
All Pools,FLOT - COQ,0.3,False,0.00462,0.49207,,0.86,1785288712
All Pools,COQ - EGG,0.3,False,0.00448,0.38312,,1.07,1785288712
All Pools,JOE - USDt,0.3,False,0.00447,0.61085,,0.67,1785288712
All Pools,ETHM - DAI.e,0.3,False,0.00446,0.60853,,0.67,1785288712
All Pools,FERT - FEED,0.3,False,0.00441,0.14887,,2.7,1785288712
All Pools,sSPELL - SPELL,0.3,False,0.0043,11.04,,0.04,1785288712
All Pools,ALOT - LTF.ALOT,0.3,False,0.00428,0.04248,,9.18,1785288712
All Pools,SPORE - JOE,0.3,False,0.00425,0.39506,,0.98,1785288712
All Pools,RENT - AVAX,0.3,False,0.0042,0.04952,,7.74,1785288712
All Pools,YEEHAW - Gladiator,0.3,False,0.00414,0.13273,,2.84,1785288712
All Pools,SHEN - AVAX,0.3,False,0.00402,40.86,,0.01,1785288712
All Pools,COQ - SHEN,0.3,False,0.00396,0.33647,,1.08,1785288712
All Pools,Wizard - AVAX,0.3,False,0.00394,3.177,,0.11,1785288712
All Pools,Wizard - Gravity,0.3,False,0.0039,0.60561,,0.59,1785288712
All Pools,KIMBO - UNIQOC,0.3,False,0.0039,0.46254,,0.77,1785288712
All Pools,SOB - FEED,0.3,False,0.0038,0.28712,,1.21,1785288712
All Pools,zJoe - AMI,0.3,False,0.00373,0.1419,,2.4,1785288712
All Pools,Gravity - ThreeThreeSeven,0.3,False,0.00363,1.492,,0.22,1785288712
All Pools,Liquidity Traded Fund - LTF.ALOT,0.3,False,0.00362,1.63,,0.2,1785288712
All Pools,AVAX - iBONE,0.3,False,0.00357,4.23,,0.08,1785288712
All Pools,USDT.e - iBONE,0.3,False,0.00357,4.439,,0.07,1785288712
All Pools,CGS - USDC.e,0.3,False,0.00351,1.322,,0.24,1785288712
All Pools,CGS - AVAX,0.3,False,0.00347,0.40321,,0.78,1785288712
All Pools,AVAX - PAR,0.3,False,0.00338,1.181,,0.26,1785288712
All Pools,MIM - PAR,0.3,False,0.00333,0.30617,,0.99,1785288712
All Pools,YEEHAW - xAVAX,0.3,False,0.00314,0.24252,,1.18,1785288712
All Pools,xAVAX - AVAX,0.3,False,0.00307,0.55853,,0.5,1785288712
All Pools,AVAX - ICE,0.3,False,0.00307,102.63,,0.0,1785288712
All Pools,MIM - ICE,0.3,False,0.00302,0.22008,,1.25,1785288712
All Pools,AVAX - ASND,0.3,False,0.00288,0.0841,,3.13,1785288712
All Pools,Sovereignty - AVAX,0.3,False,0.00281,3.196,,0.08,1785288712
All Pools,LUNA - USDC,0.3,False,0.00279,0.08956,,2.84,1785288712
All Pools,Sovereignty - Gravity,0.3,False,0.00278,0.60861,,0.42,1785288712
All Pools,MIM - ASND,0.3,False,0.00278,39.2,,0.01,1785288712
All Pools,GRAPE - AVAX,0.3,False,0.00273,0.07141,,3.49,1785288712
All Pools,YEEHAW - HIGHER,0.3,False,0.00273,0.18889,,1.32,1785288712
All Pools,JOE - GB,0.3,False,0.00272,0.1407,,1.77,1785288712
All Pools,FAP - AVAX,0.3,False,0.00259,69.17,,0.0,1785288712
All Pools,KIMBO - YAK,0.3,False,0.00256,0.00884,,26.4,1785288712
All Pools,BEE - AVAX,0.3,False,0.00254,0.6827,,0.34,1785288712
All Pools,BEE - USDT.e,0.3,False,0.00252,32.34,,0.01,1785288712
All Pools,AVAX - MORE,0.3,False,0.00252,747.66,,,1785288712
All Pools,BTC.b - BEAM,0.3,False,0.00251,0.25356,,0.9,1785288712
All Pools,WITCH - AVAX,0.3,False,0.0025,2.105,,0.11,1785288712
All Pools,JOE - MORE,0.3,False,0.00249,0.23977,,0.95,1785288712
All Pools,MIM - FAP,0.3,False,0.00247,0.03444,,6.55,1785288712
All Pools,toi - AVAX,0.3,False,0.00247,0.31407,,0.72,1785288712
All Pools,RUG - DAI.e,0.3,False,0.00247,0.70758,,0.32,1785288712
All Pools,CONY - USDT.e,0.3,False,0.00246,0.08208,,2.74,1785288712
All Pools,MIM - toi,0.3,False,0.00243,0.36911,,0.6,1785288712
All Pools,TEDDY - USDC,0.3,False,0.00243,0.38945,,0.57,1785288712
All Pools,ORDER - WITCH,0.3,False,0.00242,0.03624,,6.09,1785288712
All Pools,TEDDY - AVAX,0.3,False,0.00241,12.94,,0.02,1785288712
All Pools,AVAX - SING,0.3,False,0.00239,111.92,,0.0,1785288712
All Pools,Wormhole - AVAX,0.3,False,0.00238,75.83,,0.0,1785288712
All Pools,RAIN - AVAX,0.3,False,0.00238,12.23,,0.02,1785288712
All Pools,Trinity - Wormhole,0.3,False,0.00237,4.484,,0.05,1785288712
All Pools,HUSKY - TRESR,0.3,False,0.00236,0.02534,,8.5,1785288712
All Pools,USDT.e - BANKSY V2,0.3,False,0.00234,0.87604,,0.24,1785288712
All Pools,Trinity - BLACK,0.3,False,0.00233,0.15539,,1.37,1785288712
All Pools,COQ - RAIN,0.3,False,0.00233,0.12833,,1.66,1785288712
All Pools,AVAX - BANKSY V2,0.3,False,0.00233,0.26939,,0.79,1785288712
All Pools,AVAX - EDG,0.3,False,0.0023,1.175,,0.18,1785288712
All Pools,MIM - EDG,0.3,False,0.00228,0.94885,,0.22,1785288712
All Pools,sAVAX - Liquidity Traded Fund,0.3,False,0.00227,0.07829,,2.65,1785288712
All Pools,CONY - AVAX,0.3,False,0.00227,0.04543,,4.56,1785288712
All Pools,APE - AVAX,0.3,False,0.00227,626.86,,,1785288712
All Pools,YEEHAW - MU,0.3,False,0.00227,0.14107,,1.47,1785288712
All Pools,ALBERT - AVAX,0.3,False,0.00225,34.19,,0.01,1785288712
All Pools,XPOW - AVAX,0.3,False,0.00225,1.597,,0.13,1785288712
All Pools,SPELL - SING,0.3,False,0.00225,0.02815,,7.3,1785288712
All Pools,APE - JOE,0.3,False,0.00222,0.09814,,2.06,1785288712
All Pools,MEAT - MU,0.3,False,0.00221,0.31728,,0.63,1785288712
All Pools,HUSKY - SMRTr,0.3,False,0.0022,0.0408,,4.91,1785288712
All Pools,AVAX - MTB,0.3,False,0.00212,0.36012,,0.54,1785288712
All Pools,MIM - MTB,0.3,False,0.00209,0.26719,,0.71,1785288712
All Pools,FEED - AMI,0.3,False,0.00208,0.16601,,1.15,1785288712
All Pools,HUSKY - MU,0.3,False,0.00206,0.03785,,4.96,1785288712
All Pools,JOE - AMI,0.3,False,0.00203,0.16896,,1.09,1785288712
All Pools,xAVAX - USDC,0.3,False,0.00197,0.22186,,0.81,1785288712
All Pools,AVAX - FRAX,0.3,False,0.00195,196.99,,,1785288712
All Pools,xAVAX - RFROG,0.3,False,0.00191,0.1142,,1.53,1785288712
All Pools,BEAM - MU,0.3,False,0.00189,0.92638,,0.19,1785288712
All Pools,ARABBIT - AVAX,0.3,False,0.00189,0.21355,,0.81,1785288712
All Pools,RFROG - AVAX,0.3,False,0.00188,2.017,,0.09,1785288712
All Pools,MIM - ARABBIT,0.3,False,0.00187,0.15711,,1.08,1785288712
All Pools,MIM - BTC.b,0.3,False,0.00185,0.01737,,9.69,1785288712
All Pools,XPOW - USDC,0.3,False,0.00184,0.26059,,0.65,1785288712
All Pools,TEMPO - AVAX,0.3,False,0.00183,1.445,,0.12,1785288712
All Pools,MIM - TEMPO,0.3,False,0.00182,2.904,,0.06,1785288712
All Pools,YAK - mYAK,0.3,False,0.00179,0.36673,,0.45,1785288712
All Pools,TSD - USDT.e,0.3,False,0.00179,0.15333,,1.06,1785288712
All Pools,gOHM - USDC.e,0.3,False,0.00178,0.33742,,0.48,1785288712
All Pools,BTCTRADE - USDC,0.3,False,0.00174,0.42524,,0.37,1785288712
All Pools,AVAX - ncash,0.3,False,0.00174,0.00491,,32.34,1785288712
All Pools,AUSD - AVE,0.3,False,0.00172,0.09805,,1.61,1785288712
All Pools,AVAX - KEESH,0.3,False,0.00167,927.16,,,1785288712
All Pools,XETA - AVAX,0.3,False,0.00167,0.17881,,0.85,1785288712
All Pools,BSGG - AVAX,0.3,False,0.00166,2.326,,0.07,1785288712
All Pools,WINE - AVAX,0.3,False,0.00166,0.74523,,0.2,1785288712
All Pools,yes - ARENA,0.3,False,0.00165,0.05948,,2.54,1785288712
All Pools,COQ - KEESH,0.3,False,0.00163,0.08275,,1.8,1785288712
All Pools,AVAX - BOBS,0.3,False,0.00163,3916.23,,,1785288712
All Pools,PTP - AVAX,0.3,False,0.00163,2484.66,,,1785288712
All Pools,SMRTr - GG,0.3,False,0.00163,0.07827,,1.9,1785288712
All Pools,MIM - BSGG,0.3,False,0.00161,0.05235,,2.81,1785288712
All Pools,STG - JOE,0.3,False,0.0016,0.0932,,1.57,1785288712
All Pools,yes - AVAX,0.3,False,0.0016,1026.95,,,1785288712
All Pools,PTP - JOE,0.3,False,0.0016,0.06811,,2.14,1785288712
All Pools,COQ - BOBS,0.3,False,0.0016,0.08231,,1.77,1785288712
All Pools,BLIZZ - AVAX,0.3,False,0.00158,10.95,,0.01,1785288712
All Pools,MIM - WINE,0.3,False,0.00156,0.01589,,8.93,1785288712
All Pools,USDt - BTCBR,0.3,False,0.00154,0.06513,,2.16,1785288712
All Pools,BTCBR - USDC,0.3,False,0.00154,0.09546,,1.47,1785288712
All Pools,zJoe - AVAX,0.3,False,0.0015,0.08397,,1.63,1785288712
All Pools,CAKE - WETH.e,0.3,False,0.0015,0.14027,,0.97,1785288712
All Pools,AVAX - LVT,0.3,False,0.00146,40904.0,,,1785288712
All Pools,CAKE - AVAX,0.3,False,0.00144,0.04888,,2.7,1785288712
All Pools,BTCBR - DAI.e,0.3,False,0.00143,0.0656,,1.98,1785288712
All Pools,MIM - LVT,0.3,False,0.00137,0.02288,,5.48,1785288712
All Pools,LOK - AMI,0.3,False,0.00137,0.04459,,2.8,1785288712
All Pools,DEV - ARENA,0.3,False,0.00136,0.05796,,2.13,1785288712
All Pools,DEV - AVAX,0.3,False,0.00133,3.423,,0.04,1785288712
All Pools,RMOON - AVAX,0.3,False,0.00131,0.16429,,0.73,1785288712
All Pools,MIM - AKITA,0.3,False,0.0013,0.05619,,2.11,1785288712
All Pools,SNOW - AVAX,0.3,False,0.00128,4.368,,0.03,1785288712
All Pools,ALOT - AVANET,0.3,False,0.00127,0.01453,,7.97,1785288712
All Pools,AVAX - WXT,0.3,False,0.00124,0.01632,,6.95,1785288712
All Pools,ARENA - JUICY,0.3,False,0.00122,0.03273,,3.39,1785288712
All Pools,MIM - SNOW,0.3,False,0.00118,0.01523,,7.08,1785288712
All Pools,Now - BLACK,0.3,False,0.00114,0.07586,,1.38,1785288712
All Pools,RGK - AVAX,0.3,False,0.00114,0.04339,,2.4,1785288712
All Pools,SAKE - USDT.e,0.3,False,0.00111,0.03825,,2.64,1785288712
All Pools,MIM - DON,0.3,False,0.00108,0.02727,,3.62,1785288712
All Pools,HUSKY - aXEN,0.3,False,0.00108,0.04276,,2.3,1785288712
All Pools,LTF.ALOT - AVAX,0.3,False,0.00104,0.0091,,10.47,1785288712
All Pools,AVAX - USDC,0.05,False,881396.0,407545.0,456.71,40.9,1785295919
All Pools,sAVAX - AVAX,0.01,False,214162.0,58424.0,21.9,13.68,1785295919
All Pools,ARENA - AVAX,0.01,False,92080.0,245906.0,9.183,1.36,1785295919
All Pools,AVAX - USDt,0.2,False,83171.0,124558.0,167.48,49.08,1785295919
All Pools,AUSD - USDC,0.01,False,58832.0,106598.0,5.838,2.0,1785295919
All Pools,WBTC - BTC.b,0.03,False,53566.0,76048.0,21.03,10.09,1785295919
All Pools,QI - AVAX,0.3,False,53235.0,112613.0,133.09,43.14,1785295919
All Pools,BTC.b - USDC,0.05,False,45267.0,577158.0,23.07,1.46,1785295919
All Pools,USDC - XAVA,0.3,False,44461.0,433252.0,111.15,9.36,1785295919
All Pools,WETH.e - USDC,0.15,False,41953.0,13051.0,63.7,178.16,1785295919
All Pools,USDt - USDC,0.01,False,31970.0,163132.0,2.575,0.58,1785295919
All Pools,sAVAX - AVAX,0.1,False,26689.0,39085.0,26.72,24.95,1785295919
All Pools,XAVA - AVAX,0.8,False,24400.0,119830.0,196.91,59.98,1785295919
All Pools,AVAX - USDC,0.3,False,23211.0,344695.0,58.03,6.14,1785295919
All Pools,COQ - AVAX,0.3,False,22188.0,419427.0,55.47,4.83,1785295919
All Pools,AVAX - USDT.e,0.3,False,13688.0,466594.0,34.22,2.68,1785295919
All Pools,QI - AVAX,0.25,False,12677.0,8245.24,34.15,151.16,1785295919
All Pools,USDC.e - AVAX,0.3,False,11976.0,362636.0,29.94,3.01,1785295919
All Pools,WETH.e - AVAX,0.3,False,10830.0,376608.0,27.07,2.62,1785295919
All Pools,JOE - USDC.e,0.3,False,10069.0,244919.0,25.17,3.75,1785295919
All Pools,USDt - USDC,0.005,False,9594.28,160281.0,0.67265,0.15,1785295919
All Pools,XAVA - USDC,0.8,False,9379.43,96708.0,76.14,28.74,1785295919
All Pools,FOLKS - AVAX,0.25,False,9371.48,35129.0,23.98,24.91,1785295919
All Pools,AAVE.e - AVAX,0.3,False,8934.45,265026.0,22.34,3.08,1785295919
All Pools,USDT.e - USDt,0.02,False,7857.2,44526.0,1.573,1.29,1785295919
All Pools,LCPEDU - USDt,0.8,False,6109.38,7161057.0,98.25,0.5,1785295919
All Pools,AVAX - BTC.b,0.05,False,5905.15,26264.0,3.225,4.48,1785295919
All Pools,USDT.e - USDC,0.02,False,5729.87,51172.0,1.152,0.82,1785295919
All Pools,JOE - AVAX,0.3,False,4534.0,199112.0,11.33,2.08,1785295919
All Pools,XAUt0 - USDt,0.04,False,4390.8,25875.0,2.219,3.13,1785295919
All Pools,GUN - AVAX,0.25,False,2574.58,8538.05,11.22,47.97,1785295919
All Pools,ALOT - AVAX,0.3,False,2247.12,7611.76,5.618,26.94,1785295919
All Pools,AVAX - GEC,0.3,False,2085.41,26587.0,5.214,7.16,1785295919
All Pools,WBTC.e - AVAX,0.3,False,1961.96,130890.0,4.905,1.37,1785295919
All Pools,NOCHILL - AVAX,0.3,False,1889.63,51473.0,4.724,3.35,1785295919
All Pools,XAVA - AVAX,0.25,False,1778.36,2362.2,4.613,71.28,1785295919
All Pools,BTC.b - AVAX,0.3,False,1767.71,107118.0,4.419,1.51,1785295919
All Pools,HERESY - AVAX,0.3,False,1737.7,15738.0,4.344,10.08,1785295919
All Pools,USDt - AVAX,0.3,False,1664.66,38373.0,4.162,3.96,1785295919
All Pools,NXUSD - WXT,0.3,False,1643.39,450965.0,4.108,0.33,1785295919
All Pools,YAK - AVAX,0.3,False,1620.41,2352.74,4.051,62.85,1785295919
All Pools,JOE - USDT.e,0.3,False,1516.71,49074.0,3.792,2.82,1785295919
All Pools,ORNG - AVAX,0.3,False,1449.94,16543.0,3.625,8.0,1785295919
All Pools,DAI.e - USDC,0.02,False,1375.4,26549.0,0.28123,0.39,1785295919
All Pools,BEAM - USDC,0.3,False,1278.31,64129.0,3.196,1.82,1785295919
All Pools,USDC.e - USDC,0.02,False,1214.69,3897.36,0.25316,2.37,1785295919
All Pools,BEAM - AVAX,0.25,False,1196.23,13799.0,3.03,8.01,1785295919
All Pools,WBTC.e - BTC.b,0.03,False,1116.53,227833.0,0.35368,0.06,1785295919
All Pools,AVAX - DAI.e,0.3,False,1006.79,28323.0,2.517,3.24,1785295919
All Pools,SB - AVAX,0.3,False,930.82,5934.32,2.327,14.31,1785295919
All Pools,MIM - AVAX,0.3,False,857.49,130536.0,2.144,0.6,1785295919
All Pools,AVAX - XAVA,0.3,False,857.3,11353.0,2.143,6.89,1785295919
All Pools,JOE - USDC,0.3,False,849.03,22320.0,2.123,3.47,1785295919
All Pools,gOHM - AVAX,0.3,False,834.24,126798.0,2.086,0.6,1785295919
All Pools,USDt - ncash,0.3,False,703.38,727.48,1.758,88.23,1785295919
All Pools,LINK.e - AVAX,0.3,False,682.0,39292.0,1.705,1.58,1785295919
All Pools,AVAX - TOPIA,0.3,False,675.74,1954.56,1.689,31.55,1785295919
All Pools,KLO - AVAX,0.3,False,660.65,8331.41,1.652,7.24,1785295919
All Pools,ZRO - AVAX,0.25,False,629.31,1643.08,1.662,36.93,1785295919
All Pools,EURC - USDC,0.03,False,624.63,10491.0,0.197,0.69,1785295919
All Pools,HUNDRED - USDC,0.3,False,583.87,482913.0,1.46,0.11,1785295919
All Pools,APIX - ARENA,0.3,False,560.38,2543.09,1.401,20.11,1785295919
All Pools,KIMBO - AVAX,0.3,False,504.4,40222.0,1.261,1.14,1785295919
All Pools,BIG - AVAX,0,False,439.87,165.95,0.0,0.0,1785295919
All Pools,USDT.e - USDC,0.02,False,426.46,899.3,0.04454,1.81,1785295919
All Pools,USDt - INFRA.e,0.3,False,357.01,24407.0,0.89252,1.33,1785295919
All Pools,USDC.e - USDC,0.02,False,356.35,9744.67,0.03599,0.13,1785295919
All Pools,USDC.e - DAI.e,0.3,False,334.96,22104.0,0.83741,1.38,1785295919
All Pools,SFG - AVAX,0.1,False,328.13,656.71,0.32831,18.25,1785295919
All Pools,CZ - AVAX,0.1,False,327.8,656.05,0.32798,18.25,1785295919
All Pools,BAG - AVAX,0.1,False,327.8,656.05,0.32798,18.25,1785295919
All Pools,HYPURRCLAW - AVAX,0.1,False,327.8,656.05,0.32798,18.25,1785295919
All Pools,LUKSO - AVAX,0.1,False,327.8,656.05,0.32798,18.25,1785295919
All Pools,BOBAI - AVAX,0.1,False,327.8,656.05,0.32798,18.25,1785295919
All Pools,SHIBC - AVAX,0.1,False,327.8,656.05,0.32798,18.25,1785295919
All Pools,HIKI - AVAX,0.1,False,327.8,656.05,0.32798,18.25,1785295919
All Pools,DUNA - AVAX,0.1,False,327.8,656.05,0.32798,18.25,1785295919
All Pools,MANYU - AVAX,0.1,False,327.8,656.05,0.32798,18.25,1785295919
All Pools,JKL - AVAX,0.1,False,327.77,655.99,0.32795,18.25,1785295919
All Pools,MILK - AVAX,0.1,False,327.77,655.99,0.32795,18.25,1785295919
All Pools,AIUS - AVAX,0.1,False,327.77,655.99,0.32795,18.25,1785295919
All Pools,UECON - AVAX,0.1,False,327.77,2.39,0.32795,5009.47,1785295919
All Pools,HAUS - AVAX,0.1,False,327.77,655.99,0.32795,18.25,1785295919
All Pools,WYNN - AVAX,0.1,False,327.77,655.99,0.32795,18.25,1785295919
All Pools,LADYBUG - AVAX,0.1,False,327.77,655.99,0.32795,18.25,1785295919
All Pools,PEPI - AVAX,0.1,False,327.76,655.97,0.32794,18.25,1785295919
All Pools,KLO - AVAX,0.1,False,327.76,2.38,0.32794,5029.55,1785295919
All Pools,VOLTX - AVAX,0.1,False,327.76,655.97,0.32794,18.25,1785295919
All Pools,SWIF - AVAX,0.1,False,327.76,655.97,0.32794,18.25,1785295919
All Pools,TYCOON - AVAX,0.1,False,327.68,655.81,0.32786,18.25,1785295919
All Pools,PLOI - AVAX,0.1,False,327.68,655.81,0.32786,18.25,1785295919
All Pools,KITTY - AVAX,0.1,False,327.68,655.81,0.32786,18.25,1785295919
All Pools,PLSPAD - AVAX,0.1,False,327.68,655.81,0.32786,18.25,1785295919
All Pools,DEVIN - AVAX,0.1,False,327.68,655.81,0.32786,18.25,1785295919
All Pools,WADZ - AVAX,0.1,False,327.68,655.81,0.32786,18.25,1785295919
All Pools,FIGRON - AVAX,0.1,False,327.66,655.78,0.32784,18.25,1785295919
All Pools,K0 - AVAX,0.1,False,327.66,655.78,0.32784,18.25,1785295919
All Pools,LSS - AVAX,0.1,False,327.66,655.78,0.32784,18.25,1785295919
All Pools,DFIAT - AVAX,0.1,False,327.66,655.78,0.32784,18.25,1785295919
All Pools,MIO - AVAX,0.1,False,327.66,655.78,0.32784,18.25,1785295919
All Pools,VIBE - AVAX,0.1,False,327.66,655.78,0.32784,18.25,1785295919
All Pools,AGENT - AVAX,0.1,False,327.66,655.76,0.32784,18.25,1785295919
All Pools,ANIME - AVAX,0.1,False,327.66,655.76,0.32784,18.25,1785295919
All Pools,TRKX - AVAX,0.1,False,327.64,655.74,0.32782,18.25,1785295919
All Pools,SON - AVAX,0.1,False,327.64,655.74,0.32782,18.25,1785295919
All Pools,META - AVAX,0.1,False,327.63,655.71,0.32781,18.25,1785295919
All Pools,ARENA - AVAX,0.1,False,327.63,655.71,0.32781,18.25,1785295919
All Pools,PSYOPS - AVAX,0.1,False,327.55,655.55,0.32773,18.25,1785295919
All Pools,LUCHOW - AVAX,0.1,False,327.55,655.55,0.32773,18.25,1785295919
All Pools,BLIPS - AVAX,0.1,False,327.55,655.55,0.32773,18.25,1785295919
All Pools,AIRENE - AVAX,0.1,False,327.55,655.55,0.32773,18.25,1785295919
All Pools,FLRBRG - AVAX,0.1,False,327.55,655.55,0.32773,18.25,1785295919
All Pools,PEPO - AVAX,0.1,False,327.55,655.55,0.32773,18.25,1785295919
All Pools,TH - AVAX,0.1,False,327.52,655.5,0.3277,18.25,1785295919
All Pools,$SHARBI - AVAX,0.1,False,327.52,655.5,0.3277,18.25,1785295919
All Pools,TYTAN - AVAX,0.1,False,327.52,655.5,0.3277,18.25,1785295919
All Pools,AGNT - AVAX,0.1,False,327.52,655.5,0.3277,18.25,1785295919
All Pools,FUKU - AVAX,0.1,False,327.52,655.5,0.3277,18.25,1785295919
All Pools,VOLT - AVAX,0.1,False,327.52,655.5,0.3277,18.25,1785295919
All Pools,ADA - AVAX,0.1,False,327.52,655.5,0.3277,18.25,1785295919
All Pools,RAIN - AVAX,0.1,False,327.49,655.44,0.32767,18.25,1785295919
All Pools,PRML - AVAX,0.1,False,327.49,655.44,0.32767,18.25,1785295919
All Pools,SACHI - AVAX,0.1,False,327.47,655.38,0.32765,18.25,1785295919
All Pools,CAPACITR - AVAX,0.1,False,327.47,2.085,0.32765,5734.45,1785295919
All Pools,BABYBONK - AVAX,0.1,False,327.47,655.38,0.32765,18.25,1785295919
All Pools,ORGO - AVAX,0.1,False,327.47,655.38,0.32765,18.25,1785295919
All Pools,GET - AVAX,0.1,False,327.32,655.1,0.3275,18.25,1785295919
All Pools,LUCI - AVAX,0.1,False,327.32,655.09,0.3275,18.25,1785295919
All Pools,ROVR - AVAX,0.1,False,327.32,655.09,0.3275,18.25,1785295919
All Pools,LRS - AVAX,0.1,False,327.32,655.09,0.3275,18.25,1785295919
All Pools,M3M3 - AVAX,0.1,False,327.32,655.09,0.3275,18.25,1785295919
All Pools,ZIB - AVAX,0.1,False,327.32,655.09,0.3275,18.25,1785295919
All Pools,FOMOCOIN - AVAX,0.1,False,327.31,655.08,0.32749,18.25,1785295919
All Pools,DUB - AVAX,0.1,False,327.31,655.08,0.32749,18.25,1785295919
All Pools,GNY - AVAX,0.1,False,327.31,655.08,0.32749,18.25,1785295919
All Pools,MATRIX - AVAX,0.1,False,327.31,655.07,0.32749,18.25,1785295919
All Pools,PIDOG - AVAX,0.1,False,327.27,654.98,0.32745,18.25,1785295919
All Pools,GAPLA - AVAX,0.1,False,327.27,654.98,0.32745,18.25,1785295919
All Pools,FWB - AVAX,0.1,False,327.27,654.98,0.32745,18.25,1785295919
All Pools,SCOTTY - AVAX,0.1,False,327.27,654.98,0.32745,18.25,1785295919
All Pools,ANLOG - AVAX,0.1,False,327.15,654.74,0.32733,18.25,1785295919
All Pools,AIINU - AVAX,0.1,False,327.14,654.72,0.32732,18.25,1785295919
All Pools,OOPZ - AVAX,0.1,False,327.14,654.72,0.32732,18.25,1785295919
All Pools,BDP - AVAX,0.1,False,327.14,654.72,0.32732,18.25,1785295919
All Pools,ANTIHUNTER - AVAX,0.1,False,327.14,654.72,0.32732,18.25,1785295919
All Pools,NAVI - AVAX,0.1,False,327.14,1.757,0.32732,6799.03,1785295919
All Pools,ZEUS - AVAX,0.1,False,327.14,654.72,0.32732,18.25,1785295919
All Pools,BTCSWAG - AVAX,0.1,False,327.14,1.757,0.32732,6799.03,1785295919
All Pools,LIKES - AVAX,0.1,False,327.14,654.72,0.32732,18.25,1785295919
All Pools,OZK - AVAX,0.1,False,327.1,654.64,0.32728,18.25,1785295919
All Pools,HARD - AVAX,0.1,False,327.1,654.64,0.32728,18.25,1785295919
All Pools,RPILL - AVAX,0.1,False,327.1,654.64,0.32728,18.25,1785295919
All Pools,CHAD - AVAX,0.1,False,327.1,654.64,0.32728,18.25,1785295919
All Pools,@BTC25 - AVAX,0.1,False,327.1,654.64,0.32728,18.25,1785295919
All Pools,$WEEDE - AVAX,0.1,False,327.1,654.64,0.32728,18.25,1785295919
All Pools,UNITE - AVAX,0.1,False,327.07,654.59,0.32725,18.25,1785295919
All Pools,XIAOBAI - AVAX,0.1,False,327.07,654.59,0.32725,18.25,1785295919
All Pools,BARS - AVAX,0.1,False,327.07,654.59,0.32725,18.25,1785295919
All Pools,RUM - AVAX,0.1,False,327.07,654.59,0.32725,18.25,1785295919
All Pools,PODGE - AVAX,0.1,False,327.07,654.59,0.32725,18.25,1785295919
All Pools,PPW - AVAX,0.1,False,327.07,654.59,0.32725,18.25,1785295919
All Pools,SHROOM - AVAX,0.1,False,327.05,654.55,0.32723,18.25,1785295919
All Pools,DCK - AVAX,0.1,False,327.05,654.55,0.32723,18.25,1785295919
All Pools,CRGPT - AVAX,0.1,False,327.05,654.55,0.32723,18.25,1785295919
All Pools,BONK - AVAX,0.1,False,327.04,654.54,0.32722,18.25,1785295919
All Pools,KURO - AVAX,0.1,False,327.04,654.54,0.32722,18.25,1785295919
All Pools,REAL - AVAX,0.1,False,327.04,654.54,0.32722,18.25,1785295919
All Pools,JOBIESS - AVAX,0.1,False,327.04,654.54,0.32722,18.25,1785295919
All Pools,COINAGE - AVAX,0.1,False,327.04,654.54,0.32722,18.25,1785295919
All Pools,CONE - AVAX,0.1,False,327.04,654.54,0.32722,18.25,1785295919
All Pools,RUNNER - AVAX,0.1,False,327.04,654.54,0.32722,18.25,1785295919
All Pools,PLAY - AVAX,0.1,False,327.01,654.47,0.32719,18.25,1785295919
All Pools,APPLE - AVAX,0.1,False,327.01,654.47,0.32719,18.25,1785295919
All Pools,BITCI - AVAX,0.1,False,327.01,1.631,0.32719,7323.93,1785295919
All Pools,PUMP - AVAX,0.1,False,327.01,654.47,0.32719,18.25,1785295919
All Pools,ANDYMAN - AVAX,0.1,False,327.01,654.47,0.32719,18.25,1785295919
All Pools,KIP - AVAX,0.1,False,326.98,654.4,0.32716,18.25,1785295919
All Pools,OMNI - AVAX,0.1,False,326.98,654.4,0.32716,18.25,1785295919
All Pools,LUMO - AVAX,0.1,False,326.98,654.4,0.32716,18.25,1785295919
All Pools,VENT - AVAX,0.1,False,326.98,654.4,0.32716,18.25,1785295919
All Pools,ALT - AVAX,0.1,False,326.98,654.4,0.32716,18.25,1785295919
All Pools,FTW - AVAX,0.1,False,326.98,654.4,0.32716,18.25,1785295919
All Pools,CSWAP - AVAX,0.1,False,326.97,654.38,0.32715,18.25,1785295919
All Pools,DORA - AVAX,0.1,False,326.97,654.38,0.32715,18.25,1785295919
All Pools,PNUTZ - AVAX,0.1,False,326.97,654.38,0.32715,18.25,1785295919
All Pools,CORGI - AVAX,0.1,False,326.97,654.38,0.32715,18.25,1785295919
All Pools,PESTO - AVAX,0.1,False,326.92,654.3,0.3271,18.25,1785295919
All Pools,OIL - AVAX,0.1,False,326.92,654.3,0.3271,18.25,1785295919
All Pools,CAT - AVAX,0.1,False,326.92,654.3,0.3271,18.25,1785295919
All Pools,UPDOG - AVAX,0.1,False,326.92,654.3,0.3271,18.25,1785295919
All Pools,QPAY - AVAX,0.1,False,326.92,654.3,0.3271,18.25,1785295919
All Pools,$AXB - AVAX,0.1,False,326.92,654.3,0.3271,18.25,1785295919
All Pools,SNFT - AVAX,0.1,False,326.92,654.29,0.3271,18.25,1785295919
All Pools,ALL - AVAX,0.1,False,326.92,654.29,0.3271,18.25,1785295919
All Pools,APEMAN - AVAX,0.1,False,326.92,654.29,0.3271,18.25,1785295919
All Pools,SATOZ - AVAX,0.1,False,326.82,654.09,0.327,18.25,1785295919
All Pools,BASED - AVAX,0.1,False,326.82,654.09,0.327,18.25,1785295919
All Pools,ECLD - AVAX,0.1,False,326.81,654.06,0.32699,18.25,1785295919
All Pools,FROGCEO - AVAX,0.1,False,326.81,654.06,0.32699,18.25,1785295919
All Pools,GEMINI - AVAX,0.1,False,326.8,655.32,0.32698,18.21,1785295919
All Pools,$RECA - AVAX,0.1,False,326.79,654.03,0.32697,18.25,1785295919
All Pools,METAV - AVAX,0.1,False,326.79,654.03,0.32697,18.25,1785295919
All Pools,SOLT - AVAX,0.1,False,326.79,654.03,0.32697,18.25,1785295919
All Pools,PALLR - AVAX,0.1,False,326.79,654.03,0.32697,18.25,1785295919
All Pools,INS - AVAX,0.1,False,326.79,1.408,0.32697,8478.21,1785295919
All Pools,CINET - AVAX,0.1,False,326.79,654.03,0.32697,18.25,1785295919
All Pools,DOGAI - AVAX,0.1,False,326.79,654.03,0.32697,18.25,1785295919
All Pools,ELMNT - AVAX,0.1,False,326.76,653.97,0.32694,18.25,1785295919
All Pools,EDEN - AVAX,0.1,False,326.76,653.97,0.32694,18.25,1785295919
All Pools,POLC - AVAX,0.1,False,326.76,653.97,0.32694,18.25,1785295919
All Pools,TDN - AVAX,0.1,False,326.76,653.97,0.32694,18.25,1785295919
All Pools,CWS - AVAX,0.1,False,326.76,1.38,0.32694,8649.87,1785295919
All Pools,AUDIT - AVAX,0.1,False,326.76,653.97,0.32694,18.25,1785295919
All Pools,LAMBO - AVAX,0.1,False,326.7,653.86,0.32688,18.25,1785295919
All Pools,PENGXBT - AVAX,0.1,False,326.7,653.86,0.32688,18.25,1785295919
All Pools,MOSS - AVAX,0.1,False,326.7,653.86,0.32688,18.25,1785295919
All Pools,MASA - AVAX,0.1,False,326.7,653.86,0.32688,18.25,1785295919
All Pools,YAY - AVAX,0.1,False,326.7,653.86,0.32688,18.25,1785295919
All Pools,INU - AVAX,0.1,False,326.7,653.86,0.32688,18.25,1785295919
All Pools,MARS4 - AVAX,0.1,False,326.7,653.85,0.32688,18.25,1785295919
All Pools,$UOS - AVAX,0.1,False,326.7,653.85,0.32688,18.25,1785295919
All Pools,FROG - AVAX,0.1,False,326.7,653.85,0.32688,18.25,1785295919
All Pools,CHFM - AVAX,0.1,False,326.7,653.84,0.32688,18.25,1785295919
All Pools,CARLO - AVAX,0.1,False,326.7,653.84,0.32688,18.25,1785295919
All Pools,HSUI - AVAX,0.1,False,326.7,653.84,0.32688,18.25,1785295919
All Pools,MATT - AVAX,0.1,False,326.7,653.84,0.32688,18.25,1785295919
All Pools,BSCS - AVAX,0.1,False,326.7,653.84,0.32688,18.25,1785295919
All Pools,BEEG - AVAX,0.1,False,326.7,653.84,0.32688,18.25,1785295919
All Pools,WCLAW - AVAX,0.1,False,326.69,653.82,0.32687,18.25,1785295919
All Pools,NUFR - AVAX,0.1,False,326.69,653.82,0.32687,18.25,1785295919
All Pools,CWT - AVAX,0.1,False,326.69,653.82,0.32687,18.25,1785295919
All Pools,$STRPNK - AVAX,0.1,False,326.69,653.82,0.32687,18.25,1785295919
All Pools,GRIND - AVAX,0.1,False,326.62,653.68,0.3268,18.25,1785295919
All Pools,AUT - AVAX,0.1,False,326.62,653.68,0.3268,18.25,1785295919
All Pools,PURSE - AVAX,0.1,False,326.62,653.68,0.3268,18.25,1785295919
All Pools,RAZOR - AVAX,0.1,False,326.62,653.68,0.3268,18.25,1785295919
All Pools,TINU - AVAX,0.1,False,326.62,653.68,0.3268,18.25,1785295919
All Pools,TCAT - AVAX,0.1,False,326.62,653.68,0.3268,18.25,1785295919
All Pools,HBET - AVAX,0.1,False,326.62,653.68,0.3268,18.25,1785295919
All Pools,CHATTY - AVAX,0.1,False,326.6,653.65,0.32678,18.25,1785295919
All Pools,SPICE - AVAX,0.1,False,326.6,1.217,0.32678,9797.34,1785295919
All Pools,GINUX - AVAX,0.1,False,326.6,653.65,0.32678,18.25,1785295919
All Pools,TUNE - AVAX,0.1,False,326.6,653.65,0.32678,18.25,1785295919
All Pools,CLERK - AVAX,0.1,False,326.6,653.65,0.32678,18.25,1785295919
All Pools,CRYPSI - AVAX,0.1,False,326.6,653.65,0.32678,18.25,1785295919
All Pools,HYPERSKIDS - AVAX,0.1,False,326.6,653.65,0.32678,18.25,1785295919
All Pools,NFTWIZ - AVAX,0.1,False,326.59,653.63,0.32677,18.25,1785295919
All Pools,AZL - AVAX,0.1,False,326.57,653.59,0.32675,18.25,1785295919
All Pools,BOOZE - AVAX,0.1,False,326.57,653.59,0.32675,18.25,1785295919
All Pools,SACI - AVAX,0.1,False,326.57,653.59,0.32675,18.25,1785295919
All Pools,KOLSCAN - AVAX,0.1,False,326.57,1.189,0.32675,10031.6,1785295919
All Pools,LOLO - AVAX,0.1,False,326.57,653.59,0.32675,18.25,1785295919
All Pools,AI - AVAX,0.1,False,326.55,653.54,0.32672,18.25,1785295919
All Pools,AUDM - AVAX,0.1,False,326.55,653.54,0.32672,18.25,1785295919
All Pools,SEED - AVAX,0.1,False,326.55,1.164,0.32672,10242.02,1785295919
All Pools,T42069K - AVAX,0.1,False,326.47,653.38,0.32665,18.25,1785295919
All Pools,TRUST - AVAX,0.1,False,326.47,653.38,0.32665,18.25,1785295919
All Pools,RENC - AVAX,0.1,False,326.38,653.22,0.32656,18.25,1785295919
All Pools,APPLE - AVAX,0.1,False,326.38,653.22,0.32656,18.25,1785295919
All Pools,BLOXWAP - AVAX,0.1,False,326.38,653.22,0.32656,18.25,1785295919
All Pools,TABBY - AVAX,0.1,False,326.38,653.22,0.32656,18.25,1785295919
All Pools,AROK - AVAX,0.1,False,326.38,653.22,0.32656,18.25,1785295919
All Pools,CADM - AVAX,0.1,False,326.38,653.22,0.32656,18.25,1785295919
All Pools,ROSE - AVAX,0.1,False,326.38,653.22,0.32656,18.25,1785295919
All Pools,FALX - AVAX,0.1,False,326.37,653.18,0.32655,18.25,1785295919
All Pools,MIND - AVAX,0.1,False,326.37,653.18,0.32655,18.25,1785295919
All Pools,P - AVAX,0.1,False,326.37,653.18,0.32655,18.25,1785295919
All Pools,KINGBONK - AVAX,0.1,False,326.35,653.15,0.32653,18.25,1785295919
All Pools,BOG - AVAX,0.1,False,326.35,653.15,0.32653,18.25,1785295919
All Pools,CERTAI - AVAX,0.1,False,326.32,653.09,0.3265,18.25,1785295919
All Pools,EXO - AVAX,0.1,False,326.26,652.98,0.32644,18.25,1785295919
All Pools,ETHR - AVAX,0.1,False,326.21,652.87,0.32639,18.25,1785295919
All Pools,APUGURL - AVAX,0.1,False,326.21,652.87,0.32639,18.25,1785295919
All Pools,HYVE - AVAX,0.1,False,326.21,652.87,0.32639,18.25,1785295919
All Pools,ALPACA - AVAX,0.1,False,326.21,652.87,0.32639,18.25,1785295919
All Pools,FROC - AVAX,0.1,False,326.21,652.87,0.32639,18.25,1785295919
All Pools,WARP - AVAX,0.1,False,326.21,652.87,0.32639,18.25,1785295919
All Pools,LBAI - AVAX,0.1,False,326.17,652.8,0.32635,18.25,1785295919
All Pools,MOONBASE - AVAX,0.1,False,326.17,652.8,0.32635,18.25,1785295919
All Pools,NEOX - AVAX,0.1,False,326.16,652.78,0.32634,18.25,1785295919
All Pools,DOODOO - AVAX,0.1,False,326.16,652.78,0.32634,18.25,1785295919
All Pools,REKT - AVAX,0.1,False,326.16,652.78,0.32634,18.25,1785295919
All Pools,BLUEAGENT - AVAX,0.1,False,326.16,652.78,0.32634,18.25,1785295919
All Pools,SCB - AVAX,0.1,False,326.16,652.78,0.32634,18.25,1785295919
All Pools,VIPER - AVAX,0.1,False,326.16,0.78267,0.32634,15219.18,1785295919
All Pools,STORE - AVAX,0.1,False,326.08,0.69812,0.32626,17057.85,1785295919
All Pools,AIXCB - AVAX,0.1,False,326.08,652.61,0.32626,18.25,1785295919
All Pools,INCOME - AVAX,0.1,False,326.08,652.61,0.32626,18.25,1785295919
All Pools,FACE - AVAX,0.1,False,326.08,652.61,0.32626,18.25,1785295919
All Pools,UNQ - AVAX,0.1,False,326.08,652.61,0.32626,18.25,1785295919
All Pools,VDNA - AVAX,0.1,False,326.08,652.61,0.32626,18.25,1785295919
All Pools,NAOS - AVAX,0.1,False,325.92,652.29,0.3261,18.25,1785295919
All Pools,LUNAR - AVAX,0.1,False,325.88,652.21,0.32606,18.25,1785295919
All Pools,FARA - AVAX,0.1,False,325.88,652.21,0.32606,18.25,1785295919
All Pools,UBX - AVAX,0.1,False,325.88,652.21,0.32606,18.25,1785295919
All Pools,MIA - AVAX,0.1,False,325.88,652.21,0.32606,18.25,1785295919
All Pools,AQUA - AVAX,0.1,False,325.88,652.21,0.32606,18.25,1785295919
All Pools,WF - AVAX,0.1,False,325.83,652.11,0.32601,18.25,1785295919
All Pools,CADAI - AVAX,0.1,False,325.83,652.11,0.32601,18.25,1785295919
All Pools,MAYHEM - AVAX,0.1,False,325.83,652.11,0.32601,18.25,1785295919
All Pools,FGM - AVAX,0.1,False,325.83,652.11,0.32601,18.25,1785295919
All Pools,BELG - AVAX,0.1,False,325.83,652.11,0.32601,18.25,1785295919
All Pools,ATSCOIN - AVAX,0.1,False,325.83,652.11,0.32601,18.25,1785295919
All Pools,MONI - AVAX,0.1,False,325.82,0.4382,0.326,27153.99,1785295919
All Pools,HOTKEY - AVAX,0.1,False,325.82,652.09,0.326,18.25,1785295919
All Pools,Y8U - AVAX,0.1,False,325.82,652.09,0.326,18.25,1785295919
All Pools,STAKE - AVAX,0.1,False,325.82,652.09,0.326,18.25,1785295919
All Pools,VORT - AVAX,0.1,False,325.82,652.09,0.326,18.25,1785295919
All Pools,W3GG - AVAX,0.1,False,325.79,652.03,0.32597,18.25,1785295919
All Pools,FLUFFEY - AVAX,0.1,False,325.79,652.03,0.32597,18.25,1785295919
All Pools,K9 - AVAX,0.1,False,325.79,652.03,0.32597,18.25,1785295919
All Pools,APED - AVAX,0.1,False,325.79,652.03,0.32597,18.25,1785295919
All Pools,WAYE - AVAX,0.1,False,325.79,652.03,0.32597,18.25,1785295919
All Pools,LUCIEN - AVAX,0.1,False,325.79,652.03,0.32597,18.25,1785295919
All Pools,CYAI - AVAX,0.1,False,325.75,651.95,0.32593,18.25,1785295919
All Pools,USEFUL - AVAX,0.1,False,325.75,651.95,0.32593,18.25,1785295919
All Pools,TANSSI - AVAX,0.1,False,325.75,651.95,0.32593,18.25,1785295919
All Pools,SID - AVAX,0.1,False,325.75,651.95,0.32593,18.25,1785295919
All Pools,PP+ - AVAX,0.1,False,325.75,651.95,0.32593,18.25,1785295919
All Pools,GEM - AVAX,0.1,False,325.75,651.95,0.32593,18.25,1785295919
All Pools,FLOPPA - AVAX,0.1,False,325.73,651.91,0.32591,18.25,1785295919
All Pools,ROCKY - AVAX,0.1,False,325.72,651.88,0.3259,18.25,1785295919
All Pools,PLY - AVAX,0.1,False,325.72,651.88,0.3259,18.25,1785295919
All Pools,OK - AVAX,0.1,False,325.72,651.88,0.3259,18.25,1785295919
All Pools,TGLD - AVAX,0.1,False,325.72,651.88,0.3259,18.25,1785295919
All Pools,MONK - AVAX,0.1,False,325.72,0.33593,0.3259,35409.76,1785295919
All Pools,OBX - AVAX,0.1,False,325.72,651.88,0.3259,18.25,1785295919
All Pools,REL - AVAX,0.1,False,325.69,651.83,0.32587,18.25,1785295919
All Pools,GINNAN - AVAX,0.1,False,325.69,651.83,0.32587,18.25,1785295919
All Pools,T0XCORAL - AVAX,0.1,False,325.69,651.83,0.32587,18.25,1785295919
All Pools,HYDT - AVAX,0.1,False,325.69,651.83,0.32587,18.25,1785295919
All Pools,SOLVE - AVAX,0.1,False,325.69,0.30764,0.32587,38662.4,1785295919
All Pools,BIRDDOG - AVAX,0.1,False,325.69,0.30764,0.32587,38662.4,1785295919
All Pools,ORE - AVAX,0.1,False,325.69,651.83,0.32587,18.25,1785295919
All Pools,WEIRDO - AVAX,0.1,False,325.67,651.8,0.32585,18.25,1785295919
All Pools,ZZZZ - AVAX,0.1,False,325.67,651.8,0.32585,18.25,1785295919
All Pools,ORX - AVAX,0.1,False,325.67,651.8,0.32585,18.25,1785295919
All Pools,YOUSIM - AVAX,0.1,False,325.67,651.8,0.32585,18.25,1785295919
All Pools,DON - AVAX,0.1,False,325.65,651.74,0.32582,18.25,1785295919
All Pools,EGT - AVAX,0.1,False,325.65,651.74,0.32582,18.25,1785295919
All Pools,ASTROID - AVAX,0.1,False,325.65,651.74,0.32582,18.25,1785295919
All Pools,PAJAMAS - AVAX,0.1,False,325.65,651.74,0.32582,18.25,1785295919
All Pools,DSLA - AVAX,0.1,False,325.65,651.74,0.32582,18.25,1785295919
All Pools,TOUCHGRASS - AVAX,0.1,False,325.65,651.74,0.32582,18.25,1785295919
All Pools,KING - AVAX,0.1,False,325.65,651.74,0.32582,18.25,1785295919
All Pools,RCN - AVAX,0.1,False,325.64,0.2576,0.32582,46165.12,1785295919
All Pools,MMF - AVAX,0.1,False,325.64,651.73,0.32582,18.25,1785295919
All Pools,COCKROACH - AVAX,0.1,False,325.64,651.73,0.32582,18.25,1785295919
All Pools,Z - AVAX,0.1,False,325.64,651.73,0.32582,18.25,1785295919
All Pools,PELL - AVAX,0.1,False,325.64,651.73,0.32582,18.25,1785295919
All Pools,CANDLE - AVAX,0.1,False,325.64,651.73,0.32582,18.25,1785295919
All Pools,FARVERSE - AVAX,0.1,False,325.64,651.73,0.32582,18.25,1785295919
All Pools,NEEON - AVAX,0.1,False,325.61,651.68,0.32579,18.25,1785295919
All Pools,BEON - AVAX,0.1,False,325.61,651.68,0.32579,18.25,1785295919
All Pools,ARSE - AVAX,0.1,False,325.6,651.65,0.32578,18.25,1785295919
All Pools,FOXGIRL - AVAX,0.1,False,325.6,651.65,0.32578,18.25,1785295919
All Pools,GM - AVAX,0.1,False,325.6,651.65,0.32578,18.25,1785295919
All Pools,KOHAKU - AVAX,0.1,False,325.6,651.65,0.32578,18.25,1785295919
All Pools,RCADE - AVAX,0.1,False,325.6,651.65,0.32578,18.25,1785295919
All Pools,BTSG - AVAX,0.1,False,325.6,651.65,0.32578,18.25,1785295919
All Pools,INBRED - AVAX,0.1,False,325.6,651.65,0.32578,18.25,1785295919
All Pools,BEAST - AVAX,0.1,False,325.56,651.57,0.32574,18.25,1785295919
All Pools,TURBO - AVAX,0.1,False,325.56,651.57,0.32574,18.25,1785295919
All Pools,STICKMAN - AVAX,0.1,False,325.56,651.57,0.32574,18.25,1785295919
All Pools,MARS - AVAX,0.1,False,325.56,651.57,0.32574,18.25,1785295919
All Pools,HID - AVAX,0.1,False,325.56,651.57,0.32574,18.25,1785295919
All Pools,RET - AVAX,0.1,False,325.56,651.57,0.32574,18.25,1785295919
All Pools,APES - AVAX,0.1,False,325.53,651.51,0.32571,18.25,1785295919
All Pools,MBXN - AVAX,0.1,False,325.53,651.51,0.32571,18.25,1785295919
All Pools,JJ - AVAX,0.1,False,325.53,651.51,0.32571,18.25,1785295919
All Pools,HANA - AVAX,0.1,False,325.53,651.51,0.32571,18.25,1785295919
All Pools,SELFCLAW - AVAX,0.1,False,325.53,651.51,0.32571,18.25,1785295919
All Pools,ELIZA - AVAX,0.1,False,325.53,651.51,0.32571,18.25,1785295919
All Pools,RBW - AVAX,0.1,False,325.53,651.51,0.32571,18.25,1785295919
All Pools,POLY - AVAX,0.1,False,325.52,651.5,0.3257,18.25,1785295919
All Pools,DARK - AVAX,0.1,False,325.52,651.5,0.3257,18.25,1785295919
All Pools,BIZ - AVAX,0.1,False,325.52,651.5,0.3257,18.25,1785295919
All Pools,SOLAMI - AVAX,0.1,False,325.52,651.5,0.3257,18.25,1785295919
All Pools,GEC - AVAX,0.1,False,325.52,651.5,0.3257,18.25,1785295919
All Pools,EBOLA - AVAX,0.1,False,325.52,651.5,0.3257,18.25,1785295919
All Pools,PEPEAI - AVAX,0.1,False,325.5,651.45,0.32568,18.25,1785295919
All Pools,USDW - AVAX,0.1,False,325.5,651.45,0.32568,18.25,1785295919
All Pools,APU - AVAX,0.1,False,325.5,651.45,0.32568,18.25,1785295919
All Pools,SAINT - AVAX,0.1,False,325.5,651.45,0.32568,18.25,1785295919
All Pools,YOSHI - AVAX,0.1,False,325.5,651.45,0.32568,18.25,1785295919
All Pools,FLIES - AVAX,0.1,False,325.5,651.45,0.32568,18.25,1785295919
All Pools,CLG - AVAX,0.1,False,325.49,651.43,0.32567,18.25,1785295919
All Pools,WCLP - AVAX,0.1,False,325.49,651.43,0.32567,18.25,1785295919
All Pools,CAT - AVAX,0.1,False,325.49,651.43,0.32567,18.25,1785295919
All Pools,SYRA - AVAX,0.1,False,325.49,651.43,0.32567,18.25,1785295919
All Pools,HARVY - AVAX,0.1,False,325.49,651.43,0.32567,18.25,1785295919
All Pools,AIT - AVAX,0.1,False,325.49,651.43,0.32567,18.25,1785295919
All Pools,DMAGA - AVAX,0.1,False,325.46,651.37,0.32564,18.25,1785295919
All Pools,QKNTL - AVAX,0.1,False,325.46,651.37,0.32564,18.25,1785295919
All Pools,JAM - AVAX,0.1,False,325.35,651.15,0.32553,18.25,1785295919
All Pools,BULL - AVAX,0.1,False,325.35,651.15,0.32553,18.25,1785295919
All Pools,CNZSTRAT - AVAX,0.1,False,325.35,651.15,0.32553,18.25,1785295919
All Pools,GOTTI - AVAX,0.1,False,325.35,651.15,0.32553,18.25,1785295919
All Pools,ILY - AVAX,0.1,False,325.35,651.15,0.32553,18.25,1785295919
All Pools,NOOT - AVAX,0.1,False,325.35,651.15,0.32553,18.25,1785295919
All Pools,HSAI - AVAX,0.1,False,325.28,-0.09945,0.32546,-119452.22,1785295919
All Pools,STOIC - AVAX,0.1,False,325.28,651.01,0.32546,18.25,1785295919
All Pools,POWSCHE - AVAX,0.1,False,325.28,651.01,0.32546,18.25,1785295919
All Pools,HOPE - AVAX,0.1,False,325.28,651.01,0.32546,18.25,1785295919
All Pools,ZOOF - AVAX,0.1,False,325.28,-0.09945,0.32546,-119452.22,1785295919
All Pools,AGURI - AVAX,0.1,False,325.28,651.01,0.32546,18.25,1785295919
All Pools,MWD - AVAX,0.1,False,325.28,651.01,0.32546,18.25,1785295919
All Pools,CPT - AVAX,0.1,False,325.28,651.01,0.32546,18.25,1785295919
All Pools,OPOS - AVAX,0.1,False,325.28,651.01,0.32546,18.25,1785295919
All Pools,SPX2.0 - AVAX,0.1,False,325.28,651.01,0.32546,18.25,1785295919
All Pools,SHEGEN - AVAX,0.1,False,325.28,651.01,0.32546,18.25,1785295919
All Pools,OPENAGENTMARKET - AVAX,0.1,False,325.28,651.01,0.32546,18.25,1785295919
All Pools,RMRK - AVAX,0.1,False,325.28,651.01,0.32546,18.25,1785295919
All Pools,YOYO - AVAX,0.1,False,325.1,650.66,0.32528,18.25,1785295919
All Pools,KNOT - AVAX,0.1,False,325.1,650.66,0.32528,18.25,1785295919
All Pools,DRAGGY - AVAX,0.1,False,325.1,650.66,0.32528,18.25,1785295919
All Pools,JEFE - AVAX,0.1,False,325.1,650.66,0.32528,18.25,1785295919
All Pools,RSTK - AVAX,0.1,False,325.1,650.66,0.32528,18.25,1785295919
All Pools,TYCOON - AVAX,0.1,False,325.1,650.66,0.32528,18.25,1785295919
All Pools,LOU - AVAX,0.1,False,325.1,650.65,0.32528,18.25,1785295919
All Pools,TYSM - AVAX,0.1,False,325.1,-0.28039,0.32528,-42343.07,1785295919
All Pools,STB - AVAX,0.1,False,325.1,650.65,0.32528,18.25,1785295919
All Pools,HIIE - AVAX,0.1,False,325.1,650.65,0.32528,18.25,1785295919
All Pools,BOPPY - AVAX,0.1,False,325.1,650.65,0.32528,18.25,1785295919
All Pools,BTC - AVAX,0.1,False,325.08,650.61,0.32526,18.25,1785295919
All Pools,ZUZALU - AVAX,0.1,False,325.08,650.61,0.32526,18.25,1785295919
All Pools,HEMPY - AVAX,0.1,False,325.08,650.61,0.32526,18.25,1785295919
All Pools,SCOTTY - AVAX,0.1,False,325.08,650.61,0.32526,18.25,1785295919
All Pools,TOLY - AVAX,0.1,False,325.08,650.61,0.32526,18.25,1785295919
All Pools,PELF - AVAX,0.1,False,325.08,650.61,0.32526,18.25,1785295919
All Pools,FAV - AVAX,0.1,False,325.08,650.61,0.32526,18.25,1785295919
All Pools,X - AVAX,0.1,False,325.05,650.56,0.32523,18.25,1785295919
All Pools,ZENKO - AVAX,0.1,False,324.96,650.36,0.32514,18.25,1785295919
All Pools,MAPTF - AVAX,0.1,False,324.96,650.36,0.32514,18.25,1785295919
All Pools,SI - AVAX,0.1,False,324.96,650.36,0.32514,18.25,1785295919
All Pools,C3 - AVAX,0.1,False,324.96,650.36,0.32514,18.25,1785295919
All Pools,ELGATO - AVAX,0.1,False,324.96,650.36,0.32514,18.25,1785295919
All Pools,DEBT - AVAX,0.1,False,324.96,650.36,0.32514,18.25,1785295919
All Pools,$SYMP - AVAX,0.1,False,324.96,650.36,0.32514,18.25,1785295919
All Pools,WIF - AVAX,0.1,False,324.94,650.32,0.32511,18.25,1785295919
All Pools,KOL - AVAX,0.1,False,324.91,650.26,0.32509,18.25,1785295919
All Pools,CORGI - AVAX,0.1,False,324.91,650.26,0.32509,18.25,1785295919
All Pools,WRLD - AVAX,0.1,False,324.91,650.26,0.32509,18.25,1785295919
All Pools,OPTR - AVAX,0.1,False,324.91,650.26,0.32509,18.25,1785295919
All Pools,TST - AVAX,0.1,False,324.91,650.26,0.32509,18.25,1785295919
All Pools,CHITAN - AVAX,0.1,False,324.9,650.25,0.32508,18.25,1785295919
All Pools,BAKED - AVAX,0.1,False,324.9,650.25,0.32508,18.25,1785295919
All Pools,RIVNON - AVAX,0.1,False,324.9,650.25,0.32508,18.25,1785295919
All Pools,BULLIEVE - AVAX,0.1,False,324.9,650.25,0.32508,18.25,1785295919
All Pools,SOBAT - AVAX,0.1,False,324.9,650.25,0.32508,18.25,1785295919
All Pools,PEP - AVAX,0.1,False,324.84,650.13,0.32502,18.25,1785295919
All Pools,RST - AVAX,0.1,False,324.84,650.13,0.32502,18.25,1785295919
All Pools,DINO - AVAX,0.1,False,324.84,650.13,0.32502,18.25,1785295919
All Pools,MAT - AVAX,0.1,False,324.84,650.13,0.32502,18.25,1785295919
All Pools,BEEF - AVAX,0.1,False,324.84,650.13,0.32502,18.25,1785295919
All Pools,OISHII - AVAX,0.1,False,324.84,650.13,0.32502,18.25,1785295919
All Pools,PROV - AVAX,0.1,False,324.84,650.13,0.32502,18.25,1785295919
All Pools,SMACKM - AVAX,0.1,False,324.84,650.13,0.32502,18.25,1785295919
All Pools,FWOGSTR - AVAX,0.1,False,324.76,649.96,0.32494,18.25,1785295919
All Pools,SRN - AVAX,0.1,False,324.76,649.96,0.32494,18.25,1785295919
All Pools,CSUSDL - AVAX,0.1,False,324.76,649.96,0.32494,18.25,1785295919
All Pools,DORKL - AVAX,0.1,False,324.76,649.96,0.32494,18.25,1785295919
All Pools,SALARY - AVAX,0.1,False,324.76,649.96,0.32494,18.25,1785295919
All Pools,BORING - AVAX,0.1,False,324.76,649.96,0.32494,18.25,1785295919
All Pools,SKILL - AVAX,0.1,False,324.76,649.96,0.32494,18.25,1785295919
All Pools,HDX - AVAX,0.1,False,324.73,649.9,0.32491,18.25,1785295919
All Pools,RYFT - AVAX,0.1,False,324.73,649.9,0.32491,18.25,1785295919
All Pools,STARTUP - AVAX,0.1,False,324.73,649.9,0.32491,18.25,1785295919
All Pools,UAP - AVAX,0.1,False,324.73,649.9,0.32491,18.25,1785295919
All Pools,DATBOI - AVAX,0.1,False,324.73,649.9,0.32491,18.25,1785295919
All Pools,STUPID - AVAX,0.1,False,324.59,649.62,0.32477,18.25,1785295919
All Pools,OMNIA - AVAX,0.1,False,324.59,649.62,0.32477,18.25,1785295919
All Pools,DGLN - AVAX,0.1,False,324.59,649.62,0.32477,18.25,1785295919
All Pools,FATGF - AVAX,0.1,False,324.59,649.62,0.32477,18.25,1785295919
All Pools,ORION - AVAX,0.1,False,324.59,649.62,0.32477,18.25,1785295919
All Pools,SUPERGROK - AVAX,0.1,False,324.59,649.62,0.32477,18.25,1785295919
All Pools,GOO - AVAX,0.1,False,324.52,649.48,0.3247,18.25,1785295919
All Pools,KULT - AVAX,0.1,False,324.52,649.48,0.3247,18.25,1785295919
All Pools,ALGOPUB - AVAX,0.1,False,324.52,649.48,0.3247,18.25,1785295919
All Pools,BEPE - AVAX,0.1,False,324.52,649.48,0.3247,18.25,1785295919
All Pools,ZCN - AVAX,0.1,False,324.52,649.48,0.3247,18.25,1785295919
All Pools,FLYTE - AVAX,0.1,False,324.52,649.48,0.3247,18.25,1785295919
All Pools,USSD - AVAX,0.1,False,324.43,649.3,0.32461,18.25,1785295919
All Pools,ITMT - AVAX,0.1,False,324.43,-0.95375,0.32461,-12422.72,1785295919
All Pools,BROAK - AVAX,0.1,False,324.43,649.3,0.32461,18.25,1785295919
All Pools,AINN - AVAX,0.1,False,324.43,649.3,0.32461,18.25,1785295919
All Pools,WZRD - AVAX,0.1,False,324.43,649.3,0.32461,18.25,1785295919
All Pools,DOJO - AVAX,0.1,False,324.43,649.3,0.32461,18.25,1785295919
All Pools,APRS - AVAX,0.1,False,324.43,649.3,0.32461,18.25,1785295919
All Pools,ARM - WETH - EETH - AVAX,0.1,False,323.93,648.31,0.32411,18.25,1785295919
All Pools,MV - AVAX,0.1,False,323.93,-1.451,0.32411,-8154.38,1785295919
All Pools,ZKWASM - AVAX,0.1,False,323.93,648.31,0.32411,18.25,1785295919
All Pools,VIBE - AVAX,0.1,False,323.93,648.31,0.32411,18.25,1785295919
All Pools,YUGE - AVAX,0.1,False,323.93,648.31,0.32411,18.25,1785295919
All Pools,AVM - AVAX,0.1,False,323.93,648.31,0.32411,18.25,1785295919
All Pools,MAPS - AVAX,0.1,False,323.92,648.28,0.3241,18.25,1785295919
All Pools,BFT - AVAX,0.1,False,323.92,648.28,0.3241,18.25,1785295919
All Pools,BAZED - AVAX,0.1,False,323.92,648.28,0.3241,18.25,1785295919
All Pools,PRICH - AVAX,0.1,False,323.92,648.28,0.3241,18.25,1785295919
All Pools,MSMIL - AVAX,0.1,False,323.88,648.22,0.32406,18.25,1785295919
All Pools,HEDGE - AVAX,0.1,False,323.88,648.22,0.32406,18.25,1785295919
All Pools,FLUX - AVAX,0.1,False,323.88,648.22,0.32406,18.25,1785295919
All Pools,COIN - AVAX,0.1,False,323.88,648.22,0.32406,18.25,1785295919
All Pools,VITASTEM - AVAX,0.1,False,323.88,648.22,0.32406,18.25,1785295919
All Pools,WAT - AVAX,0.1,False,323.88,648.22,0.32406,18.25,1785295919
All Pools,BOUNTYWORK - AVAX,0.1,False,323.84,648.13,0.32402,18.25,1785295919
All Pools,SZN - AVAX,0.1,False,323.84,648.13,0.32402,18.25,1785295919
All Pools,HVI - AVAX,0.1,False,323.84,648.13,0.32402,18.25,1785295919
All Pools,YLT - AVAX,0.1,False,323.84,648.13,0.32402,18.25,1785295919
All Pools,ANIMAL - AVAX,0.1,False,323.84,648.13,0.32402,18.25,1785295919
All Pools,LLM - AVAX,0.1,False,323.84,648.13,0.32402,18.25,1785295919
All Pools,LEA - AVAX,0.1,False,323.84,648.13,0.32402,18.25,1785295919
All Pools,AIR3 - AVAX,0.1,False,323.51,647.46,0.32368,18.25,1785295919
All Pools,TRASH - AVAX,0.1,False,323.51,647.46,0.32368,18.25,1785295919
All Pools,CRTR - AVAX,0.1,False,323.51,647.46,0.32368,18.25,1785295919
All Pools,DOLLO - AVAX,0.1,False,323.51,647.46,0.32368,18.25,1785295919
All Pools,EGO - AVAX,0.1,False,323.51,-1.875,0.32368,-6300.68,1785295919
All Pools,CHAT - AVAX,0.1,False,323.48,647.4,0.32366,18.25,1785295919
All Pools,MOTA - AVAX,0.1,False,323.48,647.4,0.32366,18.25,1785295919
All Pools,WOOLLY - AVAX,0.1,False,323.44,647.33,0.32362,18.25,1785295919
All Pools,SANI - AVAX,0.1,False,323.44,647.33,0.32362,18.25,1785295919
All Pools,BIGTROUT - AVAX,0.1,False,323.44,647.33,0.32362,18.25,1785295919
All Pools,ORC - AVAX,0.1,False,323.44,-1.941,0.32362,-6085.85,1785295919
All Pools,NURA - AVAX,0.1,False,323.44,647.33,0.32362,18.25,1785295919
All Pools,ROOBEE - AVAX,0.1,False,323.44,647.33,0.32362,18.25,1785295919
All Pools,ABX - AVAX,0.1,False,323.44,647.33,0.32362,18.25,1785295919
All Pools,MUON - AVAX,0.1,False,323.41,647.26,0.32359,18.25,1785295919
All Pools,TFI - AVAX,0.1,False,323.41,647.26,0.32359,18.25,1785295919
All Pools,BXBT - AVAX,0.1,False,323.41,647.26,0.32359,18.25,1785295919
All Pools,CAG - AVAX,0.1,False,323.41,-1.974,0.32359,-5981.76,1785295919
All Pools,BABYGROK - AVAX,0.1,False,323.41,647.26,0.32359,18.25,1785295919
All Pools,$SATFI - AVAX,0.1,False,323.41,647.26,0.32359,18.25,1785295919
All Pools,$RAINI - AVAX,0.1,False,323.41,647.26,0.32359,18.25,1785295919
All Pools,TBY - AVAX,0.1,False,323.41,647.26,0.32359,18.25,1785295919
All Pools,HYPER - AVAX,0.1,False,323.41,647.26,0.32359,18.25,1785295919
All Pools,COOK - AVAX,0.1,False,323.41,647.26,0.32359,18.25,1785295919
All Pools,SUITRUMP - AVAX,0.1,False,323.41,647.26,0.32359,18.25,1785295919
All Pools,AXOBOTL - AVAX,0.1,False,323.41,647.26,0.32359,18.25,1785295919
All Pools,GLCH - AVAX,0.1,False,323.39,647.22,0.32356,18.25,1785295919
All Pools,$SITCOM - AVAX,0.1,False,323.39,647.22,0.32356,18.25,1785295919
All Pools,SANCHO - AVAX,0.1,False,323.39,647.22,0.32356,18.25,1785295919
All Pools,PARAX - AVAX,0.1,False,323.39,647.22,0.32356,18.25,1785295919
All Pools,TOKEN - AVAX,0.1,False,323.39,647.22,0.32356,18.25,1785295919
All Pools,LABS - AVAX,0.1,False,323.39,647.22,0.32356,18.25,1785295919
All Pools,YTP - AVAX,0.1,False,323.37,647.19,0.32355,18.25,1785295919
All Pools,PRTN - AVAX,0.1,False,323.37,647.19,0.32355,18.25,1785295919
All Pools,SOLANA - AVAX,0.1,False,323.37,647.19,0.32355,18.25,1785295919
All Pools,MODRIC - AVAX,0.1,False,323.37,647.19,0.32355,18.25,1785295919
All Pools,SOY - AVAX,0.1,False,323.37,647.18,0.32354,18.25,1785295919
All Pools,WAKEAI - AVAX,0.1,False,323.37,647.18,0.32354,18.25,1785295919
All Pools,HUNCH - AVAX,0.1,False,323.37,647.18,0.32354,18.25,1785295919
All Pools,CAPY - AVAX,0.1,False,323.37,647.18,0.32354,18.25,1785295919
All Pools,TTD - AVAX,0.1,False,323.37,647.18,0.32354,18.25,1785295919
All Pools,NETT - AVAX,0.1,False,323.37,647.18,0.32354,18.25,1785295919
All Pools,BABYSHIB - AVAX,0.1,False,323.33,647.11,0.32351,18.25,1785295919
All Pools,$GREMLY - AVAX,0.1,False,323.33,647.11,0.32351,18.25,1785295919
All Pools,MGN - AVAX,0.1,False,323.33,647.11,0.32351,18.25,1785295919
All Pools,PEP - AVAX,0.1,False,323.33,647.11,0.32351,18.25,1785295919
All Pools,WALTER - AVAX,0.1,False,323.33,647.11,0.32351,18.25,1785295919
All Pools,FODL - AVAX,0.1,False,323.33,647.11,0.32351,18.25,1785295919
All Pools,CTK - AVAX,0.1,False,323.33,647.11,0.32351,18.25,1785295919
All Pools,WM - AVAX,0.1,False,323.29,647.03,0.32347,18.25,1785295919
All Pools,FLIPR - AVAX,0.1,False,323.29,647.03,0.32347,18.25,1785295919
All Pools,FUNGI - AVAX,0.1,False,323.29,647.03,0.32347,18.25,1785295919
All Pools,JBX - AVAX,0.1,False,323.29,647.03,0.32347,18.25,1785295919
All Pools,FREN - AVAX,0.1,False,323.29,-2.088,0.32347,-5655.21,1785295919
All Pools,BOATKID - AVAX,0.1,False,323.29,647.02,0.32347,18.25,1785295919
All Pools,STYLE - AVAX,0.1,False,323.29,647.02,0.32347,18.25,1785295919
All Pools,FART - AVAX,0.1,False,323.29,647.02,0.32347,18.25,1785295919
All Pools,SEEK - AVAX,0.1,False,323.29,647.02,0.32347,18.25,1785295919
All Pools,CTR - AVAX,0.1,False,323.29,647.02,0.32347,18.25,1785295919
All Pools,CIRC - AVAX,0.1,False,323.27,646.99,0.32345,18.25,1785295919
All Pools,MEMESAI - AVAX,0.1,False,323.27,646.99,0.32345,18.25,1785295919
All Pools,ELONONE - AVAX,0.1,False,323.27,646.99,0.32345,18.25,1785295919
All Pools,GAI - AVAX,0.1,False,323.27,646.99,0.32345,18.25,1785295919
All Pools,BUILD - AVAX,0.1,False,323.27,646.99,0.32345,18.25,1785295919
All Pools,EQUAL - AVAX,0.1,False,323.27,646.99,0.32345,18.25,1785295919
All Pools,BCAT - AVAX,0.1,False,323.27,646.99,0.32345,18.25,1785295919
All Pools,DONUT - AVAX,0.1,False,323.26,646.97,0.32344,18.25,1785295919
All Pools,STOG - AVAX,0.1,False,323.26,646.97,0.32344,18.25,1785295919
All Pools,SPO - AVAX,0.1,False,323.26,646.96,0.32343,18.25,1785295919
All Pools,BEPE - AVAX,0.1,False,323.26,646.96,0.32343,18.25,1785295919
All Pools,GARY - AVAX,0.1,False,323.26,646.96,0.32343,18.25,1785295919
All Pools,SOLVR - AVAX,0.1,False,323.26,646.96,0.32343,18.25,1785295919
All Pools,EQPAY - AVAX,0.1,False,323.26,646.96,0.32343,18.25,1785295919
All Pools,PERKOS - AVAX,0.1,False,323.25,646.94,0.32342,18.25,1785295919
All Pools,WING - AVAX,0.1,False,323.25,646.94,0.32342,18.25,1785295919
All Pools,LEIA - AVAX,0.1,False,323.14,646.72,0.32332,18.25,1785295919
All Pools,ADNS - AVAX,0.1,False,323.14,646.72,0.32332,18.25,1785295919
All Pools,ZENY - AVAX,0.1,False,323.07,646.58,0.32325,18.25,1785295919
All Pools,CHAD - AVAX,0.1,False,323.07,646.58,0.32325,18.25,1785295919
All Pools,TRADIE - AVAX,0.1,False,323.07,646.58,0.32325,18.25,1785295919
All Pools,GENI - AVAX,0.1,False,323.07,-2.313,0.32325,-5099.93,1785295919
All Pools,FCOD - AVAX,0.1,False,323.07,646.58,0.32325,18.25,1785295919
All Pools,NUUM - AVAX,0.1,False,323.07,646.58,0.32325,18.25,1785295919
All Pools,AION - AVAX,0.1,False,322.79,646.03,0.32297,18.25,1785295919
All Pools,PAPADOGE - AVAX,0.1,False,322.79,646.03,0.32297,18.25,1785295919
All Pools,BEAST - AVAX,0.1,False,322.79,646.03,0.32297,18.25,1785295919
All Pools,SCI - AVAX,0.1,False,322.79,646.03,0.32297,18.25,1785295919
All Pools,TRDG - AVAX,0.1,False,322.79,646.03,0.32297,18.25,1785295919
All Pools,BTTY - AVAX,0.1,False,322.75,645.95,0.32293,18.25,1785295919
All Pools,SQDGN - AVAX,0.1,False,322.75,645.95,0.32293,18.25,1785295919
All Pools,PALLX - AVAX,0.1,False,322.75,645.95,0.32293,18.25,1785295919
All Pools,GOAL - AVAX,0.1,False,322.72,645.89,0.3229,18.25,1785295919
All Pools,IETH - AVAX,0.1,False,322.72,645.89,0.3229,18.25,1785295919
All Pools,MEGUSTA - AVAX,0.1,False,322.72,645.89,0.3229,18.25,1785295919
All Pools,HUDI - AVAX,0.1,False,322.72,645.89,0.3229,18.25,1785295919
All Pools,TAPE - AVAX,0.1,False,322.72,645.89,0.3229,18.25,1785295919
All Pools,KOIN - AVAX,0.1,False,322.72,645.89,0.3229,18.25,1785295919
All Pools,MNEME - AVAX,0.1,False,322.72,645.88,0.3229,18.25,1785295919
All Pools,EBYT - AVAX,0.1,False,322.72,645.88,0.3229,18.25,1785295919
All Pools,ZODS - AVAX,0.1,False,322.72,645.88,0.3229,18.25,1785295919
All Pools,DUCKER - AVAX,0.1,False,322.72,645.88,0.3229,18.25,1785295919
All Pools,HBB - AVAX,0.1,False,322.69,-2.688,0.32287,-4383.47,1785295919
All Pools,BIAO - AVAX,0.1,False,322.69,645.83,0.32287,18.25,1785295919
All Pools,BINANCIANS - AVAX,0.1,False,322.69,645.83,0.32287,18.25,1785295919
All Pools,SANTA - AVAX,0.1,False,322.69,645.83,0.32287,18.25,1785295919
All Pools,WOOF - AVAX,0.1,False,322.69,645.83,0.32287,18.25,1785295919
All Pools,MUMU - AVAX,0.1,False,322.69,645.83,0.32287,18.25,1785295919
All Pools,$LILLY - AVAX,0.1,False,322.69,645.82,0.32286,18.25,1785295919
All Pools,LOCK - AVAX,0.1,False,322.69,645.82,0.32286,18.25,1785295919
All Pools,APL - AVAX,0.1,False,322.69,-2.697,0.32286,-4369.27,1785295919
All Pools,SKH - AVAX,0.1,False,322.66,645.76,0.32283,18.25,1785295919
All Pools,OGSM - AVAX,0.1,False,322.66,645.76,0.32283,18.25,1785295919
All Pools,AICZ - AVAX,0.1,False,322.66,645.76,0.32283,18.25,1785295919
All Pools,FOMO - AVAX,0.1,False,322.66,645.76,0.32283,18.25,1785295919
All Pools,TOILET - AVAX,0.1,False,322.66,645.76,0.32283,18.25,1785295919
All Pools,YALA - AVAX,0.1,False,322.65,645.75,0.32283,18.25,1785295919
All Pools,GRIFT - AVAX,0.1,False,322.61,645.67,0.32279,18.25,1785295919
All Pools,NVF - AVAX,0.1,False,322.61,645.67,0.32279,18.25,1785295919
All Pools,NOMAI - AVAX,0.1,False,322.6,645.65,0.32278,18.25,1785295919
All Pools,ART - AVAX,0.1,False,322.6,645.65,0.32278,18.25,1785295919
All Pools,PMON - AVAX,0.1,False,322.6,645.64,0.32278,18.25,1785295919
All Pools,LNR - AVAX,0.1,False,322.6,645.64,0.32277,18.25,1785295919
All Pools,GBM - AVAX,0.1,False,322.6,645.64,0.32277,18.25,1785295919
All Pools,HON - AVAX,0.1,False,322.6,645.64,0.32277,18.25,1785295919
All Pools,DEGO - AVAX,0.1,False,322.6,645.64,0.32277,18.25,1785295919
All Pools,MOOX - AVAX,0.1,False,322.6,645.64,0.32277,18.25,1785295919
All Pools,NC - AVAX,0.1,False,322.6,645.64,0.32277,18.25,1785295919
All Pools,TRALA - AVAX,0.1,False,322.58,645.61,0.32276,18.25,1785295919
All Pools,BRIC - AVAX,0.1,False,322.58,-2.798,0.32276,-4210.62,1785295919
All Pools,RAT - AVAX,0.1,False,322.55,645.55,0.32273,18.25,1785295919
All Pools,TRAI - AVAX,0.1,False,322.55,645.55,0.32273,18.25,1785295919
All Pools,SHED - AVAX,0.1,False,322.55,645.55,0.32273,18.25,1785295919
All Pools,PEPO - AVAX,0.1,False,322.55,645.55,0.32273,18.25,1785295919
All Pools,BCB - AVAX,0.1,False,322.53,645.5,0.3227,18.25,1785295919
All Pools,ETF500 - AVAX,0.1,False,322.53,645.5,0.3227,18.25,1785295919
All Pools,GDIG - AVAX,0.1,False,322.53,645.5,0.3227,18.25,1785295919
All Pools,MOTO - AVAX,0.1,False,322.53,645.5,0.3227,18.25,1785295919
All Pools,BCOQ - AVAX,0.1,False,322.53,645.5,0.3227,18.25,1785295919
All Pools,HUSKY - AVAX,0.1,False,322.51,-2.873,0.32269,-4099.91,1785295919
All Pools,SURF - AVAX,0.1,False,322.51,645.46,0.32269,18.25,1785295919
All Pools,ANDY - AVAX,0.1,False,322.51,645.46,0.32269,18.25,1785295919
All Pools,SZN - AVAX,0.1,False,322.51,645.46,0.32269,18.25,1785295919
All Pools,BABYPEPE - AVAX,0.1,False,322.5,645.44,0.32268,18.25,1785295919
All Pools,XLA - AVAX,0.1,False,322.5,645.44,0.32268,18.25,1785295919
All Pools,MRNAON - AVAX,0.1,False,322.49,645.42,0.32267,18.25,1785295919
All Pools,PULSEGUY - AVAX,0.1,False,322.47,645.38,0.32264,18.25,1785295919
All Pools,GRV - AVAX,0.1,False,322.47,645.38,0.32264,18.25,1785295919
All Pools,SOXLON - AVAX,0.1,False,322.47,645.38,0.32264,18.25,1785295919
All Pools,FLU - AVAX,0.1,False,322.47,645.38,0.32264,18.25,1785295919
All Pools,MIN - AVAX,0.1,False,322.47,645.38,0.32264,18.25,1785295919
All Pools,YOLOUSD - AVAX,0.1,False,322.47,645.38,0.32264,18.25,1785295919
All Pools,$NMKR - AVAX,0.1,False,322.45,645.35,0.32263,18.25,1785295919
All Pools,DOGWIFHAT - AVAX,0.1,False,322.45,645.35,0.32263,18.25,1785295919
All Pools,FOFAR - AVAX,0.1,False,322.45,645.35,0.32263,18.25,1785295919
All Pools,WDOG - AVAX,0.1,False,322.45,645.35,0.32263,18.25,1785295919
All Pools,GOOD - AVAX,0.1,False,322.45,645.35,0.32263,18.25,1785295919
All Pools,PEANUT - AVAX,0.1,False,322.45,645.35,0.32263,18.25,1785295919
All Pools,FJO - AVAX,0.1,False,322.45,645.35,0.32263,18.25,1785295919
All Pools,BETR - AVAX,0.1,False,322.4,645.24,0.32258,18.25,1785295919
All Pools,BRYAN - AVAX,0.1,False,322.4,645.24,0.32258,18.25,1785295919
All Pools,BNBXBT - AVAX,0.1,False,322.4,645.24,0.32258,18.25,1785295919
All Pools,KOBX - AVAX,0.1,False,322.37,645.19,0.32255,18.25,1785295919
All Pools,DISCLOSURE - AVAX,0.1,False,322.37,645.19,0.32255,18.25,1785295919
All Pools,RT - AVAX,0.1,False,322.37,645.19,0.32255,18.25,1785295919
All Pools,RIPS - AVAX,0.1,False,322.37,645.19,0.32255,18.25,1785295919
All Pools,FLNCHY - AVAX,0.1,False,322.37,645.19,0.32255,18.25,1785295919
All Pools,APY - AVAX,0.1,False,322.37,645.19,0.32255,18.25,1785295919
All Pools,HGET - AVAX,0.1,False,322.37,645.18,0.32255,18.25,1785295919
All Pools,GOLD - AVAX,0.1,False,322.37,645.18,0.32255,18.25,1785295919
All Pools,BABYDADDY - AVAX,0.1,False,322.37,645.18,0.32255,18.25,1785295919
All Pools,MIRROR - AVAX,0.1,False,322.37,645.18,0.32255,18.25,1785295919
All Pools,KWIF - AVAX,0.1,False,322.37,645.18,0.32255,18.25,1785295919
All Pools,BMA - AVAX,0.1,False,322.37,645.18,0.32255,18.25,1785295919
All Pools,WINT - AVAX,0.1,False,322.36,645.17,0.32254,18.25,1785295919
All Pools,ORDS - AVAX,0.1,False,322.36,645.17,0.32254,18.25,1785295919
All Pools,A51 - AVAX,0.1,False,322.36,645.17,0.32254,18.25,1785295919
All Pools,OXY - AVAX,0.1,False,322.36,645.17,0.32254,18.25,1785295919
All Pools,JGN - AVAX,0.1,False,322.35,645.14,0.32252,18.25,1785295919
All Pools,CATBAT - AVAX,0.1,False,322.35,645.14,0.32252,18.25,1785295919
All Pools,MUMU - AVAX,0.1,False,322.35,645.14,0.32252,18.25,1785295919
All Pools,DGENAI - AVAX,0.1,False,322.35,645.14,0.32252,18.25,1785295919
All Pools,COPE - AVAX,0.1,False,322.35,645.14,0.32252,18.25,1785295919
All Pools,S - AVAX,0.1,False,322.29,645.02,0.32246,18.25,1785295919
All Pools,TIME - AVAX,0.1,False,322.29,645.02,0.32246,18.25,1785295919
All Pools,SHITCOIN - AVAX,0.1,False,322.29,645.01,0.32246,18.25,1785295919
All Pools,OKI - AVAX,0.1,False,322.29,645.01,0.32246,18.25,1785295919
All Pools,ZAI - AVAX,0.1,False,322.29,645.01,0.32246,18.25,1785295919
All Pools,ATV111 - AVAX,0.1,False,322.29,645.01,0.32246,18.25,1785295919
All Pools,BIRDDOG - AVAX,0.1,False,322.29,645.01,0.32246,18.25,1785295919
All Pools,M32 - AVAX,0.1,False,322.26,644.97,0.32244,18.25,1785295919
All Pools,SMOL - AVAX,0.1,False,322.26,644.97,0.32244,18.25,1785295919
All Pools,MARKHOR - AVAX,0.1,False,322.26,644.97,0.32244,18.25,1785295919
All Pools,BOA - AVAX,0.1,False,322.26,644.97,0.32244,18.25,1785295919
All Pools,GAK - AVAX,0.1,False,322.26,644.97,0.32244,18.25,1785295919
All Pools,EGP - AVAX,0.1,False,322.25,-3.136,0.32242,-3752.83,1785295919
All Pools,MLT - AVAX,0.1,False,322.25,644.94,0.32242,18.25,1785295919
All Pools,VERDAO - AVAX,0.1,False,322.25,644.94,0.32242,18.25,1785295919
All Pools,TRUST - AVAX,0.1,False,322.25,644.94,0.32242,18.25,1785295919
All Pools,AMPR - AVAX,0.1,False,322.25,644.94,0.32242,18.25,1785295919
All Pools,TONSKI - AVAX,0.1,False,322.22,644.88,0.3224,18.25,1785295919
All Pools,HATCHER - AVAX,0.1,False,322.22,644.88,0.3224,18.25,1785295919
All Pools,USDJ - AVAX,0.1,False,322.22,644.88,0.32239,18.25,1785295919
All Pools,AURAFARM - AVAX,0.1,False,322.22,644.88,0.32239,18.25,1785295919
All Pools,FRIEND - AVAX,0.1,False,322.22,644.88,0.32239,18.25,1785295919
All Pools,BIO - AVAX,0.1,False,322.22,644.88,0.32239,18.25,1785295919
All Pools,BZON - AVAX,0.1,False,322.22,644.88,0.32239,18.25,1785295919
All Pools,APLDON - AVAX,0.1,False,322.22,644.88,0.32239,18.25,1785295919
All Pools,CHUDHOUSE - AVAX,0.1,False,322.21,644.87,0.32239,18.25,1785295919
All Pools,SHA - AVAX,0.1,False,322.21,644.87,0.32239,18.25,1785295919
All Pools,MOCA - AVAX,0.1,False,322.21,644.87,0.32239,18.25,1785295919
All Pools,OMNOM - AVAX,0.1,False,322.21,644.86,0.32239,18.25,1785295919
All Pools,SPIKE - AVAX,0.1,False,322.21,644.86,0.32239,18.25,1785295919
All Pools,WEED - AVAX,0.1,False,322.21,644.86,0.32239,18.25,1785295919
All Pools,SCUBA - AVAX,0.1,False,322.2,644.85,0.32238,18.25,1785295919
All Pools,TARO - AVAX,0.1,False,322.2,644.85,0.32238,18.25,1785295919
All Pools,WTF - AVAX,0.1,False,322.2,644.85,0.32238,18.25,1785295919
All Pools,IVPAY - AVAX,0.1,False,322.2,644.85,0.32238,18.25,1785295919
All Pools,MOMO - AVAX,0.1,False,322.2,644.85,0.32238,18.25,1785295919
All Pools,PREDI - AVAX,0.1,False,322.2,644.85,0.32238,18.25,1785295919
All Pools,HST - AVAX,0.1,False,322.2,644.85,0.32238,18.25,1785295919
All Pools,WSB - AVAX,0.1,False,322.2,644.85,0.32238,18.25,1785295919
All Pools,SUUSD - AVAX,0.1,False,322.2,644.85,0.32238,18.25,1785295919
All Pools,NAV - AVAX,0.1,False,322.2,644.85,0.32238,18.25,1785295919
All Pools,SAGE - AVAX,0.1,False,322.2,644.85,0.32238,18.25,1785295919
All Pools,AVIVE - AVAX,0.1,False,322.2,644.85,0.32238,18.25,1785295919
All Pools,HUND - AVAX,0.1,False,322.2,644.85,0.32238,18.25,1785295919
All Pools,LIQ - AVAX,0.1,False,322.19,-3.19,0.32237,-3688.78,1785295919
All Pools,TRT - AVAX,0.1,False,322.19,644.82,0.32237,18.25,1785295919
All Pools,CATANA - AVAX,0.1,False,322.19,644.82,0.32237,18.25,1785295919
All Pools,RLY - AVAX,0.1,False,322.19,644.82,0.32237,18.25,1785295919
All Pools,MAN - AVAX,0.1,False,322.19,644.82,0.32237,18.25,1785295919
All Pools,RBLXX - AVAX,0.1,False,322.15,644.74,0.32233,18.25,1785295919
All Pools,SHIB - AVAX,0.1,False,322.15,644.74,0.32233,18.25,1785295919
All Pools,$PRO - AVAX,0.1,False,322.15,644.74,0.32233,18.25,1785295919
All Pools,BANK - AVAX,0.1,False,322.15,644.74,0.32233,18.25,1785295919
All Pools,BOB - AVAX,0.1,False,322.15,644.74,0.32233,18.25,1785295919
All Pools,USEDCAR - AVAX,0.1,False,322.15,-3.234,0.32233,-3638.26,1785295919
All Pools,GYOZA - AVAX,0.1,False,322.15,644.74,0.32233,18.25,1785295919
All Pools,TOOKER - AVAX,0.1,False,322.11,644.66,0.32228,18.25,1785295919
All Pools,ARKEO - AVAX,0.1,False,322.11,644.66,0.32228,18.25,1785295919
All Pools,STARS - AVAX,0.1,False,322.11,644.66,0.32228,18.25,1785295919
All Pools,W3W - AVAX,0.1,False,322.11,644.66,0.32228,18.25,1785295919
All Pools,MMA - AVAX,0.1,False,322.1,644.65,0.32228,18.25,1785295919
All Pools,BEATS - AVAX,0.1,False,322.1,-3.282,0.32228,-3584.0,1785295919
All Pools,GATA - AVAX,0.1,False,322.06,644.57,0.32224,18.25,1785295919
All Pools,SMTY - AVAX,0.1,False,322.06,644.57,0.32224,18.25,1785295919
All Pools,DUCKIES - AVAX,0.1,False,322.06,644.57,0.32224,18.25,1785295919
All Pools,DSACHI - AVAX,0.1,False,322.06,644.57,0.32224,18.25,1785295919
All Pools,PHPM - AVAX,0.1,False,322.06,644.57,0.32224,18.25,1785295919
All Pools,NGM - AVAX,0.1,False,322.06,644.57,0.32224,18.25,1785295919
All Pools,STREME - AVAX,0.1,False,322.06,644.57,0.32224,18.25,1785295919
All Pools,X420 - AVAX,0.1,False,322.04,644.53,0.32222,18.25,1785295919
All Pools,PEPETOPIA - AVAX,0.1,False,322.04,-3.342,0.32222,-3518.79,1785295919
All Pools,MAIL - AVAX,0.1,False,322.04,644.53,0.32222,18.25,1785295919
All Pools,GYAT - AVAX,0.1,False,322.04,644.53,0.32222,18.25,1785295919
All Pools,CAN - AVAX,0.1,False,322.04,644.53,0.32222,18.25,1785295919
All Pools,MND - AVAX,0.1,False,322.04,644.53,0.32222,18.25,1785295919
All Pools,VIBES - AVAX,0.1,False,322.04,644.53,0.32222,18.25,1785295919
All Pools,SHIBA - AVAX,0.1,False,322.04,-3.342,0.32222,-3518.71,1785295919
All Pools,PLS - AVAX,0.1,False,322.04,644.53,0.32222,18.25,1785295919
All Pools,ARIA - AVAX,0.1,False,322.04,644.53,0.32222,18.25,1785295919
All Pools,RETAKE - AVAX,0.1,False,322.04,-3.342,0.32222,-3518.71,1785295919
All Pools,TARDI - AVAX,0.1,False,322.04,644.53,0.32222,18.25,1785295919
All Pools,SAKURA - AVAX,0.1,False,322.04,-3.342,0.32222,-3518.71,1785295919
All Pools,FOREST - AVAX,0.1,False,322.04,644.52,0.32221,18.25,1785295919
All Pools,ROGUEAI - AVAX,0.1,False,322.04,644.52,0.32221,18.25,1785295919
All Pools,BCHB - AVAX,0.1,False,322.04,644.52,0.32221,18.25,1785295919
All Pools,WAR - AVAX,0.1,False,322.04,644.52,0.32221,18.25,1785295919
All Pools,ICBX - AVAX,0.1,False,322.03,657.64,0.3222,17.88,1785295919
All Pools,PMFI - AVAX,0.1,False,322.03,644.5,0.3222,18.25,1785295919
All Pools,RIZO - AVAX,0.1,False,322.03,644.5,0.3222,18.25,1785295919
All Pools,ARTFI - AVAX,0.1,False,322.03,644.5,0.3222,18.25,1785295919
All Pools,STBU - AVAX,0.1,False,322.03,644.5,0.3222,18.25,1785295919
All Pools,POPDOG - AVAX,0.1,False,322.03,644.5,0.3222,18.25,1785295919
All Pools,CND - AVAX,0.1,False,322.03,644.5,0.3222,18.25,1785295919
All Pools,NULL - AVAX,0.1,False,322.02,644.49,0.3222,18.25,1785295919
All Pools,AION - AVAX,0.1,False,322.02,644.49,0.3222,18.25,1785295919
All Pools,ANON - AVAX,0.1,False,322.02,644.49,0.3222,18.25,1785295919
All Pools,ACQ - AVAX,0.1,False,322.02,644.49,0.3222,18.25,1785295919
All Pools,RIDE - AVAX,0.1,False,322.02,644.49,0.3222,18.25,1785295919
All Pools,HAN - AVAX,0.1,False,322.02,644.49,0.3222,18.25,1785295919
All Pools,SEBA - AVAX,0.1,False,322.02,-3.361,0.3222,-3498.72,1785295919
All Pools,PPLTR - AVAX,0.1,False,322.02,644.49,0.3222,18.25,1785295919
All Pools,SNIBBU - AVAX,0.1,False,322.02,644.49,0.3222,18.25,1785295919
All Pools,SOBA - AVAX,0.1,False,322.02,644.49,0.3222,18.25,1785295919
All Pools,SHIH - AVAX,0.1,False,322.02,644.49,0.3222,18.25,1785295919
All Pools,MARSCOIN - AVAX,0.1,False,322.02,644.49,0.3222,18.25,1785295919
All Pools,YAIT - AVAX,0.1,False,322.02,644.47,0.32219,18.25,1785295919
All Pools,$WELL - AVAX,0.1,False,322.01,644.46,0.32218,18.25,1785295919
All Pools,FITTED - AVAX,0.1,False,322.01,644.46,0.32218,18.25,1785295919
All Pools,GOGLZ - AVAX,0.1,False,322.01,644.46,0.32218,18.25,1785295919
All Pools,TORSY - AVAX,0.1,False,322.01,644.46,0.32218,18.25,1785295919
All Pools,SWAY - AVAX,0.1,False,322.01,644.46,0.32218,18.25,1785295919
All Pools,BCAT - AVAX,0.1,False,322.01,644.46,0.32218,18.25,1785295919
All Pools,MBAG - AVAX,0.1,False,322.01,644.46,0.32218,18.25,1785295919
All Pools,ETI - AVAX,0.1,False,322.0,644.45,0.32218,18.25,1785295919
All Pools,MINI - AVAX,0.1,False,322.0,644.45,0.32218,18.25,1785295919
All Pools,SHDX - AVAX,0.1,False,322.0,644.44,0.32217,18.25,1785295919
All Pools,$FOOTY - AVAX,0.1,False,321.95,644.35,0.32213,18.25,1785295919
All Pools,KLACON - AVAX,0.1,False,321.95,644.35,0.32213,18.25,1785295919
All Pools,GARI - AVAX,0.1,False,321.95,644.35,0.32213,18.25,1785295919
All Pools,RETAIL - AVAX,0.1,False,321.95,644.35,0.32213,18.25,1785295919
All Pools,AYYLIEN - AVAX,0.1,False,321.95,644.35,0.32213,18.25,1785295919
All Pools,ZHC - AVAX,0.1,False,321.95,644.35,0.32213,18.25,1785295919
All Pools,IXFI - AVAX,0.1,False,321.95,644.34,0.32212,18.25,1785295919
All Pools,GUARDIAN - AVAX,0.1,False,321.95,644.34,0.32212,18.25,1785295919
All Pools,MOGUL - AVAX,0.1,False,321.95,644.34,0.32212,18.25,1785295919
All Pools,RIOTX - AVAX,0.1,False,321.95,644.34,0.32212,18.25,1785295919
All Pools,WIZARD - AVAX,0.1,False,321.95,644.34,0.32212,18.25,1785295919
All Pools,VALOR - AVAX,0.1,False,321.95,644.34,0.32212,18.25,1785295919
All Pools,$DRIP - AVAX,0.1,False,321.95,-3.435,0.32212,-3422.64,1785295919
All Pools,RFUEL - AVAX,0.1,False,321.95,644.34,0.32212,18.25,1785295919
All Pools,GUMMY - AVAX,0.1,False,321.95,644.34,0.32212,18.25,1785295919
All Pools,NSDQ - AVAX,0.1,False,321.95,644.34,0.32212,18.25,1785295919
All Pools,HANTA - AVAX,0.1,False,321.95,644.34,0.32212,18.25,1785295919
All Pools,BRAT - AVAX,0.1,False,321.95,644.34,0.32212,18.25,1785295919
All Pools,RIS - AVAX,0.1,False,321.95,644.34,0.32212,18.25,1785295919
All Pools,TABOO - AVAX,0.1,False,321.94,644.33,0.32212,18.25,1785295919
All Pools,$BYTE - AVAX,0.1,False,321.94,644.33,0.32212,18.25,1785295919
All Pools,LIZARD - AVAX,0.1,False,321.94,644.33,0.32212,18.25,1785295919
All Pools,LIMBO - AVAX,0.1,False,321.94,644.33,0.32212,18.25,1785295919
All Pools,BOOT - AVAX,0.1,False,321.93,644.31,0.32211,18.25,1785295919
All Pools,POLLEN - AVAX,0.1,False,321.93,644.31,0.32211,18.25,1785295919
All Pools,BSC - AVAX,0.1,False,321.93,644.31,0.32211,18.25,1785295919
All Pools,DRC - AVAX,0.1,False,321.93,644.31,0.32211,18.25,1785295919
All Pools,DYOR - AVAX,0.1,False,321.93,644.31,0.32211,18.25,1785295919
All Pools,NEWO - AVAX,0.1,False,321.93,644.31,0.32211,18.25,1785295919
All Pools,MONKE - AVAX,0.1,False,321.93,644.31,0.32211,18.25,1785295919
All Pools,$GIGATROLL - AVAX,0.1,False,321.93,644.31,0.32211,18.25,1785295919
All Pools,JANET - AVAX,0.1,False,321.93,644.31,0.32211,18.25,1785295919
All Pools,IWMX - AVAX,0.1,False,321.93,644.31,0.32211,18.25,1785295919
All Pools,RVLT - AVAX,0.1,False,321.93,644.31,0.32211,18.25,1785295919
All Pools,DRPAL - AVAX,0.1,False,321.93,644.31,0.32211,18.25,1785295919
All Pools,KOI - AVAX,0.1,False,321.93,644.3,0.3221,18.25,1785295919
All Pools,HYBUX - AVAX,0.1,False,321.93,644.3,0.3221,18.25,1785295919
All Pools,STRIKE - AVAX,0.1,False,321.93,644.3,0.3221,18.25,1785295919
All Pools,CLS - AVAX,0.1,False,321.93,644.3,0.3221,18.25,1785295919
All Pools,XBTC - AVAX,0.1,False,321.93,644.3,0.3221,18.25,1785295919
All Pools,PPLTX - AVAX,0.1,False,321.91,644.27,0.32209,18.25,1785295919
All Pools,DXY - AVAX,0.1,False,321.91,644.27,0.32209,18.25,1785295919
All Pools,SLICE - AVAX,0.1,False,321.91,644.27,0.32209,18.25,1785295919
All Pools,MARVIN - AVAX,0.1,False,321.91,644.27,0.32209,18.25,1785295919
All Pools,BEND - AVAX,0.1,False,321.91,644.27,0.32209,18.25,1785295919
All Pools,EGGS - AVAX,0.1,False,321.91,-3.469,0.32209,-3389.39,1785295919
All Pools,RETSBA - AVAX,0.1,False,321.9,644.24,0.32208,18.25,1785295919
All Pools,BERRY - AVAX,0.1,False,321.9,644.24,0.32208,18.25,1785295919
All Pools,TORUS - AVAX,0.1,False,321.9,644.24,0.32208,18.25,1785295919
All Pools,REM - AVAX,0.1,False,321.9,644.24,0.32208,18.25,1785295919
All Pools,SHR0 - AVAX,0.1,False,321.9,644.24,0.32208,18.25,1785295919
All Pools,HARUKA - AVAX,0.1,False,321.88,644.21,0.32206,18.25,1785295919
All Pools,FISH - AVAX,0.1,False,321.88,644.21,0.32206,18.25,1785295919
All Pools,MUNDI - AVAX,0.1,False,321.88,644.21,0.32206,18.25,1785295919
All Pools,BASESHAKE - AVAX,0.1,False,321.87,644.18,0.32205,18.25,1785295919
All Pools,SCANAI - AVAX,0.1,False,321.87,644.18,0.32205,18.25,1785295919
All Pools,CLAW - AVAX,0.1,False,321.87,644.18,0.32205,18.25,1785295919
All Pools,DSCRIBE - AVAX,0.1,False,321.87,644.18,0.32204,18.25,1785295919
All Pools,HYPR - AVAX,0.1,False,321.86,644.17,0.32204,18.25,1785295919
All Pools,MEOW - AVAX,0.1,False,321.86,644.17,0.32204,18.25,1785295919
All Pools,COINS - AVAX,0.1,False,321.86,644.17,0.32204,18.25,1785295919
All Pools,I - AVAX,0.1,False,321.86,644.17,0.32204,18.25,1785295919
All Pools,URMOM - AVAX,0.1,False,321.86,644.17,0.32204,18.25,1785295919
All Pools,MICKEY - AVAX,0.1,False,321.86,644.17,0.32204,18.25,1785295919
All Pools,DOGGO - AVAX,0.1,False,321.86,644.15,0.32203,18.25,1785295919
All Pools,LION - AVAX,0.1,False,321.86,644.15,0.32203,18.25,1785295919
All Pools,LESTER - AVAX,0.1,False,321.86,644.15,0.32203,18.25,1785295919
All Pools,EMXN - AVAX,0.1,False,321.86,644.15,0.32203,18.25,1785295919
All Pools,ANITA - AVAX,0.1,False,321.86,644.15,0.32203,18.25,1785295919
All Pools,NAKA - AVAX,0.1,False,321.85,644.14,0.32202,18.25,1785295919
All Pools,ASTRL - AVAX,0.1,False,321.85,644.14,0.32202,18.25,1785295919
All Pools,RETAIL - AVAX,0.1,False,321.85,644.14,0.32202,18.25,1785295919
All Pools,OPAN - AVAX,0.1,False,321.85,644.14,0.32202,18.25,1785295919
All Pools,BOG - AVAX,0.1,False,321.85,644.14,0.32202,18.25,1785295919
All Pools,SQUIGSTR - AVAX,0.1,False,321.85,644.14,0.32202,18.25,1785295919
All Pools,DND10 - AVAX,0.1,False,321.84,644.13,0.32202,18.25,1785295919
All Pools,COLA - AVAX,0.1,False,321.84,644.13,0.32202,18.25,1785295919
All Pools,PSY - AVAX,0.1,False,321.84,644.13,0.32202,18.25,1785295919
All Pools,DOGGY - AVAX,0.1,False,321.84,644.13,0.32202,18.25,1785295919
All Pools,SPLAT - AVAX,0.1,False,321.84,644.13,0.32202,18.25,1785295919
All Pools,BIT - AVAX,0.1,False,321.84,644.13,0.32202,18.25,1785295919
All Pools,KAI - AVAX,0.1,False,321.82,644.09,0.322,18.25,1785295919
All Pools,OWCT - AVAX,0.1,False,321.82,644.09,0.322,18.25,1785295919
All Pools,SPEEDY - AVAX,0.1,False,321.82,644.09,0.322,18.25,1785295919
All Pools,NAKASTR - AVAX,0.1,False,321.82,644.08,0.32199,18.25,1785295919
All Pools,TROLLED - AVAX,0.1,False,321.81,644.07,0.32199,18.25,1785295919
All Pools,RUSD - AVAX,0.1,False,321.81,644.07,0.32199,18.25,1785295919
All Pools,HELMET - AVAX,0.1,False,321.81,644.07,0.32199,18.25,1785295919
All Pools,AIAI - AVAX,0.1,False,321.81,644.07,0.32199,18.25,1785295919
All Pools,PAYU - AVAX,0.1,False,321.81,644.06,0.32198,18.25,1785295919
All Pools,ISRGON - AVAX,0.1,False,321.81,644.06,0.32198,18.25,1785295919
All Pools,BEZOGE - AVAX,0.1,False,321.81,644.06,0.32198,18.25,1785295919
All Pools,LEG - AVAX,0.1,False,321.81,644.06,0.32198,18.25,1785295919
All Pools,HAWKTUAH - AVAX,0.1,False,321.81,644.06,0.32198,18.25,1785295919
All Pools,TITS - AVAX,0.1,False,321.81,644.06,0.32198,18.25,1785295919
All Pools,NONJA - AVAX,0.1,False,321.8,644.05,0.32198,18.25,1785295919
All Pools,DNA - AVAX,0.1,False,321.8,644.05,0.32198,18.25,1785295919
All Pools,WIFI - AVAX,0.1,False,321.8,644.05,0.32198,18.25,1785295919
All Pools,NSAI - AVAX,0.1,False,321.8,-3.58,0.32198,-3283.1,1785295919
All Pools,MYTHOS - AVAX,0.1,False,321.8,644.05,0.32198,18.25,1785295919
All Pools,GORILLA - AVAX,0.1,False,321.79,644.02,0.32196,18.25,1785295919
All Pools,FW - AVAX,0.1,False,321.79,644.02,0.32196,18.25,1785295919
All Pools,SOH - AVAX,0.1,False,321.79,644.02,0.32196,18.25,1785295919
All Pools,GEKKO - AVAX,0.1,False,321.79,644.02,0.32196,18.25,1785295919
All Pools,MAXETH - AVAX,0.1,False,321.79,644.02,0.32196,18.25,1785295919
All Pools,VASCO - AVAX,0.1,False,321.79,644.02,0.32196,18.25,1785295919
All Pools,AVRK - AVAX,0.1,False,321.78,644.01,0.32196,18.25,1785295919
All Pools,DADA - AVAX,0.1,False,321.78,644.01,0.32196,18.25,1785295919
All Pools,LBM - AVAX,0.1,False,321.78,644.01,0.32196,18.25,1785295919
All Pools,CDOGE - AVAX,0.1,False,321.78,644.01,0.32196,18.25,1785295919
All Pools,GSWAP - AVAX,0.1,False,321.78,644.01,0.32196,18.25,1785295919
All Pools,RETARDMAXX - AVAX,0.1,False,321.78,644.01,0.32196,18.25,1785295919
All Pools,MR_LIGHTSPEED - AVAX,0.1,False,321.78,644.01,0.32196,18.25,1785295919
All Pools,ELURC - AVAX,0.1,False,321.78,644.01,0.32196,18.25,1785295919
All Pools,DMOON - AVAX,0.1,False,321.78,644.01,0.32196,18.25,1785295919
All Pools,COLLAR - AVAX,0.1,False,321.78,644.01,0.32196,18.25,1785295919
All Pools,POLYDOGE - AVAX,0.1,False,321.78,644.01,0.32196,18.25,1785295919
All Pools,DOGS - AVAX,0.1,False,321.78,644.01,0.32196,18.25,1785295919
All Pools,ZER - AVAX,0.1,False,321.78,644.0,0.32195,18.25,1785295919
All Pools,COK - AVAX,0.1,False,321.78,644.0,0.32195,18.25,1785295919
All Pools,MARS - AVAX,0.1,False,321.78,644.0,0.32195,18.25,1785295919
All Pools,STC - AVAX,0.1,False,321.77,643.98,0.32195,18.25,1785295919
All Pools,NYAN - AVAX,0.1,False,321.76,643.97,0.32194,18.25,1785295919
All Pools,VISION - AVAX,0.1,False,321.76,643.97,0.32194,18.25,1785295919
All Pools,DFL - AVAX,0.1,False,321.76,643.96,0.32194,18.25,1785295919
All Pools,FSTR - AVAX,0.1,False,321.76,643.96,0.32194,18.25,1785295919
All Pools,BOMB - AVAX,0.1,False,321.76,643.96,0.32194,18.25,1785295919
All Pools,PENELOPE - AVAX,0.1,False,321.76,643.95,0.32193,18.25,1785295919
All Pools,BUBBLE - AVAX,0.1,False,321.76,643.95,0.32193,18.25,1785295919
All Pools,CLAWVILLE - AVAX,0.1,False,321.76,643.95,0.32193,18.25,1785295919
All Pools,IKUN - AVAX,0.1,False,321.76,643.95,0.32193,18.25,1785295919
All Pools,YE - I - AVAX,0.1,False,321.76,643.95,0.32193,18.25,1785295919
All Pools,ZDLT - AVAX,0.1,False,321.76,643.95,0.32193,18.25,1785295919
All Pools,XUSD - AVAX,0.1,False,321.76,643.95,0.32193,18.25,1785295919
All Pools,NATO - AVAX,0.1,False,321.74,652.6,0.32192,18.0,1785295919
All Pools,TMUSX - AVAX,0.1,False,321.73,643.91,0.32191,18.25,1785295919
All Pools,EARNFI - AVAX,0.1,False,321.73,643.91,0.32191,18.25,1785295919
All Pools,CREA - AVAX,0.1,False,321.73,643.91,0.32191,18.25,1785295919
All Pools,BLAZE - AVAX,0.1,False,321.73,643.91,0.32191,18.25,1785295919
All Pools,MFM - AVAX,0.1,False,321.72,643.88,0.3219,18.25,1785295919
All Pools,AWK - AVAX,0.1,False,321.72,643.88,0.3219,18.25,1785295919
All Pools,KEPI - AVAX,0.1,False,321.72,643.88,0.3219,18.25,1785295919
All Pools,MOJO - AVAX,0.1,False,321.72,643.88,0.3219,18.25,1785295919
All Pools,QE - AVAX,0.1,False,321.72,643.88,0.3219,18.25,1785295919
All Pools,ASH - AVAX,0.1,False,321.72,643.88,0.3219,18.25,1785295919
All Pools,CORZX - AVAX,0.1,False,321.7,643.84,0.32188,18.25,1785295919
All Pools,SPACE - AVAX,0.1,False,321.7,643.84,0.32188,18.25,1785295919
All Pools,CHOMP - AVAX,0.1,False,321.7,643.84,0.32188,18.25,1785295919
All Pools,LRCXON - AVAX,0.1,False,321.7,643.84,0.32188,18.25,1785295919
All Pools,LOKY - AVAX,0.1,False,321.7,643.84,0.32188,18.25,1785295919
All Pools,CA - AVAX,0.1,False,321.7,643.84,0.32188,18.25,1785295919
All Pools,PEPTI - AVAX,0.1,False,321.7,643.84,0.32188,18.25,1785295919
All Pools,REALM - AVAX,0.1,False,321.7,643.84,0.32188,18.25,1785295919
All Pools,MUSKIT - AVAX,0.1,False,321.7,643.84,0.32188,18.25,1785295919
All Pools,GUI - AVAX,0.1,False,321.7,643.84,0.32188,18.25,1785295919
All Pools,CVNT - AVAX,0.1,False,321.7,643.84,0.32188,18.25,1785295919
All Pools,NFTART - AVAX,0.1,False,321.7,643.84,0.32188,18.25,1785295919
All Pools,TADA - AVAX,0.1,False,321.7,643.84,0.32187,18.25,1785295919
All Pools,PEPE - AVAX,0.1,False,321.7,643.84,0.32187,18.25,1785295919
All Pools,CURTIS - AVAX,0.1,False,321.7,643.84,0.32187,18.25,1785295919
All Pools,OPEN - AVAX,0.1,False,321.7,643.84,0.32187,18.25,1785295919
All Pools,MNSHFT - AVAX,0.1,False,321.7,643.84,0.32187,18.25,1785295919
All Pools,PUP - AVAX,0.1,False,321.7,643.84,0.32187,18.25,1785295919
All Pools,LVL - AVAX,0.1,False,321.7,643.84,0.32187,18.25,1785295919
All Pools,STELLA - AVAX,0.1,False,321.7,643.84,0.32187,18.25,1785295919
All Pools,JETDOG - AVAX,0.1,False,321.7,643.84,0.32187,18.25,1785295919
All Pools,M - AVAX,0.1,False,321.7,643.84,0.32187,18.25,1785295919
All Pools,DINO - AVAX,0.1,False,321.7,643.84,0.32187,18.25,1785295919
All Pools,SLOW - AVAX,0.1,False,321.7,643.84,0.32187,18.25,1785295919
All Pools,GRPH - AVAX,0.1,False,321.7,643.84,0.32187,18.25,1785295919
All Pools,HOPE - AVAX,0.1,False,321.7,643.84,0.32187,18.25,1785295919
All Pools,INUS - AVAX,0.1,False,321.69,643.83,0.32187,18.25,1785295919
All Pools,CFI - AVAX,0.1,False,321.69,643.83,0.32187,18.25,1785295919
All Pools,RIBBIT - AVAX,0.1,False,321.69,643.83,0.32187,18.25,1785295919
All Pools,UNITY - AVAX,0.1,False,321.69,643.83,0.32187,18.25,1785295919
All Pools,SHIV - AVAX,0.1,False,321.69,643.83,0.32187,18.25,1785295919
All Pools,EAI - AVAX,0.1,False,321.69,643.83,0.32187,18.25,1785295919
All Pools,GNON - AVAX,0.1,False,321.69,643.82,0.32187,18.25,1785295919
All Pools,PETS - AVAX,0.1,False,321.69,643.82,0.32187,18.25,1785295919
All Pools,HTTPS - AVAX,0.1,False,321.67,643.79,0.32185,18.25,1785295919
All Pools,KREX - AVAX,0.1,False,321.67,643.79,0.32185,18.25,1785295919
All Pools,ORBT - AVAX,0.1,False,321.67,643.79,0.32185,18.25,1785295919
All Pools,DUCK - AVAX,0.1,False,321.67,643.78,0.32185,18.25,1785295919
All Pools,EVAETH - AVAX,0.1,False,321.67,643.78,0.32185,18.25,1785295919
All Pools,KOLIN - AVAX,0.1,False,321.67,643.78,0.32185,18.25,1785295919
All Pools,USHIBA - AVAX,0.1,False,321.67,643.78,0.32185,18.25,1785295919
All Pools,DOGC - AVAX,0.1,False,321.67,643.78,0.32185,18.25,1785295919
All Pools,PLR - AVAX,0.1,False,321.67,-3.714,0.32185,-3162.61,1785295919
All Pools,OPENX - AVAX,0.1,False,321.65,643.75,0.32183,18.25,1785295919
All Pools,IBEX - AVAX,0.1,False,321.65,643.75,0.32183,18.25,1785295919
All Pools,ZSD - AVAX,0.1,False,321.65,643.75,0.32183,18.25,1785295919
All Pools,HL - AVAX,0.1,False,321.65,643.75,0.32183,18.25,1785295919
All Pools,RCAT - AVAX,0.1,False,321.65,643.75,0.32183,18.25,1785295919
All Pools,GROK - AVAX,0.1,False,321.65,643.75,0.32183,18.25,1785295919
All Pools,DAM - AVAX,0.1,False,321.65,643.75,0.32183,18.25,1785295919
All Pools,YAKU - AVAX,0.1,False,321.65,643.75,0.32183,18.25,1785295919
All Pools,SPIKE - AVAX,0.1,False,321.65,-3.73,0.32183,-3149.53,1785295919
All Pools,TIGRES - AVAX,0.1,False,321.65,-3.73,0.32183,-3149.53,1785295919
All Pools,LRST - AVAX,0.1,False,321.64,643.73,0.32182,18.25,1785295919
All Pools,IVFUN - AVAX,0.1,False,321.64,643.73,0.32182,18.25,1785295919
All Pools,SHIBAKEN - AVAX,0.1,False,321.64,643.73,0.32182,18.25,1785295919
All Pools,KWEEN - AVAX,0.1,False,321.64,643.73,0.32182,18.25,1785295919
All Pools,BOSS - AVAX,0.1,False,321.64,643.73,0.32182,18.25,1785295919
All Pools,ASSDAQ - AVAX,0.1,False,321.64,643.73,0.32182,18.25,1785295919
All Pools,UP - AVAX,0.1,False,321.64,643.72,0.32181,18.25,1785295919
All Pools,GLUTEU - AVAX,0.1,False,321.64,643.72,0.32181,18.25,1785295919
All Pools,LION - AVAX,0.1,False,321.64,643.72,0.32181,18.25,1785295919
All Pools,DELUSIONAL - AVAX,0.1,False,321.64,643.72,0.32181,18.25,1785295919
All Pools,MINER - AVAX,0.1,False,321.64,643.72,0.32181,18.25,1785295919
All Pools,JOE - AVAX,0.1,False,321.64,643.72,0.32181,18.25,1785295919
All Pools,COCO - AVAX,0.1,False,321.64,643.72,0.32181,18.25,1785295919
All Pools,DATBIHGAH - AVAX,0.1,False,321.64,-3.747,0.32181,-3135.04,1785295919
All Pools,MEFA - AVAX,0.1,False,321.64,643.72,0.32181,18.25,1785295919
All Pools,BOL - AVAX,0.1,False,321.64,643.72,0.32181,18.25,1785295919
All Pools,ETNX - AVAX,0.1,False,321.62,643.68,0.32179,18.25,1785295919
All Pools,EVERY - AVAX,0.1,False,321.62,643.68,0.32179,18.25,1785295919
All Pools,$TPT - AVAX,0.1,False,321.62,643.68,0.32179,18.25,1785295919
All Pools,KENSEI - AVAX,0.1,False,321.62,643.68,0.32179,18.25,1785295919
All Pools,REVV - AVAX,0.1,False,321.62,643.68,0.32179,18.25,1785295919
All Pools,UP - AVAX,0.1,False,321.62,-3.765,0.32179,-3119.61,1785295919
All Pools,LYP - AVAX,0.1,False,321.61,643.67,0.32179,18.25,1785295919
All Pools,INO - AVAX,0.1,False,321.61,643.67,0.32179,18.25,1785295919
All Pools,PEEZY - AVAX,0.1,False,321.61,643.67,0.32179,18.25,1785295919
All Pools,NABOX - AVAX,0.1,False,321.61,643.67,0.32179,18.25,1785295919
All Pools,PRAI - AVAX,0.1,False,321.61,643.67,0.32179,18.25,1785295919
All Pools,BENEFITS - AVAX,0.1,False,321.61,643.67,0.32179,18.25,1785295919
All Pools,HAHA - AVAX,0.1,False,321.61,643.67,0.32179,18.25,1785295919
All Pools,ATM - AVAX,0.1,False,321.61,643.67,0.32179,18.25,1785295919
All Pools,GOBSTR - AVAX,0.1,False,321.61,643.67,0.32179,18.25,1785295919
All Pools,T1DEV - AVAX,0.1,False,321.61,643.67,0.32179,18.25,1785295919
All Pools,BEEPER - AVAX,0.1,False,321.61,643.67,0.32179,18.25,1785295919
All Pools,AZUKI - AVAX,0.1,False,321.61,643.67,0.32179,18.25,1785295919
All Pools,DG - AVAX,0.1,False,321.61,643.66,0.32178,18.25,1785295919
All Pools,SHIBGF - AVAX,0.1,False,321.61,643.66,0.32178,18.25,1785295919
All Pools,AVAX - ALVA,0.3,False,316.14,673.29,0.79036,42.85,1785295919
All Pools,BLSEYE🎯 - AVAX,0.3,False,275.72,4545.06,0.6893,5.54,1785295919
All Pools,BLSEYE🎯 - ARENA,0.3,False,262.58,1433.28,0.65645,16.72,1785295919
All Pools,WETH.e - USDC.e,0.3,False,244.56,11117.0,0.6114,2.01,1785295919
All Pools,WOLF - AVAX,0.3,False,235.4,27574.0,0.58851,0.78,1785295919
All Pools,FTOMB - AVAX,0.3,False,229.01,6397.7,0.57251,3.27,1785295919
All Pools,sAVAX - JACK,0.3,False,210.93,302284.0,0.52732,0.06,1785295919
All Pools,AVAX - SPELL,0.3,False,193.16,1481.31,0.48291,11.9,1785295919
All Pools,MIM - SB,0.3,False,177.93,1578.99,0.44484,10.28,1785295919
All Pools,AVAX - UST,0.3,False,175.52,6585.15,0.4388,2.43,1785295919
All Pools,XSEED - AVAX,0.3,False,168.96,9132.98,0.42241,1.69,1785295919
All Pools,USDC.e - USDT.e,0.3,False,165.38,39904.0,0.41344,0.38,1785295919
All Pools,GURS - AVAX,0.3,False,163.17,5244.36,0.40793,2.84,1785295919
All Pools,GMX - AVAX,0.3,False,158.78,4190.25,0.39695,3.46,1785295919
All Pools,APIX - USDt,0.3,False,150.99,5499.15,0.37749,2.51,1785295919
All Pools,SYN - AVAX,0.3,False,146.02,3825.91,0.36505,3.48,1785295919
All Pools,STOMB - AVAX,0.3,False,134.45,5093.64,0.33611,2.41,1785295919
All Pools,BTC.b - TOPIA,0.3,False,122.97,679.48,0.30743,16.51,1785295919
All Pools,HUSKY - AVAX,0.3,False,120.08,2185.2,0.3002,5.01,1785295919
All Pools,AI - AVAX,0.3,False,120.02,3191.3,0.30004,3.43,1785295919
All Pools,FITFI - USDT.e,0.3,False,105.86,71.72,0.26466,134.7,1785295919
All Pools,FEED - AVAX,0.3,False,98.46,5795.96,0.24615,1.55,1785295919
All Pools,YAK - USDC.e,0.3,False,87.2,150.4,0.218,52.9,1785295919
All Pools,APIX - ID,0.3,False,86.8,17380.0,0.21699,0.46,1785295919
All Pools,FLD - AVAX,0.3,False,84.27,36036.0,0.21068,0.21,1785295919
All Pools,APIX - USDC,0.3,False,80.49,2747.84,0.20122,2.67,1785295919
All Pools,w3ULL - AVAX,0.3,False,76.05,47675.0,0.19013,0.15,1785295919
All Pools,AVAX - JUICE,0.3,False,70.8,9967.72,0.177,0.65,1785295919
All Pools,UST - AVAX,0.3,False,65.5,5573.22,0.16374,1.07,1785295919
All Pools,MUON - AVAX,0.3,False,65.07,43009.0,0.16267,0.14,1785295919
All Pools,XETA - USDC,0.3,False,62.08,5488.57,0.15519,1.03,1785295919
All Pools,USDt - USDC,0,False,55.68,14.93,0.0,0.0,1785295919
All Pools,USDC.e - USDC,0.3,False,47.22,480403.0,0.11806,0.01,1785295919
All Pools,MEAT - AVAX,0.3,False,43.61,2943.34,0.10902,1.35,1785295919
All Pools,gOHM - FRAX,0.3,False,42.99,3484.78,0.10749,1.13,1785295919
All Pools,agEUR - USDC,0.3,False,38.42,60.22,0.09606,58.22,1785295919
All Pools,TECH - AVAX,0.3,False,38.06,9151.46,0.09514,0.38,1785295919
All Pools,AVAX - AMI,0.3,False,34.69,425.28,0.08672,7.44,1785295919
All Pools,GUN - BLSEYE🎯,0.3,False,34.36,396.61,0.0859,7.91,1785295919
All Pools,HOWDY - AVAX,0.3,False,31.46,7070.52,0.07864,0.41,1785295919
All Pools,AVAX - aXEN,0.3,False,27.38,151.75,0.06844,16.46,1785295919
All Pools,STG - USDC,0.3,False,25.98,1147.46,0.06496,2.07,1785295919
All Pools,AVAX - ARENA,0.3,False,24.75,93.62,0.06187,24.12,1785295919
All Pools,EGG - AVAX,0.3,False,19.96,15534.0,0.0499,0.12,1785295919
All Pools,PNG - AVAX,0.3,False,18.69,784.73,0.04673,2.17,1785295919
All Pools,LUNA - USDC.e,0.3,False,18.03,606.96,0.04507,2.71,1785295919
All Pools,MOR - AVAX,0.3,False,17.66,87.27,0.04414,18.46,1785295919
All Pools,ISA - AVAX,0.3,False,17.42,16653.0,0.04354,0.1,1785295919
All Pools,GUN - AVAX,0.3,False,17.31,174.88,0.04328,9.03,1785295919
All Pools,SECOND - AVAX,0.3,False,17.2,1433.69,0.043,1.09,1785295919
All Pools,AVAX - mYAK,0.3,False,17.12,33.77,0.0428,46.26,1785295919
All Pools,TOPIA - PTOP10000,0.3,False,16.69,191.37,0.04173,7.96,1785295919
All Pools,SECOND - USDC,0.3,False,16.67,6935.08,0.04169,0.22,1785295919
All Pools,USDC - MEAD,0.3,False,16.59,10826.0,0.04146,0.14,1785295919
All Pools,ISA - USDC.e,0.3,False,15.88,1425.39,0.03971,1.02,1785295919
All Pools,PTOP1100 - TOPIA,0.3,False,15.66,198.19,0.03915,7.21,1785295919
All Pools,AMI - TOPIA,0.3,False,15.34,274.99,0.03836,5.09,1785295919
All Pools,TOPIA - PTOP600,0.3,False,15.13,176.76,0.03783,7.81,1785295919
All Pools,AVAX - FRAX,0.3,False,14.97,670.8,0.03743,2.04,1785295919
All Pools,STG - AVAX,0.3,False,13.49,956.59,0.03374,1.29,1785295919
All Pools,Gladiator - ARENA,0.3,False,13.32,742.0,0.0333,1.64,1785295919
All Pools,RGOGLZ - USDC,0.3,False,13.3,1318.39,0.03325,0.92,1785295919
All Pools,YEEHAW - HOWDY,0.3,False,13.06,8449.36,0.03264,0.14,1785295919
All Pools,Gladiator - USDC,0.3,False,13.03,365.71,0.03257,3.25,1785295919
All Pools,WBTC - AVAX,0.3,False,12.66,31.07,0.03164,37.17,1785295919
All Pools,YEEHAW - TOPIA,0.3,False,11.67,193.19,0.02918,5.51,1785295919
All Pools,MIM - USDT.e,0.3,False,11.5,1082.47,0.02876,0.97,1785295919
All Pools,XPOW - AVAX,0.3,False,10.72,1178.07,0.0268,0.83,1785295919
All Pools,USDC - GAU,0.3,False,10.56,643.53,0.0264,1.5,1785295919
All Pools,APIX - LAMBO,0.3,False,9.726,377.06,0.02431,2.35,1785295919
All Pools,PTOP1300 - TOPIA,0.3,False,9.551,187.86,0.02388,4.64,1785295919
All Pools,sAVAX - AVAX,0.3,False,9.479,171340.0,0.0237,0.01,1785295919
All Pools,PTOP500 - TOPIA,0.3,False,9.456,156.04,0.02364,5.53,1785295919
All Pools,FITFI - AVAX,0.3,False,9.269,6.377,0.02317,132.64,1785295919
All Pools,Psychic - AVAX,0.3,False,9.205,872.74,0.02301,0.96,1785295919
All Pools,COQ - COQAI,0.3,False,8.559,19515.0,0.0214,0.04,1785295919
All Pools,HUSKY - JOE,0.3,False,7.956,93.5,0.01989,7.76,1785295919
All Pools,AVAX - NoR,0.3,False,7.328,60.0,0.01832,11.14,1785295919
All Pools,ABC - AVAX,0.3,False,7.289,504.33,0.01822,1.32,1785295919
All Pools,avUSD - sAVAX,0.3,False,6.785,204.55,0.01696,3.03,1785295919
All Pools,DCAU - AVAX,0.3,False,6.685,996.84,0.01671,0.61,1785295919
All Pools,UST - USDC,0.3,False,6.476,421.0,0.01619,1.4,1785295919
All Pools,HATCHY - AVAX,0.3,False,6.362,6679.31,0.0159,0.09,1785295919
All Pools,DCAU - USDT.e,0.3,False,6.356,4953.31,0.01589,0.12,1785295919
All Pools,Balln - AVAX,0.3,False,6.216,4250.1,0.01554,0.13,1785295919
All Pools,HEFE - AVAX,0.3,False,6.198,27820.0,0.0155,0.02,1785295919
All Pools,WABBIT - AVAX,0.3,False,6.095,4038.1,0.01524,0.14,1785295919
All Pools,AVAX - EROL,0,False,6.08,57.61,0.0,0.0,1785295919
All Pools,ORNG - FLUX,0.3,False,5.873,109.24,0.01468,4.91,1785295919
All Pools,USDC - LODE,0.3,False,5.843,838.41,0.01461,0.64,1785295919
All Pools,HUSKY - AMI,0.3,False,5.31,55.28,0.01328,8.77,1785295919
All Pools,BLSEYE🎯 - BEAM,0.3,False,5.219,271.39,0.01305,1.75,1785295919
All Pools,MYST - AVAX,0.3,False,5.212,627.09,0.01303,0.76,1785295919
All Pools,PTOP400 - TOPIA,0.3,False,5.126,159.36,0.01282,2.94,1785295919
All Pools,HOWDY - USDC,0.3,False,5.066,3198.17,0.01266,0.14,1785295919
All Pools,ACS - AVAX,0.3,False,4.973,165.79,0.01243,2.74,1785295919
All Pools,AVAX - ELK,0.3,False,4.903,1284.13,0.01226,0.35,1785295919
All Pools,DATCM - ORNG,0.3,False,4.879,226.07,0.0122,1.97,1785295919
All Pools,BEAM - AVAX,0.3,False,4.805,367.77,0.01201,1.19,1785295919
All Pools,AVAX - PEFI,0.3,False,4.616,3193.05,0.01154,0.13,1785295919
All Pools,AVAX - CLY,0.3,False,4.494,21718.0,0.01124,0.02,1785295919
All Pools,MIM - USDC.e,0.3,False,4.396,551.04,0.01099,0.73,1785295919
All Pools,Psychic - XAUt0,0.3,False,4.229,5712.45,0.01057,0.07,1785295919
All Pools,MIM - WETH.e,0.3,False,4.192,362.53,0.01048,1.06,1785295919
All Pools,ORNG - SAI,0.3,False,4.109,101.57,0.01027,3.69,1785295919
All Pools,3QF - D - AVAX,0.3,False,3.788,1322.12,0.00947,0.26,1785295919
All Pools,3QF - D - WETH.e,0.3,False,3.773,2503.2,0.00943,0.14,1785295919
All Pools,COQ - BLSEYE🎯,0.3,False,3.741,156.14,0.00935,2.19,1785295919
All Pools,BOI - AVAX,0.3,False,3.672,24.25,0.00918,13.81,1785295919
All Pools,ORNG - JUCI,0.3,False,3.35,237.33,0.00838,1.29,1785295919
All Pools,APOW - AVAX,0.3,False,3.325,1584.92,0.00831,0.19,1785295919
All Pools,VTX - AVAX,0.3,False,3.276,1170.18,0.00819,0.26,1785295919
All Pools,APOW - XPOW,0.3,False,3.236,1419.03,0.00809,0.21,1785295919
All Pools,JOE - USDT,0.3,False,3.111,265.89,0.00778,1.07,1785295919
All Pools,MYST - USDC,0.3,False,3.047,210.59,0.00762,1.32,1785295919
All Pools,PTOP700 - TOPIA,0.3,False,3.038,175.09,0.0076,1.58,1785295919
All Pools,USDC - USD+,0.3,False,3.013,30.67,0.00753,8.96,1785295919
All Pools,ZRO - AVAX,0.3,False,2.93,130.0,0.00732,2.06,1785295919
All Pools,BRO - AVAX,0.3,False,2.778,99340.0,0.00694,0.0,1785295919
All Pools,BRO - COQ,0.3,False,2.767,142.19,0.00692,1.78,1785295919
All Pools,LOK - AVAX,0.3,False,2.745,181.39,0.00686,1.38,1785295919
All Pools,YEEHAW - BTC.b,0.3,False,2.702,58.25,0.00676,4.23,1785295919
All Pools,AVAX - EROL,0.3,False,2.674,30.9,0.00668,7.9,1785295919
All Pools,LUNA - USDC.e,0.3,False,2.55,310.34,0.00638,0.75,1785295919
All Pools,WETH - USDC.e,0.3,False,2.476,206.94,0.00619,1.09,1785295919
All Pools,Psychic - BLACK,0.3,False,2.3,234.52,0.00575,0.89,1785295919
All Pools,USDC.e - MU,0.3,False,2.268,13055.0,0.00567,0.02,1785295919
All Pools,sAVAX - COQ,0.3,False,2.158,64.81,0.00539,3.04,1785295919
All Pools,USDt - USDT.e,0.3,False,2.124,20367.0,0.00531,0.01,1785295919
All Pools,SWIFT - USDC.e,0.3,False,2.105,488.8,0.00526,0.39,1785295919
All Pools,Now - BLACK,0.3,False,2.035,215.15,0.00509,0.86,1785295919
All Pools,LIQR - AVAX,0.3,False,1.977,36109.0,0.00494,0.0,1785295919
All Pools,ABC - HOWDY,0.3,False,1.886,541.86,0.00471,0.32,1785295919
All Pools,APOW - AVAX,0.3,False,1.822,845.51,0.00456,0.2,1785295919
All Pools,TRESR - AVAX,0.3,False,1.784,8731.57,0.00446,0.02,1785295919
All Pools,FERT - AVAX,0.3,False,1.746,470.46,0.00436,0.34,1785295919
All Pools,GRO - AVAX,0.3,False,1.714,191.4,0.00428,0.82,1785295919
All Pools,USDC.e - sSB,0.3,False,1.694,823.32,0.00424,0.19,1785295919
All Pools,LINK.e - USDT.e,0.3,False,1.676,224.21,0.00419,0.68,1785295919
All Pools,gOHM - SB,0.3,False,1.673,16.85,0.00418,9.06,1785295919
All Pools,BUSD - AVAX,0.3,False,1.669,338.57,0.00417,0.45,1785295919
All Pools,PNG - JOE,0.3,False,1.659,108.49,0.00415,1.4,1785295919
All Pools,GRO - MOR,0.3,False,1.629,8.699,0.00407,17.09,1785295919
All Pools,SWIFT - WETH.e,0.3,False,1.617,1333.7,0.00404,0.11,1785295919
All Pools,WETH.e - USDT.e,0.3,False,1.526,150.99,0.00382,0.92,1785295919
All Pools,DPS - AVAX,0.3,False,1.505,181.07,0.00376,0.76,1785295919
All Pools,DPS - USDC,0.3,False,1.504,1800.61,0.00376,0.08,1785295919
All Pools,AVAX - AKITAX,0.3,False,1.435,395.37,0.00359,0.33,1785295919
All Pools,REDWOLF - AVAX,0.3,False,1.434,386.14,0.00358,0.34,1785295919
All Pools,REDWOLF - USDC,0.3,False,1.43,186.36,0.00358,0.7,1785295919
All Pools,AVALOX - AVAX,0.3,False,1.421,1.73,0.00355,74.98,1785295919
All Pools,SLOT - AVAX,0.3,False,1.413,2520.87,0.00353,0.05,1785295919
All Pools,YUSD - AVAX,0.3,False,1.399,116.06,0.0035,1.1,1785295919
All Pools,ALOT - USDC.e,0.3,False,1.383,5.591,0.00346,22.57,1785295919
All Pools,STEAK - AVAX,0.3,False,1.343,7346.7,0.00336,0.02,1785295919
All Pools,YAK - SPORE,0.3,False,1.343,3.574,0.00336,34.28,1785295919
All Pools,AVAX - SOCK,0.3,False,1.316,2424.4,0.00329,0.05,1785295919
All Pools,LINK.e - USDC.e,0.3,False,1.294,186.46,0.00323,0.63,1785295919
All Pools,USDC - SOCK,0.3,False,1.29,422.91,0.00322,0.28,1785295919
All Pools,XAUt0 - Now,0.3,False,1.266,563.06,0.00317,0.21,1785295919
All Pools,USDC - aXEN,0.3,False,1.265,8.215,0.00316,14.05,1785295919
All Pools,AVAX - NaughtiusMaximus,0.3,False,1.249,335.48,0.00312,0.34,1785295919
All Pools,AVAX - ChristMark,0.3,False,1.245,270.41,0.00311,0.42,1785295919
All Pools,WETH.e - ONION,0.3,False,1.217,236.32,0.00304,0.47,1785295919
All Pools,USDC.e - AVVO,0.3,False,1.209,223.87,0.00302,0.49,1785295919
All Pools,YOU - ORNG,0.3,False,1.194,1324.13,0.00298,0.08,1785295919
All Pools,XROSS - ORNG,0.3,False,1.182,227.12,0.00296,0.47,1785295919
All Pools,WHEAT - AVAX,0.3,False,1.178,199.58,0.00295,0.54,1785295919
All Pools,NOCHILL - OX,0.3,False,1.166,10579.0,0.00291,0.01,1785295919
All Pools,SWIFT - AVAX,0.3,False,1.159,235.94,0.0029,0.45,1785295919
All Pools,AVAX - ONION,0.3,False,1.136,147.05,0.00284,0.7,1785295919
All Pools,WHEAT - MOR,0.3,False,1.12,6.571,0.0028,15.56,1785295919
All Pools,XAUt0 - NaughtiusMaximus,0.3,False,1.112,887.38,0.00278,0.11,1785295919
All Pools,Gravity - AVAX,0.3,False,1.103,239.95,0.00276,0.42,1785295919
All Pools,Now - AVAX,0.3,False,1.103,189.78,0.00276,0.53,1785295919
All Pools,USDT.e - CLY,0.3,False,1.096,179.56,0.00274,0.56,1785295919
All Pools,MAGICK - AVAX,0.3,False,1.092,278.96,0.00273,0.36,1785295919
All Pools,MAGICK - USDC,0.3,False,1.091,225.0,0.00273,0.44,1785295919
All Pools,giraffe - USDC,0.3,False,1.075,,0.00269,126477.3,1785295919
All Pools,KRW - AVAX,0.3,False,1.051,309.55,0.00263,0.31,1785295919
All Pools,JOE - KRW,0.3,False,1.049,138.03,0.00262,0.69,1785295919
All Pools,SLOT - STOMB,0.3,False,1.034,191.41,0.00258,0.49,1785295919
All Pools,YEEHAW - AVAX,0.3,False,1.005,13.67,0.00251,6.71,1785295919
All Pools,GURS - ARENA,0.3,False,1.0,8.194,0.0025,11.14,1785295919
All Pools,XAUt0 - ChristMark,0.3,False,0.99081,584.35,0.00248,0.15,1785295919
All Pools,APOW - USDt,0.3,False,0.96751,157.11,0.00242,0.56,1785295919
All Pools,UST - USDC.e,0.3,False,0.96741,642.56,0.00242,0.14,1785295919
All Pools,USDC.e - ONION,0.3,False,0.90485,368.73,0.00226,0.22,1785295919
All Pools,SPORE - AVAX,0.3,False,0.8935,130.76,0.00223,0.62,1785295919
All Pools,ROY - AVAX,0.3,False,0.84203,3790.74,0.00211,0.02,1785295919
All Pools,APOW - USDC,0.3,False,0.83996,157.56,0.0021,0.49,1785295919
All Pools,SMRTr - AVAX,0.3,False,0.77395,25482.0,0.00193,0.0,1785295919
All Pools,SMRTr - USDC.e,0.3,False,0.76972,103.8,0.00192,0.68,1785295919
All Pools,HUSKY - MUG,0.3,False,0.76746,14.43,0.00192,4.85,1785295919
All Pools,JOE - EXP,0.3,False,0.76604,9898895.0,0.00192,,1785295919
All Pools,COQ - OX,0.3,False,0.75697,11806.0,0.00189,0.01,1785295919
All Pools,AVAX - AVVO,0.3,False,0.74717,227.97,0.00187,0.3,1785295919
All Pools,DREGG - AVAX,0.3,False,0.72168,145.09,0.0018,0.45,1785295919
All Pools,DREGG - USDT.e,0.3,False,0.72138,510.49,0.0018,0.13,1785295919
All Pools,MAI - AVAX,0.3,False,0.70408,1463.3,0.00176,0.04,1785295919
All Pools,SOL - USDC,0.3,False,0.68268,20.9,0.00171,2.98,1785295919
All Pools,USDT.e - ONION,0.3,False,0.67878,737.37,0.0017,0.08,1785295919
All Pools,MaryMagdalene - AVAX,0.3,False,0.64901,172.59,0.00162,0.34,1785295919
All Pools,ARENA - MU,0.3,False,0.64418,4.422,0.00161,13.29,1785295919
All Pools,BANKSY - AVAX,0.3,False,0.6424,141.96,0.00161,0.41,1785295919
All Pools,BANKSY - USDT.e,0.3,False,0.64178,1511.39,0.0016,0.04,1785295919
All Pools,CAI - AVAX,0.3,False,0.62356,1272.98,0.00156,0.04,1785295919
All Pools,UNIQOC - AVAX,0.3,False,0.62159,810.49,0.00155,0.07,1785295919
All Pools,AAVE.e - REDWOLF,0.3,False,0.61879,153.84,0.00155,0.37,1785295919
All Pools,UNIQOC - COQ,0.3,False,0.61458,37.41,0.00154,1.5,1785295919
All Pools,AVAX - CAST,0.3,False,0.6089,1363.04,0.00152,0.04,1785295919
All Pools,ELXR - USDC.e,0.3,False,0.59636,1066.0,0.00149,0.05,1785295919
All Pools,HOWDY - ARENA,0.3,False,0.59588,66.54,0.00149,0.82,1785295919
All Pools,AVAX - SMRT,0.3,False,0.59562,1634.8,0.00149,0.03,1785295919
All Pools,AVAX - MU,0.3,False,0.59478,73.18,0.00149,0.74,1785295919
All Pools,LUNA - AVAX,0.3,False,0.59349,114.73,0.00148,0.47,1785295919
All Pools,aDXN - aXEN,0.3,False,0.57914,5.04,0.00145,10.49,1785295919
All Pools,GOOD - COQ,0.3,False,0.57,64.27,0.00143,0.81,1785295919
All Pools,GOOD - AVAX,0.3,False,0.56558,104.87,0.00141,0.49,1785295919
All Pools,AVAX - DOMI,0.3,False,0.56389,10981.0,0.00141,0.0,1785295919
All Pools,HOST - DAI.e,0.3,False,0.56295,2512.74,0.00141,0.02,1785295919
All Pools,AVAX - MUG,0.3,False,0.56038,249.33,0.0014,0.21,1785295919
All Pools,YEEHAW - CHAMP,0.3,False,0.55755,994.7,0.00139,0.05,1785295919
All Pools,BLSEYE🎯 - MEOW,0.3,False,0.55268,864.37,0.00138,0.06,1785295919
All Pools,RPEPE - AVAX,0.3,False,0.53213,3699.57,0.00133,0.01,1785295919
All Pools,ARROW - AVAX,0.3,False,0.52741,8.464,0.00132,5.69,1785295919
All Pools,aDXN - AVAX,0.3,False,0.52022,56.58,0.0013,0.84,1785295919
All Pools,KIWI - AVAX,0.3,False,0.51779,93.73,0.00129,0.5,1785295919
All Pools,KIWI - USDC,0.3,False,0.51751,297.54,0.00129,0.16,1785295919
All Pools,USDT.e - SMRT,0.3,False,0.51682,88.45,0.00129,0.53,1785295919
All Pools,FLOT - AVAX,0.3,False,0.50991,2796.91,0.00127,0.02,1785295919
All Pools,BLZZ - AVAX,0.3,False,0.49107,5538.94,0.00123,0.01,1785295919
All Pools,DAI.e - ONION,0.3,False,0.49079,329.41,0.00123,0.14,1785295919
All Pools,USDC - MXNB,0.3,False,0.48955,16.59,0.00122,2.69,1785295919
All Pools,oXAUT - AVAX,0.3,False,0.48786,412.66,0.00122,0.11,1785295919
All Pools,BTC.b - oXAUT,0.3,False,0.48674,317.39,0.00122,0.14,1785295919
All Pools,Trinity - AVAX,0.3,False,0.48536,733.08,0.00121,0.06,1785295919
All Pools,MaryMagdalene - XAUt0,0.3,False,0.48024,1655.16,0.0012,0.03,1785295919
All Pools,BTC.b - HOWDY,0.3,False,0.47976,65.95,0.0012,0.66,1785295919
All Pools,ORNG - MOOM,0.3,False,0.46288,181.68,0.00116,0.23,1785295919
All Pools,REDWOLF - SOL,0.3,False,0.44996,58.06,0.00112,0.71,1785295919
All Pools,AVAX - USDT,0.3,False,0.44994,1708.67,0.00112,0.02,1785295919
All Pools,LF - AVAX,0.3,False,0.42745,237.5,0.00107,0.16,1785295919
All Pools,MIM - LF,0.3,False,0.42688,237.94,0.00107,0.16,1785295919
All Pools,MAXI - DAI.e,0.3,False,0.41402,223.86,0.00104,0.17,1785295919
All Pools,XAUt0 - Gravity,0.3,False,0.40861,314.89,0.00102,0.12,1785295919
All Pools,Psychic - Now,0.3,False,0.40496,463.56,0.00101,0.08,1785295919
All Pools,WINK - AVAX,0.3,False,0.40271,33.39,0.00101,1.1,1785295919
All Pools,VPND - AVAX,0.3,False,0.39959,17991.0,,0.0,1785295919
All Pools,WBTC.e - ONION,0.3,False,0.39429,351.48,,0.1,1785295919
All Pools,COQ - AMI,0.3,False,0.39328,10.35,,3.47,1785295919
All Pools,DCAU - USDC,0.3,False,0.39204,141.85,,0.25,1785295919
All Pools,LUNA - AVAX,0.3,False,0.38586,12.98,,2.71,1785295919
All Pools,DivineFeminine - Gravity,0.3,False,0.37117,1639.95,,0.02,1785295919
All Pools,Orange - DivineFeminine,0.3,False,0.3705,783.18,,0.04,1785295919
All Pools,HH - ARENA,0.3,False,0.36905,2.719,,12.38,1785295919
All Pools,HH - AVAX,0.3,False,0.36748,237.13,,0.14,1785295919
All Pools,COQ - OSAK,0.3,False,0.36239,18.4,,1.8,1785295919
All Pools,COQ - JUICE,0.3,False,0.36108,29.31,,1.12,1785295919
All Pools,COQ - NOCHILL,0.3,False,0.35985,8.491,,3.87,1785295919
All Pools,Psychic - All,0.3,False,0.31848,240.42,,0.12,1785295919
All Pools,AVAX - All,0.3,False,0.31814,211.7,,0.14,1785295919
All Pools,AVAX - LYLY,0.3,False,0.31198,50.94,,0.56,1785295919
All Pools,KALM - AVAX,0.3,False,0.31069,96.82,,0.29,1785295919
All Pools,KALM - USDC,0.3,False,0.31019,77.12,,0.37,1785295919
All Pools,CHAMP - AMI,0.3,False,0.29724,29.33,,0.92,1785295919
All Pools,GENI - AVAX,0.3,False,0.29323,46.33,,0.58,1785295919
All Pools,GENI - USDC,0.3,False,0.29288,1094.22,,0.02,1785295919
All Pools,Trinity - Psychic,0.3,False,0.28945,399.94,,0.07,1785295919
All Pools,YAK - JOE,0.3,False,0.28689,0.60852,,43.02,1785295919
All Pools,AVAX - KET,0.3,False,0.28612,20.87,,1.25,1785295919
All Pools,LINK.e - REDWOLF,0.3,False,0.28596,70.9,,0.37,1785295919
All Pools,WOO.e - AVAX,0.3,False,0.28247,63.39,,0.41,1785295919
All Pools,FXS - AVAX,0.3,False,0.28215,291.62,,0.09,1785295919
All Pools,OSAK - AVAX,0.3,False,0.28183,3197.33,,0.01,1785295919
All Pools,GUN - AMI,0.3,False,0.2791,9.402,,2.71,1785295919
All Pools,50 - AVAX,0.3,False,0.27117,59.54,,0.42,1785295919
All Pools,50 - USDC,0.3,False,0.2705,111.7,,0.22,1785295919
All Pools,AVAX - IMPACT2,0.3,False,0.26761,143.52,,0.17,1785295919
All Pools,HOST - AVAX,0.3,False,0.26316,89.03,,0.27,1785295919
All Pools,SPORE - USDC,0.3,False,0.26135,1396.2,,0.02,1785295919
All Pools,QI - LYLY,0.3,False,0.26013,1.834,,12.94,1785295919
All Pools,CHAMP - ARENA,0.3,False,0.25964,20.45,,1.16,1785295919
All Pools,AVAX - STICK,0.3,False,0.25595,1113.23,,0.02,1785295919
All Pools,USDT.e - XAVA,0.3,False,0.2467,9.433,,2.39,1785295919
All Pools,WBTC.e - USDT.e,0.3,False,0.24534,155.66,,0.14,1785295919
All Pools,pAVAX - AVAX,0.3,False,0.24478,1208.01,,0.02,1785295919
All Pools,AVAX - ZUBAX,0.3,False,0.24335,91.52,,0.24,1785295919
All Pools,WETH.e - REDWOLF,0.3,False,0.24127,84.33,,0.26,1785295919
All Pools,XPOW - USDC,0.3,False,0.24022,18.54,,1.18,1785295919
All Pools,AVAX - BLACK,0.3,False,0.23703,2.989,,7.24,1785295919
All Pools,YEEHAW - USDC,0.3,False,0.22982,6.43,,3.26,1785295919
All Pools,AVAX - SQRCAT,0.3,False,0.22794,4242.66,,0.0,1785295919
All Pools,AMI - SQRCAT,0.3,False,0.22698,12.37,,1.67,1785295919
All Pools,IMPACT2 - EURC,0.3,False,0.21709,42.85,,0.46,1785295919
All Pools,KLO - USDT.e,0.3,False,0.21623,3.775,,5.23,1785295919
All Pools,STATIK - AVAX,0.3,False,0.21476,29.73,,0.66,1785295919
All Pools,MM - AVAX,0.3,False,0.21061,66.65,,0.29,1785295919
All Pools,MM - USDC,0.3,False,0.20953,49.66,,0.39,1785295919
All Pools,AVAX - TIME,0.3,False,0.20766,531.79,,0.04,1785295919
All Pools,GGP - AVAX,0.3,False,0.20386,17048.0,,0.0,1785295919
All Pools,APOW - USDt,0.3,False,0.20209,25.66,,0.72,1785295919
All Pools,JEWEL - USDC,0.3,False,0.20154,3787.11,,0.0,1785295919
All Pools,USDT.e - EXP,0.3,False,0.20055,45134286.0,,,1785295919
All Pools,Orange - AVAX,0.3,False,0.20025,62.19,,0.29,1785295919
All Pools,Orange - Now,0.3,False,0.19969,469.47,,0.04,1785295919
All Pools,AVAX - AKITA,0.3,False,0.19414,1704.0,,0.01,1785295919
All Pools,BrideOfChrist - BLACK,0.3,False,0.19358,16.0,,1.1,1785295919
All Pools,SYMBIOT - AVAX,0.3,False,0.18996,75.33,,0.23,1785295919
All Pools,HOWDY - USDt,0.3,False,0.18819,187.78,,0.09,1785295919
All Pools,COQ - ARENA,0.3,False,0.18787,1.363,,12.58,1785295919
All Pools,Meaning - AVAX,0.3,False,0.1859,328.84,,0.05,1785295919
All Pools,Serpentarius - AVAX,0.3,False,0.18555,214.39,,0.08,1785295919
All Pools,REDWOLF - GEC,0.3,False,0.18526,3.181,,5.31,1785295919
All Pools,Psychic - Serpentarius,0.3,False,0.18525,244.33,,0.07,1785295919
All Pools,Psychic - Meaning,0.3,False,0.18508,235.57,,0.07,1785295919
All Pools,ARENA - AMI,0.3,False,0.18047,1.714,,9.61,1785295919
All Pools,TSD - AVAX,0.3,False,0.1803,158.2,,0.1,1785295919
All Pools,QI - REDWOLF,0.3,False,0.18021,1.159,,14.19,1785295919
All Pools,ZUBAX - USDT.e,0.3,False,0.17922,171.38,,0.1,1785295919
All Pools,USDt - XPOW,0.3,False,0.17796,18.49,,0.88,1785295919
All Pools,SYMBIOT - DAI.e,0.3,False,0.17744,445.93,,0.04,1785295919
All Pools,Hopi - AVAX,0.3,False,0.17574,154.78,,0.1,1785295919
All Pools,Hopi - Now,0.3,False,0.1756,511.24,,0.03,1785295919
All Pools,CQK - AVAX,0.3,False,0.17093,96.76,,0.16,1785295919
All Pools,CQK - USDC,0.3,False,0.17072,30.84,,0.51,1785295919
All Pools,YAK - USDT.e,0.3,False,0.16642,0.37967,,40.0,1785295919
All Pools,COQ - REDWOLF,0.3,False,0.16461,9.123,,1.65,1785295919
All Pools,AVAX - SantaGospel,0.3,False,0.16092,95.94,,0.15,1785295919
All Pools,SYN - REDWOLF,0.3,False,0.15875,3.876,,3.74,1785295919
All Pools,USDC - SHRAP,0.3,False,0.1571,20.66,,0.69,1785295919
All Pools,MIM - SPELL,0.3,False,0.15659,1.324,,10.79,1785295919
All Pools,MerryXmas - AVAX,0.3,False,0.15645,194.38,,0.07,1785295919
All Pools,Psychic - MerryXmas,0.3,False,0.15598,221.7,,0.06,1785295919
All Pools,BUSD - USDC,0.3,False,0.15384,7.409,,1.89,1785295919
All Pools,BTC.b - REDWOLF,0.3,False,0.15345,98.28,,0.14,1785295919
All Pools,meGNX - AVAX,0.3,False,0.15106,13.28,,1.04,1785295919
All Pools,AVAX - GAU,0.3,False,0.14983,4.365,,3.13,1785295919
All Pools,NOCHILL - KET,0.3,False,0.14927,7.4,,1.84,1785295919
All Pools,bCASH - NOCHILL,0.3,False,0.14577,12.34,,1.08,1785295919
All Pools,USDC.e - WMATIC,0.3,False,0.14501,15.45,,0.86,1785295919
All Pools,COQ - KOVIN,0.3,False,0.14491,8.202,,1.61,1785295919
All Pools,AVAX - rsAVAX,0.3,False,0.1437,161.46,,0.08,1785295919
All Pools,NeatestQuackery - AVAX,0.3,False,0.14347,209.83,,0.06,1785295919
All Pools,Psychic - NeatestQuackery,0.3,False,0.14341,240.33,,0.05,1785295919
All Pools,Psychic - Chrism,0.3,False,0.14338,48.77,,0.27,1785295919
All Pools,BTC.b - IMPACT2,0.3,False,0.14289,1421.94,,0.01,1785295919
All Pools,TECH - OX,0.3,False,0.14171,4489.24,,0.0,1785295919
All Pools,USDC - USDT.e,0.3,False,0.13802,154.19,,0.08,1785295919
All Pools,COQ - LYLY,0.3,False,0.13727,10.36,,1.21,1785295919
All Pools,Psychic - SantaGospel,0.3,False,0.13684,54.9,,0.23,1785295919
All Pools,GATOR - ARENA,0.3,False,0.1362,2.892,,4.3,1785295919
All Pools,aAvaWAVAX - meGNX,0.3,False,0.1345,3.046,,4.03,1785295919
All Pools,AVAT - USDC,0.3,False,0.13321,37.36,,0.33,1785295919
All Pools,AVAX - DAI,0.3,False,0.13141,55.26,,0.22,1785295919
All Pools,ACS - USDC.e,0.3,False,0.12963,5.049,,2.34,1785295919
All Pools,SOL - AVAX,0.3,False,0.12551,0.00162,,7083.25,1785295919
All Pools,BOOTY - AVAX,0.3,False,0.12367,1465.14,,0.01,1785295919
All Pools,KOVIN - AVAX,0.3,False,0.12316,2090.94,,0.01,1785295919
All Pools,COQ - BOOTY,0.3,False,0.12302,6.971,,1.61,1785295919
All Pools,NaughtiusMaximus - Seventeen,0.3,False,0.12298,676.66,,0.02,1785295919
All Pools,Now - Propriety,0.3,False,0.1226,630.9,,0.02,1785295919
All Pools,AVAX - Seventeen,0.3,False,0.12258,203.58,,0.05,1785295919
All Pools,AVAX - Propriety,0.3,False,0.1222,62.0,,0.18,1785295919
All Pools,MIM - MU,0.3,False,0.12214,67.62,,0.16,1785295919
All Pools,USDC.e - SOL,0.3,False,0.12188,35.49,,0.31,1785295919
All Pools,RUX - AVAX,0.3,False,0.12008,25.59,,0.43,1785295919
All Pools,USDt - RUX,0.3,False,0.1199,16068.0,,,1785295919
All Pools,AVAX - WISE,0.3,False,0.11927,59.72,,0.18,1785295919
All Pools,USDC.e - WISE,0.3,False,0.11906,41.45,,0.26,1785295919
All Pools,AVAX - DUO,0.3,False,0.11871,53.09,,0.2,1785295919
All Pools,AVAX - trump,0.3,False,0.11859,12.73,,0.85,1785295919
All Pools,USDT.e - DUO,0.3,False,0.1183,51.05,,0.21,1785295919
All Pools,YEEHAW - ARENA,0.3,False,0.11785,1.619,,6.64,1785295919
All Pools,MIM - USDC,0.3,False,0.11722,21.25,,0.5,1785295919
All Pools,MCV - AVAX,0.3,False,0.11674,284.9,,0.04,1785295919
All Pools,BLUB - AVAX,0,False,0.11628,32.7,0.0,0.0,1785295919
All Pools,COQ - MCV,0.3,False,0.116,6.697,,1.58,1785295919
All Pools,AVAX - MeaningOfNumbers,0.3,False,0.11414,210.73,,0.05,1785295919
All Pools,Psychic - MeaningOfNumbers,0.3,False,0.11388,241.11,,0.04,1785295919
All Pools,DFIAT - AVAX,0.3,False,0.11382,6072.26,,0.0,1785295919
All Pools,DFIAT - USDT.e,0.3,False,0.11348,27.08,,0.38,1785295919
All Pools,USDt - IMPACT2,0.3,False,0.11172,72.03,,0.14,1785295919
All Pools,VEE - USDC,0.3,False,0.11087,31.58,,0.32,1785295919
All Pools,MEOW - AVAX,0.3,False,0.10932,7712.22,,0.0,1785295919
All Pools,AVAX - CHAM,0.3,False,0.10789,25.8,,0.38,1785295919
All Pools,USDC - CHAM,0.3,False,0.10763,46.67,,0.21,1785295919
All Pools,SNP - AVAX,0.3,False,0.10688,8.044,,1.21,1785295919
All Pools,L - Swing - aXEN,0.3,False,0.10675,46.68,,0.21,1785295919
All Pools,COQ - SNP,0.3,False,0.10633,17.68,,0.55,1785295919
All Pools,Hydrogen - AVAX,0.3,False,0.1027,185.84,,0.05,1785295919
All Pools,USDV - REDWOLF,0.3,False,0.1001,18.0,,0.51,1785295919
All Pools,MaryMagdalene - BrideOfChrist,0.3,False,0.0993,90.97,,0.1,1785295919
All Pools,L - Swing - aDXN,0.3,False,0.09524,10.51,,0.83,1785295919
All Pools,Trinity - BrideOfChrist,0.3,False,0.09459,56301450.0,,,1785295919
All Pools,TruthClosure - BLACK,0.3,False,0.09455,11.4,,0.76,1785295919
All Pools,AVAX - ELK,0.3,False,0.0937,46.89,,0.18,1785295919
All Pools,FITFI - USDC,0.3,False,0.09284,0.08519,,99.44,1785295919
All Pools,DiamondbackGall - AVAX,0.3,False,0.09206,212.15,,0.04,1785295919
All Pools,Psychic - DiamondbackGall,0.3,False,0.09185,241.09,,0.03,1785295919
All Pools,QI - USDC.e,0.3,False,0.09111,0.6495,,12.8,1785295919
All Pools,SLUSH - AVAX,0.3,False,0.09065,45.85,,0.18,1785295919
All Pools,SLUSH - USDT.e,0.3,False,0.09035,55.66,,0.15,1785295919
All Pools,Ducks - AVAX,0.3,False,0.08844,210.73,,0.04,1785295919
All Pools,Psychic - Ducks,0.3,False,0.08824,241.05,,0.03,1785295919
All Pools,COQ - bCASH,0.3,False,0.08766,12.98,,0.62,1785295919
All Pools,JOE - ZABU,0.3,False,0.08692,12.28,,0.65,1785295919
All Pools,AVAI - AVAX,0.3,False,0.08653,19.29,,0.41,1785295919
All Pools,USDC - SDOG,0.3,False,0.0863,348.26,,0.02,1785295919
All Pools,AVAX - BlackAndGold,0.3,False,0.08608,211.92,,0.04,1785295919
All Pools,Psychic - BlackAndGold,0.3,False,0.08588,240.82,,0.03,1785295919
All Pools,WETH.e - USDC,0.3,False,0.08583,20.69,,0.38,1785295919
All Pools,APOW - USDC,0.3,False,0.08558,25.67,,0.3,1785295919
All Pools,DogL - AVAX,0.3,False,0.08202,212.01,,0.04,1785295919
All Pools,Psychic - DogL,0.3,False,0.08183,240.94,,0.03,1785295919
All Pools,Psychic - [i]Lluminati,0.3,False,0.08033,47.98,,0.15,1785295919
All Pools,NOCHILL - AMI,0.3,False,0.08016,3.765,,1.94,1785295919
All Pools,MIM - PEFI,0.3,False,0.07904,47.31,,0.15,1785295919
All Pools,Jjj - AVAX,0.3,False,0.07823,210.88,,0.03,1785295919
All Pools,Psychic - Jjj,0.3,False,0.07806,241.04,,0.03,1785295919
All Pools,SMRT - XAVA,0.3,False,0.07778,1.993,,3.56,1785295919
All Pools,Chrism - ChristMark,0.3,False,0.07704,142.5,,0.05,1785295919
All Pools,miMatic - AVAX,0.3,False,0.07426,30.06,,0.23,1785295919
All Pools,miMatic - USDC.e,0.3,False,0.07413,22.58,,0.3,1785295919
All Pools,JOE - QI,0.3,False,0.07357,0.5451,,12.32,1785295919
All Pools,AVAX - HON,0.3,False,0.07276,49188.0,,,1785295919
All Pools,AVAX - SNOB,0.3,False,0.07177,751.57,,0.01,1785295919
All Pools,ZRO - USDC,0.3,False,0.07175,4.36,,1.5,1785295919
All Pools,USDT.e - ZABU,0.3,False,0.07045,44.4,,0.14,1785295919
All Pools,MIM - SDOG,0.3,False,0.06873,62.32,,0.1,1785295919
All Pools,CANS - AVAX,0.3,False,0.06843,8.164,,0.76,1785295919
All Pools,ElvisJackpot - Gravity,0.3,False,0.06782,14.47,,0.43,1785295919
All Pools,KIMBO - CANS,0.3,False,0.06742,216.94,,0.03,1785295919
All Pools,BNZ - AVAX,0.3,False,0.06712,148.73,,0.04,1785295919
All Pools,MaryMagdalene - ChristMark,0.3,False,0.06711,304.06,,0.02,1785295919
All Pools,USDC - yyAVAX,0.3,False,0.06709,12.11,,0.51,1785295919
All Pools,CommieSukey - AVAX,0.3,False,0.06624,211.33,,0.03,1785295919
All Pools,Psychic - CommieSukey,0.3,False,0.06602,241.01,,0.02,1785295919
All Pools,AVAX - RedFolder,0.3,False,0.06578,211.06,,0.03,1785295919
All Pools,Who - AVAX,0.3,False,0.06572,100.2,,0.06,1785295919
All Pools,Psychic - RedFolder,0.3,False,0.06565,240.95,,0.02,1785295919
All Pools,SYN - USDC.e,0.3,False,0.06562,1.982,,3.02,1785295919
All Pools,AVAX - RPEPE,0.3,False,0.06497,282.17,,0.02,1785295919
All Pools,Void - AVAX,0.3,False,0.06433,61.76,,0.1,1785295919
All Pools,Void - Now,0.3,False,0.06416,641.25,,0.01,1785295919
All Pools,USDC - BVAX,0.3,False,0.0641,25.78,,0.23,1785295919
All Pools,COQ - MU,0.3,False,0.06404,3.599,,1.62,1785295919
All Pools,TRYB - USDC.e,0.3,False,0.06364,31.72,,0.18,1785295919
All Pools,GLOBA - AVAX,0.3,False,0.06339,40.15,,0.14,1785295919
All Pools,FINANCE - NOCHILL,0.3,False,0.06335,367.07,,0.02,1785295919
All Pools,Go - AVAX,0.3,False,0.06227,99.79,,0.06,1785295919
All Pools,Gladiator - AVAX,0.3,False,0.06199,2.052,,2.76,1785295919
All Pools,WETH.e - yyAVAX,0.3,False,0.06121,14.75,,0.38,1785295919
All Pools,SURE - USDC.e,0.3,False,0.06104,21.44,,0.26,1785295919
All Pools,WETH.e - SURE,0.3,False,0.0609,894.19,,0.01,1785295919
All Pools,DCAU - MIM,0.3,False,0.06038,79.85,,0.07,1785295919
All Pools,JOE - ZUBAX,0.3,False,0.06035,6.087,,0.9,1785295919
All Pools,Psychic - Hydrogen,0.3,False,0.06002,60.77,,0.09,1785295919
All Pools,WOLF - AMI,0.3,False,0.05969,2.884,,1.89,1785295919
All Pools,FollowTheWhiteRabbit - TruthClosure,0.3,False,0.05968,28.88,,0.19,1785295919
All Pools,FollowTheWhiteRabbit - AVAX,0.3,False,0.05965,115.1,,0.05,1785295919
All Pools,GLOBA - DAI.e,0.3,False,0.05918,47.68,,0.11,1785295919
All Pools,MELT - AVAX,0.3,False,0.05805,20.05,,0.26,1785295919
All Pools,AVAX - MILO,0.3,False,0.05735,794.0,,0.01,1785295919
All Pools,USDt - MILO,0.3,False,0.05723,14.12,,0.37,1785295919
All Pools,WarpSpeed - AVAX,0.3,False,0.05696,98.47,,0.05,1785295919
All Pools,Gravity - WarpSpeed,0.3,False,0.05677,60.1,,0.09,1785295919
All Pools,NineHundred - BLACK,0.3,False,0.05651,2.358,,2.19,1785295919
All Pools,NineHundred - AVAX,0.3,False,0.05642,99.55,,0.05,1785295919
All Pools,TruthClosure - AVAX,0.3,False,0.05623,7.438,,0.69,1785295919
All Pools,YEEHAW - AMI,0.3,False,0.05604,4.315,,1.19,1785295919
All Pools,TOMB - USDC,0.3,False,0.05262,10.1,,0.48,1785295919
All Pools,AMI - COQAI,0.3,False,0.05169,3.244,,1.45,1785295919
All Pools,KIMBO - AMI,0.3,False,0.05155,2.889,,1.63,1785295919
All Pools,AVAXAI - USDC,0.3,False,0.05012,1477.87,,0.0,1785295919
All Pools,CNR - AVAX,0.3,False,0.04938,49.71,,0.09,1785295919
All Pools,Anon - AVAX,0.3,False,0.04802,7.381,,0.59,1785295919
All Pools,bCASH - TECH,0.3,False,0.04775,10.54,,0.41,1785295919
All Pools,MU - COQAI,0.3,False,0.04759,5.462,,0.8,1785295919
All Pools,GAINS - AVAX,0.3,False,0.04619,30.56,,0.14,1785295919
All Pools,NOCHILL - REDWOLF,0.3,False,0.04541,2.198,,1.88,1785295919
All Pools,AVAX - MICRO,0.3,False,0.04421,18.29,,0.22,1785295919
All Pools,COQ - MICRO,0.3,False,0.0439,2.781,,1.44,1785295919
All Pools,USDt - REDWOLF,0.3,False,0.04386,13.69,,0.29,1785295919
All Pools,Hydrogen - BLACK,0.3,False,0.0429,2.363,,1.66,1785295919
All Pools,Psychic - Who,0.3,False,0.04253,55.54,,0.07,1785295919
All Pools,UST - USDT.e,0.3,False,0.04181,36.5,,0.1,1785295919
All Pools,CRA - AVAX,0.3,False,0.04172,7173.94,,,1785295919
All Pools,JOE - CRA,0.3,False,0.04123,6.694,,0.56,1785295919
All Pools,USDT.e - MU,0.3,False,0.04123,247.61,,0.02,1785295919
All Pools,AVVO - DAI.e,0.3,False,0.04107,34.46,,0.11,1785295919
All Pools,LoveYou - AVAX,0.3,False,0.04052,43.53,,0.08,1785295919
All Pools,LoveYou - Gravity,0.3,False,0.04038,40.21,,0.09,1785295919
All Pools,AMI - EROL,0.3,False,0.03996,0.56363,,6.47,1785295919
All Pools,MIM - YAK,0.3,False,0.03881,0.08041,,44.04,1785295919
All Pools,BLS - USDt,0.3,False,0.03827,127.31,,0.03,1785295919
All Pools,TIME - SPELL,0.3,False,0.03729,0.27562,,12.35,1785295919
All Pools,AMI - MU,0.3,False,0.03724,1.503,,2.26,1785295919
All Pools,NOCHILL - ARENA,0.3,False,0.03705,0.41004,,8.24,1785295919
All Pools,HATCHY - AMI,0.3,False,0.0366,3.191,,1.05,1785295919
All Pools,WOLF - AVAX,0.3,False,0.03599,43.97,,0.07,1785295919
All Pools,FITFI - USDC.e,0.3,False,0.0359,0.04546,,72.05,1785295919
All Pools,NOCHILL - MU,0.3,False,0.0347,1.455,,2.18,1785295919
All Pools,JOE - REDWOLF,0.3,False,0.03373,2.596,,1.19,1785295919
All Pools,LoveIsTheKey - BLACK,0.3,False,0.03305,3.723,,0.81,1785295919
All Pools,Psychic - Go,0.3,False,0.03261,54.78,,0.05,1785295919
All Pools,AVAX - Strength,0.3,False,0.03211,100.42,,0.03,1785295919
All Pools,AVAX - ZABU,0.3,False,0.03201,23.43,,0.12,1785295919
All Pools,Strength - BLACK,0.3,False,0.03193,2.359,,1.24,1785295919
All Pools,CNR - USDC,0.3,False,0.03171,4.661,,0.62,1785295919
All Pools,MELT - USDC.e,0.3,False,0.03151,29.78,,0.1,1785295919
All Pools,BENIS - AVAX,0.3,False,0.0315,9.805,,0.29,1785295919
All Pools,BENIS - NOCHILL,0.3,False,0.03136,2.509,,1.14,1785295919
All Pools,Orange - BLACK,0.3,False,0.0309,1.995,,1.41,1785295919
All Pools,VELAI - AVAX,0.3,False,0.03081,0.29297,,9.6,1785295919
All Pools,SYN - USDT.e,0.3,False,0.03048,1.055,,2.64,1785295919
All Pools,XAVA - HON,0.3,False,0.03001,1.003,,2.73,1785295919
All Pools,Go - BLACK,0.3,False,0.02952,2.357,,1.14,1785295919
All Pools,BOI - MU,0.3,False,0.02936,0.4388,,6.11,1785295919
All Pools,CNR - REDWOLF,0.3,False,0.02911,15.65,,0.17,1785295919
All Pools,gOHM - JOE,0.3,False,0.02877,3.053,,0.86,1785295919
All Pools,KIMBO - KOVIN,0.3,False,0.02862,3.077,,0.85,1785295919
All Pools,GMX - USDC,0.3,False,0.02861,0.89967,,2.9,1785295919
All Pools,TSD - WOLF,0.3,False,0.02796,23.69,,0.11,1785295919
All Pools,AVAT - AVAX,0.3,False,0.02787,16.65,,0.15,1785295919
All Pools,GURS - NOCHILL,0.3,False,0.02777,1.093,,2.32,1785295919
All Pools,GAINS - COQ,0.3,False,0.02761,1.459,,1.73,1785295919
All Pools,MIM - AUSD,0.3,False,0.02761,7.672,,0.33,1785295919
All Pools,SYN - WETH.e,0.3,False,0.027,0.98957,,2.49,1785295919
All Pools,BTC.b - MU,0.3,False,0.02661,9.934,,0.24,1785295919
All Pools,AVAX - COFI,0.3,False,0.02652,437.15,,0.01,1785295919
All Pools,MELT - USDT.e,0.3,False,0.02636,29.51,,0.08,1785295919
All Pools,COQ - COFI,0.3,False,0.02629,1.274,,1.88,1785295919
All Pools,WBTC.e - USDC.e,0.3,False,0.02608,8.059,,0.3,1785295919
All Pools,SUB - USDC,0.3,False,0.02606,11.41,,0.21,1785295919
All Pools,AUSD - HUSKY,0.3,False,0.02604,0.48616,,4.89,1785295919
All Pools,LUNA - LUNA,0.3,False,0.02598,1.62,,1.46,1785295919
All Pools,KrisKringle - AVAX,0.3,False,0.02591,18.8,,0.13,1785295919
All Pools,TECH - AMI,0.3,False,0.02583,1.895,,1.24,1785295919
All Pools,KrisKringle - Gravity,0.3,False,0.02582,55.94,,0.04,1785295919
All Pools,BANKSY - AVAX,0.3,False,0.02524,18.46,,0.12,1785295919
All Pools,FLAKE - AVAX,0.3,False,0.02521,17.23,,0.13,1785295919
All Pools,BANKSY - USDC.e,0.3,False,0.02514,29.38,,0.08,1785295919
All Pools,FLAKE - USDT.e,0.3,False,0.02513,48.66,,0.05,1785295919
All Pools,MIM - TIME,0.3,False,0.02509,17.49,,0.13,1785295919
All Pools,AVAX - STRAW,0.3,False,0.02499,14.33,,0.16,1785295919
All Pools,WETH.e - SPELL,0.3,False,0.02492,0.16704,,13.61,1785295919
All Pools,MAJIN - AVAX,0.3,False,0.02434,2856.75,,,1785295919
All Pools,BLACK - SantaGospel,0.3,False,0.02429,2.356,,0.94,1785295919
All Pools,AVAX - NEMO,0.3,False,0.02416,6.54,,0.34,1785295919
All Pools,USDt - NEMO,0.3,False,0.02408,96.38,,0.02,1785295919
All Pools,GURS - AMI,0.3,False,0.02397,1.471,,1.49,1785295919
All Pools,QI - SNOWY,0.3,False,0.02393,0.32989,,6.62,1785295919
All Pools,MIM - DAI.e,0.3,False,0.02337,13.96,,0.15,1785295919
All Pools,DAI.e - STRAW,0.3,False,0.02331,36.15,,0.06,1785295919
All Pools,Degen - AVAX,0.3,False,0.02316,1345.51,,0.0,1785295919
All Pools,Blue - AVAX,0.3,False,0.02308,187.68,,0.01,1785295919
All Pools,MU - DAI.e,0.3,False,0.02308,233.02,,0.01,1785295919
All Pools,Blue - BLACK,0.3,False,0.02307,2.388,,0.88,1785295919
All Pools,Who - BLACK,0.3,False,0.02305,2.371,,0.89,1785295919
All Pools,xJOE - AVAX,0.3,False,0.02294,1.705,,1.23,1785295919
All Pools,BNB - AVAX,0.3,False,0.02272,2812.99,,,1785295919
All Pools,NXPC - AVAX,0.3,False,0.02249,1.006,,2.04,1785295919
All Pools,PNG - REDWOLF,0.3,False,0.02214,3.399,,0.59,1785295919
All Pools,METAG - AVAX,0.3,False,0.02177,19.77,,0.1,1785295919
All Pools,Trinity - TruthClosure,0.3,False,0.02175,6.3,,0.32,1785295919
All Pools,METAG - USDt,0.3,False,0.0217,15.51,,0.13,1785295919
All Pools,BTC.b - yyAVAX,0.3,False,0.0215,4.214,,0.47,1785295919
All Pools,SFI - JOE,0.3,False,0.02129,0.68102,,2.85,1785295919
All Pools,AVAX - SHRAP,0.3,False,0.02129,10.86,,0.18,1785295919
All Pools,Gil - AVAX,0.3,False,0.0212,13.68,,0.14,1785295919
All Pools,BOI - AMI,0.3,False,0.02064,0.34645,,5.44,1785295919
All Pools,LoveIsTheKey - AVAX,0.3,False,0.02038,10.24,,0.18,1785295919
All Pools,ZRX.e - USDC.e,0.3,False,0.02011,0.05009,,36.65,1785295919
All Pools,WOLF - MU,0.3,False,0.01987,3.824,,0.47,1785295919
All Pools,Gil - DAI.e,0.3,False,0.01978,26.42,,0.07,1785295919
All Pools,AVAX - BLANC,0.3,False,0.01934,5.074,,0.35,1785295919
All Pools,MIM - BLANC,0.3,False,0.01922,624.37,,0.0,1785295919
All Pools,DUO - USDT.e,0.3,False,0.01887,6.21,,0.28,1785295919
All Pools,Trinity - FourFourFour,0.3,False,0.01871,3.344,,0.51,1785295919
All Pools,AVAX - FORT,0.3,False,0.0187,9.115,,0.19,1785295919
All Pools,MIM - FORT,0.3,False,0.01862,1351.64,,0.0,1785295919
All Pools,AVAX - SDOG,0.3,False,0.01852,6.174,,0.27,1785295919
All Pools,KOVIN - MU,0.3,False,0.01832,2.334,,0.72,1785295919
All Pools,AAVE.e - USDT.e,0.3,False,0.01823,2.688,,0.62,1785295919
All Pools,ROCO - AVAX,0.3,False,0.01823,1331.91,,0.0,1785295919
All Pools,AAVE.e - USDC.e,0.3,False,0.01815,1.299,,1.27,1785295919
All Pools,COQ - SNOWY,0.3,False,0.01806,0.92013,,1.79,1785295919
All Pools,SNLP - AVAX,0.3,False,0.0178,2604.43,,,1785295919
All Pools,JOE - SNLP,0.3,False,0.01766,0.99532,,1.62,1785295919
All Pools,USDT.e - SING,0.3,False,0.01757,1230.27,,0.0,1785295919
All Pools,AVAX - BAVA,0.3,False,0.01718,8.59,,0.18,1785295919
All Pools,LINK.e - MU,0.3,False,0.01707,6.93,,0.22,1785295919
All Pools,CNR - USDt,0.3,False,0.0169,4.675,,0.33,1785295919
All Pools,EHCNALAVA - AVAX,0.3,False,0.01685,1066.2,,0.0,1785295919
All Pools,SLIME - AVAX,0.3,False,0.01681,15208.0,,,1785295919
All Pools,SLIME - USDt,0.3,False,0.01673,6.163,,0.25,1785295919
All Pools,KIMBO - EHCNALAVA,0.3,False,0.01673,1.779,,0.86,1785295919
All Pools,ACS - USDt,0.3,False,0.01636,0.9155,,1.63,1785295919
All Pools,Stolen - BLACK,0.3,False,0.01632,2.621,,0.57,1785295919
All Pools,MELT - AVAX,0.3,False,0.01629,812.35,,0.0,1785295919
All Pools,MELT - USDC.e,0.3,False,0.01623,5.984,,0.25,1785295919
All Pools,XPOW - AVAX,0.3,False,0.01618,256.43,,0.01,1785295919
All Pools,ZH - USDC.e,0.3,False,0.01609,22.06,,0.07,1785295919
All Pools,MPL - AVAX,0.3,False,0.01609,5.076,,0.29,1785295919
All Pools,MPL - USDt,0.3,False,0.01601,30.03,,0.05,1785295919
All Pools,BLS - SHRAP,0.3,False,0.01599,7.715,,0.19,1785295919
All Pools,ChristMark - ChristIAmYou,0.3,False,0.01592,20.56,,0.07,1785295919
All Pools,Psychic - PoPo,0.3,False,0.01581,46.19,,0.03,1785295919
All Pools,ELE - AVAX,0.3,False,0.01579,88.32,,0.02,1785295919
All Pools,Gravity - BLACK,0.3,False,0.01572,0.23437,,6.12,1785295919
All Pools,GAS - AVAX,0.3,False,0.01569,132.77,,0.01,1785295919
All Pools,Psychic - PennyTrinity,0.3,False,0.01562,46.2,,0.03,1785295919
All Pools,SURE - AVAX,0.3,False,0.01551,5.479,,0.26,1785295919
All Pools,JOE - aXEN,0.3,False,0.01546,0.14987,,9.41,1785295919
All Pools,AVAX - GG,0.3,False,0.01545,3.81,,0.37,1785295919
All Pools,REDWOLF - WMATIC,0.3,False,0.01541,1.952,,0.72,1785295919
All Pools,UST - UST,0.3,False,0.0152,1.37,,1.01,1785295919
All Pools,Psychic - WhoWhoWho,0.3,False,0.0152,46.16,,0.03,1785295919
All Pools,Psychic - Zero,0.3,False,0.01514,46.17,,0.03,1785295919
All Pools,Psychic - Hexagon,0.3,False,0.01511,46.19,,0.03,1785295919
All Pools,MAJIN - REDWOLF,0.3,False,0.01507,5.179,,0.27,1785295919
All Pools,Psychic - BirthingCode,0.3,False,0.01504,46.19,,0.03,1785295919
All Pools,AVAX - TMT,0.3,False,0.01502,5.84,,0.23,1785295919
All Pools,Psychic - PlotTwist,0.3,False,0.01496,47.23,,0.03,1785295919
All Pools,USDT.e - TMT,0.3,False,0.01495,25.42,,0.05,1785295919
All Pools,Psychic - IAmThatIAm,0.3,False,0.01489,46.19,,0.03,1785295919
All Pools,AVAX - BOREA,0.3,False,0.01469,5.484,,0.24,1785295919
All Pools,Psychic - Finish,0.3,False,0.01468,46.16,,0.03,1785295919
All Pools,USDT.e - BOREA,0.3,False,0.01462,25.85,,0.05,1785295919
All Pools,Psychic - Verse,0.3,False,0.01459,46.17,,0.03,1785295919
All Pools,wsOHM - AVAX,0.3,False,0.01454,6.266,,0.21,1785295919
All Pools,Eye - Psychic,0.3,False,0.01453,46.19,,0.03,1785295919
All Pools,Psychic - Abracadabra,0.3,False,0.0145,46.17,,0.03,1785295919
All Pools,wsOHM - USDC.e,0.3,False,0.01448,14.23,,0.09,1785295919
All Pools,SURE - DAI.e,0.3,False,0.01446,24.98,,0.05,1785295919
All Pools,GRELF[ava] - AVAX,0.3,False,0.01444,887.82,,0.0,1785295919
All Pools,Psychic - Qubit,0.3,False,0.01431,46.15,,0.03,1785295919
All Pools,Psychic - YouAndI,0.3,False,0.01431,46.18,,0.03,1785295919
All Pools,XPOW - USDt,0.3,False,0.01428,3.577,,0.36,1785295919
All Pools,Psychic - Gematria,0.3,False,0.01422,46.19,,0.03,1785295919
All Pools,Loyalty - Psychic,0.3,False,0.01419,46.15,,0.03,1785295919
All Pools,COQ - ZUM,0.3,False,0.01413,0.77397,,1.67,1785295919
All Pools,USDt - SNOWY,0.3,False,0.01403,5.448,,0.23,1785295919
All Pools,APOW - MU,0.3,False,0.01392,3.167,,0.4,1785295919
All Pools,Yellow - BLACK,0.3,False,0.0139,2.362,,0.54,1785295919
All Pools,Yellow - AVAX,0.3,False,0.01389,187.9,,0.01,1785295919
All Pools,MIM - GG,0.3,False,0.01383,37.78,,0.03,1785295919
All Pools,Psychic - Gematria,0.3,False,0.01378,46.19,,0.03,1785295919
All Pools,Psychic - TrueStory,0.3,False,0.01374,46.19,,0.03,1785295919
All Pools,GURS - HOWDY,0.3,False,0.01372,0.60335,,2.08,1785295919
All Pools,PAPA - AVAX,0.3,False,0.01361,8.11,,0.15,1785295919
All Pools,MIM - PAPA,0.3,False,0.01356,35.22,,0.04,1785295919
All Pools,Psychic - Luck,0.3,False,0.01331,46.19,,0.03,1785295919
All Pools,Psychic - Blessings,0.3,False,0.01329,46.15,,0.03,1785295919
All Pools,Flection - Psychic,0.3,False,0.01326,46.19,,0.03,1785295919
All Pools,DUNEV3 - USDC.e,0.3,False,0.01301,31595.0,,,1785295919
All Pools,NOCHILL - WAIFU,0.3,False,0.01299,138.12,,0.01,1785295919
All Pools,Psychic - Six,0.3,False,0.01297,46.2,,0.03,1785295919
All Pools,Psychic - Time,0.3,False,0.01297,46.19,,0.03,1785295919
All Pools,Psychic - Codes,0.3,False,0.01293,46.19,,0.03,1785295919
All Pools,Psychic - Equal,0.3,False,0.01291,46.19,,0.03,1785295919
All Pools,LoveIsTheKey - Gravity,0.3,False,0.01288,28.98,,0.04,1785295919
All Pools,Psychic - Number,0.3,False,0.01288,46.2,,0.03,1785295919
All Pools,Milk - AVAX,0.3,False,0.01287,5.361,,0.22,1785295919
All Pools,Milk - USDT.e,0.3,False,0.01281,13.86,,0.08,1785295919
All Pools,Psychic - Ups,0.3,False,0.01279,46.19,,0.03,1785295919
All Pools,Psychic - TrumpCard,0.3,False,0.01277,46.19,,0.03,1785295919
All Pools,Psychic - Confusion,0.3,False,0.01258,46.18,,0.02,1785295919
All Pools,AVAX - SPADE,0.3,False,0.01253,4.917,,0.23,1785295919
All Pools,USDC.e - SPADE,0.3,False,0.01247,15.55,,0.07,1785295919
All Pools,BNZ - KET,0.3,False,0.01243,2.269,,0.5,1785295919
All Pools,Psychic - Thick,0.3,False,0.01233,46.17,,0.02,1785295919
All Pools,Psychic - Happy,0.3,False,0.01232,46.19,,0.02,1785295919
All Pools,BTC.b - GMX,0.3,False,0.01228,1.395,,0.8,1785295919
All Pools,NaughtiusMaximus - SwiftTaylor,0.3,False,0.01224,4.494,,0.25,1785295919
All Pools,Psychic - SevenSevenSeven,0.3,False,0.01223,46.2,,0.02,1785295919
All Pools,AVAX - SwiftTaylor,0.3,False,0.01217,10.24,,0.11,1785295919
All Pools,SOB - AVAX,0.3,False,0.01215,384.94,,0.0,1785295919
All Pools,SNO Token - AVAX,0.3,False,0.01212,1.076,,1.03,1785295919
All Pools,USDC.e - UST,0.3,False,0.0121,1.504,,0.73,1785295919
All Pools,Psychic - Nine,0.3,False,0.01209,46.17,,0.02,1785295919
All Pools,Psychic - Seminole,0.3,False,0.01209,46.15,,0.02,1785295919
All Pools,Psychic - Turtle,0.3,False,0.01208,46.2,,0.02,1785295919
All Pools,KIMBO - COQ,0.3,False,0.01206,1.018,,1.08,1785295919
All Pools,SOB - LUNA,0.3,False,0.01206,0.75075,,1.47,1785295919
All Pools,SNO Token - JOE,0.3,False,0.01204,45.35,,0.02,1785295919
All Pools,Psychic - FinityFinity,0.3,False,0.01203,46.2,,0.02,1785295919
All Pools,LINK.e - SPELL,0.3,False,0.01203,0.10495,,10.46,1785295919
All Pools,Psychic - BiTonic,0.3,False,0.01192,46.26,,0.02,1785295919
All Pools,Psychic - Artemis,0.3,False,0.01187,46.33,,0.02,1785295919
All Pools,Psychic - Lock,0.3,False,0.01175,46.18,,0.02,1785295919
All Pools,Psychic - WhoWho,0.3,False,0.01172,46.19,,0.02,1785295919
All Pools,Psychic - KekiusMaximus,0.3,False,0.01171,46.2,,0.02,1785295919
All Pools,ZUM - NOCHILL,0.3,False,0.01169,0.73186,,1.46,1785295919
All Pools,Psychic - ElmoSunkGematria,0.3,False,0.01163,46.21,,0.02,1785295919
All Pools,Degen - DEGEN404,0.3,False,0.01158,224.05,,0.0,1785295919
All Pools,AMI - DEGEN404,0.3,False,0.01157,0.84175,,1.25,1785295919
All Pools,Gravity - SaintGermain,0.3,False,0.01155,17.8,,0.06,1785295919
All Pools,AAVE.e - meGNX,0.3,False,0.01136,3.763,,0.28,1785295919
All Pools,LIFE - AVAX,0.3,False,0.0113,2.024,,0.51,1785295919
All Pools,MIM - LIFE,0.3,False,0.01126,6.022,,0.17,1785295919
All Pools,COQ - MEAT,0.3,False,0.01113,0.37485,,2.71,1785295919
All Pools,Psychic - James,0.3,False,0.01112,46.2,,0.02,1785295919
All Pools,Psychic - Penny,0.3,False,0.0111,46.19,,0.02,1785295919
All Pools,Psychic - Vampire,0.3,False,0.01108,46.19,,0.02,1785295919
All Pools,Psychic - Who,0.3,False,0.01101,46.19,,0.02,1785295919
All Pools,Psychic - Aquarius,0.3,False,0.01101,46.19,,0.02,1785295919
All Pools,Psychic - Alphabet,0.3,False,0.01094,46.2,,0.02,1785295919
All Pools,SatoshiNakamoto - Psychic,0.3,False,0.01093,46.19,,0.02,1785295919
All Pools,SB - DAI.e,0.3,False,0.01074,0.12611,,7.77,1785295919
All Pools,GAINS - MEAT,0.3,False,0.01072,0.57171,,1.71,1785295919
All Pools,Trinity - IfYouKnowYouKnow,0.3,False,0.01064,3.257,,0.3,1785295919
All Pools,Psychic - Line,0.3,False,0.01043,46.85,,0.02,1785295919
All Pools,JOE - AVE,0.3,False,0.01034,1.115,,0.85,1785295919
All Pools,AVAX - NADO,0.3,False,0.00967,1.818,,0.49,1785295919
All Pools,AMPL - AVAX,0.3,False,0.00964,207.73,,0.0,1785295919
All Pools,MIM - NADO,0.3,False,0.00959,87.47,,0.01,1785295919
All Pools,WINK - NOCHILL,0.3,False,0.00954,0.30495,,2.85,1785295919
All Pools,CAI - AMI,0.3,False,0.00954,0.40055,,2.17,1785295919
All Pools,HOWDY - NOCHILL,0.3,False,0.00926,0.3103,,2.72,1785295919
All Pools,Stolen - AVAX,0.3,False,0.00921,12.47,,0.07,1785295919
All Pools,AMI - JUICY,0.3,False,0.0087,0.59218,,1.34,1785295919
All Pools,HUSKY - SNOWY,0.3,False,0.00864,0.15757,,5.0,1785295919
All Pools,Webster - AVAX,0.3,False,0.00837,8.295,,0.09,1785295919
All Pools,AVAX - aSOCK,0.3,False,0.00835,9.852,,0.08,1785295919
All Pools,Webster - Gravity,0.3,False,0.00831,2.148,,0.35,1785295919
All Pools,AMI - aSOCK,0.3,False,0.00831,1.92,,0.39,1785295919
All Pools,USDC - MU,0.3,False,0.00818,0.33427,,2.23,1785295919
All Pools,WETH.e - MU,0.3,False,0.00817,1.806,,0.41,1785295919
All Pools,EGG - FEED,0.3,False,0.00809,0.28356,,2.6,1785295919
All Pools,WOLF - USDT.e,0.3,False,0.00799,3.015,,0.24,1785295919
All Pools,wMEMO - AVAX,0.3,False,0.00799,6.074,,0.12,1785295919
All Pools,wMEMO - MIM,0.3,False,0.00797,2.946,,0.25,1785295919
All Pools,WDAO - AVAX,0.3,False,0.00793,8.911,,0.08,1785295919
All Pools,WDAO - MIM,0.3,False,0.0079,3.445,,0.21,1785295919
All Pools,CROWN - AVAX,0.3,False,0.00786,0.44587,,1.61,1785295919
All Pools,JOE - SPELL,0.3,False,0.00775,0.06802,,10.4,1785295919
All Pools,ABC - AMI,0.3,False,0.00773,3.08,,0.23,1785295919
All Pools,MIM - CROWN,0.3,False,0.0077,8.04,,0.09,1785295919
All Pools,LYD - REDWOLF,0.3,False,0.00764,4.015,,0.17,1785295919
All Pools,USDC.e - XAVA,0.3,False,0.00751,0.30078,,2.28,1785295919
All Pools,GMX - USDt,0.3,False,0.0075,0.37335,,1.83,1785295919
All Pools,KIMBO - GAINS,0.3,False,0.00744,0.9012,,0.75,1785295919
All Pools,CATWIF - MAJIN,0.3,False,0.0073,0.56195,,1.19,1785295919
All Pools,Trinity - Stolen,0.3,False,0.00719,21.03,,0.03,1785295919
All Pools,CATWIF - AVAX,0.3,False,0.00719,2252.59,,,1785295919
All Pools,COQ - JUICY,0.3,False,0.00712,0.40755,,1.59,1785295919
All Pools,MEOW - MU,0.3,False,0.00702,1.333,,0.48,1785295919
All Pools,Trinity - IngersollLockwood,0.3,False,0.00688,0.6186,,1.02,1785295919
All Pools,AMPL - MIM,0.3,False,0.00667,0.3354,,1.82,1785295919
All Pools,GMX - JOE,0.3,False,0.00662,0.30159,,2.0,1785295919
All Pools,ICUBE - AVAX,0.3,False,0.00636,5.343,,0.11,1785295919
All Pools,ICUBE - USDT.e,0.3,False,0.00635,107.75,,0.01,1785295919
All Pools,WETH.e - STATIK,0.3,False,0.00631,0.97152,,0.59,1785295919
All Pools,AVAX - FIRE,0.3,False,0.00631,106659.0,,,1785295919
All Pools,Liquidity Traded Fund - AVAX,0.3,False,0.0062,0.05595,,10.1,1785295919
All Pools,MU - KET,0.3,False,0.00619,0.8484,,0.67,1785295919
All Pools,RENT - JOE,0.3,False,0.00606,1.889,,0.29,1785295919
All Pools,AVAX - WOHM,0.3,False,0.00605,0.84393,,0.65,1785295919
All Pools,AVAX - LODE,0.3,False,0.00604,0.82093,,0.67,1785295919
All Pools,MIM - WOHM,0.3,False,0.00602,6.908,,0.08,1785295919
All Pools,LIBRE - AVAX,0.3,False,0.00596,1.264,,0.43,1785295919
All Pools,TRACTOR - AVAX,0.3,False,0.00594,10569.0,,,1785295919
All Pools,LIBRE - USDC.e,0.3,False,0.00592,12.14,,0.04,1785295919
All Pools,TRACTOR - JOE,0.3,False,0.00588,1.065,,0.5,1785295919
All Pools,FBOND - AVAX,0.3,False,0.00577,0.57536,,0.91,1785295919
All Pools,BEAM - MU,0.3,False,0.00576,0.91884,,0.57,1785295919
All Pools,AVAX - WSPP,0.3,False,0.00572,2.337,,0.22,1785295919
All Pools,FBOND - FTOMB,0.3,False,0.00571,1.64,,0.32,1785295919
All Pools,USDC - WSPP,0.3,False,0.00569,42.43,,0.01,1785295919
All Pools,QI - USDC,0.3,False,0.00553,0.07109,,7.1,1785295919
All Pools,JOE - aDXN,0.3,False,0.00542,0.2893,,1.71,1785295919
All Pools,HERESY - MEOW,0.3,False,0.00521,0.20595,,2.31,1785295919
All Pools,Anon - USDC,0.3,False,0.00517,0.63601,,0.74,1785295919
All Pools,XOMB - AVAX,0.3,False,0.00515,15.64,,0.03,1785295919
All Pools,XOMB - USDT.e,0.3,False,0.00513,2.097,,0.22,1785295919
All Pools,ORDER - AVAX,0.3,False,0.00511,0.05376,,8.67,1785295919
All Pools,DON - AVAX,0.3,False,0.00511,3457.15,,,1785295919
All Pools,JOE - zJoe,0.3,False,0.0051,949.22,,,1785295919
All Pools,RENT - USDT.e,0.3,False,0.00508,0.13658,,3.39,1785295919
All Pools,AVAX - COMP.e,0.3,False,0.00496,0.06303,,7.19,1785295919
All Pools,HIGHER - AVAX,0.3,False,0.00491,1.295,,0.35,1785295919
All Pools,AVAX - RUG,0.3,False,0.00481,0.29692,,1.48,1785295919
All Pools,COQ - EGG,0.3,False,0.00477,0.3845,,1.13,1785295919
All Pools,TECH - REDWOLF,0.3,False,0.00477,0.60289,,0.72,1785295919
All Pools,Gravity - Mercury,0.3,False,0.00475,1.477,,0.29,1785295919
All Pools,ETHM - AVAX,0.3,False,0.00473,21.15,,0.02,1785295919
All Pools,JOE - CNR,0.3,False,0.00466,0.72684,,0.59,1785295919
All Pools,FLOT - COQ,0.3,False,0.00462,0.49577,,0.85,1785295919
All Pools,JOE - USDt,0.3,False,0.00447,0.60504,,0.67,1785295919
All Pools,ETHM - DAI.e,0.3,False,0.00446,0.60833,,0.67,1785295919
All Pools,FERT - FEED,0.3,False,0.00441,0.14887,,2.7,1785295919
All Pools,sSPELL - SPELL,0.3,False,0.0043,11.04,,0.04,1785295919
All Pools,ALOT - LTF.ALOT,0.3,False,0.00428,0.04222,,9.24,1785295919
All Pools,SPORE - JOE,0.3,False,0.00425,0.38864,,1.0,1785295919
All Pools,RENT - AVAX,0.3,False,0.0042,0.04909,,7.81,1785295919
All Pools,YEEHAW - Gladiator,0.3,False,0.00414,0.13273,,2.84,1785295919
All Pools,SHEN - AVAX,0.3,False,0.00402,40.51,,0.01,1785295919
All Pools,COQ - SHEN,0.3,False,0.00396,0.33901,,1.07,1785295919
All Pools,Wizard - AVAX,0.3,False,0.00394,3.149,,0.11,1785295919
All Pools,Wizard - Gravity,0.3,False,0.0039,0.60561,,0.59,1785295919
All Pools,KIMBO - UNIQOC,0.3,False,0.0039,0.45946,,0.78,1785295919
All Pools,SOB - FEED,0.3,False,0.0038,0.28712,,1.21,1785295919
All Pools,zJoe - AMI,0.3,False,0.00373,0.14107,,2.41,1785295919
All Pools,Gravity - ThreeThreeSeven,0.3,False,0.00363,1.492,,0.22,1785295919
All Pools,Liquidity Traded Fund - LTF.ALOT,0.3,False,0.00362,1.63,,0.2,1785295919
All Pools,AVAX - iBONE,0.3,False,0.00357,4.193,,0.08,1785295919
All Pools,USDT.e - iBONE,0.3,False,0.00357,4.429,,0.07,1785295919
All Pools,CGS - USDC.e,0.3,False,0.00351,1.319,,0.24,1785295919
All Pools,CGS - AVAX,0.3,False,0.00347,0.39967,,0.79,1785295919
All Pools,AVAX - PAR,0.3,False,0.00338,1.171,,0.26,1785295919
All Pools,MIM - PAR,0.3,False,0.00333,0.3049,,1.0,1785295919
All Pools,YEEHAW - xAVAX,0.3,False,0.00314,0.24252,,1.18,1785295919
All Pools,KIMBO - YAK,0.3,False,0.00313,0.00907,,31.49,1785295919
All Pools,xAVAX - AVAX,0.3,False,0.00307,0.55368,,0.51,1785295919
All Pools,AVAX - ICE,0.3,False,0.00307,101.73,,0.0,1785295919
All Pools,MIM - ICE,0.3,False,0.00302,0.21917,,1.26,1785295919
All Pools,AVAX - ASND,0.3,False,0.00288,0.08336,,3.16,1785295919
All Pools,AVAX - NORTH,0.3,False,0.00287,1.83,,0.14,1785295919
All Pools,USDT.e - NORTH,0.3,False,0.00285,27.45,,0.01,1785295919
All Pools,Sovereignty - AVAX,0.3,False,0.00281,3.168,,0.08,1785295919
All Pools,LUNA - USDC,0.3,False,0.00279,0.08956,,2.84,1785295919
All Pools,Sovereignty - Gravity,0.3,False,0.00278,0.60861,,0.42,1785295919
All Pools,MIM - ASND,0.3,False,0.00278,39.04,,0.01,1785295919
All Pools,GRAPE - AVAX,0.3,False,0.00273,0.07078,,3.52,1785295919
All Pools,YEEHAW - HIGHER,0.3,False,0.00273,0.18889,,1.32,1785295919
All Pools,JOE - GB,0.3,False,0.00272,0.13956,,1.78,1785295919
All Pools,FAP - AVAX,0.3,False,0.00259,68.57,,0.0,1785295919
All Pools,BEE - AVAX,0.3,False,0.00254,0.67677,,0.34,1785295919
All Pools,BEE - USDT.e,0.3,False,0.00252,32.28,,0.01,1785295919
All Pools,AVAX - MORE,0.3,False,0.00252,741.14,,,1785295919
All Pools,BTC.b - BEAM,0.3,False,0.00251,0.25225,,0.91,1785295919
All Pools,WITCH - AVAX,0.3,False,0.0025,2.087,,0.11,1785295919
All Pools,JOE - MORE,0.3,False,0.00249,0.23784,,0.96,1785295919
All Pools,MIM - FAP,0.3,False,0.00247,0.0343,,6.58,1785295919
All Pools,toi - AVAX,0.3,False,0.00247,0.31132,,0.72,1785295919
All Pools,RUG - DAI.e,0.3,False,0.00247,0.70686,,0.32,1785295919
All Pools,CONY - USDT.e,0.3,False,0.00246,0.08189,,2.74,1785295919
All Pools,MIM - toi,0.3,False,0.00243,0.36759,,0.6,1785295919
All Pools,TEDDY - USDC,0.3,False,0.00243,0.38945,,0.57,1785295919
All Pools,ORDER - WITCH,0.3,False,0.00242,0.03624,,6.09,1785295919
All Pools,TEDDY - AVAX,0.3,False,0.00241,12.83,,0.02,1785295919
All Pools,AVAX - SING,0.3,False,0.00239,110.95,,0.0,1785295919
All Pools,Wormhole - AVAX,0.3,False,0.00238,75.17,,0.0,1785295919
All Pools,RAIN - AVAX,0.3,False,0.00238,12.12,,0.02,1785295919
All Pools,Trinity - Wormhole,0.3,False,0.00237,4.484,,0.05,1785295919
All Pools,HUSKY - TRESR,0.3,False,0.00236,0.02534,,8.5,1785295919
All Pools,USDT.e - BANKSY V2,0.3,False,0.00234,0.87431,,0.24,1785295919
All Pools,Trinity - BLACK,0.3,False,0.00233,0.15539,,1.37,1785295919
All Pools,COQ - RAIN,0.3,False,0.00233,0.12922,,1.65,1785295919
All Pools,AVAX - BANKSY V2,0.3,False,0.00233,0.26724,,0.79,1785295919
All Pools,AVAX - EDG,0.3,False,0.0023,1.166,,0.18,1785295919
All Pools,MIM - EDG,0.3,False,0.00228,0.94498,,0.22,1785295919
All Pools,sAVAX - Liquidity Traded Fund,0.3,False,0.00227,0.07773,,2.67,1785295919
All Pools,CONY - AVAX,0.3,False,0.00227,0.04503,,4.6,1785295919
All Pools,YEEHAW - MU,0.3,False,0.00227,0.14026,,1.47,1785295919
All Pools,ALBERT - AVAX,0.3,False,0.00225,33.91,,0.01,1785295919
All Pools,XPOW - AVAX,0.3,False,0.00225,1.585,,0.13,1785295919
All Pools,SPELL - SING,0.3,False,0.00225,0.02815,,7.3,1785295919
All Pools,MEAT - MU,0.3,False,0.00221,0.31544,,0.64,1785295919
All Pools,HIGHER - NOCHILL,0.3,False,0.0022,0.19593,,1.03,1785295919
All Pools,HUSKY - SMRTr,0.3,False,0.0022,0.04052,,4.94,1785295919
All Pools,USDC - AMI,0.3,False,0.00219,0.6087,,0.33,1785295919
All Pools,RUG - USDT.e,0.3,False,0.00219,9.779,,0.02,1785295919
All Pools,AVAX - MTB,0.3,False,0.00212,0.35723,,0.54,1785295919
All Pools,MIM - MTB,0.3,False,0.00209,0.26608,,0.72,1785295919
All Pools,FEED - AMI,0.3,False,0.00208,0.16504,,1.15,1785295919
All Pools,HUSKY - MU,0.3,False,0.00206,0.03763,,4.99,1785295919
All Pools,JOE - AMI,0.3,False,0.00203,0.16662,,1.11,1785295919
All Pools,AVAX - FRAX,0.3,False,0.00195,195.42,,,1785295919
All Pools,MAJIN - AMI,0.3,False,0.00192,0.11262,,1.55,1785295919
All Pools,ARABBIT - AVAX,0.3,False,0.00189,0.21185,,0.81,1785295919
All Pools,MIM - GRAPE,0.3,False,0.00188,62.93,,0.0,1785295919
All Pools,MIM - ARABBIT,0.3,False,0.00187,0.15646,,1.09,1785295919
All Pools,MIM - BTC.b,0.3,False,0.00185,0.01728,,9.75,1785295919
All Pools,XPOW - USDC,0.3,False,0.00184,0.26059,,0.65,1785295919
All Pools,TEMPO - AVAX,0.3,False,0.00183,1.434,,0.12,1785295919
All Pools,MIM - TEMPO,0.3,False,0.00182,2.893,,0.06,1785295919
All Pools,YAK - mYAK,0.3,False,0.00179,0.39747,,0.41,1785295919
All Pools,TSD - USDT.e,0.3,False,0.00179,0.15302,,1.07,1785295919
All Pools,gOHM - USDC.e,0.3,False,0.00178,0.33196,,0.49,1785295919
All Pools,BTCTRADE - USDC,0.3,False,0.00174,0.42524,,0.37,1785295919
All Pools,AVAX - ncash,0.3,False,0.00174,0.00485,,32.73,1785295919
All Pools,AUSD - AVE,0.3,False,0.00172,0.09805,,1.61,1785295919
All Pools,PUSH - AMI,0.3,False,0.00167,0.12719,,1.2,1785295919
All Pools,AVAX - KEESH,0.3,False,0.00167,919.72,,,1785295919
All Pools,XETA - AVAX,0.3,False,0.00167,0.17739,,0.86,1785295919
All Pools,BSGG - AVAX,0.3,False,0.00166,2.307,,0.07,1785295919
All Pools,WINE - AVAX,0.3,False,0.00166,0.73924,,0.21,1785295919
All Pools,yes - ARENA,0.3,False,0.00165,0.05876,,2.57,1785295919
All Pools,PUSH - AVAX,0.3,False,0.00164,0.38481,,0.39,1785295919
All Pools,COQ - KEESH,0.3,False,0.00163,0.08332,,1.79,1785295919
All Pools,AVAX - BOBS,0.3,False,0.00163,3885.04,,,1785295919
All Pools,PTP - AVAX,0.3,False,0.00163,2464.91,,,1785295919
All Pools,SMRTr - GG,0.3,False,0.00163,0.07773,,1.91,1785295919
All Pools,MIM - BSGG,0.3,False,0.00161,0.05214,,2.82,1785295919
All Pools,STG - JOE,0.3,False,0.0016,0.09153,,1.6,1785295919
All Pools,yes - AVAX,0.3,False,0.0016,1018.78,,,1785295919
All Pools,PTP - JOE,0.3,False,0.0016,0.06756,,2.16,1785295919
All Pools,COQ - BOBS,0.3,False,0.0016,0.08288,,1.76,1785295919
All Pools,AVAX - WISE,0.3,False,0.00158,2.26,,0.06,1785295919
All Pools,BLIZZ - AVAX,0.3,False,0.00158,10.86,,0.01,1785295919
All Pools,USDC.e - WISE,0.3,False,0.00157,6.807,,0.02,1785295919
All Pools,MIM - WINE,0.3,False,0.00156,0.01583,,8.97,1785295919
All Pools,USDt - BTCBR,0.3,False,0.00154,0.06508,,2.16,1785295919
All Pools,BTCBR - USDC,0.3,False,0.00154,0.09546,,1.47,1785295919
All Pools,zJoe - AVAX,0.3,False,0.0015,0.0833,,1.65,1785295919
All Pools,CAKE - WETH.e,0.3,False,0.0015,0.13967,,0.98,1785295919
All Pools,AVAX - LVT,0.3,False,0.00146,40529.0,,,1785295919
All Pools,CAKE - AVAX,0.3,False,0.00144,0.04849,,2.72,1785295919
All Pools,BTCBR - DAI.e,0.3,False,0.00143,0.06554,,1.99,1785295919
All Pools,MIM - LVT,0.3,False,0.00137,0.02279,,5.5,1785295919
All Pools,LOK - AMI,0.3,False,0.00137,0.04434,,2.82,1785295919
All Pools,DEV - ARENA,0.3,False,0.00136,0.0573,,2.16,1785295919
All Pools,DEV - AVAX,0.3,False,0.00133,3.392,,0.04,1785295919
All Pools,RMOON - AVAX,0.3,False,0.00131,0.1628,,0.73,1785295919
All Pools,MIM - AKITA,0.3,False,0.0013,0.05596,,2.12,1785295919
All Pools,SNOW - AVAX,0.3,False,0.00128,4.328,,0.03,1785295919
All Pools,ALOT - AVANET,0.3,False,0.00127,0.01445,,8.01,1785295919
All Pools,AVAX - WXT,0.3,False,0.00124,0.01608,,7.06,1785295919
All Pools,MIM - SNOW,0.3,False,0.00118,0.01516,,7.11,1785295919
All Pools,Now - BLACK,0.3,False,0.00114,0.07586,,1.38,1785295919
All Pools,RGK - AVAX,0.3,False,0.00114,0.04299,,2.42,1785295919
All Pools,SAKE - USDT.e,0.3,False,0.00111,0.0382,,2.64,1785295919
All Pools,MIM - DON,0.3,False,0.00108,0.02716,,3.64,1785295919
All Pools,HUSKY - aXEN,0.3,False,0.00108,0.04368,,2.25,1785295919
All Pools,LEXIP - AVAX,0.3,False,0.00107,0.22556,,0.43,1785295919
All Pools,sAVAX - USDC,0.3,False,0.00106,0.45113,,0.21,1785295919
All Pools,LYD - JOE,0.3,False,0.00105,0.03227,,2.96,1785295919
All Pools,SNOW - AVAX,0.3,False,0.00105,0.06624,,1.44,1785295919
All Pools,LTF.ALOT - AVAX,0.3,False,0.00104,0.00902,,10.57,1785295919
All Pools,MIM - LEXIP,0.3,False,0.00104,0.04099,,2.32,1785295919
All Pools,CRAFT - AVAX,0.3,False,0.00103,289.54,,,1785295919
All Pools,MIM - SNOW,0.3,False,0.00101,0.07065,,1.31,1785295919
All Pools,SAKE - AVAX,0.3,False,,0.01331,,6.85,1785295919
All Pools,sifu - AVAX,0.3,False,,0.03228,,2.79,1785295919
All Pools,Alpha - AVAX,0.3,False,,2.345,,0.04,1785295919
All Pools,Naughty - AMI,0.3,False,,0.02934,,2.9,1785295919
All Pools,xARENA - AVAX,0.3,False,,0.06895,,1.23,1785295919
All Pools,JOE - Alpha,0.3,False,,0.02607,,3.21,1785295919
All Pools,Naughty - AVAX,0.3,False,,169.19,,,1785295919
All Pools,xARENA - USDC,0.3,False,,0.17681,,0.46,1785295919
All Pools,sifu - DAI.e,0.3,False,,3.553,,0.02,1785295919
All Pools,AVANET - AVAX,0.3,False,,0.02827,,2.86,1785295919
All Pools,BNZ - USDC,0.3,False,,0.01982,,3.92,1785295919
All Pools,OSAK - SQRCAT,0.3,False,,0.01523,,5.07,1785295919
All Pools,MM - SDOG,0.3,False,,0.02122,,3.62,1785295919
All Pools,GRAPE - USDC.e,0.3,False,,0.02908,,2.58,1785295919
All Pools,MIM - ACME,0.3,False,,0.01615,,4.64,1785295919
All Pools,GURS - MEAT,0.3,False,,0.01746,,4.13,1785295919
All Pools,AVAX - NEBU,0.3,False,,1.089,,0.07,1785295919
All Pools,STOMB - AVAX,0.3,False,,0.0532,,1.35,1785295919
All Pools,YUSD - LUNA,0.3,False,,0.01454,,4.92,1785295919
All Pools,MIM - STOMB,0.3,False,,0.03135,,2.22,1785295919
All Pools,KIMBO - MU,0.3,False,,0.07215,,0.96,1785295919
All Pools,AVLO - ARENA,0.3,False,,0.03631,,1.79,1785295919
All Pools,EMERALD - USDC,0.3,False,,0.00356,,17.98,1785295919
All Pools,MIM - NEBU,0.3,False,,0.00579,,11.04,1785295919
All Pools,WINK - MU,0.3,False,,0.22646,,0.28,1785295919
All Pools,ROCO - XAVA,0.3,False,,0.00963,,6.51,1785295919
All Pools,THRON - USDC,0.3,False,,0.02891,,2.11,1785295919
All Pools,LUEEGI - AMI,0.3,False,,0.01322,,4.46,1785295919
All Pools,AVAX - WOHM,0.3,False,,0.04107,,1.39,1785295919
All Pools,LUNA - MIM,0.3,False,,0.00398,,14.38,1785295919
All Pools,THRON - WXT,0.3,False,,0.01433,,3.99,1785295919
All Pools,LUEEGI - AVAX,0.3,False,,1003.28,,,1785295919
All Pools,QI - USDT.e,0.3,False,,0.01081,,5.15,1785295919
All Pools,AVE - SPELL,0.3,False,,0.00649,,8.1,1785295919
All Pools,MONEY - LUNA,0.3,False,,0.01022,,4.98,1785295919
All Pools,COQ - CANS,0.3,False,,0.00805,,6.32,1785295919
All Pools,EMERALD - AVAX,0.3,False,,0.02251,,2.24,1785295919
All Pools,BIRD - AVAX,0.3,False,,0.0094,,5.28,1785295919
All Pools,AVAX - CROWN,0.3,False,,0.00765,,6.34,1785295919
All Pools,TIP - AVAX,0.3,False,,0.05821,,0.83,1785295919
All Pools,MIM - WOHM,0.3,False,,0.0025,,18.8,1785295919
All Pools,USDC.e - SPELL,0.3,False,,0.00463,,9.99,1785295919
All Pools,UVT - AVAX,0.3,False,,0.11887,,0.39,1785295919
All Pools,√Root - AVAX,0.3,False,,0.01681,,2.74,1785295919
All Pools,AVANET - sAVAX,0.3,False,,0.00829,,5.49,1785295919
All Pools,MIM - CROWN,0.3,False,,56.59,,,1785295919
All Pools,BTC.b - BOFA,0.3,False,,0.00364,,12.34,1785295919
All Pools,POPS - AVAX,0.3,False,,0.09049,,0.5,1785295919
All Pools,XAVA - PENDLE,0.3,False,,0.00717,,5.89,1785295919
All Pools,avax0 - USDC,0.3,False,,0.00402,,10.09,1785295919
All Pools,SYN - sAVAX,0.3,False,,0.00267,,14.99,1785295919
All Pools,MIM - TIP,0.3,False,,0.00225,,17.22,1785295919
